<COLLADA xmlns="http://www.collada.org/2005/11/COLLADASchema" version="1.4.1">
  <asset>
    <contributor/>
    <created>2026-07-22T21:26:32.126581</created>
    <modified>2026-07-22T21:26:32.126586</modified>
    <unit name="meter" meter="1.0"/>
    <up_axis>Z_UP</up_axis>
  </asset>
  <library_effects>
    <effect id="effect_Arducam_support_L_shape" name="effect_Arducam_support_L_shape">
      <profile_COMMON>
        <technique sid="common">
          <phong>
            <emission>
              <color>0.0 0.0 0.0 1.0</color>
            </emission>
            <ambient>
              <color>0.0 0.0 0.0 1.0</color>
            </ambient>
            <diffuse>
              <color>0.800000011920929 0.800000011920929 0.9019607901573181 1.0</color>
            </diffuse>
            <specular>
              <color>1 1 1 1.0</color>
            </specular>
            <shininess>
              <float>0.0</float>
            </shininess>
            <reflective>
              <color>0.0 0.0 0.0 1.0</color>
            </reflective>
            <reflectivity>
              <float>0.0</float>
            </reflectivity>
            <transparent>
              <color>0.0 0.0 0.0 1.0</color>
            </transparent>
            <transparency>
              <float>1.0</float>
            </transparency>
          </phong>
        </technique>
        <extra>
          <technique profile="GOOGLEEARTH">
            <double_sided>0</double_sided>
          </technique>
        </extra>
      </profile_COMMON>
    </effect>
  </library_effects>
  <library_geometries>
    <geometry id="geometry0" name="Arducam_support_L_shape">
      <mesh>
        <source id="cubeverts-array0">
          <float_array count="4170" id="cubeverts-array0-array">0.075 1.162536 -0.1740754 0.085 1.162536 -0.1740754 0.075 1.162303 -0.1748902 0.085 1.162303 -0.1748902 0.075 1.16211 -0.1757157 0.085 1.16211 -0.1757157 0.075 1.161958 -0.1765497 0.085 1.161958 -0.1765497 0.075 1.161849 -0.1773902 0.085 1.161849 -0.1773902 0.075 1.161781 -0.1782352 0.085 1.161781 -0.1782352 0.075 1.161756 -0.1790824 0.085 1.161756 -0.1790824 0.075 1.161773 -0.1799299 0.085 1.161773 -0.1799299 0.075 1.161832 -0.1807755 0.085 1.161832 -0.1807755 0.075 1.161933 -0.1816171 0.085 1.161933 -0.1816171 0.075 1.162076 -0.1824525 0.085 1.162076 -0.1824525 0.075 1.162261 -0.1832799 0.085 1.162261 -0.1832799 0.075 1.162486 -0.184097 0.085 1.162486 -0.184097 0.075 1.162752 -0.1849018 0.085 1.162752 -0.1849018 0.075 1.163058 -0.1856924 0.085 1.163058 -0.1856924 0.075 1.163403 -0.1864667 0.085 1.163403 -0.1864667 0.075 1.163786 -0.1872229 0.085 1.163786 -0.1872229 0.075 1.164206 -0.1879591 0.085 1.164206 -0.1879591 0.075 1.164662 -0.1886734 0.085 1.164662 -0.1886734 0.075 1.165154 -0.1893641 0.085 1.165154 -0.1893641 0.075 1.165679 -0.1900295 0.085 1.165679 -0.1900295 0.075 1.166237 -0.1906678 0.085 1.166237 -0.1906678 0.075 1.166825 -0.1912775 0.085 1.166825 -0.1912775 0.075 1.167444 -0.1918572 0.085 1.167444 -0.1918572 0.075 1.16809 -0.1924052 0.085 1.16809 -0.1924052 0.075 1.168764 -0.1929204 0.085 1.168764 -0.1929204 0.075 1.169462 -0.1934014 0.085 1.169462 -0.1934014 0.075 1.170183 -0.193847 0.085 1.170183 -0.193847 0.075 1.170925 -0.1942561 0.085 1.170925 -0.1942561 0.075 1.171687 -0.1946276 0.085 1.171687 -0.1946276 0.075 1.172466 -0.1949608 0.085 1.172466 -0.1949608 0.075 1.173261 -0.1952546 0.085 1.173261 -0.1952546 0.075 1.17407 -0.1955085 0.085 1.17407 -0.1955085 0.075 1.174891 -0.1957218 0.085 1.174891 -0.1957218 0.075 1.175721 -0.1958939 0.085 1.175721 -0.1958939 0.075 1.176558 -0.1960244 0.085 1.176558 -0.1960244 0.085 1.177401 -0.1961129 0.075 1.177401 -0.1961129 0.075 1.178247 -0.1961594 0.085 1.178247 -0.1961594 0.085 1.179095 -0.1961636 0.075 1.179095 -0.1961636 0.075 1.179942 -0.1961256 0.085 1.179942 -0.1961256 0.085 1.180786 -0.1960454 0.075 1.180786 -0.1960454 0.085 1.181625 -0.1959232 0.075 1.181625 -0.1959232 0.075 1.182456 -0.1957594 0.085 1.182456 -0.1957594 0.075 1.183279 -0.1955543 0.085 1.183279 -0.1955543 0.075 1.18409 -0.1953085 0.085 1.18409 -0.1953085 0.075 1.184888 -0.1950226 0.085 1.184888 -0.1950226 0.085 1.185671 -0.1946972 0.075 1.185671 -0.1946972 0.075 1.186436 -0.1943333 0.085 1.186436 -0.1943333 0.085 1.187182 -0.1939316 0.075 1.187182 -0.1939316 0.075 1.187908 -0.1934932 0.085 1.187908 -0.1934932 0.085 1.188611 -0.1930192 0.075 1.188611 -0.1930192 0.085 1.189289 -0.1925107 0.075 1.189289 -0.1925107 0.075 1.189941 -0.1919691 0.085 1.189941 -0.1919691 0.085 1.190565 -0.1913957 0.075 1.190565 -0.1913957 0.075 1.19116 -0.1907918 0.085 1.19116 -0.1907918 0.085 1.191724 -0.1901591 0.075 1.191724 -0.1901591 0.075 1.192256 -0.189499 0.085 1.192256 -0.189499 0.075 1.192754 -0.1888132 0.085 1.192754 -0.1888132 0.075 1.193218 -0.1881035 0.085 1.193218 -0.1881035 0.085 1.193645 -0.1873715 0.075 1.193645 -0.1873715 0.075 1.194035 -0.1866192 0.085 1.194035 -0.1866192 0.075 1.194388 -0.1858483 0.085 1.194388 -0.1858483 0.075 1.194702 -0.1850608 0.085 1.194702 -0.1850608 0.085 1.194975 -0.1842586 0.075 1.194975 -0.1842586 0.085 1.197338 -0.1839973 0.085 1.197074 -0.1849175 0.075 1.197074 -0.1849175 0.075 1.197338 -0.1839973 0.085 1.197556 -0.183065 0.075 1.197556 -0.183065 0.085 1.197727 -0.1821231 0.075 1.197727 -0.1821231 0.085 1.197851 -0.1811738 0.075 1.197851 -0.1811738 0.085 1.197927 -0.1802195 0.075 1.197927 -0.1802195 0.075 1.197956 -0.1792626 0.085 1.197956 -0.1792626 0.085 1.197937 -0.1783054 0.075 1.197937 -0.1783054 0.075 1.19787 -0.1773504 0.085 1.19787 -0.1773504 0.075 1.197755 -0.1763999 0.085 1.197755 -0.1763999 0.085 1.197594 -0.1754563 0.075 1.197594 -0.1754563 0.085 1.197385 -0.1745219 0.075 1.197385 -0.1745219 0.075 1.197131 -0.1735991 0.085 1.197131 -0.1735991 0.085 1.19683 -0.1726901 0.075 1.19683 -0.1726901 0.085 1.196485 -0.1717972 0.075 1.196485 -0.1717972 0.085 1.196096 -0.1709226 0.075 1.196096 -0.1709226 0.085 1.195663 -0.1700686 0.075 1.195663 -0.1700686 0.085 1.195189 -0.1692371 0.075 1.195189 -0.1692371 0.085 1.194673 -0.1684303 0.075 1.194673 -0.1684303 0.085 1.194118 -0.1676503 0.075 1.194118 -0.1676503 0.085 1.193525 -0.1668988 0.075 1.193525 -0.1668988 0.085 1.192895 -0.1661779 0.075 1.192895 -0.1661779 0.085 1.19223 -0.1654893 0.075 1.19223 -0.1654893 0.085 1.191532 -0.1648346 0.075 1.191532 -0.1648346 0.085 1.190801 -0.1642156 0.075 1.190801 -0.1642156 0.085 1.190041 -0.1636338 0.075 1.190041 -0.1636338 0.085 1.189253 -0.1630906 0.075 1.189253 -0.1630906 0.085 1.188438 -0.1625873 0.075 1.188438 -0.1625873 0.085 1.1876 -0.1621253 0.075 1.1876 -0.1621253 0.085 1.18674 -0.1617056 0.075 1.18674 -0.1617056 0.085 1.185859 -0.1613294 0.075 1.185859 -0.1613294 0.085 1.184961 -0.1609975 0.075 1.184961 -0.1609975 0.085 1.184048 -0.1607107 0.075 1.184048 -0.1607107 0.085 1.183121 -0.1604699 0.075 1.183121 -0.1604699 0.085 1.182184 -0.1602755 0.075 1.182184 -0.1602755 0.085 1.181238 -0.1601281 0.075 1.181238 -0.1601281 0.085 1.180286 -0.1600281 0.075 1.180286 -0.1600281 0.075 1.17933 -0.1599756 0.085 1.17933 -0.1599756 0.085 1.178373 -0.1599708 0.075 1.178373 -0.1599708 0.085 1.177416 -0.1600138 0.075 1.177416 -0.1600138 0.075 1.176463 -0.1601044 0.085 1.176463 -0.1601044 0.075 1.175516 -0.1602424 0.085 1.175516 -0.1602424 0.075 1.174577 -0.1604274 0.085 1.174577 -0.1604274 0.085 1.173648 -0.160659 0.075 1.173648 -0.160659 0.075 1.172732 -0.1609366 0.085 1.172732 -0.1609366 0.075 1.17183 -0.1612596 0.085 1.17183 -0.1612596 0.085 1.170946 -0.161627 0.075 1.170946 -0.161627 0.085 1.170082 -0.1620381 0.075 1.170082 -0.1620381 0.075 1.169239 -0.1624918 0.085 1.169239 -0.1624918 0.085 1.168419 -0.1629869 0.075 1.168419 -0.1629869 0.085 1.167626 -0.1635222 0.075 1.167626 -0.1635222 0.075 1.16686 -0.1640965 0.085 1.16686 -0.1640965 0.085 1.166123 -0.1647082 0.075 1.166123 -0.1647082 0.075 1.165418 -0.1653558 0.085 1.165418 -0.1653558 0.085 1.164746 -0.1660378 0.075 1.164746 -0.1660378 0.075 1.164109 -0.1667525 0.085 1.164109 -0.1667525 0.075 1.163509 -0.167498 0.085 1.163509 -0.167498 0.075 1.162946 -0.1682725 0.085 1.162946 -0.1682725 0.085 1.162423 -0.1690741 0.075 1.162423 -0.1690741 0.085 1.16194 -0.1699007 0.075 1.16194 -0.1699007 0.085 1.161499 -0.1707505 0.075 1.161499 -0.1707505 0.085 1.161101 -0.1716211 0.075 1.161101 -0.1716211 0.075 1.160747 -0.1725105 0.085 1.160747 -0.1725105 0.085 1.160437 -0.1734165 0.075 1.160437 -0.1734165 0.0349 1.29121 -0.1756881 0.0349 1.291177 -0.1757805 0.0369 1.29121 -0.1756881 0.0369 1.291177 -0.1757805 0.0349 1.291137 -0.1758701 0.0369 1.291137 -0.1758701 0.0349 1.29109 -0.1759562 0.0369 1.29109 -0.1759562 0.0349 1.291036 -0.1760383 0.0369 1.291036 -0.1760383 0.0349 1.290976 -0.176116 0.0369 1.290976 -0.176116 0.0349 1.29091 -0.1761888 0.0369 1.29091 -0.1761888 0.0349 1.290839 -0.1762561 0.0369 1.290839 -0.1762561 0.0349 1.290762 -0.1763176 0.0369 1.290762 -0.1763176 0.0349 1.290681 -0.176373 0.0369 1.290681 -0.176373 0.0349 1.290596 -0.1764218 0.0369 1.290596 -0.1764218 0.0349 1.290507 -0.1764638 0.0369 1.290507 -0.1764638 0.0349 1.290416 -0.1764986 0.0369 1.290416 -0.1764986 0.0349 1.290321 -0.1765262 0.0369 1.290321 -0.1765262 0.0349 1.290225 -0.1765463 0.0369 1.290225 -0.1765463 0.0349 1.290128 -0.1765589 0.0369 1.290128 -0.1765589 0.0369 1.29003 -0.1765637 0.0349 1.29003 -0.1765637 0.0349 1.289932 -0.1765608 0.0369 1.289932 -0.1765608 0.0369 1.289834 -0.1765502 0.0349 1.289834 -0.1765502 0.0369 1.289738 -0.1765321 0.0349 1.289738 -0.1765321 0.0369 1.289643 -0.1765064 0.0349 1.289643 -0.1765064 0.0369 1.289551 -0.1764733 0.0349 1.289551 -0.1764733 0.0369 1.289461 -0.1764331 0.0349 1.289461 -0.1764331 0.0349 1.289375 -0.176386 0.0369 1.289375 -0.176386 0.0369 1.289293 -0.1763323 0.0349 1.289293 -0.1763323 0.0349 1.289215 -0.1762723 0.0369 1.289215 -0.1762723 0.0369 1.289142 -0.1762064 0.0349 1.289142 -0.1762064 0.0349 1.289075 -0.176135 0.0369 1.289075 -0.176135 0.0369 1.289014 -0.1760585 0.0349 1.289014 -0.1760585 0.0369 1.288958 -0.1759775 0.0349 1.288958 -0.1759775 0.0349 1.288909 -0.1758923 0.0369 1.288909 -0.1758923 0.0369 1.288867 -0.1758036 0.0349 1.288867 -0.1758036 0.0369 1.288833 -0.1757119 0.0349 1.288833 -0.1757119 0.0369 1.288805 -0.1756177 0.0349 1.288805 -0.1756177 0.0349 1.288785 -0.1755216 0.0369 1.288785 -0.1755216 0.0369 1.288772 -0.1754243 0.0349 1.288772 -0.1754243 0.0369 1.288768 -0.1753262 0.0349 1.288768 -0.1753262 0.0369 1.28877 -0.1752281 0.0349 1.28877 -0.1752281 0.0369 1.288781 -0.1751305 0.0349 1.288781 -0.1751305 0.0349 1.288799 -0.1750341 0.0369 1.288799 -0.1750341 0.0369 1.288825 -0.1749394 0.0349 1.288825 -0.1749394 0.0865 1.19908 -0.1844501 0.085 1.198792 -0.1854567 0.085 1.19908 -0.1844501 0.0865 1.198792 -0.1854567 0.0865 1.199318 -0.1834305 0.085 1.199318 -0.1834305 0.0865 1.199505 -0.1824002 0.085 1.199505 -0.1824002 0.0865 1.199641 -0.1813619 0.085 1.199641 -0.1813619 0.085 1.199724 -0.1803181 0.0865 1.199724 -0.1803181 0.085 1.199756 -0.1792715 0.0865 1.199756 -0.1792715 0.0865 1.199735 -0.1782246 0.085 1.199735 -0.1782246 0.0865 1.199662 -0.1771801 0.085 1.199662 -0.1771801 0.085 1.199537 -0.1761405 0.0865 1.199537 -0.1761405 0.0865 1.19936 -0.1751084 0.085 1.19936 -0.1751084 0.0865 1.199132 -0.1740864 0.085 1.199132 -0.1740864 0.0865 1.198853 -0.1730771 0.085 1.198853 -0.1730771 0.0865 1.198525 -0.1720829 0.085 1.198525 -0.1720829 0.0865 1.198147 -0.1711063 0.085 1.198147 -0.1711063 0.0865 1.197721 -0.1701497 0.085 1.197721 -0.1701497 0.0865 1.197248 -0.1692156 0.085 1.197248 -0.1692156 0.0865 1.196729 -0.1683062 0.085 1.196729 -0.1683062 0.0865 1.196166 -0.1674238 0.085 1.196166 -0.1674238 0.0865 1.195558 -0.1665706 0.085 1.195558 -0.1665706 0.0865 1.19491 -0.1657487 0.085 1.19491 -0.1657487 0.085 1.194221 -0.1649602 0.0865 1.194221 -0.1649602 0.0865 1.193493 -0.164207 0.085 1.193493 -0.164207 0.085 1.192729 -0.163491 0.0865 1.192729 -0.163491 0.0865 1.191931 -0.1628139 0.085 1.191931 -0.1628139 0.085 1.191099 -0.1621775 0.0865 1.191099 -0.1621775 0.0865 1.190237 -0.1615834 0.085 1.190237 -0.1615834 0.0865 1.189346 -0.161033 0.085 1.189346 -0.161033 0.085 1.188429 -0.1605276 0.0865 1.188429 -0.1605276 0.085 1.187488 -0.1600686 0.0865 1.187488 -0.1600686 0.0865 1.186525 -0.1596571 0.085 1.186525 -0.1596571 0.085 1.185543 -0.1592941 0.0865 1.185543 -0.1592941 0.0865 1.184544 -0.1589805 0.085 1.184544 -0.1589805 0.085 1.183531 -0.158717 0.0865 1.183531 -0.158717 0.0865 1.182505 -0.1585045 0.085 1.182505 -0.1585045 0.085 1.181471 -0.1583432 0.0865 1.181471 -0.1583432 0.0865 1.180429 -0.1582338 0.085 1.180429 -0.1582338 0.0865 1.179384 -0.1581764 0.085 1.179384 -0.1581764 0.0865 1.178337 -0.1581712 0.085 1.178337 -0.1581712 0.0865 1.177291 -0.1582182 0.085 1.177291 -0.1582182 0.0865 1.176248 -0.1583173 0.085 1.176248 -0.1583173 0.085 1.175212 -0.1584682 0.0865 1.175212 -0.1584682 0.0865 1.174185 -0.1586705 0.085 1.174185 -0.1586705 0.0865 1.173169 -0.1589239 0.085 1.173169 -0.1589239 0.0865 1.172167 -0.1592275 0.085 1.172167 -0.1592275 0.0865 1.171181 -0.1595807 0.085 1.171181 -0.1595807 0.0865 1.170214 -0.1599827 0.085 1.170214 -0.1599827 0.0865 1.169269 -0.1604323 0.085 1.169269 -0.1604323 0.0865 1.168346 -0.1609285 0.085 1.168346 -0.1609285 0.0865 1.16745 -0.16147 0.085 1.16745 -0.16147 0.0865 1.166582 -0.1620555 0.085 1.166582 -0.1620555 0.0865 1.165744 -0.1626836 0.085 1.165744 -0.1626836 0.0865 1.164939 -0.1633527 0.085 1.164939 -0.1633527 0.0865 1.164168 -0.164061 0.085 1.164168 -0.164061 0.0865 1.163433 -0.164807 0.085 1.163433 -0.164807 0.0865 1.162736 -0.1655886 0.085 1.162736 -0.1655886 0.0865 1.162079 -0.166404 0.085 1.162079 -0.166404 0.0865 1.161464 -0.1672511 0.085 1.161464 -0.1672511 0.0865 1.160891 -0.1681278 0.085 1.160891 -0.1681278 0.0865 1.160363 -0.169032 0.085 1.160363 -0.169032 0.0865 1.159881 -0.1699614 0.085 1.159881 -0.1699614 0.0865 1.159446 -0.1709137 0.085 1.159446 -0.1709137 0.0865 1.159058 -0.1718865 0.085 1.159058 -0.1718865 0.0865 1.15872 -0.1728774 0.085 1.15872 -0.1728774 0.094 1.177552 -0.1646395 0.094 1.190293 -0.1607783 0.094 1.188047 -0.167934 0.094 1.190451 -0.1603138 0.094 1.190632 -0.1598576 0.094 1.190836 -0.1594108 0.094 1.191061 -0.1589745 0.094 1.191573 -0.1581377 0.094 1.184291 -0.1431723 0.094 1.19186 -0.1577392 0.094 1.191307 -0.1585498 0.094 1.192165 -0.1573551 0.094 1.19249 -0.1569866 0.094 1.192831 -0.1566344 0.094 1.19319 -0.1562994 0.094 1.193565 -0.1559824 0.094 1.193955 -0.1556842 0.094 1.194359 -0.1554055 0.094 1.194776 -0.1551469 0.094 1.195205 -0.1549091 0.094 1.195646 -0.1546927 0.094 1.196096 -0.1544981 0.094 1.184449 -0.1427078 0.094 1.18463 -0.1422516 0.094 1.184833 -0.1418048 0.094 1.196556 -0.1543259 0.094 1.185058 -0.1413685 0.094 1.185304 -0.1409438 0.094 1.185571 -0.1405317 0.094 1.185857 -0.1401332 0.094 1.186163 -0.1397492 0.094 1.186487 -0.1393806 0.094 1.186829 -0.1390284 0.094 1.187188 -0.1386934 0.094 1.187563 -0.1383764 0.094 1.187952 -0.1380782 0.094 1.188356 -0.1377995 0.094 1.188773 -0.1375409 0.094 1.189203 -0.1373031 0.094 1.189643 -0.1370867 0.094 1.190094 -0.1368921 0.094 1.190554 -0.1367199 0.094 1.191021 -0.1365704 0.094 1.191495 -0.1364441 0.094 1.191975 -0.1363412 0.094 1.19246 -0.1362619 0.094 1.192947 -0.1362066 0.094 1.193437 -0.1361752 0.094 1.193928 -0.1361679 0.094 1.194419 -0.1361846 0.094 1.194908 -0.1362255 0.094 1.195394 -0.1362903 0.094 1.195877 -0.1363788 0.094 1.197024 -0.1541764 0.094 1.196355 -0.136491 0.094 1.202357 -0.154097 0.094 1.196827 -0.1366265 0.094 1.202829 -0.1542325 0.094 1.201879 -0.1539848 0.094 1.201397 -0.1538963 0.094 1.20091 -0.1538315 0.094 1.200421 -0.1537906 0.094 1.19993 -0.1537739 0.094 1.19944 -0.1537812 0.094 1.19895 -0.1538125 0.094 1.198462 -0.1538679 0.094 1.197978 -0.1539472 0.094 1.197498 -0.1540501 0.094 1.272963 -0.1605271 0.094 1.268471 -0.1748385 0.1078651 1.182005 -0.18718 0.1081573 1.182123 -0.186804 0.108016 1.182063 -0.1869954 0.1077048 1.181949 -0.1873573 0.1073578 1.181845 -0.1876883 0.1067779 1.18171 -0.1881201 0.1075355 1.181896 -0.1875269 0.107172 1.181797 -0.1878413 0.1069785 1.181752 -0.1879853 0.1065705 1.181671 -0.1882454 0.1084096 1.182249 -0.1864024 0.1082886 1.182185 -0.1866061 0.106357 1.181634 -0.1883608 0.1085199 1.182315 -0.1861933 0.1061378 1.181601 -0.1884661 0.1059134 1.181572 -0.188561 0.1087077 1.182451 -0.1857608 0.1086194 1.182382 -0.1859792 0.1054514 1.181522 -0.1887187 0.1052149 1.181502 -0.1887811 0.1056844 1.181545 -0.1886452 0.1088502 1.182591 -0.1853128 0.1087847 1.18252 -0.1855384 0.1049754 1.181486 -0.1888324 0.1089039 1.182663 -0.1850843 0.1047337 1.181474 -0.1888725 0.1089759 1.182808 -0.1846212 0.1089459 1.182735 -0.1848536 0.109 1.182955 -0.1841536 0.108994 1.182882 -0.1843877 0.104 1.181458 -0.1889241 0.1044901 1.181465 -0.1889011 0.1042453 1.181459 -0.1889184 0.0923578 1.186937 -0.1714687 0.09253554 1.186988 -0.1713073 0.09270476 1.187041 -0.1711377 0.09286505 1.187097 -0.1709604 0.09217197 1.186889 -0.1716217 0.09301604 1.187155 -0.1707758 0.09197849 1.186844 -0.1717657 0.09177785 1.186802 -0.1719005 0.09315735 1.187215 -0.1705844 0.09328864 1.187277 -0.1703866 0.09157051 1.186762 -0.1720258 0.09340961 1.187341 -0.1701828 0.09135699 1.186726 -0.1721412 0.09351994 1.187406 -0.1699737 0.09113778 1.186693 -0.1722465 0.0936194 1.187474 -0.1697596 0.0865 1.181458 -0.1889241 0.09091341 1.186663 -0.1723414 0.09370772 1.187542 -0.1695412 0.09068445 1.186637 -0.1724256 0.0937847 1.187612 -0.1693188 0.109 1.190293 -0.1607783 0.09045142 1.186614 -0.1724991 0.09385016 1.187683 -0.1690932 0.0902149 1.186594 -0.1725615 0.09390392 1.187755 -0.1688647 0.08997545 1.186578 -0.1726128 0.09394588 1.187827 -0.168634 0.08973365 1.186565 -0.1726529 0.09397592 1.1879 -0.1684016 0.08949009 1.186556 -0.1726815 0.09399398 1.187973 -0.1681681 0.08924534 1.186551 -0.1726988 0.089 1.186549 -0.1727045 0.0865 1.186549 -0.1727045 0.0865 1.176054 -0.1694099 0.089 1.176054 -0.1694099 0.0865 1.158431 -0.1738839 0.085 1.158431 -0.1738839 0.0865 1.158193 -0.1749036 0.085 1.158193 -0.1749036 0.0865 1.158006 -0.1759338 0.085 1.158006 -0.1759338 0.0865 1.157871 -0.1769721 0.085 1.157871 -0.1769721 0.0865 1.157787 -0.1780159 0.085 1.157787 -0.1780159 0.0865 1.157756 -0.1790625 0.085 1.157756 -0.1790625 0.0865 1.157777 -0.1801094 0.085 1.157777 -0.1801094 0.0865 1.15785 -0.1811539 0.085 1.15785 -0.1811539 0.0865 1.157975 -0.1821935 0.085 1.157975 -0.1821935 0.0865 1.158152 -0.1832256 0.085 1.158152 -0.1832256 0.0865 1.15838 -0.1842476 0.085 1.15838 -0.1842476 0.085 1.158658 -0.1852569 0.0865 1.158658 -0.1852569 0.085 1.158987 -0.1862511 0.0865 1.158987 -0.1862511 0.0865 1.159365 -0.1872278 0.085 1.159365 -0.1872278 0.0865 1.15979 -0.1881843 0.085 1.15979 -0.1881843 0.0865 1.160263 -0.1891185 0.085 1.160263 -0.1891185 0.085 1.160782 -0.1900278 0.0865 1.160782 -0.1900278 0.085 1.161346 -0.1909102 0.0865 1.161346 -0.1909102 0.0865 1.161953 -0.1917635 0.085 1.161953 -0.1917635 0.0865 1.162602 -0.1925853 0.085 1.162602 -0.1925853 0.085 1.163291 -0.1933739 0.0865 1.163291 -0.1933739 0.0865 1.164018 -0.1941271 0.085 1.164018 -0.1941271 0.0865 1.164782 -0.1948431 0.085 1.164782 -0.1948431 0.0865 1.165581 -0.1955201 0.085 1.165581 -0.1955201 0.0865 1.166412 -0.1961565 0.085 1.166412 -0.1961565 0.085 1.167275 -0.1967506 0.0865 1.167275 -0.1967506 0.085 1.168165 -0.1973011 0.0865 1.168165 -0.1973011 0.0865 1.169083 -0.1978064 0.085 1.169083 -0.1978064 0.0865 1.170024 -0.1982654 0.085 1.170024 -0.1982654 0.0865 1.170986 -0.1986769 0.085 1.170986 -0.1986769 0.085 1.171969 -0.19904 0.0865 1.171969 -0.19904 0.0865 1.172968 -0.1993536 0.085 1.172968 -0.1993536 0.085 1.173981 -0.199617 0.0865 1.173981 -0.199617 0.0865 1.175006 -0.1998296 0.085 1.175006 -0.1998296 0.0865 1.176041 -0.1999908 0.085 1.176041 -0.1999908 0.085 1.177082 -0.2001002 0.0865 1.177082 -0.2001002 0.0865 1.178128 -0.2001576 0.085 1.178128 -0.2001576 0.0865 1.179175 -0.2001628 0.085 1.179175 -0.2001628 0.0865 1.180221 -0.2001158 0.085 1.180221 -0.2001158 0.0865 1.181263 -0.2000168 0.085 1.181263 -0.2000168 0.0865 1.182299 -0.1998659 0.085 1.182299 -0.1998659 0.085 1.183327 -0.1996635 0.0865 1.183327 -0.1996635 0.0865 1.184343 -0.1994102 0.085 1.184343 -0.1994102 0.0865 1.185345 -0.1991065 0.085 1.185345 -0.1991065 0.0865 1.186331 -0.1987533 0.085 1.186331 -0.1987533 0.0865 1.187297 -0.1983514 0.085 1.187297 -0.1983514 0.085 1.188243 -0.1979018 0.0865 1.188243 -0.1979018 0.0865 1.189165 -0.1974056 0.085 1.189165 -0.1974056 0.0865 1.190061 -0.196864 0.085 1.190061 -0.196864 0.0865 1.190929 -0.1962785 0.085 1.190929 -0.1962785 0.0865 1.191767 -0.1956504 0.085 1.191767 -0.1956504 0.0865 1.192573 -0.1949814 0.085 1.192573 -0.1949814 0.0865 1.193344 -0.194273 0.085 1.193344 -0.194273 0.085 1.194079 -0.1935271 0.0865 1.194079 -0.1935271 0.0865 1.194775 -0.1927454 0.085 1.194775 -0.1927454 0.085 1.195432 -0.1919301 0.0865 1.195432 -0.1919301 0.0865 1.196048 -0.1910829 0.085 1.196048 -0.1910829 0.0865 1.19662 -0.1902062 0.085 1.19662 -0.1902062 0.0865 1.197148 -0.189302 0.085 1.197148 -0.189302 0.0865 1.197631 -0.1883726 0.085 1.197631 -0.1883726 0.085 1.198066 -0.1874203 0.0865 1.198066 -0.1874203 0.0865 1.198453 -0.1864476 0.085 1.198453 -0.1864476 0.085 1.18743 -0.1962959 0.085 1.188273 -0.1958423 0.085 1.186565 -0.196707 0.085 1.189092 -0.1953472 0.085 1.185681 -0.1970745 0.085 1.189886 -0.1948118 0.085 1.18478 -0.1973974 0.085 1.190652 -0.1942376 0.085 1.183864 -0.197675 0.085 1.191388 -0.1936259 0.085 1.182935 -0.1979067 0.085 1.192093 -0.1929782 0.085 1.181996 -0.1980917 0.085 1.192765 -0.1922962 0.085 1.181048 -0.1982297 0.085 1.193402 -0.1915816 0.085 1.180095 -0.1983202 0.085 1.194003 -0.1908361 0.085 1.179139 -0.1983632 0.085 1.194566 -0.1900616 0.085 1.178182 -0.1983584 0.085 1.195089 -0.18926 0.085 1.177226 -0.198306 0.085 1.195572 -0.1884333 0.085 1.176274 -0.1982059 0.085 1.196013 -0.1875836 0.085 1.175328 -0.1980585 0.085 1.196411 -0.1867129 0.085 1.17439 -0.1978641 0.085 1.196765 -0.1858235 0.085 1.173464 -0.1976233 0.085 1.17255 -0.1973366 0.085 1.171652 -0.1970047 0.085 1.170772 -0.1966284 0.085 1.169912 -0.1962088 0.085 1.169073 -0.1957467 0.085 1.168259 -0.1952435 0.085 1.16747 -0.1947003 0.085 1.16671 -0.1941184 0.085 1.16598 -0.1934994 0.085 1.165281 -0.1928448 0.085 1.164616 -0.1921561 0.085 1.163987 -0.1914352 0.085 1.163393 -0.1906838 0.085 1.162838 -0.1899037 0.085 1.162323 -0.1890969 0.085 1.161849 -0.1882655 0.085 1.161416 -0.1874114 0.085 1.161027 -0.1865368 0.085 1.160681 -0.1856439 0.085 1.160381 -0.1847349 0.085 1.160126 -0.1838121 0.085 1.159918 -0.1828777 0.085 1.159756 -0.1819341 0.085 1.159642 -0.1809836 0.085 1.159575 -0.1800286 0.085 1.159556 -0.1790715 0.085 1.159585 -0.1781146 0.085 1.159661 -0.1771603 0.085 1.159785 -0.176211 0.085 1.159956 -0.175269 0.085 1.160173 -0.1743367 0.0865 1.170963 -0.1856295 0.1077048 1.171454 -0.1840627 0.1073578 1.17135 -0.1843938 0.1075355 1.171401 -0.1842323 0.1078651 1.17151 -0.1838854 0.108016 1.171568 -0.1837008 0.107172 1.171302 -0.1845467 0.1067779 1.171215 -0.1848256 0.1069785 1.171257 -0.1846907 0.1081573 1.171628 -0.1835094 0.1084096 1.171754 -0.1831078 0.1082886 1.17169 -0.1833116 0.1085199 1.17182 -0.1828987 0.1087077 1.171956 -0.1824662 0.1086194 1.171887 -0.1826846 0.1061378 1.171106 -0.1851715 0.1056844 1.17105 -0.1853507 0.1059134 1.171077 -0.1852664 0.106357 1.171139 -0.1850662 0.1065705 1.171176 -0.1849508 0.1088502 1.172096 -0.1820182 0.1087847 1.172025 -0.1822439 0.1052149 1.171007 -0.1854866 0.1054514 1.171027 -0.1854241 0.1089039 1.172168 -0.1817897 0.1089759 1.172313 -0.1813266 0.1089459 1.17224 -0.181559 0.1044901 1.17097 -0.1856066 0.104 1.170963 -0.1856295 0.1042453 1.170964 -0.1856238 0.1047337 1.170979 -0.1855779 0.1049754 1.170991 -0.1855379 0.109 1.17246 -0.1808591 0.108994 1.172387 -0.1810931 0.09270476 1.176546 -0.1678431 0.09253554 1.176493 -0.1680127 0.0923578 1.176442 -0.1681741 0.09217197 1.176394 -0.1683271 0.09286505 1.176602 -0.1676658 0.09301604 1.17666 -0.1674812 0.09197849 1.176349 -0.1684711 0.09177785 1.176307 -0.168606 0.09315735 1.17672 -0.1672898 0.09157051 1.176267 -0.1687312 0.09328864 1.176782 -0.167092 0.09135699 1.176231 -0.1688466 0.09340961 1.176846 -0.1668882 0.09113778 1.176198 -0.1689519 0.09351994 1.176911 -0.1666791 0.09091341 1.176168 -0.1690468 0.0936194 1.176979 -0.166465 0.09068445 1.176142 -0.1691311 0.09370772 1.177047 -0.1662466 0.09045142 1.176119 -0.1692045 0.0937847 1.177117 -0.1660243 0.0902149 1.176099 -0.169267 0.09385016 1.177188 -0.1657986 0.08997545 1.176083 -0.1693183 0.09390392 1.17726 -0.1655701 0.08973365 1.17607 -0.1693583 0.09394588 1.177332 -0.1653394 0.08949009 1.176061 -0.169387 0.09397592 1.177405 -0.165107 0.08924534 1.176056 -0.1694042 0.09399398 1.177478 -0.1648735 0.109 1.184291 -0.1431723 0.109 1.287752 -0.1651695 0.109 1.202829 -0.1542325 0.109 1.283259 -0.1794809 0.109 1.190451 -0.1603138 0.109 1.190632 -0.1598576 0.109 1.190836 -0.1594108 0.109 1.191061 -0.1589745 0.109 1.191307 -0.1585498 0.109 1.191573 -0.1581377 0.109 1.19186 -0.1577392 0.109 1.192165 -0.1573551 0.109 1.19249 -0.1569866 0.109 1.192831 -0.1566344 0.109 1.19319 -0.1562994 0.109 1.193565 -0.1559824 0.109 1.193955 -0.1556842 0.109 1.194359 -0.1554055 0.109 1.194776 -0.1551469 0.109 1.195205 -0.1549091 0.109 1.195646 -0.1546927 0.109 1.196096 -0.1544981 0.109 1.197498 -0.1540501 0.109 1.196827 -0.1366265 0.109 1.197024 -0.1541764 0.109 1.197978 -0.1539472 0.109 1.198462 -0.1538679 0.109 1.19895 -0.1538125 0.109 1.19944 -0.1537812 0.109 1.19993 -0.1537739 0.109 1.200421 -0.1537906 0.109 1.20091 -0.1538315 0.109 1.201397 -0.1538963 0.109 1.201879 -0.1539848 0.109 1.202357 -0.154097 0.109 1.196355 -0.136491 0.109 1.184449 -0.1427078 0.109 1.195877 -0.1363788 0.109 1.196556 -0.1543259 0.109 1.18463 -0.1422516 0.109 1.195394 -0.1362903 0.109 1.184833 -0.1418048 0.109 1.194908 -0.1362255 0.109 1.185058 -0.1413685 0.109 1.194419 -0.1361846 0.109 1.185304 -0.1409438 0.109 1.193928 -0.1361679 0.109 1.185571 -0.1405317 0.109 1.193437 -0.1361752 0.109 1.185857 -0.1401332 0.109 1.192947 -0.1362066 0.109 1.186163 -0.1397492 0.109 1.19246 -0.1362619 0.109 1.186487 -0.1393806 0.109 1.191975 -0.1363412 0.109 1.186829 -0.1390284 0.109 1.191495 -0.1364441 0.109 1.187188 -0.1386934 0.109 1.191021 -0.1365704 0.109 1.187563 -0.1383764 0.109 1.190554 -0.1367199 0.109 1.187952 -0.1380782 0.109 1.190094 -0.1368921 0.109 1.188356 -0.1377995 0.109 1.189643 -0.1370867 0.109 1.188773 -0.1375409 0.109 1.189203 -0.1373031 0.1060711 1.294498 -0.1672873 0.1057156 1.294821 -0.1673887 0.1064095 1.294159 -0.1671808 0.1053439 1.295127 -0.1674847 0.104957 1.295415 -0.1675751 0.1070321 1.293435 -0.1669536 0.1067301 1.293804 -0.1670695 0.1045557 1.295685 -0.1676598 0.1073147 1.293052 -0.1668334 0.1078192 1.292249 -0.1665813 0.1075773 1.292657 -0.1667092 0.104141 1.295935 -0.1677384 0.103714 1.296166 -0.1678109 0.1080399 1.291831 -0.16645 0.1032756 1.296377 -0.167877 0.1082388 1.291403 -0.1663156 0.1028268 1.296566 -0.1679365 0.1023689 1.296735 -0.1679894 0.1084154 1.290966 -0.1661785 0.1087003 1.29007 -0.1658972 0.1085694 1.290521 -0.1660389 0.1014298 1.297007 -0.1680748 0.1019028 1.296882 -0.1680356 0.1088079 1.289613 -0.1657538 0.1009509 1.297109 -0.168107 0.1004673 1.297189 -0.1681321 0.09998017 1.297247 -0.1681501 0.1089519 1.288687 -0.165463 0.1088918 1.289152 -0.1656089 0.108988 1.28822 -0.1653164 0.099 1.297293 -0.1681645 0.09949068 1.297281 -0.1681609 0.09107107 1.27971 -0.1626449 0.09071559 1.280033 -0.1627463 0.09140951 1.279371 -0.1625385 0.09034393 1.280339 -0.1628423 0.0917301 1.279016 -0.1624272 0.09203207 1.278647 -0.1623113 0.08995699 1.280627 -0.1629328 0.0923147 1.278264 -0.1621911 0.0895557 1.280896 -0.1630174 0.09257729 1.277868 -0.1620669 0.08914103 1.281147 -0.1630961 0.09281921 1.277461 -0.161939 0.08871397 1.281378 -0.1631685 0.09303989 1.277043 -0.1618077 0.08827555 1.281588 -0.1632346 0.09323879 1.276615 -0.1616733 0.08782684 1.281778 -0.1632942 0.09341544 1.276177 -0.1615361 0.0873689 1.281947 -0.1633471 0.0935694 1.275733 -0.1613965 0.08690285 1.282093 -0.1633932 0.09370031 1.275281 -0.1612549 0.0864298 1.282218 -0.1634324 0.09380785 1.274825 -0.1611114 0.0859509 1.282321 -0.1634646 0.09389176 1.274363 -0.1609666 0.08546731 1.282401 -0.1634897 0.09395185 1.273898 -0.1608207 0.08498017 1.282458 -0.1635078 0.09398795 1.273431 -0.1606741 0.08449068 1.282493 -0.1635186 0.084 1.282504 -0.1635222 0.0349 1.297293 -0.1681645 0.0349 1.282504 -0.1635222 0.0349 1.278012 -0.1778336 0.0349 1.2928 -0.1824759 0.0369 1.27992 -0.1784326 0.0369 1.290892 -0.1818769 0.07255959 1.27992 -0.1784326 0.0610596 1.290892 -0.1818769 0.07243513 1.28153 -0.178938 0.084 1.278012 -0.1778336 0.07250422 1.280995 -0.1787702 0.07254575 1.280458 -0.1786016 0.07120169 1.285092 -0.1800562 0.07145547 1.284611 -0.1799052 0.07168421 1.284119 -0.1797507 0.07188735 1.283616 -0.179593 0.07206441 1.283105 -0.1794324 0.07221496 1.282586 -0.1792695 0.07233862 1.28206 -0.1791046 0.09398795 1.268939 -0.1749855 0.09395185 1.269406 -0.1751321 0.09389176 1.269871 -0.175278 0.09380785 1.270332 -0.1754228 0.09370031 1.270789 -0.1755663 0.0935694 1.27124 -0.1757079 0.09341544 1.271685 -0.1758475 0.09323879 1.272122 -0.1759847 0.09303989 1.27255 -0.1761191 0.09281921 1.272968 -0.1762504 0.09257729 1.273376 -0.1763783 0.0923147 1.273771 -0.1765025 0.09203207 1.274154 -0.1766227 0.0917301 1.274523 -0.1767386 0.09140951 1.274878 -0.1768499 0.09107107 1.275217 -0.1769563 0.099 1.2928 -0.1824759 0.09071559 1.27554 -0.1770577 0.09034393 1.275846 -0.1771537 0.08995699 1.276134 -0.1772442 0.0895557 1.276404 -0.1773288 0.08914103 1.276654 -0.1774075 0.08871397 1.276885 -0.1774799 0.08827555 1.277096 -0.177546 0.08782684 1.277285 -0.1776056 0.0873689 1.277454 -0.1776585 0.08690285 1.277601 -0.1777046 0.0864298 1.277726 -0.1777438 0.0859509 1.277828 -0.177776 0.08546731 1.277908 -0.1778012 0.08498017 1.277966 -0.1778192 0.08449068 1.278 -0.17783 0.06439787 1.290419 -0.1817286 0.06493383 1.29025 -0.1816756 0.06546046 1.290057 -0.1816147 0.06597648 1.289839 -0.1815462 0.06648066 1.289596 -0.1814702 0.06697178 1.289331 -0.1813869 0.06744865 1.289043 -0.1812964 0.06791014 1.288733 -0.1811991 0.06835512 1.288401 -0.1810951 0.06878252 1.28805 -0.1809847 0.06919132 1.287678 -0.1808681 0.06958054 1.287288 -0.1807457 0.06994922 1.28688 -0.1806177 0.07029648 1.286456 -0.1804844 0.0706215 1.286016 -0.1803462 0.07092348 1.285561 -0.1802033 0.09949068 1.292789 -0.1824723 0.09998017 1.292754 -0.1824615 0.1089519 1.284194 -0.1797744 0.108988 1.283727 -0.1796278 0.1004673 1.292697 -0.1824435 0.1009509 1.292617 -0.1824184 0.1088079 1.28512 -0.1800652 0.1088918 1.284659 -0.1799203 0.1014298 1.292514 -0.1823862 0.1087003 1.285577 -0.1802086 0.1085694 1.286029 -0.1803503 0.1082388 1.28691 -0.180627 0.1084154 1.286473 -0.1804899 0.1019028 1.292389 -0.182347 0.1032756 1.291884 -0.1821884 0.1023689 1.292242 -0.1823009 0.1028268 1.292074 -0.182248 0.103714 1.291673 -0.1821223 0.1078192 1.287757 -0.1808927 0.1080399 1.287338 -0.1807614 0.104141 1.291443 -0.1820498 0.1073147 1.28856 -0.1811448 0.1075773 1.288164 -0.1810206 0.1045557 1.291192 -0.1819712 0.104957 1.290922 -0.1818865 0.1053439 1.290634 -0.1817961 0.1067301 1.289312 -0.1813809 0.1070321 1.288943 -0.181265 0.1057156 1.290328 -0.1817001 0.1064095 1.289667 -0.1814922 0.1060711 1.290006 -0.1815987 0.06162387 1.290879 -0.1818728 0.06218679 1.290839 -0.1818603 0.06274699 1.290773 -0.1818396 0.06330313 1.290681 -0.1818107 0.06385387 1.290563 -0.1817737 0.0349 1.288858 -0.1748469 0.0349 1.288898 -0.1747574 0.0349 1.288945 -0.1746713 0.0349 1.288999 -0.1745891 0.0349 1.289059 -0.1745115 0.0349 1.289125 -0.1744387 0.0349 1.289196 -0.1743714 0.0349 1.289273 -0.1743099 0.0349 1.289354 -0.1742545 0.0349 1.289439 -0.1742057 0.0349 1.289528 -0.1741637 0.0349 1.289619 -0.1741288 0.0349 1.289714 -0.1741013 0.0349 1.28981 -0.1740811 0.0349 1.289907 -0.1740686 0.0349 1.290005 -0.1740638 0.0349 1.291236 -0.1755934 0.0349 1.291254 -0.1754969 0.0349 1.290103 -0.1740667 0.0349 1.290201 -0.1740772 0.0349 1.290297 -0.1740954 0.0349 1.290392 -0.1741211 0.0349 1.290484 -0.1741542 0.0349 1.290574 -0.1741944 0.0349 1.29066 -0.1742415 0.0349 1.290742 -0.1742952 0.0349 1.29082 -0.1743552 0.0349 1.290892 -0.1744211 0.0349 1.29096 -0.1744925 0.0349 1.291021 -0.174569 0.0349 1.291077 -0.17465 0.0349 1.291125 -0.1747352 0.0349 1.291167 -0.1748239 0.0349 1.291202 -0.1749156 0.0349 1.29123 -0.1750098 0.0349 1.29125 -0.1751059 0.0349 1.291263 -0.1752032 0.0349 1.291267 -0.1753013 0.0349 1.291265 -0.1753994 0.0369 1.283664 -0.1665064 0.07255959 1.283664 -0.1665064 0.0610596 1.294636 -0.1699507 0.06162387 1.294623 -0.1699466 0.06218679 1.294583 -0.1699342 0.06274699 1.294517 -0.1699135 0.06330313 1.294425 -0.1698846 0.06385387 1.294307 -0.1698475 0.06439787 1.294163 -0.1698024 0.06493383 1.293994 -0.1697494 0.06546046 1.293801 -0.1696886 0.06597648 1.293582 -0.1696201 0.06648066 1.29334 -0.1695441 0.06697178 1.293075 -0.1694607 0.06744865 1.292787 -0.1693703 0.06791014 1.292477 -0.1692729 0.06835512 1.292145 -0.1691689 0.06878252 1.291793 -0.1690585 0.06919132 1.291422 -0.1689419 0.06958054 1.291032 -0.1688195 0.06994922 1.290624 -0.1686915 0.07029648 1.2902 -0.1685582 0.0706215 1.289759 -0.16842 0.07092348 1.289304 -0.1682772 0.07120169 1.288836 -0.1681301 0.07145547 1.288355 -0.1679791 0.07168421 1.287862 -0.1678245 0.07188735 1.28736 -0.1676668 0.07206441 1.286849 -0.1675063 0.07221496 1.28633 -0.1673433 0.07233862 1.285804 -0.1671784 0.07243513 1.285274 -0.1670118 0.07250422 1.284739 -0.166844 0.07254575 1.284202 -0.1666754 0.0369 1.294636 -0.1699507 0.0369 1.288858 -0.1748469 0.0369 1.288898 -0.1747574 0.0369 1.288945 -0.1746713 0.0369 1.288999 -0.1745891 0.0369 1.289059 -0.1745115 0.0369 1.289125 -0.1744387 0.0369 1.289196 -0.1743714 0.0369 1.289273 -0.1743099 0.0369 1.289354 -0.1742545 0.0369 1.289439 -0.1742057 0.0369 1.289528 -0.1741637 0.0369 1.289619 -0.1741288 0.0369 1.289714 -0.1741013 0.0369 1.28981 -0.1740811 0.0369 1.289907 -0.1740686 0.0369 1.290005 -0.1740638 0.0369 1.290103 -0.1740667 0.0369 1.290201 -0.1740772 0.0369 1.290297 -0.1740954 0.0369 1.290392 -0.1741211 0.0369 1.290484 -0.1741542 0.0369 1.290574 -0.1741944 0.0369 1.29066 -0.1742415 0.0369 1.290742 -0.1742952 0.0369 1.29082 -0.1743552 0.0369 1.290892 -0.1744211 0.0369 1.29096 -0.1744925 0.0369 1.291021 -0.174569 0.0369 1.291077 -0.17465 0.0369 1.291125 -0.1747352 0.0369 1.291167 -0.1748239 0.0369 1.291202 -0.1749156 0.0369 1.29123 -0.1750098 0.0369 1.29125 -0.1751059 0.0369 1.291263 -0.1752032 0.0369 1.291267 -0.1753013 0.0369 1.291265 -0.1753994 0.0369 1.291236 -0.1755934 0.0369 1.291254 -0.1754969 0.075 1.189092 -0.1953472 0.075 1.188273 -0.1958423 0.075 1.18743 -0.1962959 0.075 1.186565 -0.196707 0.075 1.185681 -0.1970745 0.075 1.190652 -0.1942376 0.075 1.189886 -0.1948118 0.075 1.18478 -0.1973974 0.075 1.191388 -0.1936259 0.075 1.183864 -0.197675 0.075 1.192093 -0.1929782 0.075 1.182935 -0.1979067 0.075 1.181996 -0.1980917 0.075 1.192765 -0.1922962 0.075 1.181048 -0.1982297 0.075 1.193402 -0.1915816 0.075 1.180095 -0.1983202 0.075 1.194003 -0.1908361 0.075 1.179139 -0.1983632 0.075 1.178182 -0.1983584 0.075 1.194566 -0.1900616 0.075 1.195089 -0.18926 0.075 1.177226 -0.198306 0.075 1.176274 -0.1982059 0.075 1.195572 -0.1884333 0.075 1.175328 -0.1980585 0.075 1.196411 -0.1867129 0.075 1.196013 -0.1875836 0.075 1.17439 -0.1978641 0.075 1.196765 -0.1858235 0.075 1.173464 -0.1976233 0.075 1.17255 -0.1973366 0.075 1.195209 -0.1834438 0.075 1.171652 -0.1970047 0.075 1.195402 -0.1826184 0.075 1.170772 -0.1966284 0.075 1.195553 -0.1817844 0.075 1.169912 -0.1962088 0.075 1.195663 -0.1809438 0.075 1.169073 -0.1957467 0.075 1.168259 -0.1952435 0.075 1.19573 -0.1800989 0.075 1.195756 -0.1792516 0.075 1.16747 -0.1947003 0.075 1.195739 -0.1784041 0.075 1.16671 -0.1941184 0.075 1.19568 -0.1775586 0.075 1.16598 -0.1934994 0.075 1.195578 -0.176717 0.075 1.165281 -0.1928448 0.075 1.164616 -0.1921561 0.075 1.195435 -0.1758815 0.075 1.195251 -0.1750542 0.075 1.163987 -0.1914352 0.075 1.195025 -0.1742371 0.075 1.163393 -0.1906838 0.075 1.194759 -0.1734322 0.075 1.162838 -0.1899037 0.075 1.194454 -0.1726417 0.075 1.162323 -0.1890969 0.075 1.194109 -0.1718673 0.075 1.161849 -0.1882655 0.075 1.193726 -0.1711111 0.075 1.161416 -0.1874114 0.075 1.193306 -0.1703749 0.075 1.161027 -0.1865368 0.075 1.192849 -0.1696606 0.075 1.160681 -0.1856439 0.075 1.192358 -0.1689699 0.075 1.160381 -0.1847349 0.075 1.191833 -0.1683046 0.075 1.191275 -0.1676662 0.075 1.160126 -0.1838121 0.075 1.159918 -0.1828777 0.075 1.190686 -0.1670565 0.075 1.159756 -0.1819341 0.075 1.190068 -0.1664769 0.075 1.189421 -0.1659288 0.075 1.159642 -0.1809836 0.075 1.159575 -0.1800286 0.075 1.188748 -0.1654136 0.075 1.159556 -0.1790715 0.075 1.18805 -0.1649326 0.075 1.187329 -0.1644871 0.075 1.159585 -0.1781146 0.075 1.159661 -0.1771603 0.075 1.186587 -0.164078 0.075 1.159785 -0.176211 0.075 1.185825 -0.1637064 0.075 1.159956 -0.175269 0.075 1.185045 -0.1633733 0.075 1.18425 -0.1630794 0.075 1.160173 -0.1743367 0.075 1.183442 -0.1628255 0.075 1.182621 -0.1626123 0.075 1.16281 -0.1732733 0.075 1.181791 -0.1624402 0.075 1.163124 -0.1724857 0.075 1.163476 -0.1717149 0.075 1.180954 -0.1623097 0.075 1.163867 -0.1709625 0.075 1.180111 -0.1622211 0.075 1.164294 -0.1702305 0.075 1.164758 -0.1695208 0.075 1.179264 -0.1621746 0.075 1.178417 -0.1621704 0.075 1.165256 -0.168835 0.075 1.165788 -0.168175 0.075 1.17757 -0.1622084 0.075 1.166352 -0.1675422 0.075 1.176726 -0.1622886 0.075 1.175887 -0.1624108 0.075 1.175056 -0.1625746 0.075 1.166947 -0.1669384 0.075 1.167571 -0.1663649 0.075 1.174233 -0.1627797 0.075 1.168223 -0.1658233 0.075 1.173422 -0.1630255 0.075 1.168901 -0.1653149 0.075 1.169604 -0.1648409 0.075 1.172624 -0.1633114 0.075 1.171841 -0.1636368 0.075 1.170329 -0.1644025 0.075 1.171076 -0.1640008 0.085 1.195209 -0.1834438 0.085 1.195402 -0.1826184 0.085 1.195553 -0.1817844 0.085 1.195663 -0.1809438 0.085 1.19573 -0.1800989 0.085 1.195756 -0.1792516 0.085 1.195739 -0.1784041 0.085 1.19568 -0.1775586 0.085 1.195578 -0.176717 0.085 1.195435 -0.1758815 0.085 1.195251 -0.1750542 0.085 1.195025 -0.1742371 0.085 1.194759 -0.1734322 0.085 1.194454 -0.1726417 0.085 1.194109 -0.1718673 0.085 1.193726 -0.1711111 0.085 1.193306 -0.1703749 0.085 1.192849 -0.1696606 0.085 1.192358 -0.1689699 0.085 1.191833 -0.1683046 0.085 1.191275 -0.1676662 0.085 1.190686 -0.1670565 0.085 1.190068 -0.1664769 0.085 1.189421 -0.1659288 0.085 1.188748 -0.1654136 0.085 1.18805 -0.1649326 0.085 1.187329 -0.1644871 0.085 1.186587 -0.164078 0.085 1.185825 -0.1637064 0.085 1.185045 -0.1633733 0.085 1.18425 -0.1630794 0.085 1.183442 -0.1628255 0.085 1.182621 -0.1626123 0.085 1.181791 -0.1624402 0.085 1.180954 -0.1623097 0.085 1.180111 -0.1622211 0.085 1.179264 -0.1621746 0.085 1.178417 -0.1621704 0.085 1.17757 -0.1622084 0.085 1.176726 -0.1622886 0.085 1.175887 -0.1624108 0.085 1.175056 -0.1625746 0.085 1.174233 -0.1627797 0.085 1.173422 -0.1630255 0.085 1.172624 -0.1633114 0.085 1.171841 -0.1636368 0.085 1.171076 -0.1640008 0.085 1.170329 -0.1644025 0.085 1.169604 -0.1648409 0.085 1.168901 -0.1653149 0.085 1.168223 -0.1658233 0.085 1.167571 -0.1663649 0.085 1.166947 -0.1669384 0.085 1.166352 -0.1675422 0.085 1.165788 -0.168175 0.085 1.165256 -0.168835 0.085 1.164758 -0.1695208 0.085 1.164294 -0.1702305 0.085 1.163867 -0.1709625 0.085 1.163476 -0.1717149 0.085 1.163124 -0.1724857 0.085 1.16281 -0.1732733</float_array>
          <technique_common>
            <accessor count="1390" source="#cubeverts-array0-array" stride="3">
              <param type="float" name="X"/>
              <param type="float" name="Y"/>
              <param type="float" name="Z"/>
            </accessor>
          </technique_common>
        </source>
        <source id="cubenormals-array0">
          <float_array count="8340" id="cubenormals-array0-array">0 0.9612613 -0.2756387 0 0.9738029 -0.2273935 0 0.9612613 -0.2756387 0 0.9839268 -0.1785718 0 0.9738029 -0.2273935 0 0.9916213 -0.1291799 0 0.9839268 -0.1785718 0 0.9968123 -0.07978243 0 0.9916213 -0.1291799 0 0.9995556 -0.02981007 0 0.9968123 -0.07978243 -0 0.9998024 0.01987364 0 0.9995556 -0.02981007 -0 0.9975578 0.06984615 0 0.9998024 0.01987364 -0 0.9928479 0.1193851 0 0.9975578 0.06984615 -0 0.9856779 0.168639 0 0.9928479 0.1193851 -0 0.9760063 0.2177424 0 0.9856779 0.168639 -0 0.9639748 0.2659936 0 0.9760063 0.2177424 -0 0.9494902 0.3137966 0 0.9639748 0.2659936 -0 0.9326642 0.3607456 0 0.9494902 0.3137966 -0 0.9135649 0.4066929 0 0.9326642 0.3607456 -0 0.8921366 0.4517657 0 0.9135649 0.4066929 -0 0.8685 0.4956891 0 0.8921366 0.4517657 0 0.8685 0.4956891 -0 0.8426713 0.5384284 0 0.8426713 0.5384284 -0 0.8148571 0.579662 0 0.8148571 0.579662 -0 0.7849478 0.619562 -0 0.753047 0.6579666 0 0.7849478 0.619562 -0 0.7193121 0.694687 0 0.753047 0.6579666 -0 0.6838549 0.729618 0 0.7193121 0.694687 -0 0.6465965 0.7628323 0 0.6838549 0.729618 -0 0.6077133 0.7941565 0 0.6465965 0.7628323 -0 0.5674759 0.8233901 0 0.6077133 0.7941565 0 0.5674759 0.8233901 -0 0.4825986 0.8758417 0 0.5256814 0.8506815 0 0.5256814 0.8506815 0 0.4825986 0.8758417 -0 0.4383637 0.8987978 0 0.4383637 0.8987978 -0 0.3930305 0.9195254 0 0.3930305 0.9195254 -0 0.3466536 0.9379932 0 0.3466536 0.9379932 -0 0.299513 0.9540922 0 0.299513 0.9540922 -0 0.25159 0.9678339 0 0.25159 0.9678339 -0 0.2030169 0.9791752 0 0.2030169 0.9791752 -0 0.1539507 0.9880785 0 0.1539507 0.9880785 0 0.1045142 0.9945234 -0 0.05481792 0.9984964 0 0.1045142 0.9945234 0 0.05481792 0.9984964 0 0.004986257 0.9999876 0 -0.0448769 0.9989925 0 0.004986257 0.9999876 0 -0.0448769 0.9989925 0 -0.09461201 0.9955142 0 -0.09461201 0.9955142 0 -0.1441277 0.9895591 0 -0.1932628 0.9811471 0 -0.1441277 0.9895591 0 -0.2419257 0.9702948 0 -0.1932628 0.9811471 0 -0.2900059 0.9570248 0 -0.2419257 0.9702948 0 -0.2900059 0.9570248 0 -0.3373397 0.9413829 0 -0.3373397 0.9413829 0 -0.3838432 0.9233983 0 -0.4293976 0.9031156 0 -0.3838432 0.9233983 0 -0.4293976 0.9031156 0 -0.473869 0.8805953 0 -0.5171882 0.8558717 0 -0.473869 0.8805953 0 -0.5171882 0.8558717 0 -0.5591785 0.8290473 0 -0.5591785 0.8290473 0 -0.5998387 0.8001209 0 -0.6389973 0.769209 0 -0.5998387 0.8001209 0 -0.6389973 0.769209 0 -0.6764905 0.7364514 0 -0.7123973 0.7017763 0 -0.6764905 0.7364514 0 -0.7123973 0.7017763 0 -0.7465187 0.6653644 0 -0.7786724 0.6274309 0 -0.7465187 0.6653644 0 -0.7786724 0.6274309 0 -0.8090598 0.5877264 0 -0.8090598 0.5877264 0 -0.8372745 0.5467827 0 -0.8372745 0.5467827 0 -0.8635745 0.5042214 0 -0.8635745 0.5042214 0 -0.9094698 0.41577 0 -0.8875675 0.4606776 0 -0.8875675 0.4606776 0 -0.9094698 0.41577 0 -0.9289947 0.370093 0 -0.9289947 0.370093 0 -0.9463429 0.3231643 0 -0.9463429 0.3231643 0 0.9612854 -0.2755547 0 0.9612854 -0.2755547 0 0.9737838 -0.2274755 0 0.9737838 -0.2274755 0 0.9839372 -0.1785152 0 0.9839372 -0.1785152 0 0.9916063 -0.1292942 0 0.9916063 -0.1292942 0 0.9968194 -0.07969328 0 0.9995547 -0.02983745 0 0.9968194 -0.07969328 0 0.9995547 -0.02983745 0 0.9975647 0.06974728 0 0.9998022 0.0198918 0 0.9998022 0.0198918 0 0.9928371 0.1194764 0 0.9975647 0.06974728 0 0.9928371 0.1194764 0 0.9856678 0.1686984 0 0.9856678 0.1686984 0 0.963943 0.2661088 0 0.9760247 0.2176594 0 0.9760247 0.2176594 0 0.963943 0.2661088 0 0.9495279 0.3136827 0 0.9495279 0.3136827 0 0.9326719 0.3607258 0 0.9326719 0.3607258 0 0.9135379 0.4067535 0 0.9135379 0.4067535 0 0.8921364 0.4517663 0 0.8921364 0.4517663 0 0.8684706 0.4957407 0 0.8684706 0.4957407 0 0.8427203 0.5383515 0 0.8427203 0.5383515 0 0.8148456 0.5796781 0 0.8148456 0.5796781 0 0.7849387 0.6195735 0 0.7849387 0.6195735 0 0.7530593 0.6579526 0 0.7530593 0.6579526 0 0.7193279 0.6946708 0 0.7193279 0.6946708 0 0.6838309 0.7296406 0 0.6838309 0.7296406 0 0.6465707 0.762854 0 0.6465707 0.762854 0 0.6077548 0.7941248 0 0.6077548 0.7941248 0 0.5674052 0.8234388 0 0.5674052 0.8234388 0 0.5257053 0.8506668 0 0.5257053 0.8506668 0 0.4826087 0.875836 0 0.4826087 0.875836 0 0.4383555 0.8988016 0 0.4383555 0.8988016 0 0.3930246 0.9195279 0 0.3930246 0.9195279 0 0.3467038 0.9379746 0 0.3467038 0.9379746 0 0.2994872 0.9541003 0 0.2994872 0.9541003 0 0.251586 0.9678349 0 0.251586 0.9678349 0 0.2030325 0.9791721 0 0.2030325 0.9791721 0 0.1539529 0.9880782 0 0.1539529 0.9880782 0 0.05481149 0.9984967 0 0.1045205 0.9945228 0 0.1045205 0.9945228 0 0.05481149 0.9984967 0 0.00497316 0.9999877 0 0.00497316 0.9999877 0 -0.09461653 0.9955139 0 -0.04488134 0.9989923 0 -0.04488134 0.9989923 0 -0.1441118 0.9895614 0 -0.09461653 0.9955139 0 -0.1932737 0.9811448 0 -0.1441118 0.9895614 0 -0.1932737 0.9811448 0 -0.2419206 0.970296 0 -0.2900229 0.9570197 0 -0.2419206 0.970296 0 -0.3373217 0.9413895 0 -0.2900229 0.9570197 0 -0.3373217 0.9413895 0 -0.3838412 0.9233992 0 -0.3838412 0.9233992 0 -0.4738784 0.8805903 0 -0.4293767 0.9031255 0 -0.4293767 0.9031255 0 -0.4738784 0.8805903 0 -0.5171935 0.8558686 0 -0.5171935 0.8558686 0 -0.5998266 0.8001301 0 -0.5591903 0.8290393 0 -0.5591903 0.8290393 0 -0.5998266 0.8001301 0 -0.6764835 0.7364578 0 -0.639014 0.7691951 0 -0.639014 0.7691951 0 -0.6764835 0.7364578 0 -0.7464448 0.6654474 0 -0.7124344 0.7017387 0 -0.7124344 0.7017387 0 -0.7787308 0.6273583 0 -0.7464448 0.6654474 0 -0.8090007 0.5878077 0 -0.7787308 0.6273583 0 -0.8090007 0.5878077 0 -0.8373527 0.546663 0 -0.8373527 0.546663 0 -0.8635279 0.5043011 0 -0.8635279 0.5043011 0 -0.8875673 0.4606781 0 -0.8875673 0.4606781 0 -0.9290209 0.3700272 0 -0.9094511 0.415811 0 -0.9094511 0.415811 0 -0.9290209 0.3700272 0 -0.9463581 0.3231195 0 -0.9463581 0.3231195 0 -0.9415061 0.336996 0 -0.9415061 0.336996 0 -0.9124212 0.4092523 0 -0.9124212 0.4092523 0 -0.8772413 0.4800498 0 -0.8772413 0.4800498 0 -0.8369915 0.5472159 0 -0.8369915 0.5472159 0 -0.7917328 0.6108676 0 -0.7917328 0.6108676 0 -0.7409241 0.6715888 0 -0.7409241 0.6715888 0 -0.6860482 0.7275562 0 -0.6860482 0.7275562 0 -0.6266069 0.7793355 0 -0.6266069 0.7793355 0 -0.5638866 0.8258522 0 -0.5638866 0.8258522 0 -0.4976292 0.8673899 0 -0.4976292 0.8673899 0 -0.4275852 0.9039751 0 -0.4275852 0.9039751 0 -0.3556201 0.9346306 0 -0.3556201 0.9346306 0 -0.2809546 0.9597211 0 -0.2809546 0.9597211 0 -0.2048978 0.9787834 0 -0.2048978 0.9787834 0 -0.1273995 0.9918515 0 -0.1273995 0.9918515 0 -0.04913113 0.9987923 0 -0.04913113 0.9987923 -0 0.02925273 0.999572 0 0.02925273 0.999572 0 0.1074984 0.9942052 0 0.1074984 0.9942052 0 0.1853399 0.9826745 0 0.2618017 0.9651217 0 0.1853399 0.9826745 0 0.3367697 0.941587 0 0.2618017 0.9651217 0 0.4098731 0.9121426 0 0.3367697 0.941587 0 0.4098731 0.9121426 0 0.479603 0.8774856 0 0.5472159 0.8369915 -0 0.479603 0.8774856 0 0.5472159 0.8369915 0 0.6113855 0.7913329 0 0.6713487 0.7411416 -0 0.6113855 0.7913329 0 0.6713487 0.7411416 0 0.7273234 0.6862949 0 0.7791061 0.626892 -0 0.7273234 0.6862949 0 0.8260694 0.5635684 0 0.7791061 0.626892 0 0.8260694 0.5635684 -0 0.8675152 0.4974106 0 0.8675152 0.4974106 0 0.9038581 0.4278324 0 0.9038581 0.4278324 0 0.9346059 0.355685 0 0.9346059 0.355685 0 0.9596965 0.2810384 0 0.9596965 0.2810384 -0 0.9789636 0.204035 0 0.9789636 0.204035 0 0.9917626 0.1280897 0 0.9917626 0.1280897 0 0.998823 0.04850316 0 0.998823 0.04850316 0 0.9995907 -0.0286086 0 0.9995907 -0.0286086 0 0.9941295 -0.1081961 0 0.9941295 -0.1081961 0 0.9826798 -0.1853116 0 0.9826798 -0.1853116 0 0.9652787 -0.2612223 0 0.9652787 -0.2612223 0 0.9612728 -0.2755987 0 0.9612728 -0.2755987 0 0.973817 -0.2273333 0 0.973817 -0.2273333 0 0.9839216 -0.1786007 0 0.9839216 -0.1786007 0 0.9916073 -0.1292862 0 0.9968248 -0.0796259 0 0.9916073 -0.1292862 0 0.9995511 -0.02996088 0 0.9968248 -0.0796259 0 0.9995511 -0.02996088 0 0.999799 0.02005194 0 0.999799 0.02005194 0 0.9975669 0.06971529 0 0.9928488 0.1193791 0 0.9975669 0.06971529 0 0.9928488 0.1193791 0 0.9856491 0.1688069 0 0.9856491 0.1688069 0 0.9760256 0.2176556 0 0.9760256 0.2176556 0 0.9639617 0.2660411 0 0.9639617 0.2660411 0 0.949515 0.3137216 0 0.949515 0.3137216 0 0.9326826 0.3606981 0 0.9326826 0.3606981 0 0.9135398 0.4067495 0 0.9135398 0.4067495 0 0.8921393 0.4517604 0 0.8921393 0.4517604 0 0.8684977 0.4956932 0 0.8684977 0.4956932 0 0.8427115 0.5383654 0 0.8427115 0.5383654 0 0.8148023 0.5797388 0 0.8148023 0.5797388 0 0.7849637 0.6195418 0 0.7849637 0.6195418 0 0.7530486 0.6579649 0 0.7530486 0.6579649 0 0.719313 0.6946861 0 0.719313 0.6946861 0 0.6838053 0.7296644 0 0.6838053 0.7296644 0 0.6466122 0.7628188 0 0.6466122 0.7628188 0 0.6077497 0.7941286 0 0.6077497 0.7941286 0 0.5674339 0.8234189 0 0.5674339 0.8234189 0 0.5256746 0.8506857 0 0.4825988 0.8758416 0 0.5256746 0.8506857 0 0.4383895 0.8987851 0 0.4825988 0.8758416 0 0.4383895 0.8987851 0 0.3930011 0.919538 0 0.3467243 0.9379671 0 0.3930011 0.919538 0 0.3467243 0.9379671 0 0.2994961 0.9540975 0 0.251577 0.9678372 0 0.2994961 0.9540975 0 0.251577 0.9678372 0 0.2030277 0.9791729 0 0.1539501 0.9880787 0 0.2030277 0.9791729 0 0.1539501 0.9880787 0 0.1045118 0.9945236 0 0.1045118 0.9945236 0 0.05482111 0.9984962 0 0.05482111 0.9984962 0 0.004969625 0.9999876 0 0.004969625 0.9999876 0 -0.04486957 0.9989928 0 -0.04486957 0.9989928 0 -0.09461173 0.9955142 0 -0.1441261 0.9895594 0 -0.09461173 0.9955142 0 -0.1441261 0.9895594 0 -0.1932624 0.9811471 0 -0.1932624 0.9811471 0 -0.2419321 0.9702932 0 -0.2419321 0.9702932 0 -0.2899993 0.9570268 0 -0.2899993 0.9570268 0 -0.3373387 0.9413834 0 -0.3373387 0.9413834 0 -0.3838289 0.9234042 0 -0.3838289 0.9234042 0 -0.4294278 0.9031012 0 -0.4294278 0.9031012 0 -0.4738478 0.8806068 0 -0.4738478 0.8806068 0 -0.517217 0.8558542 0 -0.517217 0.8558542 0 -0.5592085 0.8290271 0 -0.5592085 0.8290271 0 -0.5997948 0.8001539 0 -0.5997948 0.8001539 0 -0.6389825 0.7692214 0 -0.6389825 0.7692214 0 -0.6765108 0.7364327 0 -0.6765108 0.7364327 0 -0.7123696 0.7018046 0 -0.7123696 0.7018046 0 -0.7465209 0.6653618 0 -0.7465209 0.6653618 0 -0.7786861 0.6274137 0 -0.7786861 0.6274137 0 -0.8090132 0.5877904 0 -0.8090132 0.5877904 0 -0.8373478 0.5466704 0 -0.8373478 0.5466704 0 -0.8635162 0.5043213 0 -0.8635162 0.5043213 0 -0.8876023 0.4606107 0 -0.8876023 0.4606107 0 -0.909438 0.4158396 0 -0.909438 0.4158396 0 -0.9290245 0.3700185 0 -0.9290245 0.3700185 0 -0.9463422 0.3231661 0 -0.9463422 0.3231661 -1 0 0 -1 0 0 -1 0 0 -1 0 0 -1 0 0 -1 0 0 -1 0 0 -1 0 0 -1 0 0 -1 0 0 -1 0 0 -1 0 0 -1 0 0 -1 0 0 -1 0 0 -1 0 0 -1 0 0 -1 0 0 -1 0 0 -1 0 0 -1 0 -0 -1 0 -0 -1 0 -0 -1 0 0 -1 0 -0 -1 0 -0 -1 0 -0 -1 0 -0 -1 0 -0 -1 0 -0 -1 0 -0 -1 0 -0 -1 0 -0 -1 0 -0 -1 0 0 -1 0 0 -1 0 0 -1 0 0 -1 0 0 -1 0 0 -1 0 0 -1 0 0 -1 0 0 -1 0 0 -1 0 0 -1 0 0 -1 0 0 -1 0 0 -1 0 0 -1 0 0 -1 0 0 -1 0 0 -1 0 0 -1 0 0 -1 0 0 -1 0 0 -1 0 0 -1 0 0 -1 0 0 -1 0 0 -1 0 0 -1 0 0 -1 0 0 -1 0 0 -1 0 0 -1 0 0 -1 0 0 -1 0 0 -0.00481091 0.9551442 -0.2961019 -0.0003438054 0.954169 -0.2992682 -8.684824e-05 0.9541617 -0.2992917 -0.0008461167 0.9544521 -0.2983631 0.007498262 0.9510081 -0.3090749 0.0001555532 0.9540713 -0.2995794 5.630586e-05 0.9541095 -0.299458 -0.001261381 0.9542892 -0.2988823 -0.0003058437 0.9541894 -0.2992032 0.0004626088 0.9539804 -0.2998686 0.000324465 0.9540096 -0.2997759 0.000176014 0.954045 -0.2996633 0.0009294229 0.9534609 -0.3015153 0.005904424 0.9533613 -0.3017736 0.0022011 0.9520105 -0.3060573 -0.005129266 0.9545522 -0.2979998 -0.0004742309 0.9546754 -0.2976488 0.0005881623 0.9535254 -0.3013119 0.003348513 0.9537898 -0.3004559 0.0009741207 0.9539919 -0.2998308 3.485385e-05 0.9540854 -0.2995347 0.0001032314 0.9539865 -0.2998495 -0.0001024039 0.9542091 -0.2991405 4.074237e-05 0.9540842 -0.2995389 0.006151748 0.9537941 -0.3003979 0.005294401 0.9540328 -0.2996552 -3.908438e-05 0.9541156 -0.2994384 -2.344811e-05 0.9540969 -0.299498 -0.0001108237 0.9541258 -0.299406 0.0001068805 0.9535213 -0.3013255 -0.0002466115 0.9556656 -0.2944541 5.965949e-05 0.9541159 -0.2994376 3.353053e-05 0.9541062 -0.2994686 -2.258539e-05 0.9540861 -0.2995325 -3.819412e-06 0.9540938 -0.2995081 -0.0002100811 0.9540147 -0.2997598 -9.784605e-05 0.9540598 -0.2996164 0.0001844538 0.9541305 -0.2993909 -0.0001250719 0.9540688 -0.2995875 9.652317e-05 0.9541261 -0.2994049 -9.496883e-05 0.9540622 -0.2996085 6.041038e-05 0.9541071 -0.2994657 -2.174787e-05 0.9540862 -0.2995324 -7.361649e-05 0.9540784 -0.2995571 0.0002799142 0.9541823 -0.299226 0.0002789866 0.9541544 -0.2993148 -0.000178948 0.9540392 -0.299682 0 0.9540929 -0.299511 -1.466909e-06 0.9540925 -0.2995121 -7.355041e-05 0.9540713 -0.2995795 -0.0001551514 0.9541047 -0.2994731 -1.596386e-06 0.9540945 -0.2995057 0.0002736906 0.9541752 -0.2992486 -7.614138e-05 0.9540989 -0.2994919 0.0002356975 0.9539736 -0.2998905 -0.0002060827 0.9541079 -0.2994627 -0.0001671359 0.9541834 -0.2992224 -3.905752e-05 0.954097 -0.2994979 -7.908316e-05 0.9541365 -0.299372 -1.721802e-05 0.9540956 -0.2995023 0.0001155331 0.9540299 -0.2997115 0.0003385267 0.9540756 -0.2995661 0.0001268275 0.9540235 -0.2997318 -0.0003357782 0.9541109 -0.2994531 2.089108e-05 0.954085 -0.299536 0.0003598255 0.9540772 -0.2995602 0 0.9540932 -0.2995099 0 0.9540975 -0.2994961 -0 0.2995044 0.9540949 0 0.2995044 0.9540949 0 -0.9612728 0.2755987 0 -0.9612728 0.2755987 0 -0.9737904 0.227447 0 -0.9737904 0.227447 0 -0.9839426 0.1784853 0 -0.9839426 0.1784853 0 -0.9916071 0.1292881 0 -0.9916071 0.1292881 0 -0.9968157 0.07974059 0 -0.9968157 0.07974059 0 -0.9995546 0.02984484 0 -0.9995546 0.02984484 -0 -0.9998013 -0.0199354 0 -0.9998013 -0.0199354 -0 -0.9975588 -0.0698313 0 -0.9975588 -0.0698313 -0 -0.9928488 -0.1193791 0 -0.9928488 -0.1193791 -0 -0.9856686 -0.1686936 0 -0.9856686 -0.1686936 -0 -0.9760256 -0.2176556 -0 -0.9639627 -0.2660373 0 -0.9760256 -0.2176556 -0 -0.9494789 -0.3138311 -0 -0.9639627 -0.2660373 -0 -0.9494789 -0.3138311 -0 -0.9326826 -0.3606981 0 -0.9326826 -0.3606981 -0 -0.9135398 -0.4067495 0 -0.9135398 -0.4067495 -0 -0.8921422 -0.4517545 -0 -0.8684942 -0.4956995 0 -0.8921422 -0.4517545 -0 -0.8427115 -0.5383654 -0 -0.8684942 -0.4956995 -0 -0.8427115 -0.5383654 0 -0.8148623 -0.5796545 -0 -0.8148623 -0.5796545 0 -0.784907 -0.6196136 -0 -0.784907 -0.6196136 -0 -0.7530423 -0.6579721 -0 -0.7530423 -0.6579721 0 -0.7193784 -0.6946184 -0 -0.7193784 -0.6946184 -0 -0.6837977 -0.7296717 0 -0.6837977 -0.7296717 -0 -0.6465632 -0.7628604 0 -0.6465632 -0.7628604 -0 -0.607806 -0.7940856 -0 -0.5673696 -0.8234633 0 -0.607806 -0.7940856 -0 -0.5257268 -0.8506535 -0 -0.5673696 -0.8234633 -0 -0.5257268 -0.8506535 -0 -0.48261 -0.8758354 0 -0.48261 -0.8758354 -0 -0.4383435 -0.8988075 0 -0.4383435 -0.8988075 -0 -0.3930309 -0.9195253 -0 -0.3466864 -0.9379811 0 -0.3930309 -0.9195253 -0 -0.3466864 -0.9379811 -0 -0.2995094 -0.9540933 -0 -0.2515634 -0.9678407 0 -0.2995094 -0.9540933 -0 -0.2515634 -0.9678407 -0 -0.2030277 -0.9791729 0 -0.2030277 -0.9791729 -0 -0.1539501 -0.9880787 -0 -0.1045384 -0.9945208 0 -0.1539501 -0.9880787 -0 -0.1045384 -0.9945208 -0 -0.05480659 -0.998497 0 -0.05480659 -0.998497 -0 -0.004983617 -0.9999875 0 -0.004983617 -0.9999875 0 0.04488412 -0.9989922 0 0.04488412 -0.9989922 0 0.09460827 -0.9955145 0 0.09460827 -0.9955145 0 0.1441261 -0.9895594 0 0.1932765 -0.9811444 0 0.1441261 -0.9895594 0 0.1932765 -0.9811444 0 0.2419184 -0.9702966 0 0.2419184 -0.9702966 0 0.2899803 -0.9570326 0 0.2899803 -0.9570326 0 0.3373758 -0.9413701 0 0.3373758 -0.9413701 0 0.3838289 -0.9234042 0 0.3838289 -0.9234042 0 0.4293826 -0.9031227 0 0.4293826 -0.9031227 0 0.4738965 -0.8805806 0 0.4738965 -0.8805806 0 0.5171548 -0.8558919 0 0.5171548 -0.8558919 0 0.5592185 -0.8290203 0 0.5592185 -0.8290203 0 0.5998414 -0.8001189 0 0.5998414 -0.8001189 0 0.6389337 -0.7692617 0 0.6389337 -0.7692617 0 0.6765029 -0.7364399 0 0.6765029 -0.7364399 0 0.7124349 -0.7017381 0 0.7124349 -0.7017381 0 0.7464631 -0.6654269 0 0.7464631 -0.6654269 0 0.7787431 -0.6273431 0 0.7787431 -0.6273431 0 0.8090132 -0.5877904 0 0.8090132 -0.5877904 0 0.8372945 -0.5467522 0 0.8372945 -0.5467522 0 0.8635162 -0.5043213 0 0.8635162 -0.5043213 0 0.8875992 -0.4606166 0 0.909438 -0.4158396 0 0.8875992 -0.4606166 0 0.909438 -0.4158396 0 0.9290645 -0.3699178 0 0.9290645 -0.3699178 0 0.9463066 -0.3232706 0 0.9463066 -0.3232706 -1 0 -0 -1 0 -0 -1 0 0 -1 0 -0 -1 0 0 -1 0 0 -1 0 -0 -1 0 -0 -1 0 0 -1 0 0 -1 0 -0 -1 0 -0 -1 0 0 -1 0 -0 -1 0 0 -1 0 0 -1 0 -0 -1 0 0 -1 0 -0 -1 0 -0 -1 0 0 -1 0 0 -1 0 -0 -1 0 -0 -1 0 0 -1 0 -0 -1 0 0 -1 0 -0 -1 0 0 -1 0 0 -1 0 -0 -1 0 -0 -1 0 0 -1 0 0 -1 0 -0 -1 0 -0 -1 0 0 -1 0 0 -1 0 -0 -1 0 -0 -1 0 0 -1 0 -0 -1 0 0 -1 0 -0 -1 0 0 -1 0 -0 -1 0 0 -1 0 -0 -1 0 0 -1 0 0 -1 0 -0 -1 0 -0 -1 0 0 -1 0 0 -1 0 -0 -1 0 -0 -1 0 0 -1 0 0 -1 0 -0 -1 0 -0 -1 0 0 -1 0 0 -1 0 -0 -1 0 -0 -1 0 0 -1 0 0 -1 0 -0 -1 0 -0 -1 0 0 -1 0 0 -1 0 -0 -1 0 0 -1 0 -0 -1 0 0 -1 0 -0 -1 0 -0 -1 0 0 -1 0 0 -1 0 -0 -1 0 -0 -1 0 0 -1 0 0 -1 0 -0 -1 0 -0 -1 0 0 -1 0 0 -1 0 -0 -1 0 -0 -1 0 0 -1 0 0 -1 0 0 -1 0 -0 -1 0 0 -1 0 0 -1 0 0 -1 0 -0 -1 0 0 -1 0 0 -1 0 0 -1 0 -0 -1 0 0 -1 0 0 -1 0 0 -1 0 -0 -1 0 0 -1 0 0 -1 0 0 -1 0 -0 -1 0 0 -1 0 0 -1 0 0 -1 0 -0 -1 0 -0 -1 0 0 -1 0 0 -1 0 -0 -1 0 -0 -1 0 0 -1 0 0 -1 0 -0 -1 0 0 -1 0 0 -1 0 0 -1 0 -0 -1 0 0 -1 0 -0 -1 0 0 -1 0 0 -1 0 -0 -1 0 0 -1 0 0 -1 0 0 -1 0 0 -1 0 -0 -1 0 0 -1 0 0 -1 0 -0 -1 0 0 -1 0 0 -1 0 0 -1 0 -0 -1 0 0 -1 0 0 -1 0 0 -1 0 0 -1 0 -0 -1 0 0 -1 0 0 -1 0 0 -1 0 -0 -1 0 0 -1 0 0 -1 0 0 -1 0 -0 -1 0 0 -1 0 0 -1 0 0 -1 0 -0 -1 0 0 -1 0 0 -1 0 0 -1 0 -0 -1 0 0 -1 0 0 -1 0 -0 -1 0 0 -1 0 0 -1 0 0 -1 0 -0 -1 0 -0 -1 0 0 -1 0 -0 -1 0 0 -1 0 -0 -1 0 0 -1 0 -0 -1 0 0 -1 0 -0 -1 0 -0 -1 0 0 -1 0 0 -1 0 -0 -1 0 -0 -1 0 0 -1 0 -0 -1 0 0 -1 0 -0 -1 0 0 -1 0 -0 -1 0 0 -1 0 -0 -1 0 0 -1 0 0 -1 0 -0 -1 0 -0 -1 0 0 -1 0 0 -1 0 -0 -1 0 0 -1 0 -0 -1 0 0 -1 0 -0 -1 0 -0 -1 0 0 -1 0 -0 -1 0 0 -1 0 -0 -1 0 0 -1 0 0 -1 0 0 -1 0 -0 -1 0 0 -1 0 -0 -1 0 0 -1 0 -0 -1 0 0 -1 0 0 -1 0 0 -1 0 0 -1 0 -0 -1 0 0 -1 0 0 -1 0 -0 -1 0 0 -1 0 -0 -1 0 0 -1 0 0 -1 0 -0 -1 0 0 -1 0 0 -1 0 0 -1 0 -0 -1 0 0 -1 0 0 -1 0 -0 -1 0 0 -1 0 -0 -1 0 0 -1 0 0 -1 0 0 -1 0 0 -1 0 -0 -1 0 0 -1 0 -0 -1 0 0 -1 0 0 -1 0 0 -1 0 0 -1 0 -0 -1 0 0 -1 0 -0 -1 0 0 1 0 0 1 0 0 1 0 0 1 0 0 1 0 0 1 0 0 1 0 0 1 0 0 1 0 0 1 0 0 1 0 0 1 0 0 1 0 0 1 0 0 1 0 0 1 0 0 1 0 0 1 0 0 1 0 0 1 0 0 1 0 0 1 0 0 1 0 0 1 0 0 1 0 0 1 0 0 1 0 0 1 0 0 1 0 0 1 0 0 1 0 0 1 0 0 1 0 0 1 0 0 1 0 0 1 0 0 1 0 0 1 0 0 1 0 0 1 0 0 1 0 0 1 0 0 1 0 0 1 0 0 1 0 0 1 0 0 1 0 0 1 0 0 1 0 0 1 0 0 1 0 0 1 0 0 1 0 0 1 0 0 1 0 0 1 0 0 1 0 0 1 0 0 1 0 0 1 0 0 1 0 0 1 0 0 1 0 0 1 0 0 1 0 0 1 0 0 1 0 0 1 0 0 1 0 0 1 0 0 1 0 0 1 0 0 1 0 0 1 0 0 1 0 0 1 0 0 1 0 0 1 0 0 1 0 0 1 0 0 1 0 0 1 0 0 1 0 0 1 0 0 1 0 0 1 0 0 1 0 0 1 0 0 1 0 0 1 0 0 1 0 0 1 0 0 1 0 0 1 0 0 1 0 0 1 0 0 1 0 0 1 0 0 1 0 0 1 0 0 1 0 0 1 0 0 1 0 0 1 0 0 1 0 0 1 0 0 1 0 0 1 0 0 1 0 0 1 0 0 1 0 0 1 0 0 1 0 0 1 0 0 1 0 0 1 0 0 1 0 0 1 0 0 1 0 0 1 0 0 1 0 0 1 0 0 1 0 0 1 0 0 1 0 0 1 0 0 1 0 0 1 0 0 1 0 0 1 0 0 -0.0006335349 -0.9539347 0.3000134 -0.001471214 -0.9536982 0.3007615 -0.001561896 -0.9533573 0.3018402 0.00295639 -0.9551754 0.2960257 -0.002418399 -0.9536256 0.3009858 0.001261381 -0.9542891 0.2988825 -0.0005267109 -0.9539669 0.2999117 0.0004709118 -0.9541773 0.2992414 0.001562475 -0.9543058 0.2988279 -0.005904417 -0.9533614 0.3017732 0.001358041 -0.9550173 0.296547 0.002184053 -0.9556053 0.2946416 -0.000791988 -0.9536075 0.3010516 0.0001590154 -0.9542112 0.2991336 4.047198e-06 -0.9541002 0.2994874 0.005129266 -0.9545522 0.2979998 -0.002097956 -0.9521249 0.3057024 -0.003530396 -0.9539229 0.3000309 0.01296448 -0.95458 0.2976726 0.0002099069 -0.9554453 0.2951683 -0.0001068805 -0.9535213 0.3013255 3.232475e-05 -0.9540882 0.2995259 3.213563e-05 -0.9540876 0.2995278 -0.0001052746 -0.9540108 0.2997721 4.660772e-06 -0.9541194 0.2994263 0.0001450375 -0.9543614 0.2986543 -4.560008e-06 -0.9540891 0.2995229 -0.0001290806 -0.9540849 0.2995364 7.476734e-06 -0.9540951 0.2995038 -0.001523153 -0.9540322 0.2997001 0.004745759 -0.9541149 0.2994032 -3.371378e-05 -0.9541059 0.2994693 0.00024311 -0.9540046 0.2997917 3.259228e-06 -0.9540939 0.2995078 -8.783816e-05 -0.9541288 0.2993964 2.267683e-05 -0.9540859 0.2995331 -0.0002116427 -0.9541674 0.2992731 -0.0001680337 -0.9541273 0.2994012 0.000108996 -0.9540718 0.2995779 0.0002227527 -0.9540196 0.2997442 -6.17364e-05 -0.9541069 0.2994663 -0.0002391677 -0.9541739 0.2992528 8.952017e-05 -0.9540751 0.2995676 3.964113e-05 -0.9540827 0.2995433 9.629837e-05 -0.9540736 0.2995722 5.077791e-05 -0.954079 0.2995548 3.764692e-06 -0.954094 0.2995073 0 -0.9540948 0.2995046 -0.0001571855 -0.9541437 0.299349 -0.0004054205 -0.954064 0.2996027 7.858472e-05 -0.9540719 0.2995775 7.483914e-05 -0.9540988 0.2994919 0.0001077845 -0.9540632 0.2996055 0.000205653 -0.9541078 0.2994632 -0.0001371667 -0.9541349 0.2993771 3.921008e-05 -0.954097 0.2994977 0.00020963 -0.9540348 0.2996959 3.739491e-05 -0.9540969 0.299498 -0.0001129636 -0.9541262 0.2994048 0.0001318051 -0.9541023 0.2994809 0.0001762502 -0.954046 0.2996602 -0.0001451041 -0.9540877 0.2995273 -0.000234167 -0.9541578 0.2993039 0.0001172352 -0.9541005 0.2994869 3.630785e-05 -0.9540857 0.2995338 0 -0.9540952 0.2995034 1.725467e-06 -0.9540948 0.2995051 0 -0.9540944 0.2995062 0 -0.2995075 -0.9540939 0 -0.2995075 -0.9540939 1 0 0 1 0 -0 1 0 0 1 0 0 1 0 0 1 0 0 1 0 0 1 0 0 1 0 0 1 0 0 1 0 0 1 0 0 1 0 0 1 0 0 1 0 0 1 0 0 1 0 0 1 0 0 1 0 0 1 0 0 1 0 0 1 0 0 1 0 0 1 0 0 1 0 0 1 0 0 1 0 0 1 0 0 1 0 0 1 0 0 1 0 0 1 0 0 1 0 0 1 0 0 1 0 0 1 0 0 1 0 0 1 0 0 1 0 0 1 0 0 1 0 0 1 0 0 1 0 0 1 0 0 1 0 0 1 0 0 1 0 0 1 0 0 1 0 0 1 0 0 1 0 0 1 0 0 1 0 0 1 0 0 1 0 0 1 0 0 1 0 0 1 0 0 1 0 0 1 0 0 1 0 0 1 0 0 1 0 0 1 0 0 1 0 0 1 0 0 1 0 0 1 0 0 0.001507952 0.3009346 0.9536436 0.001685971 0.3014618 0.9534768 0.0005352203 0.299931 0.9539607 -0.0005213169 0.2988967 0.9542853 -0.0008286005 0.2990315 0.9542428 0.0007002816 0.2999055 0.9539687 7.246463e-05 0.2995748 0.9540728 0.0007468155 0.2999336 0.9539598 -0.0001435387 0.2992308 0.9541807 0.0001333912 0.2996973 0.9540343 0.0001538497 0.2995945 0.9540666 -1.305974e-06 0.2995108 0.9540929 0.0005864282 0.3008654 0.9536664 -0.002097249 0.2988957 0.9542835 -9.220518e-05 0.2993025 0.9541583 -3.217491e-05 0.2994913 0.954099 6.73014e-05 0.2995228 0.9540891 -4.892733e-05 0.2991652 0.9542013 -0.0001289855 0.2987813 0.9543216 -4.362885e-05 0.2994851 0.9541009 6.846494e-05 0.2995232 0.9540889 -0.001692098 0.2992738 0.9541658 0.0005229125 0.2996205 0.9540583 1.296672e-05 0.2995091 0.9540935 -4.167642e-06 0.2995008 0.954096 -2.226766e-05 0.299489 0.9540998 -1.226773e-05 0.299495 0.9540978 1.373945e-05 0.2995172 0.9540908 3.563162e-05 0.2996865 0.9540377 3.810774e-06 0.2995072 0.954094 -2.227186e-05 0.2985635 0.9543898 1.606464e-06 0.2995051 0.9540948 2.808785e-05 0.2994942 0.9540982 -6.105732e-06 0.2995207 0.9540898 -3.091245e-05 0.2995205 0.9540899 6.875384e-06 0.299496 0.9540976 -9.401293e-06 0.2995253 0.9540884 -3.457078e-05 0.2995221 0.9540893 1.67268e-05 0.2994809 0.9541023 1.276147e-05 0.2994978 0.954097 4.227964e-06 0.2995009 0.954096 4.526674e-05 0.2994812 0.9541022 -2.10372e-06 0.2995105 0.954093 -1.587413e-06 0.2995075 0.9540939 -1.871266e-05 0.2995343 0.9540855 -6.210481e-05 0.2995431 0.9540827 -1.156073e-05 0.2995245 0.9540885 2.80506e-05 0.2994871 0.9541004 4.92707e-05 0.2994462 0.9541132 2.915445e-05 0.2994867 0.9541005 -3.303466e-05 0.2995471 0.9540815 -2.218217e-05 0.2995213 0.9540896 4.079913e-05 0.2994608 0.9541086 -2.342531e-05 0.2995223 0.9540893 -2.334329e-05 0.2995325 0.9540862 5.218058e-05 0.2994652 0.9541073 -3.777647e-05 0.2995479 0.9540812 1.142141e-05 0.2994975 0.9540972 3.140068e-05 0.2994768 0.9541036 -5.892811e-05 0.2995556 0.9540788 1.133106e-05 0.2994967 0.9540973 -2.255924e-05 0.2995247 0.9540886 7.44558e-05 0.2994377 0.9541158 3.159249e-07 0.2995072 0.9540941 0 0.2995066 0.9540942 0 0.2995066 0.9540943 7.044981e-07 0.2995068 0.9540941 0 0.2995067 0.9540942 1.66124e-06 -0.2995066 -0.9540942 -2.239069e-06 -0.2995071 -0.9540941 0 -0.299505 -0.9540948 0 -0.299505 -0.9540948 0 -0.2995065 -0.9540942 8.24469e-06 -0.2994772 -0.9541035 6.21267e-06 -0.2994843 -0.9541013 -4.826872e-06 -0.2995313 -0.9540865 2.613844e-05 -0.2994615 -0.9541084 -1.58675e-05 -0.2995341 -0.9540856 -7.057703e-06 -0.299518 -0.9540907 -1.607161e-06 -0.2995073 -0.9540941 1.372399e-06 -0.2995009 -0.954096 1.433976e-05 -0.2994705 -0.9541056 -1.694494e-05 -0.2995525 -0.9540797 6.318497e-07 -0.2995071 -0.9540941 -1.042458e-05 -0.2994966 -0.9540973 3.418333e-05 -0.2995407 -0.9540835 -1.97976e-05 -0.2994853 -0.9541009 1.54258e-06 -0.2995081 -0.9540938 1.25899e-05 -0.2995204 -0.9540899 -1.553495e-05 -0.2994876 -0.9541002 1.75486e-05 -0.2995281 -0.9540874 1.399721e-05 -0.2995235 -0.9540889 -2.224439e-05 -0.2994744 -0.9541043 -1.37369e-05 -0.2994865 -0.9541005 1.159554e-05 -0.2995248 -0.9540884 2.213556e-05 -0.2995417 -0.9540831 -2.543487e-05 -0.2994611 -0.9541085 2.949594e-05 -0.2995599 -0.9540775 -2.673641e-05 -0.2994524 -0.9541112 -2.41341e-08 -0.2995066 -0.9540942 5.933829e-07 -0.2995079 -0.9540938 1.409708e-05 -0.2995135 -0.954092 -1.202303e-05 -0.299502 -0.9540957 6.017278e-06 -0.2995104 -0.954093 1.16274e-05 -0.2995132 -0.9540921 1.890063e-05 -0.299517 -0.954091 1.587412e-06 -0.2995074 -0.954094 -2.674466e-05 -0.2994907 -0.9540992 -2.872071e-05 -0.2994895 -0.9540995 5.86144e-05 -0.2995468 -0.9540817 -4.153413e-05 -0.2994777 -0.9541033 -2.784406e-06 -0.2995057 -0.9540945 3.783174e-05 -0.2995366 -0.9540848 -1.150378e-05 -0.2994974 -0.9540972 -8.915459e-06 -0.2994996 -0.9540964 -5.548098e-06 -0.2995025 -0.9540955 2.707766e-05 -0.2995316 -0.9540864 -8.068146e-07 -0.2995059 -0.9540945 -3.673212e-06 -0.299463 -0.9541079 -4.762795e-06 -0.2994497 -0.9541121 1.053386e-05 -0.29962 -0.9540587 -2.777221e-06 -0.2994848 -0.9541011 1.251237e-06 -0.299522 -0.9540893 -6.381728e-06 -0.2994579 -0.9541095 9.505439e-07 -0.2995139 -0.9540919 5.919252e-06 -0.2995485 -0.9540811 -9.064186e-06 -0.2994535 -0.9541109 2.773659e-06 -0.299522 -0.9540893 1.386288e-06 -0.2995147 -0.9540917 -8.130845e-06 -0.2994685 -0.9541062 1.879234e-05 -0.2995887 -0.9540685 -3.473934e-06 -0.299497 -0.9540972 -1.579161e-05 -0.2994501 -0.9541119 1.049764e-05 -0.299543 -0.9540828 -1.481464e-05 -0.3000073 -0.9539369 -0.0008435889 -0.2995552 -0.9540786 4.438997e-05 -0.2988564 -0.9542981 -2.272638e-05 -0.2997246 -0.9540258 -2.336095e-05 -0.2995168 -0.954091 -0.0001148238 -0.2995297 -0.954087 2.778562e-06 -0.2995058 -0.9540944 -1.171645e-05 -0.299618 -0.9540592 -5.060297e-05 -0.2995194 -0.9540902 -8.744304e-06 -0.2995144 -0.9540917 0.0004079133 -0.2993542 -0.9541419 0.0001365129 -0.2991315 -0.9542118 -0.0002694583 -0.3001355 -0.9538965 0.0005747842 -0.2981904 -0.9545063 -9.612583e-06 -0.2995213 -0.9540896 -0.001148055 -0.3000148 -0.9539338 -0.0002184101 -0.2995814 -0.9540707 8.600861e-06 -0.2994979 -0.9540969 3.283748e-05 -0.2994821 -0.954102 -1.605636e-05 -0.2995371 -0.9540846 -0.0002078973 -0.2996245 -0.9540572 0.0004313468 -0.2988956 -0.9542857 -0.0002548367 -0.2998753 -0.9539783 -3.441616e-05 -0.2995248 -0.9540885 -0.001581669 -0.3006189 -0.953743 0.0003402611 -0.299069 -0.9542314 -6.610212e-06 -0.2995153 -0.9540915 -6.781599e-05 -0.2995458 -0.954082 0.0002743884 -0.2993168 -0.9541537 -3.071449e-05 -0.2995584 -0.9540779 -3.720786e-06 -0.2995129 -0.9540923 -0 -0.299505 -0.9540948 0 -0.299505 -0.9540948 1.368907e-05 -0.2997527 -0.9540169 1.437228e-05 -0.2997649 -0.9540132 -1.500294e-06 -0.2994936 -0.9540983 -1.412934e-05 -0.299288 -0.9541628 1.18487e-05 -0.2996863 -0.9540377 -4.968599e-06 -0.2994458 -0.9541132 0 0.9540928 -0.2995112 0 0.9540928 -0.2995112 0 -0.9540928 0.2995112 0 -0.9540928 0.2995112 -1 0 -0 -1 0 0 -1 0 0 -1 0 -0 -1 0 0 -1 0 -0 -1 0 -0 -1 0 0 -1 0 0 -1 0 -0 -1 0 0 -1 0 -0 -1 0 0 -1 0 0 -1 0 0 -1 0 0 -1 0 -0 -1 -0 -0 -1 -0 -0 -1 -0 -0 -1 -0 -0 -1 0 0 -1 0 0 -1 0 -0 -1 0 0 -1 0 0 -1 0 0 -1 0 0 -1 0 0 -1 0 0 -1 0 0 -1 0 0 -1 0 0 -1 0 0 -1 0 0 -1 0 0 -1 0 0 -1 0 0 -1 0 0 -1 0 0 -1 0 0 -1 0 0 -1 0 0 -1 0 0 -1 0 0 -1 0 0 -1 0 0 -1 0 0 -1 0 0 -1 0 0 -1 0 0 -1 0 0 -1 0 0 -1 0 0 -1 0 0 -1 0 0 -1 0 0 -1 0 0 -1 0 0 -1 0 0 -1 0 0 -1 0 0 -1 0 0 -1 0 0 -1 0 0 -1 0 0 -1 0 0 -1 0 0 -1 0 0 -1 0 0 -1 0 0 -1 0 0 -1 0 0 -1 0 0 -1 0 0 -1 0 0 -1 0 0 -1 0 0 -1 0 0 -1 0 0 -1 0 0 -1 0 0 -1 0 -0 -1 0 -0 0 0.9540927 -0.2995113 0 0.9540927 -0.2995113 -0.02448673 -0.9538067 0.2994214 -0.02448673 -0.9538066 0.2994215 -0.07365765 -0.9515038 0.2986888 -0.07345244 -0.9515155 0.2987022 -0.1224019 -0.9469213 0.2972503 -0.1224019 -0.9469213 0.2972503 -0.1709137 -0.9400542 0.2951042 -0.219183 -0.9308928 0.2922283 -0.171114 -0.9400238 0.2950851 -0.2665887 -0.9195672 0.2886635 -0.2189866 -0.9309376 0.2922328 -0.3137009 -0.9059319 0.2843925 -0.2667804 -0.9195139 0.2886562 -0.3137009 -0.9059319 0.2843925 -0.3599377 -0.890146 0.2794369 -0.3599377 -0.890146 0.2794369 -0.4052788 -0.872225 0.2738111 -0.4051063 -0.8723006 0.2738259 -0.4495175 -0.8522638 0.2675452 -0.4496886 -0.8521842 0.2675112 -0.4929739 -0.8301052 0.2605803 -0.4928116 -0.8301904 0.2606159 -0.5349658 -0.806088 0.2530492 -0.535113 -0.8060014 0.2530138 -0.5757634 -0.7800819 0.2448853 -0.5757634 -0.7800819 0.2448853 -0.6153394 -0.7520775 0.2360864 -0.653098 -0.7225112 0.2268052 -0.6152111 -0.7521708 0.2361234 -0.6895394 -0.691 0.2169205 -0.6532163 -0.7224117 0.2267814 -0.6895394 -0.691 0.2169205 -0.7242281 -0.6579047 0.2065311 -0.7242281 -0.6579047 0.2065311 -0.7572448 -0.6231477 0.1956201 -0.7572448 -0.6231477 0.1956201 -0.788359 -0.5869744 0.1842585 -0.7882808 -0.5870682 0.1842939 -0.8175837 -0.5493774 0.1724563 -0.8175838 -0.5493774 0.1724564 -0.8448384 -0.5104603 0.160245 -0.8701109 -0.4702303 0.1476159 -0.8448974 -0.5103727 0.1602123 -0.8931962 -0.4290254 0.1346764 -0.8700607 -0.4703162 0.1476381 -0.8932379 -0.4289451 0.1346556 -0.9142035 -0.3866515 0.1213786 -0.9142373 -0.3865796 0.1213521 -0.9329919 -0.3433763 0.1077901 -0.932992 -0.3433763 0.1077901 -0.9495285 -0.2992814 0.09394813 -0.9495285 -0.2992814 0.09394814 -0.9637755 -0.2544718 0.07988183 -0.9637755 -0.2544718 0.07988183 -0.9756996 -0.2090536 0.06562664 -0.9757095 -0.2090121 0.06561149 -0.9852777 -0.163114 0.05120348 -0.9852716 -0.1631466 0.05121542 -0.9924785 -0.1167989 0.03666582 -0.9924816 -0.1167753 0.03665722 -0.9972904 -0.07018952 0.02203408 -0.9996989 -0.02340807 0.007348322 -0.9972904 -0.07018952 0.02203408 -0.9996989 -0.02340807 0.007348322 0 -0.9540928 0.2995113 0 -0.9540928 0.2995113 1 0 0 1 0 0 1 0 0 1 0 0 1 0 0 1 0 0 1 0 0 1 0 0 1 0 0 1 0 0 1 0 0 1 0 0 1 0 0 1 0 -0 1 0 0 1 0 -0 1 0 0 1 0 -0 1 0 0 1 0 0 1 0 0 1 0 -0 1 0 0 1 0 -0 1 0 0 1 0 -0 1 0 0 1 0 -0 1 0 0 1 0 -0 1 0 0 1 0 -0 1 0 0 1 0 -0 1 0 0 1 0 -0 1 0 0 1 0 -0 1 0 0 1 0 -0 1 0 0 1 0 -0 1 0 0 1 0 -0 1 0 0 1 0 -0 1 0 0 1 0 -0 1 0 -0 1 0 -0 1 0 0 1 0 0 1 0 0 1 0 0 1 0 -0 1 0 -0 1 0 -0 1 0 -0 1 0 -0 1 0 -0 1 0 -0 1 0 -0 1 0 -0 1 0 -0 1 0 -0 1 0 -0 1 0 -0 1 0 -0 1 0 -0 1 0 -0 1 0 -0 1 0 -0 1 0 -0 1 0 -0 1 0 -0 1 0 -0 1 0 0 1 0 -0 1 0 0 1 0 0 1 0 0 1 0 0 1 0 0 1 0 0 -0.0009901966 -0.2995542 -0.9540787 -0.001116423 -0.2996715 -0.9540417 -0.0007160259 -0.2996902 -0.9540364 0.0001639399 -0.2994553 -0.9541103 -7.974522e-05 -0.2995382 -0.9540843 -5.311194e-05 -0.2995213 -0.9540896 -0.0004146092 -0.2996352 -0.9540538 -0.001091996 -0.3000673 -0.9539174 -0.0002808717 -0.299683 -0.9540388 -5.060844e-05 -0.299537 -0.9540846 1.878501e-06 -0.2995079 -0.9540938 1.038635e-05 -0.2995045 -0.9540949 9.626433e-05 -0.2994527 -0.9541112 9.441713e-05 -0.2994296 -0.9541184 0.0004460021 -0.2990946 -0.9542234 0.0004514485 -0.2989031 -0.9542834 -0.0002988565 -0.2998684 -0.9539806 -9.902925e-06 -0.2995119 -0.9540925 1.106652e-05 -0.2994899 -0.9540995 -0.0006497995 -0.3005428 -0.9537681 0.0001764966 -0.2992276 -0.9541817 1.540139e-05 -0.299499 -0.9540967 0.0003706279 -0.298382 -0.9544465 0.0001635404 -0.2990335 -0.9542426 2.139673e-05 -0.2994441 -0.9541139 -2.944915e-05 -0.2995797 -0.9540713 -4.006683e-05 -0.2997921 -0.9540045 4.514006e-05 -0.2985276 -0.9544011 -3.387629e-06 -0.2995103 -0.954093 -1.00315e-05 -0.2995987 -0.9540653 1.02857e-06 -0.2994916 -0.9540989 0 -0.2995071 -0.9540941 0 -0.2995071 -0.9540941 0 0.9415061 -0.336996 0 0.9415061 -0.336996 0 0.9124212 -0.4092523 0 0.9124212 -0.4092523 0 0.8772413 -0.4800498 0 0.8772413 -0.4800498 0 0.8369915 -0.5472159 0 0.8369915 -0.5472159 0 0.7911312 -0.6116465 0 0.7911312 -0.6116465 0 0.7416131 -0.6708277 0 0.7416131 -0.6708277 0 0.6860482 -0.7275562 0 0.6860482 -0.7275562 0 0.6265125 -0.7794114 0 0.6265125 -0.7794114 0 0.5638866 -0.8258522 0 0.5638866 -0.8258522 0 0.4976292 -0.8673899 0 0.4976292 -0.8673899 0 0.4275852 -0.9039751 0 0.4275852 -0.9039751 0 0.3553427 -0.9347361 0 0.3553427 -0.9347361 0 0.2811469 -0.9596648 0 0.2811469 -0.9596648 0 0.2048978 -0.9787834 0 0.2048978 -0.9787834 0 0.1273995 -0.9918515 0 0.1273995 -0.9918515 0 0.04928623 -0.9987847 0 0.04928623 -0.9987847 0 -0.02937165 -0.9995685 0 -0.02937165 -0.9995685 0 -0.1076314 -0.9941908 0 -0.1076314 -0.9941908 0 -0.1853399 -0.9826745 0 -0.1853399 -0.9826745 0 -0.2618017 -0.9651217 0 -0.2618017 -0.9651217 0 -0.3367697 -0.941587 0 -0.3367697 -0.941587 0 -0.409279 -0.9124093 0 -0.409279 -0.9124093 0 -0.4801266 -0.8771992 0 -0.4801266 -0.8771992 0 -0.5472159 -0.8369915 0 -0.5472159 -0.8369915 0 -0.6114829 -0.7912577 0 -0.6114829 -0.7912577 0 -0.6713487 -0.7411416 0 -0.6713487 -0.7411416 0 -0.7272502 -0.6863725 0 -0.7272502 -0.6863725 0 -0.7791672 -0.6268161 0 -0.7791672 -0.6268161 0 -0.8260694 -0.5635684 0 -0.8260694 -0.5635684 0 -0.8675152 -0.4974106 0 -0.8675152 -0.4974106 0 -0.9038581 -0.4278324 0 -0.9038581 -0.4278324 0 -0.9346059 -0.355685 0 -0.9346059 -0.355685 0 -0.9596842 -0.2810804 0 -0.9596842 -0.2810804 0 -0.978721 -0.2051956 0 -0.978721 -0.2051956 0 -0.9919199 -0.1268662 0 -0.9919199 -0.1268662 0 -0.9987616 -0.04975151 0 -0.9987616 -0.04975151 0 -0.9995545 0.02984673 0 -0.9995545 0.02984673 0 -0.9942626 0.1069668 0 -0.9942626 0.1069668 0 -0.9826798 0.1853116 0 -0.9826798 0.1853116 0 -0.9649644 0.2623808 0 -0.9649644 0.2623808 -1 0 0 -1 0 0 -1 0 -0 -1 0 0 -1 0 0 -1 0 0 -1 0 -0 -1 0 0 -1 0 -0 -1 0 0 -1 0 0 -1 0 0 -1 0 0 -1 0 -0 -1 0 0 -1 0 0 -1 0 0 -1 0 -0 -1 0 0 -1 0 0 -1 0 -0 -1 0 0 -1 0 0 -1 0 -0 -1 0 0 -1 0 -0 -1 0 0 -1 0 0 -1 0 0 -1 0 -0 -1 0 0 -1 0 0 -1 0 0 -1 0 -0 -1 0 0 -1 0 0 -1 0 -0 -1 0 0 -1 0 -0 -1 0 -0 -1 0 0 -1 0 -0 -1 0 -0 -1 0 0 -1 0 0 -1 0 0 -1 0 -0 -1 0 0 -1 0 -0 -1 0 0 -1 0 0 -1 0 -0 -1 0 -0 -1 0 -0 -1 0 -0 -1 0 0 -1 0 0 -1 0 -0 -1 0 -0 -1 0 0 -1 0 0 -1 0 -0 -1 0 -0 -1 0 0 -1 0 0 -1 0 -0 -1 0 -0 -1 0 0 -1 0 0 -1 0 0 -1 0 -0 -1 0 0 -1 0 -0 -1 0 -0 -1 0 -0 -1 0 0 -1 0 -0 -1 0 0 -1 0 -0 -1 0 0 -1 0 0 -1 0 -0 -1 0 0 -1 0 -0 -1 0 0 -1 0 -0 -1 0 -0 -1 0 0 -1 0 0 -1 0 0 -1 0 0 -1 0 -0 -1 0 0 -1 0 0 -1 0 -0 -1 0 0 -1 0 0 -1 0 0 -1 0 -0 -1 0 0 -1 0 -0 -1 0 0 -1 0 0 -1 0 -0 -1 0 -0 -1 0 0 -1 0 0 -1 0 -0 -1 0 0 -1 0 0 -1 0 0 -1 0 -0 -1 0 -0 -1 0 0 -1 0 0 -1 0 -0 -1 0 -0 -1 0 0 -1 0 0 -1 0 -0 -1 0 0 -1 0 0 -1 0 0 -1 0 -0 -1 0 0 -1 0 -0 -1 0 0 -1 0 0 -1 0 0 -1 0 -0 -1 0 0 -1 0 0 -1 0 -0 -1 0 0 -1 0 -0 -1 0 0 -1 0 -0 -1 0 0 -1 0 0 -1 0 0 -1 0 -0 -1 0 0 -1 0 0 -1 0 0 -1 0 0 -1 0 -0 -1 0 0 -1 0 0 -1 0 -0 -1 0 0 -1 0 -0 -1 0 0 -1 0 -0 -1 0 0 -1 0 -0 -1 0 0 -1 0 0 -1 0 -0 -1 0 0 -1 0 0 -1 0 0 -1 0 -0 -1 0 0 -1 0 0 -1 0 0 -1 0 0 -1 0 -0 -1 0 0 -1 0 -0 -1 0 -0 -1 0 0 -1 0 -0 -1 0 0 -1 0 -0 -1 0 0 -1 0 0 -1 0 -0 -1 0 -0 -1 0 0 -1 0 -0 -1 0 -0 -1 0 0 -1 0 0 -1 0 -0 -1 0 0 -1 0 -0 -1 0 -0 -1 0 0 -1 0 0 -1 0 -0 -1 0 0 -1 0 -0 -1 0 0 -1 0 0 -1 0 -0 -1 0 -0 -1 0 0 -1 0 -0 -1 0 -0 -1 0 0 -1 0 -0 -1 0 0 -1 0 -0 -1 0 0 -1 0 -0 -1 0 0 -1 0 -0 -1 0 0 -1 0 0 -1 0 -0 -1 0 0 -1 0 -0 -1 0 0 -1 0 0 -1 0 -0 -1 0 0 -1 0 0 -1 0 0 -1 0 0 -1 0 -0 -1 0 0 -1 0 -0 -1 0 0 -1 0 0 -1 0 -0 -1 0 -0 -1 0 0 -1 0 -0 -1 0 0 -1 0 0 -1 0 -0 -1 0 0 -1 0 0 -1 0 0 -1 0 -0 -1 0 0 -1 0 0 -1 0 0 -1 0 0 -1 0 0 -1 0 -0 -1 0 0 -1 0 0 -1 0 -0 -1 0 0 -1 0 0 -1 0 0 -1 0 0 -1 0 -0 -1 0 0 -1 0 0 -1 0 -0 0 -0.9612516 0.2756725 0 -0.9612516 0.2756725 0 -0.9738129 0.227351 0 -0.9839372 0.1785152 0 -0.9738129 0.227351 0 -0.9839372 0.1785152 0 -0.991606 0.1292963 0 -0.9968194 0.07969328 0 -0.991606 0.1292963 0 -0.9968194 0.07969328 0 -0.9995509 0.02996485 -0 -0.9997995 -0.02001894 0 -0.9995509 0.02996485 -0 -0.9997995 -0.02001894 -0 -0.9975647 -0.06974839 0 -0.9975647 -0.06974839 -0 -0.9928522 -0.1193507 0 -0.9928522 -0.1193507 -0 -0.9760241 -0.2176629 -0 -0.985647 -0.1688196 0 -0.985647 -0.1688196 -0 -0.9639757 -0.2659903 -0 -0.9760241 -0.2176629 -0 -0.9639757 -0.2659903 -0 -0.9326741 -0.3607205 -0 -0.9494899 -0.3137977 0 -0.9494899 -0.3137977 -0 -0.9326741 -0.3607205 -0 -0.9135353 -0.4067595 0 -0.9135353 -0.4067595 -0 -0.8921364 -0.4517663 0 -0.8921364 -0.4517663 -0 -0.8685254 -0.4956445 0 -0.8685254 -0.4956445 0 -0.8427203 -0.5383515 -0 -0.8147907 -0.5797552 -0 -0.8427203 -0.5383515 -0 -0.8147907 -0.5797552 0 -0.7849326 -0.6195812 -0 -0.7849326 -0.6195812 0 -0.7530593 -0.6579526 -0 -0.7530593 -0.6579526 0 -0.7193279 -0.6946708 -0 -0.7193279 -0.6946708 0 -0.6838394 -0.7296327 -0 -0.6838394 -0.7296327 0 -0.6465614 -0.7628619 -0 -0.6465614 -0.7628619 0 -0.6078163 -0.7940776 -0 -0.6078163 -0.7940776 0 -0.567416 -0.8234313 -0 -0.567416 -0.8234313 -0 -0.5256483 -0.850702 0 -0.5256483 -0.850702 -0 -0.4826504 -0.8758131 0 -0.4826504 -0.8758131 0 -0.4383555 -0.8988016 -0 -0.4383555 -0.8988016 -0 -0.392992 -0.919542 0 -0.392992 -0.919542 -0 -0.3466898 -0.9379799 0 -0.3466898 -0.9379799 -0 -0.2995236 -0.9540889 0 -0.2995236 -0.9540889 -0 -0.251555 -0.967843 0 -0.251555 -0.967843 -0 -0.2030325 -0.9791721 0 -0.2030325 -0.9791721 -0 -0.1045338 -0.9945214 -0 -0.1539529 -0.9880782 0 -0.1539529 -0.9880782 -0 -0.1045338 -0.9945214 -0 -0.05481149 -0.9984967 0 -0.05481149 -0.9984967 -0 -0.004972525 -0.9999877 0 -0.004972525 -0.9999877 0 0.09461653 -0.9955139 0 0.04487115 -0.9989928 0 0.04487115 -0.9989928 0 0.09461653 -0.9955139 0 0.1932648 -0.9811466 0 0.1441118 -0.9895614 0 0.1441118 -0.9895614 0 0.1932648 -0.9811466 0 0.2419505 -0.9702886 0 0.2419505 -0.9702886 0 0.2899729 -0.9570349 0 0.2899729 -0.9570349 0 0.3373358 -0.9413844 0 0.3838727 -0.923386 0 0.3373358 -0.9413844 0 0.3838727 -0.923386 0 0.4738784 -0.8805903 0 0.4293897 -0.9031193 0 0.4293897 -0.9031193 0 0.4738784 -0.8805903 0 0.5591794 -0.8290467 0 0.5171935 -0.8558686 0 0.5171935 -0.8558686 0 0.5591794 -0.8290467 0 0.6389513 -0.7692471 0 0.5998367 -0.8001223 0 0.5998367 -0.8001223 0 0.6389513 -0.7692471 0 0.7123707 -0.7018034 0 0.6765383 -0.7364073 0 0.6765383 -0.7364073 0 0.7123707 -0.7018034 0 0.7464518 -0.6654394 0 0.7464518 -0.6654394 0 0.8090613 -0.5877243 0 0.7787308 -0.6273583 0 0.7787308 -0.6273583 0 0.8090613 -0.5877243 0 0.8635279 -0.5043011 0 0.8372943 -0.5467525 0 0.8372943 -0.5467525 0 0.8875639 -0.4606847 0 0.8635279 -0.5043011 0 0.8875639 -0.4606847 0 0.9094511 -0.415811 0 0.9094511 -0.415811 0 0.9290669 -0.3699117 0 0.9290669 -0.3699117 0 0.9463192 -0.3232337 0 0.9463192 -0.3232337 0 -0.2760432 -0.9611452 0 -0.2284676 -0.9735515 0 -0.2760432 -0.9611452 0 -0.1804582 -0.9835827 0 -0.2284676 -0.9735515 0 -0.1320212 -0.9912469 0 -0.1804582 -0.9835827 0 -0.08318955 -0.9965338 0 -0.1320212 -0.9912469 0 -0.03416144 -0.9994164 0 -0.08318955 -0.9965338 0 0.01489263 -0.9998891 0 -0.03416144 -0.9994164 0 0.06391093 -0.9979556 0 0.01489263 -0.9998891 0 0.06391093 -0.9979556 0 0.1128539 -0.9936116 0 0.1128539 -0.9936116 0 0.161444 -0.9868819 0 0.209682 -0.9777696 0 0.161444 -0.9868819 0 0.2573686 -0.9663133 0 0.209682 -0.9777696 0 0.2573686 -0.9663133 0 0.3044994 -0.9525125 0 0.3044994 -0.9525125 0 0.3508781 -0.9364212 0 0.3508781 -0.9364212 0 0.3964432 -0.9180592 0 0.3964432 -0.9180592 0 0.4409606 -0.8975265 0 0.4409606 -0.8975265 0 0.4844179 -0.8748367 0 0.4844179 -0.8748367 0 0.5268875 -0.849935 0 0.5268875 -0.849935 0 0.5678368 -0.8231411 0 0.5678368 -0.8231411 0 0.6076532 -0.7942024 0 0.6076532 -0.7942024 0 0.6458057 -0.7635018 0 0.6458057 -0.7635018 0 0.6824921 -0.730893 0 0.6824921 -0.730893 0 0.7176141 -0.696441 0 0.7176141 -0.696441 0 0.7508159 -0.6605116 0 0.7508159 -0.6605116 0 0.7824072 -0.6227672 0 0.7824072 -0.6227672 0 0.8119717 -0.5836969 0 0.8119717 -0.5836969 0 0.8396235 -0.5431688 0 0.8396235 -0.5431688 0 0.865351 -0.5011662 0 0.865351 -0.5011662 0 0.8887808 -0.4583325 0 0.8887808 -0.4583325 0 0.9102387 -0.414084 0 0.9102387 -0.414084 0 0.9294937 -0.3688378 0 0.9294937 -0.3688378 0 0.9464593 -0.3228233 0 0.9464593 -0.3228233 0 0.2760432 0.9611452 0 0.2760432 0.9611452 0 0.2284676 0.9735515 0 0.2284676 0.9735515 0 0.1804582 0.9835827 0 0.1804582 0.9835827 0 0.1320212 0.9912469 0 0.1320212 0.9912469 0 0.08318955 0.9965338 0 0.08318955 0.9965338 0 0.03416144 0.9994164 0 0.03416144 0.9994164 0 -0.01489263 0.9998891 0 -0.01489263 0.9998891 0 -0.06391093 0.9979556 0 -0.06391093 0.9979556 0 -0.1128539 0.9936116 0 -0.1128539 0.9936116 0 -0.161444 0.9868819 0 -0.161444 0.9868819 0 -0.209682 0.9777696 0 -0.209682 0.9777696 0 -0.2573686 0.9663133 0 -0.2573686 0.9663133 0 -0.3044994 0.9525125 0 -0.3044994 0.9525125 0 -0.3508781 0.9364212 0 -0.3508781 0.9364212 0 -0.3964432 0.9180592 0 -0.3964432 0.9180592 0 -0.4409606 0.8975265 0 -0.4409606 0.8975265 0 -0.4844179 0.8748367 0 -0.4844179 0.8748367 0 -0.5268875 0.849935 0 -0.5268875 0.849935 0 -0.5678368 0.8231411 0 -0.5678368 0.8231411 0 -0.6076532 0.7942024 0 -0.6076532 0.7942024 0 -0.6458238 0.7634865 0 -0.6458238 0.7634865 0 -0.6824755 0.7309085 0 -0.6824755 0.7309085 0 -0.7176141 0.696441 0 -0.7176141 0.696441 0 -0.7508159 0.6605116 0 -0.7508159 0.6605116 0 -0.7824072 0.6227672 0 -0.7824072 0.6227672 0 -0.8119717 0.5836969 0 -0.8119717 0.5836969 0 -0.8396235 0.5431688 0 -0.8396235 0.5431688 0 -0.865351 0.5011662 0 -0.865351 0.5011662 0 -0.8887808 0.4583325 0 -0.8887808 0.4583325 0 -0.9103324 0.4138779 0 -0.9103324 0.4138779 0 -0.9294084 0.3690527 0 -0.9294084 0.3690527 0 -0.9464593 0.3228233 0 -0.9464593 0.3228233 -0.02473961 -0.9538008 0.2994195 -0.07351697 -0.9515132 0.2986936 -0.02451177 -0.9538084 0.2994141 -0.1222761 -0.9469358 0.2972564 -0.07350771 -0.9515139 0.2986935 -0.1709956 -0.9400408 0.2950999 -0.1225098 -0.9469059 0.2972551 -0.2192009 -0.930889 0.292227 -0.1709956 -0.9400408 0.2950999 -0.2666772 -0.9195434 0.2886578 -0.2189839 -0.9309377 0.2922347 -0.3136052 -0.9059643 0.2843949 -0.2666686 -0.9195457 0.2886583 -0.3599629 -0.8901367 0.2794339 -0.3138191 -0.9058946 0.2843807 -0.3597645 -0.8902118 0.2794502 -0.4053187 -0.8722103 0.2737993 -0.4053187 -0.8722102 0.2737993 -0.4494589 -0.852294 0.2675473 -0.4929191 -0.8301325 0.2605973 -0.4496408 -0.8522047 0.2675262 -0.5351017 -0.8060058 0.2530234 -0.4929191 -0.8301325 0.2605973 -0.5758138 -0.7800499 0.2448686 -0.5349323 -0.8061101 0.2530492 -0.6152086 -0.7521746 0.2361184 -0.57582 -0.7800456 0.2448675 -0.6530668 -0.7225366 0.2268143 -0.6152027 -0.7521789 0.2361195 -0.6896396 -0.6909088 0.2168921 -0.6532082 -0.7224184 0.2267836 -0.7242037 -0.6579307 0.2065337 -0.6895102 -0.6910281 0.2169234 -0.7572227 -0.6231722 0.1956278 -0.7243165 -0.6578161 0.2065033 -0.7883189 -0.5870231 0.1842748 -0.7571214 -0.6232857 0.1956581 -0.8176255 -0.5493194 0.1724437 -0.7884086 -0.5869119 0.1842449 -0.8448488 -0.5104459 0.1602361 -0.8175467 -0.5494273 0.1724729 -0.8700938 -0.4702601 0.1476214 -0.8448514 -0.5104418 0.160235 -0.893193 -0.4290313 0.1346789 -0.8700916 -0.470264 0.1476225 -0.9142079 -0.3866418 0.1213756 -0.8932409 -0.4289394 0.1346537 -0.9142079 -0.3866419 0.1213756 -0.9330128 -0.3433245 0.1077745 -0.9495144 -0.2993219 0.09396142 -0.9329833 -0.3433967 0.1078 -0.9637901 -0.2544205 0.07986841 -0.9495378 -0.2992537 0.09394258 -0.9637732 -0.2544793 0.07988471 -0.9757004 -0.2090505 0.06562386 -0.9852736 -0.163136 0.05121068 -0.9757 -0.2090524 0.06562453 -0.99248 -0.1167877 0.0366623 -0.9852805 -0.1630975 0.05119997 -0.9972913 -0.07017563 0.02202911 -0.9924764 -0.1168155 0.03667002 -0.9996988 -0.02341795 0.007351221 -0.9972914 -0.07017563 0.02202911 -0.9996988 -0.02341795 0.007351221 -0.9996991 0.007346513 0.0234029 -0.9972883 0.02204136 0.07021448 -0.9996991 0.007346513 0.0234029 -0.9924828 0.03665512 0.1167659 -0.9972895 0.0220371 0.0701998 -0.9852725 0.05121326 0.163142 -0.9924819 0.03665712 0.1167728 -0.9757102 0.06561165 0.2090087 -0.9852725 0.05121325 0.163142 -0.9637703 0.07988822 0.2544891 -0.975706 0.06561697 0.2090271 -0.9495298 0.0939486 0.2992772 -0.9637766 0.07988182 0.254467 -0.933005 0.1077806 0.3433437 -0.9495151 0.09396087 0.2993198 -0.933005 0.1077806 0.3433437 -0.9141841 0.1213889 0.3866938 -0.9142184 0.1213675 0.3866196 -0.8932409 0.1346527 0.42894 -0.8700817 0.147628 0.4702806 -0.8931988 0.1346758 0.4290203 -0.8448364 0.1602429 0.5104641 -0.870096 0.147621 0.4702561 -0.81762 0.1724439 0.5493274 -0.8448621 0.1602318 0.5104252 -0.7883025 0.1842814 0.587043 -0.8175707 0.1724631 0.5493948 -0.757209 0.1956301 0.623188 -0.7883589 0.1842617 0.5869734 -0.7242557 0.2065199 0.6578778 -0.757209 0.1956301 0.6231881 -0.6895971 0.2169013 0.6909484 -0.7242557 0.2065199 0.6578778 -0.6531475 0.2267939 0.72247 -0.689519 0.2169213 0.6910201 -0.6151546 0.2361336 0.7522138 -0.6532329 0.2267742 0.7223989 -0.5758596 0.244863 0.7800179 -0.6151916 0.2361261 0.752186 -0.5349896 0.2530415 0.8060744 -0.57582 0.2448704 0.7800449 -0.4929087 0.2605958 0.830139 -0.5349897 0.2530415 0.8060744 -0.449678 0.2675185 0.8521875 -0.4929535 0.2605893 0.8301144 -0.4052081 0.2738142 0.8722569 -0.4495118 0.2675396 0.8522686 -0.3598274 0.2794432 0.8901886 -0.4052081 0.2738143 0.8722569 -0.359957 0.2794312 0.8901399 -0.3136755 0.2843915 0.9059411 -0.2667802 0.2886526 0.9195151 -0.3136754 0.2843915 0.9059411 -0.2191057 0.2922299 0.9309105 -0.2667802 0.2886526 0.9195151 -0.170947 0.2950988 0.9400499 -0.2191057 0.2922299 0.9309105 -0.1224919 0.2972534 0.9469088 -0.1710046 0.2950971 0.94004 -0.07352852 0.2986936 0.9515123 -0.1222867 0.2972565 0.9469343 -0.07367669 0.2986935 0.9515009 -0.02453969 0.2994142 0.9538076 -0.0243908 0.2994184 0.95381 0.9996991 -0.00734616 -0.0234015 0.9996991 -0.007346622 -0.02340287 0.9972892 -0.02203809 -0.07020409 0.9972883 -0.02204159 -0.07021441 0.9924806 -0.03666036 -0.1167831 0.9924828 -0.03665457 -0.1167661 0.9852769 -0.05120519 -0.1631182 0.9852725 -0.05121325 -0.163142 0.9757031 -0.06562114 -0.2090389 0.9757103 -0.06561095 -0.2090089 0.9637661 -0.07989331 -0.2545035 0.9637661 -0.07989329 -0.2545035 0.9495356 -0.09394331 -0.2992604 0.9495356 -0.09394331 -0.2992603 0.933005 -0.1077817 -0.3433433 0.933005 -0.1077817 -0.3433433 0.9141842 -0.1213901 -0.3866934 0.9141842 -0.1213901 -0.3866932 0.8932408 -0.1346521 -0.4289401 0.8932408 -0.1346521 -0.4289401 0.8700817 -0.1476295 -0.47028 0.8700817 -0.1476295 -0.4702802 0.8448789 -0.1602238 -0.5103998 0.8448791 -0.1602238 -0.5103996 0.8175506 -0.1724741 -0.5494211 0.8175707 -0.1724649 -0.5493942 0.7883812 -0.1842531 -0.5869461 0.788359 -0.1842625 -0.5869731 0.7572091 -0.1956301 -0.6231879 0.757209 -0.1956301 -0.6231881 0.7242554 -0.20652 -0.657878 0.7242557 -0.2065199 -0.6578779 0.6895189 -0.2169236 -0.6910194 0.689519 -0.2169236 -0.6910193 0.6531476 -0.2267963 -0.7224691 0.6531475 -0.2267963 -0.7224693 0.615248 -0.2361118 -0.7521443 0.6152473 -0.236112 -0.7521449 0.5758592 -0.2448595 -0.7800192 0.57576 -0.244883 -0.7800851 0.5349897 -0.2530388 -0.8060753 0.5349896 -0.2530389 -0.8060753 0.4929088 -0.2605931 -0.8301398 0.4929087 -0.2605931 -0.83014 0.4495117 -0.2675436 -0.8522674 0.449678 -0.2675145 -0.8521888 0.405257 -0.2738106 -0.8722353 0.4052081 -0.2738183 -0.8722556 0.3599053 -0.2794383 -0.8901586 0.359957 -0.2794312 -0.8901399 0.3137287 -0.2843862 -0.9059243 0.3136754 -0.2843927 -0.9059407 0.2666428 -0.288664 -0.9195514 0.2666418 -0.2886641 -0.9195516 0.2191058 -0.2922299 -0.9309105 0.2191057 -0.2922298 -0.9309105 0.1709465 -0.2950989 -0.9400499 0.170947 -0.2950988 -0.9400499 0.122492 -0.2972521 -0.9469091 0.1224919 -0.2972521 -0.9469091 0.07346925 -0.2986994 -0.9515151 0.07352853 -0.2986968 -0.9515113 0.02459919 -0.2994169 -0.9538053 0.02453969 -0.2994186 -0.9538062 0.02450255 0.9538063 -0.2994213 0.02450247 0.9538063 -0.2994213 0.07375241 0.9514967 -0.2986881 0.07351696 0.9515109 -0.2987007 0.1222674 0.9469344 -0.297264 0.1225007 0.9469093 -0.297248 0.1709962 0.9400405 -0.2951002 0.1710046 0.9400392 -0.2950995 0.2192098 0.9308894 -0.2922192 0.218975 0.9309373 -0.2922425 0.2666772 0.9195434 -0.2886575 0.2666772 0.9195434 -0.2886575 0.3136052 0.905962 -0.2844019 0.3138191 0.9058969 -0.2843737 0.3597564 0.8902128 -0.2794578 0.3599626 0.890139 -0.2794271 0.4053187 0.8722103 -0.273799 0.4051205 0.872292 -0.2738321 0.4496483 0.8522011 -0.2675251 0.4496481 0.8522012 -0.2675251 0.4929191 0.8301325 -0.2605973 0.4929123 0.830136 -0.2605987 0.5351078 0.806004 -0.2530159 0.5349323 0.8061081 -0.2530558 0.5756552 0.7801546 -0.2449081 0.5758138 0.7800499 -0.2448685 0.6153504 0.7520689 -0.2360852 0.6152086 0.7521728 -0.236124 0.6530725 0.7225301 -0.2268185 0.6532029 0.7224245 -0.2267794 0.6896346 0.6909151 -0.2168879 0.6895103 0.6910264 -0.2169287 0.7242082 0.6579263 -0.2065323 0.7242081 0.6579263 -0.2065323 0.7572229 0.6231735 -0.1956229 0.7572227 0.6231737 -0.1956229 0.788319 0.5870216 -0.1842793 0.7884086 0.5869133 -0.1842403 0.8176223 0.5493249 -0.1724409 0.8175468 0.549426 -0.1724772 0.8448514 0.5104419 -0.1602349 0.8448488 0.5104458 -0.1602363 0.8700915 0.4702642 -0.1476227 0.8700939 0.4702602 -0.1476213 0.893195 0.4290265 -0.1346811 0.8932409 0.4289404 -0.1346505 0.9142079 0.3866419 -0.1213756 0.9142079 0.3866418 -0.1213756 0.9330128 0.3433245 -0.1077744 0.9329821 0.3433997 -0.1078009 0.9495144 0.2993211 -0.09396363 0.9495378 0.2992544 -0.09394015 0.9637901 0.2544212 -0.07986636 0.9637732 0.2544787 -0.0798866 0.9757 0.2090524 -0.06562447 0.9757 0.2090524 -0.06562445 0.9852737 0.1631355 -0.05121197 0.9852808 0.1630964 -0.05119823 0.99248 0.116788 -0.03666139 0.9924763 0.1168163 -0.0366713 0.9972914 0.0701756 -0.0220291 0.9972914 0.07017563 -0.02202911 0.9996987 0.02341793 -0.007351224 0.9996988 0.02341773 -0.007351152 0 -0.9612626 0.275634 0 -0.9738029 0.2273935 0 -0.9612626 0.275634 0 -0.9839516 0.1784355 0 -0.9738029 0.2273935 0 -0.9916027 0.1293215 0 -0.9839516 0.1784355 0 -0.9968239 0.0796379 0 -0.9916027 0.1293215 0 -0.9995513 0.0299545 0 -0.9968239 0.0796379 0 -0.9998024 -0.01987364 0 -0.9995513 0.0299545 0 -0.9975579 -0.06984489 0 -0.9998024 -0.01987364 0 -0.9928479 -0.1193851 0 -0.9975579 -0.06984489 0 -0.9856535 -0.168782 0 -0.9928479 -0.1193851 0 -0.9760377 -0.2176013 0 -0.9856535 -0.168782 0 -0.9639378 -0.2661274 0 -0.9760377 -0.2176013 0 -0.9495331 -0.3136667 0 -0.9639378 -0.2661274 0 -0.9326642 -0.3607456 0 -0.9495331 -0.3136667 0 -0.9135085 -0.4068198 0 -0.9326642 -0.3607456 0 -0.8921366 -0.4517657 0 -0.9135085 -0.4068198 0 -0.8685044 -0.4956813 0 -0.8921366 -0.4517657 0 -0.8685044 -0.4956813 0 -0.8427315 -0.5383343 0 -0.8427315 -0.5383343 0 -0.8148571 -0.579662 0 -0.8148571 -0.579662 0 -0.7848846 -0.619642 0 -0.7531106 -0.6578939 0 -0.7848846 -0.619642 0 -0.7193121 -0.694687 0 -0.7531106 -0.6578939 0 -0.6837926 -0.7296764 0 -0.7193121 -0.694687 0 -0.6465965 -0.7628323 0 -0.6837926 -0.7296764 0 -0.6465965 -0.7628323 0 -0.5674086 -0.8234364 0 -0.6077828 -0.7941033 -0 -0.6077828 -0.7941033 0 -0.5256814 -0.8506815 0 -0.5674086 -0.8234364 0 -0.5256814 -0.8506815 0 -0.4825986 -0.8758417 0 -0.4825986 -0.8758417 0 -0.4383637 -0.8987978 0 -0.4383637 -0.8987978 0 -0.3930305 -0.9195254 0 -0.3930305 -0.9195254 0 -0.3467004 -0.9379759 0 -0.3467004 -0.9379759 0 -0.299513 -0.9540922 0 -0.299513 -0.9540922 0 -0.2515549 -0.9678431 0 -0.2515549 -0.9678431 0 -0.2030282 -0.9791729 0 -0.2030282 -0.9791729 0 -0.1539683 -0.9880758 0 -0.1539683 -0.9880758 0 -0.1045142 -0.9945234 0 -0.1045142 -0.9945234 -0 -0.05481792 -0.9984964 0 -0.004968257 -0.9999877 0 -0.05481792 -0.9984964 0 -0.004968257 -0.9999877 0 0.04485893 -0.9989933 0 0.09461201 -0.9955142 0 0.04485893 -0.9989933 0 0.1441277 -0.9895591 0 0.09461201 -0.9955142 0 0.1932801 -0.9811436 0 0.1441277 -0.9895591 0 0.2419087 -0.9702991 0 0.1932801 -0.9811436 0 0.2419087 -0.9702991 0 0.2900224 -0.9570199 0 0.2900224 -0.9570199 0 0.3373238 -0.9413887 0 0.3838432 -0.9233983 0 0.3373238 -0.9413887 0 0.3838432 -0.9233983 0 0.4294122 -0.9031086 0 0.4294122 -0.9031086 0 0.4738551 -0.8806029 0 0.4738551 -0.8806029 0 0.5171882 -0.8558717 0 0.5591909 -0.829039 0 0.5171882 -0.8558717 0 0.5591909 -0.829039 0 0.5998272 -0.8001296 0 0.5998272 -0.8001296 0 0.6389973 -0.769209 0 0.6765003 -0.7364424 0 0.6389973 -0.769209 0 0.6765003 -0.7364424 0 0.7123885 -0.7017853 0 0.7123885 -0.7017853 0 0.7464471 -0.6654447 0 0.7464471 -0.6654447 0 0.7787498 -0.6273347 0 0.8089851 -0.5878292 0 0.7787498 -0.6273347 0 0.8089851 -0.5878292 0 0.8373404 -0.5466818 0 0.8373404 -0.5466818 0 0.8635163 -0.5043209 0 0.8635163 -0.5043209 0 0.9094153 -0.4158891 0 0.8876227 -0.4605715 0 0.8876227 -0.4605715 0 0.9094153 -0.4158891 0 0.9290467 -0.3699625 0 0.9290467 -0.3699625 0 0.9463429 -0.3231643 0 0.9463429 -0.3231643 -1 0 0 -1 0 0 -1 0 0 -1 0 0 -1 0 0 -1 0 0 -1 0 0 -1 0 0 -1 0 0 -1 0 0 -1 0 0 -1 0 0 -1 0 0 -1 0 0 -1 0 0 -1 0 0 -1 0 0 -1 0 0 -1 0 0 -1 0 0 -1 0 0 -1 0 0 -1 0 0 -1 0 0 -1 0 0 -1 0 0 -1 0 0 -1 0 0 -1 0 0 -1 0 0 -1 0 0 -1 0 0 -1 0 0 -1 0 0 -1 0 0 -1 0 0 -1 0 0 -1 0 0 -1 0 0 -1 0 0 -1 0 0 -1 0 0 -1 0 0 -1 0 0 -1 0 0 -1 0 0 -1 0 0 -1 0 0 -1 0 0 -1 0 0 -1 0 0 -1 0 0 -1 0 0 -1 0 0 -1 0 0 -1 0 0 -1 0 0 -1 0 0 -1 0 0 -1 0 0 -1 0 0 -1 0 0 -1 0 0 -1 0 0 -1 0 0 -1 0 0 -1 0 0 -1 0 0 -1 0 0 -1 0 0 -1 0 0 -1 0 0 -1 0 0 -1 0 0 -1 0 0 -1 0 0 -1 0 0 -1 0 0 -1 0 0 -1 0 0 -1 0 0 -1 0 0 -1 0 0 -1 0 -0 -1 0 0 -1 0 0 -1 0 0 -1 0 0 -1 0 0 -1 0 0 -1 0 -0 -1 0 0 -1 0 0 -1 0 0 -1 0 0 -1 0 0 -1 0 0 -1 0 0 -1 0 0 -1 0 0 -1 0 0 -1 0 0 -1 0 0 -1 0 0 -1 0 -0 -1 0 0 -1 0 0 -1 0 0 -1 0 0 -1 0 0 -1 0 0 -1 0 0 -1 0 0 -1 0 0 -1 0 0 -1 0 0 -1 0 0 -1 0 0 -1 0 0 -1 0 0 -1 0 0 -1 0 -0 -1 0 0 -1 0 0</float_array>
          <technique_common>
            <accessor count="2780" source="#cubenormals-array0-array" stride="3">
              <param type="float" name="X"/>
              <param type="float" name="Y"/>
              <param type="float" name="Z"/>
            </accessor>
          </technique_common>
        </source>
        <vertices id="cubeverts-array0-vertices">
          <input semantic="POSITION" source="#cubeverts-array0"/>
        </vertices>
        <triangles count="2780" material="ref_Arducam_support_L_shape">
          <input offset="0" semantic="VERTEX" source="#cubeverts-array0-vertices"/>
          <input offset="1" semantic="NORMAL" source="#cubenormals-array0"/>
          <p>0 0 1 0 2 0 2 1 3 1 4 1 1 2 3 2 2 2 4 3 5 3 6 3 3 4 5 4 4 4 6 5 7 5 8 5 5 6 7 6 6 6 8 7 9 7 10 7 7 8 9 8 8 8 10 9 11 9 12 9 9 10 11 10 10 10 12 11 13 11 14 11 11 12 13 12 12 12 14 13 15 13 16 13 13 14 15 14 14 14 16 15 17 15 18 15 15 16 17 16 16 16 18 17 19 17 20 17 17 18 19 18 18 18 20 19 21 19 22 19 19 20 21 20 20 20 22 21 23 21 24 21 21 22 23 22 22 22 24 23 25 23 26 23 23 24 25 24 24 24 26 25 27 25 28 25 25 26 27 26 26 26 28 27 29 27 30 27 27 28 29 28 28 28 30 29 31 29 32 29 29 30 31 30 30 30 32 31 33 31 34 31 31 32 33 32 32 32 33 33 35 33 34 33 34 34 35 34 36 34 35 35 37 35 36 35 36 36 37 36 38 36 37 37 39 37 38 37 38 38 39 38 40 38 40 39 41 39 42 39 39 40 41 40 40 40 42 41 43 41 44 41 41 42 43 42 42 42 44 43 45 43 46 43 43 44 45 44 44 44 46 45 47 45 48 45 45 46 47 46 46 46 48 47 49 47 50 47 47 48 49 48 48 48 50 49 51 49 52 49 49 50 51 50 50 50 51 51 53 51 52 51 54 52 55 52 56 52 52 53 55 53 54 53 53 54 55 54 52 54 55 55 57 55 56 55 56 56 57 56 58 56 57 57 59 57 58 57 58 58 59 58 60 58 59 59 61 59 60 59 60 60 61 60 62 60 61 61 63 61 62 61 62 62 63 62 64 62 63 63 65 63 64 63 64 64 65 64 66 64 65 65 67 65 66 65 66 66 67 66 68 66 67 67 69 67 68 67 68 68 69 68 70 68 69 69 71 69 70 69 71 70 72 70 70 70 73 71 72 71 74 71 70 72 72 72 73 72 72 73 75 73 74 73 75 74 76 74 74 74 77 75 76 75 78 75 74 76 76 76 77 76 76 77 79 77 78 77 78 78 80 78 81 78 79 79 80 79 78 79 80 80 82 80 81 80 83 81 82 81 84 81 81 82 82 82 83 82 84 83 85 83 86 83 82 84 85 84 84 84 86 85 87 85 88 85 85 86 87 86 86 86 87 87 89 87 88 87 88 88 89 88 90 88 89 89 91 89 90 89 91 90 92 90 90 90 93 91 92 91 94 91 90 92 92 92 93 92 92 93 95 93 94 93 95 94 96 94 94 94 97 95 96 95 98 95 94 96 96 96 97 96 96 97 99 97 98 97 99 98 100 98 98 98 98 99 100 99 101 99 100 100 102 100 101 100 103 101 102 101 104 101 101 102 102 102 103 102 102 103 105 103 104 103 105 104 106 104 104 104 107 105 106 105 108 105 104 106 106 106 107 106 106 107 109 107 108 107 109 108 110 108 108 108 111 109 110 109 112 109 108 110 110 110 111 110 110 111 113 111 112 111 112 112 113 112 114 112 113 113 115 113 114 113 114 114 115 114 116 114 115 115 117 115 116 115 117 116 118 116 116 116 116 117 118 117 119 117 120 118 121 118 122 118 119 119 121 119 120 119 118 120 121 120 119 120 121 121 123 121 122 121 122 122 123 122 124 122 123 123 125 123 124 123 124 124 126 124 127 124 125 125 126 125 124 125 128 126 129 126 130 126 128 127 130 127 131 127 132 128 128 128 131 128 132 129 131 129 133 129 134 130 132 130 133 130 134 131 133 131 135 131 136 132 134 132 135 132 136 133 135 133 137 133 138 134 136 134 137 134 138 135 139 135 140 135 138 136 137 136 139 136 141 137 138 137 140 137 142 138 143 138 144 138 142 139 140 139 143 139 142 140 141 140 140 140 145 141 144 141 146 141 145 142 142 142 144 142 147 143 145 143 146 143 148 144 146 144 149 144 148 145 147 145 146 145 150 146 151 146 152 146 150 147 149 147 151 147 150 148 148 148 149 148 153 149 150 149 152 149 154 150 152 150 155 150 154 151 153 151 152 151 156 152 155 152 157 152 156 153 154 153 155 153 158 154 157 154 159 154 158 155 156 155 157 155 160 156 159 156 161 156 160 157 158 157 159 157 162 158 161 158 163 158 162 159 160 159 161 159 164 160 162 160 163 160 164 161 163 161 165 161 166 162 164 162 165 162 166 163 165 163 167 163 168 164 166 164 167 164 168 165 167 165 169 165 170 166 168 166 169 166 170 167 169 167 171 167 172 168 170 168 171 168 172 169 171 169 173 169 174 170 172 170 173 170 174 171 173 171 175 171 176 172 174 172 175 172 176 173 175 173 177 173 178 174 176 174 177 174 178 175 177 175 179 175 180 176 179 176 181 176 180 177 178 177 179 177 182 178 181 178 183 178 182 179 180 179 181 179 184 180 183 180 185 180 184 181 182 181 183 181 186 182 185 182 187 182 186 183 184 183 185 183 188 184 187 184 189 184 188 185 186 185 187 185 190 186 189 186 191 186 190 187 188 187 189 187 192 188 191 188 193 188 192 189 190 189 191 189 194 190 193 190 195 190 194 191 192 191 193 191 196 192 195 192 197 192 196 193 194 193 195 193 198 194 197 194 199 194 198 195 196 195 197 195 200 196 201 196 202 196 200 197 199 197 201 197 200 198 198 198 199 198 203 199 200 199 202 199 204 200 202 200 205 200 204 201 203 201 202 201 206 202 207 202 208 202 206 203 205 203 207 203 206 204 204 204 205 204 209 205 208 205 210 205 209 206 206 206 208 206 211 207 210 207 212 207 211 208 209 208 210 208 213 209 211 209 212 209 214 210 213 210 212 210 214 211 215 211 216 211 214 212 212 212 215 212 217 213 216 213 218 213 217 214 214 214 216 214 219 215 217 215 218 215 220 216 218 216 221 216 220 217 219 217 218 217 222 218 223 218 224 218 222 219 221 219 223 219 222 220 220 220 221 220 225 221 222 221 224 221 226 222 224 222 227 222 226 223 225 223 224 223 228 224 229 224 230 224 228 225 227 225 229 225 228 226 226 226 227 226 231 227 228 227 230 227 232 228 233 228 234 228 232 229 230 229 233 229 232 230 231 230 230 230 235 231 232 231 234 231 236 232 237 232 238 232 236 233 234 233 237 233 236 234 235 234 234 234 239 235 238 235 240 235 239 236 236 236 238 236 241 237 240 237 242 237 241 238 239 238 240 238 243 239 241 239 242 239 244 240 242 240 245 240 244 241 243 241 242 241 246 242 245 242 247 242 246 243 244 243 245 243 248 244 247 244 249 244 248 245 246 245 247 245 250 246 251 246 252 246 250 247 249 247 251 247 250 248 248 248 249 248 253 249 250 249 252 249 254 250 252 250 255 250 254 251 253 251 252 251 256 252 257 252 258 252 258 253 257 253 259 253 259 254 260 254 261 254 257 255 260 255 259 255 261 256 262 256 263 256 260 257 262 257 261 257 262 258 264 258 263 258 263 259 264 259 265 259 264 260 266 260 265 260 265 261 266 261 267 261 266 262 268 262 267 262 267 263 268 263 269 263 268 264 270 264 269 264 269 265 270 265 271 265 270 266 272 266 271 266 271 267 272 267 273 267 272 268 274 268 273 268 273 269 274 269 275 269 274 270 276 270 275 270 275 271 276 271 277 271 276 272 278 272 277 272 277 273 278 273 279 273 278 274 280 274 279 274 279 275 280 275 281 275 280 276 282 276 281 276 281 277 282 277 283 277 282 278 284 278 283 278 283 279 284 279 285 279 284 280 286 280 285 280 285 281 286 281 287 281 287 282 286 282 288 282 286 283 289 283 288 283 289 284 290 284 288 284 288 285 290 285 291 285 291 286 290 286 292 286 290 287 293 287 292 287 292 288 293 288 294 288 294 289 295 289 296 289 293 290 295 290 294 290 296 291 297 291 298 291 295 292 297 292 296 292 298 293 299 293 300 293 297 294 299 294 298 294 299 295 301 295 300 295 300 296 302 296 303 296 303 297 302 297 304 297 301 298 302 298 300 298 302 299 305 299 304 299 304 300 306 300 307 300 307 301 306 301 308 301 305 302 306 302 304 302 306 303 309 303 308 303 308 304 310 304 311 304 311 305 310 305 312 305 309 306 310 306 308 306 312 307 313 307 314 307 310 308 313 308 312 308 313 309 315 309 314 309 315 310 316 310 314 310 314 311 316 311 317 311 317 312 316 312 318 312 316 313 319 313 318 313 318 314 319 314 320 314 319 315 321 315 320 315 320 316 321 316 322 316 321 317 323 317 322 317 323 318 324 318 322 318 322 319 324 319 325 319 325 320 324 320 326 320 324 321 327 321 326 321 326 322 327 322 328 322 327 323 329 323 328 323 328 324 329 324 330 324 329 325 331 325 330 325 330 326 331 326 332 326 331 327 333 327 332 327 333 328 334 328 332 328 332 329 334 329 335 329 335 330 334 330 336 330 334 331 337 331 336 331 338 332 339 332 340 332 338 333 341 333 339 333 342 334 340 334 343 334 342 335 338 335 340 335 344 336 343 336 345 336 344 337 342 337 343 337 346 338 345 338 347 338 346 339 347 339 348 339 346 340 344 340 345 340 349 341 348 341 350 341 349 342 346 342 348 342 351 343 349 343 350 343 352 344 350 344 353 344 352 345 351 345 350 345 354 346 353 346 355 346 354 347 355 347 356 347 354 348 352 348 353 348 357 349 354 349 356 349 358 350 356 350 359 350 358 351 357 351 356 351 360 352 359 352 361 352 360 353 358 353 359 353 362 354 361 354 363 354 362 355 360 355 361 355 364 356 363 356 365 356 364 357 362 357 363 357 366 358 365 358 367 358 366 359 364 359 365 359 368 360 367 360 369 360 368 361 366 361 367 361 370 362 369 362 371 362 370 363 368 363 369 363 372 364 371 364 373 364 372 365 370 365 371 365 374 366 373 366 375 366 374 367 372 367 373 367 376 368 374 368 375 368 376 369 375 369 377 369 378 370 376 370 377 370 378 371 377 371 379 371 378 372 379 372 380 372 381 373 378 373 380 373 382 374 381 374 380 374 382 375 380 375 383 375 382 376 383 376 384 376 385 377 382 377 384 377 386 378 385 378 384 378 386 379 384 379 387 379 386 380 387 380 388 380 389 381 386 381 388 381 390 382 388 382 391 382 390 383 389 383 388 383 392 384 391 384 393 384 392 385 393 385 394 385 392 386 390 386 391 386 395 387 394 387 396 387 395 388 392 388 394 388 397 389 395 389 396 389 398 390 396 390 399 390 398 391 399 391 400 391 398 392 397 392 396 392 401 393 398 393 400 393 402 394 400 394 403 394 402 395 403 395 404 395 402 396 401 396 400 396 405 397 402 397 404 397 406 398 404 398 407 398 406 399 407 399 408 399 406 400 405 400 404 400 409 401 406 401 408 401 410 402 408 402 411 402 410 403 409 403 408 403 412 404 411 404 413 404 412 405 410 405 411 405 414 406 413 406 415 406 414 407 412 407 413 407 416 408 415 408 417 408 416 409 414 409 415 409 418 410 417 410 419 410 418 411 419 411 420 411 418 412 416 412 417 412 421 413 418 413 420 413 422 414 420 414 423 414 422 415 421 415 420 415 424 416 422 416 423 416 424 417 423 417 425 417 426 418 424 418 425 418 426 419 425 419 427 419 428 420 426 420 427 420 428 421 427 421 429 421 430 422 428 422 429 422 430 423 429 423 431 423 432 424 430 424 431 424 432 425 431 425 433 425 434 426 432 426 433 426 434 427 433 427 435 427 436 428 434 428 435 428 436 429 435 429 437 429 438 430 436 430 437 430 438 431 437 431 439 431 440 432 438 432 439 432 440 433 439 433 441 433 442 434 440 434 441 434 442 435 441 435 443 435 444 436 442 436 443 436 444 437 443 437 445 437 446 438 444 438 445 438 446 439 445 439 447 439 448 440 446 440 447 440 448 441 447 441 449 441 450 442 449 442 451 442 450 443 448 443 449 443 452 444 451 444 453 444 452 445 450 445 451 445 454 446 453 446 455 446 454 447 452 447 453 447 456 448 455 448 457 448 456 449 454 449 455 449 458 450 457 450 459 450 458 451 456 451 457 451 460 452 459 452 461 452 460 453 458 453 459 453 462 454 461 454 463 454 462 455 460 455 461 455 464 456 463 456 465 456 464 457 462 457 463 457 466 458 467 458 468 458 466 459 469 459 467 459 466 460 470 460 469 460 466 461 471 461 470 461 466 462 472 462 471 462 473 463 474 463 475 463 476 464 474 464 473 464 472 465 474 465 476 465 466 466 474 466 472 466 474 467 477 467 475 467 474 468 478 468 477 468 474 469 479 469 478 469 474 470 480 470 479 470 474 471 481 471 480 471 474 472 482 472 481 472 474 473 483 473 482 473 474 474 484 474 483 474 474 475 485 475 484 475 474 476 486 476 485 476 474 477 487 477 486 477 488 478 487 478 474 478 489 479 487 479 488 479 490 480 487 480 489 480 490 481 491 481 487 481 492 482 491 482 490 482 493 483 491 483 492 483 494 484 491 484 493 484 495 485 491 485 494 485 496 486 491 486 495 486 497 487 491 487 496 487 498 488 491 488 497 488 499 489 491 489 498 489 500 490 491 490 499 490 501 491 491 491 500 491 501 492 502 492 491 492 502 493 503 493 491 493 503 494 504 494 491 494 504 495 505 495 491 495 505 496 506 496 491 496 506 497 507 497 491 497 507 498 508 498 491 498 508 499 509 499 491 499 509 500 510 500 491 500 510 501 511 501 491 501 511 502 512 502 491 502 512 503 513 503 491 503 513 504 514 504 491 504 514 505 515 505 491 505 515 506 516 506 491 506 516 507 517 507 491 507 517 508 518 508 491 508 491 509 518 509 519 509 518 510 520 510 519 510 521 511 522 511 523 511 524 512 522 512 521 512 525 513 522 513 524 513 526 514 522 514 525 514 527 515 522 515 526 515 528 516 522 516 527 516 529 517 522 517 528 517 530 518 522 518 529 518 531 519 522 519 530 519 532 520 522 520 531 520 533 521 522 521 532 521 519 522 522 522 533 522 520 523 522 523 519 523 523 524 534 524 535 524 522 525 534 525 523 525 536 526 537 526 538 526 539 527 537 527 536 527 540 528 541 528 542 528 543 529 541 529 540 529 544 530 541 530 543 530 542 531 545 531 539 531 541 532 545 532 542 532 537 533 546 533 547 533 548 534 546 534 545 534 539 535 546 535 537 535 545 536 546 536 539 536 548 537 549 537 546 537 550 538 551 538 548 538 549 539 552 539 553 539 554 540 555 540 556 540 552 541 557 541 558 541 555 542 559 542 556 542 556 543 559 543 551 543 552 544 560 544 557 544 549 545 560 545 552 545 548 546 560 546 549 546 551 547 561 547 548 547 559 548 561 548 551 548 548 549 562 549 560 549 560 550 562 550 563 550 562 551 564 551 565 551 561 552 566 552 548 552 548 553 566 553 562 553 562 554 566 554 564 554 567 555 566 555 561 555 568 556 566 556 567 556 564 557 569 557 570 557 570 558 571 558 564 558 571 559 572 559 564 559 566 560 573 560 564 560 564 561 573 561 569 561 572 562 574 562 564 562 566 563 575 563 573 563 566 564 576 564 575 564 574 565 577 565 564 565 577 566 578 566 564 566 566 567 579 567 576 567 578 568 580 568 564 568 566 569 581 569 579 569 580 570 582 570 564 570 566 571 583 571 581 571 582 572 584 572 564 572 585 573 586 573 566 573 566 574 586 574 583 574 584 575 587 575 564 575 585 576 588 576 586 576 564 577 589 577 590 577 587 578 589 578 564 578 585 579 591 579 588 579 589 580 592 580 590 580 585 581 593 581 591 581 592 582 594 582 590 582 585 583 595 583 593 583 594 584 596 584 590 584 585 585 597 585 595 585 596 586 598 586 590 586 585 587 599 587 597 587 598 588 600 588 590 588 585 589 601 589 599 589 600 590 468 590 590 590 585 591 602 591 601 591 585 592 603 592 602 592 468 593 467 593 590 593 603 594 604 594 602 594 602 595 604 595 605 595 606 596 464 596 465 596 606 597 465 597 607 597 608 598 607 598 609 598 608 599 606 599 607 599 610 600 609 600 611 600 610 601 608 601 609 601 612 602 611 602 613 602 612 603 610 603 611 603 614 604 613 604 615 604 614 605 612 605 613 605 616 606 615 606 617 606 616 607 614 607 615 607 618 608 617 608 619 608 618 609 616 609 617 609 620 610 619 610 621 610 620 611 618 611 619 611 622 612 621 612 623 612 622 613 620 613 621 613 624 614 623 614 625 614 624 615 622 615 623 615 626 616 625 616 627 616 626 617 627 617 628 617 626 618 624 618 625 618 629 619 628 619 630 619 629 620 626 620 628 620 631 621 629 621 630 621 632 622 630 622 633 622 632 623 631 623 630 623 634 624 633 624 635 624 634 625 632 625 633 625 636 626 635 626 637 626 636 627 637 627 638 627 636 628 634 628 635 628 639 629 638 629 640 629 639 630 636 630 638 630 641 631 639 631 640 631 642 632 641 632 640 632 642 633 640 633 643 633 644 634 642 634 643 634 644 635 643 635 645 635 644 636 645 636 646 636 647 637 644 637 646 637 648 638 647 638 646 638 648 639 646 639 649 639 650 640 649 640 651 640 650 641 648 641 649 641 652 642 651 642 653 642 652 643 650 643 651 643 654 644 653 644 655 644 654 645 655 645 656 645 654 646 652 646 653 646 657 647 656 647 658 647 657 648 654 648 656 648 659 649 657 649 658 649 660 650 658 650 661 650 660 651 659 651 658 651 662 652 661 652 663 652 662 653 660 653 661 653 664 654 663 654 665 654 664 655 665 655 666 655 664 656 662 656 663 656 667 657 664 657 666 657 668 658 666 658 669 658 668 659 669 659 670 659 668 660 667 660 666 660 671 661 668 661 670 661 672 662 670 662 673 662 672 663 671 663 670 663 674 664 673 664 675 664 674 665 675 665 676 665 674 666 672 666 673 666 677 667 674 667 676 667 678 668 676 668 679 668 678 669 677 669 676 669 680 670 679 670 681 670 680 671 678 671 679 671 682 672 681 672 683 672 682 673 680 673 681 673 684 674 683 674 685 674 684 675 682 675 683 675 686 676 685 676 687 676 686 677 687 677 688 677 686 678 684 678 685 678 689 679 686 679 688 679 690 680 689 680 688 680 690 681 688 681 691 681 692 682 690 682 691 682 692 683 691 683 693 683 694 684 692 684 693 684 694 685 693 685 695 685 696 686 694 686 695 686 696 687 695 687 697 687 696 688 697 688 698 688 699 689 696 689 698 689 700 690 699 690 698 690 700 691 698 691 701 691 702 692 700 692 701 692 702 693 701 693 703 693 704 694 702 694 703 694 704 695 703 695 705 695 706 696 704 696 705 696 706 697 705 697 707 697 708 698 706 698 707 698 708 699 707 699 709 699 710 700 708 700 709 700 710 701 709 701 711 701 710 702 711 702 712 702 713 703 710 703 712 703 714 704 713 704 712 704 714 705 712 705 715 705 714 706 715 706 716 706 717 707 714 707 716 707 718 708 716 708 719 708 718 709 717 709 716 709 720 710 719 710 721 710 720 711 718 711 719 711 722 712 721 712 723 712 722 713 720 713 721 713 724 714 723 714 725 714 724 715 725 715 726 715 724 716 722 716 723 716 727 717 724 717 726 717 728 718 726 718 729 718 728 719 727 719 726 719 341 720 729 720 339 720 341 721 728 721 729 721 730 722 698 722 697 722 731 723 701 723 698 723 731 724 698 724 730 724 732 725 697 725 695 725 732 726 730 726 697 726 733 727 703 727 701 727 733 728 701 728 731 728 734 729 695 729 693 729 734 730 732 730 695 730 735 731 705 731 703 731 735 732 703 732 733 732 736 733 693 733 691 733 736 734 734 734 693 734 737 735 705 735 735 735 737 736 707 736 705 736 738 737 736 737 691 737 738 738 691 738 688 738 739 739 709 739 707 739 739 740 707 740 737 740 740 741 688 741 687 741 740 742 738 742 688 742 741 743 711 743 709 743 741 744 709 744 739 744 742 745 687 745 685 745 742 746 740 746 687 746 743 747 711 747 741 747 743 748 712 748 711 748 744 749 685 749 683 749 744 750 742 750 685 750 745 751 715 751 712 751 745 752 712 752 743 752 746 753 683 753 681 753 746 754 744 754 683 754 747 755 716 755 715 755 747 756 715 756 745 756 748 757 681 757 679 757 748 758 746 758 681 758 749 759 719 759 716 759 749 760 716 760 747 760 750 761 748 761 679 761 750 762 679 762 676 762 751 763 719 763 749 763 751 764 721 764 719 764 752 765 750 765 676 765 752 766 676 766 675 766 753 767 721 767 751 767 753 768 723 768 721 768 754 769 752 769 675 769 754 770 675 770 673 770 755 771 725 771 723 771 755 772 723 772 753 772 756 773 754 773 673 773 756 774 673 774 670 774 757 775 726 775 725 775 757 776 725 776 755 776 758 777 756 777 670 777 758 778 670 778 669 778 759 779 729 779 726 779 759 780 726 780 757 780 760 781 758 781 669 781 760 782 669 782 666 782 129 783 339 783 729 783 129 784 729 784 759 784 761 785 760 785 666 785 761 786 666 786 665 786 128 787 340 787 339 787 128 788 339 788 129 788 762 789 761 789 665 789 762 790 665 790 663 790 132 791 343 791 340 791 132 792 340 792 128 792 763 793 663 793 661 793 763 794 762 794 663 794 134 795 345 795 343 795 134 796 343 796 132 796 764 797 763 797 661 797 764 798 661 798 658 798 136 799 347 799 345 799 136 800 345 800 134 800 765 801 764 801 658 801 765 802 658 802 656 802 138 803 348 803 347 803 138 804 347 804 136 804 766 805 765 805 656 805 655 806 766 806 656 806 141 807 350 807 348 807 141 808 348 808 138 808 767 809 766 809 655 809 653 810 767 810 655 810 142 811 353 811 350 811 142 812 350 812 141 812 768 813 767 813 653 813 651 814 768 814 653 814 145 815 355 815 353 815 145 816 353 816 142 816 769 817 768 817 651 817 649 818 769 818 651 818 147 819 356 819 355 819 147 820 355 820 145 820 770 821 769 821 649 821 646 822 770 822 649 822 148 823 359 823 356 823 148 824 356 824 147 824 771 825 770 825 646 825 150 826 361 826 359 826 150 827 359 827 148 827 645 828 771 828 646 828 772 829 771 829 645 829 153 830 363 830 361 830 153 831 361 831 150 831 643 832 772 832 645 832 773 833 772 833 643 833 365 834 363 834 153 834 154 835 365 835 153 835 640 836 773 836 643 836 774 837 773 837 640 837 367 838 365 838 154 838 156 839 367 839 154 839 638 840 774 840 640 840 775 841 774 841 638 841 158 842 369 842 367 842 158 843 367 843 156 843 637 844 775 844 638 844 776 845 775 845 637 845 371 846 158 846 160 846 371 847 369 847 158 847 635 848 776 848 637 848 635 849 777 849 776 849 373 850 371 850 160 850 373 851 160 851 162 851 633 852 777 852 635 852 633 853 778 853 777 853 164 854 373 854 162 854 375 855 373 855 164 855 630 856 778 856 633 856 630 857 779 857 778 857 377 858 375 858 164 858 377 859 164 859 166 859 628 860 779 860 630 860 628 861 780 861 779 861 379 862 377 862 166 862 379 863 166 863 168 863 627 864 780 864 628 864 627 865 781 865 780 865 380 866 168 866 170 866 380 867 379 867 168 867 172 868 380 868 170 868 625 869 781 869 627 869 625 870 782 870 781 870 383 871 380 871 172 871 623 872 782 872 625 872 623 873 783 873 782 873 384 874 172 874 174 874 384 875 383 875 172 875 621 876 783 876 623 876 621 877 784 877 783 877 387 878 174 878 176 878 387 879 384 879 174 879 178 880 387 880 176 880 619 881 784 881 621 881 619 882 785 882 784 882 388 883 387 883 178 883 617 884 785 884 619 884 617 885 786 885 785 885 391 886 388 886 178 886 391 887 180 887 182 887 391 888 178 888 180 888 615 889 787 889 786 889 615 890 786 890 617 890 393 891 391 891 182 891 613 892 788 892 787 892 613 893 787 893 615 893 394 894 184 894 186 894 394 895 182 895 184 895 394 896 393 896 182 896 611 897 788 897 613 897 611 898 789 898 788 898 396 899 394 899 186 899 609 900 789 900 611 900 609 901 790 901 789 901 399 902 396 902 186 902 399 903 186 903 188 903 607 904 790 904 609 904 607 905 791 905 790 905 400 906 188 906 190 906 400 907 399 907 188 907 465 908 791 908 607 908 465 909 254 909 791 909 403 910 190 910 192 910 403 911 400 911 190 911 463 912 254 912 465 912 463 913 253 913 254 913 404 914 403 914 192 914 404 915 192 915 194 915 461 916 253 916 463 916 461 917 250 917 253 917 407 918 196 918 198 918 407 919 194 919 196 919 407 920 404 920 194 920 459 921 250 921 461 921 459 922 248 922 250 922 408 923 407 923 198 923 457 924 248 924 459 924 457 925 246 925 248 925 411 926 198 926 200 926 411 927 408 927 198 927 455 928 246 928 457 928 455 929 244 929 246 929 455 930 243 930 244 930 413 931 203 931 204 931 413 932 200 932 203 932 413 933 411 933 200 933 453 934 243 934 455 934 415 935 413 935 204 935 451 936 243 936 453 936 451 937 241 937 243 937 417 938 415 938 204 938 417 939 204 939 206 939 449 940 239 940 241 940 449 941 241 941 451 941 419 942 206 942 209 942 419 943 417 943 206 943 447 944 239 944 449 944 447 945 236 945 239 945 420 946 211 946 213 946 420 947 209 947 211 947 420 948 419 948 209 948 445 949 236 949 447 949 445 950 235 950 236 950 445 951 232 951 235 951 423 952 420 952 213 952 443 953 232 953 445 953 425 954 213 954 214 954 425 955 423 955 213 955 441 956 232 956 443 956 441 957 231 957 232 957 427 958 217 958 219 958 427 959 214 959 217 959 427 960 425 960 214 960 439 961 228 961 231 961 439 962 226 962 228 962 439 963 231 963 441 963 429 964 427 964 219 964 437 965 226 965 439 965 431 966 219 966 220 966 431 967 429 967 219 967 435 968 225 968 226 968 435 969 222 969 225 969 435 970 226 970 437 970 433 971 220 971 222 971 433 972 222 972 435 972 433 973 431 973 220 973 792 974 464 974 606 974 792 975 606 975 608 975 792 976 608 976 610 976 792 977 610 977 612 977 792 978 612 978 614 978 792 979 614 979 616 979 792 980 616 980 618 980 792 981 618 981 620 981 792 982 620 982 622 982 792 983 622 983 624 983 792 984 624 984 626 984 792 985 626 985 629 985 792 986 629 986 631 986 792 987 631 987 632 987 792 988 632 988 634 988 792 989 634 989 636 989 792 990 636 990 639 990 792 991 639 991 641 991 792 992 641 992 642 992 792 993 642 993 644 993 792 994 644 994 647 994 792 995 647 995 648 995 792 996 648 996 650 996 792 997 650 997 652 997 792 998 652 998 654 998 792 999 654 999 657 999 792 1000 657 1000 659 1000 792 1001 659 1001 660 1001 792 1002 660 1002 662 1002 792 1003 662 1003 664 1003 792 1004 664 1004 667 1004 585 1005 678 1005 680 1005 585 1006 680 1006 682 1006 585 1007 682 1007 684 1007 585 1008 684 1008 686 1008 585 1009 686 1009 689 1009 585 1010 689 1010 690 1010 585 1011 690 1011 692 1011 585 1012 692 1012 694 1012 585 1013 792 1013 667 1013 585 1014 667 1014 668 1014 585 1015 668 1015 671 1015 585 1016 671 1016 672 1016 585 1017 672 1017 674 1017 585 1018 674 1018 677 1018 585 1019 677 1019 678 1019 696 1020 585 1020 694 1020 699 1021 585 1021 696 1021 700 1022 585 1022 699 1022 702 1023 585 1023 700 1023 604 1024 430 1024 432 1024 604 1025 432 1025 434 1025 604 1026 434 1026 436 1026 604 1027 436 1027 438 1027 604 1028 438 1028 440 1028 604 1029 440 1029 442 1029 604 1030 442 1030 444 1030 604 1031 444 1031 446 1031 604 1032 446 1032 448 1032 604 1033 448 1033 450 1033 604 1034 450 1034 452 1034 604 1035 452 1035 454 1035 604 1036 454 1036 456 1036 604 1037 456 1037 458 1037 604 1038 458 1038 460 1038 604 1039 460 1039 462 1039 604 1040 462 1040 464 1040 604 1041 464 1041 792 1041 428 1042 430 1042 604 1042 704 1043 585 1043 702 1043 426 1044 428 1044 604 1044 706 1045 585 1045 704 1045 424 1046 426 1046 604 1046 708 1047 585 1047 706 1047 422 1048 424 1048 604 1048 710 1049 585 1049 708 1049 421 1050 422 1050 604 1050 713 1051 585 1051 710 1051 418 1052 421 1052 604 1052 714 1053 585 1053 713 1053 416 1054 418 1054 604 1054 717 1055 585 1055 714 1055 414 1056 416 1056 604 1056 718 1057 585 1057 717 1057 412 1058 414 1058 604 1058 720 1059 585 1059 718 1059 410 1060 412 1060 604 1060 722 1061 585 1061 720 1061 409 1062 410 1062 604 1062 724 1063 585 1063 722 1063 406 1064 409 1064 604 1064 727 1065 585 1065 724 1065 405 1066 406 1066 604 1066 728 1067 585 1067 727 1067 402 1068 405 1068 604 1068 402 1069 604 1069 603 1069 341 1070 585 1070 728 1070 341 1071 603 1071 585 1071 401 1072 402 1072 603 1072 338 1073 603 1073 341 1073 398 1074 401 1074 603 1074 342 1075 603 1075 338 1075 397 1076 398 1076 603 1076 344 1077 603 1077 342 1077 395 1078 397 1078 603 1078 346 1079 603 1079 344 1079 392 1080 395 1080 603 1080 349 1081 603 1081 346 1081 390 1082 392 1082 603 1082 351 1083 603 1083 349 1083 389 1084 390 1084 603 1084 352 1085 603 1085 351 1085 386 1086 389 1086 603 1086 354 1087 603 1087 352 1087 385 1088 386 1088 603 1088 357 1089 603 1089 354 1089 382 1090 385 1090 603 1090 358 1091 603 1091 357 1091 381 1092 382 1092 603 1092 360 1093 603 1093 358 1093 378 1094 381 1094 603 1094 362 1095 603 1095 360 1095 376 1096 378 1096 603 1096 364 1097 603 1097 362 1097 374 1098 376 1098 603 1098 366 1099 603 1099 364 1099 372 1100 374 1100 603 1100 368 1101 603 1101 366 1101 370 1102 372 1102 603 1102 370 1103 603 1103 368 1103 793 1104 794 1104 795 1104 796 1105 797 1105 793 1105 798 1106 799 1106 800 1106 794 1107 799 1107 798 1107 801 1108 802 1108 797 1108 803 1109 802 1109 801 1109 793 1110 802 1110 794 1110 797 1111 802 1111 793 1111 804 1112 805 1112 802 1112 806 1113 805 1113 804 1113 807 1114 808 1114 809 1114 810 1115 808 1115 807 1115 811 1116 808 1116 810 1116 799 1117 808 1117 811 1117 805 1118 812 1118 802 1118 813 1119 812 1119 805 1119 808 1120 814 1120 815 1120 816 1121 817 1121 812 1121 818 1122 817 1122 816 1122 819 1123 820 1123 821 1123 822 1124 820 1124 819 1124 823 1125 820 1125 822 1125 814 1126 820 1126 823 1126 794 1127 820 1127 799 1127 799 1128 820 1128 808 1128 808 1129 820 1129 814 1129 802 1130 820 1130 794 1130 812 1131 824 1131 802 1131 802 1132 824 1132 820 1132 817 1133 824 1133 812 1133 825 1134 824 1134 817 1134 824 1135 826 1135 827 1135 827 1136 828 1136 824 1136 824 1137 829 1137 820 1137 828 1138 829 1138 824 1138 824 1139 830 1139 826 1139 824 1140 831 1140 830 1140 829 1141 832 1141 820 1141 832 1142 833 1142 820 1142 824 1143 834 1143 831 1143 833 1144 835 1144 820 1144 824 1145 836 1145 834 1145 835 1146 837 1146 820 1146 824 1147 838 1147 836 1147 837 1148 839 1148 820 1148 824 1149 840 1149 838 1149 839 1150 841 1150 820 1150 820 1151 841 1151 792 1151 824 1152 842 1152 840 1152 841 1153 843 1153 792 1153 824 1154 844 1154 842 1154 843 1155 845 1155 792 1155 824 1156 846 1156 844 1156 845 1157 847 1157 792 1157 824 1158 848 1158 846 1158 847 1159 849 1159 792 1159 824 1160 850 1160 848 1160 849 1161 851 1161 792 1161 824 1162 852 1162 850 1162 851 1163 853 1163 792 1163 824 1164 854 1164 852 1164 853 1165 855 1165 792 1165 824 1166 856 1166 854 1166 855 1167 605 1167 792 1167 824 1168 466 1168 856 1168 605 1169 604 1169 792 1169 824 1170 857 1170 466 1170 857 1171 474 1171 466 1171 792 1172 585 1172 820 1172 820 1173 585 1173 566 1173 858 1174 859 1174 860 1174 564 1175 590 1175 824 1175 861 1176 857 1176 590 1176 862 1177 857 1177 861 1177 863 1178 857 1178 862 1178 864 1179 857 1179 863 1179 865 1180 857 1180 864 1180 866 1181 857 1181 865 1181 867 1182 857 1182 866 1182 868 1183 857 1183 867 1183 869 1184 857 1184 868 1184 870 1185 857 1185 869 1185 871 1186 857 1186 870 1186 872 1187 857 1187 871 1187 873 1188 857 1188 872 1188 874 1189 857 1189 873 1189 875 1190 857 1190 874 1190 876 1191 857 1191 875 1191 877 1192 857 1192 876 1192 878 1193 857 1193 877 1193 590 1194 857 1194 824 1194 879 1195 880 1195 881 1195 882 1196 880 1196 879 1196 883 1197 880 1197 882 1197 884 1198 880 1198 883 1198 885 1199 880 1199 884 1199 886 1200 880 1200 885 1200 887 1201 880 1201 886 1201 888 1202 880 1202 887 1202 889 1203 880 1203 888 1203 890 1204 880 1204 889 1204 891 1205 880 1205 890 1205 859 1206 880 1206 891 1206 858 1207 880 1207 859 1207 880 1208 892 1208 881 1208 878 1209 893 1209 857 1209 881 1210 894 1210 895 1210 892 1211 894 1211 881 1211 878 1212 896 1212 893 1212 894 1213 897 1213 895 1213 895 1214 898 1214 878 1214 878 1215 898 1215 896 1215 897 1216 899 1216 895 1216 895 1217 900 1217 898 1217 899 1218 901 1218 895 1218 895 1219 902 1219 900 1219 901 1220 903 1220 895 1220 895 1221 904 1221 902 1221 903 1222 905 1222 895 1222 895 1223 906 1223 904 1223 905 1224 907 1224 895 1224 895 1225 908 1225 906 1225 907 1226 909 1226 895 1226 895 1227 910 1227 908 1227 909 1228 911 1228 895 1228 895 1229 912 1229 910 1229 911 1230 913 1230 895 1230 895 1231 914 1231 912 1231 913 1232 915 1232 895 1232 895 1233 916 1233 914 1233 915 1234 917 1234 895 1234 895 1235 918 1235 916 1235 917 1236 919 1236 895 1236 895 1237 920 1237 918 1237 919 1238 921 1238 895 1238 895 1239 922 1239 920 1239 921 1240 923 1240 895 1240 895 1241 923 1241 922 1241 924 1242 925 1242 926 1242 927 1243 928 1243 925 1243 926 1244 929 1244 930 1244 928 1245 931 1245 925 1245 932 1246 933 1246 934 1246 929 1247 933 1247 932 1247 935 1248 936 1248 931 1248 929 1249 937 1249 933 1249 936 1250 938 1250 931 1250 931 1251 938 1251 925 1251 929 1252 939 1252 937 1252 926 1253 939 1253 929 1253 940 1254 941 1254 938 1254 942 1255 943 1255 944 1255 941 1256 945 1256 938 1256 946 1257 945 1257 941 1257 942 1258 947 1258 943 1258 948 1259 949 1259 945 1259 949 1260 950 1260 945 1260 926 1261 951 1261 939 1261 942 1262 951 1262 947 1262 947 1263 951 1263 952 1263 939 1264 951 1264 942 1264 925 1265 951 1265 926 1265 938 1266 951 1266 925 1266 945 1267 953 1267 938 1267 938 1268 953 1268 951 1268 945 1269 954 1269 953 1269 950 1270 954 1270 945 1270 953 1271 954 1271 858 1271 955 1272 954 1272 950 1272 954 1273 956 1273 858 1273 954 1274 957 1274 956 1274 956 1275 958 1275 858 1275 954 1276 959 1276 957 1276 958 1277 960 1277 858 1277 960 1278 961 1278 858 1278 954 1279 962 1279 959 1279 961 1280 963 1280 858 1280 954 1281 964 1281 962 1281 963 1282 965 1282 858 1282 954 1283 966 1283 964 1283 965 1284 967 1284 858 1284 954 1285 968 1285 966 1285 967 1286 969 1286 858 1286 954 1287 970 1287 968 1287 969 1288 971 1288 858 1288 954 1289 972 1289 970 1289 971 1290 973 1290 858 1290 954 1291 974 1291 972 1291 973 1292 975 1292 858 1292 954 1293 976 1293 974 1293 975 1294 977 1294 858 1294 954 1295 978 1295 976 1295 977 1296 979 1296 858 1296 954 1297 980 1297 978 1297 979 1298 981 1298 858 1298 954 1299 982 1299 980 1299 981 1300 983 1300 858 1300 954 1301 984 1301 982 1301 983 1302 985 1302 858 1302 954 1303 986 1303 984 1303 954 1304 987 1304 986 1304 985 1305 534 1305 858 1305 954 1306 988 1306 987 1306 988 1307 989 1307 987 1307 534 1308 880 1308 858 1308 534 1309 522 1309 880 1309 990 1310 991 1310 992 1310 991 1311 993 1311 992 1311 992 1312 994 1312 990 1312 991 1313 995 1313 993 1313 523 1314 535 1314 859 1314 996 1315 997 1315 998 1315 998 1316 997 1316 999 1316 999 1317 997 1317 994 1317 1000 1318 997 1318 1001 1318 1001 1319 997 1319 1002 1319 1002 1320 997 1320 1003 1320 1003 1321 997 1321 1004 1321 1004 1322 997 1322 1005 1322 1005 1323 997 1323 1006 1323 1006 1324 997 1324 996 1324 1007 1325 860 1325 535 1325 1008 1326 860 1326 1007 1326 1009 1327 860 1327 1008 1327 1010 1328 860 1328 1009 1328 1011 1329 860 1329 1010 1329 1012 1330 860 1330 1011 1330 1013 1331 860 1331 1012 1331 1014 1332 860 1332 1013 1332 1015 1333 860 1333 1014 1333 1016 1334 860 1334 1015 1334 1017 1335 860 1335 1016 1335 1018 1336 860 1336 1017 1336 1019 1337 860 1337 1018 1337 1020 1338 860 1338 1019 1338 1021 1339 860 1339 1020 1339 1022 1340 860 1340 1021 1340 535 1341 860 1341 859 1341 1022 1342 1023 1342 860 1342 1024 1343 1023 1343 1022 1343 1025 1344 1023 1344 1024 1344 1026 1345 1023 1345 1025 1345 1027 1346 1023 1346 1026 1346 1028 1347 1023 1347 1027 1347 1029 1348 1023 1348 1028 1348 1030 1349 1023 1349 1029 1349 1031 1350 1023 1350 1030 1350 1032 1351 1023 1351 1031 1351 1033 1352 1023 1352 1032 1352 1034 1353 1023 1353 1033 1353 1035 1354 1023 1354 1034 1354 1036 1355 1023 1355 1035 1355 1037 1356 1023 1356 1036 1356 1038 1357 1023 1357 1037 1357 997 1358 1023 1358 1038 1358 1000 1359 1023 1359 997 1359 1039 1360 1023 1360 1040 1360 1040 1361 1023 1361 1041 1361 1041 1362 1023 1362 1042 1362 1042 1363 1023 1363 1043 1363 1043 1364 1023 1364 1044 1364 1044 1365 1023 1365 1045 1365 1045 1366 1023 1366 1046 1366 1046 1367 1023 1367 1047 1367 1047 1368 1023 1368 1048 1368 1048 1369 1023 1369 1049 1369 1049 1370 1023 1370 1050 1370 1050 1371 1023 1371 1051 1371 1051 1372 1023 1372 1052 1372 1052 1373 1023 1373 1053 1373 1053 1374 1023 1374 1054 1374 1054 1375 1023 1375 1000 1375 1055 1376 1056 1376 1023 1376 860 1377 1057 1377 1058 1377 1056 1378 1059 1378 1023 1378 1059 1379 1060 1379 1023 1379 860 1380 1061 1380 1057 1380 1057 1381 1061 1381 1062 1381 1023 1382 1063 1382 860 1382 1060 1383 1063 1383 1023 1383 860 1384 1064 1384 1061 1384 1063 1385 1064 1385 860 1385 1065 1386 1066 1386 1067 1386 1068 1387 1069 1387 1063 1387 1070 1388 1069 1388 1068 1388 1071 1389 1069 1389 1070 1389 1069 1390 1072 1390 1063 1390 1066 1391 1073 1391 1074 1391 1064 1392 1073 1392 1065 1392 1063 1393 1073 1393 1064 1393 1065 1394 1073 1394 1066 1394 1072 1395 1075 1395 1063 1395 1073 1396 1076 1396 1077 1396 1078 1397 1079 1397 1075 1397 1079 1398 1080 1398 1075 1398 1073 1399 1081 1399 1076 1399 1076 1400 1081 1400 1082 1400 1080 1401 1083 1401 1075 1401 1075 1402 1083 1402 1063 1402 1073 1403 1084 1403 1081 1403 1073 1404 1085 1404 1084 1404 1083 1405 1085 1405 1063 1405 1063 1406 1085 1406 1073 1406 997 1407 990 1407 994 1407 991 1408 1023 1408 995 1408 995 1409 1023 1409 1086 1409 1086 1410 1023 1410 1087 1410 1087 1411 1023 1411 1088 1411 1088 1412 1023 1412 1089 1412 1089 1413 1023 1413 1090 1413 1090 1414 1023 1414 1039 1414 988 1415 954 1415 991 1415 991 1416 954 1416 1023 1416 987 1417 989 1417 997 1417 997 1418 989 1418 990 1418 316 1419 315 1419 990 1419 990 1420 319 1420 316 1420 990 1421 321 1421 319 1421 315 1422 313 1422 990 1422 990 1423 323 1423 321 1423 313 1424 310 1424 990 1424 310 1425 309 1425 990 1425 990 1426 324 1426 323 1426 990 1427 327 1427 324 1427 309 1428 306 1428 990 1428 990 1429 329 1429 327 1429 306 1430 305 1430 990 1430 990 1431 331 1431 329 1431 990 1432 333 1432 331 1432 990 1433 334 1433 333 1433 990 1434 337 1434 334 1434 305 1435 991 1435 990 1435 297 1436 991 1436 299 1436 299 1437 991 1437 301 1437 301 1438 991 1438 302 1438 302 1439 991 1439 305 1439 990 1440 1091 1440 337 1440 297 1441 295 1441 991 1441 989 1442 1092 1442 990 1442 990 1443 1092 1443 1091 1443 295 1444 293 1444 991 1444 989 1445 1093 1445 1092 1445 293 1446 290 1446 991 1446 989 1447 1094 1447 1093 1447 290 1448 289 1448 991 1448 989 1449 1095 1449 1094 1449 289 1450 286 1450 991 1450 989 1451 1096 1451 1095 1451 286 1452 284 1452 991 1452 989 1453 1097 1453 1096 1453 284 1454 282 1454 991 1454 989 1455 1098 1455 1097 1455 282 1456 280 1456 991 1456 989 1457 1099 1457 1098 1457 280 1458 278 1458 991 1458 989 1459 1100 1459 1099 1459 278 1460 276 1460 991 1460 989 1461 1101 1461 1100 1461 276 1462 274 1462 991 1462 989 1463 1102 1463 1101 1463 274 1464 272 1464 991 1464 989 1465 1103 1465 1102 1465 272 1466 270 1466 991 1466 989 1467 1104 1467 1103 1467 270 1468 268 1468 991 1468 989 1469 1105 1469 1104 1469 268 1470 266 1470 991 1470 989 1471 1106 1471 1105 1471 266 1472 264 1472 991 1472 264 1473 262 1473 991 1473 262 1474 260 1474 991 1474 260 1475 257 1475 991 1475 257 1476 256 1476 991 1476 256 1477 1107 1477 991 1477 1107 1478 1108 1478 991 1478 1108 1479 988 1479 991 1479 1106 1480 988 1480 1109 1480 1109 1481 988 1481 1110 1481 1110 1482 988 1482 1111 1482 1111 1483 988 1483 1112 1483 1112 1484 988 1484 1113 1484 1113 1485 988 1485 1114 1485 1114 1486 988 1486 1115 1486 1115 1487 988 1487 1116 1487 1116 1488 988 1488 1117 1488 1117 1489 988 1489 1118 1489 1118 1490 988 1490 1119 1490 1119 1491 988 1491 1120 1491 1120 1492 988 1492 1121 1492 1121 1493 988 1493 1122 1493 989 1494 988 1494 1106 1494 1122 1495 988 1495 1123 1495 1123 1496 988 1496 1124 1496 1124 1497 988 1497 1125 1497 1125 1498 988 1498 1126 1498 1126 1499 988 1499 1127 1499 1127 1500 988 1500 1128 1500 1128 1501 988 1501 1129 1501 1129 1502 988 1502 1108 1502 1130 1503 994 1503 992 1503 1130 1504 1131 1504 994 1504 995 1505 1086 1505 1132 1505 1132 1506 1086 1506 1133 1506 1133 1507 1087 1507 1134 1507 1086 1508 1087 1508 1133 1508 1134 1509 1088 1509 1135 1509 1087 1510 1088 1510 1134 1510 1135 1511 1089 1511 1136 1511 1136 1512 1089 1512 1137 1512 1088 1513 1089 1513 1135 1513 1137 1514 1090 1514 1138 1514 1089 1515 1090 1515 1137 1515 1138 1516 1039 1516 1139 1516 1090 1517 1039 1517 1138 1517 1039 1518 1040 1518 1139 1518 1040 1519 1041 1519 1139 1519 1139 1520 1041 1520 1140 1520 1140 1521 1041 1521 1141 1521 1041 1522 1042 1522 1141 1522 1141 1523 1043 1523 1142 1523 1042 1524 1043 1524 1141 1524 1142 1525 1044 1525 1143 1525 1043 1526 1044 1526 1142 1526 1143 1527 1045 1527 1144 1527 1044 1528 1045 1528 1143 1528 1144 1529 1046 1529 1145 1529 1045 1530 1046 1530 1144 1530 1145 1531 1047 1531 1146 1531 1146 1532 1047 1532 1147 1532 1046 1533 1047 1533 1145 1533 1147 1534 1048 1534 1148 1534 1047 1535 1048 1535 1147 1535 1048 1536 1049 1536 1148 1536 1148 1537 1050 1537 1149 1537 1049 1538 1050 1538 1148 1538 1149 1539 1051 1539 1150 1539 1050 1540 1051 1540 1149 1540 1150 1541 1052 1541 1151 1541 1051 1542 1052 1542 1150 1542 1151 1543 1053 1543 1152 1543 1052 1544 1053 1544 1151 1544 1152 1545 1054 1545 1153 1545 1153 1546 1054 1546 1154 1546 1053 1547 1054 1547 1152 1547 1154 1548 1000 1548 1155 1548 1054 1549 1000 1549 1154 1549 1000 1550 1001 1550 1155 1550 1001 1551 1002 1551 1155 1551 1155 1552 1002 1552 1156 1552 1156 1553 1003 1553 1157 1553 1002 1554 1003 1554 1156 1554 1157 1555 1004 1555 1158 1555 1003 1556 1004 1556 1157 1556 1158 1557 1005 1557 1159 1557 1004 1558 1005 1558 1158 1558 1159 1559 1006 1559 1160 1559 1005 1560 1006 1560 1159 1560 1160 1561 996 1561 1161 1561 1006 1562 996 1562 1160 1562 1161 1563 998 1563 1162 1563 996 1564 998 1564 1161 1564 1162 1565 999 1565 1163 1565 1163 1566 999 1566 1131 1566 998 1567 999 1567 1162 1567 999 1568 994 1568 1131 1568 1132 1569 1164 1569 995 1569 995 1570 1164 1570 993 1570 992 1571 314 1571 317 1571 317 1572 318 1572 992 1572 318 1573 320 1573 992 1573 992 1574 312 1574 314 1574 320 1575 322 1575 992 1575 992 1576 311 1576 312 1576 992 1577 308 1577 311 1577 993 1578 308 1578 992 1578 322 1579 325 1579 992 1579 325 1580 326 1580 992 1580 993 1581 307 1581 308 1581 326 1582 328 1582 992 1582 993 1583 304 1583 307 1583 328 1584 330 1584 992 1584 993 1585 303 1585 304 1585 330 1586 332 1586 992 1586 993 1587 300 1587 303 1587 332 1588 335 1588 992 1588 993 1589 298 1589 300 1589 993 1590 296 1590 298 1590 992 1591 336 1591 1130 1591 335 1592 336 1592 992 1592 993 1593 294 1593 296 1593 336 1594 1165 1594 1130 1594 993 1595 292 1595 294 1595 1165 1596 1166 1596 1130 1596 993 1597 291 1597 292 1597 1166 1598 1167 1598 1130 1598 993 1599 288 1599 291 1599 1167 1600 1168 1600 1130 1600 993 1601 287 1601 288 1601 1168 1602 1169 1602 1130 1602 993 1603 285 1603 287 1603 1169 1604 1170 1604 1130 1604 993 1605 283 1605 285 1605 1170 1606 1171 1606 1130 1606 993 1607 281 1607 283 1607 1171 1608 1172 1608 1130 1608 993 1609 279 1609 281 1609 1172 1610 1173 1610 1130 1610 993 1611 277 1611 279 1611 1173 1612 1174 1612 1130 1612 993 1613 275 1613 277 1613 1174 1614 1175 1614 1130 1614 993 1615 273 1615 275 1615 1175 1616 1176 1616 1130 1616 993 1617 271 1617 273 1617 1176 1618 1177 1618 1130 1618 993 1619 269 1619 271 1619 1177 1620 1178 1620 1130 1620 993 1621 267 1621 269 1621 993 1622 265 1622 267 1622 993 1623 263 1623 265 1623 993 1624 261 1624 263 1624 1179 1625 1164 1625 1178 1625 1180 1626 1164 1626 1179 1626 1181 1627 1164 1627 1180 1627 1182 1628 1164 1628 1181 1628 1183 1629 1164 1629 1182 1629 1184 1630 1164 1630 1183 1630 1185 1631 1164 1631 1184 1631 1186 1632 1164 1632 1185 1632 1187 1633 1164 1633 1186 1633 1188 1634 1164 1634 1187 1634 1189 1635 1164 1635 1188 1635 1190 1636 1164 1636 1189 1636 1191 1637 1164 1637 1190 1637 1192 1638 1164 1638 1191 1638 1193 1639 1164 1639 1192 1639 1194 1640 1164 1640 1193 1640 1195 1641 1164 1641 1194 1641 1196 1642 1164 1642 1195 1642 1197 1643 1164 1643 1196 1643 1198 1644 1164 1644 1197 1644 1199 1645 1164 1645 1198 1645 1200 1646 1164 1646 1199 1646 1201 1647 1164 1647 1200 1647 1178 1648 1164 1648 1130 1648 993 1649 1164 1649 258 1649 993 1650 258 1650 259 1650 993 1651 259 1651 261 1651 258 1652 1164 1652 1202 1652 1202 1653 1164 1653 1203 1653 1203 1654 1164 1654 1201 1654 1162 1655 1163 1655 1131 1655 1160 1656 1161 1656 1162 1656 1158 1657 1159 1657 1160 1657 1156 1658 1157 1658 1158 1658 1156 1659 1158 1659 1160 1659 1155 1660 1160 1660 1162 1660 1155 1661 1156 1661 1160 1661 1153 1662 1154 1662 1155 1662 1151 1663 1152 1663 1153 1663 1151 1664 1153 1664 1155 1664 1150 1665 1162 1665 1131 1665 1150 1666 1155 1666 1162 1666 1150 1667 1151 1667 1155 1667 1147 1668 1148 1668 1149 1668 1147 1669 1149 1669 1150 1669 1144 1670 1145 1670 1146 1670 1144 1671 1146 1671 1147 1671 1144 1672 1150 1672 1131 1672 1144 1673 1147 1673 1150 1673 1142 1674 1143 1674 1144 1674 1141 1675 1142 1675 1144 1675 1141 1676 1144 1676 1131 1676 1137 1677 1138 1677 1139 1677 1137 1678 1139 1678 1140 1678 1137 1679 1140 1679 1141 1679 1136 1680 1137 1680 1141 1680 1134 1681 1135 1681 1136 1681 1132 1682 1133 1682 1134 1682 1132 1683 1141 1683 1131 1683 1132 1684 1134 1684 1136 1684 1132 1685 1136 1685 1141 1685 1130 1686 1132 1686 1131 1686 1164 1687 1132 1687 1130 1687 337 1688 1091 1688 336 1688 336 1689 1091 1689 1165 1689 1165 1690 1092 1690 1166 1690 1091 1691 1092 1691 1165 1691 1166 1692 1093 1692 1167 1692 1092 1693 1093 1693 1166 1693 1093 1694 1094 1694 1167 1694 1167 1695 1094 1695 1168 1695 1094 1696 1095 1696 1168 1696 1168 1697 1095 1697 1169 1697 1095 1698 1096 1698 1169 1698 1169 1699 1096 1699 1170 1699 1096 1700 1097 1700 1170 1700 1170 1701 1097 1701 1171 1701 1097 1702 1098 1702 1171 1702 1171 1703 1098 1703 1172 1703 1098 1704 1099 1704 1172 1704 1172 1705 1099 1705 1173 1705 1099 1706 1100 1706 1173 1706 1173 1707 1100 1707 1174 1707 1100 1708 1101 1708 1174 1708 1174 1709 1101 1709 1175 1709 1101 1710 1102 1710 1175 1710 1175 1711 1102 1711 1176 1711 1102 1712 1103 1712 1176 1712 1176 1713 1103 1713 1177 1713 1103 1714 1104 1714 1177 1714 1177 1715 1104 1715 1178 1715 1104 1716 1105 1716 1178 1716 1178 1717 1105 1717 1179 1717 1105 1718 1106 1718 1179 1718 1179 1719 1106 1719 1180 1719 1106 1720 1109 1720 1180 1720 1180 1721 1109 1721 1181 1721 1181 1722 1110 1722 1182 1722 1109 1723 1110 1723 1181 1723 1182 1724 1111 1724 1183 1724 1110 1725 1111 1725 1182 1725 1183 1726 1112 1726 1184 1726 1111 1727 1112 1727 1183 1727 1184 1728 1113 1728 1185 1728 1112 1729 1113 1729 1184 1729 1185 1730 1114 1730 1186 1730 1113 1731 1114 1731 1185 1731 1186 1732 1115 1732 1187 1732 1114 1733 1115 1733 1186 1733 1187 1734 1116 1734 1188 1734 1115 1735 1116 1735 1187 1735 1188 1736 1117 1736 1189 1736 1116 1737 1117 1737 1188 1737 1189 1738 1118 1738 1190 1738 1117 1739 1118 1739 1189 1739 1190 1740 1119 1740 1191 1740 1118 1741 1119 1741 1190 1741 1191 1742 1120 1742 1192 1742 1119 1743 1120 1743 1191 1743 1192 1744 1121 1744 1193 1744 1120 1745 1121 1745 1192 1745 1121 1746 1122 1746 1193 1746 1193 1747 1122 1747 1194 1747 1122 1748 1123 1748 1194 1748 1194 1749 1123 1749 1195 1749 1123 1750 1124 1750 1195 1750 1195 1751 1124 1751 1196 1751 1124 1752 1125 1752 1196 1752 1196 1753 1125 1753 1197 1753 1125 1754 1126 1754 1197 1754 1197 1755 1126 1755 1198 1755 1126 1756 1127 1756 1198 1756 1198 1757 1127 1757 1199 1757 1127 1758 1128 1758 1199 1758 1199 1759 1128 1759 1200 1759 1128 1760 1129 1760 1200 1760 1200 1761 1129 1761 1201 1761 1129 1762 1108 1762 1201 1762 1201 1763 1108 1763 1203 1763 1108 1764 1107 1764 1203 1764 1203 1765 1107 1765 1202 1765 1107 1766 256 1766 1202 1766 1202 1767 256 1767 258 1767 97 1768 1204 1768 1205 1768 97 1769 1205 1769 1206 1769 97 1770 1206 1770 94 1770 93 1771 1206 1771 1207 1771 93 1772 1207 1772 1208 1772 93 1773 94 1773 1206 1773 98 1774 1204 1774 97 1774 90 1775 93 1775 1208 1775 101 1776 1204 1776 98 1776 101 1777 1209 1777 1210 1777 101 1778 1210 1778 1204 1778 88 1779 1208 1779 1211 1779 88 1780 90 1780 1208 1780 103 1781 1209 1781 101 1781 103 1782 1212 1782 1209 1782 86 1783 88 1783 1211 1783 86 1784 1211 1784 1213 1784 104 1785 1212 1785 103 1785 104 1786 1214 1786 1212 1786 84 1787 1213 1787 1215 1787 84 1788 1215 1788 1216 1788 84 1789 86 1789 1213 1789 107 1790 1217 1790 1214 1790 107 1791 1214 1791 104 1791 83 1792 84 1792 1216 1792 108 1793 1217 1793 107 1793 81 1794 83 1794 1216 1794 81 1795 1216 1795 1218 1795 111 1796 1219 1796 1217 1796 111 1797 1217 1797 108 1797 78 1798 1218 1798 1220 1798 78 1799 81 1799 1218 1799 112 1800 1221 1800 1219 1800 112 1801 1219 1801 111 1801 77 1802 78 1802 1220 1802 77 1803 1220 1803 1222 1803 77 1804 1222 1804 1223 1804 114 1805 1224 1805 1221 1805 114 1806 1221 1806 112 1806 74 1807 77 1807 1223 1807 116 1808 1225 1808 1224 1808 116 1809 1224 1809 114 1809 73 1810 1223 1810 1226 1810 73 1811 1226 1811 1227 1811 73 1812 74 1812 1223 1812 119 1813 1228 1813 1225 1813 119 1814 1225 1814 116 1814 70 1815 1227 1815 1229 1815 70 1816 73 1816 1227 1816 120 1817 1230 1817 1231 1817 120 1818 1231 1818 1228 1818 120 1819 1228 1819 119 1819 68 1820 70 1820 1229 1820 122 1821 1230 1821 120 1821 66 1822 1229 1822 1232 1822 66 1823 68 1823 1229 1823 124 1824 1233 1824 1230 1824 124 1825 1230 1825 122 1825 64 1826 1232 1826 1234 1826 64 1827 66 1827 1232 1827 127 1828 130 1828 1233 1828 127 1829 1233 1829 124 1829 62 1830 1234 1830 1235 1830 62 1831 64 1831 1234 1831 1236 1832 131 1832 130 1832 1236 1833 130 1833 127 1833 60 1834 1235 1834 1237 1834 60 1835 62 1835 1235 1835 1238 1836 135 1836 133 1836 1238 1837 133 1837 131 1837 1238 1838 131 1838 1236 1838 58 1839 1237 1839 1239 1839 58 1840 60 1840 1237 1840 1240 1841 135 1841 1238 1841 56 1842 58 1842 1239 1842 56 1843 1239 1843 1241 1843 1242 1844 135 1844 1240 1844 1242 1845 137 1845 135 1845 54 1846 56 1846 1241 1846 54 1847 1241 1847 1243 1847 54 1848 1243 1848 1244 1848 1245 1849 137 1849 1242 1849 1245 1850 139 1850 137 1850 52 1851 54 1851 1244 1851 1246 1852 140 1852 139 1852 1246 1853 139 1853 1245 1853 50 1854 52 1854 1244 1854 50 1855 1244 1855 1247 1855 1248 1856 144 1856 143 1856 1248 1857 143 1857 140 1857 1248 1858 140 1858 1246 1858 48 1859 50 1859 1247 1859 48 1860 1247 1860 1249 1860 1250 1861 144 1861 1248 1861 46 1862 48 1862 1249 1862 46 1863 1249 1863 1251 1863 1252 1864 146 1864 144 1864 1252 1865 144 1865 1250 1865 149 1866 146 1866 1252 1866 44 1867 1251 1867 1253 1867 44 1868 46 1868 1251 1868 1254 1869 44 1869 1253 1869 1255 1870 149 1870 1252 1870 151 1871 149 1871 1255 1871 42 1872 44 1872 1254 1872 1256 1873 151 1873 1255 1873 40 1874 1254 1874 1257 1874 40 1875 42 1875 1254 1875 1258 1876 152 1876 151 1876 1258 1877 151 1877 1256 1877 1259 1878 40 1878 1257 1878 38 1879 40 1879 1259 1879 155 1880 152 1880 1258 1880 1260 1881 155 1881 1258 1881 36 1882 1259 1882 1261 1882 36 1883 38 1883 1259 1883 157 1884 155 1884 1260 1884 1262 1885 157 1885 1260 1885 34 1886 1261 1886 1263 1886 34 1887 36 1887 1261 1887 1264 1888 159 1888 157 1888 1264 1889 157 1889 1262 1889 32 1890 1263 1890 1265 1890 32 1891 34 1891 1263 1891 161 1892 1264 1892 1266 1892 161 1893 159 1893 1264 1893 1267 1894 30 1894 32 1894 1267 1895 32 1895 1265 1895 1268 1896 161 1896 1266 1896 163 1897 161 1897 1268 1897 1269 1898 30 1898 1267 1898 1269 1899 28 1899 30 1899 165 1900 163 1900 1268 1900 165 1901 1268 1901 1270 1901 26 1902 28 1902 1269 1902 1271 1903 26 1903 1269 1903 167 1904 165 1904 1270 1904 167 1905 1270 1905 1272 1905 1273 1906 26 1906 1271 1906 1273 1907 24 1907 26 1907 169 1908 167 1908 1272 1908 169 1909 1272 1909 1274 1909 1275 1910 169 1910 1274 1910 1276 1911 24 1911 1273 1911 1276 1912 22 1912 24 1912 171 1913 169 1913 1275 1913 1277 1914 22 1914 1276 1914 1277 1915 20 1915 22 1915 18 1916 20 1916 1277 1916 173 1917 1275 1917 1278 1917 173 1918 171 1918 1275 1918 1279 1919 18 1919 1277 1919 16 1920 18 1920 1279 1920 175 1921 1278 1921 1280 1921 175 1922 173 1922 1278 1922 1281 1923 175 1923 1280 1923 1282 1924 16 1924 1279 1924 177 1925 175 1925 1281 1925 1283 1926 16 1926 1282 1926 1283 1927 14 1927 16 1927 179 1928 1281 1928 1284 1928 179 1929 177 1929 1281 1929 1285 1930 14 1930 1283 1930 1285 1931 12 1931 14 1931 181 1932 1286 1932 1287 1932 181 1933 1284 1933 1286 1933 181 1934 179 1934 1284 1934 1288 1935 10 1935 12 1935 1288 1936 12 1936 1285 1936 183 1937 181 1937 1287 1937 1289 1938 8 1938 10 1938 1289 1939 10 1939 1288 1939 185 1940 1287 1940 1290 1940 185 1941 183 1941 1287 1941 1291 1942 6 1942 8 1942 1291 1943 4 1943 6 1943 1291 1944 8 1944 1289 1944 187 1945 185 1945 1290 1945 187 1946 1290 1946 1292 1946 1293 1947 4 1947 1291 1947 189 1948 187 1948 1292 1948 189 1949 1294 1949 1295 1949 189 1950 1292 1950 1294 1950 1296 1951 4 1951 1293 1951 1296 1952 2 1952 4 1952 191 1953 189 1953 1295 1953 255 1954 2 1954 1296 1954 255 1955 0 1955 2 1955 193 1956 1297 1956 1298 1956 193 1957 1295 1957 1297 1957 193 1958 191 1958 1295 1958 252 1959 0 1959 255 1959 252 1960 1299 1960 0 1960 195 1961 1298 1961 1300 1961 195 1962 193 1962 1298 1962 251 1963 1299 1963 252 1963 251 1964 1301 1964 1299 1964 197 1965 195 1965 1300 1965 249 1966 1301 1966 251 1966 249 1967 1302 1967 1301 1967 199 1968 1300 1968 1303 1968 199 1969 197 1969 1300 1969 247 1970 1302 1970 249 1970 247 1971 1304 1971 1302 1971 201 1972 1303 1972 1305 1972 201 1973 199 1973 1303 1973 245 1974 1304 1974 247 1974 245 1975 1306 1975 1304 1975 245 1976 1307 1976 1306 1976 202 1977 1305 1977 1308 1977 202 1978 201 1978 1305 1978 242 1979 1307 1979 245 1979 205 1980 1308 1980 1309 1980 205 1981 202 1981 1308 1981 240 1982 1307 1982 242 1982 240 1983 1310 1983 1307 1983 240 1984 1311 1984 1310 1984 207 1985 1309 1985 1312 1985 207 1986 205 1986 1309 1986 238 1987 1311 1987 240 1987 238 1988 1313 1988 1311 1988 208 1989 1314 1989 1315 1989 208 1990 1312 1990 1314 1990 208 1991 207 1991 1312 1991 237 1992 1313 1992 238 1992 210 1993 1315 1993 1316 1993 210 1994 208 1994 1315 1994 234 1995 1313 1995 237 1995 234 1996 1317 1996 1313 1996 212 1997 210 1997 1316 1997 233 1998 1317 1998 234 1998 233 1999 1318 1999 1317 1999 215 2000 1316 2000 1319 2000 215 2001 212 2001 1316 2001 230 2002 1318 2002 233 2002 230 2003 1320 2003 1318 2003 216 2004 1319 2004 1321 2004 216 2005 215 2005 1319 2005 229 2006 1322 2006 1320 2006 229 2007 1323 2007 1322 2007 229 2008 1320 2008 230 2008 218 2009 1321 2009 1324 2009 218 2010 216 2010 1321 2010 227 2011 1323 2011 229 2011 221 2012 1324 2012 1325 2012 221 2013 218 2013 1324 2013 224 2014 1326 2014 1323 2014 224 2015 1327 2015 1326 2015 224 2016 1323 2016 227 2016 223 2017 1325 2017 1327 2017 223 2018 221 2018 1325 2018 223 2019 1327 2019 224 2019 254 2020 255 2020 1296 2020 791 2021 254 2021 1296 2021 790 2022 791 2022 1296 2022 790 2023 1293 2023 1291 2023 790 2024 1296 2024 1293 2024 789 2025 790 2025 1291 2025 788 2026 789 2026 1291 2026 788 2027 1289 2027 1288 2027 788 2028 1291 2028 1289 2028 787 2029 788 2029 1288 2029 786 2030 787 2030 1288 2030 786 2031 1285 2031 1283 2031 786 2032 1288 2032 1285 2032 785 2033 786 2033 1283 2033 784 2034 1283 2034 1282 2034 784 2035 785 2035 1283 2035 783 2036 1282 2036 1279 2036 783 2037 784 2037 1282 2037 782 2038 1277 2038 1276 2038 782 2039 1279 2039 1277 2039 782 2040 783 2040 1279 2040 781 2041 1276 2041 1273 2041 781 2042 782 2042 1276 2042 780 2043 781 2043 1273 2043 779 2044 1271 2044 1269 2044 779 2045 1273 2045 1271 2045 779 2046 780 2046 1273 2046 778 2047 779 2047 1269 2047 777 2048 1269 2048 1267 2048 777 2049 778 2049 1269 2049 776 2050 1267 2050 1265 2050 776 2051 777 2051 1267 2051 775 2052 1265 2052 1263 2052 775 2053 776 2053 1265 2053 774 2054 775 2054 1263 2054 774 2055 1261 2055 1259 2055 774 2056 1263 2056 1261 2056 773 2057 774 2057 1259 2057 772 2058 773 2058 1259 2058 772 2059 1259 2059 1257 2059 771 2060 772 2060 1257 2060 771 2061 1257 2061 1254 2061 770 2062 771 2062 1254 2062 770 2063 1254 2063 1253 2063 769 2064 770 2064 1253 2064 769 2065 1253 2065 1251 2065 768 2066 769 2066 1251 2066 768 2067 1251 2067 1249 2067 767 2068 768 2068 1249 2068 767 2069 1249 2069 1247 2069 766 2070 767 2070 1247 2070 766 2071 1247 2071 1244 2071 765 2072 1244 2072 1243 2072 765 2073 766 2073 1244 2073 764 2074 1243 2074 1241 2074 764 2075 765 2075 1243 2075 763 2076 764 2076 1241 2076 763 2077 1241 2077 1239 2077 762 2078 1239 2078 1237 2078 762 2079 763 2079 1239 2079 761 2080 1237 2080 1235 2080 761 2081 762 2081 1237 2081 760 2082 1235 2082 1234 2082 760 2083 761 2083 1235 2083 758 2084 1234 2084 1232 2084 758 2085 760 2085 1234 2085 756 2086 1232 2086 1229 2086 756 2087 758 2087 1232 2087 754 2088 1227 2088 1226 2088 754 2089 1229 2089 1227 2089 754 2090 756 2090 1229 2090 752 2091 754 2091 1226 2091 750 2092 1226 2092 1223 2092 750 2093 752 2093 1226 2093 748 2094 1223 2094 1222 2094 748 2095 750 2095 1223 2095 746 2096 1220 2096 1218 2096 746 2097 1222 2097 1220 2097 746 2098 748 2098 1222 2098 744 2099 746 2099 1218 2099 742 2100 1216 2100 1215 2100 742 2101 1218 2101 1216 2101 742 2102 744 2102 1218 2102 740 2103 742 2103 1215 2103 738 2104 740 2104 1215 2104 738 2105 1215 2105 1213 2105 736 2106 738 2106 1213 2106 736 2107 1213 2107 1211 2107 734 2108 736 2108 1211 2108 734 2109 1208 2109 1207 2109 734 2110 1211 2110 1208 2110 732 2111 734 2111 1207 2111 730 2112 1206 2112 1205 2112 730 2113 1207 2113 1206 2113 730 2114 732 2114 1207 2114 731 2115 730 2115 1205 2115 733 2116 1204 2116 1210 2116 733 2117 1205 2117 1204 2117 733 2118 731 2118 1205 2118 735 2119 733 2119 1210 2119 737 2120 1209 2120 1212 2120 737 2121 1210 2121 1209 2121 737 2122 735 2122 1210 2122 739 2123 737 2123 1212 2123 741 2124 1214 2124 1217 2124 741 2125 1212 2125 1214 2125 741 2126 739 2126 1212 2126 743 2127 741 2127 1217 2127 745 2128 1217 2128 1219 2128 745 2129 743 2129 1217 2129 747 2130 1221 2130 1224 2130 747 2131 1219 2131 1221 2131 747 2132 745 2132 1219 2132 749 2133 747 2133 1224 2133 751 2134 1225 2134 1228 2134 751 2135 1224 2135 1225 2135 751 2136 749 2136 1224 2136 753 2137 1228 2137 1231 2137 753 2138 751 2138 1228 2138 755 2139 753 2139 1231 2139 757 2140 1231 2140 1230 2140 757 2141 755 2141 1231 2141 759 2142 1230 2142 1233 2142 759 2143 757 2143 1230 2143 129 2144 1233 2144 130 2144 129 2145 759 2145 1233 2145 523 2146 859 2146 521 2146 521 2147 891 2147 524 2147 859 2148 891 2148 521 2148 524 2149 890 2149 525 2149 891 2150 890 2150 524 2150 525 2151 889 2151 526 2151 890 2152 889 2152 525 2152 526 2153 888 2153 527 2153 889 2154 888 2154 526 2154 527 2155 887 2155 528 2155 888 2156 887 2156 527 2156 528 2157 886 2157 529 2157 887 2158 886 2158 528 2158 529 2159 885 2159 530 2159 886 2160 885 2160 529 2160 885 2161 884 2161 530 2161 530 2162 884 2162 531 2162 884 2163 883 2163 531 2163 531 2164 883 2164 532 2164 532 2165 882 2165 533 2165 883 2166 882 2166 532 2166 533 2167 879 2167 519 2167 882 2168 879 2168 533 2168 879 2169 881 2169 519 2169 519 2170 895 2170 491 2170 881 2171 895 2171 519 2171 491 2172 878 2172 487 2172 895 2173 878 2173 491 2173 487 2174 877 2174 486 2174 878 2175 877 2175 487 2175 486 2176 876 2176 485 2176 877 2177 876 2177 486 2177 485 2178 875 2178 484 2178 876 2179 875 2179 485 2179 484 2180 874 2180 483 2180 875 2181 874 2181 484 2181 483 2182 873 2182 482 2182 874 2183 873 2183 483 2183 482 2184 872 2184 481 2184 873 2185 872 2185 482 2185 481 2186 871 2186 480 2186 872 2187 871 2187 481 2187 480 2188 870 2188 479 2188 871 2189 870 2189 480 2189 479 2190 869 2190 478 2190 870 2191 869 2191 479 2191 478 2192 868 2192 477 2192 869 2193 868 2193 478 2193 477 2194 867 2194 475 2194 868 2195 867 2195 477 2195 475 2196 866 2196 473 2196 867 2197 866 2197 475 2197 473 2198 865 2198 476 2198 866 2199 865 2199 473 2199 476 2200 864 2200 472 2200 865 2201 864 2201 476 2201 472 2202 863 2202 471 2202 864 2203 863 2203 472 2203 471 2204 862 2204 470 2204 863 2205 862 2205 471 2205 470 2206 861 2206 469 2206 862 2207 861 2207 470 2207 469 2208 590 2208 467 2208 861 2209 590 2209 469 2209 892 2210 522 2210 520 2210 892 2211 880 2211 522 2211 894 2212 520 2212 518 2212 894 2213 892 2213 520 2213 897 2214 518 2214 517 2214 897 2215 894 2215 518 2215 899 2216 517 2216 516 2216 899 2217 897 2217 517 2217 901 2218 516 2218 515 2218 901 2219 899 2219 516 2219 903 2220 515 2220 514 2220 903 2221 901 2221 515 2221 905 2222 514 2222 513 2222 905 2223 903 2223 514 2223 907 2224 905 2224 513 2224 907 2225 513 2225 512 2225 909 2226 907 2226 512 2226 909 2227 512 2227 511 2227 911 2228 909 2228 511 2228 911 2229 511 2229 510 2229 913 2230 911 2230 510 2230 913 2231 510 2231 509 2231 915 2232 509 2232 508 2232 915 2233 913 2233 509 2233 917 2234 508 2234 507 2234 917 2235 915 2235 508 2235 919 2236 507 2236 506 2236 919 2237 917 2237 507 2237 921 2238 506 2238 505 2238 921 2239 919 2239 506 2239 923 2240 505 2240 504 2240 923 2241 921 2241 505 2241 922 2242 504 2242 503 2242 922 2243 923 2243 504 2243 920 2244 503 2244 502 2244 920 2245 922 2245 503 2245 918 2246 502 2246 501 2246 918 2247 920 2247 502 2247 916 2248 501 2248 500 2248 916 2249 918 2249 501 2249 914 2250 500 2250 499 2250 914 2251 916 2251 500 2251 912 2252 499 2252 498 2252 912 2253 914 2253 499 2253 910 2254 498 2254 497 2254 910 2255 912 2255 498 2255 908 2256 497 2256 496 2256 908 2257 910 2257 497 2257 906 2258 496 2258 495 2258 906 2259 908 2259 496 2259 904 2260 495 2260 494 2260 904 2261 906 2261 495 2261 902 2262 494 2262 493 2262 902 2263 904 2263 494 2263 900 2264 493 2264 492 2264 900 2265 902 2265 493 2265 898 2266 492 2266 490 2266 898 2267 900 2267 492 2267 896 2268 490 2268 489 2268 896 2269 898 2269 490 2269 893 2270 489 2270 488 2270 893 2271 896 2271 489 2271 857 2272 488 2272 474 2272 857 2273 893 2273 488 2273 987 2274 997 2274 986 2274 986 2275 1038 2275 984 2275 997 2276 1038 2276 986 2276 984 2277 1037 2277 982 2277 1038 2278 1037 2278 984 2278 982 2279 1036 2279 980 2279 1037 2280 1036 2280 982 2280 980 2281 1035 2281 978 2281 1036 2282 1035 2282 980 2282 978 2283 1034 2283 976 2283 1035 2284 1034 2284 978 2284 976 2285 1033 2285 974 2285 1034 2286 1033 2286 976 2286 974 2287 1032 2287 972 2287 1033 2288 1032 2288 974 2288 1032 2289 1031 2289 972 2289 972 2290 1031 2290 970 2290 1031 2291 1030 2291 970 2291 970 2292 1030 2292 968 2292 968 2293 1029 2293 966 2293 1030 2294 1029 2294 968 2294 966 2295 1028 2295 964 2295 1029 2296 1028 2296 966 2296 964 2297 1027 2297 962 2297 1028 2298 1027 2298 964 2298 962 2299 1026 2299 959 2299 1027 2300 1026 2300 962 2300 959 2301 1025 2301 957 2301 1026 2302 1025 2302 959 2302 957 2303 1024 2303 956 2303 1025 2304 1024 2304 957 2304 956 2305 1022 2305 958 2305 1024 2306 1022 2306 956 2306 958 2307 1021 2307 960 2307 1022 2308 1021 2308 958 2308 960 2309 1020 2309 961 2309 1021 2310 1020 2310 960 2310 961 2311 1019 2311 963 2311 1020 2312 1019 2312 961 2312 963 2313 1018 2313 965 2313 1019 2314 1018 2314 963 2314 965 2315 1017 2315 967 2315 1018 2316 1017 2316 965 2316 967 2317 1016 2317 969 2317 1017 2318 1016 2318 967 2318 969 2319 1015 2319 971 2319 1016 2320 1015 2320 969 2320 1015 2321 1014 2321 971 2321 971 2322 1013 2322 973 2322 973 2323 1013 2323 975 2323 1014 2324 1013 2324 971 2324 975 2325 1012 2325 977 2325 1013 2326 1012 2326 975 2326 1012 2327 1011 2327 977 2327 977 2328 1010 2328 979 2328 979 2329 1010 2329 981 2329 1011 2330 1010 2330 977 2330 981 2331 1009 2331 983 2331 1010 2332 1009 2332 981 2332 983 2333 1008 2333 985 2333 1009 2334 1008 2334 983 2334 985 2335 1007 2335 534 2335 1008 2336 1007 2336 985 2336 1007 2337 535 2337 534 2337 466 2338 468 2338 856 2338 856 2339 600 2339 854 2339 468 2340 600 2340 856 2340 854 2341 598 2341 852 2341 600 2342 598 2342 854 2342 852 2343 596 2343 850 2343 598 2344 596 2344 852 2344 850 2345 594 2345 848 2345 596 2346 594 2346 850 2346 848 2347 592 2347 846 2347 594 2348 592 2348 848 2348 846 2349 589 2349 844 2349 592 2350 589 2350 846 2350 844 2351 587 2351 842 2351 589 2352 587 2352 844 2352 587 2353 584 2353 842 2353 842 2354 584 2354 840 2354 584 2355 582 2355 840 2355 840 2356 582 2356 838 2356 838 2357 580 2357 836 2357 582 2358 580 2358 838 2358 836 2359 578 2359 834 2359 580 2360 578 2360 836 2360 834 2361 577 2361 831 2361 578 2362 577 2362 834 2362 831 2363 574 2363 830 2363 577 2364 574 2364 831 2364 830 2365 572 2365 826 2365 574 2366 572 2366 830 2366 826 2367 571 2367 827 2367 572 2368 571 2368 826 2368 827 2369 570 2369 828 2369 571 2370 570 2370 827 2370 828 2371 569 2371 829 2371 570 2372 569 2372 828 2372 829 2373 573 2373 832 2373 569 2374 573 2374 829 2374 832 2375 575 2375 833 2375 573 2376 575 2376 832 2376 833 2377 576 2377 835 2377 575 2378 576 2378 833 2378 835 2379 579 2379 837 2379 576 2380 579 2380 835 2380 837 2381 581 2381 839 2381 579 2382 581 2382 837 2382 839 2383 583 2383 841 2383 581 2384 583 2384 839 2384 841 2385 586 2385 843 2385 583 2386 586 2386 841 2386 586 2387 588 2387 843 2387 843 2388 591 2388 845 2388 845 2389 591 2389 847 2389 588 2390 591 2390 843 2390 847 2391 593 2391 849 2391 591 2392 593 2392 847 2392 849 2393 595 2393 851 2393 593 2394 595 2394 849 2394 851 2395 597 2395 853 2395 595 2396 597 2396 851 2396 853 2397 599 2397 855 2397 597 2398 599 2398 853 2398 599 2399 601 2399 855 2399 855 2400 602 2400 605 2400 601 2401 602 2401 855 2401 565 2402 824 2402 825 2402 565 2403 564 2403 824 2403 562 2404 825 2404 817 2404 562 2405 565 2405 825 2405 563 2406 817 2406 818 2406 563 2407 562 2407 817 2407 560 2408 818 2408 816 2408 560 2409 563 2409 818 2409 557 2410 816 2410 812 2410 557 2411 560 2411 816 2411 558 2412 812 2412 813 2412 558 2413 557 2413 812 2413 552 2414 813 2414 805 2414 552 2415 558 2415 813 2415 553 2416 552 2416 805 2416 553 2417 805 2417 806 2417 549 2418 553 2418 806 2418 549 2419 806 2419 804 2419 546 2420 549 2420 804 2420 546 2421 804 2421 802 2421 547 2422 546 2422 802 2422 547 2423 802 2423 803 2423 537 2424 803 2424 801 2424 537 2425 547 2425 803 2425 538 2426 801 2426 797 2426 538 2427 537 2427 801 2427 536 2428 797 2428 796 2428 536 2429 538 2429 797 2429 539 2430 796 2430 793 2430 539 2431 536 2431 796 2431 542 2432 793 2432 795 2432 542 2433 539 2433 793 2433 540 2434 795 2434 794 2434 540 2435 542 2435 795 2435 543 2436 794 2436 798 2436 543 2437 540 2437 794 2437 544 2438 798 2438 800 2438 544 2439 543 2439 798 2439 541 2440 800 2440 799 2440 541 2441 544 2441 800 2441 545 2442 799 2442 811 2442 545 2443 541 2443 799 2443 548 2444 811 2444 810 2444 548 2445 545 2445 811 2445 550 2446 810 2446 807 2446 550 2447 548 2447 810 2447 551 2448 807 2448 809 2448 551 2449 550 2449 807 2449 556 2450 809 2450 808 2450 556 2451 551 2451 809 2451 554 2452 808 2452 815 2452 554 2453 556 2453 808 2453 555 2454 815 2454 814 2454 555 2455 554 2455 815 2455 559 2456 814 2456 823 2456 559 2457 555 2457 814 2457 561 2458 823 2458 822 2458 561 2459 559 2459 823 2459 567 2460 822 2460 819 2460 567 2461 561 2461 822 2461 568 2462 819 2462 821 2462 568 2463 567 2463 819 2463 566 2464 821 2464 820 2464 566 2465 568 2465 821 2465 1055 2466 954 2466 955 2466 1055 2467 1023 2467 954 2467 1056 2468 955 2468 950 2468 1056 2469 1055 2469 955 2469 1059 2470 950 2470 949 2470 1059 2471 1056 2471 950 2471 1060 2472 949 2472 948 2472 1060 2473 1059 2473 949 2473 1063 2474 948 2474 945 2474 1063 2475 1060 2475 948 2475 1068 2476 945 2476 946 2476 1068 2477 1063 2477 945 2477 1070 2478 946 2478 941 2478 1070 2479 1068 2479 946 2479 1071 2480 1070 2480 941 2480 1071 2481 941 2481 940 2481 1069 2482 1071 2482 940 2482 1069 2483 940 2483 938 2483 1072 2484 1069 2484 938 2484 1072 2485 938 2485 936 2485 1075 2486 1072 2486 936 2486 1075 2487 936 2487 935 2487 1078 2488 935 2488 931 2488 1078 2489 1075 2489 935 2489 1079 2490 931 2490 928 2490 1079 2491 1078 2491 931 2491 1080 2492 928 2492 927 2492 1080 2493 1079 2493 928 2493 1083 2494 927 2494 925 2494 1083 2495 1080 2495 927 2495 1085 2496 925 2496 924 2496 1085 2497 1083 2497 925 2497 1084 2498 924 2498 926 2498 1084 2499 1085 2499 924 2499 1081 2500 926 2500 930 2500 1081 2501 1084 2501 926 2501 1082 2502 930 2502 929 2502 1082 2503 1081 2503 930 2503 1076 2504 929 2504 932 2504 1076 2505 1082 2505 929 2505 1077 2506 932 2506 934 2506 1077 2507 1076 2507 932 2507 1073 2508 934 2508 933 2508 1073 2509 1077 2509 934 2509 1074 2510 933 2510 937 2510 1074 2511 1073 2511 933 2511 1066 2512 937 2512 939 2512 1066 2513 1074 2513 937 2513 1067 2514 939 2514 942 2514 1067 2515 1066 2515 939 2515 1065 2516 942 2516 944 2516 1065 2517 1067 2517 942 2517 1064 2518 944 2518 943 2518 1064 2519 1065 2519 944 2519 1061 2520 943 2520 947 2520 1061 2521 1064 2521 943 2521 1062 2522 947 2522 952 2522 1062 2523 1061 2523 947 2523 1057 2524 952 2524 951 2524 1057 2525 1062 2525 952 2525 1058 2526 951 2526 953 2526 1058 2527 1057 2527 951 2527 860 2528 953 2528 858 2528 860 2529 1058 2529 953 2529 127 2530 126 2530 1236 2530 1236 2531 1328 2531 1238 2531 126 2532 1328 2532 1236 2532 1238 2533 1329 2533 1240 2533 1328 2534 1329 2534 1238 2534 1240 2535 1330 2535 1242 2535 1329 2536 1330 2536 1240 2536 1242 2537 1331 2537 1245 2537 1330 2538 1331 2538 1242 2538 1245 2539 1332 2539 1246 2539 1331 2540 1332 2540 1245 2540 1246 2541 1333 2541 1248 2541 1332 2542 1333 2542 1246 2542 1248 2543 1334 2543 1250 2543 1333 2544 1334 2544 1248 2544 1250 2545 1335 2545 1252 2545 1334 2546 1335 2546 1250 2546 1252 2547 1336 2547 1255 2547 1335 2548 1336 2548 1252 2548 1255 2549 1337 2549 1256 2549 1336 2550 1337 2550 1255 2550 1256 2551 1338 2551 1258 2551 1337 2552 1338 2552 1256 2552 1258 2553 1339 2553 1260 2553 1338 2554 1339 2554 1258 2554 1260 2555 1340 2555 1262 2555 1339 2556 1340 2556 1260 2556 1262 2557 1341 2557 1264 2557 1340 2558 1341 2558 1262 2558 1264 2559 1342 2559 1266 2559 1341 2560 1342 2560 1264 2560 1266 2561 1343 2561 1268 2561 1342 2562 1343 2562 1266 2562 1343 2563 1344 2563 1268 2563 1268 2564 1344 2564 1270 2564 1344 2565 1345 2565 1270 2565 1270 2566 1345 2566 1272 2566 1345 2567 1346 2567 1272 2567 1272 2568 1346 2568 1274 2568 1274 2569 1347 2569 1275 2569 1346 2570 1347 2570 1274 2570 1275 2571 1348 2571 1278 2571 1347 2572 1348 2572 1275 2572 1278 2573 1349 2573 1280 2573 1348 2574 1349 2574 1278 2574 1280 2575 1350 2575 1281 2575 1349 2576 1350 2576 1280 2576 1350 2577 1351 2577 1281 2577 1284 2578 1352 2578 1286 2578 1281 2579 1352 2579 1284 2579 1351 2580 1352 2580 1281 2580 1286 2581 1353 2581 1287 2581 1352 2582 1353 2582 1286 2582 1353 2583 1354 2583 1287 2583 1287 2584 1354 2584 1290 2584 1354 2585 1355 2585 1290 2585 1290 2586 1355 2586 1292 2586 1355 2587 1356 2587 1292 2587 1292 2588 1356 2588 1294 2588 1356 2589 1357 2589 1294 2589 1294 2590 1357 2590 1295 2590 1357 2591 1358 2591 1295 2591 1295 2592 1358 2592 1297 2592 1358 2593 1359 2593 1297 2593 1297 2594 1359 2594 1298 2594 1359 2595 1360 2595 1298 2595 1298 2596 1360 2596 1300 2596 1360 2597 1361 2597 1300 2597 1300 2598 1361 2598 1303 2598 1361 2599 1362 2599 1303 2599 1303 2600 1362 2600 1305 2600 1362 2601 1363 2601 1305 2601 1363 2602 1364 2602 1305 2602 1308 2603 1364 2603 1309 2603 1305 2604 1364 2604 1308 2604 1364 2605 1365 2605 1309 2605 1309 2606 1365 2606 1312 2606 1312 2607 1366 2607 1314 2607 1365 2608 1366 2608 1312 2608 1314 2609 1367 2609 1315 2609 1366 2610 1367 2610 1314 2610 1315 2611 1368 2611 1316 2611 1367 2612 1368 2612 1315 2612 1316 2613 1369 2613 1319 2613 1368 2614 1369 2614 1316 2614 1369 2615 1370 2615 1319 2615 1370 2616 1371 2616 1319 2616 1319 2617 1371 2617 1321 2617 1371 2618 1372 2618 1321 2618 1324 2619 1372 2619 1325 2619 1321 2620 1372 2620 1324 2620 1372 2621 1373 2621 1325 2621 1325 2622 1373 2622 1327 2622 1373 2623 1374 2623 1327 2623 1327 2624 1374 2624 1326 2624 1374 2625 1375 2625 1326 2625 1375 2626 1376 2626 1326 2626 1323 2627 1376 2627 1322 2627 1326 2628 1376 2628 1323 2628 1376 2629 1377 2629 1322 2629 1322 2630 1377 2630 1320 2630 1377 2631 1378 2631 1320 2631 1378 2632 1379 2632 1320 2632 1318 2633 1379 2633 1317 2633 1320 2634 1379 2634 1318 2634 1379 2635 1380 2635 1317 2635 1317 2636 1380 2636 1313 2636 1380 2637 1381 2637 1313 2637 1313 2638 1381 2638 1311 2638 1381 2639 1382 2639 1311 2639 1382 2640 1383 2640 1311 2640 1310 2641 1383 2641 1307 2641 1311 2642 1383 2642 1310 2642 1383 2643 1384 2643 1307 2643 1307 2644 1384 2644 1306 2644 1384 2645 1385 2645 1306 2645 1306 2646 1385 2646 1304 2646 1385 2647 1386 2647 1304 2647 1302 2648 1387 2648 1301 2648 1304 2649 1387 2649 1302 2649 1386 2650 1387 2650 1304 2650 1387 2651 1388 2651 1301 2651 1301 2652 1388 2652 1299 2652 1388 2653 1389 2653 1299 2653 1299 2654 1 2654 0 2654 1389 2655 1 2655 1299 2655 91 2656 95 2656 92 2656 91 2657 96 2657 95 2657 89 2658 96 2658 91 2658 102 2659 99 2659 96 2659 102 2660 100 2660 99 2660 102 2661 96 2661 89 2661 87 2662 102 2662 89 2662 109 2663 106 2663 105 2663 80 2664 85 2664 82 2664 80 2665 87 2665 85 2665 80 2666 105 2666 102 2666 80 2667 102 2667 87 2667 110 2668 109 2668 105 2668 76 2669 80 2669 79 2669 76 2670 105 2670 80 2670 115 2671 113 2671 110 2671 118 2672 117 2672 115 2672 118 2673 115 2673 110 2673 121 2674 110 2674 105 2674 121 2675 118 2675 110 2675 69 2676 76 2676 75 2676 69 2677 72 2677 71 2677 69 2678 75 2678 72 2678 65 2679 76 2679 69 2679 65 2680 69 2680 67 2680 61 2681 65 2681 63 2681 1330 2682 1329 2682 1328 2682 55 2683 59 2683 57 2683 55 2684 61 2684 59 2684 55 2685 65 2685 61 2685 1332 2686 1331 2686 1330 2686 1332 2687 1330 2687 1328 2687 53 2688 65 2688 55 2688 53 2689 76 2689 65 2689 49 2690 53 2690 51 2690 1335 2691 1333 2691 1332 2691 1335 2692 1334 2692 1333 2692 1337 2693 1336 2693 1335 2693 43 2694 53 2694 49 2694 43 2695 76 2695 53 2695 43 2696 47 2696 45 2696 43 2697 49 2697 47 2697 1338 2698 1337 2698 1335 2698 41 2699 123 2699 121 2699 41 2700 76 2700 43 2700 41 2701 105 2701 76 2701 41 2702 121 2702 105 2702 39 2703 123 2703 41 2703 1341 2704 1339 2704 1338 2704 1341 2705 1340 2705 1339 2705 1341 2706 1338 2706 1335 2706 1342 2707 1341 2707 1335 2707 33 2708 37 2708 35 2708 33 2709 39 2709 37 2709 1343 2710 1342 2710 1335 2710 31 2711 39 2711 33 2711 27 2712 31 2712 29 2712 1346 2713 1344 2713 1343 2713 1346 2714 1345 2714 1344 2714 25 2715 39 2715 31 2715 25 2716 31 2716 27 2716 1347 2717 1346 2717 1343 2717 23 2718 39 2718 25 2718 1348 2719 1347 2719 1343 2719 21 2720 39 2720 23 2720 1350 2721 1349 2721 1348 2721 17 2722 39 2722 21 2722 17 2723 21 2723 19 2723 15 2724 39 2724 17 2724 1352 2725 1351 2725 1350 2725 1352 2726 1350 2726 1348 2726 1352 2727 1348 2727 1343 2727 1354 2728 1353 2728 1352 2728 7 2729 11 2729 9 2729 5 2730 1328 2730 126 2730 5 2731 11 2731 7 2731 5 2732 1332 2732 1328 2732 5 2733 1335 2733 1332 2733 5 2734 125 2734 123 2734 5 2735 126 2735 125 2735 5 2736 1355 2736 1354 2736 5 2737 123 2737 39 2737 5 2738 1343 2738 1335 2738 5 2739 39 2739 15 2739 5 2740 13 2740 11 2740 5 2741 15 2741 13 2741 5 2742 1354 2742 1352 2742 5 2743 1352 2743 1343 2743 1358 2744 1356 2744 1355 2744 1358 2745 1357 2745 1356 2745 1389 2746 1355 2746 5 2746 1389 2747 3 2747 1 2747 1389 2748 5 2748 3 2748 1362 2749 1359 2749 1358 2749 1362 2750 1360 2750 1359 2750 1362 2751 1361 2751 1360 2751 1386 2752 1388 2752 1387 2752 1363 2753 1362 2753 1358 2753 1385 2754 1388 2754 1386 2754 1385 2755 1389 2755 1388 2755 1383 2756 1385 2756 1384 2756 1366 2757 1364 2757 1363 2757 1366 2758 1365 2758 1364 2758 1367 2759 1358 2759 1355 2759 1367 2760 1355 2760 1389 2760 1367 2761 1389 2761 1385 2761 1367 2762 1363 2762 1358 2762 1367 2763 1366 2763 1363 2763 1380 2764 1382 2764 1381 2764 1380 2765 1383 2765 1382 2765 1369 2766 1368 2766 1367 2766 1379 2767 1385 2767 1383 2767 1379 2768 1383 2768 1380 2768 1371 2769 1370 2769 1369 2769 1372 2770 1371 2770 1369 2770 1373 2771 1369 2771 1367 2771 1373 2772 1372 2772 1369 2772 1375 2773 1377 2773 1376 2773 1375 2774 1378 2774 1377 2774 1375 2775 1379 2775 1378 2775 1375 2776 1385 2776 1379 2776 1374 2777 1367 2777 1385 2777 1374 2778 1385 2778 1375 2778 1374 2779 1373 2779 1367 2779</p>
        </triangles>
      </mesh>
    </geometry>
  </library_geometries>
  <library_materials>
    <material id="mat_Arducam_support_L_shape" name="Arducam_support_L_shape">
      <instance_effect url="#effect_Arducam_support_L_shape"/>
    </material>
  </library_materials>
  <library_visual_scenes>
    <visual_scene id="myscene">
      <node id="node0" name="node0">
        <instance_geometry url="#geometry0">
          <bind_material>
            <technique_common>
              <instance_material symbol="ref_Arducam_support_L_shape" target="#mat_Arducam_support_L_shape"/>
            </technique_common>
          </bind_material>
        </instance_geometry>
      </node>
    </visual_scene>
  </library_visual_scenes>
  <scene>
    <instance_visual_scene url="#myscene"/>
  </scene>
</COLLADA>
