<COLLADA xmlns="http://www.collada.org/2005/11/COLLADASchema" version="1.4.1">
  <asset>
    <contributor/>
    <created>2026-07-22T21:26:32.070984</created>
    <modified>2026-07-22T21:26:32.070991</modified>
    <unit name="meter" meter="1.0"/>
    <up_axis>Z_UP</up_axis>
  </asset>
  <library_effects>
    <effect id="effect_Arducam_support_R_shape" name="effect_Arducam_support_R_shape">
      <profile_COMMON>
        <technique sid="common">
          <phong>
            <emission>
              <color>0.0 0.0 0.0 1.0</color>
            </emission>
            <ambient>
              <color>0.0 0.0 0.0 1.0</color>
            </ambient>
            <diffuse>
              <color>0.800000011920929 0.800000011920929 0.9019607901573181 1.0</color>
            </diffuse>
            <specular>
              <color>1 1 1 1.0</color>
            </specular>
            <shininess>
              <float>0.0</float>
            </shininess>
            <reflective>
              <color>0.0 0.0 0.0 1.0</color>
            </reflective>
            <reflectivity>
              <float>0.0</float>
            </reflectivity>
            <transparent>
              <color>0.0 0.0 0.0 1.0</color>
            </transparent>
            <transparency>
              <float>1.0</float>
            </transparency>
          </phong>
        </technique>
        <extra>
          <technique profile="GOOGLEEARTH">
            <double_sided>0</double_sided>
          </technique>
        </extra>
      </profile_COMMON>
    </effect>
  </library_effects>
  <library_geometries>
    <geometry id="geometry0" name="Arducam_support_R_shape">
      <mesh>
        <source id="cubeverts-array0">
          <float_array count="4818" id="cubeverts-array0-array">-0.0348 1.29124 -0.1758303 -0.0363 1.29124 -0.1758303 -0.0348 1.291207 -0.1759228 -0.0363 1.291207 -0.1759228 -0.0348 1.291167 -0.1760125 -0.0363 1.291167 -0.1760125 -0.0348 1.291121 -0.1760988 -0.0363 1.291121 -0.1760988 -0.0348 1.291067 -0.1761811 -0.0363 1.291067 -0.1761811 -0.0348 1.291008 -0.176259 -0.0363 1.291008 -0.176259 -0.0348 1.290942 -0.176332 -0.0363 1.290942 -0.176332 -0.0348 1.290871 -0.1763996 -0.0363 1.290871 -0.1763996 -0.0348 1.290795 -0.1764613 -0.0363 1.290795 -0.1764613 -0.0348 1.290714 -0.176517 -0.0363 1.290714 -0.176517 -0.0348 1.290629 -0.1765661 -0.0363 1.290629 -0.1765661 -0.0348 1.29054 -0.1766084 -0.0363 1.29054 -0.1766084 -0.0348 1.290448 -0.1766436 -0.0363 1.290448 -0.1766436 -0.0348 1.290354 -0.1766715 -0.0363 1.290354 -0.1766715 -0.0348 1.290258 -0.176692 -0.0363 1.290258 -0.176692 -0.0348 1.290161 -0.1767048 -0.0363 1.290161 -0.1767048 -0.0348 1.290063 -0.17671 -0.0363 1.290063 -0.17671 -0.0348 1.289965 -0.1767074 -0.0363 1.289965 -0.1767074 -0.0348 1.289867 -0.1766972 -0.0363 1.289867 -0.1766972 -0.0348 1.289771 -0.1766794 -0.0363 1.289771 -0.1766794 -0.0348 1.289676 -0.176654 -0.0363 1.289676 -0.176654 -0.0348 1.289583 -0.1766213 -0.0363 1.289583 -0.1766213 -0.0348 1.289494 -0.1765814 -0.0363 1.289494 -0.1765814 -0.0348 1.289407 -0.1765346 -0.0363 1.289407 -0.1765346 -0.0348 1.289325 -0.1764812 -0.0363 1.289325 -0.1764812 -0.0348 1.289247 -0.1764215 -0.0363 1.289247 -0.1764215 -0.0348 1.289174 -0.1763558 -0.0363 1.289174 -0.1763558 -0.0348 1.289107 -0.1762847 -0.0363 1.289107 -0.1762847 -0.0348 1.289045 -0.1762084 -0.0363 1.289045 -0.1762084 -0.0348 1.288989 -0.1761275 -0.0363 1.288989 -0.1761275 -0.0348 1.28894 -0.1760426 -0.0363 1.28894 -0.1760426 -0.0363 1.288898 -0.175954 -0.0348 1.288898 -0.175954 -0.0348 1.288863 -0.1758624 -0.0363 1.288863 -0.1758624 -0.0348 1.288835 -0.1757683 -0.0363 1.288835 -0.1757683 -0.0348 1.288814 -0.1756723 -0.0363 1.288814 -0.1756723 -0.0348 1.288802 -0.175575 -0.0363 1.288802 -0.175575 -0.0363 1.288796 -0.175477 -0.0348 1.288796 -0.175477 -0.0348 1.288799 -0.1753788 -0.0363 1.288799 -0.1753788 -0.0348 1.288809 -0.1752812 -0.0363 1.288809 -0.1752812 -0.0363 1.288827 -0.1751847 -0.0348 1.288827 -0.1751847 -0.0348 1.288852 -0.1750899 -0.0363 1.288852 -0.1750899 -0.085 1.160723 -0.1725738 -0.085 1.160417 -0.1734808 -0.075 1.160417 -0.1734808 -0.075 1.160723 -0.1725738 -0.085 1.161074 -0.1716831 -0.075 1.161074 -0.1716831 -0.085 1.161469 -0.1708111 -0.075 1.161469 -0.1708111 -0.085 1.161907 -0.1699598 -0.075 1.161907 -0.1699598 -0.085 1.162387 -0.1691314 -0.075 1.162387 -0.1691314 -0.075 1.162908 -0.168328 -0.085 1.162908 -0.168328 -0.085 1.163468 -0.1675515 -0.075 1.163468 -0.1675515 -0.075 1.164066 -0.1668039 -0.085 1.164066 -0.1668039 -0.075 1.1647 -0.1660871 -0.085 1.1647 -0.1660871 -0.085 1.16537 -0.1654027 -0.075 1.16537 -0.1654027 -0.085 1.166073 -0.1647526 -0.075 1.166073 -0.1647526 -0.075 1.166807 -0.1641383 -0.085 1.166807 -0.1641383 -0.085 1.167571 -0.1635614 -0.075 1.167571 -0.1635614 -0.085 1.168363 -0.1630233 -0.075 1.168363 -0.1630233 -0.085 1.16918 -0.1625253 -0.075 1.16918 -0.1625253 -0.085 1.170022 -0.1620686 -0.075 1.170022 -0.1620686 -0.085 1.170885 -0.1616545 -0.075 1.170885 -0.1616545 -0.085 1.171767 -0.161284 -0.075 1.171767 -0.161284 -0.085 1.172668 -0.1609579 -0.075 1.172668 -0.1609579 -0.085 1.173583 -0.160677 -0.075 1.173583 -0.160677 -0.085 1.174511 -0.1604422 -0.075 1.174511 -0.1604422 -0.085 1.17545 -0.1602538 -0.075 1.17545 -0.1602538 -0.085 1.176396 -0.1601125 -0.075 1.176396 -0.1601125 -0.085 1.177349 -0.1600186 -0.075 1.177349 -0.1600186 -0.085 1.178305 -0.1599723 -0.075 1.178305 -0.1599723 -0.085 1.179263 -0.1599737 -0.075 1.179263 -0.1599737 -0.085 1.180219 -0.1600228 -0.075 1.180219 -0.1600228 -0.085 1.181171 -0.1601196 -0.075 1.181171 -0.1601196 -0.085 1.182118 -0.1602636 -0.075 1.182118 -0.1602636 -0.085 1.183056 -0.1604547 -0.075 1.183056 -0.1604547 -0.085 1.183983 -0.1606923 -0.075 1.183983 -0.1606923 -0.085 1.184897 -0.1609758 -0.075 1.184897 -0.1609758 -0.085 1.185797 -0.1613046 -0.075 1.185797 -0.1613046 -0.085 1.186678 -0.1616777 -0.075 1.186678 -0.1616777 -0.085 1.18754 -0.1620943 -0.075 1.18754 -0.1620943 -0.085 1.18838 -0.1625534 -0.075 1.18838 -0.1625534 -0.075 1.189196 -0.1630538 -0.085 1.189196 -0.1630538 -0.085 1.189987 -0.1635943 -0.075 1.189987 -0.1635943 -0.085 1.190749 -0.1641734 -0.075 1.190749 -0.1641734 -0.075 1.191481 -0.1647899 -0.085 1.191481 -0.1647899 -0.075 1.192182 -0.165442 -0.085 1.192182 -0.165442 -0.075 1.19285 -0.1661284 -0.085 1.19285 -0.1661284 -0.085 1.193482 -0.1668471 -0.075 1.193482 -0.1668471 -0.075 1.194078 -0.1675964 -0.085 1.194078 -0.1675964 -0.075 1.194635 -0.1683746 -0.085 1.194635 -0.1683746 -0.085 1.195154 -0.1691795 -0.075 1.195154 -0.1691795 -0.085 1.195631 -0.1700093 -0.075 1.195631 -0.1700093 -0.075 1.196067 -0.1708618 -0.085 1.196067 -0.1708618 -0.085 1.196459 -0.171735 -0.075 1.196459 -0.171735 -0.085 1.196807 -0.1726267 -0.075 1.196807 -0.1726267 -0.075 1.197111 -0.1735346 -0.085 1.197111 -0.1735346 -0.085 1.197369 -0.1744566 -0.075 1.197369 -0.1744566 -0.075 1.197581 -0.1753902 -0.085 1.197581 -0.1753902 -0.085 1.197746 -0.1763333 -0.075 1.197746 -0.1763333 -0.075 1.197863 -0.1772833 -0.085 1.197863 -0.1772833 -0.075 1.197933 -0.1782381 -0.085 1.197933 -0.1782381 -0.075 1.197956 -0.1791952 -0.085 1.197956 -0.1791952 -0.085 1.197931 -0.1801522 -0.075 1.197931 -0.1801522 -0.085 1.197858 -0.1811067 -0.075 1.197858 -0.1811067 -0.085 1.197737 -0.1820565 -0.075 1.197737 -0.1820565 -0.085 1.19757 -0.182999 -0.075 1.19757 -0.182999 -0.075 1.197355 -0.1839321 -0.085 1.197355 -0.1839321 -0.085 1.197094 -0.1848532 -0.075 1.197094 -0.1848532 -0.075 1.195948 -0.1844978 -0.085 1.195948 -0.1844978 -0.075 1.195661 -0.1853482 -0.085 1.195661 -0.1853482 -0.075 1.195332 -0.1861832 -0.085 1.195332 -0.1861832 -0.075 1.194962 -0.1870007 -0.085 1.194962 -0.1870007 -0.075 1.194551 -0.1877988 -0.085 1.194551 -0.1877988 -0.075 1.194101 -0.1885754 -0.085 1.194101 -0.1885754 -0.075 1.193613 -0.1893286 -0.085 1.193613 -0.1893286 -0.075 1.193088 -0.1900565 -0.085 1.193088 -0.1900565 -0.075 1.192528 -0.1907574 -0.085 1.192528 -0.1907574 -0.075 1.191933 -0.1914295 -0.085 1.191933 -0.1914295 -0.075 1.191305 -0.192071 -0.085 1.191305 -0.192071 -0.075 1.190646 -0.1926805 -0.085 1.190646 -0.1926805 -0.075 1.189958 -0.1932564 -0.085 1.189958 -0.1932564 -0.075 1.189242 -0.1937973 -0.085 1.189242 -0.1937973 -0.075 1.1885 -0.1943018 -0.085 1.1885 -0.1943018 -0.075 1.187733 -0.1947687 -0.085 1.187733 -0.1947687 -0.075 1.186944 -0.1951967 -0.085 1.186944 -0.1951967 -0.075 1.186135 -0.195585 -0.085 1.186135 -0.195585 -0.075 1.185307 -0.1959324 -0.085 1.185307 -0.1959324 -0.075 1.184464 -0.1962381 -0.085 1.184464 -0.1962381 -0.075 1.183606 -0.1965014 -0.085 1.183606 -0.1965014 -0.075 1.182735 -0.1967216 -0.085 1.182735 -0.1967216 -0.075 1.181855 -0.1968981 -0.085 1.181855 -0.1968981 -0.075 1.180968 -0.1970306 -0.085 1.180968 -0.1970306 -0.075 1.180075 -0.1971186 -0.085 1.180075 -0.1971186 -0.075 1.179178 -0.1971621 -0.085 1.179178 -0.1971621 -0.075 1.178281 -0.1971608 -0.085 1.178281 -0.1971608 -0.075 1.177384 -0.1971147 -0.085 1.177384 -0.1971147 -0.075 1.176491 -0.197024 -0.085 1.176491 -0.197024 -0.075 1.175604 -0.1968889 -0.085 1.175604 -0.1968889 -0.085 1.174725 -0.1967098 -0.075 1.174725 -0.1967098 -0.075 1.173855 -0.1964871 -0.085 1.173855 -0.1964871 -0.075 1.172998 -0.1962213 -0.085 1.172998 -0.1962213 -0.075 1.172155 -0.1959131 -0.085 1.172155 -0.1959131 -0.075 1.171329 -0.1955632 -0.085 1.171329 -0.1955632 -0.085 1.170521 -0.1951727 -0.075 1.170521 -0.1951727 -0.075 1.169733 -0.1947423 -0.085 1.169733 -0.1947423 -0.075 1.168968 -0.1942731 -0.085 1.168968 -0.1942731 -0.075 1.168227 -0.1937665 -0.085 1.168227 -0.1937665 -0.085 1.167512 -0.1932235 -0.075 1.167512 -0.1932235 -0.075 1.166826 -0.1926456 -0.085 1.166826 -0.1926456 -0.075 1.166169 -0.1920342 -0.085 1.166169 -0.1920342 -0.075 1.165543 -0.1913908 -0.085 1.165543 -0.1913908 -0.085 1.16495 -0.190717 -0.075 1.16495 -0.190717 -0.075 1.164391 -0.1900144 -0.085 1.164391 -0.1900144 -0.085 1.163869 -0.189285 -0.075 1.163869 -0.189285 -0.075 1.163383 -0.1885303 -0.085 1.163383 -0.1885303 -0.085 1.162935 -0.1877524 -0.075 1.162935 -0.1877524 -0.075 1.162527 -0.1869531 -0.085 1.162527 -0.1869531 -0.085 1.162159 -0.1861345 -0.075 1.162159 -0.1861345 -0.085 1.161832 -0.1852986 -0.075 1.161832 -0.1852986 -0.085 1.161548 -0.1844474 -0.075 1.161548 -0.1844474 -0.075 1.161306 -0.1835831 -0.085 1.161306 -0.1835831 -0.085 1.161108 -0.1827078 -0.075 1.161108 -0.1827078 -0.075 1.160953 -0.1818237 -0.085 1.160953 -0.1818237 -0.085 1.160843 -0.180933 -0.075 1.160843 -0.180933 -0.085 1.160777 -0.1800379 -0.075 1.160777 -0.1800379 -0.085 1.160756 -0.1791406 -0.075 1.160756 -0.1791406 -0.085 1.16078 -0.1782434 -0.075 1.16078 -0.1782434 -0.075 1.160848 -0.1773485 -0.085 1.160848 -0.1773485 -0.085 1.160961 -0.1764581 -0.075 1.160961 -0.1764581 -0.075 1.161118 -0.1755745 -0.085 1.161118 -0.1755745 -0.075 1.161319 -0.1746998 -0.085 1.161319 -0.1746998 -0.085 1.161563 -0.1738362 -0.075 1.161563 -0.1738362 -0.085 1.200724 -0.1859786 -0.0865 1.200724 -0.1859786 -0.0865 1.201036 -0.1848751 -0.085 1.201036 -0.1848751 -0.0865 1.201293 -0.1837574 -0.085 1.201293 -0.1837574 -0.0865 1.201494 -0.1826283 -0.085 1.201494 -0.1826283 -0.0865 1.201638 -0.1814906 -0.085 1.201638 -0.1814906 -0.0865 1.201726 -0.1803472 -0.085 1.201726 -0.1803472 -0.0865 1.201756 -0.1792008 -0.085 1.201756 -0.1792008 -0.0865 1.201729 -0.1780543 -0.085 1.201729 -0.1780543 -0.0865 1.201645 -0.1769105 -0.085 1.201645 -0.1769105 -0.0865 1.201504 -0.1757724 -0.085 1.201504 -0.1757724 -0.0865 1.201307 -0.1746427 -0.085 1.201307 -0.1746427 -0.0865 1.201053 -0.1735243 -0.085 1.201053 -0.1735243 -0.0865 1.200744 -0.1724199 -0.085 1.200744 -0.1724199 -0.0865 1.20038 -0.1713323 -0.085 1.20038 -0.1713323 -0.0865 1.199963 -0.1702641 -0.085 1.199963 -0.1702641 -0.0865 1.199493 -0.1692181 -0.085 1.199493 -0.1692181 -0.0865 1.198971 -0.1681968 -0.085 1.198971 -0.1681968 -0.0865 1.198399 -0.1672028 -0.085 1.198399 -0.1672028 -0.0865 1.197778 -0.1662385 -0.085 1.197778 -0.1662385 -0.0865 1.19711 -0.1653064 -0.085 1.19711 -0.1653064 -0.0865 1.196396 -0.1644088 -0.085 1.196396 -0.1644088 -0.0865 1.195639 -0.1635478 -0.085 1.195639 -0.1635478 -0.0865 1.194839 -0.1627256 -0.085 1.194839 -0.1627256 -0.0865 1.194 -0.1619444 -0.085 1.194 -0.1619444 -0.0865 1.193122 -0.1612059 -0.085 1.193122 -0.1612059 -0.0865 1.192209 -0.1605122 -0.085 1.192209 -0.1605122 -0.0865 1.191263 -0.1598647 -0.085 1.191263 -0.1598647 -0.0865 1.190285 -0.1592653 -0.085 1.190285 -0.1592653 -0.0865 1.189279 -0.1587154 -0.085 1.189279 -0.1587154 -0.085 1.188246 -0.1582163 -0.0865 1.188246 -0.1582163 -0.0865 1.18719 -0.1577693 -0.085 1.18719 -0.1577693 -0.0865 1.186113 -0.1573755 -0.085 1.186113 -0.1573755 -0.085 1.185018 -0.1570358 -0.0865 1.185018 -0.1570358 -0.0865 1.183907 -0.1567512 -0.085 1.183907 -0.1567512 -0.0865 1.182783 -0.1565223 -0.085 1.182783 -0.1565223 -0.085 1.181649 -0.1563497 -0.0865 1.181649 -0.1563497 -0.0865 1.180508 -0.1562339 -0.085 1.180508 -0.1562339 -0.085 1.179363 -0.156175 -0.0865 1.179363 -0.156175 -0.0865 1.178216 -0.1561734 -0.085 1.178216 -0.1561734 -0.085 1.177071 -0.1562288 -0.0865 1.177071 -0.1562288 -0.0865 1.175929 -0.1563413 -0.085 1.175929 -0.1563413 -0.0865 1.174795 -0.1565106 -0.085 1.174795 -0.1565106 -0.0865 1.173671 -0.1567362 -0.085 1.173671 -0.1567362 -0.085 1.172559 -0.1570175 -0.0865 1.172559 -0.1570175 -0.085 1.171463 -0.157354 -0.0865 1.171463 -0.157354 -0.0865 1.170384 -0.1577446 -0.085 1.170384 -0.1577446 -0.085 1.169327 -0.1581885 -0.0865 1.169327 -0.1581885 -0.0865 1.168293 -0.1586846 -0.085 1.168293 -0.1586846 -0.0865 1.167285 -0.1592316 -0.085 1.167285 -0.1592316 -0.0865 1.166306 -0.1598281 -0.085 1.166306 -0.1598281 -0.085 1.165357 -0.1604728 -0.0865 1.165357 -0.1604728 -0.0865 1.164442 -0.1611639 -0.085 1.164442 -0.1611639 -0.0865 1.163562 -0.1618997 -0.085 1.163562 -0.1618997 -0.0865 1.162721 -0.1626785 -0.085 1.162721 -0.1626785 -0.0865 1.161919 -0.1634983 -0.085 1.161919 -0.1634983 -0.085 1.161159 -0.1643571 -0.0865 1.161159 -0.1643571 -0.085 1.160442 -0.1652526 -0.0865 1.160442 -0.1652526 -0.0865 1.159771 -0.1661828 -0.085 1.159771 -0.1661828 -0.085 1.159148 -0.1671452 -0.0865 1.159148 -0.1671452 -0.085 1.158573 -0.1681376 -0.0865 1.158573 -0.1681376 -0.085 1.158048 -0.1691573 -0.0865 1.158048 -0.1691573 -0.085 1.157575 -0.1702019 -0.0865 1.157575 -0.1702019 -0.085 1.157154 -0.1712689 -0.0865 1.157154 -0.1712689 -0.085 1.156788 -0.1723554 -0.0865 1.156788 -0.1723554 -0.0965 1.185993 -0.1473846 -0.0965 1.178441 -0.1717406 -0.1065 1.185993 -0.1473846 -0.1065 1.177849 -0.1736509 -0.09649759 1.178412 -0.1718344 -0.09649037 1.178383 -0.1719279 -0.09647836 1.178354 -0.172021 -0.09646157 1.178326 -0.1721133 -0.09644006 1.178297 -0.1722048 -0.09641388 1.178269 -0.1722952 -0.106488 1.177703 -0.1741196 -0.09638309 1.178242 -0.1723842 -0.1064519 1.177558 -0.1745871 -0.1063918 1.177414 -0.1750524 -0.09634776 1.178214 -0.1724717 -0.1063079 1.177271 -0.1755143 -0.09630798 1.178188 -0.1725574 -0.1062003 1.177129 -0.1759717 -0.1060694 1.176989 -0.1764236 -0.09626384 1.178162 -0.1726411 -0.1059154 1.176851 -0.1768687 -0.09621545 1.178137 -0.1727227 -0.1057388 1.176715 -0.1773061 -0.1055399 1.176583 -0.1777347 -0.09616294 1.178112 -0.1728019 -0.1053192 1.176453 -0.1781534 -0.09610641 1.178088 -0.1728786 -0.1050773 1.176326 -0.1785613 -0.1048147 1.176203 -0.1789574 -0.09604602 1.178065 -0.1729525 -0.1045321 1.176085 -0.1793407 -0.1042301 1.17597 -0.1797103 -0.0959819 1.178043 -0.1730235 -0.1039095 1.17586 -0.1800652 -0.09591422 1.178022 -0.1730914 -0.1035711 1.175755 -0.1804048 -0.09584312 1.178002 -0.1731561 -0.1032156 1.175654 -0.180728 -0.09576878 1.177983 -0.1732173 -0.1028439 1.175559 -0.1810343 -0.102457 1.17547 -0.1813227 -0.0956914 1.177965 -0.173275 -0.1020557 1.175386 -0.1815926 -0.101641 1.175309 -0.1818434 -0.09561114 1.177949 -0.173329 -0.101214 1.175237 -0.1820745 -0.09552821 1.177933 -0.1733792 -0.1007756 1.175172 -0.1822853 -0.1003268 1.175113 -0.1824753 -0.0998689 1.17506 -0.182644 -0.09544279 1.177919 -0.1734254 -0.09535511 1.177906 -0.1734675 -0.09940285 1.175015 -0.182791 -0.0989298 1.174976 -0.1829161 -0.09526537 1.177894 -0.1735055 -0.0984509 1.174944 -0.1830188 -0.09517378 1.177883 -0.1735393 -0.09796731 1.174919 -0.1830989 -0.09748017 1.174901 -0.1831563 -0.09699068 1.174891 -0.1831908 -0.09508057 1.177874 -0.1735687 -0.0965 1.174887 -0.1832023 -0.09498596 1.177867 -0.1735937 -0.09489018 1.17786 -0.1736142 -0.09479346 1.177855 -0.1736302 -0.09469604 1.177852 -0.1736417 -0.09459814 1.177849 -0.1736486 -0.0945 1.177849 -0.1736509 -0.085 1.174887 -0.1832023 -0.085 1.177849 -0.1736509 -0.085 1.179663 -0.1846831 -0.0875 1.179663 -0.1846831 -0.0965 1.182051 -0.1854235 -0.0875 1.182051 -0.1854235 -0.085 1.182625 -0.1751317 -0.0875 1.182625 -0.1751317 -0.0945 1.185012 -0.1758721 -0.0875 1.185012 -0.1758721 -0.094 1.192416 -0.1519936 -0.094 1.184346 -0.1442563 -0.094 1.176794 -0.1686124 -0.094 1.186345 -0.171574 -0.094 1.186206 -0.1408266 -0.094 1.185902 -0.1412117 -0.094 1.185617 -0.1416113 -0.094 1.185351 -0.1420243 -0.094 1.185107 -0.1424499 -0.094 1.184884 -0.1428869 -0.094 1.184682 -0.1433344 -0.094 1.184502 -0.1437913 -0.094 1.186529 -0.140457 -0.094 1.18687 -0.1401036 -0.094 1.187227 -0.1397673 -0.094 1.187601 -0.139449 -0.094 1.18799 -0.1391494 -0.094 1.188392 -0.1388693 -0.094 1.188809 -0.1386092 -0.094 1.189237 -0.1383699 -0.094 1.189677 -0.1381519 -0.094 1.190127 -0.1379558 -0.094 1.190586 -0.137782 -0.094 1.191053 -0.1376309 -0.094 1.191527 -0.1375029 -0.094 1.192006 -0.1373983 -0.094 1.19249 -0.1373173 -0.094 1.192978 -0.1372602 -0.094 1.193468 -0.1372271 -0.094 1.193958 -0.1372181 -0.094 1.194449 -0.1372332 -0.094 1.194938 -0.1372723 -0.094 1.195425 -0.1373354 -0.094 1.195908 -0.1374222 -0.094 1.196386 -0.1375327 -0.094 1.196859 -0.1376665 -0.094 1.27327 -0.161359 -0.094 1.268827 -0.1756861 -0.1065 1.192416 -0.1519936 -0.1065 1.185012 -0.1758721 -0.109 1.192416 -0.1519936 -0.109 1.184272 -0.1782599 -0.106488 1.184867 -0.1763408 -0.1064519 1.184722 -0.1768083 -0.1063918 1.184578 -0.1772736 -0.1063079 1.184435 -0.1777355 -0.1062003 1.184293 -0.1781929 -0.108988 1.184127 -0.1787286 -0.1089519 1.183982 -0.1791962 -0.1060694 1.184153 -0.1786447 -0.1088918 1.183837 -0.1796614 -0.1059154 1.184015 -0.1790899 -0.1088079 1.183694 -0.1801233 -0.1057388 1.183879 -0.1795273 -0.1087003 1.183552 -0.1805807 -0.1085694 1.183412 -0.1810326 -0.1055399 1.183746 -0.1799559 -0.1084154 1.183274 -0.1814777 -0.1053192 1.183616 -0.1803746 -0.1082388 1.183139 -0.1819151 -0.1080399 1.183006 -0.1823437 -0.1050773 1.18349 -0.1807825 -0.1078192 1.182876 -0.1827625 -0.1048147 1.183367 -0.1811786 -0.1075773 1.182749 -0.1831703 -0.1045321 1.183248 -0.1815619 -0.1073147 1.182627 -0.1835664 -0.0965 1.192416 -0.1519936 -0.09399759 1.186316 -0.1716677 -0.0965 1.185605 -0.1739618 -0.09399037 1.186287 -0.1717612 -0.09397836 1.186258 -0.1718543 -0.09396157 1.186229 -0.1719467 -0.09394006 1.186201 -0.1720381 -0.1042301 1.183134 -0.1819314 -0.1070321 1.182508 -0.1839497 -0.1067301 1.182393 -0.1843193 -0.09391388 1.186173 -0.1721285 -0.09388309 1.186146 -0.1722175 -0.09384776 1.186118 -0.172305 -0.09380798 1.186092 -0.1723907 -0.09376384 1.186066 -0.1724745 -0.1039095 1.183023 -0.1822864 -0.1064095 1.182283 -0.1846743 -0.09371545 1.186041 -0.1725561 -0.09366294 1.186016 -0.1726353 -0.09360641 1.185992 -0.1727119 -0.09354602 1.185969 -0.1727858 -0.0934819 1.185947 -0.1728568 -0.09638309 1.185405 -0.1746054 -0.09634776 1.185378 -0.1746929 -0.09641388 1.185433 -0.1745163 -0.09644006 1.185461 -0.174426 -0.09646157 1.185489 -0.1743345 -0.09647836 1.185518 -0.1742421 -0.09649037 1.185547 -0.1741491 -0.09649759 1.185576 -0.1740556 -0.1035711 1.182918 -0.182626 -0.09604602 1.185229 -0.1751737 -0.09341422 1.185926 -0.1729247 -0.0959819 1.185207 -0.1752447 -0.09610641 1.185252 -0.1750998 -0.09616294 1.185276 -0.1750231 -0.09621545 1.1853 -0.1749439 -0.09626384 1.185325 -0.1748623 -0.09630798 1.185351 -0.1747786 -0.1060711 1.182178 -0.1850138 -0.09591422 1.185186 -0.1753126 -0.09584312 1.185166 -0.1753772 -0.09576878 1.185147 -0.1754385 -0.0956914 1.185129 -0.1754962 -0.09561114 1.185112 -0.1755502 -0.09552821 1.185097 -0.1756003 -0.1057156 1.182078 -0.1853371 -0.1032156 1.182818 -0.1829492 -0.09544279 1.185082 -0.1756465 -0.09535511 1.185069 -0.1756887 -0.09526537 1.185057 -0.1757267 -0.09334312 1.185906 -0.1729894 -0.09517378 1.185047 -0.1757604 -0.09508057 1.185038 -0.1757898 -0.1053439 1.181983 -0.1856433 -0.1028439 1.182723 -0.1832554 -0.09498596 1.18503 -0.1758148 -0.09489018 1.185024 -0.1758354 -0.09479346 1.185019 -0.1758514 -0.09469604 1.185015 -0.1758629 -0.09459814 1.185013 -0.1758698 -0.09326878 1.185887 -0.1730506 -0.0931914 1.185869 -0.1731083 -0.09311114 1.185853 -0.1731623 -0.09302821 1.185837 -0.1732125 -0.09294279 1.185823 -0.1732587 -0.09285511 1.18581 -0.1733008 -0.09276537 1.185798 -0.1733388 -0.09267378 1.185787 -0.1733726 -0.09258057 1.185778 -0.173402 -0.09248596 1.185771 -0.173427 -0.09239018 1.185764 -0.1734476 -0.09229346 1.185759 -0.1734636 -0.09219604 1.185756 -0.1734751 -0.09209814 1.185753 -0.1734819 -0.092 1.185753 -0.1734843 -0.104957 1.181893 -0.1859317 -0.1045557 1.181809 -0.1862016 -0.102457 1.182634 -0.1835439 -0.104141 1.181732 -0.1864525 -0.1020557 1.18255 -0.1838138 -0.103714 1.18166 -0.1866835 -0.101641 1.182472 -0.1840646 -0.1032756 1.181595 -0.1868943 -0.1028268 1.181536 -0.1870843 -0.101214 1.1824 -0.1842957 -0.1023689 1.181484 -0.187253 -0.1007756 1.182335 -0.1845065 -0.1019028 1.181438 -0.1874001 -0.1014298 1.181399 -0.1875251 -0.1003268 1.182276 -0.1846964 -0.1009509 1.181367 -0.1876278 -0.0998689 1.182224 -0.1848652 -0.1004673 1.181342 -0.187708 -0.09940285 1.182178 -0.1850122 -0.09998017 1.181325 -0.1877654 -0.0865 1.185753 -0.1734843 -0.09949068 1.181314 -0.1877998 -0.0989298 1.18214 -0.1851373 -0.09796731 1.182083 -0.1853201 -0.099 1.18131 -0.1878113 -0.0984509 1.182108 -0.18524 -0.09748017 1.182065 -0.1853775 -0.09699068 1.182054 -0.185412 -0.0865 1.18131 -0.1878113 -0.0363 1.280767 -0.1793881 -0.0363 1.290318 -0.1823497 -0.0348 1.292706 -0.18309 -0.0348 1.278379 -0.1786477 -0.084 1.278379 -0.1786477 -0.099 1.292706 -0.18309 -0.0965 1.290318 -0.1823497 -0.08449068 1.278367 -0.1786441 -0.0865 1.280767 -0.1793881 -0.09699068 1.290307 -0.1823461 -0.08498017 1.278333 -0.1786334 -0.09748017 1.290272 -0.1823354 -0.08546731 1.278275 -0.1786156 -0.09796731 1.290215 -0.1823176 -0.0984509 1.290135 -0.1822928 -0.0859509 1.278195 -0.1785908 -0.0864298 1.278093 -0.1785589 -0.08699068 1.280755 -0.1793845 -0.0989298 1.290032 -0.1822609 -0.09949068 1.292694 -0.1830865 -0.09940285 1.289907 -0.1822221 -0.1004673 1.292603 -0.183058 -0.09998017 1.29266 -0.1830758 -0.08690285 1.277968 -0.1785202 -0.08796731 1.280663 -0.179356 -0.08748017 1.280721 -0.1793738 -0.0873689 1.27782 -0.1784746 -0.0884509 1.280583 -0.1793312 -0.0998689 1.28976 -0.1821765 -0.1009509 1.292522 -0.1830331 -0.08782684 1.277652 -0.1784223 -0.0889298 1.28048 -0.1792993 -0.1003268 1.289591 -0.1821242 -0.1014298 1.29242 -0.1830013 -0.08827555 1.277462 -0.1783634 -0.0898689 1.280208 -0.179215 -0.08940285 1.280355 -0.1792606 -0.1007756 1.289401 -0.1820653 -0.1023689 1.292148 -0.1829169 -0.1019028 1.292295 -0.1829625 -0.08871397 1.277251 -0.178298 -0.09032684 1.28004 -0.1791627 -0.101214 1.28919 -0.182 -0.1028268 1.291979 -0.1828646 -0.101641 1.288959 -0.1819283 -0.103714 1.291578 -0.1827404 -0.1032756 1.291789 -0.1828057 -0.08914103 1.27702 -0.1782263 -0.09121397 1.279639 -0.1790384 -0.09077555 1.27985 -0.1791037 -0.0895557 1.276769 -0.1781486 -0.09164103 1.279408 -0.1789668 -0.1020557 1.288708 -0.1818505 -0.104141 1.291347 -0.1826687 -0.102457 1.288438 -0.1817668 -0.1045557 1.291096 -0.1825909 -0.08995699 1.276499 -0.1780649 -0.0920557 1.279157 -0.178889 -0.09034393 1.276211 -0.1779754 -0.09245699 1.278887 -0.1788053 -0.1028439 1.28815 -0.1816774 -0.104957 1.290826 -0.1825072 -0.09284393 1.278599 -0.1787159 -0.1053439 1.290538 -0.1824178 -0.09071559 1.275905 -0.1778805 -0.1032156 1.287844 -0.1815825 -0.09321559 1.278292 -0.1786209 -0.1057156 1.290232 -0.1823229 -0.09107107 1.275581 -0.1777803 -0.1035711 1.287521 -0.1814822 -0.09357107 1.277969 -0.1785207 -0.1060711 1.289908 -0.1822226 -0.09390951 1.27763 -0.1784154 -0.09140951 1.275242 -0.177675 -0.1064095 1.289569 -0.1821173 -0.1039095 1.287181 -0.181377 -0.0942301 1.277275 -0.1783053 -0.0917301 1.274887 -0.1775649 -0.1067301 1.289214 -0.1820073 -0.1042301 1.286826 -0.1812669 -0.09453207 1.276905 -0.1781907 -0.1070321 1.288844 -0.1818927 -0.0948147 1.276522 -0.1780719 -0.09203207 1.274517 -0.1774503 -0.1073147 1.288461 -0.1817738 -0.1045321 1.286456 -0.1811523 -0.09507729 1.276126 -0.1779491 -0.0923147 1.274134 -0.1773315 -0.1075773 1.288065 -0.181651 -0.1048147 1.286073 -0.1810334 -0.09531921 1.275718 -0.1778226 -0.09257729 1.273738 -0.1772087 -0.1078192 1.287657 -0.1815246 -0.1050773 1.285677 -0.1809106 -0.09553989 1.275299 -0.1776928 -0.1080399 1.287238 -0.1813947 -0.09573879 1.27487 -0.1775599 -0.09281921 1.27333 -0.1770822 -0.1082388 1.28681 -0.1812618 -0.1053192 1.285269 -0.1807842 -0.09591544 1.274433 -0.1774242 -0.09303989 1.272911 -0.1769524 -0.1084154 1.286372 -0.1811262 -0.1055399 1.28485 -0.1806543 -0.0960694 1.273988 -0.1772862 -0.1085694 1.285927 -0.1809882 -0.09620031 1.273536 -0.1771461 -0.09323879 1.272483 -0.1768195 -0.1087003 1.285475 -0.1808481 -0.1057388 1.284422 -0.1805214 -0.09630785 1.273079 -0.1770043 -0.09341544 1.272045 -0.1766839 -0.1088079 1.285018 -0.1807063 -0.1059154 1.283984 -0.1803858 -0.09639176 1.272617 -0.1768611 -0.0935694 1.2716 -0.1765458 -0.1088918 1.284556 -0.180563 -0.1060694 1.283539 -0.1802478 -0.09645185 1.272151 -0.1767168 -0.1089519 1.284091 -0.1804188 -0.09648795 1.271684 -0.1765718 -0.09370031 1.271148 -0.1764057 -0.108988 1.283623 -0.1802738 -0.1062003 1.283087 -0.1801077 -0.0965 1.271215 -0.1764265 -0.09380785 1.270691 -0.1762639 -0.09389176 1.270229 -0.1761207 -0.09395185 1.269764 -0.1759764 -0.09398795 1.269296 -0.1758315 -0.109 1.283154 -0.1801285 -0.1063079 1.28263 -0.1799659 -0.1063918 1.282168 -0.1798226 -0.1064519 1.281703 -0.1796784 -0.106488 1.281235 -0.1795334 -0.1065 1.280767 -0.1793881 -0.0348 1.297148 -0.168763 -0.084 1.282821 -0.1643206 -0.0348 1.282821 -0.1643206 -0.099 1.297148 -0.168763 -0.08449068 1.28281 -0.164317 -0.09949068 1.297137 -0.1687594 -0.09998017 1.297102 -0.1687487 -0.08498017 1.282775 -0.1643064 -0.08546731 1.282718 -0.1642886 -0.1004673 1.297045 -0.1687309 -0.1009509 1.296965 -0.1687061 -0.0859509 1.282638 -0.1642637 -0.0864298 1.282535 -0.1642319 -0.1014298 1.296862 -0.1686742 -0.1019028 1.296737 -0.1686354 -0.08690285 1.28241 -0.1641931 -0.0873689 1.282263 -0.1641475 -0.1023689 1.29659 -0.1685898 -0.1028268 1.296421 -0.1685375 -0.08782684 1.282094 -0.1640952 -0.08827555 1.281904 -0.1640363 -0.1032756 1.296231 -0.1684786 -0.103714 1.29602 -0.1684133 -0.08871397 1.281693 -0.1639709 -0.08914103 1.281462 -0.1638993 -0.1045557 1.295539 -0.1682638 -0.104141 1.295789 -0.1683416 -0.0895557 1.281211 -0.1638215 -0.08995699 1.280942 -0.1637378 -0.1053439 1.29498 -0.1680907 -0.104957 1.295269 -0.1681801 -0.09034393 1.280653 -0.1636484 -0.09071559 1.280347 -0.1635534 -0.1057156 1.294674 -0.1679958 -0.1060711 1.294351 -0.1678955 -0.09107107 1.280024 -0.1634532 -0.1064095 1.294011 -0.1677903 -0.1070321 1.293287 -0.1675656 -0.1067301 1.293656 -0.1676802 -0.1073147 1.292903 -0.1674467 -0.1078192 1.292099 -0.1671975 -0.1075773 1.292507 -0.1673239 -0.1080399 1.291681 -0.1670676 -0.1082388 1.291252 -0.1669347 -0.1084154 1.290815 -0.1667991 -0.1085694 1.290369 -0.1666611 -0.1088918 1.288998 -0.1662359 -0.1087003 1.289918 -0.166521 -0.1088079 1.28946 -0.1663792 -0.09398795 1.273738 -0.1615044 -0.109 1.287597 -0.1658014 -0.09395185 1.274206 -0.1616493 -0.09389176 1.274671 -0.1617936 -0.09380785 1.275133 -0.1619368 -0.09370031 1.275591 -0.1620786 -0.0935694 1.276042 -0.1622187 -0.09341544 1.276488 -0.1623568 -0.09323879 1.276925 -0.1624924 -0.09303989 1.277354 -0.1626253 -0.09281921 1.277772 -0.1627551 -0.09257729 1.27818 -0.1628816 -0.0923147 1.278576 -0.1630044 -0.09203207 1.278959 -0.1631232 -0.0917301 1.279329 -0.1632378 -0.09140951 1.279684 -0.1633479 -0.1089519 1.288533 -0.1660917 -0.108988 1.288065 -0.1659467 -0.109 1.196859 -0.1376665 -0.0865 1.165302 -0.1978219 -0.0865 1.171759 -0.1848498 -0.0865 1.166249 -0.1984693 -0.0865 1.164389 -0.1971281 -0.0865 1.163512 -0.1963896 -0.0865 1.162672 -0.1956084 -0.0865 1.161873 -0.1947862 -0.0865 1.161115 -0.1939253 -0.0865 1.160401 -0.1930276 -0.0865 1.159733 -0.1920955 -0.0865 1.159113 -0.1911312 -0.0865 1.158541 -0.1901372 -0.0865 1.158019 -0.1891159 -0.0865 1.157549 -0.1880699 -0.0865 1.157131 -0.1870018 -0.0865 1.156768 -0.1859141 -0.0865 1.156459 -0.1848097 -0.0865 1.156205 -0.1836913 -0.0865 1.156008 -0.1825616 -0.0865 1.155867 -0.1814235 -0.0865 1.155783 -0.1802798 -0.0865 1.155756 -0.1791333 -0.0865 1.155786 -0.1779869 -0.0865 1.155874 -0.1768434 -0.0865 1.156018 -0.1757057 -0.0865 1.156219 -0.1745766 -0.0865 1.156475 -0.1734589 -0.0865 1.171399 -0.2009586 -0.0865 1.172494 -0.2012982 -0.0865 1.170322 -0.2005648 -0.0865 1.169266 -0.2001178 -0.0865 1.168233 -0.1996187 -0.0865 1.167227 -0.1990687 -0.0865 1.186049 -0.2009801 -0.0865 1.187127 -0.2005894 -0.0865 1.184953 -0.2013165 -0.0865 1.183841 -0.2015978 -0.0865 1.182717 -0.2018234 -0.0865 1.181582 -0.2019927 -0.0865 1.180441 -0.2021052 -0.0865 1.179296 -0.2021607 -0.0865 1.178149 -0.202159 -0.0865 1.177003 -0.2021002 -0.0865 1.175862 -0.2019843 -0.0865 1.174729 -0.2018117 -0.0865 1.173605 -0.2015828 -0.0865 1.188185 -0.2001455 -0.0865 1.189219 -0.1996494 -0.0865 1.190227 -0.1991024 -0.0865 1.176201 -0.1705227 -0.0865 1.191206 -0.1985059 -0.0865 1.192155 -0.1978613 -0.0865 1.19307 -0.1971702 -0.0865 1.193949 -0.1964343 -0.0865 1.194791 -0.1956555 -0.0865 1.195593 -0.1948357 -0.0865 1.196353 -0.193977 -0.0865 1.197069 -0.1930814 -0.0865 1.19774 -0.1921512 -0.0865 1.198364 -0.1911888 -0.0865 1.198939 -0.1901965 -0.0865 1.199464 -0.1891767 -0.0865 1.199937 -0.1881321 -0.0865 1.200357 -0.1870652 -0.0965 1.18615 -0.1469195 -0.0965 1.186329 -0.1464627 -0.0965 1.186531 -0.1460152 -0.0965 1.186754 -0.1455781 -0.0965 1.186999 -0.1451526 -0.0965 1.187264 -0.1447395 -0.0965 1.187549 -0.14434 -0.0965 1.187854 -0.1439549 -0.0965 1.188176 -0.1435852 -0.0965 1.188517 -0.1432318 -0.0965 1.188875 -0.1428955 -0.0965 1.189248 -0.1425772 -0.0965 1.189637 -0.1422776 -0.0965 1.19004 -0.1419975 -0.0965 1.190456 -0.1417375 -0.0965 1.190885 -0.1414982 -0.0965 1.191324 -0.1412802 -0.0965 1.191774 -0.141084 -0.0965 1.192233 -0.1409102 -0.0965 1.1927 -0.1407591 -0.0965 1.193174 -0.1406311 -0.0965 1.193654 -0.1405265 -0.0965 1.194138 -0.1404456 -0.0965 1.194625 -0.1403885 -0.0965 1.195115 -0.1403554 -0.0965 1.195606 -0.1403463 -0.0965 1.196096 -0.1403614 -0.0965 1.196586 -0.1404005 -0.0965 1.197073 -0.1404636 -0.0965 1.197556 -0.1405505 -0.0965 1.198034 -0.1406609 -0.0965 1.198506 -0.1407948 -0.0965 1.274917 -0.1644873 -0.1065 1.187854 -0.1439549 -0.1065 1.187549 -0.14434 -0.1065 1.187264 -0.1447395 -0.1065 1.186999 -0.1451526 -0.1065 1.186754 -0.1455781 -0.1065 1.186531 -0.1460152 -0.1065 1.186329 -0.1464627 -0.1065 1.18615 -0.1469195 -0.1065 1.188176 -0.1435852 -0.1065 1.188517 -0.1432318 -0.1065 1.188875 -0.1428955 -0.1065 1.189248 -0.1425772 -0.1065 1.189637 -0.1422776 -0.1065 1.19004 -0.1419975 -0.1065 1.190456 -0.1417375 -0.1065 1.190885 -0.1414982 -0.1065 1.191324 -0.1412802 -0.1065 1.191774 -0.141084 -0.1065 1.192233 -0.1409102 -0.1065 1.1927 -0.1407591 -0.1065 1.193174 -0.1406311 -0.1065 1.193654 -0.1405265 -0.1065 1.194138 -0.1404456 -0.1065 1.194625 -0.1403885 -0.1065 1.195115 -0.1403554 -0.1065 1.195606 -0.1403463 -0.1065 1.196096 -0.1403614 -0.1065 1.196586 -0.1404005 -0.1065 1.197073 -0.1404636 -0.1065 1.197556 -0.1405505 -0.1065 1.198034 -0.1406609 -0.1065 1.198506 -0.1407948 -0.1065 1.284469 -0.1674489 -0.109 1.184502 -0.1437913 -0.109 1.184346 -0.1442563 -0.109 1.184682 -0.1433344 -0.109 1.184884 -0.1428869 -0.109 1.185107 -0.1424499 -0.109 1.185351 -0.1420243 -0.109 1.185617 -0.1416113 -0.109 1.185902 -0.1412117 -0.109 1.186206 -0.1408266 -0.109 1.174721 -0.1752984 -0.109 1.186529 -0.140457 -0.109 1.18687 -0.1401036 -0.109 1.187227 -0.1397673 -0.109 1.187601 -0.139449 -0.109 1.18799 -0.1391494 -0.109 1.188392 -0.1388693 -0.109 1.188809 -0.1386092 -0.109 1.189237 -0.1383699 -0.109 1.189677 -0.1381519 -0.109 1.190127 -0.1379558 -0.109 1.190586 -0.137782 -0.109 1.191053 -0.1376309 -0.109 1.191527 -0.1375029 -0.109 1.192006 -0.1373983 -0.109 1.19249 -0.1373173 -0.109 1.192978 -0.1372602 -0.109 1.193468 -0.1372271 -0.109 1.193958 -0.1372181 -0.109 1.194449 -0.1372332 -0.109 1.194938 -0.1372723 -0.109 1.195425 -0.1373354 -0.109 1.195908 -0.1374222 -0.109 1.196386 -0.1375327 -0.09399759 1.176765 -0.1687061 -0.09399037 1.176736 -0.1687997 -0.09397836 1.176707 -0.1688927 -0.09396157 1.176678 -0.1689851 -0.09394006 1.17665 -0.1690766 -0.09391388 1.176622 -0.1691669 -0.09388309 1.176594 -0.169256 -0.09384776 1.176567 -0.1693434 -0.09380798 1.17654 -0.1694292 -0.09376384 1.176514 -0.1695129 -0.09371545 1.176489 -0.1695945 -0.09366294 1.176465 -0.1696737 -0.09360641 1.176441 -0.1697504 -0.09354602 1.176418 -0.1698243 -0.108988 1.174575 -0.175767 -0.0934819 1.176396 -0.1698953 -0.1089519 1.17443 -0.1762346 -0.1088918 1.174286 -0.1766999 -0.1088079 1.174143 -0.1771618 -0.1087003 1.174001 -0.1776192 -0.1085694 1.173861 -0.178071 -0.1084154 1.173723 -0.1785162 -0.1082388 1.173587 -0.1789536 -0.1080399 1.173454 -0.1793821 -0.1078192 1.173324 -0.1798009 -0.1075773 1.173198 -0.1802088 -0.09341422 1.176375 -0.1699632 -0.1073147 1.173075 -0.1806049 -0.1070321 1.172956 -0.1809881 -0.1067301 1.172842 -0.1813577 -0.1064095 1.172732 -0.1817127 -0.1060711 1.172626 -0.1820522 -0.1057156 1.172526 -0.1823755 -0.1053439 1.172431 -0.1826817 -0.104957 1.172342 -0.1829701 -0.1045557 1.172258 -0.1832401 -0.104141 1.17218 -0.1834909 -0.09334312 1.176355 -0.1700278 -0.103714 1.172109 -0.183722 -0.1032756 1.172043 -0.1839327 -0.1028268 1.171984 -0.1841227 -0.1023689 1.171932 -0.1842914 -0.1019028 1.171886 -0.1844385 -0.1014298 1.171848 -0.1845635 -0.1009509 1.171816 -0.1846663 -0.1004673 1.171791 -0.1847464 -0.09998017 1.171773 -0.1848038 -0.09949068 1.171763 -0.1848383 -0.09326878 1.176336 -0.1700891 -0.099 1.171759 -0.1848498 -0.09209814 1.176202 -0.1705204 -0.09219604 1.176204 -0.1705135 -0.09229346 1.176208 -0.170502 -0.09239018 1.176213 -0.170486 -0.09248596 1.176219 -0.1704654 -0.09258057 1.176227 -0.1704404 -0.09267378 1.176236 -0.170411 -0.09276537 1.176246 -0.1703773 -0.09285511 1.176258 -0.1703393 -0.09294279 1.176271 -0.1702971 -0.09302821 1.176286 -0.1702509 -0.09311114 1.176301 -0.1702007 -0.0931914 1.176318 -0.1701468 -0.092 1.176201 -0.1705227 -0.0363 1.29402 -0.1704104 -0.0965 1.29402 -0.1704104 -0.0348 1.284469 -0.1674489 -0.0363 1.287812 -0.1684854 -0.0348 1.287812 -0.1684854 -0.0865 1.284469 -0.1674489 -0.08699068 1.284457 -0.1674453 -0.08748017 1.284423 -0.1674346 -0.08796731 1.284365 -0.1674168 -0.0884509 1.284285 -0.1673919 -0.0889298 1.284182 -0.1673601 -0.08940285 1.284057 -0.1673213 -0.0898689 1.28391 -0.1672757 -0.09032684 1.283742 -0.1672234 -0.09077555 1.283552 -0.1671645 -0.09121397 1.283341 -0.1670992 -0.09164103 1.28311 -0.1670275 -0.0920557 1.282859 -0.1669497 -0.09245699 1.282589 -0.166866 -0.09748017 1.293974 -0.1703961 -0.09699068 1.294008 -0.1704068 -0.09284393 1.282301 -0.1667766 -0.0998689 1.293462 -0.1702373 -0.09940285 1.293609 -0.1702829 -0.0989298 1.293734 -0.1703217 -0.0984509 1.293836 -0.1703535 -0.09796731 1.293917 -0.1703784 -0.09321559 1.281994 -0.1666817 -0.102457 1.29214 -0.1698276 -0.1020557 1.29241 -0.1699113 -0.101641 1.292661 -0.1699891 -0.101214 1.292892 -0.1700607 -0.1007756 1.293103 -0.1701261 -0.1003268 1.293293 -0.170185 -0.09357107 1.281671 -0.1665814 -0.1032156 1.291546 -0.1696432 -0.1028439 1.291852 -0.1697382 -0.1035711 1.291222 -0.169543 -0.1039095 1.290883 -0.1694377 -0.1042301 1.290528 -0.1693277 -0.1045321 1.290158 -0.169213 -0.09390951 1.281332 -0.1664762 -0.1048147 1.289775 -0.1690942 -0.1050773 1.289379 -0.1689714 -0.1053192 1.288971 -0.1688449 -0.1055399 1.288552 -0.1687151 -0.1057388 1.288124 -0.1685822 -0.1059154 1.287686 -0.1684466 -0.0942301 1.280977 -0.1663661 -0.1060694 1.287241 -0.1683085 -0.1062003 1.286789 -0.1681685 -0.1063079 1.286332 -0.1680266 -0.1063918 1.28587 -0.1678834 -0.1064519 1.285405 -0.1677391 -0.09453207 1.280607 -0.1662515 -0.106488 1.284937 -0.1675942 -0.0948147 1.280224 -0.1661326 -0.09507729 1.279828 -0.1660098 -0.09531921 1.27942 -0.1658834 -0.09553989 1.279001 -0.1657535 -0.09573879 1.278572 -0.1656206 -0.09591544 1.278135 -0.165485 -0.0960694 1.27769 -0.165347 -0.09620031 1.277238 -0.1652069 -0.09630785 1.276781 -0.1650651 -0.09639176 1.276319 -0.1649218 -0.09645185 1.275853 -0.1647776 -0.09648795 1.275386 -0.1646326 -0.0363 1.281803 -0.1760451 -0.0348 1.281803 -0.1760451 -0.0348 1.285146 -0.1770816 -0.0348 1.288885 -0.1749974 -0.0348 1.288925 -0.1749077 -0.0348 1.288972 -0.1748214 -0.0348 1.291266 -0.1757355 -0.0348 1.290416 -0.1742662 -0.0348 1.290509 -0.1742989 -0.0348 1.290322 -0.1742408 -0.0348 1.290225 -0.1742229 -0.0348 1.290127 -0.1742127 -0.0348 1.290029 -0.1742102 -0.0348 1.289931 -0.1742154 -0.0348 1.289834 -0.1742282 -0.0348 1.289738 -0.1742487 -0.0348 1.289644 -0.1742766 -0.0348 1.289552 -0.1743118 -0.0348 1.289464 -0.1743541 -0.0348 1.289379 -0.1744032 -0.0348 1.289298 -0.1744588 -0.0348 1.289222 -0.1745206 -0.0348 1.289151 -0.1745882 -0.0348 1.289085 -0.1746612 -0.0348 1.289025 -0.1747391 -0.0348 1.291283 -0.175639 -0.0348 1.291294 -0.1755413 -0.0348 1.291296 -0.1754432 -0.0348 1.291291 -0.1753452 -0.0348 1.291278 -0.1752479 -0.0348 1.291258 -0.1751519 -0.0348 1.29123 -0.1750578 -0.0348 1.291194 -0.1749662 -0.0348 1.291152 -0.1748776 -0.0348 1.291103 -0.1747926 -0.0348 1.291047 -0.1747118 -0.0348 1.290986 -0.1746355 -0.0348 1.290918 -0.1745644 -0.0348 1.290845 -0.1744987 -0.0348 1.290767 -0.174439 -0.0348 1.290685 -0.1743856 -0.0348 1.290599 -0.1743388 -0.0363 1.285146 -0.1770816 -0.0363 1.288885 -0.1749974 -0.0363 1.288925 -0.1749077 -0.0363 1.288972 -0.1748214 -0.0363 1.289025 -0.1747391 -0.0363 1.289085 -0.1746612 -0.0363 1.289151 -0.1745882 -0.0363 1.289222 -0.1745206 -0.0363 1.289298 -0.1744588 -0.0363 1.289379 -0.1744032 -0.0363 1.289464 -0.1743541 -0.0363 1.289552 -0.1743118 -0.0363 1.289644 -0.1742766 -0.0363 1.289738 -0.1742487 -0.0363 1.289834 -0.1742282 -0.0363 1.289931 -0.1742154 -0.0363 1.290029 -0.1742102 -0.0363 1.290127 -0.1742127 -0.0363 1.290225 -0.1742229 -0.0363 1.290322 -0.1742408 -0.0363 1.290416 -0.1742662 -0.0363 1.290509 -0.1742989 -0.0363 1.290599 -0.1743388 -0.0363 1.290685 -0.1743856 -0.0363 1.290767 -0.174439 -0.0363 1.290845 -0.1744987 -0.0363 1.290918 -0.1745644 -0.0363 1.290986 -0.1746355 -0.0363 1.291047 -0.1747118 -0.0363 1.291103 -0.1747926 -0.0363 1.291152 -0.1748776 -0.0363 1.291194 -0.1749662 -0.0363 1.29123 -0.1750578 -0.0363 1.291258 -0.1751519 -0.0363 1.291278 -0.1752479 -0.0363 1.291291 -0.1753452 -0.0363 1.291296 -0.1754432 -0.0363 1.291294 -0.1755413 -0.0363 1.291283 -0.175639 -0.0363 1.291266 -0.1757355 -0.085 1.156475 -0.1734589 -0.085 1.156219 -0.1745766 -0.085 1.156018 -0.1757057 -0.085 1.155874 -0.1768434 -0.085 1.155786 -0.1779869 -0.085 1.155756 -0.1791333 -0.085 1.155783 -0.1802798 -0.085 1.155867 -0.1814235 -0.085 1.156008 -0.1825616 -0.085 1.156205 -0.1836913 -0.085 1.156459 -0.1848097 -0.085 1.156768 -0.1859141 -0.085 1.157131 -0.1870018 -0.085 1.157549 -0.1880699 -0.085 1.158019 -0.1891159 -0.085 1.158541 -0.1901372 -0.085 1.159113 -0.1911312 -0.085 1.159733 -0.1920955 -0.085 1.160401 -0.1930276 -0.085 1.161115 -0.1939253 -0.085 1.161873 -0.1947862 -0.085 1.162672 -0.1956084 -0.085 1.163512 -0.1963896 -0.085 1.164389 -0.1971281 -0.085 1.165302 -0.1978219 -0.085 1.166249 -0.1984693 -0.085 1.167227 -0.1990687 -0.085 1.168233 -0.1996187 -0.085 1.169266 -0.2001178 -0.085 1.170322 -0.2005648 -0.085 1.171399 -0.2009586 -0.085 1.172494 -0.2012982 -0.085 1.173605 -0.2015828 -0.085 1.174729 -0.2018117 -0.085 1.175862 -0.2019843 -0.085 1.177003 -0.2021002 -0.085 1.178149 -0.202159 -0.085 1.179296 -0.2021607 -0.085 1.180441 -0.2021052 -0.085 1.181582 -0.2019927 -0.085 1.182717 -0.2018234 -0.085 1.183841 -0.2015978 -0.085 1.184953 -0.2013165 -0.085 1.186049 -0.2009801 -0.085 1.187127 -0.2005894 -0.085 1.188185 -0.2001455 -0.085 1.189219 -0.1996494 -0.085 1.190227 -0.1991024 -0.085 1.191206 -0.1985059 -0.085 1.192155 -0.1978613 -0.085 1.19307 -0.1971702 -0.085 1.193949 -0.1964343 -0.085 1.194791 -0.1956555 -0.085 1.195593 -0.1948357 -0.085 1.196353 -0.193977 -0.085 1.197069 -0.1930814 -0.085 1.19774 -0.1921512 -0.085 1.198364 -0.1911888 -0.085 1.198939 -0.1901965 -0.085 1.199464 -0.1891767 -0.085 1.199937 -0.1881321 -0.085 1.200357 -0.1870652 -0.075 1.16185 -0.1729859 -0.085 1.16185 -0.1729859 -0.075 1.16218 -0.1721509 -0.085 1.16218 -0.1721509 -0.075 1.16255 -0.1713333 -0.085 1.16255 -0.1713333 -0.075 1.16296 -0.1705353 -0.085 1.16296 -0.1705353 -0.075 1.16341 -0.1697587 -0.085 1.16341 -0.1697587 -0.075 1.163898 -0.1690054 -0.085 1.163898 -0.1690054 -0.075 1.164423 -0.1682775 -0.085 1.164423 -0.1682775 -0.075 1.164984 -0.1675766 -0.085 1.164984 -0.1675766 -0.075 1.165579 -0.1669046 -0.085 1.165579 -0.1669046 -0.075 1.166207 -0.166263 -0.085 1.166207 -0.166263 -0.075 1.166865 -0.1656535 -0.085 1.166865 -0.1656535 -0.075 1.167554 -0.1650776 -0.085 1.167554 -0.1650776 -0.075 1.16827 -0.1645367 -0.085 1.16827 -0.1645367 -0.075 1.169012 -0.1640322 -0.085 1.169012 -0.1640322 -0.075 1.169779 -0.1635654 -0.085 1.169779 -0.1635654 -0.075 1.170568 -0.1631373 -0.085 1.170568 -0.1631373 -0.075 1.171377 -0.1627491 -0.085 1.171377 -0.1627491 -0.075 1.172204 -0.1624017 -0.085 1.172204 -0.1624017 -0.075 1.173048 -0.1620959 -0.085 1.173048 -0.1620959 -0.075 1.173906 -0.1618327 -0.085 1.173906 -0.1618327 -0.075 1.174776 -0.1616125 -0.085 1.174776 -0.1616125 -0.075 1.175656 -0.1614359 -0.085 1.175656 -0.1614359 -0.075 1.176544 -0.1613035 -0.085 1.176544 -0.1613035 -0.075 1.177437 -0.1612154 -0.085 1.177437 -0.1612154 -0.075 1.178333 -0.161172 -0.085 1.178333 -0.161172 -0.075 1.179231 -0.1611733 -0.085 1.179231 -0.1611733 -0.075 1.180127 -0.1612193 -0.085 1.180127 -0.1612193 -0.075 1.18102 -0.16131 -0.085 1.18102 -0.16131 -0.085 1.181907 -0.1614451 -0.075 1.181907 -0.1614451 -0.075 1.182787 -0.1616242 -0.085 1.182787 -0.1616242 -0.075 1.183656 -0.161847 -0.085 1.183656 -0.161847 -0.075 1.184514 -0.1621127 -0.085 1.184514 -0.1621127 -0.075 1.185357 -0.162421 -0.085 1.185357 -0.162421 -0.085 1.186183 -0.1627708 -0.075 1.186183 -0.1627708 -0.075 1.186991 -0.1631614 -0.085 1.186991 -0.1631614 -0.075 1.187779 -0.1635918 -0.085 1.187779 -0.1635918 -0.075 1.188544 -0.1640609 -0.085 1.188544 -0.1640609 -0.075 1.189285 -0.1645676 -0.085 1.189285 -0.1645676 -0.075 1.189999 -0.1651105 -0.085 1.189999 -0.1651105 -0.075 1.190686 -0.1656884 -0.085 1.190686 -0.1656884 -0.075 1.191343 -0.1662999 -0.085 1.191343 -0.1662999 -0.075 1.191969 -0.1669433 -0.085 1.191969 -0.1669433 -0.085 1.192562 -0.1676171 -0.075 1.192562 -0.1676171 -0.075 1.19312 -0.1683196 -0.085 1.19312 -0.1683196 -0.075 1.193643 -0.1690491 -0.085 1.193643 -0.1690491 -0.075 1.194129 -0.1698037 -0.085 1.194129 -0.1698037 -0.085 1.194576 -0.1705816 -0.075 1.194576 -0.1705816 -0.085 1.194985 -0.1713809 -0.075 1.194985 -0.1713809 -0.085 1.195353 -0.1721995 -0.075 1.195353 -0.1721995 -0.085 1.195679 -0.1730355 -0.075 1.195679 -0.1730355 -0.075 1.195964 -0.1738867 -0.085 1.195964 -0.1738867 -0.075 1.196206 -0.174751 -0.085 1.196206 -0.174751 -0.075 1.196404 -0.1756263 -0.085 1.196404 -0.1756263 -0.085 1.196559 -0.1765104 -0.075 1.196559 -0.1765104 -0.075 1.196669 -0.1774011 -0.085 1.196669 -0.1774011 -0.075 1.196735 -0.1782962 -0.085 1.196735 -0.1782962 -0.075 1.196756 -0.1791934 -0.085 1.196756 -0.1791934 -0.085 1.196732 -0.1800906 -0.075 1.196732 -0.1800906 -0.075 1.196664 -0.1809855 -0.085 1.196664 -0.1809855 -0.075 1.196551 -0.1818759 -0.085 1.196551 -0.1818759 -0.075 1.196394 -0.1827595 -0.085 1.196394 -0.1827595 -0.075 1.196193 -0.1836342 -0.085 1.196193 -0.1836342 -0.075 1.161445 -0.1874722 -0.075 1.16188 -0.1883248 -0.075 1.162358 -0.1891545 -0.075 1.162876 -0.1899595 -0.075 1.161053 -0.186599 -0.075 1.160704 -0.1857073 -0.075 1.163434 -0.1907376 -0.075 1.160143 -0.1838775 -0.075 1.160401 -0.1847994 -0.075 1.16403 -0.191487 -0.075 1.164662 -0.1922057 -0.075 1.159931 -0.1829438 -0.075 1.16533 -0.192892 -0.075 1.16603 -0.1935442 -0.075 1.159648 -0.1810507 -0.075 1.159766 -0.1820008 -0.075 1.159578 -0.1800959 -0.075 1.166763 -0.1941606 -0.075 1.167525 -0.1947398 -0.075 1.159581 -0.1781819 -0.075 1.159556 -0.1791389 -0.075 1.168315 -0.1952802 -0.075 1.169131 -0.1957806 -0.075 1.169972 -0.1962397 -0.075 1.159654 -0.1772273 -0.075 1.159942 -0.175335 -0.075 1.159775 -0.1762776 -0.075 1.170833 -0.1966563 -0.075 1.171715 -0.1970295 -0.075 1.160156 -0.174402 -0.075 1.172614 -0.1973582 -0.075 1.173529 -0.1976418 -0.075 1.174456 -0.1978793 -0.075 1.175394 -0.1980704 -0.075 1.17634 -0.1982145 -0.075 1.177293 -0.1983112 -0.075 1.178249 -0.1983603 -0.075 1.179206 -0.1983617 -0.075 1.180163 -0.1983154 -0.075 1.181115 -0.1982215 -0.075 1.182062 -0.1980802 -0.075 1.183001 -0.1978919 -0.075 1.183929 -0.197657 -0.075 1.184844 -0.1973762 -0.075 1.185744 -0.1970501 -0.075 1.186627 -0.1966795 -0.075 1.18749 -0.1962654 -0.075 1.188331 -0.1958088 -0.075 1.189149 -0.1953108 -0.075 1.189941 -0.1947726 -0.075 1.190705 -0.1941957 -0.075 1.191439 -0.1935814 -0.075 1.192142 -0.1929313 -0.075 1.192811 -0.192247 -0.075 1.193446 -0.1915301 -0.075 1.194044 -0.1907825 -0.075 1.194604 -0.190006 -0.075 1.195124 -0.1892026 -0.075 1.195604 -0.1883742 -0.075 1.196042 -0.1875229 -0.075 1.196437 -0.1866509 -0.075 1.196788 -0.1857603 -0.085 1.196788 -0.1857603 -0.085 1.196437 -0.1866509 -0.085 1.196042 -0.1875229 -0.085 1.195604 -0.1883742 -0.085 1.195124 -0.1892026 -0.085 1.194604 -0.190006 -0.085 1.194044 -0.1907825 -0.085 1.193446 -0.1915301 -0.085 1.192811 -0.192247 -0.085 1.192142 -0.1929313 -0.085 1.191439 -0.1935814 -0.085 1.190705 -0.1941957 -0.085 1.189941 -0.1947726 -0.085 1.189149 -0.1953108 -0.085 1.188331 -0.1958088 -0.085 1.18749 -0.1962654 -0.085 1.186627 -0.1966795 -0.085 1.185744 -0.1970501 -0.085 1.184844 -0.1973762 -0.085 1.183929 -0.197657 -0.085 1.183001 -0.1978919 -0.085 1.182062 -0.1980802 -0.085 1.181115 -0.1982215 -0.085 1.180163 -0.1983154 -0.085 1.179206 -0.1983617 -0.085 1.178249 -0.1983603 -0.085 1.177293 -0.1983112 -0.085 1.17634 -0.1982145 -0.085 1.175394 -0.1980704 -0.085 1.174456 -0.1978793 -0.085 1.173529 -0.1976418 -0.085 1.172614 -0.1973582 -0.085 1.171715 -0.1970295 -0.085 1.170833 -0.1966563 -0.085 1.169972 -0.1962397 -0.085 1.169131 -0.1957806 -0.085 1.168315 -0.1952802 -0.085 1.167525 -0.1947398 -0.085 1.166763 -0.1941606 -0.085 1.16603 -0.1935442 -0.085 1.16533 -0.192892 -0.085 1.164662 -0.1922057 -0.085 1.16403 -0.191487 -0.085 1.163434 -0.1907376 -0.085 1.162876 -0.1899595 -0.085 1.162358 -0.1891545 -0.085 1.16188 -0.1883248 -0.085 1.161445 -0.1874722 -0.085 1.161053 -0.186599 -0.085 1.160704 -0.1857073 -0.085 1.160401 -0.1847994 -0.085 1.160143 -0.1838775 -0.085 1.159931 -0.1829438 -0.085 1.159766 -0.1820008 -0.085 1.159648 -0.1810507 -0.085 1.159578 -0.1800959 -0.085 1.159556 -0.1791389 -0.085 1.159581 -0.1781819 -0.085 1.159654 -0.1772273 -0.085 1.159775 -0.1762776 -0.085 1.159942 -0.175335 -0.085 1.160156 -0.174402</float_array>
          <technique_common>
            <accessor count="1606" source="#cubeverts-array0-array" stride="3">
              <param type="float" name="X"/>
              <param type="float" name="Y"/>
              <param type="float" name="Z"/>
            </accessor>
          </technique_common>
        </source>
        <source id="cubenormals-array0">
          <float_array count="9660" id="cubenormals-array0-array">0 -0.9428065 0.3333406 0 -0.9135807 0.4066576 0 -0.9428065 0.3333406 0 -0.8791997 0.4764535 0 -0.9135807 0.4066576 0 -0.838685 0.5446168 0 -0.8791997 0.4764535 0 -0.838685 0.5446168 0 -0.793744 0.608252 0 -0.793744 0.608252 0 -0.7432787 0.6689819 0 -0.7432787 0.6689819 0 -0.6886023 0.7251391 0 -0.6886023 0.7251391 0 -0.6300302 0.7765706 0 -0.6300302 0.7765706 0 -0.566476 0.8240782 0 -0.566476 0.8240782 0 -0.5003864 0.8658022 0 -0.5003864 0.8658022 0 -0.4312133 0.9022501 0 -0.4312133 0.9022501 0 -0.3584688 0.9335418 0 -0.3584688 0.9335418 0 -0.2844376 0.9586946 0 -0.2844376 0.9586946 0 -0.2084242 0.9780385 0 -0.2084242 0.9780385 0 -0.1309211 0.9913928 0 -0.1309211 0.9913928 0 -0.05269753 0.9986104 0 -0.05269753 0.9986104 0 0.02579987 0.9996671 0 0.02579987 0.9996671 0 0.1041185 0.9945649 0 0.1041185 0.9945649 0 0.1818831 0.9833202 0 0.1818831 0.9833202 0 0.2584461 0.9660257 0 0.3333406 0.9428065 0 0.2584461 0.9660257 0 0.406225 0.9137731 0 0.3333406 0.9428065 0 0.4766836 0.8790749 0 0.406225 0.9137731 0 0.5445727 0.8387136 0 0.4766836 0.8790749 0 0.6085229 0.7935362 0 0.5445727 0.8387136 0 0.6686555 0.7435723 0 0.6085229 0.7935362 0 0.7249063 0.6888475 0 0.6686555 0.7435723 0 0.7770312 0.6294621 0 0.7249063 0.6888475 0 0.8243141 0.5661327 0 0.7770312 0.6294621 0 0.865437 0.5010179 0 0.8243141 0.5661327 0 0.865437 0.5010179 -0 0.9026362 0.4304043 0 0.9332014 0.359354 0 0.9026362 0.4304043 0 0.9332014 0.359354 0 0.958936 0.2836224 0 0.958936 0.2836224 0 0.9779319 0.2089239 0 0.9779319 0.2089239 0 0.9914358 0.1305953 0 0.9914358 0.1305953 -0 0.9986345 0.05224057 0 0.9996906 -0.02487566 0 0.9986345 0.05224057 0 0.9996906 -0.02487566 0 0.9945293 -0.1044582 0 0.9945293 -0.1044582 0 0.9833737 -0.1815937 0 0.965966 -0.2586688 0 0.9833737 -0.1815937 0 0.965966 -0.2586688 0 -0.9474458 0.3199167 0 -0.9474458 0.3199167 0 -0.9303336 0.3667143 0 -0.9303336 0.3667143 0 -0.9109018 0.4126234 0 -0.9109018 0.4126234 0 -0.8892033 0.4575122 0 -0.8892033 0.4575122 0 -0.8653051 0.5012455 0 -0.8392035 0.5438175 0 -0.8653051 0.5012455 0 -0.8392035 0.5438175 0 -0.7808999 0.6246562 0 -0.8111005 0.5849067 0 -0.8111005 0.5849067 0 -0.7488076 0.6627874 0 -0.7808999 0.6246562 0 -0.7488076 0.6627874 0 -0.7148501 0.6992777 0 -0.7148501 0.6992777 0 -0.6416695 0.7669813 0 -0.6790866 0.7340581 0 -0.6790866 0.7340581 0 -0.6416695 0.7669813 0 -0.6026592 0.7979986 0 -0.6026592 0.7979986 0 -0.5620672 0.8270916 0 -0.5620672 0.8270916 0 -0.5202321 0.8540249 0 -0.5202321 0.8540249 0 -0.4769649 0.8789223 0 -0.4769649 0.8789223 0 -0.4325543 0.9016078 0 -0.4325543 0.9016078 0 -0.3870948 0.9220399 0 -0.3870948 0.9220399 0 -0.3406077 0.9402055 0 -0.3406077 0.9402055 0 -0.2933846 0.9559945 0 -0.2933846 0.9559945 0 -0.2453248 0.969441 0 -0.2453248 0.969441 0 -0.1966831 0.9804671 0 -0.1966831 0.9804671 0 -0.1476046 0.9890464 0 -0.1476046 0.9890464 0 -0.09811496 0.9951751 0 -0.09811496 0.9951751 0 -0.04837621 0.9988292 0 -0.04837621 0.9988292 -0 0.001466274 0.9999989 0 0.001466274 0.9999989 -0 0.0513081 0.9986829 0 0.0513081 0.9986829 -0 0.1010407 0.9948823 0 0.1010407 0.9948823 -0 0.1504975 0.9886104 0 0.1504975 0.9886104 -0 0.1995631 0.979885 0 0.1995631 0.979885 -0 0.2481871 0.9687122 0 0.2481871 0.9687122 -0 0.296147 0.9551423 0 0.296147 0.9551423 -0 0.3433844 0.939195 0 0.3433844 0.939195 -0 0.3897929 0.9209026 0 0.3897929 0.9209026 -0 0.4352005 0.9003335 0 0.4352005 0.9003335 -0 0.5226783 0.85253 -0 0.4795455 0.877517 0 0.4795455 0.877517 -0 0.5226783 0.85253 -0 0.5645519 0.8253976 0 0.5645519 0.8253976 -0 0.64393 0.7650843 -0 0.6049458 0.7962666 0 0.6049458 0.7962666 -0 0.6812516 0.7320493 -0 0.64393 0.7650843 -0 0.7168723 0.6972045 -0 0.6812516 0.7320493 -0 0.7168723 0.6972045 0 0.7507907 0.6605402 -0 0.7827313 0.6223598 -0 0.7507907 0.6605402 -0 0.812775 0.5825777 -0 0.7827313 0.6223598 -0 0.812775 0.5825777 -0 0.8408349 0.5412915 0 0.8408349 0.5412915 -0 0.8905206 0.4549428 -0 0.8667719 0.4987047 0 0.8667719 0.4987047 -0 0.8905206 0.4549428 -0 0.9121105 0.4099445 0 0.9121105 0.4099445 -0 0.9483864 0.317117 -0 0.9314301 0.3639203 0 0.9314301 0.3639203 -0 0.9483864 0.317117 -0 0.9752504 0.2211037 -0 0.9630203 0.2694289 0 0.9630203 0.2694289 -0 0.9752504 0.2211037 -0 0.9924324 0.1227929 -0 0.9850508 0.172264 0 0.9850508 0.172264 -0 0.9973086 0.07331862 -0 0.9924324 0.1227929 -0 0.9997247 0.02346181 -0 0.9973086 0.07331862 -0 0.9997247 0.02346181 0 0.9996517 -0.02639429 0 0.9996517 -0.02639429 0 0.9970886 -0.0762516 0 0.9970886 -0.0762516 0 0.9920651 -0.1257255 0 0.9920651 -0.1257255 0 0.9745824 -0.2240295 0 0.9845557 -0.1750718 0 0.9845557 -0.1750718 0 0.9745824 -0.2240295 0 0.9622305 -0.2722362 0 0.9622305 -0.2722362 0 -0.9474538 0.3198925 0 -0.9303433 0.36669 0 -0.9474538 0.3198925 0 -0.9108886 0.4126523 0 -0.9303433 0.36669 0 -0.8891922 0.4575339 0 -0.9108886 0.4126523 0 -0.8653195 0.5012205 0 -0.8891922 0.4575339 0 -0.8392347 0.5437693 0 -0.8653195 0.5012205 0 -0.8110588 0.5849647 0 -0.8392347 0.5437693 0 -0.7808821 0.6246784 0 -0.8110588 0.5849647 0 -0.7488183 0.6627752 0 -0.7808821 0.6246784 0 -0.7148677 0.6992598 0 -0.7488183 0.6627752 0 -0.6790988 0.7340469 0 -0.7148677 0.6992598 0 -0.6416649 0.7669851 0 -0.6790988 0.7340469 0 -0.6026626 0.7979962 0 -0.6416649 0.7669851 0 -0.5620933 0.8270738 0 -0.6026626 0.7979962 0 -0.520147 0.8540767 0 -0.5620933 0.8270738 0 -0.4769665 0.8789214 0 -0.520147 0.8540767 0 -0.4325603 0.901605 0 -0.4769665 0.8789214 0 -0.4325603 0.901605 0 -0.387096 0.9220394 0 -0.387096 0.9220394 0 -0.3406235 0.9401997 0 -0.3406235 0.9401997 0 -0.2933916 0.9559923 0 -0.2453187 0.9694425 0 -0.2933916 0.9559923 0 -0.1966981 0.9804642 0 -0.2453187 0.9694425 0 -0.1476022 0.9890468 0 -0.1966981 0.9804642 0 -0.09810968 0.9951756 0 -0.1476022 0.9890468 0 -0.04838417 0.9988289 0 -0.09810968 0.9951756 0 0.001461987 0.9999989 0 -0.04838417 0.9988289 0 0.05131476 0.9986826 0 0.001461987 0.9999989 0 0.1010353 0.9948828 0 0.05131476 0.9986826 0 0.1010353 0.9948828 0 0.1504882 0.9886118 0 0.1504882 0.9886118 -0 0.1995906 0.9798794 0 0.2481802 0.9687139 0 0.1995906 0.9798794 0 0.2481802 0.9687139 0 0.2961447 0.9551431 0 0.2961447 0.9551431 0 0.3434052 0.9391873 0 0.3434052 0.9391873 0 0.3897808 0.9209076 0 0.3897808 0.9209076 -0 0.4351779 0.9003446 0 0.4795882 0.8774936 0 0.4351779 0.9003446 0 0.4795882 0.8774936 0 0.5226322 0.8525583 0 0.5226322 0.8525583 0 0.564576 0.8253811 0 0.564576 0.8253811 -0 0.6049281 0.7962801 0 0.6439295 0.7650849 0 0.6049281 0.7962801 0 0.6812671 0.7320349 0 0.6439295 0.7650849 0 0.7168903 0.6971859 0 0.6812671 0.7320349 0 0.7168903 0.6971859 -0 0.7507392 0.6605988 0 0.7827296 0.6223619 0 0.7507392 0.6605988 0 0.7827296 0.6223619 -0 0.8127985 0.582545 0 0.840816 0.5413212 0 0.8127985 0.582545 0 0.840816 0.5413212 -0 0.8667494 0.4987439 0 0.8905759 0.4548345 0 0.8667494 0.4987439 0 0.8905759 0.4548345 -0 0.9121125 0.4099397 0 0.9121125 0.4099397 -0 0.9314113 0.3639686 0 0.9314113 0.3639686 -0 0.94837 0.317166 0 0.9630184 0.2694357 0 0.94837 0.317166 0 0.9630184 0.2694357 -0 0.9752688 0.2210222 0 0.9850637 0.1721906 0 0.9752688 0.2210222 0 0.9850637 0.1721906 -0 0.9924124 0.1229529 0 0.9924124 0.1229529 -0 0.9973092 0.07330931 0 0.9973092 0.07330931 -0 0.9997264 0.02339376 0 0.9997264 0.02339376 0 0.9996518 -0.02638626 0 0.9970951 -0.07616604 0 0.9996518 -0.02638626 0 0.9970951 -0.07616604 0 0.9920545 -0.1258089 0 0.9920545 -0.1258089 0 0.9745877 -0.2240064 0 0.9845598 -0.175048 0 0.9845598 -0.175048 0 0.9745877 -0.2240064 0 0.962215 -0.2722907 0 0.962215 -0.2722907 0 0.9622187 -0.2722776 0 0.9622187 -0.2722776 0 0.9745989 -0.2239576 0 0.9745989 -0.2239576 0 0.9845511 -0.1750975 0 0.9845511 -0.1750975 0 0.9920535 -0.1258162 0 0.9920535 -0.1258162 0 0.9970916 -0.0762132 0 0.9970916 -0.0762132 0 0.9996515 -0.026398 0 0.9997233 0.02352384 0 0.9996515 -0.026398 0 0.9973149 0.07323258 0 0.9997233 0.02352384 0 0.9924138 0.1229424 0 0.9973149 0.07323258 0 0.9850759 0.1721205 0 0.9924138 0.1229424 0 0.9752324 0.2211829 0 0.9850759 0.1721205 0 0.9630256 0.2694098 0 0.9752324 0.2211829 0 0.9483942 0.3170938 0 0.9630256 0.2694098 0 0.9314236 0.3639367 0 0.9483942 0.3170938 0 0.9120828 0.4100062 0 0.9314236 0.3639367 0 0.8905677 0.4548508 0 0.9120828 0.4100062 0 0.8667326 0.498773 0 0.8905677 0.4548508 0 0.8667326 0.498773 0 0.8408437 0.541278 0 0.8408437 0.541278 0 0.8127857 0.5825627 0 0.8127857 0.5825627 0 0.7827293 0.6223623 0 0.7827293 0.6223623 0 0.7507531 0.6605829 0 0.7507531 0.6605829 0 0.7168841 0.6971924 0 0.7168841 0.6971924 0 0.6812631 0.7320386 0 0.6812631 0.7320386 0 0.6439067 0.7651041 0 0.6439067 0.7651041 0 0.6049955 0.7962289 0 0.6049955 0.7962289 0 0.5645079 0.8254277 0 0.5226981 0.8525179 0 0.5645079 0.8254277 0 0.5226981 0.8525179 0 0.4795409 0.8775195 0 0.4795409 0.8775195 0 0.3897676 0.9209133 0 0.4352197 0.9003242 0 0.4352197 0.9003242 0 0.3434124 0.9391847 0 0.3897676 0.9209133 0 0.3434124 0.9391847 0 0.2482047 0.9687077 0 0.2961289 0.955148 0 0.2961289 0.955148 0 0.1995742 0.9798827 0 0.2482047 0.9687077 0 0.1995742 0.9798827 0 0.1010345 0.9948829 0 0.1504923 0.9886112 0 0.1504923 0.9886112 0 0.1010345 0.9948829 0 0.001463699 0.9999989 0 0.05130185 0.9986832 0 0.05130185 0.9986832 0 0.001463699 0.9999989 0 -0.09810452 0.9951761 0 -0.04837679 0.9988292 0 -0.04837679 0.9988292 0 -0.1475935 0.9890481 0 -0.09810452 0.9951761 0 -0.1967097 0.9804617 0 -0.1475935 0.9890481 0 -0.1967097 0.9804617 0 -0.2453271 0.9694404 0 -0.2453271 0.9694404 0 -0.2933677 0.9559997 0 -0.3406264 0.9401987 0 -0.2933677 0.9559997 0 -0.3406264 0.9401987 0 -0.3871045 0.9220359 0 -0.4325295 0.9016199 0 -0.3871045 0.9220359 0 -0.4769688 0.8789202 0 -0.4325295 0.9016199 0 -0.5202137 0.8540362 0 -0.4769688 0.8789202 0 -0.5202137 0.8540362 0 -0.602645 0.7980094 0 -0.5621026 0.8270675 0 -0.5621026 0.8270675 0 -0.6416438 0.7670028 0 -0.602645 0.7980094 0 -0.6791037 0.7340424 0 -0.6416438 0.7670028 0 -0.714821 0.6993074 0 -0.6791037 0.7340424 0 -0.714821 0.6993074 0 -0.7488406 0.6627501 0 -0.7488406 0.6627501 0 -0.8110955 0.5849137 0 -0.7808791 0.624682 0 -0.7808791 0.624682 0 -0.8110955 0.5849137 0 -0.8392094 0.5438083 0 -0.8392094 0.5438083 0 -0.8653033 0.5012487 0 -0.8653033 0.5012487 0 -0.8892105 0.4574983 0 -0.8892105 0.4574983 0 -0.9108802 0.4126709 0 -0.9108802 0.4126709 0 -0.9303405 0.3666969 0 -0.9303405 0.3666969 0 -0.9474642 0.3198618 0 -0.9474642 0.3198618 0 0.9551393 -0.296157 2.55238e-06 0.9551396 -0.296156 -1.915227e-05 0.9551718 -0.2960524 -0.0001125369 0.955317 -0.2955832 0.0001250604 0.9549265 -0.2968425 -0.0001254859 0.9553621 -0.2954371 0.000116803 0.9549147 -0.2968802 -9.801221e-05 0.9553375 -0.2955169 -1.911386e-05 0.9551717 -0.2960524 -2.439377e-05 0.9551799 -0.2960258 2.842235e-06 0.9551293 -0.296189 1.906956e-05 0.9551083 -0.2962567 0.000250148 0.9548664 -0.2970352 -1.30961e-05 0.9551568 -0.2961006 -0.0002659181 0.9553905 -0.2953455 2.2226e-05 0.9551173 -0.296228 7.185994e-06 0.9551296 -0.2961882 0.0001270866 0.9550423 -0.2964695 -6.662052e-05 0.9551844 -0.2960114 -0.0001170974 0.9552171 -0.2959062 3.843393e-05 0.955117 -0.2962289 -4.577258e-07 0.9551399 -0.2961552 -0.0001164313 0.9551985 -0.2959661 3.568922e-05 0.9551167 -0.2962299 0.0001650096 0.955054 -0.2964317 -1.11936e-05 0.9551414 -0.2961502 -1.633059e-05 0.9551436 -0.2961428 0.0001746451 0.955066 -0.2963931 3.761732e-05 0.9551271 -0.2961963 -8.074987e-05 0.9551716 -0.2960529 -0.0002649784 0.9552307 -0.2958619 4.844708e-05 0.9551214 -0.2962146 0.0004208043 0.9550026 -0.2965971 -7.215613e-05 0.9551626 -0.2960817 -0.0001881911 0.9551924 -0.2959852 -1.256443e-05 0.9551451 -0.2961382 -0.0005207474 0.9552705 -0.295733 3.699757e-05 0.9551306 -0.2961849 6.72548e-05 0.9551203 -0.2962182 0.0004755921 0.9550375 -0.2964846 -0.0001311076 0.9551665 -0.2960693 -1.191582e-05 0.9551432 -0.2961444 -0.0001671023 0.9551703 -0.296057 1.085666e-05 0.9551386 -0.296159 0.0006244017 0.9550357 -0.2964901 0.0001213246 0.955118 -0.2962256 -0.000111648 0.9551587 -0.2960946 9.850175e-05 0.9551272 -0.2961959 -0.0004329869 0.9551976 -0.2959685 -9.647194e-05 0.9551524 -0.2961147 -0.0001204171 0.9551552 -0.2961055 9.263451e-05 0.9551292 -0.2961894 0.0005611019 0.9550872 -0.2963243 1.750249e-05 0.9551372 -0.2961636 -0.0007976345 0.9552057 -0.2959417 -0.0001271847 0.9551526 -0.2961141 5.370194e-05 0.9551356 -0.2961687 9.476037e-05 0.9551328 -0.2961779 0.0003218879 0.9551206 -0.2962168 -5.300213e-05 0.9551418 -0.2961489 -0.0005764844 0.9551635 -0.2960785 0.0009321184 0.9550959 -0.2962953 -0.0008159115 0.9551791 -0.2960276 0.001000177 0.9550873 -0.2963229 -0.0006548215 0.9551759 -0.2960381 0.0002202481 0.9551268 -0.2961971 0 0.9551399 -0.296155 0 0.9551399 -0.296155 0 0.2961612 0.955138 -0 0.2961446 0.9551431 -0 0.2961613 0.955138 3.221288e-06 0.2961557 0.9551396 -0 -0.2961543 -0.9551401 0 -0.2961585 -0.9551388 -0 -0.2961544 -0.9551401 1.026331e-06 -0.2961557 -0.9551397 0 -0.9551365 0.2961662 0 -0.9551365 0.2961662 1 0 0 1 0 0 1 0 0 1 0 0 1 0 0 1 0 0 1 0 0 1 0 0 1 0 0 1 0 0 1 0 0 1 0 0 1 0 0 1 0 0 1 0 0 1 0 0 1 0 0 1 0 0 1 0 0 1 0 0 1 0 0 1 0 0 1 0 0 1 0 0 1 0 0 1 0 0 1 0 0 1 0 0 1 0 0 1 0 0 1 0 0 1 0 0 1 0 0 1 0 0 1 0 0 1 0 0 0 0.9551392 -0.2961572 1.273416e-05 0.9551396 -0.296156 0.0001379762 0.9551024 -0.2962757 -6.355937e-05 0.9551771 -0.296035 3.058186e-05 0.9551304 -0.2961858 -5.239914e-06 0.9551571 -0.2960994 1.585865e-05 0.9551015 -0.2962785 1.345535e-05 0.95513 -0.2961869 3.225451e-05 0.9551305 -0.2961856 -2.523932e-07 0.9551784 -0.2960305 6.101115e-06 0.9551159 -0.2962322 2.775925e-05 0.9550874 -0.2963241 -3.986263e-05 0.955187 -0.2960029 -7.496711e-05 0.9551963 -0.2959733 -3.363295e-05 0.9551361 -0.2961674 2.318582e-05 0.9551192 -0.296222 2.520272e-05 0.9551175 -0.2962272 2.665898e-05 0.9551154 -0.2962339 -7.993124e-07 0.9551398 -0.2961553 2.949102e-05 0.9551157 -0.2962329 5.798514e-05 0.95512 -0.2962192 -5.651851e-05 0.9551814 -0.2960209 -1.001293e-05 0.9551448 -0.2961394 -5.520693e-06 0.9551455 -0.296137 -1.338268e-06 0.9551432 -0.2961442 -1.510236e-05 0.9551407 -0.2961526 -7.505457e-05 0.9551728 -0.296049 0 0.9551383 -0.2961602 -9.393183e-05 0.9551711 -0.2960542 -0.0005370278 0.9553076 -0.2956132 0.0005917448 0.9549434 -0.2967875 -0.0005768607 0.9553388 -0.2955119 0.0005356158 0.9549425 -0.2967903 2.617845e-05 0.9551244 -0.2962048 4.856429e-05 0.9551125 -0.2962434 2.111049e-05 0.9551233 -0.2962086 -0.0004082642 0.9552979 -0.2956444 -0.0001236264 0.9551846 -0.2960108 -0.0001544096 0.9551976 -0.2959687 0.0001485905 0.9550604 -0.2964112 0.0001720666 0.955049 -0.2964479 3.719571e-05 0.9551185 -0.296224 -0.0001062207 0.9551748 -0.2960425 -0.0001424915 0.9552128 -0.29592 -0.0001168401 0.9551984 -0.2959663 0.0001328129 0.9550473 -0.2964534 0.000122611 0.9550539 -0.2964318 -0.0001628159 0.9552568 -0.2957778 -0.0001497573 0.9551982 -0.295967 0.0005317078 0.9548778 -0.2969983 -0.0003223981 0.955305 -0.2956217 -0.0002242026 0.9552527 -0.2957907 0.0001819097 0.9550211 -0.2965378 0.0003244457 0.9549337 -0.2968189 -0.0002527112 0.9553139 -0.2955931 -5.228446e-05 0.9551714 -0.2960532 -6.871762e-05 0.9551637 -0.2960782 -0.0002594617 0.9552321 -0.2958574 0.0002144778 0.9550753 -0.2963634 -0.0005361857 0.9553377 -0.2955156 0.000601044 0.9549163 -0.2968746 -0.0001500825 0.9552115 -0.2959241 0.0002222888 0.9550565 -0.2964237 -0.0004731305 0.9553633 -0.2954333 0.0003426465 0.9549806 -0.2966681 7.537877e-05 0.9551072 -0.2962604 0.0004483311 0.9550105 -0.2965719 -0.0001776395 0.955196 -0.2959742 0.0003772414 0.9550405 -0.2964753 -0.0004474587 0.9552588 -0.2957706 -0.0001044191 0.955173 -0.2960481 0.0005380779 0.955021 -0.2965378 -3.202202e-05 0.9551391 -0.2961577 -3.21251e-05 0.9551391 -0.2961577 -0.0003790717 0.9552257 -0.2958777 -4.074646e-05 0.9551547 -0.2961074 0.0005009819 0.955047 -0.2964543 -0.0002216948 0.955182 -0.2960188 -0.0007433858 0.9552854 -0.2956846 0.0003304757 0.955085 -0.2963317 1.797788e-05 0.9551242 -0.2962056 1.800371e-05 0.9551242 -0.2962056 0.0005057814 0.955054 -0.2964311 -0.0002251976 0.9551746 -0.2960432 0.0003362008 0.9550881 -0.2963216 -0.000166471 0.9551604 -0.2960891 -0.0005978597 0.9552175 -0.2959041 -0.0006723734 0.9552184 -0.2959009 0.0005537415 0.9550672 -0.296389 -0.0001360303 0.9551597 -0.2960911 0.0006047696 0.9550521 -0.2964374 -0.0004079259 0.9552107 -0.2959262 -4.859624e-05 0.9551503 -0.2961216 -0.0005171187 0.9552348 -0.2958481 0.0002663396 0.9550833 -0.2963375 0.0003169397 0.9550728 -0.2963713 -0.0005342792 0.9552597 -0.2957678 0.0008171766 0.9549446 -0.2967833 -0.0007302114 0.9553254 -0.2955548 -0.0001589829 0.9551779 -0.2960325 0.0005356101 0.9549888 -0.2966414 0.0001738402 0.9551225 -0.2962109 0.0001713452 0.9550925 -0.2963075 -0.0001177401 0.9551644 -0.2960759 6.010223e-05 0.9551247 -0.2962039 7.325652e-05 0.9551225 -0.2962111 -1.398374e-05 0.955142 -0.2961481 6.893404e-05 0.9551284 -0.296192 1.443842e-05 0.9551406 -0.2961527 -8.942511e-06 0.9551444 -0.2961403 -6.723678e-05 0.9551575 -0.2960983 9.640484e-05 0.9551308 -0.2961844 1.325318e-05 0.9551401 -0.2961547 -0.000112458 0.9551606 -0.2960882 -6.9965e-05 0.9551558 -0.2961034 9.939769e-05 0.9551281 -0.2961932 -0.0001312276 0.9551535 -0.2961111 -0.000129633 0.9551534 -0.2961115 1.752981e-05 0.9551371 -0.2961639 0.000104703 0.9551319 -0.2961808 0.0001022781 0.9551322 -0.2961799 0.0001038161 0.9551321 -0.2961802 5.435057e-05 0.9551376 -0.2961623 0 0.9551433 -0.2961439 0 0.9551433 -0.2961439 -0.0001390448 0.9551491 -0.2961254 -0.0001352851 0.9551491 -0.2961255 9.866508e-05 0.9551261 -0.2961994 -0.0001763756 0.9551584 -0.2960953 8.978695e-05 0.9551114 -0.296247 0.0001836793 0.95513 -0.2961867 1.31404e-05 0.9551313 -0.2961827 -5.269302e-05 0.9551452 -0.2961381 2.918246e-05 0.9551399 -0.296155 0 0.9551296 -0.2961884 0 0.9551295 -0.2961884 7.781979e-05 0.9551388 -0.2961587 1.519244e-05 0.9551389 -0.2961584 -1 0 0 -1 -0 0 -3.560385e-06 -0.2961564 -0.9551395 2.415985e-06 -0.2961571 -0.9551392 0 -0.2961585 -0.9551389 0 -0.2961585 -0.9551388 -2.401969e-05 -0.2961814 -0.9551318 -2.401969e-05 -0.2961814 -0.9551318 2.83101e-05 -0.2961414 -0.9551442 2.83101e-05 -0.2961414 -0.9551442 -4.078669e-06 -0.2961599 -0.9551384 -4.078669e-06 -0.2961599 -0.9551384 -2.146884e-05 -0.2961665 -0.9551364 2.028407e-05 -0.2961507 -0.9551412 -2.445627e-05 -0.2961596 -0.9551384 -2.58668e-05 -0.2961597 -0.9551384 5.203464e-06 -0.2961589 -0.9551387 1.894271e-05 -0.2961586 -0.9551388 -4.971055e-06 -0.2961532 -0.9551405 -4.396137e-05 -0.2961607 -0.9551381 2.761675e-06 -0.2961594 -0.9551386 -3.479876e-06 -0.2961649 -0.9551368 2.964041e-05 -0.2961586 -0.9551388 -2.779336e-05 -0.2961603 -0.9551383 3.108661e-05 -0.2961525 -0.9551407 -2.224922e-05 -0.2961627 -0.9551375 1.984648e-05 -0.2961478 -0.9551421 -4.835054e-07 -0.2961516 -0.9551409 1.966273e-06 -0.2961541 -0.9551402 1.721909e-05 -0.2961511 -0.9551411 -2.590747e-05 -0.2961594 -0.9551385 1.966273e-06 -0.2961541 -0.9551402 -3.581398e-05 -0.29617 -0.9551353 3.308264e-06 -0.2961624 -0.9551376 3.620163e-06 -0.2961622 -0.9551377 -3.85942e-05 -0.296164 -0.9551371 -3.804831e-05 -0.296177 -0.9551331 4.494648e-05 -0.2961475 -0.9551422 2.585006e-05 -0.2961504 -0.9551414 3.675106e-06 -0.2961582 -0.9551389 4.247911e-05 -0.2961377 -0.9551452 2.290109e-05 -0.2961448 -0.9551431 1.838714e-05 -0.2961505 -0.9551412 2.241077e-05 -0.2961439 -0.9551433 -8.070175e-06 -0.29616 -0.9551383 -7.609694e-06 -0.2961642 -0.955137 2.241077e-05 -0.2961439 -0.9551433 -3.415398e-05 -0.2961738 -0.9551342 3.700902e-05 -0.2961334 -0.9551466 1.50046e-05 -0.2961449 -0.955143 -3.680463e-06 -0.2961709 -0.955135 -4.571813e-05 -0.2961932 -0.9551281 -5.090461e-05 -0.2961853 -0.9551305 5.150259e-05 -0.2961312 -0.9551472 -3.704488e-05 -0.2961825 -0.9551314 -4.866699e-05 -0.2961887 -0.9551294 1.019237e-05 -0.2961463 -0.9551426 4.791212e-05 -0.2961262 -0.9551488 4.541963e-05 -0.296123 -0.9551498 7.613795e-06 -0.2961431 -0.9551436 1.386871e-05 -0.2961508 -0.9551412 -4.750481e-05 -0.29619 -0.955129 -1.382931e-05 -0.2961772 -0.955133 -4.429377e-05 -0.296187 -0.95513 -3.759554e-05 -0.2961944 -0.9551277 3.838149e-05 -0.2961274 -0.9551485 4.141316e-05 -0.2961189 -0.9551511 1.315968e-05 -0.2961515 -0.955141 6.107251e-06 -0.2961444 -0.9551432 -1.068574e-05 -0.2961687 -0.9551357 -1.250746e-05 -0.2961704 -0.9551351 1.415399e-05 -0.2961367 -0.9551456 1.113082e-05 -0.2961339 -0.9551464 -3.351909e-05 -0.2961904 -0.9551288 -8.748076e-06 -0.2961724 -0.9551345 9.135608e-06 -0.2961498 -0.9551415 1.37763e-06 -0.2961434 -0.9551435 1.36902e-06 -0.2961434 -0.9551435 -2.594153e-05 -0.2961888 -0.9551294 1.51398e-05 -0.2961302 -0.9551476 -2.709058e-06 -0.2961594 -0.9551385 1.456486e-05 -0.2961298 -0.9551477 -6.101875e-06 -0.2961571 -0.9551392 -2.495369e-05 -0.2961896 -0.9551292 1.919976e-05 -0.2961238 -0.9551496 -2.317274e-05 -0.296197 -0.9551269 2.444366e-05 -0.296127 -0.9551486 3.29971e-06 -0.2961635 -0.9551373 -2.177524e-05 -0.2961952 -0.9551274 5.03359e-06 -0.2961488 -0.9551418 1.942556e-05 -0.296124 -0.9551495 -2.177524e-05 -0.2961952 -0.9551274 3.015671e-05 -0.2961171 -0.9551516 2.630521e-05 -0.2961152 -0.9551522 2.661335e-05 -0.2961079 -0.9551545 7.961828e-06 -0.2961555 -0.9551398 -2.33414e-05 -0.2961943 -0.9551277 -3.170985e-05 -0.2962157 -0.955121 -1.946863e-05 -0.2961877 -0.9551297 -2.473384e-05 -0.2962012 -0.9551256 2.539425e-05 -0.2961147 -0.9551523 3.097451e-05 -0.2961004 -0.9551568 2.286508e-05 -0.2961191 -0.955151 -2.812422e-05 -0.296207 -0.9551238 1.7206e-06 -0.2961734 -0.9551342 5.793919e-06 -0.2961546 -0.9551401 1.578411e-06 -0.2961528 -0.9551406 1.231946e-05 -0.2961032 -0.955156 9.536701e-07 -0.2961648 -0.9551368 -8.726411e-08 -0.2961697 -0.9551353 -3.450911e-06 -0.2961632 -0.9551374 -4.629847e-06 -0.2961687 -0.9551356 1.412185e-05 -0.2961164 -0.9551519 7.387662e-06 -0.2961484 -0.9551419 -1.099174e-05 -0.2962124 -0.9551221 2.655958e-06 -0.2961476 -0.9551422 -1.998019e-05 -0.2962027 -0.955125 -7.742493e-06 -0.2962042 -0.9551247 -2.047317e-06 -0.2962019 -0.9551254 1.088626e-06 -0.2961023 -0.9551563 6.104383e-06 -0.2961016 -0.9551564 4.748464e-06 -0.2961446 -0.9551431 5.810627e-06 -0.2961709 -0.9551349 1.052357e-05 -0.2961488 -0.9551418 2.71249e-05 -0.2961088 -0.9551542 -1.222153e-05 -0.2961718 -0.9551347 6.003359e-06 -0.2961636 -0.9551372 6.341128e-07 -0.2961698 -0.9551353 5.29495e-06 -0.296148 -0.9551421 -1.751316e-05 -0.2962031 -0.955125 4.352082e-05 -0.2961052 -0.9551554 1.902176e-06 -0.2961215 -0.9551503 -5.122325e-06 -0.2961634 -0.9551374 -5.122325e-06 -0.2961634 -0.9551374 0 -0.2961566 -0.9551394 2.055923e-06 -0.2961566 -0.9551394 2.367426e-06 -0.2961566 -0.9551394 0 -0.2961585 -0.9551388 -0 -0.2961585 -0.9551388 0 -0.2961566 -0.9551394 0 0.296158 0.955139 0 0.296158 0.955139 -7.688005e-05 0.2960843 0.9551618 5.150274e-05 0.2951094 0.9554635 4.167825e-05 0.2961937 0.9551278 3.734115e-06 0.2961606 0.9551381 -4.169402e-05 0.2965144 0.9550284 -1.043074e-05 0.296313 0.9550909 -1.807373e-05 0.2961416 0.955144 2.197893e-05 0.2961748 0.9551337 -8.988695e-05 0.2964602 0.9550451 -3.95038e-05 0.2961269 0.9551486 3.623827e-05 0.296183 0.9551312 9.161995e-06 0.2961266 0.9551487 2.241219e-05 0.2961729 0.9551343 -5.41703e-05 0.2961211 0.9551504 0.0005656953 0.2950278 0.9554886 3.992766e-05 0.2961818 0.9551316 8.929234e-06 0.2961628 0.9551375 -3.643694e-05 0.2962482 0.955111 -5.465478e-05 0.2962807 0.9551008 -0.000804299 0.2974751 0.9547293 -3.190011e-05 0.2962391 0.9551138 -1.298715e-05 0.2961507 0.9551412 1.385031e-05 0.2961648 0.9551368 6.554381e-05 0.2960144 0.9551835 -0.0005486738 0.2968049 0.954938 -1.395145e-05 0.2961512 0.9551411 -4.563987e-05 0.2961347 0.9551462 0.0009381662 0.2951968 0.955436 1.600572e-05 0.2961636 0.9551373 0.0004280156 0.2957345 0.9552701 -5.364598e-05 0.2962179 0.9551204 -0.0008410428 0.2968351 0.9549283 -1.813153e-05 0.2961833 0.9551311 3.337487e-05 0.2961388 0.9551449 -3.341045e-06 0.2961622 0.9551376 -0.001490321 0.2970133 0.9548721 -0.0008643703 0.296518 0.955027 0.0004277904 0.2960068 0.9551857 7.562083e-06 0.2961482 0.955142 0.0001959498 0.2961212 0.9551504 0.0004623945 0.2960704 0.955166 -0.0001683568 0.2962037 0.9551248 -7.976405e-05 0.2961802 0.9551321 6.459118e-06 0.2961492 0.9551417 3.455956e-05 0.296191 0.9551287 -1.190275e-05 0.2961451 0.9551429 -2.021422e-05 0.2961366 0.9551457 4.902441e-05 0.2962104 0.9551228 -4.394622e-05 0.2961071 0.9551548 1.037442e-05 0.2961702 0.9551352 -1.028228e-05 0.2961451 0.9551429 3.787246e-06 0.296163 0.9551374 -3.270523e-06 0.2961535 0.9551404 1.217162e-05 0.2961755 0.9551336 -1.51809e-05 0.2961344 0.9551463 1.682024e-05 0.2961853 0.9551305 1.820268e-06 0.29616 0.9551383 -1.489306e-05 0.29613 0.9551476 7.792954e-06 0.2961732 0.9551342 8.286597e-06 0.2961743 0.955134 1.475256e-08 0.2961564 0.9551395 -4.736529e-07 0.2961568 0.9551393 -0.0004780964 0.2961905 0.9551287 0.0001973554 0.2961588 0.9551387 0 0.2961561 0.9551395 -1.649019e-06 0.2961564 0.9551395 -1 0 0 -1 0 0 -1 0 0 -1 0 0 -1 0 0 -1 0 0 -1 0 0 -1 0 0 -1 0 0 -1 0 0 -1 0 0 -1 0 0 -1 0 0 -1 0 0 -1 0 0 -1 0 0 -1 0 0 -1 0 0 -1 0 0 -1 0 0 -1 0 -0 -1 0 -0 -1 0 -0 -1 0 -0 -1 0 -0 -1 0 -0 -1 0 0 -1 0 0 -1 0 0 -1 0 0 -1 0 0 -1 0 0 -1 0 0 -1 0 0 -1 0 0 -1 0 0 -1 0 0 -1 0 0 -1 0 0 -1 0 0 -1 0 0 -1 0 0 -1 0 0 -1 0 0 -1 0 0 -1 0 0 -1 0 0 -1 0 0 -1 0 0 -1 0 -0 -1 0 -0 -1 0 -0 -1 0 -0 -1 0 -0 -1 0 -0 -1 0 -0 -1 0 -0 -1 0 -0 -1 0 -0 -1 0 -0 -1 0 -0 -1 0 -0 -1 0 -0 -1 0 -0 -1 0 -0 -1 0 -0 -1 0 0 -1 0 0 -1 0 0 -1 0 0 -1 0 0 -1 0 0 -1 0 0 -1 0 0 -1 0 0 -1 0 0 -1 0 0 -1 0 0 -1 0 0 -1 0 0 -1 0 0 -1 0 0 -1 0 -0 -1 0 0 -1 0 -0 -1 0 0 -1 0 -0 -1 0 0 -1 0 -0 -1 0 0 -1 0 -0 -1 0 0 -1 0 -0 -1 0 0 -1 0 -0 -1 0 0 -1 0 0 -1 0 -0 -1 0 0 -1 0 0 -1 0 -0 -1 0 0 -1 0 -0 -1 0 0 -1 0 -0 -1 0 0 -1 0 -0 -1 0 0 -1 0 -0 -1 0 0 -1 0 -0 -1 0 0 -1 0 -0 -1 0 0 -1 0 -0 -1 0 0 -1 0 -0 -1 0 0 -1 0 -0 -1 0 0 -1 0 -0 -1 0 0 -1 0 -0 -1 0 0 -1 0 -0 -1 0 0 -1 0 -0 -1 0 0 -1 0 -0 -1 0 0 -1 0 -0 -1 0 -0 -1 0 -0 -1 0 -0 -1 0 -0 -1 0 -0 -1 0 -0 -1 0 -0 -1 0 -0 -1 0 0 -1 0 0 -1 0 0 -1 0 0 -1 0 0 -1 0 0 -1 0 0 -1 0 0 -1 0 0 -1 0 0 -1 0 0 -1 0 0 -1 0 0 -1 0 -0 -1 0 -0 -1 0 -0 -1 0 -0 -1 0 -0 -1 0 -0 -1 0 -0 -1 0 -0 -1 0 -0 -1 0 -0 -1 0 -0 -1 0 -0 -1 0 -0 -1 0 0 1 0 0 1 0 0 1 0 0 1 0 0 1 0 0 1 0 0 1 0 0 1 0 0 1 0 0 1 0 0 1 0 0 1 0 0 1 0 0 1 0 0 1 0 0 1 0 0 1 0 0 1 0 0 1 0 0 1 0 0 1 0 0 1 0 0 1 0 0 1 0 0 1 0 0 1 0 0 1 0 0 1 0 0 1 0 0 1 0 0 1 0 0 1 0 0 1 0 0 1 0 0 1 0 0 1 0 0 -1 0 -0 -1 0 -0 -1 0 -0 -1 0 -0 -1 0 -0 -1 0 -0 -1 0 -0 -1 0 -0 -1 0 -0 -1 0 0 -1 0 0 -1 0 0 -1 0 0 -1 0 0 -1 0 0 -1 0 0 -1 0 0 -1 0 0 -1 0 0 -1 0 0 -1 0 0 -1 0 0 -1 0 0 -1 0 0 -1 0 0 -1 0 -0 -1 0 -0 -1 0 -0 -1 0 -0 -1 0 -0 -1 0 -0 -1 0 -0 -1 0 -0 -1 0 -0 -1 0 -0 -1 0 0 -4.953241e-06 -0.9551402 0.296154 0 -0.9551393 0.2961568 4.439669e-05 -0.9551715 0.296053 0.0002654408 -0.9553136 0.295594 -0.0003363247 -0.9549204 0.2968619 0.00033433 -0.9553652 0.2954271 -0.0003147561 -0.9549279 0.2968377 0.0002451565 -0.9553113 0.2956013 7.024765e-05 -0.9551898 0.295994 -0.000367121 -0.9548799 0.2969921 0.0003129591 -0.9553695 0.2954134 -0.0001156759 -0.9550559 0.2964257 0.0001035789 -0.9552193 0.2958989 8.411864e-05 -0.9552045 0.2959465 -0.0001224493 -0.9550452 0.2964603 -5.471168e-05 -0.955099 0.2962868 -0.0001137843 -0.955052 0.2964384 5.688926e-05 -0.9551799 0.2960258 -1.57445e-05 -0.9551299 0.2961872 -7.794969e-05 -0.9550899 0.2963164 9.773798e-05 -0.9551947 0.2959782 -3.90347e-05 -0.9551187 0.2962235 -3.563606e-05 -0.9551204 0.2962179 3.392641e-06 -0.9551396 0.2961563 8.60897e-05 -0.9551778 0.2960329 0.0001605832 -0.9552574 0.2957759 -4.938262e-05 -0.9551187 0.2962237 1.281615e-05 -0.9551442 0.296141 4.389862e-06 -0.9551427 0.2961458 -6.687742e-05 -0.9551163 0.2962312 -3.660011e-05 -0.9551269 0.2961968 0.000107399 -0.9551745 0.2960434 -9.25099e-05 -0.9551122 0.2962445 -0.000381606 -0.9549916 0.2966327 1.58941e-05 -0.955144 0.2961414 -3.467446e-05 -0.9551298 0.2961871 0.0001084849 -0.9551679 0.2960647 -6.138659e-05 -0.9551252 0.2962022 0.0002069181 -0.955187 0.296003 1.245629e-05 -0.9551428 0.2961456 -8.534679e-06 -0.9551376 0.2961626 7.186685e-05 -0.9551548 0.2961071 -8.483724e-05 -0.9551231 0.2962092 0.0001124905 -0.9551607 0.2960881 -9.435815e-05 -0.9551236 0.2962075 0.000124668 -0.9551605 0.2960888 -1.81676e-05 -0.955138 0.2961613 -9.864366e-05 -0.955126 0.2961994 -5.217686e-05 -0.9551325 0.2961789 0.0006708448 -0.9552189 0.2958993 0.0001371635 -0.9551565 0.2961014 -0.0001826187 -0.9551173 0.2962277 -0.0005551113 -0.9550627 0.2964031 0.0001655286 -0.9551594 0.2960924 0.0008237273 -0.9552459 0.2958119 -0.0009207115 -0.9550188 0.2965438 0.000578716 -0.9552115 0.2959236 -0.0003424748 -0.9550956 0.2962978 0.000806668 -0.9552373 0.2958395 -0.0005409059 -0.9550738 0.2963678 9.992805e-05 -0.9551504 0.2961213 0.0004019841 -0.9551859 0.2960062 -0.0006320117 -0.9550663 0.2963918 0.0001463637 -0.9551547 0.2961071 -0.0005689528 -0.9550738 0.2963675 0 -0.9551387 0.2961587 -0.0001752075 -0.955158 0.2960967 0 -0.9551384 0.2961598 -0 -0.2961564 -0.9551395 -0 -0.2961564 -0.9551395 0 0.2961564 0.9551395 -0 0.2961564 0.9551395 0 -0.9551388 0.2961584 0 -0.9551388 0.2961584 0 -0.9551378 0.2961617 0 -0.9551378 0.2961617 0 -0.2961632 -0.9551373 -7.628124e-07 -0.2961528 -0.9551406 0 -0.2961632 -0.9551374 0 -0.2961564 -0.9551395 4.783356e-05 -0.2961107 -0.9551537 -4.165144e-05 -0.2961919 -0.9551284 -4.103089e-06 -0.2961597 -0.9551384 1.859736e-05 -0.2961414 -0.9551441 -2.281518e-05 -0.2961726 -0.9551344 3.953579e-05 -0.2961288 -0.955148 -3.736467e-05 -0.2961788 -0.9551325 2.367031e-06 -0.2961551 -0.9551399 3.063346e-05 -0.2961396 -0.9551446 -4.294587e-05 -0.2961763 -0.9551333 -9.422504e-06 -0.2961611 -0.955138 4.165427e-05 -0.2961404 -0.9551445 -4.491583e-05 -0.2961718 -0.9551347 -4.31203e-05 -0.2961749 -0.9551336 4.831635e-05 -0.2961417 -0.955144 4.294435e-05 -0.2961403 -0.9551445 -3.79894e-05 -0.2961773 -0.955133 4.133798e-05 -0.2961355 -0.955146 -2.389169e-05 -0.2961674 -0.9551361 1.994528e-05 -0.2961479 -0.9551421 -4.2847e-06 -0.2961575 -0.9551391 1.621255e-05 -0.2961462 -0.9551426 -1.276343e-05 -0.296166 -0.9551365 3.455858e-05 -0.2961291 -0.9551479 -1.00862e-05 -0.296161 -0.9551381 -4.002628e-05 -0.2961812 -0.9551318 2.950508e-05 -0.2961377 -0.9551452 2.286595e-06 -0.296154 -0.9551402 1.43018e-05 -0.2961443 -0.9551432 1.101748e-05 -0.296147 -0.9551424 -1.334786e-05 -0.296166 -0.9551365 -1.173362e-05 -0.2961676 -0.955136 -1.362412e-05 -0.2961694 -0.9551355 7.168757e-06 -0.2961482 -0.955142 6.02494e-07 -0.2961553 -0.9551398 -1.215723e-05 -0.2961708 -0.955135 1.723636e-05 -0.2961381 -0.9551452 -3.960785e-05 -0.2962051 -0.9551244 3.397733e-05 -0.2961119 -0.9551532 -1.253444e-05 -0.2961753 -0.9551336 -1.387602e-05 -0.2961773 -0.9551329 -9.833047e-06 -0.2961716 -0.9551347 -4.698276e-06 -0.2961627 -0.9551375 2.310947e-05 -0.2961192 -0.955151 -6.986114e-06 -0.296171 -0.9551349 2.883095e-05 -0.2961038 -0.9551558 -2.493781e-05 -0.2962144 -0.9551215 9.935979e-06 -0.2961354 -0.955146 1.27579e-05 -0.2961284 -0.9551482 -6.638187e-06 -0.2961723 -0.9551346 -3.120851e-06 -0.2961634 -0.9551373 7.940085e-06 -0.296132 -0.955147 -2.474676e-05 -0.2962138 -0.9551216 2.339179e-05 -0.296106 -0.955155 -2.388937e-05 -0.2962015 -0.9551255 2.676833e-06 -0.2961531 -0.9551405 -3.48618e-06 -0.2961634 -0.9551373 2.498573e-05 -0.2961197 -0.9551508 -2.846635e-05 -0.2961948 -0.9551276 5.873739e-05 -0.2960809 -0.9551629 -6.87609e-05 -0.2962359 -0.9551148 4.209518e-05 -0.2961108 -0.9551536 -1.563963e-05 -0.2961717 -0.9551347 -7.209191e-06 -0.2961631 -0.9551374 2.712671e-07 -0.2961562 -0.9551395 0 -0.2961561 -0.9551395 -1.021304e-06 0.9551378 -0.2961617 0 0.9551335 -0.2961757 0 0.9551395 -0.2961563 0 0.9551395 -0.2961563 0 0.9551387 -0.2961587 0 0.9551387 -0.2961587 0.02462777 0.2960666 0.9548497 0.07373416 0.2953503 0.9525395 0.02462777 0.2960666 0.9548497 0.1223278 0.2939322 0.9479661 0.07373415 0.2953503 0.9525395 0.1707789 0.2918057 0.9411079 0.1223278 0.2939322 0.9479661 0.219344 0.2889456 0.9318791 0.1706348 0.2918144 0.9411313 0.2665633 0.2854407 0.92058 0.2194853 0.2889349 0.9318491 0.3136967 0.2812074 0.9069272 0.2665634 0.2854407 0.92058 0.3597499 0.2763284 0.8911917 0.3136967 0.2812074 0.9069272 0.3600705 0.2762885 0.8910745 0.4053745 0.2707284 0.8731424 0.4050666 0.270772 0.8732717 0.4496132 0.2645338 0.8531529 0.4927122 0.2577142 0.8311546 0.4494947 0.2645527 0.8532094 0.5352291 0.2501654 0.8068129 0.4928247 0.2576942 0.8310942 0.5757418 0.2421468 0.7809522 0.5352291 0.2501654 0.8068129 0.6153156 0.2334544 0.7529181 0.5757418 0.2421468 0.7809522 0.6530818 0.2242755 0.723315 0.6153156 0.2334544 0.7529181 0.689481 0.2145072 0.6918111 0.6530818 0.2242755 0.7233151 0.7243191 0.2041894 0.6585351 0.689481 0.2145072 0.6918111 0.7571719 0.193454 0.623912 0.7243192 0.2041894 0.6585351 0.7883703 0.1821957 0.5876027 0.757172 0.193454 0.623912 0.8176177 0.1705154 0.5499325 0.7883703 0.1821957 0.5876027 0.844837 0.1584508 0.5110224 0.8176177 0.1705154 0.5499325 0.8700858 0.1459756 0.4707886 0.844837 0.1584508 0.5110224 0.8932557 0.1331368 0.4293819 0.8700858 0.1459756 0.4707886 0.9141548 0.1200521 0.3871802 0.8932257 0.1331551 0.4294386 0.933022 0.1065616 0.3436781 0.9142397 0.1199934 0.3869979 0.9329743 0.1065994 0.3437958 0.9495299 0.09289727 0.2996047 0.9637547 0.07901157 0.2548217 0.9495299 0.09289727 0.2996047 0.9757119 0.06487536 0.2092307 0.9637547 0.07901157 0.2548217 0.98527 0.0506445 0.1633345 0.9757119 0.06487536 0.2092307 0.992482 0.03624688 0.1168999 0.9852657 0.05065215 0.1633583 0.9924843 0.03624137 0.1168827 0.9972924 0.02177884 0.07023934 0.9972924 0.02177884 0.07023933 0.9996983 0.00727358 0.02345815 0.9996983 0.007273579 0.02345815 -0.02447884 -0.2960651 -0.954854 -0.02462777 -0.2960659 -0.95485 -0.07351442 -0.2953544 -0.9525552 -0.07336787 -0.2953557 -0.9525661 -0.1226906 -0.2939228 -0.9479222 -0.1223278 -0.2939315 -0.9479664 -0.1706354 -0.2918124 -0.9411318 -0.1709923 -0.2917986 -0.9410713 -0.2194851 -0.2889387 -0.931848 -0.2191347 -0.2889575 -0.9319246 -0.266425 -0.2854496 -0.9206173 -0.2669055 -0.2854165 -0.9204885 -0.3138303 -0.2811937 -0.9068851 -0.3136967 -0.281205 -0.9069279 -0.3597499 -0.2763277 -0.8911918 -0.3596209 -0.2763407 -0.89124 -0.4053745 -0.2707293 -0.8731422 -0.4053737 -0.2707294 -0.8731425 -0.4494947 -0.2645492 -0.8532106 -0.4496126 -0.2645333 -0.8531533 -0.4928246 -0.2576936 -0.8310944 -0.4928239 -0.2576937 -0.8310948 -0.535123 -0.2501831 -0.8068779 -0.5352291 -0.2501648 -0.8068131 -0.5758412 -0.2421255 -0.7808855 -0.5757418 -0.2421447 -0.7809529 -0.6153154 -0.2334576 -0.7529174 -0.6150867 -0.2335068 -0.753089 -0.6530815 -0.2242751 -0.7233155 -0.653293 -0.2242245 -0.7231401 -0.6894811 -0.2145067 -0.6918112 -0.6894811 -0.2145067 -0.6918112 -0.724319 -0.204189 -0.6585354 -0.7243191 -0.204189 -0.6585353 -0.7571721 -0.1934535 -0.623912 -0.7571719 -0.1934536 -0.6239122 -0.7883708 -0.1821951 -0.5876023 -0.7883704 -0.1821953 -0.5876028 -0.8176175 -0.1705178 -0.5499321 -0.8174956 -0.1705664 -0.5500982 -0.8448372 -0.1584503 -0.5110222 -0.8449423 -0.1584036 -0.5108628 -0.8700857 -0.1459753 -0.4707889 -0.8700857 -0.1459752 -0.4707886 -0.8932257 -0.1331542 -0.4294391 -0.8932257 -0.1331541 -0.4294389 -0.9141793 -0.1200349 -0.3871278 -0.9141792 -0.1200349 -0.3871279 -0.933022 -0.1065643 -0.3436774 -0.9329743 -0.1065992 -0.3437959 -0.9495153 -0.0929096 -0.2996473 -0.9495662 -0.09286603 -0.2994996 -0.9637651 -0.07900015 -0.2547855 -0.9637547 -0.07901089 -0.2548219 -0.9757119 -0.0648762 -0.2092304 -0.9756942 -0.06489854 -0.209306 -0.9852656 -0.0506518 -0.1633585 -0.9852764 -0.05063421 -0.1632989 -0.9924843 -0.03624128 -0.1168827 -0.9924842 -0.03624129 -0.1168827 -0.9972923 -0.02177878 -0.07023932 -0.9972923 -0.02177879 -0.07023934 -0.9996983 -0.007273566 -0.02345817 -0.9996983 -0.007273562 -0.02345816 0.9996987 -0.02344453 0.007269409 0.9972911 -0.07025592 0.02178417 0.9996987 -0.02344474 0.007269482 0.9924794 -0.1169205 0.03625337 0.9972911 -0.07025527 0.02178394 0.9852727 -0.1633196 0.05064032 0.9924792 -0.1169216 0.03625374 0.9757103 -0.2092377 0.06487629 0.9852796 -0.1632818 0.05062719 0.9637722 -0.254761 0.07899343 0.9756989 -0.2092856 0.06489295 0.9495384 -0.2995803 0.0928904 0.9637729 -0.2547587 0.07899266 0.9329852 -0.3437685 0.1065919 0.9495375 -0.2995829 0.09289131 0.9329852 -0.3437685 0.1065919 0.9142133 -0.387054 0.1200134 0.9142133 -0.387054 0.1200134 0.8932052 -0.4294774 0.1331675 0.8932071 -0.4294739 0.1331663 0.8701131 -0.4707422 0.1459623 0.8701109 -0.4707459 0.1459636 0.8448114 -0.5110605 0.1584639 0.8448821 -0.5109553 0.1584268 0.8175915 -0.549969 0.1705234 0.8175097 -0.5500786 0.1705622 0.7883804 -0.5875899 0.1821933 0.7883804 -0.5875899 0.1821933 0.7572066 -0.6238732 0.1934436 0.7572066 -0.6238732 0.1934436 0.7241989 -0.6586552 0.2042284 0.7241989 -0.6586552 0.2042284 0.6895244 -0.6917711 0.2144966 0.6896491 -0.6916595 0.2144561 0.6532397 -0.7231861 0.2242313 0.6531035 -0.7232966 0.2242717 0.6152656 -0.7529548 0.2334678 0.6152657 -0.7529548 0.2334678 0.5757475 -0.7809477 0.2421475 0.5757536 -0.7809436 0.242146 0.535064 -0.8069124 0.2501981 0.5350574 -0.8069162 0.2501995 0.492907 -0.831049 0.2576824 0.492907 -0.831049 0.2576824 0.4494757 -0.8532184 0.2645564 0.4496652 -0.8531293 0.2645215 0.4053752 -0.8731405 0.2707333 0.4051844 -0.8732234 0.2707519 0.3598634 -0.8911493 0.2763173 0.3135352 -0.9069774 0.2812254 0.3598554 -0.8911522 0.2763185 0.3137495 -0.906912 0.2811974 0.2668689 -0.9204986 0.2854179 0.2189982 -0.931953 0.2889695 0.2666482 -0.9205592 0.2854289 0.2189982 -0.931953 0.2889695 0.1710643 -0.9410598 0.2917933 0.1223822 -0.947959 0.2939325 0.1710643 -0.9410598 0.2917933 0.07344317 -0.9525593 0.2953589 0.1223822 -0.947959 0.2939325 0.07367944 -0.9525449 0.2953463 0.02471212 -0.9548471 0.296068 0.02448392 -0.9548547 0.2960625 -0.02448379 0.9548542 -0.296064 -0.02472132 0.9548458 -0.2960712 -0.07367991 0.9525417 -0.2953567 -0.07344317 0.9525612 -0.295353 -0.1223819 0.9479581 -0.2939355 -0.1223822 0.9479581 -0.2939354 -0.170825 0.9411014 -0.2917994 -0.1710643 0.9410589 -0.2917962 -0.219233 0.9319018 -0.2889568 -0.2189982 0.9319549 -0.2889634 -0.2666398 0.9205611 -0.2854306 -0.2668689 0.9204977 -0.2854207 -0.313758 0.9069061 -0.2812064 -0.3135352 0.9069792 -0.2812194 -0.3598554 0.8911514 -0.2763213 -0.3598553 0.8911514 -0.2763213 -0.4053829 0.8731363 -0.2707353 -0.4051845 0.8732229 -0.2707532 -0.4494757 0.85322 -0.2645511 -0.449665 0.8531264 -0.2645308 -0.492907 0.8310482 -0.2576849 -0.4928999 0.8310522 -0.2576858 -0.534894 0.8070166 -0.2502252 -0.5350574 0.8069155 -0.2502018 -0.575906 0.7808405 -0.2421166 -0.5757536 0.7809451 -0.2421414 -0.6152653 0.7529544 -0.2334702 -0.6152599 0.7529585 -0.2334712 -0.653109 0.7232935 -0.2242658 -0.653245 0.7231794 -0.2242378 -0.6895196 0.6917769 -0.2144935 -0.6895244 0.6917724 -0.2144923 -0.7243163 0.6585368 -0.2041939 -0.724199 0.6586565 -0.2042241 -0.7572026 0.623877 -0.1934467 -0.7572066 0.6238726 -0.1934456 -0.7882904 0.5877012 -0.1822236 -0.7883804 0.5875894 -0.1821949 -0.8175916 0.5499685 -0.1705243 -0.8175884 0.549973 -0.1705255 -0.8448794 0.5109575 -0.1584335 -0.8448141 0.5110575 -0.1584595 -0.8700554 0.4708404 -0.1459897 -0.8701109 0.4707455 -0.1459649 -0.8932533 0.4293858 -0.1331404 -0.8932071 0.4294747 -0.1331638 -0.9142132 0.3870537 -0.1200144 -0.9142132 0.3870537 -0.1200144 -0.9329863 0.3437654 -0.1065921 -0.9329852 0.3437682 -0.1065928 -0.9495374 0.2995827 -0.09289226 -0.9495375 0.2995826 -0.09289225 -0.9637722 0.2547608 -0.07899413 -0.963773 0.2547585 -0.07899352 -0.9756989 0.2092859 -0.06489162 -0.9757099 0.2092388 -0.06487907 -0.9852796 0.1632812 -0.05062889 -0.985273 0.1633184 -0.05063884 -0.9924759 0.1169483 -0.03626123 -0.9924792 0.1169215 -0.03625406 -0.9972924 0.07023856 -0.02177902 -0.9972911 0.07025541 -0.02178353 -0.9996988 0.02344471 -0.007269552 -0.9996988 0.02344472 -0.007269555 0.9996988 -0.02344472 0.007269555 0.9972911 -0.0702552 0.02178418 0.9996988 -0.02344472 0.007269555 0.9924793 -0.1169207 0.03625267 0.9972925 -0.07023876 0.02177837 0.9852726 -0.1633194 0.05064082 0.9924758 -0.116948 0.03626231 0.9757104 -0.2092375 0.06487661 0.9852796 -0.1632817 0.05062745 0.9637722 -0.2547607 0.07899422 0.9756989 -0.2092854 0.0648936 0.9495374 -0.2995835 0.09288945 0.9637891 -0.2547032 0.07897376 0.9329852 -0.3437682 0.1065928 0.9495149 -0.2996476 0.09291228 0.9329852 -0.3437682 0.1065928 0.9142148 -0.3870504 0.1200134 0.9142133 -0.3870536 0.1200146 0.8932052 -0.4294769 0.1331689 0.8932533 -0.4293871 0.1331366 0.8701109 -0.4707468 0.1459607 0.8700554 -0.470839 0.1459939 0.844814 -0.5110561 0.1584641 0.8448794 -0.510959 0.1584289 0.8175884 -0.5499729 0.1705257 0.8175914 -0.5499688 0.1705242 0.7883839 -0.5875868 0.1821881 0.7882905 -0.5876994 0.1822292 0.7572026 -0.6238769 0.1934469 0.7572026 -0.6238769 0.1934469 0.7241989 -0.6586545 0.2042305 0.7243162 -0.6585389 0.2041876 0.6895245 -0.6917725 0.2144921 0.6895196 -0.6917768 0.2144937 0.653245 -0.7231815 0.2242311 0.6531088 -0.7232916 0.2242726 0.6152656 -0.7529541 0.2334701 0.6152657 -0.7529541 0.2334701 0.5757474 -0.780947 0.24215 0.5759063 -0.7808425 0.2421096 0.5350574 -0.8069178 0.2501945 0.492907 -0.8310483 0.2576846 0.5348943 -0.807014 0.2502323 0.4494756 -0.8532175 0.2645591 0.4929 -0.8310519 0.2576861 0.4053829 -0.8731389 0.2707272 0.4496651 -0.8531288 0.2645228 0.4051844 -0.8732204 0.2707614 0.3598554 -0.8911514 0.2763213 0.3135353 -0.9069765 0.2812282 0.3598554 -0.8911514 0.2763213 0.2668689 -0.9205005 0.2854118 0.3137577 -0.906909 0.2811977 0.2189982 -0.9319522 0.2889725 0.2666396 -0.9205582 0.2854395 0.1710643 -0.9410617 0.2917871 0.2192331 -0.9319045 0.2889478 0.1223822 -0.9479581 0.2939355 0.1708248 -0.9410986 0.2918085 0.1223822 -0.9479581 0.2939355 0.07344317 -0.9525612 0.295353 0.07367944 -0.9525418 0.2953567 0.02472132 -0.9548458 0.2960712 0.02448392 -0.9548542 0.296064 -0.0244746 0.9548527 -0.2960697 -0.02448392 0.9548524 -0.2960699 -0.07344324 0.9525617 -0.2953512 -0.07367944 0.9525427 -0.2953535 -0.1223825 0.9479614 -0.2939248 -0.1223822 0.9479614 -0.2939249 -0.1710642 0.9410598 -0.2917933 -0.1708248 0.9411019 -0.291798 -0.2189982 0.9319553 -0.288962 -0.2192332 0.9319026 -0.2889539 -0.2668689 0.9204985 -0.2854179 -0.2666397 0.9205615 -0.2854292 -0.3135355 0.9069796 -0.281218 -0.3137577 0.9069072 -0.2812037 -0.3598554 0.8911545 -0.2763113 -0.36007 0.8910731 -0.276294 -0.4051844 0.8732213 -0.2707587 -0.4051769 0.8732245 -0.2707594 -0.4496652 0.8531274 -0.2645279 -0.4496652 0.8531273 -0.2645279 -0.4929001 0.8310528 -0.2576833 -0.4929069 0.8310491 -0.2576824 -0.5348943 0.8070148 -0.2502301 -0.5348944 0.8070148 -0.2502301 -0.5759065 0.7808408 -0.2421144 -0.5759063 0.7808409 -0.2421144 -0.615118 0.7530667 -0.2334961 -0.6152656 0.7529548 -0.2334678 -0.6532399 0.7231843 -0.2242367 -0.6531088 0.723294 -0.2242648 -0.6895245 0.6917711 -0.2144966 -0.6895196 0.6917755 -0.2144978 -0.7242034 0.6586522 -0.2042219 -0.7243163 0.6585374 -0.2041919 -0.7572027 0.623879 -0.1934401 -0.7572026 0.6238791 -0.1934401 -0.7883803 0.58759 -0.1821934 -0.7882906 0.5877014 -0.1822228 -0.8175914 0.5499678 -0.1705279 -0.8175915 0.5499676 -0.1705278 -0.8448793 0.5109581 -0.1584322 -0.8448794 0.510958 -0.1584321 -0.8700555 0.4708393 -0.1459926 -0.8700554 0.4708394 -0.1459926 -0.8932532 0.4293863 -0.1331393 -0.8932533 0.4293862 -0.1331393 -0.9330159 0.3436932 -0.1065656 -0.9141743 0.3871391 -0.1200364 -0.9142133 0.3870541 -0.1200134 -0.9329852 0.3437685 -0.1065919 -0.9495149 0.2996485 -0.09290911 -0.9495384 0.2995803 -0.09289051 -0.9637891 0.2547027 -0.07897536 -0.9637722 0.2547616 -0.07899145 -0.9756989 0.2092856 -0.06489294 -0.9756989 0.2092856 -0.06489295 -0.9852796 0.1632814 -0.05062847 -0.9852796 0.1632814 -0.05062846 -0.9924758 0.1169483 -0.03626103 -0.9924793 0.1169205 -0.0362534 -0.9972911 0.07025611 -0.02178361 -0.9972912 0.07025544 -0.02178342 -0.9996989 0.02343896 -0.007267692 -0.9996987 0.0234448 -0.007269293 -0.02459879 -0.2960668 -0.9548505 -0.02459848 -0.2960668 -0.9548505 -0.07351547 -0.295355 -0.9525549 -0.07351552 -0.295355 -0.9525549 -0.1224295 -0.2939285 -0.9479542 -0.1224296 -0.2939285 -0.9479541 -0.1709761 -0.2917956 -0.9410752 -0.1709758 -0.2917956 -0.9410752 -0.2191198 -0.2889592 -0.9319276 -0.2191201 -0.2889592 -0.9319276 -0.2666606 -0.2854327 -0.9205543 -0.2666606 -0.2854327 -0.9205543 -0.3137289 -0.2812042 -0.9069169 -0.3137291 -0.2812042 -0.9069169 -0.3598491 -0.276317 -0.8911552 -0.3598491 -0.2763171 -0.8911552 -0.4052819 -0.2707438 -0.8731806 -0.405282 -0.2707437 -0.8731806 -0.4495721 -0.26454 -0.8531727 -0.4495721 -0.2645399 -0.8531726 -0.492907 -0.2576804 -0.8310496 -0.492907 -0.2576804 -0.8310497 -0.5349936 -0.2502095 -0.8069555 -0.5349938 -0.2502095 -0.8069553 -0.5758256 -0.2421294 -0.7808959 -0.5758255 -0.2421294 -0.7808959 -0.6152002 -0.2334811 -0.7530042 -0.6152001 -0.2334811 -0.7530043 -0.6531822 -0.2242498 -0.7232323 -0.6531822 -0.2242499 -0.7232324 -0.6895351 -0.2144919 -0.6917619 -0.6895353 -0.2144919 -0.6917619 -0.7242773 -0.2042025 -0.6585772 -0.7242773 -0.2042025 -0.6585771 -0.757183 -0.1934502 -0.6238998 -0.757183 -0.1934502 -0.6238998 -0.7883537 -0.182202 -0.5876231 -0.7883537 -0.182202 -0.5876231 -0.8175907 -0.1705268 -0.549969 -0.8175908 -0.1705268 -0.549969 -0.8448539 -0.1584428 -0.5109968 -0.8448539 -0.1584428 -0.5109968 -0.870082 -0.1459775 -0.4707949 -0.870082 -0.1459776 -0.4707949 -0.8932288 -0.1331526 -0.429433 -0.8932288 -0.1331526 -0.4294329 -0.9142058 -0.1200175 -0.3870705 -0.9142057 -0.1200175 -0.3870706 -0.932989 -0.1065881 -0.3437593 -0.932989 -0.1065881 -0.3437593 -0.9495313 -0.09289598 -0.2996005 -0.9495314 -0.09289601 -0.2996006 -0.9637805 -0.07898393 -0.2547325 -0.9637805 -0.07898393 -0.2547325 -0.9756973 -0.06489465 -0.2092929 -0.9756973 -0.06489464 -0.2092929 -0.9852804 -0.0506268 -0.1632774 -0.9852804 -0.05062679 -0.1632774 -0.9924781 -0.03625599 -0.1169299 -0.9924781 -0.03625599 -0.1169299 -0.9972911 -0.02178425 -0.07025643 -0.9972909 -0.0217848 -0.07025854 -0.9996988 -0.007268659 -0.02344229 -0.9996989 -0.007268477 -0.02344158 0.02452487 0.2960666 0.9548524 0.07358879 0.2953528 0.95255 0.02452487 0.2960666 0.9548524 0.1224296 0.2939278 0.9479544 0.07358878 0.2953527 0.95255 0.1709044 0.2918031 0.9410859 0.122357 0.293935 0.9479614 0.2191201 0.2889585 0.9319277 0.1709758 0.2917949 0.9410754 0.2667291 0.2854264 0.9205365 0.2191201 0.2889585 0.9319277 0.3136627 0.2812144 0.9069366 0.2666606 0.2854365 0.9205531 0.3599133 0.2763091 0.8911318 0.3137291 0.2812036 0.9069171 0.3599132 0.2763091 0.8911317 0.4051956 0.2707545 0.8732174 0.4052203 0.2707495 0.8732074 0.4496545 0.2645254 0.8531337 0.492907 0.2576838 0.8310485 0.4495721 0.2645434 0.8531716 0.5349938 0.2502128 0.8069543 0.492907 0.2576838 0.8310485 0.5757762 0.2421428 0.780928 0.5349938 0.2502128 0.8069543 0.6152458 0.23347 0.7529703 0.5758255 0.2421288 0.780896 0.6531821 0.2242493 0.7232325 0.6152459 0.23347 0.7529703 0.6895352 0.2144914 0.691762 0.6531821 0.2242493 0.7232325 0.7242423 0.2042129 0.6586124 0.6895353 0.2144914 0.691762 0.7572144 0.193439 0.6238652 0.7242423 0.2042129 0.6586123 0.7883537 0.1822016 0.5876232 0.7572144 0.193439 0.6238651 0.8175664 0.1705366 0.5500022 0.7883537 0.1822016 0.5876232 0.8448539 0.1584424 0.5109969 0.8175664 0.1705367 0.5500023 0.870082 0.1459772 0.470795 0.8448539 0.1584424 0.5109968 0.8932288 0.1331523 0.429433 0.870082 0.1459772 0.470795 0.9142179 0.1200091 0.3870446 0.8932288 0.1331523 0.429433 0.9329891 0.1065879 0.3437593 0.9142179 0.1200091 0.3870447 0.9495241 0.09290228 0.2996216 0.9329891 0.1065879 0.3437594 0.9637806 0.07898375 0.2547326 0.9495241 0.09290229 0.2996216 0.9637806 0.07898375 0.2547326 0.9757008 0.06488982 0.2092779 0.9852782 0.05063035 0.1632893 0.9757008 0.06488983 0.2092779 0.9852782 0.05063035 0.1632893 0.9924782 0.03625591 0.1169299 0.9972913 0.02178315 0.0702534 0.9924782 0.03625591 0.1169299 0.9972909 0.02178508 0.07025845 0.9996987 0.007268962 0.02344332 0.9996988 0.007268539 0.02344156 0 0.2726467 0.9621142 0 0.2726467 0.9621142 0 0.2250593 0.9743451 0 0.2250593 0.9743451 0 0.1770301 0.9842054 0 0.1770301 0.9842054 0 0.1285019 0.9917092 0 0.1285019 0.9917092 0 0.07967974 0.9968206 0 0.07967974 0.9968206 0 0.03068348 0.9995291 0 0.03068348 0.9995291 0 -0.01840484 0.9998306 0 -0.01840484 0.9998306 0 -0.06744146 0.9977233 0 -0.06744146 0.9977233 0 -0.1163182 0.993212 0 -0.1163182 0.993212 0 -0.1648829 0.9863131 0 -0.1648829 0.9863131 0 -0.2131331 0.9770232 0 -0.2131331 0.9770232 0 -0.2607783 0.9653987 0 -0.2607783 0.9653987 0 -0.3078766 0.9514263 0 -0.3078766 0.9514263 0 -0.354092 0.9352106 0 -0.354092 0.9352106 0 -0.3995921 0.9166931 0 -0.3995921 0.9166931 0 -0.4441765 0.8959393 0 -0.4441765 0.8959393 0 -0.4875078 0.8731186 0 -0.4875078 0.8731186 0 -0.5298201 0.84811 0 -0.5298201 0.84811 0 -0.5708385 0.8210623 0 -0.5708385 0.8210623 0 -0.6103746 0.7921129 0 -0.6103746 0.7921129 0 -0.6484638 0.7612455 0 -0.6484638 0.7612455 0 -0.6850902 0.7284582 0 -0.6850902 0.7284582 0 -0.720044 0.6939284 0 -0.720044 0.6939284 0 -0.7531714 0.6578243 0 -0.7531714 0.6578243 0 -0.7844585 0.6201813 0 -0.7844585 0.6201813 0 -0.8140694 0.5807675 0 -0.8140694 0.5807675 0 -0.841548 0.5401824 0 -0.841548 0.5401824 0 -0.8670775 0.4981732 0 -0.8670775 0.4981732 0 -0.8904316 0.4551171 0 -0.8904316 0.4551171 0 -0.9116968 0.4108635 0 -0.9116968 0.4108635 0 -0.9307742 0.3655947 0 -0.9307742 0.3655947 0 -0.9475582 0.3195833 0 -0.9475582 0.3195833 0 0.9475614 -0.3195738 0 0.93077 -0.3656052 0 0.9475614 -0.3195738 0 0.9117021 -0.4108519 0 0.93077 -0.3656052 0 0.8904316 -0.4551171 0 0.9117021 -0.4108519 0 0.8670698 -0.4981866 0 0.8904316 -0.4551171 0 0.841548 -0.5401824 0 0.8670698 -0.4981866 0 0.8140799 -0.5807528 0 0.841548 -0.5401824 0 0.7844586 -0.6201814 0 0.8140799 -0.5807528 0 0.7844586 -0.6201814 0 0.7531714 -0.6578242 0 0.7531714 -0.6578242 0 0.720044 -0.6939284 0 0.720044 -0.6939284 0 0.6850902 -0.7284582 0 0.6850902 -0.7284582 0 0.6484638 -0.7612455 0 0.6484638 -0.7612455 0 0.6103746 -0.7921129 0 0.6103746 -0.7921129 0 0.5708386 -0.8210623 0 0.5708386 -0.8210623 0 0.5298201 -0.84811 0 0.5298201 -0.84811 0 0.4874841 -0.8731319 0 0.4874841 -0.8731319 0 0.4441765 -0.8959393 0 0.4441765 -0.8959393 0 0.3996183 -0.9166817 0 0.3996183 -0.9166817 0 0.3541743 -0.9351795 0 0.3541743 -0.9351795 0 0.3078038 -0.9514499 0 0.3078038 -0.9514499 0 0.2607783 -0.9653987 0 0.2131331 -0.9770232 0 0.2607783 -0.9653987 0 0.1648829 -0.9863132 0 0.2131331 -0.9770232 0 0.1163182 -0.993212 0 0.1648829 -0.9863132 0 0.06744146 -0.9977232 0 0.1163182 -0.993212 0 0.01840484 -0.9998307 0 0.06744146 -0.9977232 0 0.01840484 -0.9998307 0 -0.03068348 -0.9995291 -0 -0.07967974 -0.9968205 0 -0.03068348 -0.9995291 -0 -0.128502 -0.9917093 0 -0.07967974 -0.9968205 -0 -0.1770301 -0.9842054 0 -0.128502 -0.9917093 -0 -0.2250593 -0.9743451 0 -0.1770301 -0.9842054 0 -0.2250593 -0.9743451 0 -0.2726755 -0.9621061 0 -0.2726755 -0.9621061 1 0 0 1 0 0 1 0 0 1 0 0 1 0 0 1 0 0 1 0 0 1 0 0 1 0 0 1 0 0 1 0 0 1 0 0 1 0 0 1 0 0 1 0 0 1 0 0 1 0 0 1 0 0 1 0 0 1 0 0 1 0 0 1 0 0 1 0 0 1 0 0 1 0 0 1 0 0 1 0 0 1 0 0 1 0 0 1 0 0 1 0 0 1 0 0 1 0 0 1 0 0 1 0 0 1 0 0 1 0 0 1 0 0 1 0 0 1 0 0 1 0 0 1 0 0 1 0 0 1 0 0 1 0 0 1 0 0 1 0 0 1 0 0 1 0 0 1 0 0 1 0 0 1 0 0 1 0 0 1 0 0 1 0 0 1 0 0 1 0 0 1 0 0 1 0 0 1 0 0 1 0 0 1 0 0 1 0 0 1 0 0 1 0 0 1 0 0 1 0 0 1 0 0 1 0 0 1 0 0 1 0 0 1 0 0 1 0 0 1 0 0 1 0 0 1 0 0 1 0 0 1 0 0 1 0 0 1 0 0 1 0 0 1 0 0 1 0 0 1 0 0 1 0 0 1 0 0 1 0 0 1 0 0 1 0 0 1 0 0 -1 0 -0 -1 0 -0 -1 0 -0 -1 0 0 -1 0 0 -1 0 -0 -1 0 0 -1 0 -0 -1 0 -0 -1 0 0 -1 0 -0 -1 0 0 -1 0 -0 -1 0 0 -1 0 -0 -1 0 0 -1 0 0 -1 0 0 -1 0 0 -1 0 0 -1 0 0 -1 0 0 -1 0 0 -1 0 0 -1 0 0 -1 0 0 -1 0 0 -1 0 0 -1 0 0 -1 0 0 -1 0 0 -1 0 0 -1 0 0 -1 0 -0 -1 0 -0 -1 0 -0 -1 0 -0 -1 0 -0 -1 0 -0 -1 0 -0 -1 0 -0 -1 0 -0 -1 0 -0 -1 0 -0 -1 0 -0 -1 0 -0 -1 0 0 -1 0 0 -1 0 0 -1 0 0 -1 0 0 -1 0 0 -1 0 0 -1 0 0 -1 0 0 -1 0 0 -1 0 0 -1 0 0 -1 0 0 -1 0 0 -1 0 0 -1 0 0 -1 0 0 -1 0 0 -1 0 0 -1 0 0 -1 0 0 -1 0 0 -1 0 0 -1 0 0 -1 0 0 -1 0 0 -1 0 0 -1 0 0 -1 0 0 -1 0 0 -1 0 0 -1 0 0 -1 0 0 -1 0 0 -1 0 0 -1 0 -0 -1 0 -0 -1 0 -0 -1 0 -0 -1 0 0 0 -0.9622457 0.2721826 0 -0.9622457 0.2721826 0 -0.9745995 0.2239547 0 -0.9745995 0.2239547 0 -0.9845507 0.1750998 0 -0.9845507 0.1750998 0 -0.9920538 0.1258146 0 -0.9920538 0.1258146 0 -0.9970915 0.0762142 0 -0.9970915 0.0762142 0 -0.9996515 0.02639765 -0 -0.9997258 -0.02341746 0 -0.9996515 0.02639765 -0 -0.9973071 -0.07333943 -0 -0.9997258 -0.02341746 -0 -0.992427 -0.1228359 -0 -0.9973071 -0.07333943 -0 -0.9850578 -0.1722238 -0 -0.992427 -0.1228359 -0 -0.9752547 -0.2210845 -0 -0.9850578 -0.1722238 -0 -0.9630256 -0.2694098 -0 -0.9752547 -0.2210845 -0 -0.9483942 -0.3170938 -0 -0.9630256 -0.2694098 -0 -0.9313876 -0.3640291 -0 -0.9483942 -0.3170938 -0 -0.9121225 -0.4099176 -0 -0.9313876 -0.3640291 -0 -0.8905272 -0.4549298 -0 -0.9121225 -0.4099176 -0 -0.8667753 -0.4986988 -0 -0.8905272 -0.4549298 -0 -0.8667753 -0.4986988 -0 -0.8407952 -0.5413532 -0 -0.8407952 -0.5413532 -0 -0.8127903 -0.5825565 -0 -0.8127903 -0.5825565 -0 -0.7827812 -0.622297 -0 -0.7827812 -0.622297 -0 -0.7507473 -0.6605895 -0 -0.7507473 -0.6605895 0 -0.7168841 -0.6971924 -0 -0.6812173 -0.7320814 -0 -0.7168841 -0.6971924 -0 -0.6812173 -0.7320814 -0 -0.6439513 -0.7650664 -0 -0.6439513 -0.7650664 0 -0.6049527 -0.7962614 -0 -0.5645484 -0.8253999 -0 -0.6049527 -0.7962614 -0 -0.5645484 -0.8253999 -0 -0.5226507 -0.8525469 -0 -0.4795409 -0.8775195 -0 -0.5226507 -0.8525469 -0 -0.4795409 -0.8775195 -0 -0.4352197 -0.9003242 -0 -0.3897676 -0.9209133 -0 -0.4352197 -0.9003242 -0 -0.3434124 -0.9391847 -0 -0.3897676 -0.9209133 -0 -0.2961711 -0.9551349 -0 -0.3434124 -0.9391847 -0 -0.2481666 -0.9687173 -0 -0.2961711 -0.9551349 -0 -0.1995742 -0.9798827 -0 -0.2481666 -0.9687173 -0 -0.1995742 -0.9798827 -0 -0.1010238 -0.994884 -0 -0.1505082 -0.9886088 0 -0.1505082 -0.9886088 -0 -0.05130731 -0.9986829 -0 -0.1010238 -0.994884 -0 -0.05130731 -0.9986829 0 0.04839007 -0.9988285 -0 -0.001476848 -0.9999989 0 -0.001476848 -0.9999989 0 0.09810452 -0.9951761 0 0.04839007 -0.9988285 0 0.09810452 -0.9951761 0 0.1967097 -0.9804617 0 0.1475935 -0.9890481 0 0.1475935 -0.9890481 0 0.2453524 -0.969434 0 0.1967097 -0.9804617 0 0.2933257 -0.9560126 0 0.2453524 -0.969434 0 0.2933257 -0.9560126 0 0.3406382 -0.9401944 0 0.3870931 -0.9220406 0 0.3406382 -0.9401944 0 0.3870931 -0.9220406 0 0.432571 -0.9015998 0 0.432571 -0.9015998 0 0.4769791 -0.8789146 0 0.4769791 -0.8789146 0 0.5201664 -0.8540649 0 0.5621026 -0.8270675 0 0.5201664 -0.8540649 0 0.602645 -0.7980094 0 0.5621026 -0.8270675 0 0.602645 -0.7980094 0 0.6791108 -0.7340358 0 0.6416359 -0.7670094 0 0.6416359 -0.7670094 0 0.6791108 -0.7340358 0 0.7487936 -0.6628032 0 0.7148677 -0.6992597 0 0.7148677 -0.6992597 0 0.7487936 -0.6628032 0 0.8110404 -0.5849901 0 0.7809312 -0.6246172 0 0.7809312 -0.6246172 0 0.8392619 -0.5437273 0 0.8110404 -0.5849901 0 0.8392619 -0.5437273 0 0.8891672 -0.4575825 0 0.8653033 -0.5012487 0 0.8653033 -0.5012487 0 0.8891672 -0.4575825 0 0.9109202 -0.4125825 0 0.9109202 -0.4125825 0 0.9303405 -0.3666969 0 0.9303405 -0.3666969 0 0.9474629 -0.3198658 0 0.9474629 -0.3198658 0 0.9474521 -0.3198977 0 0.9303455 -0.3666842 0 0.9474521 -0.3198977 0 0.9108886 -0.4126523 0 0.9303455 -0.3666842 0 0.8892475 -0.4574264 0 0.9108886 -0.4126523 0 0.8652606 -0.5013224 0 0.8892475 -0.4574264 0 0.8392347 -0.5437693 0 0.8652606 -0.5013224 0 0.811053 -0.5849728 0 0.8392347 -0.5437693 0 0.7809551 -0.6245872 0 0.811053 -0.5849728 0 0.7488109 -0.6627837 0 0.7809551 -0.6245872 0 0.7147997 -0.6993293 0 0.7488109 -0.6627837 0 0.6790988 -0.7340469 0 0.7147997 -0.6993293 0 0.6416749 -0.7669768 0 0.6790988 -0.7340469 0 0.6026517 -0.7980043 0 0.6416749 -0.7669768 0 0.5621049 -0.827066 0 0.6026517 -0.7980043 0 0.5201951 -0.8540475 0 0.5621049 -0.827066 0 0.4769797 -0.8789144 0 0.5201951 -0.8540475 0 0.4325603 -0.901605 0 0.4769797 -0.8789144 0 0.4325603 -0.901605 0 0.387096 -0.9220394 0 0.387096 -0.9220394 0 0.3406235 -0.9401997 0 0.3406235 -0.9401997 0 0.2933379 -0.9560088 0 0.2453347 -0.9694384 0 0.2933379 -0.9560088 0 0.1967243 -0.9804589 0 0.2453347 -0.9694384 0 0.1475856 -0.9890494 0 0.1967243 -0.9804589 0 0.09811324 -0.9951753 0 0.1475856 -0.9890494 0 0.09811324 -0.9951753 -0 -0.001479188 -0.9999989 0 0.04838417 -0.9988289 0 0.04838417 -0.9988289 -0 -0.05130779 -0.9986829 0 -0.001479188 -0.9999989 0 -0.05130779 -0.9986829 -0 -0.1010185 -0.9948845 0 -0.1010185 -0.9948845 0 -0.1505085 -0.9886088 -0 -0.199564 -0.9798847 0 -0.1505085 -0.9886088 0 -0.199564 -0.9798847 -0 -0.2481962 -0.9687098 0 -0.2481962 -0.9687098 -0 -0.2961292 -0.955148 0 -0.2961292 -0.955148 -0 -0.3434202 -0.9391819 0 -0.3434202 -0.9391819 0 -0.3897665 -0.9209138 -0 -0.4352449 -0.9003121 0 -0.3897665 -0.9209138 0 -0.4352449 -0.9003121 -0 -0.4795309 -0.8775249 0 -0.4795309 -0.8775249 -0 -0.5226928 -0.8525211 0 -0.5226928 -0.8525211 -0 -0.5645126 -0.8254244 0 -0.5645126 -0.8254244 -0 -0.6049936 -0.7962304 -0 -0.6439295 -0.7650849 0 -0.6049936 -0.7962304 -0 -0.6811993 -0.732098 0 -0.6439295 -0.7650849 -0 -0.7168903 -0.6971859 0 -0.6811993 -0.732098 0 -0.7168903 -0.6971859 0 -0.7507392 -0.6605988 -0 -0.7827893 -0.6222869 0 -0.7507392 -0.6605988 -0 -0.8128043 -0.5825369 0 -0.7827893 -0.6222869 0 -0.8128043 -0.5825369 -0 -0.840816 -0.5413212 0 -0.840816 -0.5413212 0 -0.8667494 -0.4987439 0 -0.8667494 -0.4987439 0 -0.8905173 -0.4549493 0 -0.8905173 -0.4549493 0 -0.9121125 -0.4099397 0 -0.9121125 -0.4099397 0 -0.9314135 -0.3639628 -0 -0.9484092 -0.3170488 0 -0.9314135 -0.3639628 0 -0.9484092 -0.3170488 -0 -0.9630184 -0.2694357 0 -0.9630184 -0.2694357 -0 -0.9752395 -0.2211515 0 -0.9752395 -0.2211515 0 -0.9850637 -0.1721906 -0 -0.9924291 -0.1228189 0 -0.9850637 -0.1721906 0 -0.9924291 -0.1228189 -0 -0.9973092 -0.07330931 0 -0.9973092 -0.07330931 -0 -0.9997231 -0.0235297 0 -0.9997231 -0.0235297 0 -0.9996518 0.02638626 0 -0.9970849 0.07630127 0 -0.9996518 0.02638626 0 -0.9970849 0.07630127 0 -0.9845598 0.175048 0 -0.9920545 0.1258089 0 -0.9920545 0.1258089 0 -0.9845598 0.175048 0 -0.9746174 0.2238772 0 -0.962215 0.2722907 0 -0.9746174 0.2238772 0 -0.962215 0.2722907 1 0 0 1 0 0 1 0 0 1 0 0 1 0 0 1 0 0 1 0 0 1 0 0 1 0 0 1 0 0 1 0 0 1 0 0 1 0 0 1 0 0 1 0 0 1 0 0 1 0 0 1 0 0 1 0 0 1 0 0 1 0 0 1 0 0 1 0 0 1 0 0 1 0 0 1 0 0 1 0 0 1 0 0 1 0 0 1 0 0 1 0 0 1 0 0 1 0 0 1 0 0 1 0 0 1 0 0 1 0 0 1 0 0 1 0 0 1 0 0 1 0 0 1 0 0 1 0 0 1 0 0 1 0 0 1 0 0 1 0 0 1 0 0 1 0 0 1 0 0 1 0 0 1 0 0 1 0 0 1 0 0 1 0 0 1 0 0 1 0 0 1 0 0 1 0 0 1 0 0 1 0 0 1 0 0 1 0 0 1 0 0 1 0 0 1 0 0 1 0 0 1 0 0 1 0 0 1 0 0 1 0 0 1 0 0 1 0 0 1 0 0 1 0 0 1 0 0 1 0 0 1 0 0 1 0 0 1 0 0 1 0 0 1 0 0 1 0 0 1 0 0 1 0 0 1 0 0 1 0 0 1 0 0 1 0 0 1 0 0 1 0 0 1 0 0 1 0 0 1 0 0 1 0 0 1 0 0 1 0 0 1 0 0 1 0 0 1 0 0 1 0 0 1 0 0 1 0 0 1 0 0 1 0 0 1 0 0 1 0 0 1 0 0 1 0 0 1 0 0 1 0 0 1 0 0 1 0 0 1 0 0 1 0 0 1 0 0 1 0 0 1 0 0 1 0 0 1 0 0 1 0 0 1 0 0 1 0 0 1 0 0 1 0 0 1 0 0 1 0 0 1 0 0 1 0 0 1 0 0 1 0 0 1 0 0 1 0 0 1 0 0 1 0 0 1 0 0 1 0 0 1 0 0 1 0 0 1 0 0 1 0 0 1 0 0 1 0 0 1 0 0 1 0 0 1 0 0 1 0 0 1 0 0 1 0 0 1 0 0 1 0 0 1 0 0 1 0 0 1 0 0 1 0 0 1 0 0 1 0 0 1 0 0 1 0 0 1 0 0 1 0 0 1 0 0 1 0 0 1 0 0 1 0 0 1 0 0 1 0 0 1 0 0 1 0 0 1 0 0 1 0 0 1 0 0 1 0 0 1 0 0 1 0 0 1 0 0 1 0 0 1 0 0 1 0 0 1 0 0 1 0 0 1 0 0 1 0 0 1 0 0 1 0 0 1 0 0 1 0 0 1 0 0 1 0 0 1 0 0 1 0 0 1 0 0 1 0 0 1 0 0 1 0 0 1 0 0 1 0 0 1 0 0 1 0 0 1 0 0 1 0 0 1 0 0 1 0 0 1 0 0 1 0 0 1 0 0 1 0 0 1 0 0 1 0 0 1 0 0 1 0 0 1 0 0 1 0 0 1 0 0 1 0 0 1 0 0 1 0 0 1 0 0 1 0 0 1 0 0 1 0 0 1 0 0 1 0 0 1 0 0 1 0 0 1 0 0 1 0 0 1 0 0 1 0 0 1 0 0 1 0 0 1 0 0 1 0 0 1 0 0 1 0 0 1 0 0 1 0 0 1 0 0 1 0 0 1 0 0 1 0 0 1 0 0 1 0 0 1 0 0 1 0 0 1 0 0 1 0 0 1 0 0 1 0 0 1 0 0 1 0 0 1 0 0 1 0 0 1 0 0 1 0 0 1 0 0 1 0 0 1 0 0 1 0 0 1 0 0 1 0 0 1 0 0 1 0 0 1 0 0 1 0 0 1 0 0 1 0 0 1 0 0 1 0 0 1 0 0 1 0 0 1 0 0 1 0 0 1 0 0 1 0 0 1 0 0 1 0 0 1 0 0 1 0 0 1 0 0 1 0 0 1 0 0 1 0 0 1 0 0 1 0 0 1 0 0 1 0 0 1 0 0 1 0 0 1 0 0 1 0 0 1 0 0 1 0 0 1 0 0 1 0 0 1 0 0 1 0 0 1 0 0 1 0 0 1 0 0 1 0 0 1 0 0 1 0 0 1 0 0 1 0 0 1 0 0 1 0 0 1 0 0 1 0 0 1 0 0 1 0 0 1 0 0 1 0 0 1 0 0 1 0 0 1 0 0 1 0 0 1 0 0 1 0 0 1 0 0 1 0 0 1 0 0 1 0 0 1 0 0 1 0 0 1 0 0 1 0 0 1 0 0 1 0 0 1 0 0 1 0 0 1 0 0 1 0 0 1 0 0 1 0 0 1 0 0 1 0 0 1 0 0 1 0 0 1 0 0 1 0 0 1 0 0 1 0 0 1 0 0 1 0 0 1 0 0 1 0 0 1 0 0 1 0 0 1 0 0 1 0 0 1 0 0 1 0 0 1 0 0 1 0 0 1 0 0 1 0 0 1 0 0 1 0 0 1 0 0 1 0 0 1 0 0 1 0 0 1 0 0 1 0 0 1 0 0 1 0 0 1 0 0 1 0 0 1 0 0 1 0 0 1 0 0 1 0 0 1 0 0 1 0 0 1 0 0 1 0 0 1 0 0 1 0 0 1 0 0 1 0 0 1 0 0 0 0.9474827 -0.3198071 0 0.9474827 -0.3198071 0 0.9303336 -0.3667143 0 0.9109018 -0.4126234 0 0.9303336 -0.3667143 0 0.9109018 -0.4126234 0 0.8892067 -0.4575058 0 0.8652458 -0.5013478 0 0.8892067 -0.4575058 0 0.8652458 -0.5013478 0 0.8392664 -0.5437204 0 0.8110402 -0.5849906 0 0.8392664 -0.5437204 0 0.8110402 -0.5849906 0 0.7809621 -0.6245784 0 0.7809621 -0.6245784 0 0.7488006 -0.6627953 0 0.7488006 -0.6627953 0 0.6790866 -0.7340581 0 0.7148501 -0.6992777 0 0.7148501 -0.6992777 0 0.6416695 -0.7669813 0 0.6790866 -0.7340581 0 0.6416695 -0.7669813 0 0.5621265 -0.8270513 0 0.6025979 -0.798045 0 0.6025979 -0.798045 0 0.5621265 -0.8270513 0 0.5201755 -0.8540594 0 0.5201755 -0.8540594 0 0.4769649 -0.8789223 0 0.4769649 -0.8789223 0 0.4325543 -0.9016078 0 0.4325543 -0.9016078 0 0.3870948 -0.9220399 0 0.3406627 -0.9401856 0 0.3870948 -0.9220399 0 0.3406627 -0.9401856 0 0.2933343 -0.9560099 0 0.2933343 -0.9560099 0 0.2453248 -0.969441 0 0.2453248 -0.969441 0 0.196723 -0.9804591 0 0.196723 -0.9804591 0 0.147586 -0.9890492 0 0.147586 -0.9890492 0 0.09811162 -0.9951754 0 0.09811162 -0.9951754 0 0.04837004 -0.9988295 0 0.04837004 -0.9988295 0 -0.001466461 -0.9999989 0 -0.001466461 -0.9999989 0 -0.0513081 -0.9986829 0 -0.0513081 -0.9986829 0 -0.1010121 -0.9948851 0 -0.1010121 -0.9948851 0 -0.1504975 -0.9886104 0 -0.1504975 -0.9886104 0 -0.1995784 -0.9798819 0 -0.1995784 -0.9798819 0 -0.2481871 -0.9687122 0 -0.2481871 -0.9687122 0 -0.2961831 -0.9551312 0 -0.2961831 -0.9551312 0 -0.3433844 -0.939195 0 -0.3433844 -0.939195 0 -0.3897929 -0.9209026 0 -0.3897929 -0.9209026 0 -0.4795332 -0.8775238 0 -0.4352005 -0.9003335 0 -0.4352005 -0.9003335 0 -0.4795332 -0.8775238 0 -0.5226899 -0.8525229 0 -0.5226899 -0.8525229 0 -0.564541 -0.825405 0 -0.564541 -0.825405 0 -0.64393 -0.7650843 0 -0.6049458 -0.7962666 0 -0.6049458 -0.7962666 0 -0.64393 -0.7650843 0 -0.7168723 -0.6972045 0 -0.6812601 -0.7320414 0 -0.6812601 -0.7320414 0 -0.7168723 -0.6972045 0 -0.7507274 -0.6606121 0 -0.7507274 -0.6606121 0 -0.7827933 -0.6222817 0 -0.7827933 -0.6222817 0 -0.8127695 -0.5825853 0 -0.8408396 -0.5412843 0 -0.8127695 -0.5825853 0 -0.8408396 -0.5412843 0 -0.8905723 -0.4548417 0 -0.8667168 -0.4988005 0 -0.8667168 -0.4988005 0 -0.8905723 -0.4548417 0 -0.9313869 -0.364031 0 -0.9121078 -0.4099504 0 -0.9121078 -0.4099504 0 -0.9313869 -0.364031 0 -0.9630203 -0.2694289 0 -0.948388 -0.3171122 0 -0.948388 -0.3171122 0 -0.9630203 -0.2694289 0 -0.9850724 -0.1721402 0 -0.9752504 -0.2211037 0 -0.9752504 -0.2211037 0 -0.9850724 -0.1721402 0 -0.9924168 -0.1229185 0 -0.9924168 -0.1229185 0 -0.9997247 -0.02346181 0 -0.9973179 -0.07319179 0 -0.9973179 -0.07319179 0 -0.9997247 -0.02346181 0 -0.9970984 0.07612363 0 -0.9996516 0.0263947 0 -0.9996516 0.0263947 0 -0.9920492 0.125851 0 -0.9970984 0.07612363 0 -0.9920492 0.125851 0 -0.9845557 0.1750718 0 -0.9845557 0.1750718 0 -0.9746094 0.2239118 0 -0.9746094 0.2239118 0 -0.9622305 0.2722362 0 -0.9622305 0.2722362 1 0 0 1 0 0 1 0 0 1 0 0 1 0 0 1 0 0 1 0 0 1 0 0 1 0 0 1 0 0 1 0 0 1 0 0 1 0 0 1 0 0 1 0 0 1 0 0 1 0 0 1 0 0 1 0 0 1 0 0 1 0 0 1 0 0 1 0 0 1 0 0 1 0 0 1 0 0 1 0 0 1 0 0 1 0 0 1 0 0 1 0 0 1 0 0 1 0 0 1 0 0 1 0 0 1 0 0 1 0 0 1 0 0 1 0 0 1 0 0 1 0 0 1 0 0 1 0 0 1 0 0 1 0 0 1 0 0 1 0 0 1 0 0 1 0 0 1 0 0 1 0 0 1 0 0 1 0 0 1 0 0 1 0 0 1 0 0 1 0 0 1 0 0 1 0 0 1 0 0 1 0 0 1 0 0 1 0 0 1 0 0 1 0 0 1 0 0 1 0 0 1 0 0 1 0 0 1 0 0 1 0 0 1 0 0 1 0 0 1 0 0 1 0 0 1 0 0 1 0 0 1 0 0 1 0 0 1 0 0 1 0 0 1 0 0 1 0 0 1 0 0 1 0 0 1 0 0 1 0 0 1 0 0 1 0 0 1 0 0 1 0 0 1 0 0 1 0 0 1 0 0 1 0 0 1 0 0 1 0 0 1 0 0 1 0 0 1 0 0 1 0 0 1 0 0 1 0 0 1 0 0 1 0 0 1 0 0 1 0 0 1 0 0 1 0 0 1 0 0 1 0 0 1 0 0 1 0 0 1 0 0 1 0 0 1 0 0 1 0 0 1 0 0 1 0 0 1 0 0 1 0 0 1 0 0 1 0 0 1 0 0 1 0 0 1 0 0 1 0 0 1 0 0 1 0 0 1 0 0 1 0 0 1 0 0 1 0 0 1 0 0 1 0 0 1 0 0 1 0 0 1 0 0 1 0 0 1 0 0 1 0 0 1 0 0 1 0 0 1 0 0 1 0 0 1 0 0 1 0 0 1 0 0 1 0 0 1 0 0 1 0 0 1 0 0 1 0 0 1 0 0 1 0 0 1 0 0 1 0 0 1 0 0 1 0 0 1 0 0 1 0 0 1 0 0 1 0 0 1 0 0 1 0 0 1 0 0 1 0 0 1 0 0 1 0 0 1 0 0 1 0 0 1 0 0 1 0 0 1 0 0 1 0 0 1 0 0 1 0 0 1 0 0 1 0 0 1 0 0 1 0 0 1 0 0 1 0 0 1 0 0 1 0 0 1 0 0 1 0 0 1 0 0 1 0 0 1 0 0 1 0 0 1 0 0 1 0 0 1 0 0 1 0 0 1 0 0 1 0 0 1 0 0 1 0 0 1 0 0 1 0 0 1 0 0 1 0 0 1 0 0 1 0 0 1 0 0 1 0 0 1 0 0 1 0 0 1 0 0 1 0 0 1 0 0 1 0 0 1 0 0 1 0 0 1 0 0 1 0 0 1 0 0 1 0 0 1 0 0 1 0 0 1 0 0 1 0 0 1 0 0 1 0 0 1 0 0 1 0 0 1 0 0 1 0 0 1 0 0 1 0 0 1 0 0 1 0 0 1 0 0 1 0 0 1 0 0 1 0 0 1 0 0 1 0 0 1 0 0 1 0 0 1 0 0 1 0 0 1 0 0 1 0 0 1 0 0 1 0 0 1 0 0 1 0 0 1 0 0 1 0 0 1 0 0 0 -0.9551395 0.2961563 0 -0.9551395 0.2961563 -0 0.2961632 0.9551373 0 0.2961632 0.9551373 0 0.9428065 -0.3333406 0 0.9428065 -0.3333406 0 0.9135807 -0.4066576 0 0.9135807 -0.4066576 0 0.8791997 -0.4764535 0 0.8791997 -0.4764535 0 0.838685 -0.5446168 0 0.838685 -0.5446168 0 0.793744 -0.608252 0 0.7432787 -0.6689819 0 0.793744 -0.608252 0 0.7432787 -0.6689819 0 0.6886023 -0.7251391 0 0.6886023 -0.7251391 0 0.630124 -0.7764944 0 0.630124 -0.7764944 0 0.5663705 -0.8241507 0 0.5663705 -0.8241507 0 0.5003864 -0.8658022 0 0.4307296 -0.902481 0 0.5003864 -0.8658022 0 0.4307296 -0.902481 0 0.3588853 -0.9333817 0 0.2844376 -0.9586946 0 0.3588853 -0.9333817 0 0.2844376 -0.9586946 0 0.2084242 -0.9780385 0 0.1307598 -0.9914141 0 0.2084242 -0.9780385 0 0.1307598 -0.9914141 0 0.05276306 -0.998607 0 0.05276306 -0.998607 0 -0.02579987 -0.9996671 0 -0.02579987 -0.9996671 0 -0.1039648 -0.9945809 -0 -0.181811 -0.9833335 0 -0.1039648 -0.9945809 0 -0.181811 -0.9833335 0 -0.2586116 -0.9659814 -0 -0.3334787 -0.9427576 0 -0.2586116 -0.9659814 -0 -0.406225 -0.9137731 0 -0.3334787 -0.9427576 0 -0.406225 -0.9137731 0 -0.4766836 -0.8790749 0 -0.4766836 -0.8790749 -0 -0.6085229 -0.7935362 0 -0.5445727 -0.8387136 0 -0.5445727 -0.8387136 0 -0.6085229 -0.7935362 0 -0.6686555 -0.7435723 0 -0.6686555 -0.7435723 0 -0.7249063 -0.6888475 0 -0.7249063 -0.6888475 0 -0.7770312 -0.6294621 0 -0.7770312 -0.6294621 0 -0.8237334 -0.5669773 -0 -0.8659759 -0.5000859 0 -0.8237334 -0.5669773 0 -0.8659759 -0.5000859 0 -0.9026362 -0.4304043 0 -0.9026362 -0.4304043 0 -0.9332014 -0.359354 -0 -0.958936 -0.2836224 0 -0.9332014 -0.359354 0 -0.958936 -0.2836224 0 -0.9779319 -0.2089239 -0 -0.9914358 -0.1305953 0 -0.9779319 -0.2089239 0 -0.9914358 -0.1305953 0 -0.9985689 -0.05348088 0 -0.9996589 0.02611862 0 -0.9985689 -0.05348088 0 -0.9996589 0.02611862 0 -0.9945293 0.1044582 0 -0.9945293 0.1044582 0 -0.9833737 0.1815937 0 -0.9833737 0.1815937 0 -0.965966 0.2586688 0 -0.965966 0.2586688</float_array>
          <technique_common>
            <accessor count="3220" source="#cubenormals-array0-array" stride="3">
              <param type="float" name="X"/>
              <param type="float" name="Y"/>
              <param type="float" name="Z"/>
            </accessor>
          </technique_common>
        </source>
        <vertices id="cubeverts-array0-vertices">
          <input semantic="POSITION" source="#cubeverts-array0"/>
        </vertices>
        <triangles count="3220" material="ref_Arducam_support_R_shape">
          <input offset="0" semantic="VERTEX" source="#cubeverts-array0-vertices"/>
          <input offset="1" semantic="NORMAL" source="#cubenormals-array0"/>
          <p>0 0 1 0 2 0 2 1 3 1 4 1 1 2 3 2 2 2 4 3 5 3 6 3 3 4 5 4 4 4 6 5 7 5 8 5 5 6 7 6 6 6 7 7 9 7 8 7 8 8 9 8 10 8 9 9 11 9 10 9 10 10 11 10 12 10 11 11 13 11 12 11 12 12 13 12 14 12 13 13 15 13 14 13 14 14 15 14 16 14 15 15 17 15 16 15 16 16 17 16 18 16 17 17 19 17 18 17 18 18 19 18 20 18 19 19 21 19 20 19 20 20 21 20 22 20 21 21 23 21 22 21 22 22 23 22 24 22 23 23 25 23 24 23 24 24 25 24 26 24 25 25 27 25 26 25 26 26 27 26 28 26 27 27 29 27 28 27 28 28 29 28 30 28 29 29 31 29 30 29 30 30 31 30 32 30 31 31 33 31 32 31 32 32 33 32 34 32 33 33 35 33 34 33 34 34 35 34 36 34 35 35 37 35 36 35 36 36 37 36 38 36 37 37 39 37 38 37 38 38 39 38 40 38 40 39 41 39 42 39 39 40 41 40 40 40 42 41 43 41 44 41 41 42 43 42 42 42 44 43 45 43 46 43 43 44 45 44 44 44 46 45 47 45 48 45 45 46 47 46 46 46 48 47 49 47 50 47 47 48 49 48 48 48 50 49 51 49 52 49 49 50 51 50 50 50 52 51 53 51 54 51 51 52 53 52 52 52 54 53 55 53 56 53 53 54 55 54 54 54 56 55 57 55 58 55 55 56 57 56 56 56 58 57 59 57 60 57 57 58 59 58 58 58 59 59 61 59 60 59 61 60 62 60 60 60 63 61 62 61 64 61 60 62 62 62 63 62 62 63 65 63 64 63 64 64 65 64 66 64 65 65 67 65 66 65 66 66 67 66 68 66 67 67 69 67 68 67 68 68 69 68 70 68 69 69 71 69 70 69 71 70 72 70 70 70 73 71 72 71 74 71 70 72 72 72 73 72 72 73 75 73 74 73 74 74 75 74 76 74 75 75 77 75 76 75 77 76 78 76 76 76 79 77 78 77 80 77 76 78 78 78 79 78 78 79 81 79 80 79 82 80 83 80 84 80 82 81 84 81 85 81 86 82 82 82 85 82 86 83 85 83 87 83 88 84 86 84 87 84 88 85 87 85 89 85 90 86 88 86 89 86 90 87 89 87 91 87 92 88 90 88 91 88 92 89 93 89 94 89 92 90 91 90 93 90 95 91 92 91 94 91 96 92 97 92 98 92 96 93 94 93 97 93 96 94 95 94 94 94 99 95 98 95 100 95 99 96 96 96 98 96 101 97 99 97 100 97 102 98 100 98 103 98 102 99 101 99 100 99 104 100 105 100 106 100 104 101 103 101 105 101 104 102 102 102 103 102 107 103 104 103 106 103 108 104 106 104 109 104 108 105 107 105 106 105 110 106 109 106 111 106 110 107 108 107 109 107 112 108 111 108 113 108 112 109 110 109 111 109 114 110 113 110 115 110 114 111 112 111 113 111 116 112 115 112 117 112 116 113 114 113 115 113 118 114 116 114 117 114 118 115 117 115 119 115 120 116 118 116 119 116 120 117 119 117 121 117 122 118 120 118 121 118 122 119 121 119 123 119 124 120 122 120 123 120 124 121 123 121 125 121 126 122 124 122 125 122 126 123 125 123 127 123 128 124 126 124 127 124 128 125 127 125 129 125 130 126 128 126 129 126 130 127 129 127 131 127 132 128 130 128 131 128 132 129 131 129 133 129 134 130 133 130 135 130 134 131 132 131 133 131 136 132 135 132 137 132 136 133 134 133 135 133 138 134 137 134 139 134 138 135 136 135 137 135 140 136 139 136 141 136 140 137 138 137 139 137 142 138 141 138 143 138 142 139 140 139 141 139 144 140 143 140 145 140 144 141 142 141 143 141 146 142 145 142 147 142 146 143 144 143 145 143 148 144 147 144 149 144 148 145 146 145 147 145 150 146 149 146 151 146 150 147 148 147 149 147 152 148 151 148 153 148 152 149 150 149 151 149 154 150 155 150 156 150 154 151 153 151 155 151 154 152 152 152 153 152 157 153 154 153 156 153 158 154 156 154 159 154 158 155 157 155 156 155 160 156 161 156 162 156 160 157 159 157 161 157 160 158 158 158 159 158 163 159 162 159 164 159 163 160 160 160 162 160 165 161 164 161 166 161 165 162 163 162 164 162 167 163 165 163 166 163 168 164 167 164 166 164 168 165 169 165 170 165 168 166 166 166 169 166 171 167 170 167 172 167 171 168 168 168 170 168 173 169 171 169 172 169 174 170 172 170 175 170 174 171 173 171 172 171 176 172 177 172 178 172 176 173 175 173 177 173 176 174 174 174 175 174 179 175 176 175 178 175 180 176 178 176 181 176 180 177 179 177 178 177 182 178 183 178 184 178 182 179 181 179 183 179 182 180 180 180 181 180 185 181 182 181 184 181 186 182 187 182 188 182 186 183 184 183 187 183 186 184 185 184 184 184 189 185 186 185 188 185 190 186 191 186 192 186 190 187 188 187 191 187 190 188 189 188 188 188 193 189 192 189 194 189 193 190 190 190 192 190 195 191 194 191 196 191 195 192 193 192 194 192 197 193 195 193 196 193 198 194 196 194 199 194 198 195 197 195 196 195 200 196 199 196 201 196 200 197 198 197 199 197 202 198 201 198 203 198 202 199 200 199 201 199 204 200 205 200 206 200 204 201 203 201 205 201 204 202 202 202 203 202 207 203 204 203 206 203 208 204 206 204 209 204 208 205 207 205 206 205 210 206 211 206 212 206 212 207 213 207 214 207 211 208 213 208 212 208 214 209 215 209 216 209 213 210 215 210 214 210 216 211 217 211 218 211 215 212 217 212 216 212 218 213 219 213 220 213 217 214 219 214 218 214 220 215 221 215 222 215 219 216 221 216 220 216 222 217 223 217 224 217 221 218 223 218 222 218 224 219 225 219 226 219 223 220 225 220 224 220 226 221 227 221 228 221 225 222 227 222 226 222 228 223 229 223 230 223 227 224 229 224 228 224 230 225 231 225 232 225 229 226 231 226 230 226 232 227 233 227 234 227 231 228 233 228 232 228 234 229 235 229 236 229 233 230 235 230 234 230 236 231 237 231 238 231 235 232 237 232 236 232 238 233 239 233 240 233 237 234 239 234 238 234 240 235 241 235 242 235 239 236 241 236 240 236 242 237 243 237 244 237 241 238 243 238 242 238 243 239 245 239 244 239 244 240 245 240 246 240 245 241 247 241 246 241 246 242 247 242 248 242 247 243 249 243 248 243 248 244 249 244 250 244 250 245 251 245 252 245 249 246 251 246 250 246 252 247 253 247 254 247 251 248 253 248 252 248 254 249 255 249 256 249 253 250 255 250 254 250 256 251 257 251 258 251 255 252 257 252 256 252 258 253 259 253 260 253 257 254 259 254 258 254 260 255 261 255 262 255 259 256 261 256 260 256 262 257 263 257 264 257 261 258 263 258 262 258 264 259 265 259 266 259 263 260 265 260 264 260 265 261 267 261 266 261 266 262 267 262 268 262 267 263 269 263 268 263 269 264 270 264 268 264 271 265 270 265 272 265 268 266 270 266 271 266 270 267 273 267 272 267 272 268 273 268 274 268 273 269 275 269 274 269 274 270 275 270 276 270 275 271 277 271 276 271 276 272 277 272 278 272 277 273 279 273 278 273 279 274 280 274 278 274 281 275 280 275 282 275 278 276 280 276 281 276 280 277 283 277 282 277 282 278 283 278 284 278 283 279 285 279 284 279 284 280 285 280 286 280 285 281 287 281 286 281 287 282 288 282 286 282 289 283 288 283 290 283 286 284 288 284 289 284 290 285 291 285 292 285 288 286 291 286 290 286 292 287 293 287 294 287 291 288 293 288 292 288 293 289 295 289 294 289 295 290 296 290 294 290 297 291 296 291 298 291 294 292 296 292 297 292 296 293 299 293 298 293 299 294 300 294 298 294 301 295 300 295 302 295 298 296 300 296 301 296 300 297 303 297 302 297 303 298 304 298 302 298 305 299 304 299 306 299 302 300 304 300 305 300 304 301 307 301 306 301 307 302 308 302 306 302 306 303 308 303 309 303 308 304 310 304 309 304 309 305 310 305 311 305 310 306 312 306 311 306 313 307 312 307 314 307 311 308 312 308 313 308 312 309 315 309 314 309 315 310 316 310 314 310 317 311 316 311 318 311 314 312 316 312 317 312 316 313 319 313 318 313 319 314 320 314 318 314 318 315 320 315 321 315 320 316 322 316 321 316 321 317 322 317 323 317 322 318 324 318 323 318 323 319 324 319 325 319 324 320 326 320 325 320 327 321 326 321 328 321 325 322 326 322 327 322 326 323 329 323 328 323 328 324 330 324 331 324 329 325 330 325 328 325 332 326 333 326 334 326 331 327 333 327 332 327 330 328 333 328 331 328 333 329 335 329 334 329 334 330 336 330 337 330 335 331 336 331 334 331 338 332 339 332 340 332 341 333 338 333 340 333 341 334 340 334 342 334 343 335 341 335 342 335 343 336 342 336 344 336 345 337 343 337 344 337 345 338 344 338 346 338 347 339 345 339 346 339 347 340 346 340 348 340 349 341 347 341 348 341 349 342 348 342 350 342 351 343 350 343 352 343 351 344 349 344 350 344 353 345 352 345 354 345 353 346 351 346 352 346 355 347 354 347 356 347 355 348 353 348 354 348 357 349 356 349 358 349 357 350 355 350 356 350 359 351 358 351 360 351 359 352 357 352 358 352 361 353 360 353 362 353 361 354 359 354 360 354 363 355 362 355 364 355 363 356 361 356 362 356 365 357 364 357 366 357 365 358 363 358 364 358 367 359 366 359 368 359 367 360 365 360 366 360 369 361 368 361 370 361 369 362 367 362 368 362 371 363 370 363 372 363 371 364 369 364 370 364 373 365 371 365 372 365 373 366 372 366 374 366 375 367 373 367 374 367 375 368 374 368 376 368 377 369 375 369 376 369 377 370 376 370 378 370 379 371 377 371 378 371 379 372 378 372 380 372 381 373 379 373 380 373 381 374 380 374 382 374 383 375 381 375 382 375 383 376 382 376 384 376 385 377 383 377 384 377 385 378 384 378 386 378 387 379 385 379 386 379 387 380 386 380 388 380 389 381 387 381 388 381 389 382 388 382 390 382 391 383 390 383 392 383 391 384 389 384 390 384 393 385 391 385 392 385 393 386 392 386 394 386 395 387 393 387 394 387 396 388 397 388 398 388 396 389 394 389 397 389 396 390 395 390 394 390 399 391 398 391 400 391 399 392 396 392 398 392 401 393 399 393 400 393 402 394 403 394 404 394 402 395 400 395 403 395 402 396 401 396 400 396 405 397 404 397 406 397 405 398 402 398 404 398 407 399 405 399 406 399 408 400 409 400 410 400 408 401 406 401 409 401 408 402 407 402 406 402 411 403 408 403 410 403 412 404 413 404 414 404 412 405 410 405 413 405 412 406 411 406 410 406 415 407 412 407 414 407 416 408 417 408 418 408 416 409 414 409 417 409 416 410 415 410 414 410 419 411 418 411 420 411 419 412 416 412 418 412 421 413 420 413 422 413 421 414 419 414 420 414 423 415 421 415 422 415 424 416 423 416 422 416 424 417 422 417 425 417 426 418 424 418 425 418 426 419 427 419 428 419 426 420 425 420 427 420 429 421 426 421 428 421 430 422 429 422 428 422 430 423 431 423 432 423 430 424 428 424 431 424 433 425 432 425 434 425 433 426 430 426 432 426 435 427 434 427 436 427 435 428 433 428 434 428 437 429 435 429 436 429 438 430 439 430 440 430 438 431 436 431 439 431 438 432 437 432 436 432 441 433 440 433 442 433 441 434 438 434 440 434 443 435 442 435 444 435 443 436 441 436 442 436 445 437 444 437 446 437 445 438 443 438 444 438 447 439 445 439 446 439 448 440 446 440 449 440 448 441 447 441 446 441 450 442 451 442 452 442 450 443 449 443 451 443 450 444 448 444 449 444 453 445 450 445 452 445 454 446 452 446 455 446 454 447 453 447 452 447 456 448 455 448 457 448 456 449 454 449 455 449 458 450 457 450 459 450 458 451 456 451 457 451 460 452 459 452 461 452 460 453 458 453 459 453 462 454 461 454 463 454 462 455 460 455 461 455 464 456 463 456 465 456 464 457 462 457 463 457 466 458 467 458 468 458 468 459 467 459 469 459 467 460 470 460 469 460 470 461 471 461 469 461 471 462 472 462 469 462 472 463 473 463 469 463 473 464 474 464 469 464 474 465 475 465 469 465 469 466 475 466 476 466 475 467 477 467 476 467 478 468 477 468 479 468 476 469 477 469 478 469 477 470 480 470 479 470 479 471 480 471 481 471 480 472 482 472 481 472 483 473 482 473 484 473 481 474 482 474 483 474 482 475 485 475 484 475 484 476 485 476 486 476 485 477 487 477 486 477 488 478 487 478 489 478 486 479 487 479 488 479 487 480 490 480 489 480 489 481 490 481 491 481 490 482 492 482 491 482 493 483 492 483 494 483 491 484 492 484 493 484 492 485 495 485 494 485 496 486 495 486 497 486 494 487 495 487 496 487 495 488 498 488 497 488 497 489 498 489 499 489 498 490 500 490 499 490 500 491 501 491 499 491 502 492 503 492 500 492 500 493 503 493 501 493 504 494 505 494 502 494 502 495 505 495 503 495 504 496 506 496 505 496 507 497 508 497 504 497 504 498 508 498 506 498 507 499 509 499 508 499 510 500 511 500 507 500 507 501 511 501 509 501 512 502 513 502 510 502 510 503 513 503 511 503 512 504 514 504 513 504 512 505 515 505 514 505 516 506 515 506 512 506 517 507 518 507 516 507 516 508 518 508 515 508 517 509 519 509 518 509 520 510 521 510 517 510 517 511 521 511 519 511 522 512 523 512 520 512 520 513 523 513 521 513 522 514 524 514 523 514 522 515 525 515 524 515 526 516 525 516 522 516 526 517 527 517 525 517 528 518 527 518 526 518 529 519 527 519 528 519 530 520 527 520 529 520 531 521 527 521 530 521 532 522 527 522 531 522 533 523 527 523 532 523 533 524 534 524 527 524 535 525 534 525 533 525 534 526 536 526 537 526 538 527 537 527 539 527 527 528 534 528 537 528 527 529 537 529 538 529 540 530 535 530 541 530 541 531 542 531 543 531 535 532 533 532 541 532 541 533 533 533 542 533 540 534 537 534 536 534 540 535 541 535 537 535 544 536 545 536 546 536 544 537 546 537 547 537 544 538 548 538 549 538 544 539 549 539 550 539 544 540 550 540 551 540 544 541 551 541 552 541 544 542 552 542 553 542 544 543 553 543 554 543 544 544 554 544 555 544 544 545 555 545 545 545 556 546 548 546 544 546 557 547 556 547 544 547 558 548 557 548 544 548 559 549 558 549 544 549 560 550 559 550 544 550 561 551 560 551 544 551 562 552 561 552 544 552 563 553 562 553 544 553 564 554 563 554 544 554 565 555 564 555 544 555 566 556 565 556 544 556 567 557 566 557 544 557 568 558 567 558 544 558 569 559 568 559 544 559 570 560 569 560 544 560 571 561 570 561 544 561 572 562 571 562 544 562 573 563 572 563 544 563 574 564 573 564 544 564 575 565 574 565 544 565 576 566 575 566 544 566 577 567 576 567 544 567 578 568 577 568 544 568 579 569 578 569 544 569 580 570 544 570 581 570 580 571 579 571 544 571 582 572 583 572 584 572 583 573 585 573 584 573 583 574 586 574 585 574 586 575 587 575 585 575 587 576 588 576 585 576 588 577 589 577 585 577 585 578 590 578 591 578 589 579 590 579 585 579 592 580 593 580 594 580 591 581 593 581 592 581 590 582 593 582 591 582 594 583 595 583 596 583 593 584 595 584 594 584 596 585 597 585 598 585 595 586 597 586 596 586 599 587 600 587 601 587 598 588 600 588 599 588 597 589 600 589 598 589 601 590 602 590 603 590 600 591 602 591 601 591 604 592 605 592 606 592 603 593 605 593 604 593 602 594 605 594 603 594 606 595 607 595 608 595 605 596 607 596 606 596 608 597 609 597 610 597 607 598 609 598 608 598 544 599 547 599 611 599 547 600 612 600 613 600 612 601 614 601 613 601 614 602 615 602 613 602 615 603 616 603 613 603 616 604 617 604 613 604 609 605 618 605 610 605 610 606 618 606 619 606 618 607 620 607 619 607 617 608 621 608 613 608 621 609 622 609 613 609 622 610 623 610 613 610 623 611 624 611 613 611 624 612 625 612 613 612 618 613 626 613 620 613 626 614 627 614 620 614 625 615 628 615 613 615 628 616 629 616 613 616 629 617 630 617 613 617 630 618 631 618 613 618 631 619 632 619 613 619 633 620 632 620 634 620 635 621 632 621 633 621 636 622 632 622 635 622 637 623 632 623 636 623 638 624 632 624 637 624 639 625 632 625 638 625 640 626 632 626 639 626 613 627 632 627 640 627 626 628 641 628 627 628 642 629 643 629 644 629 645 630 643 630 642 630 646 631 643 631 645 631 647 632 643 632 646 632 648 633 643 633 647 633 649 634 643 634 648 634 634 635 643 635 649 635 632 636 643 636 634 636 641 637 650 637 627 637 643 638 651 638 644 638 643 639 652 639 651 639 643 640 653 640 652 640 643 641 654 641 653 641 643 642 655 642 654 642 643 643 656 643 655 643 641 644 657 644 650 644 658 645 657 645 641 645 643 646 659 646 656 646 643 647 660 647 659 647 643 648 661 648 660 648 662 649 661 649 643 649 662 650 663 650 661 650 662 651 664 651 663 651 658 652 665 652 657 652 666 653 665 653 658 653 662 654 667 654 664 654 662 655 668 655 667 655 662 656 669 656 668 656 662 657 670 657 669 657 662 658 671 658 670 658 672 659 542 659 662 659 673 660 542 660 672 660 674 661 542 661 673 661 675 662 542 662 674 662 676 663 542 663 675 663 677 664 542 664 676 664 678 665 542 665 677 665 679 666 542 666 678 666 680 667 542 667 679 667 681 668 542 668 680 668 682 669 542 669 681 669 683 670 542 670 682 670 684 671 542 671 683 671 685 672 542 672 684 672 662 673 542 673 671 673 685 674 686 674 542 674 666 675 687 675 665 675 666 676 688 676 687 676 689 677 688 677 666 677 689 678 690 678 688 678 691 679 690 679 689 679 691 680 692 680 690 680 693 681 692 681 691 681 693 682 694 682 692 682 693 683 695 683 694 683 696 684 695 684 693 684 696 685 697 685 695 685 698 686 697 686 696 686 698 687 699 687 697 687 698 688 700 688 699 688 701 689 700 689 698 689 701 690 702 690 700 690 703 691 702 691 701 691 703 692 704 692 702 692 705 693 704 693 703 693 705 694 706 694 704 694 707 695 543 695 686 695 686 696 543 696 542 696 705 697 708 697 706 697 709 698 708 698 705 698 710 699 711 699 712 699 713 700 711 700 710 700 714 701 711 701 713 701 709 702 711 702 708 702 712 703 711 703 709 703 714 704 538 704 711 704 707 705 539 705 543 705 538 706 715 706 711 706 539 707 715 707 538 707 707 708 715 708 539 708 613 709 611 709 547 709 543 710 539 710 537 710 543 711 537 711 541 711 716 712 717 712 718 712 719 713 716 713 718 713 720 714 716 714 719 714 721 715 718 715 722 715 723 716 724 716 720 716 725 717 721 717 722 717 726 718 724 718 723 718 727 719 721 719 725 719 728 720 724 720 726 720 729 721 721 721 727 721 730 722 721 722 729 722 731 723 724 723 728 723 732 724 733 724 724 724 732 725 724 725 731 725 734 726 735 726 721 726 734 727 721 727 730 727 736 728 737 728 738 728 736 729 738 729 735 729 736 730 735 730 734 730 739 731 740 731 741 731 739 732 741 732 733 732 739 733 733 733 732 733 742 734 740 734 739 734 742 735 743 735 740 735 744 736 745 736 737 736 744 737 737 737 736 737 746 738 743 738 742 738 746 739 747 739 743 739 748 740 749 740 745 740 748 741 745 741 744 741 750 742 747 742 746 742 750 743 751 743 752 743 750 744 752 744 747 744 753 745 749 745 748 745 753 746 754 746 755 746 753 747 755 747 749 747 756 748 751 748 750 748 756 749 757 749 751 749 758 750 759 750 754 750 758 751 754 751 753 751 760 752 759 752 758 752 760 753 761 753 762 753 760 754 762 754 759 754 763 755 757 755 756 755 763 756 764 756 765 756 763 757 765 757 757 757 766 758 764 758 763 758 766 759 767 759 764 759 768 760 769 760 761 760 768 761 761 761 760 761 770 762 771 762 769 762 770 763 769 763 768 763 772 764 767 764 766 764 772 765 773 765 767 765 774 766 773 766 772 766 774 767 775 767 773 767 776 768 777 768 771 768 776 769 771 769 770 769 778 770 775 770 774 770 779 771 777 771 776 771 780 772 778 772 774 772 781 773 779 773 776 773 782 774 778 774 780 774 783 775 779 775 781 775 784 776 782 776 780 776 785 777 783 777 781 777 786 778 782 778 784 778 787 779 783 779 785 779 788 780 784 780 789 780 788 781 786 781 784 781 790 782 785 782 791 782 790 783 787 783 785 783 792 784 789 784 793 784 792 785 788 785 789 785 794 786 791 786 795 786 794 787 790 787 791 787 796 788 792 788 793 788 797 789 794 789 795 789 798 790 796 790 793 790 798 791 793 791 799 791 800 792 797 792 795 792 800 793 795 793 801 793 802 794 798 794 799 794 802 795 799 795 803 795 804 796 800 796 801 796 804 797 801 797 805 797 806 798 802 798 803 798 806 799 803 799 807 799 808 800 805 800 809 800 808 801 804 801 805 801 810 802 806 802 807 802 811 803 808 803 809 803 812 804 807 804 813 804 812 805 810 805 807 805 814 806 809 806 815 806 814 807 811 807 809 807 816 808 812 808 813 808 816 809 813 809 817 809 818 810 815 810 819 810 818 811 814 811 815 811 820 812 816 812 817 812 821 813 818 813 819 813 822 814 820 814 817 814 822 815 817 815 823 815 824 816 819 816 825 816 824 817 821 817 819 817 826 818 823 818 827 818 826 819 822 819 823 819 828 820 825 820 829 820 828 821 824 821 825 821 830 822 827 822 831 822 830 823 826 823 827 823 832 824 829 824 833 824 832 825 828 825 829 825 834 826 830 826 831 826 835 827 832 827 833 827 836 828 831 828 837 828 836 829 834 829 831 829 838 830 833 830 839 830 838 831 835 831 833 831 840 832 837 832 841 832 840 833 841 833 842 833 840 834 842 834 843 834 840 835 843 835 844 835 840 836 836 836 837 836 845 837 839 837 846 837 845 838 846 838 847 838 845 839 847 839 848 839 845 840 848 840 849 840 845 841 838 841 839 841 581 842 840 842 844 842 850 843 845 843 849 843 611 844 581 844 544 844 584 845 845 845 850 845 611 846 840 846 581 846 724 847 716 847 720 847 717 848 722 848 718 848 850 849 582 849 584 849 851 850 852 850 853 850 851 851 854 851 852 851 854 852 855 852 852 852 856 853 857 853 854 853 854 854 858 854 855 854 854 855 859 855 858 855 860 856 861 856 857 856 857 857 861 857 854 857 854 858 862 858 859 858 854 859 863 859 862 859 864 860 865 860 861 860 854 861 866 861 863 861 854 862 867 862 866 862 868 863 869 863 865 863 854 864 870 864 867 864 854 865 871 865 870 865 872 866 873 866 869 866 854 867 874 867 871 867 854 868 875 868 874 868 869 869 876 869 865 869 873 870 876 870 869 870 877 871 876 871 873 871 865 872 876 872 861 872 854 873 878 873 875 873 854 874 879 874 878 874 876 875 880 875 861 875 881 876 880 876 876 876 854 877 882 877 879 877 854 878 883 878 882 878 884 879 885 879 880 879 854 880 886 880 883 880 885 881 887 881 880 881 887 882 888 882 880 882 889 883 888 883 887 883 880 884 890 884 861 884 888 885 890 885 880 885 890 886 891 886 861 886 892 887 891 887 890 887 893 888 894 888 891 888 895 889 896 889 894 889 891 890 897 890 861 890 898 891 897 891 896 891 899 892 897 892 898 892 894 893 897 893 891 893 896 894 897 894 894 894 861 895 897 895 854 895 900 896 901 896 580 896 902 897 901 897 900 897 903 898 901 898 902 898 904 899 901 899 903 899 905 900 901 900 904 900 906 901 901 901 905 901 907 902 901 902 906 902 908 903 901 903 907 903 909 904 901 904 908 904 910 905 901 905 909 905 911 906 901 906 910 906 912 907 901 907 911 907 913 908 901 908 912 908 914 909 901 909 913 909 915 910 901 910 914 910 886 911 901 911 915 911 854 912 901 912 886 912 897 913 901 913 854 913 916 914 901 914 897 914 917 915 901 915 916 915 580 916 918 916 579 916 901 917 918 917 580 917 919 918 920 918 921 918 922 919 920 919 919 919 923 920 920 920 922 920 924 921 920 921 923 921 925 922 920 922 924 922 926 923 920 923 925 923 927 924 920 924 926 924 928 925 920 925 927 925 929 926 920 926 928 926 930 927 920 927 929 927 931 928 920 928 930 928 932 929 920 929 931 929 933 930 920 930 932 930 934 931 920 931 933 931 935 932 920 932 934 932 936 933 920 933 935 933 937 934 920 934 936 934 938 935 920 935 937 935 939 936 920 936 938 936 940 937 920 937 939 937 941 938 920 938 940 938 942 939 920 939 941 939 943 940 920 940 942 940 944 941 920 941 943 941 945 942 920 942 944 942 465 943 920 943 945 943 946 944 920 944 947 944 948 945 920 945 946 945 949 946 920 946 948 946 950 947 920 947 949 947 951 948 920 948 950 948 921 949 920 949 951 949 920 950 715 950 947 950 952 951 715 951 953 951 954 952 715 952 952 952 955 953 715 953 954 953 956 954 715 954 955 954 957 955 715 955 956 955 958 956 715 956 957 956 959 957 715 957 958 957 960 958 715 958 959 958 961 959 715 959 960 959 962 960 715 960 961 960 963 961 715 961 962 961 964 962 715 962 963 962 947 963 715 963 964 963 715 964 965 964 953 964 715 965 966 965 965 965 715 966 967 966 966 966 463 967 968 967 465 967 461 968 968 968 463 968 459 969 968 969 461 969 457 970 968 970 459 970 455 971 968 971 457 971 452 972 968 972 455 972 451 973 968 973 452 973 449 974 968 974 451 974 446 975 968 975 449 975 444 976 968 976 446 976 442 977 968 977 444 977 440 978 968 978 442 978 439 979 968 979 440 979 436 980 968 980 439 980 434 981 968 981 436 981 432 982 968 982 434 982 431 983 968 983 432 983 465 984 968 984 920 984 715 985 969 985 967 985 431 986 428 986 968 986 715 987 970 987 969 987 428 988 427 988 968 988 715 989 971 989 970 989 427 990 425 990 968 990 715 991 972 991 971 991 425 992 422 992 968 992 715 993 973 993 972 993 422 994 420 994 968 994 715 995 974 995 973 995 420 996 418 996 968 996 715 997 975 997 974 997 418 998 417 998 968 998 715 999 976 999 975 999 417 1000 414 1000 968 1000 715 1001 977 1001 976 1001 414 1002 413 1002 968 1002 715 1003 978 1003 977 1003 413 1004 410 1004 968 1004 715 1005 979 1005 978 1005 410 1006 409 1006 968 1006 715 1007 980 1007 979 1007 409 1008 406 1008 968 1008 715 1009 981 1009 980 1009 406 1010 404 1010 968 1010 715 1011 982 1011 981 1011 404 1012 403 1012 968 1012 968 1013 403 1013 707 1013 715 1014 339 1014 982 1014 707 1015 339 1015 715 1015 403 1016 400 1016 707 1016 707 1017 340 1017 339 1017 400 1018 398 1018 707 1018 707 1019 342 1019 340 1019 398 1020 397 1020 707 1020 707 1021 344 1021 342 1021 397 1022 394 1022 707 1022 707 1023 346 1023 344 1023 394 1024 392 1024 707 1024 707 1025 348 1025 346 1025 392 1026 390 1026 707 1026 707 1027 350 1027 348 1027 390 1028 388 1028 707 1028 707 1029 352 1029 350 1029 388 1030 386 1030 707 1030 707 1031 354 1031 352 1031 386 1032 384 1032 707 1032 707 1033 356 1033 354 1033 384 1034 382 1034 707 1034 707 1035 358 1035 356 1035 382 1036 380 1036 707 1036 707 1037 360 1037 358 1037 380 1038 378 1038 707 1038 707 1039 362 1039 360 1039 378 1040 376 1040 707 1040 707 1041 364 1041 362 1041 376 1042 374 1042 707 1042 707 1043 366 1043 364 1043 374 1044 372 1044 707 1044 707 1045 368 1045 366 1045 372 1046 370 1046 707 1046 707 1047 370 1047 368 1047 983 1048 611 1048 466 1048 984 1049 611 1049 983 1049 985 1050 611 1050 984 1050 986 1051 611 1051 985 1051 987 1052 611 1052 986 1052 988 1053 611 1053 987 1053 989 1054 611 1054 988 1054 990 1055 611 1055 989 1055 466 1056 611 1056 467 1056 467 1057 611 1057 613 1057 990 1058 991 1058 611 1058 991 1059 992 1059 611 1059 992 1060 993 1060 611 1060 993 1061 994 1061 611 1061 994 1062 995 1062 611 1062 995 1063 996 1063 611 1063 996 1064 997 1064 611 1064 997 1065 998 1065 611 1065 998 1066 999 1066 611 1066 999 1067 1000 1067 611 1067 1000 1068 1001 1068 611 1068 1001 1069 1002 1069 611 1069 1002 1070 1003 1070 611 1070 1003 1071 1004 1071 611 1071 1004 1072 1005 1072 611 1072 1005 1073 1006 1073 611 1073 1006 1074 1007 1074 611 1074 1007 1075 1008 1075 611 1075 1008 1076 1009 1076 611 1076 1009 1077 1010 1077 611 1077 1010 1078 1011 1078 611 1078 1011 1079 1012 1079 611 1079 1012 1080 1013 1080 611 1080 1013 1081 1014 1081 611 1081 1014 1082 840 1082 611 1082 1014 1083 1015 1083 840 1083 582 1084 1016 1084 1017 1084 582 1085 1017 1085 1018 1085 582 1086 1018 1086 1019 1086 582 1087 1019 1087 1020 1087 582 1088 1020 1088 1021 1088 582 1089 1021 1089 1022 1089 582 1090 1022 1090 1023 1090 582 1091 1023 1091 468 1091 582 1092 468 1092 469 1092 582 1093 469 1093 583 1093 1024 1094 1016 1094 582 1094 1025 1095 1024 1095 582 1095 1026 1096 1025 1096 582 1096 1027 1097 1026 1097 582 1097 1028 1098 1027 1098 582 1098 1029 1099 1028 1099 582 1099 1030 1100 1029 1100 582 1100 1031 1101 1030 1101 582 1101 1032 1102 1031 1102 582 1102 1033 1103 1032 1103 582 1103 1034 1104 1033 1104 582 1104 1035 1105 1034 1105 582 1105 1036 1106 1035 1106 582 1106 1037 1107 1036 1107 582 1107 1038 1108 1037 1108 582 1108 1039 1109 1038 1109 582 1109 1040 1110 1039 1110 582 1110 1041 1111 1040 1111 582 1111 1042 1112 1041 1112 582 1112 1043 1113 1042 1113 582 1113 1044 1114 1043 1114 582 1114 1045 1115 1044 1115 582 1115 1046 1116 1045 1116 582 1116 1047 1117 1046 1117 582 1117 850 1118 1047 1118 582 1118 1048 1119 1047 1119 850 1119 1049 1120 584 1120 1050 1120 1051 1121 584 1121 1049 1121 1052 1122 584 1122 1051 1122 1053 1123 584 1123 1052 1123 1054 1124 584 1124 1053 1124 1055 1125 584 1125 1054 1125 1056 1126 584 1126 1055 1126 1057 1127 584 1127 1056 1127 1050 1128 584 1128 1058 1128 1058 1129 584 1129 585 1129 1057 1130 1059 1130 584 1130 1059 1131 1060 1131 584 1131 1060 1132 1061 1132 584 1132 1061 1133 1062 1133 584 1133 1062 1134 1063 1134 584 1134 1063 1135 1064 1135 584 1135 1064 1136 1065 1136 584 1136 1065 1137 1066 1137 584 1137 1066 1138 1067 1138 584 1138 1067 1139 1068 1139 584 1139 1068 1140 1069 1140 584 1140 1069 1141 1070 1141 584 1141 1070 1142 1071 1142 584 1142 1071 1143 1072 1143 584 1143 1072 1144 1073 1144 584 1144 1073 1145 1074 1145 584 1145 1074 1146 1075 1146 584 1146 1075 1147 1076 1147 584 1147 1076 1148 1077 1148 584 1148 1077 1149 1078 1149 584 1149 1078 1150 1079 1150 584 1150 1079 1151 1080 1151 584 1151 1080 1152 1081 1152 584 1152 1081 1153 918 1153 584 1153 918 1154 901 1154 584 1154 584 1155 901 1155 845 1155 546 1156 1050 1156 1058 1156 546 1157 545 1157 1050 1157 1082 1158 546 1158 1058 1158 1083 1159 1082 1159 1058 1159 1084 1160 1083 1160 1058 1160 1085 1161 1084 1161 1058 1161 1086 1162 1085 1162 1058 1162 1087 1163 1086 1163 1058 1163 1088 1164 1087 1164 1058 1164 1089 1165 1088 1165 1058 1165 1090 1166 1089 1166 1058 1166 1091 1167 1090 1167 1058 1167 1092 1168 1091 1168 1058 1168 1093 1169 1092 1169 1058 1169 1094 1170 1093 1170 1058 1170 1095 1171 1058 1171 1096 1171 1095 1172 1094 1172 1058 1172 1097 1173 1096 1173 1098 1173 1097 1174 1098 1174 1099 1174 1097 1175 1099 1175 1100 1175 1097 1176 1100 1176 1101 1176 1097 1177 1101 1177 1102 1177 1097 1178 1102 1178 1103 1178 1097 1179 1103 1179 1104 1179 1097 1180 1104 1180 1105 1180 1097 1181 1095 1181 1096 1181 1097 1182 1105 1182 1106 1182 1097 1183 1106 1183 1107 1183 1108 1184 1107 1184 1109 1184 1108 1185 1109 1185 1110 1185 1108 1186 1110 1186 1111 1186 1108 1187 1111 1187 1112 1187 1108 1188 1112 1188 1113 1188 1108 1189 1097 1189 1107 1189 1114 1190 1108 1190 1113 1190 1115 1191 1108 1191 1114 1191 1116 1192 1108 1192 1115 1192 1117 1193 1108 1193 1116 1193 1118 1194 1119 1194 1108 1194 1118 1195 1108 1195 1117 1195 1120 1196 1119 1196 1118 1196 1121 1197 1119 1197 1120 1197 1122 1198 1119 1198 1121 1198 1123 1199 1119 1199 1122 1199 1124 1200 1119 1200 1123 1200 1125 1201 1119 1201 1124 1201 1126 1202 1119 1202 1125 1202 1127 1203 1119 1203 1126 1203 1128 1204 1119 1204 1127 1204 1129 1205 1130 1205 1119 1205 1129 1206 1119 1206 1128 1206 1131 1207 1130 1207 1129 1207 1131 1208 1132 1208 1133 1208 1131 1209 1133 1209 1134 1209 1131 1210 1134 1210 1135 1210 1131 1211 1135 1211 1136 1211 1131 1212 1136 1212 1137 1212 1131 1213 1137 1213 1138 1213 1131 1214 1138 1214 1139 1214 1131 1215 1139 1215 1140 1215 1131 1216 1140 1216 1141 1216 1131 1217 1141 1217 1142 1217 1131 1218 1142 1218 1143 1218 1131 1219 1143 1219 1144 1219 1131 1220 1144 1220 1130 1220 920 1221 968 1221 1145 1221 920 1222 1145 1222 1132 1222 920 1223 1132 1223 1131 1223 920 1224 1131 1224 715 1224 715 1225 1131 1225 711 1225 1145 1226 707 1226 686 1226 1145 1227 968 1227 707 1227 853 1228 852 1228 719 1228 719 1229 852 1229 720 1229 1146 1230 1147 1230 717 1230 717 1231 1147 1231 722 1231 1148 1232 1149 1232 1150 1232 1151 1233 1146 1233 1149 1233 1151 1234 1149 1234 1148 1234 1147 1235 1146 1235 1151 1235 1152 1236 1147 1236 1151 1236 1153 1237 1147 1237 1152 1237 1154 1238 1147 1238 1153 1238 1155 1239 1147 1239 1154 1239 1156 1240 1147 1240 1155 1240 1157 1241 1147 1241 1156 1241 1158 1242 1147 1242 1157 1242 1159 1243 1147 1243 1158 1243 1160 1244 1147 1244 1159 1244 1161 1245 1147 1245 1160 1245 1162 1246 1147 1246 1161 1246 1163 1247 1147 1247 1162 1247 1164 1248 1147 1248 1163 1248 1164 1249 1165 1249 1166 1249 1164 1250 1166 1250 1147 1250 1167 1251 1165 1251 1164 1251 1167 1252 1168 1252 1169 1252 1167 1253 1169 1253 1170 1253 1167 1254 1170 1254 1171 1254 1167 1255 1171 1255 1172 1255 1167 1256 1172 1256 1165 1256 1173 1257 1168 1257 1167 1257 1173 1258 1174 1258 1175 1258 1173 1259 1175 1259 1176 1259 1173 1260 1176 1260 1177 1260 1173 1261 1177 1261 1178 1261 1173 1262 1178 1262 1179 1262 1173 1263 1179 1263 1168 1263 1180 1264 1181 1264 1182 1264 1180 1265 1182 1265 1174 1265 1180 1266 1174 1266 1173 1266 1183 1267 1181 1267 1180 1267 1184 1268 1183 1268 1180 1268 1185 1269 1184 1269 1180 1269 1186 1270 1185 1270 1180 1270 1186 1271 1180 1271 1187 1271 1188 1272 1186 1272 1187 1272 1189 1273 1188 1273 1187 1273 1190 1274 1189 1274 1187 1274 1191 1275 1190 1275 1187 1275 1192 1276 1191 1276 1187 1276 1193 1277 1187 1277 1194 1277 1193 1278 1192 1278 1187 1278 1195 1279 1193 1279 1194 1279 1196 1280 1195 1280 1194 1280 1197 1281 1196 1281 1194 1281 1198 1282 1197 1282 1194 1282 1199 1283 1198 1283 1194 1283 1199 1284 1194 1284 1200 1284 1201 1285 1199 1285 1200 1285 1048 1286 1201 1286 1200 1286 1048 1287 1200 1287 1202 1287 1048 1288 1202 1288 1203 1288 1048 1289 1203 1289 1204 1289 1048 1290 1204 1290 1205 1290 1048 1291 1205 1291 1206 1291 1048 1292 1206 1292 1207 1292 1048 1293 1207 1293 1208 1293 1048 1294 1208 1294 1209 1294 1048 1295 1209 1295 1210 1295 1048 1296 1210 1296 1211 1296 1048 1297 1211 1297 1212 1297 1048 1298 1212 1298 1213 1298 1048 1299 1213 1299 1015 1299 1047 1300 1048 1300 1015 1300 1047 1301 1015 1301 1014 1301 1151 1302 1214 1302 724 1302 724 1303 1214 1303 716 1303 1214 1304 1148 1304 1215 1304 1151 1305 1148 1305 1214 1305 718 1306 854 1306 851 1306 721 1307 854 1307 718 1307 1145 1308 686 1308 1132 1308 1132 1309 685 1309 1133 1309 686 1310 685 1310 1132 1310 1133 1311 684 1311 1134 1311 685 1312 684 1312 1133 1312 1134 1313 683 1313 1135 1313 684 1314 683 1314 1134 1314 1135 1315 682 1315 1136 1315 683 1316 682 1316 1135 1316 1136 1317 681 1317 1137 1317 682 1318 681 1318 1136 1318 1137 1319 680 1319 1138 1319 681 1320 680 1320 1137 1320 1138 1321 679 1321 1139 1321 680 1322 679 1322 1138 1322 679 1323 678 1323 1139 1323 1139 1324 678 1324 1140 1324 678 1325 677 1325 1140 1325 1140 1326 677 1326 1141 1326 1141 1327 676 1327 1142 1327 677 1328 676 1328 1141 1328 1142 1329 675 1329 1143 1329 676 1330 675 1330 1142 1330 1143 1331 674 1331 1144 1331 675 1332 674 1332 1143 1332 1144 1333 673 1333 1130 1333 674 1334 673 1334 1144 1334 1130 1335 672 1335 1119 1335 673 1336 672 1336 1130 1336 1119 1337 662 1337 1108 1337 672 1338 662 1338 1119 1338 1108 1339 643 1339 1097 1339 662 1340 643 1340 1108 1340 1097 1341 632 1341 1095 1341 643 1342 632 1342 1097 1342 1095 1343 631 1343 1094 1343 632 1344 631 1344 1095 1344 1094 1345 630 1345 1093 1345 631 1346 630 1346 1094 1346 1093 1347 629 1347 1092 1347 630 1348 629 1348 1093 1348 1092 1349 628 1349 1091 1349 629 1350 628 1350 1092 1350 1091 1351 625 1351 1090 1351 628 1352 625 1352 1091 1352 1090 1353 624 1353 1089 1353 625 1354 624 1354 1090 1354 1089 1355 623 1355 1088 1355 624 1356 623 1356 1089 1356 623 1357 622 1357 1088 1357 1088 1358 621 1358 1087 1358 1087 1359 621 1359 1086 1359 622 1360 621 1360 1088 1360 1086 1361 617 1361 1085 1361 621 1362 617 1362 1086 1362 1085 1363 616 1363 1084 1363 617 1364 616 1364 1085 1364 1084 1365 615 1365 1083 1365 616 1366 615 1366 1084 1366 615 1367 614 1367 1083 1367 1083 1368 612 1368 1082 1368 614 1369 612 1369 1083 1369 1082 1370 547 1370 546 1370 612 1371 547 1371 1082 1371 671 1372 533 1372 532 1372 671 1373 542 1373 533 1373 670 1374 532 1374 531 1374 670 1375 671 1375 532 1375 669 1376 531 1376 530 1376 669 1377 670 1377 531 1377 668 1378 530 1378 529 1378 668 1379 669 1379 530 1379 667 1380 529 1380 528 1380 667 1381 668 1381 529 1381 664 1382 528 1382 526 1382 664 1383 667 1383 528 1383 663 1384 526 1384 522 1384 663 1385 664 1385 526 1385 661 1386 663 1386 522 1386 661 1387 522 1387 520 1387 660 1388 661 1388 520 1388 660 1389 520 1389 517 1389 659 1390 660 1390 517 1390 659 1391 517 1391 516 1391 656 1392 659 1392 516 1392 656 1393 516 1393 512 1393 655 1394 512 1394 510 1394 655 1395 656 1395 512 1395 654 1396 510 1396 507 1396 654 1397 655 1397 510 1397 653 1398 507 1398 504 1398 653 1399 654 1399 507 1399 652 1400 504 1400 502 1400 652 1401 653 1401 504 1401 651 1402 502 1402 500 1402 651 1403 652 1403 502 1403 644 1404 500 1404 498 1404 644 1405 651 1405 500 1405 642 1406 498 1406 495 1406 642 1407 644 1407 498 1407 645 1408 495 1408 492 1408 645 1409 642 1409 495 1409 646 1410 492 1410 490 1410 646 1411 645 1411 492 1411 647 1412 490 1412 487 1412 647 1413 646 1413 490 1413 648 1414 487 1414 485 1414 648 1415 647 1415 487 1415 649 1416 485 1416 482 1416 649 1417 648 1417 485 1417 634 1418 482 1418 480 1418 634 1419 649 1419 482 1419 633 1420 480 1420 477 1420 633 1421 634 1421 480 1421 635 1422 477 1422 475 1422 635 1423 633 1423 477 1423 636 1424 475 1424 474 1424 636 1425 635 1425 475 1425 637 1426 474 1426 473 1426 637 1427 636 1427 474 1427 638 1428 473 1428 472 1428 638 1429 637 1429 473 1429 639 1430 472 1430 471 1430 639 1431 638 1431 472 1431 640 1432 471 1432 470 1432 640 1433 639 1433 471 1433 613 1434 470 1434 467 1434 613 1435 640 1435 470 1435 580 1436 581 1436 900 1436 900 1437 844 1437 902 1437 581 1438 844 1438 900 1438 902 1439 843 1439 903 1439 844 1440 843 1440 902 1440 903 1441 842 1441 904 1441 843 1442 842 1442 903 1442 904 1443 841 1443 905 1443 842 1444 841 1444 904 1444 905 1445 837 1445 906 1445 841 1446 837 1446 905 1446 906 1447 831 1447 907 1447 837 1448 831 1448 906 1448 907 1449 827 1449 908 1449 831 1450 827 1450 907 1450 827 1451 823 1451 908 1451 908 1452 823 1452 909 1452 823 1453 817 1453 909 1453 909 1454 817 1454 910 1454 817 1455 813 1455 910 1455 910 1456 813 1456 911 1456 813 1457 807 1457 911 1457 911 1458 807 1458 912 1458 807 1459 803 1459 912 1459 912 1460 803 1460 913 1460 803 1461 799 1461 913 1461 913 1462 799 1462 914 1462 799 1463 793 1463 914 1463 914 1464 793 1464 915 1464 793 1465 789 1465 915 1465 915 1466 789 1466 886 1466 789 1467 784 1467 886 1467 886 1468 784 1468 883 1468 784 1469 780 1469 883 1469 883 1470 780 1470 882 1470 780 1471 774 1471 882 1471 882 1472 774 1472 879 1472 774 1473 772 1473 879 1473 879 1474 772 1474 878 1474 772 1475 766 1475 878 1475 878 1476 766 1476 875 1476 766 1477 763 1477 875 1477 763 1478 756 1478 875 1478 875 1479 756 1479 874 1479 874 1480 756 1480 871 1480 756 1481 750 1481 871 1481 871 1482 746 1482 870 1482 750 1483 746 1483 871 1483 870 1484 746 1484 867 1484 867 1485 742 1485 866 1485 746 1486 742 1486 867 1486 742 1487 739 1487 866 1487 866 1488 732 1488 863 1488 863 1489 732 1489 862 1489 739 1490 732 1490 866 1490 732 1491 731 1491 862 1491 862 1492 728 1492 859 1492 859 1493 728 1493 858 1493 731 1494 728 1494 862 1494 858 1495 726 1495 855 1495 728 1496 726 1496 858 1496 726 1497 723 1497 855 1497 855 1498 720 1498 852 1498 723 1499 720 1499 855 1499 1152 1500 724 1500 733 1500 1152 1501 1151 1501 724 1501 1153 1502 733 1502 741 1502 1153 1503 1152 1503 733 1503 1154 1504 741 1504 740 1504 1154 1505 1153 1505 741 1505 1155 1506 740 1506 743 1506 1155 1507 1154 1507 740 1507 1156 1508 743 1508 747 1508 1156 1509 1155 1509 743 1509 1157 1510 747 1510 752 1510 1157 1511 1156 1511 747 1511 1158 1512 752 1512 751 1512 1158 1513 1157 1513 752 1513 1159 1514 1158 1514 751 1514 1159 1515 751 1515 757 1515 1160 1516 1159 1516 757 1516 1160 1517 757 1517 765 1517 1161 1518 1160 1518 765 1518 1161 1519 765 1519 764 1519 1162 1520 1161 1520 764 1520 1162 1521 764 1521 767 1521 1163 1522 767 1522 773 1522 1163 1523 1162 1523 767 1523 1164 1524 773 1524 775 1524 1164 1525 1163 1525 773 1525 1167 1526 775 1526 778 1526 1167 1527 1164 1527 775 1527 1173 1528 778 1528 782 1528 1173 1529 1167 1529 778 1529 1180 1530 782 1530 786 1530 1180 1531 1173 1531 782 1531 1187 1532 786 1532 788 1532 1187 1533 1180 1533 786 1533 1194 1534 788 1534 792 1534 1194 1535 1187 1535 788 1535 1200 1536 792 1536 796 1536 1200 1537 1194 1537 792 1537 1202 1538 796 1538 798 1538 1202 1539 1200 1539 796 1539 1203 1540 798 1540 802 1540 1203 1541 1202 1541 798 1541 1204 1542 802 1542 806 1542 1204 1543 1203 1543 802 1543 1205 1544 806 1544 810 1544 1205 1545 1204 1545 806 1545 1206 1546 810 1546 812 1546 1206 1547 1205 1547 810 1547 1207 1548 812 1548 816 1548 1207 1549 1206 1549 812 1549 1208 1550 816 1550 820 1550 1208 1551 1207 1551 816 1551 1209 1552 820 1552 822 1552 1209 1553 1208 1553 820 1553 1210 1554 822 1554 826 1554 1210 1555 1209 1555 822 1555 1211 1556 826 1556 830 1556 1211 1557 1210 1557 826 1557 1212 1558 830 1558 834 1558 1212 1559 1211 1559 830 1559 1213 1560 834 1560 836 1560 1213 1561 1212 1561 834 1561 1015 1562 836 1562 840 1562 1015 1563 1213 1563 836 1563 1048 1564 850 1564 1201 1564 1201 1565 849 1565 1199 1565 850 1566 849 1566 1201 1566 1199 1567 848 1567 1198 1567 849 1568 848 1568 1199 1568 1198 1569 847 1569 1197 1569 848 1570 847 1570 1198 1570 1197 1571 846 1571 1196 1571 847 1572 846 1572 1197 1572 1196 1573 839 1573 1195 1573 846 1574 839 1574 1196 1574 1195 1575 833 1575 1193 1575 839 1576 833 1576 1195 1576 1193 1577 829 1577 1192 1577 833 1578 829 1578 1193 1578 829 1579 825 1579 1192 1579 1192 1580 825 1580 1191 1580 825 1581 819 1581 1191 1581 1191 1582 819 1582 1190 1582 819 1583 815 1583 1190 1583 1190 1584 815 1584 1189 1584 815 1585 809 1585 1189 1585 1189 1586 809 1586 1188 1586 809 1587 805 1587 1188 1587 1188 1588 805 1588 1186 1588 805 1589 801 1589 1186 1589 1186 1590 801 1590 1185 1590 801 1591 795 1591 1185 1591 1185 1592 795 1592 1184 1592 795 1593 791 1593 1184 1593 1184 1594 791 1594 1183 1594 791 1595 785 1595 1183 1595 1183 1596 785 1596 1181 1596 785 1597 781 1597 1181 1597 1181 1598 781 1598 1182 1598 781 1599 776 1599 1182 1599 1182 1600 776 1600 1174 1600 776 1601 770 1601 1174 1601 1174 1602 770 1602 1175 1602 770 1603 768 1603 1175 1603 1175 1604 768 1604 1176 1604 1176 1605 760 1605 1177 1605 768 1606 760 1606 1176 1606 1177 1607 758 1607 1178 1607 760 1608 758 1608 1177 1608 1178 1609 753 1609 1179 1609 758 1610 753 1610 1178 1610 753 1611 748 1611 1179 1611 1179 1612 744 1612 1168 1612 1168 1613 744 1613 1169 1613 748 1614 744 1614 1179 1614 1169 1615 736 1615 1170 1615 744 1616 736 1616 1169 1616 1170 1617 734 1617 1171 1617 736 1618 734 1618 1170 1618 1171 1619 730 1619 1172 1619 734 1620 730 1620 1171 1620 1172 1621 729 1621 1165 1621 730 1622 729 1622 1172 1622 729 1623 727 1623 1165 1623 1165 1624 725 1624 1166 1624 727 1625 725 1625 1165 1625 1166 1626 722 1626 1147 1626 725 1627 722 1627 1166 1627 856 1628 721 1628 735 1628 856 1629 854 1629 721 1629 857 1630 735 1630 738 1630 857 1631 856 1631 735 1631 860 1632 738 1632 737 1632 860 1633 857 1633 738 1633 861 1634 737 1634 745 1634 861 1635 860 1635 737 1635 864 1636 745 1636 749 1636 864 1637 861 1637 745 1637 865 1638 749 1638 755 1638 865 1639 864 1639 749 1639 868 1640 755 1640 754 1640 868 1641 865 1641 755 1641 869 1642 868 1642 754 1642 869 1643 754 1643 759 1643 872 1644 869 1644 759 1644 872 1645 759 1645 762 1645 873 1646 872 1646 762 1646 873 1647 762 1647 761 1647 877 1648 873 1648 761 1648 877 1649 761 1649 769 1649 876 1650 769 1650 771 1650 876 1651 877 1651 769 1651 881 1652 771 1652 777 1652 881 1653 876 1653 771 1653 880 1654 777 1654 779 1654 880 1655 881 1655 777 1655 884 1656 779 1656 783 1656 884 1657 880 1657 779 1657 885 1658 783 1658 787 1658 885 1659 884 1659 783 1659 887 1660 787 1660 790 1660 887 1661 885 1661 787 1661 889 1662 790 1662 794 1662 889 1663 887 1663 790 1663 888 1664 794 1664 797 1664 888 1665 889 1665 794 1665 890 1666 797 1666 800 1666 890 1667 888 1667 797 1667 892 1668 800 1668 804 1668 892 1669 890 1669 800 1669 891 1670 804 1670 808 1670 891 1671 892 1671 804 1671 893 1672 808 1672 811 1672 893 1673 891 1673 808 1673 894 1674 814 1674 818 1674 894 1675 811 1675 814 1675 894 1676 893 1676 811 1676 895 1677 894 1677 818 1677 896 1678 818 1678 821 1678 896 1679 895 1679 818 1679 898 1680 821 1680 824 1680 898 1681 896 1681 821 1681 899 1682 824 1682 828 1682 899 1683 898 1683 824 1683 897 1684 828 1684 832 1684 897 1685 899 1685 828 1685 916 1686 832 1686 835 1686 916 1687 897 1687 832 1687 917 1688 835 1688 838 1688 917 1689 916 1689 835 1689 901 1690 838 1690 845 1690 901 1691 917 1691 838 1691 708 1692 1131 1692 1129 1692 708 1693 711 1693 1131 1693 706 1694 1129 1694 1128 1694 706 1695 708 1695 1129 1695 704 1696 1128 1696 1127 1696 704 1697 706 1697 1128 1697 702 1698 1127 1698 1126 1698 702 1699 704 1699 1127 1699 700 1700 1126 1700 1125 1700 700 1701 702 1701 1126 1701 699 1702 1125 1702 1124 1702 699 1703 700 1703 1125 1703 697 1704 1124 1704 1123 1704 697 1705 699 1705 1124 1705 695 1706 697 1706 1123 1706 695 1707 1123 1707 1122 1707 694 1708 695 1708 1122 1708 694 1709 1122 1709 1121 1709 692 1710 694 1710 1121 1710 692 1711 1121 1711 1120 1711 690 1712 692 1712 1120 1712 690 1713 1120 1713 1118 1713 688 1714 1118 1714 1117 1714 688 1715 690 1715 1118 1715 687 1716 1117 1716 1116 1716 687 1717 688 1717 1117 1717 665 1718 1116 1718 1115 1718 665 1719 687 1719 1116 1719 657 1720 1115 1720 1114 1720 657 1721 665 1721 1115 1721 650 1722 1114 1722 1113 1722 650 1723 657 1723 1114 1723 627 1724 1113 1724 1112 1724 627 1725 650 1725 1113 1725 620 1726 1112 1726 1111 1726 620 1727 627 1727 1112 1727 619 1728 1111 1728 1110 1728 619 1729 620 1729 1111 1729 610 1730 1110 1730 1109 1730 610 1731 619 1731 1110 1731 608 1732 1109 1732 1107 1732 608 1733 610 1733 1109 1733 606 1734 1107 1734 1106 1734 606 1735 608 1735 1107 1735 604 1736 1106 1736 1105 1736 604 1737 606 1737 1106 1737 603 1738 1105 1738 1104 1738 603 1739 604 1739 1105 1739 601 1740 1104 1740 1103 1740 601 1741 603 1741 1104 1741 599 1742 1103 1742 1102 1742 599 1743 601 1743 1103 1743 598 1744 1102 1744 1101 1744 598 1745 599 1745 1102 1745 596 1746 1101 1746 1100 1746 596 1747 598 1747 1101 1747 594 1748 1100 1748 1099 1748 594 1749 596 1749 1100 1749 592 1750 1099 1750 1098 1750 592 1751 594 1751 1099 1751 591 1752 1098 1752 1096 1752 591 1753 592 1753 1098 1753 585 1754 1096 1754 1058 1754 585 1755 591 1755 1096 1755 527 1756 538 1756 525 1756 525 1757 714 1757 524 1757 538 1758 714 1758 525 1758 524 1759 713 1759 523 1759 714 1760 713 1760 524 1760 523 1761 710 1761 521 1761 713 1762 710 1762 523 1762 521 1763 712 1763 519 1763 710 1764 712 1764 521 1764 519 1765 709 1765 518 1765 712 1766 709 1766 519 1766 518 1767 705 1767 515 1767 709 1768 705 1768 518 1768 515 1769 703 1769 514 1769 705 1770 703 1770 515 1770 703 1771 701 1771 514 1771 514 1772 701 1772 513 1772 701 1773 698 1773 513 1773 513 1774 698 1774 511 1774 511 1775 696 1775 509 1775 698 1776 696 1776 511 1776 509 1777 693 1777 508 1777 696 1778 693 1778 509 1778 508 1779 691 1779 506 1779 693 1780 691 1780 508 1780 506 1781 689 1781 505 1781 691 1782 689 1782 506 1782 505 1783 666 1783 503 1783 689 1784 666 1784 505 1784 503 1785 658 1785 501 1785 666 1786 658 1786 503 1786 501 1787 641 1787 499 1787 658 1788 641 1788 501 1788 499 1789 626 1789 497 1789 641 1790 626 1790 499 1790 497 1791 618 1791 496 1791 626 1792 618 1792 497 1792 496 1793 609 1793 494 1793 618 1794 609 1794 496 1794 494 1795 607 1795 493 1795 609 1796 607 1796 494 1796 493 1797 605 1797 491 1797 607 1798 605 1798 493 1798 491 1799 602 1799 489 1799 605 1800 602 1800 491 1800 489 1801 600 1801 488 1801 602 1802 600 1802 489 1802 488 1803 597 1803 486 1803 600 1804 597 1804 488 1804 486 1805 595 1805 484 1805 597 1806 595 1806 486 1806 484 1807 593 1807 483 1807 595 1808 593 1808 484 1808 593 1809 590 1809 483 1809 483 1810 589 1810 481 1810 481 1811 589 1811 479 1811 590 1812 589 1812 483 1812 589 1813 588 1813 479 1813 479 1814 587 1814 478 1814 478 1815 587 1815 476 1815 588 1816 587 1816 479 1816 587 1817 586 1817 476 1817 476 1818 583 1818 469 1818 586 1819 583 1819 476 1819 578 1820 579 1820 918 1820 578 1821 918 1821 1081 1821 577 1822 1081 1822 1080 1822 577 1823 578 1823 1081 1823 576 1824 1080 1824 1079 1824 576 1825 577 1825 1080 1825 575 1826 1079 1826 1078 1826 575 1827 576 1827 1079 1827 574 1828 1078 1828 1077 1828 574 1829 575 1829 1078 1829 573 1830 1077 1830 1076 1830 573 1831 574 1831 1077 1831 572 1832 1076 1832 1075 1832 572 1833 573 1833 1076 1833 571 1834 572 1834 1075 1834 571 1835 1075 1835 1074 1835 570 1836 571 1836 1074 1836 570 1837 1074 1837 1073 1837 569 1838 570 1838 1073 1838 569 1839 1073 1839 1072 1839 568 1840 569 1840 1072 1840 568 1841 1072 1841 1071 1841 567 1842 568 1842 1071 1842 567 1843 1071 1843 1070 1843 566 1844 567 1844 1070 1844 566 1845 1070 1845 1069 1845 565 1846 566 1846 1069 1846 565 1847 1069 1847 1068 1847 564 1848 565 1848 1068 1848 564 1849 1068 1849 1067 1849 563 1850 564 1850 1067 1850 563 1851 1067 1851 1066 1851 562 1852 563 1852 1066 1852 562 1853 1066 1853 1065 1853 561 1854 562 1854 1065 1854 561 1855 1065 1855 1064 1855 560 1856 1064 1856 1063 1856 560 1857 561 1857 1064 1857 559 1858 1063 1858 1062 1858 559 1859 560 1859 1063 1859 558 1860 559 1860 1062 1860 558 1861 1062 1861 1061 1861 557 1862 1061 1862 1060 1862 557 1863 558 1863 1061 1863 556 1864 557 1864 1060 1864 556 1865 1060 1865 1059 1865 548 1866 1059 1866 1057 1866 548 1867 556 1867 1059 1867 549 1868 1057 1868 1056 1868 549 1869 548 1869 1057 1869 550 1870 1056 1870 1055 1870 550 1871 549 1871 1056 1871 551 1872 1055 1872 1054 1872 551 1873 550 1873 1055 1873 552 1874 1054 1874 1053 1874 552 1875 551 1875 1054 1875 553 1876 1053 1876 1052 1876 553 1877 552 1877 1053 1877 554 1878 1052 1878 1051 1878 554 1879 553 1879 1052 1879 555 1880 1051 1880 1049 1880 555 1881 554 1881 1051 1881 545 1882 1049 1882 1050 1882 545 1883 555 1883 1049 1883 466 1884 468 1884 983 1884 983 1885 1023 1885 984 1885 468 1886 1023 1886 983 1886 984 1887 1022 1887 985 1887 1023 1888 1022 1888 984 1888 985 1889 1021 1889 986 1889 1022 1890 1021 1890 985 1890 986 1891 1020 1891 987 1891 1021 1892 1020 1892 986 1892 987 1893 1019 1893 988 1893 1020 1894 1019 1894 987 1894 988 1895 1018 1895 989 1895 1019 1896 1018 1896 988 1896 989 1897 1017 1897 990 1897 1018 1898 1017 1898 989 1898 1017 1899 1016 1899 990 1899 990 1900 1016 1900 991 1900 1016 1901 1024 1901 991 1901 991 1902 1024 1902 992 1902 1024 1903 1025 1903 992 1903 992 1904 1025 1904 993 1904 1025 1905 1026 1905 993 1905 993 1906 1026 1906 994 1906 1026 1907 1027 1907 994 1907 994 1908 1027 1908 995 1908 1027 1909 1028 1909 995 1909 995 1910 1028 1910 996 1910 1028 1911 1029 1911 996 1911 996 1912 1029 1912 997 1912 1029 1913 1030 1913 997 1913 997 1914 1030 1914 998 1914 1030 1915 1031 1915 998 1915 998 1916 1031 1916 999 1916 1031 1917 1032 1917 999 1917 999 1918 1032 1918 1000 1918 1032 1919 1033 1919 1000 1919 1000 1920 1033 1920 1001 1920 1033 1921 1034 1921 1001 1921 1034 1922 1035 1922 1001 1922 1001 1923 1035 1923 1002 1923 1002 1924 1035 1924 1003 1924 1003 1925 1036 1925 1004 1925 1035 1926 1036 1926 1003 1926 1004 1927 1037 1927 1005 1927 1036 1928 1037 1928 1004 1928 1005 1929 1038 1929 1006 1929 1037 1930 1038 1930 1005 1930 1006 1931 1039 1931 1007 1931 1038 1932 1039 1932 1006 1932 1007 1933 1040 1933 1008 1933 1039 1934 1040 1934 1007 1934 1040 1935 1041 1935 1008 1935 1008 1936 1042 1936 1009 1936 1009 1937 1042 1937 1010 1937 1041 1938 1042 1938 1008 1938 1010 1939 1043 1939 1011 1939 1042 1940 1043 1940 1010 1940 1011 1941 1044 1941 1012 1941 1043 1942 1044 1942 1011 1942 1012 1943 1045 1943 1013 1943 1044 1944 1045 1944 1012 1944 1045 1945 1046 1945 1013 1945 1013 1946 1047 1946 1014 1946 1046 1947 1047 1947 1013 1947 1216 1948 1215 1948 719 1948 63 1949 1216 1949 60 1949 58 1950 60 1950 1216 1950 64 1951 1216 1951 63 1951 56 1952 58 1952 1216 1952 54 1953 56 1953 1216 1953 66 1954 1216 1954 64 1954 718 1955 1216 1955 719 1955 853 1956 1215 1956 1148 1956 853 1957 719 1957 1215 1957 68 1958 1216 1958 66 1958 52 1959 54 1959 1216 1959 50 1960 52 1960 1216 1960 70 1961 1216 1961 68 1961 73 1962 1216 1962 70 1962 48 1963 50 1963 1216 1963 74 1964 1216 1964 73 1964 46 1965 48 1965 1216 1965 44 1966 46 1966 1216 1966 76 1967 1216 1967 74 1967 79 1968 1216 1968 76 1968 42 1969 44 1969 1216 1969 42 1970 1216 1970 718 1970 40 1971 42 1971 718 1971 80 1972 1216 1972 79 1972 1217 1973 1216 1973 80 1973 38 1974 40 1974 718 1974 1218 1975 1216 1975 1217 1975 36 1976 38 1976 718 1976 1219 1977 1216 1977 1218 1977 34 1978 36 1978 718 1978 32 1979 34 1979 718 1979 30 1980 32 1980 718 1980 28 1981 30 1981 718 1981 26 1982 28 1982 718 1982 24 1983 26 1983 718 1983 22 1984 24 1984 718 1984 20 1985 22 1985 718 1985 18 1986 20 1986 718 1986 16 1987 18 1987 718 1987 14 1988 16 1988 718 1988 12 1989 14 1989 718 1989 10 1990 12 1990 718 1990 8 1991 10 1991 718 1991 6 1992 8 1992 718 1992 4 1993 6 1993 718 1993 2 1994 4 1994 718 1994 0 1995 2 1995 718 1995 1220 1996 0 1996 718 1996 1150 1997 853 1997 1148 1997 1150 1998 1216 1998 1219 1998 1150 1999 1221 1999 1222 1999 1150 2000 1223 2000 1221 2000 1150 2001 1224 2001 1223 2001 1150 2002 1225 2002 1224 2002 1150 2003 1226 2003 1225 2003 1150 2004 1227 2004 1226 2004 1150 2005 1228 2005 1227 2005 1150 2006 1229 2006 1228 2006 1150 2007 1230 2007 1229 2007 1150 2008 1231 2008 1230 2008 1150 2009 1232 2009 1231 2009 1150 2010 1233 2010 1232 2010 1150 2011 1234 2011 1233 2011 1150 2012 1235 2012 1234 2012 1150 2013 1236 2013 1235 2013 1150 2014 1237 2014 1236 2014 1150 2015 1238 2015 1237 2015 1150 2016 1219 2016 1238 2016 851 2017 1220 2017 718 2017 851 2018 1150 2018 1222 2018 851 2019 1239 2019 1220 2019 851 2020 1240 2020 1239 2020 851 2021 1241 2021 1240 2021 851 2022 1242 2022 1241 2022 851 2023 1243 2023 1242 2023 851 2024 1244 2024 1243 2024 851 2025 1245 2025 1244 2025 851 2026 1246 2026 1245 2026 851 2027 1247 2027 1246 2027 851 2028 1248 2028 1247 2028 851 2029 1249 2029 1248 2029 851 2030 1250 2030 1249 2030 851 2031 1251 2031 1250 2031 851 2032 1252 2032 1251 2032 851 2033 1253 2033 1252 2033 851 2034 1254 2034 1253 2034 851 2035 1255 2035 1254 2035 851 2036 1222 2036 1255 2036 851 2037 853 2037 1150 2037 1214 2038 1256 2038 716 2038 1256 2039 717 2039 716 2039 61 2040 59 2040 1256 2040 1256 2041 62 2041 61 2041 1256 2042 65 2042 62 2042 59 2043 57 2043 1256 2043 1256 2044 67 2044 65 2044 57 2045 55 2045 1256 2045 55 2046 53 2046 1256 2046 1256 2047 69 2047 67 2047 53 2048 51 2048 1256 2048 1256 2049 71 2049 69 2049 51 2050 49 2050 1256 2050 1256 2051 72 2051 71 2051 49 2052 47 2052 1256 2052 1256 2053 47 2053 717 2053 1256 2054 75 2054 72 2054 47 2055 45 2055 717 2055 1256 2056 77 2056 75 2056 45 2057 43 2057 717 2057 1256 2058 78 2058 77 2058 1256 2059 81 2059 78 2059 43 2060 41 2060 717 2060 1256 2061 1257 2061 81 2061 41 2062 39 2062 717 2062 39 2063 37 2063 717 2063 1256 2064 1258 2064 1257 2064 37 2065 35 2065 717 2065 1256 2066 1259 2066 1258 2066 35 2067 33 2067 717 2067 33 2068 31 2068 717 2068 31 2069 29 2069 717 2069 29 2070 27 2070 717 2070 27 2071 25 2071 717 2071 25 2072 23 2072 717 2072 23 2073 21 2073 717 2073 21 2074 19 2074 717 2074 19 2075 17 2075 717 2075 17 2076 15 2076 717 2076 15 2077 13 2077 717 2077 13 2078 11 2078 717 2078 11 2079 9 2079 717 2079 9 2080 7 2080 717 2080 7 2081 5 2081 717 2081 5 2082 3 2082 717 2082 3 2083 1 2083 717 2083 1256 2084 1149 2084 1259 2084 1259 2085 1149 2085 1260 2085 1260 2086 1149 2086 1261 2086 1261 2087 1149 2087 1262 2087 1262 2088 1149 2088 1263 2088 1263 2089 1149 2089 1264 2089 1264 2090 1149 2090 1265 2090 1265 2091 1149 2091 1266 2091 1266 2092 1149 2092 1267 2092 1267 2093 1149 2093 1268 2093 1268 2094 1149 2094 1269 2094 1269 2095 1149 2095 1270 2095 1270 2096 1149 2096 1271 2096 1271 2097 1149 2097 1272 2097 1272 2098 1149 2098 1273 2098 1273 2099 1146 2099 1274 2099 1274 2100 1146 2100 1275 2100 1275 2101 1146 2101 1276 2101 1276 2102 1146 2102 1277 2102 1277 2103 1146 2103 1278 2103 1278 2104 1146 2104 1279 2104 1279 2105 1146 2105 1280 2105 1280 2106 1146 2106 1281 2106 1281 2107 1146 2107 1282 2107 1282 2108 1146 2108 1283 2108 1283 2109 1146 2109 1284 2109 1149 2110 1146 2110 1273 2110 1284 2111 1146 2111 1285 2111 1285 2112 1146 2112 1286 2112 1286 2113 1146 2113 1287 2113 1287 2114 1146 2114 1288 2114 1288 2115 1146 2115 1289 2115 1289 2116 1146 2116 1290 2116 1290 2117 1146 2117 1291 2117 1291 2118 1146 2118 1292 2118 1292 2119 1146 2119 1293 2119 1293 2120 1146 2120 1294 2120 1294 2121 1146 2121 1295 2121 1295 2122 1146 2122 1 2122 1146 2123 717 2123 1 2123 464 2124 465 2124 945 2124 1296 2125 464 2125 945 2125 1296 2126 945 2126 944 2126 1297 2127 1296 2127 944 2127 1297 2128 944 2128 943 2128 1298 2129 1297 2129 943 2129 1298 2130 943 2130 942 2130 1299 2131 1298 2131 942 2131 1299 2132 942 2132 941 2132 1300 2133 1299 2133 941 2133 1300 2134 941 2134 940 2134 1301 2135 940 2135 939 2135 1301 2136 1300 2136 940 2136 1302 2137 939 2137 938 2137 1302 2138 1301 2138 939 2138 1303 2139 938 2139 937 2139 1303 2140 1302 2140 938 2140 1304 2141 937 2141 936 2141 1304 2142 1303 2142 937 2142 1305 2143 936 2143 935 2143 1305 2144 1304 2144 936 2144 1306 2145 935 2145 934 2145 1306 2146 1305 2146 935 2146 1307 2147 934 2147 933 2147 1307 2148 1306 2148 934 2148 1308 2149 933 2149 932 2149 1308 2150 1307 2150 933 2150 1309 2151 932 2151 931 2151 1309 2152 1308 2152 932 2152 1310 2153 931 2153 930 2153 1310 2154 1309 2154 931 2154 1311 2155 930 2155 929 2155 1311 2156 1310 2156 930 2156 1312 2157 1311 2157 929 2157 1312 2158 929 2158 928 2158 1313 2159 1312 2159 928 2159 1313 2160 928 2160 927 2160 1314 2161 1313 2161 927 2161 1314 2162 927 2162 926 2162 1315 2163 1314 2163 926 2163 1315 2164 926 2164 925 2164 1316 2165 1315 2165 925 2165 1317 2166 1316 2166 925 2166 1317 2167 924 2167 923 2167 1317 2168 925 2168 924 2168 1318 2169 1317 2169 923 2169 1318 2170 923 2170 922 2170 1319 2171 1318 2171 922 2171 1320 2172 1319 2172 922 2172 1320 2173 919 2173 921 2173 1320 2174 922 2174 919 2174 1321 2175 1320 2175 921 2175 1321 2176 921 2176 951 2176 1322 2177 951 2177 950 2177 1322 2178 1321 2178 951 2178 1323 2179 1322 2179 950 2179 1323 2180 950 2180 949 2180 1324 2181 949 2181 948 2181 1324 2182 1323 2182 949 2182 1325 2183 948 2183 946 2183 1325 2184 1324 2184 948 2184 1326 2185 946 2185 947 2185 1326 2186 1325 2186 946 2186 1327 2187 947 2187 964 2187 1327 2188 1326 2188 947 2188 1328 2189 964 2189 963 2189 1328 2190 1327 2190 964 2190 1329 2191 1328 2191 963 2191 1330 2192 962 2192 961 2192 1330 2193 963 2193 962 2193 1330 2194 1329 2194 963 2194 1331 2195 961 2195 960 2195 1331 2196 1330 2196 961 2196 1332 2197 1331 2197 960 2197 1333 2198 959 2198 958 2198 1333 2199 960 2199 959 2199 1333 2200 1332 2200 960 2200 1334 2201 958 2201 957 2201 1334 2202 1333 2202 958 2202 1335 2203 1334 2203 957 2203 1336 2204 956 2204 955 2204 1336 2205 957 2205 956 2205 1336 2206 1335 2206 957 2206 1337 2207 955 2207 954 2207 1337 2208 1336 2208 955 2208 1338 2209 954 2209 952 2209 1338 2210 1337 2210 954 2210 1339 2211 1338 2211 952 2211 1340 2212 1339 2212 952 2212 1340 2213 953 2213 965 2213 1340 2214 952 2214 953 2214 1341 2215 1340 2215 965 2215 1341 2216 965 2216 966 2216 1342 2217 1341 2217 966 2217 1342 2218 966 2218 967 2218 1343 2219 1342 2219 967 2219 1344 2220 1343 2220 967 2220 1344 2221 969 2221 970 2221 1344 2222 967 2222 969 2222 1345 2223 970 2223 971 2223 1345 2224 1344 2224 970 2224 1346 2225 1345 2225 971 2225 1347 2226 972 2226 973 2226 1347 2227 971 2227 972 2227 1347 2228 1346 2228 971 2228 1348 2229 1347 2229 973 2229 1349 2230 974 2230 975 2230 1349 2231 973 2231 974 2231 1349 2232 1348 2232 973 2232 1350 2233 1349 2233 975 2233 1351 2234 976 2234 977 2234 1351 2235 975 2235 976 2235 1351 2236 1350 2236 975 2236 1352 2237 977 2237 978 2237 1352 2238 1351 2238 977 2238 1353 2239 1352 2239 978 2239 1354 2240 979 2240 980 2240 1354 2241 978 2241 979 2241 1354 2242 1353 2242 978 2242 1355 2243 1354 2243 980 2243 1356 2244 980 2244 981 2244 1356 2245 1355 2245 980 2245 1357 2246 981 2246 982 2246 1357 2247 1356 2247 981 2247 338 2248 982 2248 339 2248 338 2249 1357 2249 982 2249 337 2250 336 2250 1358 2250 1358 2251 1359 2251 1360 2251 336 2252 1359 2252 1358 2252 1360 2253 1361 2253 1362 2253 1359 2254 1361 2254 1360 2254 1362 2255 1363 2255 1364 2255 1361 2256 1363 2256 1362 2256 1364 2257 1365 2257 1366 2257 1363 2258 1365 2258 1364 2258 1366 2259 1367 2259 1368 2259 1365 2260 1367 2260 1366 2260 1368 2261 1369 2261 1370 2261 1367 2262 1369 2262 1368 2262 1370 2263 1371 2263 1372 2263 1369 2264 1371 2264 1370 2264 1372 2265 1373 2265 1374 2265 1371 2266 1373 2266 1372 2266 1374 2267 1375 2267 1376 2267 1373 2268 1375 2268 1374 2268 1376 2269 1377 2269 1378 2269 1375 2270 1377 2270 1376 2270 1378 2271 1379 2271 1380 2271 1377 2272 1379 2272 1378 2272 1380 2273 1381 2273 1382 2273 1379 2274 1381 2274 1380 2274 1382 2275 1383 2275 1384 2275 1381 2276 1383 2276 1382 2276 1384 2277 1385 2277 1386 2277 1383 2278 1385 2278 1384 2278 1386 2279 1387 2279 1388 2279 1385 2280 1387 2280 1386 2280 1388 2281 1389 2281 1390 2281 1387 2282 1389 2282 1388 2282 1389 2283 1391 2283 1390 2283 1390 2284 1391 2284 1392 2284 1391 2285 1393 2285 1392 2285 1392 2286 1393 2286 1394 2286 1393 2287 1395 2287 1394 2287 1394 2288 1395 2288 1396 2288 1396 2289 1397 2289 1398 2289 1395 2290 1397 2290 1396 2290 1398 2291 1399 2291 1400 2291 1397 2292 1399 2292 1398 2292 1400 2293 1401 2293 1402 2293 1399 2294 1401 2294 1400 2294 1402 2295 1403 2295 1404 2295 1401 2296 1403 2296 1402 2296 1403 2297 1405 2297 1404 2297 1406 2298 1407 2298 1408 2298 1404 2299 1407 2299 1406 2299 1405 2300 1407 2300 1404 2300 1408 2301 1409 2301 1410 2301 1407 2302 1409 2302 1408 2302 1409 2303 1411 2303 1410 2303 1410 2304 1411 2304 1412 2304 1411 2305 1413 2305 1412 2305 1413 2306 1414 2306 1412 2306 1415 2307 1414 2307 1416 2307 1412 2308 1414 2308 1415 2308 1414 2309 1417 2309 1416 2309 1416 2310 1417 2310 1418 2310 1417 2311 1419 2311 1418 2311 1418 2312 1419 2312 1420 2312 1419 2313 1421 2313 1420 2313 1420 2314 1421 2314 1422 2314 1421 2315 1423 2315 1422 2315 1423 2316 1424 2316 1422 2316 1425 2317 1424 2317 1426 2317 1422 2318 1424 2318 1425 2318 1424 2319 1427 2319 1426 2319 1426 2320 1427 2320 1428 2320 1427 2321 1429 2321 1428 2321 1428 2322 1429 2322 1430 2322 1429 2323 1431 2323 1430 2323 1430 2324 1431 2324 1432 2324 1431 2325 1433 2325 1432 2325 1432 2326 1433 2326 1434 2326 1434 2327 1435 2327 1436 2327 1433 2328 1435 2328 1434 2328 1436 2329 1437 2329 1438 2329 1435 2330 1437 2330 1436 2330 1438 2331 1439 2331 1440 2331 1437 2332 1439 2332 1438 2332 1439 2333 1441 2333 1440 2333 1441 2334 1442 2334 1440 2334 1443 2335 1442 2335 1444 2335 1440 2336 1442 2336 1443 2336 1444 2337 1445 2337 1446 2337 1442 2338 1445 2338 1444 2338 1445 2339 1447 2339 1446 2339 1446 2340 1447 2340 1448 2340 1447 2341 1449 2341 1448 2341 1449 2342 1450 2342 1448 2342 1448 2343 1450 2343 1451 2343 1450 2344 1452 2344 1451 2344 1451 2345 1452 2345 1453 2345 1452 2346 1454 2346 1453 2346 1453 2347 1454 2347 1455 2347 1454 2348 1456 2348 1455 2348 1457 2349 1456 2349 1458 2349 1455 2350 1456 2350 1457 2350 1456 2351 1459 2351 1458 2351 1458 2352 1459 2352 1460 2352 1459 2353 1461 2353 1460 2353 1460 2354 1461 2354 1462 2354 1461 2355 1463 2355 1462 2355 1463 2356 1464 2356 1462 2356 1465 2357 1464 2357 1466 2357 1462 2358 1464 2358 1465 2358 1464 2359 1467 2359 1466 2359 1466 2360 1467 2360 1468 2360 1467 2361 1469 2361 1468 2361 1468 2362 1469 2362 1470 2362 1469 2363 1471 2363 1470 2363 1471 2364 1472 2364 1470 2364 1473 2365 1472 2365 1474 2365 1470 2366 1472 2366 1473 2366 1472 2367 1475 2367 1474 2367 1476 2368 1477 2368 1478 2368 1474 2369 1477 2369 1476 2369 1475 2370 1477 2370 1474 2370 1477 2371 1479 2371 1478 2371 1478 2372 1479 2372 1480 2372 1480 2373 1481 2373 210 2373 1479 2374 1481 2374 1480 2374 1481 2375 211 2375 210 2375 534 2376 287 2376 285 2376 534 2377 288 2377 287 2377 534 2378 291 2378 288 2378 534 2379 293 2379 291 2379 534 2380 295 2380 293 2380 534 2381 296 2381 295 2381 534 2382 299 2382 296 2382 534 2383 300 2383 299 2383 534 2384 303 2384 300 2384 534 2385 304 2385 303 2385 534 2386 307 2386 304 2386 534 2387 308 2387 307 2387 534 2388 310 2388 308 2388 534 2389 312 2389 310 2389 534 2390 315 2390 312 2390 534 2391 316 2391 315 2391 534 2392 319 2392 316 2392 534 2393 320 2393 319 2393 534 2394 322 2394 320 2394 534 2395 324 2395 322 2395 534 2396 326 2396 324 2396 534 2397 329 2397 326 2397 534 2398 330 2398 329 2398 534 2399 333 2399 330 2399 534 2400 335 2400 333 2400 534 2401 336 2401 335 2401 534 2402 277 2402 275 2402 534 2403 279 2403 277 2403 534 2404 280 2404 279 2404 534 2405 283 2405 280 2405 534 2406 285 2406 283 2406 536 2407 534 2407 275 2407 536 2408 249 2408 247 2408 536 2409 251 2409 249 2409 536 2410 253 2410 251 2410 536 2411 255 2411 253 2411 536 2412 257 2412 255 2412 536 2413 259 2413 257 2413 536 2414 261 2414 259 2414 536 2415 263 2415 261 2415 536 2416 265 2416 263 2416 536 2417 267 2417 265 2417 536 2418 269 2418 267 2418 536 2419 270 2419 269 2419 536 2420 273 2420 270 2420 536 2421 275 2421 273 2421 245 2422 536 2422 247 2422 243 2423 536 2423 245 2423 241 2424 536 2424 243 2424 239 2425 536 2425 241 2425 535 2426 1359 2426 336 2426 535 2427 1361 2427 1359 2427 535 2428 1363 2428 1361 2428 535 2429 1365 2429 1363 2429 535 2430 1367 2430 1365 2430 535 2431 1369 2431 1367 2431 535 2432 1371 2432 1369 2432 535 2433 1373 2433 1371 2433 535 2434 1375 2434 1373 2434 535 2435 1377 2435 1375 2435 535 2436 1379 2436 1377 2436 535 2437 1381 2437 1379 2437 535 2438 1383 2438 1381 2438 535 2439 1385 2439 1383 2439 535 2440 1387 2440 1385 2440 535 2441 1389 2441 1387 2441 535 2442 1391 2442 1389 2442 535 2443 336 2443 534 2443 1393 2444 1391 2444 535 2444 237 2445 536 2445 239 2445 1395 2446 1393 2446 535 2446 235 2447 536 2447 237 2447 1397 2448 1395 2448 535 2448 233 2449 536 2449 235 2449 1399 2450 1397 2450 535 2450 231 2451 536 2451 233 2451 1401 2452 1399 2452 535 2452 229 2453 536 2453 231 2453 1403 2454 1401 2454 535 2454 227 2455 536 2455 229 2455 1405 2456 1403 2456 535 2456 225 2457 536 2457 227 2457 1407 2458 1405 2458 535 2458 223 2459 536 2459 225 2459 1409 2460 1407 2460 535 2460 221 2461 536 2461 223 2461 1411 2462 1409 2462 535 2462 219 2463 536 2463 221 2463 1413 2464 1411 2464 535 2464 217 2465 536 2465 219 2465 1414 2466 1413 2466 535 2466 215 2467 536 2467 217 2467 1417 2468 1414 2468 535 2468 213 2469 536 2469 215 2469 1419 2470 1417 2470 535 2470 1419 2471 535 2471 540 2471 211 2472 536 2472 213 2472 211 2473 540 2473 536 2473 1421 2474 1419 2474 540 2474 1481 2475 540 2475 211 2475 1423 2476 1421 2476 540 2476 1479 2477 540 2477 1481 2477 1424 2478 1423 2478 540 2478 1477 2479 540 2479 1479 2479 1427 2480 1424 2480 540 2480 1475 2481 540 2481 1477 2481 1429 2482 1427 2482 540 2482 1472 2483 540 2483 1475 2483 1431 2484 1429 2484 540 2484 1471 2485 540 2485 1472 2485 1433 2486 1431 2486 540 2486 1469 2487 540 2487 1471 2487 1435 2488 1433 2488 540 2488 1467 2489 540 2489 1469 2489 1437 2490 1435 2490 540 2490 1464 2491 540 2491 1467 2491 1439 2492 1437 2492 540 2492 1463 2493 540 2493 1464 2493 1441 2494 1439 2494 540 2494 1461 2495 540 2495 1463 2495 1442 2496 1441 2496 540 2496 1459 2497 540 2497 1461 2497 1445 2498 1442 2498 540 2498 1456 2499 540 2499 1459 2499 1447 2500 1445 2500 540 2500 1454 2501 540 2501 1456 2501 1449 2502 1447 2502 540 2502 1452 2503 540 2503 1454 2503 1450 2504 1449 2504 540 2504 1450 2505 540 2505 1452 2505 306 2506 1482 2506 1483 2506 306 2507 1483 2507 305 2507 302 2508 1483 2508 1484 2508 302 2509 1484 2509 1485 2509 302 2510 305 2510 1483 2510 309 2511 1486 2511 1482 2511 309 2512 1482 2512 306 2512 301 2513 302 2513 1485 2513 311 2514 1487 2514 1486 2514 311 2515 1486 2515 309 2515 298 2516 1485 2516 1488 2516 298 2517 301 2517 1485 2517 313 2518 1489 2518 1490 2518 313 2519 1490 2519 1487 2519 313 2520 1487 2520 311 2520 297 2521 1488 2521 1491 2521 297 2522 298 2522 1488 2522 314 2523 1489 2523 313 2523 294 2524 1491 2524 1492 2524 294 2525 297 2525 1491 2525 317 2526 1489 2526 314 2526 317 2527 1493 2527 1489 2527 292 2528 1492 2528 1494 2528 292 2529 1494 2529 1495 2529 292 2530 294 2530 1492 2530 318 2531 1496 2531 1497 2531 318 2532 1497 2532 1493 2532 318 2533 1493 2533 317 2533 290 2534 292 2534 1495 2534 321 2535 1498 2535 1496 2535 321 2536 1496 2536 318 2536 289 2537 1495 2537 1499 2537 289 2538 290 2538 1495 2538 323 2539 1498 2539 321 2539 286 2540 289 2540 1499 2540 286 2541 1499 2541 1500 2541 325 2542 1501 2542 1502 2542 325 2543 1502 2543 1498 2543 325 2544 1498 2544 323 2544 284 2545 286 2545 1500 2545 284 2546 1500 2546 1503 2546 327 2547 1501 2547 325 2547 282 2548 284 2548 1503 2548 282 2549 1503 2549 1504 2549 282 2550 1504 2550 1505 2550 328 2551 1506 2551 1501 2551 328 2552 1501 2552 327 2552 281 2553 282 2553 1505 2553 331 2554 1507 2554 1508 2554 331 2555 1508 2555 1506 2555 331 2556 1506 2556 328 2556 278 2557 1505 2557 1509 2557 278 2558 281 2558 1505 2558 332 2559 1507 2559 331 2559 276 2560 278 2560 1509 2560 276 2561 1509 2561 1510 2561 334 2562 1511 2562 1507 2562 334 2563 1507 2563 332 2563 274 2564 1510 2564 1512 2564 274 2565 1512 2565 1513 2565 274 2566 276 2566 1510 2566 337 2567 84 2567 1511 2567 337 2568 1511 2568 334 2568 272 2569 274 2569 1513 2569 1358 2570 85 2570 84 2570 1358 2571 84 2571 337 2571 271 2572 1513 2572 1514 2572 271 2573 1514 2573 1515 2573 271 2574 272 2574 1513 2574 1360 2575 89 2575 87 2575 1360 2576 87 2576 85 2576 1360 2577 85 2577 1358 2577 268 2578 271 2578 1515 2578 1362 2579 89 2579 1360 2579 266 2580 268 2580 1515 2580 266 2581 1515 2581 1516 2581 1517 2582 266 2582 1516 2582 1364 2583 89 2583 1362 2583 1364 2584 91 2584 89 2584 93 2585 91 2585 1364 2585 264 2586 266 2586 1517 2586 1366 2587 93 2587 1364 2587 262 2588 1517 2588 1518 2588 262 2589 264 2589 1517 2589 1368 2590 94 2590 93 2590 1368 2591 93 2591 1366 2591 260 2592 262 2592 1518 2592 260 2593 1518 2593 1519 2593 1370 2594 94 2594 1368 2594 1370 2595 97 2595 94 2595 98 2596 97 2596 1370 2596 258 2597 260 2597 1519 2597 258 2598 1519 2598 1520 2598 1372 2599 98 2599 1370 2599 256 2600 258 2600 1520 2600 256 2601 1520 2601 1521 2601 1374 2602 100 2602 98 2602 1374 2603 98 2603 1372 2603 254 2604 256 2604 1521 2604 254 2605 1521 2605 1522 2605 1376 2606 103 2606 100 2606 1376 2607 100 2607 1374 2607 1523 2608 254 2608 1522 2608 252 2609 254 2609 1523 2609 105 2610 103 2610 1376 2610 1378 2611 105 2611 1376 2611 250 2612 1523 2612 1524 2612 250 2613 252 2613 1523 2613 1380 2614 106 2614 105 2614 1380 2615 105 2615 1378 2615 248 2616 1524 2616 1525 2616 248 2617 250 2617 1524 2617 109 2618 106 2618 1380 2618 1382 2619 109 2619 1380 2619 246 2620 1525 2620 1526 2620 246 2621 248 2621 1525 2621 1384 2622 111 2622 109 2622 1384 2623 109 2623 1382 2623 244 2624 246 2624 1526 2624 244 2625 1526 2625 1527 2625 113 2626 111 2626 1384 2626 1386 2627 113 2627 1384 2627 242 2628 1527 2628 1528 2628 242 2629 244 2629 1527 2629 115 2630 1386 2630 1388 2630 115 2631 113 2631 1386 2631 1529 2632 242 2632 1528 2632 1529 2633 240 2633 242 2633 117 2634 115 2634 1388 2634 117 2635 1388 2635 1390 2635 1530 2636 238 2636 240 2636 1530 2637 240 2637 1529 2637 119 2638 117 2638 1390 2638 119 2639 1390 2639 1392 2639 1531 2640 238 2640 1530 2640 1531 2641 236 2641 238 2641 1394 2642 119 2642 1392 2642 121 2643 119 2643 1394 2643 234 2644 236 2644 1531 2644 1532 2645 234 2645 1531 2645 123 2646 1394 2646 1396 2646 123 2647 121 2647 1394 2647 1533 2648 234 2648 1532 2648 1533 2649 232 2649 234 2649 1398 2650 123 2650 1396 2650 125 2651 123 2651 1398 2651 230 2652 232 2652 1533 2652 1534 2653 230 2653 1533 2653 127 2654 1398 2654 1400 2654 127 2655 125 2655 1398 2655 1535 2656 230 2656 1534 2656 1535 2657 228 2657 230 2657 1402 2658 127 2658 1400 2658 129 2659 127 2659 1402 2659 1536 2660 228 2660 1535 2660 1536 2661 226 2661 228 2661 224 2662 226 2662 1536 2662 131 2663 1402 2663 1404 2663 131 2664 129 2664 1402 2664 1406 2665 131 2665 1404 2665 1537 2666 224 2666 1536 2666 222 2667 224 2667 1537 2667 133 2668 131 2668 1406 2668 1538 2669 222 2669 1537 2669 220 2670 222 2670 1538 2670 135 2671 1406 2671 1408 2671 135 2672 133 2672 1406 2672 1410 2673 135 2673 1408 2673 1539 2674 220 2674 1538 2674 218 2675 220 2675 1539 2675 137 2676 135 2676 1410 2676 1540 2677 218 2677 1539 2677 139 2678 1410 2678 1412 2678 139 2679 137 2679 1410 2679 1541 2680 218 2680 1540 2680 1541 2681 216 2681 218 2681 141 2682 1412 2682 1415 2682 141 2683 139 2683 1412 2683 1542 2684 216 2684 1541 2684 1542 2685 214 2685 216 2685 143 2686 141 2686 1415 2686 143 2687 1415 2687 1416 2687 1543 2688 214 2688 1542 2688 1543 2689 212 2689 214 2689 145 2690 143 2690 1416 2690 145 2691 1416 2691 1418 2691 209 2692 212 2692 1543 2692 209 2693 210 2693 212 2693 147 2694 1418 2694 1420 2694 147 2695 145 2695 1418 2695 206 2696 210 2696 209 2696 206 2697 1480 2697 210 2697 149 2698 1420 2698 1422 2698 149 2699 147 2699 1420 2699 205 2700 1480 2700 206 2700 205 2701 1478 2701 1480 2701 151 2702 1422 2702 1425 2702 151 2703 149 2703 1422 2703 203 2704 1478 2704 205 2704 203 2705 1476 2705 1478 2705 203 2706 1474 2706 1476 2706 153 2707 1426 2707 1428 2707 153 2708 1425 2708 1426 2708 153 2709 151 2709 1425 2709 201 2710 1474 2710 203 2710 155 2711 153 2711 1428 2711 199 2712 1474 2712 201 2712 199 2713 1473 2713 1474 2713 199 2714 1470 2714 1473 2714 156 2715 1428 2715 1430 2715 156 2716 155 2716 1428 2716 196 2717 1470 2717 199 2717 159 2718 1430 2718 1432 2718 159 2719 156 2719 1430 2719 194 2720 1470 2720 196 2720 194 2721 1468 2721 1470 2721 161 2722 1434 2722 1436 2722 161 2723 1432 2723 1434 2723 161 2724 159 2724 1432 2724 192 2725 1468 2725 194 2725 192 2726 1466 2726 1468 2726 162 2727 161 2727 1436 2727 191 2728 1465 2728 1466 2728 191 2729 1466 2729 192 2729 164 2730 1438 2730 1440 2730 164 2731 1436 2731 1438 2731 164 2732 162 2732 1436 2732 188 2733 1465 2733 191 2733 188 2734 1462 2734 1465 2734 188 2735 1460 2735 1462 2735 166 2736 164 2736 1440 2736 187 2737 1460 2737 188 2737 169 2738 1440 2738 1443 2738 169 2739 166 2739 1440 2739 184 2740 1460 2740 187 2740 184 2741 1458 2741 1460 2741 170 2742 1443 2742 1444 2742 170 2743 169 2743 1443 2743 183 2744 1457 2744 1458 2744 183 2745 1458 2745 184 2745 172 2746 1444 2746 1446 2746 172 2747 170 2747 1444 2747 181 2748 1455 2748 1457 2748 181 2749 1453 2749 1455 2749 181 2750 1457 2750 183 2750 175 2751 1446 2751 1448 2751 175 2752 172 2752 1446 2752 178 2753 1451 2753 1453 2753 178 2754 1453 2754 181 2754 177 2755 1448 2755 1451 2755 177 2756 175 2756 1448 2756 177 2757 1451 2757 178 2757 208 2758 209 2758 1543 2758 1544 2759 208 2759 1543 2759 1545 2760 1544 2760 1543 2760 1545 2761 1542 2761 1541 2761 1545 2762 1543 2762 1542 2762 1546 2763 1545 2763 1541 2763 1547 2764 1546 2764 1541 2764 1547 2765 1540 2765 1539 2765 1547 2766 1541 2766 1540 2766 1548 2767 1547 2767 1539 2767 1549 2768 1548 2768 1539 2768 1549 2769 1538 2769 1537 2769 1549 2770 1539 2770 1538 2770 1550 2771 1549 2771 1537 2771 1551 2772 1537 2772 1536 2772 1551 2773 1550 2773 1537 2773 1552 2774 1536 2774 1535 2774 1552 2775 1551 2775 1536 2775 1553 2776 1534 2776 1533 2776 1553 2777 1535 2777 1534 2777 1553 2778 1552 2778 1535 2778 1554 2779 1533 2779 1532 2779 1554 2780 1553 2780 1533 2780 1555 2781 1554 2781 1532 2781 1556 2782 1531 2782 1530 2782 1556 2783 1532 2783 1531 2783 1556 2784 1555 2784 1532 2784 1557 2785 1556 2785 1530 2785 1558 2786 1530 2786 1529 2786 1558 2787 1557 2787 1530 2787 1559 2788 1529 2788 1528 2788 1559 2789 1558 2789 1529 2789 1560 2790 1528 2790 1527 2790 1560 2791 1559 2791 1528 2791 1561 2792 1560 2792 1527 2792 1561 2793 1526 2793 1525 2793 1561 2794 1527 2794 1526 2794 1562 2795 1561 2795 1525 2795 1563 2796 1562 2796 1525 2796 1563 2797 1525 2797 1524 2797 1564 2798 1563 2798 1524 2798 1564 2799 1524 2799 1523 2799 1565 2800 1564 2800 1523 2800 1565 2801 1523 2801 1522 2801 1566 2802 1565 2802 1522 2802 1566 2803 1522 2803 1521 2803 1567 2804 1566 2804 1521 2804 1567 2805 1521 2805 1520 2805 1568 2806 1567 2806 1520 2806 1568 2807 1520 2807 1519 2807 1569 2808 1568 2808 1519 2808 1569 2809 1519 2809 1518 2809 1570 2810 1518 2810 1517 2810 1570 2811 1569 2811 1518 2811 1571 2812 1517 2812 1516 2812 1571 2813 1570 2813 1517 2813 1572 2814 1571 2814 1516 2814 1572 2815 1516 2815 1515 2815 1573 2816 1515 2816 1514 2816 1573 2817 1572 2817 1515 2817 1574 2818 1514 2818 1513 2818 1574 2819 1573 2819 1514 2819 1575 2820 1513 2820 1512 2820 1575 2821 1574 2821 1513 2821 1576 2822 1512 2822 1510 2822 1576 2823 1575 2823 1512 2823 1577 2824 1510 2824 1509 2824 1577 2825 1576 2825 1510 2825 1578 2826 1505 2826 1504 2826 1578 2827 1509 2827 1505 2827 1578 2828 1577 2828 1509 2828 1579 2829 1578 2829 1504 2829 1580 2830 1504 2830 1503 2830 1580 2831 1579 2831 1504 2831 1581 2832 1503 2832 1500 2832 1581 2833 1580 2833 1503 2833 1582 2834 1499 2834 1495 2834 1582 2835 1500 2835 1499 2835 1582 2836 1581 2836 1500 2836 1583 2837 1582 2837 1495 2837 1584 2838 1494 2838 1492 2838 1584 2839 1495 2839 1494 2839 1584 2840 1583 2840 1495 2840 1585 2841 1584 2841 1492 2841 1586 2842 1585 2842 1492 2842 1586 2843 1492 2843 1491 2843 1587 2844 1586 2844 1491 2844 1587 2845 1491 2845 1488 2845 1588 2846 1587 2846 1488 2846 1588 2847 1485 2847 1484 2847 1588 2848 1488 2848 1485 2848 1589 2849 1588 2849 1484 2849 1590 2850 1483 2850 1482 2850 1590 2851 1484 2851 1483 2851 1590 2852 1589 2852 1484 2852 1591 2853 1590 2853 1482 2853 1592 2854 1486 2854 1487 2854 1592 2855 1482 2855 1486 2855 1592 2856 1591 2856 1482 2856 1593 2857 1592 2857 1487 2857 1594 2858 1490 2858 1489 2858 1594 2859 1487 2859 1490 2859 1594 2860 1593 2860 1487 2860 1595 2861 1594 2861 1489 2861 1596 2862 1493 2862 1497 2862 1596 2863 1489 2863 1493 2863 1596 2864 1595 2864 1489 2864 1597 2865 1596 2865 1497 2865 1598 2866 1497 2866 1496 2866 1598 2867 1597 2867 1497 2867 1599 2868 1498 2868 1502 2868 1599 2869 1496 2869 1498 2869 1599 2870 1598 2870 1496 2870 1600 2871 1599 2871 1502 2871 1601 2872 1501 2872 1506 2872 1601 2873 1502 2873 1501 2873 1601 2874 1600 2874 1502 2874 1602 2875 1506 2875 1508 2875 1602 2876 1601 2876 1506 2876 1603 2877 1602 2877 1508 2877 1604 2878 1508 2878 1507 2878 1604 2879 1603 2879 1508 2879 1605 2880 1507 2880 1511 2880 1605 2881 1604 2881 1507 2881 83 2882 1511 2882 84 2882 83 2883 1605 2883 1511 2883 1590 2884 1311 2884 1312 2884 1591 2885 1310 2885 1311 2885 1591 2886 1311 2886 1590 2886 1589 2887 1590 2887 1312 2887 1589 2888 1312 2888 1313 2888 1592 2889 1310 2889 1591 2889 1592 2890 1309 2890 1310 2890 1588 2891 1589 2891 1313 2891 1588 2892 1313 2892 1314 2892 1593 2893 1309 2893 1592 2893 1593 2894 1308 2894 1309 2894 1587 2895 1588 2895 1314 2895 1587 2896 1314 2896 1315 2896 1594 2897 1308 2897 1593 2897 1594 2898 1307 2898 1308 2898 1586 2899 1587 2899 1315 2899 1586 2900 1315 2900 1316 2900 1595 2901 1307 2901 1594 2901 1595 2902 1306 2902 1307 2902 1585 2903 1586 2903 1316 2903 1585 2904 1316 2904 1317 2904 1596 2905 1306 2905 1595 2905 1596 2906 1305 2906 1306 2906 1584 2907 1585 2907 1317 2907 1584 2908 1317 2908 1318 2908 1597 2909 1305 2909 1596 2909 1597 2910 1304 2910 1305 2910 1583 2911 1584 2911 1318 2911 1598 2912 1304 2912 1597 2912 1598 2913 1303 2913 1304 2913 1582 2914 1583 2914 1318 2914 1582 2915 1318 2915 1319 2915 1599 2916 1303 2916 1598 2916 1599 2917 1302 2917 1303 2917 1581 2918 1582 2918 1319 2918 1581 2919 1319 2919 1320 2919 1600 2920 1302 2920 1599 2920 1600 2921 1301 2921 1302 2921 1580 2922 1581 2922 1320 2922 1580 2923 1320 2923 1321 2923 1601 2924 1301 2924 1600 2924 1601 2925 1299 2925 1300 2925 1601 2926 1300 2926 1301 2926 1579 2927 1580 2927 1321 2927 1579 2928 1321 2928 1322 2928 1579 2929 1322 2929 1323 2929 1602 2930 1299 2930 1601 2930 1578 2931 1579 2931 1323 2931 1603 2932 1299 2932 1602 2932 1603 2933 1298 2933 1299 2933 1577 2934 1578 2934 1323 2934 1577 2935 1323 2935 1324 2935 1604 2936 1297 2936 1298 2936 1604 2937 1298 2937 1603 2937 1576 2938 1577 2938 1324 2938 1576 2939 1324 2939 1325 2939 1576 2940 1325 2940 1326 2940 1605 2941 1296 2941 1297 2941 1605 2942 1297 2942 1604 2942 1575 2943 1576 2943 1326 2943 1575 2944 1326 2944 1327 2944 83 2945 1296 2945 1605 2945 83 2946 464 2946 1296 2946 1574 2947 1575 2947 1327 2947 82 2948 462 2948 464 2948 82 2949 464 2949 83 2949 1573 2950 1574 2950 1327 2950 1573 2951 1327 2951 1328 2951 86 2952 460 2952 462 2952 86 2953 462 2953 82 2953 1572 2954 1573 2954 1328 2954 1572 2955 1328 2955 1329 2955 88 2956 458 2956 460 2956 88 2957 460 2957 86 2957 1571 2958 1572 2958 1329 2958 1571 2959 1329 2959 1330 2959 90 2960 454 2960 456 2960 90 2961 456 2961 458 2961 90 2962 458 2962 88 2962 1570 2963 1571 2963 1330 2963 1570 2964 1330 2964 1331 2964 92 2965 454 2965 90 2965 1569 2966 1570 2966 1331 2966 1569 2967 1331 2967 1332 2967 95 2968 454 2968 92 2968 95 2969 453 2969 454 2969 1568 2970 1332 2970 1333 2970 1568 2971 1333 2971 1334 2971 1568 2972 1569 2972 1332 2972 96 2973 453 2973 95 2973 96 2974 448 2974 450 2974 96 2975 450 2975 453 2975 1567 2976 1568 2976 1334 2976 99 2977 448 2977 96 2977 1566 2978 1334 2978 1335 2978 1566 2979 1567 2979 1334 2979 101 2980 448 2980 99 2980 101 2981 447 2981 448 2981 1565 2982 1335 2982 1336 2982 1565 2983 1566 2983 1335 2983 102 2984 445 2984 447 2984 102 2985 447 2985 101 2985 1564 2986 1336 2986 1337 2986 1564 2987 1565 2987 1336 2987 104 2988 445 2988 102 2988 104 2989 443 2989 445 2989 1563 2990 1337 2990 1338 2990 1563 2991 1564 2991 1337 2991 107 2992 443 2992 104 2992 107 2993 441 2993 443 2993 1562 2994 1338 2994 1339 2994 1562 2995 1563 2995 1338 2995 108 2996 441 2996 107 2996 108 2997 438 2997 441 2997 1561 2998 1339 2998 1340 2998 1561 2999 1562 2999 1339 2999 110 3000 437 3000 438 3000 110 3001 438 3001 108 3001 1560 3002 1340 3002 1341 3002 1560 3003 1561 3003 1340 3003 112 3004 435 3004 437 3004 112 3005 437 3005 110 3005 1559 3006 1341 3006 1342 3006 1559 3007 1560 3007 1341 3007 433 3008 112 3008 114 3008 433 3009 435 3009 112 3009 1343 3010 1558 3010 1559 3010 1343 3011 1559 3011 1342 3011 430 3012 433 3012 114 3012 430 3013 114 3013 116 3013 1344 3014 1558 3014 1343 3014 1344 3015 1557 3015 1558 3015 429 3016 430 3016 116 3016 429 3017 116 3017 118 3017 1345 3018 1557 3018 1344 3018 1345 3019 1556 3019 1557 3019 1555 3020 1556 3020 1345 3020 426 3021 429 3021 118 3021 426 3022 118 3022 120 3022 122 3023 426 3023 120 3023 1346 3024 1555 3024 1345 3024 424 3025 426 3025 122 3025 1347 3026 1555 3026 1346 3026 1347 3027 1554 3027 1555 3027 1553 3028 1554 3028 1347 3028 423 3029 124 3029 126 3029 423 3030 122 3030 124 3030 423 3031 424 3031 122 3031 1348 3032 1553 3032 1347 3032 421 3033 423 3033 126 3033 421 3034 126 3034 128 3034 1349 3035 1553 3035 1348 3035 1349 3036 1552 3036 1553 3036 419 3037 421 3037 128 3037 1350 3038 1552 3038 1349 3038 1350 3039 1551 3039 1552 3039 416 3040 130 3040 132 3040 416 3041 128 3041 130 3041 416 3042 419 3042 128 3042 1351 3043 1551 3043 1350 3043 1351 3044 1550 3044 1551 3044 415 3045 416 3045 132 3045 1352 3046 1550 3046 1351 3046 1352 3047 1549 3047 1550 3047 412 3048 132 3048 134 3048 412 3049 415 3049 132 3049 1353 3050 1549 3050 1352 3050 1353 3051 1548 3051 1549 3051 1353 3052 1547 3052 1548 3052 411 3053 134 3053 136 3053 411 3054 412 3054 134 3054 1354 3055 1547 3055 1353 3055 408 3056 411 3056 136 3056 408 3057 136 3057 138 3057 1355 3058 1547 3058 1354 3058 1355 3059 1546 3059 1547 3059 407 3060 408 3060 138 3060 407 3061 138 3061 140 3061 1356 3062 1545 3062 1546 3062 1356 3063 1546 3063 1355 3063 405 3064 142 3064 144 3064 405 3065 140 3065 142 3065 405 3066 407 3066 140 3066 1357 3067 1545 3067 1356 3067 1357 3068 1544 3068 1545 3068 402 3069 405 3069 144 3069 338 3070 1544 3070 1357 3070 338 3071 208 3071 1544 3071 401 3072 144 3072 146 3072 401 3073 402 3073 144 3073 341 3074 208 3074 338 3074 341 3075 207 3075 208 3075 341 3076 204 3076 207 3076 399 3077 148 3077 150 3077 399 3078 146 3078 148 3078 399 3079 401 3079 146 3079 343 3080 204 3080 341 3080 343 3081 202 3081 204 3081 396 3082 399 3082 150 3082 345 3083 202 3083 343 3083 345 3084 200 3084 202 3084 395 3085 150 3085 152 3085 395 3086 396 3086 150 3086 347 3087 200 3087 345 3087 393 3088 154 3088 157 3088 393 3089 152 3089 154 3089 393 3090 395 3090 152 3090 349 3091 200 3091 347 3091 349 3092 198 3092 200 3092 391 3093 157 3093 158 3093 391 3094 393 3094 157 3094 351 3095 198 3095 349 3095 351 3096 197 3096 198 3096 351 3097 195 3097 197 3097 389 3098 391 3098 158 3098 353 3099 195 3099 351 3099 353 3100 193 3100 195 3100 387 3101 158 3101 160 3101 387 3102 389 3102 158 3102 355 3103 193 3103 353 3103 385 3104 163 3104 165 3104 385 3105 160 3105 163 3105 385 3106 387 3106 160 3106 357 3107 193 3107 355 3107 357 3108 190 3108 193 3108 383 3109 165 3109 167 3109 383 3110 385 3110 165 3110 359 3111 190 3111 357 3111 359 3112 189 3112 190 3112 381 3113 383 3113 167 3113 361 3114 189 3114 359 3114 361 3115 186 3115 189 3115 379 3116 167 3116 168 3116 379 3117 381 3117 167 3117 363 3118 182 3118 185 3118 363 3119 186 3119 361 3119 363 3120 185 3120 186 3120 377 3121 379 3121 168 3121 377 3122 168 3122 171 3122 365 3123 180 3123 182 3123 365 3124 182 3124 363 3124 375 3125 171 3125 173 3125 375 3126 377 3126 171 3126 367 3127 180 3127 365 3127 373 3128 375 3128 173 3128 373 3129 173 3129 174 3129 369 3130 179 3130 180 3130 369 3131 180 3131 367 3131 371 3132 176 3132 179 3132 371 3133 174 3133 176 3133 371 3134 373 3134 174 3134 371 3135 179 3135 369 3135 1149 3136 1256 3136 1150 3136 1150 3137 1256 3137 1216 3137 1256 3138 1214 3138 1216 3138 1216 3139 1214 3139 1215 3139 81 3140 1257 3140 80 3140 80 3141 1257 3141 1217 3141 1217 3142 1258 3142 1218 3142 1257 3143 1258 3143 1217 3143 1218 3144 1259 3144 1219 3144 1258 3145 1259 3145 1218 3145 1259 3146 1260 3146 1219 3146 1219 3147 1260 3147 1238 3147 1260 3148 1261 3148 1238 3148 1237 3149 1261 3149 1236 3149 1238 3150 1261 3150 1237 3150 1261 3151 1262 3151 1236 3151 1262 3152 1263 3152 1236 3152 1236 3153 1263 3153 1235 3153 1263 3154 1264 3154 1235 3154 1235 3155 1264 3155 1234 3155 1264 3156 1265 3156 1234 3156 1234 3157 1265 3157 1233 3157 1265 3158 1266 3158 1233 3158 1232 3159 1266 3159 1231 3159 1233 3160 1266 3160 1232 3160 1266 3161 1267 3161 1231 3161 1267 3162 1268 3162 1231 3162 1230 3163 1268 3163 1229 3163 1231 3164 1268 3164 1230 3164 1268 3165 1269 3165 1229 3165 1269 3166 1270 3166 1229 3166 1228 3167 1270 3167 1227 3167 1229 3168 1270 3168 1228 3168 1270 3169 1271 3169 1227 3169 1271 3170 1272 3170 1227 3170 1227 3171 1272 3171 1226 3171 1272 3172 1273 3172 1226 3172 1226 3173 1273 3173 1225 3173 1273 3174 1274 3174 1225 3174 1224 3175 1274 3175 1223 3175 1225 3176 1274 3176 1224 3176 1274 3177 1275 3177 1223 3177 1275 3178 1276 3178 1223 3178 1221 3179 1276 3179 1222 3179 1223 3180 1276 3180 1221 3180 1222 3181 1277 3181 1255 3181 1276 3182 1277 3182 1222 3182 1277 3183 1278 3183 1255 3183 1255 3184 1279 3184 1254 3184 1278 3185 1279 3185 1255 3185 1253 3186 1280 3186 1252 3186 1254 3187 1280 3187 1253 3187 1279 3188 1280 3188 1254 3188 1280 3189 1281 3189 1252 3189 1252 3190 1282 3190 1251 3190 1281 3191 1282 3191 1252 3191 1251 3192 1283 3192 1250 3192 1282 3193 1283 3193 1251 3193 1250 3194 1284 3194 1249 3194 1283 3195 1284 3195 1250 3195 1284 3196 1285 3196 1249 3196 1248 3197 1285 3197 1247 3197 1249 3198 1285 3198 1248 3198 1285 3199 1286 3199 1247 3199 1286 3200 1287 3200 1247 3200 1247 3201 1287 3201 1246 3201 1287 3202 1288 3202 1246 3202 1245 3203 1288 3203 1244 3203 1246 3204 1288 3204 1245 3204 1288 3205 1289 3205 1244 3205 1289 3206 1290 3206 1244 3206 1243 3207 1290 3207 1242 3207 1244 3208 1290 3208 1243 3208 1290 3209 1291 3209 1242 3209 1291 3210 1292 3210 1242 3210 1241 3211 1292 3211 1240 3211 1242 3212 1292 3212 1241 3212 1292 3213 1293 3213 1240 3213 1293 3214 1294 3214 1240 3214 1240 3215 1294 3215 1239 3215 1294 3216 1295 3216 1239 3216 1239 3217 1295 3217 1220 3217 1295 3218 1 3218 1220 3218 1220 3219 1 3219 0 3219</p>
        </triangles>
      </mesh>
    </geometry>
  </library_geometries>
  <library_materials>
    <material id="mat_Arducam_support_R_shape" name="Arducam_support_R_shape">
      <instance_effect url="#effect_Arducam_support_R_shape"/>
    </material>
  </library_materials>
  <library_visual_scenes>
    <visual_scene id="myscene">
      <node id="node0" name="node0">
        <instance_geometry url="#geometry0">
          <bind_material>
            <technique_common>
              <instance_material symbol="ref_Arducam_support_R_shape" target="#mat_Arducam_support_R_shape"/>
            </technique_common>
          </bind_material>
        </instance_geometry>
      </node>
    </visual_scene>
  </library_visual_scenes>
  <scene>
    <instance_visual_scene url="#myscene"/>
  </scene>
</COLLADA>
