<COLLADA xmlns="http://www.collada.org/2005/11/COLLADASchema" version="1.4.1">
  <asset>
    <contributor/>
    <created>2026-07-22T21:26:32.360966</created>
    <modified>2026-07-22T21:26:32.360971</modified>
    <unit name="meter" meter="1.0"/>
    <up_axis>Z_UP</up_axis>
  </asset>
  <library_effects>
    <effect id="effect_Base_cover_Top_shape" name="effect_Base_cover_Top_shape">
      <profile_COMMON>
        <technique sid="common">
          <phong>
            <emission>
              <color>0.0 0.0 0.0 1.0</color>
            </emission>
            <ambient>
              <color>0.0 0.0 0.0 1.0</color>
            </ambient>
            <diffuse>
              <color>0.800000011920929 0.800000011920929 0.9019607901573181 1.0</color>
            </diffuse>
            <specular>
              <color>1 1 1 1.0</color>
            </specular>
            <shininess>
              <float>0.0</float>
            </shininess>
            <reflective>
              <color>0.0 0.0 0.0 1.0</color>
            </reflective>
            <reflectivity>
              <float>0.0</float>
            </reflectivity>
            <transparent>
              <color>0.0 0.0 0.0 1.0</color>
            </transparent>
            <transparency>
              <float>1.0</float>
            </transparency>
          </phong>
        </technique>
        <extra>
          <technique profile="GOOGLEEARTH">
            <double_sided>0</double_sided>
          </technique>
        </extra>
      </profile_COMMON>
    </effect>
  </library_effects>
  <library_geometries>
    <geometry id="geometry0" name="Base_cover_Top_shape">
      <mesh>
        <source id="cubeverts-array0">
          <float_array count="11064" id="cubeverts-array0-array">-0.04894309 0.07002475 0.07248798 -0.04892738 0.07002475 0.07249062 -0.04894309 0.07302475 0.07248798 -0.04892738 0.07302475 0.07249062 -0.0489134 0.07002475 0.07249828 -0.0489134 0.07302475 0.07249828 -0.04890271 0.07002475 0.0725101 -0.04890271 0.07302475 0.0725101 -0.1124522 0.07002475 0.06867511 -0.1124367 0.07002475 0.06867511 -0.1124522 0.07302475 0.06867511 -0.1124367 0.07302475 0.06867511 -0.1124211 0.07002475 0.06867513 -0.1124211 0.07302475 0.06867513 -0.1124056 0.07002475 0.06867514 -0.1124056 0.07302475 0.06867514 -0.1127888 0.07002475 0.0557408 -0.1128788 0.07302475 0.05574199 -0.1127888 0.07302475 0.0557408 -0.1128788 0.07002475 0.05574199 -0.1126987 0.07002475 0.05574009 -0.1126987 0.07302475 0.05574009 -0.1126086 0.07002475 0.05573985 -0.1126086 0.07302475 0.05573985 0.1596281 0.06782475 0.01004773 0.159 0.05782475 0.0100634 0.1596281 0.05782475 0.01004773 0.159 0.06782475 0.0100634 0.1602546 0.06782475 0.01000078 0.1602546 0.05782475 0.01000078 0.1608779 0.05782475 0.009922664 0.1608779 0.06782475 0.009922664 0.1614966 0.06782475 0.009813569 0.1614966 0.05782475 0.009813569 0.1621091 0.05782475 0.009673769 0.1621091 0.06782475 0.009673769 0.1627139 0.06782475 0.009503613 0.1627139 0.05782475 0.009503613 0.1633094 0.06782475 0.009303523 0.1633094 0.05782475 0.009303523 0.1638943 0.05782475 0.009073996 0.1638943 0.06782475 0.009073996 0.1644669 0.06782475 0.008815603 0.1644669 0.05782475 0.008815603 0.165026 0.06782475 0.008528987 0.165026 0.05782475 0.008528987 0.1655701 0.06782475 0.008214861 0.1655701 0.05782475 0.008214861 0.1660978 0.05782475 0.007874004 0.1660978 0.06782475 0.007874004 0.1666079 0.06782475 0.007507265 0.1666079 0.05782475 0.007507265 0.1670991 0.06782475 0.007115556 0.1670991 0.05782475 0.007115556 0.1675702 0.06782475 0.006699849 0.1675702 0.05782475 0.006699849 0.1680199 0.05782475 0.006261179 0.1680199 0.06782475 0.006261179 0.1684473 0.06782475 0.005800637 0.1684473 0.05782475 0.005800637 0.1688511 0.06782475 0.005319367 0.1688511 0.05782475 0.005319367 0.1692304 0.05782475 0.004818566 0.1692304 0.06782475 0.004818566 0.1695843 0.06782475 0.004299479 0.1695843 0.05782475 0.004299479 0.1699119 0.06782475 0.003763396 0.1699119 0.05782475 0.003763396 0.1702124 0.06782475 0.00321165 0.1702124 0.05782475 0.00321165 0.170485 0.06782475 0.002645613 0.170485 0.05782475 0.002645613 0.170729 0.06782475 0.002066693 0.170729 0.05782475 0.002066693 0.1709439 0.06782475 0.001476327 0.1709439 0.05782475 0.001476327 0.1711291 0.06782475 0.0008759854 0.1711291 0.05782475 0.0008759854 0.1712841 0.06782475 0.0002671593 0.1712841 0.05782475 0.0002671593 0.1714086 0.06782475 -0.0003486374 0.1714086 0.05782475 -0.0003486374 0.1715022 0.05782475 -0.0009698737 0.1715022 0.06782475 -0.0009698737 0.1715648 0.06782475 -0.001595005 0.1715648 0.05782475 -0.001595005 0.1715961 0.06782475 -0.002222478 0.1715961 0.05782475 -0.002222478 0.1715961 0.06782475 -0.002850731 0.1715961 0.05782475 -0.002850731 0.1715648 0.06782475 -0.003478204 0.1715648 0.05782475 -0.003478204 0.1715022 0.06782475 -0.004103335 0.1715022 0.05782475 -0.004103335 0.1714086 0.06782475 -0.004724572 0.1714086 0.05782475 -0.004724572 0.1712841 0.06782475 -0.005340368 0.1712841 0.05782475 -0.005340368 0.1711291 0.06782475 -0.005949194 0.1711291 0.05782475 -0.005949194 0.1709439 0.05782475 -0.006549536 0.1709439 0.06782475 -0.006549536 0.170729 0.05782475 -0.007139901 0.170729 0.06782475 -0.007139901 0.170485 0.06782475 -0.007718822 0.170485 0.05782475 -0.007718822 0.1702124 0.06782475 -0.008284859 0.1702124 0.05782475 -0.008284859 0.1699119 0.06782475 -0.008836604 0.1699119 0.05782475 -0.008836604 0.1695843 0.06782475 -0.009372687 0.1695843 0.05782475 -0.009372687 0.1692304 0.06782475 -0.009891775 0.1692304 0.05782475 -0.009891775 0.1688511 0.06782475 -0.01039258 0.1688511 0.05782475 -0.01039258 0.1684473 0.06782475 -0.01087385 0.1684473 0.05782475 -0.01087385 0.1680199 0.05782475 -0.01133439 0.1680199 0.06782475 -0.01133439 0.1675702 0.06782475 -0.01177306 0.1675702 0.05782475 -0.01177306 0.1670991 0.06782475 -0.01218876 0.1670991 0.05782475 -0.01218876 0.1666079 0.06782475 -0.01258047 0.1666079 0.05782475 -0.01258047 0.1660978 0.05782475 -0.01294721 0.1660978 0.06782475 -0.01294721 0.1655701 0.06782475 -0.01328807 0.1655701 0.05782475 -0.01328807 0.165026 0.05782475 -0.0136022 0.165026 0.06782475 -0.0136022 0.1644669 0.06782475 -0.01388881 0.1644669 0.05782475 -0.01388881 0.1638943 0.05782475 -0.0141472 0.1638943 0.06782475 -0.0141472 0.1633094 0.06782475 -0.01437673 0.1633094 0.05782475 -0.01437673 0.1627139 0.06782475 -0.01457682 0.1627139 0.05782475 -0.01457682 0.1621091 0.05782475 -0.01474698 0.1621091 0.06782475 -0.01474698 0.1614966 0.06782475 -0.01488678 0.1614966 0.05782475 -0.01488678 0.1608779 0.06782475 -0.01499587 0.1608779 0.05782475 -0.01499587 0.1602546 0.06782475 -0.01507399 0.1602546 0.05782475 -0.01507399 0.1596281 0.06782475 -0.01512094 0.1596281 0.05782475 -0.01512094 0.159 0.06782475 -0.0151366 0.159 0.05782475 -0.0151366 -0.1583719 0.06782475 0.01004773 -0.159 0.05782475 0.0100634 -0.1583719 0.05782475 0.01004773 -0.159 0.06782475 0.0100634 -0.1577454 0.06782475 0.01000078 -0.1577454 0.05782475 0.01000078 -0.1571221 0.05782475 0.009922664 -0.1571221 0.06782475 0.009922664 -0.1565034 0.06782475 0.009813569 -0.1565034 0.05782475 0.009813569 -0.1558909 0.05782475 0.009673769 -0.1558909 0.06782475 0.009673769 -0.1552861 0.06782475 0.009503613 -0.1552861 0.05782475 0.009503613 -0.1546906 0.06782475 0.009303523 -0.1546906 0.05782475 0.009303523 -0.1541057 0.05782475 0.009073996 -0.1541057 0.06782475 0.009073996 -0.1535331 0.06782475 0.008815603 -0.1535331 0.05782475 0.008815603 -0.152974 0.06782475 0.008528987 -0.152974 0.05782475 0.008528987 -0.1524299 0.06782475 0.008214861 -0.1524299 0.05782475 0.008214861 -0.1519022 0.05782475 0.007874004 -0.1519022 0.06782475 0.007874004 -0.1513921 0.06782475 0.007507265 -0.1513921 0.05782475 0.007507265 -0.1509009 0.06782475 0.007115556 -0.1509009 0.05782475 0.007115556 -0.1504298 0.06782475 0.006699849 -0.1504298 0.05782475 0.006699849 -0.1499801 0.05782475 0.006261179 -0.1499801 0.06782475 0.006261179 -0.1495527 0.06782475 0.005800637 -0.1495527 0.05782475 0.005800637 -0.1491489 0.06782475 0.005319367 -0.1491489 0.05782475 0.005319367 -0.1487696 0.05782475 0.004818566 -0.1487696 0.06782475 0.004818566 -0.1484157 0.06782475 0.004299479 -0.1484157 0.05782475 0.004299479 -0.1480881 0.06782475 0.003763396 -0.1480881 0.05782475 0.003763396 -0.1477876 0.06782475 0.00321165 -0.1477876 0.05782475 0.00321165 -0.147515 0.06782475 0.002645613 -0.147515 0.05782475 0.002645613 -0.147271 0.06782475 0.002066693 -0.147271 0.05782475 0.002066693 -0.1470561 0.06782475 0.001476327 -0.1470561 0.05782475 0.001476327 -0.1468709 0.06782475 0.0008759854 -0.1468709 0.05782475 0.0008759854 -0.1467159 0.06782475 0.0002671593 -0.1467159 0.05782475 0.0002671593 -0.1465914 0.06782475 -0.0003486374 -0.1465914 0.05782475 -0.0003486374 -0.1464978 0.05782475 -0.0009698737 -0.1464978 0.06782475 -0.0009698737 -0.1464352 0.06782475 -0.001595005 -0.1464352 0.05782475 -0.001595005 -0.1464039 0.06782475 -0.002222478 -0.1464039 0.05782475 -0.002222478 -0.1464039 0.06782475 -0.002850731 -0.1464039 0.05782475 -0.002850731 -0.1464352 0.06782475 -0.003478204 -0.1464352 0.05782475 -0.003478204 -0.1464978 0.06782475 -0.004103335 -0.1464978 0.05782475 -0.004103335 -0.1465914 0.06782475 -0.004724572 -0.1465914 0.05782475 -0.004724572 -0.1467159 0.06782475 -0.005340368 -0.1467159 0.05782475 -0.005340368 -0.1468709 0.06782475 -0.005949194 -0.1468709 0.05782475 -0.005949194 -0.1470561 0.05782475 -0.006549536 -0.1470561 0.06782475 -0.006549536 -0.147271 0.05782475 -0.007139901 -0.147271 0.06782475 -0.007139901 -0.147515 0.06782475 -0.007718822 -0.147515 0.05782475 -0.007718822 -0.1477876 0.06782475 -0.008284859 -0.1477876 0.05782475 -0.008284859 -0.1480881 0.06782475 -0.008836604 -0.1480881 0.05782475 -0.008836604 -0.1484157 0.06782475 -0.009372687 -0.1484157 0.05782475 -0.009372687 -0.1487696 0.06782475 -0.009891775 -0.1487696 0.05782475 -0.009891775 -0.1491489 0.06782475 -0.01039258 -0.1491489 0.05782475 -0.01039258 -0.1495527 0.06782475 -0.01087385 -0.1495527 0.05782475 -0.01087385 -0.1499801 0.05782475 -0.01133439 -0.1499801 0.06782475 -0.01133439 -0.1504298 0.06782475 -0.01177306 -0.1504298 0.05782475 -0.01177306 -0.1509009 0.06782475 -0.01218876 -0.1509009 0.05782475 -0.01218876 -0.1513921 0.06782475 -0.01258047 -0.1513921 0.05782475 -0.01258047 -0.1519022 0.05782475 -0.01294721 -0.1519022 0.06782475 -0.01294721 -0.1524299 0.06782475 -0.01328807 -0.1524299 0.05782475 -0.01328807 -0.152974 0.05782475 -0.0136022 -0.152974 0.06782475 -0.0136022 -0.1535331 0.06782475 -0.01388881 -0.1535331 0.05782475 -0.01388881 -0.1541057 0.05782475 -0.0141472 -0.1541057 0.06782475 -0.0141472 -0.1546906 0.06782475 -0.01437673 -0.1546906 0.05782475 -0.01437673 -0.1552861 0.06782475 -0.01457682 -0.1552861 0.05782475 -0.01457682 -0.1558909 0.05782475 -0.01474698 -0.1558909 0.06782475 -0.01474698 -0.1565034 0.06782475 -0.01488678 -0.1565034 0.05782475 -0.01488678 -0.1571221 0.06782475 -0.01499587 -0.1571221 0.05782475 -0.01499587 -0.1577454 0.06782475 -0.01507399 -0.1577454 0.05782475 -0.01507399 -0.1583719 0.06782475 -0.01512094 -0.1583719 0.05782475 -0.01512094 -0.159 0.06782475 -0.0151366 -0.159 0.05782475 -0.0151366 -0.17 0.07002475 0.009463395 -0.1764196 0.07002475 -0.0255366 -0.1845 0.07002475 0.009463395 -0.17 0.07002475 0.06946339 -0.17 0.07002475 0.0124634 -0.1723 0.07002475 0.0124634 -0.1723 0.07002475 0.06946339 -0.1393013 0.07002475 0.06583603 -0.1395233 0.07002475 0.06605721 -0.1397425 0.07002475 0.06628114 -0.1390766 0.07002475 0.06561764 -0.1399955 0.07002475 0.06654494 -0.1388491 0.07002475 0.06540176 -0.1402464 0.07002475 0.06681073 -0.138619 0.07002475 0.06518855 -0.1404952 0.07002475 0.0670785 -0.1383865 0.07002475 0.06497803 -0.1407377 0.07002475 0.0673437 -0.1381125 0.07002475 0.06473463 -0.1409781 0.07002475 0.06761081 -0.1378367 0.07002475 0.06449325 -0.1412164 0.07002475 0.06787981 -0.1414082 0.07002475 0.06810122 -0.1375591 0.07002475 0.0642539 -0.1415967 0.07002475 0.06832538 -0.1372842 0.07002475 0.06402032 -0.1417819 0.07002475 0.06855225 -0.1370075 0.07002475 0.06378876 -0.1367292 0.07002475 0.06355925 -0.1365001 0.07002475 0.06337427 -0.1422944 0.07002475 0.06920264 -0.1362685 0.07002475 0.06319238 -0.1360344 0.07002475 0.06301363 -0.1358045 0.07002475 0.06284243 -0.1428483 0.07002475 0.06993154 -0.1355728 0.07002475 0.0626738 -0.1353391 0.07002475 0.06250775 -0.1350642 0.07002475 0.06231612 -0.1433612 0.07002475 0.07062771 -0.1434886 0.07002475 0.07080547 -0.1347881 0.07002475 0.06212642 -0.1436139 0.07002475 0.07098466 -0.1437373 0.07002475 0.07116525 -0.1345105 0.07002475 0.06193864 -0.1438583 0.07002475 0.071347 -0.134236 0.07002475 0.06175567 -0.1439772 0.07002475 0.0715302 -0.1339603 0.07002475 0.06157463 -0.1440938 0.07002475 0.07171484 -0.1336832 0.07002475 0.06139552 -0.1334556 0.07002475 0.06125152 -0.1332261 0.07002475 0.06111043 -0.1445433 0.07002475 0.07244951 -0.1329949 0.07002475 0.06097228 -0.1327701 0.07002475 0.06084127 -0.1325441 0.07002475 0.06071229 -0.1450061 0.07002475 0.07323404 -0.132317 0.07002475 0.06058533 -0.1454105 0.07002475 0.07395035 -0.1315257 0.07002475 0.06015667 -0.1455503 0.07002475 0.07420879 -0.1456866 0.07002475 0.07446917 -0.1458191 0.07002475 0.07473142 -0.1307471 0.07002475 0.05975251 -0.1459814 0.07002475 0.07506097 -0.1305371 0.07002475 0.05964733 -0.130326 0.07002475 0.05954453 -0.1461412 0.07002475 0.07539167 -0.1301136 0.07002475 0.05944411 -0.1462987 0.07002475 0.07572352 -0.1299028 0.07002475 0.05934696 -0.1296912 0.07002475 0.05925164 -0.1464582 0.07002475 0.07606599 -0.1294788 0.07002475 0.05915813 -0.1466152 0.07002475 0.07640961 -0.1467697 0.07002475 0.07675434 -0.1286975 0.07002475 0.05882492 -0.1469016 0.07002475 0.07705567 -0.1470301 0.07002475 0.07735841 -0.1471554 0.07002475 0.07766254 -0.1279014 0.07002475 0.05849882 -0.1272184 0.07002475 0.05823381 -0.1475034 0.07002475 0.07854503 -0.1269781 0.07002475 0.05814561 -0.1267365 0.07002475 0.05806075 -0.1264938 0.07002475 0.05797925 -0.1478595 0.07002475 0.07949584 -0.1255604 0.07002475 0.05768351 -0.1481734 0.07002475 0.0803762 -0.1482455 0.07002475 0.08058813 -0.1483146 0.07002475 0.08080103 -0.1483808 0.07002475 0.08101488 -0.1484419 0.07002475 0.08122101 -0.1245834 0.07002475 0.05739559 -0.1485007 0.07002475 0.08142778 -0.1242942 0.07002475 0.05731506 -0.1485574 0.07002475 0.08163517 -0.1240043 0.07002475 0.05723735 -0.1237137 0.07002475 0.05716245 -0.1234144 0.07002475 0.05708818 -0.1487674 0.07002475 0.08244438 -0.1231145 0.07002475 0.05701638 -0.122814 0.07002475 0.05694705 -0.1489752 0.07002475 0.08329691 -0.1491475 0.07002475 0.08406245 -0.1217421 0.07002475 0.05671274 -0.1493086 0.07002475 0.08485799 -0.1206731 0.07002475 0.05649567 -0.1203771 0.07002475 0.05643919 -0.1200806 0.07002475 0.05638528 -0.1494826 0.07002475 0.08580517 -0.1197837 0.07002475 0.05633395 -0.1194921 0.07002475 0.05628629 -0.1192001 0.07002475 0.05624144 -0.1496429 0.07002475 0.08674935 -0.1189077 0.07002475 0.05619939 -0.1496843 0.07002475 0.08701069 -0.1497237 0.07002475 0.08727235 -0.1497611 0.07002475 0.08753432 -0.1498036 0.07002475 0.08786678 -0.117883 0.07002475 0.05606662 -0.1498394 0.07002475 0.08820004 -0.1498683 0.07002475 0.08853397 -0.1498973 0.07002475 0.08894427 -0.1168738 0.07002475 0.0559546 -0.1165996 0.07002475 0.05592826 -0.1499217 0.07002475 0.08935487 -0.1163251 0.07002475 0.05590501 -0.1499415 0.07002475 0.08976572 -0.1160504 0.07002475 0.05588486 -0.1499605 0.07002475 0.0902651 -0.115266 0.07002475 0.05583697 -0.1499749 0.07002475 0.09076463 -0.1499847 0.07002475 0.09126427 -0.1143828 0.07002475 0.05579306 -0.113537 0.07002475 0.05575895 -0.1124758 0.07002475 0.05574036 -0.1123429 0.07002475 0.05574192 -0.1122101 0.07002475 0.05574451 -0.1113267 0.07002475 0.05577289 -0.1103906 0.07002475 0.05581916 -0.1312803 0.07002475 0.07679005 -0.1305095 0.07002475 0.07591239 -0.1306435 0.07002475 0.07605428 -0.1307756 0.07002475 0.07619803 -0.1309056 0.07002475 0.07634361 -0.1310329 0.07002475 0.07649043 -0.1311578 0.07002475 0.07663926 -0.1284424 0.07002475 0.07395289 -0.1286183 0.07002475 0.07409921 -0.1287918 0.07002475 0.07424827 -0.128963 0.07002475 0.07440004 -0.1291271 0.07002475 0.07454945 -0.1314311 0.07002475 0.07698019 -0.1282284 0.07002475 0.07377924 -0.1292897 0.07002475 0.07470056 -0.1294507 0.07002475 0.07485337 -0.1315802 0.07002475 0.07717155 -0.1299942 0.07002475 0.07538577 -0.1280128 0.07002475 0.07360753 -0.1317278 0.07002475 0.07736414 -0.1318779 0.07002475 0.07756339 -0.110108 0.07002475 0.05583665 -0.1265569 0.07002475 0.07253635 -0.1267505 0.07002475 0.07266726 -0.1269421 0.07002475 0.07280105 -0.1271317 0.07002475 0.07293769 -0.1098255 0.07002475 0.05585631 -0.1263638 0.07002475 0.07240985 -0.126169 0.07002475 0.07228612 -0.1329056 0.07002475 0.07906727 -0.1321732 0.07002475 0.07796553 -0.1322991 0.07002475 0.07814236 -0.1324229 0.07002475 0.07832072 -0.1325444 0.07002475 0.07850062 -0.1326674 0.07002475 0.07868784 -0.1327878 0.07002475 0.07887674 -0.1259724 0.07002475 0.07216516 -0.1273545 0.07002475 0.07310239 -0.1330461 0.07002475 0.07929993 -0.1320264 0.07002475 0.07776385 -0.1257426 0.07002475 0.07202747 -0.1095432 0.07002475 0.05587815 -0.1331847 0.07002475 0.07953368 -0.1255116 0.07002475 0.07189188 -0.1275758 0.07002475 0.07326909 -0.1092456 0.07002475 0.05590397 -0.1089483 0.07002475 0.05593309 -0.1240184 0.07002475 0.071093 -0.1242104 0.07002475 0.07118496 -0.1244007 0.07002475 0.07128018 -0.1245895 0.07002475 0.07137865 -0.1238225 0.07002475 0.07100289 -0.134254 0.07002475 0.0815314 -0.1340486 0.07002475 0.08110494 -0.1341528 0.07002475 0.08131745 -0.1236253 0.07002475 0.07091558 -0.1086514 0.07002475 0.05596551 -0.1343522 0.07002475 0.08174674 -0.133725 0.07002475 0.08048605 -0.1338354 0.07002475 0.08069099 -0.1339433 0.07002475 0.0808973 -0.1234269 0.07002475 0.0708311 -0.1248206 0.07002475 0.07150312 -0.1250505 0.07002475 0.07162971 -0.1344685 0.07002475 0.08200924 -0.1335923 0.07002475 0.08024583 -0.1345827 0.07002475 0.08227265 -0.1334579 0.07002475 0.08000664 -0.1226708 0.07002475 0.07052501 -0.1277956 0.07002475 0.07343777 -0.1333215 0.07002475 0.07976849 -0.1252793 0.07002475 0.07175841 -0.1218824 0.07002475 0.07022545 -0.1216507 0.07002475 0.07014159 -0.1075738 0.07002475 0.05609949 -0.121418 0.07002475 0.0700602 -0.1211845 0.07002475 0.06998127 -0.1209551 0.07002475 0.06990627 -0.1346947 0.07002475 0.08253695 -0.1354381 0.07002475 0.08451704 -0.1352775 0.07002475 0.08403455 -0.1353594 0.07002475 0.08427525 -0.1207249 0.07002475 0.06983348 -0.1355134 0.07002475 0.08475989 -0.1349148 0.07002475 0.08307327 -0.1350216 0.07002475 0.08334272 -0.1351099 0.07002475 0.08357223 -0.1351952 0.07002475 0.08380285 -0.1204941 0.07002475 0.06976289 -0.1348058 0.07002475 0.08280468 -0.1064894 0.07002475 0.05625504 -0.106184 0.07002475 0.0563034 -0.105879 0.07002475 0.05635489 -0.1186404 0.07002475 0.06926397 -0.1188236 0.07002475 0.06930554 -0.119006 0.07002475 0.06935017 -0.1184566 0.07002475 0.06922549 -0.1055746 0.07002475 0.0564095 -0.118276 0.07002475 0.0691903 -0.118095 0.07002475 0.06915714 -0.1052724 0.07002475 0.056467 -0.1179137 0.07002475 0.06912602 -0.1197294 0.07002475 0.06954209 -0.1049708 0.07002475 0.05652775 -0.1172149 0.07002475 0.06901595 -0.1357797 0.07002475 0.08567462 -0.1046699 0.07002475 0.05659175 -0.1043185 0.07002475 0.05666971 -0.1164841 0.07002475 0.0689129 -0.1365587 0.07002475 0.08927126 -0.1364699 0.07002475 0.08864433 -0.1365193 0.07002475 0.08895708 -0.1039676 0.07002475 0.05675004 -0.1365879 0.07002475 0.08958655 -0.1036173 0.07002475 0.05683273 -0.1366133 0.07002475 0.08997417 -0.1363968 0.07002475 0.08824474 -0.1153644 0.07002475 0.06878948 -0.1155994 0.07002475 0.06881016 -0.1158341 0.07002475 0.06883417 -0.1151291 0.07002475 0.06877214 -0.1032727 0.07002475 0.05691653 -0.1366305 0.07002475 0.09036226 -0.1029287 0.07002475 0.05700266 -0.1366394 0.07002475 0.09075062 -0.1358665 0.07002475 0.08598935 -0.1359511 0.07002475 0.08630469 -0.1360334 0.07002475 0.08662061 -0.1361027 0.07002475 0.08689609 -0.1361689 0.07002475 0.08717229 -0.1362323 0.07002475 0.0874492 -0.1363176 0.07002475 0.08784633 -0.17 0.07002475 0.1244634 -0.1490241 0.07002475 0.1027885 -0.1490716 0.07002475 0.1025765 -0.1489745 0.07002475 0.103 -0.148923 0.07002475 0.103211 -0.1491653 0.07002475 0.1021275 -0.1492088 0.07002475 0.1019023 -0.1491196 0.07002475 0.1023522 -0.1493757 0.07002475 0.1009813 -0.1495432 0.07002475 0.09998898 -0.1496848 0.07002475 0.0990718 -0.1142166 0.07002475 0.06872063 -0.1487217 0.07002475 0.1039923 -0.1485039 0.07002475 0.1047877 -0.1366544 0.07002475 0.09297663 -0.1127214 0.07002475 0.06867629 -0.1129906 0.07002475 0.06867986 -0.1132598 0.07002475 0.06868579 -0.1115428 0.07002475 0.06869194 -0.1118303 0.07002475 0.0686829 -0.1121179 0.07002475 0.0686773 -0.1483026 0.07002475 0.1054703 -0.1482305 0.07002475 0.1057012 -0.1481564 0.07002475 0.1059315 -0.1480803 0.07002475 0.1061612 -0.147797 0.07002475 0.1069842 -0.109107 0.07002475 0.06886234 -0.1093577 0.07002475 0.06883463 -0.1096088 0.07002475 0.06881094 -0.1088568 0.07002475 0.06889406 -0.1099254 0.07002475 0.06878495 -0.1475009 0.07002475 0.1078043 -0.1474155 0.07002475 0.1080324 -0.1081694 0.07002475 0.06899428 -0.1102422 0.07002475 0.06876153 -0.1364816 0.07002475 0.09732947 -0.1366212 0.07002475 0.09597959 -0.1365968 0.07002475 0.09637115 -0.1365684 0.07002475 0.09669174 -0.13653 0.07002475 0.09701128 -0.1473282 0.07002475 0.1082598 -0.1472391 0.07002475 0.1084864 -0.13641 0.07002475 0.09773664 -0.1366452 0.07002475 0.09519537 -0.1366373 0.07002475 0.09558761 -0.1363323 0.07002475 0.09814269 -0.146971 0.07002475 0.1091385 -0.1362486 0.07002475 0.09854753 -0.1361873 0.07002475 0.09882735 -0.1361235 0.07002475 0.09910662 -0.1466568 0.07002475 0.1098639 -0.1360573 0.07002475 0.09938531 -0.1059131 0.07002475 0.0694304 -0.1060743 0.07002475 0.06938892 -0.1062361 0.07002475 0.06934972 -0.1057524 0.07002475 0.06947413 -0.1064032 0.07002475 0.06931171 -0.1065707 0.07002475 0.06927602 -0.1067387 0.07002475 0.06924265 -0.1463461 0.07002475 0.1105517 -0.1462635 0.07002475 0.1107281 -0.1051312 0.07002475 0.06965459 -0.107427 0.07002475 0.06911699 -0.146179 0.07002475 0.1109037 -0.1460925 0.07002475 0.1110783 -0.1044831 0.07002475 0.0698567 -0.1458311 0.07002475 0.1115863 -0.1039079 0.07002475 0.07005095 -0.104099 0.07002475 0.06998446 -0.1042908 0.07002475 0.06991971 -0.1454974 0.07002475 0.1122119 -0.1033272 0.07002475 0.07026414 -0.1352194 0.07002475 0.1023417 -0.1353707 0.07002475 0.1018999 -0.1352968 0.07002475 0.1021214 -0.1351385 0.07002475 0.1025607 -0.1355125 0.07002475 0.1014428 -0.1354431 0.07002475 0.1016718 -0.1451491 0.07002475 0.1128488 -0.1350354 0.07002475 0.1028298 -0.135579 0.07002475 0.101213 -0.13493 0.07002475 0.1030979 -0.1448409 0.07002475 0.1133954 -0.1447245 0.07002475 0.113594 -0.1446045 0.07002475 0.1137904 -0.144481 0.07002475 0.1139847 -0.1443088 0.07002475 0.1142481 -0.1011528 0.07002475 0.07117998 -0.1013257 0.07002475 0.07109584 -0.1015 0.07002475 0.07101457 -0.1009813 0.07002475 0.07126695 -0.1016709 0.07002475 0.07093764 -0.1018427 0.07002475 0.07086247 -0.1020151 0.07002475 0.07078909 -0.1342691 0.07002475 0.1046393 -0.1344786 0.07002475 0.1041777 -0.1343754 0.07002475 0.1044092 -0.1441347 0.07002475 0.1145102 -0.1341598 0.07002475 0.104868 -0.1439587 0.07002475 0.1147711 -0.1340483 0.07002475 0.1050936 -0.143767 0.07002475 0.115051 -0.1003201 0.07002475 0.07161882 -0.1026612 0.07002475 0.07052439 -0.133934 0.07002475 0.1053178 -0.1338168 0.07002475 0.1055406 -0.1345955 0.07002475 0.1039079 -0.1435732 0.07002475 0.1153295 -0.1433775 0.07002475 0.1156066 -0.09963375 0.07002475 0.07200441 -0.1431942 0.07002475 0.1158617 -0.1430087 0.07002475 0.1161151 -0.1428208 0.07002475 0.1163668 -0.1426206 0.07002475 0.1166289 -0.09841788 0.07002475 0.07276461 -0.09861931 0.07002475 0.07262878 -0.09882279 0.07002475 0.07249607 -0.09902831 0.07002475 0.07236651 -0.09922885 0.07002475 0.07224369 -0.1424168 0.07002475 0.1168881 -0.09818184 0.07002475 0.07292809 -0.09943067 0.07002475 0.07212299 -0.1422095 0.07002475 0.1171446 -0.09794733 0.07002475 0.07309377 -0.1419619 0.07002475 0.117444 -0.09771439 0.07002475 0.07326166 -0.1322141 0.07002475 0.1081513 -0.1328598 0.07002475 0.107216 -0.13274 0.07002475 0.1074049 -0.1326171 0.07002475 0.1075919 -0.1324871 0.07002475 0.1077814 -0.1323528 0.07002475 0.107968 -0.09748477 0.07002475 0.07343044 -0.1417118 0.07002475 0.1177413 -0.132028 0.07002475 0.108389 -0.1331196 0.07002475 0.1067842 -0.1329765 0.07002475 0.1070251 -0.1414591 0.07002475 0.1180365 -0.1318395 0.07002475 0.1086247 -0.1332607 0.07002475 0.1065422 -0.1412065 0.07002475 0.1183267 -0.1316485 0.07002475 0.1088585 -0.1333998 0.07002475 0.1062991 -0.0966618 0.07002475 0.07406875 -0.09684486 0.07002475 0.07392009 -0.09703033 0.07002475 0.07377447 -0.1314438 0.07002475 0.1091037 -0.1335409 0.07002475 0.1060474 -0.1409515 0.07002475 0.1186147 -0.09648124 0.07002475 0.07422041 -0.09725674 0.07002475 0.07360139 -0.1312367 0.07002475 0.1093468 -0.1336799 0.07002475 0.1057946 -0.140694 0.07002475 0.1189006 -0.131027 0.07002475 0.1095878 -0.1404791 0.07002475 0.1191337 -0.1402607 0.07002475 0.1193635 -0.1400388 0.07002475 0.1195901 -0.1398253 0.07002475 0.119803 -0.1396098 0.07002475 0.120014 -0.1393925 0.07002475 0.1202231 -0.1298195 0.07002475 0.1108492 -0.1308348 0.07002475 0.1098034 -0.1306395 0.07002475 0.1100163 -0.1304414 0.07002475 0.1102265 -0.1302371 0.07002475 0.1104371 -0.1300298 0.07002475 0.1106447 -0.1295776 0.07002475 0.1110787 -0.1386584 0.07002475 0.1209094 -0.1379498 0.07002475 0.1215462 -0.1377664 0.07002475 0.1217054 -0.1375807 0.07002475 0.121862 -0.1373928 0.07002475 0.1220158 -0.1372103 0.07002475 0.1221614 -0.1370262 0.07002475 0.122305 -0.1273556 0.07002475 0.1129359 -0.1277647 0.07002475 0.1126423 -0.1275617 0.07002475 0.1127913 -0.1368407 0.07002475 0.1224467 -0.1271465 0.07002475 0.1130761 -0.128361 0.07002475 0.1121661 -0.1281654 0.07002475 0.1123288 -0.1279666 0.07002475 0.1124876 -0.1268839 0.07002475 0.1132461 -0.1286051 0.07002475 0.1119566 -0.1266194 0.07002475 0.1134131 -0.1288472 0.07002475 0.1117446 -0.1361537 0.07002475 0.1229562 -0.1263531 0.07002475 0.1135771 -0.1290871 0.07002475 0.1115303 -0.1260781 0.07002475 0.1137423 -0.1293335 0.07002475 0.1113057 -0.1354485 0.07002475 0.1234603 -0.1258013 0.07002475 0.1139044 -0.1352461 0.07002475 0.1236008 -0.1350424 0.07002475 0.1237395 -0.1348374 0.07002475 0.1238763 -0.1346119 0.07002475 0.1240221 -0.1247846 0.07002475 0.1144548 -0.1255226 0.07002475 0.1140634 -0.1252788 0.07002475 0.114198 -0.1250328 0.07002475 0.1143285 -0.1343836 0.07002475 0.1241637 -0.1245424 0.07002475 0.1145738 -0.1341528 0.07002475 0.124301 -0.1242989 0.07002475 0.1146902 -0.1240542 0.07002475 0.1148039 -0.1237867 0.07002475 0.1149252 -0.1221079 0.07002475 0.1156177 -0.1224886 0.07002475 0.115475 -0.122299 0.07002475 0.1155483 -0.1219155 0.07002475 0.1156833 -0.121726 0.07002475 0.1157444 -0.1227428 0.07002475 0.1153724 -0.1215357 0.07002475 0.115803 -0.1213447 0.07002475 0.1158593 -0.1229962 0.07002475 0.1152678 -0.1205971 0.07002475 0.116067 -0.13471 0.07002475 0.103637 -0.1235181 0.07002475 0.1150442 -0.1232486 0.07002475 0.1151609 -0.1348223 0.07002475 0.1033652 -0.1198075 0.07002475 0.1162715 -0.1358213 0.07002475 0.1003217 -0.119571 0.07002475 0.1163295 -0.119334 0.07002475 0.1163856 -0.1190965 0.07002475 0.1164398 -0.1188531 0.07002475 0.1164929 -0.1186092 0.07002475 0.1165434 -0.1183647 0.07002475 0.1165913 -0.1175104 0.07002475 0.1167451 -0.0562968 0.07002475 0.05724373 -0.1025853 0.07002475 0.05709111 -0.1020264 0.07002475 0.05724448 -0.1017484 0.07002475 0.05732632 -0.1023054 0.07002475 0.05716608 -0.101185 0.07002475 0.05750438 -0.1009052 0.07002475 0.05759918 -0.1014661 0.07002475 0.05741342 -0.1002006 0.07002475 0.05784871 -0.09984965 0.07002475 0.05797709 -0.1005525 0.07002475 0.05772274 -0.09912531 0.07002475 0.05825044 -0.09876455 0.07002475 0.0583908 -0.09948701 0.07002475 0.05811253 -0.0981338 0.07002475 0.05864597 -0.09782037 0.07002475 0.05877826 -0.09844854 0.07002475 0.05851681 -0.0971826 0.07002475 0.0590617 -0.09686671 0.07002475 0.05921 -0.0975005 0.07002475 0.05891778 -0.09612048 0.07002475 0.05957424 -0.09574964 0.07002475 0.05976096 -0.09649284 0.07002475 0.05939058 -0.09501498 0.07002475 0.06014233 -0.09465003 0.07002475 0.06033755 -0.09538152 0.07002475 0.05995013 -0.0940484 0.07002475 0.06067371 -0.09375122 0.07002475 0.06084816 -0.09434802 0.07002475 0.06050349 -0.09317632 0.07002475 0.06119906 -0.09289155 0.07002475 0.06137883 -0.09346289 0.07002475 0.06102217 -0.09223935 0.07002475 0.06180118 -0.09191534 0.07002475 0.06201555 -0.09256475 0.07002475 0.06158893 -0.09128752 0.07002475 0.06243993 -0.09097572 0.07002475 0.06265522 -0.09160073 0.07002475 0.06222671 -0.09047993 0.07002475 0.06300932 -0.0902354 0.07002475 0.06319102 -0.09072672 0.07002475 0.06283071 -0.08977437 0.07002475 0.06354522 -0.08954646 0.07002475 0.06372566 -0.09000403 0.07002475 0.063367 -0.08877164 0.07002475 0.06435767 -0.08803146 0.07002475 0.06498582 -0.05658021 0.07002475 0.05789135 -0.0567693 0.07002475 0.05831824 -0.08783729 0.07002475 0.06515605 -0.08764529 0.07002475 0.06532874 -0.1152861 0.07002475 0.1170289 -0.1166703 0.07002475 0.1168786 -0.1164427 0.07002475 0.1169109 -0.1162148 0.07002475 0.1169402 -0.1159865 0.07002475 0.1169667 -0.1157533 0.07002475 0.1169906 -0.1155199 0.07002475 0.1170114 -0.05730515 0.07002475 0.05951252 -0.08745549 0.07002475 0.06550384 -0.08624446 0.07002475 0.06663543 -0.1143902 0.07002475 0.1170811 -0.05794518 0.07002475 0.06093614 -0.1134566 0.07002475 0.117117 -0.05865009 0.07002475 0.06250081 -0.1131812 0.07002475 0.1171235 -0.1129057 0.07002475 0.1171274 -0.1126301 0.07002475 0.1171287 -0.1123591 0.07002475 0.1171274 -0.05940946 0.07002475 0.06418519 -0.1120881 0.07002475 0.1171236 -0.1118172 0.07002475 0.1171171 -0.06021394 0.07002475 0.06597029 -0.06094841 0.07002475 0.06760059 -0.06146517 0.07002475 0.06874836 -0.1090383 0.07002475 0.1169092 -0.1094623 0.07002475 0.1169697 -0.10925 0.07002475 0.1169415 -0.06195397 0.07002475 0.06983477 -0.1088273 0.07002475 0.116873 -0.1100888 0.07002475 0.1170308 -0.1098796 0.07002475 0.117014 -0.1096708 0.07002475 0.1169936 -0.1085367 0.07002475 0.1168191 -0.1109255 0.07002475 0.117082 -0.1082466 0.07002475 0.116763 -0.06258398 0.07002475 0.07123547 -0.1079569 0.07002475 0.1167048 -0.1076438 0.07002475 0.1166394 -0.1073311 0.07002475 0.1165717 -0.06324297 0.07002475 0.07270089 -0.107019 0.07002475 0.1165017 -0.1112148 0.07002475 0.06870554 -0.106729 0.07002475 0.1164342 -0.1064396 0.07002475 0.116364 -0.1108869 0.07002475 0.06872179 -0.1061509 0.07002475 0.1162912 -0.06382948 0.07002475 0.07400543 -0.1058598 0.07002475 0.1162148 -0.1105592 0.07002475 0.06874068 -0.1055695 0.07002475 0.1161355 -0.10528 0.07002475 0.1160533 -0.06438816 0.07002475 0.07524922 -0.1049636 0.07002475 0.1159605 -0.1046479 0.07002475 0.1158652 -0.09602258 0.07002475 0.07460522 -0.06496226 0.07002475 0.07652921 -0.1723 0.07002475 0.1844634 -0.1723 0.07002475 0.1244634 -0.1177835 0.07002475 0.129578 -0.1180756 0.07002475 0.1295457 -0.1174913 0.07002475 0.1296082 -0.1191086 0.07002475 0.1294201 -0.1201305 0.07002475 0.1292816 -0.1206911 0.07002475 0.129197 -0.1209709 0.07002475 0.1291514 -0.120411 0.07002475 0.1292404 -0.1217602 0.07002475 0.1290118 -0.1226204 0.07002475 0.1288454 -0.1234233 0.07002475 0.1286783 -0.1238206 0.07002475 0.128588 -0.1240185 0.07002475 0.1285395 -0.1236222 0.07002475 0.1286342 -0.1244155 0.07002475 0.1284352 -0.1246131 0.07002475 0.1283796 -0.1242173 0.07002475 0.1284885 -0.1254166 0.07002475 0.1281427 -0.1262767 0.07002475 0.1278762 -0.1270661 0.07002475 0.127618 -0.1276429 0.07002475 0.1274131 -0.1279287 0.07002475 0.1273036 -0.1273553 0.07002475 0.1275179 -0.1286633 0.07002475 0.1270087 -0.1290289 0.07002475 0.126857 -0.1282966 0.07002475 0.1271576 -0.129792 0.07002475 0.12653 -0.1301716 0.07002475 0.1263621 -0.1294111 0.07002475 0.1266949 -0.1308457 0.07002475 0.1260523 -0.1311803 0.07002475 0.125892 -0.1305095 0.07002475 0.126209 -0.1318322 0.07002475 0.1255676 -0.1321559 0.07002475 0.1254007 -0.131507 0.07002475 0.1257314 -0.1328516 0.07002475 0.1250309 -0.1331974 0.07002475 0.124842 -0.1325045 0.07002475 0.1252171 -0.1338357 0.07002475 0.1244837 -0.1335172 0.07002475 0.1246641 -0.06547379 0.07002475 0.07767133 -0.1171988 0.07002475 0.1296362 -0.1027986 0.07002475 0.1152381 -0.1034507 0.07002475 0.1154793 -0.1032319 0.07002475 0.1154028 -0.1030145 0.07002475 0.1153224 -0.1025893 0.07002475 0.1151526 -0.06581007 0.07002475 0.07842443 -0.1023812 0.07002475 0.1150641 -0.1021744 0.07002475 0.1149728 -0.1040381 0.07002475 0.1156738 -0.103744 0.07002475 0.1155776 -0.116843 0.07002475 0.1296658 -0.06623356 0.07002475 0.07937093 -0.1164867 0.07002475 0.1296893 -0.1013877 0.07002475 0.1146095 -0.1043329 0.07002475 0.1157676 -0.1161301 0.07002475 0.1297067 -0.1005762 0.07002475 0.1142146 -0.1003384 0.07002475 0.1140945 -0.1156649 0.07002475 0.1297235 -0.09940065 0.07002475 0.1135901 -0.09986639 0.07002475 0.1138475 -0.09963268 0.07002475 0.1137203 -0.09917035 0.07002475 0.1134569 -0.1001018 0.07002475 0.1139721 -0.09891238 0.07002475 0.1133037 -0.1151996 0.07002475 0.1297366 -0.06738439 0.07002475 0.08193105 -0.08897929 0.07002475 0.06928975 -0.09712357 0.07002475 0.1121334 -0.09791549 0.07002475 0.112681 -0.09767506 0.07002475 0.1125229 -0.09748876 0.07002475 0.1123965 -0.09730491 0.07002475 0.1122667 -0.1147341 0.07002475 0.129746 -0.09663156 0.07002475 0.1117546 -0.0984007 0.07002475 0.1129905 -0.09815738 0.07002475 0.1128368 -0.09609779 0.07002475 0.1113245 -0.09865582 0.07002475 0.1131483 -0.09523642 0.07002475 0.1105835 -0.095602 0.07002475 0.1109094 -0.09547858 0.07002475 0.1108025 -0.09535672 0.07002475 0.1106938 -0.09449212 0.07002475 0.1098907 -0.09519404 0.07002475 0.07522446 -0.09522043 0.07002475 0.07522159 -0.0952683 0.07002475 0.07519939 -0.09561816 0.07002475 0.07492953 -0.095167 0.07002475 0.07522114 -0.09524557 0.07002475 0.0752131 -0.1141934 0.07002475 0.1297529 -0.04151946 0.07002475 0.05724373 -0.1136526 0.07002475 0.1297559 -0.068758 0.07002475 0.08498441 -0.09014973 0.07002475 0.07042616 -0.09140549 0.07002475 0.07164617 -0.1131119 0.07002475 0.1297551 -0.1125186 0.07002475 0.1297505 -0.1119254 0.07002475 0.1297428 -0.07026387 0.07002475 0.08832907 -0.09256355 0.07002475 0.07277193 -0.09339831 0.07002475 0.07358427 -0.09405196 0.07002475 0.07421301 -0.1113322 0.07002475 0.1297318 -0.11075 0.07002475 0.1297179 -0.1101678 0.07002475 0.129701 -0.07184805 0.07002475 0.09184628 -0.09462054 0.07002475 0.07474266 -0.09511929 0.07002475 0.0751957 -0.1095857 0.07002475 0.129681 -0.1090738 0.07002475 0.1296601 -0.108562 0.07002475 0.1296353 -0.1080503 0.07002475 0.1296065 -0.1076278 0.07002475 0.1295792 -0.07345825 0.07002475 0.09542089 -0.09514158 0.07002475 0.07521136 -0.1072056 0.07002475 0.1295484 -0.1067836 0.07002475 0.1295139 -0.1064923 0.07002475 0.1294851 -0.1062018 0.07002475 0.1294491 -0.1059123 0.07002475 0.1294058 -0.04895974 0.07002475 0.07249096 -0.04897432 0.07002475 0.07249955 -0.048985 0.07002475 0.07251266 -0.04901228 0.07002475 0.07256369 -0.0748812 0.07002475 0.09857951 -0.04882771 0.07002475 0.07263049 -0.049038 0.07002475 0.0726155 -0.04906216 0.07002475 0.07266807 -0.0487554 0.07002475 0.0727525 -0.04868581 0.07002475 0.07287609 -0.04858922 0.07002475 0.07305692 -0.04960803 0.07002475 0.0739055 -0.04849666 0.07002475 0.07323984 -0.07578964 0.07002475 0.1005956 -0.04840819 0.07002475 0.07342477 -0.04829168 0.07002475 0.07367842 -0.07649425 0.07002475 0.1021602 -0.04817746 0.07002475 0.07393312 -0.04806554 0.07002475 0.07418884 -0.05023228 0.07002475 0.07532722 -0.07719166 0.07002475 0.1037113 -0.07779583 0.07002475 0.105057 -0.04767526 0.07002475 0.07508936 -0.07815157 0.07002475 0.1058527 -0.07853559 0.07002475 0.1067114 -0.04716037 0.07002475 0.07627309 -0.05095226 0.07002475 0.07697683 -0.07931261 0.07002475 0.1084417 -0.0274647 0.07002475 0.05744431 -0.02740492 0.07002475 0.05737812 -0.04122693 0.07002475 0.05789135 -0.04105671 0.07002475 0.05826902 -0.04072911 0.07002475 0.05899776 -0.02732104 0.07002475 0.05734785 -0.02748632 0.07002475 0.05753083 -0.04034402 0.07002475 0.05985505 -0.03994301 0.07002475 0.06074846 -0.02747936 0.07002475 0.05760397 -0.03930749 0.07002475 0.06216267 -0.02745873 0.07002475 0.05767449 -0.08023145 0.07002475 0.1104855 -0.02700781 0.07002475 0.0573194 -0.02742518 0.07002475 0.05773985 -0.03771036 0.07002475 0.06571078 -0.02669404 0.07002475 0.05729785 -0.02637987 0.07002475 0.05728319 -0.04661496 0.07002475 0.07752422 -0.05172239 0.07002475 0.07874442 -0.08119823 0.07002475 0.1126335 -0.08754418 0.07002475 0.1170044 -0.02578474 0.07002475 0.05726529 -0.02518946 0.07002475 0.05725402 -0.04612159 0.07002475 0.078653 -0.08218232 0.07002475 0.1148207 -0.02459409 0.07002475 0.0572494 -0.08315328 0.07002475 0.1169821 -0.04563354 0.07002475 0.07976752 -0.05250009 0.07002475 0.08052726 -0.02591252 0.07002475 0.06009994 -0.03580499 0.07002475 0.0699423 -0.08399256 0.07002475 0.1188533 -0.08808179 0.07002475 0.1181713 -0.08448127 0.07002475 0.1199477 -0.08835144 0.07002475 0.118762 -0.04510452 0.07002475 0.08097488 -0.0531841 0.07002475 0.08209351 -0.08491164 0.07002475 0.1209096 -0.08873496 0.07002475 0.1196127 -0.08549223 0.07002475 0.1221972 -0.08915456 0.07002475 0.1205495 -0.08955041 0.07002475 0.1214395 -0.08611427 0.07002475 0.1235704 -0.09048142 0.07002475 0.1235408 -0.04461262 0.07002475 0.08209687 -0.01943492 0.07002475 0.05724373 -0.08668504 0.07002475 0.1248239 -0.0241826 0.07002475 0.06276466 -0.04425157 0.07002475 0.08291961 -0.05361261 0.07002475 0.08307199 -0.0871976 0.07002475 0.1259527 -0.08764274 0.07002475 0.1269474 -0.09140253 0.07002475 0.1241218 -0.09155592 0.07002475 0.1242173 -0.08801797 0.07002475 0.1277966 -0.09171037 0.07002475 0.1243111 -0.09186586 0.07002475 0.1244032 -0.08804402 0.07002475 0.1278592 -0.08806752 0.07002475 0.1279227 -0.09252305 0.07002475 0.1247817 -0.08808844 0.07002475 0.1279872 -0.09324354 0.07002475 0.1251847 -0.04386628 0.07002475 0.08379933 -0.05399306 0.07002475 0.08394015 -0.08808837 0.07002475 0.1280624 -0.09392361 0.07002475 0.1255527 -0.09440448 0.07002475 0.1258015 -0.09464691 0.07002475 0.125922 -0.09416337 0.07002475 0.1256784 -0.09550121 0.07002475 0.1263299 -0.08804652 0.07002475 0.1281249 -0.09634873 0.07002475 0.1267132 -0.09681327 0.07002475 0.1269106 -0.09704738 0.07002475 0.1270049 -0.09658038 0.07002475 0.1268134 -0.09773588 0.07002475 0.1272689 -0.09854879 0.07002475 0.1275654 -0.09935468 0.07002475 0.1278478 -0.08797701 0.07002475 0.1281536 -0.1000188 0.07002475 0.1280674 -0.1004588 0.07002475 0.1282025 -0.1006797 0.07002475 0.1282667 -0.1002384 0.07002475 0.128136 -0.1014743 0.07002475 0.1284858 -0.1022716 0.07002475 0.1286905 -0.1027173 0.07002475 0.128796 -0.1029409 0.07002475 0.1288454 -0.1024942 0.07002475 0.1287444 -0.1036138 0.07002475 0.1289846 -0.06186693 0.07002475 0.1022713 -0.06155471 0.07002475 0.1012616 -0.06169616 0.07002475 0.1015849 -0.06181552 0.07002475 0.101879 -0.06190868 0.07002475 0.102127 -0.06191715 0.07002475 0.1021554 -0.06192228 0.07002475 0.1021845 -0.061924 0.07002475 0.102214 -0.06191636 0.07002475 0.1022426 -0.06189548 0.07002475 0.1022635 -0.08768227 0.07002475 0.1281791 -0.104422 0.07002475 0.129141 -0.08738703 0.07002475 0.1281981 -0.1052325 0.07002475 0.1292899 -0.08709145 0.07002475 0.1282107 -0.08653229 0.07002475 0.1282251 -0.04327443 0.07002475 0.0851553 -0.05448147 0.07002475 0.08505721 -0.05499117 0.07002475 0.08622464 -0.085973 0.07002475 0.1282331 -0.08541366 0.07002475 0.1282347 -0.02212869 0.07002475 0.06587358 -0.03373464 0.07002475 0.07453876 -0.04260876 0.07002475 0.08668279 -0.05544347 0.07002475 0.08726242 -0.01138351 0.07002475 0.05724373 -0.04195877 0.07002475 0.08817669 -0.05589591 0.07002475 0.08830019 -0.05640606 0.07002475 0.08946763 -0.08082388 0.07002475 0.1282158 -0.0413018 0.07002475 0.08968734 -0.05689512 0.07002475 0.09058468 -0.05311137 0.07002475 0.1023097 -0.05727635 0.07002475 0.09145284 -0.05768925 0.07002475 0.09239476 -0.05830055 0.07002475 0.09379615 -0.05897988 0.07002475 0.09535723 -0.05963317 0.07002475 0.0968623 -0.06025457 0.07002475 0.09829337 -0.06083792 0.07002475 0.09963172 -0.06133017 0.07002475 0.1007568 -0.01949899 0.07002475 0.0698286 -0.03166696 0.07002475 0.07912973 -0.04061509 0.07002475 0.09126523 -0.07347824 0.07002475 0.1281762 -0.04322798 0.07002475 0.1023387 -0.03822598 0.07002475 0.09674512 -0.03871032 0.07002475 0.09563422 -0.03918538 0.07002475 0.09454501 -0.03957056 0.07002475 0.09366234 -0.03999474 0.07002475 0.09268966 -0.01591253 0.07002475 0.07522453 -0.02976976 0.07002475 0.08334437 -0.02818 0.07002475 0.08687786 -0.0378097 0.07002475 0.09770039 -0.03743686 0.07002475 0.09853151 -0.03732223 0.07002475 0.09877653 -0.0372051 0.07002475 0.09902036 -0.03708549 0.07002475 0.09926299 -0.0367763 0.07002475 0.09986774 -0.03674107 0.07002475 0.09992538 -0.03669852 0.07002475 0.09997782 -0.03664938 0.07002475 0.1000242 -0.03656791 0.07002475 0.1000777 -0.03647684 0.07002475 0.1001126 -0.01205332 0.07002475 0.08103204 -0.02756314 0.07002475 0.08825288 -0.02707639 0.07002475 0.08933945 -0.02636576 0.07002475 0.09092332 -0.02557931 0.07002475 0.09267479 -0.03106723 0.07002475 0.1023479 -0.02944711 0.07002475 0.1002146 -0.03294301 0.07002475 0.1002062 -0.034307 0.07002475 0.1001898 -0.03498887 0.07002475 0.1001742 -0.03362503 0.07002475 0.1002005 -0.03638042 0.07002475 0.1001271 -0.0267214 0.07002475 0.1002051 -0.02446323 0.07002475 0.1001753 -0.008490765 0.07002475 0.08639438 -0.02482735 0.07002475 0.09434805 -0.02411823 0.07002475 0.09592488 -0.02346085 0.07002475 0.09738586 -0.02290895 0.07002475 0.09861173 -0.02267677 0.07002475 0.09912608 -0.02258455 0.07002475 0.09934032 -0.02254142 0.07002475 0.09944866 -0.02262968 0.07002475 0.09923277 -0.02247168 0.07002475 0.0996437 -0.02244067 0.07002475 0.09974252 -0.02250527 0.07002475 0.09954572 -0.02239603 0.07002475 0.09990416 -0.02237632 0.07002475 0.09998566 -0.02241748 0.07002475 0.0998231 -0.03383886 0.07002475 0.1148808 -0.06746407 0.07002475 0.1149192 0.02446375 0.07002475 0.05872943 0.02542056 0.07002475 0.05724373 -0.009627553 0.07002475 0.06010084 0.02391014 0.07002475 0.05958809 0.02286239 0.07002475 0.06121107 -0.008785008 0.07002475 0.06146988 0.02163246 0.07002475 0.06311547 -0.007681086 0.07002475 0.06326009 0.02035593 0.07002475 0.06509126 -0.006516044 0.07002475 0.0651471 -0.005467099 0.07002475 0.06684362 0.01885935 0.07002475 0.06740797 -0.004488346 0.07002475 0.06842623 0.01693221 0.07002475 0.07039262 -0.003535825 0.07002475 0.06996835 -0.002719761 0.07002475 0.07129119 -0.002269072 0.07002475 0.07202451 -0.02910464 0.07002475 0.1174908 -0.02919553 0.07002475 0.1171287 0.01491747 0.07002475 0.07351395 -0.001818414 0.07002475 0.07275783 -0.001002489 0.07002475 0.07408067 -0.02907996 0.07002475 0.1175792 -0.02905064 0.07002475 0.1176662 -0.02901678 0.07002475 0.1177514 0.01312554 0.07002475 0.07629112 -5.014982e-05 0.07002475 0.07562279 0.0009283852 0.07002475 0.0772054 0.01148496 0.07002475 0.07883515 0.001967141 0.07002475 0.07888519 0.003101266 0.07002475 0.08072067 -0.02845366 0.07002475 0.1190614 0.009929037 0.07002475 0.08124963 0.004161706 0.07002475 0.08243811 0.008614222 0.07002475 0.08329147 0.0049497 0.07002475 0.08371582 0.007972323 0.07002475 0.08429102 0.005752419 0.07002475 0.0849978 0.007548897 0.07002475 0.08494672 0.005913111 0.07002475 0.08524446 0.007165257 0.07002475 0.08552966 0.006079097 0.07002475 0.08548758 0.006250299 0.07002475 0.08572706 0.006359623 0.07002475 0.08587224 -0.02778824 0.07002475 0.1205874 0.006838263 0.07002475 0.08601786 0.006472964 0.07002475 0.0860143 0.006805123 0.07002475 0.08606474 0.006687887 0.07002475 0.08618214 0.006590234 0.07002475 0.08615314 0.006634838 0.07002475 0.08618185 0.006769943 0.07002475 0.08611012 0.006732791 0.07002475 0.08615388 -0.02701616 0.07002475 0.1223289 -0.02622843 0.07002475 0.124096 -0.0002104595 0.07002475 0.09885951 -0.02237323 0.07002475 0.1000176 -0.02551424 0.07002475 0.1257026 -0.02491658 0.07002475 0.1270507 -0.0002104595 0.07002475 0.1023479 -0.02237845 0.07002475 0.1000492 -0.02239163 0.07002475 0.1000785 -0.02470834 0.07002475 0.1275286 -0.0243981 0.07002475 0.1282524 -0.01712962 0.07002475 0.1282524 -0.01433655 0.07002475 0.1282461 -0.0002136638 0.07002475 0.1148424 -0.01456719 0.07002475 0.1171287 -0.01433091 0.07002475 0.1177001 -0.01417537 0.07002475 0.1180624 -0.01377692 0.07002475 0.1189542 -0.01329871 0.07002475 0.1200163 -0.01277675 0.07002475 0.1211668 -0.01197061 0.07002475 0.1282268 -0.009858679 0.07002475 0.1282009 -0.0001739659 0.07002475 0.1215093 -0.01023927 0.07002475 0.126846 -0.010148 0.07002475 0.1270676 -0.01220733 0.07002475 0.1224221 -0.01158568 0.07002475 0.1238013 -0.01100469 0.07002475 0.1250974 -0.01057271 0.07002475 0.1260699 0.05144525 0.07002475 0.07171975 0.0336813 0.07002475 0.06943406 0.03224903 0.07002475 0.07152927 0.03135047 0.07002475 0.07283933 0.02924607 0.07002475 0.07589613 0.02673824 0.07002475 0.07953606 0.02403749 0.07002475 0.08345294 -0.0001342699 0.07002475 0.1281762 -0.01005907 0.07002475 0.1272901 -0.009972503 0.07002475 0.1275136 -0.009756965 0.07002475 0.1280882 -0.009758377 0.07002475 0.1281423 -0.009773844 0.07002475 0.1281651 -0.009752471 0.07002475 0.1281153 -0.009827613 0.07002475 0.1281965 -0.009798698 0.07002475 0.1281843 0.1764196 0.07002475 -0.0255366 0.09624551 0.07002475 0.05724373 0.09624551 0.07002475 0.07171975 0.09624551 0.07002475 0.06943406 0.08297495 0.07002475 0.07171975 0.08302938 0.07002475 0.08707195 0.06485542 0.07002475 0.07171975 0.08306809 0.07002475 0.09575231 0.1265231 0.07002475 0.05271046 0.05152224 0.07002475 0.1281762 0.02129876 0.07002475 0.08742404 0.0186758 0.07002475 0.0912284 0.01644848 0.07002475 0.0944599 0.01530476 0.07002475 0.09612095 0.01335128 0.07002475 0.0989605 0.01335128 0.07002475 0.1282556 0.1386649 0.07002475 0.04120664 0.17 0.07002475 0.009463395 0.17 0.07002475 0.0124634 0.132173 0.07002475 0.05272125 0.1321792 0.07002475 0.05271046 0.1321691 0.07002475 0.05273311 0.1321677 0.07002475 0.05274551 0.1321293 0.07002475 0.05983204 0.06485542 0.07002475 0.1280619 0.08432505 0.07002475 0.1085854 0.0841249 0.07002475 0.1078555 0.08394591 0.07002475 0.107157 0.08386121 0.07002475 0.1067959 0.08382213 0.07002475 0.1066146 0.08390247 0.07002475 0.1069767 0.08371278 0.07002475 0.1060688 0.08357993 0.07002475 0.1053598 0.08344642 0.07002475 0.1046148 0.0833334 0.07002475 0.1039479 0.08451707 0.07002475 0.1092343 0.1845 0.07002475 0.009463395 0.0845876 0.07002475 0.1094591 0.08466027 0.07002475 0.1096831 0.08473506 0.07002475 0.1099065 0.0850161 0.07002475 0.110711 0.08531185 0.07002475 0.1115152 0.0853978 0.07002475 0.1117401 0.09640105 0.07002475 0.1009003 0.0963357 0.07002475 0.09985725 0.09634622 0.07002475 0.1002056 0.09636801 0.07002475 0.1005534 0.08548579 0.07002475 0.1119641 0.08557581 0.07002475 0.1121874 0.09647696 0.07002475 0.1015121 0.08567 0.07002475 0.1124134 0.0857674 0.07002475 0.112638 0.08586799 0.07002475 0.1128612 0.08599395 0.07002475 0.1131327 0.08612205 0.07002475 0.1134032 0.1320898 0.07002475 0.0676369 0.08625226 0.07002475 0.1136726 0.08638651 0.07002475 0.1139449 0.09687301 0.07002475 0.103834 0.09679282 0.07002475 0.1034627 0.09683154 0.07002475 0.1036486 0.0865229 0.07002475 0.1142162 0.09691724 0.07002475 0.1040188 0.09669032 0.07002475 0.1029082 0.09672263 0.07002475 0.1030933 0.0967568 0.07002475 0.1032782 0.08666141 0.07002475 0.1144864 0.08678207 0.07002475 0.114716 0.0869056 0.07002475 0.114944 0.08703198 0.07002475 0.1151705 0.08716454 0.07002475 0.1154009 0.08730029 0.07002475 0.1156294 0.08743921 0.07002475 0.115856 0.1508105 0.07002475 0.05263376 0.1723 0.07002475 0.0124634 0.08761185 0.07002475 0.1161309 0.08778658 0.07002475 0.1164044 0.08796342 0.07002475 0.1166767 0.08814485 0.07002475 0.1169513 0.08832838 0.07002475 0.1172245 0.08851399 0.07002475 0.1174963 0.1452299 0.07002475 0.0610913 0.1451223 0.07002475 0.05263376 0.08867474 0.07002475 0.1177268 0.09841698 0.07002475 0.1083669 0.09820876 0.07002475 0.1079184 0.0982752 0.07002475 0.1080692 0.09834461 0.07002475 0.1082188 0.08883829 0.07002475 0.1179552 0.09848984 0.07002475 0.10851 0.08900465 0.07002475 0.1181816 0.09856458 0.07002475 0.1086521 0.09812321 0.07002475 0.1077163 0.09864121 0.07002475 0.1087932 0.09803941 0.07002475 0.1075136 0.08917735 0.07002475 0.1184098 0.08935371 0.07002475 0.1186351 0.09894205 0.07002475 0.109326 0.09787183 0.07002475 0.1070927 0.09795734 0.07002475 0.1073101 0.0895337 0.07002475 0.1188576 0.08975485 0.07002475 0.1191239 0.1320482 0.07002475 0.07690063 0.09624677 0.07002475 0.08562434 0.08997844 0.07002475 0.1193882 0.09020446 0.07002475 0.1196504 0.09043474 0.07002475 0.1199127 0.1452672 0.07002475 0.06542599 0.09991158 0.07002475 0.1108441 0.09946117 0.07002475 0.1101904 0.09956143 0.07002475 0.1103479 0.09967343 0.07002475 0.1105166 0.09979018 0.07002475 0.110682 0.09066742 0.07002475 0.1201728 0.1000749 0.07002475 0.111053 0.0993624 0.07002475 0.1100321 0.09090247 0.07002475 0.1204308 0.1002409 0.07002475 0.1112598 0.09926514 0.07002475 0.1098728 0.09110416 0.07002475 0.1206468 0.1004096 0.07002475 0.1114645 0.09130908 0.07002475 0.1208598 0.1005907 0.07002475 0.1116786 0.09151718 0.07002475 0.1210696 0.06484928 0.07002475 0.1280851 0.1007745 0.07002475 0.1118904 0.09172618 0.07002475 0.1212744 0.09193793 0.07002475 0.1214764 0.09215239 0.07002475 0.1216755 0.09240382 0.07002475 0.1219038 0.09265723 0.07002475 0.1221299 0.1018521 0.07002475 0.1130057 0.1014848 0.07002475 0.1126513 0.1016668 0.07002475 0.1128302 0.1020404 0.07002475 0.1131779 0.100961 0.07002475 0.1120998 0.1011324 0.07002475 0.1122867 0.101307 0.07002475 0.1124705 0.0929126 0.07002475 0.1223537 0.102254 0.07002475 0.1133674 0.0931647 0.07002475 0.1225709 0.09341869 0.07002475 0.1227859 0.09367453 0.07002475 0.1229986 0.09388406 0.07002475 0.1231684 0.09409631 0.07002475 0.1233348 0.09431125 0.07002475 0.1234978 0.1036691 0.07002475 0.1144966 0.1033268 0.07002475 0.1142482 0.1034963 0.07002475 0.1143747 0.1038452 0.07002475 0.1146137 0.1040189 0.07002475 0.1147237 0.0949146 0.07002475 0.1239376 0.1041947 0.07002475 0.1148304 0.1031118 0.07002475 0.1140809 0.1043724 0.07002475 0.1149338 0.1045919 0.07002475 0.1150574 0.102899 0.07002475 0.1139108 0.09556923 0.07002475 0.1243957 0.1048126 0.07002475 0.1151787 0.1026884 0.07002475 0.113738 0.1050346 0.07002475 0.1152979 0.10247 0.07002475 0.1135541 0.1052615 0.07002475 0.1154167 0.09617911 0.07002475 0.1248067 0.0648325 0.07002475 0.1281022 0.1054895 0.07002475 0.1155332 0.09632678 0.07002475 0.1249027 0.09647591 0.07002475 0.1249965 0.09662646 0.07002475 0.1250879 0.09677442 0.07002475 0.1251752 0.1061157 0.07002475 0.1158348 0.1057187 0.07002475 0.1156474 0.1059165 0.07002475 0.1157427 0.09692329 0.07002475 0.1252609 0.1063164 0.07002475 0.1159238 0.09707304 0.07002475 0.125345 0.1065098 0.07002475 0.1160064 0.1067042 0.07002475 0.1160868 0.1319812 0.07002475 0.09086629 0.09625755 0.07002475 0.09135638 0.1068994 0.07002475 0.116165 0.09767502 0.07002475 0.1256738 0.1071113 0.07002475 0.1162473 0.09778815 0.07002475 0.1068746 0.1073239 0.07002475 0.1163278 0.09832018 0.07002475 0.1260149 0.1319669 0.07002475 0.09299133 0.09628998 0.07002475 0.09606403 0.09891215 0.07002475 0.126316 0.10858 0.07002475 0.1167456 0.1079351 0.07002475 0.1165467 0.108135 0.07002475 0.1166142 0.1082823 0.07002475 0.1166613 0.1084307 0.07002475 0.1167052 0.09912215 0.07002475 0.126419 0.1089891 0.07002475 0.1168478 0.1075372 0.07002475 0.1164063 0.1077359 0.07002475 0.1164774 0.09933332 0.07002475 0.1265196 0.09954562 0.07002475 0.1266178 0.1094628 0.07002475 0.1169589 0.0974953 0.07002475 0.1060531 0.09756339 0.07002475 0.1062548 0.09763374 0.07002475 0.1064557 0.09770634 0.07002475 0.1066559 0.1319466 0.07002475 0.09511633 0.1003219 0.07002475 0.1269622 0.110583 0.07002475 0.117187 0.1102992 0.07002475 0.1171384 0.1104409 0.07002475 0.1171642 0.1107257 0.07002475 0.1172067 0.1099259 0.07002475 0.1170619 0.101111 0.07002475 0.1272942 0.1113956 0.07002475 0.1172857 0.09730028 0.07002475 0.1054305 0.09736301 0.07002475 0.1056387 0.09742802 0.07002475 0.1058463 0.1013349 0.07002475 0.1273844 0.1015597 0.07002475 0.1274723 0.1319203 0.07002475 0.09724126 0.1017855 0.07002475 0.1275578 0.1121551 0.07002475 0.1173614 0.09709764 0.07002475 0.1047149 0.1020236 0.07002475 0.1276446 0.1022628 0.07002475 0.1277282 0.1025031 0.07002475 0.1278085 0.1129035 0.07002475 0.1174218 0.09657926 0.07002475 0.1022187 0.1319003 0.07002475 0.09849404 0.1034346 0.07002475 0.128103 0.1318748 0.07002475 0.09974673 0.113178 0.07002475 0.1174393 0.1134528 0.07002475 0.1174526 0.1137277 0.07002475 0.1174618 0.1140528 0.07002475 0.1174687 0.1044138 0.07002475 0.1283919 0.06480944 0.07002475 0.1281087 0.1047052 0.07002475 0.1284734 0.1049974 0.07002475 0.1285523 0.1052902 0.07002475 0.1286284 0.1316949 0.07002475 0.1024925 0.1317686 0.07002475 0.1019974 0.1318183 0.07002475 0.1014992 0.1318438 0.07002475 0.1009993 0.1055905 0.07002475 0.1287032 0.1316558 0.07002475 0.1027117 0.1316146 0.07002475 0.1029305 0.1058917 0.07002475 0.1287743 0.1315713 0.07002475 0.103149 0.1314048 0.07002475 0.1039369 0.1143779 0.07002475 0.1174727 0.1147031 0.07002475 0.1174736 0.1150281 0.07002475 0.1174716 0.1312245 0.07002475 0.1047262 0.1153531 0.07002475 0.1174667 0.115678 0.07002475 0.1174587 0.1195309 0.07002475 0.1169667 0.1190707 0.07002475 0.1170632 0.1193013 0.07002475 0.1170173 0.1197594 0.07002475 0.1169113 0.1309257 0.07002475 0.1058434 0.1309947 0.07002475 0.1056163 0.1310583 0.07002475 0.1053877 0.1199785 0.07002475 0.1168534 0.1308512 0.07002475 0.1060687 0.1311157 0.07002475 0.1051677 0.1201966 0.07002475 0.1167915 0.1307509 0.07002475 0.1063554 0.1311711 0.07002475 0.1049472 0.1204134 0.07002475 0.1167253 0.1187805 0.07002475 0.1171161 0.1306474 0.07002475 0.106641 0.1206673 0.07002475 0.1166436 0.1305405 0.07002475 0.1069253 0.1159524 0.07002475 0.1174487 0.1162266 0.07002475 0.1174345 0.1165006 0.07002475 0.1174161 0.1167657 0.07002475 0.1173943 0.1209203 0.07002475 0.1165589 0.1184899 0.07002475 0.1171659 0.1304256 0.07002475 0.1072207 0.1172948 0.07002475 0.117338 0.1175965 0.07002475 0.1172994 0.1170305 0.07002475 0.1173682 0.1303074 0.07002475 0.1075149 0.1178979 0.07002475 0.1172576 0.1301858 0.07002475 0.1078076 0.1300741 0.07002475 0.1080664 0.1181987 0.07002475 0.1172126 0.1299583 0.07002475 0.1083232 0.1223169 0.07002475 0.1160247 0.1219146 0.07002475 0.1161932 0.1221166 0.07002475 0.116111 0.1298384 0.07002475 0.1085782 0.1225153 0.07002475 0.1159342 0.1297169 0.07002475 0.1088266 0.1227029 0.07002475 0.1158449 0.1216683 0.07002475 0.1162888 0.1228894 0.07002475 0.1157533 0.1295919 0.07002475 0.1090733 0.1230748 0.07002475 0.1156595 0.1214209 0.07002475 0.1163814 0.1294633 0.07002475 0.1093181 0.1211723 0.07002475 0.1164712 0.1293201 0.07002475 0.1095827 0.12328 0.07002475 0.1155529 0.129174 0.07002475 0.1098456 0.1234843 0.07002475 0.1154445 0.1290249 0.07002475 0.110107 0.17 0.07002475 0.06946339 0.1452877 0.07002475 0.07187141 0.1452916 0.07002475 0.07904913 0.1452762 0.07002475 0.08596719 0.1249629 0.07002475 0.1145538 0.1246904 0.07002475 0.1147428 0.1248276 0.07002475 0.1146497 0.1283613 0.07002475 0.1111769 0.1284787 0.07002475 0.1110045 0.1285914 0.07002475 0.1108291 0.1250962 0.07002475 0.1144552 0.1242611 0.07002475 0.1150101 0.1244059 0.07002475 0.1149238 0.124549 0.07002475 0.1148347 0.1282393 0.07002475 0.1113461 0.125263 0.07002475 0.1143279 0.1240709 0.07002475 0.1151199 0.1281217 0.07002475 0.1115017 0.1254285 0.07002475 0.1141988 0.1238797 0.07002475 0.115228 0.128001 0.07002475 0.111655 0.1255926 0.07002475 0.1140681 0.1236876 0.07002475 0.1153343 0.1278775 0.07002475 0.111806 0.1287386 0.07002475 0.11059 0.1257614 0.07002475 0.1139309 0.1277268 0.07002475 0.1119846 0.1288831 0.07002475 0.1103493 0.1259288 0.07002475 0.113792 0.127574 0.07002475 0.1121616 0.1274193 0.07002475 0.1123368 0.1272623 0.07002475 0.1125106 0.1271034 0.07002475 0.1126827 0.1260948 0.07002475 0.1136514 0.1262395 0.07002475 0.1135257 0.1269426 0.07002475 0.112853 0.1263822 0.07002475 0.113398 0.1265231 0.07002475 0.1132682 0.1268054 0.07002475 0.112994 0.1266655 0.07002475 0.1131324 0.1452342 0.07002475 0.09517964 0.1723 0.07002475 0.06946339 0.17 0.07002475 0.1244634 0.1452057 0.07002475 0.09824902 0.1451827 0.07002475 0.09978361 0.1451391 0.07002475 0.1016399 0.1451081 0.07002475 0.1025678 0.1451639 0.07002475 0.1007118 0.1450349 0.07002475 0.1035406 0.1449704 0.07002475 0.1040241 0.1450809 0.07002475 0.1030549 0.1448483 0.07002475 0.1047618 0.1446818 0.07002475 0.1056643 0.1445006 0.07002475 0.1065798 0.1443322 0.07002475 0.1073611 0.1442062 0.07002475 0.1078909 0.1441389 0.07002475 0.1081547 0.1442707 0.07002475 0.1076263 0.1438797 0.07002475 0.1091111 0.1436002 0.07002475 0.1100715 0.1434318 0.07002475 0.1106111 0.1433435 0.07002475 0.1108795 0.1435173 0.07002475 0.1103417 0.1431507 0.07002475 0.1114266 0.1430476 0.07002475 0.1116977 0.1432493 0.07002475 0.1111539 0.1427819 0.07002475 0.1123626 0.1426447 0.07002475 0.1126932 0.1429162 0.07002475 0.1120307 0.1423559 0.07002475 0.1133647 0.1422071 0.07002475 0.1136985 0.1425018 0.07002475 0.1130296 0.1419403 0.07002475 0.1142694 0.1418011 0.07002475 0.114552 0.1420756 0.07002475 0.1139848 0.1415187 0.07002475 0.1151005 0.1413729 0.07002475 0.1153723 0.1416615 0.07002475 0.1148271 0.1410386 0.07002475 0.1159752 0.1408678 0.07002475 0.1162746 0.141207 0.07002475 0.1156744 0.1405355 0.07002475 0.1168408 0.1403658 0.07002475 0.1171219 0.1407028 0.07002475 0.1165584 0.1400946 0.07002475 0.1175501 0.1399534 0.07002475 0.1177605 0.1402321 0.07002475 0.1173372 0.1396745 0.07002475 0.1181579 0.1395315 0.07002475 0.118354 0.1398152 0.07002475 0.11796 0.1390042 0.07002475 0.1190525 0.1384604 0.07002475 0.1197421 0.1381472 0.07002475 0.1201216 0.1379873 0.07002475 0.1203086 0.1383049 0.07002475 0.1199327 0.1376579 0.07002475 0.1206777 0.137489 0.07002475 0.1208584 0.137824 0.07002475 0.1204944 0.1370762 0.07002475 0.1212858 0.136867 0.07002475 0.1214968 0.1372835 0.07002475 0.121073 0.1364417 0.07002475 0.1219145 0.1362263 0.07002475 0.1221205 0.1366553 0.07002475 0.1217066 0.1358574 0.07002475 0.12246 0.1356693 0.07002475 0.1226255 0.1360431 0.07002475 0.1222916 0.1352822 0.07002475 0.122952 0.1350852 0.07002475 0.1231111 0.1354769 0.07002475 0.1227901 0.1346027 0.07002475 0.1234893 0.1343593 0.07002475 0.1236755 0.1348447 0.07002475 0.1233011 0.1338639 0.07002475 0.1240452 0.1336141 0.07002475 0.1242271 0.1341123 0.07002475 0.1238613 0.1331859 0.07002475 0.124528 0.1329689 0.07002475 0.1246743 0.1334009 0.07002475 0.124379 0.1327487 0.07002475 0.1248186 0.1325267 0.07002475 0.12496 0.1723 0.07002475 0.1844634 0.1723 0.07002475 0.1244634 0.1323029 0.07002475 0.1250986 0.1317642 0.07002475 0.1254216 0.131493 0.07002475 0.1255799 0.1320341 0.07002475 0.1252611 0.1309476 0.07002475 0.12589 0.1306732 0.07002475 0.1260418 0.1312209 0.07002475 0.125736 0.1302108 0.07002475 0.1262876 0.1299772 0.07002475 0.1264058 0.1304428 0.07002475 0.1261662 0.1294904 0.07002475 0.1266387 0.1292443 0.07002475 0.1267492 0.1297348 0.07002475 0.1265242 0.1286185 0.07002475 0.1270181 0.128304 0.07002475 0.1271487 0.1289319 0.07002475 0.1268849 0.12765 0.07002475 0.1274111 0.1273215 0.07002475 0.1275384 0.1279775 0.07002475 0.1272812 0.1267412 0.07002475 0.1277526 0.1264493 0.07002475 0.1278546 0.127032 0.07002475 0.1276472 0.1258706 0.07002475 0.1280467 0.12558 0.07002475 0.1281387 0.1261604 0.07002475 0.127952 0.1246073 0.07002475 0.1284306 0.1236799 0.07002475 0.128688 0.123204 0.07002475 0.1288071 0.1229648 0.07002475 0.1288611 0.1234424 0.07002475 0.1287494 0.1225052 0.07002475 0.128957 0.1222748 0.07002475 0.1290019 0.1227352 0.07002475 0.1289101 0.121435 0.07002475 0.1291552 0.1205857 0.07002475 0.1292971 0.120105 0.07002475 0.1293696 0.1198643 0.07002475 0.129403 0.1203455 0.07002475 0.1293343 0.1192693 0.07002475 0.1294696 0.1189708 0.07002475 0.129493 0.1195671 0.07002475 0.1294396 0.1181413 0.07002475 0.1295419 0.1177263 0.07002475 0.129561 0.1185562 0.07002475 0.1295192 0.1167499 0.07002475 0.1295943 0.1162616 0.07002475 0.1296053 0.1172382 0.07002475 0.1295795 0.1151934 0.07002475 0.1296188 0.1146593 0.07002475 0.1296208 0.1157275 0.07002475 0.1296136 0.1135238 0.07002475 0.1296151 0.1129561 0.07002475 0.1296073 0.1140915 0.07002475 0.1296196 0.1119735 0.07002475 0.1295822 0.1114825 0.07002475 0.129563 0.1124648 0.07002475 0.129597 0.1106417 0.07002475 0.1295176 0.1102217 0.07002475 0.1294883 0.06289711 0.07002475 0.1281426 0.111062 0.07002475 0.1295424 0.06074513 0.07002475 0.128168 0.05818883 0.07002475 0.1281762 0.1095223 0.07002475 0.1294235 0.1091736 0.07002475 0.1293818 0.1098717 0.07002475 0.129459 0.1085968 0.07002475 0.1292995 0.1083093 0.07002475 0.1292524 0.1088849 0.07002475 0.1293426 0.1076073 0.07002475 0.1291272 0.1072571 0.07002475 0.1290606 0.1079581 0.07002475 0.1291911 0.1065476 0.07002475 0.1289175 0.1061936 0.07002475 0.1288419 0.1069021 0.07002475 0.1289904 -0.1499983 0.07002475 0.09309616 -0.1499835 0.07002475 0.09514718 -0.1499735 0.07002475 0.09563069 -0.1499574 0.07002475 0.09611403 -0.1499352 0.07002475 0.09659713 -0.1499106 0.07002475 0.09700277 -0.1498793 0.07002475 0.09740796 -0.1498413 0.07002475 0.09781257 -0.1497953 0.07002475 0.09823306 -0.1497431 0.07002475 0.09865283 0.1452229 0.07002475 0.09671436 -0.02249137 0.07002475 0.1001355 -0.02245232 0.07002475 0.1001281 -0.02241782 0.07002475 0.1001083 0.0830787 0.07002475 0.09717162 0.08309531 0.07002475 0.09859087 0.08311788 0.07002475 0.10001 0.08313644 0.07002475 0.1008624 0.0831614 0.07002475 0.1017145 0.08319276 0.07002475 0.1025665 0.08322093 0.07002475 0.1030287 0.08326784 0.07002475 0.1034895 -0.17 0.06302475 0.1244634 -0.17 0.06782475 0.1844634 -0.17 0.06302475 0.1844634 -0.17 0.06782475 0.1244634 -0.17 0.06782475 0.0124634 -0.17 0.06782475 0.06946339 -0.17 0.06302475 0.0124634 -0.17 0.06302475 0.06946339 -0.1723 0.06302475 0.1844634 -0.1723 0.06302475 0.1244634 -0.1723 0.06302475 0.0124634 -0.1723 0.06302475 0.06946339 0.17 0.06782475 0.1844634 0.17 0.06782475 0.1244634 0.17 0.06302475 0.1844634 0.17 0.06302475 0.1244634 0.1723 0.06302475 0.1244634 0.1723 0.06302475 0.1844634 0.17 0.06782475 0.009463395 0.17 0.06782475 0.0124634 -0.17 0.06782475 0.009463395 0.1845 0.06782475 0.009463395 0.1764196 0.06782475 -0.0255366 -0.1764196 0.06782475 -0.0255366 -0.1845 0.06782475 0.009463395 -0.1675702 0.06782475 -0.01177306 -0.1680199 0.06782475 -0.01133439 -0.1684473 0.06782475 -0.01087385 -0.1670991 0.06782475 -0.01218876 -0.1688511 0.06782475 -0.01039258 -0.1666079 0.06782475 -0.01258047 -0.1692304 0.06782475 -0.009891775 -0.1660978 0.06782475 -0.01294721 -0.1695843 0.06782475 -0.009372687 -0.1655701 0.06782475 -0.01328807 -0.1699119 0.06782475 -0.008836604 -0.165026 0.06782475 -0.0136022 -0.1702124 0.06782475 -0.008284859 -0.1644669 0.06782475 -0.01388881 -0.170485 0.06782475 -0.007718822 -0.1638943 0.06782475 -0.0141472 -0.170729 0.06782475 -0.007139901 -0.1633094 0.06782475 -0.01437673 -0.1709439 0.06782475 -0.006549536 -0.1627139 0.06782475 -0.01457682 -0.1711291 0.06782475 -0.005949194 -0.1621091 0.06782475 -0.01474698 -0.1712841 0.06782475 -0.005340368 -0.1614966 0.06782475 -0.01488678 -0.1608779 0.06782475 -0.01499587 -0.1602546 0.06782475 -0.01507399 -0.1714086 0.06782475 -0.004724572 -0.1715022 0.06782475 -0.004103335 -0.1715648 0.06782475 -0.003478204 -0.1596281 0.06782475 -0.01512094 -0.1715961 0.06782475 -0.002850731 -0.1715961 0.06782475 -0.002222478 -0.1715648 0.06782475 -0.001595005 -0.1715022 0.06782475 -0.0009698737 -0.1714086 0.06782475 -0.0003486374 -0.1712841 0.06782475 0.0002671593 -0.1711291 0.06782475 0.0008759854 -0.1709439 0.06782475 0.001476327 -0.170729 0.06782475 0.002066693 -0.170485 0.06782475 0.002645613 -0.1702124 0.06782475 0.00321165 -0.1699119 0.06782475 0.003763396 -0.1695843 0.06782475 0.004299479 -0.1692304 0.06782475 0.004818566 -0.1688511 0.06782475 0.005319367 -0.1684473 0.06782475 0.005800637 -0.1680199 0.06782475 0.006261179 -0.1675702 0.06782475 0.006699849 -0.1670991 0.06782475 0.007115556 -0.1666079 0.06782475 0.007507265 -0.1660978 0.06782475 0.007874004 -0.1655701 0.06782475 0.008214861 -0.165026 0.06782475 0.008528987 -0.1644669 0.06782475 0.008815603 -0.1638943 0.06782475 0.009073996 -0.1633094 0.06782475 0.009303523 -0.1627139 0.06782475 0.009503613 -0.1621091 0.06782475 0.009673769 -0.1614966 0.06782475 0.009813569 -0.1608779 0.06782475 0.009922664 -0.1602546 0.06782475 0.01000078 -0.1596281 0.06782475 0.01004773 0.1504298 0.06782475 -0.01177306 0.1499801 0.06782475 -0.01133439 0.1495527 0.06782475 -0.01087385 0.1509009 0.06782475 -0.01218876 0.1491489 0.06782475 -0.01039258 0.1513921 0.06782475 -0.01258047 0.1487696 0.06782475 -0.009891775 0.1519022 0.06782475 -0.01294721 0.1484157 0.06782475 -0.009372687 0.1524299 0.06782475 -0.01328807 0.1480881 0.06782475 -0.008836604 0.152974 0.06782475 -0.0136022 0.1477876 0.06782475 -0.008284859 0.1535331 0.06782475 -0.01388881 0.147515 0.06782475 -0.007718822 0.147271 0.06782475 -0.007139901 0.1470561 0.06782475 -0.006549536 0.1468709 0.06782475 -0.005949194 0.1467159 0.06782475 -0.005340368 0.1465914 0.06782475 -0.004724572 0.1464978 0.06782475 -0.004103335 0.1464352 0.06782475 -0.003478204 0.1464039 0.06782475 -0.002850731 0.1464039 0.06782475 -0.002222478 0.1464352 0.06782475 -0.001595005 0.1464978 0.06782475 -0.0009698737 0.1465914 0.06782475 -0.0003486374 0.1467159 0.06782475 0.0002671593 0.1468709 0.06782475 0.0008759854 0.1470561 0.06782475 0.001476327 0.147271 0.06782475 0.002066693 0.147515 0.06782475 0.002645613 0.1583719 0.06782475 -0.01512094 0.1577454 0.06782475 -0.01507399 0.1571221 0.06782475 -0.01499587 0.1565034 0.06782475 -0.01488678 0.1558909 0.06782475 -0.01474698 0.1552861 0.06782475 -0.01457682 0.1546906 0.06782475 -0.01437673 0.1541057 0.06782475 -0.0141472 0.1477876 0.06782475 0.00321165 0.1480881 0.06782475 0.003763396 0.17 0.06782475 0.06946339 0.1484157 0.06782475 0.004299479 0.1487696 0.06782475 0.004818566 0.1491489 0.06782475 0.005319367 0.1495527 0.06782475 0.005800637 0.1499801 0.06782475 0.006261179 0.1504298 0.06782475 0.006699849 0.1509009 0.06782475 0.007115556 0.1513921 0.06782475 0.007507265 0.1519022 0.06782475 0.007874004 0.1524299 0.06782475 0.008214861 0.152974 0.06782475 0.008528987 0.1535331 0.06782475 0.008815603 0.1541057 0.06782475 0.009073996 0.1546906 0.06782475 0.009303523 0.1552861 0.06782475 0.009503613 0.1558909 0.06782475 0.009673769 0.1565034 0.06782475 0.009813569 0.1571221 0.06782475 0.009922664 0.1577454 0.06782475 0.01000078 0.1583719 0.06782475 0.01004773 -0.1596281 0.05782475 -0.01512094 -0.1602546 0.05782475 -0.01507399 -0.1608779 0.05782475 -0.01499587 -0.1614966 0.05782475 -0.01488678 -0.1621091 0.05782475 -0.01474698 -0.1627139 0.05782475 -0.01457682 -0.1633094 0.05782475 -0.01437673 -0.1638943 0.05782475 -0.0141472 -0.1644669 0.05782475 -0.01388881 -0.165026 0.05782475 -0.0136022 -0.1655701 0.05782475 -0.01328807 -0.1660978 0.05782475 -0.01294721 -0.1666079 0.05782475 -0.01258047 -0.1670991 0.05782475 -0.01218876 -0.1675702 0.05782475 -0.01177306 -0.1680199 0.05782475 -0.01133439 -0.1684473 0.05782475 -0.01087385 -0.1688511 0.05782475 -0.01039258 -0.1692304 0.05782475 -0.009891775 -0.1695843 0.05782475 -0.009372687 -0.1699119 0.05782475 -0.008836604 -0.1702124 0.05782475 -0.008284859 -0.170485 0.05782475 -0.007718822 -0.170729 0.05782475 -0.007139901 -0.1709439 0.05782475 -0.006549536 -0.1711291 0.05782475 -0.005949194 -0.1712841 0.05782475 -0.005340368 -0.1714086 0.05782475 -0.004724572 -0.1715022 0.05782475 -0.004103335 -0.1715648 0.05782475 -0.003478204 -0.1715961 0.05782475 -0.002850731 -0.1715961 0.05782475 -0.002222478 -0.1715648 0.05782475 -0.001595005 -0.1715022 0.05782475 -0.0009698737 -0.1714086 0.05782475 -0.0003486374 -0.1712841 0.05782475 0.0002671593 -0.1711291 0.05782475 0.0008759854 -0.1709439 0.05782475 0.001476327 -0.170729 0.05782475 0.002066693 -0.170485 0.05782475 0.002645613 -0.1702124 0.05782475 0.00321165 -0.1699119 0.05782475 0.003763396 -0.1695843 0.05782475 0.004299479 -0.1692304 0.05782475 0.004818566 -0.1688511 0.05782475 0.005319367 -0.1684473 0.05782475 0.005800637 -0.1680199 0.05782475 0.006261179 -0.1675702 0.05782475 0.006699849 -0.1670991 0.05782475 0.007115556 -0.1666079 0.05782475 0.007507265 -0.1660978 0.05782475 0.007874004 -0.1655701 0.05782475 0.008214861 -0.165026 0.05782475 0.008528987 -0.1644669 0.05782475 0.008815603 -0.1638943 0.05782475 0.009073996 -0.1633094 0.05782475 0.009303523 -0.1627139 0.05782475 0.009503613 -0.1621091 0.05782475 0.009673769 -0.1614966 0.05782475 0.009813569 -0.1608779 0.05782475 0.009922664 -0.1602546 0.05782475 0.01000078 -0.1596281 0.05782475 0.01004773 0.1583719 0.05782475 -0.01512094 0.1577454 0.05782475 -0.01507399 0.1571221 0.05782475 -0.01499587 0.1565034 0.05782475 -0.01488678 0.1558909 0.05782475 -0.01474698 0.1552861 0.05782475 -0.01457682 0.1546906 0.05782475 -0.01437673 0.1541057 0.05782475 -0.0141472 0.1535331 0.05782475 -0.01388881 0.152974 0.05782475 -0.0136022 0.1524299 0.05782475 -0.01328807 0.1519022 0.05782475 -0.01294721 0.1513921 0.05782475 -0.01258047 0.1509009 0.05782475 -0.01218876 0.1504298 0.05782475 -0.01177306 0.1499801 0.05782475 -0.01133439 0.1495527 0.05782475 -0.01087385 0.1491489 0.05782475 -0.01039258 0.1487696 0.05782475 -0.009891775 0.1484157 0.05782475 -0.009372687 0.1480881 0.05782475 -0.008836604 0.1477876 0.05782475 -0.008284859 0.147515 0.05782475 -0.007718822 0.147271 0.05782475 -0.007139901 0.1470561 0.05782475 -0.006549536 0.1468709 0.05782475 -0.005949194 0.1467159 0.05782475 -0.005340368 0.1465914 0.05782475 -0.004724572 0.1464978 0.05782475 -0.004103335 0.1464352 0.05782475 -0.003478204 0.1464039 0.05782475 -0.002850731 0.1464039 0.05782475 -0.002222478 0.1464352 0.05782475 -0.001595005 0.1464978 0.05782475 -0.0009698737 0.1465914 0.05782475 -0.0003486374 0.1467159 0.05782475 0.0002671593 0.1468709 0.05782475 0.0008759854 0.1470561 0.05782475 0.001476327 0.147271 0.05782475 0.002066693 0.147515 0.05782475 0.002645613 0.1477876 0.05782475 0.00321165 0.1480881 0.05782475 0.003763396 0.1484157 0.05782475 0.004299479 0.1487696 0.05782475 0.004818566 0.1491489 0.05782475 0.005319367 0.1495527 0.05782475 0.005800637 0.1499801 0.05782475 0.006261179 0.1504298 0.05782475 0.006699849 0.1509009 0.05782475 0.007115556 0.1513921 0.05782475 0.007507265 0.1519022 0.05782475 0.007874004 0.1524299 0.05782475 0.008214861 0.152974 0.05782475 0.008528987 0.1535331 0.05782475 0.008815603 0.1541057 0.05782475 0.009073996 0.1546906 0.05782475 0.009303523 0.1552861 0.05782475 0.009503613 0.1558909 0.05782475 0.009673769 0.1565034 0.05782475 0.009813569 0.1571221 0.05782475 0.009922664 0.1577454 0.05782475 0.01000078 0.1583719 0.05782475 0.01004773 -0.1122101 0.07302475 0.05574451 -0.1113267 0.07302475 0.05577289 -0.1124758 0.07302475 0.05574036 -0.1123429 0.07302475 0.05574192 -0.113537 0.07302475 0.05575895 -0.1143828 0.07302475 0.05579306 -0.115266 0.07302475 0.05583697 -0.1160504 0.07302475 0.05588486 -0.1168738 0.07302475 0.0559546 -0.1165996 0.07302475 0.05592826 -0.1163251 0.07302475 0.05590501 -0.117883 0.07302475 0.05606662 -0.1189077 0.07302475 0.05619939 -0.1197837 0.07302475 0.05633395 -0.1194921 0.07302475 0.05628629 -0.1192001 0.07302475 0.05624144 -0.1206731 0.07302475 0.05649567 -0.1203771 0.07302475 0.05643919 -0.1200806 0.07302475 0.05638528 -0.1217421 0.07302475 0.05671274 -0.122814 0.07302475 0.05694705 -0.1237137 0.07302475 0.05716245 -0.1234144 0.07302475 0.05708818 -0.1231145 0.07302475 0.05701638 -0.1245834 0.07302475 0.05739559 -0.1242942 0.07302475 0.05731506 -0.1240043 0.07302475 0.05723735 -0.1255604 0.07302475 0.05768351 -0.1264938 0.07302475 0.05797925 -0.1272184 0.07302475 0.05823381 -0.1269781 0.07302475 0.05814561 -0.1267365 0.07302475 0.05806075 -0.1279014 0.07302475 0.05849882 -0.1286975 0.07302475 0.05882492 -0.1294788 0.07302475 0.05915813 -0.1301136 0.07302475 0.05944411 -0.1299028 0.07302475 0.05934696 -0.1296912 0.07302475 0.05925164 -0.1307471 0.07302475 0.05975251 -0.1305371 0.07302475 0.05964733 -0.130326 0.07302475 0.05954453 -0.1315257 0.07302475 0.06015667 -0.132317 0.07302475 0.06058533 -0.1329949 0.07302475 0.06097228 -0.1327701 0.07302475 0.06084127 -0.1325441 0.07302475 0.06071229 -0.1336832 0.07302475 0.06139552 -0.1334556 0.07302475 0.06125152 -0.1332261 0.07302475 0.06111043 -0.1345105 0.07302475 0.06193864 -0.134236 0.07302475 0.06175567 -0.1339603 0.07302475 0.06157463 -0.1353391 0.07302475 0.06250775 -0.1350642 0.07302475 0.06231612 -0.1347881 0.07302475 0.06212642 -0.1360344 0.07302475 0.06301363 -0.1358045 0.07302475 0.06284243 -0.1355728 0.07302475 0.0626738 -0.1367292 0.07302475 0.06355925 -0.1365001 0.07302475 0.06337427 -0.1362685 0.07302475 0.06319238 -0.1375591 0.07302475 0.0642539 -0.1372842 0.07302475 0.06402032 -0.1370075 0.07302475 0.06378876 -0.1383865 0.07302475 0.06497803 -0.1381125 0.07302475 0.06473463 -0.1378367 0.07302475 0.06449325 -0.1390766 0.07302475 0.06561764 -0.1388491 0.07302475 0.06540176 -0.138619 0.07302475 0.06518855 -0.1397425 0.07302475 0.06628114 -0.1395233 0.07302475 0.06605721 -0.1393013 0.07302475 0.06583603 -0.1404952 0.07302475 0.0670785 -0.1402464 0.07302475 0.06681073 -0.1399955 0.07302475 0.06654494 -0.1412164 0.07302475 0.06787981 -0.1409781 0.07302475 0.06761081 -0.1407377 0.07302475 0.0673437 -0.1417819 0.07302475 0.06855225 -0.1415967 0.07302475 0.06832538 -0.1414082 0.07302475 0.06810122 -0.1422944 0.07302475 0.06920264 -0.1428483 0.07302475 0.06993154 -0.1433612 0.07302475 0.07062771 -0.1437373 0.07302475 0.07116525 -0.1436139 0.07302475 0.07098466 -0.1434886 0.07302475 0.07080547 -0.1440938 0.07302475 0.07171484 -0.1439772 0.07302475 0.0715302 -0.1438583 0.07302475 0.071347 -0.1445433 0.07302475 0.07244951 -0.1450061 0.07302475 0.07323404 -0.1454105 0.07302475 0.07395035 -0.1458191 0.07302475 0.07473142 -0.1456866 0.07302475 0.07446917 -0.1455503 0.07302475 0.07420879 -0.1462987 0.07302475 0.07572352 -0.1461412 0.07302475 0.07539167 -0.1459814 0.07302475 0.07506097 -0.1467697 0.07302475 0.07675434 -0.1466152 0.07302475 0.07640961 -0.1464582 0.07302475 0.07606599 -0.1471554 0.07302475 0.07766254 -0.1470301 0.07302475 0.07735841 -0.1469016 0.07302475 0.07705567 -0.1475034 0.07302475 0.07854503 -0.1478595 0.07302475 0.07949584 -0.1481734 0.07302475 0.0803762 -0.1483808 0.07302475 0.08101488 -0.1483146 0.07302475 0.08080103 -0.1482455 0.07302475 0.08058813 -0.1485574 0.07302475 0.08163517 -0.1485007 0.07302475 0.08142778 -0.1484419 0.07302475 0.08122101 -0.1487674 0.07302475 0.08244438 -0.1489752 0.07302475 0.08329691 -0.1491475 0.07302475 0.08406245 -0.1493086 0.07302475 0.08485799 -0.1494826 0.07302475 0.08580517 -0.1496429 0.07302475 0.08674935 -0.1497611 0.07302475 0.08753432 -0.1497237 0.07302475 0.08727235 -0.1496843 0.07302475 0.08701069 -0.1498683 0.07302475 0.08853397 -0.1498394 0.07302475 0.08820004 -0.1498036 0.07302475 0.08786678 -0.1499415 0.07302475 0.08976572 -0.1499217 0.07302475 0.08935487 -0.1498973 0.07302475 0.08894427 -0.1499847 0.07302475 0.09126427 -0.1499749 0.07302475 0.09076463 -0.1499605 0.07302475 0.0902651 -0.1499983 0.07302475 0.09309616 -0.1499835 0.07302475 0.09514718 -0.1499352 0.07302475 0.09659713 -0.1499574 0.07302475 0.09611403 -0.1499735 0.07302475 0.09563069 -0.1498413 0.07302475 0.09781257 -0.1498793 0.07302475 0.09740796 -0.1499106 0.07302475 0.09700277 -0.1496848 0.07302475 0.0990718 -0.1497431 0.07302475 0.09865283 -0.1497953 0.07302475 0.09823306 -0.1495432 0.07302475 0.09998898 -0.1493757 0.07302475 0.1009813 -0.1492088 0.07302475 0.1019023 -0.1490716 0.07302475 0.1025765 -0.1491196 0.07302475 0.1023522 -0.1491653 0.07302475 0.1021275 -0.148923 0.07302475 0.103211 -0.1489745 0.07302475 0.103 -0.1490241 0.07302475 0.1027885 -0.1487217 0.07302475 0.1039923 -0.1485039 0.07302475 0.1047877 -0.1483026 0.07302475 0.1054703 -0.1480803 0.07302475 0.1061612 -0.1481564 0.07302475 0.1059315 -0.1482305 0.07302475 0.1057012 -0.147797 0.07302475 0.1069842 -0.1475009 0.07302475 0.1078043 -0.1472391 0.07302475 0.1084864 -0.1473282 0.07302475 0.1082598 -0.1474155 0.07302475 0.1080324 -0.146971 0.07302475 0.1091385 -0.1466568 0.07302475 0.1098639 -0.1463461 0.07302475 0.1105517 -0.1460925 0.07302475 0.1110783 -0.146179 0.07302475 0.1109037 -0.1462635 0.07302475 0.1107281 -0.1458311 0.07302475 0.1115863 -0.1454974 0.07302475 0.1122119 -0.1451491 0.07302475 0.1128488 -0.1448409 0.07302475 0.1133954 -0.144481 0.07302475 0.1139847 -0.1446045 0.07302475 0.1137904 -0.1447245 0.07302475 0.113594 -0.1439587 0.07302475 0.1147711 -0.1441347 0.07302475 0.1145102 -0.1443088 0.07302475 0.1142481 -0.1433775 0.07302475 0.1156066 -0.1435732 0.07302475 0.1153295 -0.143767 0.07302475 0.115051 -0.1428208 0.07302475 0.1163668 -0.1430087 0.07302475 0.1161151 -0.1431942 0.07302475 0.1158617 -0.1422095 0.07302475 0.1171446 -0.1424168 0.07302475 0.1168881 -0.1426206 0.07302475 0.1166289 -0.1414591 0.07302475 0.1180365 -0.1417118 0.07302475 0.1177413 -0.1419619 0.07302475 0.117444 -0.140694 0.07302475 0.1189006 -0.1409515 0.07302475 0.1186147 -0.1412065 0.07302475 0.1183267 -0.1400388 0.07302475 0.1195901 -0.1402607 0.07302475 0.1193635 -0.1404791 0.07302475 0.1191337 -0.1393925 0.07302475 0.1202231 -0.1396098 0.07302475 0.120014 -0.1398253 0.07302475 0.119803 -0.1386584 0.07302475 0.1209094 -0.1379498 0.07302475 0.1215462 -0.1373928 0.07302475 0.1220158 -0.1375807 0.07302475 0.121862 -0.1377664 0.07302475 0.1217054 -0.1368407 0.07302475 0.1224467 -0.1370262 0.07302475 0.122305 -0.1372103 0.07302475 0.1221614 -0.1361537 0.07302475 0.1229562 -0.1354485 0.07302475 0.1234603 -0.1348374 0.07302475 0.1238763 -0.1350424 0.07302475 0.1237395 -0.1352461 0.07302475 0.1236008 -0.1341528 0.07302475 0.124301 -0.1343836 0.07302475 0.1241637 -0.1346119 0.07302475 0.1240221 -0.1331974 0.07302475 0.124842 -0.1335172 0.07302475 0.1246641 -0.1338357 0.07302475 0.1244837 -0.1321559 0.07302475 0.1254007 -0.1325045 0.07302475 0.1252171 -0.1328516 0.07302475 0.1250309 -0.1311803 0.07302475 0.125892 -0.131507 0.07302475 0.1257314 -0.1318322 0.07302475 0.1255676 -0.1301716 0.07302475 0.1263621 -0.1305095 0.07302475 0.126209 -0.1308457 0.07302475 0.1260523 -0.1290289 0.07302475 0.126857 -0.1294111 0.07302475 0.1266949 -0.129792 0.07302475 0.12653 -0.1279287 0.07302475 0.1273036 -0.1282966 0.07302475 0.1271576 -0.1286633 0.07302475 0.1270087 -0.1270661 0.07302475 0.127618 -0.1273553 0.07302475 0.1275179 -0.1276429 0.07302475 0.1274131 -0.1262767 0.07302475 0.1278762 -0.1254166 0.07302475 0.1281427 -0.1246131 0.07302475 0.1283796 -0.1240185 0.07302475 0.1285395 -0.1242173 0.07302475 0.1284885 -0.1244155 0.07302475 0.1284352 -0.1234233 0.07302475 0.1286783 -0.1236222 0.07302475 0.1286342 -0.1238206 0.07302475 0.128588 -0.1226204 0.07302475 0.1288454 -0.1217602 0.07302475 0.1290118 -0.1209709 0.07302475 0.1291514 -0.1201305 0.07302475 0.1292816 -0.120411 0.07302475 0.1292404 -0.1206911 0.07302475 0.129197 -0.1191086 0.07302475 0.1294201 -0.1180756 0.07302475 0.1295457 -0.1171988 0.07302475 0.1296362 -0.1174913 0.07302475 0.1296082 -0.1177835 0.07302475 0.129578 -0.1161301 0.07302475 0.1297067 -0.1164867 0.07302475 0.1296893 -0.116843 0.07302475 0.1296658 -0.1147341 0.07302475 0.129746 -0.1151996 0.07302475 0.1297366 -0.1156649 0.07302475 0.1297235 -0.1131119 0.07302475 0.1297551 -0.1136526 0.07302475 0.1297559 -0.1141934 0.07302475 0.1297529 -0.1113322 0.07302475 0.1297318 -0.1119254 0.07302475 0.1297428 -0.1125186 0.07302475 0.1297505 -0.1095857 0.07302475 0.129681 -0.1101678 0.07302475 0.129701 -0.11075 0.07302475 0.1297179 -0.1080503 0.07302475 0.1296065 -0.108562 0.07302475 0.1296353 -0.1090738 0.07302475 0.1296601 -0.1067836 0.07302475 0.1295139 -0.1072056 0.07302475 0.1295484 -0.1076278 0.07302475 0.1295792 -0.1059123 0.07302475 0.1294058 -0.1062018 0.07302475 0.1294491 -0.1064923 0.07302475 0.1294851 -0.1052325 0.07302475 0.1292899 -0.104422 0.07302475 0.129141 -0.1036138 0.07302475 0.1289846 -0.1029409 0.07302475 0.1288454 -0.1022716 0.07302475 0.1286905 -0.1024942 0.07302475 0.1287444 -0.1027173 0.07302475 0.128796 -0.1014743 0.07302475 0.1284858 -0.1006797 0.07302475 0.1282667 -0.1000188 0.07302475 0.1280674 -0.1002384 0.07302475 0.128136 -0.1004588 0.07302475 0.1282025 -0.09935468 0.07302475 0.1278478 -0.09854879 0.07302475 0.1275654 -0.09773588 0.07302475 0.1272689 -0.09704738 0.07302475 0.1270049 -0.09634873 0.07302475 0.1267132 -0.09658038 0.07302475 0.1268134 -0.09681327 0.07302475 0.1269106 -0.09550121 0.07302475 0.1263299 -0.09464691 0.07302475 0.125922 -0.09392361 0.07302475 0.1255527 -0.09416337 0.07302475 0.1256784 -0.09440448 0.07302475 0.1258015 -0.09324354 0.07302475 0.1251847 -0.09252305 0.07302475 0.1247817 -0.09186586 0.07302475 0.1244032 -0.09140253 0.07302475 0.1241218 -0.09155592 0.07302475 0.1242173 -0.09171037 0.07302475 0.1243111 -0.09048142 0.07302475 0.1235408 -0.08955041 0.07302475 0.1214395 -0.08915456 0.07302475 0.1205495 -0.08873496 0.07302475 0.1196127 -0.08835144 0.07302475 0.118762 -0.08808179 0.07302475 0.1181713 -0.08754418 0.07302475 0.1170044 -0.09449212 0.07302475 0.1098907 -0.09523642 0.07302475 0.1105835 -0.09535672 0.07302475 0.1106938 -0.09547858 0.07302475 0.1108025 -0.095602 0.07302475 0.1109094 -0.09609779 0.07302475 0.1113245 -0.09663156 0.07302475 0.1117546 -0.09712357 0.07302475 0.1121334 -0.09730491 0.07302475 0.1122667 -0.09748876 0.07302475 0.1123965 -0.09767506 0.07302475 0.1125229 -0.09791549 0.07302475 0.112681 -0.09815738 0.07302475 0.1128368 -0.0984007 0.07302475 0.1129905 -0.09865582 0.07302475 0.1131483 -0.09891238 0.07302475 0.1133037 -0.09917035 0.07302475 0.1134569 -0.09940065 0.07302475 0.1135901 -0.09963268 0.07302475 0.1137203 -0.09986639 0.07302475 0.1138475 -0.1001018 0.07302475 0.1139721 -0.1003384 0.07302475 0.1140945 -0.1005762 0.07302475 0.1142146 -0.1013877 0.07302475 0.1146095 -0.1021744 0.07302475 0.1149728 -0.1023812 0.07302475 0.1150641 -0.1025893 0.07302475 0.1151526 -0.1027986 0.07302475 0.1152381 -0.1030145 0.07302475 0.1153224 -0.1032319 0.07302475 0.1154028 -0.1034507 0.07302475 0.1154793 -0.103744 0.07302475 0.1155776 -0.1040381 0.07302475 0.1156738 -0.1043329 0.07302475 0.1157676 -0.1046479 0.07302475 0.1158652 -0.1049636 0.07302475 0.1159605 -0.10528 0.07302475 0.1160533 -0.1055695 0.07302475 0.1161355 -0.1058598 0.07302475 0.1162148 -0.1061509 0.07302475 0.1162912 -0.1064396 0.07302475 0.116364 -0.106729 0.07302475 0.1164342 -0.107019 0.07302475 0.1165017 -0.1073311 0.07302475 0.1165717 -0.1076438 0.07302475 0.1166394 -0.1079569 0.07302475 0.1167048 -0.1082466 0.07302475 0.116763 -0.1085367 0.07302475 0.1168191 -0.1088273 0.07302475 0.116873 -0.1090383 0.07302475 0.1169092 -0.10925 0.07302475 0.1169415 -0.1094623 0.07302475 0.1169697 -0.1096708 0.07302475 0.1169936 -0.1098796 0.07302475 0.117014 -0.1100888 0.07302475 0.1170308 -0.1109255 0.07302475 0.117082 -0.1118172 0.07302475 0.1171171 -0.1120881 0.07302475 0.1171236 -0.1123591 0.07302475 0.1171274 -0.1126301 0.07302475 0.1171287 -0.1129057 0.07302475 0.1171274 -0.1131812 0.07302475 0.1171235 -0.1134566 0.07302475 0.117117 -0.1143902 0.07302475 0.1170811 -0.1152861 0.07302475 0.1170289 -0.1155199 0.07302475 0.1170114 -0.1157533 0.07302475 0.1169906 -0.1159865 0.07302475 0.1169667 -0.1162148 0.07302475 0.1169402 -0.1164427 0.07302475 0.1169109 -0.1166703 0.07302475 0.1168786 -0.1175104 0.07302475 0.1167451 -0.1183647 0.07302475 0.1165913 -0.1186092 0.07302475 0.1165434 -0.1188531 0.07302475 0.1164929 -0.1190965 0.07302475 0.1164398 -0.119334 0.07302475 0.1163856 -0.119571 0.07302475 0.1163295 -0.1198075 0.07302475 0.1162715 -0.1205971 0.07302475 0.116067 -0.1213447 0.07302475 0.1158593 -0.1215357 0.07302475 0.115803 -0.121726 0.07302475 0.1157444 -0.1219155 0.07302475 0.1156833 -0.1221079 0.07302475 0.1156177 -0.122299 0.07302475 0.1155483 -0.1224886 0.07302475 0.115475 -0.1227428 0.07302475 0.1153724 -0.1229962 0.07302475 0.1152678 -0.1232486 0.07302475 0.1151609 -0.1235181 0.07302475 0.1150442 -0.1237867 0.07302475 0.1149252 -0.1240542 0.07302475 0.1148039 -0.1242989 0.07302475 0.1146902 -0.1245424 0.07302475 0.1145738 -0.1247846 0.07302475 0.1144548 -0.1250328 0.07302475 0.1143285 -0.1252788 0.07302475 0.114198 -0.1255226 0.07302475 0.1140634 -0.1258013 0.07302475 0.1139044 -0.1260781 0.07302475 0.1137423 -0.1263531 0.07302475 0.1135771 -0.1266194 0.07302475 0.1134131 -0.1268839 0.07302475 0.1132461 -0.1271465 0.07302475 0.1130761 -0.1273556 0.07302475 0.1129359 -0.1275617 0.07302475 0.1127913 -0.1277647 0.07302475 0.1126423 -0.1279666 0.07302475 0.1124876 -0.1281654 0.07302475 0.1123288 -0.128361 0.07302475 0.1121661 -0.1286051 0.07302475 0.1119566 -0.1288472 0.07302475 0.1117446 -0.1290871 0.07302475 0.1115303 -0.1293335 0.07302475 0.1113057 -0.1295776 0.07302475 0.1110787 -0.1298195 0.07302475 0.1108492 -0.1300298 0.07302475 0.1106447 -0.1302371 0.07302475 0.1104371 -0.1304414 0.07302475 0.1102265 -0.1306395 0.07302475 0.1100163 -0.1308348 0.07302475 0.1098034 -0.131027 0.07302475 0.1095878 -0.1312367 0.07302475 0.1093468 -0.1314438 0.07302475 0.1091037 -0.1316485 0.07302475 0.1088585 -0.1318395 0.07302475 0.1086247 -0.132028 0.07302475 0.108389 -0.1322141 0.07302475 0.1081513 -0.1323528 0.07302475 0.107968 -0.1324871 0.07302475 0.1077814 -0.1326171 0.07302475 0.1075919 -0.13274 0.07302475 0.1074049 -0.1328598 0.07302475 0.107216 -0.1329765 0.07302475 0.1070251 -0.1331196 0.07302475 0.1067842 -0.1332607 0.07302475 0.1065422 -0.1333998 0.07302475 0.1062991 -0.1335409 0.07302475 0.1060474 -0.1336799 0.07302475 0.1057946 -0.1338168 0.07302475 0.1055406 -0.133934 0.07302475 0.1053178 -0.1340483 0.07302475 0.1050936 -0.1341598 0.07302475 0.104868 -0.1342691 0.07302475 0.1046393 -0.1343754 0.07302475 0.1044092 -0.1344786 0.07302475 0.1041777 -0.1345955 0.07302475 0.1039079 -0.13471 0.07302475 0.103637 -0.1348223 0.07302475 0.1033652 -0.13493 0.07302475 0.1030979 -0.1350354 0.07302475 0.1028298 -0.1351385 0.07302475 0.1025607 -0.1352194 0.07302475 0.1023417 -0.1352968 0.07302475 0.1021214 -0.1353707 0.07302475 0.1018999 -0.1354431 0.07302475 0.1016718 -0.1355125 0.07302475 0.1014428 -0.135579 0.07302475 0.101213 -0.1358213 0.07302475 0.1003217 -0.1360573 0.07302475 0.09938531 -0.1361235 0.07302475 0.09910662 -0.1361873 0.07302475 0.09882735 -0.1362486 0.07302475 0.09854753 -0.1363323 0.07302475 0.09814269 -0.13641 0.07302475 0.09773664 -0.1364816 0.07302475 0.09732947 -0.13653 0.07302475 0.09701128 -0.1365684 0.07302475 0.09669174 -0.1365968 0.07302475 0.09637115 -0.1366212 0.07302475 0.09597959 -0.1366373 0.07302475 0.09558761 -0.1366452 0.07302475 0.09519537 -0.1366544 0.07302475 0.09297663 -0.1366394 0.07302475 0.09075062 -0.1366305 0.07302475 0.09036226 -0.1366133 0.07302475 0.08997417 -0.1365879 0.07302475 0.08958655 -0.1365587 0.07302475 0.08927126 -0.1365193 0.07302475 0.08895708 -0.1364699 0.07302475 0.08864433 -0.1363968 0.07302475 0.08824474 -0.1363176 0.07302475 0.08784633 -0.1362323 0.07302475 0.0874492 -0.1361689 0.07302475 0.08717229 -0.1361027 0.07302475 0.08689609 -0.1360334 0.07302475 0.08662061 -0.1359511 0.07302475 0.08630469 -0.1358665 0.07302475 0.08598935 -0.1357797 0.07302475 0.08567462 -0.1355134 0.07302475 0.08475989 -0.1354381 0.07302475 0.08451704 -0.1353594 0.07302475 0.08427525 -0.1352775 0.07302475 0.08403455 -0.1351952 0.07302475 0.08380285 -0.1351099 0.07302475 0.08357223 -0.1350216 0.07302475 0.08334272 -0.1349148 0.07302475 0.08307327 -0.1348058 0.07302475 0.08280468 -0.1346947 0.07302475 0.08253695 -0.1345827 0.07302475 0.08227265 -0.1344685 0.07302475 0.08200924 -0.1343522 0.07302475 0.08174674 -0.134254 0.07302475 0.0815314 -0.1341528 0.07302475 0.08131745 -0.1340486 0.07302475 0.08110494 -0.1339433 0.07302475 0.0808973 -0.1338354 0.07302475 0.08069099 -0.133725 0.07302475 0.08048605 -0.1335923 0.07302475 0.08024583 -0.1334579 0.07302475 0.08000664 -0.1333215 0.07302475 0.07976849 -0.1331847 0.07302475 0.07953368 -0.1330461 0.07302475 0.07929993 -0.1329056 0.07302475 0.07906727 -0.1327878 0.07302475 0.07887674 -0.1326674 0.07302475 0.07868784 -0.1325444 0.07302475 0.07850062 -0.1324229 0.07302475 0.07832072 -0.1322991 0.07302475 0.07814236 -0.1321732 0.07302475 0.07796553 -0.1320264 0.07302475 0.07776385 -0.1318779 0.07302475 0.07756339 -0.1317278 0.07302475 0.07736414 -0.1315802 0.07302475 0.07717155 -0.1314311 0.07302475 0.07698019 -0.1312803 0.07302475 0.07679005 -0.1311578 0.07302475 0.07663926 -0.1310329 0.07302475 0.07649043 -0.1309056 0.07302475 0.07634361 -0.1307756 0.07302475 0.07619803 -0.1306435 0.07302475 0.07605428 -0.1305095 0.07302475 0.07591239 -0.1299942 0.07302475 0.07538577 -0.1294507 0.07302475 0.07485337 -0.1292897 0.07302475 0.07470056 -0.1291271 0.07302475 0.07454945 -0.128963 0.07302475 0.07440004 -0.1287918 0.07302475 0.07424827 -0.1286183 0.07302475 0.07409921 -0.1284424 0.07302475 0.07395289 -0.1282284 0.07302475 0.07377924 -0.1280128 0.07302475 0.07360753 -0.1277956 0.07302475 0.07343777 -0.1275758 0.07302475 0.07326909 -0.1273545 0.07302475 0.07310239 -0.1271317 0.07302475 0.07293769 -0.1269421 0.07302475 0.07280105 -0.1267505 0.07302475 0.07266726 -0.1265569 0.07302475 0.07253635 -0.1263638 0.07302475 0.07240985 -0.126169 0.07302475 0.07228612 -0.1259724 0.07302475 0.07216516 -0.1257426 0.07302475 0.07202747 -0.1255116 0.07302475 0.07189188 -0.1252793 0.07302475 0.07175841 -0.1250505 0.07302475 0.07162971 -0.1248206 0.07302475 0.07150312 -0.1245895 0.07302475 0.07137865 -0.1244007 0.07302475 0.07128018 -0.1242104 0.07302475 0.07118496 -0.1240184 0.07302475 0.071093 -0.1238225 0.07302475 0.07100289 -0.1236253 0.07302475 0.07091558 -0.1234269 0.07302475 0.0708311 -0.1226708 0.07302475 0.07052501 -0.1218824 0.07302475 0.07022545 -0.1216507 0.07302475 0.07014159 -0.121418 0.07302475 0.0700602 -0.1211845 0.07302475 0.06998127 -0.1209551 0.07302475 0.06990627 -0.1207249 0.07302475 0.06983348 -0.1204941 0.07302475 0.06976289 -0.1197294 0.07302475 0.06954209 -0.119006 0.07302475 0.06935017 -0.1188236 0.07302475 0.06930554 -0.1186404 0.07302475 0.06926397 -0.1184566 0.07302475 0.06922549 -0.118276 0.07302475 0.0691903 -0.118095 0.07302475 0.06915714 -0.1179137 0.07302475 0.06912602 -0.1172149 0.07302475 0.06901595 -0.1164841 0.07302475 0.0689129 -0.1158341 0.07302475 0.06883417 -0.1155994 0.07302475 0.06881016 -0.1153644 0.07302475 0.06878948 -0.1151291 0.07302475 0.06877214 -0.1142166 0.07302475 0.06872063 -0.1132598 0.07302475 0.06868579 -0.1129906 0.07302475 0.06867986 -0.1127214 0.07302475 0.06867629 -0.1121179 0.07302475 0.0686773 -0.1118303 0.07302475 0.0686829 -0.1115428 0.07302475 0.06869194 -0.1112148 0.07302475 0.06870554 -0.1108869 0.07302475 0.06872179 -0.1105592 0.07302475 0.06874068 -0.1102422 0.07302475 0.06876153 -0.1099254 0.07302475 0.06878495 -0.1096088 0.07302475 0.06881094 -0.1093577 0.07302475 0.06883463 -0.109107 0.07302475 0.06886234 -0.1088568 0.07302475 0.06889406 -0.1081694 0.07302475 0.06899428 -0.107427 0.07302475 0.06911699 -0.1067387 0.07302475 0.06924265 -0.1065707 0.07302475 0.06927602 -0.1064032 0.07302475 0.06931171 -0.1062361 0.07302475 0.06934972 -0.1060743 0.07302475 0.06938892 -0.1059131 0.07302475 0.0694304 -0.1057524 0.07302475 0.06947413 -0.1051312 0.07302475 0.06965459 -0.1044831 0.07302475 0.0698567 -0.1042908 0.07302475 0.06991971 -0.104099 0.07302475 0.06998446 -0.1039079 0.07302475 0.07005095 -0.1033272 0.07302475 0.07026414 -0.1026612 0.07302475 0.07052439 -0.1020151 0.07302475 0.07078909 -0.1018427 0.07302475 0.07086247 -0.1016709 0.07302475 0.07093764 -0.1015 0.07302475 0.07101457 -0.1013257 0.07302475 0.07109584 -0.1011528 0.07302475 0.07117998 -0.1009813 0.07302475 0.07126695 -0.1003201 0.07302475 0.07161882 -0.09963375 0.07302475 0.07200441 -0.09943067 0.07302475 0.07212299 -0.09922885 0.07302475 0.07224369 -0.09902831 0.07302475 0.07236651 -0.09882279 0.07302475 0.07249607 -0.09861931 0.07302475 0.07262878 -0.09841788 0.07302475 0.07276461 -0.09818184 0.07302475 0.07292809 -0.09794733 0.07302475 0.07309377 -0.09771439 0.07302475 0.07326166 -0.09748477 0.07302475 0.07343044 -0.09725674 0.07302475 0.07360139 -0.09703033 0.07302475 0.07377447 -0.09684486 0.07302475 0.07392009 -0.0966618 0.07302475 0.07406875 -0.09648124 0.07302475 0.07422041 -0.09602258 0.07302475 0.07460522 -0.09561816 0.07302475 0.07492953 -0.0952683 0.07302475 0.07519939 -0.09519404 0.07302475 0.07522446 -0.09522043 0.07302475 0.07522159 -0.09524557 0.07302475 0.0752131 -0.09511929 0.07302475 0.0751957 -0.09514158 0.07302475 0.07521136 -0.095167 0.07302475 0.07522114 -0.09462054 0.07302475 0.07474266 -0.09405196 0.07302475 0.07421301 -0.09339831 0.07302475 0.07358427 -0.09256355 0.07302475 0.07277193 -0.09140549 0.07302475 0.07164617 -0.09014973 0.07302475 0.07042616 -0.08897929 0.07302475 0.06928975 -0.08624446 0.07302475 0.06663543 -0.08745549 0.07302475 0.06550384 -0.08803146 0.07302475 0.06498582 -0.08783729 0.07302475 0.06515605 -0.08764529 0.07302475 0.06532874 -0.08877164 0.07302475 0.06435767 -0.08954646 0.07302475 0.06372566 -0.0902354 0.07302475 0.06319102 -0.09000403 0.07302475 0.063367 -0.08977437 0.07302475 0.06354522 -0.09097572 0.07302475 0.06265522 -0.09072672 0.07302475 0.06283071 -0.09047993 0.07302475 0.06300932 -0.09191534 0.07302475 0.06201555 -0.09160073 0.07302475 0.06222671 -0.09128752 0.07302475 0.06243993 -0.09289155 0.07302475 0.06137883 -0.09256475 0.07302475 0.06158893 -0.09223935 0.07302475 0.06180118 -0.09375122 0.07302475 0.06084816 -0.09346289 0.07302475 0.06102217 -0.09317632 0.07302475 0.06119906 -0.09465003 0.07302475 0.06033755 -0.09434802 0.07302475 0.06050349 -0.0940484 0.07302475 0.06067371 -0.09574964 0.07302475 0.05976096 -0.09538152 0.07302475 0.05995013 -0.09501498 0.07302475 0.06014233 -0.09686671 0.07302475 0.05921 -0.09649284 0.07302475 0.05939058 -0.09612048 0.07302475 0.05957424 -0.09782037 0.07302475 0.05877826 -0.0975005 0.07302475 0.05891778 -0.0971826 0.07302475 0.0590617 -0.09876455 0.07302475 0.0583908 -0.09844854 0.07302475 0.05851681 -0.0981338 0.07302475 0.05864597 -0.09984965 0.07302475 0.05797709 -0.09948701 0.07302475 0.05811253 -0.09912531 0.07302475 0.05825044 -0.1009052 0.07302475 0.05759918 -0.1005525 0.07302475 0.05772274 -0.1002006 0.07302475 0.05784871 -0.1017484 0.07302475 0.05732632 -0.1014661 0.07302475 0.05741342 -0.101185 0.07302475 0.05750438 -0.1025853 0.07302475 0.05709111 -0.1023054 0.07302475 0.05716608 -0.1020264 0.07302475 0.05724448 -0.1036173 0.07302475 0.05683273 -0.1032727 0.07302475 0.05691653 -0.1029287 0.07302475 0.05700266 -0.1046699 0.07302475 0.05659175 -0.1043185 0.07302475 0.05666971 -0.1039676 0.07302475 0.05675004 -0.1055746 0.07302475 0.0564095 -0.1052724 0.07302475 0.056467 -0.1049708 0.07302475 0.05652775 -0.1064894 0.07302475 0.05625504 -0.106184 0.07302475 0.0563034 -0.105879 0.07302475 0.05635489 -0.1075738 0.07302475 0.05609949 -0.1086514 0.07302475 0.05596551 -0.1095432 0.07302475 0.05587815 -0.1092456 0.07302475 0.05590397 -0.1089483 0.07302475 0.05593309 -0.1103906 0.07302475 0.05581916 -0.110108 0.07302475 0.05583665 -0.1098255 0.07302475 0.05585631 -0.02254142 0.07302475 0.09944866 -0.02250527 0.07302475 0.09954572 -0.02247168 0.07302475 0.0996437 -0.02244067 0.07302475 0.09974252 -0.02267677 0.07302475 0.09912608 -0.02262968 0.07302475 0.09923277 -0.02258455 0.07302475 0.09934032 -0.02290895 0.07302475 0.09861173 -0.02346085 0.07302475 0.09738586 -0.02411823 0.07302475 0.09592488 -0.02482735 0.07302475 0.09434805 -0.02557931 0.07302475 0.09267479 -0.02636576 0.07302475 0.09092332 -0.02707639 0.07302475 0.08933945 -0.02756314 0.07302475 0.08825288 -0.02818 0.07302475 0.08687786 -0.02976976 0.07302475 0.08334437 -0.03166696 0.07302475 0.07912973 -0.03373464 0.07302475 0.07453876 -0.03580499 0.07302475 0.0699423 -0.03771036 0.07302475 0.06571078 -0.03930749 0.07302475 0.06216267 -0.03994301 0.07302475 0.06074846 -0.04034402 0.07302475 0.05985505 -0.04072911 0.07302475 0.05899776 -0.04105671 0.07302475 0.05826902 -0.04122693 0.07302475 0.05789135 -0.04151946 0.07302475 0.05724373 -0.0562968 0.07302475 0.05724373 -0.05658021 0.07302475 0.05789135 -0.0567693 0.07302475 0.05831824 -0.05730515 0.07302475 0.05951252 -0.05794518 0.07302475 0.06093614 -0.05865009 0.07302475 0.06250081 -0.05940946 0.07302475 0.06418519 -0.06021394 0.07302475 0.06597029 -0.06094841 0.07302475 0.06760059 -0.06146517 0.07302475 0.06874836 -0.06195397 0.07302475 0.06983477 -0.06258398 0.07302475 0.07123547 -0.06324297 0.07302475 0.07270089 -0.06382948 0.07302475 0.07400543 -0.06438816 0.07302475 0.07524922 -0.06496226 0.07302475 0.07652921 -0.06547379 0.07302475 0.07767133 -0.06581007 0.07302475 0.07842443 -0.06623356 0.07302475 0.07937093 -0.06738439 0.07302475 0.08193105 -0.068758 0.07302475 0.08498441 -0.07026387 0.07302475 0.08832907 -0.07184805 0.07302475 0.09184628 -0.07345825 0.07302475 0.09542089 -0.0748812 0.07302475 0.09857951 -0.07578964 0.07302475 0.1005956 -0.07649425 0.07302475 0.1021602 -0.07719166 0.07302475 0.1037113 -0.07779583 0.07302475 0.105057 -0.07815157 0.07302475 0.1058527 -0.07853559 0.07302475 0.1067114 -0.07931261 0.07302475 0.1084417 -0.08023145 0.07302475 0.1104855 -0.08119823 0.07302475 0.1126335 -0.08218232 0.07302475 0.1148207 -0.08315328 0.07302475 0.1169821 -0.08399256 0.07302475 0.1188533 -0.08448127 0.07302475 0.1199477 -0.08491164 0.07302475 0.1209096 -0.08549223 0.07302475 0.1221972 -0.08611427 0.07302475 0.1235704 -0.08668504 0.07302475 0.1248239 -0.0871976 0.07302475 0.1259527 -0.08764274 0.07302475 0.1269474 -0.08801797 0.07302475 0.1277966 -0.08808844 0.07302475 0.1279872 -0.08806752 0.07302475 0.1279227 -0.08804402 0.07302475 0.1278592 -0.08797701 0.07302475 0.1281536 -0.08804652 0.07302475 0.1281249 -0.08808837 0.07302475 0.1280624 -0.08709145 0.07302475 0.1282107 -0.08738703 0.07302475 0.1281981 -0.08768227 0.07302475 0.1281791 -0.08541366 0.07302475 0.1282347 -0.085973 0.07302475 0.1282331 -0.08653229 0.07302475 0.1282251 -0.08082388 0.07302475 0.1282158 -0.07347824 0.07302475 0.1281762 -0.06746407 0.07302475 0.1149192 -0.0002136638 0.07302475 0.1148424 -0.03383886 0.07302475 0.1148808 -0.0001342699 0.07302475 0.1281762 -0.0001739659 0.07302475 0.1215093 0.01335128 0.07302475 0.1282556 0.01335128 0.07302475 0.0989605 0.01530476 0.07302475 0.09612095 0.01644848 0.07302475 0.0944599 0.0186758 0.07302475 0.0912284 0.02129876 0.07302475 0.08742404 0.02403749 0.07302475 0.08345294 0.02673824 0.07302475 0.07953606 0.02924607 0.07302475 0.07589613 0.03135047 0.07302475 0.07283933 0.03224903 0.07302475 0.07152927 0.0336813 0.07302475 0.06943406 0.09624551 0.07302475 0.06943406 0.09624551 0.07302475 0.05724373 0.02542056 0.07302475 0.05724373 0.02446375 0.07302475 0.05872943 0.02391014 0.07302475 0.05958809 0.02286239 0.07302475 0.06121107 0.02163246 0.07302475 0.06311547 0.02035593 0.07302475 0.06509126 0.01885935 0.07302475 0.06740797 0.01693221 0.07302475 0.07039262 0.01491747 0.07302475 0.07351395 0.01312554 0.07302475 0.07629112 0.01148496 0.07302475 0.07883515 0.009929037 0.07302475 0.08124963 0.008614222 0.07302475 0.08329147 0.007972323 0.07302475 0.08429102 0.007548897 0.07302475 0.08494672 0.007165257 0.07302475 0.08552966 0.006838263 0.07302475 0.08601786 0.006805123 0.07302475 0.08606474 0.006769943 0.07302475 0.08611012 0.006732791 0.07302475 0.08615388 0.006687887 0.07302475 0.08618214 0.006634838 0.07302475 0.08618185 0.006590234 0.07302475 0.08615314 0.006472964 0.07302475 0.0860143 0.006359623 0.07302475 0.08587224 0.006250299 0.07302475 0.08572706 0.006079097 0.07302475 0.08548758 0.005913111 0.07302475 0.08524446 0.005752419 0.07302475 0.0849978 0.0049497 0.07302475 0.08371582 0.004161706 0.07302475 0.08243811 0.003101266 0.07302475 0.08072067 0.001967141 0.07302475 0.07888519 0.0009283852 0.07302475 0.0772054 -5.014982e-05 0.07302475 0.07562279 -0.001002489 0.07302475 0.07408067 -0.001818414 0.07302475 0.07275783 -0.002269072 0.07302475 0.07202451 -0.002719761 0.07302475 0.07129119 -0.003535825 0.07302475 0.06996835 -0.004488346 0.07302475 0.06842623 -0.005467099 0.07302475 0.06684362 -0.006516044 0.07302475 0.0651471 -0.007681086 0.07302475 0.06326009 -0.008785008 0.07302475 0.06146988 -0.009627553 0.07302475 0.06010084 -0.01138351 0.07302475 0.05724373 -0.01943492 0.07302475 0.05724373 -0.02459409 0.07302475 0.0572494 -0.02637987 0.07302475 0.05728319 -0.02578474 0.07302475 0.05726529 -0.02518946 0.07302475 0.05725402 -0.02732104 0.07302475 0.05734785 -0.02700781 0.07302475 0.0573194 -0.02669404 0.07302475 0.05729785 -0.02748632 0.07302475 0.05753083 -0.0274647 0.07302475 0.05744431 -0.02740492 0.07302475 0.05737812 -0.02742518 0.07302475 0.05773985 -0.02745873 0.07302475 0.05767449 -0.02747936 0.07302475 0.05760397 -0.02591252 0.07302475 0.06009994 -0.0241826 0.07302475 0.06276466 -0.02212869 0.07302475 0.06587358 -0.01949899 0.07302475 0.0698286 -0.01591253 0.07302475 0.07522453 -0.01205332 0.07302475 0.08103204 -0.008490765 0.07302475 0.08639438 -0.0002104595 0.07302475 0.09885951 -0.0002104595 0.07302475 0.1023479 -0.03106723 0.07302475 0.1023479 -0.04322798 0.07302475 0.1023387 -0.05311137 0.07302475 0.1023097 -0.06186693 0.07302475 0.1022713 -0.06189548 0.07302475 0.1022635 -0.06191636 0.07302475 0.1022426 -0.061924 0.07302475 0.102214 -0.06192228 0.07302475 0.1021845 -0.06191715 0.07302475 0.1021554 -0.06190868 0.07302475 0.102127 -0.06181552 0.07302475 0.101879 -0.06169616 0.07302475 0.1015849 -0.06155471 0.07302475 0.1012616 -0.06133017 0.07302475 0.1007568 -0.06083792 0.07302475 0.09963172 -0.06025457 0.07302475 0.09829337 -0.05963317 0.07302475 0.0968623 -0.05897988 0.07302475 0.09535723 -0.05830055 0.07302475 0.09379615 -0.05768925 0.07302475 0.09239476 -0.05727635 0.07302475 0.09145284 -0.05689512 0.07302475 0.09058468 -0.05640606 0.07302475 0.08946763 -0.05589591 0.07302475 0.08830019 -0.05544347 0.07302475 0.08726242 -0.05499117 0.07302475 0.08622464 -0.05448147 0.07302475 0.08505721 -0.05399306 0.07302475 0.08394015 -0.05361261 0.07302475 0.08307199 -0.0531841 0.07302475 0.08209351 -0.05250009 0.07302475 0.08052726 -0.05172239 0.07302475 0.07874442 -0.05095226 0.07302475 0.07697683 -0.05023228 0.07302475 0.07532722 -0.04960803 0.07302475 0.0739055 -0.04906216 0.07302475 0.07266807 -0.049038 0.07302475 0.0726155 -0.04901228 0.07302475 0.07256369 -0.048985 0.07302475 0.07251266 -0.04897432 0.07302475 0.07249955 -0.04895974 0.07302475 0.07249096 -0.04882771 0.07302475 0.07263049 -0.0487554 0.07302475 0.0727525 -0.04868581 0.07302475 0.07287609 -0.04858922 0.07302475 0.07305692 -0.04849666 0.07302475 0.07323984 -0.04840819 0.07302475 0.07342477 -0.04829168 0.07302475 0.07367842 -0.04817746 0.07302475 0.07393312 -0.04806554 0.07302475 0.07418884 -0.04767526 0.07302475 0.07508936 -0.04716037 0.07302475 0.07627309 -0.04661496 0.07302475 0.07752422 -0.04612159 0.07302475 0.078653 -0.04563354 0.07302475 0.07976752 -0.04510452 0.07302475 0.08097488 -0.04461262 0.07302475 0.08209687 -0.04425157 0.07302475 0.08291961 -0.04386628 0.07302475 0.08379933 -0.04327443 0.07302475 0.0851553 -0.04260876 0.07302475 0.08668279 -0.04195877 0.07302475 0.08817669 -0.0413018 0.07302475 0.08968734 -0.04061509 0.07302475 0.09126523 -0.03999474 0.07302475 0.09268966 -0.03957056 0.07302475 0.09366234 -0.03918538 0.07302475 0.09454501 -0.03871032 0.07302475 0.09563422 -0.03822598 0.07302475 0.09674512 -0.0378097 0.07302475 0.09770039 -0.03743686 0.07302475 0.09853151 -0.03708549 0.07302475 0.09926299 -0.0372051 0.07302475 0.09902036 -0.03732223 0.07302475 0.09877653 -0.0367763 0.07302475 0.09986774 -0.03664938 0.07302475 0.1000242 -0.03669852 0.07302475 0.09997782 -0.03674107 0.07302475 0.09992538 -0.03638042 0.07302475 0.1001271 -0.03647684 0.07302475 0.1001126 -0.03656791 0.07302475 0.1000777 -0.03498887 0.07302475 0.1001742 -0.03294301 0.07302475 0.1002062 -0.03362503 0.07302475 0.1002005 -0.034307 0.07302475 0.1001898 -0.02944711 0.07302475 0.1002146 -0.0267214 0.07302475 0.1002051 -0.02446323 0.07302475 0.1001753 -0.02249137 0.07302475 0.1001355 -0.02239163 0.07302475 0.1000785 -0.02241782 0.07302475 0.1001083 -0.02245232 0.07302475 0.1001281 -0.02237632 0.07302475 0.09998566 -0.02237323 0.07302475 0.1000176 -0.02237845 0.07302475 0.1000492 -0.02241748 0.07302475 0.0998231 -0.02239603 0.07302475 0.09990416 -0.009972503 0.07302475 0.1275136 -0.009756965 0.07302475 0.1280882 -0.01023927 0.07302475 0.126846 -0.010148 0.07302475 0.1270676 -0.01005907 0.07302475 0.1272901 -0.01057271 0.07302475 0.1260699 -0.01100469 0.07302475 0.1250974 -0.01158568 0.07302475 0.1238013 -0.01220733 0.07302475 0.1224221 -0.01277675 0.07302475 0.1211668 -0.01329871 0.07302475 0.1200163 -0.01377692 0.07302475 0.1189542 -0.01417537 0.07302475 0.1180624 -0.01433091 0.07302475 0.1177001 -0.01456719 0.07302475 0.1171287 -0.02919553 0.07302475 0.1171287 -0.02910464 0.07302475 0.1174908 -0.02901678 0.07302475 0.1177514 -0.02905064 0.07302475 0.1176662 -0.02907996 0.07302475 0.1175792 -0.02845366 0.07302475 0.1190614 -0.02778824 0.07302475 0.1205874 -0.02701616 0.07302475 0.1223289 -0.02622843 0.07302475 0.124096 -0.02551424 0.07302475 0.1257026 -0.02491658 0.07302475 0.1270507 -0.02470834 0.07302475 0.1275286 -0.0243981 0.07302475 0.1282524 -0.01712962 0.07302475 0.1282524 -0.01433655 0.07302475 0.1282461 -0.01197061 0.07302475 0.1282268 -0.009858679 0.07302475 0.1282009 -0.009773844 0.07302475 0.1281651 -0.009798698 0.07302475 0.1281843 -0.009827613 0.07302475 0.1281965 -0.009752471 0.07302475 0.1281153 -0.009758377 0.07302475 0.1281423 0.06480944 0.07302475 0.1281087 0.06289711 0.07302475 0.1281426 0.06485542 0.07302475 0.1280619 0.06484928 0.07302475 0.1280851 0.0648325 0.07302475 0.1281022 0.06485542 0.07302475 0.07171975 0.05144525 0.07302475 0.07171975 0.05152224 0.07302475 0.1281762 0.05818883 0.07302475 0.1281762 0.06074513 0.07302475 0.128168 0.1321792 0.07302475 0.05271046 0.1265231 0.07302475 0.05271046 0.1321677 0.07302475 0.05274551 0.1321691 0.07302475 0.05273311 0.132173 0.07302475 0.05272125 0.1321293 0.07302475 0.05983204 0.1320898 0.07302475 0.0676369 0.1320482 0.07302475 0.07690063 0.1319812 0.07302475 0.09086629 0.1319669 0.07302475 0.09299133 0.1319466 0.07302475 0.09511633 0.1319203 0.07302475 0.09724126 0.1319003 0.07302475 0.09849404 0.1318748 0.07302475 0.09974673 0.1318438 0.07302475 0.1009993 0.1318183 0.07302475 0.1014992 0.1317686 0.07302475 0.1019974 0.1316949 0.07302475 0.1024925 0.1316558 0.07302475 0.1027117 0.1316146 0.07302475 0.1029305 0.1315713 0.07302475 0.103149 0.1314048 0.07302475 0.1039369 0.1312245 0.07302475 0.1047262 0.1311711 0.07302475 0.1049472 0.1311157 0.07302475 0.1051677 0.1310583 0.07302475 0.1053877 0.1309947 0.07302475 0.1056163 0.1309257 0.07302475 0.1058434 0.1308512 0.07302475 0.1060687 0.1307509 0.07302475 0.1063554 0.1306474 0.07302475 0.106641 0.1305405 0.07302475 0.1069253 0.1304256 0.07302475 0.1072207 0.1303074 0.07302475 0.1075149 0.1301858 0.07302475 0.1078076 0.1300741 0.07302475 0.1080664 0.1299583 0.07302475 0.1083232 0.1298384 0.07302475 0.1085782 0.1297169 0.07302475 0.1088266 0.1295919 0.07302475 0.1090733 0.1294633 0.07302475 0.1093181 0.1293201 0.07302475 0.1095827 0.129174 0.07302475 0.1098456 0.1290249 0.07302475 0.110107 0.1288831 0.07302475 0.1103493 0.1287386 0.07302475 0.11059 0.1285914 0.07302475 0.1108291 0.1284787 0.07302475 0.1110045 0.1283613 0.07302475 0.1111769 0.1282393 0.07302475 0.1113461 0.1281217 0.07302475 0.1115017 0.128001 0.07302475 0.111655 0.1278775 0.07302475 0.111806 0.1277268 0.07302475 0.1119846 0.127574 0.07302475 0.1121616 0.1274193 0.07302475 0.1123368 0.1272623 0.07302475 0.1125106 0.1271034 0.07302475 0.1126827 0.1269426 0.07302475 0.112853 0.1268054 0.07302475 0.112994 0.1266655 0.07302475 0.1131324 0.1265231 0.07302475 0.1132682 0.1263822 0.07302475 0.113398 0.1262395 0.07302475 0.1135257 0.1260948 0.07302475 0.1136514 0.1259288 0.07302475 0.113792 0.1257614 0.07302475 0.1139309 0.1255926 0.07302475 0.1140681 0.1254285 0.07302475 0.1141988 0.125263 0.07302475 0.1143279 0.1250962 0.07302475 0.1144552 0.1249629 0.07302475 0.1145538 0.1248276 0.07302475 0.1146497 0.1246904 0.07302475 0.1147428 0.124549 0.07302475 0.1148347 0.1244059 0.07302475 0.1149238 0.1242611 0.07302475 0.1150101 0.1240709 0.07302475 0.1151199 0.1238797 0.07302475 0.115228 0.1236876 0.07302475 0.1153343 0.1234843 0.07302475 0.1154445 0.12328 0.07302475 0.1155529 0.1230748 0.07302475 0.1156595 0.1228894 0.07302475 0.1157533 0.1227029 0.07302475 0.1158449 0.1225153 0.07302475 0.1159342 0.1223169 0.07302475 0.1160247 0.1221166 0.07302475 0.116111 0.1219146 0.07302475 0.1161932 0.1216683 0.07302475 0.1162888 0.1214209 0.07302475 0.1163814 0.1211723 0.07302475 0.1164712 0.1209203 0.07302475 0.1165589 0.1206673 0.07302475 0.1166436 0.1204134 0.07302475 0.1167253 0.1201966 0.07302475 0.1167915 0.1199785 0.07302475 0.1168534 0.1197594 0.07302475 0.1169113 0.1195309 0.07302475 0.1169667 0.1193013 0.07302475 0.1170173 0.1190707 0.07302475 0.1170632 0.1187805 0.07302475 0.1171161 0.1184899 0.07302475 0.1171659 0.1181987 0.07302475 0.1172126 0.1178979 0.07302475 0.1172576 0.1175965 0.07302475 0.1172994 0.1172948 0.07302475 0.117338 0.1170305 0.07302475 0.1173682 0.1167657 0.07302475 0.1173943 0.1165006 0.07302475 0.1174161 0.1162266 0.07302475 0.1174345 0.1159524 0.07302475 0.1174487 0.115678 0.07302475 0.1174587 0.1153531 0.07302475 0.1174667 0.1150281 0.07302475 0.1174716 0.1147031 0.07302475 0.1174736 0.1143779 0.07302475 0.1174727 0.1140528 0.07302475 0.1174687 0.1137277 0.07302475 0.1174618 0.1134528 0.07302475 0.1174526 0.113178 0.07302475 0.1174393 0.1129035 0.07302475 0.1174218 0.1121551 0.07302475 0.1173614 0.1113956 0.07302475 0.1172857 0.1107257 0.07302475 0.1172067 0.110583 0.07302475 0.117187 0.1104409 0.07302475 0.1171642 0.1102992 0.07302475 0.1171384 0.1099259 0.07302475 0.1170619 0.1094628 0.07302475 0.1169589 0.1089891 0.07302475 0.1168478 0.10858 0.07302475 0.1167456 0.1084307 0.07302475 0.1167052 0.1082823 0.07302475 0.1166613 0.108135 0.07302475 0.1166142 0.1079351 0.07302475 0.1165467 0.1077359 0.07302475 0.1164774 0.1075372 0.07302475 0.1164063 0.1073239 0.07302475 0.1163278 0.1071113 0.07302475 0.1162473 0.1068994 0.07302475 0.116165 0.1067042 0.07302475 0.1160868 0.1065098 0.07302475 0.1160064 0.1063164 0.07302475 0.1159238 0.1061157 0.07302475 0.1158348 0.1059165 0.07302475 0.1157427 0.1057187 0.07302475 0.1156474 0.1054895 0.07302475 0.1155332 0.1052615 0.07302475 0.1154167 0.1050346 0.07302475 0.1152979 0.1048126 0.07302475 0.1151787 0.1045919 0.07302475 0.1150574 0.1043724 0.07302475 0.1149338 0.1041947 0.07302475 0.1148304 0.1040189 0.07302475 0.1147237 0.1038452 0.07302475 0.1146137 0.1036691 0.07302475 0.1144966 0.1034963 0.07302475 0.1143747 0.1033268 0.07302475 0.1142482 0.1031118 0.07302475 0.1140809 0.102899 0.07302475 0.1139108 0.1026884 0.07302475 0.113738 0.10247 0.07302475 0.1135541 0.102254 0.07302475 0.1133674 0.1020404 0.07302475 0.1131779 0.1018521 0.07302475 0.1130057 0.1016668 0.07302475 0.1128302 0.1014848 0.07302475 0.1126513 0.101307 0.07302475 0.1124705 0.1011324 0.07302475 0.1122867 0.100961 0.07302475 0.1120998 0.1007745 0.07302475 0.1118904 0.1005907 0.07302475 0.1116786 0.1004096 0.07302475 0.1114645 0.1002409 0.07302475 0.1112598 0.1000749 0.07302475 0.111053 0.09991158 0.07302475 0.1108441 0.09979018 0.07302475 0.110682 0.09967343 0.07302475 0.1105166 0.09956143 0.07302475 0.1103479 0.09946117 0.07302475 0.1101904 0.0993624 0.07302475 0.1100321 0.09926514 0.07302475 0.1098728 0.09894205 0.07302475 0.109326 0.09864121 0.07302475 0.1087932 0.09856458 0.07302475 0.1086521 0.09848984 0.07302475 0.10851 0.09841698 0.07302475 0.1083669 0.09834461 0.07302475 0.1082188 0.0982752 0.07302475 0.1080692 0.09820876 0.07302475 0.1079184 0.09812321 0.07302475 0.1077163 0.09803941 0.07302475 0.1075136 0.09795734 0.07302475 0.1073101 0.09787183 0.07302475 0.1070927 0.09778815 0.07302475 0.1068746 0.09770634 0.07302475 0.1066559 0.09763374 0.07302475 0.1064557 0.09756339 0.07302475 0.1062548 0.0974953 0.07302475 0.1060531 0.09742802 0.07302475 0.1058463 0.09736301 0.07302475 0.1056387 0.09730028 0.07302475 0.1054305 0.09709764 0.07302475 0.1047149 0.09691724 0.07302475 0.1040188 0.09687301 0.07302475 0.103834 0.09683154 0.07302475 0.1036486 0.09679282 0.07302475 0.1034627 0.0967568 0.07302475 0.1032782 0.09672263 0.07302475 0.1030933 0.09669032 0.07302475 0.1029082 0.09657926 0.07302475 0.1022187 0.09647696 0.07302475 0.1015121 0.09640105 0.07302475 0.1009003 0.09636801 0.07302475 0.1005534 0.09634622 0.07302475 0.1002056 0.0963357 0.07302475 0.09985725 0.09628998 0.07302475 0.09606403 0.09625755 0.07302475 0.09135638 0.09624677 0.07302475 0.08562434 0.09624551 0.07302475 0.07171975 0.08297495 0.07302475 0.07171975 0.08302938 0.07302475 0.08707195 0.08306809 0.07302475 0.09575231 0.08311788 0.07302475 0.10001 0.08309531 0.07302475 0.09859087 0.0830787 0.07302475 0.09717162 0.08319276 0.07302475 0.1025665 0.0831614 0.07302475 0.1017145 0.08313644 0.07302475 0.1008624 0.0833334 0.07302475 0.1039479 0.08326784 0.07302475 0.1034895 0.08322093 0.07302475 0.1030287 0.08344642 0.07302475 0.1046148 0.08357993 0.07302475 0.1053598 0.08371278 0.07302475 0.1060688 0.08382213 0.07302475 0.1066146 0.08394591 0.07302475 0.107157 0.08390247 0.07302475 0.1069767 0.08386121 0.07302475 0.1067959 0.0841249 0.07302475 0.1078555 0.08432505 0.07302475 0.1085854 0.08451707 0.07302475 0.1092343 0.08473506 0.07302475 0.1099065 0.08466027 0.07302475 0.1096831 0.0845876 0.07302475 0.1094591 0.0850161 0.07302475 0.110711 0.08531185 0.07302475 0.1115152 0.08557581 0.07302475 0.1121874 0.08548579 0.07302475 0.1119641 0.0853978 0.07302475 0.1117401 0.08586799 0.07302475 0.1128612 0.0857674 0.07302475 0.112638 0.08567 0.07302475 0.1124134 0.08625226 0.07302475 0.1136726 0.08612205 0.07302475 0.1134032 0.08599395 0.07302475 0.1131327 0.08666141 0.07302475 0.1144864 0.0865229 0.07302475 0.1142162 0.08638651 0.07302475 0.1139449 0.08703198 0.07302475 0.1151705 0.0869056 0.07302475 0.114944 0.08678207 0.07302475 0.114716 0.08743921 0.07302475 0.115856 0.08730029 0.07302475 0.1156294 0.08716454 0.07302475 0.1154009 0.08796342 0.07302475 0.1166767 0.08778658 0.07302475 0.1164044 0.08761185 0.07302475 0.1161309 0.08851399 0.07302475 0.1174963 0.08832838 0.07302475 0.1172245 0.08814485 0.07302475 0.1169513 0.08900465 0.07302475 0.1181816 0.08883829 0.07302475 0.1179552 0.08867474 0.07302475 0.1177268 0.0895337 0.07302475 0.1188576 0.08935371 0.07302475 0.1186351 0.08917735 0.07302475 0.1184098 0.09020446 0.07302475 0.1196504 0.08997844 0.07302475 0.1193882 0.08975485 0.07302475 0.1191239 0.09090247 0.07302475 0.1204308 0.09066742 0.07302475 0.1201728 0.09043474 0.07302475 0.1199127 0.09151718 0.07302475 0.1210696 0.09130908 0.07302475 0.1208598 0.09110416 0.07302475 0.1206468 0.09215239 0.07302475 0.1216755 0.09193793 0.07302475 0.1214764 0.09172618 0.07302475 0.1212744 0.0929126 0.07302475 0.1223537 0.09265723 0.07302475 0.1221299 0.09240382 0.07302475 0.1219038 0.09367453 0.07302475 0.1229986 0.09341869 0.07302475 0.1227859 0.0931647 0.07302475 0.1225709 0.09431125 0.07302475 0.1234978 0.09409631 0.07302475 0.1233348 0.09388406 0.07302475 0.1231684 0.0949146 0.07302475 0.1239376 0.09556923 0.07302475 0.1243957 0.09617911 0.07302475 0.1248067 0.09662646 0.07302475 0.1250879 0.09647591 0.07302475 0.1249965 0.09632678 0.07302475 0.1249027 0.09707304 0.07302475 0.125345 0.09692329 0.07302475 0.1252609 0.09677442 0.07302475 0.1251752 0.09767502 0.07302475 0.1256738 0.09832018 0.07302475 0.1260149 0.09891215 0.07302475 0.126316 0.09954562 0.07302475 0.1266178 0.09933332 0.07302475 0.1265196 0.09912215 0.07302475 0.126419 0.1003219 0.07302475 0.1269622 0.101111 0.07302475 0.1272942 0.1017855 0.07302475 0.1275578 0.1015597 0.07302475 0.1274723 0.1013349 0.07302475 0.1273844 0.1025031 0.07302475 0.1278085 0.1022628 0.07302475 0.1277282 0.1020236 0.07302475 0.1276446 0.1034346 0.07302475 0.128103 0.1044138 0.07302475 0.1283919 0.1052902 0.07302475 0.1286284 0.1049974 0.07302475 0.1285523 0.1047052 0.07302475 0.1284734 0.1061936 0.07302475 0.1288419 0.1058917 0.07302475 0.1287743 0.1055905 0.07302475 0.1287032 0.1072571 0.07302475 0.1290606 0.1069021 0.07302475 0.1289904 0.1065476 0.07302475 0.1289175 0.1083093 0.07302475 0.1292524 0.1079581 0.07302475 0.1291911 0.1076073 0.07302475 0.1291272 0.1091736 0.07302475 0.1293818 0.1088849 0.07302475 0.1293426 0.1085968 0.07302475 0.1292995 0.1102217 0.07302475 0.1294883 0.1098717 0.07302475 0.129459 0.1095223 0.07302475 0.1294235 0.1114825 0.07302475 0.129563 0.111062 0.07302475 0.1295424 0.1106417 0.07302475 0.1295176 0.1129561 0.07302475 0.1296073 0.1124648 0.07302475 0.129597 0.1119735 0.07302475 0.1295822 0.1146593 0.07302475 0.1296208 0.1140915 0.07302475 0.1296196 0.1135238 0.07302475 0.1296151 0.1162616 0.07302475 0.1296053 0.1157275 0.07302475 0.1296136 0.1151934 0.07302475 0.1296188 0.1177263 0.07302475 0.129561 0.1172382 0.07302475 0.1295795 0.1167499 0.07302475 0.1295943 0.1189708 0.07302475 0.129493 0.1185562 0.07302475 0.1295192 0.1181413 0.07302475 0.1295419 0.1198643 0.07302475 0.129403 0.1195671 0.07302475 0.1294396 0.1192693 0.07302475 0.1294696 0.1205857 0.07302475 0.1292971 0.1203455 0.07302475 0.1293343 0.120105 0.07302475 0.1293696 0.121435 0.07302475 0.1291552 0.1222748 0.07302475 0.1290019 0.1229648 0.07302475 0.1288611 0.1227352 0.07302475 0.1289101 0.1225052 0.07302475 0.128957 0.1236799 0.07302475 0.128688 0.1234424 0.07302475 0.1287494 0.123204 0.07302475 0.1288071 0.1246073 0.07302475 0.1284306 0.12558 0.07302475 0.1281387 0.1264493 0.07302475 0.1278546 0.1261604 0.07302475 0.127952 0.1258706 0.07302475 0.1280467 0.1273215 0.07302475 0.1275384 0.127032 0.07302475 0.1276472 0.1267412 0.07302475 0.1277526 0.128304 0.07302475 0.1271487 0.1279775 0.07302475 0.1272812 0.12765 0.07302475 0.1274111 0.1292443 0.07302475 0.1267492 0.1289319 0.07302475 0.1268849 0.1286185 0.07302475 0.1270181 0.1299772 0.07302475 0.1264058 0.1297348 0.07302475 0.1265242 0.1294904 0.07302475 0.1266387 0.1306732 0.07302475 0.1260418 0.1304428 0.07302475 0.1261662 0.1302108 0.07302475 0.1262876 0.131493 0.07302475 0.1255799 0.1312209 0.07302475 0.125736 0.1309476 0.07302475 0.12589 0.1323029 0.07302475 0.1250986 0.1320341 0.07302475 0.1252611 0.1317642 0.07302475 0.1254216 0.1329689 0.07302475 0.1246743 0.1327487 0.07302475 0.1248186 0.1325267 0.07302475 0.12496 0.1336141 0.07302475 0.1242271 0.1334009 0.07302475 0.124379 0.1331859 0.07302475 0.124528 0.1343593 0.07302475 0.1236755 0.1341123 0.07302475 0.1238613 0.1338639 0.07302475 0.1240452 0.1350852 0.07302475 0.1231111 0.1348447 0.07302475 0.1233011 0.1346027 0.07302475 0.1234893 0.1356693 0.07302475 0.1226255 0.1354769 0.07302475 0.1227901 0.1352822 0.07302475 0.122952 0.1362263 0.07302475 0.1221205 0.1360431 0.07302475 0.1222916 0.1358574 0.07302475 0.12246 0.136867 0.07302475 0.1214968 0.1366553 0.07302475 0.1217066 0.1364417 0.07302475 0.1219145 0.137489 0.07302475 0.1208584 0.1372835 0.07302475 0.121073 0.1370762 0.07302475 0.1212858 0.1379873 0.07302475 0.1203086 0.137824 0.07302475 0.1204944 0.1376579 0.07302475 0.1206777 0.1384604 0.07302475 0.1197421 0.1383049 0.07302475 0.1199327 0.1381472 0.07302475 0.1201216 0.1390042 0.07302475 0.1190525 0.1395315 0.07302475 0.118354 0.1399534 0.07302475 0.1177605 0.1398152 0.07302475 0.11796 0.1396745 0.07302475 0.1181579 0.1403658 0.07302475 0.1171219 0.1402321 0.07302475 0.1173372 0.1400946 0.07302475 0.1175501 0.1408678 0.07302475 0.1162746 0.1407028 0.07302475 0.1165584 0.1405355 0.07302475 0.1168408 0.1413729 0.07302475 0.1153723 0.141207 0.07302475 0.1156744 0.1410386 0.07302475 0.1159752 0.1418011 0.07302475 0.114552 0.1416615 0.07302475 0.1148271 0.1415187 0.07302475 0.1151005 0.1422071 0.07302475 0.1136985 0.1420756 0.07302475 0.1139848 0.1419403 0.07302475 0.1142694 0.1426447 0.07302475 0.1126932 0.1425018 0.07302475 0.1130296 0.1423559 0.07302475 0.1133647 0.1430476 0.07302475 0.1116977 0.1429162 0.07302475 0.1120307 0.1427819 0.07302475 0.1123626 0.1433435 0.07302475 0.1108795 0.1432493 0.07302475 0.1111539 0.1431507 0.07302475 0.1114266 0.1436002 0.07302475 0.1100715 0.1435173 0.07302475 0.1103417 0.1434318 0.07302475 0.1106111 0.1438797 0.07302475 0.1091111 0.1441389 0.07302475 0.1081547 0.1443322 0.07302475 0.1073611 0.1442707 0.07302475 0.1076263 0.1442062 0.07302475 0.1078909 0.1445006 0.07302475 0.1065798 0.1446818 0.07302475 0.1056643 0.1448483 0.07302475 0.1047618 0.1449704 0.07302475 0.1040241 0.1451081 0.07302475 0.1025678 0.1450809 0.07302475 0.1030549 0.1450349 0.07302475 0.1035406 0.1451827 0.07302475 0.09978361 0.1451639 0.07302475 0.1007118 0.1451391 0.07302475 0.1016399 0.1452342 0.07302475 0.09517964 0.1452229 0.07302475 0.09671436 0.1452057 0.07302475 0.09824902 0.1452762 0.07302475 0.08596719 0.1452916 0.07302475 0.07904913 0.1452877 0.07302475 0.07187141 0.1452672 0.07302475 0.06542599 0.1452299 0.07302475 0.0610913 0.1451223 0.07302475 0.05263376 0.1508105 0.07302475 0.05263376 0.1386649 0.07302475 0.04120664 0.17 0.06302475 0.06946339 0.17 0.06302475 0.0124634 0.1723 0.06302475 0.0124634 0.1723 0.06302475 0.06946339</float_array>
          <technique_common>
            <accessor count="3688" source="#cubeverts-array0-array" stride="3">
              <param type="float" name="X"/>
              <param type="float" name="Y"/>
              <param type="float" name="Z"/>
            </accessor>
          </technique_common>
        </source>
        <source id="cubenormals-array0">
          <float_array count="22116" id="cubenormals-array0-array">-0.1661457 0 0.9861012 -0.1661457 0 0.9861012 -0.4805952 0 0.8769426 -0.4805952 0 0.8769426 -0.7415301 0 0.6709196 -0.7415301 0 0.6709196 0 0 1 -0 0 1 -0.0009818355 0 0.9999995 -0.0009818355 0 0.9999995 -0.0009818355 0 0.9999995 -0.0009818355 0 0.9999995 -0.01325368 0 -0.9999121 -0.01325368 0 -0.9999121 -0.007918783 0 -0.9999686 -0.007918783 0 -0.9999686 -0.002667673 0 -0.9999965 -0.002667673 0 -0.9999965 0.02493151 0 0.9996892 0.02493151 0 0.9996892 0.07472836 0 0.9972039 0.1243456 0 0.9922389 0.07472836 0 0.9972039 0.1243456 0 0.9922389 0.1736463 0 0.9848081 0.2225213 0 0.9749278 0.1736463 0 0.9848081 0.2225213 0 0.9749278 0.2708426 0 0.9626236 0.2708426 0 0.9626236 0.318487 0 0.9479272 0.3653426 0 0.9308732 0.318487 0 0.9479272 0.3653426 0 0.9308732 0.4112835 0 0.9115075 0.4112835 0 0.9115075 0.45621 0 0.8898721 0.45621 0 0.8898721 0.4999997 0 0.8660256 0.542542 0 0.8400287 0.4999997 0 0.8660256 0.542542 0 0.8400287 0.5837446 0 0.8119373 0.5837446 0 0.8119373 0.6234957 0 0.7818269 0.6234957 0 0.7818269 0.6616849 0 0.749782 0.6982312 0 0.7158723 0.6616849 0 0.749782 0.6982312 0 0.7158723 0.7330505 0 0.6801742 0.7330505 0 0.6801742 0.7660522 0 0.6427784 0.7971274 0 0.6038111 0.7660522 0 0.6427784 0.7971274 0 0.6038111 0.8262467 0 0.5633085 0.8262467 0 0.5633085 0.8532819 0 0.5214499 0.8532819 0 0.5214499 0.8782242 0 0.4782493 0.8782242 0 0.4782493 0.9009725 0 0.4338759 0.9009725 0 0.4338759 0.9214771 0 0.3884327 0.9214771 0 0.3884327 0.9396932 0 0.3420186 0.9396932 0 0.3420186 0.955573 0 0.2947547 0.955573 0 0.2947547 0.9690761 0 0.2467621 0.9690761 0 0.2467621 0.9801693 0 0.1981621 0.9888328 0 0.1490292 0.9801693 0 0.1981621 0.9888328 0 0.1490292 0.9950297 0 0.09957918 0.9950297 0 0.09957918 0.9987573 0 0.04983825 0.9987573 0 0.04983825 1 0 0 1 0 -0 0.9987573 0 -0.04983825 0.9987573 0 -0.04983825 0.9950296 0 -0.0995792 0.9950296 0 -0.0995792 0.9888328 0 -0.1490291 0.9888328 0 -0.1490291 0.9801692 0 -0.1981622 0.9801692 0 -0.1981622 0.9690761 0 -0.2467621 0.9555729 0 -0.2947548 0.9690761 0 -0.2467621 0.9396931 0 -0.3420187 0.9555729 0 -0.2947548 0.9396931 0 -0.3420187 0.9214772 0 -0.3884324 0.9214772 0 -0.3884324 0.9009726 0 -0.4338761 0.9009726 0 -0.4338761 0.8782241 0 -0.4782494 0.8782241 0 -0.4782494 0.853282 0 -0.5214497 0.853282 0 -0.5214497 0.8262469 0 -0.5633081 0.8262469 0 -0.5633081 0.7971274 0 -0.6038111 0.7971274 0 -0.6038111 0.7660519 0 -0.6427788 0.7660519 0 -0.6427788 0.7330509 0 -0.6801738 0.7330509 0 -0.6801738 0.6982309 0 -0.7158726 0.6982309 0 -0.7158726 0.6616849 0 -0.749782 0.6616849 0 -0.749782 0.6234957 0 -0.7818269 0.6234957 0 -0.7818269 0.5837452 0 -0.811937 0.5837452 0 -0.811937 0.5425415 0 -0.840029 0.5425415 0 -0.840029 0.5000008 0 -0.8660249 0.5000008 0 -0.8660249 0.4562089 0 -0.8898727 0.4562089 0 -0.8898727 0.4112835 0 -0.9115075 0.4112835 0 -0.9115075 0.3653426 0 -0.9308732 0.3653426 0 -0.9308732 0.318487 0 -0.9479272 0.2708426 0 -0.9626236 0.318487 0 -0.9479272 0.2708426 0 -0.9626236 0.2225213 0 -0.9749278 0.2225213 0 -0.9749278 0.1736463 0 -0.9848081 0.1736463 0 -0.9848081 0.1243456 0 -0.9922389 0.1243456 0 -0.9922389 0.07472836 0 -0.9972039 0.07472836 0 -0.9972039 0.02493151 0 -0.9996892 0.02493151 0 -0.9996892 0.02493151 0 0.9996892 0.02493151 0 0.9996892 0.07472836 0 0.9972039 0.1243456 0 0.9922389 0.07472836 0 0.9972039 0.1243456 0 0.9922389 0.1736463 0 0.9848081 0.2225213 0 0.9749278 0.1736463 0 0.9848081 0.2225213 0 0.9749278 0.2708426 0 0.9626236 0.2708426 0 0.9626236 0.318487 0 0.9479272 0.3653426 0 0.9308732 0.318487 0 0.9479272 0.3653426 0 0.9308732 0.4112835 0 0.9115075 0.4112835 0 0.9115075 0.45621 0 0.8898721 0.45621 0 0.8898721 0.4999997 0 0.8660256 0.542542 0 0.8400287 0.4999997 0 0.8660256 0.542542 0 0.8400287 0.5837446 0 0.8119373 0.5837446 0 0.8119373 0.6234957 0 0.7818269 0.6234957 0 0.7818269 0.6616849 0 0.749782 0.6982312 0 0.7158723 0.6616849 0 0.749782 0.6982312 0 0.7158723 0.7330505 0 0.6801742 0.7330505 0 0.6801742 0.7660522 0 0.6427784 0.7971274 0 0.6038111 0.7660522 0 0.6427784 0.7971274 0 0.6038111 0.8262467 0 0.5633085 0.8262467 0 0.5633085 0.8532819 0 0.5214499 0.8532819 0 0.5214499 0.8782242 0 0.4782493 0.8782242 0 0.4782493 0.9009725 0 0.4338759 0.9009725 0 0.4338759 0.9214771 0 0.3884327 0.9214771 0 0.3884327 0.9396932 0 0.3420186 0.9396932 0 0.3420186 0.955573 0 0.2947547 0.955573 0 0.2947547 0.9690761 0 0.2467621 0.9690761 0 0.2467621 0.9801693 0 0.1981621 0.9888328 0 0.1490292 0.9801693 0 0.1981621 0.9888328 0 0.1490292 0.9950297 0 0.09957918 0.9950297 0 0.09957918 0.9987573 0 0.04983825 0.9987573 0 0.04983825 1 0 0 1 0 -0 0.9987573 0 -0.04983825 0.9987573 0 -0.04983825 0.9950296 0 -0.0995792 0.9950296 0 -0.0995792 0.9888328 0 -0.1490291 0.9888328 0 -0.1490291 0.9801692 0 -0.1981622 0.9801692 0 -0.1981622 0.9690761 0 -0.2467621 0.9555729 0 -0.2947548 0.9690761 0 -0.2467621 0.9396931 0 -0.3420187 0.9555729 0 -0.2947548 0.9396931 0 -0.3420187 0.9214772 0 -0.3884324 0.9214772 0 -0.3884324 0.9009726 0 -0.4338761 0.9009726 0 -0.4338761 0.8782241 0 -0.4782494 0.8782241 0 -0.4782494 0.853282 0 -0.5214497 0.853282 0 -0.5214497 0.8262469 0 -0.5633081 0.8262469 0 -0.5633081 0.7971274 0 -0.6038111 0.7971274 0 -0.6038111 0.7660519 0 -0.6427788 0.7660519 0 -0.6427788 0.7330509 0 -0.6801738 0.7330509 0 -0.6801738 0.6982309 0 -0.7158726 0.6982309 0 -0.7158726 0.6616849 0 -0.749782 0.6616849 0 -0.749782 0.6234957 0 -0.7818269 0.6234957 0 -0.7818269 0.5837452 0 -0.811937 0.5837452 0 -0.811937 0.5425415 0 -0.840029 0.5425415 0 -0.840029 0.5000008 0 -0.8660249 0.5000008 0 -0.8660249 0.4562089 0 -0.8898727 0.4562089 0 -0.8898727 0.4112835 0 -0.9115075 0.4112835 0 -0.9115075 0.3653426 0 -0.9308732 0.3653426 0 -0.9308732 0.318487 0 -0.9479272 0.2708426 0 -0.9626236 0.318487 0 -0.9479272 0.2708426 0 -0.9626236 0.2225213 0 -0.9749278 0.2225213 0 -0.9749278 0.1736463 0 -0.9848081 0.1736463 0 -0.9848081 0.1243456 0 -0.9922389 0.1243456 0 -0.9922389 0.07472836 0 -0.9972039 0.07472836 0 -0.9972039 0.02493151 0 -0.9996892 0.02493151 0 -0.9996892 0 1 0 0 1 0 0 1 0 0 1 0 0 1 0 0 1 0 0 1 0 0 1 0 0 1 0 0 1 0 0 1 0 0 1 0 0 1 0 0 1 0 0 1 0 0 1 0 0 1 0 0 1 0 0 1 0 0 1 0 0 1 0 0 1 0 0 1 0 0 1 0 0 1 0 0 1 0 0 1 0 0 1 0 0 1 0 0 1 0 0 1 0 0 1 0 0 1 0 0 1 0 0 1 0 0 1 0 0 1 0 0 1 0 0 1 0 0 1 0 0 1 0 0 1 0 0 1 0 0 1 0 0 1 0 0 1 0 0 1 0 0 1 0 0 1 0 0 1 0 0 1 0 0 1 0 0 1 0 0 1 0 0 1 0 0 1 0 0 1 0 0 1 0 0 1 0 0 1 0 0 1 0 0 1 0 0 1 0 0 1 0 0 1 0 0 1 0 0 1 0 0 1 0 0 1 0 0 1 0 0 1 0 0 1 0 0 1 0 0 1 0 0 1 0 0 1 0 0 1 0 0 1 0 0 1 0 0 1 0 0 1 0 0 1 0 0 1 0 0 1 0 0 1 0 0 1 0 0 1 0 0 1 0 0 1 0 0 1 0 0 1 0 0 1 0 0 1 0 0 1 0 0 1 0 0 1 0 0 1 0 0 1 0 0 1 0 0 1 0 0 1 0 0 1 0 0 1 0 0 1 0 0 1 0 0 1 0 0 1 0 0 1 0 0 1 0 0 1 0 0 1 0 0 1 0 0 1 0 0 1 0 0 1 0 0 1 0 0 1 0 0 1 0 0 1 0 0 1 0 0 1 0 0 1 0 0 1 0 0 1 0 0 1 0 0 1 0 0 1 0 0 1 0 0 1 0 0 1 0 0 1 0 0 1 0 0 1 0 0 1 0 0 1 0 0 1 0 0 1 0 0 1 0 0 1 0 0 1 0 0 1 0 0 1 0 0 1 0 0 1 0 0 1 0 0 1 0 0 1 0 0 1 0 0 1 0 0 1 0 0 1 0 0 1 0 0 1 0 0 1 0 0 1 0 0 1 0 0 1 0 0 1 0 0 1 0 0 1 0 0 1 0 0 1 0 0 1 0 0 1 0 0 1 0 0 1 0 0 1 0 0 1 0 0 1 0 0 1 0 0 1 0 0 1 0 0 1 0 0 1 0 0 1 0 0 1 0 0 1 0 0 1 0 0 1 0 0 1 0 0 1 0 0 1 0 0 1 0 0 1 0 0 1 0 0 1 0 0 1 0 0 1 0 0 1 0 0 1 0 0 1 0 0 1 0 0 1 0 0 1 0 0 1 0 0 1 0 0 1 0 0 1 0 0 1 0 0 1 0 0 1 0 0 1 0 0 1 0 0 1 0 0 1 0 0 1 0 0 1 0 0 1 0 0 1 0 0 1 0 0 1 0 0 1 0 0 1 0 0 1 0 0 1 0 0 1 0 0 1 0 0 1 0 0 1 0 0 1 0 0 1 0 0 1 0 0 1 0 0 1 0 0 1 0 0 1 0 0 1 0 0 1 0 0 1 0 0 1 0 0 1 0 0 1 0 0 1 0 0 1 0 0 1 0 0 1 0 0 1 0 0 1 0 0 1 0 0 1 0 0 1 0 0 1 0 0 1 0 0 1 0 0 1 0 0 1 0 0 1 0 0 1 0 0 1 0 0 1 0 0 1 0 0 1 0 0 1 0 0 1 0 0 1 0 0 1 0 0 1 0 0 1 0 0 1 0 0 1 0 0 1 0 0 1 0 0 1 0 0 1 0 0 1 0 0 1 0 0 1 0 0 1 0 0 1 0 0 1 0 0 1 0 0 1 0 0 1 0 0 1 0 0 1 0 0 1 0 0 1 0 0 1 0 0 1 0 0 1 0 0 1 0 0 1 0 0 1 0 0 1 0 0 1 0 0 1 0 0 1 0 0 1 0 0 1 0 0 1 0 0 1 0 0 1 0 0 1 0 0 1 0 0 1 0 0 1 0 0 1 0 0 1 0 0 1 0 0 1 0 0 1 0 0 1 0 0 1 0 0 1 0 0 1 0 0 1 0 0 1 0 0 1 0 0 1 0 0 1 0 0 1 0 0 1 0 0 1 0 0 1 0 0 1 0 0 1 0 0 1 0 0 1 0 0 1 0 0 1 0 0 1 0 0 1 0 0 1 0 0 1 0 0 1 0 0 1 0 0 1 0 0 1 0 0 1 0 0 1 0 0 1 0 0 1 0 0 1 0 0 1 0 0 1 0 0 1 0 0 1 0 0 1 0 0 1 0 0 1 0 0 1 0 0 1 0 0 1 0 0 1 0 0 1 0 0 1 0 0 1 0 0 1 0 0 1 0 0 1 0 0 1 0 0 1 0 0 1 0 0 1 0 0 1 0 0 1 0 0 1 0 0 1 0 0 1 0 0 1 0 0 1 0 0 1 0 0 1 0 0 1 0 0 1 0 0 1 0 0 1 0 0 1 0 0 1 0 0 1 0 0 1 0 0 1 0 0 1 0 0 1 0 0 1 0 0 1 0 0 1 0 0 1 0 0 1 0 0 1 0 0 1 0 0 1 0 0 1 0 0 1 0 0 1 0 0 1 0 0 1 0 0 1 0 0 1 0 0 1 0 0 1 0 0 1 0 0 1 0 0 1 0 0 1 0 0 1 0 0 1 0 0 1 0 0 1 0 0 1 0 0 1 0 0 1 0 0 1 0 0 1 0 0 1 0 0 1 0 0 1 0 0 1 0 0 1 0 0 1 0 0 1 0 0 1 0 0 1 0 0 1 0 0 1 0 0 1 0 0 1 0 0 1 0 0 1 0 0 1 0 0 1 0 0 1 0 0 1 0 0 1 0 0 1 0 0 1 0 0 1 0 0 1 0 0 1 0 0 1 0 0 1 0 0 1 0 0 1 0 0 1 0 0 1 0 0 1 0 0 1 0 0 1 0 0 1 0 0 1 0 0 1 0 0 1 0 0 1 0 0 1 0 0 1 0 0 1 0 0 1 0 0 1 0 0 1 0 0 1 0 0 1 0 0 1 0 0 1 0 0 1 0 0 1 0 0 1 0 0 1 0 0 1 0 0 1 0 0 1 0 0 1 0 0 1 0 0 1 0 0 1 0 0 1 0 0 1 0 0 1 0 0 1 0 0 1 0 0 1 0 0 1 0 0 1 0 0 1 0 0 1 0 0 1 0 0 1 0 0 1 0 0 1 0 0 1 0 0 1 0 0 1 0 0 1 0 0 1 0 0 1 0 0 1 0 0 1 0 0 1 0 0 1 0 0 1 0 0 1 0 0 1 0 0 1 0 0 1 0 0 1 0 0 1 0 0 1 0 0 1 0 0 1 0 0 1 0 0 1 0 0 1 0 0 1 0 0 1 0 0 1 0 0 1 0 0 1 0 0 1 0 0 1 0 0 1 0 0 1 0 0 1 0 0 1 0 0 1 0 0 1 0 0 1 0 0 1 0 0 1 0 0 1 0 0 1 0 0 1 0 0 1 0 0 1 0 0 1 0 0 1 0 0 1 0 0 1 0 0 1 0 0 1 0 0 1 0 0 1 0 0 1 0 0 1 0 0 1 0 0 1 0 0 1 0 0 1 0 0 1 0 0 1 0 0 1 0 0 1 0 0 1 0 0 1 0 0 1 0 0 1 0 0 1 0 0 1 0 0 1 0 0 1 0 0 1 0 0 1 0 0 1 0 0 1 0 0 1 0 0 1 0 0 1 0 0 1 0 0 1 0 0 1 0 0 1 0 0 1 0 0 1 0 0 1 0 0 1 0 0 1 0 0 1 0 0 1 0 0 1 0 0 1 0 0 1 0 0 1 0 0 1 0 0 1 0 0 1 0 0 1 0 0 1 0 0 1 0 0 1 0 0 1 0 0 1 0 0 1 0 0 1 0 0 1 0 0 1 0 0 1 0 0 1 0 0 1 0 0 1 0 0 1 0 0 1 0 0 1 0 0 1 0 0 1 0 0 1 0 0 1 0 0 1 0 0 1 0 0 1 0 0 1 0 0 1 0 0 1 0 0 1 0 0 1 0 0 1 0 0 1 0 0 1 0 0 1 0 0 1 0 0 1 0 0 1 0 0 1 0 0 1 0 0 1 0 0 1 0 0 1 0 0 1 0 0 1 0 0 1 0 0 1 0 0 1 0 0 1 0 0 1 0 0 1 0 0 1 0 0 1 0 0 1 0 0 1 0 0 1 0 0 1 0 0 1 0 0 1 0 0 1 0 0 1 0 0 1 0 0 1 0 0 1 0 0 1 0 0 1 0 0 1 0 0 1 0 0 1 0 0 1 0 0 1 0 0 1 0 0 1 0 0 1 0 0 1 0 0 1 0 0 1 0 0 1 0 0 1 0 0 1 0 0 1 0 0 1 0 0 1 0 0 1 0 0 1 0 0 1 0 0 1 0 0 1 0 0 1 0 0 1 0 0 1 0 0 1 0 0 1 0 0 1 0 0 1 0 0 1 0 0 1 0 0 1 0 0 1 0 0 1 0 0 1 0 0 1 0 0 1 0 0 1 0 0 1 0 0 1 0 0 1 0 0 1 0 0 1 0 0 1 0 0 1 0 0 1 0 0 1 0 0 1 0 0 1 0 0 1 0 0 1 0 0 1 0 0 1 0 0 1 0 0 1 0 0 1 0 0 1 0 0 1 0 0 1 0 0 1 0 0 1 0 0 1 0 0 1 0 0 1 0 0 1 0 0 1 0 0 1 0 0 1 0 0 1 0 0 1 0 0 1 0 0 1 0 0 1 0 0 1 0 0 1 0 0 1 0 0 1 0 0 1 0 0 1 0 0 1 0 0 1 0 0 1 0 0 1 0 0 1 0 0 1 0 0 1 0 0 1 0 0 1 0 0 1 0 0 1 0 0 1 0 0 1 0 0 1 0 0 1 0 0 1 0 0 1 0 0 1 0 0 1 0 0 1 0 0 1 0 0 1 0 0 1 0 0 1 0 0 1 0 0 1 0 0 1 0 0 1 0 0 1 0 0 1 0 0 1 0 0 1 0 0 1 0 0 1 0 0 1 0 0 1 0 0 1 0 0 1 0 0 1 0 0 1 0 0 1 0 0 1 0 0 1 0 0 1 0 0 1 0 0 1 0 0 1 0 0 1 0 0 1 0 0 1 0 0 1 0 0 1 0 0 1 0 0 1 0 0 1 0 0 1 0 0 1 0 0 1 0 0 1 0 0 1 0 0 1 0 0 1 0 0 1 0 0 1 0 0 1 0 0 1 0 0 1 0 0 1 0 0 1 0 0 1 0 0 1 0 0 1 0 0 1 0 0 1 0 0 1 0 0 1 0 0 1 0 0 1 0 0 1 0 0 1 0 0 1 0 0 1 0 0 1 0 0 1 0 0 1 0 0 1 0 0 1 0 0 1 0 0 1 0 0 1 0 0 1 0 0 1 0 0 1 0 0 1 0 0 1 0 0 1 0 0 1 0 0 1 0 0 1 0 0 1 0 0 1 0 0 1 0 0 1 0 0 1 0 0 1 0 0 1 0 0 1 0 0 1 0 0 1 0 0 1 0 0 1 0 0 1 0 0 1 0 0 1 0 0 1 0 0 1 0 0 1 0 0 1 0 0 1 0 0 1 0 0 1 0 0 1 0 0 1 0 0 1 0 0 1 0 0 1 0 0 1 0 0 1 0 0 1 0 0 1 0 0 1 0 0 1 0 0 1 0 0 1 0 0 1 0 0 1 0 0 1 0 0 1 0 0 1 0 0 1 0 0 1 0 0 1 0 0 1 0 0 1 0 0 1 0 0 1 0 0 1 0 0 1 0 0 1 0 0 1 0 0 1 0 0 1 0 0 1 0 0 1 0 0 1 0 0 1 0 0 1 0 0 1 0 0 1 0 0 1 0 0 1 0 0 1 0 0 1 0 0 1 0 0 1 0 0 1 0 0 1 0 0 1 0 0 1 0 0 1 0 0 1 0 0 1 0 0 1 0 0 1 0 0 1 0 0 1 0 0 1 0 0 1 0 0 1 0 0 1 0 0 1 0 0 1 0 0 1 0 0 1 0 0 1 0 0 1 0 0 1 0 0 1 0 0 1 0 0 1 0 0 1 0 0 1 0 0 1 0 0 1 0 0 1 0 0 1 0 0 1 0 0 1 0 0 1 0 0 1 0 0 1 0 0 1 0 0 1 0 0 1 0 0 1 0 0 1 0 0 1 0 0 1 0 0 1 0 0 1 0 0 1 0 0 1 0 0 1 0 0 1 0 0 1 0 0 1 0 0 1 0 0 1 0 0 1 0 0 1 0 0 1 0 0 1 0 0 1 0 0 1 0 0 1 0 0 1 0 0 1 0 0 1 0 0 1 0 0 1 0 0 1 0 0 1 0 0 1 0 0 1 0 0 1 0 0 1 0 0 1 0 0 1 0 0 1 0 0 1 0 0 1 0 0 1 0 0 1 0 0 1 0 0 1 0 0 1 0 0 1 0 0 1 0 0 1 0 0 1 0 0 1 0 0 1 0 0 1 0 0 1 0 0 1 0 0 1 0 0 1 0 0 1 0 0 1 0 0 1 0 0 1 0 0 1 0 0 1 0 0 1 0 0 1 0 0 1 0 0 1 0 0 1 0 0 1 0 0 1 0 0 1 0 0 1 0 0 1 0 0 1 0 0 1 0 0 1 0 0 1 0 0 1 0 0 1 0 0 1 0 0 1 0 0 1 0 0 1 0 0 1 0 0 1 0 0 1 0 0 1 0 0 1 0 0 1 0 0 1 0 0 1 0 0 1 0 0 1 0 0 1 0 0 1 0 0 1 0 0 1 0 0 1 0 0 1 0 0 1 0 0 1 0 0 1 0 0 1 0 0 1 0 0 1 0 0 1 0 0 1 0 0 1 0 0 1 0 0 1 0 0 1 0 0 1 0 0 1 0 0 1 0 0 1 0 0 1 0 0 1 0 0 1 0 0 1 0 0 1 0 0 1 0 0 1 0 0 1 0 0 1 0 0 1 0 0 1 0 0 1 0 0 1 0 0 1 0 0 1 0 0 1 0 0 1 0 0 1 0 0 1 0 0 1 0 0 1 0 0 1 0 0 1 0 0 1 0 0 1 0 0 1 0 0 1 0 0 1 0 0 1 0 0 1 0 0 1 0 0 1 0 0 1 0 0 1 0 0 1 0 0 1 0 0 1 0 0 1 0 0 1 0 0 1 0 0 1 0 0 1 0 0 1 0 0 1 0 0 1 0 0 1 0 0 1 0 0 1 0 0 1 0 0 1 0 0 1 0 0 1 0 0 1 0 0 1 0 0 1 0 0 1 0 0 1 0 0 1 0 0 1 0 0 1 0 0 1 0 0 1 0 0 1 0 0 1 0 0 1 0 0 1 0 0 1 0 0 1 0 0 1 0 0 1 0 0 1 0 0 1 0 0 1 0 0 1 0 0 1 0 0 1 0 0 1 0 0 1 0 0 1 0 0 1 0 0 1 0 0 1 0 0 1 0 0 1 0 0 1 0 0 1 0 0 1 0 0 1 0 0 1 0 0 1 0 0 1 0 0 1 0 0 1 0 0 1 0 0 1 0 0 1 0 0 1 0 0 1 0 0 1 0 0 1 0 0 1 0 0 1 0 0 1 0 0 1 0 0 1 0 0 1 0 0 1 0 0 1 0 0 1 0 0 1 0 0 1 0 0 1 0 0 1 0 0 1 0 0 1 0 0 1 0 0 1 0 0 1 0 0 1 0 0 1 0 0 1 0 0 1 0 0 1 0 0 1 0 0 1 0 0 1 0 0 1 0 0 1 0 0 1 0 0 1 0 0 1 0 0 1 0 0 1 0 0 1 0 0 1 0 0 1 0 0 1 0 0 1 0 0 1 0 0 1 0 0 1 0 0 1 0 0 1 0 0 1 0 0 1 0 0 1 0 0 1 0 0 1 0 0 1 0 0 1 0 0 1 0 0 1 0 0 1 0 0 1 0 0 1 0 0 1 0 0 1 0 0 1 0 0 1 0 0 1 0 0 1 0 0 1 0 0 1 0 0 1 0 0 1 0 0 1 0 0 1 0 0 1 0 0 1 0 0 1 0 0 1 0 0 1 0 0 1 0 0 1 0 0 1 0 0 1 0 0 1 0 0 1 0 0 1 0 0 1 0 0 1 0 0 1 0 0 1 0 0 1 0 0 1 0 0 1 0 0 1 0 0 1 0 0 1 0 0 1 0 0 1 0 0 1 0 0 1 0 0 1 0 0 1 0 0 1 0 0 1 0 0 1 0 0 1 0 0 1 0 0 1 0 0 1 0 0 1 0 0 1 0 0 1 0 0 1 0 0 1 0 0 1 0 0 1 0 0 1 0 0 1 0 0 1 0 0 1 0 0 1 0 0 1 0 0 1 0 0 1 0 0 1 0 0 1 0 0 1 0 0 1 0 0 1 0 0 1 0 0 1 0 0 1 0 0 1 0 0 1 0 0 1 0 0 1 0 0 1 0 0 1 0 0 1 0 0 1 0 0 1 0 0 1 0 0 1 0 0 1 0 0 1 0 0 1 0 0 1 0 0 1 0 0 1 0 0 1 0 0 1 0 0 1 0 0 1 0 0 1 0 0 1 0 0 1 0 0 1 0 0 1 0 0 1 0 0 1 0 0 1 0 0 1 0 0 1 0 0 1 0 0 1 0 0 1 0 0 1 0 0 1 0 0 1 0 0 1 0 0 1 0 0 1 0 0 1 0 0 1 0 0 1 0 0 1 0 0 1 0 0 1 0 0 1 0 0 1 0 0 1 0 0 1 0 0 1 0 0 1 0 0 1 0 0 1 0 0 1 0 0 1 0 0 1 0 0 1 0 0 1 0 0 1 0 0 1 0 0 1 0 0 1 0 0 1 0 0 1 0 0 1 0 0 1 0 0 1 0 0 1 0 0 1 0 0 1 0 0 1 0 0 1 0 0 1 0 0 1 0 0 1 0 0 1 0 0 1 0 0 1 0 0 1 0 0 1 0 0 1 0 0 1 0 0 1 0 0 1 0 0 1 0 0 1 0 0 1 0 0 1 0 0 1 0 0 1 0 0 1 0 0 1 0 0 1 0 0 1 0 0 1 0 0 1 0 0 1 0 0 1 0 0 1 0 0 1 0 0 1 0 0 1 0 0 1 0 0 1 0 0 1 0 0 1 0 0 1 0 0 1 0 0 1 0 0 1 0 0 1 0 0 1 0 0 1 0 0 1 0 0 1 0 0 1 0 0 1 0 0 1 0 0 1 0 0 1 0 0 1 0 0 1 0 0 1 0 0 1 0 0 1 0 0 1 0 0 1 0 0 1 0 0 1 0 0 1 0 0 1 0 0 1 0 0 1 0 0 1 0 0 1 0 0 1 0 0 1 0 0 1 0 0 1 0 0 1 0 0 1 0 0 1 0 0 1 0 0 1 0 0 1 0 0 1 0 0 1 0 0 1 0 0 1 0 0 1 0 0 1 0 0 1 0 0 1 0 0 1 0 0 1 0 0 1 0 0 1 0 0 1 0 0 1 0 0 1 0 0 1 0 0 1 0 0 1 0 0 1 0 0 1 0 0 1 0 0 1 0 0 1 0 0 1 0 0 1 0 0 1 0 0 1 0 0 1 0 0 1 0 0 1 0 0 1 0 0 1 0 0 1 0 0 1 0 0 1 0 0 1 0 0 1 0 0 1 0 0 1 0 0 1 0 0 1 0 0 1 0 0 1 0 0 1 0 0 1 0 0 1 0 0 1 0 0 1 0 0 1 0 0 1 0 0 1 0 0 1 0 0 1 0 0 1 0 0 1 0 0 1 0 0 1 0 0 1 0 0 1 0 0 1 0 0 1 0 0 1 0 0 1 0 0 1 0 0 1 0 0 1 0 0 1 0 0 1 0 0 1 0 0 1 0 0 1 0 0 1 0 0 1 0 0 1 0 0 1 0 0 1 0 0 1 0 0 1 0 0 1 0 0 1 0 0 1 0 0 1 0 0 1 0 0 1 0 0 1 0 0 1 0 0 1 0 0 1 0 0 1 0 0 1 0 0 1 0 0 1 0 0 1 0 0 1 0 0 1 0 0 1 0 0 1 0 0 1 0 0 1 0 0 1 0 0 1 0 0 1 0 0 1 0 0 1 0 0 1 0 0 1 0 0 1 0 0 1 0 0 1 0 0 1 0 0 1 0 0 1 0 0 1 0 0 1 0 0 1 0 0 1 0 0 1 0 0 1 0 0 1 0 0 1 0 0 1 0 0 1 0 0 1 0 0 1 0 0 1 0 0 1 0 0 1 0 0 1 0 0 1 0 0 1 0 0 1 0 0 1 0 0 1 0 0 1 0 0 1 0 0 1 0 0 1 0 0 1 0 0 1 0 0 1 0 0 1 0 0 1 0 0 1 0 0 1 0 0 1 0 0 1 0 0 1 0 0 1 0 0 1 0 0 1 0 0 1 0 0 1 0 0 1 0 0 1 0 0 1 0 0 1 0 0 1 0 0 1 -0 0 1 -0 0 1 -0 0 1 -0 0 1 -0 0 1 -0 0 1 -0 0 1 -0 0 1 -0 0 1 -0 0 1 0 0 1 0 0 1 0 0 1 0 -0 1 0 0 1 0 -0 1 0 -0 1 0 -0 1 0 -0 1 0 -0 1 0 0 1 0 0 1 0 0 1 0 0 1 0 0 1 0 0 1 0 0 1 -0 0 1 -0 0 1 -0 0 1 -0 0 1 -0 0 1 -0 0 1 -0 0 1 -0 0 1 -0 1 0 0 1 0 -0 1 0 -0 1 0 0 -1 -0 -0 -1 0 0 -1 -0 0 -1 0 -0 0 -1 0 0 -1 0 0 -1 0 0 -1 0 -1 -0 -0 -1 0 0 1 0 -0 1 0 0 0 -1 0 0 -1 0 1 0 -0 1 0 0 -1 0 0 -1 -0 -0 0 0 1 0 0 1 0 -0 1 0 0 1 0 0 1 0 0 1 0 0 1 0 0 1 0.9743701 0 -0.224951 0.9743701 0 -0.224951 0 0 -1 0 0 -1 -0.9743701 -0 -0.224951 -0.9743701 0 -0.224951 0 0 1 0 0 1 0 -1 0 -0 -1 0 0 -1 0 -0 -1 0 0 -1 0 -0 -1 0 0 -1 0 -0 -1 0 0 -1 0 -0 -1 0 0 -1 0 -0 -1 0 0 -1 0 -0 -1 0 0 -1 0 -0 -1 0 0 -1 0 -0 -1 0 0 -1 0 -0 -1 0 0 -1 0 -0 -1 0 0 -1 0 0 -1 0 0 -1 0 -0 -1 0 -0 -1 -0 -0 -1 -0 -0 -1 -0 0 -1 0 0 -1 0 0 -1 0 0 -1 0 0 -1 0 0 -1 0 0 -1 0 0 -1 0 0 -1 0 0 -1 0 0 -1 0 0 -1 0 0 -1 0 0 -1 0 0 -1 0 0 -1 0 0 -1 0 0 -1 0 0 -1 0 0 -1 0 0 -1 0 0 -1 0 0 -1 0 -0 -1 0 -0 -1 0 -0 -1 0 -0 -1 0 -0 -1 0 -0 -1 0 -0 -1 0 0 -1 0 0 -1 0 0 -1 0 0 -1 0 0 -1 0 0 -1 0 0 -1 0 0 -1 0 0 -1 0 0 -1 0 0 -1 0 0 -1 0 0 -1 0 0 -1 0 0 -1 0 0 -1 0 0 -1 0 0 -1 0 0 -1 0 0 -1 0 0 -1 0 0 -1 0 0 -1 0 0 -1 0 0 -1 0 0 -1 0 0 -1 0 0 -1 0 0 -1 0 0 -1 0 0 -1 0 0 -1 0 0 -1 0 0 -1 0 0 -1 0 0 -1 0 0 -1 0 0 -1 0 0 -1 0 0 -1 0 0 -1 0 0 -1 0 0 -1 0 0 -1 0 0 -1 0 0 -1 0 0 -1 0 0 -1 0 0 -1 0 0 -1 0 0 -1 0 0 -1 0 0 -1 0 0 -1 0 0 -1 0 0 -1 0 0 -1 0 0 -1 0 0 -1 0 0 -1 0 0 -1 0 0 -1 0 0 -1 0 0 -1 0 0 -1 0 0 -1 0 0 -1 0 0 -1 0 0 -1 0 0 -1 0 0 -1 0 0 -1 0 0 -1 0 0 -1 0 0 -1 0 0 -1 0 0 -1 0 0 -1 0 0 -1 0 0 -1 0 0 -1 0 0 -1 0 0 -1 0 0 -1 0 0 -1 0 0 -1 0 0 -1 0 0 -1 0 0 -1 0 0 -1 0 0 -1 0 0 -1 0 0 -1 0 0 -1 0 0 -1 0 0 -1 0 0 -1 0 0 -1 0 0 -1 0 0 -1 0 0 -1 0 0 -1 0 0 -1 0 0 -1 0 0 -1 0 0 -1 0 0 -1 0 0 -1 0 0 -1 0 0 -1 0 0 -1 0 0 -1 0 0 -1 0 0 -1 0 0 -1 0 0 -1 0 0 -1 0 0 -1 0 0 -1 0 0 -1 0 0 -1 0 0 -1 0 0 -1 0 0 -1 0 0 -1 0 0 -1 0 0 -1 0 0 -1 0 0 -1 0 0 -1 0 0 -1 0 0 -1 0 0 -1 0 0 -1 0 0 -1 0 0 -1 0 0 -1 0 0 -1 0 0 -1 0 0 -1 0 0 -1 0 0 -1 0 0 -1 0 0 -1 0 0 -1 0 0 -1 0 0 -1 0 0 -1 0 0 -1 0 0 -1 0 0 -1 0 0 -1 0 0 -1 0 -0 -1 0 0 -1 0 0 -1 0 0 -1 0 0 -1 0 0 -1 0 0 -1 0 0 -1 0 0 -1 0 0 -1 0 0 -1 0 0 -1 0 0 -1 0 0 -1 0 0 -1 0 0 -1 0 0 -1 0 0 -1 0 0 -1 0 0 -1 0 0 -1 0 0 -1 0 0 -1 0 0 -1 0 0 -1 0 0 -1 0 0 -1 0 0 -1 0 0 -1 0 -0 -1 0 -0 -1 0 -0 -1 0 -0 -1 0 -0 -1 0 -0 -1 0 -0 -1 0 -0 -1 0 -0 -1 0 -0 -1 0 -0 -1 0 -0 -1 0 -0 -1 0 0 -1 0 -0 -1 0 -0 -1 0 -0 -1 0 -0 -1 0 -0 -1 0 -0 -1 0 -0 -1 0 -0 -1 0 -0 -1 0 0 -1 0 0 -1 0 0 -1 0 0 -1 0 -0.02493151 0 -0.9996892 -0.02493151 -0 -0.9996892 -0.07472836 -0 -0.9972039 -0.07472836 0 -0.9972039 -0.1243456 -0 -0.9922389 -0.1736463 -0 -0.9848081 -0.1243456 0 -0.9922389 -0.2225213 -0 -0.9749278 -0.1736463 -0 -0.9848081 -0.2225213 -0 -0.9749278 -0.2708426 -0 -0.9626236 -0.318487 -0 -0.9479272 -0.2708426 0 -0.9626236 -0.318487 -0 -0.9479272 -0.3653426 -0 -0.9308732 -0.4112835 -0 -0.9115075 -0.3653426 0 -0.9308732 -0.4112835 -0 -0.9115075 -0.4562089 -0 -0.8898727 -0.5000008 -0 -0.8660249 -0.4562089 0 -0.8898727 -0.5000008 -0 -0.8660249 -0.5425415 -0 -0.840029 -0.5837452 -0 -0.811937 -0.5425415 0 -0.840029 -0.5837452 -0 -0.811937 -0.6234957 -0 -0.7818269 -0.6234957 0 -0.7818269 -0.6616849 -0 -0.749782 -0.6616849 0 -0.749782 -0.6982309 -0 -0.7158726 -0.6982309 0 -0.7158726 -0.7330509 -0 -0.6801738 -0.7660519 -0 -0.6427788 -0.7330509 0 -0.6801738 -0.7660519 -0 -0.6427788 -0.7971274 0 -0.6038111 -0.7971274 -0 -0.6038111 -0.8262469 -0 -0.5633081 -0.8262469 -0 -0.5633081 -0.853282 0 -0.5214497 -0.853282 -0 -0.5214497 -0.8782241 0 -0.4782494 -0.8782241 -0 -0.4782494 -0.9009726 -0 -0.4338761 -0.9009726 0 -0.4338761 -0.9214772 -0 -0.3884324 -0.9214772 0 -0.3884324 -0.9396931 -0 -0.3420187 -0.9396931 0 -0.3420187 -0.9555729 -0 -0.2947548 -0.9690761 -0 -0.2467621 -0.9555729 0 -0.2947548 -0.9690761 -0 -0.2467621 -0.9801692 -0 -0.1981622 -0.9801692 0 -0.1981622 -0.9888328 -0 -0.1490291 -0.9888328 0 -0.1490291 -0.9950296 -0 -0.0995792 -0.9950296 0 -0.0995792 -0.9987573 -0 -0.04983825 -0.9987573 0 -0.04983825 -1 -0 0 -1 0 -0 -0.9987573 0 0.04983825 -0.9987573 0 0.04983825 -0.9950297 0 0.09957918 -0.9950297 0 0.09957918 -0.9888328 0 0.1490292 -0.9888328 0 0.1490292 -0.9801693 0 0.1981621 -0.9801693 0 0.1981621 -0.9690761 0 0.2467621 -0.955573 0 0.2947547 -0.9690761 0 0.2467621 -0.9396932 0 0.3420186 -0.955573 0 0.2947547 -0.9396932 0 0.3420186 -0.9214771 0 0.3884327 -0.9214771 0 0.3884327 -0.9009725 0 0.4338759 -0.9009725 0 0.4338759 -0.8782242 0 0.4782493 -0.8782242 0 0.4782493 -0.8532819 0 0.5214499 -0.8532819 0 0.5214499 -0.8262467 0 0.5633085 -0.8262467 0 0.5633085 -0.7971274 0 0.6038111 -0.7971274 0 0.6038111 -0.7660522 0 0.6427784 -0.7660522 0 0.6427784 -0.7330505 0 0.6801742 -0.7330505 0 0.6801742 -0.6982312 0 0.7158723 -0.6982312 0 0.7158723 -0.6616849 0 0.749782 -0.6616849 0 0.749782 -0.6234957 0 0.7818269 -0.6234957 0 0.7818269 -0.5837446 0 0.8119373 -0.5837446 0 0.8119373 -0.542542 0 0.8400287 -0.542542 0 0.8400287 -0.4999997 0 0.8660256 -0.4999997 0 0.8660256 -0.45621 0 0.8898721 -0.45621 0 0.8898721 -0.4112835 0 0.9115075 -0.4112835 0 0.9115075 -0.3653426 0 0.9308732 -0.3653426 0 0.9308732 -0.318487 0 0.9479272 -0.318487 0 0.9479272 -0.2708426 0 0.9626236 -0.2708426 0 0.9626236 -0.2225213 0 0.9749278 -0.2225213 0 0.9749278 -0.1736463 0 0.9848081 -0.1243456 0 0.9922389 -0.1736463 0 0.9848081 -0.1243456 0 0.9922389 -0.07472836 0 0.9972039 -0.02493151 0 0.9996892 -0.07472836 0 0.9972039 -0.02493151 0 0.9996892 0 -1 0 0 -1 0 0 -1 0 0 -1 0 0 -1 0 0 -1 0 0 -1 0 0 -1 0 0 -1 0 0 -1 0 0 -1 0 0 -1 0 0 -1 0 0 -1 0 0 -1 0 0 -1 0 0 -1 0 0 -1 0 0 -1 0 0 -1 0 0 -1 0 0 -1 0 0 -1 0 0 -1 0 0 -1 0 0 -1 0 0 -1 0 0 -1 0 -0 -1 0 -0 -1 0 0 -1 0 0 -1 0 -0 -1 0 0 -1 0 0 -1 0 -0 -1 0 -0 -1 0 0 -1 0 0 -1 0 -0 -1 0 0 -1 0 -0 -1 0 -0 -1 0 0 -1 0 0 -1 0 0 -1 0 0 -1 0 0 -1 0 0 -1 0 0 -1 0 -0 -1 0 -0 -1 0 -0 -1 0 -0 -1 0 0 -1 0 0 -1 0 0 -1 0 -0 -1 0 -0 -1 0 -0 -1 0 -0 -1 0 0 -1 0 0 -1 0 0 -1 0 -0 -1 0 -0 -1 0 -0 -1 0 0 -1 0 0 -1 0 0 -1 0 -0 -1 0 -0 -1 0 0 -1 0 0 -1 0 0 -1 0 0 -1 0 0 -1 0 0 -1 0 0 -1 0 -0 -1 0 -0 -1 0 -0 -1 0 -0 -1 0 -0 -1 0 0 -1 0 0 -1 0 0 -1 0 -0 -1 0 -0 -1 0 0 -1 0 0 -1 0 0 -1 0 -0 -1 0 -0 -1 -0 -0 -1 -0 -0 -1 -0 -0 -1 -0 -0 -1 -0 0 -1 0 -0 -1 -0 -0 -1 -0 0 -1 0 0 -1 0 0 -1 0 0 -1 0 0 -1 0 0 -1 0 0 -1 0 0 -1 0 -0 -1 0 -0 -1 0 -0 -1 -0 -0 -1 -0 -0 -1 -0 -0 -1 -0 -0 -1 -0 0 -1 0 0 -1 0 0 -1 0 -0 -1 0 -0 -1 -0 0 -1 0 0 -1 0 0 -1 0 -0.02493151 0 -0.9996892 -0.02493151 -0 -0.9996892 -0.07472836 -0 -0.9972039 -0.07472836 0 -0.9972039 -0.1243456 -0 -0.9922389 -0.1736463 -0 -0.9848081 -0.1243456 0 -0.9922389 -0.2225213 -0 -0.9749278 -0.1736463 -0 -0.9848081 -0.2225213 -0 -0.9749278 -0.2708426 -0 -0.9626236 -0.318487 -0 -0.9479272 -0.2708426 0 -0.9626236 -0.318487 -0 -0.9479272 -0.3653426 -0 -0.9308732 -0.4112835 -0 -0.9115075 -0.3653426 0 -0.9308732 -0.4112835 -0 -0.9115075 -0.4562089 -0 -0.8898727 -0.5000008 -0 -0.8660249 -0.4562089 0 -0.8898727 -0.5000008 -0 -0.8660249 -0.5425415 -0 -0.840029 -0.5837452 -0 -0.811937 -0.5425415 0 -0.840029 -0.5837452 -0 -0.811937 -0.6234957 -0 -0.7818269 -0.6234957 0 -0.7818269 -0.6616849 -0 -0.749782 -0.6616849 0 -0.749782 -0.6982309 -0 -0.7158726 -0.6982309 0 -0.7158726 -0.7330509 -0 -0.6801738 -0.7660519 -0 -0.6427788 -0.7330509 0 -0.6801738 -0.7660519 -0 -0.6427788 -0.7971274 0 -0.6038111 -0.7971274 -0 -0.6038111 -0.8262469 -0 -0.5633081 -0.8262469 -0 -0.5633081 -0.853282 0 -0.5214497 -0.853282 -0 -0.5214497 -0.8782241 0 -0.4782494 -0.8782241 -0 -0.4782494 -0.9009726 -0 -0.4338761 -0.9009726 0 -0.4338761 -0.9214772 -0 -0.3884324 -0.9214772 0 -0.3884324 -0.9396931 -0 -0.3420187 -0.9396931 0 -0.3420187 -0.9555729 -0 -0.2947548 -0.9690761 -0 -0.2467621 -0.9555729 0 -0.2947548 -0.9690761 -0 -0.2467621 -0.9801692 -0 -0.1981622 -0.9801692 0 -0.1981622 -0.9888328 -0 -0.1490291 -0.9888328 0 -0.1490291 -0.9950296 -0 -0.0995792 -0.9950296 0 -0.0995792 -0.9987573 -0 -0.04983825 -0.9987573 0 -0.04983825 -1 -0 0 -1 0 -0 -0.9987573 0 0.04983825 -0.9987573 0 0.04983825 -0.9950297 0 0.09957918 -0.9950297 0 0.09957918 -0.9888328 0 0.1490292 -0.9888328 0 0.1490292 -0.9801693 0 0.1981621 -0.9801693 0 0.1981621 -0.9690761 0 0.2467621 -0.955573 0 0.2947547 -0.9690761 0 0.2467621 -0.9396932 0 0.3420186 -0.955573 0 0.2947547 -0.9396932 0 0.3420186 -0.9214771 0 0.3884327 -0.9214771 0 0.3884327 -0.9009725 0 0.4338759 -0.9009725 0 0.4338759 -0.8782242 0 0.4782493 -0.8782242 0 0.4782493 -0.8532819 0 0.5214499 -0.8532819 0 0.5214499 -0.8262467 0 0.5633085 -0.8262467 0 0.5633085 -0.7971274 0 0.6038111 -0.7971274 0 0.6038111 -0.7660522 0 0.6427784 -0.7660522 0 0.6427784 -0.7330505 0 0.6801742 -0.7330505 0 0.6801742 -0.6982312 0 0.7158723 -0.6982312 0 0.7158723 -0.6616849 0 0.749782 -0.6616849 0 0.749782 -0.6234957 0 0.7818269 -0.6234957 0 0.7818269 -0.5837446 0 0.8119373 -0.5837446 0 0.8119373 -0.542542 0 0.8400287 -0.542542 0 0.8400287 -0.4999997 0 0.8660256 -0.4999997 0 0.8660256 -0.45621 0 0.8898721 -0.45621 0 0.8898721 -0.4112835 0 0.9115075 -0.4112835 0 0.9115075 -0.3653426 0 0.9308732 -0.3653426 0 0.9308732 -0.318487 0 0.9479272 -0.318487 0 0.9479272 -0.2708426 0 0.9626236 -0.2708426 0 0.9626236 -0.2225213 0 0.9749278 -0.2225213 0 0.9749278 -0.1736463 0 0.9848081 -0.1243456 0 0.9922389 -0.1736463 0 0.9848081 -0.1243456 0 0.9922389 -0.07472836 0 0.9972039 -0.02493151 0 0.9996892 -0.07472836 0 0.9972039 -0.02493151 0 0.9996892 0 -1 0 0 -1 0 0 -1 0 0 -1 0 0 -1 0 0 -1 0 0 -1 0 0 -1 0 0 -1 0 0 -1 0 0 -1 0 0 -1 0 0 -1 0 0 -1 0 0 -1 0 0 -1 0 0 -1 0 0 -1 0 0 -1 0 0 -1 0 0 -1 0 0 -1 0 0 -1 0 0 -1 0 0 -1 0 0 -1 0 0 -1 0 0 -1 0 -0 -1 0 -0 -1 0 0 -1 0 0 -1 0 -0 -1 0 0 -1 0 0 -1 0 -0 -1 0 -0 -1 0 0 -1 0 0 -1 0 -0 -1 0 0 -1 0 -0 -1 0 -0 -1 0 0 -1 0 0 -1 0 0 -1 0 0 -1 0 0 -1 0 0 -1 0 0 -1 0 -0 -1 0 -0 -1 0 -0 -1 0 -0 -1 0 0 -1 0 0 -1 0 0 -1 0 -0 -1 0 -0 -1 0 -0 -1 0 -0 -1 0 0 -1 0 0 -1 0 0 -1 0 -0 -1 0 -0 -1 0 -0 -1 0 0 -1 0 0 -1 0 0 -1 0 -0 -1 0 -0 -1 0 0 -1 0 0 -1 0 0 -1 0 0 -1 0 0 -1 0 0 -1 0 0 -1 0 -0 -1 0 -0 -1 0 -0 -1 0 -0 -1 0 -0 -1 0 0 -1 0 0 -1 0 0 -1 0 -0 -1 0 -0 -1 0 0 -1 0 0 -1 0 0 -1 0 -0 -1 0 -0 -1 -0 -0 -1 -0 -0 -1 -0 -0 -1 -0 -0 -1 -0 0 -1 0 -0 -1 -0 -0 -1 -0 0 -1 0 0 -1 0 0 -1 0 0 -1 0 0 -1 0 0 -1 0 0 -1 0 0 -1 0 -0 -1 0 -0 -1 0 -0 -1 -0 -0 -1 -0 -0 -1 -0 -0 -1 -0 -0 -1 -0 0 -1 0 0 -1 0 0 -1 0 -0 -1 0 -0 -1 -0 0 -1 0 0 -1 0 0 -1 0 0.03210625 0 -0.9994845 0.03210625 0 -0.9994845 0.003905547 0 -0.9999924 0.003905547 0 -0.9999924 0.01171593 0 -0.9999313 0.01171593 0 -0.9999313 0.01952752 0 -0.9998093 0.01952752 0 -0.9998093 -0.0257487 -0 -0.9996685 -0.0257487 0 -0.9996685 -0.04029848 -0 -0.9991876 -0.04029848 0 -0.9991876 -0.04965577 -0 -0.9987664 -0.04965577 0 -0.9987664 -0.06094031 -0 -0.9981414 -0.06094031 0 -0.9981414 -0.09560896 0 -0.995419 -0.09560896 0 -0.995419 -0.08438855 0 -0.996433 -0.08438855 0 -0.996433 -0.07317386 0 -0.9973192 -0.07317386 0 -0.9973192 -0.110319 -0 -0.9938962 -0.110319 0 -0.9938962 -0.1284981 -0 -0.9917098 -0.1284981 0 -0.9917098 -0.1613367 0 -0.9868994 -0.1613367 0 -0.9868994 -0.151834 0 -0.9884061 -0.151834 0 -0.9884061 -0.1423198 0 -0.9898207 -0.1423198 0 -0.9898207 -0.1874198 0 -0.9822799 -0.1874198 0 -0.9822799 -0.1788988 0 -0.9838675 -0.1788988 0 -0.9838675 -0.1703575 0 -0.9853824 -0.1703575 0 -0.9853824 -0.1989848 -0 -0.9800026 -0.1989848 0 -0.9800026 -0.2135509 -0 -0.9769319 -0.2135509 0 -0.9769319 -0.2408354 0 -0.970566 -0.2408354 0 -0.970566 -0.2328428 0 -0.9725143 -0.2328428 0 -0.9725143 -0.2248279 0 -0.9743985 -0.2248279 0 -0.9743985 -0.268319 0 -0.9633301 -0.268319 0 -0.9633301 -0.2589313 0 -0.9658957 -0.2589313 0 -0.9658957 -0.2495574 0 -0.96836 -0.2495574 0 -0.96836 -0.2826756 -0 -0.9592155 -0.2826756 0 -0.9592155 -0.3020443 -0 -0.9532939 -0.3020443 0 -0.9532939 -0.3444726 0 -0.9387963 -0.3444726 0 -0.9387963 -0.331424 0 -0.9434819 -0.331424 0 -0.9434819 -0.3183053 0 -0.9479883 -0.3183053 0 -0.9479883 -0.3617315 -0 -0.9322823 -0.3617315 0 -0.9322823 -0.3790893 -0 -0.92536 -0.3790893 0 -0.92536 -0.3922964 -0 -0.9198389 -0.3922964 0 -0.9198389 -0.4185235 0 -0.908206 -0.4185235 0 -0.908206 -0.4107036 0 -0.9117689 -0.4107036 0 -0.9117689 -0.4028284 0 -0.9152756 -0.4028284 0 -0.9152756 -0.4478112 0 -0.8941281 -0.4478112 0 -0.8941281 -0.4377159 0 -0.8991133 -0.4377159 0 -0.8991133 -0.427564 0 -0.903985 -0.427564 0 -0.903985 -0.4607262 -0 -0.8875423 -0.4607262 0 -0.8875423 -0.4763159 -0 -0.8792742 -0.4763159 0 -0.8792742 -0.5035245 0 -0.8639809 -0.5035245 0 -0.8639809 -0.4957394 0 -0.8684713 -0.4957394 0 -0.8684713 -0.4879541 0 -0.8728693 -0.4879541 0 -0.8728693 -0.5345891 0 -0.8451121 -0.5345891 0 -0.8451121 -0.5238082 0 -0.8518362 -0.5238082 0 -0.8518362 -0.51286 0 -0.8584723 -0.51286 0 -0.8584723 -0.5546175 0 -0.8321055 -0.5546175 0 -0.8321055 -0.5487756 0 -0.8359696 -0.5487756 0 -0.8359696 -0.5429252 0 -0.839781 -0.5429252 0 -0.839781 -0.5718935 0 -0.8203279 -0.5718935 0 -0.8203279 -0.5661886 0 -0.8242757 -0.5661886 0 -0.8242757 -0.5604119 0 -0.8282141 -0.5604119 0 -0.8282141 -0.5972368 0 -0.802065 -0.5972368 0 -0.802065 -0.5883189 0 -0.808629 -0.5883189 0 -0.808629 -0.5793017 0 -0.8151133 -0.5793017 0 -0.8151133 -0.6281375 0 -0.7781024 -0.6281375 0 -0.7781024 -0.6176431 0 -0.7864586 -0.6176431 0 -0.7864586 -0.6070153 0 -0.7946901 -0.6070153 0 -0.7946901 -0.6474692 0 -0.7620916 -0.6474692 0 -0.7620916 -0.6418595 0 -0.7668223 -0.6418595 0 -0.7668223 -0.6361923 0 -0.7715306 -0.6361923 0 -0.7715306 -0.6641041 0 -0.7476401 -0.6641041 0 -0.7476401 -0.6585842 0 -0.752507 -0.6585842 0 -0.752507 -0.6530582 0 -0.7573077 -0.6530582 0 -0.7573077 -0.6882545 0 -0.7254693 -0.6882545 0 -0.7254693 -0.6797436 0 -0.7334498 -0.6797436 0 -0.7334498 -0.6711496 0 -0.7413219 -0.6711496 0 -0.7413219 -0.7146506 0 -0.6994816 -0.7146506 0 -0.6994816 -0.7058396 0 -0.7083717 -0.7058396 0 -0.7083717 -0.6969671 0 -0.7171031 -0.6969671 0 -0.7171031 -0.7325861 0 -0.6806744 -0.7325861 0 -0.6806744 -0.7271648 0 -0.6864629 -0.7271648 0 -0.6864629 -0.721741 0 -0.6921633 -0.721741 0 -0.6921633 -0.7485187 0 -0.6631138 -0.7485187 0 -0.6631138 -0.7432719 0 -0.6689893 -0.7432719 0 -0.6689893 -0.7379291 0 -0.6748782 -0.7379291 0 -0.6748782 -0.7746242 0 -0.6324218 -0.7746242 0 -0.6324218 -0.7653461 0 -0.6436191 -0.7653461 0 -0.6436191 -0.7559555 0 -0.654623 -0.7559555 0 -0.654623 -0.7854607 -0 -0.6189115 -0.7854607 0 -0.6189115 -0.7961658 -0 -0.6050786 -0.7961658 0 -0.6050786 -0.8051206 -0 -0.5931112 -0.8051206 0 -0.5931112 -0.8257502 0 -0.5640359 -0.8257502 0 -0.5640359 -0.8193663 0 -0.5732703 -0.8193663 0 -0.5732703 -0.8128557 0 -0.5824652 -0.8128557 0 -0.5824652 -0.8454922 0 -0.5339878 -0.8454922 0 -0.5339878 -0.8389612 0 -0.5441911 -0.8389612 0 -0.5441911 -0.8323082 0 -0.5543131 -0.8323082 0 -0.5543131 -0.8529779 -0 -0.5219468 -0.8529779 0 -0.5219468 -0.8613268 -0 -0.5080513 -0.8613268 0 -0.5080513 -0.8708215 -0 -0.4915994 -0.8708215 0 -0.4915994 -0.8924349 0 -0.4511763 -0.8924349 0 -0.4511763 -0.886051 0 -0.4635879 -0.886051 0 -0.4635879 -0.8794762 0 -0.4759427 -0.8794762 0 -0.4759427 -0.9034593 0 -0.4286737 -0.9034593 0 -0.4286737 -0.9003373 0 -0.4351928 -0.9003373 0 -0.4351928 -0.8971767 0 -0.4416717 -0.8971767 0 -0.4416717 -0.9125043 0 -0.4090669 -0.9125043 0 -0.4090669 -0.9095417 0 -0.4156128 -0.9095417 0 -0.4156128 -0.9065248 0 -0.4221523 -0.9065248 0 -0.4221523 -0.9246435 0 -0.3808338 -0.9246435 0 -0.3808338 -0.9204513 0 -0.3908572 -0.9204513 0 -0.3908572 -0.9161531 0 -0.4008286 -0.9161531 0 -0.4008286 -0.9302519 -0 -0.3669215 -0.9302519 0 -0.3669215 -0.9365029 -0 -0.3506598 -0.9365029 0 -0.3506598 -0.9418988 -0 -0.3358968 -0.9418988 0 -0.3358968 -0.9552824 0 -0.2956948 -0.9552824 0 -0.2956948 -0.9511087 0 -0.3088564 -0.9511087 0 -0.3088564 -0.9467574 0 -0.321948 -0.9467574 0 -0.321948 -0.9646515 0 -0.2635288 -0.9646515 0 -0.2635288 -0.9617807 0 -0.2738211 -0.9617807 0 -0.2738211 -0.958811 0 -0.2840448 -0.958811 0 -0.2840448 -0.96794 -0 -0.2511816 -0.96794 0 -0.2511816 -0.9715567 -0 -0.2368073 -0.9715567 0 -0.2368073 -0.9755909 -0 -0.2195959 -0.9755909 0 -0.2195959 -0.9801086 -0 -0.1984618 -0.9801086 0 -0.1984618 -0.9835371 -0 -0.1807061 -0.9835371 0 -0.1807061 -0.9859012 -0 -0.1673282 -0.9859012 0 -0.1673282 -0.9899944 0 -0.1411065 -0.9899944 0 -0.1411065 -0.9888539 0 -0.1488889 -0.9888539 0 -0.1488889 -0.9876495 0 -0.1566792 -0.9876495 0 -0.1566792 -0.9962718 0 -0.08627011 -0.9962718 0 -0.08627011 -0.9942952 0 -0.1066633 -0.9942952 0 -0.1066633 -0.9919066 0 -0.1269702 -0.9919066 0 -0.1269702 -0.9988382 0 -0.04818907 -0.9988382 0 -0.04818907 -0.998237 0 -0.05935373 -0.998237 0 -0.05935373 -0.997513 0 -0.07048382 -0.997513 0 -0.07048382 -0.9998072 0 -0.0196331 -0.9998072 0 -0.0196331 -0.9995846 0 -0.02882389 -0.9995846 0 -0.02882389 -0.9992772 0 -0.03801391 -0.9992772 0 -0.03801391 -0.9999726 -0 -0.007404736 -0.9999726 0 -0.007404736 -0.999974 0 0.007208802 -0.999974 0 0.007208802 -0.9989399 0 0.04603381 -0.9989399 0 0.04603381 -0.9994458 0 0.03328751 -0.9994458 0 0.03328751 -0.9997877 0 0.02060312 -0.9997877 0 0.02060312 -0.995627 0 0.09341806 -0.995627 0 0.09341806 -0.9970333 0 0.0769707 -0.9970333 0 0.0769707 -0.998162 0 0.06060162 -0.998162 0 0.06060162 -0.9904605 0 0.1377969 -0.9904605 0 0.1377969 -0.9923697 0 0.1232977 -0.9923697 0 0.1232977 -0.9940604 0 0.1088299 -0.9940604 0 0.1088299 -0.9882788 0 0.1526601 -0.9882788 0 0.1526601 -0.9860668 0 0.1663497 -0.9860668 0 0.1663497 -0.9839569 0 0.1784063 -0.9839569 0 0.1784063 -0.9778783 0 0.2091747 -0.9778783 0 0.2091747 -0.9799331 0 0.1993265 -0.9799331 0 0.1993265 -0.9818962 0 0.1894199 -0.9818962 0 0.1894199 -0.971424 0 0.2373507 -0.971424 0 0.2373507 -0.9736268 0 0.2281466 -0.9736268 0 0.2281466 -0.9757838 0 0.2187374 -0.9757838 0 0.2187374 -0.9683877 0 0.2494495 -0.9683877 0 0.2494495 -0.9644741 0 0.2641771 -0.9644741 0 0.2641771 -0.9591718 0 0.2828245 -0.9591718 0 0.2828245 -0.9492776 0 0.3144394 -0.9492776 0 0.3144394 -0.9519484 0 0.3062582 -0.9519484 0 0.3062582 -0.9545103 0 0.298178 -0.9545103 0 0.298178 -0.9455393 0 0.3255082 -0.9455393 0 0.3255082 -0.9405819 0 0.3395668 -0.9405819 0 0.3395668 -0.9305362 0 0.3661999 -0.9305362 0 0.3661999 -0.9335836 0 0.3583598 -0.9335836 0 0.3583598 -0.9365491 0 0.3505363 -0.9365491 0 0.3505363 -0.9248897 0 0.3802354 -0.9248897 0 0.3802354 -0.9176252 0 0.3974468 -0.9176252 0 0.3974468 -0.9113193 0 0.4117005 -0.9113193 0 0.4117005 -0.8961359 0 0.4437797 -0.8961359 0 0.4437797 -0.9009625 0 0.4338968 -0.9009625 0 0.4338968 -0.9057485 0 0.4238157 -0.9057485 0 0.4238157 -0.8892266 0 0.4574669 -0.8892266 0 0.4574669 -0.8822945 0 0.4706977 -0.8822945 0 0.4706977 -0.8774115 0 0.4797385 -0.8774115 0 0.4797385 -0.8710704 0 0.491158 -0.8710704 0 0.491158 -0.8438484 0 0.5365816 -0.8438484 0 0.5365816 -0.8533834 0 0.5212837 -0.8533834 0 0.5212837 -0.8626576 0 0.5057884 -0.8626576 0 0.5057884 -0.8290243 0 0.5592126 -0.8290243 0 0.5592126 -0.8330411 0 0.5532111 -0.8330411 0 0.5532111 -0.8370367 0 0.5471468 -0.8370367 0 0.5471468 -0.8167884 0 0.5769374 -0.8167884 0 0.5769374 -0.8209061 0 0.5710632 -0.8209061 0 0.5710632 -0.8249535 0 0.5652006 -0.8249535 0 0.5652006 -0.8014609 0 0.5980471 -0.8014609 0 0.5980471 -0.8068095 0 0.5908117 -0.8068095 0 0.5908117 -0.8121218 0 0.5834879 -0.8121218 0 0.5834879 -0.7776445 0 0.6287043 -0.7776445 0 0.6287043 -0.7861939 0 0.6179799 -0.7861939 0 0.6179799 -0.7945876 0 0.6071495 -0.7945876 0 0.6071495 -0.7597581 0 0.6502058 -0.7597581 0 0.6502058 -0.7652207 0 0.643768 -0.7652207 0 0.643768 -0.7706238 0 0.6372904 -0.7706238 0 0.6372904 -0.7430496 0 0.6692364 -0.7430496 0 0.6692364 -0.7486706 0 0.6629422 -0.7486706 0 0.6629422 -0.7542621 0 0.6565734 -0.7542621 0 0.6565734 -0.7145147 0 0.6996204 -0.7145147 0 0.6996204 -0.7248871 0 0.6888677 -0.7248871 0 0.6888677 -0.7351484 0 0.6779063 -0.7351484 0 0.6779063 -0.693325 0 0.7206249 -0.693325 0 0.7206249 -0.6997061 0 0.7144309 -0.6997061 0 0.7144309 -0.706056 0 0.7081559 -0.706056 0 0.7081559 -0.682941 0 0.7304736 -0.682941 0 0.7304736 -0.6684178 0 0.7437861 -0.6684178 0 0.7437861 -0.6333678 0 0.7738509 -0.6333678 0 0.7738509 -0.6445554 0 0.7645575 -0.6445554 0 0.7645575 -0.6555773 0 0.7551281 -0.6555773 0 0.7551281 -0.6069211 0 0.7947621 -0.6069211 0 0.7947621 -0.615313 0 0.7882829 -0.615313 0 0.7882829 -0.6236583 0 0.7816971 -0.6236583 0 0.7816971 -0.5956693 0 0.8032298 -0.5956693 0 0.8032298 -0.5814796 0 0.813561 -0.5814796 0 0.813561 -0.5549788 0 0.8318645 -0.5549788 0 0.8318645 -0.5627334 0 0.8266385 -0.5627334 0 0.8266385 -0.5704956 0 0.8213006 -0.5704956 0 0.8213006 -0.5109364 0 0.8596185 -0.5109364 0 0.8596185 -0.527126 0 0.8497872 -0.527126 0 0.8497872 -0.5431299 0 0.8396486 -0.5431299 0 0.8396486 -0.4860747 0 0.8739172 -0.4860747 0 0.8739172 -0.4927811 0 0.8701533 -0.4927811 0 0.8701533 -0.4994445 0 0.8663459 -0.4994445 0 0.8663459 -0.4659978 0 0.8847858 -0.4659978 0 0.8847858 -0.4727297 0 0.8812075 -0.4727297 0 0.8812075 -0.4793879 0 0.8776031 -0.4793879 0 0.8776031 -0.4412024 0 0.8974077 -0.4412024 0 0.8974077 -0.4498267 0 0.8931158 -0.4498267 0 0.8931158 -0.458376 0 0.8887583 -0.458376 0 0.8887583 -0.4127133 0 0.910861 -0.4127133 0 0.910861 -0.4224463 0 0.906388 -0.4224463 0 0.906388 -0.4320623 0 0.9018437 -0.4320623 0 0.9018437 -0.3903738 0 0.9206564 -0.3903738 0 0.9206564 -0.3973836 0 0.9176526 -0.3973836 0 0.9176526 -0.4043659 0 0.9145973 -0.4043659 0 0.9145973 -0.3690033 0 0.9294281 -0.3690033 0 0.9294281 -0.3761681 0 0.9265514 -0.3761681 0 0.9265514 -0.3832874 0 0.9236292 -0.3832874 0 0.9236292 -0.3269385 0 0.9450456 -0.3269385 0 0.9450456 -0.3423914 0 0.9395574 -0.3423914 0 0.9395574 -0.3577745 0 0.933808 -0.3577745 0 0.933808 -0.3108734 0 0.9504513 -0.3108734 0 0.9504513 -0.2960035 0 0.9551869 -0.2960035 0 0.9551869 -0.2828004 0 0.9591788 -0.2828004 0 0.9591788 -0.2487223 0 0.9685748 -0.2487223 0 0.9685748 -0.2597256 0 0.9656825 -0.2597256 0 0.9656825 -0.2706541 0 0.9626767 -0.2706541 0 0.9626767 -0.2161055 0 0.97637 -0.2161055 0 0.97637 -0.2269597 0 0.9739042 -0.2269597 0 0.9739042 -0.2378976 0 0.9712902 -0.2378976 0 0.9712902 -0.2037633 0 0.9790202 -0.2037633 0 0.9790202 -0.1899716 0 0.9817896 -0.1899716 0 0.9817896 -0.1741073 0 0.9847267 -0.1741073 0 0.9847267 -0.1451244 0 0.9894134 -0.1451244 0 0.9894134 -0.1530886 0 0.9882125 -0.1530886 0 0.9882125 -0.1611116 0 0.9869362 -0.1611116 0 0.9869362 -0.1342839 0 0.9909429 -0.1342839 0 0.9909429 -0.1206953 0 0.9926896 -0.1206953 0 0.9926896 -0.09529679 0 0.9954489 -0.09529679 0 0.9954489 -0.1027246 0 0.9947098 -0.1027246 0 0.9947098 -0.1101494 0 0.9939151 -0.1101494 0 0.9939151 -0.04859257 0 0.9988187 -0.04859257 0 0.9988187 -0.06581552 0 0.9978318 -0.06581552 0 0.9978318 -0.08299596 0 0.9965498 -0.08299596 0 0.9965498 -0.02025614 0 0.9997948 -0.02025614 0 0.9997948 -0.028156 0 0.9996035 -0.028156 0 0.9996035 -0.03605454 0 0.9993498 -0.03605454 0 0.9993498 0.001495505 0 0.9999988 0.001495505 -0 0.9999988 -0.00564341 0 0.999984 -0.00564341 0 0.999984 -0.01272596 0 0.999919 -0.01272596 0 0.999919 0.01849225 -0 0.999829 0.01849225 -0 0.999829 0.01309128 -0 0.9999143 0.01309128 0 0.9999143 0.00771582 -0 0.9999703 0.00771582 0 0.9999703 0.03432151 0 0.9994109 0.03432151 -0 0.9994109 0.02908108 -0 0.999577 0.02908108 0 0.999577 0.02381525 -0 0.9997164 0.02381525 0 0.9997164 0.05619156 0 0.9984201 0.05619156 -0 0.9984201 0.04847981 -0 0.9988241 0.04847981 0 0.9988241 0.04079632 -0 0.9991675 0.04079632 0 0.9991675 0.08148548 -0 0.9966745 0.08148548 -0 0.9966745 0.07290918 -0 0.9973386 0.07290918 0 0.9973386 0.06433249 -0 0.9979285 0.06433249 0 0.9979285 0.147786 0 0.9890193 0.147786 -0 0.9890193 0.1230755 -0 0.9923973 0.1230755 0 0.9923973 0.09821073 -0 0.9951656 0.09821073 0 0.9951656 0.168088 -0 0.985772 0.168088 0 0.985772 0.1806939 -0 0.9835394 0.1806939 0 0.9835394 0.1900173 0 0.9817807 0.1900173 0 0.9817807 0.2026438 0 0.9792526 0.2026438 0 0.9792526 0.2352072 0 0.9719453 0.2352072 -0 0.9719453 0.2254094 -0 0.9742641 0.2254094 0 0.9742641 0.2154839 -0 0.9765074 0.2154839 0 0.9765074 0.2487 0 0.9685806 0.2487 0 0.9685806 0.2658163 0 0.9640237 0.2658163 0 0.9640237 0.2982996 0 0.9544724 0.2982996 -0 0.9544724 0.288695 -0 0.9574211 0.288695 0 0.9574211 0.2791406 -0 0.9602502 0.2791406 0 0.9602502 0.3139231 -0 0.9494483 0.3139231 0 0.9494483 0.3307392 0 0.9437222 0.3307392 0 0.9437222 0.3426427 -0 0.9394658 0.3426427 0 0.9394658 0.35807 0 0.9336948 0.35807 0 0.9336948 0.3968726 0 0.9178737 0.3968726 -0 0.9178737 0.3851777 -0 0.9228424 0.3851777 0 0.9228424 0.3734486 -0 0.9276509 0.3734486 0 0.9276509 0.4121363 0 0.9111222 0.4121363 0 0.9111222 0.4308797 0 0.9024094 0.4308797 0 0.9024094 0.4643334 0 0.8856604 0.4643334 -0 0.8856604 0.4547167 -0 0.8906361 0.4547167 0 0.8906361 0.4450253 -0 0.8955179 0.4450253 0 0.8955179 0.475901 0 0.8794988 0.475901 0 0.8794988 0.4881237 0 0.8727744 0.4881237 0 0.8727744 0.4991368 0 0.8665231 0.4991368 0 0.8665231 0.5287042 0 0.8488061 0.5287042 -0 0.8488061 0.5191324 -0 0.8546938 0.5191324 0 0.8546938 0.5094702 -0 0.8604884 0.5094702 0 0.8604884 0.5334713 0 0.8458182 0.5334713 0 0.8458182 0.9142783 0 0.4050867 0.9142783 0 0.4050867 0.9137078 -0 0.4063717 0.9137078 0 0.4063717 0.9126317 0 0.4087829 0.9126317 0 0.4087829 0.911635 0 0.4110006 0.911635 0 0.4110006 0.9096937 0 0.4152799 0.9096937 0 0.4152799 0.9082437 0 0.4184416 0.9082437 0 0.4184416 0.7153935 0 -0.6987218 0.7153935 0 -0.6987218 -0.6813103 -0 -0.7319947 -0.6813103 0 -0.7319947 -0.6760293 0 -0.7368748 -0.6760293 0 -0.7368748 -0.6654537 0 -0.746439 -0.6654537 0 -0.746439 -0.6546583 0 -0.7559249 -0.6546583 0 -0.7559249 -0.6419987 -0 -0.7667056 -0.6419987 0 -0.7667056 -0.6273816 0 -0.7787119 -0.6273816 0 -0.7787119 -0.6100646 -0 -0.7923517 -0.6100646 0 -0.7923517 -0.5923639 0 -0.8056705 -0.5923639 0 -0.8056705 -0.5768562 0 -0.8168457 -0.5768562 0 -0.8168457 -0.5612146 0 -0.8276703 -0.5612146 0 -0.8276703 -0.5494149 0 -0.8355497 -0.5494149 0 -0.8355497 -0.5416805 0 -0.8405845 -0.5416805 0 -0.8405845 -0.5338733 0 -0.8455645 -0.5338733 0 -0.8455645 -0.5260727 0 -0.8504396 -0.5260727 0 -0.8504396 -0.5182533 0 -0.8552272 -0.5182533 0 -0.8552272 -0.5103795 0 -0.8599493 -0.5103795 0 -0.8599493 -0.5007977 0 -0.8655643 -0.5007977 0 -0.8655643 -0.4893733 0 -0.8720744 -0.4893733 0 -0.8720744 -0.4779136 0 -0.8784068 -0.4779136 0 -0.8784068 -0.4678982 0 -0.8837824 -0.4678982 0 -0.8837824 -0.4508188 -0 -0.8926156 -0.4594073 0 -0.8882257 -0.4594073 0 -0.8882257 -0.4508188 0 -0.8926156 -0.4375507 -0 -0.8991937 -0.4375507 0 -0.8991937 -0.4193569 -0 -0.9078215 -0.4193569 0 -0.9078215 -0.4038454 0 -0.9148272 -0.4038454 0 -0.9148272 -0.3910871 0 -0.9203537 -0.3910871 0 -0.9203537 -0.3783096 0 -0.9256791 -0.3783096 0 -0.9256791 -0.363569 0 -0.9315673 -0.363569 0 -0.9315673 -0.3468384 0 -0.9379249 -0.3468384 0 -0.9379249 -0.3300278 0 -0.9439712 -0.3300278 0 -0.9439712 -0.3179733 0 -0.9480997 -0.3179733 0 -0.9480997 -0.310666 0 -0.9505191 -0.310666 0 -0.9505191 -0.3033472 0 -0.9528801 -0.3033472 0 -0.9528801 -0.2960914 0 -0.9551597 -0.2960914 0 -0.9551597 -0.2888058 0 -0.9573877 -0.2888058 0 -0.9573877 -0.2815437 0 -0.9595484 -0.2815437 0 -0.9595484 -0.2730969 0 -0.9619865 -0.2730969 0 -0.9619865 -0.2634928 0 -0.9646614 -0.2634928 0 -0.9646614 -0.2538344 0 -0.9672477 -0.2538344 0 -0.9672477 -0.244585 0 -0.9696279 -0.244585 0 -0.9696279 -0.2268035 -0 -0.9739405 -0.2357166 0 -0.9718218 -0.2357166 0 -0.9718218 -0.2268035 0 -0.9739405 -0.2187659 0 -0.9757773 -0.2187659 0 -0.9757773 -0.2043323 -0 -0.9789016 -0.2115385 0 -0.9773697 -0.2115385 0 -0.9773697 -0.2043323 0 -0.9789016 -0.1970595 0 -0.9803916 -0.1970595 0 -0.9803916 -0.1897562 0 -0.9818313 -0.1897562 0 -0.9818313 -0.1824175 0 -0.9832212 -0.1824175 0 -0.9832212 -0.1693772 0 -0.9855513 -0.1693772 0 -0.9855513 -0.1505631 0 -0.9886004 -0.1505631 0 -0.9886004 -0.1316829 0 -0.9912919 -0.1316829 0 -0.9912919 -0.1138983 0 -0.9934925 -0.1138983 0 -0.9934925 -0.09714213 0 -0.9952706 -0.09714213 0 -0.9952706 -0.08037953 0 -0.9967644 -0.08037953 0 -0.9967644 -0.06105621 -0 -0.9981344 -0.06105621 0 -0.9981344 -0.03934424 -0 -0.9992257 -0.03934424 0 -0.9992257 -0.02381483 0 -0.9997164 -0.02381483 0 -0.9997164 -0.01427179 0 -0.9998982 -0.01427179 0 -0.9998982 -0.004757293 0 -0.9999886 -0.004757293 0 -0.9999886 0.004762642 0 -0.9999887 0.004762642 0 -0.9999887 0.01423245 0 -0.9998987 0.01423245 0 -0.9998987 0.02372964 0 -0.9997184 0.02372964 0 -0.9997184 0.03834154 0 -0.9992647 0.03834154 0 -0.9992647 0.05817284 0 -0.9983065 0.05817284 0 -0.9983065 0.0748992 0 -0.9971911 0.0748992 0 -0.9971911 0.08850463 0 -0.9960758 0.08850463 0 -0.9960758 0.1020462 0 -0.9947797 0.1020462 0 -0.9947797 0.1151886 0 -0.9933437 0.1151886 0 -0.9933437 0.1404546 0 -0.9900871 0.1278376 0 -0.9917952 0.1278376 0 -0.9917952 0.1404546 0 -0.9900871 0.1569232 0 -0.9876108 0.1569232 0 -0.9876108 0.1771278 0 -0.9841879 0.1771278 0 -0.9841879 0.1923925 0 -0.9813181 0.1923925 0 -0.9813181 0.2028314 0 -0.9792137 0.2028314 0 -0.9792137 0.2132484 0 -0.976998 0.2132484 0 -0.976998 0.2223927 0 -0.9749572 0.2223927 0 -0.9749572 0.2303189 0 -0.9731152 0.2303189 0 -0.9731152 0.2382366 0 -0.9712071 0.2382366 0 -0.9712071 0.2506778 0 -0.9680706 0.2506778 0 -0.9680706 0.267729 0 -0.9634942 0.267729 0 -0.9634942 0.28238 0 -0.9593027 0.28238 0 -0.9593027 0.3067856 0 -0.9517787 0.2945921 0 -0.9556231 0.2945921 0 -0.9556231 0.3067856 0 -0.9517787 0.322447 0 -0.9465876 0.322447 0 -0.9465876 0.3416467 0 -0.9398285 0.3416467 0 -0.9398285 0.3606508 0 -0.9327009 0.3606508 0 -0.9327009 0.3740428 0 -0.9274114 0.3740428 0 -0.9274114 0.3818904 0 -0.9242076 0.3818904 0 -0.9242076 0.3897163 0 -0.920935 0.3897163 0 -0.920935 0.3974777 0 -0.9176118 0.3974777 0 -0.9176118 0.4051597 0 -0.9142459 0.4051597 0 -0.9142459 0.4127987 0 -0.9108223 0.4127987 0 -0.9108223 0.4215183 0 -0.9068199 0.4215183 0 -0.9068199 0.4312994 0 -0.9022089 0.4312994 0 -0.9022089 0.441017 0 -0.8974988 0.441017 0 -0.8974988 0.4534378 0 -0.891288 0.4534378 0 -0.891288 0.4834061 0 -0.8753963 0.4684968 0 -0.8834652 0.4684968 0 -0.8834652 0.4834061 0 -0.8753963 0.4956625 0 -0.8685153 0.4956625 0 -0.8685153 0.5148769 0 -0.8572641 0.5052825 0 -0.8629541 0.5052825 0 -0.8629541 0.5148769 0 -0.8572641 0.5244009 0 -0.8514715 0.5244009 0 -0.8514715 0.5339288 0 -0.8455295 0.5339288 0 -0.8455295 0.5433292 0 -0.8395198 0.5433292 0 -0.8395198 0.5569149 0 -0.8305696 0.5569149 0 -0.8305696 0.5917209 0 -0.8061429 0.5744503 0 -0.8185394 0.5744503 0 -0.8185394 0.5917209 0 -0.8061429 0.608259 0 -0.7937385 0.608259 0 -0.7937385 0.6396533 0 -0.7686635 0.6240585 0 -0.7813776 0.6240585 0 -0.7813776 0.6396533 0 -0.7686635 0.6511468 0 -0.7589518 0.6511468 0 -0.7589518 0.6587195 0 -0.7523887 0.6587195 0 -0.7523887 0.6662692 0 -0.7457112 0.6662692 0 -0.7457112 0.673695 0 -0.7390094 0.673695 0 -0.7390094 0.681011 0 -0.7322733 0.681011 0 -0.7322733 0.6882802 0 -0.725445 0.6882802 0 -0.725445 0.6971423 0 -0.7169328 0.6971423 0 -0.7169328 0.7075227 0 -0.7066905 0.7075227 0 -0.7066905 0.7177657 0 -0.6962847 0.7177657 0 -0.6962847 0.7276244 0 -0.6859757 0.7276244 0 -0.6859757 0.7370917 0 -0.6757928 0.7370917 0 -0.6757928 0.7464089 0 -0.6654876 0.7464089 0 -0.6654876 0.7544204 0 -0.6563916 0.7544204 0 -0.6563916 0.7611183 0 -0.648613 0.7611183 0 -0.648613 0.7677727 0 -0.6407223 0.7677727 0 -0.6407223 0.7743568 0 -0.6327491 0.7743568 0 -0.6327491 0.7809328 0 -0.6246149 0.7809328 0 -0.6246149 0.7873749 0 -0.6164746 0.7873749 0 -0.6164746 0.7976239 0 -0.6031551 0.7976239 0 -0.6031551 0.824728 0 -0.5655296 0.8113946 0 -0.5844988 0.8113946 0 -0.5844988 0.824728 0 -0.5655296 0.8357148 0 -0.5491636 0.8357148 0 -0.5491636 0.8445996 0 -0.5353985 0.8445996 0 -0.5353985 0.8532211 0 -0.5215493 0.8532211 0 -0.5215493 0.8595811 0 -0.5109993 0.8595811 0 -0.5109993 0.8638658 0 -0.503722 0.8638658 0 -0.503722 0.8680822 0 -0.4964205 0.8680822 0 -0.4964205 0.872202 0 -0.489146 0.872202 0 -0.489146 0.8762472 0 -0.4818619 0.8762472 0 -0.4818619 0.8802536 0 -0.4745034 0.8802536 0 -0.4745034 0.8851548 0 -0.4652966 0.8851548 0 -0.4652966 0.8909019 0 -0.4541959 0.8909019 0 -0.4541959 0.8965511 0 -0.4429404 0.8965511 0 -0.4429404 0.9021806 0 -0.4313586 0.9021806 0 -0.4313586 0.9132745 0 -0.4073447 0.9078342 0 -0.4193292 0.9078342 0 -0.4193292 0.9132745 0 -0.4073447 0.9176612 0 -0.3973635 0.9176612 0 -0.3973635 0.9210131 0 -0.3895317 0.9210131 0 -0.3895317 0.9243048 0 -0.3816551 0.9243048 0 -0.3816551 0.9274983 0 -0.3738272 0.9274983 0 -0.3738272 0.9306771 0 -0.3658416 0.9306771 0 -0.3658416 0.9337626 0 -0.3578929 0.9337626 0 -0.3578929 0.9380605 0 -0.3464714 0.9380605 0 -0.3464714 0.9486212 0 -0.316414 0.9434731 0 -0.3314491 0.9434731 0 -0.3314491 0.9486212 0 -0.316414 0.9530985 0 -0.30266 0.9530985 0 -0.30266 0.9569789 0 -0.2901579 0.9569789 0 -0.2901579 0.960682 0 -0.2776508 0.960682 0 -0.2776508 0.9649715 0 -0.2623548 0.9649715 0 -0.2623548 0.9696802 0 -0.2443774 0.9696802 0 -0.2443774 0.9729105 0 -0.2311824 0.9729105 0 -0.2311824 0.9749097 0 -0.2226006 0.9749097 0 -0.2226006 0.9768047 0 -0.2141321 0.9768047 0 -0.2141321 0.9792771 0 -0.202525 0.9792771 0 -0.202525 0.9821942 0 -0.1878685 0.9821942 0 -0.1878685 0.9848972 0 -0.1731399 0.9848972 0 -0.1731399 0.9886414 0 -0.1502934 0.9886414 0 -0.1502934 0.9928542 0 -0.1193331 0.9928542 0 -0.1193331 0.9961 0 -0.08823142 0.9961 0 -0.08823142 0.9980643 0 -0.06219063 0.9980643 0 -0.06219063 0.999797 0 -0.02014685 0.9991513 0 -0.04118888 0.9991513 0 -0.04118888 0.999797 0 -0.02014685 0.9999914 0 -0.004153822 0.9999914 0 -0.004153822 0.9999772 0 0.00675864 0.9999772 0 0.00675864 0.9997386 -0 0.02286104 0.9997386 0 0.02286104 0.9990232 0 0.04418979 0.9990232 -0 0.04418979 0.9978514 0 0.06551916 0.9978514 -0 0.06551916 0.9957373 -0 0.09223448 0.9957373 0 0.09223448 0.9922467 0 0.1242838 0.9922467 -0 0.1242838 0.9877205 0 0.1562311 0.9877205 -0 0.1562311 0.9837067 -0 0.1797812 0.9837067 0 0.1797812 0.9776722 0 0.2101358 0.980804 0 0.1949963 0.980804 -0 0.1949963 0.9776722 0 0.2101358 0.9748338 -0 0.2229327 0.9748338 0 0.2229327 0.9723917 0 0.2333547 0.9723917 -0 0.2333547 0.9698575 0 0.2436731 0.9698575 -0 0.2436731 0.967652 -0 0.2522887 0.967652 0 0.2522887 0.9658492 0 0.2591052 0.9658492 -0 0.2591052 0.9640038 0 0.2658886 0.9640038 -0 0.2658886 0.9601412 -0 0.2795153 0.9601412 0 0.2795153 0.95512 -0 0.2962189 0.95512 0 0.2962189 0.9509626 0 0.3093059 0.9509626 -0 0.3093059 0.9466507 0 0.3222615 0.9466507 -0 0.3222615 0.9422917 -0 0.3347929 0.9422917 0 0.3347929 0.9379058 0 0.3468899 0.9379058 -0 0.3468899 0.9333664 0 0.358925 0.9333664 -0 0.358925 0.9296052 -0 0.3685571 0.9296052 0 0.3685571 0.9236707 0 0.383187 0.9266503 0 0.3759244 0.9266503 -0 0.3759244 0.9236707 0 0.383187 0.9206258 -0 0.3904461 0.9206258 0 0.3904461 0.9174904 0 0.3977581 0.9174904 -0 0.3977581 0.914339 0 0.4049496 0.914339 -0 0.4049496 0.9098259 -0 0.4149902 0.9098259 0 0.4149902 0.8978433 0 0.4403152 0.9039563 0 0.4276249 0.9039563 -0 0.4276249 0.8978433 0 0.4403152 0.8919227 -0 0.452188 0.8919227 0 0.452188 0.8861859 0 0.4633296 0.8861859 -0 0.4633296 0.8802816 0 0.4744515 0.8802816 -0 0.4744515 0.8754317 -0 0.4833419 0.8754317 0 0.4833419 0.8716884 0 0.4900606 0.8716884 -0 0.4900606 0.8678665 0 0.4967975 0.8678665 -0 0.4967975 0.864014 -0 0.5034677 0.864014 0 0.5034677 0.8600927 0 0.5101379 0.8600927 -0 0.5101379 0.8561474 0 0.5167317 0.8561474 -0 0.5167317 0.8505619 -0 0.525875 0.8505619 0 0.525875 0.8432559 0 0.5375122 0.8432559 -0 0.5375122 0.8358037 0 0.5490283 0.8358037 -0 0.5490283 0.8286176 -0 0.559815 0.8286176 0 0.559815 0.8215579 0 0.5701251 0.8215579 -0 0.5701251 0.8144807 0 0.5801906 0.8144807 -0 0.5801906 0.8084556 -0 0.5885572 0.8084556 0 0.5885572 0.8036298 0 0.5951295 0.8036298 -0 0.5951295 0.798721 0 0.6017016 0.798721 -0 0.6017016 0.7937425 -0 0.608254 0.7937425 0 0.608254 0.7836038 0 0.6212609 0.788727 0 0.6147436 0.788727 -0 0.6147436 0.7836038 0 0.6212609 0.776096 -0 0.6306148 0.776096 0 0.6306148 0.7659345 0 0.6429185 0.7659345 -0 0.6429185 0.7556697 0 0.654953 0.7556697 -0 0.654953 0.745833 -0 0.6661331 0.745833 0 0.6661331 0.7364317 0 0.6765119 0.7364317 -0 0.6765119 0.7269502 0 0.6866901 0.7269502 -0 0.6866901 0.7147379 0 0.6993924 0.7147379 0 0.6993924 0.6997888 0 0.7143498 0.6997888 0 0.7143498 0.688426 -0 0.7253066 0.688426 0 0.7253066 0.6731397 0 0.7395153 0.6808043 0 0.7324653 0.6808043 -0 0.7324653 0.6731397 0 0.7395153 0.6633967 -0 0.7482679 0.6633967 0 0.7482679 0.6515353 0 0.7586183 0.6515353 -0 0.7586183 0.6396069 0 0.7687021 0.6396069 -0 0.7687021 0.6300276 -0 0.7765727 0.6300276 0 0.7765727 0.6230159 0 0.7822092 0.6230159 -0 0.7822092 0.615926 0 0.7878039 0.615926 -0 0.7878039 0.6087922 -0 0.7933297 0.6087922 0 0.7933297 0.6016155 0 0.7987857 0.6016155 -0 0.7987857 0.5943903 0 0.8041767 0.5943903 -0 0.8041767 0.5847226 -0 0.8112333 0.5847226 0 0.8112333 0.5725176 0 0.8198925 0.5725176 -0 0.8198925 0.560173 0 0.8283757 0.560173 -0 0.8283757 0.5480542 -0 0.8364429 0.5480542 0 0.8364429 0.52402 0 0.851706 0.5360433 0 0.8441905 0.5360433 -0 0.8441905 0.52402 0 0.851706 0.5140057 -0 0.8577868 0.5140057 0 0.8577868 0.5061412 0 0.8624507 0.5061412 -0 0.8624507 0.4982415 0 0.8670382 0.4982415 -0 0.8670382 0.4902902 -0 0.8715592 0.4902902 0 0.8715592 0.4822412 0 0.8760385 0.4822412 -0 0.8760385 0.4742003 0 0.880417 0.4742003 -0 0.880417 0.4626028 -0 0.8865657 0.4626028 0 0.8865657 0.4473856 0 0.8943411 0.4473856 -0 0.8943411 0.4320376 0 0.9018556 0.4320376 -0 0.9018556 0.4178665 -0 0.9085084 0.4178665 0 0.9085084 0.4048776 0 0.914371 0.4048776 -0 0.914371 0.3917661 0 0.9200648 0.3917661 -0 0.9200648 0.3752286 0 0.9269324 0.3752286 0 0.9269324 0.3551977 0 0.9347912 0.3551977 0 0.9347912 0.3402141 -0 0.940348 0.3402141 0 0.940348 0.3302429 0 0.943896 0.3302429 -0 0.943896 0.320218 0 0.9473439 0.320218 -0 0.9473439 0.3106757 -0 0.9505159 0.3106757 0 0.9505159 0.3015503 0 0.9534503 0.3015503 -0 0.9534503 0.2924153 0 0.9562915 0.2924153 -0 0.9562915 0.277418 0 0.9607493 0.277418 0 0.9607493 0.2564296 0 0.9665629 0.2564296 0 0.9665629 0.2376763 -0 0.9713445 0.2376763 0 0.9713445 0.2213718 0 0.9751895 0.2213718 -0 0.9751895 0.2049292 0 0.9787768 0.2049292 -0 0.9787768 0.1912337 -0 0.9815446 0.1912337 0 0.9815446 0.1801988 0 0.9836302 0.1801988 -0 0.9836302 0.1691307 0 0.9855936 0.1691307 -0 0.9855936 0.1555943 -0 0.987821 0.1555943 0 0.987821 0.1396207 0 0.990205 0.1396207 0 0.990205 0.1202604 -0 0.9927424 0.1202604 0 0.9927424 0.1017606 -0 0.9948089 0.1017606 0 0.9948089 0.08763146 0 0.996153 0.08763146 -0 0.996153 0.07349887 0 0.9972953 0.07349887 -0 0.9972953 0.05636698 -0 0.9984101 0.05636698 0 0.9984101 0.03638447 -0 0.9993379 0.03638447 0 0.9993379 0.02204679 0 0.9997569 0.02204679 0 0.9997569 0.01323393 0 0.9999124 0.01323393 -0 0.9999124 0.004392385 0 0.9999903 0.004392385 -0 0.9999903 -0.007505624 0 0.9999718 -0.007505624 0 0.9999718 -0.0314285 0 0.9995059 -0.01946736 0 0.9998105 -0.01946736 0 0.9998105 -0.0314285 0 0.9995059 -0.04143914 0 0.999141 -0.04143914 0 0.999141 -0.0494809 0 0.9987751 -0.0494809 0 0.9987751 -0.05754619 0 0.9983428 -0.05754619 0 0.9983428 -0.06563591 0 0.9978436 -0.06563591 0 0.9978436 -0.07373014 0 0.9972782 -0.07373014 0 0.9972782 -0.08182308 0 0.9966469 -0.08182308 0 0.9966469 -0.09388979 0 0.9955826 -0.09388979 0 0.9955826 -0.1257693 0 0.9920595 -0.1098605 0 0.993947 -0.1098605 0 0.993947 -0.1257693 0 0.9920595 -0.1442872 0 0.9895358 -0.1442872 0 0.9895358 -0.163059 0 0.9866163 -0.163059 0 0.9866163 -0.1796215 0 0.9837359 -0.1796215 0 0.9837359 -0.1947627 0 0.9808503 -0.1947627 0 0.9808503 -0.2083397 0 0.9780566 -0.2083397 0 0.9780566 -0.2218887 0 0.975072 -0.2218887 0 0.975072 -0.2354885 0 0.9718772 -0.2354885 0 0.9718772 -0.2491074 0 0.9684759 -0.2491074 0 0.9684759 -0.2626676 0 0.9648864 -0.2626676 0 0.9648864 -0.2789474 0 0.9603064 -0.2789474 0 0.9603064 -0.2977163 0 0.9546545 -0.2977163 0 0.9546545 -0.3113263 0 0.950303 -0.3113263 0 0.950303 -0.3199576 0 0.9474319 -0.3199576 0 0.9474319 -0.3285513 0 0.9444861 -0.3285513 0 0.9444861 -0.344633 0 0.9387376 -0.344633 0 0.9387376 -0.3639741 0 0.9314091 -0.3639741 0 0.9314091 -0.3791306 0 0.9253431 -0.3791306 0 0.9253431 -0.3914716 0 0.9201902 -0.3914716 0 0.9201902 -0.4009961 0 0.9160798 -0.4009961 0 0.9160798 -0.4104391 0 0.911888 -0.4104391 0 0.911888 -0.4226075 0 0.9063128 -0.4226075 0 0.9063128 -0.4375386 0 0.8991997 -0.4375386 0 0.8991997 -0.4522847 0 0.8918737 -0.4522847 0 0.8918737 -0.4697675 0 0.8827901 -0.4697675 0 0.8827901 -0.4898093 0 0.8718296 -0.4898093 0 0.8718296 -0.50423 0 0.8635693 -0.50423 0 0.8635693 -0.5132834 0 0.8582192 -0.5132834 0 0.8582192 -0.5222608 0 0.8527858 -0.5222608 0 0.8527858 -0.5333005 0 0.8459259 -0.5333005 0 0.8459259 -0.5462649 0 0.8376125 -0.5462649 0 0.8376125 -0.559113 0 0.8290914 -0.559113 0 0.8290914 -0.5693481 0 0.8220965 -0.5693481 0 0.8220965 -0.584689 0 0.8112576 -0.5770431 0 0.8167138 -0.5770431 0 0.8167138 -0.584689 0 0.8112576 -0.5922663 0 0.8057423 -0.5922663 0 0.8057423 -0.5998287 0 0.8001285 -0.5998287 0 0.8001285 -0.607312 0 0.7944635 -0.607312 0 0.7944635 -0.6175472 0 0.7865338 -0.6175472 0 0.7865338 -0.6431679 0 0.7657253 -0.6304111 0 0.7762614 -0.6304111 0 0.7762614 -0.6431679 0 0.7657253 -0.6427416 0 0.7660831 -0.6427416 0 0.7660831 -0.6255974 0 0.7801461 -0.6255974 0 0.7801461 -0.6107475 0 0.7918254 -0.6107475 0 0.7918254 -0.1083494 0 0.9941129 -0.1083494 0 0.9941129 -0.3200206 0 0.9474106 -0.3200206 0 0.9474106 -0.5165233 0 0.8562732 -0.5165233 0 0.8562732 0.5747023 0 0.8183625 0.5747023 -0 0.8183625 0.3590917 -0 0.9333023 0.3590917 0 0.9333023 0.1221043 -0 0.9925173 0.1221043 0 0.9925173 0.6723746 0 0.740211 0.6723746 0 0.740211 0.6816165 0 0.7317095 0.6816165 0 0.7317095 0.6932406 0 0.7207061 0.6932406 0 0.7207061 0.6974159 0 0.7166666 0.6974159 0 0.7166666 0.6970357 0 0.7170365 0.6970357 0 0.7170365 0.6968276 0 0.7172387 0.6968276 0 0.7172387 0.6965961 0 0.7174634 0.6965961 0 0.7174634 0.696466 0 0.7175898 0.696466 0 0.7175898 0.6827366 0 -0.7306645 0.6827366 0 -0.7306645 0.6592301 0 -0.7519413 0.6592301 0 -0.7519413 0.6687133 0 -0.7435204 0.6687133 0 -0.7435204 0.6780825 0 -0.7349858 0.6780825 0 -0.7349858 0.6470485 0 -0.7624488 0.6470485 0 -0.7624488 0.632078 0 -0.7749047 0.632078 0 -0.7749047 0.6053658 0 -0.7959475 0.6053658 0 -0.7959475 0.6130708 0 -0.7900279 0.6130708 0 -0.7900279 0.6207325 0 -0.7840225 0.6207325 0 -0.7840225 0.5760714 0 -0.8173993 0.5760714 0 -0.8173993 0.5863013 0 -0.8100931 0.5863013 0 -0.8100931 0.5964438 0 -0.8026547 0.5964438 0 -0.8026547 0.5572881 0 -0.8303192 0.5572881 0 -0.8303192 0.56275 0 -0.8266271 0.56275 0 -0.8266271 0.5681856 0 -0.8229005 0.5681856 0 -0.8229005 0.5407973 0 -0.8411529 0.5407973 0 -0.8411529 0.5463178 0 -0.8375779 0.5463178 0 -0.8375779 0.5517851 0 -0.8339863 0.5517851 0 -0.8339863 0.5166896 0 -0.8561729 0.5166896 0 -0.8561729 0.5252724 0 -0.850934 0.5252724 0 -0.850934 0.5337936 0 -0.8456149 0.5337936 0 -0.8456149 0.4815575 0 -0.8764145 0.4815575 0 -0.8764145 0.4939569 0 -0.8694864 0.4939569 0 -0.8694864 0.506256 0 -0.8623832 0.506256 0 -0.8623832 0.4570668 0 -0.8894324 0.4570668 0 -0.8894324 0.4643992 0 -0.885626 0.4643992 0 -0.885626 0.4716714 0 -0.8817744 0.4716714 0 -0.8817744 0.4349264 0 -0.900466 0.4349264 0 -0.900466 0.4423411 0 -0.896847 0.4423411 0 -0.896847 0.4497109 0 -0.8931742 0.4497109 0 -0.8931742 0.3997979 0 -0.9166033 0.3997979 0 -0.9166033 0.4124254 0 -0.9109914 0.4124254 0 -0.9109914 0.4249693 0 -0.9052078 0.4249693 0 -0.9052078 0.3703948 0 -0.9288744 0.3703948 0 -0.9288744 0.3796464 0 -0.9251317 0.3796464 0 -0.9251317 0.3888724 0 -0.9212916 0.3888724 0 -0.9212916 0.3498942 0 -0.9367893 0.3498942 0 -0.9367893 0.3562523 0 -0.9343899 0.3562523 0 -0.9343899 0.3625832 0 -0.9319514 0.3625832 0 -0.9319514 0.3306014 0 -0.9437704 0.3306014 0 -0.9437704 0.3370618 0 -0.9414826 0.3370618 0 -0.9414826 0.3434922 0 -0.9391556 0.3434922 0 -0.9391556 0.2948307 0 -0.9555495 0.2948307 0 -0.9555495 0.3078987 0 -0.9514191 0.3078987 0 -0.9514191 0.3208956 0 -0.9471146 0.3208956 0 -0.9471146 0.258676 0 -0.9659641 0.258676 0 -0.9659641 0.2705565 0 -0.9627041 0.2705565 0 -0.9627041 0.282383 0 -0.9593018 0.282383 0 -0.9593018 0.236314 0 -0.9716768 0.236314 0 -0.9716768 0.24289 0 -0.9700539 0.24289 0 -0.9700539 0.2494498 0 -0.9683877 0.2494498 0 -0.9683877 0.2165859 0 -0.9762635 0.2165859 0 -0.9762635 0.2231618 0 -0.9747815 0.2231618 0 -0.9747815 0.2297422 0 -0.9732515 0.2297422 0 -0.9732515 0.1869081 0 -0.9823774 0.1869081 0 -0.9823774 0.1974751 0 -0.9803079 0.1974751 0 -0.9803079 0.2080266 0 -0.9781232 0.2080266 0 -0.9781232 0.1563527 0 -0.9877013 0.1563527 0 -0.9877013 0.1664788 0 -0.986045 0.1664788 0 -0.986045 0.1765795 0 -0.9842864 0.1765795 0 -0.9842864 0.1420034 0 -0.9898662 0.1420034 0 -0.9898662 0.1233741 0 -0.9923602 0.1233741 0 -0.9923602 0.08645877 0 -0.9962554 0.08645877 0 -0.9962554 0.09749305 0 -0.9952362 0.09749305 0 -0.9952362 0.1085278 0 -0.9940934 0.1085278 0 -0.9940934 0.06176936 0 -0.9980905 0.06176936 0 -0.9980905 0.06943738 0 -0.9975863 0.06943738 0 -0.9975863 0.07711476 0 -0.9970222 0.07711476 0 -0.9970222 0.04936637 0 -0.9987807 0.04936637 0 -0.9987807 0 1 0 0 1 0 0 1 0 0 1 0 0 1 0 0 1 0 0 1 0 0 1 0 0 1 0 0 1 0 0 1 0 0 1 0 0 1 0 0 1 0 0 1 0 0 1 0 0 1 0 0 1 0 0 1 0 0 1 0 0 1 0 0 1 0 0 1 0 0 1 0 0 1 0 0 1 0 0 1 0 0 1 0 0 1 0 0 1 0 0 1 0 0 1 0 0 1 0 0 1 0 0 1 0 0 1 0 0 1 0 0 1 0 0 1 0 0 1 0 0 1 0 0 1 0 0 1 0 0 1 0 0 1 0 0 1 0 0 1 0 0 1 0 0 1 0 0 1 0 0 1 0 0 1 0 0 1 0 0 1 0 0 1 0 0 1 0 0 1 0 0 1 0 0 1 0 0 1 0 0 1 0 0 1 0 0 1 0 0 1 0 0 1 0 0 1 0 0 1 0 0 1 0 0 1 0 0 1 0 0 1 0 0 1 0 0 1 0 0 1 0 0 1 0 0 1 0 0 1 0 0 1 0 0 1 0 0 1 0 0 1 0 0 1 0 0 1 0 0 1 0 0 1 0 0 1 0 0 1 0 0 1 0 0 1 0 0 1 0 0 1 0 0 1 0 0 1 0 0 1 0 0 1 0 0 1 0 0 1 0 0 1 0 0 1 0 0 1 0 0 1 0 0 1 0 0 1 0 0 1 0 0 1 0 0 1 0 0 1 0 0 1 0 0 1 0 0 1 0 0 1 0 0 1 0 0 1 0 0 1 0 0 1 0 0 1 0 0 1 0 0 1 0 0 1 0 0 1 0 0 1 0 0 1 0 0 1 0 0 1 0 0 1 0 0 1 0 0 1 0 0 1 0 0 1 0 0 1 0 0 1 0 0 1 0 0 1 0 0 1 0 0 1 0 0 1 0 0 1 0 0 1 0 0 1 0 0 1 0 0 1 0 0 1 0 0 1 0 0 1 0 0 1 0 0 1 0 0 1 0 0 1 0 0 1 0 0 1 0 0 1 0 0 1 0 0 1 0 0 1 0 0 1 0 0 1 0 0 1 0 0 1 0 0 1 0 0 1 0 0 1 0 0 1 0 0 1 0 0 1 0 0 1 0 0 1 0 0 1 0 0 1 0 0 1 0 0 1 0 0 1 0 0 1 0 0 1 0 0 1 0 0 1 0 0 1 0 0 1 0 0 1 0 0 1 0 0 1 0 0 1 0 0 1 0 0 1 0 0 1 0 0 1 0 0 1 0 0 1 0 0 1 0 0 1 0 0 1 0 0 1 0 0 1 0 0 1 0 0 1 0 0 1 0 0 1 0 0 1 0 0 1 0 0 1 0 0 1 0 0 1 0 0 1 0 0 1 0 0 1 0 0 1 0 0 1 0 0 1 0 0 1 0 0 1 0 0 1 0 0 1 0 0 1 0 0 1 0 0 1 0 0 1 0 0 1 0 0 1 0 0 1 0 0 1 0 0 1 0 0 1 0 0 1 0 0 1 0 0 1 0 0 1 0 0 1 0 0 1 0 0 1 0 0 1 0 0 1 0 0 1 0 0 1 0 0 1 0 0 1 0 0 1 0 0 1 0 0 1 0 0 1 0 0 1 0 0 1 0 0 1 0 0 1 0 0 1 0 0 1 0 0 1 0 0 1 0 0 1 0 0 1 0 0 1 0 0 1 0 0 1 0 0 1 0 0 1 0 0 1 0 0 1 0 0 1 0 0 1 0 0 1 0 0 1 0 0 1 0 0 1 0 0 1 0 0 1 0 0 1 0 0 1 0 0 1 0 0 1 0 0 1 0 0 1 0 0 1 0 0 1 0 0 1 0 0 1 0 0 1 0 0 1 0 0 1 0 0 1 0 0 1 0 0 1 0 0 1 0 0 1 0 0 1 0 0 1 0 0 1 0 0 1 0 0 1 0 0 1 0 0 1 0 0 1 0 0 1 0 0 1 0 0 1 0 0 1 0 0 1 0 0 1 0 0 1 0 0 1 0 0 1 0 0 1 0 0 1 0 0 1 0 0 1 0 0 1 0 0 1 0 0 1 0 0 1 0 0 1 0 0 1 0 0 1 0 0 1 0 0 1 0 0 1 0 0 1 0 0 1 0 0 1 0 0 1 0 0 1 0 0 1 0 0 1 0 0 1 0 0 1 0 0 1 0 0 1 0 0 1 0 0 1 0 0 1 0 0 1 0 0 1 0 0 1 0 0 1 0 0 1 0 0 1 0 0 1 0 0 1 0 0 1 0 0 1 0 0 1 0 0 1 0 0 1 0 0 1 0 0 1 0 0 1 0 0 1 0 0 1 0 0 1 0 0 1 0 0 1 0 0 1 0 0 1 0 0 1 0 0 1 0 0 1 0 0 1 0 0 1 0 0 1 0 0 1 0 0 1 0 0 1 0 0 1 0 0 1 0 0 1 0 0 1 0 0 1 0 0 1 0 0 1 0 0 1 0 0 1 0 0 1 0 0 1 0 0 1 0 0 1 0 0 1 0 0 1 0 0 1 0 0 1 0 0 1 0 0 1 0 0 1 0 0 1 0 0 1 0 0 1 0 0 1 0 0 1 0 0 1 0 0 1 0 0 1 0 0 1 0 0 1 0 0 1 0 0 1 0 0 1 0 0 1 0 0 1 0 0 1 0 0 1 0 0 1 0 0 1 0 0 1 0 0 1 0 0 1 0 0 1 0 0 1 0 0 1 0 0 1 0 0 1 0 0 1 0 0 1 0 0 1 0 0 1 0 0 1 0 0 1 0 0 1 0 0 1 0 0 1 0 0 1 0 0 1 0 0 1 0 0 1 0 0 1 0 0 1 0 0 1 0 0 1 0 0 1 0 0 1 0 0 1 0 0 1 0 0 1 0 0 1 0 0 1 0 0 1 0 0 1 0 0 1 0 0 1 0 0 1 0 0 1 0 0 1 0 0 1 0 0 1 0 0 1 0 0 1 0 0 1 0 0 1 0 0 1 0 0 1 0 0 1 0 0 1 0 0 1 0 0 1 0 0 1 0 0 1 0 0 1 0 0 1 0 0 1 0 0 1 0 0 1 0 0 1 0 0 1 0 0 1 0 0 1 0 0 1 0 0 1 0 0 1 0 0 1 0 0 1 0 0 1 0 0 1 0 0 1 0 0 1 0 0 1 0 0 1 0 0 1 0 0 1 0 0 1 0 0 1 0 0 1 0 0 1 0 0 1 0 0 1 0 0 1 0 0 1 0 0 1 0 0 1 0 0 1 0 0 1 0 0 1 0 0 1 0 0 1 0 0 1 0 0 1 0 0 1 0 0 1 0 0 1 0 0 1 0 0 1 0 0 1 0 0 1 0 0 1 0 0 1 0 0 1 0 0 1 0 0 1 0 0 1 0 0 1 0 0 1 0 0 1 0 0 1 0 0 1 0 0 1 0 0 1 0 0 1 0 0 1 0 0 1 0 0 1 0 0 1 0 0 1 0 0 1 0 0 1 0 0 1 0 0 1 0 0 1 0 0 1 0 0 1 0 0 1 0 0 1 0 0 1 0 0 1 0 0 1 0 0 1 0 0 1 0 0 1 0 0 1 0 0 1 0 0 1 0 0 1 0 0 1 0 0 1 0 0 1 0 0 1 0 0 1 0 0 1 0 0 1 0 0 1 0 0 1 0 0 1 0 0 1 0 0 1 0 0 1 0 0 1 0 0 1 0 0 1 0 0 1 0 0 1 0 0 1 0 0 1 0 0 1 0 0 1 0 0 1 0 0 1 0 0 1 0 0 1 0 0 1 0 0 1 0 0 1 0 0 1 0 0 1 0 0 1 0 0 1 0 0 1 0 0 1 0 0 1 0 0 1 0 0 1 0 0 1 0 0 1 0 0 1 0 0 1 0 0 1 0 0 1 0 0 1 0 0 1 0 0 1 0 0 1 0 0 1 0 0 1 0 0 1 0 0 1 0 0 1 0 0 1 0 0 1 0 0 1 0 0 1 0 0 1 0 0 1 0 0 1 0 0 1 0 0 1 0 0 1 0 0 1 0 0 1 0 0 1 0 0 1 0 0 1 0 0 1 0 0 1 0 0 1 0 0 1 0 0 1 0 0 1 0 0 1 0 0 1 0 0 1 0 0 1 0 0 1 0 0 1 0 0 1 0 0 1 0 0 1 0 0 1 0 0 1 0 0 1 0 0 1 0 0 1 0 0 1 0 0 1 0 0 1 0 0 1 0 0 1 0 0 1 0 0 1 0 0 1 0 0 1 0 0 1 0 0 1 0 0 1 0 0 1 0 0 1 0 0 1 0 0 1 0 0 1 0 0 1 0 0 1 0 0 1 0 0 1 0 0 1 0 0 1 0 0 1 0 0 1 0 0 1 0 0 1 0 0 1 0 0 1 0 0 1 0 0 1 0 0 1 0 0 1 0 0 1 0 0 1 0 0 1 0 0 1 0 0 1 0 0 1 0 0 1 0 0 1 0 0 1 0 0 1 0 0 1 0 0 1 0 0 1 0 0 1 0 0 1 0 0 1 0 0 1 0 0 1 0 0 1 0 0 1 0 0 1 0 0 1 0 0 1 0 0 1 0 0 1 0 0 1 0 0 1 0 0 1 0 0 1 0 0 1 0 0 1 0 0 1 0 0 1 0 0 1 0 0 1 0 0 1 0 0 1 0 0 1 0 0 1 0 0 1 0 0 1 0 0 1 0 0 1 0 0 1 0 0 1 0 0 1 0 0 1 0 0 1 0 0 1 0 0 1 0 0 1 0 0 1 0 0 1 0 0 1 0 0 1 0 0 1 0 0 1 0 0 1 0 0 1 0 0 1 0 0 1 0 0 1 0 0 1 0 0 1 0 0 1 0 0 1 0 0 1 0 0 1 0 0 1 0 0 1 0 0 1 0 0 1 0 0 1 0 0 1 0 0 1 0 0 1 0 0 1 0 0 1 0 0 1 0 0 1 0 0 1 0 0 1 0 0 1 0 0 1 0 0 1 0 0 1 0 0 1 0 0 1 0 0 1 0 0 1 0 0 1 0 0 1 0 0 1 0 0 1 0 0 1 0 0 1 0 0 1 0 0 1 0 0.9371138 0 -0.3490237 0.9371138 0 -0.3490237 0.945951 0 -0.3243097 0.945951 0 -0.3243097 0.9541346 0 -0.2993779 0.9541346 0 -0.2993779 0.9148311 0 -0.4038367 0.9148311 0 -0.4038367 0.922118 0 -0.3869088 0.922118 0 -0.3869088 0.9290767 0 -0.3698871 0.9290767 0 -0.3698871 0.9114436 0 -0.4114252 0.9114436 0 -0.4114252 0.9118502 0 -0.4105232 0.9118502 0 -0.4105232 0.9119363 0 -0.4103318 0.9119363 0 -0.4103318 0.9120194 0 -0.410147 0.9120194 0 -0.410147 0.9121263 0 -0.4099093 0.9121263 0 -0.4099093 0.9122549 0 -0.4096231 0.9122549 0 -0.4096231 0.9123759 0 -0.4093533 0.9123759 0 -0.4093533 0.9126147 0 -0.4088209 0.9126147 0 -0.4088209 0.9123911 0 -0.4093197 0.9123911 0 -0.4093197 0.9119524 0 -0.4102961 0.9119524 0 -0.4102961 0.9118719 0 -0.4104749 0.9118719 0 -0.4104749 0.9117913 0 -0.4106539 0.9117913 0 -0.4106539 0.9117774 0 -0.4106848 0.9117774 0 -0.4106848 0.9118263 0 -0.4105762 0.9118263 0 -0.4105762 0.9118754 0 -0.4104673 0.9118754 0 -0.4104673 0.9121315 0 -0.4098978 0.9121315 0 -0.4098978 0.9123124 0 -0.4094949 0.9123124 0 -0.4094949 0.912196 0 -0.4097541 0.912196 0 -0.4097541 0.9120792 0 -0.4100141 0.9120792 0 -0.4100141 0.9116791 0 -0.4109029 0.9116791 0 -0.4109029 0.9113393 0 -0.4116562 0.9113393 0 -0.4116562 0 0 -1 0 0 -1 -0.9161167 -0 -0.4009117 -0.9161167 0 -0.4009117 -0.9143169 -0 -0.4049996 -0.9143169 0 -0.4049996 -0.9123729 0 -0.4093601 -0.9123729 0 -0.4093601 -0.9120644 -0 -0.410047 -0.9120644 0 -0.410047 -0.9117446 -0 -0.4107574 -0.9117446 0 -0.4107574 -0.9116378 -0 -0.4109946 -0.9116378 0 -0.4109946 -0.9116948 0 -0.410868 -0.9116948 0 -0.410868 -0.9117469 -0 -0.4107527 -0.9117469 0 -0.4107527 -0.9118444 0 -0.4105361 -0.9118444 0 -0.4105361 -0.9119469 -0 -0.4103082 -0.9119469 0 -0.4103082 -0.9119947 -0 -0.4102019 -0.9119947 0 -0.4102019 -0.9120267 0 -0.4101309 -0.9120267 0 -0.4101309 -0.9120622 0 -0.4100517 -0.9120622 0 -0.4100517 -0.9122023 -0 -0.4097401 -0.9122023 0 -0.4097401 -0.9124274 -0 -0.4092384 -0.9124274 0 -0.4092384 -0.9126422 -0 -0.4087592 -0.9126422 0 -0.4087592 -0.9131048 -0 -0.4077248 -0.9131048 0 -0.4077248 -0.9127992 0 -0.4084085 -0.9127992 0 -0.4084085 -0.9120846 -0 -0.410002 -0.9120846 0 -0.410002 -0.9119658 -0 -0.410266 -0.9119658 0 -0.410266 -0.9118432 -0 -0.4105387 -0.9118432 0 -0.4105387 -0.9117821 -0 -0.4106745 -0.9117821 0 -0.4106745 -0.9117664 -0 -0.4107094 -0.9117664 0 -0.4107094 -0.9117518 -0 -0.4107416 -0.9117518 0 -0.4107416 -0.9117173 -0 -0.4108181 -0.9117173 0 -0.4108181 -0.9118068 -0 -0.4106194 -0.9118068 0 -0.4106194 -0.9120457 -0 -0.4100886 -0.9120457 0 -0.4100886 -0.912281 -0 -0.4095647 -0.912281 0 -0.4095647 -0.9129086 -0 -0.4081639 -0.9129086 0 -0.4081639 -0.9128703 0 -0.4082498 -0.9128703 0 -0.4082498 -0.9122414 -0 -0.4096529 -0.9122414 0 -0.4096529 -0.9120663 -0 -0.4100427 -0.9120663 0 -0.4100427 -0.9118973 0 -0.4104184 -0.9118973 0 -0.4104184 -0.9119387 -0 -0.4103263 -0.9119387 0 -0.4103263 -0.9121847 -0 -0.4097794 -0.9121847 0 -0.4097794 -0.9124315 -0 -0.4092295 -0.9124315 0 -0.4092295 -0.913094 -0 -0.407749 -0.913094 0 -0.407749 -0.9128014 -0 -0.4084037 -0.9128014 0 -0.4084037 -0.9116123 0 -0.4110512 -0.9116123 0 -0.4110512 -0.9109018 -0 -0.4126233 -0.9109018 0 -0.4126233 -0.9100852 -0 -0.4144214 -0.9100852 0 -0.4144214 -0.9105291 -0 -0.413445 -0.9105291 0 -0.413445 -0.9127666 0 -0.4084815 -0.9127666 0 -0.4084815 -0.9146908 -0 -0.4041544 -0.9146908 0 -0.4041544 -0.9511639 0 -0.3086864 -0.9511639 0 -0.3086864 -0.9379658 0 -0.3467276 -0.9379658 0 -0.3467276 -0.9232001 0 -0.3843196 -0.9232001 0 -0.3843196 -0.3818261 0 0.9242342 -0.3818261 0 0.9242342 -0.8308778 0 0.5564548 -0.8308778 0 0.5564548 -0.9999996 0 0.0009128712 -0.9999996 0 0.0009128712 -0.04239641 0 0.9991008 -0.04239641 0 0.9991008 -0.064316 0 0.9979296 -0.064316 0 0.9979296 -0.08613329 0 0.9962837 -0.08613329 0 0.9962837 -0.00286438 0 0.9999959 -0.00286438 0 0.9999959 -0.01432186 0 0.9998975 -0.01432186 0 0.9998975 -0.02572452 0 0.999669 -0.02572452 0 0.999669 0.004119043 0 0.9999915 0.004119043 0 0.9999915 0.00538625 0 0.9999855 0.00538625 0 0.9999855 0.9106696 0 0.4131353 0.9106696 0 0.4131353 0.001143097 0 0.9999993 0.001143097 0 0.9999993 0.001143097 0 0.9999993 0.001143097 0 0.9999993 -0.9999822 0 0.005954066 -0.9999822 0 0.005954066 -0.9999822 0 0.005954332 -0.9999822 0 0.005954332 -0.005884787 0 0.9999828 -0.005884787 0 0.9999828 1 0 -0 1 0 0 0.8238683 0 0.5667813 0.8238683 0 0.5667813 0.8236365 0 0.567118 0.8236365 0 0.567118 0.8233669 0 0.5675094 0.8233669 0 0.5675094 0.8232871 0 0.5676251 0.8232871 0 0.5676251 0.8232093 0 0.567738 0.8232093 0 0.567738 0.823266 0 0.5676559 0.823266 0 0.5676559 0.8234743 0 0.5673535 0.8234743 0 0.5673535 0.8236828 0 0.5670508 0.8236828 0 0.5670508 0.8246608 0 0.5656276 0.8246608 0 0.5656276 0.8255441 0 0.5643376 0.8255441 0 0.5643376 0 0 1 0 0 1 1 0 -0 1 0 0 0 0 -1 0 0 -1 -0.8407345 -0 -0.5414476 -0.8407345 0 -0.5414476 -0.8404585 0 -0.541876 -0.8404585 0 -0.541876 -0.8401396 -0 -0.5423702 -0.8401396 0 -0.5423702 -0.8400391 -0 -0.5425259 -0.8400391 0 -0.5425259 -0.8399417 -0 -0.5426766 -0.8399417 0 -0.5426766 -0.8399778 -0 -0.5426207 -0.8399778 0 -0.5426207 -0.8400981 -0 -0.5424345 -0.8400981 0 -0.5424345 -0.8401753 -0 -0.5423149 -0.8401753 0 -0.5423149 -0.8402689 -0 -0.5421698 -0.8402689 0 -0.5421698 -0.8404055 -0 -0.5419582 -0.8404055 0 -0.5419582 -0.8405839 -0 -0.5416815 -0.8405839 0 -0.5416815 -0.8407644 -0 -0.5414011 -0.8407644 0 -0.5414011 -0.8414366 -0 -0.5403557 -0.8414366 0 -0.5403557 -0.8400667 -0 -0.5424832 -0.8400667 0 -0.5424832 -0.835333 -0 -0.5497442 -0.835333 0 -0.5497442 -0.8308473 -0 -0.5565005 -0.8308473 0 -0.5565005 -0.8165934 0 -0.5772133 -0.8165934 0 -0.5772133 -0.7902735 0 -0.6127543 -0.7902735 0 -0.6127543 -0.7623909 0 -0.647117 -0.7623909 0 -0.647117 -0.5325246 0 -0.8464146 -0.5325246 0 -0.8464146 0.5413331 0 -0.8408083 0.005321177 0 -0.9999859 0.005321177 0 -0.9999859 0.5413331 0 -0.8408083 0.7639551 0 -0.6452693 0.7639551 0 -0.6452693 0.7816911 0 -0.6236658 0.7816911 0 -0.6236658 0.7988373 0 -0.6015471 0.7988373 0 -0.6015471 0.8134993 0 -0.5815659 0.8134993 0 -0.5815659 0.8258744 0 -0.5638541 0.8258744 0 -0.5638541 0.8378785 0 -0.5458569 0.8378785 0 -0.5458569 0.8475582 0 -0.5307024 0.8475582 0 -0.5307024 0.8511491 0 -0.524924 0.8511491 0 -0.524924 0.8508712 0 -0.5253744 0.8508712 0 -0.5253744 0.8507063 0 -0.5256412 0.8507063 0 -0.5256412 0.8505172 0 -0.5259473 0.8505172 0 -0.5259473 0.850548 0 -0.5258974 0.850548 0 -0.5258974 0.8508334 0 -0.5254356 0.8508334 0 -0.5254356 0.8511218 0 -0.5249682 0.8511218 0 -0.5249682 0.851978 0 -0.5235776 0.851978 0 -0.5235776 0.8519597 0 -0.5236074 0.8519597 0 -0.5236074 0.851082 0 -0.5250328 0.851082 0 -0.5250328 0.8507885 0 -0.5255083 0.8507885 0 -0.5255083 0.8504956 0 -0.5259821 0.8504956 0 -0.5259821 0.8505524 0 -0.5258903 0.8505524 0 -0.5258903 0.8508918 0 -0.525341 0.8508918 0 -0.525341 0.8511791 0 -0.5248754 0.8511791 0 -0.5248754 0.8516424 0 -0.5241234 0.8516424 0 -0.5241234 0.8519595 0 -0.5236076 0.8519595 0 -0.5236076 0 0 -1 0 0 -1 -0.00109801 -0 -0.9999994 -0.00109801 0 -0.9999994 -0.03006179 0 -0.999548 -0.03006179 0 -0.999548 -0.01891997 0 -0.999821 -0.01891997 0 -0.999821 -0.007771745 0 -0.9999698 -0.007771745 0 -0.9999698 -0.09044553 0 -0.9959014 -0.09044553 0 -0.9959014 -0.06852819 0 -0.9976492 -0.06852819 0 -0.9976492 -0.04661142 0 -0.998913 -0.04661142 0 -0.998913 -0.9701702 0 -0.2424249 -0.9701702 0 -0.2424249 -0.7420828 0 -0.6703083 -0.7420828 0 -0.6703083 -0.3395062 0 -0.9406039 -0.3395062 0 -0.9406039 -0.8896312 0 0.4566798 -0.8896312 0 0.4566798 -0.9955057 0 0.09470128 -0.9597869 0 0.2807296 -0.9597869 0 0.2807296 -0.9955057 0 0.09470128 -0.8419132 0 0.5396129 -0.8419132 0 0.5396129 -0.8387532 0 0.5445117 -0.8387532 0 0.5445117 -0.8343605 0 0.5512192 -0.8343605 0 0.5512192 -0.8327276 0 0.5536829 -0.8327276 0 0.5536829 -0.8328206 0 0.553543 -0.8328206 0 0.553543 -0.8328742 0 0.5534624 -0.8328742 0 0.5534624 -0.8329339 0 0.5533725 -0.8329339 0 0.5533725 -0.8329678 0 0.5533215 -0.8329678 0 0.5533215 -1 -0 -0 -1 0 0 0 0 -1 0 0 -1 0.0007622645 0 -0.9999997 0.0007622645 0 -0.9999997 0.002933365 0 -0.9999957 0.002933365 0 -0.9999957 0.004383855 0 -0.9999904 0.004383855 0 -0.9999904 0.2622336 0 -0.9650044 0.2622336 0 -0.9650044 0.7087162 0 -0.7054936 0.7087162 0 -0.7054936 0.9661193 0 -0.2580959 0.9661193 0 -0.2580959 0.9983124 -0 0.05807143 0.9983124 0 0.05807143 0.9580817 0 0.2864953 0.9848458 0 0.173432 0.9848458 -0 0.173432 0.9580817 0 0.2864953 0.9361551 0 0.3515872 0.9361551 0 0.3515872 0.926605 -0 0.3760359 0.926605 0 0.3760359 0.9161211 0 0.4009016 0.9161211 0 0.4009016 0.913705 0 0.406378 0.913705 0 0.406378 0.9161454 0 0.4008462 0.9161454 0 0.4008462 0.9167029 -0 0.3995695 0.9167029 0 0.3995695 0.9172584 0 0.3982925 0.9172584 0 0.3982925 0.9173121 0 0.398169 0.9173121 0 0.398169 0.9169416 0 0.3990215 0.9169416 0 0.3990215 0.9165926 0 0.3998226 0.9165926 0 0.3998226 0.9158665 0 0.401483 0.9158665 0 0.401483 0.9156114 0 0.4020645 0.9156114 0 0.4020645 0.9160497 0 0.401065 0.9160497 0 0.401065 0.9163318 0 0.4004198 0.9163318 0 0.4004198 0.9166702 0 0.3996444 0.9166702 0 0.3996444 0.9167182 0 0.3995344 0.9167182 0 0.3995344 0.9164613 0 0.4001231 0.9164613 0 0.4001231 0.9162471 0 0.4006136 0.9162471 0 0.4006136 0.915915 0 0.4013723 0.915915 0 0.4013723 0.9160112 0 0.4011526 0.9160112 0 0.4011526 0.9164191 0 0.4002202 0.9164191 0 0.4002202 0.9165903 0 0.3998276 0.9165903 0 0.3998276 0.9167642 0 0.3994288 0.9167642 0 0.3994288 0.9165086 0 0.4000151 0.9165086 0 0.4000151 0.9156249 0 0.4020338 0.9156249 0 0.4020338 0.9149339 -0 0.4036037 0.9149339 0 0.4036037 0.9086106 -0 0.4176444 0.9086106 0 0.4176444 0.8956635 0 0.4447323 0.8956635 -0 0.4447323 0.8819109 0 0.4714162 0.8819109 -0 0.4714162 0.7752718 -0 0.6316278 0.7752718 0 0.6316278 0.5077491 0 0.861505 0.5077491 -0 0.861505 0.1763448 0 0.9843284 0.1763448 -0 0.9843284 -0.8487681 0 0.5287654 -0.8487681 0 0.5287654 -0.8713672 0 0.4906315 -0.8602876 0 0.509809 -0.8602876 0 0.509809 -0.8713672 0 0.4906315 -0.8820364 0 0.4711811 -0.8820364 0 0.4711811 -0.9020845 0 0.4315595 -0.8922809 0 0.4514809 -0.8922809 0 0.4514809 -0.9020845 0 0.4315595 -0.9087198 0 0.4174066 -0.9087198 0 0.4174066 -0.916099 0 0.4009522 -0.9124455 0 0.4091983 -0.9124455 0 0.4091983 -0.916099 0 0.4009522 -0.9175373 0 0.3976495 -0.9175373 0 0.3976495 -0.9170069 0 0.3988715 -0.9170069 0 0.3988715 -0.9166817 0 0.3996182 -0.9166817 0 0.3996182 -0.9162983 0 0.4004965 -0.9162983 0 0.4004965 -0.9160244 0 0.4011224 -0.9160244 0 0.4011224 -0.9159327 0 0.4013319 -0.9159327 0 0.4013319 -0.9158498 0 0.4015211 -0.9158498 0 0.4015211 -0.9157065 0 0.4018476 -0.9157065 0 0.4018476 -0.9159977 0 0.4011835 -0.9159977 0 0.4011835 -0.9165023 0 0.4000293 -0.9165023 0 0.4000293 -0.9167295 0 0.3995084 -0.9167295 0 0.3995084 -0.9169662 0 0.398965 -0.9169662 0 0.398965 -0.9170322 0 0.398813 -0.9170322 0 0.398813 -0.9169281 0 0.3990526 -0.9169281 0 0.3990526 -0.9168279 0 0.3992827 -0.9168279 0 0.3992827 -0.9166301 0 0.3997365 -0.9166301 0 0.3997365 -0.9165328 0 0.3999596 -0.9165328 0 0.3999596 -0.9166121 0 0.3997779 -0.9166121 0 0.3997779 -0.9166652 0 0.399656 -0.9166652 0 0.399656 -0.9167371 0 0.399491 -0.9167371 0 0.399491 -0.9123993 0 0.4093012 -0.9123993 0 0.4093012 -0.8969344 0 0.4421635 -0.8969344 0 0.4421635 -0.9013943 0 0.4329993 -0.9013943 0 0.4329993 -0.9057666 0 0.4237769 -0.9057666 0 0.4237769 -0.8903789 0 0.4552202 -0.8903789 0 0.4552202 -0.6861923 0 0.7274203 -0.6861923 0 0.7274203 -0.7765077 0 0.6301077 -0.7765077 0 0.6301077 -0.8532483 0 0.5215048 -0.8532483 0 0.5215048 -0.1488225 0 0.9888639 -0.1488225 0 0.9888639 -0.3573453 0 0.9339724 -0.3573453 0 0.9339724 -0.5493621 0 0.8355843 -0.5493621 0 0.8355843 -0.03386345 0 0.9994265 -0.03386345 0 0.9994265 -0.008423038 0 0.9999645 -0.008423038 0 0.9999645 -0.01562685 0 0.9998779 -0.01562685 0 0.9998779 -0.02284172 0 0.9997391 -0.02284172 0 0.9997391 -0.002407166 0 0.9999971 -0.002407166 0 0.9999971 0.003512774 0 0.9999938 0.003512774 0 0.9999938 0.01316179 0 0.9999135 0.01316179 0 0.9999135 0.02022372 0 0.9997956 0.02022372 0 0.9997956 0.7521246 -0 0.6590209 0.7521246 -0 0.6590209 0.4960976 -0 0.8682668 0.4960976 0 0.8682668 0.1860357 -0 0.982543 0.1860357 0 0.982543 0.9953421 0 -0.09640592 0.9953421 0 -0.09640592 0.9866595 -0 0.1627976 0.9866595 0 0.1627976 0.9116231 -0 0.4110273 0.9116231 0 0.4110273 0.9609978 0 -0.2765564 0.9667165 0 -0.25585 0.9609978 0 -0.2765564 0.9719766 0 -0.2350778 0.9667165 0 -0.25585 0.9719766 0 -0.2350778 0 1 0 0 1 0 0 1 0 0 1 0 0 1 0 0 1 0 0 1 0 0 1 0 0 1 0 0 1 0 0 1 0 0 1 0 0 1 0 0 1 0 0 1 0 0 1 0 0 1 0 0 1 0 0 1 0 0 1 0 0 1 0 0 1 0 0 1 0 0 1 0 0 1 0 0 1 0 0 1 0 0 1 0 0 1 0 0 1 0 0 1 0 0 1 0 0 1 0 0 1 0 0 1 0 0 1 0 0 1 0 0 1 0 0 1 0 0 1 0 0 1 0 0 1 0 0 1 0 0 1 0 0 1 0 0 1 0 0 1 0 0 1 0 0 1 0 0 1 0 0 1 0 0 1 0 0 1 0 0 1 0 0 1 0 0 1 0 0 1 0 0 1 0 0 1 0 0 1 0 0 1 0 0 1 0 0 1 0 0 1 0 0 1 0 0 1 0 0 1 0 0 1 0 0 1 0 0 1 0 0 1 0 0 1 0 0 1 0 0 1 0 0 1 0 0 1 0 0 1 0 0 1 0 0 1 0 0 1 0 0 1 0 0 1 0 0 1 0 0 1 0 0 1 0 0 1 0 0 1 0 0 1 0 0 1 0 0 1 0 0 1 0 0 1 0 0 1 0 0 1 0 0 1 0 0 1 0 0 1 0 0 1 0 0 1 0 0 1 0 0 1 0 0 1 0 0 1 0 0 1 0 0 1 0 0 1 0 0 1 0 0 1 0 0 1 0 0 1 0 0 1 0 0 1 0 0 1 0 0 1 0 0 1 0 0 1 0 0 1 0 0 1 0 0 1 0 0 1 0 0 1 0 0 1 0 0 1 0 0 1 0 0 1 0 0 1 0 0 1 0 0 1 0 0 1 0 0 1 0 0 1 0 0 1 0 0 1 0 0 1 0 0 1 0 0 1 0 0 1 0 0 1 0 0 1 0 0 1 0 0 1 0 0 1 0 0 1 0 0 1 0 0 1 0 0 1 0 0 1 0 0 1 0 0 1 0 0 1 0 0 1 0 0 1 0 0 1 0 0 1 0 0 1 0 0 1 0 0 1 0 0 1 0 0 1 0 0 1 0 0 1 0 0 1 0 0 1 0 0 1 0 0 1 0 0 1 0 0 1 0 0 1 0 0 1 0 0 1 0 0 1 0 0 1 0 0 1 0 0 1 0 0 1 0 0 1 0 0 1 0 0 1 0 0 1 0 0 1 0 0 1 0 0 1 0 0 1 0 0 1 0 0 1 0 0 1 0 0 1 0 0 1 0 0 1 0 0 1 0 0 1 0 0 1 0 0 1 0 0 1 0 0 1 0 0 1 0 0 1 0 0 1 0 0 1 0 0 1 0 0 1 0 0 1 0 0 1 0 0 1 0 0 1 0 0 1 0 0 1 0 0 1 0 0 1 0 0 1 0 0 1 0 0 1 0 0 1 0 0 1 0 0 1 0 0 1 0 0 1 0 0 1 0 0 1 0 0 1 0 0 1 0 0 1 0 0 1 0 0 1 0 0 1 0 0 1 0 0 1 0 0 1 0 0 1 0 0 1 0 0 1 0 0 1 0 0 1 0 0 1 0 0 1 0 0 1 0 0 1 0 0 1 0 0 1 0 0 1 0 0 1 0 0 1 0 0 1 0 0 1 0 0 1 0 0 1 0 0 1 0 0 1 0 0 1 0 0 1 0 0 1 0 0 1 0 0 1 0 0 1 0 0 1 0 0 1 0 0 1 0 0 1 0 0 1 0 0 1 0 0 1 0 0 1 0 0 1 0 0 1 0 0 1 0 0 1 0 0 1 0 0 1 0 0 1 0 0 1 0 0 1 0 0 1 0 0 1 0 0 1 0 0 1 0 0.9362801 0 -0.3512543 0.9362801 0 -0.3512543 0.9246448 0 -0.3808306 0.9246448 0 -0.3808306 0.9286186 0 -0.371036 0.9286186 0 -0.371036 0.9324929 0 -0.3611882 0.9324929 0 -0.3611882 0.9187866 0 -0.3947544 0.9187866 0 -0.3947544 0.9138994 0 -0.4059407 0.9138994 0 -0.4059407 0.9125059 0 -0.4090635 0.9125059 0 -0.4090635 0.9116687 0 -0.410926 0.9116687 0 -0.410926 0.9106973 0 -0.4130744 0.9106973 0 -0.4130744 0.9106619 0 -0.4131522 0.9106619 0 -0.4131522 0.9118372 0 -0.4105519 0.9118372 0 -0.4105519 0.9130007 0 -0.407958 0.9130007 0 -0.407958 0.9188975 0 -0.3944964 0.9188975 0 -0.3944964 0.9241176 0 -0.3821083 0.9241176 0 -0.3821083 0 0 -1 0 0 -1 -0.9699161 0 0.2434395 -0.9699161 0 0.2434395 -0.9293858 0 0.3691101 -0.9293858 0 0.3691101 -0.947599 0 0.3194623 -0.947599 0 0.3194623 -0.9631417 0 0.2689945 -0.9631417 0 0.2689945 -0.9187102 0 0.3949323 -0.9187102 0 0.3949323 -0.9166482 0 0.3996949 -0.9166482 0 0.3996949 -0.9141805 0 0.4053073 -0.9141805 0 0.4053073 -0.9133622 0 0.4071479 -0.9133622 0 0.4071479 -0.9137796 0 0.4062105 -0.9137796 0 0.4062105 -0.9141842 0 0.4052992 -0.9141842 0 0.4052992 -0.9167562 0 0.3994472 -0.9167562 0 0.3994472 -0.9191278 0 0.3939596 -0.9191278 0 0.3939596 0 0 1 0 0 1 0.002250788 0 0.9999974 0.002250788 0 0.9999974 0.008177503 0 0.9999666 0.008177503 0 0.9999666 0.01225996 0 0.9999249 0.01225996 0 0.9999249 0.6106325 -0 0.7919141 0.3885243 -0 0.9214384 0.6106325 -0 0.7919141 0.1405405 -0 0.9900749 0.3885243 -0 0.9214384 0.1405405 -0 0.9900749 0.9866174 0 -0.1630521 0.976788 -0 0.2142085 0.9866174 0 -0.1630521 0.8278659 -0 0.5609262 0.976788 -0 0.2142085 0.8278659 -0 0.5609262 0 1 0 0 1 0 0 1 0 0 1 0 0 1 0 0 1 0 0 1 0 0 1 0 0 1 0 0 1 0 0 1 0 0 1 0 0 1 0 0 1 0 0 1 0 0 1 0 0 1 0 0 1 0 0 1 0 0 1 0 0 1 0 0 1 0 0 1 0 0 1 0 0 1 0 0 1 0 0 1 0 0 1 0 0 1 0 0 1 0 0 1 0 0 1 0 0 1 0 0 1 0 0 1 0 0.01771889 0 0.999843 0.01771889 0 0.999843 0.9666774 -0 0.2559976 0.9666774 -0 0.2559976 0.7137607 -0 0.7003896 0.7137607 0 0.7003896 0.2737121 -0 0.9618117 0.2737121 0 0.9618117 1 0 -0 1 0 0 0 0 -1 0 0 -1 -0.9999991 0 0.001363808 -0.9999991 0 0.001363808 0 0 1 0 0 1 0.003211353 0 0.9999948 0.003211353 0 0.9999948 0.01178376 0 0.9999306 0.01178376 0 0.9999306 0 1 0 0 1 0 0 1 0 0 1 0 0 1 0 0 1 0 0 1 0 0 1 0 0 0 1 0 0 1 -0.9940614 0 -0.108821 -0.9940614 0 -0.108821 -0.9501404 0 -0.3118221 -0.9501404 0 -0.3118221 -0.86514 0 -0.5015305 -0.86514 0 -0.5015305 -0.9999853 -0 -0.00542171 -0.9999853 0 -0.00542171 -0.9999872 -0 -0.005061521 -0.9999872 0 -0.005061521 -0.9999899 -0 -0.004490095 -0.9999899 0 -0.004490095 -0.9999886 -0 -0.00479534 -0.9999886 0 -0.00479534 -0.9999774 0 -0.006727932 -0.9999774 0 -0.006727932 -0.9999544 0 -0.009556951 -0.9999544 0 -0.009556951 -0.9999232 0 -0.01239318 -0.9999232 0 -0.01239318 -0.9998723 0 -0.01597808 -0.9998723 0 -0.01597808 -0.9997929 0 -0.02035 -0.9997929 0 -0.02035 -0.9996949 0 -0.02469781 -0.9996949 0 -0.02469781 -0.9986974 0 -0.05102455 -0.9986974 0 -0.05102455 -0.9950629 0 -0.09924567 -0.9950629 0 -0.09924567 -0.9891034 0 -0.1472225 -0.9891034 0 -0.1472225 -0.9844427 0 -0.1757064 -0.9844427 0 -0.1757064 -0.9827346 0 -0.1850208 -0.9827346 0 -0.1850208 -0.9809597 0 -0.1942115 -0.9809597 0 -0.1942115 -0.9783782 0 -0.206824 -0.9783782 0 -0.206824 -0.9748993 -0 -0.2226462 -0.9748993 0 -0.2226462 -0.972023 0 -0.2348854 -0.972023 0 -0.2348854 -0.9698597 0 -0.2436644 -0.9698597 0 -0.2436644 -0.9676436 0 -0.2523208 -0.9676436 0 -0.2523208 -0.9633676 0 -0.2681844 -0.9633676 0 -0.2681844 -0.9495637 -0 -0.3135743 -0.9567579 0 -0.2908853 -0.9567579 0 -0.2908853 -0.9495637 0 -0.3135743 -0.943905 0 -0.3302173 -0.943905 0 -0.3302173 -0.9400572 0 -0.3410169 -0.9400572 0 -0.3410169 -0.9360874 0 -0.3517675 -0.9360874 0 -0.3517675 -0.9320087 0 -0.3624358 -0.9320087 0 -0.3624358 -0.9278213 0 -0.3730249 -0.9278213 0 -0.3730249 -0.9235305 0 -0.3835249 -0.9235305 0 -0.3835249 -0.9181464 0 -0.3962415 -0.9181464 0 -0.3962415 -0.9116437 0 -0.4109816 -0.9116437 0 -0.4109816 -0.9048874 0 -0.425651 -0.9048874 0 -0.425651 -0.8983049 0 -0.4393724 -0.8983049 0 -0.4393724 -0.8919305 0 -0.4521726 -0.8919305 0 -0.4521726 -0.8854073 0 -0.4648161 -0.8854073 0 -0.4648161 -0.8794185 0 -0.4760495 -0.8794185 0 -0.4760495 -0.8740963 0 -0.4857528 -0.8740963 0 -0.4857528 -0.8686486 0 -0.4954287 -0.8686486 0 -0.4954287 -0.8630527 0 -0.5051141 -0.8630527 0 -0.5051141 -0.857349 0 -0.5147355 -0.857349 0 -0.5147355 -0.851509 0 -0.52434 -0.851509 0 -0.52434 -0.8413734 0 -0.5404544 -0.8413734 0 -0.5404544 -0.8112345 -0 -0.584721 -0.8265963 0 -0.5627952 -0.8265963 0 -0.5627952 -0.8112345 0 -0.584721 -0.7975956 0 -0.6031926 -0.7975956 0 -0.6031926 -0.773919 -0 -0.6332847 -0.7859328 0 -0.6183119 -0.7859328 0 -0.6183119 -0.773919 0 -0.6332847 -0.7642387 0 -0.6449335 -0.7642387 0 -0.6449335 -0.756994 0 -0.6534218 -0.756994 0 -0.6534218 -0.7496149 0 -0.6618742 -0.7496149 0 -0.6618742 -0.7421821 0 -0.6701983 -0.7421821 0 -0.6701983 -0.7346261 0 -0.6784722 -0.7346261 0 -0.6784722 -0.7270123 0 -0.6866245 -0.7270123 0 -0.6866245 -0.7166385 0 -0.6974449 -0.7166385 0 -0.6974449 -0.7034136 0 -0.7107808 -0.7034136 0 -0.7107808 -0.6899592 0 -0.7238483 -0.6899592 0 -0.7238483 -0.6777043 0 -0.7353346 -0.6777043 0 -0.7353346 -0.6668298 0 -0.7452101 -0.6668298 0 -0.7452101 -0.6557595 0 -0.7549698 -0.6557595 0 -0.7549698 -0.6463383 0 -0.7630509 -0.6463383 0 -0.7630509 -0.6386308 0 -0.7695133 -0.6386308 0 -0.7695133 -0.6308131 0 -0.7759348 -0.6308131 0 -0.7759348 -0.6229466 0 -0.7822644 -0.6229466 0 -0.7822644 -0.6149319 0 -0.7885802 -0.6149319 0 -0.7885802 -0.606894 0 -0.7947828 -0.606894 0 -0.7947828 -0.594686 0 -0.8039581 -0.594686 0 -0.8039581 -0.5614879 -0 -0.827485 -0.5781744 0 -0.8159133 -0.5781744 0 -0.8159133 -0.5614879 0 -0.827485 -0.5448881 0 -0.8385088 -0.5448881 0 -0.8385088 -0.5120049 -0 -0.8589826 -0.5285664 0 -0.8488919 -0.5285664 0 -0.8488919 -0.5120049 0 -0.8589826 -0.4998347 0 -0.8661208 -0.4998347 0 -0.8661208 -0.4920664 0 -0.8705577 -0.4920664 0 -0.8705577 -0.4843149 0 -0.8748937 -0.4843149 0 -0.8748937 -0.476518 0 -0.8791648 -0.476518 0 -0.8791648 -0.4609382 -0 -0.8874323 -0.4687652 0 -0.8833228 -0.4687652 0 -0.8833228 -0.4609382 0 -0.8874323 -0.4515994 0 -0.8922208 -0.4515994 0 -0.8922208 -0.4298153 -0 -0.9029168 -0.4407695 0 -0.8976203 -0.4407695 0 -0.8976203 -0.4298153 0 -0.9029168 -0.4149203 0 -0.9098577 -0.4149203 0 -0.9098577 -0.3959326 0 -0.9182796 -0.3959326 0 -0.9182796 -0.3767834 0 -0.9263014 -0.3767834 0 -0.9263014 -0.3616825 0 -0.9323013 -0.3616825 0 -0.9323013 -0.3396835 -0 -0.9405398 -0.3506836 0 -0.9364941 -0.3506836 0 -0.9364941 -0.3396835 0 -0.9405398 -0.3286138 -0 -0.9444644 -0.31754 -0 -0.9482449 -0.3286138 0 -0.9444644 -0.3063886 -0 -0.9519065 -0.31754 0 -0.9482449 -0.3063886 0 -0.9519065 -0.2917054 -0 -0.9565083 -0.2734583 -0 -0.9618839 -0.2917054 0 -0.9565083 -0.2734583 0 -0.9618839 -0.2551079 0 -0.9669126 -0.2551079 0 -0.9669126 -0.2357421 0 -0.9718156 -0.2357421 0 -0.9718156 -0.215422 0 -0.9765211 -0.215422 0 -0.9765211 -0.1949491 0 -0.9808134 -0.1949491 0 -0.9808134 -0.1794864 0 -0.9837604 -0.1794864 0 -0.9837604 -0.1583759 -0 -0.9873789 -0.1689322 0 -0.9856277 -0.1689322 0 -0.9856277 -0.1583759 0 -0.9873789 -0.1478584 0 -0.9890085 -0.1478584 0 -0.9890085 -0.1373469 0 -0.990523 -0.1373469 0 -0.990523 -0.1268125 0 -0.9919267 -0.1268125 0 -0.9919267 -0.1137011 0 -0.993515 -0.1137011 0 -0.993515 -0.09795625 0 -0.9951907 -0.09795625 0 -0.9951907 -0.08218634 0 -0.996617 -0.08218634 0 -0.996617 -0.06674216 0 -0.9977702 -0.06674216 0 -0.9977702 -0.03659441 -0 -0.9993302 -0.05168232 0 -0.9986635 -0.05168232 0 -0.9986635 -0.03659441 0 -0.9993302 -0.02445967 0 -0.9997008 -0.02445967 0 -0.9997008 -0.006173591 -0 -0.9999809 -0.01530517 0 -0.9998829 -0.01530517 0 -0.9998829 -0.006173591 0 -0.9999809 0.003003271 0 -0.9999955 0.003003271 0 -0.9999955 0.02128126 0 -0.9997736 0.01213042 0 -0.9999264 0.01213042 0 -0.9999264 0.02128126 0 -0.9997736 0.03339425 0 -0.9994422 0.03339425 0 -0.9994422 0.04840062 0 -0.998828 0.04840062 0 -0.998828 0.06346095 0 -0.9979843 0.06346095 0 -0.9979843 0.08049067 0 -0.9967554 0.08049067 0 -0.9967554 0.0991395 0 -0.9950736 0.0991395 0 -0.9950736 0.1172081 0 -0.9931073 0.1172081 0 -0.9931073 0.1368651 0 -0.9905897 0.1368651 0 -0.9905897 0.1793564 0 -0.9837842 0.1581145 0 -0.9874208 0.1581145 0 -0.9874208 0.1793564 0 -0.9837842 0.2007037 0 -0.979652 0.2007037 0 -0.979652 0.2170803 0 -0.9761537 0.2170803 0 -0.9761537 0.228264 0 -0.9735993 0.228264 0 -0.9735993 0.2423611 0 -0.9701861 0.2423611 0 -0.9701861 0.2617065 0 -0.9651475 0.2617065 0 -0.9651475 0.3048706 0 -0.9523938 0.283309 0 -0.9590287 0.283309 0 -0.9590287 0.3048706 0 -0.9523938 0.3198164 0 -0.9474795 0.3283958 0 -0.9445403 0.3198164 0 -0.9474795 0.337003 0 -0.9415036 0.3283958 0 -0.9445403 0.337003 0 -0.9415036 0.3454969 0 -0.9384199 0.3454969 0 -0.9384199 0.3622875 0 -0.9320664 0.3539246 0 -0.9352739 0.3539246 0 -0.9352739 0.3622875 0 -0.9320664 0.3717409 0 -0.9283366 0.3717409 0 -0.9283366 0.38226 0 -0.9240549 0.38226 0 -0.9240549 0.3926932 0 -0.9196695 0.3926932 0 -0.9196695 0.4052483 0 -0.9142067 0.4052483 0 -0.9142067 0.4342377 0 -0.9007983 0.4197589 0 -0.9076357 0.4197589 0 -0.9076357 0.4342377 0 -0.9007983 0.4459261 0 -0.8950698 0.4459261 0 -0.8950698 0.4639257 0 -0.8858742 0.4549546 0 -0.8905146 0.4549546 0 -0.8905146 0.4639257 0 -0.8858742 0.472855 0 -0.8811402 0.472855 0 -0.8811402 0.4817758 0 -0.8762946 0.4817758 0 -0.8762946 0.4906135 0 -0.8713773 0.4906135 0 -0.8713773 0.5030564 0 -0.8642536 0.5030564 0 -0.8642536 0.5346839 0 -0.8450521 0.5189636 0 -0.8547963 0.5189636 0 -0.8547963 0.5346839 0 -0.8450521 0.5538424 0 -0.8326215 0.5538424 0 -0.8326215 0.5762625 0 -0.8172647 0.5762625 0 -0.8172647 0.5982497 0 -0.8013097 0.5982497 0 -0.8013097 0.6141713 0 -0.7891727 0.6141713 0 -0.7891727 0.6343123 0 -0.7730768 0.6243022 0 -0.7811829 0.6243022 0 -0.7811829 0.6343123 0 -0.7730768 0.6442024 0 -0.764855 0.6442024 0 -0.764855 0.6538911 0 -0.7565886 0.6538911 0 -0.7565886 0.6634959 0 -0.7481799 0.6634959 0 -0.7481799 0.6748781 0 -0.7379293 0.6748781 0 -0.7379293 0.6879287 0 -0.7257783 0.6879287 0 -0.7257783 0.7007706 0 -0.7133868 0.7007706 0 -0.7133868 0.7131585 0 -0.7010028 0.7131585 0 -0.7010028 0.7250911 0 -0.688653 0.7250911 0 -0.688653 0.7368143 0 -0.6760951 0.7368143 0 -0.6760951 0.7468402 0 -0.6650037 0.7468402 0 -0.6650037 0.7552418 0 -0.6554462 0.7552418 0 -0.6554462 0.7635132 0 -0.6457922 0.7635132 0 -0.6457922 0.7716927 0 -0.6359956 0.7798349 0 -0.6259853 0.7716927 0 -0.6359956 0.7798349 0 -0.6259853 0.7878193 0 -0.6159064 0.7878193 0 -0.6159064 0.8003661 0 -0.5995116 0.8003661 0 -0.5995116 0.8170524 0 -0.5765634 0.8170524 0 -0.5765634 0.8331153 0 -0.5530993 0.8331153 0 -0.5530993 0.8434409 0 -0.5372219 0.8434409 0 -0.5372219 0.8484848 0 -0.5292197 0.8484848 0 -0.5292197 0.8535071 0 -0.5210812 0.8535071 0 -0.5210812 0.8609467 0 -0.5086953 0.8609467 0 -0.5086953 0.8707665 0 -0.4916969 0.8707665 0 -0.4916969 0.8787549 0 -0.4772733 0.8850388 0 -0.4655173 0.8787549 0 -0.4772733 0.891115 0 -0.4537777 0.8850388 0 -0.4655173 0.891115 0 -0.4537777 0.898517 0 -0.4389387 0.898517 0 -0.4389387 0.9070525 0 -0.4210175 0.9070525 0 -0.4210175 0.9152106 0 -0.4029759 0.9152106 0 -0.4029759 0.9208434 0 -0.3899327 0.9208434 0 -0.3899327 0.9241638 0 -0.3819965 0.9241638 0 -0.3819965 0.9274177 0 -0.3740272 0.9274177 0 -0.3740272 0.9305724 0 -0.3661081 0.9305724 0 -0.3661081 0.9336432 0 -0.3582041 0.9336432 0 -0.3582041 0.9366496 0 -0.3502678 0.9366496 0 -0.3502678 0.9400642 0 -0.3409977 0.9400642 0 -0.3409977 0.9438164 0 -0.3304701 0.9438164 0 -0.3304701 0.9474686 0 -0.3198486 0.9474686 0 -0.3198486 0.950949 0 -0.3093478 0.950949 0 -0.3093478 0.9542856 0 -0.2988961 0.9542856 0 -0.2988961 0.957508 0 -0.2884065 0.957508 0 -0.2884065 0.9621677 0 -0.2724577 0.9621677 0 -0.2724577 0.9680176 0 -0.2508823 0.9680176 0 -0.2508823 0.9725202 0 -0.2328185 0.9758781 0 -0.2183165 0.9725202 0 -0.2328185 0.9790071 0 -0.2038259 0.9758781 0 -0.2183165 0.9790071 0 -0.2038259 0.9814696 0 -0.1916181 0.9814696 0 -0.1916181 0.9833423 0 -0.1817637 0.9833423 0 -0.1817637 0.9851159 0 -0.171891 0.9851159 0 -0.171891 0.9872723 0 -0.1590391 0.9872723 0 -0.1590391 0.9896832 0 -0.143273 0.9896832 0 -0.143273 0.9923877 0 -0.1231527 0.9923877 0 -0.1231527 0.9954971 0 -0.09479257 0.9954971 0 -0.09479257 0.9980435 0 -0.06252275 0.9980435 0 -0.06252275 0.9995441 0 -0.03018904 0.9995441 0 -0.03018904 0.9999273 0 -0.01205299 0.9999273 0 -0.01205299 0.9999763 0 -0.006887548 0.9999763 0 -0.006887548 0.9999982 0 -0.001882045 0.9999982 0 -0.001882045 1 0 -8.998613e-05 1 0 -8.998613e-05 0 0 -1 0 0 -1 -0.9999937 0 0.003545275 -0.9999937 0 0.003545275 -0.99999 0 0.004459623 -0.99999 0 0.004459623 -0.9998735 0 0.01590556 -0.9998735 0 0.01590556 -0.9999316 0 0.01169662 -0.9999316 0 0.01169662 -0.999972 0 0.007477039 -0.999972 0 0.007477039 -0.9993231 0 0.03678956 -0.9993231 0 0.03678956 -0.9995712 0 0.02928176 -0.9995712 0 0.02928176 -0.9997631 0 0.02176413 -0.9997631 0 0.02176413 -0.9899274 0 0.1415759 -0.9899274 0 0.1415759 -0.9948578 0 0.1012814 -0.9948578 0 0.1012814 -0.9981486 0 0.06082234 -0.9981486 0 0.06082234 -0.9859431 0 0.1670817 -0.9859431 0 0.1670817 -0.9843195 0 0.1763949 -0.9843195 0 0.1763949 -0.9828921 0 0.1841825 -0.9828921 0 0.1841825 -0.9805132 0 0.1964535 -0.9805132 0 0.1964535 -0.9721875 0 0.2342036 -0.9721875 0 0.2342036 -0.9749442 0 0.2224495 -0.9749442 0 0.2224495 -0.9775549 0 0.2106806 -0.9775549 0 0.2106806 -0.9687005 0 0.2482325 -0.9687005 0 0.2482325 -0.9643934 0 0.2644717 -0.9643934 0 0.2644717 -0.9589046 0 0.283729 -0.9589046 0 0.283729 -0.9482549 0 0.3175101 -0.9482549 0 0.3175101 -0.9512205 0 0.3085118 -0.9512205 0 0.3085118 -0.9541162 0 0.2994366 -0.9541162 0 0.2994366 -0.9440588 0 0.3297773 -0.9440588 0 0.3297773 -0.9385417 0 0.345166 -0.9385417 0 0.345166 -0.9274591 0 0.3739248 -0.9274591 0 0.3739248 -0.9307992 0 0.3655308 -0.9307992 0 0.3655308 -0.9340845 0 0.3570521 -0.9340845 0 0.3570521 -0.9116957 0 0.410866 -0.9116957 0 0.410866 -0.9174669 0 0.3978121 -0.9174669 0 0.3978121 -0.9230382 0 0.3847083 -0.9230382 0 0.3847083 -0.9003729 0 0.4351191 -0.9003729 0 0.4351191 -0.9037539 0 0.4280523 -0.9037539 0 0.4280523 -0.9071038 0 0.4209068 -0.9071038 0 0.4209068 -0.8898789 0 0.4561968 -0.8898789 0 0.4561968 -0.8934299 0 0.4492027 -0.8934299 0 0.4492027 -0.8969259 0 0.4421809 -0.8969259 0 0.4421809 -0.8732539 0 0.4872655 -0.8732539 0 0.4872655 -0.8793048 0 0.4762595 -0.8793048 0 0.4762595 -0.88519 0 0.4652299 -0.88519 0 0.4652299 -0.8525481 0 0.5226489 -0.8525481 0 0.5226489 -0.8597338 0 0.5107424 -0.8597338 0 0.5107424 -0.8667536 0 0.4987364 -0.8667536 0 0.4987364 -0.8385692 0 0.544795 -0.8385692 0 0.544795 -0.8427495 0 0.5383058 -0.8427495 0 0.5383058 -0.8468488 0 0.5318336 -0.8468488 0 0.5318336 -0.825826 0 0.563925 -0.825826 0 0.563925 -0.8301304 0 0.5575693 -0.8301304 0 0.5575693 -0.8343751 0 0.5511971 -0.8343751 0 0.5511971 -0.805866 0 0.5920981 -0.805866 0 0.5920981 -0.8130798 0 0.5821523 -0.8130798 0 0.5821523 -0.8201545 0 0.5721421 -0.8201545 0 0.5721421 -0.7774026 0 0.6290034 -0.7874836 0 0.6163356 -0.7774026 0 0.6290034 -0.7973495 0 0.6035178 -0.7874836 0 0.6163356 -0.7973495 0 0.6035178 -0.7574475 0 0.652896 -0.7574475 0 0.652896 -0.7634473 0 0.6458701 -0.7634473 0 0.6458701 -0.7693455 0 0.6388329 -0.7693455 0 0.6388329 -0.7391888 0 0.6734982 -0.7391888 0 0.6734982 -0.7453191 0 0.6667079 -0.7453191 0 0.6667079 -0.7514299 0 0.6598129 -0.7514299 0 0.6598129 -0.7100693 0 0.7041318 -0.7100693 0 0.7041318 -0.7205929 0 0.6933584 -0.7205929 0 0.6933584 -0.7309437 0 0.6824378 -0.7309437 0 0.6824378 -0.6803651 0 0.7328733 -0.6902103 0 0.7236088 -0.6803651 0 0.7328733 -0.699927 0 0.7142144 -0.6902103 0 0.7236088 -0.699927 0 0.7142144 -0.659228 0 0.7519432 -0.659228 0 0.7519432 -0.6657376 0 0.7461859 -0.6657376 0 0.7461859 -0.6721807 0 0.7403872 -0.6721807 0 0.7403872 -0.639345 0 0.76892 -0.639345 0 0.76892 -0.6460296 0 0.7633123 -0.6460296 0 0.7633123 -0.6526474 0 0.7576617 -0.6526474 0 0.7576617 -0.6041196 0 0.7968937 -0.6041196 0 0.7968937 -0.6170105 0 0.786955 -0.6170105 0 0.786955 -0.6296945 0 0.7768429 -0.6296945 0 0.7768429 -0.5890723 0 0.8080803 -0.5890723 0 0.8080803 -0.573297 0 0.8193477 -0.573297 0 0.8193477 -0.5588659 0 0.8292581 -0.5588659 0 0.8292581 -0.5191442 0 0.8546866 -0.5191442 0 0.8546866 -0.5322319 0 0.8465986 -0.5322319 0 0.8465986 -0.5451284 0 0.8383526 -0.5451284 0 0.8383526 -0.4898795 0 0.8717902 -0.4898795 0 0.8717902 -0.4989917 0 0.8666067 -0.4989917 0 0.8666067 -0.5080678 0 0.861317 -0.5080678 0 0.861317 -0.4793111 0 0.8776451 -0.4793111 0 0.8776451 -0.4673597 0 0.8840672 -0.4673597 0 0.8840672 -0.4534334 0 0.8912902 -0.4534334 0 0.8912902 -0.4196703 0 0.9076766 -0.4196703 0 0.9076766 -0.4300399 0 0.9028099 -0.4300399 0 0.9028099 -0.4403377 0 0.8978322 -0.4403377 0 0.8978322 -0.4056149 0 0.914044 -0.4056149 0 0.914044 -0.3877577 0 0.9217613 -0.3877577 0 0.9217613 -0.3540101 0 0.9352416 -0.3540101 0 0.9352416 -0.3639739 0 0.9314091 -0.3639739 0 0.9314091 -0.3738521 0 0.9274883 -0.3738521 0 0.9274883 -0.3171219 0 0.9483848 -0.3171219 0 0.9483848 -0.3299159 0 0.9440104 -0.3299159 0 0.9440104 -0.3426785 0 0.9394528 -0.3426785 0 0.9394528 -0.3014393 0 0.9534854 -0.3014393 0 0.9534854 -0.2829508 0 0.9591345 -0.2829508 0 0.9591345 -0.2517609 0 0.9677895 -0.2517609 0 0.9677895 -0.2605801 0 0.9654523 -0.2605801 0 0.9654523 -0.2693092 0 0.9630538 -0.2693092 0 0.9630538 -0.2182982 0 0.9758821 -0.2182982 0 0.9758821 -0.229938 0 0.9732053 -0.229938 0 0.9732053 -0.2415261 0 0.9703943 -0.2415261 0 0.9703943 -0.194105 0 0.9809808 -0.194105 0 0.9809808 -0.2014441 0 0.9795 -0.2014441 0 0.9795 -0.2088207 0 0.9779539 -0.2088207 0 0.9779539 -0.1719354 0 0.9851081 -0.1719354 0 0.9851081 -0.1793374 0 0.9837877 -0.1793374 0 0.9837877 -0.1867443 0 0.9824086 -0.1867443 0 0.9824086 -0.1344412 0 0.9909216 -0.1344412 0 0.9909216 -0.147955 0 0.9889941 -0.147955 0 0.9889941 -0.1615192 0 0.9868696 -0.1615192 0 0.9868696 -0.08346257 0 0.9965109 -0.08346257 0 0.9965109 -0.1011899 0 0.9948671 -0.1011899 0 0.9948671 -0.11883 0 0.9929146 -0.11883 0 0.9929146 -0.04871109 0 0.9988129 -0.04871109 0 0.9988129 -0.0590779 0 0.9982534 -0.0590779 0 0.9982534 -0.06944267 0 0.997586 -0.06944267 0 0.997586 -0.02114434 0 0.9997764 -0.02114434 0 0.9997764 -0.03011757 0 0.9995463 -0.03011757 0 0.9995463 -0.03905974 0 0.9992369 -0.03905974 0 0.9992369 -0.002096319 0 0.9999979 -0.002096319 0 0.9999979 -0.007928367 0 0.9999686 -0.007928367 0 0.9999686 -0.0137336 0 0.9999057 -0.0137336 0 0.9999057 0.01562622 -0 0.9998779 0.01562622 -0 0.9998779 0.009712856 -0 0.9999529 0.009712856 0 0.9999529 0.00379943 -0 0.9999928 0.00379943 0 0.9999928 0.03795444 0 0.9992794 0.03795444 -0 0.9992794 0.03020732 -0 0.9995436 0.03020732 0 0.9995436 0.02249185 -0 0.999747 0.02249185 0 0.999747 0.06305733 -0 0.9980099 0.06305733 -0 0.9980099 0.05453739 -0 0.9985117 0.05453739 0 0.9985117 0.04605402 -0 0.998939 0.04605402 0 0.998939 0.1221745 0 0.9925086 0.1221745 -0 0.9925086 0.1002077 -0 0.9949666 0.1002077 0 0.9949666 0.07828858 -0 0.9969307 0.07828858 0 0.9969307 0.1533685 -0 0.9881691 0.1452654 -0 0.9893927 0.1533685 -0 0.9881691 0.1452654 -0 0.9893927 0.1371706 -0 0.9905475 0.1371706 0 0.9905475 0.1647783 0 0.9863306 0.1647783 0 0.9863306 0.1795382 -0 0.983751 0.1795382 0 0.983751 0.2085945 0 0.9780022 0.2085945 -0 0.9780022 0.1999524 -0 0.9798056 0.1999524 0 0.9798056 0.1912385 -0 0.9815436 0.1912385 0 0.9815436 0.2501038 0 0.968219 0.2501038 -0 0.968219 0.2352314 -0 0.9719394 0.2352314 0 0.9719394 0.2203611 -0 0.9754183 0.2203611 0 0.9754183 0.2674983 0 0.9635583 0.2674983 0 0.9635583 0.2874078 -0 0.9578083 0.2874078 0 0.9578083 0.3195893 -0 0.9475561 0.3106815 -0 0.9505141 0.3195893 -0 0.9475561 0.301723 -0 0.9533956 0.3106815 -0 0.9505141 0.301723 -0 0.9533956 0.3519398 -0 0.9360226 0.3519398 -0 0.9360226 0.3408099 -0 0.9401322 0.3408099 0 0.9401322 0.3296361 -0 0.9441081 0.3296361 0 0.9441081 0.3761534 0 0.9265574 0.3761534 -0 0.9265574 0.3686786 -0 0.929557 0.3686786 0 0.929557 0.3612024 -0 0.9324874 0.3612024 0 0.9324874 0.3984976 0 0.9171694 0.3984976 -0 0.9171694 0.3910515 -0 0.9203689 0.3910515 0 0.9203689 0.3836066 -0 0.9234965 0.3836066 0 0.9234965 0.4386882 -0 0.8986393 0.4241528 -0 0.9055906 0.4386882 -0 0.8986393 0.4095697 -0 0.9122788 0.4241528 -0 0.9055906 0.4095697 -0 0.9122788 0.4750605 0 0.8799531 0.4750605 -0 0.8799531 0.4634581 -0 0.8861189 0.4634581 0 0.8861189 0.4517536 -0 0.8921428 0.4517536 0 0.8921428 0.4975843 0 0.8674157 0.4975843 -0 0.8674157 0.4909379 -0 0.8711946 0.4909379 0 0.8711946 0.4842048 -0 0.8749546 0.4842048 0 0.8749546 0.5174649 0 0.8557045 0.5174649 -0 0.8557045 0.5108867 -0 0.8596481 0.5108867 0 0.8596481 0.5042637 -0 0.8635497 0.5042637 0 0.8635497 0.5482221 0 0.8363328 0.5482221 -0 0.8363328 0.5372843 -0 0.8434013 0.5372843 0 0.8434013 0.5263047 -0 0.8502961 0.5263047 0 0.8502961 0.5801897 0 0.8144814 0.5801897 -0 0.8144814 0.5696405 -0 0.821894 0.5696405 0 0.821894 0.5589921 -0 0.829173 0.5589921 0 0.829173 0.601279 -0 0.7990392 0.5949643 -0 0.8037522 0.601279 -0 0.7990392 0.5886281 -0 0.808404 0.5949643 -0 0.8037522 0.5886281 -0 0.808404 0.6200001 -0 0.7846017 0.6200001 -0 0.7846017 0.6137769 -0 0.7894796 0.6137769 0 0.7894796 0.6075637 -0 0.7942709 0.6075637 0 0.7942709 0.6498951 0 0.7600238 0.6392355 -0 0.769011 0.6498951 -0 0.7600238 0.6285236 -0 0.7777904 0.6392355 -0 0.769011 0.6285236 -0 0.7777904 0.6826013 -0 0.730791 0.6826013 -0 0.730791 0.6717116 -0 0.7408128 0.6717116 0 0.7408128 0.660713 -0 0.7506386 0.660713 0 0.7506386 0.7037974 -0 0.7104008 0.7037974 -0 0.7104008 0.6975468 -0 0.7165392 0.6975468 0 0.7165392 0.6911646 -0 0.7226974 0.6911646 0 0.7226974 0.7224221 0 0.6914523 0.7224221 -0 0.6914523 0.7162658 -0 0.6978276 0.7162658 0 0.6978276 0.7100793 -0 0.7041217 0.7100793 0 0.7041217 0.7511074 -0 0.66018 0.7409524 -0 0.6715575 0.7511074 -0 0.66018 0.7306654 -0 0.6827357 0.7409524 -0 0.6715575 0.7306654 -0 0.6827357 0.7749841 -0 0.6319807 0.7675295 -0 0.6410136 0.7749841 -0 0.6319807 0.7599259 -0 0.6500097 0.7675295 -0 0.6410136 0.7599259 -0 0.6500097 0.7852485 0 0.6191808 0.7852485 0 0.6191808 0.79809 0 0.6025383 0.79809 0 0.6025383 0.8220145 0 0.5694666 0.8220145 -0 0.5694666 0.8150417 -0 0.5794022 0.8150417 0 0.5794022 0.807977 -0 0.589214 0.807977 0 0.589214 0.8494429 0 0.5276806 0.8494429 -0 0.5276806 0.8400302 -0 0.5425395 0.8400302 0 0.5425395 0.8303512 -0 0.5572403 0.8303512 0 0.5572403 0.8645121 0 0.502612 0.8645121 -0 0.502612 0.8603685 -0 0.5096725 0.8603685 0 0.5096725 0.8561428 -0 0.5167392 0.8561428 0 0.5167392 0.8765233 0 0.4813596 0.8765233 -0 0.4813596 0.8725929 -0 0.4884484 0.8725929 0 0.4884484 0.8685944 -0 0.4955238 0.8685944 0 0.4955238 0.8916448 0 0.4527356 0.8916448 -0 0.4527356 0.8864543 -0 0.4628162 0.8864543 0 0.4628162 0.8811643 -0 0.4728102 0.8811643 0 0.4728102 0.9087826 -0 0.41727 0.9087826 -0 0.41727 0.9030771 -0 0.4294786 0.9030771 0 0.4294786 0.8971946 -0 0.4416355 0.8971946 0 0.4416355 0.9202932 0 0.3912295 0.9202932 -0 0.3912295 0.9168635 -0 0.3992008 0.9168635 0 0.3992008 0.9133824 -0 0.4071028 0.9133824 0 0.4071028 0.9302213 -0 0.3669991 0.9302213 -0 0.3669991 0.926973 -0 0.3751282 0.926973 0 0.3751282 0.9236686 -0 0.3831924 0.9236686 0 0.3831924 0.9457798 -0 0.3248085 0.9457798 -0 0.3248085 0.9403803 -0 0.3401247 0.9403803 0 0.3401247 0.934725 -0 0.3553717 0.934725 0 0.3553717 0.9560809 0 0.2931031 0.9560809 -0 0.2931031 0.953082 -0 0.3027123 0.953082 0 0.3027123 0.9499763 -0 0.3123217 0.9499763 0 0.3123217 0.9601676 0 0.2794247 0.9601676 0 0.2794247 0.9651819 0 0.2615796 0.9651819 0 0.2615796 0.9741152 -0 0.2260523 0.971582 -0 0.2367033 0.9741152 -0 0.2260523 0.9689274 -0 0.2473452 0.971582 -0 0.2367033 0.9689274 -0 0.2473452 0.9775582 0 0.2106653 0.9775582 0 0.2106653 0.9809622 0 0.1941993 0.9809622 0 0.1941993 0.9834035 0 0.181432 0.9834035 0 0.181432 0.986592 0 0.1632058 0.986592 0 0.1632058 0.9984418 0 0.05580176 0.9984418 -0 0.05580176 0.9955552 -0 0.09418026 0.9955552 0 0.09418026 0.9911999 -0 0.1323727 0.9911999 0 0.1323727 0.9997957 0 0.02021516 0.9997957 -0 0.02021516 0.9996415 -0 0.02677281 0.9996415 0 0.02677281 0.9994444 -0 0.03333043 0.9994444 0 0.03333043 0.999973 0 0.007347223 0.999973 -0 0.007347223 0.9999375 -0 0.01118493 0.9999375 0 0.01118493 0.9998871 -0 0.01502259 0.9998871 0 0.01502259 0.9999896 0 0.004563122 0.9999896 0 0.004563122 0.9999975 0 0.002225491 0.9999975 0 0.002225491 0.9999998 0 -0.0005484705 0.9999998 0 -0.0005484705 0.999995 0 -0.003177011 0.999995 0 -0.003177011 0.999963 0 -0.00860296 0.999963 0 -0.00860296 0.9999191 0 -0.01271832 0.9999191 0 -0.01271832 0 0 1 0 0 1 0.6852379 0 -0.7283194 0.6852379 0 -0.7283194 -0.6877774 -0 -0.7259217 -0.6877774 0 -0.7259217 0 1 0 0 1 0 0 1 0 0 1 0 0 1 0 0 1 0 0 1 0 0 1 0 0 1 0 0 1 0 0 1 0 0 1 0 0 1 0 0 1 0 0 1 0 0 1 0 0 1 0 0 1 0 0 1 0 0 1 0 0 1 0 0 1 0 0 1 0 0 1 0 0 1 0 0 1 0 0 1 0 0 1 0 0 1 0 0 1 0 0 1 0 0 1 0 0 1 0 0 1 0 0 1 0 0 1 0 0 1 0 0 1 0 0 1 0 0 1 0 0 1 0 0 1 0 0 1 0 0 1 0 0 1 0 0 1 0 0 1 0 0 1 0 0 1 0 0 1 0 0 1 0 0 1 0 0 1 0 0 1 0 0 1 0 0 1 0 0 1 0 0 1 0 0 1 0 0 1 0 0 1 0 0 1 0 0 1 0 0 1 0 0 1 0 0 1 0 0 1 0 0 1 0 0 1 0 0 1 0 0 1 0 0 1 0 0 1 0 0 1 0 0 1 0 0 1 0 0 1 0 0 1 0 0 1 0 0 1 0 0 1 0 0 1 0 0 1 0 0 1 0 0 1 0 0 1 0 0 1 0 0 1 0 0 1 0 0 1 0 0 1 0 0 1 0 0 1 0 0 1 0 0 1 0 0 1 0 0 1 0 0 1 0 0 1 0 0 1 0 0 1 0 0 1 0 0 1 0 0 1 0 0 1 0 0 1 0 0 1 0 0 1 0 0 1 0 0 1 0 0 1 0 0 1 0 0 1 0 0 1 0 0 1 0 0 1 0 0 1 0 0 1 0 0 1 0 0 1 0 0 1 0 0 1 0 0 1 0 0 1 0 0 1 0 0 1 0 0 1 0 0 1 0 0 1 0 0 1 0 0 1 0 0 1 0 0 1 0 0 1 0 0 1 0 0 1 0 0 1 0 0 1 0 0 1 0 0 1 0 0 1 0 0 1 0 0 1 0 0 1 0 0 1 0 0 1 0 0 1 0 0 1 0 0 1 0 0 1 0 0 1 0 0 1 0 0 1 0 0 1 0 0 1 0 0 1 0 0 1 0 0 1 0 0 1 0 0 1 0 0 1 0 0 1 0 0 1 0 0 1 0 0 1 0 0 1 0 0 1 0 0 1 0 0 1 0 0 1 0 0 1 0 0 1 0 0 1 0 0 1 0 0 1 0 0 1 0 0 1 0 0 1 0 0 1 0 0 1 0 0 1 0 0 1 0 0 1 0 0 1 0 0 1 0 0 1 0 0 1 0 0 1 0 0 1 0 0 1 0 0 1 0 0 1 0 0 1 0 0 1 0 0 1 0 0 1 0 0 1 0 0 1 0 0 1 0 0 1 0 0 1 0 0 1 0 0 1 0 0 1 0 0 1 0 0 1 0 0 1 0 0 1 0 0 1 0 0 1 0 0 1 0 0 1 0 0 1 0 0 1 0 0 1 0 0 1 0 0 1 0 0 1 0 0 1 0 0 1 0 0 1 0 0 1 0 0 1 0 0 1 0 0 1 0 0 1 0 0 1 0 0 1 0 0 1 0 0 1 0 0 1 0 0 1 0 0 1 0 0 1 0 0 1 0 0 1 0 0 1 0 0 1 0 0 1 0 0 1 0 0 1 0 0 1 0 0 1 0 0 1 0 0 1 0 0 1 0 0 1 0 0 1 0 0 1 0 0 1 0 0 1 0 0 1 0 0 1 0 0 1 0 0 1 0 0 1 0 0 1 0 0 1 0 0 1 0 0 1 0 0 1 0 0 1 0 0 1 0 0 1 0 0 1 0 0 1 0 0 1 0 0 1 0 0 1 0 0 1 0 0 1 0 0 1 0 0 1 0 0 1 0 0 1 0 0 1 0 0 1 0 0 1 0 0 1 0 0 1 0 0 1 0 0 1 0 0 1 0 0 1 0 0 1 0 0 1 0 0 1 0 0 1 0 0 1 0 0 1 0 0 1 0 0 1 0 0 1 0 0 1 0 0 1 0 0 1 0 0 1 0 0 1 0 0 1 0 0 1 0 0 1 0 0 1 0 0 1 0 0 1 0 0 1 0 0 1 0 0 1 0 0 1 0 0 1 0 0 1 0 0 1 0 0 1 0 0 1 0 0 1 0 0 1 0 0 1 0 0 1 0 0 1 0 0 1 0 0 1 0 0 1 0 0 1 0 0 1 0 0 1 0 0 1 0 0 1 0 0 1 0 0 1 0 0 1 0 0 1 0 0 1 0 0 1 0 0 1 0 0 1 0 0 1 0 0 1 0 0 1 0 0 1 0 0 1 0 0 1 0 0 1 0 0 1 0 0 1 0 0 1 0 0 1 0 0 1 0 0 1 0 0 1 0 0 1 0 0 1 0 0 1 0 0 1 0 0 1 0 0 1 0 0 1 0 0 1 0 0 1 0 0 1 0 0 1 0 0 1 0 0 1 0 0 1 0 0 1 0 0 1 0 0 1 0 0 1 0 0 1 0 0 1 0 0 1 0 0 1 0 0 1 0 0 1 0 0 1 0 0 1 0 0 1 0 0 1 0 0 1 0 0 1 0 0 1 0 0 1 0 0 1 0 0 1 0 0 1 0 0 1 0 0 1 0 0 1 0 0 1 0 0 1 0 0 1 0 0 1 0 0 1 0 0 1 0 0 1 0 0 1 0 0 1 0 0 1 0 0 1 0 0 1 0 0 1 0 0 1 0 0 1 0 0 1 0 0 1 0 0 1 0 0 1 0 0 1 0 0 1 0 0 1 0 0 1 0 0 1 0 0 1 0 0 1 0 0 1 0 0 1 0 0 1 0 0 1 0 0 1 0 0 1 0 0 1 0 0 1 0 0 1 0 0 1 0 0 1 0 0 1 0 0 1 0 0 1 0 0 1 0 0 1 0 0 1 0 0 1 0 0 1 0 0 1 0 0 1 0 0 1 0 0 1 0 0 1 0 0 1 0 0 1 0 0 1 0 0 1 0 0 1 0 0 1 0 0 1 0 0 1 0 0 1 0 0 1 0 0 1 0 0 1 0 0 1 0 0 1 0 0 1 0 0 1 0 0 1 0 0 1 0 0 1 0 0 1 0 0 1 0 0 1 0 0 1 0 0 1 0 0 1 0 0 1 0 0 1 0 0 1 0 0 1 0 0 1 0 0 1 0 0 1 0 0 1 0 0 1 0 0 1 0 0 1 0 0 1 0 0 1 0 0 1 0 0 1 0 0 1 0 0 1 0 0 1 0 0 1 0 0 1 0 0 1 0 0 1 0 0 1 0 0 1 0 0 1 0 0 0 -1 0 0 -1 0 0 -1 -1 -0 -0 -1 0 0 0 0 -1 0 0 -1 0 0 -1 1 0 -0 1 0 0 0 -1 0 0 -1 0 1 0 -0 1 0 0 0 0 -1 0 0 -1 0 0 -1 0 0 1 0 0 1 0 0 1 -1 0 0 -1 0 0 0 -0 -1 0 0 -1 0 0 -1 0 0 1 0 0 1 0 0 1</float_array>
          <technique_common>
            <accessor count="7372" source="#cubenormals-array0-array" stride="3">
              <param type="float" name="X"/>
              <param type="float" name="Y"/>
              <param type="float" name="Z"/>
            </accessor>
          </technique_common>
        </source>
        <vertices id="cubeverts-array0-vertices">
          <input semantic="POSITION" source="#cubeverts-array0"/>
        </vertices>
        <triangles count="7372" material="ref_Base_cover_Top_shape">
          <input offset="0" semantic="VERTEX" source="#cubeverts-array0-vertices"/>
          <input offset="1" semantic="NORMAL" source="#cubenormals-array0"/>
          <p>0 0 1 0 2 0 2 1 1 1 3 1 3 2 4 2 5 2 1 3 4 3 3 3 5 4 6 4 7 4 4 5 6 5 5 5 8 6 9 6 10 6 10 7 9 7 11 7 11 8 12 8 13 8 9 9 12 9 11 9 13 10 14 10 15 10 12 11 14 11 13 11 16 12 17 12 18 12 16 13 19 13 17 13 20 14 18 14 21 14 20 15 16 15 18 15 22 16 21 16 23 16 22 17 20 17 21 17 24 18 25 18 26 18 24 19 27 19 25 19 28 20 26 20 29 20 28 21 29 21 30 21 28 22 24 22 26 22 31 23 28 23 30 23 32 24 30 24 33 24 32 25 33 25 34 25 32 26 31 26 30 26 35 27 32 27 34 27 36 28 34 28 37 28 36 29 35 29 34 29 38 30 37 30 39 30 38 31 39 31 40 31 38 32 36 32 37 32 41 33 38 33 40 33 42 34 40 34 43 34 42 35 41 35 40 35 44 36 43 36 45 36 44 37 42 37 43 37 46 38 45 38 47 38 46 39 47 39 48 39 46 40 44 40 45 40 49 41 46 41 48 41 50 42 48 42 51 42 50 43 49 43 48 43 52 44 51 44 53 44 52 45 50 45 51 45 54 46 53 46 55 46 54 47 55 47 56 47 54 48 52 48 53 48 57 49 54 49 56 49 58 50 57 50 56 50 58 51 56 51 59 51 60 52 59 52 61 52 60 53 61 53 62 53 60 54 58 54 59 54 63 55 60 55 62 55 64 56 63 56 62 56 64 57 62 57 65 57 66 58 64 58 65 58 66 59 65 59 67 59 68 60 66 60 67 60 68 61 67 61 69 61 70 62 68 62 69 62 70 63 69 63 71 63 72 64 71 64 73 64 72 65 70 65 71 65 74 66 73 66 75 66 74 67 72 67 73 67 76 68 75 68 77 68 76 69 74 69 75 69 78 70 77 70 79 70 78 71 76 71 77 71 80 72 79 72 81 72 80 73 81 73 82 73 80 74 78 74 79 74 83 75 80 75 82 75 84 76 82 76 85 76 84 77 83 77 82 77 86 78 85 78 87 78 86 79 84 79 85 79 88 80 87 80 89 80 88 81 86 81 87 81 90 82 89 82 91 82 90 83 88 83 89 83 92 84 91 84 93 84 92 85 90 85 91 85 94 86 93 86 95 86 94 87 92 87 93 87 96 88 95 88 97 88 96 89 94 89 95 89 98 90 97 90 99 90 98 91 99 91 100 91 98 92 96 92 97 92 101 93 100 93 102 93 101 94 98 94 100 94 103 95 101 95 102 95 104 96 102 96 105 96 104 97 103 97 102 97 106 98 105 98 107 98 106 99 104 99 105 99 108 100 107 100 109 100 108 101 106 101 107 101 110 102 108 102 109 102 110 103 109 103 111 103 112 104 110 104 111 104 112 105 111 105 113 105 114 106 112 106 113 106 114 107 113 107 115 107 116 108 114 108 115 108 116 109 115 109 117 109 116 110 117 110 118 110 119 111 116 111 118 111 120 112 119 112 118 112 120 113 118 113 121 113 122 114 120 114 121 114 122 115 121 115 123 115 124 116 122 116 123 116 124 117 123 117 125 117 124 118 125 118 126 118 127 119 124 119 126 119 128 120 127 120 126 120 128 121 126 121 129 121 128 122 129 122 130 122 131 123 128 123 130 123 132 124 131 124 130 124 132 125 130 125 133 125 132 126 133 126 134 126 135 127 132 127 134 127 136 128 134 128 137 128 136 129 135 129 134 129 138 130 137 130 139 130 138 131 139 131 140 131 138 132 136 132 137 132 141 133 138 133 140 133 142 134 140 134 143 134 142 135 141 135 140 135 144 136 143 136 145 136 144 137 142 137 143 137 146 138 145 138 147 138 146 139 144 139 145 139 148 140 147 140 149 140 148 141 146 141 147 141 150 142 149 142 151 142 150 143 148 143 149 143 152 144 153 144 154 144 152 145 155 145 153 145 156 146 154 146 157 146 156 147 157 147 158 147 156 148 152 148 154 148 159 149 156 149 158 149 160 150 158 150 161 150 160 151 161 151 162 151 160 152 159 152 158 152 163 153 160 153 162 153 164 154 162 154 165 154 164 155 163 155 162 155 166 156 165 156 167 156 166 157 167 157 168 157 166 158 164 158 165 158 169 159 166 159 168 159 170 160 168 160 171 160 170 161 169 161 168 161 172 162 171 162 173 162 172 163 170 163 171 163 174 164 173 164 175 164 174 165 175 165 176 165 174 166 172 166 173 166 177 167 174 167 176 167 178 168 176 168 179 168 178 169 177 169 176 169 180 170 179 170 181 170 180 171 178 171 179 171 182 172 181 172 183 172 182 173 183 173 184 173 182 174 180 174 181 174 185 175 182 175 184 175 186 176 185 176 184 176 186 177 184 177 187 177 188 178 187 178 189 178 188 179 189 179 190 179 188 180 186 180 187 180 191 181 188 181 190 181 192 182 191 182 190 182 192 183 190 183 193 183 194 184 192 184 193 184 194 185 193 185 195 185 196 186 194 186 195 186 196 187 195 187 197 187 198 188 196 188 197 188 198 189 197 189 199 189 200 190 199 190 201 190 200 191 198 191 199 191 202 192 201 192 203 192 202 193 200 193 201 193 204 194 203 194 205 194 204 195 202 195 203 195 206 196 205 196 207 196 206 197 204 197 205 197 208 198 207 198 209 198 208 199 209 199 210 199 208 200 206 200 207 200 211 201 208 201 210 201 212 202 210 202 213 202 212 203 211 203 210 203 214 204 213 204 215 204 214 205 212 205 213 205 216 206 215 206 217 206 216 207 214 207 215 207 218 208 217 208 219 208 218 209 216 209 217 209 220 210 219 210 221 210 220 211 218 211 219 211 222 212 221 212 223 212 222 213 220 213 221 213 224 214 223 214 225 214 224 215 222 215 223 215 226 216 225 216 227 216 226 217 227 217 228 217 226 218 224 218 225 218 229 219 228 219 230 219 229 220 226 220 228 220 231 221 229 221 230 221 232 222 230 222 233 222 232 223 231 223 230 223 234 224 233 224 235 224 234 225 232 225 233 225 236 226 235 226 237 226 236 227 234 227 235 227 238 228 236 228 237 228 238 229 237 229 239 229 240 230 238 230 239 230 240 231 239 231 241 231 242 232 240 232 241 232 242 233 241 233 243 233 244 234 242 234 243 234 244 235 243 235 245 235 244 236 245 236 246 236 247 237 244 237 246 237 248 238 247 238 246 238 248 239 246 239 249 239 250 240 248 240 249 240 250 241 249 241 251 241 252 242 250 242 251 242 252 243 251 243 253 243 252 244 253 244 254 244 255 245 252 245 254 245 256 246 255 246 254 246 256 247 254 247 257 247 256 248 257 248 258 248 259 249 256 249 258 249 260 250 259 250 258 250 260 251 258 251 261 251 260 252 261 252 262 252 263 253 260 253 262 253 264 254 262 254 265 254 264 255 263 255 262 255 266 256 265 256 267 256 266 257 267 257 268 257 266 258 264 258 265 258 269 259 266 259 268 259 270 260 268 260 271 260 270 261 269 261 268 261 272 262 271 262 273 262 272 263 270 263 271 263 274 264 273 264 275 264 274 265 272 265 273 265 276 266 275 266 277 266 276 267 274 267 275 267 278 268 277 268 279 268 278 269 276 269 277 269 280 270 281 270 282 270 283 271 284 271 285 271 283 272 285 272 286 272 287 273 283 273 288 273 289 274 288 274 283 274 290 275 283 275 287 275 291 276 289 276 283 276 292 277 283 277 290 277 293 278 291 278 283 278 294 279 283 279 292 279 295 280 293 280 283 280 296 281 283 281 294 281 297 282 295 282 283 282 298 283 283 283 296 283 299 284 297 284 283 284 300 285 283 285 298 285 300 286 284 286 283 286 301 287 299 287 283 287 302 288 301 288 283 288 303 289 284 289 300 289 304 290 302 290 283 290 305 291 284 291 303 291 306 292 304 292 283 292 307 293 284 293 305 293 308 294 284 294 307 294 309 295 284 295 308 295 310 296 306 296 283 296 311 297 284 297 309 297 312 298 284 298 311 298 313 299 284 299 312 299 314 300 310 300 283 300 315 301 284 301 313 301 316 302 284 302 315 302 317 303 284 303 316 303 318 304 314 304 283 304 319 305 318 305 283 305 320 306 284 306 317 306 321 307 319 307 283 307 322 308 321 308 283 308 323 309 284 309 320 309 324 310 322 310 283 310 325 311 284 311 323 311 326 312 324 312 283 312 327 313 284 313 325 313 328 314 326 314 283 314 329 315 284 315 327 315 330 316 284 316 329 316 331 317 284 317 330 317 332 318 328 318 283 318 333 319 284 319 331 319 334 320 284 320 333 320 335 321 284 321 334 321 336 322 332 322 283 322 337 323 284 323 335 323 338 324 336 324 283 324 339 325 284 325 337 325 340 326 338 326 283 326 341 327 340 327 283 327 342 328 341 328 283 328 343 329 284 329 339 329 344 330 342 330 283 330 345 331 284 331 343 331 346 332 284 332 345 332 347 333 344 333 283 333 348 334 284 334 346 334 349 335 347 335 283 335 350 336 284 336 348 336 351 337 284 337 350 337 352 338 349 338 283 338 353 339 284 339 351 339 354 340 352 340 283 340 355 341 354 341 283 341 356 342 284 342 353 342 357 343 355 343 283 343 358 344 357 344 283 344 359 345 358 345 283 345 360 346 284 346 356 346 361 347 284 347 360 347 362 348 359 348 283 348 363 349 284 349 361 349 364 350 284 350 363 350 365 351 284 351 364 351 366 352 362 352 283 352 367 353 284 353 365 353 368 354 366 354 283 354 369 355 368 355 283 355 370 356 369 356 283 356 371 357 370 357 283 357 372 358 371 358 283 358 373 359 284 359 367 359 374 360 372 360 283 360 375 361 284 361 373 361 376 362 374 362 283 362 377 363 284 363 375 363 378 364 284 364 377 364 379 365 284 365 378 365 380 366 376 366 283 366 381 367 284 367 379 367 382 368 284 368 381 368 383 369 380 369 283 369 384 370 383 370 283 370 385 371 284 371 382 371 386 372 384 372 283 372 387 373 284 373 385 373 388 374 284 374 387 374 389 375 284 375 388 375 390 376 386 376 283 376 391 377 284 377 389 377 392 378 284 378 391 378 393 379 284 379 392 379 394 380 390 380 283 380 395 381 280 381 284 381 395 382 284 382 393 382 396 383 394 383 283 383 397 384 396 384 283 384 398 385 397 385 283 385 399 386 398 386 283 386 400 387 280 387 395 387 401 388 399 388 283 388 402 389 401 389 283 389 403 390 402 390 283 390 404 391 280 391 400 391 405 392 280 392 404 392 406 393 403 393 283 393 407 394 280 394 405 394 408 395 406 395 283 395 409 396 280 396 407 396 410 397 408 397 283 397 411 398 280 398 409 398 412 399 410 399 283 399 413 400 412 400 283 400 414 401 280 401 411 401 415 402 280 402 414 402 19 403 280 403 415 403 16 404 280 404 19 404 20 405 280 405 16 405 22 406 280 406 20 406 416 407 280 407 22 407 417 408 280 408 416 408 418 409 280 409 417 409 419 410 280 410 418 410 420 411 280 411 419 411 421 412 422 412 423 412 421 413 423 413 424 413 421 414 424 414 425 414 421 415 425 415 426 415 421 416 426 416 427 416 428 417 429 417 430 417 428 418 430 418 431 418 428 419 431 419 432 419 433 420 422 420 421 420 434 421 428 421 432 421 434 422 432 422 435 422 434 423 435 423 436 423 437 424 438 424 422 424 437 425 422 425 433 425 439 426 434 426 436 426 440 427 438 427 437 427 441 428 438 428 440 428 442 429 280 429 420 429 443 430 444 430 445 430 443 431 445 431 446 431 447 432 280 432 442 432 448 433 443 433 446 433 449 434 448 434 446 434 450 435 451 435 452 435 450 436 452 436 453 436 450 437 453 437 454 437 450 438 454 438 455 438 450 439 455 439 456 439 457 440 446 440 458 440 457 441 449 441 446 441 459 442 438 442 441 442 459 443 441 443 460 443 459 444 460 444 451 444 459 445 451 445 450 445 461 446 457 446 458 446 462 447 280 447 447 447 463 448 438 448 459 448 464 449 461 449 458 449 464 450 458 450 465 450 466 451 280 451 462 451 467 452 280 452 466 452 468 453 469 453 470 453 468 454 470 454 471 454 472 455 468 455 471 455 473 456 474 456 475 456 476 457 472 457 471 457 477 458 280 458 467 458 478 459 479 459 480 459 478 460 480 460 481 460 478 461 481 461 474 461 478 462 474 462 473 462 482 463 476 463 471 463 482 464 471 464 483 464 482 465 483 465 484 465 485 466 486 466 479 466 485 467 479 467 478 467 487 468 488 468 486 468 487 469 486 469 485 469 489 470 465 470 490 470 489 471 490 471 439 471 489 472 482 472 484 472 489 473 436 473 438 473 489 474 464 474 465 474 489 475 463 475 491 475 489 476 439 476 436 476 489 477 438 477 463 477 489 478 484 478 492 478 489 479 492 479 464 479 493 480 489 480 491 480 493 481 491 481 488 481 493 482 488 482 487 482 494 483 493 483 487 483 495 484 280 484 477 484 495 485 281 485 280 485 496 486 494 486 487 486 497 487 496 487 487 487 498 488 497 488 487 488 498 489 487 489 499 489 500 490 501 490 502 490 503 491 498 491 499 491 504 492 505 492 506 492 504 493 506 493 507 493 504 494 507 494 508 494 504 495 508 495 501 495 504 496 501 496 500 496 509 497 503 497 499 497 509 498 499 498 510 498 511 499 281 499 495 499 512 500 281 500 511 500 513 501 281 501 512 501 514 502 515 502 516 502 517 503 514 503 516 503 518 504 281 504 513 504 519 505 517 505 516 505 520 506 519 506 516 506 521 507 281 507 518 507 522 508 516 508 523 508 522 509 520 509 516 509 524 510 281 510 521 510 525 511 510 511 505 511 525 512 505 512 504 512 525 513 522 513 523 513 525 514 504 514 526 514 525 515 509 515 510 515 525 516 523 516 509 516 527 517 281 517 524 517 528 518 281 518 527 518 529 519 525 519 526 519 530 520 531 520 532 520 533 521 281 521 528 521 534 522 531 522 530 522 535 523 281 523 533 523 536 524 537 524 531 524 536 525 531 525 534 525 538 526 539 526 540 526 541 527 538 527 540 527 541 528 529 528 526 528 541 529 540 529 529 529 542 530 281 530 535 530 543 531 537 531 536 531 544 532 281 532 542 532 545 533 546 533 547 533 545 534 547 534 548 534 545 535 548 535 549 535 545 536 549 536 550 536 545 537 550 537 551 537 545 538 551 538 552 538 545 539 552 539 537 539 545 540 537 540 543 540 553 541 554 541 555 541 553 542 556 542 554 542 553 543 557 543 556 543 553 544 558 544 559 544 553 545 560 545 558 545 553 546 555 546 560 546 553 547 559 547 561 547 553 548 561 548 562 548 553 549 562 549 563 549 564 550 526 550 546 550 564 551 541 551 526 551 565 552 557 552 553 552 566 553 565 553 553 553 567 554 564 554 546 554 567 555 546 555 545 555 567 556 12 556 9 556 567 557 9 557 8 557 567 558 8 558 568 558 567 559 568 559 569 559 567 560 569 560 570 560 567 561 570 561 564 561 571 562 572 562 573 562 571 563 573 563 14 563 571 564 12 564 567 564 571 565 14 565 12 565 574 566 566 566 553 566 575 567 574 567 553 567 576 568 575 568 553 568 577 569 576 569 553 569 578 570 577 570 553 570 579 571 580 571 581 571 582 572 579 572 581 572 582 573 581 573 583 573 584 574 578 574 553 574 585 575 584 575 553 575 586 576 583 576 587 576 586 577 582 577 583 577 588 578 589 578 590 578 588 579 590 579 591 579 588 580 591 580 592 580 593 581 585 581 553 581 594 582 593 582 553 582 595 583 589 583 588 583 595 584 596 584 597 584 595 585 597 585 589 585 598 586 596 586 595 586 599 587 594 587 553 587 600 588 596 588 598 588 601 589 596 589 600 589 602 590 596 590 601 590 603 591 599 591 553 591 604 592 596 592 602 592 605 593 606 593 607 593 608 594 605 594 607 594 608 595 607 595 609 595 608 596 609 596 610 596 608 597 610 597 611 597 612 598 603 598 553 598 613 599 612 599 553 599 614 600 608 600 611 600 614 601 611 601 615 601 616 602 613 602 553 602 617 603 616 603 553 603 618 604 614 604 615 604 619 605 617 605 553 605 620 606 618 606 615 606 620 607 621 607 622 607 620 608 622 608 618 608 620 609 615 609 586 609 623 610 619 610 553 610 624 611 620 611 586 611 625 612 626 612 627 612 628 613 629 613 630 613 628 614 630 614 626 614 628 615 626 615 625 615 631 616 623 616 553 616 632 617 629 617 628 617 632 618 633 618 629 618 634 619 633 619 632 619 635 620 631 620 553 620 636 621 635 621 553 621 637 622 636 622 553 622 638 623 637 623 553 623 639 624 638 624 553 624 640 625 641 625 642 625 643 626 640 626 642 626 643 627 642 627 644 627 643 628 644 628 645 628 643 629 645 629 646 629 647 630 648 630 649 630 650 631 639 631 553 631 651 632 648 632 647 632 652 633 650 633 553 633 653 634 648 634 651 634 654 635 652 635 553 635 655 636 643 636 646 636 655 637 646 637 656 637 657 638 648 638 653 638 658 639 659 639 648 639 658 640 648 640 657 640 660 641 654 641 553 641 661 642 660 642 553 642 662 643 655 643 656 643 663 644 661 644 553 644 664 645 663 645 553 645 665 646 664 646 553 646 666 647 665 647 553 647 667 648 668 648 669 648 667 649 669 649 670 649 667 650 670 650 671 650 672 651 666 651 553 651 673 652 671 652 674 652 673 653 674 653 662 653 673 654 667 654 671 654 675 655 672 655 553 655 676 656 673 656 662 656 677 657 675 657 553 657 678 658 676 658 662 658 678 659 662 659 656 659 679 660 680 660 681 660 679 661 681 661 682 661 679 662 682 662 683 662 679 663 683 663 684 663 685 664 678 664 656 664 686 665 677 665 553 665 687 666 688 666 689 666 687 667 689 667 680 667 687 668 680 668 679 668 690 669 686 669 553 669 691 670 692 670 688 670 691 671 688 671 687 671 693 672 690 672 553 672 694 673 692 673 691 673 694 674 695 674 692 674 696 675 697 675 698 675 699 676 700 676 695 676 699 677 695 677 694 677 701 678 693 678 553 678 702 679 698 679 703 679 702 680 703 680 685 680 702 681 656 681 624 681 702 682 696 682 698 682 702 683 685 683 656 683 704 684 705 684 700 684 704 685 700 685 699 685 706 686 701 686 553 686 707 687 705 687 704 687 708 688 706 688 553 688 709 689 708 689 553 689 710 690 709 690 553 690 711 691 710 691 553 691 712 692 711 692 553 692 713 693 712 693 553 693 714 694 707 694 715 694 714 695 715 695 716 695 714 696 716 696 717 696 714 697 717 697 718 697 714 698 718 698 719 698 714 699 705 699 707 699 720 700 705 700 714 700 721 701 713 701 553 701 722 702 721 702 553 702 723 703 722 703 553 703 724 704 723 704 553 704 725 705 724 705 553 705 726 706 725 706 553 706 727 707 726 707 553 707 728 708 729 708 730 708 731 709 727 709 553 709 732 710 733 710 734 710 732 711 734 711 735 711 732 712 735 712 729 712 732 713 729 713 728 713 736 714 733 714 732 714 736 715 737 715 733 715 738 716 739 716 737 716 738 717 737 717 736 717 740 718 731 718 553 718 741 719 739 719 738 719 741 720 742 720 739 720 743 721 742 721 741 721 743 722 744 722 742 722 745 723 740 723 553 723 746 724 744 724 743 724 747 725 745 725 553 725 748 726 747 726 553 726 749 727 748 727 553 727 750 728 749 728 553 728 751 729 752 729 753 729 751 730 753 730 754 730 755 731 750 731 553 731 756 732 752 732 751 732 756 733 746 733 752 733 757 734 755 734 553 734 758 735 744 735 746 735 758 736 746 736 756 736 759 737 720 737 744 737 759 738 744 738 758 738 760 739 659 739 658 739 760 740 658 740 705 740 760 741 705 741 720 741 760 742 720 742 759 742 761 743 762 743 763 743 764 744 762 744 761 744 765 745 762 745 764 745 765 746 766 746 762 746 767 747 766 747 765 747 768 748 766 748 767 748 768 749 769 749 766 749 770 750 771 750 659 750 770 751 769 751 768 751 770 752 760 752 772 752 770 753 772 753 773 753 770 754 773 754 769 754 770 755 659 755 760 755 770 756 774 756 771 756 775 757 633 757 634 757 775 758 774 758 770 758 775 759 776 759 633 759 775 760 634 760 774 760 777 761 776 761 775 761 778 762 776 762 777 762 779 763 776 763 778 763 780 764 776 764 779 764 781 765 776 765 780 765 782 766 776 766 781 766 783 767 596 767 604 767 783 768 776 768 782 768 783 769 567 769 596 769 783 770 604 770 776 770 784 771 544 771 785 771 784 772 786 772 787 772 784 773 788 773 786 773 784 774 785 774 788 774 784 775 789 775 790 775 784 776 791 776 789 776 784 777 787 777 791 777 784 778 792 778 793 778 784 779 794 779 792 779 784 780 790 780 794 780 784 781 795 781 796 781 784 782 797 782 795 782 784 783 793 783 797 783 784 784 798 784 799 784 784 785 800 785 798 785 784 786 796 786 800 786 784 787 801 787 802 787 784 788 803 788 801 788 784 789 799 789 803 789 784 790 804 790 805 790 784 791 806 791 804 791 784 792 802 792 806 792 784 793 807 793 808 793 784 794 809 794 807 794 784 795 805 795 809 795 784 796 810 796 811 796 784 797 281 797 544 797 784 798 812 798 810 798 784 799 808 799 812 799 784 800 813 800 814 800 784 801 815 801 813 801 784 802 811 802 815 802 784 803 816 803 817 803 784 804 818 804 816 804 784 805 814 805 818 805 784 806 819 806 820 806 784 807 821 807 819 807 784 808 817 808 821 808 784 809 822 809 823 809 784 810 824 810 822 810 784 811 820 811 824 811 784 812 825 812 826 812 784 813 827 813 825 813 784 814 823 814 827 814 784 815 826 815 828 815 784 816 828 816 829 816 830 817 784 817 829 817 831 818 830 818 829 818 831 819 832 819 833 819 831 820 829 820 832 820 834 821 783 821 835 821 834 822 835 822 836 822 834 823 836 823 837 823 834 824 837 824 838 824 834 825 838 825 839 825 834 826 839 826 840 826 841 827 831 827 833 827 841 828 833 828 842 828 841 829 842 829 843 829 844 830 783 830 834 830 844 831 567 831 783 831 845 832 841 832 843 832 846 833 567 833 844 833 847 834 845 834 843 834 848 835 567 835 846 835 849 836 567 836 848 836 850 837 567 837 849 837 851 838 567 838 850 838 852 839 847 839 843 839 853 840 567 840 851 840 854 841 567 841 853 841 855 842 852 842 843 842 856 843 855 843 843 843 857 844 856 844 843 844 858 845 859 845 860 845 861 846 857 846 843 846 862 847 859 847 858 847 862 848 863 848 864 848 862 849 864 849 865 849 862 850 865 850 859 850 866 851 863 851 862 851 866 852 867 852 863 852 868 853 867 853 866 853 869 854 861 854 843 854 870 855 867 855 868 855 871 856 867 856 870 856 871 857 854 857 867 857 872 858 567 858 854 858 872 859 854 859 871 859 873 860 869 860 843 860 874 861 875 861 571 861 874 862 567 862 872 862 874 863 571 863 567 863 876 864 875 864 874 864 877 865 878 865 875 865 877 866 875 866 876 866 879 867 878 867 877 867 880 868 873 868 843 868 881 869 878 869 879 869 881 870 882 870 878 870 883 871 882 871 881 871 884 872 882 872 883 872 884 873 587 873 882 873 885 874 880 874 843 874 886 875 586 875 587 875 886 876 624 876 586 876 886 877 702 877 624 877 886 878 587 878 884 878 887 879 888 879 702 879 887 880 702 880 886 880 889 881 885 881 843 881 890 882 553 882 891 882 890 883 892 883 893 883 890 884 894 884 892 884 890 885 893 885 895 885 890 886 895 886 896 886 890 887 897 887 898 887 890 888 899 888 897 888 890 889 896 889 899 889 890 890 898 890 900 890 890 891 900 891 901 891 890 892 901 892 902 892 890 893 903 893 904 893 890 894 905 894 903 894 890 895 902 895 905 895 890 896 906 896 907 896 890 897 908 897 906 897 890 898 904 898 908 898 890 899 907 899 909 899 890 900 909 900 910 900 890 901 910 901 911 901 890 902 912 902 913 902 890 903 914 903 912 903 890 904 911 904 914 904 890 905 915 905 916 905 890 906 917 906 915 906 890 907 913 907 917 907 890 908 918 908 919 908 890 909 920 909 918 909 890 910 916 910 920 910 890 911 921 911 922 911 890 912 923 912 921 912 890 913 919 913 923 913 890 914 924 914 925 914 890 915 926 915 924 915 890 916 922 916 926 916 890 917 927 917 928 917 890 918 929 918 927 918 890 919 925 919 929 919 890 920 930 920 757 920 890 921 931 921 930 921 890 922 928 922 931 922 890 923 757 923 553 923 932 924 889 924 843 924 933 925 894 925 890 925 934 926 935 926 936 926 934 927 936 927 937 927 938 928 935 928 934 928 939 929 932 929 843 929 940 930 935 930 938 930 941 931 942 931 943 931 941 932 943 932 935 932 941 933 935 933 940 933 944 934 933 934 890 934 945 935 939 935 843 935 946 936 944 936 890 936 947 937 888 937 887 937 947 938 887 938 948 938 947 939 948 939 942 939 947 940 942 940 941 940 949 941 946 941 890 941 950 942 888 942 947 942 951 943 888 943 950 943 952 944 949 944 890 944 953 945 954 945 955 945 956 946 957 946 954 946 956 947 954 947 953 947 958 948 951 948 957 948 958 949 957 949 956 949 959 950 952 950 890 950 960 951 945 951 843 951 960 952 843 952 961 952 962 953 963 953 964 953 962 954 964 954 965 954 962 955 965 955 966 955 967 956 959 956 890 956 968 957 969 957 970 957 968 958 970 958 963 958 968 959 963 959 962 959 971 960 958 960 972 960 971 961 972 961 969 961 971 962 969 962 968 962 973 963 958 963 971 963 973 964 971 964 974 964 973 965 974 965 975 965 973 966 975 966 976 966 973 967 951 967 958 967 973 968 888 968 951 968 977 969 978 969 979 969 977 970 980 970 981 970 977 971 981 971 888 971 977 972 888 972 973 972 977 973 982 973 978 973 977 974 983 974 980 974 977 975 979 975 983 975 984 976 967 976 890 976 985 977 281 977 784 977 986 978 984 978 890 978 987 979 960 979 961 979 987 980 961 980 988 980 987 981 988 981 989 981 990 982 986 982 890 982 991 983 990 983 890 983 992 984 991 984 890 984 993 985 987 985 989 985 993 986 989 986 994 986 993 987 994 987 995 987 993 988 995 988 996 988 997 989 992 989 890 989 998 990 997 990 890 990 999 991 998 991 890 991 1000 992 993 992 996 992 1000 993 996 993 1001 993 1000 994 1001 994 1002 994 1003 995 999 995 890 995 1004 996 1003 996 890 996 1005 997 1004 997 890 997 1006 998 1005 998 890 998 1007 999 1006 999 890 999 1008 1000 1000 1000 1002 1000 1008 1001 1002 1001 1009 1001 1010 1002 1007 1002 890 1002 1011 1003 1010 1003 890 1003 1012 1004 1011 1004 890 1004 1013 1005 1012 1005 890 1005 1014 1006 1013 1006 890 1006 0 1007 1015 1007 1016 1007 1 1008 0 1008 1016 1008 1 1009 1016 1009 1017 1009 6 1010 4 1010 1 1010 6 1011 1017 1011 1018 1011 6 1012 1 1012 1017 1012 1019 1013 1008 1013 1009 1013 1019 1014 1009 1014 982 1014 1020 1015 1018 1015 1021 1015 1020 1016 1021 1016 1022 1016 1020 1017 6 1017 1018 1017 1023 1018 1020 1018 1022 1018 1024 1019 1023 1019 1022 1019 1025 1020 1022 1020 1026 1020 1025 1021 1024 1021 1022 1021 1027 1022 1025 1022 1026 1022 1028 1023 982 1023 977 1023 1028 1024 1019 1024 982 1024 1029 1025 1027 1025 1026 1025 1030 1026 1029 1026 1026 1026 1031 1027 1028 1027 977 1027 1032 1028 1030 1028 1026 1028 1033 1029 1026 1029 1034 1029 1033 1030 1032 1030 1026 1030 1035 1031 1031 1031 977 1031 1036 1032 1035 1032 977 1032 1037 1033 1033 1033 1034 1033 1038 1034 1036 1034 977 1034 1039 1035 1038 1035 977 1035 1040 1036 1037 1036 1034 1036 1040 1037 1034 1037 1041 1037 1042 1038 1039 1038 977 1038 1043 1039 1044 1039 985 1039 1043 1040 985 1040 1045 1040 1043 1041 1045 1041 1046 1041 1043 1042 1046 1042 1047 1042 1048 1043 985 1043 1044 1043 1049 1044 1050 1044 1051 1044 1049 1045 1043 1045 1047 1045 1049 1046 1047 1046 1050 1046 1052 1047 1051 1047 1053 1047 1052 1048 1049 1048 1051 1048 1054 1049 1052 1049 1053 1049 1055 1050 1042 1050 977 1050 1056 1051 985 1051 1048 1051 1057 1052 1053 1052 1058 1052 1057 1053 1054 1053 1053 1053 1059 1054 985 1054 1056 1054 1060 1055 985 1055 1059 1055 1060 1056 281 1056 985 1056 1061 1057 1041 1057 1062 1057 1061 1058 1040 1058 1041 1058 1063 1059 977 1059 1064 1059 1063 1060 1055 1060 977 1060 1065 1061 281 1061 1060 1061 1066 1062 281 1062 1065 1062 1067 1063 1061 1063 1062 1063 1068 1064 1063 1064 1064 1064 1069 1065 281 1065 1066 1065 1070 1066 1068 1066 1064 1066 1071 1067 1062 1067 1072 1067 1071 1068 1067 1068 1062 1068 1073 1069 1058 1069 1074 1069 1073 1070 1057 1070 1058 1070 1075 1071 1064 1071 1076 1071 1075 1072 1070 1072 1064 1072 1077 1073 1076 1073 1078 1073 1077 1074 1075 1074 1076 1074 1079 1075 1071 1075 1072 1075 1079 1076 1072 1076 1080 1076 1081 1077 1077 1077 1078 1077 1081 1078 1078 1078 1082 1078 1083 1079 1082 1079 1084 1079 1083 1080 1084 1080 1085 1080 1083 1081 1081 1081 1082 1081 1086 1082 1083 1082 1085 1082 1086 1083 1085 1083 1087 1083 1088 1084 1079 1084 1080 1084 1089 1085 281 1085 1069 1085 1090 1086 1086 1086 1087 1086 1091 1087 1073 1087 1074 1087 1092 1088 1080 1088 1093 1088 1092 1089 1088 1089 1080 1089 1094 1090 1090 1090 1087 1090 1095 1091 1087 1091 1096 1091 1095 1092 1096 1092 1097 1092 1095 1093 1094 1093 1087 1093 1098 1094 1095 1094 1097 1094 1098 1095 1099 1095 1100 1095 1098 1096 1097 1096 1099 1096 1101 1097 1098 1097 1100 1097 1102 1098 1101 1098 1100 1098 1102 1099 1100 1099 1103 1099 1104 1100 1102 1100 1103 1100 1104 1101 1103 1101 1105 1101 1106 1102 1093 1102 1107 1102 1106 1103 1092 1103 1093 1103 1108 1104 1104 1104 1105 1104 1108 1105 1105 1105 1109 1105 1108 1106 1110 1106 1111 1106 1108 1107 1112 1107 1110 1107 1108 1108 1109 1108 1112 1108 1108 1109 1111 1109 1113 1109 1114 1110 1108 1110 1113 1110 1114 1111 1113 1111 1115 1111 1114 1112 1116 1112 1117 1112 1114 1113 1118 1113 1116 1113 1114 1114 1115 1114 1118 1114 1114 1115 1117 1115 1119 1115 1114 1116 1119 1116 1120 1116 1114 1117 1120 1117 1121 1117 1122 1118 1114 1118 1121 1118 1122 1119 1121 1119 1123 1119 1122 1120 1124 1120 1125 1120 1122 1121 1126 1121 1124 1121 1122 1122 1123 1122 1126 1122 1122 1123 1125 1123 1127 1123 1122 1124 1127 1124 1128 1124 1122 1125 1129 1125 1130 1125 1122 1126 1131 1126 1129 1126 1122 1127 1128 1127 1131 1127 1122 1128 1130 1128 1132 1128 1133 1129 1134 1129 1135 1129 1133 1130 1135 1130 1136 1130 1133 1131 1136 1131 1137 1131 1133 1132 1137 1132 1138 1132 1133 1133 1138 1133 1139 1133 1133 1134 1139 1134 1140 1134 1133 1135 1140 1135 1141 1135 1133 1136 1141 1136 1142 1136 1143 1137 1122 1137 1132 1137 1143 1138 1132 1138 1144 1138 1145 1139 1014 1139 890 1139 1145 1140 1143 1140 1144 1140 1145 1141 1144 1141 1146 1141 1145 1142 1146 1142 1014 1142 1147 1143 1145 1143 890 1143 1148 1144 1147 1144 890 1144 1149 1145 1107 1145 1150 1145 1149 1146 1150 1146 1151 1146 1149 1147 1106 1147 1107 1147 1152 1148 1148 1148 890 1148 1153 1149 1152 1149 890 1149 1154 1150 1074 1150 1155 1150 1154 1151 1091 1151 1074 1151 1156 1152 1151 1152 1157 1152 1156 1153 1149 1153 1151 1153 1158 1154 281 1154 1089 1154 1159 1155 1157 1155 1160 1155 1159 1156 1160 1156 1161 1156 1159 1157 1156 1157 1157 1157 1162 1158 1153 1158 890 1158 1163 1159 1159 1159 1161 1159 1163 1160 1161 1160 1164 1160 1165 1161 1164 1161 1166 1161 1165 1162 1166 1162 1167 1162 1165 1163 1167 1163 1168 1163 1165 1164 1168 1164 1169 1164 1165 1165 1169 1165 1170 1165 1165 1166 1170 1166 1171 1166 1165 1167 1171 1167 1172 1167 1165 1168 1172 1168 1173 1168 1165 1169 1173 1169 1134 1169 1165 1170 1134 1170 1133 1170 1174 1171 1155 1171 1175 1171 1174 1172 1154 1172 1155 1172 1176 1173 1163 1173 1164 1173 1176 1174 1164 1174 1165 1174 1177 1175 1162 1175 890 1175 1178 1176 1176 1176 1165 1176 1178 1177 1179 1177 1180 1177 1178 1178 1180 1178 1181 1178 1178 1179 1181 1179 1182 1179 1178 1180 1182 1180 1183 1180 1178 1181 1183 1181 1176 1181 1184 1182 1175 1182 1185 1182 1184 1183 1185 1183 1186 1183 1184 1184 1174 1184 1175 1184 1187 1185 1179 1185 1178 1185 1188 1186 1187 1186 1178 1186 1189 1187 1188 1187 1178 1187 1190 1188 1189 1188 1178 1188 1191 1189 1190 1189 1178 1189 1192 1190 1191 1190 1178 1190 1193 1191 1192 1191 1178 1191 1194 1192 1193 1192 1178 1192 1195 1193 1194 1193 1178 1193 1196 1194 1195 1194 1178 1194 1197 1195 1196 1195 1178 1195 1198 1196 1186 1196 1199 1196 1198 1197 1199 1197 1200 1197 1198 1198 1200 1198 1201 1198 1198 1199 1201 1199 1202 1199 1198 1200 1184 1200 1186 1200 1203 1201 1204 1201 1205 1201 1203 1202 1206 1202 1207 1202 1203 1203 1208 1203 1206 1203 1203 1204 1205 1204 1208 1204 1203 1205 1207 1205 1209 1205 1210 1206 1204 1206 1203 1206 1211 1207 1210 1207 1203 1207 1212 1208 1202 1208 1213 1208 1212 1209 1213 1209 1214 1209 1212 1210 1214 1210 1215 1210 1212 1211 1198 1211 1202 1211 1212 1212 1215 1212 1216 1212 1212 1213 1216 1213 1217 1213 1212 1214 1218 1214 1219 1214 1212 1215 1220 1215 1218 1215 1212 1216 1217 1216 1220 1216 1212 1217 1221 1217 1222 1217 1212 1218 1223 1218 1221 1218 1212 1219 1219 1219 1223 1219 1212 1220 1224 1220 1225 1220 1212 1221 1226 1221 1224 1221 1212 1222 1222 1222 1226 1222 1227 1223 1228 1223 1177 1223 1229 1224 1230 1224 1158 1224 1229 1225 1158 1225 1231 1225 1232 1226 1229 1226 1231 1226 1233 1227 1232 1227 1231 1227 1233 1228 1231 1228 1234 1228 1235 1229 1233 1229 1234 1229 1235 1230 1234 1230 1236 1230 1237 1231 1235 1231 1236 1231 1237 1232 1236 1232 1238 1232 1237 1233 1238 1233 1239 1233 1240 1234 1237 1234 1239 1234 1240 1235 1239 1235 1241 1235 1242 1236 1240 1236 1241 1236 1242 1237 1241 1237 1243 1237 1242 1238 1243 1238 1244 1238 1242 1239 1244 1239 1245 1239 1246 1240 1247 1240 1227 1240 1248 1241 1245 1241 1249 1241 1248 1242 1249 1242 1250 1242 1248 1243 1242 1243 1245 1243 1251 1244 1246 1244 1227 1244 1252 1245 1251 1245 1227 1245 1253 1246 1252 1246 1227 1246 1254 1247 1248 1247 1250 1247 1254 1248 1250 1248 1255 1248 1254 1249 1255 1249 1256 1249 1257 1250 1256 1250 1258 1250 1257 1251 1254 1251 1256 1251 1257 1252 1258 1252 1259 1252 1260 1253 1253 1253 1227 1253 1261 1254 1257 1254 1259 1254 1261 1255 1259 1255 1262 1255 1263 1256 1261 1256 1262 1256 1263 1257 1262 1257 1264 1257 1265 1258 1264 1258 1266 1258 1265 1259 1263 1259 1264 1259 1267 1260 1266 1260 1268 1260 1267 1261 1265 1261 1266 1261 1269 1262 1268 1262 1270 1262 1269 1263 1270 1263 1271 1263 1269 1264 1271 1264 1272 1264 1269 1265 1267 1265 1268 1265 1273 1266 1260 1266 1227 1266 1274 1267 1269 1267 1272 1267 1274 1268 1272 1268 1275 1268 1276 1269 1274 1269 1275 1269 1277 1270 1278 1270 1279 1270 1280 1271 1276 1271 1275 1271 1280 1272 1275 1272 1278 1272 1281 1273 1278 1273 1277 1273 1281 1274 1280 1274 1278 1274 1282 1275 1273 1275 1227 1275 1283 1276 1227 1276 1177 1276 1283 1277 1282 1277 1227 1277 1284 1278 1212 1278 1225 1278 1284 1279 1225 1279 1285 1279 1286 1280 1283 1280 1177 1280 1287 1281 1286 1281 1177 1281 1288 1282 1289 1282 1290 1282 1288 1283 1285 1283 1289 1283 1288 1284 1284 1284 1285 1284 1291 1285 1287 1285 1177 1285 1292 1286 1177 1286 890 1286 1292 1287 1291 1287 1177 1287 1293 1288 1292 1288 890 1288 1294 1289 1293 1289 890 1289 1295 1290 1296 1290 1297 1290 1295 1291 1297 1291 1298 1291 1295 1292 1298 1292 1299 1292 1295 1293 1299 1293 1300 1293 1295 1294 1300 1294 1301 1294 1302 1295 1294 1295 890 1295 1303 1296 1302 1296 890 1296 1304 1297 1305 1297 1306 1297 1304 1298 1301 1298 1307 1298 1304 1299 1307 1299 1308 1299 1304 1300 1308 1300 1309 1300 1304 1301 1309 1301 1310 1301 1304 1302 1310 1302 1305 1302 1304 1303 1295 1303 1301 1303 1311 1304 1312 1304 1313 1304 1311 1305 1313 1305 1314 1305 1311 1306 1314 1306 1315 1306 1311 1307 1315 1307 1316 1307 1311 1308 1316 1308 1317 1308 1318 1309 1319 1309 1320 1309 1318 1310 1306 1310 1319 1310 1318 1311 1304 1311 1306 1311 1318 1312 1320 1312 1321 1312 1318 1313 1322 1313 1323 1313 1318 1314 1324 1314 1322 1314 1318 1315 1321 1315 1324 1315 1318 1316 1325 1316 1303 1316 1318 1317 1326 1317 1325 1317 1318 1318 1323 1318 1326 1318 1318 1319 1303 1319 890 1319 1327 1320 1158 1320 1230 1320 1327 1321 281 1321 1158 1321 1328 1322 1327 1322 1230 1322 1329 1323 1330 1323 1331 1323 1332 1324 1331 1324 1333 1324 1334 1325 1332 1325 1333 1325 1335 1326 1328 1326 1330 1326 1336 1327 1317 1327 1337 1327 1336 1328 1337 1328 1338 1328 1336 1329 1338 1329 1339 1329 1336 1330 1311 1330 1317 1330 1336 1331 1339 1331 1340 1331 1336 1332 1340 1332 1341 1332 1336 1333 1341 1333 1342 1333 1343 1334 1328 1334 1335 1334 1343 1335 1327 1335 1328 1335 1343 1336 1344 1336 1327 1336 1345 1337 1344 1337 1343 1337 1346 1338 1347 1338 1335 1338 1348 1339 1346 1339 1335 1339 1349 1340 1348 1340 1335 1340 1350 1341 1349 1341 1335 1341 1351 1342 1352 1342 1353 1342 1351 1343 1353 1343 1354 1343 1351 1344 1355 1344 1356 1344 1351 1345 1357 1345 1355 1345 1351 1346 1354 1346 1357 1346 1351 1347 1356 1347 1358 1347 1351 1348 1358 1348 1359 1348 1351 1349 1359 1349 1360 1349 1351 1350 1360 1350 1361 1350 1362 1351 1352 1351 1351 1351 1363 1352 1327 1352 1344 1352 1364 1353 1362 1353 1351 1353 1365 1354 1364 1354 1351 1354 1366 1355 1365 1355 1351 1355 1367 1356 1366 1356 1351 1356 1368 1357 1367 1357 1351 1357 1369 1358 1368 1358 1351 1358 1370 1359 1371 1359 1372 1359 1370 1360 1372 1360 1373 1360 1374 1361 1369 1361 1351 1361 1375 1362 1374 1362 1351 1362 1376 1363 1371 1363 1370 1363 1377 1364 1375 1364 1351 1364 1378 1365 1377 1365 1351 1365 1379 1366 1378 1366 1351 1366 1380 1367 1379 1367 1351 1367 1381 1368 1380 1368 1351 1368 1382 1369 1335 1369 1330 1369 1382 1370 1330 1370 1329 1370 1382 1371 1350 1371 1335 1371 1383 1372 1381 1372 1351 1372 1384 1373 1383 1373 1351 1373 1385 1374 1386 1374 1387 1374 1388 1375 1384 1375 1351 1375 1389 1376 1386 1376 1385 1376 1389 1377 1390 1377 1391 1377 1389 1378 1391 1378 1392 1378 1389 1379 1392 1379 1386 1379 1393 1380 1388 1380 1351 1380 1394 1381 1393 1381 1351 1381 1395 1382 1394 1382 1351 1382 1396 1383 1395 1383 1351 1383 1397 1384 1396 1384 1351 1384 1398 1385 1397 1385 1351 1385 1399 1386 1398 1386 1351 1386 1400 1387 1401 1387 1345 1387 1400 1388 1345 1388 1343 1388 1402 1389 1399 1389 1351 1389 1403 1390 1402 1390 1351 1390 1404 1391 1403 1391 1351 1391 1405 1392 1404 1392 1351 1392 1406 1393 1405 1393 1351 1393 1407 1394 1406 1394 1351 1394 1408 1395 1400 1395 1409 1395 1410 1396 1407 1396 1351 1396 1411 1397 1412 1397 1413 1397 1411 1398 1413 1398 1414 1398 1415 1399 1410 1399 1351 1399 1416 1400 1412 1400 1411 1400 1417 1401 1415 1401 1351 1401 1418 1402 1419 1402 1412 1402 1418 1403 1412 1403 1416 1403 1420 1404 1421 1404 1419 1404 1420 1405 1419 1405 1418 1405 1422 1406 1417 1406 1351 1406 1423 1407 1422 1407 1351 1407 1424 1408 1425 1408 1426 1408 1424 1409 1426 1409 1421 1409 1424 1410 1421 1410 1420 1410 1427 1411 1423 1411 1351 1411 1428 1412 1427 1412 1351 1412 1429 1413 1329 1413 1430 1413 1429 1414 1382 1414 1329 1414 1431 1415 1428 1415 1351 1415 1432 1416 1431 1416 1351 1416 1433 1417 1432 1417 1351 1417 1434 1418 1400 1418 1408 1418 1435 1419 1436 1419 1437 1419 1435 1420 1437 1420 1438 1420 1435 1421 1438 1421 1439 1421 1440 1422 1433 1422 1351 1422 1441 1423 1442 1423 1436 1423 1441 1424 1436 1424 1435 1424 1443 1425 1440 1425 1351 1425 1444 1426 1445 1426 1442 1426 1444 1427 1442 1427 1441 1427 1446 1428 1443 1428 1351 1428 1447 1429 1445 1429 1444 1429 1448 1430 1446 1430 1351 1430 1449 1431 1424 1431 1445 1431 1449 1432 1445 1432 1447 1432 1450 1433 1448 1433 1351 1433 1450 1434 1351 1434 1451 1434 1452 1435 1424 1435 1449 1435 1453 1436 1450 1436 1451 1436 1454 1437 1453 1437 1451 1437 1455 1438 1454 1438 1451 1438 1456 1439 1455 1439 1451 1439 1457 1440 1456 1440 1451 1440 1458 1441 1459 1441 1460 1441 1461 1442 1462 1442 1463 1442 1461 1443 1463 1443 1464 1443 1461 1444 1464 1444 1459 1444 1461 1445 1459 1445 1458 1445 1465 1446 1457 1446 1451 1446 1466 1447 1462 1447 1461 1447 1467 1448 1465 1448 1451 1448 1468 1449 1467 1449 1451 1449 1469 1450 1468 1450 1451 1450 1470 1451 1469 1451 1451 1451 1471 1452 1470 1452 1451 1452 1472 1453 1471 1453 1451 1453 1473 1454 1474 1454 1475 1454 1476 1455 1474 1455 1473 1455 1477 1456 1474 1456 1476 1456 1478 1457 1472 1457 1451 1457 1479 1458 1474 1458 1477 1458 1479 1459 1480 1459 1474 1459 1481 1460 1480 1460 1479 1460 1482 1461 1483 1461 1480 1461 1482 1462 1480 1462 1481 1462 1484 1463 1478 1463 1451 1463 1485 1464 1486 1464 1483 1464 1485 1465 1483 1465 1482 1465 1487 1466 1488 1466 1486 1466 1487 1467 1486 1467 1485 1467 1489 1468 1462 1468 1466 1468 1489 1469 1452 1469 1462 1469 1489 1470 1466 1470 1488 1470 1489 1471 1488 1471 1487 1471 1490 1472 1451 1472 1491 1472 1490 1473 1484 1473 1451 1473 1492 1474 1452 1474 1489 1474 1492 1475 1424 1475 1452 1475 1493 1476 1490 1476 1491 1476 1494 1477 1493 1477 1491 1477 1495 1478 1494 1478 1491 1478 1496 1479 1495 1479 1491 1479 1497 1480 1498 1480 1499 1480 1500 1481 1496 1481 1491 1481 1501 1482 1498 1482 1497 1482 1502 1483 1500 1483 1491 1483 1503 1484 1498 1484 1501 1484 1503 1485 1492 1485 1498 1485 1503 1486 1424 1486 1492 1486 1504 1487 1425 1487 1424 1487 1504 1488 1424 1488 1503 1488 1505 1489 1429 1489 1430 1489 1505 1490 1430 1490 1506 1490 1507 1491 1425 1491 1504 1491 1508 1492 1502 1492 1491 1492 1509 1493 1425 1493 1507 1493 1509 1494 1510 1494 1425 1494 1511 1495 1510 1495 1509 1495 1512 1496 1508 1496 1491 1496 1513 1497 1505 1497 1506 1497 1513 1498 1506 1498 1514 1498 1515 1499 1512 1499 1491 1499 1516 1500 1517 1500 1518 1500 1516 1501 1518 1501 1519 1501 1516 1502 1519 1502 1520 1502 1521 1503 1515 1503 1491 1503 1522 1504 1517 1504 1516 1504 1522 1505 1511 1505 1523 1505 1522 1506 1523 1506 1524 1506 1522 1507 1524 1507 1517 1507 1525 1508 1521 1508 1491 1508 1526 1509 1525 1509 1491 1509 1527 1510 1528 1510 1529 1510 1527 1511 1529 1511 1530 1511 1527 1512 1530 1512 1531 1512 1527 1513 1531 1513 1510 1513 1527 1514 1511 1514 1522 1514 1527 1515 1510 1515 1511 1515 1532 1516 1513 1516 1514 1516 1533 1517 1526 1517 1491 1517 1534 1518 1535 1518 1536 1518 1537 1519 1535 1519 1534 1519 1537 1520 1538 1520 1535 1520 1539 1521 1533 1521 1491 1521 1540 1522 1541 1522 1542 1522 1540 1523 1542 1523 1543 1523 1540 1524 1543 1524 1528 1524 1540 1525 1528 1525 1527 1525 1540 1526 1538 1526 1537 1526 1540 1527 1527 1527 1538 1527 1544 1528 1539 1528 1491 1528 1545 1529 1544 1529 1491 1529 1546 1530 1532 1530 1514 1530 1547 1531 1545 1531 1491 1531 1548 1532 1389 1532 1549 1532 1548 1533 1549 1533 1541 1533 1548 1534 1541 1534 1540 1534 1548 1535 1390 1535 1389 1535 1550 1536 1547 1536 1491 1536 1551 1537 1550 1537 1491 1537 1552 1538 1551 1538 1491 1538 1553 1539 1390 1539 1548 1539 1553 1540 1554 1540 1390 1540 1555 1541 1546 1541 1514 1541 1555 1542 1514 1542 1371 1542 1556 1543 1552 1543 1491 1543 1557 1544 1371 1544 1376 1544 1557 1545 1554 1545 1553 1545 1557 1546 1555 1546 1371 1546 1557 1547 1553 1547 1558 1547 1557 1548 1558 1548 1559 1548 1557 1549 1559 1549 1560 1549 1557 1550 1560 1550 1561 1550 1557 1551 1376 1551 1554 1551 1562 1552 1491 1552 1563 1552 1562 1553 1556 1553 1491 1553 1564 1554 1562 1554 1563 1554 1565 1555 1564 1555 1563 1555 1566 1556 1565 1556 1563 1556 1567 1557 1568 1557 1569 1557 1567 1558 1569 1558 1570 1558 1571 1559 1566 1559 1563 1559 1572 1560 1567 1560 1570 1560 1573 1561 1572 1561 1570 1561 1574 1562 1571 1562 1563 1562 1575 1563 1573 1563 1570 1563 1575 1564 1557 1564 1561 1564 1575 1565 1570 1565 1557 1565 1576 1566 1575 1566 1561 1566 1576 1567 1561 1567 1577 1567 1576 1568 1577 1568 1578 1568 1576 1569 1578 1569 1579 1569 1580 1570 1576 1570 1579 1570 1580 1571 1579 1571 1581 1571 1580 1572 1581 1572 1582 1572 1583 1573 1584 1573 1585 1573 1586 1574 1584 1574 1583 1574 1587 1575 1588 1575 1589 1575 1590 1576 1584 1576 1586 1576 1591 1577 1587 1577 1589 1577 1591 1578 1589 1578 1592 1578 1593 1579 1584 1579 1590 1579 1594 1580 1592 1580 1595 1580 1594 1581 1591 1581 1592 1581 1596 1582 1597 1582 1584 1582 1596 1583 1584 1583 1593 1583 1598 1584 1580 1584 1582 1584 1598 1585 1595 1585 1580 1585 1598 1586 1594 1586 1595 1586 1599 1587 1597 1587 1596 1587 1600 1588 1598 1588 1582 1588 1600 1589 1582 1589 1601 1589 1600 1590 1601 1590 1602 1590 1600 1591 1602 1591 1603 1591 1600 1592 1603 1592 1604 1592 1605 1593 1597 1593 1599 1593 1605 1594 1606 1594 1597 1594 1607 1595 1608 1595 1609 1595 1607 1596 1600 1596 1604 1596 1607 1597 1604 1597 1610 1597 1607 1598 1610 1598 1608 1598 1611 1599 1609 1599 1612 1599 1611 1600 1607 1600 1609 1600 1613 1601 1611 1601 1612 1601 1614 1602 1612 1602 1615 1602 1614 1603 1613 1603 1612 1603 1616 1604 1614 1604 1615 1604 1617 1605 1618 1605 1619 1605 1620 1606 1616 1606 1615 1606 1621 1607 1618 1607 1617 1607 1622 1608 1615 1608 1606 1608 1622 1609 1620 1609 1615 1609 1623 1610 1624 1610 1618 1610 1623 1611 1618 1611 1621 1611 1625 1612 1624 1612 1623 1612 1626 1613 1622 1613 1606 1613 1627 1614 1628 1614 1624 1614 1627 1615 1624 1615 1625 1615 1629 1616 1605 1616 1630 1616 1629 1617 1626 1617 1606 1617 1629 1618 1606 1618 1605 1618 1631 1619 1629 1619 1630 1619 1631 1620 1630 1620 1628 1620 1631 1621 1627 1621 1632 1621 1631 1622 1628 1622 1627 1622 1633 1623 1632 1623 1634 1623 1633 1624 1631 1624 1632 1624 1635 1625 1633 1625 1634 1625 1636 1626 1434 1626 1637 1626 1636 1627 1637 1627 1638 1627 1636 1628 1638 1628 1639 1628 1636 1629 1400 1629 1434 1629 1640 1630 1641 1630 1642 1630 1643 1631 1644 1631 1645 1631 1646 1632 1647 1632 1648 1632 1646 1633 1648 1633 1649 1633 1646 1634 1649 1634 1641 1634 1646 1635 1641 1635 1640 1635 1650 1636 1643 1636 1645 1636 1651 1637 1652 1637 1647 1637 1651 1638 1647 1638 1646 1638 1653 1639 1650 1639 1645 1639 1654 1640 1652 1640 1651 1640 1654 1641 1655 1641 1652 1641 1656 1642 1653 1642 1645 1642 1657 1643 1655 1643 1654 1643 1657 1644 1658 1644 1655 1644 1659 1645 1645 1645 1660 1645 1659 1646 1656 1646 1645 1646 1661 1647 1658 1647 1657 1647 1662 1648 1659 1648 1660 1648 1662 1649 1660 1649 1663 1649 1664 1650 1658 1650 1661 1650 1664 1651 1634 1651 1658 1651 1664 1652 1635 1652 1634 1652 1665 1653 1662 1653 1663 1653 1666 1654 1665 1654 1663 1654 1666 1655 1663 1655 1635 1655 1667 1656 1666 1656 1635 1656 1667 1657 1635 1657 1664 1657 1668 1658 1667 1658 1664 1658 1668 1659 1664 1659 1669 1659 1668 1660 1669 1660 1670 1660 1671 1661 1668 1661 1670 1661 1671 1662 1670 1662 1672 1662 1671 1663 1672 1663 1673 1663 1674 1664 1671 1664 1673 1664 1674 1665 1673 1665 1675 1665 1676 1666 1636 1666 1639 1666 1677 1667 1401 1667 1400 1667 1677 1668 1400 1668 1636 1668 1678 1669 1679 1669 1680 1669 1678 1670 1681 1670 1682 1670 1678 1671 1683 1671 1681 1671 1678 1672 1680 1672 1683 1672 1678 1673 1684 1673 1685 1673 1678 1674 1686 1674 1684 1674 1678 1675 1682 1675 1686 1675 1678 1676 1685 1676 1687 1676 1678 1677 1687 1677 1688 1677 1678 1678 1688 1678 1689 1678 1678 1679 1689 1679 1690 1679 1678 1680 1691 1680 1692 1680 1678 1681 1693 1681 1691 1681 1678 1682 1690 1682 1693 1682 1678 1683 1692 1683 1694 1683 1678 1684 1694 1684 1695 1684 1678 1685 1696 1685 1697 1685 1678 1686 1698 1686 1696 1686 1678 1687 1695 1687 1698 1687 1678 1688 1699 1688 1700 1688 1678 1689 1701 1689 1699 1689 1678 1690 1697 1690 1701 1690 1678 1691 1702 1691 1703 1691 1678 1692 1704 1692 1702 1692 1678 1693 1700 1693 1704 1693 1678 1694 1705 1694 1706 1694 1678 1695 1707 1695 1705 1695 1678 1696 1703 1696 1707 1696 1678 1697 1708 1697 1709 1697 1678 1698 1710 1698 1708 1698 1678 1699 1706 1699 1710 1699 1678 1700 1711 1700 1712 1700 1678 1701 1713 1701 1711 1701 1678 1702 1709 1702 1713 1702 1678 1703 1714 1703 1715 1703 1678 1704 1716 1704 1714 1704 1678 1705 1712 1705 1716 1705 1678 1706 1717 1706 1718 1706 1678 1707 1719 1707 1717 1707 1678 1708 1715 1708 1719 1708 1678 1709 1720 1709 1721 1709 1678 1710 1722 1710 1720 1710 1678 1711 1718 1711 1722 1711 1678 1712 1723 1712 1724 1712 1678 1713 1725 1713 1723 1713 1678 1714 1721 1714 1725 1714 1678 1715 1724 1715 1726 1715 1678 1716 1726 1716 1727 1716 1678 1717 1728 1717 1729 1717 1678 1718 1730 1718 1728 1718 1678 1719 1727 1719 1730 1719 1678 1720 1731 1720 1732 1720 1678 1721 1733 1721 1731 1721 1678 1722 1729 1722 1733 1722 1678 1723 1734 1723 1735 1723 1678 1724 1736 1724 1734 1724 1678 1725 1732 1725 1736 1725 1678 1726 1737 1726 1738 1726 1678 1727 1739 1727 1737 1727 1678 1728 1735 1728 1739 1728 1678 1729 1740 1729 1741 1729 1678 1730 1742 1730 1740 1730 1678 1731 1738 1731 1742 1731 1678 1732 1743 1732 1744 1732 1678 1733 1745 1733 1743 1733 1678 1734 1741 1734 1745 1734 1678 1735 1746 1735 1747 1735 1678 1736 1748 1736 1746 1736 1678 1737 1744 1737 1748 1737 1678 1738 1749 1738 1750 1738 1678 1739 1751 1739 1749 1739 1678 1740 1747 1740 1751 1740 1678 1741 1752 1741 1753 1741 1678 1742 1754 1742 1752 1742 1678 1743 1750 1743 1754 1743 1678 1744 1755 1744 1756 1744 1678 1745 1753 1745 1755 1745 1757 1746 1758 1746 1678 1746 1757 1747 1756 1747 1759 1747 1757 1748 1760 1748 1761 1748 1757 1749 1762 1749 1760 1749 1757 1750 1759 1750 1762 1750 1757 1751 1763 1751 1764 1751 1757 1752 1765 1752 1763 1752 1757 1753 1336 1753 1342 1753 1757 1754 1761 1754 1765 1754 1757 1755 1766 1755 1767 1755 1757 1756 1768 1756 1766 1756 1757 1757 1764 1757 1768 1757 1757 1758 1769 1758 1770 1758 1757 1759 1771 1759 1769 1759 1757 1760 1767 1760 1771 1760 1757 1761 1772 1761 1773 1761 1757 1762 1774 1762 1772 1762 1757 1763 1770 1763 1774 1763 1757 1764 1775 1764 1776 1764 1757 1765 1777 1765 1775 1765 1757 1766 1773 1766 1777 1766 1757 1767 1778 1767 1779 1767 1757 1768 1780 1768 1778 1768 1757 1769 1776 1769 1780 1769 1757 1770 1574 1770 1563 1770 1757 1771 1781 1771 1782 1771 1757 1772 1342 1772 1318 1772 1757 1773 1783 1773 1781 1773 1757 1774 1779 1774 1783 1774 1757 1775 1782 1775 1784 1775 1757 1776 1784 1776 1785 1776 1757 1777 1786 1777 1787 1777 1757 1778 1788 1778 1786 1778 1757 1779 1785 1779 1788 1779 1757 1780 1789 1780 1790 1780 1757 1781 1791 1781 1789 1781 1757 1782 1787 1782 1791 1782 1757 1783 1790 1783 1792 1783 1757 1784 1792 1784 1793 1784 1757 1785 1794 1785 1795 1785 1757 1786 1796 1786 1794 1786 1757 1787 1793 1787 1796 1787 1757 1788 1797 1788 1798 1788 1757 1789 1799 1789 1797 1789 1757 1790 1795 1790 1799 1790 1757 1791 1800 1791 1801 1791 1757 1792 1802 1792 1800 1792 1757 1793 1798 1793 1802 1793 1757 1794 1803 1794 1804 1794 1757 1795 1678 1795 1756 1795 1757 1796 1805 1796 1803 1796 1757 1797 1801 1797 1805 1797 1757 1798 1806 1798 1807 1798 1757 1799 1808 1799 1806 1799 1757 1800 1804 1800 1808 1800 1757 1801 1809 1801 1810 1801 1757 1802 1811 1802 1809 1802 1757 1803 1807 1803 1811 1803 1757 1804 1812 1804 1813 1804 1757 1805 1814 1805 1812 1805 1757 1806 1810 1806 1814 1806 1757 1807 1815 1807 1816 1807 1757 1808 1563 1808 1817 1808 1757 1809 1818 1809 1815 1809 1757 1810 1817 1810 1819 1810 1757 1811 1813 1811 1818 1811 1757 1812 1819 1812 1820 1812 1757 1813 1821 1813 1822 1813 1757 1814 1820 1814 1336 1814 1757 1815 1823 1815 1821 1815 1757 1816 1816 1816 1823 1816 1757 1817 1824 1817 1825 1817 1757 1818 1826 1818 1824 1818 1757 1819 1822 1819 1826 1819 1757 1820 1827 1820 1828 1820 1757 1821 1829 1821 1827 1821 1757 1822 1825 1822 1829 1822 1757 1823 1830 1823 1831 1823 1757 1824 1832 1824 1830 1824 1757 1825 1828 1825 1832 1825 1757 1826 1831 1826 1574 1826 1757 1827 1318 1827 890 1827 283 1828 553 1828 1833 1828 1833 1829 553 1829 1834 1829 1834 1830 553 1830 1835 1830 1835 1831 553 1831 1836 1831 1836 1832 553 1832 1837 1832 1837 1833 553 1833 1838 1833 1838 1834 553 1834 1839 1834 1839 1835 553 1835 1840 1835 1840 1836 553 1836 1841 1836 1841 1837 553 1837 1842 1837 1842 1838 553 1838 563 1838 283 1839 1833 1839 413 1839 1678 1840 1636 1840 1676 1840 1678 1841 1676 1841 1843 1841 1678 1842 1843 1842 1679 1842 1178 1843 1203 1843 1209 1843 1178 1844 1209 1844 1197 1844 1203 1845 1288 1845 1211 1845 1211 1846 1288 1846 1844 1846 1844 1847 1288 1847 1845 1847 1845 1848 1288 1848 1846 1848 1846 1849 1288 1849 1290 1849 1330 1850 1312 1850 1331 1850 1331 1851 1312 1851 1333 1851 1333 1852 1312 1852 1311 1852 1295 1853 1227 1853 1247 1853 1295 1854 1247 1854 1296 1854 1333 1855 1351 1855 1334 1855 1334 1856 1351 1856 1847 1856 1847 1857 1351 1857 1848 1857 1848 1858 1351 1858 1849 1858 1849 1859 1351 1859 1850 1859 1850 1860 1351 1860 1851 1860 1851 1861 1351 1861 1852 1861 1852 1862 1351 1862 1853 1862 1853 1863 1351 1863 1854 1863 1854 1864 1351 1864 1361 1864 1855 1865 1856 1865 1857 1865 1858 1866 1856 1866 1855 1866 1859 1867 1860 1867 1861 1867 1861 1868 1860 1868 1862 1868 890 1869 891 1869 1863 1869 1863 1870 891 1870 1864 1870 286 1871 1865 1871 1866 1871 286 1872 285 1872 1865 1872 1855 1873 1863 1873 1864 1873 1855 1874 1857 1874 1863 1874 1861 1875 1862 1875 1866 1875 1861 1876 1866 1876 1865 1876 1867 1877 1868 1877 1869 1877 1869 1878 1868 1878 1870 1878 1758 1879 1757 1879 1871 1879 1871 1880 1757 1880 1872 1880 1871 1881 1872 1881 1870 1881 1870 1882 1872 1882 1869 1882 1344 1883 1345 1883 1873 1883 1873 1884 1345 1884 1874 1884 1859 1885 280 1885 1875 1885 284 1886 280 1886 1859 1886 1757 1887 1867 1887 1872 1887 1872 1888 1867 1888 1869 1888 1857 1889 1856 1889 1863 1889 1856 1890 890 1890 1863 1890 1757 1891 890 1891 1867 1891 1867 1892 890 1892 1856 1892 1363 1893 1344 1893 1876 1893 1876 1894 1344 1894 1873 1894 1327 1895 1876 1895 1877 1895 1327 1896 1363 1896 1876 1896 281 1897 1877 1897 1878 1897 281 1898 1327 1898 1877 1898 282 1899 1878 1899 1879 1899 282 1900 281 1900 1878 1900 280 1901 282 1901 1875 1901 1875 1902 282 1902 1879 1902 1878 1903 1880 1903 1881 1903 1881 1904 1882 1904 1878 1904 1878 1905 1883 1905 1880 1905 1882 1906 1884 1906 1878 1906 1878 1907 1885 1907 1883 1907 1884 1908 1886 1908 1878 1908 1878 1909 1887 1909 1885 1909 1886 1910 1888 1910 1878 1910 1878 1911 1889 1911 1887 1911 1888 1912 1890 1912 1878 1912 1878 1913 1891 1913 1889 1913 1890 1914 1892 1914 1878 1914 1878 1915 1893 1915 1891 1915 1892 1916 1894 1916 1878 1916 1878 1917 1895 1917 1893 1917 1894 1918 1896 1918 1878 1918 1878 1919 1897 1919 1895 1919 1896 1920 1898 1920 1878 1920 1878 1921 1899 1921 1897 1921 1898 1922 1900 1922 1878 1922 1878 1923 1901 1923 1899 1923 1900 1924 1902 1924 1878 1924 1878 1925 1903 1925 1901 1925 1878 1926 1904 1926 1903 1926 1878 1927 1905 1927 1904 1927 1902 1928 1879 1928 1878 1928 1906 1929 1879 1929 1902 1929 1907 1930 1879 1930 1906 1930 1908 1931 1879 1931 1907 1931 1878 1932 1909 1932 1905 1932 1908 1933 1910 1933 1879 1933 1878 1934 278 1934 1909 1934 1910 1935 1911 1935 1879 1935 1878 1936 276 1936 278 1936 1911 1937 1912 1937 1879 1937 1878 1938 274 1938 276 1938 1912 1939 1913 1939 1879 1939 1878 1940 272 1940 274 1940 1913 1941 1914 1941 1879 1941 1878 1942 270 1942 272 1942 1914 1943 1915 1943 1879 1943 1878 1944 269 1944 270 1944 1915 1945 1916 1945 1879 1945 1878 1946 266 1946 269 1946 1916 1947 1917 1947 1879 1947 1878 1948 264 1948 266 1948 1917 1949 1918 1949 1879 1949 1878 1950 263 1950 264 1950 1918 1951 1919 1951 1879 1951 1878 1952 260 1952 263 1952 1919 1953 1920 1953 1879 1953 1920 1954 1875 1954 1879 1954 1921 1955 1875 1955 1920 1955 1922 1956 1875 1956 1921 1956 1923 1957 1875 1957 1922 1957 1924 1958 1875 1958 1923 1958 1925 1959 1875 1959 1924 1959 1926 1960 1875 1960 1925 1960 1927 1961 1875 1961 1926 1961 1927 1962 1928 1962 1875 1962 1928 1963 1929 1963 1875 1963 1929 1964 1930 1964 1875 1964 1930 1965 1931 1965 1875 1965 1875 1966 1931 1966 1859 1966 1931 1967 1932 1967 1859 1967 1932 1968 1933 1968 1859 1968 1933 1969 1934 1969 1859 1969 1934 1970 1935 1970 1859 1970 1935 1971 1936 1971 1859 1971 1936 1972 1937 1972 1859 1972 1937 1973 1938 1973 1859 1973 1938 1974 1939 1974 1859 1974 1939 1975 1940 1975 1859 1975 1940 1976 1941 1976 1859 1976 1941 1977 155 1977 1859 1977 152 1978 1860 1978 155 1978 156 1979 1860 1979 152 1979 159 1980 1860 1980 156 1980 160 1981 1860 1981 159 1981 163 1982 1860 1982 160 1982 164 1983 1860 1983 163 1983 166 1984 1860 1984 164 1984 169 1985 1860 1985 166 1985 170 1986 1860 1986 169 1986 172 1987 1860 1987 170 1987 174 1988 1860 1988 172 1988 177 1989 1860 1989 174 1989 178 1990 1860 1990 177 1990 180 1991 1860 1991 178 1991 182 1992 1860 1992 180 1992 185 1993 1860 1993 182 1993 186 1994 1860 1994 185 1994 188 1995 1860 1995 186 1995 191 1996 1860 1996 188 1996 192 1997 1860 1997 191 1997 194 1998 1860 1998 192 1998 155 1999 1860 1999 1859 1999 247 2000 1942 2000 1943 2000 248 2001 1942 2001 247 2001 1943 2002 1944 2002 247 2002 247 2003 1944 2003 244 2003 250 2004 1945 2004 248 2004 248 2005 1945 2005 1942 2005 1944 2006 1946 2006 244 2006 244 2007 1946 2007 242 2007 250 2008 1947 2008 1945 2008 252 2009 1947 2009 250 2009 1946 2010 1948 2010 242 2010 242 2011 1948 2011 240 2011 255 2012 1949 2012 252 2012 252 2013 1949 2013 1947 2013 240 2014 1950 2014 238 2014 1948 2015 1950 2015 240 2015 256 2016 1951 2016 255 2016 255 2017 1951 2017 1949 2017 1950 2018 1952 2018 238 2018 238 2019 1952 2019 236 2019 256 2020 1953 2020 1951 2020 259 2021 1953 2021 256 2021 236 2022 1954 2022 234 2022 1952 2023 1954 2023 236 2023 259 2024 1955 2024 1953 2024 260 2025 1955 2025 259 2025 1954 2026 1956 2026 234 2026 234 2027 1956 2027 232 2027 232 2028 1957 2028 231 2028 1956 2029 1957 2029 232 2029 231 2030 1958 2030 229 2030 1957 2031 1958 2031 231 2031 229 2032 1959 2032 226 2032 1958 2033 1959 2033 229 2033 226 2034 1960 2034 224 2034 1959 2035 1960 2035 226 2035 224 2036 1961 2036 222 2036 1960 2037 1961 2037 224 2037 1961 2038 1962 2038 222 2038 222 2039 1962 2039 220 2039 1962 2040 1963 2040 220 2040 220 2041 1963 2041 218 2041 1963 2042 1964 2042 218 2042 218 2043 1964 2043 216 2043 214 2044 1965 2044 212 2044 216 2045 1965 2045 214 2045 1964 2046 1965 2046 216 2046 1965 2047 1966 2047 212 2047 212 2048 1967 2048 211 2048 1966 2049 1967 2049 212 2049 1967 2050 1968 2050 211 2050 208 2051 1968 2051 206 2051 211 2052 1968 2052 208 2052 1968 2053 1969 2053 206 2053 206 2054 1970 2054 204 2054 1969 2055 1970 2055 206 2055 202 2056 1971 2056 200 2056 204 2057 1971 2057 202 2057 1970 2058 1971 2058 204 2058 1971 2059 1972 2059 200 2059 1972 2060 1973 2060 200 2060 200 2061 1973 2061 198 2061 1974 2062 1877 2062 150 2062 1975 2063 1877 2063 1974 2063 1976 2064 1877 2064 1975 2064 1977 2065 1877 2065 1976 2065 1978 2066 1877 2066 1977 2066 1979 2067 1877 2067 1978 2067 1980 2068 1877 2068 1979 2068 1981 2069 1877 2069 1980 2069 1955 2070 1877 2070 1981 2070 135 2071 1877 2071 132 2071 136 2072 1877 2072 135 2072 138 2073 1877 2073 136 2073 141 2074 1877 2074 138 2074 142 2075 1877 2075 141 2075 144 2076 1877 2076 142 2076 146 2077 1877 2077 144 2077 148 2078 1877 2078 146 2078 150 2079 1877 2079 148 2079 260 2080 1877 2080 1955 2080 1878 2081 1877 2081 260 2081 196 2082 1982 2082 194 2082 198 2083 1982 2083 196 2083 1973 2084 1982 2084 198 2084 1877 2085 131 2085 132 2085 1982 2086 1983 2086 194 2086 1877 2087 128 2087 131 2087 1877 2088 127 2088 128 2088 1877 2089 124 2089 127 2089 1877 2090 122 2090 124 2090 1877 2091 120 2091 122 2091 1877 2092 119 2092 120 2092 1877 2093 116 2093 119 2093 1877 2094 114 2094 116 2094 1877 2095 112 2095 114 2095 1877 2096 110 2096 112 2096 1877 2097 108 2097 110 2097 1877 2098 106 2098 108 2098 1877 2099 104 2099 106 2099 1877 2100 103 2100 104 2100 1877 2101 101 2101 103 2101 1877 2102 98 2102 101 2102 1877 2103 96 2103 98 2103 49 2104 1873 2104 46 2104 50 2105 1873 2105 49 2105 52 2106 1873 2106 50 2106 54 2107 1873 2107 52 2107 57 2108 1873 2108 54 2108 58 2109 1873 2109 57 2109 60 2110 1873 2110 58 2110 63 2111 1873 2111 60 2111 64 2112 1873 2112 63 2112 66 2113 1873 2113 64 2113 68 2114 1873 2114 66 2114 1873 2115 1874 2115 46 2115 24 2116 1874 2116 27 2116 28 2117 1874 2117 24 2117 31 2118 1874 2118 28 2118 32 2119 1874 2119 31 2119 35 2120 1874 2120 32 2120 36 2121 1874 2121 35 2121 38 2122 1874 2122 36 2122 41 2123 1874 2123 38 2123 42 2124 1874 2124 41 2124 44 2125 1874 2125 42 2125 46 2126 1874 2126 44 2126 72 2127 1876 2127 70 2127 74 2128 1876 2128 72 2128 76 2129 1876 2129 74 2129 78 2130 1876 2130 76 2130 1877 2131 1876 2131 96 2131 80 2132 1876 2132 78 2132 83 2133 1876 2133 80 2133 84 2134 1876 2134 83 2134 86 2135 1876 2135 84 2135 88 2136 1876 2136 86 2136 90 2137 1876 2137 88 2137 92 2138 1876 2138 90 2138 94 2139 1876 2139 92 2139 96 2140 1876 2140 94 2140 68 2141 1876 2141 1873 2141 70 2142 1876 2142 68 2142 1983 2143 1984 2143 194 2143 1874 2144 1984 2144 27 2144 1985 2145 1984 2145 1983 2145 1986 2146 1984 2146 1985 2146 1987 2147 1984 2147 1986 2147 1988 2148 1984 2148 1987 2148 1989 2149 1984 2149 1988 2149 1990 2150 1984 2150 1989 2150 1991 2151 1984 2151 1990 2151 1992 2152 1984 2152 1991 2152 1993 2153 1984 2153 1992 2153 1994 2154 1984 2154 1993 2154 1995 2155 1984 2155 1994 2155 1996 2156 1984 2156 1995 2156 194 2157 1984 2157 1860 2157 1997 2158 1984 2158 1996 2158 1998 2159 1984 2159 1997 2159 1999 2160 1984 2160 1998 2160 2000 2161 1984 2161 1999 2161 2001 2162 1984 2162 2000 2162 2002 2163 1984 2163 2001 2163 2003 2164 1984 2164 2002 2164 2004 2165 1984 2165 2003 2165 27 2166 1984 2166 2004 2166 1860 2167 1868 2167 1858 2167 1858 2168 1868 2168 1856 2168 1984 2169 1868 2169 1860 2169 1868 2170 1867 2170 1856 2170 1909 2171 278 2171 279 2171 1909 2172 279 2172 2005 2172 1905 2173 2005 2173 2006 2173 1905 2174 1909 2174 2005 2174 1904 2175 2006 2175 2007 2175 1904 2176 2007 2176 2008 2176 1904 2177 1905 2177 2006 2177 1903 2178 2008 2178 2009 2178 1903 2179 1904 2179 2008 2179 1901 2180 1903 2180 2009 2180 1899 2181 2009 2181 2010 2181 1899 2182 2010 2182 2011 2182 1899 2183 1901 2183 2009 2183 1897 2184 1899 2184 2011 2184 1895 2185 2011 2185 2012 2185 1895 2186 2012 2186 2013 2186 1895 2187 1897 2187 2011 2187 1893 2188 1895 2188 2013 2188 1891 2189 2013 2189 2014 2189 1891 2190 2014 2190 2015 2190 1891 2191 1893 2191 2013 2191 1889 2192 1891 2192 2015 2192 1887 2193 2015 2193 2016 2193 1887 2194 2016 2194 2017 2194 1887 2195 1889 2195 2015 2195 1885 2196 1887 2196 2017 2196 1883 2197 2017 2197 2018 2197 1883 2198 1885 2198 2017 2198 1880 2199 2018 2199 2019 2199 1880 2200 1883 2200 2018 2200 1881 2201 2019 2201 2020 2201 1881 2202 1880 2202 2019 2202 1882 2203 2020 2203 2021 2203 1882 2204 2021 2204 2022 2204 1882 2205 1881 2205 2020 2205 1884 2206 1882 2206 2022 2206 1886 2207 1884 2207 2022 2207 1886 2208 2022 2208 2023 2208 1886 2209 2023 2209 2024 2209 1888 2210 1886 2210 2024 2210 1890 2211 1888 2211 2024 2211 1890 2212 2024 2212 2025 2212 1892 2213 1890 2213 2025 2213 1892 2214 2025 2214 2026 2214 1894 2215 2026 2215 2027 2215 1894 2216 1892 2216 2026 2216 1896 2217 2027 2217 2028 2217 1896 2218 1894 2218 2027 2218 1898 2219 2028 2219 2029 2219 1898 2220 1896 2220 2028 2220 1900 2221 2029 2221 2030 2221 1900 2222 2030 2222 2031 2222 1900 2223 1898 2223 2029 2223 1902 2224 1900 2224 2031 2224 1906 2225 2031 2225 2032 2225 1906 2226 1902 2226 2031 2226 1907 2227 2032 2227 2033 2227 1907 2228 1906 2228 2032 2228 1908 2229 2033 2229 2034 2229 1908 2230 1907 2230 2033 2230 1910 2231 2034 2231 2035 2231 1910 2232 1908 2232 2034 2232 1911 2233 2035 2233 2036 2233 1911 2234 1910 2234 2035 2234 1912 2235 2036 2235 2037 2235 1912 2236 1911 2236 2036 2236 1913 2237 2037 2237 2038 2237 1913 2238 1912 2238 2037 2238 1914 2239 2038 2239 2039 2239 1914 2240 1913 2240 2038 2240 1915 2241 2039 2241 2040 2241 1915 2242 1914 2242 2039 2242 1916 2243 2040 2243 2041 2243 1916 2244 2041 2244 2042 2244 1916 2245 1915 2245 2040 2245 1917 2246 2042 2246 2043 2246 1917 2247 1916 2247 2042 2247 1918 2248 1917 2248 2043 2248 1919 2249 2043 2249 2044 2249 1919 2250 1918 2250 2043 2250 1920 2251 2044 2251 2045 2251 1920 2252 1919 2252 2044 2252 1921 2253 2045 2253 2046 2253 1921 2254 1920 2254 2045 2254 1922 2255 1921 2255 2046 2255 1922 2256 2046 2256 2047 2256 1923 2257 1922 2257 2047 2257 1923 2258 2047 2258 2048 2258 1924 2259 1923 2259 2048 2259 1924 2260 2048 2260 2049 2260 1925 2261 1924 2261 2049 2261 1925 2262 2049 2262 2050 2262 1926 2263 1925 2263 2050 2263 1926 2264 2050 2264 2051 2264 1927 2265 1926 2265 2051 2265 1927 2266 2051 2266 2052 2266 1927 2267 2052 2267 2053 2267 1928 2268 1927 2268 2053 2268 1928 2269 2053 2269 2054 2269 1929 2270 1928 2270 2054 2270 1930 2271 1929 2271 2054 2271 1930 2272 2054 2272 2055 2272 1931 2273 1930 2273 2055 2273 1931 2274 2055 2274 2056 2274 1932 2275 1931 2275 2056 2275 1932 2276 2056 2276 2057 2276 1932 2277 2057 2277 2058 2277 1933 2278 1932 2278 2058 2278 1933 2279 2058 2279 2059 2279 1934 2280 1933 2280 2059 2280 1935 2281 1934 2281 2059 2281 1935 2282 2059 2282 2060 2282 1935 2283 2060 2283 2061 2283 1936 2284 1935 2284 2061 2284 1937 2285 1936 2285 2061 2285 1937 2286 2061 2286 2062 2286 1937 2287 2062 2287 2063 2287 1938 2288 1937 2288 2063 2288 1939 2289 2063 2289 2064 2289 1939 2290 2064 2290 2065 2290 1939 2291 1938 2291 2063 2291 1940 2292 1939 2292 2065 2292 1941 2293 2065 2293 2066 2293 1941 2294 2066 2294 153 2294 1941 2295 1940 2295 2065 2295 155 2296 1941 2296 153 2296 2019 2297 2018 2297 2020 2297 2020 2298 2022 2298 2021 2298 2018 2299 2017 2299 2020 2299 2020 2300 2017 2300 2022 2300 2022 2301 2025 2301 2023 2301 2023 2302 2025 2302 2024 2302 2015 2303 2014 2303 2016 2303 2016 2304 2014 2304 2017 2304 2014 2305 2013 2305 2017 2305 2025 2306 2027 2306 2026 2306 2025 2307 2028 2307 2027 2307 2011 2308 2010 2308 2012 2308 2012 2309 2010 2309 2013 2309 2028 2310 2030 2310 2029 2310 2013 2311 2009 2311 2017 2311 2010 2312 2009 2312 2013 2312 2022 2313 2031 2313 2025 2313 2025 2314 2031 2314 2028 2314 2028 2315 2031 2315 2030 2315 2007 2316 2006 2316 2008 2316 2008 2317 2006 2317 2009 2317 2032 2318 2034 2318 2033 2318 2005 2319 279 2319 2006 2319 2031 2320 2037 2320 2032 2320 2034 2321 2037 2321 2035 2321 2035 2322 2037 2322 2036 2322 2022 2323 2037 2323 2031 2323 2032 2324 2037 2324 2034 2324 275 2325 273 2325 277 2325 277 2326 273 2326 279 2326 279 2327 273 2327 2006 2327 2037 2328 2039 2328 2038 2328 271 2329 268 2329 273 2329 2039 2330 2041 2330 2040 2330 2039 2331 2042 2331 2041 2331 268 2332 265 2332 273 2332 267 2333 265 2333 268 2333 2039 2334 2043 2334 2042 2334 2037 2335 2043 2335 2039 2335 265 2336 262 2336 273 2336 2043 2337 2045 2337 2044 2337 258 2338 257 2338 261 2338 261 2339 257 2339 262 2339 2045 2340 2047 2340 2046 2340 2045 2341 2048 2341 2047 2341 2037 2342 2050 2342 2043 2342 2043 2343 2050 2343 2045 2343 2045 2344 2050 2344 2048 2344 2048 2345 2050 2345 2049 2345 2022 2346 2050 2346 2037 2346 249 2347 246 2347 251 2347 251 2348 246 2348 253 2348 253 2349 245 2349 254 2349 246 2350 245 2350 253 2350 2050 2351 2053 2351 2051 2351 2051 2352 2053 2352 2052 2352 2022 2353 2053 2353 2050 2353 243 2354 241 2354 245 2354 254 2355 241 2355 257 2355 257 2356 241 2356 262 2356 245 2357 241 2357 254 2357 2017 2358 2055 2358 2022 2358 2022 2359 2055 2359 2053 2359 2053 2360 2055 2360 2054 2360 239 2361 237 2361 241 2361 235 2362 233 2362 237 2362 237 2363 233 2363 241 2363 2056 2364 2059 2364 2057 2364 2057 2365 2059 2365 2058 2365 2056 2366 2060 2366 2059 2366 230 2367 228 2367 233 2367 228 2368 227 2368 233 2368 2055 2369 2063 2369 2056 2369 2060 2370 2063 2370 2061 2370 2061 2371 2063 2371 2062 2371 2009 2372 2063 2372 2017 2372 2017 2373 2063 2373 2055 2373 2056 2374 2063 2374 2060 2374 2006 2375 2063 2375 2009 2375 233 2376 221 2376 241 2376 227 2377 221 2377 233 2377 223 2378 221 2378 225 2378 225 2379 221 2379 227 2379 219 2380 217 2380 221 2380 2063 2381 153 2381 2064 2381 2064 2382 153 2382 2065 2382 2065 2383 153 2383 2066 2383 273 2384 157 2384 2006 2384 262 2385 157 2385 273 2385 153 2386 157 2386 154 2386 2063 2387 157 2387 153 2387 2006 2388 157 2388 2063 2388 217 2389 210 2389 221 2389 213 2390 210 2390 215 2390 215 2391 210 2391 217 2391 209 2392 207 2392 210 2392 210 2393 205 2393 221 2393 207 2394 205 2394 210 2394 161 2395 165 2395 162 2395 201 2396 199 2396 203 2396 197 2397 195 2397 199 2397 262 2398 175 2398 157 2398 161 2399 175 2399 165 2399 157 2400 175 2400 158 2400 158 2401 175 2401 161 2401 165 2402 175 2402 167 2402 167 2403 175 2403 168 2403 168 2404 175 2404 171 2404 171 2405 175 2405 173 2405 221 2406 190 2406 241 2406 241 2407 190 2407 262 2407 205 2408 190 2408 221 2408 195 2409 190 2409 199 2409 199 2410 190 2410 203 2410 193 2411 190 2411 195 2411 203 2412 190 2412 205 2412 175 2413 179 2413 176 2413 175 2414 181 2414 179 2414 262 2415 187 2415 175 2415 190 2416 187 2416 262 2416 189 2417 187 2417 190 2417 187 2418 184 2418 175 2418 175 2419 184 2419 181 2419 181 2420 184 2420 183 2420 1974 2421 150 2421 151 2421 1974 2422 151 2422 2067 2422 1975 2423 2067 2423 2068 2423 1975 2424 1974 2424 2067 2424 1976 2425 2068 2425 2069 2425 1976 2426 2069 2426 2070 2426 1976 2427 1975 2427 2068 2427 1977 2428 2070 2428 2071 2428 1977 2429 1976 2429 2070 2429 1978 2430 1977 2430 2071 2430 1979 2431 2071 2431 2072 2431 1979 2432 2072 2432 2073 2432 1979 2433 1978 2433 2071 2433 1980 2434 1979 2434 2073 2434 1981 2435 2073 2435 2074 2435 1981 2436 2074 2436 2075 2436 1981 2437 1980 2437 2073 2437 1955 2438 1981 2438 2075 2438 1953 2439 2075 2439 2076 2439 1953 2440 2076 2440 2077 2440 1953 2441 1955 2441 2075 2441 1951 2442 1953 2442 2077 2442 1949 2443 2077 2443 2078 2443 1949 2444 2078 2444 2079 2444 1949 2445 1951 2445 2077 2445 1947 2446 1949 2446 2079 2446 1945 2447 2079 2447 2080 2447 1945 2448 1947 2448 2079 2448 1942 2449 2080 2449 2081 2449 1942 2450 1945 2450 2080 2450 1943 2451 2081 2451 2082 2451 1943 2452 1942 2452 2081 2452 1944 2453 2082 2453 2083 2453 1944 2454 2083 2454 2084 2454 1944 2455 1943 2455 2082 2455 1946 2456 1944 2456 2084 2456 1948 2457 1946 2457 2084 2457 1948 2458 2084 2458 2085 2458 1948 2459 2085 2459 2086 2459 1950 2460 1948 2460 2086 2460 1952 2461 1950 2461 2086 2461 1952 2462 2086 2462 2087 2462 1954 2463 1952 2463 2087 2463 1954 2464 2087 2464 2088 2464 1956 2465 2088 2465 2089 2465 1956 2466 1954 2466 2088 2466 1957 2467 2089 2467 2090 2467 1957 2468 1956 2468 2089 2468 1958 2469 2090 2469 2091 2469 1958 2470 1957 2470 2090 2470 1959 2471 2091 2471 2092 2471 1959 2472 2092 2472 2093 2472 1959 2473 1958 2473 2091 2473 1960 2474 1959 2474 2093 2474 1961 2475 2093 2475 2094 2475 1961 2476 1960 2476 2093 2476 1962 2477 2094 2477 2095 2477 1962 2478 1961 2478 2094 2478 1963 2479 2095 2479 2096 2479 1963 2480 1962 2480 2095 2480 1964 2481 2096 2481 2097 2481 1964 2482 1963 2482 2096 2482 1965 2483 2097 2483 2098 2483 1965 2484 1964 2484 2097 2484 1966 2485 2098 2485 2099 2485 1966 2486 1965 2486 2098 2486 1967 2487 2099 2487 2100 2487 1967 2488 1966 2488 2099 2488 1968 2489 2100 2489 2101 2489 1968 2490 1967 2490 2100 2490 1969 2491 2101 2491 2102 2491 1969 2492 1968 2492 2101 2492 1970 2493 2102 2493 2103 2493 1970 2494 2103 2494 2104 2494 1970 2495 1969 2495 2102 2495 1971 2496 2104 2496 2105 2496 1971 2497 1970 2497 2104 2497 1972 2498 1971 2498 2105 2498 1973 2499 2105 2499 2106 2499 1973 2500 1972 2500 2105 2500 1982 2501 2106 2501 2107 2501 1982 2502 1973 2502 2106 2502 1983 2503 2107 2503 2108 2503 1983 2504 1982 2504 2107 2504 1985 2505 1983 2505 2108 2505 1985 2506 2108 2506 2109 2506 1986 2507 1985 2507 2109 2507 1986 2508 2109 2508 2110 2508 1987 2509 1986 2509 2110 2509 1987 2510 2110 2510 2111 2510 1988 2511 1987 2511 2111 2511 1988 2512 2111 2512 2112 2512 1989 2513 1988 2513 2112 2513 1989 2514 2112 2514 2113 2514 1990 2515 1989 2515 2113 2515 1990 2516 2113 2516 2114 2516 1990 2517 2114 2517 2115 2517 1991 2518 1990 2518 2115 2518 1991 2519 2115 2519 2116 2519 1992 2520 1991 2520 2116 2520 1993 2521 1992 2521 2116 2521 1993 2522 2116 2522 2117 2522 1994 2523 1993 2523 2117 2523 1994 2524 2117 2524 2118 2524 1995 2525 1994 2525 2118 2525 1995 2526 2118 2526 2119 2526 1995 2527 2119 2527 2120 2527 1996 2528 1995 2528 2120 2528 1996 2529 2120 2529 2121 2529 1997 2530 1996 2530 2121 2530 1998 2531 1997 2531 2121 2531 1998 2532 2121 2532 2122 2532 1998 2533 2122 2533 2123 2533 1999 2534 1998 2534 2123 2534 2000 2535 1999 2535 2123 2535 2000 2536 2123 2536 2124 2536 2000 2537 2124 2537 2125 2537 2001 2538 2000 2538 2125 2538 2002 2539 2125 2539 2126 2539 2002 2540 2126 2540 2127 2540 2002 2541 2001 2541 2125 2541 2003 2542 2002 2542 2127 2542 2004 2543 2127 2543 2128 2543 2004 2544 2128 2544 25 2544 2004 2545 2003 2545 2127 2545 27 2546 2004 2546 25 2546 2081 2547 2080 2547 2082 2547 2082 2548 2084 2548 2083 2548 2080 2549 2079 2549 2082 2549 2082 2550 2079 2550 2084 2550 2084 2551 2087 2551 2085 2551 2085 2552 2087 2552 2086 2552 2077 2553 2076 2553 2078 2553 2078 2554 2076 2554 2079 2554 2076 2555 2075 2555 2079 2555 2087 2556 2089 2556 2088 2556 2087 2557 2090 2557 2089 2557 2073 2558 2072 2558 2074 2558 2074 2559 2072 2559 2075 2559 2090 2560 2092 2560 2091 2560 2075 2561 2071 2561 2079 2561 2072 2562 2071 2562 2075 2562 2084 2563 2093 2563 2087 2563 2087 2564 2093 2564 2090 2564 2090 2565 2093 2565 2092 2565 2069 2566 2068 2566 2070 2566 2070 2567 2068 2567 2071 2567 2094 2568 2096 2568 2095 2568 2067 2569 151 2569 2068 2569 2093 2570 2099 2570 2094 2570 2096 2571 2099 2571 2097 2571 2097 2572 2099 2572 2098 2572 2084 2573 2099 2573 2093 2573 2094 2574 2099 2574 2096 2574 147 2575 145 2575 149 2575 149 2576 145 2576 151 2576 151 2577 145 2577 2068 2577 2099 2578 2101 2578 2100 2578 143 2579 140 2579 145 2579 2101 2580 2103 2580 2102 2580 2101 2581 2104 2581 2103 2581 140 2582 137 2582 145 2582 139 2583 137 2583 140 2583 2101 2584 2105 2584 2104 2584 2099 2585 2105 2585 2101 2585 137 2586 134 2586 145 2586 2105 2587 2107 2587 2106 2587 130 2588 129 2588 133 2588 133 2589 129 2589 134 2589 2107 2590 2109 2590 2108 2590 2107 2591 2110 2591 2109 2591 2099 2592 2112 2592 2105 2592 2105 2593 2112 2593 2107 2593 2107 2594 2112 2594 2110 2594 2110 2595 2112 2595 2111 2595 2084 2596 2112 2596 2099 2596 121 2597 118 2597 123 2597 123 2598 118 2598 125 2598 125 2599 117 2599 126 2599 118 2600 117 2600 125 2600 2112 2601 2115 2601 2113 2601 2113 2602 2115 2602 2114 2602 2084 2603 2115 2603 2112 2603 115 2604 113 2604 117 2604 126 2605 113 2605 129 2605 129 2606 113 2606 134 2606 117 2607 113 2607 126 2607 2079 2608 2117 2608 2084 2608 2084 2609 2117 2609 2115 2609 2115 2610 2117 2610 2116 2610 111 2611 109 2611 113 2611 107 2612 105 2612 109 2612 109 2613 105 2613 113 2613 2118 2614 2121 2614 2119 2614 2119 2615 2121 2615 2120 2615 2118 2616 2122 2616 2121 2616 102 2617 100 2617 105 2617 100 2618 99 2618 105 2618 2117 2619 2125 2619 2118 2619 2122 2620 2125 2620 2123 2620 2123 2621 2125 2621 2124 2621 2071 2622 2125 2622 2079 2622 2079 2623 2125 2623 2117 2623 2118 2624 2125 2624 2122 2624 2068 2625 2125 2625 2071 2625 105 2626 93 2626 113 2626 99 2627 93 2627 105 2627 95 2628 93 2628 97 2628 97 2629 93 2629 99 2629 91 2630 89 2630 93 2630 2125 2631 25 2631 2126 2631 2126 2632 25 2632 2127 2632 2127 2633 25 2633 2128 2633 145 2634 29 2634 2068 2634 134 2635 29 2635 145 2635 25 2636 29 2636 26 2636 2125 2637 29 2637 25 2637 2068 2638 29 2638 2125 2638 89 2639 82 2639 93 2639 85 2640 82 2640 87 2640 87 2641 82 2641 89 2641 81 2642 79 2642 82 2642 82 2643 77 2643 93 2643 79 2644 77 2644 82 2644 33 2645 37 2645 34 2645 73 2646 71 2646 75 2646 69 2647 67 2647 71 2647 134 2648 47 2648 29 2648 33 2649 47 2649 37 2649 29 2650 47 2650 30 2650 30 2651 47 2651 33 2651 37 2652 47 2652 39 2652 39 2653 47 2653 40 2653 40 2654 47 2654 43 2654 43 2655 47 2655 45 2655 93 2656 62 2656 113 2656 113 2657 62 2657 134 2657 77 2658 62 2658 93 2658 67 2659 62 2659 71 2659 71 2660 62 2660 75 2660 65 2661 62 2661 67 2661 75 2662 62 2662 77 2662 47 2663 51 2663 48 2663 47 2664 53 2664 51 2664 134 2665 59 2665 47 2665 62 2666 59 2666 134 2666 61 2667 59 2667 62 2667 59 2668 56 2668 47 2668 47 2669 56 2669 53 2669 53 2670 56 2670 55 2670 2129 2671 2130 2671 418 2671 418 2672 2130 2672 419 2672 416 2673 22 2673 23 2673 416 2674 23 2674 2131 2674 417 2675 2131 2675 2132 2675 417 2676 416 2676 2131 2676 418 2677 2132 2677 2129 2677 418 2678 417 2678 2132 2678 2133 2679 17 2679 415 2679 415 2680 17 2680 19 2680 2134 2681 2133 2681 414 2681 414 2682 2133 2682 415 2682 2135 2683 2134 2683 411 2683 411 2684 2134 2684 414 2684 2136 2685 2135 2685 409 2685 409 2686 2135 2686 411 2686 404 2687 2137 2687 2138 2687 405 2688 404 2688 2138 2688 407 2689 2138 2689 2139 2689 407 2690 405 2690 2138 2690 409 2691 2139 2691 2136 2691 409 2692 407 2692 2139 2692 2140 2693 2137 2693 400 2693 400 2694 2137 2694 404 2694 2141 2695 2140 2695 395 2695 395 2696 2140 2696 400 2696 391 2697 2142 2697 2143 2697 392 2698 391 2698 2143 2698 393 2699 2143 2699 2144 2699 393 2700 392 2700 2143 2700 395 2701 2144 2701 2141 2701 395 2702 393 2702 2144 2702 388 2703 387 2703 2145 2703 388 2704 2145 2704 2146 2704 389 2705 2146 2705 2147 2705 389 2706 388 2706 2146 2706 391 2707 2147 2707 2142 2707 391 2708 389 2708 2147 2708 2148 2709 2145 2709 385 2709 385 2710 2145 2710 387 2710 2149 2711 2148 2711 382 2711 382 2712 2148 2712 385 2712 379 2713 378 2713 2150 2713 379 2714 2150 2714 2151 2714 381 2715 2151 2715 2152 2715 381 2716 379 2716 2151 2716 382 2717 2152 2717 2149 2717 382 2718 381 2718 2152 2718 375 2719 373 2719 2153 2719 375 2720 2153 2720 2154 2720 377 2721 2154 2721 2155 2721 377 2722 375 2722 2154 2722 378 2723 2155 2723 2150 2723 378 2724 377 2724 2155 2724 2156 2725 2153 2725 367 2725 367 2726 2153 2726 373 2726 2157 2727 2156 2727 365 2727 365 2728 2156 2728 367 2728 363 2729 361 2729 2158 2729 363 2730 2158 2730 2159 2730 364 2731 2159 2731 2160 2731 364 2732 363 2732 2159 2732 365 2733 2160 2733 2157 2733 365 2734 364 2734 2160 2734 2161 2735 2158 2735 360 2735 360 2736 2158 2736 361 2736 2162 2737 2161 2737 356 2737 356 2738 2161 2738 360 2738 2163 2739 2162 2739 353 2739 353 2740 2162 2740 356 2740 350 2741 348 2741 2164 2741 350 2742 2164 2742 2165 2742 351 2743 2165 2743 2166 2743 351 2744 350 2744 2165 2744 353 2745 2166 2745 2163 2745 353 2746 351 2746 2166 2746 345 2747 343 2747 2167 2747 345 2748 2167 2748 2168 2748 346 2749 2168 2749 2169 2749 346 2750 345 2750 2168 2750 348 2751 2169 2751 2164 2751 348 2752 346 2752 2169 2752 2170 2753 2167 2753 339 2753 339 2754 2167 2754 343 2754 2171 2755 2170 2755 337 2755 337 2756 2170 2756 339 2756 334 2757 333 2757 2172 2757 334 2758 2172 2758 2173 2758 335 2759 2173 2759 2174 2759 335 2760 334 2760 2173 2760 337 2761 2174 2761 2171 2761 337 2762 335 2762 2174 2762 330 2763 329 2763 2175 2763 330 2764 2175 2764 2176 2764 331 2765 2176 2765 2177 2765 331 2766 330 2766 2176 2766 333 2767 2177 2767 2172 2767 333 2768 331 2768 2177 2768 325 2769 323 2769 2178 2769 325 2770 2178 2770 2179 2770 327 2771 2179 2771 2180 2771 327 2772 325 2772 2179 2772 329 2773 2180 2773 2175 2773 329 2774 327 2774 2180 2774 317 2775 316 2775 2181 2775 317 2776 2181 2776 2182 2776 320 2777 2182 2777 2183 2777 320 2778 317 2778 2182 2778 323 2779 2183 2779 2178 2779 323 2780 320 2780 2183 2780 313 2781 312 2781 2184 2781 313 2782 2184 2782 2185 2782 315 2783 2185 2783 2186 2783 315 2784 313 2784 2185 2784 316 2785 2186 2785 2181 2785 316 2786 315 2786 2186 2786 309 2787 308 2787 2187 2787 309 2788 2187 2788 2188 2788 311 2789 2188 2789 2189 2789 311 2790 309 2790 2188 2790 312 2791 2189 2791 2184 2791 312 2792 311 2792 2189 2792 305 2793 303 2793 2190 2793 305 2794 2190 2794 2191 2794 307 2795 2191 2795 2192 2795 307 2796 305 2796 2191 2796 308 2797 2192 2797 2187 2797 308 2798 307 2798 2192 2798 296 2799 2193 2799 2194 2799 298 2800 296 2800 2194 2800 300 2801 2194 2801 2195 2801 300 2802 298 2802 2194 2802 303 2803 2195 2803 2190 2803 303 2804 300 2804 2195 2804 292 2805 290 2805 2196 2805 292 2806 2196 2806 2197 2806 294 2807 2197 2807 2198 2807 294 2808 292 2808 2197 2808 296 2809 2198 2809 2193 2809 296 2810 294 2810 2198 2810 288 2811 289 2811 2199 2811 288 2812 2199 2812 2200 2812 287 2813 2200 2813 2201 2813 287 2814 288 2814 2200 2814 290 2815 2201 2815 2196 2815 290 2816 287 2816 2201 2816 293 2817 295 2817 2202 2817 293 2818 2202 2818 2203 2818 291 2819 2203 2819 2204 2819 291 2820 293 2820 2203 2820 289 2821 2204 2821 2199 2821 289 2822 291 2822 2204 2822 299 2823 301 2823 2205 2823 299 2824 2205 2824 2206 2824 297 2825 2206 2825 2207 2825 297 2826 299 2826 2206 2826 295 2827 2207 2827 2202 2827 295 2828 297 2828 2207 2828 304 2829 306 2829 2208 2829 304 2830 2208 2830 2209 2830 302 2831 2209 2831 2210 2831 302 2832 304 2832 2209 2832 301 2833 2210 2833 2205 2833 301 2834 302 2834 2210 2834 2211 2835 2208 2835 310 2835 310 2836 2208 2836 306 2836 2212 2837 2211 2837 314 2837 314 2838 2211 2838 310 2838 2213 2839 2212 2839 318 2839 318 2840 2212 2840 314 2840 321 2841 322 2841 2214 2841 321 2842 2214 2842 2215 2842 319 2843 2215 2843 2216 2843 319 2844 321 2844 2215 2844 318 2845 2216 2845 2213 2845 318 2846 319 2846 2216 2846 326 2847 328 2847 2217 2847 326 2848 2217 2848 2218 2848 324 2849 2218 2849 2219 2849 324 2850 326 2850 2218 2850 322 2851 2219 2851 2214 2851 322 2852 324 2852 2219 2852 2220 2853 2217 2853 332 2853 332 2854 2217 2854 328 2854 2221 2855 2220 2855 336 2855 336 2856 2220 2856 332 2856 2222 2857 2221 2857 338 2857 338 2858 2221 2858 336 2858 341 2859 342 2859 2223 2859 341 2860 2223 2860 2224 2860 340 2861 2224 2861 2225 2861 340 2862 341 2862 2224 2862 338 2863 2225 2863 2222 2863 338 2864 340 2864 2225 2864 347 2865 349 2865 2226 2865 347 2866 2226 2866 2227 2866 344 2867 2227 2867 2228 2867 344 2868 347 2868 2227 2868 342 2869 2228 2869 2223 2869 342 2870 344 2870 2228 2870 354 2871 355 2871 2229 2871 354 2872 2229 2872 2230 2872 352 2873 2230 2873 2231 2873 352 2874 354 2874 2230 2874 349 2875 2231 2875 2226 2875 349 2876 352 2876 2231 2876 358 2877 359 2877 2232 2877 358 2878 2232 2878 2233 2878 357 2879 2233 2879 2234 2879 357 2880 358 2880 2233 2880 355 2881 2234 2881 2229 2881 355 2882 357 2882 2234 2882 2235 2883 2232 2883 362 2883 362 2884 2232 2884 359 2884 2236 2885 2235 2885 366 2885 366 2886 2235 2886 362 2886 2237 2887 2236 2887 368 2887 368 2888 2236 2888 366 2888 370 2889 371 2889 2238 2889 370 2890 2238 2890 2239 2890 369 2891 2239 2891 2240 2891 369 2892 370 2892 2239 2892 368 2893 2240 2893 2237 2893 368 2894 369 2894 2240 2894 374 2895 376 2895 2241 2895 374 2896 2241 2896 2242 2896 372 2897 2242 2897 2243 2897 372 2898 374 2898 2242 2898 371 2899 2243 2899 2238 2899 371 2900 372 2900 2243 2900 2244 2901 2241 2901 380 2901 380 2902 2241 2902 376 2902 2245 2903 2244 2903 383 2903 383 2904 2244 2904 380 2904 2246 2905 2245 2905 384 2905 384 2906 2245 2906 383 2906 2247 2907 2246 2907 386 2907 386 2908 2246 2908 384 2908 2248 2909 2247 2909 390 2909 390 2910 2247 2910 386 2910 2249 2911 2248 2911 394 2911 394 2912 2248 2912 390 2912 397 2913 398 2913 2250 2913 397 2914 2250 2914 2251 2914 396 2915 2251 2915 2252 2915 396 2916 397 2916 2251 2916 394 2917 2252 2917 2249 2917 394 2918 396 2918 2252 2918 401 2919 402 2919 2253 2919 401 2920 2253 2920 2254 2920 399 2921 2254 2921 2255 2921 399 2922 401 2922 2254 2922 398 2923 2255 2923 2250 2923 398 2924 399 2924 2255 2924 408 2925 2256 2925 2257 2925 406 2926 408 2926 2257 2926 403 2927 2257 2927 2258 2927 403 2928 406 2928 2257 2928 402 2929 2258 2929 2253 2929 402 2930 403 2930 2258 2930 412 2931 413 2931 2259 2931 412 2932 2259 2932 2260 2932 410 2933 2260 2933 2261 2933 410 2934 412 2934 2260 2934 408 2935 2261 2935 2256 2935 408 2936 410 2936 2261 2936 2262 2937 2259 2937 1833 2937 1833 2938 2259 2938 413 2938 1834 2939 2263 2939 1833 2939 2263 2940 2262 2940 1833 2940 1836 2941 1837 2941 2264 2941 1836 2942 2264 2942 2265 2942 1835 2943 2265 2943 2266 2943 1835 2944 1836 2944 2265 2944 1834 2945 2266 2945 2263 2945 1834 2946 1835 2946 2266 2946 1839 2947 1840 2947 2267 2947 1839 2948 2267 2948 2268 2948 1838 2949 2268 2949 2269 2949 1838 2950 1839 2950 2268 2950 1837 2951 2269 2951 2264 2951 1837 2952 1838 2952 2269 2952 1842 2953 563 2953 2270 2953 1842 2954 2270 2954 2271 2954 1841 2955 2271 2955 2272 2955 1841 2956 1842 2956 2271 2956 1840 2957 2272 2957 2267 2957 1840 2958 1841 2958 2272 2958 2273 2959 2270 2959 562 2959 562 2960 2270 2960 563 2960 561 2961 2274 2961 562 2961 2274 2962 2273 2962 562 2962 559 2963 2275 2963 561 2963 2275 2964 2274 2964 561 2964 560 2965 555 2965 2276 2965 560 2966 2276 2966 2277 2966 558 2967 2277 2967 2278 2967 558 2968 560 2968 2277 2968 559 2969 2278 2969 2275 2969 559 2970 558 2970 2278 2970 556 2971 557 2971 2279 2971 556 2972 2279 2972 2280 2972 554 2973 2280 2973 2281 2973 554 2974 556 2974 2280 2974 555 2975 2281 2975 2276 2975 555 2976 554 2976 2281 2976 565 2977 2282 2977 557 2977 2282 2978 2279 2978 557 2978 566 2979 2283 2979 565 2979 2283 2980 2282 2980 565 2980 2284 2981 2283 2981 574 2981 574 2982 2283 2982 566 2982 577 2983 2285 2983 2286 2983 576 2984 577 2984 2286 2984 575 2985 2286 2985 2287 2985 575 2986 576 2986 2286 2986 574 2987 2287 2987 2284 2987 574 2988 575 2988 2287 2988 2288 2989 2285 2989 578 2989 578 2990 2285 2990 577 2990 2289 2991 2288 2991 584 2991 584 2992 2288 2992 578 2992 594 2993 2290 2993 2291 2993 593 2994 594 2994 2291 2994 585 2995 2291 2995 2292 2995 585 2996 593 2996 2291 2996 584 2997 2292 2997 2289 2997 584 2998 585 2998 2292 2998 2293 2999 2290 2999 599 2999 599 3000 2290 3000 594 3000 603 3001 2294 3001 599 3001 2294 3002 2293 3002 599 3002 612 3003 2295 3003 603 3003 2295 3004 2294 3004 603 3004 616 3005 617 3005 2296 3005 616 3006 2296 3006 2297 3006 613 3007 2297 3007 2298 3007 613 3008 616 3008 2297 3008 612 3009 2298 3009 2295 3009 612 3010 613 3010 2298 3010 2299 3011 2296 3011 619 3011 619 3012 2296 3012 617 3012 2300 3013 2299 3013 623 3013 623 3014 2299 3014 619 3014 631 3015 2301 3015 623 3015 2301 3016 2300 3016 623 3016 2302 3017 2301 3017 635 3017 635 3018 2301 3018 631 3018 637 3019 638 3019 2303 3019 637 3020 2303 3020 2304 3020 636 3021 2304 3021 2305 3021 636 3022 637 3022 2304 3022 635 3023 2305 3023 2302 3023 635 3024 636 3024 2305 3024 650 3025 652 3025 2306 3025 650 3026 2306 3026 2307 3026 639 3027 2307 3027 2308 3027 639 3028 650 3028 2307 3028 638 3029 2308 3029 2303 3029 638 3030 639 3030 2308 3030 660 3031 661 3031 2309 3031 660 3032 2309 3032 2310 3032 654 3033 2310 3033 2311 3033 654 3034 660 3034 2310 3034 652 3035 2311 3035 2306 3035 652 3036 654 3036 2311 3036 664 3037 665 3037 2312 3037 664 3038 2312 3038 2313 3038 663 3039 2313 3039 2314 3039 663 3040 664 3040 2313 3040 661 3041 2314 3041 2309 3041 661 3042 663 3042 2314 3042 672 3043 675 3043 2315 3043 672 3044 2315 3044 2316 3044 666 3045 2316 3045 2317 3045 666 3046 672 3046 2316 3046 665 3047 2317 3047 2312 3047 665 3048 666 3048 2317 3048 686 3049 690 3049 2318 3049 686 3050 2318 3050 2319 3050 677 3051 2319 3051 2320 3051 677 3052 686 3052 2319 3052 675 3053 2320 3053 2315 3053 675 3054 677 3054 2320 3054 706 3055 2321 3055 2322 3055 701 3056 706 3056 2322 3056 693 3057 2322 3057 2323 3057 693 3058 701 3058 2322 3058 690 3059 2323 3059 2318 3059 690 3060 693 3060 2323 3060 710 3061 2324 3061 2325 3061 709 3062 710 3062 2325 3062 708 3063 2325 3063 2326 3063 708 3064 709 3064 2325 3064 706 3065 2326 3065 2321 3065 706 3066 708 3066 2326 3066 713 3067 2327 3067 2328 3067 712 3068 713 3068 2328 3068 711 3069 2328 3069 2329 3069 711 3070 712 3070 2328 3070 710 3071 2329 3071 2324 3071 710 3072 711 3072 2329 3072 2330 3073 2327 3073 721 3073 721 3074 2327 3074 713 3074 2331 3075 2330 3075 722 3075 722 3076 2330 3076 721 3076 724 3077 725 3077 2332 3077 724 3078 2332 3078 2333 3078 723 3079 2333 3079 2334 3079 723 3080 724 3080 2333 3080 722 3081 2334 3081 2331 3081 722 3082 723 3082 2334 3082 727 3083 731 3083 2335 3083 727 3084 2335 3084 2336 3084 726 3085 2336 3085 2337 3085 726 3086 727 3086 2336 3086 725 3087 2337 3087 2332 3087 725 3088 726 3088 2337 3088 2338 3089 2335 3089 740 3089 740 3090 2335 3090 731 3090 2339 3091 2338 3091 745 3091 745 3092 2338 3092 740 3092 748 3093 749 3093 2340 3093 748 3094 2340 3094 2341 3094 747 3095 2341 3095 2342 3095 747 3096 748 3096 2341 3096 745 3097 2342 3097 2339 3097 745 3098 747 3098 2342 3098 757 3099 2343 3099 2344 3099 755 3100 757 3100 2344 3100 750 3101 2344 3101 2345 3101 750 3102 755 3102 2344 3102 749 3103 2345 3103 2340 3103 749 3104 750 3104 2345 3104 931 3105 928 3105 2346 3105 931 3106 2346 3106 2347 3106 930 3107 2347 3107 2348 3107 930 3108 931 3108 2347 3108 757 3109 2348 3109 2343 3109 757 3110 930 3110 2348 3110 929 3111 925 3111 2349 3111 929 3112 2349 3112 2350 3112 927 3113 2350 3113 2351 3113 927 3114 929 3114 2350 3114 928 3115 2351 3115 2346 3115 928 3116 927 3116 2351 3116 926 3117 922 3117 2352 3117 926 3118 2352 3118 2353 3118 924 3119 2353 3119 2354 3119 924 3120 926 3120 2353 3120 925 3121 2354 3121 2349 3121 925 3122 924 3122 2354 3122 923 3123 919 3123 2355 3123 923 3124 2355 3124 2356 3124 921 3125 2356 3125 2357 3125 921 3126 923 3126 2356 3126 922 3127 2357 3127 2352 3127 922 3128 921 3128 2357 3128 920 3129 916 3129 2358 3129 920 3130 2358 3130 2359 3130 918 3131 2359 3131 2360 3131 918 3132 920 3132 2359 3132 919 3133 2360 3133 2355 3133 919 3134 918 3134 2360 3134 917 3135 913 3135 2361 3135 917 3136 2361 3136 2362 3136 915 3137 2362 3137 2363 3137 915 3138 917 3138 2362 3138 916 3139 2363 3139 2358 3139 916 3140 915 3140 2363 3140 914 3141 911 3141 2364 3141 914 3142 2364 3142 2365 3142 912 3143 2365 3143 2366 3143 912 3144 914 3144 2365 3144 913 3145 2366 3145 2361 3145 913 3146 912 3146 2366 3146 2367 3147 2364 3147 910 3147 910 3148 2364 3148 911 3148 2368 3149 2367 3149 909 3149 909 3150 2367 3150 910 3150 2369 3151 2368 3151 907 3151 907 3152 2368 3152 909 3152 904 3153 2370 3153 2371 3153 908 3154 904 3154 2371 3154 906 3155 2371 3155 2372 3155 906 3156 908 3156 2371 3156 907 3157 2372 3157 2369 3157 907 3158 906 3158 2372 3158 905 3159 902 3159 2373 3159 905 3160 2373 3160 2374 3160 903 3161 2374 3161 2375 3161 903 3162 905 3162 2374 3162 904 3163 2375 3163 2370 3163 904 3164 903 3164 2375 3164 2376 3165 2373 3165 901 3165 901 3166 2373 3166 902 3166 2377 3167 2376 3167 900 3167 900 3168 2376 3168 901 3168 2378 3169 2377 3169 898 3169 898 3170 2377 3170 900 3170 896 3171 2379 3171 2380 3171 899 3172 896 3172 2380 3172 897 3173 2380 3173 2381 3173 897 3174 899 3174 2380 3174 898 3175 2381 3175 2378 3175 898 3176 897 3176 2381 3176 895 3177 2382 3177 896 3177 2382 3178 2379 3178 896 3178 2383 3179 2382 3179 893 3179 893 3180 2382 3180 895 3180 933 3181 2384 3181 2385 3181 894 3182 933 3182 2385 3182 892 3183 2385 3183 2386 3183 892 3184 894 3184 2385 3184 893 3185 2386 3185 2383 3185 893 3186 892 3186 2386 3186 946 3187 949 3187 2387 3187 946 3188 2387 3188 2388 3188 944 3189 2388 3189 2389 3189 944 3190 946 3190 2388 3190 933 3191 2389 3191 2384 3191 933 3192 944 3192 2389 3192 959 3193 967 3193 2390 3193 959 3194 2390 3194 2391 3194 952 3195 2391 3195 2392 3195 952 3196 959 3196 2391 3196 949 3197 2392 3197 2387 3197 949 3198 952 3198 2392 3198 986 3199 990 3199 2393 3199 986 3200 2393 3200 2394 3200 984 3201 2394 3201 2395 3201 984 3202 986 3202 2394 3202 967 3203 2395 3203 2390 3203 967 3204 984 3204 2395 3204 997 3205 2396 3205 2397 3205 992 3206 997 3206 2397 3206 991 3207 2397 3207 2398 3207 991 3208 992 3208 2397 3208 990 3209 2398 3209 2393 3209 990 3210 991 3210 2398 3210 999 3211 1003 3211 2399 3211 999 3212 2399 3212 2400 3212 998 3213 2400 3213 2401 3213 998 3214 999 3214 2400 3214 997 3215 2401 3215 2396 3215 997 3216 998 3216 2401 3216 1005 3217 1006 3217 2402 3217 1005 3218 2402 3218 2403 3218 1004 3219 2403 3219 2404 3219 1004 3220 1005 3220 2403 3220 1003 3221 2404 3221 2399 3221 1003 3222 1004 3222 2404 3222 1011 3223 2405 3223 2406 3223 1010 3224 1011 3224 2406 3224 1007 3225 2406 3225 2407 3225 1007 3226 1010 3226 2406 3226 1006 3227 2407 3227 2402 3227 1006 3228 1007 3228 2407 3228 1013 3229 1014 3229 2408 3229 1013 3230 2408 3230 2409 3230 1012 3231 2409 3231 2410 3231 1012 3232 1013 3232 2409 3232 1011 3233 2410 3233 2405 3233 1011 3234 1012 3234 2410 3234 1146 3235 2411 3235 1014 3235 2411 3236 2408 3236 1014 3236 1144 3237 2412 3237 1146 3237 2412 3238 2411 3238 1146 3238 2413 3239 2412 3239 1132 3239 1132 3240 2412 3240 1144 3240 2414 3241 2413 3241 1130 3241 1130 3242 2413 3242 1132 3242 1131 3243 1128 3243 2415 3243 1131 3244 2415 3244 2416 3244 1129 3245 2416 3245 2417 3245 1129 3246 1131 3246 2416 3246 1130 3247 2417 3247 2414 3247 1130 3248 1129 3248 2417 3248 2418 3249 2415 3249 1127 3249 1127 3250 2415 3250 1128 3250 2419 3251 2418 3251 1125 3251 1125 3252 2418 3252 1127 3252 1126 3253 1123 3253 2420 3253 1126 3254 2420 3254 2421 3254 1124 3255 2421 3255 2422 3255 1124 3256 1126 3256 2421 3256 1125 3257 2422 3257 2419 3257 1125 3258 1124 3258 2422 3258 1121 3259 2423 3259 1123 3259 2423 3260 2420 3260 1123 3260 2424 3261 2423 3261 1120 3261 1120 3262 2423 3262 1121 3262 1119 3263 2425 3263 1120 3263 2425 3264 2424 3264 1120 3264 2426 3265 2425 3265 1117 3265 1117 3266 2425 3266 1119 3266 1118 3267 1115 3267 2427 3267 1118 3268 2427 3268 2428 3268 1116 3269 2428 3269 2429 3269 1116 3270 1118 3270 2428 3270 1117 3271 2429 3271 2426 3271 1117 3272 1116 3272 2429 3272 2430 3273 2427 3273 1113 3273 1113 3274 2427 3274 1115 3274 2431 3275 2430 3275 1111 3275 1111 3276 2430 3276 1113 3276 1112 3277 1109 3277 2432 3277 1112 3278 2432 3278 2433 3278 1110 3279 2433 3279 2434 3279 1110 3280 1112 3280 2433 3280 1111 3281 2434 3281 2431 3281 1111 3282 1110 3282 2434 3282 2435 3283 2432 3283 1105 3283 1105 3284 2432 3284 1109 3284 2436 3285 2435 3285 1103 3285 1103 3286 2435 3286 1105 3286 2437 3287 2436 3287 1100 3287 1100 3288 2436 3288 1103 3288 1097 3289 1096 3289 2438 3289 1097 3290 2438 3290 2439 3290 1099 3291 2439 3291 2440 3291 1099 3292 1097 3292 2439 3292 1100 3293 2440 3293 2437 3293 1100 3294 1099 3294 2440 3294 2441 3295 2438 3295 1087 3295 1087 3296 2438 3296 1096 3296 2442 3297 2441 3297 1085 3297 1085 3298 2441 3298 1087 3298 1084 3299 2443 3299 1085 3299 2443 3300 2442 3300 1085 3300 2444 3301 2443 3301 1082 3301 1082 3302 2443 3302 1084 3302 2445 3303 2444 3303 1078 3303 1078 3304 2444 3304 1082 3304 2446 3305 2445 3305 1076 3305 1076 3306 2445 3306 1078 3306 2447 3307 2446 3307 1064 3307 1064 3308 2446 3308 1076 3308 2448 3309 2447 3309 977 3309 977 3310 2447 3310 1064 3310 2449 3311 2448 3311 973 3311 973 3312 2448 3312 977 3312 973 3313 976 3313 2449 3313 2449 3314 976 3314 2450 3314 2450 3315 975 3315 2451 3315 976 3316 975 3316 2450 3316 2451 3317 974 3317 2452 3317 975 3318 974 3318 2451 3318 2453 3319 2452 3319 971 3319 971 3320 2452 3320 974 3320 968 3321 2454 3321 971 3321 2454 3322 2453 3322 971 3322 2455 3323 2454 3323 962 3323 962 3324 2454 3324 968 3324 962 3325 966 3325 2455 3325 2455 3326 966 3326 2456 3326 2456 3327 965 3327 2457 3327 966 3328 965 3328 2456 3328 2457 3329 964 3329 2458 3329 965 3330 964 3330 2457 3330 964 3331 963 3331 2458 3331 2458 3332 963 3332 2459 3332 2459 3333 970 3333 2460 3333 963 3334 970 3334 2459 3334 2460 3335 969 3335 2461 3335 970 3336 969 3336 2460 3336 969 3337 972 3337 2461 3337 2461 3338 972 3338 2462 3338 2462 3339 958 3339 2463 3339 972 3340 958 3340 2462 3340 2463 3341 956 3341 2464 3341 958 3342 956 3342 2463 3342 956 3343 953 3343 2464 3343 2464 3344 953 3344 2465 3344 2465 3345 955 3345 2466 3345 953 3346 955 3346 2465 3346 2466 3347 954 3347 2467 3347 955 3348 954 3348 2466 3348 954 3349 957 3349 2467 3349 2467 3350 957 3350 2468 3350 2469 3351 951 3351 2470 3351 2468 3352 951 3352 2469 3352 957 3353 951 3353 2468 3353 951 3354 950 3354 2470 3354 2471 3355 2470 3355 947 3355 947 3356 2470 3356 950 3356 2472 3357 2471 3357 941 3357 941 3358 2471 3358 947 3358 941 3359 940 3359 2472 3359 2472 3360 940 3360 2473 3360 2473 3361 938 3361 2474 3361 940 3362 938 3362 2473 3362 2474 3363 934 3363 2475 3363 938 3364 934 3364 2474 3364 934 3365 937 3365 2475 3365 2475 3366 937 3366 2476 3366 2476 3367 936 3367 2477 3367 937 3368 936 3368 2476 3368 2477 3369 935 3369 2478 3369 936 3370 935 3370 2477 3370 935 3371 943 3371 2478 3371 2478 3372 943 3372 2479 3372 2479 3373 942 3373 2480 3373 943 3374 942 3374 2479 3374 2480 3375 948 3375 2481 3375 942 3376 948 3376 2480 3376 948 3377 887 3377 2481 3377 2481 3378 887 3378 2482 3378 2482 3379 886 3379 2483 3379 887 3380 886 3380 2482 3380 2483 3381 884 3381 2484 3381 886 3382 884 3382 2483 3382 884 3383 883 3383 2484 3383 2484 3384 883 3384 2485 3384 2485 3385 881 3385 2486 3385 883 3386 881 3386 2485 3386 2486 3387 879 3387 2487 3387 881 3388 879 3388 2486 3388 879 3389 877 3389 2487 3389 2487 3390 877 3390 2488 3390 2489 3391 876 3391 2490 3391 2488 3392 876 3392 2489 3392 877 3393 876 3393 2488 3393 876 3394 874 3394 2490 3394 874 3395 872 3395 2490 3395 2490 3396 872 3396 2491 3396 2492 3397 871 3397 2493 3397 2491 3398 871 3398 2492 3398 872 3399 871 3399 2491 3399 871 3400 870 3400 2493 3400 870 3401 868 3401 2493 3401 2493 3402 868 3402 2494 3402 2494 3403 866 3403 2495 3403 868 3404 866 3404 2494 3404 2495 3405 862 3405 2496 3405 866 3406 862 3406 2495 3406 862 3407 858 3407 2496 3407 2496 3408 858 3408 2497 3408 2497 3409 860 3409 2498 3409 858 3410 860 3410 2497 3410 2498 3411 859 3411 2499 3411 860 3412 859 3412 2498 3412 859 3413 865 3413 2499 3413 2499 3414 865 3414 2500 3414 2500 3415 864 3415 2501 3415 865 3416 864 3416 2500 3416 2501 3417 863 3417 2502 3417 864 3418 863 3418 2501 3418 2503 3419 2502 3419 867 3419 867 3420 2502 3420 863 3420 2504 3421 2503 3421 854 3421 854 3422 2503 3422 867 3422 854 3423 853 3423 2504 3423 2504 3424 853 3424 2505 3424 2505 3425 851 3425 2506 3425 853 3426 851 3426 2505 3426 2506 3427 850 3427 2507 3427 851 3428 850 3428 2506 3428 850 3429 849 3429 2507 3429 2507 3430 849 3430 2508 3430 2508 3431 848 3431 2509 3431 849 3432 848 3432 2508 3432 2509 3433 846 3433 2510 3433 848 3434 846 3434 2509 3434 2511 3435 2510 3435 844 3435 844 3436 2510 3436 846 3436 2512 3437 2511 3437 834 3437 834 3438 2511 3438 844 3438 834 3439 840 3439 2512 3439 2512 3440 840 3440 2513 3440 2513 3441 839 3441 2514 3441 840 3442 839 3442 2513 3442 2514 3443 838 3443 2515 3443 839 3444 838 3444 2514 3444 838 3445 837 3445 2515 3445 2515 3446 837 3446 2516 3446 2517 3447 836 3447 2518 3447 2516 3448 836 3448 2517 3448 837 3449 836 3449 2516 3449 836 3450 835 3450 2518 3450 2519 3451 2518 3451 783 3451 783 3452 2518 3452 835 3452 2520 3453 2519 3453 782 3453 782 3454 2519 3454 783 3454 782 3455 781 3455 2520 3455 2520 3456 781 3456 2521 3456 2521 3457 780 3457 2522 3457 781 3458 780 3458 2521 3458 2522 3459 779 3459 2523 3459 780 3460 779 3460 2522 3460 779 3461 778 3461 2523 3461 2523 3462 778 3462 2524 3462 2524 3463 777 3463 2525 3463 778 3464 777 3464 2524 3464 2525 3465 775 3465 2526 3465 777 3466 775 3466 2525 3466 2527 3467 2526 3467 770 3467 770 3468 2526 3468 775 3468 2528 3469 2527 3469 768 3469 768 3470 2527 3470 770 3470 768 3471 767 3471 2528 3471 2528 3472 767 3472 2529 3472 2530 3473 765 3473 2531 3473 2529 3474 765 3474 2530 3474 767 3475 765 3475 2529 3475 765 3476 764 3476 2531 3476 764 3477 761 3477 2531 3477 2531 3478 761 3478 2532 3478 2532 3479 763 3479 2533 3479 761 3480 763 3480 2532 3480 2533 3481 762 3481 2534 3481 763 3482 762 3482 2533 3482 762 3483 766 3483 2534 3483 2534 3484 766 3484 2535 3484 2535 3485 769 3485 2536 3485 766 3486 769 3486 2535 3486 2536 3487 773 3487 2537 3487 769 3488 773 3488 2536 3488 773 3489 772 3489 2537 3489 2537 3490 772 3490 2538 3490 2538 3491 760 3491 2539 3491 772 3492 760 3492 2538 3492 2539 3493 759 3493 2540 3493 760 3494 759 3494 2539 3494 759 3495 758 3495 2540 3495 2540 3496 758 3496 2541 3496 2541 3497 756 3497 2542 3497 758 3498 756 3498 2541 3498 2542 3499 751 3499 2543 3499 756 3500 751 3500 2542 3500 751 3501 754 3501 2543 3501 2543 3502 754 3502 2544 3502 2545 3503 753 3503 2546 3503 2544 3504 753 3504 2545 3504 754 3505 753 3505 2544 3505 753 3506 752 3506 2546 3506 752 3507 746 3507 2546 3507 2546 3508 746 3508 2547 3508 2548 3509 743 3509 2549 3509 2547 3510 743 3510 2548 3510 746 3511 743 3511 2547 3511 743 3512 741 3512 2549 3512 741 3513 738 3513 2549 3513 2549 3514 738 3514 2550 3514 2550 3515 736 3515 2551 3515 738 3516 736 3516 2550 3516 2551 3517 732 3517 2552 3517 736 3518 732 3518 2551 3518 732 3519 728 3519 2552 3519 2552 3520 728 3520 2553 3520 2554 3521 730 3521 2555 3521 2553 3522 730 3522 2554 3522 728 3523 730 3523 2553 3523 730 3524 729 3524 2555 3524 729 3525 735 3525 2555 3525 2555 3526 735 3526 2556 3526 2557 3527 734 3527 2558 3527 2556 3528 734 3528 2557 3528 735 3529 734 3529 2556 3529 734 3530 733 3530 2558 3530 733 3531 737 3531 2558 3531 2558 3532 737 3532 2559 3532 2559 3533 739 3533 2560 3533 737 3534 739 3534 2559 3534 2560 3535 742 3535 2561 3535 739 3536 742 3536 2560 3536 742 3537 744 3537 2561 3537 2561 3538 744 3538 2562 3538 2562 3539 720 3539 2563 3539 744 3540 720 3540 2562 3540 2563 3541 714 3541 2564 3541 720 3542 714 3542 2563 3542 714 3543 719 3543 2564 3543 2564 3544 719 3544 2565 3544 2565 3545 718 3545 2566 3545 719 3546 718 3546 2565 3546 2566 3547 717 3547 2567 3547 718 3548 717 3548 2566 3548 717 3549 716 3549 2567 3549 2567 3550 716 3550 2568 3550 2568 3551 715 3551 2569 3551 716 3552 715 3552 2568 3552 2569 3553 707 3553 2570 3553 715 3554 707 3554 2569 3554 707 3555 704 3555 2570 3555 2570 3556 704 3556 2571 3556 2571 3557 699 3557 2572 3557 704 3558 699 3558 2571 3558 2572 3559 694 3559 2573 3559 699 3560 694 3560 2572 3560 694 3561 691 3561 2573 3561 2573 3562 691 3562 2574 3562 2574 3563 687 3563 2575 3563 691 3564 687 3564 2574 3564 2575 3565 679 3565 2576 3565 687 3566 679 3566 2575 3566 679 3567 684 3567 2576 3567 2576 3568 684 3568 2577 3568 2578 3569 683 3569 2579 3569 2577 3570 683 3570 2578 3570 684 3571 683 3571 2577 3571 683 3572 682 3572 2579 3572 682 3573 681 3573 2579 3573 2579 3574 681 3574 2580 3574 2580 3575 680 3575 2581 3575 681 3576 680 3576 2580 3576 2581 3577 689 3577 2582 3577 680 3578 689 3578 2581 3578 689 3579 688 3579 2582 3579 2582 3580 688 3580 2583 3580 2583 3581 692 3581 2584 3581 688 3582 692 3582 2583 3582 2584 3583 695 3583 2585 3583 692 3584 695 3584 2584 3584 695 3585 700 3585 2585 3585 2585 3586 700 3586 2586 3586 2586 3587 705 3587 2587 3587 700 3588 705 3588 2586 3588 2587 3589 658 3589 2588 3589 705 3590 658 3590 2587 3590 658 3591 657 3591 2588 3591 2588 3592 657 3592 2589 3592 2589 3593 653 3593 2590 3593 657 3594 653 3594 2589 3594 2590 3595 651 3595 2591 3595 653 3596 651 3596 2590 3596 651 3597 647 3597 2591 3597 2591 3598 647 3598 2592 3598 2593 3599 649 3599 2594 3599 2592 3600 649 3600 2593 3600 647 3601 649 3601 2592 3601 649 3602 648 3602 2594 3602 648 3603 659 3603 2594 3603 2594 3604 659 3604 2595 3604 2595 3605 771 3605 2596 3605 659 3606 771 3606 2595 3606 2596 3607 774 3607 2597 3607 771 3608 774 3608 2596 3608 774 3609 634 3609 2597 3609 2597 3610 634 3610 2598 3610 2598 3611 632 3611 2599 3611 634 3612 632 3612 2598 3612 2599 3613 628 3613 2600 3613 632 3614 628 3614 2599 3614 628 3615 625 3615 2600 3615 2600 3616 625 3616 2601 3616 2602 3617 627 3617 2603 3617 2601 3618 627 3618 2602 3618 625 3619 627 3619 2601 3619 627 3620 626 3620 2603 3620 626 3621 630 3621 2603 3621 2603 3622 630 3622 2604 3622 2604 3623 629 3623 2605 3623 630 3624 629 3624 2604 3624 2605 3625 633 3625 2606 3625 629 3626 633 3626 2605 3626 2607 3627 2606 3627 776 3627 776 3628 2606 3628 633 3628 2608 3629 2607 3629 604 3629 604 3630 2607 3630 776 3630 604 3631 602 3631 2608 3631 2608 3632 602 3632 2609 3632 2609 3633 601 3633 2610 3633 602 3634 601 3634 2609 3634 2610 3635 600 3635 2611 3635 601 3636 600 3636 2610 3636 600 3637 598 3637 2611 3637 2611 3638 598 3638 2612 3638 2612 3639 595 3639 2613 3639 598 3640 595 3640 2612 3640 2613 3641 588 3641 2614 3641 595 3642 588 3642 2613 3642 588 3643 592 3643 2614 3643 2614 3644 592 3644 2615 3644 2615 3645 591 3645 2616 3645 592 3646 591 3646 2615 3646 2616 3647 590 3647 2617 3647 591 3648 590 3648 2616 3648 590 3649 589 3649 2617 3649 2617 3650 589 3650 2618 3650 2619 3651 597 3651 2620 3651 2618 3652 597 3652 2619 3652 589 3653 597 3653 2618 3653 597 3654 596 3654 2620 3654 2621 3655 2620 3655 567 3655 567 3656 2620 3656 596 3656 2622 3657 2621 3657 545 3657 545 3658 2621 3658 567 3658 545 3659 543 3659 2622 3659 2622 3660 543 3660 2623 3660 2623 3661 536 3661 2624 3661 543 3662 536 3662 2623 3662 2624 3663 534 3663 2625 3663 536 3664 534 3664 2624 3664 534 3665 530 3665 2625 3665 2625 3666 530 3666 2626 3666 2626 3667 532 3667 2627 3667 530 3668 532 3668 2626 3668 2627 3669 531 3669 2628 3669 532 3670 531 3670 2627 3670 531 3671 537 3671 2628 3671 2628 3672 537 3672 2629 3672 2630 3673 552 3673 2631 3673 2629 3674 552 3674 2630 3674 537 3675 552 3675 2629 3675 552 3676 551 3676 2631 3676 551 3677 550 3677 2631 3677 2631 3678 550 3678 2632 3678 2632 3679 549 3679 2633 3679 550 3680 549 3680 2632 3680 2633 3681 548 3681 2634 3681 549 3682 548 3682 2633 3682 548 3683 547 3683 2634 3683 2634 3684 547 3684 2635 3684 2635 3685 546 3685 2636 3685 547 3686 546 3686 2635 3686 2636 3687 526 3687 2637 3687 546 3688 526 3688 2636 3688 504 3689 2638 3689 526 3689 2638 3690 2637 3690 526 3690 504 3691 500 3691 2638 3691 2638 3692 500 3692 2639 3692 2639 3693 502 3693 2640 3693 500 3694 502 3694 2639 3694 2640 3695 501 3695 2641 3695 502 3696 501 3696 2640 3696 501 3697 508 3697 2641 3697 2641 3698 508 3698 2642 3698 2642 3699 507 3699 2643 3699 508 3700 507 3700 2642 3700 2643 3701 506 3701 2644 3701 507 3702 506 3702 2643 3702 506 3703 505 3703 2644 3703 2644 3704 505 3704 2645 3704 2646 3705 510 3705 2647 3705 2645 3706 510 3706 2646 3706 505 3707 510 3707 2645 3707 510 3708 499 3708 2647 3708 499 3709 487 3709 2647 3709 2647 3710 487 3710 2648 3710 2648 3711 485 3711 2649 3711 487 3712 485 3712 2648 3712 2649 3713 478 3713 2650 3713 485 3714 478 3714 2649 3714 478 3715 473 3715 2650 3715 2650 3716 473 3716 2651 3716 2652 3717 475 3717 2653 3717 2651 3718 475 3718 2652 3718 473 3719 475 3719 2651 3719 475 3720 474 3720 2653 3720 474 3721 481 3721 2653 3721 2653 3722 481 3722 2654 3722 2654 3723 480 3723 2655 3723 481 3724 480 3724 2654 3724 2655 3725 479 3725 2656 3725 480 3726 479 3726 2655 3726 479 3727 486 3727 2656 3727 2656 3728 486 3728 2657 3728 2657 3729 488 3729 2658 3729 486 3730 488 3730 2657 3730 2658 3731 491 3731 2659 3731 488 3732 491 3732 2658 3732 491 3733 463 3733 2659 3733 2659 3734 463 3734 2660 3734 2660 3735 459 3735 2661 3735 463 3736 459 3736 2660 3736 2661 3737 450 3737 2662 3737 459 3738 450 3738 2661 3738 450 3739 456 3739 2662 3739 2662 3740 456 3740 2663 3740 2663 3741 455 3741 2664 3741 456 3742 455 3742 2663 3742 2664 3743 454 3743 2665 3743 455 3744 454 3744 2664 3744 454 3745 453 3745 2665 3745 2665 3746 453 3746 2666 3746 2666 3747 452 3747 2667 3747 453 3748 452 3748 2666 3748 2667 3749 451 3749 2668 3749 452 3750 451 3750 2667 3750 451 3751 460 3751 2668 3751 2668 3752 460 3752 2669 3752 2669 3753 441 3753 2670 3753 460 3754 441 3754 2669 3754 2670 3755 440 3755 2671 3755 441 3756 440 3756 2670 3756 440 3757 437 3757 2671 3757 2671 3758 437 3758 2672 3758 2673 3759 433 3759 2674 3759 2672 3760 433 3760 2673 3760 437 3761 433 3761 2672 3761 433 3762 421 3762 2674 3762 421 3763 427 3763 2674 3763 2674 3764 427 3764 2675 3764 2675 3765 426 3765 2676 3765 427 3766 426 3766 2675 3766 2676 3767 425 3767 2677 3767 426 3768 425 3768 2676 3768 425 3769 424 3769 2677 3769 2677 3770 424 3770 2678 3770 2678 3771 423 3771 2679 3771 424 3772 423 3772 2678 3772 2679 3773 422 3773 2680 3773 423 3774 422 3774 2679 3774 2681 3775 2680 3775 438 3775 438 3776 2680 3776 422 3776 2682 3777 2681 3777 436 3777 436 3778 2681 3778 438 3778 436 3779 435 3779 2682 3779 2682 3780 435 3780 2683 3780 2684 3781 432 3781 2685 3781 2683 3782 432 3782 2684 3782 435 3783 432 3783 2683 3783 432 3784 431 3784 2685 3784 431 3785 430 3785 2685 3785 2685 3786 430 3786 2686 3786 2686 3787 429 3787 2687 3787 430 3788 429 3788 2686 3788 2687 3789 428 3789 2688 3789 429 3790 428 3790 2687 3790 428 3791 434 3791 2688 3791 2688 3792 434 3792 2689 3792 2689 3793 439 3793 2690 3793 434 3794 439 3794 2689 3794 2690 3795 490 3795 2691 3795 439 3796 490 3796 2690 3796 490 3797 465 3797 2691 3797 2691 3798 465 3798 2692 3798 2692 3799 458 3799 2693 3799 465 3800 458 3800 2692 3800 2693 3801 446 3801 2694 3801 458 3802 446 3802 2693 3802 446 3803 445 3803 2694 3803 2694 3804 445 3804 2695 3804 2695 3805 444 3805 2696 3805 445 3806 444 3806 2695 3806 2696 3807 443 3807 2697 3807 444 3808 443 3808 2696 3808 443 3809 448 3809 2697 3809 2697 3810 448 3810 2698 3810 2699 3811 449 3811 2700 3811 2698 3812 449 3812 2699 3812 448 3813 449 3813 2698 3813 449 3814 457 3814 2700 3814 457 3815 461 3815 2700 3815 2700 3816 461 3816 2701 3816 2701 3817 464 3817 2702 3817 461 3818 464 3818 2701 3818 2702 3819 492 3819 2703 3819 464 3820 492 3820 2702 3820 492 3821 484 3821 2703 3821 2703 3822 484 3822 2704 3822 2704 3823 483 3823 2705 3823 484 3824 483 3824 2704 3824 2705 3825 471 3825 2706 3825 483 3826 471 3826 2705 3826 471 3827 470 3827 2706 3827 2706 3828 470 3828 2707 3828 2707 3829 469 3829 2708 3829 470 3830 469 3830 2707 3830 2708 3831 468 3831 2709 3831 469 3832 468 3832 2708 3832 468 3833 472 3833 2709 3833 2709 3834 472 3834 2710 3834 2710 3835 476 3835 2711 3835 472 3836 476 3836 2710 3836 2711 3837 482 3837 2712 3837 476 3838 482 3838 2711 3838 2713 3839 2712 3839 489 3839 489 3840 2712 3840 482 3840 2714 3841 2713 3841 493 3841 493 3842 2713 3842 489 3842 493 3843 494 3843 2714 3843 2714 3844 494 3844 2715 3844 2715 3845 496 3845 2716 3845 494 3846 496 3846 2715 3846 2716 3847 497 3847 2717 3847 496 3848 497 3848 2716 3848 497 3849 498 3849 2717 3849 2717 3850 498 3850 2718 3850 2718 3851 503 3851 2719 3851 498 3852 503 3852 2718 3852 2719 3853 509 3853 2720 3853 503 3854 509 3854 2719 3854 2721 3855 2720 3855 523 3855 523 3856 2720 3856 509 3856 2722 3857 2721 3857 516 3857 516 3858 2721 3858 523 3858 516 3859 515 3859 2722 3859 2722 3860 515 3860 2723 3860 2723 3861 514 3861 2724 3861 515 3862 514 3862 2723 3862 2724 3863 517 3863 2725 3863 514 3864 517 3864 2724 3864 517 3865 519 3865 2725 3865 2725 3866 519 3866 2726 3866 2726 3867 520 3867 2727 3867 519 3868 520 3868 2726 3868 2727 3869 522 3869 2728 3869 520 3870 522 3870 2727 3870 525 3871 2729 3871 522 3871 2729 3872 2728 3872 522 3872 2730 3873 2729 3873 529 3873 529 3874 2729 3874 525 3874 540 3875 2731 3875 529 3875 2731 3876 2730 3876 529 3876 540 3877 539 3877 2731 3877 2731 3878 539 3878 2732 3878 2732 3879 538 3879 2733 3879 539 3880 538 3880 2732 3880 2733 3881 541 3881 2734 3881 538 3882 541 3882 2733 3882 564 3883 2735 3883 541 3883 2735 3884 2734 3884 541 3884 570 3885 2736 3885 564 3885 2736 3886 2735 3886 564 3886 2736 3887 570 3887 2737 3887 570 3888 569 3888 2737 3888 2737 3889 568 3889 2738 3889 569 3890 568 3890 2737 3890 2738 3891 8 3891 10 3891 568 3892 8 3892 2738 3892 14 3893 573 3893 15 3893 15 3894 573 3894 2739 3894 2740 3895 572 3895 2741 3895 2739 3896 572 3896 2740 3896 573 3897 572 3897 2739 3897 572 3898 571 3898 2741 3898 571 3899 875 3899 2741 3899 2741 3900 875 3900 2742 3900 2742 3901 878 3901 2743 3901 875 3902 878 3902 2742 3902 2743 3903 882 3903 2744 3903 878 3904 882 3904 2743 3904 882 3905 587 3905 2744 3905 2744 3906 587 3906 2745 3906 2745 3907 583 3907 2746 3907 587 3908 583 3908 2745 3908 2746 3909 581 3909 2747 3909 583 3910 581 3910 2746 3910 581 3911 580 3911 2747 3911 2747 3912 580 3912 2748 3912 2749 3913 579 3913 2750 3913 2748 3914 579 3914 2749 3914 580 3915 579 3915 2748 3915 579 3916 582 3916 2750 3916 2751 3917 2750 3917 586 3917 586 3918 2750 3918 582 3918 2752 3919 2751 3919 615 3919 615 3920 2751 3920 586 3920 611 3921 2753 3921 615 3921 2753 3922 2752 3922 615 3922 611 3923 610 3923 2753 3923 2753 3924 610 3924 2754 3924 2754 3925 609 3925 2755 3925 610 3926 609 3926 2754 3926 2755 3927 607 3927 2756 3927 609 3928 607 3928 2755 3928 607 3929 606 3929 2756 3929 2756 3930 606 3930 2757 3930 2757 3931 605 3931 2758 3931 606 3932 605 3932 2757 3932 2758 3933 608 3933 2759 3933 605 3934 608 3934 2758 3934 2760 3935 2759 3935 614 3935 614 3936 2759 3936 608 3936 2761 3937 2760 3937 618 3937 618 3938 2760 3938 614 3938 618 3939 622 3939 2761 3939 2761 3940 622 3940 2762 3940 2762 3941 621 3941 2763 3941 622 3942 621 3942 2762 3942 2763 3943 620 3943 2764 3943 621 3944 620 3944 2763 3944 2765 3945 2764 3945 624 3945 624 3946 2764 3946 620 3946 2766 3947 2765 3947 656 3947 656 3948 2765 3948 624 3948 646 3949 2767 3949 656 3949 2767 3950 2766 3950 656 3950 646 3951 645 3951 2767 3951 2767 3952 645 3952 2768 3952 2768 3953 644 3953 2769 3953 645 3954 644 3954 2768 3954 2769 3955 642 3955 2770 3955 644 3956 642 3956 2769 3956 642 3957 641 3957 2770 3957 2770 3958 641 3958 2771 3958 2771 3959 640 3959 2772 3959 641 3960 640 3960 2771 3960 2772 3961 643 3961 2773 3961 640 3962 643 3962 2772 3962 2774 3963 2773 3963 655 3963 655 3964 2773 3964 643 3964 2775 3965 2774 3965 662 3965 662 3966 2774 3966 655 3966 662 3967 674 3967 2775 3967 2775 3968 674 3968 2776 3968 2776 3969 671 3969 2777 3969 674 3970 671 3970 2776 3970 2777 3971 670 3971 2778 3971 671 3972 670 3972 2777 3972 670 3973 669 3973 2778 3973 2778 3974 669 3974 2779 3974 2779 3975 668 3975 2780 3975 669 3976 668 3976 2779 3976 2780 3977 667 3977 2781 3977 668 3978 667 3978 2780 3978 667 3979 673 3979 2781 3979 2781 3980 673 3980 2782 3980 2783 3981 676 3981 2784 3981 2782 3982 676 3982 2783 3982 673 3983 676 3983 2782 3983 676 3984 678 3984 2784 3984 678 3985 685 3985 2784 3985 2784 3986 685 3986 2785 3986 2785 3987 703 3987 2786 3987 685 3988 703 3988 2785 3988 2786 3989 698 3989 2787 3989 703 3990 698 3990 2786 3990 698 3991 697 3991 2787 3991 2787 3992 697 3992 2788 3992 2789 3993 696 3993 2790 3993 2788 3994 696 3994 2789 3994 697 3995 696 3995 2788 3995 696 3996 702 3996 2790 3996 2791 3997 2790 3997 888 3997 888 3998 2790 3998 702 3998 2792 3999 2791 3999 981 3999 981 4000 2791 4000 888 4000 980 4001 2793 4001 981 4001 2793 4002 2792 4002 981 4002 979 4003 978 4003 2794 4003 979 4004 2794 4004 2795 4004 983 4005 2795 4005 2796 4005 983 4006 979 4006 2795 4006 980 4007 2796 4007 2793 4007 980 4008 983 4008 2796 4008 1009 4009 1002 4009 2797 4009 1009 4010 2797 4010 2798 4010 982 4011 2798 4011 2799 4011 982 4012 1009 4012 2798 4012 978 4013 2799 4013 2794 4013 978 4014 982 4014 2799 4014 2800 4015 2797 4015 1001 4015 1001 4016 2797 4016 1002 4016 2801 4017 2800 4017 996 4017 996 4018 2800 4018 1001 4018 2802 4019 2801 4019 995 4019 995 4020 2801 4020 996 4020 2803 4021 2802 4021 994 4021 994 4022 2802 4022 995 4022 2804 4023 2803 4023 989 4023 989 4024 2803 4024 994 4024 2805 4025 2804 4025 988 4025 988 4026 2804 4026 989 4026 2806 4027 2805 4027 961 4027 961 4028 2805 4028 988 4028 2807 4029 961 4029 843 4029 2807 4030 2806 4030 961 4030 2808 4031 2807 4031 842 4031 842 4032 2807 4032 843 4032 829 4033 2809 4033 2810 4033 832 4034 829 4034 2810 4034 833 4035 2810 4035 2811 4035 833 4036 832 4036 2810 4036 842 4037 2811 4037 2808 4037 842 4038 833 4038 2811 4038 2812 4039 2809 4039 828 4039 828 4040 2809 4040 829 4040 2813 4041 2812 4041 826 4041 826 4042 2812 4042 828 4042 827 4043 823 4043 2814 4043 827 4044 2814 4044 2815 4044 825 4045 2815 4045 2816 4045 825 4046 827 4046 2815 4046 826 4047 2816 4047 2813 4047 826 4048 825 4048 2816 4048 824 4049 820 4049 2817 4049 824 4050 2817 4050 2818 4050 822 4051 2818 4051 2819 4051 822 4052 824 4052 2818 4052 823 4053 2819 4053 2814 4053 823 4054 822 4054 2819 4054 817 4055 2820 4055 2821 4055 821 4056 817 4056 2821 4056 819 4057 2821 4057 2822 4057 819 4058 821 4058 2821 4058 820 4059 2822 4059 2817 4059 820 4060 819 4060 2822 4060 818 4061 814 4061 2823 4061 818 4062 2823 4062 2824 4062 816 4063 2824 4063 2825 4063 816 4064 818 4064 2824 4064 817 4065 2825 4065 2820 4065 817 4066 816 4066 2825 4066 811 4067 2826 4067 2827 4067 815 4068 811 4068 2827 4068 813 4069 2827 4069 2828 4069 813 4070 815 4070 2827 4070 814 4071 2828 4071 2823 4071 814 4072 813 4072 2828 4072 812 4073 808 4073 2829 4073 812 4074 2829 4074 2830 4074 810 4075 2830 4075 2831 4075 810 4076 812 4076 2830 4076 811 4077 2831 4077 2826 4077 811 4078 810 4078 2831 4078 809 4079 805 4079 2832 4079 809 4080 2832 4080 2833 4080 807 4081 2833 4081 2834 4081 807 4082 809 4082 2833 4082 808 4083 2834 4083 2829 4083 808 4084 807 4084 2834 4084 806 4085 802 4085 2835 4085 806 4086 2835 4086 2836 4086 804 4087 2836 4087 2837 4087 804 4088 806 4088 2836 4088 805 4089 2837 4089 2832 4089 805 4090 804 4090 2837 4090 803 4091 799 4091 2838 4091 803 4092 2838 4092 2839 4092 801 4093 2839 4093 2840 4093 801 4094 803 4094 2839 4094 802 4095 2840 4095 2835 4095 802 4096 801 4096 2840 4096 800 4097 796 4097 2841 4097 800 4098 2841 4098 2842 4098 798 4099 2842 4099 2843 4099 798 4100 800 4100 2842 4100 799 4101 2843 4101 2838 4101 799 4102 798 4102 2843 4102 793 4103 2844 4103 2845 4103 797 4104 793 4104 2845 4104 795 4105 2845 4105 2846 4105 795 4106 797 4106 2845 4106 796 4107 2846 4107 2841 4107 796 4108 795 4108 2846 4108 794 4109 790 4109 2847 4109 794 4110 2847 4110 2848 4110 792 4111 2848 4111 2849 4111 792 4112 794 4112 2848 4112 793 4113 2849 4113 2844 4113 793 4114 792 4114 2849 4114 787 4115 2850 4115 2851 4115 791 4116 787 4116 2851 4116 789 4117 2851 4117 2852 4117 789 4118 791 4118 2851 4118 790 4119 2852 4119 2847 4119 790 4120 789 4120 2852 4120 785 4121 2853 4121 2854 4121 788 4122 785 4122 2854 4122 786 4123 2854 4123 2855 4123 786 4124 788 4124 2854 4124 787 4125 2855 4125 2850 4125 787 4126 786 4126 2855 4126 542 4127 535 4127 2856 4127 542 4128 2856 4128 2857 4128 544 4129 2857 4129 2858 4129 544 4130 542 4130 2857 4130 785 4131 2858 4131 2853 4131 785 4132 544 4132 2858 4132 527 4133 2859 4133 2860 4133 528 4134 527 4134 2860 4134 533 4135 2860 4135 2861 4135 533 4136 528 4136 2860 4136 535 4137 2861 4137 2856 4137 535 4138 533 4138 2861 4138 518 4139 2862 4139 2863 4139 521 4140 518 4140 2863 4140 524 4141 2863 4141 2864 4141 524 4142 521 4142 2863 4142 527 4143 2864 4143 2859 4143 527 4144 524 4144 2864 4144 512 4145 511 4145 2865 4145 512 4146 2865 4146 2866 4146 513 4147 2866 4147 2867 4147 513 4148 512 4148 2866 4148 518 4149 2867 4149 2862 4149 518 4150 513 4150 2867 4150 2868 4151 2865 4151 495 4151 495 4152 2865 4152 511 4152 2869 4153 2868 4153 477 4153 477 4154 2868 4154 495 4154 466 4155 462 4155 2870 4155 466 4156 2870 4156 2871 4156 467 4157 2871 4157 2872 4157 467 4158 466 4158 2871 4158 477 4159 2872 4159 2869 4159 477 4160 467 4160 2872 4160 420 4161 2873 4161 2874 4161 442 4162 420 4162 2874 4162 447 4163 2874 4163 2875 4163 447 4164 442 4164 2874 4164 462 4165 2875 4165 2870 4165 462 4166 447 4166 2875 4166 2130 4167 2873 4167 419 4167 419 4168 2873 4168 420 4168 2681 4169 2196 4169 2201 4169 2681 4170 2201 4170 2200 4170 2681 4171 2200 4171 2199 4171 2682 4172 2193 4172 2198 4172 2682 4173 2198 4173 2197 4173 2682 4174 2197 4174 2196 4174 2682 4175 2196 4175 2681 4175 2680 4176 2199 4176 2204 4176 2680 4177 2204 4177 2203 4177 2680 4178 2681 4178 2199 4178 2679 4179 2680 4179 2203 4179 2679 4180 2203 4180 2202 4180 2683 4181 2193 4181 2682 4181 2683 4182 2194 4182 2193 4182 2684 4183 2194 4183 2683 4183 2684 4184 2195 4184 2194 4184 2678 4185 2202 4185 2207 4185 2678 4186 2679 4186 2202 4186 2685 4187 2195 4187 2684 4187 2685 4188 2190 4188 2195 4188 2677 4189 2678 4189 2207 4189 2677 4190 2207 4190 2206 4190 2686 4191 2190 4191 2685 4191 2686 4192 2191 4192 2190 4192 2676 4193 2677 4193 2206 4193 2676 4194 2206 4194 2205 4194 2687 4195 2191 4195 2686 4195 2687 4196 2192 4196 2191 4196 2675 4197 2676 4197 2205 4197 2675 4198 2205 4198 2210 4198 2675 4199 2210 4199 2209 4199 2674 4200 2675 4200 2209 4200 2674 4201 2209 4201 2208 4201 2688 4202 2192 4202 2687 4202 2688 4203 2187 4203 2192 4203 2673 4204 2674 4204 2208 4204 2689 4205 2187 4205 2688 4205 2689 4206 2189 4206 2188 4206 2689 4207 2188 4207 2187 4207 2672 4208 2673 4208 2208 4208 2672 4209 2208 4209 2211 4209 2690 4210 2184 4210 2189 4210 2690 4211 2189 4211 2689 4211 2671 4212 2672 4212 2211 4212 2691 4213 2186 4213 2185 4213 2691 4214 2185 4214 2184 4214 2691 4215 2184 4215 2690 4215 2670 4216 2671 4216 2211 4216 2670 4217 2211 4217 2212 4217 2692 4218 2186 4218 2691 4218 2692 4219 2181 4219 2186 4219 2669 4220 2670 4220 2212 4220 2693 4221 2181 4221 2692 4221 2693 4222 2182 4222 2181 4222 2668 4223 2669 4223 2212 4223 2694 4224 2182 4224 2693 4224 2694 4225 2178 4225 2183 4225 2694 4226 2183 4226 2182 4226 2667 4227 2668 4227 2212 4227 2667 4228 2212 4228 2213 4228 2695 4229 2178 4229 2694 4229 2695 4230 2179 4230 2178 4230 2666 4231 2667 4231 2213 4231 2666 4232 2213 4232 2216 4232 2696 4233 2179 4233 2695 4233 2696 4234 2180 4234 2179 4234 2665 4235 2666 4235 2216 4235 2665 4236 2216 4236 2215 4236 2665 4237 2215 4237 2214 4237 2697 4238 2175 4238 2180 4238 2697 4239 2180 4239 2696 4239 2664 4240 2665 4240 2214 4240 2664 4241 2214 4241 2219 4241 2664 4242 2219 4242 2218 4242 2698 4243 2177 4243 2176 4243 2698 4244 2176 4244 2175 4244 2698 4245 2175 4245 2697 4245 2663 4246 2664 4246 2218 4246 2663 4247 2218 4247 2217 4247 2699 4248 2177 4248 2698 4248 2699 4249 2173 4249 2172 4249 2699 4250 2172 4250 2177 4250 2662 4251 2663 4251 2217 4251 2662 4252 2217 4252 2220 4252 2700 4253 2174 4253 2173 4253 2700 4254 2173 4254 2699 4254 2661 4255 2662 4255 2220 4255 2701 4256 2171 4256 2174 4256 2701 4257 2174 4257 2700 4257 2660 4258 2661 4258 2220 4258 2660 4259 2220 4259 2221 4259 2702 4260 2170 4260 2171 4260 2702 4261 2171 4261 2701 4261 2659 4262 2660 4262 2221 4262 2703 4263 2170 4263 2702 4263 2658 4264 2659 4264 2221 4264 2704 4265 2170 4265 2703 4265 2657 4266 2658 4266 2221 4266 2657 4267 2221 4267 2222 4267 2705 4268 2167 4268 2170 4268 2705 4269 2170 4269 2704 4269 2656 4270 2657 4270 2222 4270 2656 4271 2222 4271 2225 4271 2706 4272 2169 4272 2168 4272 2706 4273 2168 4273 2167 4273 2706 4274 2167 4274 2705 4274 2655 4275 2656 4275 2225 4275 2655 4276 2225 4276 2224 4276 2655 4277 2224 4277 2223 4277 2707 4278 2165 4278 2164 4278 2707 4279 2164 4279 2169 4279 2707 4280 2169 4280 2706 4280 2654 4281 2223 4281 2228 4281 2654 4282 2655 4282 2223 4282 2708 4283 2166 4283 2165 4283 2708 4284 2165 4284 2707 4284 2653 4285 2228 4285 2227 4285 2653 4286 2654 4286 2228 4286 2709 4287 2163 4287 2166 4287 2709 4288 2166 4288 2708 4288 2652 4289 2227 4289 2226 4289 2652 4290 2653 4290 2227 4290 2710 4291 2163 4291 2709 4291 2710 4292 2162 4292 2163 4292 2651 4293 2226 4293 2231 4293 2651 4294 2652 4294 2226 4294 2711 4295 2162 4295 2710 4295 2650 4296 2231 4296 2230 4296 2650 4297 2651 4297 2231 4297 2712 4298 2161 4298 2162 4298 2712 4299 2162 4299 2711 4299 2649 4300 2230 4300 2229 4300 2649 4301 2650 4301 2230 4301 2648 4302 2229 4302 2234 4302 2648 4303 2649 4303 2229 4303 2647 4304 2234 4304 2233 4304 2647 4305 2233 4305 2232 4305 2647 4306 2648 4306 2234 4306 2713 4307 2161 4307 2712 4307 2713 4308 2160 4308 2159 4308 2713 4309 2159 4309 2158 4309 2713 4310 2158 4310 2161 4310 2646 4311 2647 4311 2232 4311 2645 4312 2232 4312 2235 4312 2645 4313 2646 4313 2232 4313 2644 4314 2645 4314 2235 4314 2714 4315 2160 4315 2713 4315 2714 4316 2156 4316 2157 4316 2714 4317 2157 4317 2160 4317 2643 4318 2235 4318 2236 4318 2643 4319 2644 4319 2235 4319 2715 4320 2156 4320 2714 4320 2642 4321 2643 4321 2236 4321 2716 4322 2156 4322 2715 4322 2641 4323 2642 4323 2236 4323 2717 4324 2156 4324 2716 4324 2717 4325 2153 4325 2156 4325 2640 4326 2236 4326 2237 4326 2640 4327 2641 4327 2236 4327 2718 4328 2153 4328 2717 4328 2639 4329 2640 4329 2237 4329 2639 4330 2237 4330 2240 4330 2719 4331 2154 4331 2153 4331 2719 4332 2153 4332 2718 4332 2638 4333 2639 4333 2240 4333 2638 4334 2240 4334 2239 4334 2638 4335 2239 4335 2238 4335 2638 4336 2238 4336 2243 4336 2638 4337 2243 4337 2242 4337 2638 4338 2242 4338 2241 4338 2720 4339 2151 4339 2150 4339 2720 4340 2150 4340 2155 4340 2720 4341 2155 4341 2154 4341 2720 4342 2154 4342 2719 4342 2721 4343 2151 4343 2720 4343 2721 4344 2149 4344 2152 4344 2721 4345 2152 4345 2151 4345 2637 4346 2241 4346 2244 4346 2637 4347 2638 4347 2241 4347 2636 4348 2637 4348 2244 4348 2722 4349 2148 4349 2149 4349 2722 4350 2149 4350 2721 4350 2635 4351 2244 4351 2245 4351 2635 4352 2636 4352 2244 4352 2723 4353 2148 4353 2722 4353 2634 4354 2635 4354 2245 4354 2724 4355 2145 4355 2148 4355 2724 4356 2148 4356 2723 4356 2725 4357 2145 4357 2724 4357 2633 4358 2634 4358 2245 4358 2633 4359 2245 4359 2246 4359 2726 4360 2145 4360 2725 4360 2632 4361 2633 4361 2246 4361 2632 4362 2246 4362 2247 4362 2727 4363 2146 4363 2145 4363 2727 4364 2145 4364 2726 4364 2728 4365 2143 4365 2142 4365 2728 4366 2142 4366 2147 4366 2728 4367 2147 4367 2146 4367 2728 4368 2146 4368 2727 4368 2631 4369 2632 4369 2247 4369 2630 4370 2247 4370 2248 4370 2630 4371 2631 4371 2247 4371 2729 4372 2141 4372 2144 4372 2729 4373 2144 4373 2143 4373 2729 4374 2143 4374 2728 4374 2629 4375 2630 4375 2248 4375 2628 4376 2248 4376 2249 4376 2628 4377 2629 4377 2248 4377 2730 4378 2141 4378 2729 4378 2730 4379 2140 4379 2141 4379 2627 4380 2628 4380 2249 4380 2627 4381 2249 4381 2252 4381 2627 4382 2252 4382 2251 4382 2626 4383 2251 4383 2250 4383 2626 4384 2250 4384 2255 4384 2626 4385 2255 4385 2254 4385 2626 4386 2627 4386 2251 4386 2625 4387 2254 4387 2253 4387 2625 4388 2253 4388 2258 4388 2625 4389 2626 4389 2254 4389 2731 4390 2137 4390 2140 4390 2731 4391 2140 4391 2730 4391 2732 4392 2138 4392 2137 4392 2732 4393 2137 4393 2731 4393 2624 4394 2258 4394 2257 4394 2624 4395 2625 4395 2258 4395 2733 4396 2139 4396 2138 4396 2733 4397 2138 4397 2732 4397 2734 4398 2135 4398 2136 4398 2734 4399 2136 4399 2139 4399 2734 4400 2139 4400 2733 4400 2623 4401 2257 4401 2256 4401 2623 4402 2256 4402 2261 4402 2623 4403 2624 4403 2257 4403 2622 4404 2261 4404 2260 4404 2622 4405 2260 4405 2259 4405 2622 4406 2623 4406 2261 4406 2735 4407 2134 4407 2135 4407 2735 4408 2135 4408 2734 4408 2736 4409 2133 4409 2134 4409 2736 4410 2134 4410 2735 4410 2737 4411 2133 4411 2736 4411 2737 4412 17 4412 2133 4412 2738 4413 23 4413 21 4413 2738 4414 21 4414 18 4414 2738 4415 18 4415 17 4415 2738 4416 17 4416 2737 4416 10 4417 2132 4417 2131 4417 10 4418 2131 4418 23 4418 10 4419 23 4419 2738 4419 11 4420 2132 4420 10 4420 13 4421 2132 4421 11 4421 15 4422 2129 4422 2132 4422 15 4423 2132 4423 13 4423 2621 4424 2622 4424 2259 4424 2621 4425 2259 4425 2262 4425 2621 4426 2262 4426 2263 4426 2739 4427 2130 4427 2129 4427 2739 4428 2129 4428 15 4428 2740 4429 2130 4429 2739 4429 2741 4430 2873 4430 2130 4430 2741 4431 2130 4431 2740 4431 2742 4432 2873 4432 2741 4432 2743 4433 2873 4433 2742 4433 2743 4434 2875 4434 2874 4434 2743 4435 2874 4435 2873 4435 2744 4436 2870 4436 2875 4436 2744 4437 2875 4437 2743 4437 2745 4438 2870 4438 2744 4438 2745 4439 2872 4439 2871 4439 2745 4440 2871 4440 2870 4440 2620 4441 2621 4441 2263 4441 2620 4442 2263 4442 2266 4442 2746 4443 2869 4443 2872 4443 2746 4444 2872 4444 2745 4444 2619 4445 2266 4445 2265 4445 2619 4446 2265 4446 2264 4446 2619 4447 2620 4447 2266 4447 2747 4448 2869 4448 2746 4448 2747 4449 2868 4449 2869 4449 2618 4450 2619 4450 2264 4450 2618 4451 2264 4451 2269 4451 2748 4452 2868 4452 2747 4452 2749 4453 2868 4453 2748 4453 2617 4454 2269 4454 2268 4454 2617 4455 2268 4455 2267 4455 2617 4456 2618 4456 2269 4456 2750 4457 2865 4457 2868 4457 2750 4458 2868 4458 2749 4458 2616 4459 2617 4459 2267 4459 2616 4460 2267 4460 2272 4460 2616 4461 2272 4461 2271 4461 2615 4462 2271 4462 2270 4462 2615 4463 2616 4463 2271 4463 2751 4464 2862 4464 2867 4464 2751 4465 2867 4465 2866 4465 2751 4466 2866 4466 2865 4466 2751 4467 2865 4467 2750 4467 2614 4468 2615 4468 2270 4468 2614 4469 2270 4469 2273 4469 2613 4470 2614 4470 2273 4470 2752 4471 2859 4471 2864 4471 2752 4472 2864 4472 2863 4472 2752 4473 2863 4473 2862 4473 2752 4474 2862 4474 2751 4474 2612 4475 2613 4475 2273 4475 2612 4476 2273 4476 2274 4476 2611 4477 2612 4477 2274 4477 2753 4478 2861 4478 2860 4478 2753 4479 2860 4479 2859 4479 2753 4480 2859 4480 2752 4480 2610 4481 2611 4481 2274 4481 2610 4482 2274 4482 2275 4482 2754 4483 2856 4483 2861 4483 2754 4484 2861 4484 2753 4484 2755 4485 2857 4485 2856 4485 2755 4486 2856 4486 2754 4486 2609 4487 2275 4487 2278 4487 2609 4488 2610 4488 2275 4488 2756 4489 2858 4489 2857 4489 2756 4490 2857 4490 2755 4490 2757 4491 2858 4491 2756 4491 2608 4492 2278 4492 2277 4492 2608 4493 2277 4493 2276 4493 2608 4494 2276 4494 2281 4494 2608 4495 2281 4495 2280 4495 2608 4496 2609 4496 2278 4496 2758 4497 2858 4497 2757 4497 2758 4498 2853 4498 2858 4498 2759 4499 2850 4499 2855 4499 2759 4500 2855 4500 2854 4500 2759 4501 2854 4501 2853 4501 2759 4502 2853 4502 2758 4502 2607 4503 2608 4503 2280 4503 2607 4504 2280 4504 2279 4504 2607 4505 2279 4505 2282 4505 2760 4506 2847 4506 2852 4506 2760 4507 2852 4507 2851 4507 2760 4508 2851 4508 2850 4508 2760 4509 2850 4509 2759 4509 2761 4510 2847 4510 2760 4510 2761 4511 2849 4511 2848 4511 2761 4512 2848 4512 2847 4512 2762 4513 2849 4513 2761 4513 2762 4514 2844 4514 2849 4514 2606 4515 2282 4515 2283 4515 2606 4516 2607 4516 2282 4516 2763 4517 2844 4517 2762 4517 2605 4518 2283 4518 2284 4518 2605 4519 2606 4519 2283 4519 2764 4520 2846 4520 2845 4520 2764 4521 2845 4521 2844 4521 2764 4522 2844 4522 2763 4522 2604 4523 2605 4523 2284 4523 2604 4524 2284 4524 2287 4524 2604 4525 2287 4525 2286 4525 2603 4526 2604 4526 2286 4526 2603 4527 2286 4527 2285 4527 2602 4528 2285 4528 2288 4528 2602 4529 2603 4529 2285 4529 2765 4530 2843 4530 2842 4530 2765 4531 2842 4531 2841 4531 2765 4532 2841 4532 2846 4532 2765 4533 2846 4533 2764 4533 2601 4534 2602 4534 2288 4534 2600 4535 2601 4535 2288 4535 2599 4536 2600 4536 2288 4536 2599 4537 2288 4537 2289 4537 2766 4538 2840 4538 2839 4538 2766 4539 2839 4539 2838 4539 2766 4540 2838 4540 2843 4540 2766 4541 2843 4541 2765 4541 2598 4542 2599 4542 2289 4542 2598 4543 2289 4543 2292 4543 2598 4544 2292 4544 2291 4544 2597 4545 2598 4545 2291 4545 2597 4546 2291 4546 2290 4546 2767 4547 2835 4547 2840 4547 2767 4548 2840 4548 2766 4548 2596 4549 2597 4549 2290 4549 2596 4550 2290 4550 2293 4550 2768 4551 2836 4551 2835 4551 2768 4552 2835 4552 2767 4552 2769 4553 2837 4553 2836 4553 2769 4554 2836 4554 2768 4554 2595 4555 2596 4555 2293 4555 2770 4556 2832 4556 2837 4556 2770 4557 2837 4557 2769 4557 2594 4558 2595 4558 2293 4558 2594 4559 2293 4559 2294 4559 2771 4560 2832 4560 2770 4560 2772 4561 2833 4561 2832 4561 2772 4562 2832 4562 2771 4562 2593 4563 2594 4563 2294 4563 2773 4564 2829 4564 2834 4564 2773 4565 2834 4565 2833 4565 2773 4566 2833 4566 2772 4566 2592 4567 2593 4567 2294 4567 2592 4568 2294 4568 2295 4568 2591 4569 2592 4569 2295 4569 2591 4570 2295 4570 2298 4570 2591 4571 2298 4571 2297 4571 2590 4572 2591 4572 2297 4572 2590 4573 2297 4573 2296 4573 2590 4574 2296 4574 2299 4574 2774 4575 2826 4575 2831 4575 2774 4576 2831 4576 2830 4576 2774 4577 2830 4577 2829 4577 2774 4578 2829 4578 2773 4578 2589 4579 2590 4579 2299 4579 2588 4580 2589 4580 2299 4580 2588 4581 2299 4581 2300 4581 2587 4582 2588 4582 2300 4582 2775 4583 2827 4583 2826 4583 2775 4584 2823 4584 2828 4584 2775 4585 2826 4585 2774 4585 2775 4586 2828 4586 2827 4586 2586 4587 2587 4587 2300 4587 2586 4588 2300 4588 2301 4588 2776 4589 2823 4589 2775 4589 2776 4590 2824 4590 2823 4590 2585 4591 2586 4591 2301 4591 2777 4592 2824 4592 2776 4592 2584 4593 2585 4593 2301 4593 2584 4594 2301 4594 2302 4594 2778 4595 2824 4595 2777 4595 2778 4596 2825 4596 2824 4596 2583 4597 2584 4597 2302 4597 2583 4598 2302 4598 2305 4598 2583 4599 2305 4599 2304 4599 2583 4600 2304 4600 2303 4600 2582 4601 2583 4601 2303 4601 2582 4602 2303 4602 2308 4602 2581 4603 2582 4603 2308 4603 2581 4604 2308 4604 2307 4604 2581 4605 2307 4605 2306 4605 2580 4606 2306 4606 2311 4606 2580 4607 2581 4607 2306 4607 2579 4608 2311 4608 2310 4608 2579 4609 2580 4609 2311 4609 2578 4610 2579 4610 2310 4610 2578 4611 2310 4611 2309 4611 2577 4612 2578 4612 2309 4612 2577 4613 2309 4613 2314 4613 2577 4614 2314 4614 2313 4614 2576 4615 2577 4615 2313 4615 2576 4616 2313 4616 2312 4616 2575 4617 2576 4617 2312 4617 2575 4618 2312 4618 2317 4618 2575 4619 2317 4619 2316 4619 2574 4620 2575 4620 2316 4620 2574 4621 2316 4621 2315 4621 2573 4622 2574 4622 2315 4622 2573 4623 2315 4623 2320 4623 2573 4624 2320 4624 2319 4624 2572 4625 2573 4625 2319 4625 2572 4626 2319 4626 2318 4626 2571 4627 2572 4627 2318 4627 2571 4628 2318 4628 2323 4628 2570 4629 2571 4629 2323 4629 2570 4630 2323 4630 2322 4630 2569 4631 2570 4631 2322 4631 2569 4632 2322 4632 2321 4632 2568 4633 2569 4633 2321 4633 2568 4634 2321 4634 2326 4634 2568 4635 2326 4635 2325 4635 2567 4636 2568 4636 2325 4636 2567 4637 2325 4637 2324 4637 2329 4638 2567 4638 2324 4638 2798 4639 2794 4639 2799 4639 2797 4640 2794 4640 2798 4640 2797 4641 2792 4641 2793 4641 2797 4642 2793 4642 2796 4642 2797 4643 2796 4643 2795 4643 2797 4644 2795 4644 2794 4644 2800 4645 2792 4645 2797 4645 2800 4646 2791 4646 2792 4646 2801 4647 2791 4647 2800 4647 2801 4648 2789 4648 2790 4648 2801 4649 2790 4649 2791 4649 2802 4650 2789 4650 2801 4650 2802 4651 2786 4651 2787 4651 2802 4652 2785 4652 2786 4652 2802 4653 2788 4653 2789 4653 2802 4654 2787 4654 2788 4654 2566 4655 2567 4655 2329 4655 2803 4656 2783 4656 2784 4656 2803 4657 2782 4657 2783 4657 2803 4658 2781 4658 2782 4658 2803 4659 2785 4659 2802 4659 2803 4660 2784 4660 2785 4660 2804 4661 2825 4661 2778 4661 2804 4662 2780 4662 2781 4662 2804 4663 2779 4663 2780 4663 2804 4664 2778 4664 2779 4664 2804 4665 2781 4665 2803 4665 2804 4666 2821 4666 2820 4666 2804 4667 2820 4667 2825 4667 2805 4668 2821 4668 2804 4668 2805 4669 2816 4669 2815 4669 2805 4670 2815 4670 2814 4670 2805 4671 2814 4671 2819 4671 2805 4672 2819 4672 2818 4672 2805 4673 2818 4673 2817 4673 2805 4674 2817 4674 2822 4674 2805 4675 2822 4675 2821 4675 2806 4676 2808 4676 2811 4676 2806 4677 2811 4677 2810 4677 2806 4678 2810 4678 2809 4678 2806 4679 2809 4679 2812 4679 2806 4680 2812 4680 2813 4680 2806 4681 2813 4681 2816 4681 2806 4682 2816 4682 2805 4682 2807 4683 2808 4683 2806 4683 2328 4684 2566 4684 2329 4684 2565 4685 2566 4685 2328 4685 2327 4686 2565 4686 2328 4686 2564 4687 2565 4687 2327 4687 2330 4688 2563 4688 2564 4688 2330 4689 2564 4689 2327 4689 2330 4690 2562 4690 2563 4690 2331 4691 2561 4691 2562 4691 2331 4692 2562 4692 2330 4692 2334 4693 2560 4693 2561 4693 2334 4694 2561 4694 2331 4694 2333 4695 2560 4695 2334 4695 2332 4696 2560 4696 2333 4696 2337 4697 2559 4697 2560 4697 2337 4698 2560 4698 2332 4698 2336 4699 2559 4699 2337 4699 2335 4700 2559 4700 2336 4700 2335 4701 2558 4701 2559 4701 2338 4702 2558 4702 2335 4702 2338 4703 2557 4703 2558 4703 2338 4704 2556 4704 2557 4704 2339 4705 2554 4705 2555 4705 2339 4706 2556 4706 2338 4706 2339 4707 2555 4707 2556 4707 2342 4708 2554 4708 2339 4708 2341 4709 2553 4709 2554 4709 2341 4710 2554 4710 2342 4710 2340 4711 2553 4711 2341 4711 2345 4712 2553 4712 2340 4712 2344 4713 2552 4713 2553 4713 2344 4714 2553 4714 2345 4714 2343 4715 2552 4715 2344 4715 2348 4716 2551 4716 2552 4716 2348 4717 2552 4717 2343 4717 2347 4718 2550 4718 2551 4718 2347 4719 2551 4719 2348 4719 2346 4720 2549 4720 2550 4720 2346 4721 2550 4721 2347 4721 2351 4722 2548 4722 2549 4722 2351 4723 2549 4723 2346 4723 2350 4724 2548 4724 2351 4724 2349 4725 2547 4725 2548 4725 2349 4726 2548 4726 2350 4726 2354 4727 2546 4727 2547 4727 2354 4728 2547 4728 2349 4728 2353 4729 2545 4729 2546 4729 2353 4730 2546 4730 2354 4730 2352 4731 2544 4731 2545 4731 2352 4732 2545 4732 2353 4732 2357 4733 2544 4733 2352 4733 2356 4734 2544 4734 2357 4734 2356 4735 2543 4735 2544 4735 2355 4736 2542 4736 2543 4736 2355 4737 2543 4737 2356 4737 2360 4738 2541 4738 2542 4738 2360 4739 2542 4739 2355 4739 2359 4740 2540 4740 2541 4740 2359 4741 2541 4741 2360 4741 2358 4742 2540 4742 2359 4742 2358 4743 2539 4743 2540 4743 2363 4744 2538 4744 2539 4744 2363 4745 2539 4745 2358 4745 2362 4746 2537 4746 2538 4746 2362 4747 2538 4747 2363 4747 2361 4748 2536 4748 2537 4748 2361 4749 2537 4749 2362 4749 2366 4750 2536 4750 2361 4750 2366 4751 2535 4751 2536 4751 2365 4752 2535 4752 2366 4752 2364 4753 2533 4753 2534 4753 2364 4754 2534 4754 2535 4754 2364 4755 2535 4755 2365 4755 2367 4756 2532 4756 2533 4756 2367 4757 2531 4757 2532 4757 2367 4758 2533 4758 2364 4758 2368 4759 2530 4759 2531 4759 2368 4760 2529 4760 2530 4760 2368 4761 2528 4761 2529 4761 2368 4762 2531 4762 2367 4762 2369 4763 2528 4763 2368 4763 2372 4764 2528 4764 2369 4764 2372 4765 2527 4765 2528 4765 2371 4766 2527 4766 2372 4766 2370 4767 2527 4767 2371 4767 2375 4768 2527 4768 2370 4768 2374 4769 2527 4769 2375 4769 2373 4770 2527 4770 2374 4770 2373 4771 2526 4771 2527 4771 2376 4772 2526 4772 2373 4772 2376 4773 2525 4773 2526 4773 2377 4774 2522 4774 2523 4774 2377 4775 2525 4775 2376 4775 2377 4776 2524 4776 2525 4776 2377 4777 2523 4777 2524 4777 2378 4778 2522 4778 2377 4778 2378 4779 2521 4779 2522 4779 2381 4780 2521 4780 2378 4780 2381 4781 2520 4781 2521 4781 2380 4782 2520 4782 2381 4782 2379 4783 2520 4783 2380 4783 2379 4784 2519 4784 2520 4784 2382 4785 2519 4785 2379 4785 2382 4786 2518 4786 2519 4786 2383 4787 2518 4787 2382 4787 2383 4788 2517 4788 2518 4788 2386 4789 2517 4789 2383 4789 2386 4790 2516 4790 2517 4790 2385 4791 2516 4791 2386 4791 2385 4792 2515 4792 2516 4792 2384 4793 2515 4793 2385 4793 2384 4794 2514 4794 2515 4794 2389 4795 2514 4795 2384 4795 2388 4796 2513 4796 2514 4796 2388 4797 2514 4797 2389 4797 2387 4798 2513 4798 2388 4798 2387 4799 2512 4799 2513 4799 2392 4800 2512 4800 2387 4800 2391 4801 2511 4801 2512 4801 2391 4802 2512 4802 2392 4802 2390 4803 2511 4803 2391 4803 2395 4804 2511 4804 2390 4804 2395 4805 2510 4805 2511 4805 2394 4806 2510 4806 2395 4806 2394 4807 2509 4807 2510 4807 2393 4808 2509 4808 2394 4808 2393 4809 2508 4809 2509 4809 2398 4810 2508 4810 2393 4810 2398 4811 2506 4811 2507 4811 2398 4812 2507 4812 2508 4812 2397 4813 2506 4813 2398 4813 2397 4814 2505 4814 2506 4814 2397 4815 2504 4815 2505 4815 2396 4816 2504 4816 2397 4816 2401 4817 2503 4817 2504 4817 2401 4818 2504 4818 2396 4818 2400 4819 2503 4819 2401 4819 2400 4820 2502 4820 2503 4820 2399 4821 2502 4821 2400 4821 2404 4822 2502 4822 2399 4822 2404 4823 2501 4823 2502 4823 2404 4824 2500 4824 2501 4824 2403 4825 2500 4825 2404 4825 2403 4826 2499 4826 2500 4826 2402 4827 2499 4827 2403 4827 2402 4828 2498 4828 2499 4828 2407 4829 2498 4829 2402 4829 2407 4830 2497 4830 2498 4830 2406 4831 2497 4831 2407 4831 2406 4832 2496 4832 2497 4832 2405 4833 2496 4833 2406 4833 2405 4834 2495 4834 2496 4834 2410 4835 2495 4835 2405 4835 2410 4836 2494 4836 2495 4836 2409 4837 2494 4837 2410 4837 2408 4838 2493 4838 2494 4838 2408 4839 2494 4839 2409 4839 2411 4840 2493 4840 2408 4840 2411 4841 2492 4841 2493 4841 2411 4842 2491 4842 2492 4842 2412 4843 2489 4843 2490 4843 2412 4844 2490 4844 2491 4844 2412 4845 2491 4845 2411 4845 2413 4846 2489 4846 2412 4846 2413 4847 2488 4847 2489 4847 2413 4848 2487 4848 2488 4848 2414 4849 2486 4849 2487 4849 2414 4850 2487 4850 2413 4850 2417 4851 2486 4851 2414 4851 2416 4852 2485 4852 2486 4852 2416 4853 2486 4853 2417 4853 2415 4854 2484 4854 2485 4854 2415 4855 2485 4855 2416 4855 2418 4856 2484 4856 2415 4856 2418 4857 2483 4857 2484 4857 2418 4858 2482 4858 2483 4858 2419 4859 2481 4859 2482 4859 2419 4860 2482 4860 2418 4860 2422 4861 2481 4861 2419 4861 2421 4862 2480 4862 2481 4862 2421 4863 2481 4863 2422 4863 2420 4864 2479 4864 2480 4864 2420 4865 2480 4865 2421 4865 2423 4866 2477 4866 2478 4866 2423 4867 2478 4867 2479 4867 2423 4868 2479 4868 2420 4868 2424 4869 2476 4869 2477 4869 2424 4870 2475 4870 2476 4870 2424 4871 2477 4871 2423 4871 2447 4872 2448 4872 2449 4872 2447 4873 2451 4873 2452 4873 2447 4874 2450 4874 2451 4874 2447 4875 2449 4875 2450 4875 2447 4876 2452 4876 2453 4876 2425 4877 2474 4877 2475 4877 2425 4878 2473 4878 2474 4878 2425 4879 2475 4879 2424 4879 2426 4880 2473 4880 2425 4880 2426 4881 2472 4881 2473 4881 2446 4882 2453 4882 2454 4882 2446 4883 2447 4883 2453 4883 2429 4884 2472 4884 2426 4884 2428 4885 2472 4885 2429 4885 2427 4886 2472 4886 2428 4886 2427 4887 2471 4887 2472 4887 2445 4888 2454 4888 2455 4888 2445 4889 2446 4889 2454 4889 2430 4890 2471 4890 2427 4890 2430 4891 2470 4891 2471 4891 2444 4892 2445 4892 2455 4892 2444 4893 2457 4893 2458 4893 2444 4894 2456 4894 2457 4894 2444 4895 2455 4895 2456 4895 2431 4896 2470 4896 2430 4896 2431 4897 2469 4897 2470 4897 2443 4898 2444 4898 2458 4898 2443 4899 2460 4899 2461 4899 2443 4900 2459 4900 2460 4900 2443 4901 2458 4901 2459 4901 2434 4902 2469 4902 2431 4902 2433 4903 2468 4903 2469 4903 2433 4904 2469 4904 2434 4904 2432 4905 2468 4905 2433 4905 2432 4906 2467 4906 2468 4906 2442 4907 2443 4907 2461 4907 2442 4908 2462 4908 2463 4908 2442 4909 2461 4909 2462 4909 2435 4910 2467 4910 2432 4910 2435 4911 2466 4911 2467 4911 2435 4912 2465 4912 2466 4912 2436 4913 2442 4913 2463 4913 2436 4914 2463 4914 2464 4914 2436 4915 2465 4915 2435 4915 2436 4916 2464 4916 2465 4916 2437 4917 2442 4917 2436 4917 2440 4918 2442 4918 2437 4918 2439 4919 2442 4919 2440 4919 2438 4920 2442 4920 2439 4920 2441 4921 2442 4921 2438 4921 1223 4922 1219 4922 2876 4922 1223 4923 2876 4923 2877 4923 1221 4924 2877 4924 2878 4924 1221 4925 1223 4925 2877 4925 1222 4926 2878 4926 2879 4926 1222 4927 1221 4927 2878 4927 1220 4928 1217 4928 2880 4928 1220 4929 2880 4929 2881 4929 1218 4930 2881 4930 2882 4930 1218 4931 1220 4931 2881 4931 1219 4932 2882 4932 2876 4932 1219 4933 1218 4933 2882 4933 2883 4934 2880 4934 1216 4934 1216 4935 2880 4935 1217 4935 2884 4936 2883 4936 1215 4936 1215 4937 2883 4937 1216 4937 2885 4938 2884 4938 1214 4938 1214 4939 2884 4939 1215 4939 1213 4940 2886 4940 1214 4940 2886 4941 2885 4941 1214 4941 2887 4942 2886 4942 1202 4942 1202 4943 2886 4943 1213 4943 2888 4944 2887 4944 1201 4944 1201 4945 2887 4945 1202 4945 2889 4946 2888 4946 1200 4946 1200 4947 2888 4947 1201 4947 2890 4948 2889 4948 1199 4948 1199 4949 2889 4949 1200 4949 2891 4950 2890 4950 1186 4950 1186 4951 2890 4951 1199 4951 2892 4952 2891 4952 1185 4952 1185 4953 2891 4953 1186 4953 2893 4954 2892 4954 1175 4954 1175 4955 2892 4955 1185 4955 2894 4956 2893 4956 1155 4956 1155 4957 2893 4957 1175 4957 2895 4958 2894 4958 1074 4958 1074 4959 2894 4959 1155 4959 2896 4960 2895 4960 1058 4960 1058 4961 2895 4961 1074 4961 2897 4962 2896 4962 1053 4962 1053 4963 2896 4963 1058 4963 2898 4964 2897 4964 1051 4964 1051 4965 2897 4965 1053 4965 2899 4966 2898 4966 1050 4966 1050 4967 2898 4967 1051 4967 2900 4968 2899 4968 1047 4968 1047 4969 2899 4969 1050 4969 1046 4970 2901 4970 1047 4970 2901 4971 2900 4971 1047 4971 2902 4972 2901 4972 1045 4972 1045 4973 2901 4973 1046 4973 2903 4974 2902 4974 985 4974 985 4975 2902 4975 1045 4975 2904 4976 2903 4976 784 4976 784 4977 2903 4977 985 4977 2905 4978 2904 4978 830 4978 830 4979 2904 4979 784 4979 2906 4980 2905 4980 831 4980 831 4981 2905 4981 830 4981 841 4982 2907 4982 831 4982 2907 4983 2906 4983 831 4983 2908 4984 2907 4984 845 4984 845 4985 2907 4985 841 4985 2909 4986 2908 4986 847 4986 847 4987 2908 4987 845 4987 2910 4988 2909 4988 852 4988 852 4989 2909 4989 847 4989 855 4990 2911 4990 852 4990 2911 4991 2910 4991 852 4991 2912 4992 2911 4992 856 4992 856 4993 2911 4993 855 4993 857 4994 2913 4994 856 4994 2913 4995 2912 4995 856 4995 2914 4996 2913 4996 861 4996 861 4997 2913 4997 857 4997 2915 4998 2914 4998 869 4998 869 4999 2914 4999 861 4999 873 5000 2916 5000 869 5000 2916 5001 2915 5001 869 5001 880 5002 2917 5002 873 5002 2917 5003 2916 5003 873 5003 2918 5004 2917 5004 885 5004 885 5005 2917 5005 880 5005 2919 5006 2918 5006 889 5006 889 5007 2918 5007 885 5007 2920 5008 2919 5008 932 5008 932 5009 2919 5009 889 5009 2921 5010 2920 5010 939 5010 939 5011 2920 5011 932 5011 945 5012 2922 5012 939 5012 2922 5013 2921 5013 939 5013 2923 5014 2922 5014 960 5014 960 5015 2922 5015 945 5015 2924 5016 2923 5016 987 5016 987 5017 2923 5017 960 5017 2925 5018 2924 5018 993 5018 993 5019 2924 5019 987 5019 2926 5020 2925 5020 1000 5020 1000 5021 2925 5021 993 5021 2927 5022 2926 5022 1008 5022 1008 5023 2926 5023 1000 5023 2928 5024 2927 5024 1019 5024 1019 5025 2927 5025 1008 5025 2929 5026 2928 5026 1028 5026 1028 5027 2928 5027 1019 5027 2930 5028 2929 5028 1031 5028 1031 5029 2929 5029 1028 5029 2931 5030 2930 5030 1035 5030 1035 5031 2930 5031 1031 5031 2932 5032 2931 5032 1036 5032 1036 5033 2931 5033 1035 5033 2933 5034 2932 5034 1038 5034 1038 5035 2932 5035 1036 5035 1039 5036 2934 5036 1038 5036 2934 5037 2933 5037 1038 5037 2935 5038 2934 5038 1042 5038 1042 5039 2934 5039 1039 5039 2936 5040 2935 5040 1055 5040 1055 5041 2935 5041 1042 5041 1063 5042 2937 5042 1055 5042 2937 5043 2936 5043 1055 5043 2938 5044 2937 5044 1068 5044 1068 5045 2937 5045 1063 5045 2939 5046 2938 5046 1070 5046 1070 5047 2938 5047 1068 5047 2940 5048 2939 5048 1075 5048 1075 5049 2939 5049 1070 5049 2941 5050 2940 5050 1077 5050 1077 5051 2940 5051 1075 5051 2942 5052 2941 5052 1081 5052 1081 5053 2941 5053 1077 5053 1083 5054 2943 5054 1081 5054 2943 5055 2942 5055 1081 5055 2944 5056 2943 5056 1086 5056 1086 5057 2943 5057 1083 5057 2945 5058 2944 5058 1090 5058 1090 5059 2944 5059 1086 5059 2946 5060 2945 5060 1094 5060 1094 5061 2945 5061 1090 5061 1095 5062 2947 5062 1094 5062 2947 5063 2946 5063 1094 5063 2948 5064 2947 5064 1098 5064 1098 5065 2947 5065 1095 5065 1104 5066 2949 5066 2950 5066 1102 5067 1104 5067 2950 5067 1101 5068 2950 5068 2951 5068 1101 5069 1102 5069 2950 5069 1098 5070 2951 5070 2948 5070 1098 5071 1101 5071 2951 5071 1122 5072 2952 5072 2953 5072 1114 5073 1122 5073 2953 5073 1108 5074 2953 5074 2954 5074 1108 5075 1114 5075 2953 5075 1104 5076 2954 5076 2949 5076 1104 5077 1108 5077 2954 5077 1145 5078 1147 5078 2955 5078 1145 5079 2955 5079 2956 5079 1143 5080 2956 5080 2957 5080 1143 5081 1145 5081 2956 5081 1122 5082 2957 5082 2952 5082 1122 5083 1143 5083 2957 5083 1152 5084 1153 5084 2958 5084 1152 5085 2958 5085 2959 5085 1148 5086 2959 5086 2960 5086 1148 5087 1152 5087 2959 5087 1147 5088 2960 5088 2955 5088 1147 5089 1148 5089 2960 5089 2961 5090 2958 5090 1162 5090 1162 5091 2958 5091 1153 5091 2962 5092 2961 5092 1177 5092 1177 5093 2961 5093 1162 5093 2963 5094 2962 5094 1228 5094 1228 5095 2962 5095 1177 5095 2964 5096 2965 5096 1295 5096 1295 5097 2965 5097 1227 5097 2965 5098 1228 5098 1227 5098 2965 5099 2963 5099 1228 5099 2966 5100 2967 5100 1318 5100 1318 5101 2967 5101 1304 5101 2967 5102 1295 5102 1304 5102 2967 5103 2964 5103 1295 5103 2968 5104 2966 5104 1342 5104 1342 5105 2966 5105 1318 5105 2969 5106 2968 5106 1341 5106 1341 5107 2968 5107 1342 5107 2970 5108 2969 5108 1340 5108 1340 5109 2969 5109 1341 5109 2971 5110 2970 5110 1339 5110 1339 5111 2970 5111 1340 5111 2972 5112 1339 5112 1338 5112 2972 5113 2971 5113 1339 5113 2973 5114 2972 5114 1337 5114 1337 5115 2972 5115 1338 5115 2974 5116 2973 5116 1317 5116 1317 5117 2973 5117 1337 5117 2975 5118 2974 5118 1316 5118 1316 5119 2974 5119 1317 5119 2976 5120 2975 5120 1315 5120 1315 5121 2975 5121 1316 5121 2977 5122 2976 5122 1314 5122 1314 5123 2976 5123 1315 5123 2978 5124 2977 5124 1313 5124 1313 5125 2977 5125 1314 5125 2979 5126 2978 5126 1312 5126 1312 5127 2978 5127 1313 5127 2980 5128 2979 5128 1330 5128 1330 5129 2979 5129 1312 5129 2981 5130 2980 5130 1328 5130 1328 5131 2980 5131 1330 5131 2982 5132 2981 5132 1230 5132 1230 5133 2981 5133 1328 5133 2983 5134 2982 5134 1229 5134 1229 5135 2982 5135 1230 5135 1232 5136 2984 5136 1229 5136 2984 5137 2983 5137 1229 5137 2985 5138 2984 5138 1233 5138 1233 5139 2984 5139 1232 5139 2986 5140 2985 5140 1235 5140 1235 5141 2985 5141 1233 5141 2987 5142 2986 5142 1237 5142 1237 5143 2986 5143 1235 5143 2988 5144 2987 5144 1240 5144 1240 5145 2987 5145 1237 5145 2989 5146 2988 5146 1242 5146 1242 5147 2988 5147 1240 5147 2990 5148 2989 5148 1248 5148 1248 5149 2989 5149 1242 5149 2991 5150 2990 5150 1254 5150 1254 5151 2990 5151 1248 5151 2992 5152 2991 5152 1257 5152 1257 5153 2991 5153 1254 5153 2993 5154 2992 5154 1261 5154 1261 5155 2992 5155 1257 5155 2994 5156 2993 5156 1263 5156 1263 5157 2993 5157 1261 5157 2995 5158 2994 5158 1265 5158 1265 5159 2994 5159 1263 5159 2996 5160 2995 5160 1267 5160 1267 5161 2995 5161 1265 5161 2997 5162 2996 5162 1269 5162 1269 5163 2996 5163 1267 5163 2998 5164 2997 5164 1274 5164 1274 5165 2997 5165 1269 5165 1274 5166 1276 5166 2998 5166 2998 5167 1276 5167 2999 5167 2999 5168 1280 5168 3000 5168 1276 5169 1280 5169 2999 5169 3000 5170 1281 5170 3001 5170 1280 5171 1281 5171 3000 5171 1281 5172 1277 5172 3001 5172 3001 5173 1277 5173 3002 5173 3003 5174 1279 5174 3004 5174 3002 5175 1279 5175 3003 5175 1277 5176 1279 5176 3002 5176 1279 5177 1278 5177 3004 5177 1278 5178 1275 5178 3004 5178 3004 5179 1275 5179 3005 5179 3005 5180 1272 5180 3006 5180 1275 5181 1272 5181 3005 5181 3006 5182 1271 5182 3007 5182 1272 5183 1271 5183 3006 5183 1271 5184 1270 5184 3007 5184 3007 5185 1270 5185 3008 5185 3008 5186 1268 5186 3009 5186 1270 5187 1268 5187 3008 5187 3009 5188 1266 5188 3010 5188 1268 5189 1266 5189 3009 5189 3011 5190 3010 5190 1264 5190 1264 5191 3010 5191 1266 5191 3012 5192 3011 5192 1262 5192 1262 5193 3011 5193 1264 5193 3013 5194 3012 5194 1259 5194 1259 5195 3012 5195 1262 5195 3014 5196 3013 5196 1258 5196 1258 5197 3013 5197 1259 5197 3015 5198 3014 5198 1256 5198 1256 5199 3014 5199 1258 5199 3016 5200 3015 5200 1255 5200 1255 5201 3015 5201 1256 5201 3017 5202 3016 5202 1250 5202 1250 5203 3016 5203 1255 5203 3018 5204 3017 5204 1249 5204 1249 5205 3017 5205 1250 5205 3019 5206 3018 5206 1245 5206 1245 5207 3018 5207 1249 5207 3020 5208 3019 5208 1244 5208 1244 5209 3019 5209 1245 5209 3021 5210 3020 5210 1243 5210 1243 5211 3020 5211 1244 5211 3022 5212 3021 5212 1241 5212 1241 5213 3021 5213 1243 5213 3023 5214 3022 5214 1239 5214 1239 5215 3022 5215 1241 5215 3024 5216 3023 5216 1238 5216 1238 5217 3023 5217 1239 5217 3025 5218 3024 5218 1236 5218 1236 5219 3024 5219 1238 5219 3026 5220 3025 5220 1234 5220 1234 5221 3025 5221 1236 5221 1231 5222 3027 5222 1234 5222 3027 5223 3026 5223 1234 5223 3028 5224 3027 5224 1158 5224 1158 5225 3027 5225 1231 5225 3029 5226 3028 5226 1089 5226 1089 5227 3028 5227 1158 5227 3030 5228 3029 5228 1069 5228 1069 5229 3029 5229 1089 5229 1065 5230 1060 5230 3031 5230 1065 5231 3031 5231 3032 5231 1066 5232 3032 5232 3033 5232 1066 5233 1065 5233 3032 5233 1069 5234 3033 5234 3030 5234 1069 5235 1066 5235 3033 5235 1056 5236 1048 5236 3034 5236 1056 5237 3034 5237 3035 5237 1059 5238 3035 5238 3036 5238 1059 5239 1056 5239 3035 5239 1060 5240 3036 5240 3031 5240 1060 5241 1059 5241 3036 5241 1043 5242 1049 5242 3037 5242 1043 5243 3037 5243 3038 5243 1044 5244 3038 5244 3039 5244 1044 5245 1043 5245 3038 5245 1048 5246 3039 5246 3034 5246 1048 5247 1044 5247 3039 5247 1057 5248 3040 5248 3041 5248 1054 5249 1057 5249 3041 5249 1052 5250 3042 5250 3037 5250 1052 5251 3041 5251 3042 5251 1052 5252 1054 5252 3041 5252 1049 5253 1052 5253 3037 5253 1073 5254 3043 5254 1057 5254 3043 5255 3040 5255 1057 5255 3044 5256 3043 5256 1091 5256 1091 5257 3043 5257 1073 5257 3045 5258 3044 5258 1154 5258 1154 5259 3044 5259 1091 5259 3046 5260 3045 5260 1174 5260 1174 5261 3045 5261 1154 5261 3047 5262 3046 5262 1184 5262 1184 5263 3046 5263 1174 5263 3048 5264 3047 5264 1198 5264 1198 5265 3047 5265 1184 5265 3049 5266 3048 5266 1212 5266 1212 5267 3048 5267 1198 5267 3050 5268 3049 5268 1284 5268 1284 5269 3049 5269 1212 5269 3051 5270 3050 5270 1288 5270 1288 5271 3050 5271 1284 5271 3052 5272 3051 5272 1203 5272 1203 5273 3051 5273 1288 5273 3053 5274 1203 5274 1178 5274 3053 5275 3052 5275 1203 5275 3054 5276 3053 5276 1165 5276 1165 5277 3053 5277 1178 5277 3055 5278 3054 5278 1133 5278 1133 5279 3054 5279 1165 5279 1133 5280 1142 5280 3055 5280 3055 5281 1142 5281 3056 5281 3056 5282 1141 5282 3057 5282 1142 5283 1141 5283 3056 5283 3057 5284 1140 5284 3058 5284 1141 5285 1140 5285 3057 5285 1140 5286 1139 5286 3058 5286 3058 5287 1139 5287 3059 5287 3060 5288 1138 5288 3061 5288 3059 5289 1138 5289 3060 5289 1139 5290 1138 5290 3059 5290 1138 5291 1137 5291 3061 5291 3062 5292 3061 5292 1136 5292 1136 5293 3061 5293 1137 5293 1135 5294 3063 5294 1136 5294 3063 5295 3062 5295 1136 5295 3064 5296 3063 5296 1134 5296 1134 5297 3063 5297 1135 5297 3065 5298 3064 5298 1173 5298 1173 5299 3064 5299 1134 5299 3066 5300 3065 5300 1172 5300 1172 5301 3065 5301 1173 5301 1171 5302 3067 5302 1172 5302 3067 5303 3066 5303 1172 5303 3068 5304 3067 5304 1170 5304 1170 5305 3067 5305 1171 5305 3069 5306 3068 5306 1169 5306 1169 5307 3068 5307 1170 5307 3070 5308 3069 5308 1168 5308 1168 5309 3069 5309 1169 5309 3071 5310 3070 5310 1167 5310 1167 5311 3070 5311 1168 5311 3072 5312 3071 5312 1166 5312 1166 5313 3071 5313 1167 5313 3073 5314 3072 5314 1164 5314 1164 5315 3072 5315 1166 5315 3074 5316 3073 5316 1161 5316 1161 5317 3073 5317 1164 5317 3075 5318 3074 5318 1160 5318 1160 5319 3074 5319 1161 5319 3076 5320 3075 5320 1157 5320 1157 5321 3075 5321 1160 5321 3077 5322 3076 5322 1151 5322 1151 5323 3076 5323 1157 5323 3078 5324 3077 5324 1150 5324 1150 5325 3077 5325 1151 5325 3079 5326 3078 5326 1107 5326 1107 5327 3078 5327 1150 5327 3080 5328 3079 5328 1093 5328 1093 5329 3079 5329 1107 5329 3081 5330 3080 5330 1080 5330 1080 5331 3080 5331 1093 5331 3082 5332 3081 5332 1072 5332 1072 5333 3081 5333 1080 5333 3083 5334 3082 5334 1062 5334 1062 5335 3082 5335 1072 5335 3084 5336 3083 5336 1041 5336 1041 5337 3083 5337 1062 5337 3085 5338 3084 5338 1034 5338 1034 5339 3084 5339 1041 5339 3086 5340 3085 5340 1026 5340 1026 5341 3085 5341 1034 5341 1022 5342 3087 5342 1026 5342 3087 5343 3086 5343 1026 5343 1022 5344 1021 5344 3087 5344 3087 5345 1021 5345 3088 5345 3088 5346 1018 5346 3089 5346 1021 5347 1018 5347 3088 5347 3089 5348 1017 5348 3090 5348 1018 5349 1017 5349 3089 5349 1017 5350 1016 5350 3090 5350 3090 5351 1016 5351 3091 5351 3091 5352 1015 5352 3092 5352 1016 5353 1015 5353 3091 5353 3092 5354 0 5354 2 5354 1015 5355 0 5355 3092 5355 6 5356 1020 5356 7 5356 7 5357 1020 5357 3093 5357 3094 5358 1023 5358 3095 5358 3093 5359 1023 5359 3094 5359 1020 5360 1023 5360 3093 5360 1023 5361 1024 5361 3095 5361 1024 5362 1025 5362 3095 5362 3095 5363 1025 5363 3096 5363 3097 5364 1027 5364 3098 5364 3096 5365 1027 5365 3097 5365 1025 5366 1027 5366 3096 5366 1027 5367 1029 5367 3098 5367 1029 5368 1030 5368 3098 5368 3098 5369 1030 5369 3099 5369 3100 5370 1032 5370 3101 5370 3099 5371 1032 5371 3100 5371 1030 5372 1032 5372 3099 5372 1032 5373 1033 5373 3101 5373 3102 5374 3101 5374 1037 5374 1037 5375 3101 5375 1033 5375 3103 5376 3102 5376 1040 5376 1040 5377 3102 5377 1037 5377 3104 5378 3103 5378 1061 5378 1061 5379 3103 5379 1040 5379 1067 5380 3105 5380 1061 5380 3105 5381 3104 5381 1061 5381 3106 5382 3105 5382 1071 5382 1071 5383 3105 5383 1067 5383 3107 5384 3106 5384 1079 5384 1079 5385 3106 5385 1071 5385 3108 5386 3107 5386 1088 5386 1088 5387 3107 5387 1079 5387 3109 5388 3108 5388 1092 5388 1092 5389 3108 5389 1088 5389 3110 5390 3109 5390 1106 5390 1106 5391 3109 5391 1092 5391 1149 5392 3111 5392 1106 5392 3111 5393 3110 5393 1106 5393 3112 5394 3111 5394 1156 5394 1156 5395 3111 5395 1149 5395 3113 5396 3112 5396 1159 5396 1159 5397 3112 5397 1156 5397 3114 5398 3113 5398 1163 5398 1163 5399 3113 5399 1159 5399 3115 5400 3114 5400 1176 5400 1176 5401 3114 5401 1163 5401 3116 5402 3115 5402 1183 5402 1183 5403 3115 5403 1176 5403 1182 5404 3117 5404 1183 5404 3117 5405 3116 5405 1183 5405 1181 5406 3118 5406 1182 5406 3118 5407 3117 5407 1182 5407 1180 5408 3119 5408 1181 5408 3119 5409 3118 5409 1181 5409 3120 5410 3119 5410 1179 5410 1179 5411 3119 5411 1180 5411 3121 5412 3120 5412 1187 5412 1187 5413 3120 5413 1179 5413 1188 5414 3122 5414 1187 5414 3122 5415 3121 5415 1187 5415 1190 5416 1191 5416 3123 5416 1190 5417 3123 5417 3124 5417 1189 5418 3124 5418 3125 5418 1189 5419 1190 5419 3124 5419 1188 5420 3125 5420 3122 5420 1188 5421 1189 5421 3125 5421 3126 5422 3123 5422 1192 5422 1192 5423 3123 5423 1191 5423 1194 5424 1195 5424 3127 5424 1194 5425 3127 5425 3128 5425 1193 5426 3128 5426 3129 5426 1193 5427 1194 5427 3128 5427 1192 5428 3129 5428 3126 5428 1192 5429 1193 5429 3129 5429 1197 5430 1209 5430 3130 5430 1197 5431 3130 5431 3131 5431 1196 5432 3131 5432 3132 5432 1196 5433 1197 5433 3131 5433 1195 5434 3132 5434 3127 5434 1195 5435 1196 5435 3132 5435 3133 5436 3130 5436 1207 5436 1207 5437 3130 5437 1209 5437 1208 5438 1205 5438 3134 5438 1208 5439 3134 5439 3135 5439 1206 5440 3135 5440 3136 5440 1206 5441 1208 5441 3135 5441 1207 5442 3136 5442 3133 5442 1207 5443 1206 5443 3136 5443 3137 5444 1205 5444 1204 5444 3137 5445 3134 5445 1205 5445 3138 5446 3137 5446 1210 5446 1210 5447 3137 5447 1204 5447 3139 5448 3138 5448 1211 5448 1211 5449 3138 5449 1210 5449 3140 5450 3139 5450 1844 5450 1844 5451 3139 5451 1211 5451 1290 5452 3141 5452 3142 5452 1846 5453 1290 5453 3142 5453 1845 5454 3142 5454 3143 5454 1845 5455 1846 5455 3142 5455 1844 5456 3143 5456 3140 5456 1844 5457 1845 5457 3143 5457 1225 5458 3144 5458 3145 5458 1285 5459 1225 5459 3145 5459 1289 5460 3145 5460 3146 5460 1289 5461 1285 5461 3145 5461 1290 5462 3146 5462 3141 5462 1290 5463 1289 5463 3146 5463 1222 5464 2879 5464 3147 5464 1226 5465 3147 5465 3148 5465 1226 5466 1222 5466 3147 5466 1224 5467 3148 5467 3144 5467 1224 5468 1226 5468 3148 5468 1225 5469 1224 5469 3144 5469 2903 5470 2904 5470 2905 5470 2902 5471 2905 5471 2906 5471 2902 5472 2903 5472 2905 5472 2901 5473 2902 5473 2906 5473 2900 5474 2901 5474 2906 5474 2900 5475 2906 5475 2907 5475 2899 5476 2900 5476 2907 5476 3091 5477 2910 5477 2911 5477 3090 5478 3091 5478 2911 5478 3090 5479 2911 5479 2912 5479 3092 5480 2910 5480 3091 5480 3092 5481 2908 5481 2909 5481 3092 5482 2909 5482 2910 5482 2 5483 2908 5483 3092 5483 2 5484 2898 5484 2899 5484 2 5485 2899 5485 2907 5485 2 5486 2907 5486 2908 5486 3089 5487 3090 5487 2912 5487 3 5488 2897 5488 2898 5488 3 5489 2898 5489 2 5489 3088 5490 3089 5490 2912 5490 5 5491 2897 5491 3 5491 3087 5492 3088 5492 2912 5492 3086 5493 2912 5493 2913 5493 3086 5494 2913 5494 2914 5494 3086 5495 3087 5495 2912 5495 3085 5496 3086 5496 2914 5496 3085 5497 2914 5497 2915 5497 3084 5498 2915 5498 2916 5498 3084 5499 3085 5499 2915 5499 3083 5500 2916 5500 2917 5500 3083 5501 3084 5501 2916 5501 2896 5502 5 5502 7 5502 2896 5503 3094 5503 3095 5503 2896 5504 3093 5504 3094 5504 2896 5505 7 5505 3093 5505 2896 5506 3096 5506 3097 5506 2896 5507 3095 5507 3096 5507 2896 5508 2897 5508 5 5508 3082 5509 2917 5509 2918 5509 3082 5510 2918 5510 2919 5510 3082 5511 3083 5511 2917 5511 3081 5512 2919 5512 2920 5512 3081 5513 3082 5513 2919 5513 3080 5514 2920 5514 2921 5514 3080 5515 3081 5515 2920 5515 3079 5516 3080 5516 2921 5516 3079 5517 2921 5517 2922 5517 3037 5518 3034 5518 3039 5518 3037 5519 3039 5519 3038 5519 3042 5520 3034 5520 3037 5520 3041 5521 3034 5521 3042 5521 3040 5522 3034 5522 3041 5522 3040 5523 3035 5523 3034 5523 3078 5524 3079 5524 2922 5524 3036 5525 3035 5525 3040 5525 3031 5526 3036 5526 3040 5526 3077 5527 3078 5527 2922 5527 3077 5528 2922 5528 2923 5528 3076 5529 3077 5529 2923 5529 3075 5530 3076 5530 2923 5530 3075 5531 2923 5531 2924 5531 3074 5532 3075 5532 2924 5532 3073 5533 3074 5533 2924 5533 2895 5534 3097 5534 3098 5534 2895 5535 3100 5535 3101 5535 2895 5536 3099 5536 3100 5536 2895 5537 3098 5537 3099 5537 2895 5538 3101 5538 3102 5538 2895 5539 3102 5539 3103 5539 2895 5540 3103 5540 3104 5540 2895 5541 2896 5541 3097 5541 3072 5542 3073 5542 2924 5542 3043 5543 3031 5543 3040 5543 3043 5544 3030 5544 3033 5544 3043 5545 3033 5545 3032 5545 3043 5546 3032 5546 3031 5546 3071 5547 2924 5547 2925 5547 3071 5548 3072 5548 2924 5548 3070 5549 3071 5549 2925 5549 3069 5550 2925 5550 2926 5550 3069 5551 3070 5551 2925 5551 3068 5552 3069 5552 2926 5552 3067 5553 3068 5553 2926 5553 3044 5554 3030 5554 3043 5554 3044 5555 3029 5555 3030 5555 3066 5556 2926 5556 2927 5556 3066 5557 3067 5557 2926 5557 3065 5558 3066 5558 2927 5558 3064 5559 3065 5559 2927 5559 3063 5560 3064 5560 2927 5560 3062 5561 3063 5561 2927 5561 2952 5562 2951 5562 2950 5562 2952 5563 2950 5563 2949 5563 2952 5564 2949 5564 2954 5564 2952 5565 2954 5565 2953 5565 3061 5566 3062 5566 2927 5566 3061 5567 2927 5567 2928 5567 3060 5568 3061 5568 2928 5568 3059 5569 3060 5569 2928 5569 3058 5570 2928 5570 2929 5570 3058 5571 3059 5571 2928 5571 3057 5572 3058 5572 2929 5572 3057 5573 2929 5573 2930 5573 3057 5574 2930 5574 2931 5574 2957 5575 2951 5575 2952 5575 2957 5576 2948 5576 2951 5576 2894 5577 3104 5577 3105 5577 2894 5578 3105 5578 3106 5578 2894 5579 3106 5579 3107 5579 2894 5580 3107 5580 3108 5580 2894 5581 2895 5581 3104 5581 2956 5582 2948 5582 2957 5582 2956 5583 2947 5583 2948 5583 2955 5584 2947 5584 2956 5584 2960 5585 2947 5585 2955 5585 2960 5586 2946 5586 2947 5586 2959 5587 2946 5587 2960 5587 2958 5588 2946 5588 2959 5588 2958 5589 2944 5589 2945 5589 2958 5590 2945 5590 2946 5590 3045 5591 3029 5591 3044 5591 2961 5592 2944 5592 2958 5592 2961 5593 2940 5593 2941 5593 2961 5594 2941 5594 2942 5594 2961 5595 2942 5595 2943 5595 2961 5596 2943 5596 2944 5596 2963 5597 3057 5597 2931 5597 2963 5598 2931 5598 2932 5598 2963 5599 2932 5599 2933 5599 2963 5600 2933 5600 2934 5600 2963 5601 2934 5601 2935 5601 2963 5602 2935 5602 2936 5602 2963 5603 2936 5603 2937 5603 2963 5604 2937 5604 2938 5604 2963 5605 2938 5605 2939 5605 2963 5606 3056 5606 3057 5606 2963 5607 3055 5607 3056 5607 2893 5608 3108 5608 3109 5608 2893 5609 3109 5609 3110 5609 2893 5610 3110 5610 3111 5610 2893 5611 3111 5611 3112 5611 2893 5612 2894 5612 3108 5612 3054 5613 3055 5613 2963 5613 3027 5614 3028 5614 3029 5614 3027 5615 3029 5615 3045 5615 3027 5616 3045 5616 3046 5616 3026 5617 3027 5617 3046 5617 2892 5618 3112 5618 3113 5618 2892 5619 3113 5619 3114 5619 2892 5620 2893 5620 3112 5620 2962 5621 2940 5621 2961 5621 2962 5622 2939 5622 2940 5622 2962 5623 2963 5623 2939 5623 3025 5624 3026 5624 3046 5624 3024 5625 3025 5625 3046 5625 2891 5626 3114 5626 3115 5626 2891 5627 3115 5627 3116 5627 2891 5628 2892 5628 3114 5628 3047 5629 3024 5629 3046 5629 2890 5630 2891 5630 3116 5630 2890 5631 3116 5631 3117 5631 2890 5632 3117 5632 3118 5632 3023 5633 3024 5633 3047 5633 2889 5634 3118 5634 3119 5634 2889 5635 2890 5635 3118 5635 3130 5636 3123 5636 3126 5636 3130 5637 3126 5637 3129 5637 3130 5638 3129 5638 3128 5638 3130 5639 3128 5639 3127 5639 3130 5640 3127 5640 3132 5640 3130 5641 3132 5641 3131 5641 3022 5642 3023 5642 3047 5642 2888 5643 3119 5643 3120 5643 2888 5644 2889 5644 3119 5644 3133 5645 3123 5645 3130 5645 3133 5646 3122 5646 3125 5646 3133 5647 3125 5647 3124 5647 3133 5648 3124 5648 3123 5648 3136 5649 3122 5649 3133 5649 3136 5650 3121 5650 3122 5650 3021 5651 3022 5651 3047 5651 3135 5652 3120 5652 3121 5652 3135 5653 3121 5653 3136 5653 3134 5654 2887 5654 2888 5654 3134 5655 2888 5655 3120 5655 3134 5656 3120 5656 3135 5656 3020 5657 3021 5657 3047 5657 3048 5658 3020 5658 3047 5658 3019 5659 3020 5659 3048 5659 3137 5660 2886 5660 2887 5660 3137 5661 2887 5661 3134 5661 3018 5662 3019 5662 3048 5662 3017 5663 3018 5663 3048 5663 3138 5664 2885 5664 2886 5664 3138 5665 2886 5665 3137 5665 2884 5666 2885 5666 3138 5666 3016 5667 3017 5667 3048 5667 3139 5668 2883 5668 2884 5668 3139 5669 2884 5669 3138 5669 2880 5670 2883 5670 3139 5670 2881 5671 2880 5671 3139 5671 2882 5672 2881 5672 3139 5672 2876 5673 2882 5673 3139 5673 2877 5674 2876 5674 3139 5674 3140 5675 2879 5675 2878 5675 3140 5676 2878 5676 2877 5676 3140 5677 3144 5677 3148 5677 3140 5678 3148 5678 3147 5678 3140 5679 3147 5679 2879 5679 3140 5680 2877 5680 3139 5680 3145 5681 3144 5681 3140 5681 3146 5682 3145 5682 3140 5682 3141 5683 3146 5683 3140 5683 3142 5684 3141 5684 3140 5684 3142 5685 3140 5685 3143 5685 3015 5686 3048 5686 3049 5686 3015 5687 3016 5687 3048 5687 3014 5688 3015 5688 3049 5688 2965 5689 3054 5689 2963 5689 2965 5690 3053 5690 3054 5690 3013 5691 3014 5691 3049 5691 3012 5692 3013 5692 3049 5692 3011 5693 3012 5693 3049 5693 3010 5694 3011 5694 3049 5694 3009 5695 3010 5695 3049 5695 3008 5696 3009 5696 3049 5696 3050 5697 3003 5697 3004 5697 3050 5698 3006 5698 3007 5698 3050 5699 3005 5699 3006 5699 3050 5700 3004 5700 3005 5700 3050 5701 3007 5701 3008 5701 3050 5702 3008 5702 3049 5702 2979 5703 2982 5703 2983 5703 2979 5704 2983 5704 2984 5704 2979 5705 2984 5705 2985 5705 2979 5706 2985 5706 2986 5706 2978 5707 2986 5707 2987 5707 2978 5708 2979 5708 2986 5708 2977 5709 2987 5709 2988 5709 2977 5710 2978 5710 2987 5710 2976 5711 2988 5711 2989 5711 2976 5712 2977 5712 2988 5712 2975 5713 2976 5713 2989 5713 2975 5714 2989 5714 2990 5714 2974 5715 2990 5715 2991 5715 2974 5716 2991 5716 2992 5716 2974 5717 2975 5717 2990 5717 2973 5718 2992 5718 2993 5718 2973 5719 2974 5719 2992 5719 2972 5720 2993 5720 2994 5720 2972 5721 2994 5721 2995 5721 2972 5722 2995 5722 2996 5722 2972 5723 2996 5723 2997 5723 2972 5724 2973 5724 2993 5724 2971 5725 2972 5725 2997 5725 2971 5726 2997 5726 2998 5726 2971 5727 3000 5727 3001 5727 2971 5728 2999 5728 3000 5728 2971 5729 2998 5729 2999 5729 2970 5730 2971 5730 3001 5730 2970 5731 3001 5731 3002 5731 2969 5732 3002 5732 3003 5732 2969 5733 3050 5733 3051 5733 2969 5734 3003 5734 3050 5734 2969 5735 2970 5735 3002 5735 2964 5736 2969 5736 3051 5736 2968 5737 2969 5737 2964 5737 2968 5738 2964 5738 2967 5738 2968 5739 2967 5739 2966 5739 2981 5740 2982 5740 2979 5740 2980 5741 2981 5741 2979 5741 3051 5742 3052 5742 2964 5742 2964 5743 3052 5743 2965 5743 3052 5744 3053 5744 2965 5744 1320 5745 3149 5745 1321 5745 3149 5746 3150 5746 1321 5746 1306 5747 1305 5747 3151 5747 1306 5748 3151 5748 3152 5748 1319 5749 3152 5749 3153 5749 1319 5750 1306 5750 3152 5750 1320 5751 3153 5751 3149 5751 1320 5752 1319 5752 3153 5752 3154 5753 3151 5753 1310 5753 1310 5754 3151 5754 1305 5754 3155 5755 3154 5755 1309 5755 1309 5756 3154 5756 1310 5756 1308 5757 3156 5757 1309 5757 3156 5758 3155 5758 1309 5758 3157 5759 3156 5759 1307 5759 1307 5760 3156 5760 1308 5760 3158 5761 3157 5761 1301 5761 1301 5762 3157 5762 1307 5762 3159 5763 3158 5763 1300 5763 1300 5764 3158 5764 1301 5764 3160 5765 3159 5765 1299 5765 1299 5766 3159 5766 1300 5766 1298 5767 3161 5767 1299 5767 3161 5768 3160 5768 1299 5768 3162 5769 3161 5769 1297 5769 1297 5770 3161 5770 1298 5770 3163 5771 3162 5771 1296 5771 1296 5772 3162 5772 1297 5772 3164 5773 3163 5773 1247 5773 1247 5774 3163 5774 1296 5774 3165 5775 3164 5775 1246 5775 1246 5776 3164 5776 1247 5776 1252 5777 1253 5777 3166 5777 1252 5778 3166 5778 3167 5778 1251 5779 3167 5779 3168 5779 1251 5780 1252 5780 3167 5780 1246 5781 3168 5781 3165 5781 1246 5782 1251 5782 3168 5782 3169 5783 3166 5783 1260 5783 1260 5784 3166 5784 1253 5784 1273 5785 3170 5785 1260 5785 3170 5786 3169 5786 1260 5786 3171 5787 3170 5787 1282 5787 1282 5788 3170 5788 1273 5788 1283 5789 3172 5789 1282 5789 3172 5790 3171 5790 1282 5790 3173 5791 3172 5791 1286 5791 1286 5792 3172 5792 1283 5792 3174 5793 3173 5793 1287 5793 1287 5794 3173 5794 1286 5794 3175 5795 3174 5795 1291 5795 1291 5796 3174 5796 1287 5796 3176 5797 3175 5797 1292 5797 1292 5798 3175 5798 1291 5798 3177 5799 3176 5799 1293 5799 1293 5800 3176 5800 1292 5800 3178 5801 3177 5801 1294 5801 1294 5802 3177 5802 1293 5802 3179 5803 3178 5803 1302 5803 1302 5804 3178 5804 1294 5804 3180 5805 3179 5805 1303 5805 1303 5806 3179 5806 1302 5806 1323 5807 3181 5807 3182 5807 1326 5808 3182 5808 3183 5808 1326 5809 1323 5809 3182 5809 1325 5810 3183 5810 3180 5810 1325 5811 1326 5811 3183 5811 1303 5812 1325 5812 3180 5812 1324 5813 1321 5813 3150 5813 1324 5814 3184 5814 3185 5814 1324 5815 3150 5815 3184 5815 1322 5816 3185 5816 3181 5816 1322 5817 1324 5817 3185 5817 1323 5818 1322 5818 3181 5818 3166 5819 3164 5819 3165 5819 3166 5820 3165 5820 3168 5820 3166 5821 3168 5821 3167 5821 3163 5822 3166 5822 3169 5822 3163 5823 3169 5823 3170 5823 3163 5824 3170 5824 3171 5824 3163 5825 3164 5825 3166 5825 3162 5826 3171 5826 3172 5826 3162 5827 3163 5827 3171 5827 3161 5828 3162 5828 3172 5828 3160 5829 3161 5829 3172 5829 3177 5830 3157 5830 3158 5830 3177 5831 3158 5831 3159 5831 3177 5832 3159 5832 3160 5832 3177 5833 3172 5833 3173 5833 3177 5834 3173 5834 3174 5834 3177 5835 3174 5835 3175 5835 3177 5836 3175 5836 3176 5836 3177 5837 3160 5837 3172 5837 3178 5838 3156 5838 3157 5838 3178 5839 3157 5839 3177 5839 3155 5840 3156 5840 3178 5840 3179 5841 3154 5841 3155 5841 3179 5842 3155 5842 3178 5842 3151 5843 3154 5843 3179 5843 3152 5844 3151 5844 3179 5844 3153 5845 3152 5845 3179 5845 3149 5846 3153 5846 3179 5846 3180 5847 3149 5847 3179 5847 3180 5848 3150 5848 3149 5848 3183 5849 3150 5849 3180 5849 3182 5850 3150 5850 3183 5850 3181 5851 3150 5851 3182 5851 3181 5852 3185 5852 3184 5852 3181 5853 3184 5853 3150 5853 3186 5854 3187 5854 1563 5854 1563 5855 3187 5855 1817 5855 1351 5856 3188 5856 3189 5856 1451 5857 1351 5857 3189 5857 1491 5858 3189 5858 3190 5858 1491 5859 1451 5859 3189 5859 1563 5860 3190 5860 3186 5860 1563 5861 1491 5861 3190 5861 3191 5862 3188 5862 1333 5862 1333 5863 3188 5863 1351 5863 3192 5864 3191 5864 1311 5864 1311 5865 3191 5865 1333 5865 3193 5866 3192 5866 1336 5866 1336 5867 3192 5867 1311 5867 3194 5868 3193 5868 1820 5868 1820 5869 3193 5869 1336 5869 3195 5870 3194 5870 1819 5870 1819 5871 3194 5871 1820 5871 3187 5872 3195 5872 1817 5872 1817 5873 3195 5873 1819 5873 3194 5874 3191 5874 3192 5874 3194 5875 3192 5875 3193 5875 3195 5876 3191 5876 3194 5876 3187 5877 3191 5877 3195 5877 3188 5878 3191 5878 3187 5878 3186 5879 3188 5879 3187 5879 3190 5880 3189 5880 3188 5880 3190 5881 3188 5881 3186 5881 3196 5882 1335 5882 1347 5882 3196 5883 3197 5883 1335 5883 1348 5884 1349 5884 3198 5884 1348 5885 3198 5885 3199 5885 1346 5886 3199 5886 3200 5886 1346 5887 1348 5887 3199 5887 1347 5888 3200 5888 3196 5888 1347 5889 1346 5889 3200 5889 3201 5890 1349 5890 1350 5890 3201 5891 3198 5891 1349 5891 3202 5892 1350 5892 1382 5892 3202 5893 3201 5893 1350 5893 3203 5894 1382 5894 1429 5894 3203 5895 3202 5895 1382 5895 3204 5896 3203 5896 1505 5896 1505 5897 3203 5897 1429 5897 1505 5898 1513 5898 3204 5898 3204 5899 1513 5899 3205 5899 3205 5900 1532 5900 3206 5900 1513 5901 1532 5901 3205 5901 3206 5902 1546 5902 3207 5902 1532 5903 1546 5903 3206 5903 1546 5904 1555 5904 3207 5904 3207 5905 1555 5905 3208 5905 3208 5906 1557 5906 3209 5906 1555 5907 1557 5907 3208 5907 3209 5908 1570 5908 3210 5908 1557 5909 1570 5909 3209 5909 1570 5910 1569 5910 3210 5910 3210 5911 1569 5911 3211 5911 3211 5912 1568 5912 3212 5912 1569 5913 1568 5913 3211 5913 3212 5914 1567 5914 3213 5914 1568 5915 1567 5915 3212 5915 1567 5916 1572 5916 3213 5916 3213 5917 1572 5917 3214 5917 3214 5918 1573 5918 3215 5918 1572 5919 1573 5919 3214 5919 3215 5920 1575 5920 3216 5920 1573 5921 1575 5921 3215 5921 1576 5922 3217 5922 1575 5922 3217 5923 3216 5923 1575 5923 3218 5924 3217 5924 1580 5924 1580 5925 3217 5925 1576 5925 1580 5926 1595 5926 3218 5926 3218 5927 1595 5927 3219 5927 3219 5928 1592 5928 3220 5928 1595 5929 1592 5929 3219 5929 3220 5930 1589 5930 3221 5930 1592 5931 1589 5931 3220 5931 1589 5932 1588 5932 3221 5932 3221 5933 1588 5933 3222 5933 3223 5934 1587 5934 3224 5934 3222 5935 1587 5935 3223 5935 1588 5936 1587 5936 3222 5936 1587 5937 1591 5937 3224 5937 1591 5938 1594 5938 3224 5938 3224 5939 1594 5939 3225 5939 3225 5940 1598 5940 3226 5940 1594 5941 1598 5941 3225 5941 3226 5942 1600 5942 3227 5942 1598 5943 1600 5943 3226 5943 1600 5944 1607 5944 3227 5944 3227 5945 1607 5945 3228 5945 3228 5946 1611 5946 3229 5946 1607 5947 1611 5947 3228 5947 3229 5948 1613 5948 3230 5948 1611 5949 1613 5949 3229 5949 1613 5950 1614 5950 3230 5950 3230 5951 1614 5951 3231 5951 3231 5952 1616 5952 3232 5952 1614 5953 1616 5953 3231 5953 3232 5954 1620 5954 3233 5954 1616 5955 1620 5955 3232 5955 1620 5956 1622 5956 3233 5956 3233 5957 1622 5957 3234 5957 3234 5958 1626 5958 3235 5958 1622 5959 1626 5959 3234 5959 3235 5960 1629 5960 3236 5960 1626 5961 1629 5961 3235 5961 1629 5962 1631 5962 3236 5962 3236 5963 1631 5963 3237 5963 3237 5964 1633 5964 3238 5964 1631 5965 1633 5965 3237 5965 3238 5966 1635 5966 3239 5966 1633 5967 1635 5967 3238 5967 1635 5968 1663 5968 3239 5968 3239 5969 1663 5969 3240 5969 3240 5970 1660 5970 3241 5970 1663 5971 1660 5971 3240 5971 3241 5972 1645 5972 3242 5972 1660 5973 1645 5973 3241 5973 1645 5974 1644 5974 3242 5974 3242 5975 1644 5975 3243 5975 3244 5976 1643 5976 3245 5976 3243 5977 1643 5977 3244 5977 1644 5978 1643 5978 3243 5978 1643 5979 1650 5979 3245 5979 1650 5980 1653 5980 3245 5980 3245 5981 1653 5981 3246 5981 3247 5982 1656 5982 3248 5982 3246 5983 1656 5983 3247 5983 1653 5984 1656 5984 3246 5984 1656 5985 1659 5985 3248 5985 1659 5986 1662 5986 3248 5986 3248 5987 1662 5987 3249 5987 3249 5988 1665 5988 3250 5988 1662 5989 1665 5989 3249 5989 3250 5990 1666 5990 3251 5990 1665 5991 1666 5991 3250 5991 1666 5992 1667 5992 3251 5992 3251 5993 1667 5993 3252 5993 3252 5994 1668 5994 3253 5994 1667 5995 1668 5995 3252 5995 3253 5996 1671 5996 3254 5996 1668 5997 1671 5997 3253 5997 1671 5998 1674 5998 3254 5998 3254 5999 1674 5999 3255 5999 3255 6000 1675 6000 3256 6000 1674 6001 1675 6001 3255 6001 3256 6002 1673 6002 3257 6002 1675 6003 1673 6003 3256 6003 1673 6004 1672 6004 3257 6004 3257 6005 1672 6005 3258 6005 3258 6006 1670 6006 3259 6006 1672 6007 1670 6007 3258 6007 3259 6008 1669 6008 3260 6008 1670 6009 1669 6009 3259 6009 1669 6010 1664 6010 3260 6010 3260 6011 1664 6011 3261 6011 3261 6012 1661 6012 3262 6012 1664 6013 1661 6013 3261 6013 3262 6014 1657 6014 3263 6014 1661 6015 1657 6015 3262 6015 1657 6016 1654 6016 3263 6016 3263 6017 1654 6017 3264 6017 3264 6018 1651 6018 3265 6018 1654 6019 1651 6019 3264 6019 3265 6020 1646 6020 3266 6020 1651 6021 1646 6021 3265 6021 1646 6022 1640 6022 3266 6022 3266 6023 1640 6023 3267 6023 3268 6024 1642 6024 3269 6024 3267 6025 1642 6025 3268 6025 1640 6026 1642 6026 3267 6026 1642 6027 1641 6027 3269 6027 1641 6028 1649 6028 3269 6028 3269 6029 1649 6029 3270 6029 3271 6030 1648 6030 3272 6030 3270 6031 1648 6031 3271 6031 1649 6032 1648 6032 3270 6032 1648 6033 1647 6033 3272 6033 1647 6034 1652 6034 3272 6034 3272 6035 1652 6035 3273 6035 3273 6036 1655 6036 3274 6036 1652 6037 1655 6037 3273 6037 3274 6038 1658 6038 3275 6038 1655 6039 1658 6039 3274 6039 1658 6040 1634 6040 3275 6040 3275 6041 1634 6041 3276 6041 3277 6042 1632 6042 3278 6042 3276 6043 1632 6043 3277 6043 1634 6044 1632 6044 3276 6044 1632 6045 1627 6045 3278 6045 1627 6046 1625 6046 3278 6046 3278 6047 1625 6047 3279 6047 3280 6048 1623 6048 3281 6048 3279 6049 1623 6049 3280 6049 1625 6050 1623 6050 3279 6050 1623 6051 1621 6051 3281 6051 1621 6052 1617 6052 3281 6052 3281 6053 1617 6053 3282 6053 3282 6054 1619 6054 3283 6054 1617 6055 1619 6055 3282 6055 3283 6056 1618 6056 3284 6056 1619 6057 1618 6057 3283 6057 1618 6058 1624 6058 3284 6058 3284 6059 1624 6059 3285 6059 3286 6060 1628 6060 3287 6060 3285 6061 1628 6061 3286 6061 1624 6062 1628 6062 3285 6062 1628 6063 1630 6063 3287 6063 3287 6064 1630 6064 3288 6064 3288 6065 1605 6065 3289 6065 1630 6066 1605 6066 3288 6066 3289 6067 1599 6067 3290 6067 1605 6068 1599 6068 3289 6068 1599 6069 1596 6069 3290 6069 3290 6070 1596 6070 3291 6070 3291 6071 1593 6071 3292 6071 1596 6072 1593 6072 3291 6072 1593 6073 1590 6073 3292 6073 3292 6074 1586 6074 3293 6074 1590 6075 1586 6075 3292 6075 1586 6076 1583 6076 3293 6076 3293 6077 1583 6077 3294 6077 3294 6078 1585 6078 3295 6078 1583 6079 1585 6079 3294 6079 3295 6080 1584 6080 3296 6080 1585 6081 1584 6081 3295 6081 1584 6082 1597 6082 3296 6082 3296 6083 1597 6083 3297 6083 3298 6084 1606 6084 3299 6084 3297 6085 1606 6085 3298 6085 1597 6086 1606 6086 3297 6086 1606 6087 1615 6087 3299 6087 1615 6088 1612 6088 3299 6088 3299 6089 1612 6089 3300 6089 3300 6090 1609 6090 3301 6090 1612 6091 1609 6091 3300 6091 3301 6092 1608 6092 3302 6092 1609 6093 1608 6093 3301 6093 1608 6094 1610 6094 3302 6094 3302 6095 1610 6095 3303 6095 3303 6096 1604 6096 3304 6096 1610 6097 1604 6097 3303 6097 3304 6098 1603 6098 3305 6098 1604 6099 1603 6099 3304 6099 1603 6100 1602 6100 3305 6100 3305 6101 1602 6101 3306 6101 3307 6102 1601 6102 3308 6102 3306 6103 1601 6103 3307 6103 1602 6104 1601 6104 3306 6104 1601 6105 1582 6105 3308 6105 1582 6106 1581 6106 3308 6106 3308 6107 1581 6107 3309 6107 3310 6108 1579 6108 3311 6108 3309 6109 1579 6109 3310 6109 1581 6110 1579 6110 3309 6110 1579 6111 1578 6111 3311 6111 1578 6112 1577 6112 3311 6112 3311 6113 1577 6113 3312 6113 3313 6114 1561 6114 3314 6114 3312 6115 1561 6115 3313 6115 1577 6116 1561 6116 3312 6116 1561 6117 1560 6117 3314 6117 1560 6118 1559 6118 3314 6118 3314 6119 1559 6119 3315 6119 3315 6120 1558 6120 3316 6120 1559 6121 1558 6121 3315 6121 3316 6122 1553 6122 3317 6122 1558 6123 1553 6123 3316 6123 1548 6124 3318 6124 1553 6124 3318 6125 3317 6125 1553 6125 1540 6126 3319 6126 1548 6126 3319 6127 3318 6127 1548 6127 1537 6128 3320 6128 1540 6128 3320 6129 3319 6129 1540 6129 1537 6130 1534 6130 3320 6130 3320 6131 1534 6131 3321 6131 3322 6132 1536 6132 3323 6132 3321 6133 1536 6133 3322 6133 1534 6134 1536 6134 3321 6134 1536 6135 1535 6135 3323 6135 3324 6136 3323 6136 1538 6136 1538 6137 3323 6137 1535 6137 1527 6138 3325 6138 1538 6138 3325 6139 3324 6139 1538 6139 3326 6140 3325 6140 1522 6140 1522 6141 3325 6141 1527 6141 1516 6142 3327 6142 1522 6142 3327 6143 3326 6143 1522 6143 1516 6144 1520 6144 3327 6144 3327 6145 1520 6145 3328 6145 3329 6146 1519 6146 3330 6146 3328 6147 1519 6147 3329 6147 1520 6148 1519 6148 3328 6148 1519 6149 1518 6149 3330 6149 3330 6150 1518 6150 3331 6150 3331 6151 1517 6151 3332 6151 1518 6152 1517 6152 3331 6152 3332 6153 1524 6153 3333 6153 1517 6154 1524 6154 3332 6154 1524 6155 1523 6155 3333 6155 3333 6156 1523 6156 3334 6156 1523 6157 1511 6157 3334 6157 3335 6158 1509 6158 3336 6158 3334 6159 1509 6159 3335 6159 1511 6160 1509 6160 3334 6160 1509 6161 1507 6161 3336 6161 1507 6162 1504 6162 3336 6162 3336 6163 1504 6163 3337 6163 3337 6164 1503 6164 3338 6164 1504 6165 1503 6165 3337 6165 3338 6166 1501 6166 3339 6166 1503 6167 1501 6167 3338 6167 1501 6168 1497 6168 3339 6168 3339 6169 1497 6169 3340 6169 3341 6170 1499 6170 3342 6170 3340 6171 1499 6171 3341 6171 1497 6172 1499 6172 3340 6172 1499 6173 1498 6173 3342 6173 1498 6174 1492 6174 3342 6174 3342 6175 1492 6175 3343 6175 3344 6176 1489 6176 3345 6176 3343 6177 1489 6177 3344 6177 1492 6178 1489 6178 3343 6178 1489 6179 1487 6179 3345 6179 1487 6180 1485 6180 3345 6180 3345 6181 1485 6181 3346 6181 3346 6182 1482 6182 3347 6182 1485 6183 1482 6183 3346 6183 3347 6184 1481 6184 3348 6184 1482 6185 1481 6185 3347 6185 1481 6186 1479 6186 3348 6186 3348 6187 1479 6187 3349 6187 3350 6188 1477 6188 3351 6188 3349 6189 1477 6189 3350 6189 1479 6190 1477 6190 3349 6190 1477 6191 1476 6191 3351 6191 1476 6192 1473 6192 3351 6192 3351 6193 1473 6193 3352 6193 3352 6194 1475 6194 3353 6194 1473 6195 1475 6195 3352 6195 3353 6196 1474 6196 3354 6196 1475 6197 1474 6197 3353 6197 1474 6198 1480 6198 3354 6198 3354 6199 1480 6199 3355 6199 3356 6200 1483 6200 3357 6200 3355 6201 1483 6201 3356 6201 1480 6202 1483 6202 3355 6202 1483 6203 1486 6203 3357 6203 1486 6204 1488 6204 3357 6204 3357 6205 1488 6205 3358 6205 3358 6206 1466 6206 3359 6206 1488 6207 1466 6207 3358 6207 3359 6208 1461 6208 3360 6208 1466 6209 1461 6209 3359 6209 1461 6210 1458 6210 3360 6210 3360 6211 1458 6211 3361 6211 3361 6212 1460 6212 3362 6212 1458 6213 1460 6213 3361 6213 3362 6214 1459 6214 3363 6214 1460 6215 1459 6215 3362 6215 1459 6216 1464 6216 3363 6216 3363 6217 1464 6217 3364 6217 3364 6218 1463 6218 3365 6218 1464 6219 1463 6219 3364 6219 3365 6220 1462 6220 3366 6220 1463 6221 1462 6221 3365 6221 1462 6222 1452 6222 3366 6222 3366 6223 1452 6223 3367 6223 3367 6224 1449 6224 3368 6224 1452 6225 1449 6225 3367 6225 3368 6226 1447 6226 3369 6226 1449 6227 1447 6227 3368 6227 3369 6228 1447 6228 3370 6228 3370 6229 1444 6229 3371 6229 1447 6230 1444 6230 3370 6230 1444 6231 1441 6231 3371 6231 3371 6232 1435 6232 3372 6232 1441 6233 1435 6233 3371 6233 1435 6234 1439 6234 3372 6234 3372 6235 1439 6235 3373 6235 3373 6236 1438 6236 3374 6236 1439 6237 1438 6237 3373 6237 3374 6238 1437 6238 3375 6238 1438 6239 1437 6239 3374 6239 1437 6240 1436 6240 3375 6240 3375 6241 1436 6241 3376 6241 3376 6242 1442 6242 3377 6242 1436 6243 1442 6243 3376 6243 3377 6244 1445 6244 3378 6244 1442 6245 1445 6245 3377 6245 3379 6246 3378 6246 1424 6246 1424 6247 3378 6247 1445 6247 3380 6248 3379 6248 1420 6248 1420 6249 3379 6249 1424 6249 3380 6250 1420 6250 3381 6250 3381 6251 1418 6251 3382 6251 1420 6252 1418 6252 3381 6252 3382 6253 1416 6253 3383 6253 1418 6254 1416 6254 3382 6254 1416 6255 1411 6255 3383 6255 1411 6256 1414 6256 3383 6256 3383 6257 1414 6257 3384 6257 3384 6258 1413 6258 3385 6258 1414 6259 1413 6259 3384 6259 3385 6260 1412 6260 3386 6260 1413 6261 1412 6261 3385 6261 1412 6262 1419 6262 3386 6262 3386 6263 1419 6263 3387 6263 3387 6264 1421 6264 3388 6264 1419 6265 1421 6265 3387 6265 3388 6266 1426 6266 3389 6266 1421 6267 1426 6267 3388 6267 1426 6268 1425 6268 3389 6268 3389 6269 1425 6269 3390 6269 3390 6270 1510 6270 3391 6270 1425 6271 1510 6271 3390 6271 3391 6272 1531 6272 3392 6272 1510 6273 1531 6273 3391 6273 1531 6274 1530 6274 3392 6274 3392 6275 1530 6275 3393 6275 3393 6276 1529 6276 3394 6276 1530 6277 1529 6277 3393 6277 3394 6278 1528 6278 3395 6278 1529 6279 1528 6279 3394 6279 1528 6280 1543 6280 3395 6280 3395 6281 1543 6281 3396 6281 3396 6282 1542 6282 3397 6282 1543 6283 1542 6283 3396 6283 3397 6284 1541 6284 3398 6284 1542 6285 1541 6285 3397 6285 3399 6286 3398 6286 1549 6286 1549 6287 3398 6287 1541 6287 3400 6288 3399 6288 1389 6288 1389 6289 3399 6289 1549 6289 3400 6290 1389 6290 3401 6290 3401 6291 1385 6291 3402 6291 1389 6292 1385 6292 3401 6292 3402 6293 1387 6293 3403 6293 1385 6294 1387 6294 3402 6294 1387 6295 1386 6295 3403 6295 1386 6296 1392 6296 3403 6296 3403 6297 1392 6297 3404 6297 3404 6298 1391 6298 3405 6298 1392 6299 1391 6299 3404 6299 3405 6300 1390 6300 3406 6300 1391 6301 1390 6301 3405 6301 3407 6302 3406 6302 1554 6302 1554 6303 3406 6303 1390 6303 3408 6304 3407 6304 1376 6304 1376 6305 3407 6305 1554 6305 3409 6306 3408 6306 1370 6306 1370 6307 3408 6307 1376 6307 1370 6308 1373 6308 3409 6308 3409 6309 1373 6309 3410 6309 3410 6310 1372 6310 3411 6310 1373 6311 1372 6311 3410 6311 3411 6312 1371 6312 3412 6312 1372 6313 1371 6313 3411 6313 3413 6314 3412 6314 1514 6314 1514 6315 3412 6315 1371 6315 3414 6316 3413 6316 1506 6316 1506 6317 3413 6317 1514 6317 3415 6318 3414 6318 1430 6318 1430 6319 3414 6319 1506 6319 3416 6320 3415 6320 1329 6320 1329 6321 3415 6321 1430 6321 3417 6322 3416 6322 1331 6322 1331 6323 3416 6323 1329 6323 3418 6324 3417 6324 1332 6324 1332 6325 3417 6325 1331 6325 3419 6326 3418 6326 1334 6326 1334 6327 3418 6327 1332 6327 1848 6328 1849 6328 3420 6328 1848 6329 3420 6329 3421 6329 1847 6330 3421 6330 3422 6330 1847 6331 1848 6331 3421 6331 1334 6332 3422 6332 3419 6332 1334 6333 1847 6333 3422 6333 1851 6334 1852 6334 3423 6334 1851 6335 3423 6335 3424 6335 1850 6336 3424 6336 3425 6336 1850 6337 1851 6337 3424 6337 1849 6338 3425 6338 3420 6338 1849 6339 1850 6339 3425 6339 1854 6340 1361 6340 3426 6340 1854 6341 3426 6341 3427 6341 1853 6342 3427 6342 3428 6342 1853 6343 1854 6343 3427 6343 1852 6344 3428 6344 3423 6344 1852 6345 1853 6345 3428 6345 3429 6346 3426 6346 1360 6346 1360 6347 3426 6347 1361 6347 3430 6348 3429 6348 1359 6348 1359 6349 3429 6349 1360 6349 3431 6350 3430 6350 1358 6350 1358 6351 3430 6351 1359 6351 1356 6352 3432 6352 1358 6352 3432 6353 3431 6353 1358 6353 1357 6354 1354 6354 3433 6354 1357 6355 3433 6355 3434 6355 1355 6356 3434 6356 3435 6356 1355 6357 1357 6357 3434 6357 1356 6358 3435 6358 3432 6358 1356 6359 1355 6359 3435 6359 3436 6360 3433 6360 1353 6360 1353 6361 3433 6361 1354 6361 3437 6362 3436 6362 1352 6362 1352 6363 3436 6363 1353 6363 3438 6364 3437 6364 1362 6364 1362 6365 3437 6365 1352 6365 1365 6366 1366 6366 3439 6366 1365 6367 3439 6367 3440 6367 1364 6368 3440 6368 3441 6368 1364 6369 1365 6369 3440 6369 1362 6370 3441 6370 3438 6370 1362 6371 1364 6371 3441 6371 3442 6372 3439 6372 1367 6372 1367 6373 3439 6373 1366 6373 3443 6374 3442 6374 1368 6374 1368 6375 3442 6375 1367 6375 1374 6376 1375 6376 3444 6376 1374 6377 3444 6377 3445 6377 1369 6378 3445 6378 3446 6378 1369 6379 1374 6379 3445 6379 1368 6380 3446 6380 3443 6380 1368 6381 1369 6381 3446 6381 1378 6382 1379 6382 3447 6382 1378 6383 3447 6383 3448 6383 1377 6384 3448 6384 3449 6384 1377 6385 1378 6385 3448 6385 1375 6386 3449 6386 3444 6386 1375 6387 1377 6387 3449 6387 1381 6388 1383 6388 3450 6388 1381 6389 3450 6389 3451 6389 1380 6390 3451 6390 3452 6390 1380 6391 1381 6391 3451 6391 1379 6392 3452 6392 3447 6392 1379 6393 1380 6393 3452 6393 1388 6394 1393 6394 3453 6394 1388 6395 3453 6395 3454 6395 1384 6396 3454 6396 3455 6396 1384 6397 1388 6397 3454 6397 1383 6398 3455 6398 3450 6398 1383 6399 1384 6399 3455 6399 1395 6400 1396 6400 3456 6400 1395 6401 3456 6401 3457 6401 1394 6402 3457 6402 3458 6402 1394 6403 1395 6403 3457 6403 1393 6404 3458 6404 3453 6404 1393 6405 1394 6405 3458 6405 1398 6406 1399 6406 3459 6406 1398 6407 3459 6407 3460 6407 1397 6408 3460 6408 3461 6408 1397 6409 1398 6409 3460 6409 1396 6410 3461 6410 3456 6410 1396 6411 1397 6411 3461 6411 1403 6412 1404 6412 3462 6412 1403 6413 3462 6413 3463 6413 1402 6414 3463 6414 3464 6414 1402 6415 1403 6415 3463 6415 1399 6416 3464 6416 3459 6416 1399 6417 1402 6417 3464 6417 1406 6418 1407 6418 3465 6418 1406 6419 3465 6419 3466 6419 1405 6420 3466 6420 3467 6420 1405 6421 1406 6421 3466 6421 1404 6422 3467 6422 3462 6422 1404 6423 1405 6423 3467 6423 1417 6424 3468 6424 3469 6424 1415 6425 1417 6425 3469 6425 1410 6426 3469 6426 3470 6426 1410 6427 1415 6427 3469 6427 1407 6428 3470 6428 3465 6428 1407 6429 1410 6429 3470 6429 1427 6430 3471 6430 3472 6430 1423 6431 3472 6431 3473 6431 1423 6432 1427 6432 3472 6432 1422 6433 3473 6433 3468 6433 1422 6434 1423 6434 3473 6434 1417 6435 1422 6435 3468 6435 1432 6436 3474 6436 3475 6436 1431 6437 1432 6437 3475 6437 1428 6438 3475 6438 3476 6438 1428 6439 1431 6439 3475 6439 1427 6440 3476 6440 3471 6440 1427 6441 1428 6441 3476 6441 1440 6442 1443 6442 3477 6442 1440 6443 3477 6443 3478 6443 1433 6444 3478 6444 3479 6444 1433 6445 1440 6445 3478 6445 1432 6446 3479 6446 3474 6446 1432 6447 1433 6447 3479 6447 1448 6448 1450 6448 3480 6448 1448 6449 3480 6449 3481 6449 1446 6450 3481 6450 3482 6450 1446 6451 1448 6451 3481 6451 1443 6452 3482 6452 3477 6452 1443 6453 1446 6453 3482 6453 1455 6454 3483 6454 3484 6454 1454 6455 3484 6455 3485 6455 1454 6456 1455 6456 3484 6456 1453 6457 3485 6457 3480 6457 1453 6458 1454 6458 3485 6458 1450 6459 1453 6459 3480 6459 1457 6460 1465 6460 3486 6460 1457 6461 3486 6461 3487 6461 1456 6462 3487 6462 3488 6462 1456 6463 1457 6463 3487 6463 1455 6464 3488 6464 3483 6464 1455 6465 1456 6465 3488 6465 1468 6466 1469 6466 3489 6466 1468 6467 3489 6467 3490 6467 1467 6468 3490 6468 3491 6468 1467 6469 1468 6469 3490 6469 1465 6470 3491 6470 3486 6470 1465 6471 1467 6471 3491 6471 1471 6472 1472 6472 3492 6472 1471 6473 3492 6473 3493 6473 1470 6474 3493 6474 3494 6474 1470 6475 1471 6475 3493 6475 1469 6476 3494 6476 3489 6476 1469 6477 1470 6477 3494 6477 3495 6478 3492 6478 1478 6478 1478 6479 3492 6479 1472 6479 3496 6480 3495 6480 1484 6480 1484 6481 3495 6481 1478 6481 3497 6482 3496 6482 1490 6482 1490 6483 3496 6483 1484 6483 1494 6484 1495 6484 3498 6484 1494 6485 3498 6485 3499 6485 1493 6486 3499 6486 3500 6486 1493 6487 1494 6487 3499 6487 1490 6488 3500 6488 3497 6488 1490 6489 1493 6489 3500 6489 1500 6490 1502 6490 3501 6490 1500 6491 3501 6491 3502 6491 1496 6492 3502 6492 3503 6492 1496 6493 1500 6493 3502 6493 1495 6494 3503 6494 3498 6494 1495 6495 1496 6495 3503 6495 3504 6496 3501 6496 1508 6496 1508 6497 3501 6497 1502 6497 3505 6498 3504 6498 1512 6498 1512 6499 3504 6499 1508 6499 3506 6500 3505 6500 1515 6500 1515 6501 3505 6501 1512 6501 1525 6502 1526 6502 3507 6502 1525 6503 3507 6503 3508 6503 1521 6504 3508 6504 3509 6504 1521 6505 1525 6505 3508 6505 1515 6506 3509 6506 3506 6506 1515 6507 1521 6507 3509 6507 3510 6508 3507 6508 1533 6508 1533 6509 3507 6509 1526 6509 3511 6510 3510 6510 1539 6510 1539 6511 3510 6511 1533 6511 1545 6512 1547 6512 3512 6512 1545 6513 3512 6513 3513 6513 1544 6514 3513 6514 3514 6514 1544 6515 1545 6515 3513 6515 1539 6516 3514 6516 3511 6516 1539 6517 1544 6517 3514 6517 1552 6518 3515 6518 3516 6518 1551 6519 1552 6519 3516 6519 1550 6520 3516 6520 3517 6520 1550 6521 1551 6521 3516 6521 1547 6522 3517 6522 3512 6522 1547 6523 1550 6523 3517 6523 3518 6524 3515 6524 1556 6524 1556 6525 3515 6525 1552 6525 3519 6526 3518 6526 1562 6526 1562 6527 3518 6527 1556 6527 1566 6528 3520 6528 3521 6528 1565 6529 1566 6529 3521 6529 1564 6530 3521 6530 3522 6530 1564 6531 1565 6531 3521 6531 1562 6532 3522 6532 3519 6532 1562 6533 1564 6533 3522 6533 1574 6534 1831 6534 3523 6534 1574 6535 3523 6535 3524 6535 1571 6536 3524 6536 3525 6536 1571 6537 1574 6537 3524 6537 1566 6538 3525 6538 3520 6538 1566 6539 1571 6539 3525 6539 1832 6540 1828 6540 3526 6540 1832 6541 3526 6541 3527 6541 1830 6542 3527 6542 3528 6542 1830 6543 1832 6543 3527 6543 1831 6544 3528 6544 3523 6544 1831 6545 1830 6545 3528 6545 1829 6546 1825 6546 3529 6546 1829 6547 3529 6547 3530 6547 1827 6548 3530 6548 3531 6548 1827 6549 1829 6549 3530 6549 1828 6550 3531 6550 3526 6550 1828 6551 1827 6551 3531 6551 1822 6552 3532 6552 3533 6552 1826 6553 1822 6553 3533 6553 1824 6554 3533 6554 3534 6554 1824 6555 1826 6555 3533 6555 1825 6556 3534 6556 3529 6556 1825 6557 1824 6557 3534 6557 1823 6558 1816 6558 3535 6558 1823 6559 3535 6559 3536 6559 1821 6560 3536 6560 3537 6560 1821 6561 1823 6561 3536 6561 1822 6562 3537 6562 3532 6562 1822 6563 1821 6563 3537 6563 1818 6564 1813 6564 3538 6564 1818 6565 3538 6565 3539 6565 1815 6566 3539 6566 3540 6566 1815 6567 1818 6567 3539 6567 1816 6568 3540 6568 3535 6568 1816 6569 1815 6569 3540 6569 1814 6570 1810 6570 3541 6570 1814 6571 3541 6571 3542 6571 1812 6572 3542 6572 3543 6572 1812 6573 1814 6573 3542 6573 1813 6574 3543 6574 3538 6574 1813 6575 1812 6575 3543 6575 1811 6576 1807 6576 3544 6576 1811 6577 3544 6577 3545 6577 1809 6578 3545 6578 3546 6578 1809 6579 1811 6579 3545 6579 1810 6580 3546 6580 3541 6580 1810 6581 1809 6581 3546 6581 1804 6582 3547 6582 3548 6582 1808 6583 1804 6583 3548 6583 1806 6584 3548 6584 3549 6584 1806 6585 1808 6585 3548 6585 1807 6586 3549 6586 3544 6586 1807 6587 1806 6587 3549 6587 1805 6588 1801 6588 3550 6588 1805 6589 3550 6589 3551 6589 1803 6590 3551 6590 3552 6590 1803 6591 1805 6591 3551 6591 1804 6592 3552 6592 3547 6592 1804 6593 1803 6593 3552 6593 1798 6594 3553 6594 3554 6594 1802 6595 1798 6595 3554 6595 1800 6596 3554 6596 3555 6596 1800 6597 1802 6597 3554 6597 1801 6598 3555 6598 3550 6598 1801 6599 1800 6599 3555 6599 1799 6600 1795 6600 3556 6600 1799 6601 3556 6601 3557 6601 1797 6602 3557 6602 3558 6602 1797 6603 1799 6603 3557 6603 1798 6604 3558 6604 3553 6604 1798 6605 1797 6605 3558 6605 1793 6606 3559 6606 3560 6606 1796 6607 3560 6607 3561 6607 1796 6608 1793 6608 3560 6608 1794 6609 1796 6609 3561 6609 1795 6610 3561 6610 3556 6610 1795 6611 1794 6611 3561 6611 3562 6612 3559 6612 1792 6612 1792 6613 3559 6613 1793 6613 1790 6614 3563 6614 1792 6614 3563 6615 3562 6615 1792 6615 1791 6616 1787 6616 3564 6616 1791 6617 3564 6617 3565 6617 1789 6618 3565 6618 3566 6618 1789 6619 1791 6619 3565 6619 1790 6620 3566 6620 3563 6620 1790 6621 1789 6621 3566 6621 1788 6622 1785 6622 3567 6622 1788 6623 3567 6623 3568 6623 1786 6624 3568 6624 3569 6624 1786 6625 1788 6625 3568 6625 1787 6626 3569 6626 3564 6626 1787 6627 1786 6627 3569 6627 3570 6628 3567 6628 1784 6628 1784 6629 3567 6629 1785 6629 1782 6630 3571 6630 1784 6630 3571 6631 3570 6631 1784 6631 1779 6632 3572 6632 3573 6632 1783 6633 3573 6633 3574 6633 1783 6634 1779 6634 3573 6634 1781 6635 3574 6635 3571 6635 1781 6636 1783 6636 3574 6636 1782 6637 1781 6637 3571 6637 1776 6638 3575 6638 3576 6638 1780 6639 1776 6639 3576 6639 1778 6640 3576 6640 3577 6640 1778 6641 1780 6641 3576 6641 1779 6642 3577 6642 3572 6642 1779 6643 1778 6643 3577 6643 1777 6644 1773 6644 3578 6644 1777 6645 3578 6645 3579 6645 1775 6646 3579 6646 3580 6646 1775 6647 1777 6647 3579 6647 1776 6648 3580 6648 3575 6648 1776 6649 1775 6649 3580 6649 1774 6650 1770 6650 3581 6650 1774 6651 3581 6651 3582 6651 1772 6652 3582 6652 3583 6652 1772 6653 1774 6653 3582 6653 1773 6654 3583 6654 3578 6654 1773 6655 1772 6655 3583 6655 1767 6656 3584 6656 3585 6656 1771 6657 3585 6657 3586 6657 1771 6658 1767 6658 3585 6658 1769 6659 3586 6659 3581 6659 1769 6660 1771 6660 3586 6660 1770 6661 1769 6661 3581 6661 1768 6662 1764 6662 3587 6662 1768 6663 3587 6663 3588 6663 1766 6664 3588 6664 3589 6664 1766 6665 1768 6665 3588 6665 1767 6666 3589 6666 3584 6666 1767 6667 1766 6667 3589 6667 1765 6668 1761 6668 3590 6668 1765 6669 3590 6669 3591 6669 1763 6670 3591 6670 3592 6670 1763 6671 1765 6671 3591 6671 1764 6672 3592 6672 3587 6672 1764 6673 1763 6673 3592 6673 1762 6674 1759 6674 3593 6674 1762 6675 3593 6675 3594 6675 1760 6676 3594 6676 3595 6676 1760 6677 1762 6677 3594 6677 1761 6678 3595 6678 3590 6678 1761 6679 1760 6679 3595 6679 1755 6680 1753 6680 3596 6680 1755 6681 3596 6681 3597 6681 1756 6682 3597 6682 3598 6682 1756 6683 1755 6683 3597 6683 1759 6684 3598 6684 3593 6684 1759 6685 1756 6685 3598 6685 1754 6686 1750 6686 3599 6686 1754 6687 3599 6687 3600 6687 1752 6688 3600 6688 3601 6688 1752 6689 1754 6689 3600 6689 1753 6690 3601 6690 3596 6690 1753 6691 1752 6691 3601 6691 1747 6692 3602 6692 3603 6692 1751 6693 3603 6693 3604 6693 1751 6694 1747 6694 3603 6694 1749 6695 3604 6695 3599 6695 1749 6696 1751 6696 3604 6696 1750 6697 1749 6697 3599 6697 1744 6698 3605 6698 3606 6698 1748 6699 1744 6699 3606 6699 1746 6700 3606 6700 3607 6700 1746 6701 1748 6701 3606 6701 1747 6702 3607 6702 3602 6702 1747 6703 1746 6703 3607 6703 1745 6704 1741 6704 3608 6704 1745 6705 3609 6705 3610 6705 1745 6706 3608 6706 3609 6706 1743 6707 3610 6707 3605 6707 1743 6708 1745 6708 3610 6708 1744 6709 1743 6709 3605 6709 1738 6710 3611 6710 3612 6710 1742 6711 1738 6711 3612 6711 1740 6712 3612 6712 3613 6712 1740 6713 1742 6713 3612 6713 1741 6714 3613 6714 3608 6714 1741 6715 1740 6715 3613 6715 1735 6716 3614 6716 3615 6716 1739 6717 1735 6717 3615 6717 1737 6718 3615 6718 3616 6718 1737 6719 1739 6719 3615 6719 1738 6720 3616 6720 3611 6720 1738 6721 1737 6721 3616 6721 1736 6722 1732 6722 3617 6722 1736 6723 3617 6723 3618 6723 1734 6724 3618 6724 3619 6724 1734 6725 1736 6725 3618 6725 1735 6726 3619 6726 3614 6726 1735 6727 1734 6727 3619 6727 1729 6728 3620 6728 3621 6728 1733 6729 3621 6729 3622 6729 1733 6730 1729 6730 3621 6730 1731 6731 3622 6731 3617 6731 1731 6732 1733 6732 3622 6732 1732 6733 1731 6733 3617 6733 1727 6734 3623 6734 3624 6734 1730 6735 3624 6735 3625 6735 1730 6736 1727 6736 3624 6736 1728 6737 3625 6737 3620 6737 1728 6738 1730 6738 3625 6738 1729 6739 1728 6739 3620 6739 3626 6740 3623 6740 1726 6740 1726 6741 3623 6741 1727 6741 3627 6742 3626 6742 1724 6742 1724 6743 3626 6743 1726 6743 1725 6744 1721 6744 3628 6744 1725 6745 3628 6745 3629 6745 1723 6746 3629 6746 3630 6746 1723 6747 1725 6747 3629 6747 1724 6748 3630 6748 3627 6748 1724 6749 1723 6749 3630 6749 1722 6750 1718 6750 3631 6750 1722 6751 3631 6751 3632 6751 1720 6752 3632 6752 3633 6752 1720 6753 1722 6753 3632 6753 1721 6754 3633 6754 3628 6754 1721 6755 1720 6755 3633 6755 1719 6756 1715 6756 3634 6756 1719 6757 3634 6757 3635 6757 1717 6758 3635 6758 3636 6758 1717 6759 1719 6759 3635 6759 1718 6760 3636 6760 3631 6760 1718 6761 1717 6761 3636 6761 1716 6762 1712 6762 3637 6762 1716 6763 3637 6763 3638 6763 1714 6764 3638 6764 3639 6764 1714 6765 1716 6765 3638 6765 1715 6766 3639 6766 3634 6766 1715 6767 1714 6767 3639 6767 1713 6768 1709 6768 3640 6768 1713 6769 3640 6769 3641 6769 1711 6770 3641 6770 3642 6770 1711 6771 1713 6771 3641 6771 1712 6772 3642 6772 3637 6772 1712 6773 1711 6773 3642 6773 1706 6774 3643 6774 3644 6774 1710 6775 1706 6775 3644 6775 1708 6776 3644 6776 3645 6776 1708 6777 1710 6777 3644 6777 1709 6778 3645 6778 3640 6778 1709 6779 1708 6779 3645 6779 1707 6780 1703 6780 3646 6780 1707 6781 3646 6781 3647 6781 1705 6782 3647 6782 3648 6782 1705 6783 1707 6783 3647 6783 1706 6784 3648 6784 3643 6784 1706 6785 1705 6785 3648 6785 1700 6786 3649 6786 3650 6786 1704 6787 1700 6787 3650 6787 1702 6788 3650 6788 3651 6788 1702 6789 1704 6789 3650 6789 1703 6790 3651 6790 3646 6790 1703 6791 1702 6791 3651 6791 1697 6792 3652 6792 3653 6792 1701 6793 1697 6793 3653 6793 1699 6794 3653 6794 3654 6794 1699 6795 1701 6795 3653 6795 1700 6796 3654 6796 3649 6796 1700 6797 1699 6797 3654 6797 1698 6798 1695 6798 3655 6798 1698 6799 3655 6799 3656 6799 1696 6800 3656 6800 3657 6800 1696 6801 1698 6801 3656 6801 1697 6802 3657 6802 3652 6802 1697 6803 1696 6803 3657 6803 3658 6804 3655 6804 1694 6804 1694 6805 3655 6805 1695 6805 3659 6806 3658 6806 1692 6806 1692 6807 3658 6807 1694 6807 1690 6808 3660 6808 3661 6808 1693 6809 3661 6809 3662 6809 1693 6810 1690 6810 3661 6810 1691 6811 3662 6811 3659 6811 1691 6812 1693 6812 3662 6812 1692 6813 1691 6813 3659 6813 3663 6814 3660 6814 1689 6814 1689 6815 3660 6815 1690 6815 3664 6816 3663 6816 1688 6816 1688 6817 3663 6817 1689 6817 3665 6818 3664 6818 1687 6818 1687 6819 3664 6819 1688 6819 3666 6820 3665 6820 1685 6820 1685 6821 3665 6821 1687 6821 1686 6822 1682 6822 3667 6822 1686 6823 3667 6823 3668 6823 1684 6824 3668 6824 3669 6824 1684 6825 1686 6825 3668 6825 1685 6826 3669 6826 3666 6826 1685 6827 1684 6827 3669 6827 1683 6828 1680 6828 3670 6828 1683 6829 3670 6829 3671 6829 1681 6830 3671 6830 3672 6830 1681 6831 1683 6831 3671 6831 1682 6832 3672 6832 3667 6832 1682 6833 1681 6833 3672 6833 1843 6834 1676 6834 3673 6834 1843 6835 3673 6835 3674 6835 1679 6836 3674 6836 3675 6836 1679 6837 1843 6837 3674 6837 1680 6838 3675 6838 3670 6838 1680 6839 1679 6839 3675 6839 3676 6840 1676 6840 1639 6840 3676 6841 3673 6841 1676 6841 3677 6842 3676 6842 1638 6842 1638 6843 3676 6843 1639 6843 3678 6844 3677 6844 1637 6844 1637 6845 3677 6845 1638 6845 3679 6846 1637 6846 1434 6846 3679 6847 3678 6847 1637 6847 3680 6848 3679 6848 1408 6848 1408 6849 3679 6849 1434 6849 3681 6850 3680 6850 1409 6850 1409 6851 3680 6851 1408 6851 3682 6852 1409 6852 1400 6852 3682 6853 3681 6853 1409 6853 3683 6854 1400 6854 1343 6854 3683 6855 3682 6855 1400 6855 3197 6856 1343 6856 1335 6856 3197 6857 3683 6857 1343 6857 3415 6858 3416 6858 3417 6858 3415 6859 3417 6859 3418 6859 3196 6860 3683 6860 3197 6860 3199 6861 3196 6861 3200 6861 3198 6862 3196 6862 3199 6862 3414 6863 3418 6863 3419 6863 3414 6864 3415 6864 3418 6864 3413 6865 3414 6865 3419 6865 3413 6866 3419 6866 3422 6866 3413 6867 3422 6867 3421 6867 3412 6868 3421 6868 3420 6868 3412 6869 3413 6869 3421 6869 3411 6870 3420 6870 3425 6870 3411 6871 3412 6871 3420 6871 3410 6872 3425 6872 3424 6872 3410 6873 3411 6873 3425 6873 3409 6874 3424 6874 3423 6874 3409 6875 3410 6875 3424 6875 3681 6876 3198 6876 3201 6876 3681 6877 3683 6877 3196 6877 3681 6878 3196 6878 3198 6878 3408 6879 3423 6879 3428 6879 3408 6880 3428 6880 3427 6880 3408 6881 3427 6881 3426 6881 3408 6882 3409 6882 3423 6882 3407 6883 3426 6883 3429 6883 3407 6884 3408 6884 3426 6884 3406 6885 3429 6885 3430 6885 3406 6886 3407 6886 3429 6886 3405 6887 3406 6887 3430 6887 3404 6888 3430 6888 3431 6888 3404 6889 3405 6889 3430 6889 3403 6890 3404 6890 3431 6890 3402 6891 3431 6891 3432 6891 3402 6892 3403 6892 3431 6892 3401 6893 3402 6893 3432 6893 3401 6894 3432 6894 3435 6894 3401 6895 3435 6895 3434 6895 3400 6896 3434 6896 3433 6896 3400 6897 3433 6897 3436 6897 3400 6898 3401 6898 3434 6898 3399 6899 3436 6899 3437 6899 3399 6900 3400 6900 3436 6900 3398 6901 3399 6901 3437 6901 3398 6902 3437 6902 3438 6902 3398 6903 3438 6903 3441 6903 3397 6904 3398 6904 3441 6904 3397 6905 3441 6905 3440 6905 3397 6906 3440 6906 3439 6906 3396 6907 3397 6907 3439 6907 3682 6908 3683 6908 3681 6908 3395 6909 3396 6909 3439 6909 3395 6910 3439 6910 3442 6910 3394 6911 3395 6911 3442 6911 3393 6912 3394 6912 3442 6912 3393 6913 3442 6913 3443 6913 3392 6914 3393 6914 3443 6914 3391 6915 3392 6915 3443 6915 3391 6916 3443 6916 3446 6916 3390 6917 3391 6917 3446 6917 3390 6918 3446 6918 3445 6918 3390 6919 3445 6919 3444 6919 3389 6920 3390 6920 3444 6920 3389 6921 3444 6921 3449 6921 3389 6922 3449 6922 3448 6922 3388 6923 3389 6923 3448 6923 3388 6924 3448 6924 3447 6924 3387 6925 3447 6925 3452 6925 3387 6926 3388 6926 3447 6926 3386 6927 3452 6927 3451 6927 3386 6928 3451 6928 3450 6928 3386 6929 3387 6929 3452 6929 3680 6930 3681 6930 3201 6930 3385 6931 3386 6931 3450 6931 3385 6932 3450 6932 3455 6932 3384 6933 3455 6933 3454 6933 3384 6934 3385 6934 3455 6934 3383 6935 3384 6935 3454 6935 3383 6936 3454 6936 3453 6936 3382 6937 3383 6937 3453 6937 3382 6938 3453 6938 3458 6938 3381 6939 3382 6939 3458 6939 3381 6940 3458 6940 3457 6940 3381 6941 3457 6941 3456 6941 3380 6942 3456 6942 3461 6942 3380 6943 3461 6943 3460 6943 3380 6944 3381 6944 3456 6944 3380 6945 3460 6945 3459 6945 3379 6946 3380 6946 3459 6946 3379 6947 3459 6947 3464 6947 3379 6948 3464 6948 3463 6948 3379 6949 3463 6949 3462 6949 3378 6950 3379 6950 3462 6950 3378 6951 3462 6951 3467 6951 3377 6952 3378 6952 3467 6952 3377 6953 3467 6953 3466 6953 3376 6954 3377 6954 3466 6954 3376 6955 3466 6955 3465 6955 3375 6956 3465 6956 3470 6956 3375 6957 3470 6957 3469 6957 3375 6958 3376 6958 3465 6958 3374 6959 3375 6959 3469 6959 3374 6960 3469 6960 3468 6960 3374 6961 3468 6961 3473 6961 3373 6962 3473 6962 3472 6962 3373 6963 3472 6963 3471 6963 3373 6964 3374 6964 3473 6964 3679 6965 3201 6965 3202 6965 3679 6966 3680 6966 3201 6966 3372 6967 3373 6967 3471 6967 3372 6968 3471 6968 3476 6968 3371 6969 3372 6969 3476 6969 3371 6970 3476 6970 3475 6970 3371 6971 3475 6971 3474 6971 3370 6972 3474 6972 3479 6972 3370 6973 3371 6973 3474 6973 3369 6974 3479 6974 3478 6974 3369 6975 3370 6975 3479 6975 3368 6976 3369 6976 3478 6976 3368 6977 3478 6977 3477 6977 3367 6978 3368 6978 3477 6978 3367 6979 3477 6979 3482 6979 3367 6980 3482 6980 3481 6980 3366 6981 3367 6981 3481 6981 3366 6982 3481 6982 3480 6982 3366 6983 3480 6983 3485 6983 3365 6984 3366 6984 3485 6984 3365 6985 3485 6985 3484 6985 3483 6986 3365 6986 3484 6986 3483 6987 3364 6987 3365 6987 3488 6988 3364 6988 3483 6988 3488 6989 3363 6989 3364 6989 3487 6990 3363 6990 3488 6990 3487 6991 3362 6991 3363 6991 3486 6992 3362 6992 3487 6992 3491 6993 3361 6993 3362 6993 3491 6994 3362 6994 3486 6994 3490 6995 3361 6995 3491 6995 3490 6996 3360 6996 3361 6996 3489 6997 3360 6997 3490 6997 3494 6998 3360 6998 3489 6998 3494 6999 3359 6999 3360 6999 3678 7000 3202 7000 3203 7000 3678 7001 3679 7001 3202 7001 3493 7002 3359 7002 3494 7002 3492 7003 3359 7003 3493 7003 3492 7004 3358 7004 3359 7004 3495 7005 3358 7005 3492 7005 3495 7006 3356 7006 3357 7006 3495 7007 3357 7007 3358 7007 3496 7008 3355 7008 3356 7008 3496 7009 3354 7009 3355 7009 3496 7010 3356 7010 3495 7010 3497 7011 3353 7011 3354 7011 3497 7012 3354 7012 3496 7012 3500 7013 3353 7013 3497 7013 3499 7014 3353 7014 3500 7014 3498 7015 3353 7015 3499 7015 3498 7016 3352 7016 3353 7016 3503 7017 3352 7017 3498 7017 3502 7018 3352 7018 3503 7018 3501 7019 3351 7019 3352 7019 3501 7020 3352 7020 3502 7020 3504 7021 3351 7021 3501 7021 3504 7022 3350 7022 3351 7022 3504 7023 3349 7023 3350 7023 3505 7024 3347 7024 3348 7024 3505 7025 3349 7025 3504 7025 3505 7026 3348 7026 3349 7026 3677 7027 3678 7027 3203 7027 3506 7028 3347 7028 3505 7028 3506 7029 3346 7029 3347 7029 3509 7030 3346 7030 3506 7030 3508 7031 3345 7031 3346 7031 3508 7032 3346 7032 3509 7032 3507 7033 3345 7033 3508 7033 3507 7034 3344 7034 3345 7034 3510 7035 3341 7035 3342 7035 3510 7036 3343 7036 3344 7036 3510 7037 3342 7037 3343 7037 3510 7038 3344 7038 3507 7038 3511 7039 3340 7039 3341 7039 3511 7040 3341 7040 3510 7040 3514 7041 3340 7041 3511 7041 3514 7042 3339 7042 3340 7042 3513 7043 3339 7043 3514 7043 3512 7044 3338 7044 3339 7044 3512 7045 3339 7045 3513 7045 3517 7046 3338 7046 3512 7046 3516 7047 3338 7047 3517 7047 3516 7048 3337 7048 3338 7048 3515 7049 3337 7049 3516 7049 3515 7050 3335 7050 3336 7050 3515 7051 3336 7051 3337 7051 3676 7052 3203 7052 3204 7052 3676 7053 3677 7053 3203 7053 3518 7054 3335 7054 3515 7054 3518 7055 3332 7055 3333 7055 3518 7056 3334 7056 3335 7056 3518 7057 3333 7057 3334 7057 3519 7058 3332 7058 3518 7058 3519 7059 3331 7059 3332 7059 3519 7060 3330 7060 3331 7060 3522 7061 3329 7061 3330 7061 3522 7062 3330 7062 3519 7062 3521 7063 3328 7063 3329 7063 3521 7064 3329 7064 3522 7064 3520 7065 3328 7065 3521 7065 3520 7066 3327 7066 3328 7066 3525 7067 3327 7067 3520 7067 3524 7068 3326 7068 3327 7068 3524 7069 3327 7069 3525 7069 3523 7070 3326 7070 3524 7070 3528 7071 3325 7071 3326 7071 3528 7072 3326 7072 3523 7072 3527 7073 3325 7073 3528 7073 3526 7074 3325 7074 3527 7074 3526 7075 3324 7075 3325 7075 3531 7076 3324 7076 3526 7076 3531 7077 3323 7077 3324 7077 3530 7078 3323 7078 3531 7078 3529 7079 3322 7079 3323 7079 3529 7080 3323 7080 3530 7080 3534 7081 3321 7081 3322 7081 3534 7082 3322 7082 3529 7082 3533 7083 3320 7083 3321 7083 3533 7084 3321 7084 3534 7084 3532 7085 3320 7085 3533 7085 3537 7086 3320 7086 3532 7086 3536 7087 3319 7087 3320 7087 3536 7088 3320 7088 3537 7088 3535 7089 3319 7089 3536 7089 3540 7090 3318 7090 3319 7090 3540 7091 3319 7091 3535 7091 3673 7092 3205 7092 3206 7092 3673 7093 3204 7093 3205 7093 3673 7094 3676 7094 3204 7094 3539 7095 3318 7095 3540 7095 3538 7096 3318 7096 3539 7096 3543 7097 3318 7097 3538 7097 3543 7098 3317 7098 3318 7098 3674 7099 3206 7099 3207 7099 3674 7100 3673 7100 3206 7100 3542 7101 3316 7101 3317 7101 3542 7102 3317 7102 3543 7102 3541 7103 3315 7103 3316 7103 3541 7104 3316 7104 3542 7104 3546 7105 3313 7105 3314 7105 3546 7106 3314 7106 3315 7106 3546 7107 3315 7107 3541 7107 3675 7108 3207 7108 3208 7108 3675 7109 3674 7109 3207 7109 3545 7110 3312 7110 3313 7110 3545 7111 3313 7111 3546 7111 3544 7112 3310 7112 3311 7112 3544 7113 3311 7113 3312 7113 3544 7114 3312 7114 3545 7114 3549 7115 3309 7115 3310 7115 3549 7116 3310 7116 3544 7116 3670 7117 3208 7117 3209 7117 3670 7118 3675 7118 3208 7118 3548 7119 3308 7119 3309 7119 3548 7120 3309 7120 3549 7120 3547 7121 3307 7121 3308 7121 3547 7122 3308 7122 3548 7122 3671 7123 3209 7123 3210 7123 3671 7124 3670 7124 3209 7124 3552 7125 3306 7125 3307 7125 3552 7126 3305 7126 3306 7126 3552 7127 3307 7127 3547 7127 3672 7128 3671 7128 3210 7128 3672 7129 3210 7129 3211 7129 3551 7130 3304 7130 3305 7130 3551 7131 3305 7131 3552 7131 3550 7132 3303 7132 3304 7132 3550 7133 3304 7133 3551 7133 3667 7134 3211 7134 3212 7134 3667 7135 3672 7135 3211 7135 3555 7136 3302 7136 3303 7136 3555 7137 3303 7137 3550 7137 3554 7138 3301 7138 3302 7138 3554 7139 3302 7139 3555 7139 3668 7140 3667 7140 3212 7140 3553 7141 3300 7141 3301 7141 3553 7142 3301 7142 3554 7142 3669 7143 3668 7143 3212 7143 3558 7144 3300 7144 3553 7144 3666 7145 3212 7145 3213 7145 3666 7146 3669 7146 3212 7146 3557 7147 3299 7147 3300 7147 3557 7148 3300 7148 3558 7148 3556 7149 3299 7149 3557 7149 3561 7150 3299 7150 3556 7150 3561 7151 3298 7151 3299 7151 3665 7152 3213 7152 3214 7152 3665 7153 3666 7153 3213 7153 3560 7154 3298 7154 3561 7154 3559 7155 3297 7155 3298 7155 3559 7156 3298 7156 3560 7156 3664 7157 3215 7157 3216 7157 3664 7158 3214 7158 3215 7158 3664 7159 3665 7159 3214 7159 3562 7160 3296 7160 3297 7160 3562 7161 3297 7161 3559 7161 3562 7162 3295 7162 3296 7162 3562 7163 3294 7163 3295 7163 3663 7164 3216 7164 3217 7164 3663 7165 3664 7165 3216 7165 3563 7166 3294 7166 3562 7166 3563 7167 3293 7167 3294 7167 3566 7168 3293 7168 3563 7168 3565 7169 3293 7169 3566 7169 3565 7170 3292 7170 3293 7170 3660 7171 3217 7171 3218 7171 3660 7172 3663 7172 3217 7172 3564 7173 3292 7173 3565 7173 3661 7174 3660 7174 3218 7174 3569 7175 3292 7175 3564 7175 3569 7176 3291 7176 3292 7176 3662 7177 3661 7177 3218 7177 3568 7178 3291 7178 3569 7178 3659 7179 3219 7179 3220 7179 3659 7180 3218 7180 3219 7180 3659 7181 3662 7181 3218 7181 3567 7182 3291 7182 3568 7182 3567 7183 3289 7183 3290 7183 3567 7184 3290 7184 3291 7184 3658 7185 3220 7185 3221 7185 3658 7186 3222 7186 3223 7186 3658 7187 3221 7187 3222 7187 3658 7188 3659 7188 3220 7188 3570 7189 3289 7189 3567 7189 3570 7190 3288 7190 3289 7190 3570 7191 3287 7191 3288 7191 3655 7192 3223 7192 3224 7192 3655 7193 3658 7193 3223 7193 3571 7194 3287 7194 3570 7194 3571 7195 3286 7195 3287 7195 3571 7196 3285 7196 3286 7196 3656 7197 3224 7197 3225 7197 3656 7198 3655 7198 3224 7198 3574 7199 3285 7199 3571 7199 3574 7200 3284 7200 3285 7200 3657 7201 3656 7201 3225 7201 3573 7202 3284 7202 3574 7202 3652 7203 3225 7203 3226 7203 3652 7204 3657 7204 3225 7204 3572 7205 3284 7205 3573 7205 3572 7206 3283 7206 3284 7206 3653 7207 3652 7207 3226 7207 3577 7208 3282 7208 3283 7208 3577 7209 3283 7209 3572 7209 3654 7210 3226 7210 3227 7210 3654 7211 3653 7211 3226 7211 3576 7212 3282 7212 3577 7212 3649 7213 3654 7213 3227 7213 3575 7214 3282 7214 3576 7214 3575 7215 3281 7215 3282 7215 3650 7216 3227 7216 3228 7216 3650 7217 3649 7217 3227 7217 3580 7218 3281 7218 3575 7218 3580 7219 3280 7219 3281 7219 3651 7220 3650 7220 3228 7220 3651 7221 3228 7221 3229 7221 3579 7222 3279 7222 3280 7222 3579 7223 3280 7223 3580 7223 3646 7224 3651 7224 3229 7224 3646 7225 3229 7225 3230 7225 3578 7226 3279 7226 3579 7226 3578 7227 3278 7227 3279 7227 3647 7228 3646 7228 3230 7228 3583 7229 3278 7229 3578 7229 3583 7230 3277 7230 3278 7230 3648 7231 3230 7231 3231 7231 3648 7232 3647 7232 3230 7232 3582 7233 3277 7233 3583 7233 3582 7234 3276 7234 3277 7234 3643 7235 3231 7235 3232 7235 3643 7236 3648 7236 3231 7236 3581 7237 3276 7237 3582 7237 3581 7238 3275 7238 3276 7238 3644 7239 3643 7239 3232 7239 3586 7240 3275 7240 3581 7240 3586 7241 3274 7241 3275 7241 3645 7242 3232 7242 3233 7242 3645 7243 3644 7243 3232 7243 3585 7244 3274 7244 3586 7244 3640 7245 3645 7245 3233 7245 3640 7246 3233 7246 3234 7246 3584 7247 3274 7247 3585 7247 3584 7248 3273 7248 3274 7248 3641 7249 3640 7249 3234 7249 3589 7250 3273 7250 3584 7250 3589 7251 3272 7251 3273 7251 3588 7252 3272 7252 3589 7252 3642 7253 3234 7253 3235 7253 3642 7254 3641 7254 3234 7254 3587 7255 3272 7255 3588 7255 3587 7256 3271 7256 3272 7256 3637 7257 3642 7257 3235 7257 3637 7258 3235 7258 3236 7258 3592 7259 3271 7259 3587 7259 3592 7260 3270 7260 3271 7260 3638 7261 3637 7261 3236 7261 3591 7262 3270 7262 3592 7262 3591 7263 3269 7263 3270 7263 3639 7264 3236 7264 3237 7264 3639 7265 3638 7265 3236 7265 3590 7266 3269 7266 3591 7266 3590 7267 3268 7267 3269 7267 3634 7268 3237 7268 3238 7268 3634 7269 3639 7269 3237 7269 3595 7270 3268 7270 3590 7270 3595 7271 3267 7271 3268 7271 3635 7272 3634 7272 3238 7272 3635 7273 3238 7273 3239 7273 3594 7274 3267 7274 3595 7274 3636 7275 3635 7275 3239 7275 3593 7276 3266 7276 3267 7276 3593 7277 3267 7277 3594 7277 3598 7278 3266 7278 3593 7278 3598 7279 3265 7279 3266 7279 3631 7280 3636 7280 3239 7280 3631 7281 3239 7281 3240 7281 3597 7282 3264 7282 3265 7282 3597 7283 3265 7283 3598 7283 3632 7284 3631 7284 3240 7284 3596 7285 3264 7285 3597 7285 3633 7286 3240 7286 3241 7286 3633 7287 3632 7287 3240 7287 3601 7288 3263 7288 3264 7288 3601 7289 3264 7289 3596 7289 3628 7290 3633 7290 3241 7290 3629 7291 3241 7291 3242 7291 3629 7292 3628 7292 3241 7292 3600 7293 3263 7293 3601 7293 3630 7294 3629 7294 3242 7294 3599 7295 3263 7295 3600 7295 3599 7296 3262 7296 3263 7296 3627 7297 3242 7297 3243 7297 3627 7298 3630 7298 3242 7298 3604 7299 3262 7299 3599 7299 3604 7300 3261 7300 3262 7300 3603 7301 3261 7301 3604 7301 3603 7302 3260 7302 3261 7302 3602 7303 3260 7303 3603 7303 3602 7304 3259 7304 3260 7304 3626 7305 3244 7305 3245 7305 3626 7306 3243 7306 3244 7306 3626 7307 3627 7307 3243 7307 3607 7308 3259 7308 3602 7308 3607 7309 3258 7309 3259 7309 3606 7310 3258 7310 3607 7310 3606 7311 3257 7311 3258 7311 3605 7312 3257 7312 3606 7312 3623 7313 3245 7313 3246 7313 3623 7314 3626 7314 3245 7314 3610 7315 3256 7315 3257 7315 3610 7316 3257 7316 3605 7316 3624 7317 3623 7317 3246 7317 3624 7318 3246 7318 3247 7318 3609 7319 3256 7319 3610 7319 3625 7320 3624 7320 3247 7320 3625 7321 3247 7321 3248 7321 3608 7322 3256 7322 3609 7322 3608 7323 3255 7323 3256 7323 3620 7324 3625 7324 3248 7324 3613 7325 3255 7325 3608 7325 3621 7326 3620 7326 3248 7326 3612 7327 3255 7327 3613 7327 3612 7328 3254 7328 3255 7328 3622 7329 3621 7329 3248 7329 3622 7330 3248 7330 3249 7330 3611 7331 3254 7331 3612 7331 3611 7332 3253 7332 3254 7332 3617 7333 3622 7333 3249 7333 3617 7334 3249 7334 3250 7334 3616 7335 3253 7335 3611 7335 3618 7336 3617 7336 3250 7336 3615 7337 3253 7337 3616 7337 3615 7338 3252 7338 3253 7338 3619 7339 3618 7339 3250 7339 3619 7340 3250 7340 3251 7340 3614 7341 3252 7341 3615 7341 3614 7342 3619 7342 3251 7342 3614 7343 3251 7343 3252 7343 285 7344 1859 7344 1865 7344 1865 7345 1859 7345 1861 7345 285 7346 284 7346 1859 7346 1984 7347 1874 7347 3684 7347 3684 7348 1874 7348 3685 7348 3685 7349 1874 7349 3686 7349 1345 7350 1401 7350 1874 7350 1874 7351 1401 7351 3686 7351 1401 7352 1677 7352 3686 7352 3686 7353 1677 7353 3687 7353 3686 7354 3684 7354 3685 7354 3686 7355 3687 7355 3684 7355 1636 7356 1678 7356 1984 7356 1984 7357 1678 7357 1868 7357 1870 7358 1868 7358 1871 7358 1678 7359 1758 7359 1868 7359 1868 7360 1758 7360 1871 7360 1677 7361 1984 7361 3687 7361 3687 7362 1984 7362 3684 7362 1677 7363 1636 7363 1984 7363 1860 7364 1858 7364 283 7364 283 7365 1858 7365 553 7365 1858 7366 1855 7366 1864 7366 891 7367 553 7367 1858 7367 891 7368 1858 7368 1864 7368 1860 7369 286 7369 1866 7369 1860 7370 1866 7370 1862 7370 283 7371 286 7371 1860 7371</p>
        </triangles>
      </mesh>
    </geometry>
  </library_geometries>
  <library_materials>
    <material id="mat_Base_cover_Top_shape" name="Base_cover_Top_shape">
      <instance_effect url="#effect_Base_cover_Top_shape"/>
    </material>
  </library_materials>
  <library_visual_scenes>
    <visual_scene id="myscene">
      <node id="node0" name="node0">
        <instance_geometry url="#geometry0">
          <bind_material>
            <technique_common>
              <instance_material symbol="ref_Base_cover_Top_shape" target="#mat_Base_cover_Top_shape"/>
            </technique_common>
          </bind_material>
        </instance_geometry>
      </node>
    </visual_scene>
  </library_visual_scenes>
  <scene>
    <instance_visual_scene url="#myscene"/>
  </scene>
</COLLADA>
