<COLLADA xmlns="http://www.collada.org/2005/11/COLLADASchema" version="1.4.1">
  <asset>
    <contributor/>
    <created>2026-07-22T21:26:30.863696</created>
    <modified>2026-07-22T21:26:30.863701</modified>
    <unit name="meter" meter="1.0"/>
    <up_axis>Z_UP</up_axis>
  </asset>
  <library_effects>
    <effect id="effect_Camera_support_shape" name="effect_Camera_support_shape">
      <profile_COMMON>
        <technique sid="common">
          <phong>
            <emission>
              <color>0.0 0.0 0.0 1.0</color>
            </emission>
            <ambient>
              <color>0.0 0.0 0.0 1.0</color>
            </ambient>
            <diffuse>
              <color>0.800000011920929 0.800000011920929 0.9019607901573181 1.0</color>
            </diffuse>
            <specular>
              <color>1 1 1 1.0</color>
            </specular>
            <shininess>
              <float>0.0</float>
            </shininess>
            <reflective>
              <color>0.0 0.0 0.0 1.0</color>
            </reflective>
            <reflectivity>
              <float>0.0</float>
            </reflectivity>
            <transparent>
              <color>0.0 0.0 0.0 1.0</color>
            </transparent>
            <transparency>
              <float>1.0</float>
            </transparency>
          </phong>
        </technique>
        <extra>
          <technique profile="GOOGLEEARTH">
            <double_sided>0</double_sided>
          </technique>
        </extra>
      </profile_COMMON>
    </effect>
  </library_effects>
  <library_geometries>
    <geometry id="geometry0" name="Camera_support_shape">
      <mesh>
        <source id="cubeverts-array0">
          <float_array count="8796" id="cubeverts-array0-array">0.073 0.5590627 0.05914144 0.07290031 0.559576 0.07913485 0.07290031 0.5590602 0.0591415 0.073 0.5595785 0.07913479 0.07280087 0.5595685 0.07913504 0.07280087 0.5590528 0.0591417 0.07270191 0.5595562 0.07913536 0.07270191 0.5590404 0.05914201 0.07260371 0.5595388 0.07913581 0.07260371 0.5590231 0.05914246 0.07250648 0.5595167 0.07913638 0.07250648 0.5590009 0.05914303 0.07241049 0.5594896 0.07913708 0.07241049 0.5589739 0.05914373 0.07231596 0.5594579 0.0791379 0.07231596 0.5589421 0.05914455 0.07222313 0.5594214 0.07913884 0.07222313 0.5589057 0.05914549 0.07213223 0.5593805 0.07913989 0.07213223 0.5588647 0.05914655 0.0720435 0.559335 0.07914107 0.0720435 0.5588192 0.05914772 0.07195713 0.5592852 0.07914236 0.07195713 0.5587694 0.05914901 0.07187336 0.5592311 0.07914375 0.07187336 0.5587153 0.0591504 0.07179239 0.5591729 0.07914525 0.07179239 0.5586571 0.0591519 0.07171442 0.5591107 0.07914685 0.07171442 0.558595 0.05915351 0.07163966 0.5590447 0.07914856 0.07163966 0.558529 0.05915521 0.07156827 0.5589752 0.07915035 0.07156827 0.5584594 0.059157 0.07150043 0.558902 0.07915224 0.07150043 0.5583863 0.05915889 0.07143634 0.5588257 0.07915421 0.07143634 0.5583099 0.05916086 0.07137612 0.5587462 0.07915626 0.07137612 0.5582305 0.05916291 0.07131995 0.5586639 0.07915838 0.07131995 0.5581481 0.05916503 0.07126795 0.5585788 0.07916058 0.07126795 0.558063 0.05916723 0.07122025 0.5584913 0.07916283 0.07122025 0.5579755 0.05916949 0.07117699 0.5584014 0.07916515 0.07117699 0.5578857 0.0591718 0.07113825 0.5583096 0.07916752 0.07113825 0.5577938 0.05917417 0.07110415 0.5582159 0.07916994 0.07110415 0.5577001 0.05917659 0.07107475 0.5581206 0.07917239 0.07107475 0.5576049 0.05917905 0.07105014 0.558024 0.07917489 0.07105014 0.5575082 0.05918154 0.07103039 0.5579263 0.07917741 0.07103039 0.5574106 0.05918406 0.07101552 0.5578278 0.07917995 0.07101552 0.557312 0.0591866 0.07100559 0.5577285 0.07918251 0.07100559 0.5572128 0.05918916 0.07100062 0.557629 0.07918507 0.07100062 0.5571132 0.05919173 0.07100062 0.5575293 0.07918765 0.07100062 0.5570135 0.0591943 0.07100559 0.5574297 0.07919022 0.07100559 0.5569139 0.05919687 0.07101552 0.5573305 0.07919278 0.07101552 0.5568148 0.05919943 0.07103039 0.5572319 0.07919532 0.07103039 0.5567162 0.05920197 0.07105014 0.5571342 0.07919784 0.07105014 0.5566185 0.05920449 0.07107475 0.5570377 0.07920033 0.07107475 0.5565219 0.05920698 0.07110415 0.5569424 0.07920279 0.07110415 0.5564266 0.05920944 0.07113825 0.5568487 0.07920521 0.07113825 0.5563329 0.05921186 0.07117699 0.5567568 0.07920757 0.07117699 0.5562411 0.05921423 0.07122025 0.556667 0.07920989 0.07122025 0.5561512 0.05921655 0.07126795 0.5560637 0.0592188 0.07126795 0.5565795 0.07921215 0.07131995 0.5559786 0.059221 0.07131995 0.5564944 0.07921435 0.07137612 0.556412 0.07921647 0.07137612 0.5558963 0.05922312 0.07143634 0.5563326 0.07921852 0.07143634 0.5558168 0.05922517 0.07150043 0.5562562 0.07922049 0.07150043 0.5557404 0.05922714 0.07156827 0.5561831 0.07922237 0.07156827 0.5556674 0.05922903 0.07163966 0.5561135 0.07922417 0.07163966 0.5555978 0.05923082 0.07171442 0.5560475 0.07922588 0.07171442 0.5555318 0.05923252 0.07179239 0.5559854 0.07922748 0.07179239 0.5554697 0.05923413 0.07187336 0.5559272 0.07922898 0.07187336 0.5554114 0.05923563 0.07195713 0.5558731 0.07923037 0.07195713 0.5553574 0.05923702 0.0720435 0.5558233 0.07923166 0.0720435 0.5553075 0.05923831 0.07213223 0.5557778 0.07923283 0.07213223 0.555262 0.05923948 0.07222313 0.5557368 0.07923389 0.07222313 0.555221 0.05924054 0.07231596 0.5557004 0.07923483 0.07231596 0.5551846 0.05924148 0.07241049 0.5556686 0.07923565 0.07241049 0.5551529 0.0592423 0.07250648 0.5556416 0.07923634 0.07250648 0.5551259 0.059243 0.07260371 0.5551037 0.05924357 0.07260371 0.5556194 0.07923692 0.07270191 0.5556021 0.07923737 0.07270191 0.5550864 0.05924401 0.07280087 0.5555897 0.07923769 0.07280087 0.555074 0.05924434 0.07290031 0.5555823 0.07923788 0.07290031 0.5550665 0.05924453 0.073 0.5555798 0.07923794 0.073 0.555064 0.05924459 -0.076 0.5595785 0.07913479 -0.07609969 0.559576 0.07913485 -0.076 0.5593206 0.06913811 -0.07609969 0.5593181 0.06913818 -0.07619913 0.5595685 0.07913504 -0.07619913 0.5593107 0.06913837 -0.07629809 0.5595562 0.07913536 -0.07629809 0.5592983 0.06913869 -0.07639629 0.5595388 0.07913581 -0.07639629 0.5592809 0.06913914 -0.07649352 0.5595167 0.07913638 -0.07649352 0.5592588 0.06913971 -0.07658951 0.5594896 0.07913708 -0.07658951 0.5592318 0.0691404 -0.07668404 0.5594579 0.0791379 -0.07668404 0.5592 0.06914122 -0.07677687 0.5594214 0.07913884 -0.07677687 0.5591636 0.06914217 -0.07686777 0.5593805 0.07913989 -0.07686777 0.5591226 0.06914322 -0.0769565 0.559335 0.07914107 -0.0769565 0.5590771 0.06914439 -0.07704287 0.5592852 0.07914236 -0.07704287 0.5590273 0.06914568 -0.07712664 0.5592311 0.07914375 -0.07712664 0.5589732 0.06914707 -0.07720761 0.5591729 0.07914525 -0.07720761 0.558915 0.06914857 -0.07728558 0.5591107 0.07914685 -0.07728558 0.5588528 0.06915018 -0.07736034 0.5590447 0.07914856 -0.07736034 0.5587869 0.06915188 -0.07743173 0.5589752 0.07915035 -0.07743173 0.5587173 0.06915368 -0.07749957 0.558902 0.07915224 -0.07749957 0.5586442 0.06915556 -0.07756366 0.5588257 0.07915421 -0.07756366 0.5585678 0.06915753 -0.07762388 0.5587462 0.07915626 -0.07762388 0.5584883 0.06915958 -0.07768005 0.5586639 0.07915838 -0.07768005 0.558406 0.06916171 -0.07773205 0.5585788 0.07916058 -0.07773205 0.5583209 0.0691639 -0.07777975 0.5584913 0.07916283 -0.07777975 0.5582334 0.06916616 -0.07782301 0.5584014 0.07916515 -0.07782301 0.5581436 0.06916848 -0.07786175 0.5583096 0.07916752 -0.07786175 0.5580517 0.06917085 -0.07789585 0.5582159 0.07916994 -0.07789585 0.557958 0.06917326 -0.07792525 0.5581206 0.07917239 -0.07792525 0.5578627 0.06917572 -0.07794986 0.558024 0.07917489 -0.07794986 0.5577662 0.06917822 -0.07796961 0.5579263 0.07917741 -0.07796961 0.5576685 0.06918073 -0.07798448 0.5578278 0.07917995 -0.07798448 0.5575699 0.06918327 -0.07799441 0.5577285 0.07918251 -0.07799441 0.5574706 0.06918584 -0.07799938 0.557629 0.07918507 -0.07799938 0.5573711 0.0691884 -0.07799938 0.5575293 0.07918765 -0.07799938 0.5572714 0.06919097 -0.07799441 0.5574297 0.07919022 -0.07799441 0.5571718 0.06919354 -0.07798448 0.5573305 0.07919278 -0.07798448 0.5570726 0.06919611 -0.07796961 0.5572319 0.07919532 -0.07796961 0.5569741 0.06919865 -0.07794986 0.5571342 0.07919784 -0.07794986 0.5568763 0.06920116 -0.07792525 0.5570377 0.07920033 -0.07792525 0.5567797 0.06920366 -0.07789585 0.5569424 0.07920279 -0.07789585 0.5566845 0.06920612 -0.07786175 0.5568487 0.07920521 -0.07786175 0.5565908 0.06920853 -0.07782301 0.5567568 0.07920757 -0.07782301 0.556499 0.0692109 -0.07777975 0.556667 0.07920989 -0.07777975 0.5564091 0.06921322 -0.07773205 0.5565795 0.07921215 -0.07773205 0.5563216 0.06921548 -0.07768005 0.5564944 0.07921435 -0.07768005 0.5562365 0.06921767 -0.07762388 0.556412 0.07921647 -0.07762388 0.5561542 0.0692198 -0.07756366 0.5563326 0.07921852 -0.07756366 0.5560747 0.06922185 -0.07749957 0.5562562 0.07922049 -0.07749957 0.5559984 0.06922382 -0.07743173 0.5561831 0.07922237 -0.07743173 0.5559252 0.0692257 -0.07736034 0.5561135 0.07922417 -0.07736034 0.5558557 0.06922749 -0.07728558 0.5560475 0.07922588 -0.07728558 0.5557897 0.06922919 -0.07720761 0.5559854 0.07922748 -0.07720761 0.5557275 0.0692308 -0.07712664 0.5559272 0.07922898 -0.07712664 0.5556693 0.0692323 -0.07704287 0.5556152 0.0692337 -0.07704287 0.5558731 0.07923037 -0.0769565 0.5558233 0.07923166 -0.0769565 0.5555654 0.06923499 -0.07686777 0.5557778 0.07923283 -0.07686777 0.5555199 0.06923616 -0.07677687 0.5557368 0.07923389 -0.07677687 0.5554789 0.06923721 -0.07668404 0.5557004 0.07923483 -0.07668404 0.5554425 0.06923815 -0.07658951 0.5556686 0.07923565 -0.07658951 0.5554108 0.06923898 -0.07649352 0.5556416 0.07923634 -0.07649352 0.5553837 0.06923967 -0.07639629 0.5556194 0.07923692 -0.07639629 0.5553616 0.06924024 -0.07629809 0.5556021 0.07923737 -0.07629809 0.5553442 0.06924069 -0.07619913 0.5553318 0.069241 -0.07619913 0.5555897 0.07923769 -0.07609969 0.5555823 0.07923788 -0.07609969 0.5553244 0.0692412 -0.076 0.5555798 0.07923794 -0.076 0.5553219 0.06924126 0.0406 0.5343104 0.08488509 0.04059039 0.5345235 0.08521328 0.0406 0.535149 0.08434045 0.04059039 0.5353621 0.08466864 0.0405616 0.5347361 0.08554067 0.0405616 0.5355748 0.08499603 0.04051368 0.5349477 0.08586649 0.04051368 0.5357863 0.08532185 0.04044676 0.5351577 0.08618993 0.04044676 0.5359964 0.08564529 0.040361 0.5353657 0.08651024 0.040361 0.5362044 0.0859656 0.0402566 0.5355712 0.08682663 0.0402566 0.5364099 0.08628199 0.04013382 0.5357736 0.08713834 0.04013382 0.5366123 0.0865937 0.03999294 0.5359725 0.08744463 0.03999294 0.5368112 0.08689999 0.03983432 0.5370061 0.08720011 0.03983432 0.5361674 0.08774475 0.03965832 0.5363578 0.08803798 0.03965832 0.5371965 0.08749335 0.03946539 0.5365433 0.08832362 0.03946539 0.537382 0.08777898 0.03925597 0.5367234 0.08860097 0.03925597 0.5375621 0.08805633 0.03903058 0.5368978 0.08886937 0.03903058 0.5377365 0.08832473 0.03878976 0.5370659 0.08912817 0.03878976 0.5379045 0.08858353 0.03853408 0.5372272 0.08937675 0.03853408 0.5380659 0.08883211 0.03826418 0.5373817 0.0896145 0.03826418 0.5382203 0.08906986 0.03798068 0.5375287 0.08984087 0.03798068 0.5383673 0.08929623 0.03768429 0.5376679 0.0900553 0.03768429 0.5385066 0.08951066 0.0373757 0.5377991 0.09025726 0.0373757 0.5386378 0.08971262 0.03705567 0.5379218 0.0904463 0.03705567 0.5387605 0.08990166 0.03672497 0.5380359 0.09062193 0.03672497 0.5388746 0.09007729 0.03638439 0.538141 0.09078374 0.03638439 0.5389796 0.0902391 0.03603475 0.5382368 0.09093134 0.03603475 0.5390755 0.0903867 0.0356769 0.5391619 0.09051973 0.0356769 0.5383232 0.09106437 0.0353117 0.5384 0.09118252 0.0353117 0.5392386 0.09063788 0.03494002 0.5384668 0.09128549 0.03494002 0.5393055 0.09074085 0.03456277 0.5393624 0.09082841 0.03456277 0.5385237 0.09137305 0.03418085 0.5385704 0.09144498 0.03418085 0.5394091 0.09090034 0.03379517 0.5386068 0.0915011 0.03379517 0.5394455 0.09095646 0.03340668 0.5386329 0.09154128 0.03340668 0.5394716 0.09099664 0.03301632 0.5394873 0.0910208 0.03301632 0.5386486 0.09156544 0.032625 0.5386539 0.09157349 0.032625 0.5394925 0.09102885 -0.044725 0.5380272 0.08142806 -0.04471043 0.5383505 0.08192599 -0.044725 0.5346725 0.08360662 -0.04471043 0.5349958 0.08410455 -0.04466674 0.5386731 0.08242273 -0.04466674 0.5353184 0.08460129 -0.04459404 0.5389941 0.08291707 -0.04459404 0.5356394 0.08509563 -0.0444925 0.5393128 0.08340782 -0.0444925 0.5359581 0.08558638 -0.04436238 0.5396284 0.08389381 -0.04436238 0.5362737 0.08607236 -0.04420398 0.5399401 0.08437385 -0.04420398 0.5365854 0.0865524 -0.04401768 0.5402473 0.08484679 -0.04401768 0.5368926 0.08702534 -0.04380394 0.5405491 0.0853115 -0.04380394 0.5371944 0.08749006 -0.04356327 0.5408448 0.08576685 -0.04356327 0.5374901 0.08794541 -0.04329625 0.5411337 0.08621175 -0.04329625 0.5377791 0.08839031 -0.04300352 0.5414152 0.08664513 -0.04300352 0.5380605 0.08882368 -0.04268578 0.5383337 0.0892445 -0.04268578 0.5416884 0.08706594 -0.04234381 0.5419529 0.08747317 -0.04234381 0.5385982 0.08965173 -0.04197843 0.5422079 0.08786583 -0.04197843 0.5388532 0.09004439 -0.04159051 0.5390981 0.09042154 -0.04159051 0.5424528 0.08824298 -0.04118099 0.5426871 0.08860372 -0.04118099 0.5393324 0.09078228 -0.04075086 0.5429101 0.08894717 -0.04075086 0.5395554 0.09112572 -0.04030116 0.5431214 0.08927251 -0.04030116 0.5397667 0.09145106 -0.03983296 0.5433204 0.08957894 -0.03983296 0.5399657 0.0917575 -0.0393474 0.5435067 0.08986575 -0.0393474 0.540152 0.0920443 -0.03884564 0.5436797 0.09013222 -0.03884564 0.540325 0.09231078 -0.0383289 0.5438391 0.09037772 -0.0383289 0.5404844 0.09255628 -0.03779842 0.5439846 0.09060167 -0.03779842 0.5406299 0.09278022 -0.03725547 0.5441156 0.09080351 -0.03725547 0.5407609 0.09298207 -0.03670137 0.5442321 0.09098277 -0.03670137 0.5408774 0.09316132 -0.03613744 0.5443335 0.09113901 -0.03613744 0.5409788 0.09331757 -0.03556506 0.5410651 0.09345041 -0.03556506 0.5444198 0.09127186 -0.03498559 0.541136 0.09355954 -0.03498559 0.5444907 0.09138099 -0.03440044 0.5411913 0.0936447 -0.03440044 0.544546 0.09146614 -0.03381101 0.5412308 0.09370567 -0.03381101 0.5445855 0.09152711 -0.03321872 0.5412546 0.09374231 -0.03321872 0.5446093 0.09156375 -0.032625 0.5446172 0.09157597 -0.032625 0.5412626 0.09375453 0.04466674 0.5373812 0.0804334 0.04479808 0.5405439 0.07836404 0.04459404 0.5370602 0.07993906 0.04471043 0.5377038 0.08093013 0.044725 0.5380272 0.08142806 0.04462195 0.5398973 0.07736821 0.0444925 0.5367415 0.0794483 0.04436238 0.5364258 0.07896232 0.04433028 0.5392631 0.07639165 0.04420398 0.5361141 0.07848228 0.04401768 0.535807 0.07800933 0.04392588 0.5386475 0.07544377 0.04380394 0.5355052 0.07754462 0.04356327 0.5352095 0.07708927 0.04492944 0.5437067 0.0762947 0.04341265 0.5380565 0.07453369 0.04329625 0.5349206 0.07664437 0.04300352 0.5346392 0.07621099 0.0447514 0.543053 0.07528812 0.04268578 0.5343658 0.07579018 0.04279552 0.5374957 0.07367019 0.04234381 0.5341014 0.07538296 0.04445658 0.542412 0.07430103 0.04208045 0.5369706 0.07286157 0.04197843 0.5338464 0.0749903 0.04159051 0.5336015 0.07461314 0.04404782 0.5417898 0.07334291 0.04506078 0.5468694 0.07422536 0.04118099 0.5333672 0.0742524 0.04127432 0.5364862 0.07211564 0.04075086 0.5331442 0.07390895 0.04352905 0.5411924 0.07242302 0.04488085 0.5462088 0.07320803 0.04038489 0.5360471 0.07143956 0.04030116 0.5329329 0.07358362 0.03983296 0.5327339 0.07327718 0.04290527 0.5406256 0.0715502 0.04458288 0.5455609 0.0722104 0.0393474 0.5325477 0.07299038 0.03942073 0.5356577 0.07083984 0.03884564 0.5323746 0.07272391 0.04218248 0.5400948 0.07073286 0.04416976 0.5449321 0.07124206 0.04519213 0.5500322 0.07215601 0.0383289 0.5322151 0.0724784 0.03839112 0.5353216 0.07032228 0.03779842 0.5320697 0.07225446 0.04136765 0.5396052 0.06997887 0.04364545 0.5443283 0.07031234 0.0450103 0.5493646 0.07112794 0.03730598 0.5350421 0.06989185 0.03725547 0.5319387 0.07205261 0.03670137 0.5318223 0.07187335 0.04046862 0.5391614 0.06929549 0.04301501 0.5437554 0.06943021 0.04470919 0.5487099 0.07011977 0.03617576 0.5348218 0.0695527 0.03613744 0.5317208 0.07171711 0.03556506 0.5316345 0.07158427 0.03949405 0.5387677 0.06868932 0.0422845 0.543219 0.06860414 0.04429169 0.5480744 0.0691412 0.04532348 0.553195 0.07008667 0.03501134 0.534663 0.06930807 0.03498559 0.5315637 0.07147514 0.03440044 0.5315084 0.07138998 0.03845333 0.538428 0.06816617 0.04146098 0.5427241 0.0678421 0.04376185 0.5474642 0.06820167 0.04513975 0.5525204 0.06904785 0.03321872 0.5314449 0.07129237 0.03382394 0.534567 0.06916036 0.032625 0.531437 0.07128015 0.03381101 0.5314688 0.07132901 0.03735649 0.5381454 0.06773109 0.04055235 0.5422756 0.06715144 0.04312475 0.5468853 0.06731021 0.04483549 0.5518588 0.06802914 0.03621407 0.5379228 0.06738828 0.03956738 0.5418777 0.06653878 0.04238653 0.5463432 0.06647543 0.04441364 0.5512167 0.06704034 0.04545483 0.5563577 0.06801733 0.04617684 0.572895 0.05878461 0.03503709 0.5377622 0.06714101 0.03851555 0.5415344 0.06601005 0.0415543 0.5458431 0.06570534 0.04387825 0.5506002 0.066091 0.0452692 0.5556761 0.06696776 0.03383688 0.5376653 0.06699171 0.03740699 0.5412488 0.06557033 0.04063608 0.5453898 0.06500737 0.04323449 0.5500152 0.06519022 0.04496179 0.5550078 0.06593851 0.03625238 0.5410238 0.06522385 0.03964071 0.5449878 0.06438825 0.04248856 0.5494674 0.0643467 0.04453557 0.5543589 0.06493949 0.04558618 0.5595205 0.06594798 0.03506284 0.5408615 0.06497395 0.03857777 0.5446408 0.06385394 0.04164763 0.5489621 0.06356857 0.04399465 0.5537361 0.06398032 0.04539864 0.5588319 0.06488767 0.03384982 0.5407635 0.06482305 0.032625 0.5483793 0.05941703 0.0374575 0.5443522 0.06340956 0.04071981 0.5485041 0.06286331 0.04334423 0.5531451 0.06307023 0.04508809 0.5581567 0.06384789 0.0362907 0.5441248 0.06305943 0.03971404 0.5480978 0.06223772 0.04259058 0.5525916 0.06221799 0.04465751 0.5575013 0.06283864 0.04571753 0.5626833 0.06387863 0.03508859 0.5439608 0.0628069 0.03746031 0.5500846 0.05937304 0.03863999 0.5477472 0.06169781 0.03780573 0.5503472 0.05936627 0.04045464 0.5531398 0.05929423 0.04174096 0.5520811 0.0614318 0.04076495 0.5535722 0.05928307 0.04116925 0.5541756 0.05926751 0.04411105 0.556872 0.06186964 0.0432029 0.5580843 0.05916668 0.04355328 0.5589559 0.0591442 0.0455281 0.5619877 0.06280758 0.03386275 0.5438618 0.0626544 0.03641541 0.5494134 0.05939036 0.03750801 0.5474556 0.06124881 0.03676472 0.5496177 0.05938509 0.03711316 0.5498414 0.05937931 0.04080354 0.5516183 0.06071925 0.03981759 0.5523289 0.05931515 0.04013872 0.5527253 0.05930492 0.04283249 0.5572395 0.05918847 0.04345397 0.5562749 0.06095024 0.04521439 0.5613056 0.06175726 0.04456788 0.5620203 0.05906514 0.04494429 0.5634597 0.05902801 0.03632901 0.5472258 0.06089501 0.03536628 0.5489149 0.05940322 0.03571579 0.5490622 0.05939942 0.03606562 0.5492283 0.05939513 0.03882729 0.5512518 0.05934293 0.03978736 0.5512078 0.06008718 0.03916145 0.5515919 0.05933416 0.03949169 0.5519509 0.0593249 0.04269261 0.5557158 0.06008927 0.04161016 0.5548899 0.05924908 0.04203509 0.55564 0.05922973 0.04244289 0.556424 0.05920951 0.04477945 0.5606436 0.06073778 0.04419107 0.5607688 0.05909743 0.0455446 0.5664017 0.05895212 0.04584888 0.565846 0.06180929 0.04576916 0.567886 0.05891383 0.03432349 0.5485836 0.05941176 0.03511434 0.5470601 0.06063984 0.03466977 0.548676 0.05940938 0.03501748 0.5487863 0.05940654 0.03870221 0.5508536 0.0595417 0.03814899 0.5506293 0.05935899 0.03848965 0.5509308 0.05935121 0.04422745 0.5600079 0.05975897 0.04388287 0.5598516 0.05912109 0.04565754 0.5651435 0.06072749 0.04526984 0.5649233 0.05899026 0.03387569 0.5469601 0.06048574 0.03295931 0.5483871 0.05941683 0.03329659 0.5484111 0.05941621 0.03363659 0.5484516 0.05941517 0.03397899 0.5485089 0.05941369 0.04534069 0.5644546 0.05966663 0.04598023 0.5690088 0.05973994 0.04594466 0.5693677 0.05887561 0.04607268 0.5708389 0.05883765 0.04613581 0.5718726 0.05881099 -0.03498559 0.5315637 0.07147514 -0.03501162 0.5346969 0.06928435 -0.03556506 0.5316345 0.07158427 -0.03440044 0.5315084 0.07138998 -0.03381101 0.5314688 0.07132901 -0.03321872 0.5314449 0.07129237 -0.032625 0.531437 0.07128015 -0.03617618 0.5348558 0.06952899 -0.03613744 0.5317208 0.07171711 -0.03670137 0.5318223 0.07187335 -0.03730653 0.535076 0.06986819 -0.03725547 0.5319387 0.07205261 -0.03779842 0.5320697 0.07225446 -0.03383717 0.5377332 0.06694421 -0.0383918 0.5353556 0.07029867 -0.0383289 0.5322151 0.0724784 -0.03884564 0.5323746 0.07272391 -0.03503765 0.5378301 0.06709355 -0.03942153 0.5356917 0.0708163 -0.039743 0.5367741 0.07031816 -0.0393474 0.5325477 0.07299038 -0.03983296 0.5327339 0.07327718 -0.03621491 0.5379907 0.06734087 -0.04038581 0.5360812 0.07141608 -0.04068414 0.537178 0.0709402 -0.04022263 0.5369698 0.07061954 -0.04030116 0.5329329 0.07358362 -0.04075086 0.5331442 0.07390895 -0.03735759 0.5382134 0.06768376 -0.03385024 0.5408654 0.0647518 -0.032625 0.5483793 0.05941703 -0.04154848 0.5376301 0.07163624 -0.04127534 0.5365203 0.07209224 -0.04112644 0.5373983 0.07127937 -0.04118099 0.5333672 0.0742524 -0.04159051 0.5336015 0.07461314 -0.0384547 0.538496 0.06811894 -0.03506369 0.5409634 0.06490276 -0.04232777 0.5381259 0.07239964 -0.04208157 0.5370048 0.07283826 -0.04194924 0.5378727 0.07200996 -0.04197843 0.5338464 0.0749903 -0.04234381 0.5341014 0.07538296 -0.03625364 0.5411257 0.06515274 -0.0430146 0.5386606 0.07322313 -0.04279673 0.53753 0.07364697 -0.04268317 0.5383887 0.07280435 -0.04268578 0.5343658 0.07579018 -0.04300352 0.5346392 0.07621099 -0.03740865 0.5413508 0.06549934 -0.03386332 0.5439976 0.06255939 -0.04341392 0.5380908 0.07451057 -0.04360241 0.5392293 0.07409886 -0.04332125 0.538941 0.07365498 -0.04329625 0.5349206 0.07664437 -0.04356327 0.5352095 0.07708927 -0.0385176 0.5416365 0.06593921 -0.03508972 0.5440966 0.06271196 -0.04408561 0.5398265 0.07501849 -0.04392722 0.5386819 0.07542076 -0.0438574 0.5395247 0.07455373 -0.04380394 0.5355052 0.07754462 -0.04401768 0.535807 0.07800933 -0.03629238 0.5442607 0.06296461 -0.04445958 0.5404465 0.07597325 -0.04433166 0.5392975 0.07636875 -0.0442865 0.540134 0.07549204 -0.04420398 0.5361141 0.07848228 -0.04436238 0.5364258 0.07896232 -0.03745972 0.5444882 0.06331491 -0.03429297 0.5485763 0.05941195 -0.0338764 0.5471297 0.06036699 -0.03394124 0.5485018 0.05941387 -0.03358968 0.548445 0.05941534 -0.03323866 0.5484059 0.05941635 -0.03293137 0.5483859 0.05941686 -0.04462337 0.5399318 0.07734543 -0.04472078 0.5410835 0.07695405 -0.04460446 0.5407633 0.07646098 -0.0444925 0.5367415 0.0794483 -0.04459404 0.5370602 0.07993906 -0.03858049 0.5447769 0.06375948 -0.03511575 0.5472299 0.06052117 -0.03534552 0.5489067 0.05940343 -0.03499548 0.5487787 0.05940673 -0.0346445 0.5486686 0.05940957 -0.04486669 0.5417313 0.07795152 -0.04479952 0.5405786 0.07834138 -0.04480825 0.5414064 0.07745129 -0.04466674 0.5373812 0.0804334 -0.04471043 0.5377038 0.08093013 -0.03633111 0.5473956 0.06077649 -0.03638639 0.5493973 0.05939077 -0.03604135 0.5492161 0.05939545 -0.03569427 0.5490526 0.05939967 -0.04486669 0.5427097 0.07945821 -0.04485843 0.5412316 0.07934702 -0.04489595 0.5423837 0.07895618 -0.04489595 0.5420573 0.07845355 -0.03751078 0.5476255 0.06113049 -0.0371857 0.5498906 0.05937805 -0.03676694 0.5496191 0.05938505 -0.04472078 0.5433575 0.08045569 -0.04479952 0.5418847 0.08035266 -0.04480825 0.5430345 0.07995844 -0.03845403 0.5508983 0.05935205 -0.03864339 0.5479173 0.06157975 -0.03800775 0.5505106 0.05936205 -0.03759952 0.5501879 0.05937038 -0.04445958 0.5439944 0.08143648 -0.04462337 0.5425315 0.08134862 -0.04460446 0.5436777 0.08094876 -0.03971805 0.5482681 0.06211996 -0.04090417 0.5537747 0.05927785 -0.04408561 0.5446144 0.08239124 -0.04433166 0.5431658 0.08232529 -0.0442865 0.5443069 0.08191769 -0.04360241 0.5452117 0.08331087 -0.04392722 0.5437814 0.08327328 -0.0438574 0.5449163 0.082856 -0.0430146 0.5457804 0.0841866 -0.04341392 0.5443725 0.08418346 -0.04332125 0.5454999 0.08375475 -0.03979218 0.5514122 0.05994588 -0.04037289 0.5530302 0.05929706 -0.03987582 0.5523989 0.05931334 -0.03941415 0.5518645 0.05932713 -0.03893988 0.5513638 0.05934005 -0.04232777 0.5463151 0.08501009 -0.04279673 0.5449333 0.08504707 -0.04268317 0.5460523 0.08460538 -0.04208157 0.5454585 0.08585578 -0.04154848 0.5468109 0.0857735 -0.04194924 0.5465682 0.08539977 -0.04068414 0.5472629 0.08646954 -0.04127534 0.545943 0.08660181 -0.04112644 0.5470427 0.08613036 -0.039743 0.5476669 0.08709158 -0.04038581 0.5463821 0.08727797 -0.04022263 0.5474712 0.08679019 -0.03942153 0.5467716 0.08787775 -0.0383918 0.5471077 0.08839538 -0.03730653 0.5473873 0.08882586 -0.03617618 0.5476075 0.08916505 -0.03501162 0.5477664 0.0894097 -0.03382409 0.5478624 0.08955743 -0.03735759 0.5506589 0.08684821 -0.03621491 0.5508817 0.0871911 -0.03503765 0.5510422 0.08743842 -0.0385176 0.553645 0.08443068 -0.03383717 0.5511392 0.08758776 -0.03740865 0.5539306 0.08487055 -0.03625364 0.5541557 0.08521715 -0.04125128 0.5700486 0.07255673 -0.03964392 0.5565664 0.08191376 -0.03506369 0.5543181 0.08546713 -0.03858049 0.5569136 0.08244833 -0.03385024 0.5544161 0.08561809 -0.03745972 0.5572023 0.0828929 -0.03629238 0.5574297 0.08324319 -0.03971805 0.5598314 0.07992577 -0.03508972 0.5575938 0.08349585 -0.03864339 0.5601822 0.08046598 -0.03386332 0.5576929 0.08364841 -0.03751078 0.5604739 0.08091525 -0.03633111 0.5607038 0.08126924 -0.03979218 0.5630963 0.07793778 -0.03511575 0.5608696 0.08152456 -0.03870629 0.5634507 0.07848363 -0.0338764 0.5609697 0.08167874 -0.03756184 0.5637456 0.07893759 -0.03636984 0.5639778 0.07929529 -0.03514178 0.5641454 0.07955328 -0.03876919 0.5667194 0.07650128 -0.03986631 0.5663612 0.07594978 -0.03388948 0.5642466 0.07970907 -0.032625 0.5816382 0.06933157 -0.0376129 0.5670172 0.07695994 -0.04097834 0.5692069 0.07331622 -0.03640857 0.567252 0.07732133 -0.03994044 0.5696262 0.07396179 -0.03516781 0.5674212 0.07758199 -0.03883209 0.569988 0.07451894 -0.04207834 0.5720275 0.07050888 -0.04203014 0.5719902 0.07058652 -0.03390256 0.5675234 0.0777394 -0.03766396 0.5702889 0.07498229 -0.04106298 0.5724677 0.07132169 -0.03644731 0.570526 0.07534738 -0.04001457 0.5728911 0.0719738 -0.03519384 0.570697 0.07561071 -0.03889499 0.5732566 0.07253659 -0.04286244 0.574192 0.06826901 -0.04212449 0.5752461 0.06858462 -0.03391563 0.5708002 0.07576972 -0.03771502 0.5735605 0.07300464 -0.04114763 0.5757283 0.06932715 -0.03648604 0.5738 0.07337343 -0.0400887 0.5761561 0.0699858 -0.04403687 0.5780955 0.06422964 -0.043113 0.5779647 0.06575531 -0.03521987 0.5739728 0.07363942 -0.03895789 0.5765252 0.07055424 -0.04221884 0.578502 0.0665827 -0.04096502 0.5820772 0.06576335 -0.04138961 0.5821294 0.06533909 -0.03392871 0.5740771 0.07380005 -0.03776609 0.5768322 0.07102699 -0.04123228 0.578989 0.06733261 -0.040078 0.5819806 0.0665487 -0.0405275 0.5820276 0.06616688 -0.04515987 0.5828744 0.0592844 -0.04401711 0.5806271 0.06283952 -0.04329135 0.5824238 0.06294605 -0.04362301 0.5824883 0.06242181 -0.04393734 0.5825543 0.06188547 -0.04423402 0.5826216 0.0613384 -0.04451283 0.5826901 0.06078199 -0.04477362 0.5827595 0.06021763 -0.04497275 0.5828167 0.05975284 -0.03652477 0.5770741 0.07139948 -0.04016283 0.579421 0.06799781 -0.03914693 0.5818951 0.06724383 -0.03961747 0.5819364 0.06690794 -0.04321614 0.5812153 0.06374526 -0.04257767 0.5823 0.06395278 -0.04294274 0.582361 0.06345682 -0.0352459 0.5772486 0.07166814 -0.03818014 0.5818214 0.06784296 -0.03902079 0.5797938 0.06857189 -0.03866745 0.5818567 0.06755569 -0.04231319 0.5817579 0.0645808 -0.04180042 0.582184 0.06489514 -0.04219668 0.582241 0.06443264 -0.03394179 0.5773539 0.07183038 -0.03781715 0.5801039 0.06904933 -0.0371865 0.5817599 0.06834203 -0.03768611 0.5817891 0.06810518 -0.03656351 0.5803481 0.06942552 -0.0356657 0.5816915 0.06889868 -0.03617516 0.5817111 0.06873883 -0.03668247 0.5817339 0.06855328 -0.03527193 0.5805244 0.06969685 -0.03464486 0.5816615 0.06914184 -0.03515524 0.5816749 0.06903294 -0.03395487 0.5806308 0.0698607 -0.03312474 0.5816396 0.06932001 -0.03362859 0.5816439 0.06928491 -0.03413563 0.5816512 0.06922569 0.032625 0.5816382 0.06933157 0.032625 0.5446172 0.09157597 0.04516286 0.5828753 0.05927664 0.04570754 0.5813058 0.05856765 0.04485968 0.5827838 0.06002068 0.04543587 0.5829678 0.05852477 0.03381101 0.5445855 0.09152711 0.03382421 0.5478948 0.08953793 0.03440044 0.544546 0.09146614 0.03321872 0.5446093 0.09156375 0.03501188 0.5477989 0.08939017 0.03498559 0.5444907 0.09138099 0.03556506 0.5444198 0.09127186 0.03617656 0.54764 0.0891455 0.03613744 0.5443335 0.09113901 0.03670137 0.5442321 0.09098277 0.03730704 0.5474197 0.08880627 0.03725547 0.5441156 0.09080351 0.03779842 0.5439846 0.09060167 0.03383743 0.5512042 0.08754874 0.0383289 0.5438391 0.09037772 0.03839242 0.5471401 0.08837573 0.03884564 0.5436797 0.09013222 0.03503817 0.5511071 0.08739936 0.0393474 0.5435067 0.08986575 0.03942226 0.5468039 0.08785806 0.03983296 0.5433204 0.08957894 0.03621568 0.5509465 0.08715199 0.04030116 0.5431214 0.08927251 0.04038665 0.5464144 0.08725821 0.04075086 0.5429101 0.08894717 0.0373586 0.5507238 0.08680902 0.03385063 0.5545134 0.08555955 0.04118099 0.5426871 0.08860372 0.04127628 0.5459752 0.08658198 0.04159051 0.5424528 0.08824298 0.03845594 0.5504411 0.08637375 0.03506446 0.5544154 0.08540854 0.04208259 0.5454907 0.08583587 0.04197843 0.5422079 0.08786583 0.04234381 0.5419529 0.08747317 0.03949713 0.5501012 0.08585036 0.0362548 0.554253 0.08515848 0.04279782 0.5449655 0.08502707 0.04268578 0.5416884 0.08706594 0.04300352 0.5414152 0.08664513 0.04047213 0.5497074 0.08524391 0.03741017 0.5540278 0.08481178 0.03386384 0.5578228 0.08357036 0.04341509 0.5444045 0.08416338 0.04329625 0.5411337 0.08621175 0.04356327 0.5408448 0.08576685 0.04137156 0.5492634 0.08456023 0.03851947 0.5537421 0.08437176 0.03509075 0.5577236 0.08341772 0.04392844 0.5438134 0.08325309 0.04380394 0.5405491 0.0853115 0.04401768 0.5402473 0.08484679 0.04218676 0.5487735 0.08380591 0.03957199 0.5533985 0.08384267 0.03629391 0.5575595 0.08316497 0.04433293 0.5431978 0.08230499 0.04420398 0.5399401 0.08437385 0.04436238 0.5396284 0.08389381 0.04290987 0.5482425 0.0829882 0.04055762 0.5530004 0.08322961 0.03746174 0.5573319 0.08281453 0.03387705 0.5611321 0.08158118 0.04462466 0.5425634 0.08132822 0.0444925 0.5393128 0.08340782 0.04459404 0.5389941 0.08291707 0.04353393 0.5476754 0.08211499 0.04146685 0.5525516 0.08253849 0.03858299 0.5570431 0.08236977 0.03511704 0.5610319 0.08142691 0.04471043 0.5383505 0.08192599 0.04480084 0.5419166 0.08033215 0.04466674 0.5386731 0.08242273 0.04405293 0.5470778 0.08119469 0.04229092 0.5520563 0.08177595 0.03964686 0.5566958 0.08183498 0.03633303 0.560866 0.08117146 0.04446188 0.5464553 0.08023615 0.04302191 0.5515195 0.08094933 0.0406431 0.5562934 0.08121532 0.03751331 0.560636 0.08081728 0.03389025 0.5644413 0.07959199 0.04475683 0.545814 0.0792486 0.04365277 0.5509463 0.08006661 0.04156213 0.5558397 0.08051675 0.03864651 0.5603441 0.08036778 0.03514333 0.5643401 0.0794361 0.04493494 0.54516 0.07824158 0.04417743 0.5503421 0.07913628 0.04239509 0.5553392 0.07974599 0.03972172 0.5599931 0.0798273 0.03637214 0.5641725 0.07917796 0.04459083 0.5497129 0.0781673 0.04313395 0.5547966 0.07891046 0.04072859 0.5595864 0.07920103 0.03756488 0.5639401 0.07882004 0.03390347 0.5677507 0.0776028 0.04488899 0.5490646 0.077169 0.04377161 0.5542172 0.07801823 0.04165741 0.5591279 0.078495 0.03871003 0.5636451 0.0783658 0.03516962 0.5676484 0.07744528 0.04506905 0.5484034 0.07615099 0.04430192 0.5536065 0.07707787 0.04249925 0.558622 0.07771603 0.03979659 0.5632903 0.07781961 0.03641126 0.567479 0.07718444 0.04471978 0.5529705 0.07609844 0.04324599 0.5580736 0.0768716 0.04081408 0.5628794 0.07718673 0.03761644 0.5672441 0.07682279 0.03391667 0.57106 0.07561361 0.04502116 0.5523151 0.07508939 0.04389045 0.557488 0.07596984 0.0417527 0.562416 0.07647326 0.03877355 0.566946 0.07636381 0.0351959 0.5709566 0.07545447 0.04520315 0.5516469 0.07406042 0.04442642 0.5568708 0.07501946 0.04260342 0.5619048 0.07568606 0.03987145 0.5665876 0.07581192 0.03645038 0.5707855 0.07519093 0.04484873 0.556228 0.07402959 0.04335804 0.5613506 0.07483273 0.04089956 0.5661724 0.07517243 0.03766801 0.5705482 0.07482555 0.03392988 0.5743693 0.07362443 0.04515332 0.5555657 0.07300978 0.04400929 0.5607589 0.07392146 0.04184798 0.5657042 0.07445152 0.03883707 0.5702471 0.07436182 0.03522219 0.5742649 0.07346365 0.04533725 0.5548904 0.07196983 0.04455091 0.5601352 0.07296105 0.04270758 0.5651877 0.0736561 0.03994632 0.5698849 0.07380423 0.03648949 0.574092 0.07319743 0.04497768 0.5594856 0.07196075 0.04347008 0.5646277 0.07279385 0.04098505 0.5694654 0.07315814 0.03771958 0.5738523 0.0728283 0.03394309 0.5776786 0.07163524 0.04528548 0.5588163 0.07093017 0.04412814 0.5640297 0.07187308 0.04194327 0.5689924 0.07242977 0.0389006 0.573548 0.07235983 0.03524848 0.5775731 0.07147284 0.04547136 0.5581339 0.06987926 0.04467541 0.5633995 0.07090265 0.04281175 0.5684705 0.07162614 0.04002118 0.5731823 0.07179654 0.03652861 0.5773985 0.07120392 0.04510663 0.5627432 0.06989189 0.04358212 0.5679047 0.07075498 0.04107053 0.5727584 0.07114384 0.03777114 0.5771563 0.07083105 0.0339563 0.5809879 0.06964605 0.03428466 0.5816539 0.06920369 0.03375743 0.5816455 0.06927215 0.0332336 0.5816403 0.06931442 0.03292843 0.5816387 0.06932731 0.04541764 0.5620669 0.06885056 0.04424697 0.5673006 0.0698247 0.04203855 0.5722805 0.07040803 0.03896412 0.5768491 0.07035785 0.03587531 0.5816992 0.06883607 0.03527477 0.5808813 0.06948203 0.03534479 0.5816807 0.06898607 0.03481417 0.5816656 0.06910849 0.04560546 0.5613773 0.06778868 0.0447999 0.5666639 0.06884424 0.04291591 0.5717533 0.06959618 0.04009604 0.5764796 0.06978885 0.03656773 0.580705 0.0692104 0.03693102 0.5817463 0.06845252 0.03640448 0.581721 0.06865826 0.04523558 0.5660007 0.06782304 0.04369416 0.5711818 0.06871612 0.04115602 0.5760514 0.06912955 0.03797104 0.5818073 0.06795743 0.03782271 0.5804604 0.06883381 0.03745364 0.5817751 0.06821886 0.04554981 0.5653175 0.06677096 0.04436582 0.5705715 0.06777631 0.04213383 0.5755687 0.06838628 0.03902764 0.58015 0.06835586 0.03947889 0.5819238 0.06701004 0.03898494 0.5818817 0.06735253 0.0384819 0.5818428 0.06766851 0.04573956 0.5646208 0.0656981 0.0449244 0.5699282 0.06678583 0.04302008 0.5750361 0.06756622 0.04017091 0.5797768 0.06778117 0.04043462 0.5820175 0.06624841 0.03996252 0.5819691 0.06664173 0.04536453 0.5692583 0.0657542 0.04380621 0.5744588 0.06667725 0.04138843 0.5821293 0.06534031 0.0412415 0.5793444 0.06711525 0.04089408 0.5820689 0.06583102 0.04568197 0.5685681 0.06469135 0.04448466 0.5738423 0.06572794 0.04191616 0.5822002 0.06476369 0.04222912 0.5788569 0.06636454 0.04587367 0.5678642 0.06360752 0.04504889 0.5731926 0.06472742 0.04312424 0.578319 0.06553625 0.04549348 0.5725159 0.06368534 0.04391825 0.5777358 0.06463837 0.04581413 0.5718187 0.06261174 0.0446035 0.5771132 0.06367955 0.04600777 0.5711077 0.06151694 0.04517339 0.576457 0.06266901 0.0433475 0.5824344 0.06286006 0.04322841 0.5816018 0.06350629 0.04289709 0.5823531 0.06352091 0.04241955 0.5822749 0.06415637 0.04562243 0.5757734 0.06161649 0.04416281 0.582605 0.06147366 0.04403029 0.5810129 0.06259951 0.04376968 0.5825185 0.06217667 0.0459463 0.5750692 0.06053213 0.0461888 0.5753756 0.05872062 0.04609325 0.5776116 0.05866294 0.04452627 0.5826935 0.060754 0.04472234 0.580384 0.06163117 0.04614188 0.5743511 0.05942636 0.04529788 0.5797213 0.06061061 0.04592129 0.5796052 0.05861152 0.04575138 0.579031 0.05954765 -0.082 0.5836248 0.05850782 -0.082 0.5537747 0.05927785 -0.085 0.5836248 0.05850782 -0.085 0.5401993 0.05962805 0.04561042 0.5836248 0.05850782 0.0455796 0.5829678 0.05852477 0.085 0.5836248 0.05850782 0.07309969 0.5590602 0.0591415 0.07319913 0.5590528 0.0591417 0.07329809 0.5590404 0.05914201 0.07339629 0.5590231 0.05914246 0.07349352 0.5590009 0.05914303 0.07358951 0.5589739 0.05914373 0.07368404 0.5589421 0.05914455 0.07377687 0.5589057 0.05914549 0.07386777 0.5588647 0.05914655 0.0739565 0.5588192 0.05914772 0.07404287 0.5587694 0.05914901 0.07412664 0.5587153 0.0591504 0.07420761 0.5586571 0.0591519 0.07428558 0.558595 0.05915351 0.07436034 0.558529 0.05915521 0.07443173 0.5584594 0.059157 0.07449957 0.5583863 0.05915889 0.07456366 0.5583099 0.05916086 0.07462388 0.5582305 0.05916291 0.07468005 0.5581481 0.05916503 0.07473205 0.558063 0.05916723 0.07477975 0.5579755 0.05916949 0.07482301 0.5578857 0.0591718 0.07486175 0.5577938 0.05917417 0.07489585 0.5577001 0.05917659 0.07492525 0.5576049 0.05917905 0.07494986 0.5575082 0.05918154 0.07496961 0.5574106 0.05918406 0.085 0.5401993 0.05962805 0.07498448 0.557312 0.0591866 0.07499441 0.5572128 0.05918916 0.07499938 0.5571132 0.05919173 0.07499938 0.5570135 0.0591943 0.07499441 0.5569139 0.05919687 0.07498448 0.5568148 0.05919943 0.07496961 0.5567162 0.05920197 0.07494986 0.5566185 0.05920449 0.07492525 0.5565219 0.05920698 0.07489585 0.5564266 0.05920944 0.07486175 0.5563329 0.05921186 0.07482301 0.5562411 0.05921423 0.07477975 0.5561512 0.05921655 0.07473205 0.5560637 0.0592188 0.07468005 0.5559786 0.059221 0.07462388 0.5558963 0.05922312 0.07456366 0.5558168 0.05922517 0.07449957 0.5557404 0.05922714 0.07443173 0.5556674 0.05922903 0.07436034 0.5555978 0.05923082 0.07428558 0.5555318 0.05923252 0.07420761 0.5554697 0.05923413 0.07412664 0.5554114 0.05923563 0.07404287 0.5553574 0.05923702 0.0739565 0.5553075 0.05923831 0.07386777 0.555262 0.05923948 0.07377687 0.555221 0.05924054 0.07368404 0.5551846 0.05924148 0.07358951 0.5551529 0.0592423 0.07349352 0.5551259 0.059243 0.07339629 0.5551037 0.05924357 0.07329809 0.5550864 0.05924401 0.07319913 0.555074 0.05924434 0.07309969 0.5550665 0.05924453 0.032625 0.5412626 0.09375453 0.03322813 0.5412544 0.09374192 0.03382977 0.5412299 0.0937041 0.03442841 0.541189 0.09364119 0.03502257 0.5411319 0.09355332 0.03561076 0.5410588 0.09344073 0.03619154 0.5409698 0.09330369 0.03676344 0.5408652 0.09314254 0.03732506 0.5407451 0.09295768 0.03787499 0.54061 0.09274957 0.03841187 0.5404601 0.09251874 0.03893436 0.5402958 0.09226574 0.03944117 0.5401175 0.09199122 0.03993103 0.5399257 0.09169585 0.04040273 0.5397208 0.09138037 0.04085509 0.5395034 0.09104556 0.04128699 0.5392739 0.09069227 0.04169735 0.5390331 0.09032135 0.04208516 0.5387813 0.08993374 0.04244945 0.5385194 0.0895304 0.04278931 0.5382479 0.08911233 0.04310391 0.5379675 0.08868057 0.04339245 0.537679 0.08823621 0.04365422 0.5373829 0.08778033 0.04388857 0.5370801 0.08731406 0.04409492 0.5367713 0.08683859 0.04427275 0.5364573 0.08635509 0.04442163 0.5361389 0.08586474 0.04454117 0.5358168 0.08536878 0.0446311 0.5354919 0.08486845 0.04469117 0.5351649 0.08436497 0.04472124 0.5348367 0.08385961 0.04472124 0.5345082 0.08335362 0.04469117 0.53418 0.08284827 0.0446311 0.533853 0.08234479 0.04454117 0.5335281 0.08184445 0.04442163 0.533206 0.0813485 0.04427275 0.5328876 0.08085815 0.04409492 0.5325736 0.08037464 0.04388857 0.5322648 0.07989917 0.04365422 0.531962 0.07943291 0.04339245 0.531666 0.07897703 0.04310391 0.5313774 0.07853266 0.04278931 0.531097 0.07810091 0.04244945 0.5308255 0.07768284 0.04208516 0.5305636 0.0772795 0.04169735 0.5303118 0.07689188 0.04128699 0.530071 0.07652097 0.04085509 0.5298416 0.07616767 0.04040273 0.5296241 0.07583286 0.03993103 0.5294193 0.07551739 0.03944117 0.5292274 0.07522202 0.03893436 0.5290491 0.07494749 0.03841187 0.5288849 0.0746945 0.03787499 0.5287349 0.07446366 0.03732506 0.5285998 0.07425555 0.03676344 0.5284797 0.0740707 0.03619154 0.5283751 0.07390955 0.03561076 0.5282861 0.07377251 0.03502257 0.528213 0.07365991 0.03442841 0.5281559 0.07357204 0.03382977 0.5281151 0.07350913 0.03322813 0.5280905 0.07347132 0.032625 0.5280823 0.0734587 -0.032625 0.5280823 0.0734587 -0.03321872 0.5280903 0.07347092 -0.03381101 0.5281141 0.07350757 -0.03440044 0.5281536 0.07356854 -0.03498559 0.5282089 0.07365369 -0.03556506 0.5282798 0.07376283 -0.03613744 0.5283661 0.07389567 -0.03670137 0.5284675 0.07405191 -0.03725547 0.528584 0.07423117 -0.03779842 0.528715 0.07443301 -0.0383289 0.5288605 0.07465696 -0.03884564 0.5290199 0.07490246 -0.0393474 0.5291929 0.07516894 -0.03983296 0.5293792 0.07545573 -0.04030116 0.5295782 0.07576218 -0.04075086 0.5297895 0.07608751 -0.04118099 0.5300125 0.07643096 -0.04159051 0.5302468 0.07679169 -0.04197843 0.5304917 0.07716885 -0.04234381 0.5307467 0.07756152 -0.04268578 0.5310112 0.07796874 -0.04300352 0.5312844 0.07838955 -0.04329625 0.5315659 0.07882292 -0.04356327 0.5318548 0.07926782 -0.04380394 0.5321505 0.07972318 -0.04401768 0.5324523 0.08018789 -0.04420398 0.5327595 0.08066084 -0.04436238 0.5330712 0.08114088 -0.0444925 0.5333868 0.08162686 -0.04459404 0.5337055 0.08211761 -0.04466674 0.5340265 0.08261195 -0.04471043 0.5343491 0.08310868 -0.03804938 0.5311263 0.07998215 -0.03833404 0.5312775 0.08021501 -0.08 0.5272437 0.07400334 -0.0386045 0.5314363 0.08045947 -0.03775123 0.530983 0.07976148 -0.03886011 0.5316022 0.08071494 -0.03744034 0.530848 0.07955355 -0.0391002 0.5317748 0.08098078 -0.03711748 0.5307216 0.07935888 -0.03932421 0.5319538 0.08125632 -0.03678345 0.5306041 0.07917795 -0.03953155 0.5321386 0.08154089 -0.03643908 0.5304958 0.0790112 -0.03972173 0.5323288 0.08183378 -0.03608522 0.530397 0.07885905 -0.03989426 0.5325239 0.08213424 -0.03572277 0.5303079 0.07872189 -0.04004872 0.5327235 0.08244155 -0.03535261 0.5302288 0.07860005 -0.04018472 0.532927 0.08275493 -0.03497567 0.5301598 0.07849384 -0.04030193 0.533134 0.08307361 -0.03459289 0.5301011 0.07840352 -0.04040005 0.5333438 0.08339678 -0.03420522 0.530053 0.07832931 -0.04047884 0.5335561 0.08372366 -0.03381361 0.5300154 0.0782714 -0.04053811 0.5337703 0.08405344 -0.03341905 0.5299884 0.07822993 -0.0405777 0.5339858 0.08438527 -0.03302252 0.5299722 0.07820501 -0.04059752 0.5342021 0.08471835 -0.08 0.5404239 0.09429917 -0.032625 0.5299669 0.07819669 -0.04059752 0.5344186 0.08505184 -0.0405777 0.5346349 0.08538492 -0.04053811 0.5348504 0.08571675 -0.04047884 0.5350646 0.08604652 -0.04040005 0.5352769 0.08637341 -0.04030193 0.5354868 0.08669658 -0.04018472 0.5356937 0.08701526 -0.04004872 0.5358972 0.08732864 -0.03989426 0.5360967 0.08763595 -0.03972173 0.5362919 0.08793641 -0.03953155 0.5364821 0.08822929 -0.03932421 0.5366669 0.08851385 -0.0391002 0.5368458 0.08878941 -0.03886011 0.5370185 0.08905524 -0.0386045 0.5371844 0.08931071 -0.03833404 0.5373431 0.08955518 -0.03804938 0.5374943 0.08978803 -0.03775123 0.5376376 0.09000871 -0.03744034 0.5377727 0.09021663 -0.03711748 0.5378991 0.09041131 -0.03678345 0.5380166 0.09059224 -0.03643908 0.5381249 0.09075899 -0.03608522 0.5382237 0.09091113 -0.03572277 0.5383127 0.09104829 -0.03535261 0.5383919 0.09117013 -0.03497567 0.5384609 0.09127634 -0.03459289 0.5385195 0.09136667 -0.03420522 0.5385677 0.09144088 0.032625 0.5299669 0.07819669 0.08 0.5272437 0.07400334 0.03301632 0.5299721 0.07820475 0.03340668 0.5299878 0.0782289 0.03379517 0.5300139 0.07826909 0.03418085 0.5300503 0.07832521 0.03456277 0.530097 0.07839714 0.03494002 0.5301539 0.0784847 0.0353117 0.5302208 0.07858767 0.0356769 0.5302975 0.07870582 0.03603475 0.5303839 0.07883885 0.03638439 0.5304797 0.07898645 0.03672497 0.5305848 0.07914826 0.03705567 0.5306989 0.07932389 0.0373757 0.5308216 0.07951292 0.03768429 0.5309528 0.07971489 0.03798068 0.531092 0.07992932 0.03826418 0.531239 0.08015569 0.03853408 0.5313934 0.08039344 0.03878976 0.5315549 0.08064202 0.03903058 0.5317229 0.08090082 0.03925597 0.5318972 0.08116922 0.03946539 0.5320773 0.08144657 0.03965832 0.5322628 0.08173221 0.03983432 0.5324532 0.08202544 0.03999294 0.5326481 0.08232555 0.04013382 0.532847 0.08263184 0.0402566 0.5330495 0.08294356 0.040361 0.5332549 0.08325995 0.04044676 0.533463 0.08358025 0.04051368 0.533673 0.0839037 0.0405616 0.5338846 0.08422952 0.04059039 0.5340972 0.08455691 0.08 0.5404239 0.09429917 -0.032625 0.5386539 0.09157349 -0.03302252 0.5386484 0.09156518 -0.03341905 0.5386323 0.09154025 -0.03381361 0.5386053 0.09149879 -0.085 0.5287138 0.06708679 -0.085 0.5446172 0.09157597 -0.085 0.5825903 0.06691601 0.085 0.5287138 0.06708679 0.085 0.5825903 0.06691601 0.085 0.5446172 0.09157597 -0.08 0.5473405 0.09576933 0.08 0.581793 0.07339555 -0.08 0.581793 0.07339555 0.08 0.5473405 0.09576933 -0.08468335 0.5823111 0.06918524 -0.08476965 0.5823511 0.06886004 -0.08458261 0.5822714 0.06950773 -0.08446742 0.5822322 0.06982594 -0.0843379 0.5821938 0.07013828 -0.0841943 0.5821563 0.07044314 -0.08403699 0.5821199 0.07073898 -0.08388416 0.5820883 0.07099625 -0.08373786 0.5820608 0.0712196 -0.08358372 0.5820344 0.07143443 -0.08342218 0.582009 0.07164007 -0.08325375 0.5819849 0.07183588 -0.08307896 0.5819622 0.0720213 -0.0828984 0.5819407 0.07219583 -0.08271266 0.5819206 0.07235905 -0.08252238 0.5819019 0.07251062 -0.08232819 0.5818848 0.07265025 -0.08215063 0.5818705 0.07276554 -0.08195647 0.5818566 0.07287891 -0.08176589 0.5818444 0.07297799 -0.08157405 0.5818336 0.0730661 -0.08138687 0.5818243 0.07314131 -0.0812047 0.5818165 0.07320467 -0.08102061 0.5818098 0.07325913 -0.08083115 0.5818041 0.0733054 -0.08064098 0.5817996 0.07334209 -0.08044608 0.5817962 0.07336972 -0.08026378 0.5817942 0.07338654 -0.08013124 0.5817933 0.07339333 -0.08484881 0.5823958 0.06849735 -0.08491653 0.5824453 0.06809505 -0.08496365 0.5824943 0.06769589 -0.08499111 0.5825428 0.06730219 -0.04561042 0.5836248 0.05850782 0.08018799 0.5817936 0.07339098 0.08037851 0.5817953 0.07337696 0.08057736 0.5817984 0.07335221 0.08075558 0.5818022 0.07332114 0.08093306 0.5818071 0.07328174 0.08110963 0.5818129 0.07323398 0.08128513 0.5818198 0.07317787 0.08147872 0.5818287 0.07310571 0.08167183 0.5818389 0.07302261 0.08186632 0.5818506 0.07292725 0.08204498 0.5818628 0.07282883 0.0822218 0.5818761 0.0727207 0.08239851 0.5818907 0.07260137 0.08255962 0.5819055 0.07248215 0.08275156 0.5819246 0.07232617 0.08292501 0.5819437 0.07217113 0.08310936 0.5819659 0.07199026 0.08329256 0.5819903 0.07179232 0.08346854 0.5820161 0.07158294 0.08363668 0.5820432 0.07136281 0.08379639 0.5820715 0.07113268 0.08394718 0.5821009 0.07089336 0.08408858 0.5821314 0.07064576 0.08422023 0.5821628 0.07039079 0.08434181 0.5821949 0.07012942 0.08445308 0.5822277 0.06986262 0.08455389 0.5822611 0.06959139 0.08464415 0.5822949 0.06931673 0.08472384 0.582329 0.06903962 0.08479301 0.5823633 0.06876103 0.0848518 0.5823976 0.0684819 0.08490036 0.5824319 0.0682031 0.08493894 0.5824661 0.06792551 0.08496783 0.5825 0.06764992 0.08498733 0.5825336 0.06737708 0.08499687 0.5825621 0.06714507 -0.03833404 0.5321162 0.07967037 -0.03804938 0.531965 0.07943752 -0.0386045 0.532275 0.07991483 -0.03775123 0.5318217 0.07921684 -0.03886011 0.5324409 0.0801703 -0.03744034 0.5316866 0.07900892 -0.0391002 0.5326135 0.08043614 -0.03711748 0.5315602 0.07881424 -0.03932421 0.5327925 0.08071169 -0.03678345 0.5314427 0.07863331 -0.03953155 0.5329773 0.08099625 -0.03643908 0.5313345 0.07846656 -0.03972173 0.5331675 0.08128914 -0.03608522 0.5312357 0.07831441 -0.03989426 0.5333626 0.0815896 -0.03572277 0.5311466 0.07817725 -0.04004872 0.5335621 0.08189691 -0.03535261 0.5310674 0.07805542 -0.04018472 0.5337657 0.08221029 -0.03497567 0.5309985 0.0779492 -0.04030193 0.5339726 0.08252897 -0.03459289 0.5309398 0.07785888 -0.04040005 0.5341825 0.08285214 -0.03420522 0.5308917 0.07778467 -0.04047884 0.5343948 0.08317902 -0.03381361 0.530854 0.07772676 -0.04053811 0.5346089 0.0835088 -0.03341905 0.5308271 0.0776853 -0.0405777 0.5348244 0.08384063 -0.03302252 0.5308109 0.07766037 -0.04059752 0.5350407 0.08417371 -0.032625 0.5308055 0.07765205 -0.04059752 0.5352573 0.0845072 -0.0405777 0.5354736 0.08484028 -0.04053811 0.5356891 0.08517211 -0.04047884 0.5359033 0.08550188 -0.04040005 0.5361155 0.08582877 -0.04030193 0.5363254 0.08615195 -0.04018472 0.5365323 0.08647062 -0.04004872 0.5367359 0.086784 -0.03989426 0.5369354 0.08709131 -0.03972173 0.5371306 0.08739177 -0.03953155 0.5373207 0.08768465 -0.03932421 0.5375056 0.08796922 -0.0391002 0.5376845 0.08824477 -0.03886011 0.5378571 0.0885106 -0.0386045 0.5380231 0.08876608 -0.03833404 0.5381818 0.08901054 -0.03804938 0.538333 0.0892434 -0.03775123 0.5384763 0.08946407 -0.03744034 0.5386113 0.089672 -0.03711748 0.5387378 0.08986667 -0.03678345 0.5388553 0.0900476 -0.03643908 0.5389636 0.09021435 -0.03608522 0.5390624 0.09036649 -0.03572277 0.5391514 0.09050365 -0.03535261 0.5392306 0.0906255 -0.03497567 0.5392996 0.0907317 -0.03459289 0.5393582 0.09082203 -0.03420522 0.5394064 0.09089624 -0.03381361 0.539444 0.09095415 -0.03341905 0.5394709 0.09099561 -0.03302252 0.5394871 0.09102054 -0.032625 0.5394925 0.09102885 0.032625 0.5308055 0.07765205 0.03301632 0.5308107 0.07766011 0.03340668 0.5308264 0.07768427 0.03379517 0.5308525 0.07772445 0.03418085 0.530889 0.07778057 0.03456277 0.5309357 0.0778525 0.03494002 0.5309926 0.07794006 0.0353117 0.5310594 0.07804303 0.0356769 0.5311362 0.07816118 0.03603475 0.5312225 0.07829421 0.03638439 0.5313184 0.07844181 0.03672497 0.5314235 0.07860362 0.03705567 0.5315375 0.07877926 0.0373757 0.5316603 0.07896828 0.03768429 0.5317914 0.07917025 0.03798068 0.5319307 0.07938468 0.03826418 0.5320777 0.07961105 0.03853408 0.5322321 0.0798488 0.03878976 0.5323936 0.08009738 0.03903058 0.5325616 0.08035618 0.03925597 0.5327359 0.08062458 0.03946539 0.532916 0.08090193 0.03965832 0.5331015 0.08118757 0.03983432 0.5332919 0.0814808 0.03999294 0.5334868 0.08178091 0.04013382 0.5336857 0.0820872 0.0402566 0.5338882 0.08239892 0.040361 0.5340936 0.08271531 0.04044676 0.5343016 0.08303561 0.04051368 0.5345117 0.08335906 0.0405616 0.5347233 0.08368488 0.04059039 0.5349359 0.08401227 -0.082 0.5636193 0.06902722 -0.082 0.5377337 0.06969498 -0.082 0.5700486 0.07255673 -0.082 0.5638147 0.07660504 -0.04531868 0.5828744 0.0592844 -0.07 0.5377337 0.06969498 -0.07 0.5367741 0.07031816 -0.07 0.5476669 0.08709158 -0.07 0.5638147 0.07660504 -0.08499865 0.528617 0.06715128 -0.08499398 0.5444115 0.09170959 -0.08499454 0.5285208 0.06721863 -0.08498168 0.5283651 0.06733507 -0.08497592 0.5442062 0.0918429 -0.08496211 0.5282192 0.06745319 -0.08494588 0.544002 0.09197555 -0.08493613 0.5280805 0.06757422 -0.08490392 0.5437992 0.09210725 -0.08490339 0.527946 0.06770057 -0.08486485 0.527819 0.067829 -0.08485016 0.5435984 0.09223766 -0.08481749 0.5276906 0.06796889 -0.0847847 0.5434 0.09236648 -0.08476617 0.5275738 0.06810595 -0.08470772 0.5432046 0.09249339 -0.08470804 0.5274609 0.0682486 -0.08464378 0.5273534 0.06839501 -0.0846194 0.5430126 0.0926181 -0.08457186 0.5272492 0.06854841 -0.08451994 0.5428244 0.09274029 -0.08448392 0.5271395 0.06872456 -0.08440961 0.5426406 0.09285968 -0.08439498 0.5270438 0.0688927 -0.08428864 0.5424615 0.09297598 -0.08429604 0.5269518 0.06907044 -0.08417739 0.5268575 0.06927316 -0.08415735 0.5422876 0.09308891 -0.08404979 0.526772 0.06948083 -0.08401604 0.5421193 0.09319818 -0.08391352 0.5266956 0.06969289 -0.08386505 0.541957 0.09330355 -0.08376891 0.5266288 0.06990874 -0.08370476 0.5418012 0.09340476 -0.08361637 0.5265716 0.07012774 -0.08353554 0.5416521 0.09350156 -0.08345633 0.5265244 0.07034921 -0.0833578 0.5415102 0.09359373 -0.08327031 0.5264838 0.07059737 -0.08317197 0.5413758 0.09368103 -0.08305438 0.5264535 0.07087455 -0.08297849 0.5412491 0.09376327 -0.08282978 0.5264387 0.07115199 -0.08277785 0.5411306 0.09384023 -0.08259765 0.5264392 0.07142842 -0.08257051 0.5410205 0.09391174 -0.08235918 0.5264549 0.07170258 -0.08235699 0.5409191 0.09397762 -0.08213778 0.5408265 0.09403771 -0.08211561 0.5264853 0.07197327 -0.08191341 0.5407431 0.09409188 -0.08184048 0.5265357 0.07226859 -0.08168445 0.5406691 0.09413998 -0.08153118 0.5266112 0.07258835 -0.08145142 0.5406045 0.09418191 -0.08122026 0.5267059 0.0728976 -0.0812149 0.5405496 0.09421756 -0.08097545 0.5405045 0.09424684 -0.08090981 0.5268181 0.07319485 -0.08073365 0.5404693 0.0942697 -0.0806018 0.5269464 0.07347883 -0.08049009 0.5404441 0.09428606 -0.080298 0.5270888 0.07374857 -0.08024534 0.540429 0.09429589 -0.08499398 0.5447509 0.09178173 -0.08497592 0.5448842 0.091987 -0.08494588 0.5450168 0.09219127 -0.08490392 0.5451486 0.09239406 -0.08485016 0.5452789 0.09259488 -0.0847847 0.5454078 0.09279324 -0.08470772 0.5455347 0.09298867 -0.0846194 0.5456594 0.0931807 -0.08451994 0.5457816 0.09336887 -0.08440961 0.545901 0.09355271 -0.08428864 0.5460173 0.09373179 -0.08415735 0.5461302 0.09390568 -0.08401604 0.5462395 0.09407395 -0.08386505 0.5463448 0.09423621 -0.08370476 0.546446 0.09439206 -0.08353554 0.5465428 0.09454112 -0.0833578 0.546635 0.09468304 -0.08317197 0.5467224 0.09481748 -0.08297849 0.5468046 0.09494411 -0.08277785 0.5468815 0.09506262 -0.08257051 0.546953 0.09517274 -0.08235699 0.5470189 0.09527419 -0.08213778 0.547079 0.09536672 -0.08191341 0.5471332 0.09545013 -0.08168445 0.5471813 0.0955242 -0.08145142 0.5472232 0.09558876 -0.0812149 0.5472589 0.09564366 -0.08097545 0.5472881 0.09568875 -0.08073365 0.547311 0.09572394 -0.08049009 0.5473273 0.09574914 -0.08024534 0.5473372 0.09576427 0.08499865 0.528617 0.06715128 0.08499454 0.5285208 0.06721863 0.08498168 0.5283651 0.06733507 0.08496211 0.5282192 0.06745319 0.08493613 0.5280805 0.06757422 0.08490339 0.527946 0.06770057 0.08486485 0.527819 0.067829 0.08481749 0.5276906 0.06796889 0.08476617 0.5275738 0.06810595 0.08470804 0.5274609 0.0682486 0.08464378 0.5273534 0.06839501 0.08457186 0.5272492 0.06854841 0.08448392 0.5271395 0.06872456 0.08439498 0.5270438 0.0688927 0.08429604 0.5269518 0.06907044 0.08417739 0.5268575 0.06927316 0.08404979 0.526772 0.06948083 0.08391352 0.5266956 0.06969289 0.08376891 0.5266288 0.06990874 0.08361637 0.5265716 0.07012774 0.08345633 0.5265244 0.07034921 0.08327031 0.5264838 0.07059737 0.08305438 0.5264535 0.07087455 0.08282978 0.5264387 0.07115199 0.08259765 0.5264392 0.07142842 0.08235918 0.5264549 0.07170258 0.08211561 0.5264853 0.07197327 0.08184048 0.5265357 0.07226859 0.08153118 0.5266112 0.07258835 0.08122026 0.5267059 0.0728976 0.08090981 0.5268181 0.07319485 0.0806018 0.5269464 0.07347883 0.080298 0.5270888 0.07374857 -0.08 0.5405626 0.09450165 -0.08498544 0.5446603 0.0919549 -0.08496219 0.5443753 0.09213998 -0.08491581 0.5440923 0.09232376 -0.08494188 0.5447046 0.09233108 -0.08484651 0.5438126 0.09250539 -0.0849073 0.5444224 0.09251433 -0.08489256 0.5450311 0.09252016 -0.08475462 0.5435375 0.09268403 -0.08484982 0.5441429 0.09269586 -0.08486976 0.5447515 0.0927018 -0.08464055 0.5432684 0.09285883 -0.08476974 0.5438672 0.09287484 -0.08482424 0.5444738 0.09288216 -0.08480336 0.5450764 0.09288628 -0.08450484 0.5430063 0.09302898 -0.08466743 0.5435969 0.09305042 -0.08475623 0.5441993 0.09306041 -0.08476974 0.5448022 0.09306438 -0.08434814 0.5427527 0.0931937 -0.08470856 0.5453943 0.09306785 -0.08454334 0.543333 0.09322179 -0.08466605 0.5439293 0.09323571 -0.08471388 0.5445305 0.09324083 -0.08417117 0.5425086 0.0933522 -0.08468661 0.5451251 0.09324265 -0.08439808 0.5430768 0.09338815 -0.08455411 0.5436652 0.09340726 -0.08463605 0.5442626 0.09341479 -0.08397474 0.5422753 0.09350376 -0.0846428 0.5448578 0.09341623 -0.08423231 0.5428296 0.09354872 -0.08457536 0.5454397 0.09341706 -0.08442093 0.543408 0.09357424 -0.0845366 0.5439998 0.09358546 -0.08375978 0.5420536 0.09364766 -0.08457735 0.5445937 0.09358777 -0.08404681 0.5425924 0.09370276 -0.08454334 0.5451785 0.09358672 -0.08426714 0.5431591 0.09373589 -0.08443684 0.545743 0.09358774 -0.08441599 0.5437433 0.09375202 -0.08352729 0.5418448 0.09378324 -0.08449055 0.5443339 0.09375648 -0.08384243 0.5423663 0.09384954 -0.08449014 0.5449197 0.09375479 -0.08409346 0.5429196 0.09389144 -0.08441615 0.5454894 0.09375246 -0.0842748 0.5434943 0.09391372 -0.08327836 0.5416499 0.09390987 -0.08438283 0.5440797 0.09392158 -0.08362015 0.5421525 0.09398838 -0.08441599 0.5446645 0.09392049 -0.0839007 0.5426906 0.09404018 -0.08437488 0.5452375 0.09391602 -0.08411368 0.543254 0.09406979 -0.08426214 0.5457877 0.09391356 -0.08301414 0.5414696 0.09402694 -0.08425466 0.5438322 0.09408228 -0.08338098 0.541952 0.09411864 -0.08432126 0.5444142 0.09408305 -0.08368974 0.5424731 0.0941814 -0.0843132 0.5449886 0.09407766 -0.08393337 0.5430234 0.09421951 -0.08423231 0.5455443 0.0940716 -0.08273586 0.5413049 0.09413392 -0.08410666 0.5435927 0.09423785 -0.08408247 0.5460707 0.09407015 -0.08312605 0.5417656 0.09423971 -0.08420638 0.5441699 0.09424171 -0.08346159 0.5422682 0.09431445 -0.08423141 0.5447438 0.09423663 -0.08373473 0.5428037 0.09436217 -0.08418274 0.5453032 0.09422816 -0.08244484 0.5411564 0.09423031 -0.08393951 0.5433622 0.09438755 -0.08406343 0.5458373 0.09422171 -0.08285654 0.5415941 0.09435102 -0.08407189 0.5439327 0.09439574 -0.08321729 0.5420768 0.09443871 -0.08412991 0.5445042 0.0943922 -0.08351867 0.5425959 0.09449712 -0.08411368 0.5450656 0.09438252 -0.08214241 0.541025 0.09431566 -0.08375399 0.5431417 0.09453069 -0.08402545 0.5456056 0.09437221 -0.08257372 0.5414386 0.09445205 -0.08391842 0.5437038 0.0945444 -0.08386951 0.5461139 0.09436651 -0.08295799 0.5418999 0.09455361 -0.08400913 0.5442711 0.09454363 -0.08328621 0.542401 0.09462373 -0.08402543 0.5448323 0.09453396 -0.08182999 0.5409112 0.09438956 -0.08355097 0.5429324 0.0946666 -0.0839687 0.5453766 0.09452094 -0.0822789 0.5412996 0.09454234 -0.08374667 0.5434842 0.09468701 -0.08384243 0.5458929 0.09450999 -0.08268491 0.5417383 0.0946586 -0.08386967 0.5440453 0.09469022 -0.08365205 0.5463713 0.09450611 -0.08303843 0.5422198 0.09474141 -0.08391842 0.5446048 0.09468176 -0.08150905 0.5408156 0.09445169 -0.0833314 0.5427353 0.09479465 -0.08389346 0.5451513 0.09466722 -0.08197345 0.5411777 0.09462145 -0.08355746 0.5432749 0.09482291 -0.08379743 0.545674 0.09465213 -0.08239929 0.5415926 0.09475319 -0.08371217 0.5438281 0.09483128 -0.08363503 0.5461626 0.09464169 -0.08277647 0.5420532 0.09484959 -0.08379313 0.5443839 0.09482523 -0.08118106 0.5407385 0.09450174 -0.08309628 0.5425511 0.09491424 -0.08380005 0.5449309 0.09481036 -0.08165881 0.5410737 0.09468903 -0.08335165 0.543077 0.09495145 -0.08373473 0.5454583 0.09479227 -0.0821025 0.5414636 0.09483695 -0.08353736 0.5436204 0.09496616 -0.08360104 0.5459553 0.09477632 -0.08250158 0.541902 0.0949478 -0.08365016 0.5441706 0.09496371 -0.08340481 0.5464122 0.09476747 -0.08084757 0.5406804 0.09453948 -0.08284674 0.5423809 0.09502481 -0.08368893 0.5447164 0.0949497 -0.08133642 0.5409879 0.09474476 -0.08313023 0.5428912 0.09507205 -0.08365461 0.5452465 0.09492976 -0.08179591 0.5413519 0.09490948 -0.08334605 0.5434232 0.09509423 -0.08355028 0.5457504 0.09490937 -0.08221502 0.5417668 0.09503555 -0.08349017 0.543966 0.09509657 -0.08338098 0.5462178 0.09489372 -0.08051013 0.5406415 0.09456474 -0.08258392 0.5422253 0.09512585 -0.0835606 0.5445087 0.09508458 -0.0831536 0.5466393 0.09488748 -0.0810078 0.5409207 0.09478838 -0.0828942 0.5427187 0.09518414 -0.08355746 0.5450399 0.09506393 -0.08148093 0.5412581 0.09497045 -0.08313914 0.5432374 0.09521489 -0.08348296 0.5455489 0.09504023 -0.08191814 0.5416484 0.09511245 -0.08331391 0.5437711 0.09522316 -0.08334138 0.5460251 0.0950188 -0.08017031 0.5406219 0.0945774 -0.08 0.5407111 0.09469707 -0.08230906 0.5420851 0.09521689 -0.08341568 0.5443088 0.09521438 -0.08313889 0.546459 0.09500455 -0.08067449 0.5408725 0.09481967 -0.08264469 0.54256 0.09528719 -0.08344371 0.5448394 0.0951942 -0.08115906 0.5411824 0.09501957 -0.08291761 0.5430639 0.09532758 -0.08339941 0.5453517 0.09516828 -0.0816123 0.5415472 0.09517814 -0.0831222 0.5435867 0.0953429 -0.08328621 0.5458353 0.09514211 -0.08202343 0.5419609 0.0952975 -0.08325483 0.5441177 0.09533849 -0.08310956 0.54628 0.09512081 -0.08033804 0.5408434 0.09483851 -0.08 0.5408689 0.09488499 -0.08238284 0.542416 0.09538074 -0.08331391 0.5446458 0.09531992 -0.08287668 0.546677 0.09510899 -0.08083178 0.5411254 0.09505661 -0.08268246 0.5429034 0.09543177 -0.0833 0.5451598 0.09529292 -0.08129896 0.5414639 0.0952323 -0.08291593 0.5434137 0.09545525 -0.08321571 0.545649 0.09526308 -0.08172836 0.5418535 0.0953673 -0.0830788 0.5439362 0.09545633 -0.08306572 0.5461031 0.0952357 -0.08210989 0.5422872 0.09546432 -0.08316866 0.54446 0.09544054 -0.08285654 0.5465128 0.09521566 -0.08050063 0.5410872 0.0950814 -0.08243481 0.5427568 0.09552699 -0.0831852 0.544974 0.09541358 -0.08259641 0.5468696 0.09520716 -0.08097955 0.5413986 0.0952747 -0.08269607 0.5432529 0.09555966 -0.08313023 0.5454672 0.09538115 -0.08142524 0.5417631 0.09542597 -0.08288843 0.5437653 0.09556734 -0.08300759 0.5459291 0.0953487 -0.08182709 0.5421744 0.09553757 -0.08300864 0.544283 0.09555547 -0.08282309 0.54635 0.09532133 -0.08016714 0.5410681 0.09509382 -0.08 0.5410358 0.09506493 -0.08 0.5412112 0.09523646 -0.08217581 0.5426248 0.09561276 -0.08305556 0.5447952 0.09552969 -0.0825843 0.5467212 0.09530355 -0.08065559 0.5413517 0.09530511 -0.08246363 0.5431051 0.09565566 -0.08303014 0.5452907 0.09549577 -0.08111547 0.5416903 0.09547324 -0.08268458 0.5436056 0.09567104 -0.08293544 0.5457589 0.09545927 -0.08153577 0.5420781 0.09560014 -0.08283459 0.5441156 0.09566418 -0.08277647 0.5461896 0.09542551 -0.08190666 0.5425078 0.09568872 -0.08291167 0.5446242 0.09564072 -0.08256014 0.5465738 0.09539927 -0.08032856 0.5413235 0.09532343 -0.08 0.541395 0.09539918 -0.08221971 0.5429709 0.0957428 -0.08291593 0.5451204 0.09560639 -0.08229496 0.5469035 0.09538469 -0.0808005 0.5416354 0.0955089 -0.08246822 0.5434579 0.09576691 -0.08284959 0.5455931 0.09556691 -0.0812373 0.5419987 0.09565173 -0.08264732 0.5439586 0.09576617 -0.08271692 0.5460322 0.09552772 -0.08162862 0.5424065 0.09575449 -0.0827542 0.5444619 0.09574613 -0.08252406 0.5464282 0.09549387 -0.08196544 0.542851 0.09582066 -0.08278812 0.5449569 0.09571252 -0.0822789 0.5467725 0.09546979 -0.0804818 0.5415987 0.09553275 -0.08224034 0.5433231 0.09585451 -0.08275047 0.5454327 0.0956711 -0.08199084 0.547058 0.09545921 -0.08093306 0.5419365 0.09569212 -0.08244771 0.5438126 0.09586097 -0.08264469 0.5458786 0.09562747 -0.08134299 0.5423214 0.09580978 -0.08258389 0.544309 0.09584545 -0.0824762 0.5462849 0.09558689 -0.08170201 0.5427459 0.09588889 -0.08264732 0.5448012 0.09581364 -0.08225221 0.5466426 0.09555409 -0.08016085 0.5415803 0.09554471 -0.08 0.5415865 0.09555268 -0.08 0.5417852 0.09569661 -0.08200203 0.5432015 0.09593344 -0.08263852 0.5452783 0.09577136 -0.08198156 0.5469442 0.09553311 -0.08062447 0.5418918 0.09572109 -0.08223669 0.5436784 0.09594813 -0.08256013 0.5457295 0.09572431 -0.0810511 0.5422527 0.09585432 -0.08240154 0.5441661 0.09593821 -0.08241679 0.5461447 0.09567793 -0.08143064 0.5426562 0.09594718 -0.08249417 0.5446539 0.09590931 -0.08221502 0.5465146 0.09563721 -0.08175437 0.5430939 0.09600333 -0.08251427 0.5451307 0.09586723 -0.08196304 0.5468312 0.09560651 -0.08031297 0.541865 0.09573853 -0.08 0.5419908 0.0958306 -0.08201524 0.5435566 0.09602724 -0.08246363 0.5455856 0.09581778 -0.08167049 0.5470874 0.09558944 -0.0807543 0.542201 0.09588792 -0.08220798 0.5440341 0.09602397 -0.08234612 0.5460082 0.09576655 -0.0811526 0.5425822 0.09599524 -0.08232939 0.5445157 0.09599905 -0.0821675 0.5463891 0.09571874 -0.08149854 0.5430007 0.09606385 -0.0823783 0.5449905 0.09595826 -0.08193536 0.5467195 0.09567904 -0.08178439 0.5434477 0.09609793 -0.08235565 0.5454475 0.09590745 -0.08165881 0.546992 0.09565138 -0.08045399 0.5421664 0.0959104 -0.08200414 0.5439134 0.09610234 -0.0822645 0.5458762 0.09585233 -0.0813482 0.5472009 0.09563891 -0.08086919 0.5425242 0.09603286 -0.08215376 0.5443873 0.09608247 -0.08210989 0.5462665 0.09579832 -0.08123573 0.5429224 0.09611472 -0.08223123 0.5448584 0.09604402 -0.08189867 0.5466096 0.09575037 -0.08154522 0.5433523 0.09615988 -0.08223669 0.5453159 0.09599289 -0.08163937 0.5468975 0.09571275 -0.08015157 0.542149 0.09592167 -0.08 0.5422028 0.09595435 -0.08179095 0.5438047 0.09617295 -0.08217233 0.5457491 0.09593488 -0.08134191 0.5471238 0.09568896 -0.08058172 0.5424827 0.09605985 -0.08196808 0.5442692 0.09615915 -0.08204243 0.5461476 0.09587558 -0.08096715 0.5428593 0.09615571 -0.08207377 0.5447351 0.09612412 -0.08185312 0.5465021 0.09582018 -0.08129885 0.5432708 0.09621279 -0.08210729 0.5451915 0.09607371 -0.0816123 0.5468044 0.09577325 -0.08156941 0.5437084 0.09623547 -0.08207004 0.5456275 0.09601381 -0.08132937 0.5470472 0.09573866 -0.08029153 0.5424576 0.0960761 -0.08 0.5424205 0.09606755 -0.08 0.5426436 0.09616993 -0.08177322 0.544162 0.09622876 -0.08196544 0.5460328 0.09595015 -0.08101491 0.5472253 0.09571943 -0.08069406 0.5428116 0.09618661 -0.08190663 0.544621 0.09619817 -0.08179893 0.5463975 0.09588812 -0.08104642 0.5432036 0.09625643 -0.08196808 0.5450747 0.09614954 -0.08157772 0.546713 0.0958326 -0.08134055 0.543625 0.09628961 -0.08195808 0.5455121 0.09608875 -0.08131063 0.5469716 0.09578778 -0.08157009 0.5440662 0.09629096 -0.0818793 0.5459226 0.09602168 -0.0810078 0.5471674 0.09575706 -0.08041773 0.5427798 0.09620731 -0.08173061 0.5445168 0.09626585 -0.08173635 0.5462962 0.0959539 -0.08068044 0.5472956 0.09574293 -0.08078912 0.5431511 0.09629058 -0.08181968 0.5449662 0.09622001 -0.08153577 0.5466238 0.09589053 -0.08110545 0.5435549 0.09633512 -0.08183701 0.5454034 0.09615936 -0.08128577 0.5468972 0.09583609 -0.08135965 0.5439822 0.09634547 -0.08178439 0.5458176 0.09608985 -0.080996 0.5471099 0.09579434 -0.08013946 0.5427639 0.09621767 -0.08 0.5428713 0.09626125 -0.08154652 0.544423 0.09632682 -0.08166568 0.5461987 0.0960172 -0.08067726 0.5472567 0.09576819 -0.08052813 0.5431133 0.09631509 -0.0816628 0.5448664 0.0962848 -0.08148667 0.5465372 0.09594676 -0.08086518 0.5434985 0.09637178 -0.08170736 0.5453018 0.09622531 -0.08125493 0.5468245 0.09588336 -0.08114287 0.5439106 0.09639204 -0.08168116 0.5457184 0.09615433 -0.08097955 0.5470533 0.0958311 -0.08135521 0.5443398 0.09638081 -0.08158724 0.5461055 0.09607771 -0.08067094 0.5472181 0.09579327 -0.08026468 0.5430906 0.09632984 -0.08 0.5431033 0.09634127 -0.08 0.543339 0.09640981 -0.08149817 0.5447759 0.09634361 -0.08143064 0.5464536 0.09600104 -0.08034042 0.5473146 0.09577223 -0.08062088 0.5434559 0.09639943 -0.08156976 0.5452079 0.09628628 -0.08121823 0.5467536 0.09592937 -0.08092075 0.5438514 0.09643043 -0.08157009 0.5456252 0.09621481 -0.08095854 0.5469978 0.09586716 -0.08115759 0.5442678 0.09642756 -0.0815014 0.5460171 0.09613519 -0.08066148 0.5471799 0.09581806 -0.08132655 0.5446949 0.09639616 -0.08136794 0.5463734 0.09605311 -0.08033804 0.5472952 0.09578486 -0.0803737 0.5434274 0.09641794 -0.08142484 0.5451221 0.096342 -0.08117586 0.546685 0.09597392 -0.08069435 0.5438052 0.09646048 -0.08145171 0.5455386 0.09627104 -0.08093306 0.5469436 0.09590235 -0.08095457 0.5442073 0.09646686 -0.08140856 0.5459337 0.09618932 -0.08064893 0.5471424 0.09584245 -0.08114875 0.544624 0.09644222 -0.08129885 0.546297 0.09610272 -0.08033408 0.5472759 0.09579736 -0.08012476 0.5434131 0.09642721 -0.08 0.5435777 0.09646671 -0.08127327 0.5450449 0.0963922 -0.081128 0.546619 0.09601678 -0.08046471 0.543772 0.09648204 -0.08132655 0.545459 0.09632273 -0.08090323 0.546891 0.09593652 -0.08074709 0.5441586 0.09649852 -0.08130915 0.5458558 0.09623989 -0.08063336 0.5471057 0.0958663 -0.08096559 0.5445634 0.09648156 -0.08122371 0.5462247 0.09614966 -0.08032856 0.5472569 0.09580969 -0.08111576 0.5449764 0.09643665 -0.08107487 0.5465559 0.09605776 -0.08023289 0.543752 0.09649502 -0.08 0.543819 0.09651183 -0.08119521 0.5453868 0.09636965 -0.08086919 0.5468402 0.0959695 -0.08053614 0.5441218 0.09652239 -0.08120364 0.5457839 0.09628664 -0.08061485 0.5470699 0.09588953 -0.08077793 0.5445135 0.096514 -0.08114287 0.5461569 0.09619369 -0.08032151 0.5472383 0.09582178 -0.08095306 0.5449171 0.09647514 -0.08101675 0.546496 0.09609668 -0.0810583 0.5453222 0.09641158 -0.08083109 0.5467915 0.09600113 -0.08032269 0.5440972 0.09653838 -0.08109252 0.5457181 0.09632936 -0.08059345 0.5470353 0.09591201 -0.08058665 0.5444744 0.09653938 -0.08105669 0.5460939 0.09623461 -0.08031297 0.5472201 0.09583359 -0.08078591 0.5448673 0.09650749 -0.08095387 0.5464395 0.09613335 -0.08091645 0.5452657 0.09644832 -0.08078912 0.5467451 0.09603127 -0.08010773 0.5440848 0.09654638 -0.08 0.5440621 0.09654506 -0.08 0.5443066 0.09656631 -0.0809763 0.5456588 0.09636785 -0.0805693 0.547002 0.09593364 -0.08039262 0.5444464 0.0965576 -0.08096559 0.546036 0.09627224 -0.08030296 0.5472025 0.09584505 -0.0806151 0.5448271 0.09653355 -0.08088656 0.5463868 0.09616759 -0.08077033 0.5452173 0.0964797 -0.08074346 0.5467012 0.09605979 -0.08085553 0.5456063 0.09640193 -0.08054249 0.5469701 0.09595433 -0.08019677 0.5444294 0.09656857 -0.08 0.5445518 0.09657555 -0.08086999 0.5459834 0.09630639 -0.08029153 0.5471854 0.09585611 -0.08044141 0.5447969 0.09655322 -0.0808151 0.546338 0.09619925 -0.08062062 0.5451775 0.09650558 -0.08069435 0.54666 0.09608654 -0.08073077 0.5455609 0.09643145 -0.08051315 0.5469398 0.09597397 -0.08077033 0.5459364 0.09633691 -0.08027876 0.5471691 0.09586672 -0.08026567 0.5447767 0.09656637 -0.08073985 0.5462935 0.09622818 -0.08046802 0.5451463 0.09652583 -0.08064199 0.5466217 0.0961114 -0.08060261 0.5455226 0.09645625 -0.08048142 0.5469114 0.09599247 -0.08066708 0.5458952 0.09636366 -0.08026468 0.5471535 0.09587683 -0.0800887 0.5447665 0.09657296 -0.08 0.5447972 0.09657274 -0.08 0.5450422 0.09655788 -0.08066115 0.5462534 0.09625424 -0.08031322 0.5451239 0.09654037 -0.08058665 0.5465865 0.09613426 -0.08047163 0.5454919 0.09647624 -0.08044745 0.5468848 0.09600976 -0.08056072 0.54586 0.0963865 -0.08024937 0.5471388 0.0958864 -0.08057937 0.5462178 0.09627733 -0.08015698 0.5451104 0.09654912 -0.08 0.5452861 0.09653104 -0.08052856 0.5465546 0.09615501 -0.08033846 0.5454687 0.09649132 -0.08041138 0.5468601 0.09602573 -0.08045174 0.5458311 0.09640533 -0.08023289 0.547125 0.09589537 -0.08049488 0.546187 0.09629731 -0.08046802 0.546526 0.09617355 -0.08020371 0.5454531 0.0965014 -0.08037341 0.5468376 0.09604034 -0.08034067 0.5458083 0.09642007 -0.08021533 0.5471121 0.09590371 -0.08040809 0.5461611 0.09631411 -0.08040529 0.546501 0.0961898 -0.08006801 0.5454454 0.09650645 -0.08 0.5455284 0.09649225 -0.08033369 0.5468174 0.09605349 -0.080228 0.5457921 0.09643066 -0.08019677 0.5471003 0.09591138 -0.08031939 0.5461403 0.09632764 -0.08034067 0.5464796 0.09620368 -0.0802924 0.5467994 0.09606514 -0.08011427 0.5457822 0.09643703 -0.08 0.5457686 0.09644162 -0.08 0.5460059 0.09637926 -0.08017729 0.5470896 0.09591833 -0.08022921 0.5461246 0.09633785 -0.08027446 0.546462 0.09621513 -0.08024976 0.5467839 0.09607523 -0.08015698 0.54708 0.09592455 -0.08013795 0.5461141 0.09634469 -0.08020697 0.5464482 0.09622408 -0.08020596 0.5467709 0.0960837 -0.08013594 0.5470717 0.09593001 -0.08004606 0.5461088 0.09634811 -0.08 0.5462399 0.09630534 -0.08013852 0.5464383 0.09623051 -0.08016119 0.5467603 0.09609054 -0.08011427 0.5470645 0.09593466 -0.08006942 0.5464323 0.09623438 -0.08 0.54647 0.09622002 -0.08 0.5466957 0.09612352 -0.08011568 0.5467524 0.09609569 -0.08009206 0.5470586 0.0959385 -0.08006963 0.5467471 0.09609914 -0.08006942 0.547054 0.09594151 -0.08002325 0.5467444 0.09610086 -0.08 0.5469163 0.09601605 -0.08004646 0.5470506 0.09594366 -0.08002328 0.5470486 0.09594495 -0.08 0.5471314 0.0958979 0.08499398 0.5444115 0.09170959 0.08497592 0.5442062 0.0918429 0.08494588 0.544002 0.09197555 0.08490392 0.5437992 0.09210725 0.08485016 0.5435984 0.09223766 0.0847847 0.5434 0.09236648 0.08470772 0.5432046 0.09249339 0.0846194 0.5430126 0.0926181 0.08451994 0.5428244 0.09274029 0.08440961 0.5426406 0.09285968 0.08428864 0.5424615 0.09297598 0.08415735 0.5422876 0.09308891 0.08401604 0.5421193 0.09319818 0.08386505 0.541957 0.09330355 0.08370476 0.5418012 0.09340476 0.08353554 0.5416521 0.09350156 0.0833578 0.5415102 0.09359373 0.08317197 0.5413758 0.09368103 0.08297849 0.5412491 0.09376327 0.08277785 0.5411306 0.09384023 0.08257051 0.5410205 0.09391174 0.08235699 0.5409191 0.09397762 0.08213778 0.5408265 0.09403771 0.08191341 0.5407431 0.09409188 0.08168445 0.5406691 0.09413998 0.08145142 0.5406045 0.09418191 0.0812149 0.5405496 0.09421756 0.08097545 0.5405045 0.09424684 0.08073365 0.5404693 0.0942697 0.08049009 0.5404441 0.09428606 0.08024534 0.540429 0.09429589 0.08 0.5471314 0.0958979 0.08 0.5469163 0.09601605 0.08 0.5466957 0.09612352 0.08 0.54647 0.09622002 0.08 0.5462399 0.09630534 0.08 0.5460059 0.09637926 0.08 0.5457686 0.09644162 0.08 0.5455284 0.09649225 0.08 0.5452861 0.09653104 0.08 0.5450422 0.09655788 0.08 0.5447972 0.09657274 0.08 0.5445518 0.09657555 0.08 0.5443066 0.09656631 0.08 0.5440621 0.09654506 0.08 0.543819 0.09651183 0.08 0.5435777 0.09646671 0.08 0.543339 0.09640981 0.08 0.5431033 0.09634127 0.08 0.5428713 0.09626125 0.08 0.5426436 0.09616993 0.08 0.5424205 0.09606755 0.08 0.5422028 0.09595435 0.08 0.5419908 0.0958306 0.08 0.5417852 0.09569661 0.08 0.5415865 0.09555268 0.08 0.541395 0.09539918 0.08 0.5412112 0.09523646 0.08 0.5410358 0.09506493 0.08 0.5408689 0.09488499 0.08 0.5407111 0.09469707 0.08 0.5405626 0.09450165 0.08499398 0.5447509 0.09178173 0.08017031 0.5406219 0.0945774 0.08051013 0.5406415 0.09456474 0.08084757 0.5406804 0.09453948 0.08033804 0.5408434 0.09483851 0.08118106 0.5407385 0.09450174 0.08067449 0.5408725 0.09481967 0.08016714 0.5410681 0.09509382 0.08150905 0.5408156 0.09445169 0.0810078 0.5409207 0.09478838 0.08050063 0.5410872 0.0950814 0.08182999 0.5409112 0.09438956 0.08133642 0.5409879 0.09474476 0.08083178 0.5411254 0.09505661 0.08032856 0.5413235 0.09532343 0.08214241 0.541025 0.09431566 0.08165881 0.5410737 0.09468903 0.08115906 0.5411824 0.09501957 0.08065559 0.5413517 0.09530511 0.08244484 0.5411564 0.09423031 0.08016085 0.5415803 0.09554471 0.08197345 0.5411777 0.09462145 0.08148093 0.5412581 0.09497045 0.08097955 0.5413986 0.0952747 0.08273586 0.5413049 0.09413392 0.0804818 0.5415987 0.09553275 0.0822789 0.5412996 0.09454234 0.08179591 0.5413519 0.09490948 0.08129896 0.5414639 0.0952323 0.08301414 0.5414696 0.09402694 0.0808005 0.5416354 0.0955089 0.08257372 0.5414386 0.09445205 0.08031297 0.541865 0.09573853 0.0821025 0.5414636 0.09483695 0.0816123 0.5415472 0.09517814 0.08327836 0.5416499 0.09390987 0.08111547 0.5416903 0.09547324 0.08285654 0.5415941 0.09435102 0.08062447 0.5418918 0.09572109 0.08239929 0.5415926 0.09475319 0.08015157 0.542149 0.09592167 0.08191814 0.5416484 0.09511245 0.08352729 0.5418448 0.09378324 0.08142524 0.5417631 0.09542597 0.08312605 0.5417656 0.09423971 0.08093306 0.5419365 0.09569212 0.08268491 0.5417383 0.0946586 0.08045399 0.5421664 0.0959104 0.08221502 0.5417668 0.09503555 0.08375978 0.5420536 0.09364766 0.08172836 0.5418535 0.0953673 0.08338098 0.541952 0.09411864 0.0812373 0.5419987 0.09565173 0.08295799 0.5418999 0.09455361 0.0807543 0.542201 0.09588792 0.08250158 0.541902 0.0949478 0.08029153 0.5424576 0.0960761 0.08397474 0.5422753 0.09350376 0.08202343 0.5419609 0.0952975 0.08362015 0.5421525 0.09398838 0.08153577 0.5420781 0.09560014 0.08321729 0.5420768 0.09443871 0.0810511 0.5422527 0.09585432 0.08277647 0.5420532 0.09484959 0.08058172 0.5424827 0.09605985 0.08417117 0.5425086 0.0933522 0.08230906 0.5420851 0.09521689 0.08013946 0.5427639 0.09621767 0.08384243 0.5423663 0.09384954 0.08182709 0.5421744 0.09553757 0.08346159 0.5422682 0.09431445 0.08134299 0.5423214 0.09580978 0.08303843 0.5422198 0.09474141 0.08086919 0.5425242 0.09603286 0.08434814 0.5427527 0.0931937 0.08258392 0.5422253 0.09512585 0.08041773 0.5427798 0.09620731 0.08404681 0.5425924 0.09370276 0.08210989 0.5422872 0.09546432 0.08368974 0.5424731 0.0941814 0.08162862 0.5424065 0.09575449 0.08328621 0.542401 0.09462373 0.0811526 0.5425822 0.09599524 0.08450484 0.5430063 0.09302898 0.08284674 0.5423809 0.09502481 0.08069406 0.5428116 0.09618661 0.08423231 0.5428296 0.09354872 0.08238284 0.542416 0.09538074 0.08026468 0.5430906 0.09632984 0.0839007 0.5426906 0.09404018 0.08190666 0.5425078 0.09568872 0.08351867 0.5425959 0.09449712 0.08143064 0.5426562 0.09594718 0.08464055 0.5432684 0.09285883 0.08309628 0.5425511 0.09491424 0.08096715 0.5428593 0.09615571 0.08439808 0.5430768 0.09338815 0.08264469 0.54256 0.09528719 0.08052813 0.5431133 0.09631509 0.08409346 0.5429196 0.09389144 0.08217581 0.5426248 0.09561276 0.08012476 0.5434131 0.09642721 0.08373473 0.5428037 0.09436217 0.08170201 0.5427459 0.09588889 0.08475462 0.5435375 0.09268403 0.0833314 0.5427353 0.09479465 0.08123573 0.5429224 0.09611472 0.08454334 0.543333 0.09322179 0.0828942 0.5427187 0.09518414 0.08078912 0.5431511 0.09629058 0.08426714 0.5431591 0.09373589 0.08243481 0.5427568 0.09552699 0.0803737 0.5434274 0.09641794 0.08393337 0.5430234 0.09421951 0.08196544 0.542851 0.09582066 0.08484651 0.5438126 0.09250539 0.08355097 0.5429324 0.0946666 0.08149854 0.5430007 0.09606385 0.08466743 0.5435969 0.09305042 0.08313023 0.5428912 0.09507205 0.08104642 0.5432036 0.09625643 0.08442093 0.543408 0.09357424 0.08268246 0.5429034 0.09543177 0.08062088 0.5434559 0.09639943 0.08411368 0.543254 0.09406979 0.08221971 0.5429709 0.0957428 0.08023289 0.543752 0.09649502 0.08491581 0.5440923 0.09232376 0.08375399 0.5431417 0.09453069 0.08175437 0.5430939 0.09600333 0.08476974 0.5438672 0.09287484 0.08335165 0.543077 0.09495145 0.08129885 0.5432708 0.09621279 0.08455411 0.5436652 0.09340726 0.08291761 0.5430639 0.09532758 0.08086518 0.5434985 0.09637178 0.0842748 0.5434943 0.09391372 0.08246363 0.5431051 0.09565566 0.08046471 0.543772 0.09648204 0.08496219 0.5443753 0.09213998 0.08393951 0.5433622 0.09438755 0.08200203 0.5432015 0.09593344 0.08010773 0.5440848 0.09654638 0.08484982 0.5441429 0.09269586 0.08355746 0.5432749 0.09482291 0.08154522 0.5433523 0.09615988 0.08466605 0.5439293 0.09323571 0.08313914 0.5432374 0.09521489 0.08110545 0.5435549 0.09633512 0.08441599 0.5437433 0.09375202 0.08269607 0.5432529 0.09555966 0.08069435 0.5438052 0.09646048 0.08498544 0.5446603 0.0919549 0.08497592 0.5448842 0.091987 0.08410666 0.5435927 0.09423785 0.08224034 0.5433231 0.09585451 0.08032269 0.5440972 0.09653838 0.0849073 0.5444224 0.09251433 0.08374667 0.5434842 0.09468701 0.08178439 0.5434477 0.09609793 0.08475623 0.5441993 0.09306041 0.08334605 0.5434232 0.09509423 0.08134055 0.543625 0.09628961 0.0845366 0.5439998 0.09358546 0.08291593 0.5434137 0.09545525 0.08092075 0.5438514 0.09643043 0.08425466 0.5438322 0.09408228 0.08246822 0.5434579 0.09576691 0.08053614 0.5441218 0.09652239 0.08494188 0.5447046 0.09233108 0.08494588 0.5450168 0.09219127 0.08391842 0.5437038 0.0945444 0.08201524 0.5435566 0.09602724 0.08019677 0.5444294 0.09656857 0.08482424 0.5444738 0.09288216 0.08353736 0.5436204 0.09496616 0.08156941 0.5437084 0.09623547 0.08463605 0.5442626 0.09341479 0.0831222 0.5435867 0.0953429 0.08114287 0.5439106 0.09639204 0.08438283 0.5440797 0.09392158 0.08268458 0.5436056 0.09567104 0.08074709 0.5441586 0.09649852 0.08407189 0.5439327 0.09439574 0.08223669 0.5436784 0.09594813 0.08039262 0.5444464 0.0965576 0.08486976 0.5447515 0.0927018 0.08371217 0.5438281 0.09483128 0.08179095 0.5438047 0.09617295 0.0800887 0.5447665 0.09657296 0.08471388 0.5445305 0.09324083 0.08331391 0.5437711 0.09522316 0.08135965 0.5439822 0.09634547 0.08449055 0.5443339 0.09375648 0.08288843 0.5437653 0.09556734 0.08095457 0.5442073 0.09646686 0.08420638 0.5441699 0.09424171 0.08244771 0.5438126 0.09586097 0.08058665 0.5444744 0.09653938 0.08489256 0.5450311 0.09252016 0.08490392 0.5451486 0.09239406 0.08485016 0.5452789 0.09259488 0.08386967 0.5440453 0.09469022 0.08200414 0.5439134 0.09610234 0.08026567 0.5447767 0.09656637 0.08476974 0.5448022 0.09306438 0.08349017 0.543966 0.09509657 0.08157009 0.5440662 0.09629096 0.08457735 0.5445937 0.09358777 0.0830788 0.5439362 0.09545633 0.08115759 0.5442678 0.09642756 0.08432126 0.5444142 0.09408305 0.08264732 0.5439586 0.09576617 0.08077793 0.5445135 0.096514 0.08400913 0.5442711 0.09454363 0.08220798 0.5440341 0.09602397 0.08044141 0.5447969 0.09655322 0.08480336 0.5450764 0.09288628 0.0847847 0.5454078 0.09279324 0.08365016 0.5441706 0.09496371 0.08177322 0.544162 0.09622876 0.08015698 0.5451104 0.09654912 0.0846428 0.5448578 0.09341623 0.08325483 0.5441177 0.09533849 0.08135521 0.5443398 0.09638081 0.08441599 0.5446645 0.09392049 0.08283459 0.5441156 0.09566418 0.08096559 0.5445634 0.09648156 0.08412991 0.5445042 0.0943922 0.08240154 0.5441661 0.09593821 0.0806151 0.5448271 0.09653355 0.08379313 0.5443839 0.09482523 0.08196808 0.5442692 0.09615915 0.08031322 0.5451239 0.09654037 0.08468661 0.5451251 0.09324265 0.08341568 0.5443088 0.09521438 0.08154652 0.544423 0.09632682 0.08006801 0.5454454 0.09650645 0.08449014 0.5449197 0.09375479 0.08300864 0.544283 0.09555547 0.08114875 0.544624 0.09644222 0.08423141 0.5447438 0.09423663 0.08258389 0.544309 0.09584545 0.08078591 0.5448673 0.09650749 0.08391842 0.5446048 0.09468176 0.08215376 0.5443873 0.09608247 0.08046802 0.5451463 0.09652583 0.08470856 0.5453943 0.09306785 0.08470772 0.5455347 0.09298867 0.0846194 0.5456594 0.0931807 0.0835606 0.5445087 0.09508458 0.08173061 0.5445168 0.09626585 0.08020371 0.5454531 0.0965014 0.08454334 0.5451785 0.09358672 0.08316866 0.54446 0.09544054 0.08132655 0.5446949 0.09639616 0.0843132 0.5449886 0.09407766 0.0827542 0.5444619 0.09574613 0.08095306 0.5449171 0.09647514 0.08402543 0.5448323 0.09453396 0.08232939 0.5445157 0.09599905 0.08062062 0.5451775 0.09650558 0.08368893 0.5447164 0.0949497 0.08190663 0.544621 0.09619817 0.08033846 0.5454687 0.09649132 0.08457536 0.5454397 0.09341706 0.08451994 0.5457816 0.09336887 0.08331391 0.5446458 0.09531992 0.08149817 0.5447759 0.09634361 0.08011427 0.5457822 0.09643703 0.08437488 0.5452375 0.09391602 0.08291167 0.5446242 0.09564072 0.08111576 0.5449764 0.09643665 0.08411368 0.5450656 0.09438252 0.08249417 0.5446539 0.09590931 0.08077033 0.5452173 0.0964797 0.08380005 0.5449309 0.09481036 0.08207377 0.5447351 0.09612412 0.08047163 0.5454919 0.09647624 0.08344371 0.5448394 0.0951942 0.0816628 0.5448664 0.0962848 0.080228 0.5457921 0.09643066 0.08441615 0.5454894 0.09375246 0.08305556 0.5447952 0.09552969 0.08127327 0.5450449 0.0963922 0.08004606 0.5461088 0.09634811 0.08418274 0.5453032 0.09422816 0.08264732 0.5448012 0.09581364 0.08091645 0.5452657 0.09644832 0.08389346 0.5451513 0.09466722 0.08223123 0.5448584 0.09604402 0.08060261 0.5455226 0.09645625 0.08355746 0.5450399 0.09506393 0.08181968 0.5449662 0.09622001 0.08034067 0.5458083 0.09642007 0.08443684 0.545743 0.09358774 0.08440961 0.545901 0.09355271 0.0831852 0.544974 0.09541358 0.08142484 0.5451221 0.096342 0.08013795 0.5461141 0.09634469 0.08423231 0.5455443 0.0940716 0.08278812 0.5449569 0.09571252 0.0810583 0.5453222 0.09641158 0.0839687 0.5453766 0.09452094 0.0823783 0.5449905 0.09595826 0.08073077 0.5455609 0.09643145 0.08365461 0.5452465 0.09492976 0.08196808 0.5450747 0.09614954 0.08045174 0.5458311 0.09640533 0.0833 0.5451598 0.09529292 0.08156976 0.5452079 0.09628628 0.08022921 0.5461246 0.09633785 0.08426214 0.5457877 0.09391356 0.08428864 0.5460173 0.09373179 0.08415735 0.5461302 0.09390568 0.08291593 0.5451204 0.09560639 0.08119521 0.5453868 0.09636965 0.08006942 0.5464323 0.09623438 0.08402545 0.5456056 0.09437221 0.08251427 0.5451307 0.09586723 0.08085553 0.5456063 0.09640193 0.08373473 0.5454583 0.09479227 0.08210729 0.5451915 0.09607371 0.08056072 0.54586 0.0963865 0.08339941 0.5453517 0.09516828 0.08170736 0.5453018 0.09622531 0.08031939 0.5461403 0.09632764 0.08303014 0.5452907 0.09549577 0.08132655 0.545459 0.09632273 0.08013852 0.5464383 0.09623051 0.08406343 0.5458373 0.09422171 0.08263852 0.5452783 0.09577136 0.0809763 0.5456588 0.09636785 0.08002325 0.5467444 0.09610086 0.08379743 0.545674 0.09465213 0.08223669 0.5453159 0.09599289 0.08066708 0.5458952 0.09636366 0.08348296 0.5455489 0.09504023 0.08183701 0.5454034 0.09615936 0.08040809 0.5461611 0.09631411 0.08313023 0.5454672 0.09538115 0.08145171 0.5455386 0.09627104 0.08020697 0.5464482 0.09622408 0.08408247 0.5460707 0.09407015 0.08401604 0.5462395 0.09407395 0.08275047 0.5454327 0.0956711 0.08109252 0.5457181 0.09632936 0.08006963 0.5467471 0.09609914 0.08384243 0.5458929 0.09450999 0.08235565 0.5454475 0.09590745 0.08077033 0.5459364 0.09633691 0.08355028 0.5457504 0.09490937 0.08195808 0.5455121 0.09608875 0.08049488 0.546187 0.09629731 0.08321571 0.545649 0.09526308 0.08157009 0.5456252 0.09621481 0.08027446 0.546462 0.09621513 0.08284959 0.5455931 0.09556691 0.08120364 0.5457839 0.09628664 0.08011568 0.5467524 0.09609569 0.08386951 0.5461139 0.09436651 0.08386505 0.5463448 0.09423621 0.08370476 0.546446 0.09439206 0.08246363 0.5455856 0.09581778 0.08086999 0.5459834 0.09630639 0.08002328 0.5470486 0.09594495 0.08360104 0.5459553 0.09477632 0.08207004 0.5456275 0.09601381 0.08057937 0.5462178 0.09627733 0.08328621 0.5458353 0.09514211 0.08168116 0.5457184 0.09615433 0.08034067 0.5464796 0.09620368 0.08293544 0.5457589 0.09545927 0.08130915 0.5458558 0.09623989 0.08016119 0.5467603 0.09609054 0.08256013 0.5457295 0.09572431 0.08096559 0.546036 0.09627224 0.08004646 0.5470506 0.09594366 0.08363503 0.5461626 0.09464169 0.08217233 0.5457491 0.09593488 0.08066115 0.5462534 0.09625424 0.08334138 0.5460251 0.0950188 0.08178439 0.5458176 0.09608985 0.08040529 0.546501 0.0961898 0.08300759 0.5459291 0.0953487 0.08140856 0.5459337 0.09618932 0.08020596 0.5467709 0.0960837 0.08264469 0.5458786 0.09562747 0.08105669 0.5460939 0.09623461 0.08006942 0.547054 0.09594151 0.08365205 0.5463713 0.09450611 0.08353554 0.5465428 0.09454112 0.0822645 0.5458762 0.09585233 0.08073985 0.5462935 0.09622818 0.08338098 0.5462178 0.09489372 0.0818793 0.5459226 0.09602168 0.08046802 0.546526 0.09617355 0.08306572 0.5461031 0.0952357 0.0815014 0.5460171 0.09613519 0.08024976 0.5467839 0.09607523 0.08271692 0.5460322 0.09552772 0.08114287 0.5461569 0.09619369 0.08009206 0.5470586 0.0959385 0.08234612 0.5460082 0.09576655 0.0808151 0.546338 0.09619925 0.08340481 0.5464122 0.09476747 0.0833578 0.546635 0.09468304 0.08196544 0.5460328 0.09595015 0.08052856 0.5465546 0.09615501 0.08310956 0.54628 0.09512081 0.08158724 0.5461055 0.09607771 0.0802924 0.5467994 0.09606514 0.08277647 0.5461896 0.09542551 0.08122371 0.5462247 0.09614966 0.08011427 0.5470645 0.09593466 0.08241679 0.5461447 0.09567793 0.08088656 0.5463868 0.09616759 0.08204243 0.5461476 0.09587558 0.08058665 0.5465865 0.09613426 0.08313889 0.546459 0.09500455 0.08166568 0.5461987 0.0960172 0.08033369 0.5468174 0.09605349 0.08282309 0.54635 0.09532133 0.08129885 0.546297 0.09610272 0.08013594 0.5470717 0.09593001 0.0824762 0.5462849 0.09558689 0.08095387 0.5464395 0.09613335 0.08210989 0.5462665 0.09579832 0.08064199 0.5466217 0.0961114 0.0831536 0.5466393 0.09488748 0.08317197 0.5467224 0.09481748 0.08297849 0.5468046 0.09494411 0.08173635 0.5462962 0.0959539 0.08037341 0.5468376 0.09604034 0.08285654 0.5465128 0.09521566 0.08136794 0.5463734 0.09605311 0.08015698 0.54708 0.09592455 0.08252406 0.5464282 0.09549387 0.08101675 0.546496 0.09609668 0.0821675 0.5463891 0.09571874 0.08069435 0.54666 0.09608654 0.08179893 0.5463975 0.09588812 0.08041138 0.5468601 0.09602573 0.08287668 0.546677 0.09510899 0.08277785 0.5468815 0.09506262 0.08143064 0.5464536 0.09600104 0.08017729 0.5470896 0.09591833 0.08256014 0.5465738 0.09539927 0.08107487 0.5465559 0.09605776 0.08221502 0.5465146 0.09563721 0.08074346 0.5467012 0.09605979 0.08185312 0.5465021 0.09582018 0.08044745 0.5468848 0.09600976 0.08148667 0.5465372 0.09594676 0.08019677 0.5471003 0.09591138 0.0825843 0.5467212 0.09530355 0.081128 0.546619 0.09601678 0.08225221 0.5466426 0.09555409 0.08078912 0.5467451 0.09603127 0.08189867 0.5466096 0.09575037 0.08048142 0.5469114 0.09599247 0.08153577 0.5466238 0.09589053 0.08021533 0.5471121 0.09590371 0.08259641 0.5468696 0.09520716 0.08257051 0.546953 0.09517274 0.08235699 0.5470189 0.09527419 0.08117586 0.546685 0.09597392 0.0822789 0.5467725 0.09546979 0.08083109 0.5467915 0.09600113 0.08193536 0.5467195 0.09567904 0.08051315 0.5469398 0.09597397 0.08157772 0.546713 0.0958326 0.08023289 0.547125 0.09589537 0.08121823 0.5467536 0.09592937 0.08229496 0.5469035 0.09538469 0.08213778 0.547079 0.09536672 0.08086919 0.5468402 0.0959695 0.08196304 0.5468312 0.09560651 0.08054249 0.5469701 0.09595433 0.0816123 0.5468044 0.09577325 0.08024937 0.5471388 0.0958864 0.08125493 0.5468245 0.09588336 0.08090323 0.546891 0.09593652 0.08198156 0.5469442 0.09553311 0.0805693 0.547002 0.09593364 0.08163937 0.5468975 0.09571275 0.08026468 0.5471535 0.09587683 0.08128577 0.5468972 0.09583609 0.08093306 0.5469436 0.09590235 0.08199084 0.547058 0.09545921 0.08191341 0.5471332 0.09545013 0.08059345 0.5470353 0.09591201 0.08165881 0.546992 0.09565138 0.08027876 0.5471691 0.09586672 0.08131063 0.5469716 0.09578778 0.08095854 0.5469978 0.09586716 0.08061485 0.5470699 0.09588953 0.08167049 0.5470874 0.09558944 0.08168445 0.5471813 0.0955242 0.08145142 0.5472232 0.09558876 0.08029153 0.5471854 0.09585611 0.08132937 0.5470472 0.09573866 0.08097955 0.5470533 0.0958311 0.08063336 0.5471057 0.0958663 0.08030296 0.5472025 0.09584505 0.08134191 0.5471238 0.09568896 0.080996 0.5471099 0.09579434 0.08064893 0.5471424 0.09584245 0.08031297 0.5472201 0.09583359 0.0813482 0.5472009 0.09563891 0.0812149 0.5472589 0.09564366 0.0810078 0.5471674 0.09575706 0.08066148 0.5471799 0.09581806 0.08032151 0.5472383 0.09582178 0.08101491 0.5472253 0.09571943 0.08097545 0.5472881 0.09568875 0.08073365 0.547311 0.09572394 0.08067094 0.5472181 0.09579327 0.08032856 0.5472569 0.09580969 0.08067726 0.5472567 0.09576819 0.08033408 0.5472759 0.09579736 0.08068044 0.5472956 0.09574293 0.08049009 0.5473273 0.09574914 0.08033804 0.5472952 0.09578486 0.08034042 0.5473146 0.09577223 0.08024534 0.5473372 0.09576427 -0.07590031 0.5553244 0.0692412 -0.07580087 0.5553318 0.069241 -0.07570191 0.5553442 0.06924069 -0.07560371 0.5553616 0.06924024 -0.07550648 0.5553837 0.06923967 -0.07541049 0.5554108 0.06923898 -0.07531596 0.5554425 0.06923815 -0.07522313 0.5554789 0.06923721 -0.07513223 0.5555199 0.06923616 -0.0750435 0.5555654 0.06923499 -0.07495713 0.5556152 0.0692337 -0.07487336 0.5556693 0.0692323 -0.07479239 0.5557275 0.0692308 -0.07471442 0.5557897 0.06922919 -0.07463966 0.5558557 0.06922749 -0.07456827 0.5559252 0.0692257 -0.07450043 0.5559984 0.06922382 -0.07443634 0.5560747 0.06922185 -0.07437612 0.5561542 0.0692198 -0.07431995 0.5562365 0.06921767 -0.07426795 0.5563216 0.06921548 -0.07422025 0.5564091 0.06921322 -0.07417699 0.556499 0.0692109 -0.07 0.5636193 0.06902722 -0.07407475 0.5567797 0.06920366 -0.07405014 0.5568763 0.06920116 -0.07403039 0.5569741 0.06919865 -0.07401552 0.5570726 0.06919611 -0.07400559 0.5571718 0.06919354 -0.07400062 0.5572714 0.06919097 -0.07400062 0.5573711 0.0691884 -0.07400559 0.5574706 0.06918584 -0.07401552 0.5575699 0.06918327 -0.07403039 0.5576685 0.06918073 -0.07405014 0.5577662 0.06917822 -0.07407475 0.5578627 0.06917572 -0.07410415 0.557958 0.06917326 -0.07413825 0.5580517 0.06917085 -0.07417699 0.5581436 0.06916848 -0.07422025 0.5582334 0.06916616 -0.07426795 0.5583209 0.0691639 -0.07431995 0.558406 0.06916171 -0.07437612 0.5584883 0.06915958 -0.07443634 0.5585678 0.06915753 -0.07450043 0.5586442 0.06915556 -0.07456827 0.5587173 0.06915368 -0.07463966 0.5587869 0.06915188 -0.07471442 0.5588528 0.06915018 -0.07479239 0.558915 0.06914857 -0.07487336 0.5589732 0.06914707 -0.07495713 0.5590273 0.06914568 -0.0750435 0.5590771 0.06914439 -0.07513223 0.5591226 0.06914322 -0.07522313 0.5591636 0.06914217 -0.07531596 0.5592 0.06914122 -0.07541049 0.5592318 0.0691404 -0.07550648 0.5592588 0.06913971 -0.07560371 0.5592809 0.06913914 -0.07570191 0.5592983 0.06913869 -0.07580087 0.5593107 0.06913837 -0.07590031 0.5593181 0.06913818 -0.07410415 0.5566845 0.06920612 -0.07413825 0.5565908 0.06920853 -0.07590031 0.5555823 0.07923788 -0.07580087 0.5555897 0.07923769 -0.07570191 0.5556021 0.07923737 -0.07560371 0.5556194 0.07923692 -0.07550648 0.5556416 0.07923634 -0.07541049 0.5556686 0.07923565 -0.07531596 0.5557004 0.07923483 -0.07522313 0.5557368 0.07923389 -0.07513223 0.5557778 0.07923283 -0.0750435 0.5558233 0.07923166 -0.07495713 0.5558731 0.07923037 -0.07487336 0.5559272 0.07922898 -0.07479239 0.5559854 0.07922748 -0.07471442 0.5560475 0.07922588 -0.07463966 0.5561135 0.07922417 -0.07456827 0.5561831 0.07922237 -0.07450043 0.5562562 0.07922049 -0.07443634 0.5563326 0.07921852 -0.07437612 0.556412 0.07921647 -0.07431995 0.5564944 0.07921435 -0.07426795 0.5565795 0.07921215 -0.07422025 0.556667 0.07920989 -0.07417699 0.5567568 0.07920757 -0.07413825 0.5568487 0.07920521 -0.07410415 0.5569424 0.07920279 -0.07407475 0.5570377 0.07920033 -0.07405014 0.5571342 0.07919784 -0.07403039 0.5572319 0.07919532 -0.07401552 0.5573305 0.07919278 -0.07400559 0.5574297 0.07919022 -0.07400062 0.5575293 0.07918765 -0.07400062 0.557629 0.07918507 -0.07400559 0.5577285 0.07918251 -0.07401552 0.5578278 0.07917995 -0.07403039 0.5579263 0.07917741 -0.07405014 0.558024 0.07917489 -0.07407475 0.5581206 0.07917239 -0.07410415 0.5582159 0.07916994 -0.07413825 0.5583096 0.07916752 -0.07417699 0.5584014 0.07916515 -0.07422025 0.5584913 0.07916283 -0.07426795 0.5585788 0.07916058 -0.07431995 0.5586639 0.07915838 -0.07437612 0.5587462 0.07915626 -0.07443634 0.5588257 0.07915421 -0.07450043 0.558902 0.07915224 -0.07456827 0.5589752 0.07915035 -0.07463966 0.5590447 0.07914856 -0.07471442 0.5591107 0.07914685 -0.07479239 0.5591729 0.07914525 -0.07487336 0.5592311 0.07914375 -0.07495713 0.5592852 0.07914236 -0.0750435 0.559335 0.07914107 -0.07513223 0.5593805 0.07913989 -0.07522313 0.5594214 0.07913884 -0.07531596 0.5594579 0.0791379 -0.07541049 0.5594896 0.07913708 -0.07550648 0.5595167 0.07913638 -0.07560371 0.5595388 0.07913581 -0.07570191 0.5595562 0.07913536 -0.07580087 0.5595685 0.07913504 -0.07590031 0.559576 0.07913485 0.07309969 0.5555823 0.07923788 0.07319913 0.5555897 0.07923769 0.07329809 0.5556021 0.07923737 0.07339629 0.5556194 0.07923692 0.07349352 0.5556416 0.07923634 0.07358951 0.5556686 0.07923565 0.07368404 0.5557004 0.07923483 0.07377687 0.5557368 0.07923389 0.07386777 0.5557778 0.07923283 0.0739565 0.5558233 0.07923166 0.07404287 0.5558731 0.07923037 0.07412664 0.5559272 0.07922898 0.07420761 0.5559854 0.07922748 0.07428558 0.5560475 0.07922588 0.07436034 0.5561135 0.07922417 0.07443173 0.5561831 0.07922237 0.07449957 0.5562562 0.07922049 0.07456366 0.5563326 0.07921852 0.07462388 0.556412 0.07921647 0.07468005 0.5564944 0.07921435 0.07473205 0.5565795 0.07921215 0.07477975 0.556667 0.07920989 0.07482301 0.5567568 0.07920757 0.07486175 0.5568487 0.07920521 0.07489585 0.5569424 0.07920279 0.07492525 0.5570377 0.07920033 0.07494986 0.5571342 0.07919784 0.07496961 0.5572319 0.07919532 0.07498448 0.5573305 0.07919278 0.07499441 0.5574297 0.07919022 0.07499938 0.5575293 0.07918765 0.07499938 0.557629 0.07918507 0.07499441 0.5577285 0.07918251 0.07498448 0.5578278 0.07917995 0.07496961 0.5579263 0.07917741 0.07494986 0.558024 0.07917489 0.07492525 0.5581206 0.07917239 0.07489585 0.5582159 0.07916994 0.07486175 0.5583096 0.07916752 0.07482301 0.5584014 0.07916515 0.07477975 0.5584913 0.07916283 0.07473205 0.5585788 0.07916058 0.07468005 0.5586639 0.07915838 0.07462388 0.5587462 0.07915626 0.07456366 0.5588257 0.07915421 0.07449957 0.558902 0.07915224 0.07443173 0.5589752 0.07915035 0.07436034 0.5590447 0.07914856 0.07428558 0.5591107 0.07914685 0.07420761 0.5591729 0.07914525 0.07412664 0.5592311 0.07914375 0.07404287 0.5592852 0.07914236 0.0739565 0.559335 0.07914107 0.07386777 0.5593805 0.07913989 0.07377687 0.5594214 0.07913884 0.07368404 0.5594579 0.0791379 0.07358951 0.5594896 0.07913708 0.07349352 0.5595167 0.07913638 0.07339629 0.5595388 0.07913581 0.07329809 0.5595562 0.07913536 0.07319913 0.5595685 0.07913504 0.07309969 0.559576 0.07913485 0.04561042 0.5829797 0.05842845 -0.04561042 0.5829797 0.05842845</float_array>
          <technique_common>
            <accessor count="2932" source="#cubeverts-array0-array" stride="3">
              <param type="float" name="X"/>
              <param type="float" name="Y"/>
              <param type="float" name="Z"/>
            </accessor>
          </technique_common>
        </source>
        <source id="cubenormals-array0">
          <float_array count="17592" id="cubenormals-array0-array">0.02449045 -0.9993677 0.02577962 0.02510093 -0.9993524 0.02578227 0.07469736 -0.9968746 0.02571532 0.07469638 -0.9968747 0.02571531 0.1242818 -0.991917 0.02558743 0.1242828 -0.9919169 0.02558743 0.1738761 -0.98444 0.02539455 0.1738771 -0.9844398 0.02539455 0.2228452 -0.9745296 0.02514187 0.2222636 -0.9746624 0.02514232 0.2706389 -0.9623608 0.024825 0.271205 -0.9622015 0.02482382 0.3183652 -0.9476529 0.02444559 0.3183662 -0.9476526 0.02444558 0.3654993 -0.9305021 0.02400316 0.3654993 -0.9305021 0.02400317 0.4114131 -0.9111458 0.02350664 0.4109038 -0.9113755 0.02350978 0.4561576 -0.8896031 0.02294814 0.4566419 -0.8893547 0.02294445 0.4996883 -0.8659173 0.02233714 0.499689 -0.8659168 0.02233713 0.5424775 -0.839791 0.02166319 0.5424775 -0.839791 0.02166319 0.5839606 -0.811512 0.02093371 0.5839599 -0.8115125 0.02093372 0.6233653 -0.7816707 0.02016393 0.6233647 -0.7816712 0.02016394 0.6617858 -0.7494437 0.0193326 0.6617869 -0.7494428 0.01933258 0.6980983 -0.7157639 0.0184638 0.6980983 -0.7157639 0.01846379 0.7332275 -0.6797574 0.01753497 0.7332275 -0.6797574 0.01753497 0.7660255 -0.6425964 0.01657637 0.766026 -0.6425959 0.01657636 0.7971117 -0.6036311 0.01557123 0.797112 -0.6036306 0.01557122 0.826143 -0.5632731 0.01453016 0.8261427 -0.5632737 0.01453017 0.8533629 -0.5211439 0.01344339 0.853363 -0.5211439 0.01344339 0.8782778 -0.4779916 0.0123317 0.8781379 -0.4782485 0.01233687 0.9009107 -0.4338603 0.01119183 0.9010261 -0.4336208 0.01118698 0.9214755 -0.3883074 0.01001675 0.9214754 -0.3883077 0.01001676 0.9397183 -0.3418359 0.008817977 0.9397182 -0.341836 0.008817978 0.9555797 -0.294635 0.007600383 0.9555797 -0.2946349 0.007600383 0.9690722 -0.2466953 0.006364487 0.9690349 -0.2468414 0.006367504 0.9801642 -0.1981216 0.00511073 0.9801882 -0.1980029 0.005108274 0.9888198 -0.1490657 0.00384529 0.9888334 -0.1489756 0.003843419 0.995039 -0.09945292 0.002565785 0.9950329 -0.09951358 0.002567045 0.9987547 -0.04987399 0.001286546 0.9987547 -0.04987388 0.001286544 1 0 0 1 0 -0 0.9987547 0.04987399 -0.001286546 0.9987562 0.04984347 -0.001285911 0.995039 0.09945292 -0.002565785 0.9950329 0.09951358 -0.002567045 0.9888198 0.1490657 -0.003845289 0.9888198 0.1490657 -0.003845289 0.9801881 0.1980029 -0.005107669 0.9801882 0.1980027 -0.005107665 0.9690349 0.2468414 -0.006367504 0.9690722 0.2466953 -0.006364487 0.9555796 0.2946349 -0.007601281 0.9555265 0.294807 -0.007604822 0.9397182 0.3418362 -0.008817985 0.9397182 0.341836 -0.008817978 0.9214755 0.3883074 -0.01001675 0.9214754 0.3883077 -0.01001676 0.9010261 0.4336208 -0.01118565 0.901026 0.4336208 -0.01118565 0.8533627 0.5211443 -0.0134434 0.8781379 0.4782485 -0.01233687 0.8781379 0.4782485 -0.01233687 0.8533629 0.5211439 -0.01344339 0.8261427 0.5632737 -0.01453017 0.826143 0.5632731 -0.01453016 0.797112 0.6036306 -0.01557122 0.7971117 0.6036311 -0.01557123 0.7660255 0.6425964 -0.01657637 0.7662787 0.6422947 -0.01657055 0.7332274 0.6797572 -0.01753705 0.7329444 0.6800623 -0.01754284 0.6980993 0.7157629 -0.01846377 0.6980988 0.7157633 -0.01846378 0.6617858 0.7494437 -0.0193326 0.6617858 0.7494437 -0.0193326 0.6233647 0.7816712 -0.02016393 0.6233648 0.7816711 -0.02016393 0.5839612 0.8115116 -0.0209337 0.5839612 0.8115116 -0.0209337 0.5424761 0.8397919 -0.02166321 0.5424768 0.8397914 -0.0216632 0.499689 0.8659168 -0.02233713 0.5001472 0.8656523 -0.02233295 0.4566419 0.8893546 -0.02294444 0.4561575 0.8896031 -0.02294814 0.4109038 0.9113755 -0.02350978 0.4114131 0.9111458 -0.02350664 0.3654993 0.9305019 -0.02400601 0.3649699 0.9307097 -0.02400853 0.3183661 0.9476526 -0.02444559 0.3183644 0.9476532 -0.02444559 0.2712049 0.9622015 -0.02482088 0.2222636 0.9746624 -0.02514233 0.2712059 0.9622013 -0.02482088 0.2222636 0.9746624 -0.02514232 0.1738761 0.98444 -0.02539455 0.1738771 0.9844398 -0.02539455 0.1242828 0.9919168 -0.02558742 0.1242828 0.9919168 -0.02558742 0.07469638 0.9968747 -0.02571531 0.07469638 0.9968747 -0.02571531 0.02510192 0.9993525 -0.02577923 0.02510093 0.9993525 -0.02577923 0.02510093 -0.9993525 0.02577923 0.02510093 -0.9993525 0.02577923 0.07469638 -0.9968747 0.02571531 0.07469638 -0.9968747 0.02571531 0.1242828 -0.9919169 0.02558742 0.1242828 -0.9919169 0.02558742 0.1738771 -0.9844398 0.02539455 0.1738771 -0.9844398 0.02539455 0.2222636 -0.9746624 0.02514233 0.2222636 -0.9746624 0.02514232 0.2712049 -0.9622015 0.02482089 0.271205 -0.9622015 0.02482089 0.3183662 -0.9476526 0.02444558 0.3183644 -0.9476532 0.02444558 0.3654993 -0.9305021 0.02400315 0.365501 -0.9305014 0.02400315 0.4109038 -0.9113755 0.02350978 0.4109038 -0.9113755 0.02350978 0.4566419 -0.8893547 0.02294174 0.4566419 -0.8893547 0.02294174 0.499689 -0.8659168 0.02233713 0.499689 -0.8659168 0.02233713 0.5424761 -0.8397918 0.0216632 0.5424775 -0.839791 0.02166319 0.5839612 -0.8115116 0.0209337 0.5839599 -0.8115125 0.02093371 0.6233647 -0.7816712 0.02016394 0.6233647 -0.7816712 0.02016394 0.6617858 -0.7494437 0.01933259 0.6617869 -0.7494427 0.01933258 0.6980993 -0.7157629 0.01846377 0.6980982 -0.7157638 0.01846378 0.7332275 -0.6797574 0.01753497 0.7332275 -0.6797574 0.01753498 0.7660256 -0.6425964 0.01657637 0.7660255 -0.6425964 0.01657637 0.797112 -0.6036306 0.01557122 0.797112 -0.6036307 0.01557122 0.8261426 -0.5632736 0.01453017 0.8261426 -0.5632736 0.01453017 0.853363 -0.5211439 0.01344339 0.853363 -0.5211439 0.01344339 0.8781379 -0.4782485 0.01233687 0.8781379 -0.4782485 0.01233687 0.901026 -0.4336208 0.01118565 0.901026 -0.4336208 0.01118565 0.9214753 -0.3883077 0.01001676 0.9214753 -0.3883077 0.01001676 0.9397182 -0.341836 0.008817978 0.9397183 -0.3418359 0.008817977 0.9555797 -0.2946349 0.007600383 0.9555797 -0.2946349 0.007600383 0.9690349 -0.2468414 0.006367504 0.9690349 -0.2468414 0.006367504 0.9801881 -0.1980029 0.00510767 0.9801881 -0.1980029 0.005107671 0.9888198 -0.1490657 0.00384529 0.9888198 -0.1490657 0.00384529 0.995039 -0.09945293 0.002565481 0.995039 -0.09945294 0.002565481 0.9987547 -0.04987399 0.001286546 0.9987547 -0.04987399 0.001286546 1 0 0 1 0 -0 0.9987546 0.04987398 -0.001286545 0.9987562 0.04984342 -0.001286062 0.995039 0.09945291 -0.002566088 0.9950329 0.09951349 -0.002567043 0.9888198 0.1490657 -0.00384529 0.9888198 0.1490657 -0.00384529 0.9801881 0.1980029 -0.005107671 0.9801881 0.1980029 -0.00510767 0.9690722 0.246695 -0.006365234 0.9690349 0.2468414 -0.006367504 0.9555265 0.2948073 -0.007604829 0.9555796 0.2946349 -0.007602181 0.9397183 0.3418359 -0.008817977 0.9397182 0.341836 -0.008817978 0.9214753 0.3883077 -0.01001676 0.9214753 0.3883077 -0.01001676 0.901026 0.4336208 -0.01118565 0.901026 0.4336208 -0.01118565 0.8781379 0.4782485 -0.01233687 0.8781379 0.4782485 -0.01233687 0.853363 0.5211439 -0.01344339 0.853363 0.5211439 -0.01344339 0.8261426 0.5632736 -0.01453017 0.8261426 0.5632736 -0.01453017 0.797112 0.6036306 -0.01557122 0.797112 0.6036307 -0.01557122 0.7660255 0.6425964 -0.01657637 0.7660256 0.6425964 -0.01657637 0.7332275 0.6797574 -0.01753497 0.7332275 0.6797574 -0.01753498 0.6980982 0.7157638 -0.01846378 0.6980993 0.7157629 -0.01846377 0.6617858 0.7494437 -0.01933259 0.6617858 0.7494437 -0.01933259 0.6233659 0.7816702 -0.02016391 0.6233647 0.7816711 -0.02016392 0.5839599 0.8115125 -0.02093371 0.5424774 0.839791 -0.02166318 0.5839612 0.8115116 -0.0209337 0.5424761 0.8397919 -0.02166322 0.500148 0.8656518 -0.02233558 0.499689 0.8659168 -0.02233713 0.4561575 0.8896031 -0.02294814 0.4566419 0.8893546 -0.02294716 0.4109038 0.9113755 -0.02350978 0.4109038 0.9113755 -0.02350978 0.3654993 0.9305021 -0.02400317 0.3654993 0.9305021 -0.02400317 0.3183661 0.9476526 -0.02444558 0.3183662 0.9476526 -0.02444558 0.271205 0.9622015 -0.02482089 0.2712049 0.9622015 -0.02482089 0.2222636 0.9746624 -0.02514232 0.2222636 0.9746624 -0.02514233 0.1738771 0.9844398 -0.02539455 0.1242808 0.9919171 -0.02558743 0.1738771 0.9844398 -0.02539455 0.1242828 0.9919169 -0.0255874 0.07469834 0.9968746 -0.02571531 0.07469638 0.9968747 -0.02571529 0.02510093 0.9993525 -0.02577923 0.02510093 0.9993525 -0.02577923 -0.9996988 -0.01336527 -0.02057952 -0.9996989 -0.01336527 -0.02057952 -0.9972911 -0.04006077 -0.06168911 -0.9972906 -0.04006621 -0.061693 -0.9924784 -0.0666772 -0.102668 -0.9924797 -0.06666817 -0.1026615 -0.9852783 -0.09310934 -0.143378 -0.9852758 -0.0931219 -0.1433869 -0.9757025 -0.1193287 -0.1837528 -0.9757025 -0.1193287 -0.1837528 -0.9637734 -0.1452659 -0.2236932 -0.9637734 -0.1452658 -0.2236932 -0.9495327 -0.170834 -0.2630652 -0.9495327 -0.170834 -0.2630652 -0.9329938 -0.1960094 -0.3018326 -0.9142076 -0.2207107 -0.3398697 -0.9329938 -0.1960094 -0.3018326 -0.9142075 -0.2207107 -0.3398697 -0.893222 -0.2448758 -0.3770813 -0.8932253 -0.2448698 -0.3770774 -0.8700861 -0.268447 -0.4133841 -0.8700821 -0.2684534 -0.4133883 -0.8448542 -0.291377 -0.448688 -0.8448542 -0.291377 -0.448688 -0.8175927 -0.3135982 -0.4829062 -0.8175927 -0.3135982 -0.4829062 -0.7883554 -0.3350693 -0.5159693 -0.7883233 -0.3351089 -0.5159926 -0.7571808 -0.3557756 -0.5478147 -0.757217 -0.3557345 -0.5477914 -0.7242548 -0.3755423 -0.5782931 -0.7242547 -0.3755423 -0.5782931 -0.6895639 -0.394437 -0.6073888 -0.6895279 -0.3944719 -0.6074069 -0.6531603 -0.4124241 -0.6350497 -0.6531995 -0.4123886 -0.6350323 -0.6152264 -0.4293619 -0.6611692 -0.6152264 -0.4293619 -0.6611692 -0.5758014 -0.4452864 -0.6856914 -0.5758014 -0.4452864 -0.6856914 -0.5350127 -0.4601301 -0.708549 -0.5350127 -0.4601301 -0.708549 -0.4928601 -0.4739143 -0.729722 -0.4929245 -0.4738702 -0.7297072 -0.4496473 -0.4864697 -0.7491091 -0.4052067 -0.4979174 -0.7667371 -0.4495797 -0.4865132 -0.7491214 -0.4052777 -0.4979257 -0.7666942 -0.359892 -0.5081656 -0.7824612 -0.359892 -0.5081656 -0.7824612 -0.3137053 -0.5171404 -0.7963384 -0.2667389 -0.5249006 -0.8082882 -0.3136287 -0.5171806 -0.7963424 -0.2667389 -0.5249006 -0.8082882 -0.2190837 -0.531402 -0.8182997 -0.2190837 -0.531402 -0.8182997 -0.1709435 -0.5366167 -0.8263298 -0.1709435 -0.5366167 -0.8263298 -0.122444 -0.5405351 -0.8323637 -0.07357894 -0.543157 -0.836401 -0.1224441 -0.5405351 -0.8323637 -0.07357892 -0.543157 -0.836401 -0.02448045 -0.544498 -0.8384049 -0.02456532 -0.5444689 -0.8384212 0.9996989 -0.01336356 -0.02057801 0.9996989 -0.01336414 -0.02057927 0.9972907 -0.04006438 -0.06169355 0.9972904 -0.0400661 -0.06169732 0.9924787 -0.0666725 -0.1026682 0.9924796 -0.06666966 -0.102662 0.9852779 -0.09311188 -0.1433793 0.9852763 -0.09311583 -0.143388 0.9757025 -0.11933 -0.1837522 0.9757031 -0.1193291 -0.1837501 0.9637747 -0.1452648 -0.2236883 0.9637747 -0.1452648 -0.2236883 0.949528 -0.1708414 -0.2630776 0.9495335 -0.1708345 -0.2630622 0.9329887 -0.1960161 -0.301844 0.9329973 -0.1960069 -0.3018232 0.9142095 -0.2207109 -0.339864 0.9142095 -0.2207109 -0.339864 0.8932262 -0.2448743 -0.3770723 0.8932262 -0.2448743 -0.3770722 0.8700889 -0.2684503 -0.413376 0.8448504 -0.2913833 -0.4486911 0.8700863 -0.2684522 -0.4133803 0.8448473 -0.2913867 -0.4486947 0.8175869 -0.3136067 -0.4829105 0.8175868 -0.3136067 -0.4829105 0.7883493 -0.3350779 -0.5159731 0.7572082 -0.3557447 -0.5477971 0.7883492 -0.3350779 -0.5159731 0.7572081 -0.3557447 -0.547797 0.7242458 -0.3755522 -0.5782979 0.7242458 -0.3755522 -0.5782979 0.6895282 -0.3944605 -0.607414 0.6895282 -0.3944605 -0.607414 0.6531931 -0.4123969 -0.6350335 0.6531869 -0.4123988 -0.6350387 0.6152201 -0.4293701 -0.6611698 0.6152134 -0.4293719 -0.6611749 0.5758216 -0.4452833 -0.6856765 0.5758289 -0.4452817 -0.6856716 0.5349914 -0.4601434 -0.7085565 0.5349838 -0.4601449 -0.7085613 0.4928934 -0.4738859 -0.729718 0.4928934 -0.4738859 -0.729718 0.4496159 -0.4864835 -0.7491191 0.4496244 -0.4864823 -0.7491147 0.4052215 -0.4979202 -0.7667275 0.4052125 -0.4979212 -0.7667317 0.3599221 -0.5081385 -0.782465 0.3599314 -0.5081378 -0.7824611 0.3136656 -0.5171542 -0.7963451 0.3136558 -0.5171546 -0.7963486 0.2191467 -0.5313929 -0.8182886 0.2666857 -0.5249073 -0.8083013 0.2667477 -0.5249059 -0.8082817 0.1709693 -0.5366198 -0.8263224 0.2190934 -0.5314063 -0.8182942 0.1709588 -0.5366222 -0.8263231 0.07357595 -0.543164 -0.8363966 0.1223646 -0.5405474 -0.8323674 0.1223646 -0.5405474 -0.8323674 0.07357596 -0.543164 -0.8363968 0.02453611 -0.5444763 -0.8384173 0.02453611 -0.5444763 -0.8384173 -0.9918742 0.09589338 0.08360562 -0.9966838 0.06929827 0.04265258 -0.9993316 0.03609071 0.005807932 -0.9887006 0.1058831 0.1061129 -0.9751091 0.1485156 0.1646365 -0.9846783 0.1223142 0.1242894 -0.9695657 0.1582751 0.1867922 -0.9489498 0.2000006 0.2439141 -0.9631875 0.1744381 0.2045514 -0.9410893 0.2094031 0.2655206 -0.9136532 0.2498338 0.320657 -0.9324286 0.2251462 0.2826411 -0.9981886 0.0559411 0.02214031 -0.9035547 0.2587537 0.3415194 -0.869559 0.2975471 0.3941229 -0.8926702 0.2739986 0.3578614 -0.9885751 0.1091018 0.1040006 -0.9885752 0.109101 0.1039999 -0.8170894 0.3426744 0.4636154 -0.84435 0.3204534 0.429398 -0.8573199 0.3058681 0.4140618 -0.9694427 0.1614881 0.1846688 -0.9694424 0.161489 0.1846695 -0.8028259 0.3502864 0.4824625 -0.756726 0.3848009 0.5284827 -0.7878695 0.3641333 0.4966573 -0.9409713 0.2126068 0.2633847 -0.9034398 0.2619571 0.3393743 -0.9409699 0.2126099 0.2633871 -0.9981887 0.05594069 0.02213982 -0.6891136 0.4234729 0.588042 -0.7238283 0.4045656 0.558927 -0.7405833 0.3915955 0.5460672 -0.9034425 0.2619556 0.3393682 -0.9694423 0.1614893 0.1846693 -0.9885752 0.1091014 0.1039997 -0.9885751 0.109102 0.1040001 -0.6712449 0.429356 0.6042216 -0.6148748 0.458359 0.6417444 -0.6527559 0.4414271 0.6156719 -0.8572113 0.3090593 0.4119118 -0.857201 0.3090735 0.4119223 -0.8027241 0.3534728 0.480303 -0.9694421 0.1614896 0.1846704 -0.5346997 0.4891165 0.6891017 -0.5754393 0.4742903 0.6662719 -0.5954193 0.4632518 0.6564096 -0.8027274 0.3534718 0.4802983 -0.9409724 0.2126055 0.2633816 -0.9409711 0.2126082 0.2633837 -0.9885752 0.1091014 0.1040006 -0.9981885 0.05594124 0.02214064 -0.4493515 0.5154418 0.7296596 -0.492593 0.5028534 0.7102751 -0.5138373 0.4929375 0.7021281 -0.7404892 0.394777 0.5438996 -0.6711596 0.4325365 0.6020439 -0.7404931 0.3947732 0.543897 -0.9034392 0.2619581 0.3393754 -0.9034427 0.2619519 0.3393707 -0.8572012 0.3090693 0.4119251 -0.9885757 0.1091003 0.1039965 -0.4273518 0.5181104 0.7408995 -0.3596628 0.5370974 0.7630001 -0.4049642 0.5268783 0.7472639 -0.5953438 0.4664225 0.6542292 -0.6711532 0.4325374 0.6020504 -0.8572084 0.3090664 0.4119122 -0.9694421 0.1614882 0.1846713 -0.9694401 0.1614945 0.1846762 -0.3367381 0.5385607 0.7723728 -0.2665221 0.5538542 0.7888038 -0.3135268 0.5460883 0.7768453 -0.5953415 0.4664227 0.6542311 -0.8027274 0.3534711 0.4802987 -0.7404932 0.3947726 0.5438975 -0.8027169 0.3534836 0.4803074 -0.9034393 0.2619538 0.3393783 -0.9409717 0.2126046 0.2633848 -0.9409725 0.2126028 0.2633834 -0.9981893 0.05593333 0.02213032 -0.2428478 0.5540709 0.7962603 -0.1708547 0.5655544 0.806819 -0.2189596 0.5603431 0.7987943 -0.4272975 0.521284 0.7387013 -0.5137851 0.4961023 0.6999339 -0.5137718 0.4961106 0.6999377 -0.6711531 0.4325413 0.6020477 -0.7405021 0.3947707 0.5438867 -0.9034429 0.2619519 0.3393703 -0.9885756 0.1090988 0.1039984 -0.9885758 0.1090982 0.1039979 -0.02452699 0.567006 0.8233485 -0.07352103 0.5720917 0.8168877 -0.1223566 0.5694718 0.8128535 -0.1466646 0.5644907 0.8123052 -0.4272933 0.521284 0.7387038 -0.6711383 0.4325433 0.6020628 -0.8572079 0.3090633 0.4119156 -0.8572086 0.3090623 0.411915 -0.8027169 0.3534788 0.4803105 -0.9694417 0.1614888 0.1846733 -0.9694402 0.1614934 0.184677 -0.3366928 0.5417234 0.7701777 -0.3366955 0.5417221 0.7701775 -0.2428168 0.5572321 0.7940606 -0.5953415 0.4664238 0.6542303 -0.5953473 0.4664196 0.654228 -0.7405022 0.3947672 0.5438891 -0.8027171 0.3534788 0.4803103 -0.9409739 0.2126029 0.2633785 -0.9409716 0.2126081 0.2633826 -0.9981876 0.05595166 0.02215477 -0.9981886 0.05594128 0.02214061 -0.2428425 0.5572356 0.7940504 -0.4272933 0.5212864 0.7387022 -0.5137979 0.4960993 0.6999266 -0.5137849 0.4961074 0.6999303 -0.6711385 0.4325413 0.6020641 -0.7404943 0.3947688 0.5438986 -0.9034429 0.2619519 0.3393703 -0.9034388 0.2619591 0.3393756 -0.9885749 0.1091031 0.104 -0.9885756 0.1091001 0.1039976 -0.1466192 0.5676597 0.810102 -0.0490411 0.5728865 0.8181663 -0.1466461 0.5676505 0.8101037 -0.4272797 0.521286 0.7387103 -0.6711636 0.4325379 0.6020384 -0.857206 0.309065 0.4119184 -0.857208 0.3090622 0.4119163 -0.8027171 0.3534779 0.480311 -0.9694415 0.1614906 0.184672 -0.9694413 0.1614915 0.1846727 -0.3366968 0.541721 0.7701776 -0.3366928 0.5417229 0.770178 -0.5953473 0.4664208 0.6542271 -0.5953279 0.4664351 0.6542347 -0.7404941 0.3947735 0.5438955 -0.8027221 0.3534765 0.4803036 -0.940974 0.2126031 0.2633778 -0.9409738 0.2126034 0.2633781 -0.9981879 0.05594783 0.02215231 -0.2428402 0.5572292 0.7940556 -0.2428426 0.5572282 0.7940556 -0.513798 0.4960955 0.6999292 -0.5137882 0.4961017 0.6999319 -0.7404956 0.3947732 0.5438938 -0.9034389 0.2619568 0.3393771 -0.9034374 0.2619593 0.339379 -0.988575 0.1091019 0.1040008 -0.9885756 0.1090992 0.1039987 -0.0490454 0.5728868 0.8181658 -0.1466213 0.567652 0.810107 -0.04904141 0.5728865 0.8181662 -0.1466192 0.5676528 0.8101069 -0.4272971 0.5212774 0.7387064 -0.4272797 0.521287 0.7387097 -0.5953282 0.4664273 0.6542401 -0.6711532 0.4325397 0.6020488 -0.6711639 0.4325306 0.6020434 -0.8572047 0.3090665 0.4119199 -0.8027222 0.353475 0.4803047 -0.857206 0.3090647 0.4119186 -0.9694421 0.1614896 0.1846704 -0.9694414 0.161492 0.1846723 -0.2428402 0.5572298 0.7940551 -0.3366968 0.5417228 0.7701765 -0.3366996 0.5417214 0.7701761 -0.5953323 0.466427 0.6542364 -0.8027222 0.3534749 0.4803046 -0.9409741 0.2126004 0.2633796 -0.9409698 0.2126102 0.2633872 -0.9981884 0.05594266 0.02214271 -0.9885756 0.1090999 0.1039982 -0.2428331 0.5572289 0.794058 -0.3956448 0.5395247 0.7432215 -0.5137881 0.4961064 0.6999287 -0.5138025 0.4960972 0.6999246 -0.6334965 0.4704958 0.6142604 -0.6512243 0.45208 0.609533 -0.7404955 0.3947743 0.543893 -0.7405032 0.3947666 0.5438882 -0.7409166 0.3740984 0.5577571 -0.9034375 0.2619577 0.3393802 -0.8317636 0.3455764 0.4344494 -0.9034404 0.2619526 0.3393764 -0.9885754 0.1091001 0.1039993 -0.1466213 0.5676525 0.8101067 -0.04904884 0.5728863 0.818166 -0.1466254 0.5676511 0.810107 -0.3135442 0.5558457 0.7698868 -0.337418 0.5453839 0.7672715 -0.3623695 0.5369722 0.7618065 -0.427307 0.5199667 0.7396239 -0.427297 0.5212815 0.7387035 -0.4272836 0.5212889 0.7387061 -0.5953323 0.4664266 0.6542367 -0.5798875 0.4865923 0.6534205 -0.5966359 0.4714426 0.6494362 -0.6711532 0.4325369 0.6020507 -0.6714408 0.4187002 0.6114389 -0.6711429 0.4325458 0.6020559 -0.7986729 0.3625844 0.4802647 -0.8572118 0.3090594 0.4119104 -0.8572047 0.3090696 0.4119178 -0.8575798 0.2957875 0.4207928 -0.9694421 0.1614895 0.1846706 -0.9245744 0.2492125 0.2881934 -0.969443 0.1614864 0.1846682 -0.3367024 0.54172 0.7701759 -0.2303711 0.567102 0.7907747 -0.2551902 0.5579244 0.7896824 -0.2810851 0.5513715 0.7854812 -0.3366894 0.542612 0.7695534 -0.2428331 0.5572299 0.7940572 -0.3366996 0.5417213 0.7701762 -0.5091338 0.5179922 0.6873623 -0.5237402 0.4994978 0.6900712 -0.5432183 0.4860961 0.6845617 -0.5953529 0.4664253 0.6542189 -0.5953498 0.4665474 0.6541348 -0.8027143 0.3534849 0.4803104 -0.8027222 0.3534756 0.4803041 -0.7363488 0.4671413 0.4894582 -0.7350141 0.4299032 0.5243448 -0.7443345 0.4009774 0.5340256 -0.7644579 0.3786429 0.5217602 -0.8026088 0.3564476 0.4782931 -0.7173077 0.4081759 0.5646788 -0.941496 0.1919131 0.2770462 -0.9409698 0.2126106 0.2633869 -0.8969607 0.2789182 0.3430248 -0.9409716 0.2126067 0.263384 -0.9034402 0.2619571 0.3393734 -0.9793453 0.1516085 0.133782 -0.9981884 0.05594311 0.02214353 -0.1473337 0.5732476 0.8060272 -0.1729763 0.5661387 0.8059567 -0.1997422 0.5621864 0.8025269 -0.242793 0.5607437 0.7915922 -0.2428315 0.5572297 0.7940578 -0.4368604 0.5187939 0.734851 -0.457079 0.5737045 0.6796631 -0.4517347 0.52893 0.7184489 -0.4651345 0.5080502 0.7249378 -0.5137718 0.4961143 0.6999351 -0.5134888 0.5069616 0.6923288 -0.5138026 0.4960946 0.6999265 -0.9036526 0.2555804 0.3436433 -0.9034373 0.2619586 0.33938 -0.8625815 0.3273424 0.3857463 -0.8677807 0.3017887 0.3948167 -0.8574008 0.3088887 0.4116449 -0.9891718 0.0824898 0.1213863 -0.9885753 0.1091008 0.1039988 -0.9885753 0.1091014 0.1039993 -0.9640107 0.1841081 0.191801 -0.1466253 0.5676522 0.8101062 -0.0134913 0.5938841 0.8044374 -0.03993632 0.5824702 0.8118705 -0.06592096 0.5748488 0.8155999 -0.09202476 0.5708605 0.8158736 -0.1191586 0.5704391 0.8126503 -0.1466269 0.5676516 0.8101063 -0.1465859 0.5735642 0.8059385 -0.04904904 0.5728863 0.818166 -0.9694407 0.1614927 0.1846746 -0.9440563 0.2164081 0.2488479 -0.9699884 0.1401321 0.1987095 -0.9429291 0.2096038 0.2587488 -0.9694431 0.1614853 0.1846689 -0.9885473 0.1092033 0.1041581 -0.9981884 0.05594283 0.02214298 -0.9887272 0.1194393 0.09029281 -0.9930568 0.0884198 0.07758905 -0.9978512 0.06152214 0.02254241 -0.9981179 0.03882671 -0.04746888 0.2189596 0.560343 0.7987943 0.1708547 0.5655543 0.806819 0.1223856 0.5631475 0.8172432 0.07356031 0.5530159 0.8299171 0.02453459 0.5349918 0.844501 0.2428626 0.554101 0.7962348 0.3135268 0.5460843 0.7768481 0.2665222 0.5538502 0.7888067 0.3367256 0.538595 0.7723544 0.4049641 0.5268776 0.7472643 0.3596628 0.5370967 0.7630005 0.1144228 0.5783047 0.8077568 0.4273393 0.5181489 0.7408797 0.4925929 0.5028561 0.7102732 0.4493514 0.5154445 0.7296576 0.1466393 0.5676519 0.8101039 0.5138476 0.4929693 0.7020981 0.5140362 0.4798717 0.7109781 0.5754393 0.4742897 0.6662724 0.5346998 0.4891158 0.6891022 0.242832 0.5572333 0.7940553 0.2428232 0.557232 0.7940587 0.5950925 0.4750604 0.6482149 0.637609 0.4459682 0.6281458 0.5991005 0.4706219 0.6477605 0.5954187 0.4632856 0.6563864 0.6527559 0.4414265 0.6156723 0.6148749 0.4583583 0.6417449 0.3366832 0.5417303 0.770177 0.3366732 0.5417295 0.7701819 0.04904068 0.5728859 0.8181667 0.04905188 0.5728866 0.8181655 0.1466393 0.5676504 0.8101048 0.7096459 0.4100796 0.57292 0.6741952 0.4369388 0.5954372 0.6712326 0.4293976 0.6042057 0.6708673 0.441117 0.5961148 0.7238281 0.4045689 0.5589247 0.6891134 0.4234763 0.5880396 0.4272856 0.5212828 0.7387093 0.5264016 0.4918904 0.6935021 0.4273139 0.5212836 0.7386923 0.146634 0.5676523 0.8101045 0.7749165 0.3705383 0.5120603 0.7428541 0.3994442 0.5372262 0.7405975 0.3916211 0.5460296 0.7401987 0.4032654 0.5380362 0.7878696 0.3641308 0.4966591 0.7567261 0.3847983 0.5284845 0.3366733 0.5417228 0.7701867 0.2428407 0.5572297 0.7940552 0.2428232 0.5572273 0.794062 0.8327402 0.3277673 0.4462201 0.804455 0.358449 0.4736734 0.802824 0.3503194 0.4824415 0.8443501 0.3204516 0.4293993 0.8170894 0.3426724 0.4636166 0.8023957 0.3618949 0.4745452 0.3366654 0.5417264 0.7701875 0.04905995 0.5728855 0.8181659 0.8568558 0.317429 0.4062474 0.8826845 0.2820747 0.3759017 0.8583906 0.3143825 0.4053752 0.8926701 0.2740011 0.3578597 0.8695589 0.2975498 0.3941211 0.8573097 0.3059115 0.4140508 0.427314 0.5212771 0.7386968 0.4273118 0.521277 0.7386981 0.5263989 0.4918929 0.6935024 0.1466318 0.5676512 0.8101057 0.1466341 0.5676516 0.810105 0.9241949 0.2339692 0.3018648 0.9041393 0.2676608 0.3330012 0.9035524 0.2587923 0.3414962 0.9030795 0.2702273 0.3338036 0.9324286 0.2251489 0.2826394 0.9136531 0.2498366 0.3206551 0.2428288 0.5572307 0.7940581 0.2428406 0.5572323 0.7940533 0.9569016 0.1839037 0.2247639 0.9412563 0.2187825 0.2572365 0.9406044 0.2207908 0.2579044 0.9631875 0.1744376 0.2045517 0.9489499 0.2000002 0.2439144 0.9410917 0.2094333 0.2654884 0.4273118 0.5212773 0.7386979 0.3366655 0.5417267 0.7701874 0.3366818 0.5417281 0.7701792 0.1164082 0.570341 0.8131177 0.08880759 0.571088 0.8160709 0.06186979 0.5761728 0.8149829 0.03664789 0.5851416 0.8101026 0.01251831 0.5971753 0.802013 0.04902428 0.5728931 0.8181626 0.969564 0.1583107 0.1867709 0.9804879 0.1323309 0.1453682 0.969422 0.1681134 0.1787709 0.9690666 0.1696045 0.1792879 0.9846783 0.1223141 0.1242895 0.9751092 0.1485156 0.1646365 0.4272929 0.5212877 0.7387015 0.1466095 0.5740615 0.8055799 0.1466318 0.5676519 0.8101053 0.1980316 0.5622991 0.8028718 0.1712338 0.5666226 0.8059887 0.1454818 0.5746018 0.8053992 0.146654 0.567656 0.8100983 0.9947311 0.07975407 0.06441554 0.9881981 0.1171294 0.09871724 0.9883373 0.1162226 0.09839515 0.9966837 0.06929771 0.04265294 0.9918743 0.09589262 0.08360614 0.9886997 0.105916 0.1060881 0.2427778 0.56086 0.7915143 0.2428288 0.5572337 0.7940559 0.2428179 0.5572322 0.7940603 0.2790513 0.5517861 0.7859151 0.2536905 0.5586551 0.789649 0.2291643 0.5684839 0.7901328 0.9978341 0.010463 -0.06494243 0.9994941 0.02667389 -0.0173194 0.9978344 0.06357864 0.0168551 0.9990903 0.01590506 -0.03956765 0.9983138 0.05275204 0.02422278 0.9990904 0.04261615 0.001563156 0.9978131 0.0638843 0.01696466 0.3366819 0.5417233 0.7701826 0.3366906 0.5422347 0.7698188 0.3401318 0.5444215 0.7667565 0.312989 0.5568511 0.7693858 0.336698 0.5417247 0.7701746 0.427293 0.5212818 0.7387056 0.9883371 -0.0426175 -0.1461965 0.9947314 -0.02640716 -0.09905645 0.9918752 -0.03736972 -0.1216017 0.9966833 -0.01078195 -0.08066053 0.9983139 -0.0006713971 -0.05804151 0.9978133 0.01048665 -0.06525839 0.4359299 0.5208141 0.733974 0.4069894 0.5339918 0.7410886 0.3807026 0.5489963 0.7440892 0.4274076 0.5140495 0.7436907 0.4272932 0.5212818 0.7387055 0.96942 -0.09494013 -0.2262992 0.9804882 -0.07897624 -0.1800156 0.9881981 -0.04254304 -0.1471548 0.9751089 -0.089996 -0.2026408 0.9846768 -0.06379876 -0.1623006 0.9886997 -0.05383703 -0.139909 0.593954 0.4663047 0.655575 0.5212955 0.4947916 0.6952929 0.5138133 0.4960992 0.6999153 0.5137958 0.4960995 0.6999279 0.9412591 -0.1460093 -0.3044874 0.9569017 -0.1305327 -0.2594234 0.9489546 -0.1414717 -0.2819061 0.9631884 -0.1159153 -0.2425524 0.9695635 -0.1062334 -0.2205927 0.9690661 -0.09480648 -0.2278651 0.9041361 -0.195336 -0.3799761 0.9241945 -0.1805943 -0.3365267 0.9406016 -0.145801 -0.3066115 0.913653 -0.1913175 -0.3586585 0.9324212 -0.1666398 -0.3206585 0.9410893 -0.1573584 -0.2993145 0.85839 -0.2424585 -0.4520847 0.9030829 -0.1950271 -0.3826299 0.8826842 -0.2286736 -0.4105813 0.8695594 -0.2390262 -0.432126 0.892682 -0.2154652 -0.3958454 0.9035562 -0.2067085 -0.3753102 0.5970506 0.4657288 0.6531671 0.6404223 0.47263 0.605376 0.5800922 0.4738889 0.6625121 0.5417501 0.4856993 0.6860051 0.5137958 0.4960998 0.6999277 0.5179437 0.5083241 0.6879978 0.5060087 0.5453467 0.6682456 0.5042297 0.4961691 0.7068017 0.8044594 -0.2869296 -0.520112 0.8327426 -0.2743295 -0.4809191 0.8170888 -0.2841562 -0.5016183 0.8443335 -0.2619489 -0.4674224 0.8573123 -0.2538298 -0.4478686 0.8568587 -0.2420173 -0.4552151 0.8028234 -0.2982435 -0.5162612 0.7428609 -0.3283146 -0.58341 0.7749095 -0.3170858 -0.5467831 0.7567468 -0.3262682 -0.5664656 0.7878692 -0.3056139 -0.5346609 0.8023947 -0.2863229 -0.5236238 0.6741996 -0.3662415 -0.641344 0.7096409 -0.3565985 -0.6076573 0.6891089 -0.3649584 -0.6260467 0.7238054 -0.3460617 -0.5969482 0.740597 -0.3395393 -0.5798528 0.7401977 -0.327498 -0.5872414 0.5990654 -0.4003271 -0.6934399 0.6376426 -0.3924226 -0.662885 0.6148399 -0.3998511 -0.6797727 0.6527944 -0.3828864 -0.6536494 0.6708682 -0.3651599 -0.645441 0.6712331 -0.3773148 -0.6380279 0.5346586 -0.430604 -0.7271317 0.5754772 -0.4157494 -0.7042574 0.5950912 -0.3989486 -0.6976436 0.5954177 -0.4112023 -0.6902103 0.514037 -0.454329 -0.7275653 0.4493501 -0.4569236 -0.7676622 0.4925936 -0.4443345 -0.7482768 0.5138488 -0.4408876 -0.7359195 0.3597104 -0.4785666 -0.8009884 0.4049674 -0.4683567 -0.7852665 0.4273399 -0.4660747 -0.7746968 0.2665839 -0.4953264 -0.8267918 0.3134658 -0.4875807 -0.8148646 0.3367256 -0.4865192 -0.806173 0.1708548 -0.5070392 -0.8448195 0.2189605 -0.5018277 -0.8367946 0.2428626 -0.5020282 -0.8300514 0.07353082 -0.51357 -0.8548912 0.1222921 -0.5109549 -0.8508642 0.1466624 -0.5124487 -0.8461008 0.02452714 -0.5214712 -0.8529164 0.4272862 -0.462816 -0.7766774 0.3366833 -0.4832554 -0.8081514 0.5080866 -0.4640868 -0.7255835 0.3366971 -0.4832488 -0.8081495 0.242832 -0.4987567 -0.8320303 0.2428243 -0.4987599 -0.8320306 0.4706169 -0.4375199 -0.766222 0.049041 -0.5144165 -0.856137 0.146644 -0.5091807 -0.8480746 0.1466394 -0.5091798 -0.8480759 0.3366972 -0.483253 -0.808147 0.4272889 -0.4628157 -0.7766761 0.2428243 -0.4987643 -0.8320279 0.3366902 -0.4832564 -0.8081479 0.5953742 -0.408985 -0.6915641 0.519164 -0.434115 -0.7362153 0.2428401 -0.4987578 -0.8320273 0.4272889 -0.4628154 -0.7766762 0.5137987 -0.4376311 -0.7378955 0.04904079 -0.5144166 -0.856137 0.1466394 -0.5091812 -0.8480752 0.1466345 -0.5091802 -0.8480766 0.3366901 -0.4832541 -0.8081493 0.4272892 -0.4628153 -0.7766762 0.3366822 -0.4832579 -0.8081503 0.2428402 -0.4987622 -0.8320246 0.5137987 -0.4376307 -0.7378958 0.6051544 -0.4039611 -0.6860055 0.2428318 -0.4987657 -0.8320249 0.5137951 -0.4376331 -0.7378969 0.04896168 -0.5144258 -0.856136 0.1466301 -0.5091875 -0.8480729 0.1466345 -0.5091884 -0.8480716 0.3366822 -0.483256 -0.8081515 0.4272915 -0.4628157 -0.7766747 0.4272892 -0.4628156 -0.7766761 0.2428318 -0.4987636 -0.8320262 0.3366745 -0.4832598 -0.8081524 0.5137951 -0.4376315 -0.7378978 0.242843 -0.4987589 -0.8320258 0.5137748 -0.4376449 -0.7379041 0.1466301 -0.5091819 -0.8480763 0.04906682 -0.5144159 -0.856136 0.1466305 -0.509182 -0.8480762 0.4272914 -0.4628147 -0.7766753 0.3366745 -0.4832571 -0.808154 0.427312 -0.4628158 -0.7766634 0.3366669 -0.4832609 -0.8081549 0.242843 -0.4987618 -0.832024 0.1466305 -0.5091876 -0.8480727 0.2428341 -0.4987656 -0.8320242 0.5137748 -0.4376397 -0.7379072 0.513792 -0.4376398 -0.7378951 0.04906723 -0.5144159 -0.8561359 0.04903277 -0.5144183 -0.8561364 0.1466505 -0.5091802 -0.8480737 0.427312 -0.4628161 -0.7766631 0.336667 -0.4832655 -0.8081521 0.4272939 -0.4628151 -0.7766737 0.6710136 -0.3648422 -0.6454696 0.5953597 -0.4079479 -0.6921889 0.5953224 -0.4079696 -0.6922081 0.3367028 -0.4832477 -0.8081478 0.5956157 -0.4230264 -0.6828547 0.5137918 -0.4376326 -0.7378995 0.595341 -0.4079553 -0.6922005 0.2428341 -0.4987586 -0.8320285 0.2428267 -0.4987575 -0.8320313 0.5137895 -0.4376341 -0.7379003 0.7261446 -0.3240335 -0.6063962 0.04900507 -0.5144176 -0.8561384 0.1466505 -0.5091802 -0.8480738 0.1466461 -0.5091793 -0.8480751 0.4272939 -0.4628128 -0.7766752 0.4272983 -0.462813 -0.7766726 0.6715156 -0.4130057 -0.6152179 0.6712472 -0.3778282 -0.6377091 0.3366906 -0.4832526 -0.8081499 0.2428268 -0.4987641 -0.8320274 0.3367029 -0.483254 -0.808144 0.6051431 -0.4039658 -0.6860127 0.5951617 -0.4016749 -0.6960171 0.2428417 -0.4987576 -0.832027 0.1466461 -0.5091793 -0.8480751 0.5137899 -0.4376336 -0.7379003 0.5137895 -0.4376336 -0.7379005 0.4272983 -0.4628127 -0.7766728 0.7357867 -0.3397065 -0.5858476 0.04910694 -0.5144218 -0.8561301 0.1466176 -0.5091899 -0.8480737 0.3366907 -0.4832542 -0.808149 0.4272962 -0.4628138 -0.7766732 0.6711347 -0.3733009 -0.6404878 0.6729832 -0.37317 -0.6386217 0.3366841 -0.4832576 -0.8081496 0.5953351 -0.4079607 -0.6922024 0.5953304 -0.4079608 -0.6922064 0.5137898 -0.4376344 -0.7378998 0.8077822 -0.2887627 -0.5139106 0.7364386 -0.3405562 -0.5845336 0.1466176 -0.50919 -0.8480736 0.2428291 -0.4987637 -0.832027 0.2428418 -0.4987658 -0.832022 0.5137889 -0.4376351 -0.7379 0.6711561 -0.3740686 -0.6400174 0.6311755 -0.3767358 -0.6780027 0.7404947 -0.3363041 -0.5818651 0.146642 -0.5091808 -0.8480749 0.04902906 -0.5144168 -0.8561376 0.4272994 -0.4628137 -0.7766716 0.4272962 -0.4628135 -0.7766734 0.6713224 -0.3811141 -0.6356715 0.5664598 -0.4064214 -0.7168995 0.5948364 -0.4044756 -0.694672 0.6711516 -0.3740726 -0.6400197 0.867246 -0.2448234 -0.4335272 0.7927445 -0.2883821 -0.5370214 0.8108745 -0.2862537 -0.5104325 0.8308358 -0.2741474 -0.484309 0.8523756 -0.2521119 -0.4581434 0.8749463 -0.2199822 -0.4313663 0.8956441 -0.1815099 -0.406049 0.9134375 -0.1400269 -0.3821314 0.2428291 -0.4987639 -0.8320268 0.3366758 -0.4832569 -0.8081536 0.3366841 -0.4832578 -0.8081496 0.5954063 -0.4106805 -0.6905309 0.5953429 -0.4079575 -0.6921976 0.4980667 -0.4334061 -0.7510584 0.5288023 -0.4313599 -0.7309561 0.5953351 -0.4079578 -0.6922042 0.8026657 -0.2934435 -0.5192482 0.8026112 -0.2919092 -0.5201964 0.7421864 -0.3247142 -0.5862764 0.7627032 -0.3230651 -0.5602792 0.8068166 -0.2919918 -0.5136027 0.2428444 -0.4987572 -0.8320263 0.146642 -0.5091797 -0.8480756 0.4267368 -0.4574179 -0.7801695 0.4597901 -0.4545573 -0.76287 0.5137542 -0.4361184 -0.7388216 0.5137868 -0.4376343 -0.7379021 0.513789 -0.4376343 -0.7379005 0.7404947 -0.3363031 -0.5818657 0.6737694 -0.3727678 -0.6380273 0.7405016 -0.3363021 -0.5818575 0.6747542 -0.3221237 -0.6640354 0.7399954 -0.3226824 -0.5901551 0.6863089 -0.3594634 -0.6322708 0.7095389 -0.3574076 -0.6073009 0.1466374 -0.5091814 -0.8480754 0.04902919 -0.5144169 -0.8561375 0.4272994 -0.462813 -0.7766719 0.4272985 -0.462813 -0.7766725 0.4271978 -0.4575008 -0.7798685 0.3533711 -0.4780099 -0.8041365 0.3887018 -0.4731651 -0.7905857 0.3366758 -0.4832591 -0.8081521 0.2435388 -0.4908435 -0.8365175 0.3366695 -0.4832584 -0.8081553 0.2788944 -0.4942825 -0.8233485 0.316458 -0.4856979 -0.8148325 0.336547 -0.4753409 -0.8128881 0.2427437 -0.4904851 -0.8369586 0.2428366 -0.4987627 -0.8320253 0.1673098 -0.5054196 -0.8464978 0.2042604 -0.5047113 -0.8387754 0.2428445 -0.498764 -0.8320222 0.01885689 -0.4843275 -0.8746836 0.04902901 -0.5144169 -0.8561375 0.05557414 -0.506813 -0.8602628 0.09221759 -0.5142856 -0.8526466 0.1300234 -0.5071733 -0.8519796 0.1465771 -0.497992 -0.8547042 0.1466565 -0.5091854 -0.8480697 0.1466374 -0.5091813 -0.8480754 0 -0.5150378 -0.8571674 0 -0.5150378 -0.8571674 -0.9107054 -0.1406087 -0.3883874 -0.9214098 -0.1597512 -0.3542365 -0.1222921 -0.5109531 -0.8508652 -0.07353081 -0.5135683 -0.8548923 -0.02452709 -0.5214056 -0.8529564 -0.1466572 -0.5124145 -0.8461223 -0.2189605 -0.5018246 -0.8367966 -0.1708548 -0.507036 -0.8448214 -0.2428588 -0.5019932 -0.8300738 -0.3134658 -0.4875768 -0.8148669 -0.2665839 -0.4953224 -0.8267942 -0.3367394 -0.4864826 -0.8061893 -0.4049674 -0.4683568 -0.7852664 -0.3597104 -0.4785667 -0.8009884 -0.04903564 -0.5144163 -0.8561374 -0.4925937 -0.4443331 -0.7482777 -0.44935 -0.4569221 -0.7676632 -0.4273337 -0.4660435 -0.7747189 -0.146639 -0.5091853 -0.8480728 -0.1466553 -0.5091795 -0.8480734 -0.5754772 -0.4157544 -0.7042543 -0.5346587 -0.4306092 -0.7271284 -0.5138702 -0.4408505 -0.7359268 -0.2428286 -0.4987663 -0.8320255 -0.2428346 -0.4987639 -0.8320253 -0.6527945 -0.3828876 -0.6536486 -0.61484 -0.3998525 -0.6797718 -0.5954062 -0.4111781 -0.6902347 -0.3366973 -0.4832531 -0.8081469 -0.3366823 -0.4832603 -0.8081489 -0.1466553 -0.5091865 -0.8480692 -0.04898288 -0.5144249 -0.8561354 -0.7238055 -0.3460634 -0.5969471 -0.6891088 -0.3649602 -0.6260455 -0.6712341 -0.3772838 -0.6380453 -0.4272807 -0.4628206 -0.7766777 -0.4272897 -0.4628156 -0.7766758 -0.1466254 -0.5091807 -0.8480778 -0.7405869 -0.3395129 -0.579881 -0.7878692 -0.3056123 -0.534662 -0.7567468 -0.3262664 -0.5664667 -0.5137966 -0.4376346 -0.737895 -0.5138061 -0.4376285 -0.737892 -0.5953321 -0.4079596 -0.6922056 -0.2428419 -0.4987573 -0.832027 -0.2428346 -0.4987603 -0.8320273 -0.8028244 -0.298209 -0.5162793 -0.8443335 -0.2619483 -0.4674228 -0.8170888 -0.2841555 -0.5016189 -0.5953281 -0.4079599 -0.6922089 -0.3366822 -0.483256 -0.8081514 -0.3366843 -0.4832551 -0.8081511 -0.04906023 -0.5144159 -0.8561363 -0.8573154 -0.2537948 -0.4478823 -0.8926821 -0.2154664 -0.3958446 -0.8695594 -0.2390276 -0.4321252 -0.6711506 -0.3740732 -0.6400204 -0.6711597 -0.3740653 -0.6400154 -0.5137967 -0.4376358 -0.7378942 -0.427303 -0.4628121 -0.7766705 -0.4272898 -0.4628195 -0.7766734 -0.1466255 -0.5091864 -0.8480745 -0.1466411 -0.5091808 -0.8480751 -0.9035522 -0.2066805 -0.3753351 -0.9324211 -0.1666393 -0.3206588 -0.9136529 -0.1913169 -0.3586588 -0.8027245 -0.2950096 -0.5182689 -0.7405012 -0.336302 -0.5818582 -0.740495 -0.3363083 -0.5818624 -0.513782 -0.437636 -0.7379044 -0.2428419 -0.4987579 -0.8320266 -0.2428245 -0.4987652 -0.8320273 -0.9410871 -0.1573276 -0.2993375 -0.9631884 -0.1159143 -0.2425531 -0.9489544 -0.1414705 -0.2819068 -0.8027164 -0.2950119 -0.5182802 -0.8572085 -0.250595 -0.449884 -0.5953405 -0.4079557 -0.6922007 -0.5953282 -0.4079649 -0.6922059 -0.427303 -0.4628121 -0.7766705 -0.3366843 -0.4832557 -0.8081508 -0.3366911 -0.4832523 -0.8081499 -0.04908249 -0.5144137 -0.8561363 -0.9695625 -0.1062008 -0.2206131 -0.9846768 -0.0637982 -0.162301 -0.9751089 -0.08999526 -0.2026413 -0.857209 -0.2505948 -0.4498831 -0.6711413 -0.3740789 -0.6400268 -0.6711597 -0.374063 -0.6400168 -0.427291 -0.4628117 -0.7766774 -0.1466411 -0.509185 -0.8480725 -0.1466615 -0.5091775 -0.8480735 -0.2428246 -0.498765 -0.8320275 -0.9993274 0.009506078 -0.035419 -0.9886984 -0.05380532 -0.13993 -0.9966833 -0.01078173 -0.08066068 -0.9918752 -0.03736924 -0.121602 -0.903439 -0.2034888 -0.3773461 -0.9034397 -0.2034876 -0.3773451 -0.7405011 -0.3363 -0.5818594 -0.7405088 -0.3362923 -0.5818542 -0.5953405 -0.4079562 -0.6922005 -0.513782 -0.4376364 -0.7379041 -0.5137913 -0.4376304 -0.7379012 -0.2428318 -0.4987661 -0.8320247 -0.9409698 -0.1541407 -0.3013577 -0.94097 -0.1541403 -0.3013574 -0.9694418 -0.1030217 -0.2226416 -0.8027177 -0.2950105 -0.518279 -0.8027164 -0.2950121 -0.51828 -0.5953315 -0.4079568 -0.6922078 -0.3366911 -0.4832543 -0.8081487 -0.3366756 -0.4832619 -0.8081506 -0.04892299 -0.5144266 -0.8561377 -0.04903997 -0.5144182 -0.8561361 -0.969443 -0.1030203 -0.2226367 -0.857209 -0.2505933 -0.4498841 -0.903439 -0.2034875 -0.377347 -0.8572068 -0.2505967 -0.4498865 -0.6711412 -0.3740778 -0.6400275 -0.6711547 -0.3740662 -0.6400203 -0.7405089 -0.3362975 -0.581851 -0.4272911 -0.4628192 -0.7766728 -0.5137914 -0.4376375 -0.7378969 -0.4273041 -0.4628119 -0.7766702 -0.1466615 -0.5091765 -0.8480741 -0.146628 -0.5091887 -0.8480726 -0.9885753 -0.05063202 -0.141969 -0.9981885 0.002526069 -0.0601124 -0.9885748 -0.05063503 -0.1419715 -0.9034416 -0.2034861 -0.3773415 -0.8027177 -0.2950099 -0.5182794 -0.7405022 -0.3362988 -0.5818589 -0.5137746 -0.4376376 -0.7379086 -0.2428318 -0.4987593 -0.8320287 -0.2428381 -0.4987566 -0.8320286 -0.9409699 -0.1541414 -0.3013573 -0.969443 -0.1030199 -0.222637 -0.94097 -0.154141 -0.301357 -0.802722 -0.2950087 -0.5182733 -0.595347 -0.4079524 -0.692197 -0.5953317 -0.407964 -0.6922034 -0.3366813 -0.4832542 -0.8081529 -0.3366756 -0.4832571 -0.8081536 -0.1466279 -0.5091816 -0.8480768 -0.04900732 -0.514417 -0.8561387 -0.9694418 -0.1030211 -0.2226416 -0.8572068 -0.250597 -0.4498864 -0.8572059 -0.2505982 -0.4498873 -0.7405023 -0.3363014 -0.5818572 -0.6711501 -0.3740751 -0.6400197 -0.6711548 -0.3740711 -0.6400172 -0.4272935 -0.4628142 -0.7766745 -0.427304 -0.4628083 -0.7766723 -0.1466431 -0.5091848 -0.8480723 -0.9885758 -0.05063078 -0.1419669 -0.9981888 0.002528929 -0.06010599 -0.9885749 -0.05063578 -0.141971 -0.94097 -0.1541397 -0.3013578 -0.9034387 -0.2034891 -0.3773466 -0.9034416 -0.2034841 -0.3773428 -0.7404972 -0.3363024 -0.5818631 -0.5137747 -0.4376447 -0.7379042 -0.5138019 -0.4376269 -0.7378959 -0.2428269 -0.4987646 -0.832027 -0.2428382 -0.4987599 -0.8320266 -0.9409714 -0.1541387 -0.3013539 -0.802722 -0.2950078 -0.5182739 -0.8027228 -0.2950068 -0.5182732 -0.595347 -0.4079517 -0.6921975 -0.595326 -0.4079676 -0.6922062 -0.3366834 -0.4832552 -0.8081514 -0.3366813 -0.4832563 -0.8081517 -0.4272935 -0.4628146 -0.7766742 -0.04900644 -0.5144174 -0.8561385 -0.1466431 -0.5091807 -0.8480749 -0.9694419 -0.1030228 -0.2226405 -0.9694427 -0.10302 -0.2226383 -0.9034387 -0.2034884 -0.3773471 -0.8572059 -0.250597 -0.4498881 -0.857205 -0.2505982 -0.4498889 -0.6711501 -0.3740734 -0.6400207 -0.7404972 -0.3363044 -0.5818618 -0.6711603 -0.3740644 -0.6400152 -0.4273074 -0.4628154 -0.7766661 -0.146658 -0.5091837 -0.8480704 -0.9885757 -0.05063151 -0.1419664 -0.9981887 0.002528572 -0.06010667 -0.9885756 -0.05063204 -0.1419668 -0.9034393 -0.2034881 -0.377346 -0.7404947 -0.3363049 -0.5818648 -0.5138019 -0.4376294 -0.7378944 -0.5137867 -0.4376395 -0.737899 -0.2428326 -0.4987642 -0.8320257 -0.2428269 -0.4987665 -0.8320258 -0.9409713 -0.154139 -0.3013537 -0.9409721 -0.1541372 -0.3013522 -0.8027235 -0.2950071 -0.5182717 -0.8027228 -0.2950082 -0.5182725 -0.5953377 -0.4079568 -0.6922024 -0.5953259 -0.4079658 -0.6922073 -0.3366694 -0.4832628 -0.8081527 -0.3366834 -0.4832558 -0.8081511 -0.4273073 -0.4628111 -0.7766688 -0.04906691 -0.514421 -0.8561328 -0.9694427 -0.10302 -0.2226383 -0.9885756 -0.05063195 -0.1419669 -0.9694423 -0.1030213 -0.2226393 -0.8572028 -0.250601 -0.4498917 -0.857205 -0.2505977 -0.4498892 -0.9034393 -0.2034879 -0.3773461 -0.7404945 -0.3363008 -0.5818673 -0.6711427 -0.3740782 -0.6400257 -0.6711603 -0.3740627 -0.6400164 -0.4272957 -0.4628104 -0.7766755 -0.1466299 -0.5091871 -0.8480732 -0.1466579 -0.5091767 -0.8480747 -0.2428325 -0.4987572 -0.8320299 -0.9885752 -0.05063261 -0.1419694 -0.9981885 0.002526195 -0.06011131 -0.9981881 0.002523196 -0.06011662 -0.9034417 -0.2034867 -0.3773408 -0.7405021 -0.3362994 -0.5818585 -0.8027235 -0.2950063 -0.5182723 -0.5137866 -0.4376349 -0.7379017 -0.5137954 -0.437629 -0.737899 -0.3366693 -0.4832565 -0.8081565 -0.2428394 -0.4987583 -0.8320272 -0.9409704 -0.1541412 -0.3013556 -0.9409721 -0.154137 -0.3013524 -0.8027248 -0.295006 -0.5182707 -0.5953306 -0.4079601 -0.6922066 -0.5953377 -0.4079548 -0.6922037 -0.3366759 -0.4832573 -0.8081533 -0.04902568 -0.5144166 -0.8561379 -0.9694422 -0.1030206 -0.22264 -0.9885753 -0.0506327 -0.1419693 -0.9694422 -0.1030204 -0.2226398 -0.8572081 -0.2505955 -0.4498847 -0.8572029 -0.2506031 -0.4498902 -0.671154 -0.3740671 -0.6400204 -0.6711426 -0.3740771 -0.6400265 -0.4272959 -0.462818 -0.776671 -0.4273082 -0.4628108 -0.7766684 -0.146645 -0.5091803 -0.8480747 -0.1466299 -0.509186 -0.8480739 -0.9981881 0.002521306 -0.06011795 -0.9885755 -0.05063221 -0.1419675 -0.9034418 -0.2034853 -0.3773417 -0.9034382 -0.203492 -0.3773467 -0.7405023 -0.3363033 -0.5818561 -0.7405066 -0.3362989 -0.5818532 -0.5137832 -0.4376402 -0.737901 -0.5137955 -0.437632 -0.7378973 -0.2428394 -0.4987583 -0.8320272 -0.2428231 -0.4987654 -0.8320277 -0.9409704 -0.154141 -0.3013557 -0.9409717 -0.1541378 -0.3013532 -0.9694423 -0.1030218 -0.2226393 -0.8027205 -0.2950118 -0.5182738 -0.8027248 -0.2950066 -0.5182703 -0.5953408 -0.4079561 -0.6922002 -0.5953307 -0.4079638 -0.6922044 -0.6711542 -0.3740726 -0.640017 -0.336676 -0.4832639 -0.8081494 -0.3367034 -0.48325 -0.8081463 -0.04902568 -0.5144168 -0.8561379 -0.1022916 -0.5148825 -0.851136 -0.0642961 -0.5078783 -0.859026 -0.0344357 -0.4829156 -0.8749896 -0.0116724 -0.4546154 -0.8906114 -0.9694421 -0.103022 -0.2226401 -0.8572081 -0.2505949 -0.449885 -0.8572059 -0.2505982 -0.4498874 -0.6711512 -0.3740729 -0.64002 -0.4273081 -0.4628072 -0.7766706 -0.4272777 -0.4628249 -0.7766768 -0.2193461 -0.5004475 -0.8375199 -0.1800981 -0.5071722 -0.8428173 -0.1433808 -0.4929241 -0.8581769 -0.146645 -0.5091847 -0.8480721 -0.1466589 -0.5091793 -0.8480728 -0.1465642 -0.496141 -0.8557821 -0.2428231 -0.4987652 -0.8320278 -0.9981887 0.002529548 -0.06010701 -0.9885755 -0.05063138 -0.141968 -0.9885752 -0.05063361 -0.1419698 -0.9034393 -0.2034879 -0.3773461 -0.9034381 -0.2034902 -0.3773478 -0.7405017 -0.3363017 -0.5818577 -0.7405065 -0.3362968 -0.5818545 -0.8027204 -0.2950086 -0.5182759 -0.5137918 -0.4376302 -0.7379009 -0.5137831 -0.4376361 -0.7379035 -0.2428346 -0.4987671 -0.8320232 -0.2961268 -0.4923501 -0.8184744 -0.2587643 -0.4929756 -0.8306721 -0.2426721 -0.4852826 -0.8400065 -0.9409719 -0.1541381 -0.3013526 -0.9409717 -0.1541384 -0.3013528 -0.8572059 -0.2505974 -0.4498878 -0.8027212 -0.2950084 -0.5182748 -0.5953408 -0.4079542 -0.6922014 -0.5953357 -0.4079582 -0.6922035 -0.3725814 -0.4769488 -0.7960545 -0.3372996 -0.4748944 -0.8128371 -0.3365474 -0.4745286 -0.8133624 -0.3366843 -0.4832616 -0.8081472 -0.3367034 -0.4832519 -0.808145 -0.988575 -0.05063293 -0.1419702 -0.969441 -0.1030242 -0.2226437 -0.969442 -0.1030206 -0.2226409 -0.9034393 -0.2034878 -0.3773462 -0.8572051 -0.2505977 -0.4498891 -0.6711512 -0.3740729 -0.64002 -0.6711609 -0.3740642 -0.6400149 -0.7405017 -0.3363017 -0.5818577 -0.4272776 -0.4628227 -0.7766781 -0.4833507 -0.4477773 -0.7522418 -0.4476736 -0.4565337 -0.7688727 -0.4145156 -0.4539172 -0.7887561 -0.4272307 -0.4595878 -0.7786224 -0.4272899 -0.4628155 -0.7766757 -0.9981881 0.002522045 -0.06011657 -0.9885757 -0.05063204 -0.1419667 -0.9034419 -0.2034865 -0.3773406 -0.7404969 -0.3363025 -0.5818633 -0.5137922 -0.4376373 -0.7378965 -0.5533013 -0.4249517 -0.7164312 -0.5203816 -0.4322336 -0.7364626 -0.5136589 -0.431839 -0.7413971 -0.513792 -0.4376374 -0.7378965 -0.9409718 -0.1541374 -0.301353 -0.969441 -0.1030233 -0.2226442 -0.9409701 -0.1541415 -0.3013561 -0.8027211 -0.2950086 -0.5182747 -0.8027223 -0.2950071 -0.5182737 -0.621559 -0.397449 -0.6750546 -0.5896927 -0.4046462 -0.6989449 -0.5953366 -0.4079617 -0.6922005 -0.5953358 -0.4079623 -0.6922009 -0.5952548 -0.404768 -0.694143 -0.9885757 -0.05063197 -0.1419667 -0.9694421 -0.1030222 -0.2226396 -0.8572042 -0.2505989 -0.44989 -0.8572052 -0.2505977 -0.4498892 -0.9034418 -0.203485 -0.3773415 -0.6609566 -0.373516 -0.6508627 -0.671144 -0.3740782 -0.6400245 -0.6711609 -0.374063 -0.6400155 -0.7404968 -0.3363 -0.5818648 -0.6711124 -0.3729492 -0.640716 -0.9885755 -0.05063226 -0.1419679 -0.9981886 0.002528014 -0.06010945 -0.9034421 -0.2034849 -0.377341 -0.7405027 -0.3362991 -0.581858 -0.9409711 -0.1541386 -0.3013545 -0.9409702 -0.1541411 -0.3013564 -0.8027224 -0.2950084 -0.5182729 -0.8027248 -0.2950053 -0.5182708 -0.9694421 -0.1030213 -0.2226402 -0.9694416 -0.103023 -0.2226415 -0.8572015 -0.2506021 -0.4498934 -0.8572043 -0.2505982 -0.4498906 -0.9034421 -0.2034842 -0.3773413 -0.9885755 -0.05063266 -0.141968 -0.9885755 -0.05063242 -0.1419678 -0.9981883 0.002524282 -0.06011332 -0.9034399 -0.2034853 -0.3773461 -0.7622795 -0.3252763 -0.559576 -0.7398123 -0.3146851 -0.5946856 -0.7272642 -0.2607806 -0.6348858 -0.7263284 -0.3509671 -0.59099 -0.7405027 -0.3362984 -0.5818583 -0.8027248 -0.2950046 -0.5182712 -0.940973 -0.1541342 -0.301351 -0.9409711 -0.1541387 -0.3013545 -0.8224102 -0.2812337 -0.4945191 -0.7988448 -0.2867762 -0.5287784 -0.8027279 -0.2950039 -0.518267 -0.8025453 -0.2899025 -0.5214188 -0.9885755 -0.05063263 -0.141968 -0.9694415 -0.1030231 -0.2226415 -0.9890648 -0.04588183 -0.1401631 -0.969562 -0.1061697 -0.2206299 -0.9694424 -0.1030205 -0.2226394 -0.8522868 -0.2473974 -0.4608707 -0.8572072 -0.2505966 -0.4498856 -0.8571098 -0.2479503 -0.4515345 -0.8572017 -0.250605 -0.4498916 -0.9980907 0.003220563 -0.06168233 -0.9981884 0.002526189 -0.06011209 -0.9886275 -0.05194264 -0.1411297 -0.988575 -0.05063327 -0.1419706 -0.9034371 -0.203494 -0.3773482 -0.9490285 -0.1267266 -0.2885918 -0.880511 -0.2080373 -0.4259352 -0.9038219 -0.2168407 -0.3688983 -0.90344 -0.2034884 -0.3773441 -0.920671 -0.1966841 -0.3371649 -0.9688814 -0.0895204 -0.2307702 -0.9712594 -0.09901861 -0.21645 -0.940973 -0.1541364 -0.3013497 -0.9409726 -0.1541376 -0.3013506 -0.9415445 -0.1827643 -0.2830038 -0 -0.02578784 -0.9996674 -1.609948e-07 -0.02578785 -0.9996673 0 -0.02578789 -0.9996674 4.583209e-07 -0.02578938 -0.9996673 -8.157918e-07 -0.02578495 -0.9996675 1.151729e-08 -0.02578801 -0.9996675 1.322121e-06 -0.02579313 -0.9996673 -1.534756e-06 -0.02578135 -0.9996676 1.166954e-06 -0.02579309 -0.9996672 -3.360076e-07 -0.02578625 -0.9996675 2.451554e-07 -0.02578901 -0.9996675 2.679534e-07 -0.02578912 -0.9996674 2.476985e-07 -0.02578901 -0.9996674 -4.07215e-08 -0.02578749 -0.9996675 -4.473714e-07 -0.02578528 -0.9996675 -1.304527e-07 -0.02578704 -0.9996674 -1.835431e-06 -0.02577733 -0.9996676 1.563157e-06 -0.02579712 -0.9996672 2.203205e-06 -0.02580093 -0.9996672 -4.532342e-06 -0.02576019 -0.9996681 7.964042e-07 -0.02579293 -0.9996673 2.759729e-06 -0.02580517 -0.999667 2.948989e-07 -0.02578963 -0.9996674 -1.081852e-05 -0.02578871 -0.9996673 -0 -0.02578788 -0.9996674 3.335514e-08 -0.02578816 -0.9996675 -5.720177e-08 -0.02578729 -0.9996675 0 -0.02578826 -0.9996674 -7.339089e-07 -0.02578949 -0.9996673 9.326545e-06 -0.02576889 -0.9996679 7.390982e-06 -0.02577042 -0.9996679 1.235152e-06 -0.02578562 -0.9996675 3.199469e-06 -0.02578114 -0.9996676 -1.046457e-05 -0.02581195 -0.9996668 -2.75332e-07 -0.02578847 -0.9996675 -1.096133e-06 -0.02578988 -0.9996674 -1.598323e-05 -0.02581872 -0.9996666 5.426572e-06 -0.0257732 -0.9996679 1.568273e-05 -0.02576005 -0.9996681 -2.995914e-06 -0.02579552 -0.9996672 -6.288015e-06 -0.02579973 -0.9996671 8.709619e-07 -0.02578565 -0.9996675 -8.87504e-06 -0.02581094 -0.9996668 1.593016e-07 -0.02578769 -0.9996675 -4.378547e-06 -0.02579573 -0.9996672 3.56567e-06 -0.02577735 -0.9996677 -1.20754e-05 -0.02580675 -0.9996669 1.842637e-06 -0.02578259 -0.9996675 -3.487603e-07 -0.02578918 -0.9996674 8.920721e-06 -0.02577382 -0.9996678 1.814026e-06 -0.02578123 -0.9996676 5.596974e-07 -0.02578711 -0.9996675 1.019746e-05 -0.02577186 -0.9996678 -7.548777e-09 -0.02578791 -0.9996675 -4.493204e-06 -0.0258041 -0.999667 -1.826878e-05 -0.02577824 -0.9996677 3.053098e-06 -0.02577713 -0.9996678 4.081028e-07 -0.02578645 -0.9996675 -2.63427e-05 -0.02577445 -0.9996678 3.200369e-06 -0.025774 -0.9996678 1.081111e-05 -0.02579328 -0.9996673 -5.165512e-06 -0.02581066 -0.9996668 9.095508e-06 -0.02579248 -0.9996673 8.721741e-06 -0.02575082 -0.9996684 -1.832079e-07 -0.02578856 -0.9996674 3.219198e-05 -0.02580396 -0.999667 -2.025664e-06 -0.0257989 -0.9996671 -2.593475e-05 -0.02577529 -0.9996678 3.283859e-08 -0.02578823 -0.9996675 -5.650763e-06 -0.02581882 -0.9996666 -1.891447e-05 -0.02577865 -0.9996677 1.317018e-07 -0.0257875 -0.9996675 1.846721e-05 -0.02579697 -0.9996672 3.303729e-06 -0.02576487 -0.999668 -4.084922e-07 -0.02579067 -0.9996673 2.410376e-05 -0.02579949 -0.9996672 -1.336201e-06 -0.02579924 -0.9996672 -2.847833e-05 -0.02577418 -0.9996678 2.491337e-06 -0.02576506 -0.9996681 5.876014e-08 -0.02578611 -0.9996675 -7.649714e-06 -0.02578409 -0.9996675 -6.521102e-08 -0.02578796 -0.9996674 -7.273235e-07 -0.02579574 -0.9996672 -8.635491e-06 -0.02578396 -0.9996675 7.232096e-07 -0.025773 -0.9996678 1.996459e-05 -0.02579711 -0.9996672 -1.678427e-08 -0.02578886 -0.9996673 -2.673475e-06 -0.02583355 -0.9996662 1.310059e-05 -0.02579365 -0.9996673 6.74988e-07 -0.02576481 -0.999668 -1.410526e-05 -0.02578141 -0.9996676 1.757677e-07 -0.02578039 -0.9996676 -7.430554e-08 -0.02578749 -0.9996674 -1.267756e-05 -0.0257821 -0.9996676 -5.461858e-09 -0.02578654 -0.9996675 -1.967895e-07 -0.02580671 -0.999667 1.763276e-05 -0.02579549 -0.9996673 1.131815e-07 -0.0257933 -0.9996673 7.081964e-06 -0.02579092 -0.9996673 9.641468e-09 -0.02578984 -0.9996674 -2.003575e-07 -0.02577168 -0.9996678 1.104956e-05 -0.02579288 -0.9996673 2.858175e-07 -0.02579737 -0.9996672 -9.776158e-08 -0.02578603 -0.9996675 -2.662151e-05 -0.02577609 -0.9996678 -1.019467e-06 -0.02576986 -0.9996679 2.986995e-05 -0.02580071 -0.999667 -1.397391e-07 -0.02578538 -0.9996675 5.950495e-07 -0.02579962 -0.9996672 -6.655537e-06 -0.02578503 -0.9996675 1.108245e-07 -0.02578907 -0.9996673 -1.51564e-07 -0.02578521 -0.9996675 -1.95803e-05 -0.02577935 -0.9996677 5.757125e-07 -0.02579427 -0.9996673 1.955054e-06 -0.02581176 -0.9996668 -1.845359e-05 -0.02578024 -0.9996676 -7.383278e-07 -0.0257799 -0.9996677 -8.450758e-07 -0.0257787 -0.9996677 2.600673e-05 -0.02579848 -0.9996671 3.643032e-07 -0.02579115 -0.9996674 -8.888395e-07 -0.0257784 -0.9996676 -1.620144e-05 -0.02578155 -0.9996676 -1.722707e-07 -0.02578592 -0.9996675 1.511489e-06 -0.02580167 -0.9996671 9.195495e-06 -0.02579127 -0.9996674 -4.768194e-06 -0.0257466 -0.9996685 2.536611e-07 -0.0257903 -0.9996674 2.770005e-05 -0.02579913 -0.9996672 -4.216891e-07 -0.02578501 -0.9996675 -1.687228e-06 -0.02577465 -0.9996678 -1.349988e-05 -0.02578251 -0.9996676 -7.523877e-06 -0.0257848 -0.9996674 -8.88302e-06 -0.02578445 -0.9996675 2.395435e-05 -0.02579727 -0.9996672 -1.658241e-05 -0.02578151 -0.9996676 -2.244819e-05 -0.02577909 -0.9996677 3.947609e-05 -0.02580367 -0.9996671 -7.497308e-06 -0.02583572 -0.9996662 8.863313e-05 -0.02573615 -0.9996688 1.631624e-06 -0.02577774 -0.9996676 -2.291855e-05 -0.0258014 -0.9996671 4.168599e-06 -0.02576178 -0.9996681 -5.797675e-05 -0.025822 -0.9996666 -2.381525e-06 -0.02580252 -0.999667 4.072388e-07 -0.0257875 -0.9996675 9.418503e-07 -0.02578213 -0.9996676 3.524725e-05 -0.0257668 -0.999668 2.020134e-06 -0.02577561 -0.9996677 -1.607252e-05 -0.02579749 -0.9996672 -6.877641e-07 -0.02579168 -0.9996674 2.971242e-05 -0.02576992 -0.9996679 1.953699e-07 -0.02578655 -0.9996675 -9.461264e-06 -0.02579369 -0.9996673 -1.891485e-07 -0.02578873 -0.9996674 1.69934e-05 -0.0257775 -0.9996676 1.976606e-07 -0.02578658 -0.9996675 -4.834507e-05 -0.02581781 -0.9996667 -4.520603e-07 -0.0257901 -0.9996674 2.298898e-05 -0.02577342 -0.9996678 -3.843963e-07 -0.02578975 -0.9996673 7.045083e-06 -0.02578343 -0.9996676 -7.698606e-07 -0.02579172 -0.9996673 -1.678639e-05 -0.02579854 -0.9996672 9.089304e-07 -0.02578338 -0.9996675 -4.703953e-06 -0.0257908 -0.9996673 6.183289e-08 -0.02578746 -0.9996675 1.287914e-05 -0.02577943 -0.9996676 -7.147856e-07 -0.02579107 -0.9996673 -7.273853e-06 -0.0257926 -0.9996673 -1.116411e-07 -0.02578836 -0.9996674 1.31954e-05 -0.02577908 -0.9996676 -8.114834e-06 -0.02579331 -0.9996673 1.720583e-06 -0.02578667 -0.9996675 -1.51729e-05 -0.02579821 -0.9996672 5.47965e-06 -0.02578394 -0.9996676 5.371601e-06 -0.02578402 -0.9996675 -7.614371e-06 -0.02579319 -0.9996673 2.145645e-05 -0.02577243 -0.9996678 6.602107e-06 -0.02578316 -0.9996676 -1.578779e-05 -0.02579951 -0.9996672 1.142867e-05 -0.02577941 -0.9996676 -3.191512e-05 -0.02581177 -0.9996668 -1.444564e-07 -0.02578786 -0.9996675 2.011129e-05 -0.02577252 -0.9996679 -5.065149e-06 -0.02579171 -0.9996673 -5.824706e-06 -0.0257923 -0.9996674 7.462541e-06 -0.02578196 -0.9996676 -7.483251e-06 -0.0257937 -0.9996673 1.2831e-05 -0.0257776 -0.9996678 -2.90752e-06 -0.02579018 -0.9996674 3.027792e-06 -0.0257854 -0.9996675 -1.448265e-05 -0.02579964 -0.9996671 9.168087e-06 -0.02578025 -0.9996676 -9.948511e-06 -0.02579603 -0.9996672 8.46124e-06 -0.02578073 -0.9996676 8.067632e-06 -0.02578106 -0.9996676 -3.521766e-05 -0.02581748 -0.9996666 6.188761e-05 -0.02573534 -0.9996688 -2.479977e-05 -0.02580902 -0.9996669 3.871639e-05 -0.0257548 -0.9996682 -3.023404e-08 -0.02578801 -0.9996675 -0 -0.02578775 -0.9996674 0 -0.02578775 -0.9996675 1.223882e-07 -0.02578853 -0.9996675 -0.02491416 -0.5444241 -0.8384401 -0.02453611 -0.5444763 -0.8384173 -0.07472125 -0.5430261 -0.8363847 -0.07357595 -0.5432132 -0.8363647 -0.1243686 -0.5402659 -0.8322531 -0.1223646 -0.5406451 -0.8323039 -0.17366 -0.5361732 -0.8260512 -0.1709588 -0.5367557 -0.8262363 -0.2225241 -0.5307491 -0.8177949 -0.2190934 -0.5315824 -0.8181799 -0.2708308 -0.5240148 -0.8075017 -0.2667477 -0.5251214 -0.8081418 -0.3184518 -0.5159768 -0.7952083 -0.3136559 -0.5174166 -0.7961785 -0.3653481 -0.5066476 -0.7809155 -0.3599314 -0.508439 -0.7822654 -0.4112777 -0.4960638 -0.7647035 -0.4052124 -0.4982634 -0.7665093 -0.4562035 -0.4842489 -0.7465798 -0.4496244 -0.4868568 -0.7488714 -0.5000117 -0.4712204 -0.7265946 -0.4928932 -0.4742967 -0.7294511 -0.542547 -0.4570293 -0.7048169 -0.5349837 -0.4605865 -0.7082744 -0.583759 -0.441697 -0.6812704 -0.5758288 -0.4457518 -0.6853661 -0.6234994 -0.4252685 -0.6560451 -0.6152133 -0.4298719 -0.66085 -0.6616769 -0.4077985 -0.6291932 -0.6531929 -0.4129207 -0.6346933 -0.6982325 -0.3892988 -0.6007645 -0.689528 -0.395014 -0.6070544 -0.7330381 -0.3698421 -0.570852 -0.7242457 -0.3761296 -0.5779229 -0.7660667 -0.3494331 -0.5394797 -0.7572079 -0.3563474 -0.5474055 -0.7883491 -0.3356979 -0.5155702 -0.7971212 -0.3282041 -0.5068332 -0.8262359 -0.3061312 -0.4728826 -0.8175867 -0.3142498 -0.4824927 -0.844847 -0.2920486 -0.4482647 -0.8532923 -0.2832961 -0.4377619 -0.8700886 -0.2691281 -0.4129357 -0.8782204 -0.2597647 -0.4015609 -0.9009731 -0.2355782 -0.3643494 -0.8932259 -0.2455683 -0.3766214 -0.9214774 -0.2108142 -0.3262465 -0.9142092 -0.2214179 -0.3394047 -0.939692 -0.1855246 -0.2873321 -0.9329883 -0.1967375 -0.3013754 -0.9555691 -0.1597808 -0.2477051 -0.9495332 -0.1715645 -0.2625879 -0.9690776 -0.1336232 -0.2074453 -0.9637743 -0.1460064 -0.2232066 -0.9801725 -0.1071409 -0.166681 -0.9757027 -0.1200776 -0.1832639 -0.9852759 -0.09387124 -0.1428974 -0.9888301 -0.08039306 -0.1255069 -0.9924791 -0.0674284 -0.1021691 -0.9950306 -0.05344128 -0.08401287 -0.99729 -0.04082832 -0.06120232 -0.9987563 -0.0263615 -0.04231844 -0.9996985 -0.0141277 -0.02008176 -0.9999995 0.0007878463 -0.0005115697 -0.9996985 0.01259919 0.02107438 -0.9987563 0.02793766 0.04129549 -0.9972903 0.03930243 0.06218839 -0.9950306 0.05501266 0.08299115 -0.9924784 0.06591389 0.1031607 -0.98883 0.08195656 0.1244915 -0.9852775 0.09235688 0.1438695 -0.9801726 0.1086927 0.1656732 -0.9757027 0.1185802 0.1842363 -0.9690769 0.135163 0.2064483 -0.9637744 0.1445238 0.2241694 -0.95557 0.1613001 0.2467149 -0.9495276 0.1701126 0.2635508 -0.9396919 0.1870293 0.286355 -0.9214758 0.2122978 0.3252875 -0.9329956 0.1952889 0.3022937 -0.9142092 0.2200038 0.3403231 -0.9009751 0.23703 0.3634016 -0.8782204 0.2611854 0.4006383 -0.8932146 0.2441898 0.3775434 -0.8700886 0.2677683 0.4138187 -0.8532923 0.2846854 0.4368597 -0.844863 0.2907089 0.4491045 -0.8262359 0.3074856 0.4720031 -0.8175865 0.3129627 0.4833286 -0.7971212 0.3295231 0.5059767 -0.7883491 0.3344568 0.5163762 -0.7660668 0.3507126 0.5386486 -0.7571887 0.3551503 0.5482094 -0.7330331 0.371071 0.5700603 -0.7242671 0.3749615 0.5786545 -0.6982379 0.3904822 0.5999897 -0.6895337 0.3939036 0.6077691 -0.6616768 0.4089319 0.6284572 -0.6531547 0.4118861 0.6354045 -0.6234995 0.4263501 0.6553427 -0.615248 0.4288568 0.6614769 -0.583759 0.4427179 0.6806073 -0.5757914 0.4448201 0.6860026 -0.542547 0.4579867 0.7041952 -0.5350236 0.4596895 0.7088268 -0.4999624 0.4721322 0.7260363 -0.4928933 0.473481 0.7299808 -0.4562555 0.4850654 0.7460177 -0.4496244 0.4861064 0.7493587 -0.4112777 0.496825 0.7642092 -0.4052124 0.4975801 0.7669531 -0.365339 0.5073326 0.7804749 -0.3598827 0.5078409 0.7826762 -0.3184613 0.516586 0.7948089 -0.313716 0.5168836 0.7965008 -0.2708308 0.5245558 0.8071505 -0.2666857 0.5246924 0.8084409 -0.222524 0.5312118 0.8174943 -0.17366 0.5365483 0.8258076 -0.2190934 0.5312247 0.8184122 -0.1709588 0.5364804 0.8264151 -0.1243686 0.5405492 0.8320691 -0.0747107 0.5432096 0.8362665 -0.1224304 0.540445 0.8324242 -0.02492476 0.5445181 0.8383787 -0.07356524 0.5431153 0.8364293 -0.02453611 0.544475 0.8384182 -0 -0.5446402 -0.8386698 0 -0.5446402 -0.8386698 0.02453611 0.544475 0.8384182 0.02453611 0.544475 0.8384182 0.07357595 0.543164 0.8363967 0.07356523 0.5431631 0.8363981 0.1223752 0.5405397 0.8323708 0.1224304 0.540543 0.8323606 0.1709588 0.5366153 0.8263275 0.1709588 0.5366153 0.8263275 0.2191467 0.5314011 0.8182834 0.2190934 0.5314007 0.8182978 0.2666857 0.5249153 0.8082961 0.2666857 0.5249153 0.8082962 0.3136655 0.5171475 0.7963493 0.313716 0.517145 0.7963311 0.3598827 0.5081415 0.7824811 0.3599315 0.5081378 0.7824611 0.4052125 0.4979224 0.7667308 0.4052125 0.4979223 0.7667308 0.4496244 0.4864823 0.7491147 0.4496244 0.4864823 0.7491146 0.4928934 0.4738859 0.729718 0.5349914 0.4601423 0.7085572 0.4928852 0.4738872 0.7297226 0.5350236 0.4601263 0.7085432 0.5757914 0.4452903 0.6856973 0.5758216 0.4452833 0.6856765 0.6152482 0.4293571 0.6611522 0.6152201 0.4293646 0.6611734 0.6531548 0.4124096 0.6350647 0.6531869 0.4123998 0.635038 0.6895338 0.3944576 0.6074095 0.6895338 0.3944576 0.6074095 0.7242673 0.37554 0.5782791 0.7242407 0.3755504 0.5783055 0.7571889 0.3557523 0.5478188 0.7572082 0.3557438 0.5477976 0.7883534 0.3350751 0.5159687 0.7883493 0.335077 0.5159736 0.8175868 0.3136067 0.4829105 0.8175869 0.3136067 0.4829105 0.8448473 0.2913829 0.4486971 0.8448632 0.2913729 0.4486735 0.8700999 0.2684391 0.4133601 0.8700889 0.2684469 0.4133782 0.8932148 0.244886 0.3770915 0.8932148 0.244886 0.3770915 0.9142114 0.2207088 0.3398606 0.9142095 0.2207104 0.3398643 0.949528 0.170844 0.2630759 0.9329959 0.1960088 0.3018262 0.9329959 0.1960089 0.3018263 0.949528 0.170844 0.2630759 0.9637747 0.1452652 0.2236881 0.9637747 0.1452652 0.2236881 0.9757031 0.1193291 0.1837501 0.9757031 0.1193291 0.1837501 0.9924787 0.0666732 0.1026678 0.9852777 0.09311264 0.143381 0.9852779 0.09311188 0.1433793 0.9924787 0.0666732 0.1026678 0.9996989 0.01336338 0.02057781 0.9972907 0.04006428 0.06169361 0.9972907 0.04006428 0.06169361 0.9996989 0.01336356 0.02057801 -0 0.5446389 0.8386707 -0 0.5446389 0.8386707 1.755491e-05 -0.8387263 0.5445533 -2.626889e-05 -0.838592 0.54476 -3.957522e-06 -0.8386573 0.5446594 5.258379e-06 -0.8386843 0.5446178 1.028651e-05 -0.8387051 0.5445859 1.384829e-05 -0.8387083 0.5445808 -1.978124e-05 -0.8385997 0.5447481 -7.183023e-06 -0.838652 0.5446675 2.178068e-06 -0.8386801 0.5446244 -6.161072e-06 -0.8386546 0.5446635 5.100065e-06 -0.8386912 0.5446072 7.931499e-06 -0.8386893 0.5446103 -5.849961e-06 -0.8386477 0.5446743 -3.849517e-06 -0.8386616 0.5446529 1.193047e-05 -0.8387212 0.5445611 -7.000785e-06 -0.8386544 0.5446638 1.294706e-05 -0.8387255 0.5445545 9.948645e-06 -0.8386911 0.5446073 -3.409226e-05 -0.8385168 0.5448757 -9.119721e-06 -0.8386515 0.5446684 1.300343e-06 -0.8386789 0.5446261 1.839398e-05 -0.8387065 0.5445837 2.625127e-05 -0.8387966 0.5444451 -8.32862e-07 -0.8386695 0.5446407 6.516399e-06 -0.838701 0.544592 -9.403158e-06 -0.8386535 0.5446652 -4.889402e-05 -0.8384271 0.5450138 -1.262588e-05 -0.8386478 0.5446742 1.51658e-05 -0.8387496 0.5445172 9.68137e-07 -0.8386711 0.5446382 -3.538348e-06 -0.8386636 0.5446498 5.023189e-05 -0.8389286 0.5442414 -1.228016e-05 -0.838696 0.5445998 4.395039e-06 -0.8386636 0.5446498 -2.175358e-05 -0.8387163 0.5445685 8.199359e-06 -0.8386534 0.5446653 8.768004e-07 -0.8386695 0.5446407 1.436784e-05 -0.8386387 0.5446881 -1.973517e-05 -0.83872 0.5445628 1.938885e-05 -0.8386223 0.5447133 -1.960868e-05 -0.8387244 0.544556 3.317439e-06 -0.8386614 0.5446531 1.857698e-05 -0.8386173 0.5447211 -1.606868e-05 -0.8387228 0.5445586 4.157605e-06 -0.8386579 0.5446587 1.204201e-05 -0.8386311 0.5446998 -3.092079e-06 -0.8386853 0.5446163 -1.743475e-07 -0.8386743 0.5446333 -1.189112e-05 -0.8387213 0.5445609 1.49932e-06 -0.8386644 0.5446485 1.55609e-05 -0.8386012 0.5447459 -7.128857e-06 -0.8387092 0.5445796 -1.462571e-06 -0.8386806 0.5446235 -3.692009e-06 -0.8386925 0.5446052 4.52913e-06 -0.8386463 0.5446764 -8.755482e-06 -0.838725 0.5445552 1.767761e-05 -0.8385605 0.5448085 -2.92297e-06 -0.8386948 0.5446017 -7.488031e-07 -0.83868 0.5446245 1.380848e-05 -0.838577 0.5447831 0 -0.8386696 0.5446406 2.965266e-05 -0.8385171 0.5448751 -2.882251e-07 -0.8386704 0.5446393 -3.437709e-05 -0.838841 0.5443764 -6.605197e-06 -0.8387045 0.5445868 3.03939e-05 -0.8385251 0.544863 -2.327731e-05 -0.8387781 0.5444734 1.357116e-05 -0.8386092 0.5447335 -3.335465e-06 -0.838684 0.5446184 -1.488045e-05 -0.8387342 0.5445411 1.750092e-05 -0.838599 0.5447492 -1.955263e-05 -0.8387473 0.5445207 9.629968e-06 -0.8386354 0.5446931 -8.144548e-06 -0.8387007 0.5445927 3.413739e-06 -0.8386601 0.5446553 1.292517e-05 -0.8386276 0.5447052 -1.343626e-05 -0.8387132 0.5445734 8.837894e-06 -0.8386443 0.5446794 3.482844e-06 -0.8386604 0.5446547 -1.591397e-05 -0.8387154 0.5445699 6.882261e-06 -0.8386529 0.5446662 4.998449e-07 -0.8386698 0.5446401 -3.933307e-06 -0.8386814 0.5446224 2.910714e-06 -0.8386641 0.5446489 -6.481775e-06 -0.838686 0.5446151 4.050839e-06 -0.8386628 0.544651 1.328412e-05 -0.8386438 0.5446804 -1.255322e-05 -0.8386956 0.5446005 0 -0.8386708 0.5446388 2.024115e-05 -0.8386332 0.5446965 -2.398463e-05 -0.8387136 0.5445728 2.325525e-05 -0.838631 0.5447 0 -0.8386695 0.5446406 -5.896788e-06 -0.8386609 0.5446539 1.385328e-05 -0.8387001 0.5445935 -1.350143e-05 -0.838645 0.5446784 1.367457e-05 -0.8387029 0.5445893 -2.393851e-07 -0.8386715 0.5446376 1.054111e-05 -0.8386967 0.5445988 -1.154059e-05 -0.8386432 0.5446813 -3.630173e-06 -0.8386629 0.5446509 5.253186e-06 -0.838686 0.5446151 -2.597749e-06 -0.8386644 0.5446486 3.141245e-06 -0.8386813 0.5446225 -6.401762e-07 -0.8386697 0.5446404 -5.759567e-06 -0.8386527 0.5446665 -1.060976e-05 -0.8386364 0.5446917 1.894919e-05 -0.8387438 0.5445262 -7.149095e-06 -0.8386437 0.5446804 -1.172694e-05 -0.8386249 0.5447093 1.076121e-05 -0.8387219 0.5445601 -2.840255e-06 -0.8386601 0.5446551 6.073101e-06 -0.8387024 0.5445899 -7.620084e-06 -0.8386331 0.5446967 -8.23534e-06 -0.8386297 0.5447021 9.233271e-06 -0.8387291 0.5445489 -1.349149e-05 -0.8385932 0.544758 1.433151e-06 -0.8386867 0.5446141 1.67343e-05 -0.8387869 0.5444599 -1.313968e-05 -0.8385829 0.544774 1.066929e-05 -0.8387517 0.5445141 -5.979829e-06 -0.838661 0.5446538 -5.599779e-07 -0.8386711 0.5446382 0 -0.8386785 0.5446269 0 -0.8386785 0.5446269 4.917889e-05 -0.8382878 0.5452279 -1.229893e-05 -0.8387705 0.5444851 -8.520917e-06 -0.8387414 0.54453 -4.144198e-06 -0.8387084 0.5445808 -2.705386e-05 -0.8384622 0.5449598 -1.816093e-07 -0.8386744 0.5446331 -2.186788e-05 -0.8385075 0.54489 4.900755e-06 -0.8387096 0.5445789 -1 0 0 -1 0 0 -1 0 -0 0 -0.5446385 -0.8386709 0 -0.5446385 -0.8386709 1 0 0 1 0 -0 1 0 0 0 0.5446392 0.8386705 0 0.5446392 0.8386705 0.000134154 0.9925327 0.121979 3.156249e-05 0.9925188 0.1220914 -0.0001126492 0.9924983 0.1222588 0.0001498017 0.9925381 0.1219353 -8.441395e-05 0.9925003 0.1222425 9.242629e-05 0.9925307 0.1219951 -7.867313e-05 0.9924992 0.1222512 7.719558e-05 0.9925298 0.1220026 3.845026e-05 0.9925217 0.1220682 -0.0001130408 0.9924881 0.1223409 -7.293539e-05 0.9924976 0.1222639 0.0002227551 0.9925723 0.1216562 -2.389875e-05 0.9925054 0.1222006 3.109355e-05 0.9925215 0.1220697 -0.0001123354 0.992476 0.1224395 0.0001429941 0.9925642 0.1217226 -0.0001636764 0.992448 0.1226662 0.0001698409 0.9925859 0.1215447 -5.808794e-05 0.9924815 0.122395 0.0002257622 0.9926266 0.1212124 -6.595092e-05 0.992458 0.1225854 -6.13976e-05 0.992461 0.1225609 -5.588236e-05 0.9924652 0.1225266 0.0001068494 0.9926125 0.1213273 2.956374e-05 0.9925265 0.1220293 -8.394505e-05 0.9923608 0.1233698 0.0004756356 0.9934981 0.1138469 0.0002808653 0.992839 0.1194593 -0.0001748551 0.9924932 0.1222993 1.227747e-05 0.9925157 0.1221167 0.0001330574 0.9925293 0.1220065 -6.47628e-05 0.9925085 0.122176 0.0001053496 0.9925253 0.1220386 -5.850463e-07 0.9925154 0.1221192 0 0.9925154 0.1221194 0 0.9925154 0.1221192 -0.0004120117 0.993305 0.1155207 -0.0001159042 0.9925963 0.1214604 -0.0002767963 0.9928524 0.1193489 0.0001531125 0.992326 0.1236496 -0.0001449386 0.9926229 0.1212428 -5.848806e-05 0.9925513 0.1218277 0.0001202901 0.9924231 0.1228674 -0.0001847429 0.9926116 0.1213344 -7.395705e-05 0.9925518 0.1218237 0.0001719751 0.9924328 0.1227892 -2.913775e-05 0.992521 0.1220743 -0.0001801126 0.992581 0.1215847 0.0001990825 0.9924423 0.1227128 -0.0001344574 0.9925556 0.1217921 0.000110646 0.9924792 0.1224133 -0.0001714061 0.9925608 0.1217496 -1.132898e-05 0.9925179 0.1220985 -2.309619e-05 0.9925209 0.1220747 5.841408e-05 0.992502 0.1222284 1.284041e-05 0.9925119 0.122148 -0.0001100305 0.9925368 0.121945 0.0002116288 0.9924753 0.1224448 -1.259537e-05 0.9925158 0.1221164 7.928654e-06 0.9925123 0.1221448 -0.0002257456 0.9925498 0.1218388 6.058279e-05 0.9925062 0.1221943 7.294896e-05 0.9925044 0.1222089 -0.0001679976 0.9925376 0.1219386 0.0001050457 0.9925018 0.1222303 7.17357e-05 0.992506 0.1221964 -1.364745e-05 0.9925162 0.1221134 -0.000167631 0.9925338 0.1219702 0.0001177103 0.9925025 0.122224 -1.138315e-05 0.9925161 0.122114 9.721314e-05 0.9925052 0.1222027 -0.0002679158 0.9925405 0.1219151 8.555566e-07 0.9925154 0.1221194 0 0.9925155 0.1221192 -0 0.9925154 0.1221192 -0 0.9925154 0.1221192 0 0.573577 0.8191516 0 0.573577 0.8191516 7.845052e-06 0.8386651 -0.5446475 -5.468797e-05 0.8386974 -0.5445977 -1.511793e-05 0.8386732 -0.544635 -3.571792e-06 0.8386726 -0.544636 2.275942e-06 0.8386693 -0.5446409 -2.171016e-05 0.8386784 -0.544627 2.298746e-06 0.8386649 -0.5446478 6.408787e-05 0.8386244 -0.5447102 1.795498e-06 0.8386625 -0.5446514 3.437361e-05 0.8386567 -0.5446604 6.99281e-05 0.8386382 -0.5446888 -1.997122e-05 0.8386826 -0.5446205 -4.152914e-05 0.838697 -0.5445984 -3.577835e-05 0.8386847 -0.5446172 -3.799358e-05 0.8386858 -0.5446156 4.406809e-05 0.8386322 -0.5446981 7.038706e-06 0.838659 -0.5446569 3.494495e-05 0.8386556 -0.544662 -8.537259e-06 0.8386747 -0.5446327 -3.400295e-05 0.8386977 -0.5445972 2.207201e-05 0.8386534 -0.5446655 -2.538934e-05 0.8386763 -0.5446303 -7.68572e-06 0.8386708 -0.5446387 -2.231751e-05 0.838675 -0.5446323 -3.610918e-06 0.838669 -0.5446414 -2.212132e-05 0.8386851 -0.5446166 1.82953e-05 0.8386651 -0.5446475 2.136382e-05 0.8386642 -0.5446489 -2.588414e-06 0.8386749 -0.5446324 1.910796e-05 0.8386458 -0.5446773 2.872262e-06 0.8386613 -0.5446533 -4.908442e-05 0.8386787 -0.5446265 -4.742164e-05 0.8386783 -0.5446271 -8.968856e-06 0.838698 -0.5445968 -2.533846e-05 0.8387231 -0.544558 5.715799e-05 0.8386613 -0.5446534 8.562915e-05 0.8386548 -0.5446633 -2.131387e-06 0.838662 -0.5446523 2.003383e-05 0.8386225 -0.5447131 -3.321593e-05 0.838676 -0.5446306 -1.659401e-05 0.8386726 -0.5446358 -1.937314e-05 0.83872 -0.5445629 1.497454e-05 0.8386472 -0.5446749 -3.533464e-05 0.8386777 -0.544628 -4.745225e-06 0.8386723 -0.5446364 -8.148024e-06 0.8387038 -0.5445878 1.669484e-05 0.8386391 -0.5446876 7.131408e-05 0.8386595 -0.5446562 -7.425731e-05 0.8386819 -0.5446215 6.703793e-06 0.8386333 -0.5446963 -3.854453e-06 0.8386689 -0.5446416 -4.026217e-07 0.8386706 -0.544639 0.0001096471 0.8386561 -0.5446612 2.051478e-06 0.838672 -0.5446368 5.978894e-06 0.8386533 -0.5446657 -6.449718e-05 0.8386765 -0.5446299 -2.44501e-05 0.8386722 -0.5446366 4.737461e-06 0.838715 -0.5445705 4.395871e-06 0.8387178 -0.5445663 -2.546523e-05 0.8386748 -0.5446325 9.835332e-06 0.8386717 -0.5446371 -2.487961e-06 0.8386634 -0.5446501 -1.372176e-06 0.8386332 -0.5446967 -6.191335e-05 0.8386734 -0.5446348 -3.828693e-06 0.8386695 -0.5446406 9.287752e-07 0.8387043 -0.5445871 -3.037642e-06 0.8386259 -0.5447078 -1.391145e-05 0.838651 -0.5446692 -1.213589e-05 0.8386638 -0.5446495 1.354578e-05 0.8387169 -0.5445678 1.265101e-07 0.8386583 -0.5446579 -2.604921e-06 0.838653 -0.5446661 1.172635e-05 0.8386976 -0.5445974 -2.856347e-06 0.8386759 -0.5446309 -5.304647e-06 0.83867 -0.54464 -2.447761e-05 0.8386459 -0.5446769 -2.219262e-05 0.8386505 -0.54467 2.965296e-05 0.8387125 -0.5445745 7.128462e-07 0.8386655 -0.5446468 -1.277876e-05 0.838658 -0.5446584 -3.238849e-05 0.838631 -0.5446999 4.589563e-05 0.8387122 -0.5445749 1.018865e-05 0.8386695 -0.5446408 2.357906e-05 0.8386858 -0.5446154 -4.864631e-07 0.8386607 -0.5446543 -1.95233e-06 0.8386626 -0.5446514 2.228174e-05 0.838685 -0.5446168 -1.693632e-06 0.8386643 -0.5446487 -1.125421e-05 0.8386564 -0.5446608 -1.671559e-05 0.8386555 -0.5446621 -5.296922e-06 0.8386638 -0.5446494 5.08063e-05 0.8386932 -0.5446042 2.239926e-05 0.8386747 -0.5446327 -7.479407e-05 0.8386293 -0.5447026 8.016847e-06 0.8386781 -0.5446274 1.068479e-05 0.8386792 -0.5446258 4.995255e-05 0.8386999 -0.5445938 -2.504635e-05 0.8386509 -0.5446694 -6.92419e-06 0.8386593 -0.5446565 3.880542e-05 0.8386856 -0.5446159 3.614049e-05 0.8386845 -0.5446175 -6.762719e-05 0.838636 -0.5446923 -2.826229e-05 0.8386505 -0.54467 9.363912e-06 0.838674 -0.5446337 2.293688e-05 0.8386784 -0.5446271 1.992216e-05 0.8386772 -0.5446287 1.148477e-05 0.8386748 -0.5446324 -1.955124e-05 0.8386623 -0.5446518 -2.280973e-05 0.8386615 -0.544653 4.306528e-05 0.8386836 -0.544619 5.139801e-05 0.8386853 -0.5446164 -7.262576e-05 0.8386523 -0.5446671 -5.984422e-05 0.8386545 -0.5446638 4.643356e-06 0.8386741 -0.5446336 3.21278e-05 0.8386778 -0.5446279 2.284886e-06 0.838677 -0.5446291 3.407929e-05 0.8386801 -0.5446242 -7.329537e-05 0.8386642 -0.5446488 7.752235e-05 0.8386741 -0.5446335 9.290765e-06 0.838665 -0.5446476 1.810322e-05 0.8386652 -0.5446472 5.906515e-05 0.8386694 -0.5446409 -0.0001046594 0.8386695 -0.5446408 -1.036358e-05 0.8386757 -0.5446312 2.551537e-05 0.8386744 -0.544633 3.639047e-06 0.8386738 -0.5446342 6.207031e-05 0.8386698 -0.5446401 0 0.8386696 -0.5446406 2.253946e-05 0.8386695 -0.5446406 0 0.8386696 -0.5446406 9.425309e-05 0.8386743 -0.5446333 2.591254e-05 0.8386728 -0.5446357 4.19096e-07 0.8386704 -0.5446392 -5.267946e-05 0.8386679 -0.544643 -5.807324e-05 0.8386674 -0.544644 -8.401371e-06 0.8386708 -0.5446386 -1.300071e-06 0.8386726 -0.5446359 1.613635e-05 0.8386742 -0.5446334 4.883199e-06 0.8386752 -0.5446319 4.01936e-05 0.8386793 -0.5446256 5.527842e-05 0.8386796 -0.5446252 -5.430894e-05 0.838664 -0.5446491 -1.207057e-05 0.8386635 -0.5446498 -4.330397e-05 0.8386583 -0.5446578 2.141384e-05 0.8386713 -0.544638 1.332144e-05 0.8386697 -0.5446404 -6.62781e-05 0.838654 -0.5446647 5.787674e-05 0.8386812 -0.5446227 6.194902e-05 0.8386856 -0.544616 -6.769287e-05 0.8386535 -0.5446653 -8.597376e-06 0.838667 -0.5446446 7.811744e-05 0.8386909 -0.5446076 -1.842515e-05 0.8386629 -0.5446509 -2.663315e-05 0.8386604 -0.5446547 -2.838375e-05 0.8386622 -0.5446519 2.286242e-05 0.8386796 -0.5446253 1.983158e-05 0.8386811 -0.5446229 -1.484868e-05 0.8386682 -0.5446427 9.187313e-06 0.8386718 -0.5446371 -4.672779e-05 0.8386489 -0.5446723 4.711561e-05 0.8386943 -0.5446025 3.114045e-05 0.8386832 -0.5446196 -2.793955e-05 0.8386542 -0.5446643 -4.660767e-05 0.8386402 -0.5446857 -5.826799e-06 0.8386615 -0.5446529 2.811594e-05 0.8386896 -0.5446097 4.463602e-05 0.838703 -0.544589 1.514164e-05 0.838676 -0.5446306 -1.452153e-05 0.8386561 -0.5446613 -7.115617e-06 0.8386636 -0.5446497 2.592888e-06 0.8386704 -0.5446393 1.457167e-06 0.8386691 -0.5446412 -1.538294e-05 0.8386535 -0.5446654 5.607238e-06 0.8386808 -0.5446233 -7.16534e-06 0.8386675 -0.5446439 -8.108914e-06 0.8386661 -0.5446458 -4.923349e-06 0.8386698 -0.5446402 4.520622e-06 0.8386865 -0.5446145 1.03631e-05 0.8386943 -0.5446026 -4.362688e-06 0.8386631 -0.5446506 5.535609e-06 0.8386784 -0.5446271 -7.985182e-06 0.8386424 -0.5446824 5.246942e-06 0.8386664 -0.5446454 1.352771e-05 0.8386956 -0.5446004 -7.867399e-06 0.8386488 -0.5446726 -3.500438e-06 0.8386717 -0.5446372 -4.441612e-06 0.8386691 -0.5446413 -8.037105e-06 0.8386319 -0.5446987 1.604227e-06 0.838715 -0.5445708 1.469779e-06 0.8386674 -0.5446439 -9.445073e-05 0.8386698 -0.5446401 0 0.8386699 -0.5446401 0 0.8386699 -0.5446401 5.940629e-06 0.8386291 -0.5447029 -7.214509e-07 0.8387015 -0.5445914 1.317211e-07 0.8386745 -0.544633 -1.539847e-05 0.838675 -0.5446321 -2.066251e-06 0.8387322 -0.5445442 9.371435e-06 0.8386714 -0.5446376 5.800627e-05 0.838667 -0.5446445 -3.270361e-05 0.8386735 -0.5446345 -1.184527e-06 0.8386651 -0.5446476 -9.410256e-09 0.838661 -0.5446538 5.248021e-05 0.838667 -0.5446444 -1.605084e-05 0.8386744 -0.5446331 1.369356e-06 0.8386483 -0.5446735 8.561793e-06 0.8386297 -0.5447021 -3.971124e-05 0.8386804 -0.5446237 9.246518e-06 0.8386734 -0.5446346 8.854616e-07 0.838667 -0.5446445 -2.19892e-05 0.8387135 -0.5445729 5.608971e-05 0.8386676 -0.5446438 3.247898e-06 0.8386772 -0.5446289 -1.217769e-05 0.8386813 -0.5446225 1.701858e-05 0.8386328 -0.5446973 4.613251e-05 0.838663 -0.5446507 -5.247547e-06 0.8386745 -0.544633 -6.627834e-06 0.838691 -0.5446075 6.844204e-06 0.8386721 -0.5446367 -1.441577e-05 0.8386682 -0.5446427 -4.93327e-05 0.8386774 -0.5446286 7.69444e-06 0.8386704 -0.5446392 -1.338376e-05 0.8386957 -0.5446004 -5.608242e-05 0.8386834 -0.5446193 5.300817e-06 0.8386644 -0.5446485 2.324666e-06 0.8386705 -0.5446392 2.618877e-05 0.8386457 -0.5446773 1.217165e-05 0.8386647 -0.5446481 -1.851127e-05 0.8386748 -0.5446326 6.115421e-05 0.8386464 -0.5446762 -1.017271e-05 0.8386851 -0.5446166 1.968395e-05 0.8386505 -0.5446701 3.56226e-05 0.8386573 -0.5446594 -7.633348e-05 0.8386927 -0.544605 -1.017844e-05 0.8386658 -0.5446464 -4.714691e-07 0.8386703 -0.5446395 -1.090139e-06 0.8386709 -0.5446386 -3.588278e-05 0.8386796 -0.5446253 5.654854e-06 0.8386644 -0.5446485 -7.135862e-06 0.8386737 -0.5446342 5.049465e-06 0.8386629 -0.5446507 1.157906e-05 0.8386658 -0.5446463 8.680627e-06 0.838667 -0.5446444 -2.301869e-07 0.8386696 -0.5446405 -1.068801e-05 0.8386778 -0.544628 5.611994e-05 0.8386461 -0.5446768 1.911245e-05 0.8386634 -0.54465 2.396863e-05 0.8386598 -0.5446558 -2.273439e-05 0.8386918 -0.5446063 -5.35836e-05 0.838699 -0.5445953 2.283138e-05 0.8386585 -0.5446578 -5.165613e-05 0.8387001 -0.5445936 4.644864e-05 0.8386402 -0.5446858 3.01859e-05 0.8386554 -0.5446624 -1.632072e-05 0.8386832 -0.5446196 9.330412e-06 0.8386632 -0.5446504 -3.415185e-05 0.8386867 -0.5446141 -1.660677e-06 0.8386706 -0.5446389 -0.02456532 0.5444689 0.8384212 -0.02448045 0.544498 0.8384049 -0.07357893 0.5431848 0.8363829 -0.07357893 0.5431848 0.836383 -0.122444 0.5405351 0.8323637 -0.1223604 0.5405684 0.8323544 -0.1709435 0.5366167 0.8263298 -0.1709435 0.5366167 0.8263298 -0.2190837 0.5314292 0.818282 -0.2191645 0.531392 0.8182844 -0.2667389 0.5249006 0.8082882 -0.2666601 0.5249393 0.808289 -0.3137053 0.5171404 0.7963384 -0.3137053 0.5171404 0.7963384 -0.359892 0.5081396 0.7824781 -0.359892 0.5081396 0.7824781 -0.4052067 0.4979174 0.7667371 -0.4052067 0.4979174 0.7667371 -0.4496474 0.4864698 0.749109 -0.4496473 0.4864697 0.7491091 -0.4928602 0.47389 0.7297377 -0.4928602 0.47389 0.7297377 -0.5350127 0.4601301 0.708549 -0.5350244 0.4601216 0.7085457 -0.5758014 0.445282 0.6856942 -0.5757905 0.4452906 0.6856978 -0.6152264 0.4293619 0.6611692 -0.6152264 0.4293619 0.6611692 -0.6532089 0.4123842 0.6350255 -0.6532089 0.4123842 0.6350255 -0.6895193 0.3944601 0.6074243 -0.6895193 0.3944601 0.6074244 -0.7242548 0.3755423 0.5782931 -0.7242547 0.3755423 0.5782931 -0.757217 0.3557345 0.5477914 -0.757217 0.3557345 0.5477914 -0.7883233 0.3350917 0.5160038 -0.7883233 0.3350917 0.5160038 -0.8175927 0.3135982 0.4829062 -0.8175926 0.3135982 0.4829062 -0.8448542 0.291377 0.448688 -0.8448542 0.291377 0.448688 -0.8700861 0.2684496 0.4133824 -0.8700861 0.2684496 0.4133824 -0.893222 0.2448758 0.3770814 -0.893222 0.2448758 0.3770813 -0.9142075 0.2207106 0.3398697 -0.9329938 0.1960094 0.3018326 -0.9142076 0.2207107 0.3398697 -0.9329938 0.1960094 0.3018326 -0.9495327 0.170834 0.2630652 -0.9495327 0.170834 0.2630652 -0.9637734 0.1452659 0.2236932 -0.9637734 0.1452658 0.2236932 -0.9757025 0.1193287 0.1837528 -0.9852783 0.09310935 0.143378 -0.9757025 0.1193287 0.1837528 -0.9852783 0.09310935 0.143378 -0.9924784 0.06667379 0.1026702 -0.9972911 0.04006077 0.06168911 -0.9924784 0.06667379 0.1026702 -0.9972911 0.04006077 0.06168911 -0.9996988 0.0133664 0.02058127 -0.9996989 0.01336458 0.02057997 -0 0.5446333 0.8386742 -0 0.5446333 0.8386742 0.02497942 -0.5444912 -0.8383945 0.02489587 -0.5444644 -0.8384144 0.07472358 -0.5431106 -0.8363296 0.07472358 -0.5431106 -0.8363296 0.1244035 -0.5404301 -0.8321413 0.1243211 -0.540408 -0.8321679 0.1736292 -0.5363883 -0.825918 0.1736292 -0.5363883 -0.825918 0.2224783 -0.5309834 -0.8176552 0.2225577 -0.5310008 -0.8176224 0.2708404 -0.5242772 -0.8073283 0.2708403 -0.5242772 -0.8073283 0.3184718 -0.5162704 -0.7950098 0.3184862 -0.5162728 -0.7950025 0.3653946 -0.5069733 -0.7806823 0.4112587 -0.4964434 -0.7644673 0.3653807 -0.5069713 -0.7806901 0.4112587 -0.4964434 -0.7644673 0.4562303 -0.4846482 -0.7463042 0.4562303 -0.4846483 -0.7463042 0.4999907 -0.4716692 -0.7263178 0.4999907 -0.4716692 -0.7263178 0.5425341 -0.4575103 -0.7045147 0.5425341 -0.4575104 -0.7045148 0.5837756 -0.4422143 -0.6809204 0.5837311 -0.4422134 -0.6809592 0.6234759 -0.4258175 -0.6557113 0.6235172 -0.4258171 -0.6556723 0.66169 -0.4083497 -0.6288218 0.6616991 -0.4083494 -0.6288124 0.6982123 -0.389894 -0.6004017 0.6982123 -0.3898941 -0.6004017 0.7330502 -0.3704456 -0.5704449 0.7330428 -0.3704464 -0.570454 0.7660694 -0.3500852 -0.5390529 0.7660348 -0.3500897 -0.539099 0.7971517 -0.328855 -0.5063631 0.7971212 -0.3288601 -0.5064078 0.8262472 -0.3067962 -0.4724318 0.826242 -0.3067972 -0.47244 0.8532727 -0.2840043 -0.437341 0.8532999 -0.2839975 -0.4372925 0.8782356 -0.2604723 -0.4010691 0.8782164 -0.2604781 -0.4011072 0.900968 -0.2363085 -0.3638887 0.900968 -0.2363085 -0.3638887 0.9214687 -0.2115622 -0.3257867 0.9214711 -0.2115611 -0.3257805 0.9397008 -0.1862632 -0.2868246 0.9396991 -0.1862642 -0.2868301 0.9555653 -0.1605454 -0.2472254 0.9555666 -0.1605445 -0.2472205 0.9690795 -0.1343876 -0.2069419 0.9801722 -0.1079176 -0.1661811 0.9690785 -0.1343884 -0.206946 0.9801722 -0.1079176 -0.1661811 0.9888319 -0.08116953 -0.124992 0.9888319 -0.08116954 -0.124992 0.9950302 -0.05423158 -0.08351058 0.9950302 -0.05423158 -0.08351058 0.9987569 -0.02714794 -0.0418048 0.9987569 -0.02714794 -0.0418048 1 0 0 1 0 0 0.9987569 0.02714933 0.04180389 0.9987569 0.02714933 0.04180389 0.9950302 0.05423158 0.08351058 0.995031 0.05422985 0.08350182 0.9888319 0.08116953 0.124992 0.9888319 0.08116954 0.124992 0.9801722 0.1079176 0.1661811 0.9801722 0.1079176 0.1661811 0.9690785 0.1343966 0.2069407 0.9690734 0.1344006 0.2069619 0.9555666 0.1605445 0.2472205 0.9555739 0.1605399 0.2471955 0.939699 0.1862756 0.2868227 0.9396892 0.1862807 0.2868514 0.9214711 0.2115611 0.3257805 0.9214837 0.2115556 0.3257483 0.900968 0.2363085 0.3638887 0.900968 0.2363085 0.3638887 0.8782164 0.2604781 0.4011072 0.8782164 0.2604781 0.4011072 0.8532999 0.2839829 0.437302 0.8532954 0.283984 0.4373098 0.826242 0.3067972 0.47244 0.8262472 0.3067962 0.4724318 0.7971212 0.3288601 0.5064079 0.7971212 0.3288601 0.5064078 0.7660348 0.3500897 0.539099 0.7660694 0.3500852 0.5390529 0.7330815 0.3704463 0.5704043 0.7330428 0.37045 0.5704516 0.6982206 0.3898935 0.6003925 0.6982123 0.389894 0.6004017 0.66169 0.4083498 0.6288218 0.6616991 0.4083494 0.6288124 0.6234759 0.4258174 0.6557113 0.6235172 0.4258171 0.6556723 0.5837756 0.4422142 0.6809204 0.5837311 0.4422133 0.6809591 0.5425341 0.4575104 0.7045148 0.5425341 0.4575103 0.7045147 0.4999907 0.4716692 0.7263178 0.4999907 0.4716692 0.7263178 0.4562303 0.4846483 0.7463042 0.4562303 0.4846482 0.7463042 0.4112587 0.4964434 0.7644673 0.4112587 0.4964434 0.7644673 0.3653222 0.5069888 0.7807062 0.3653807 0.5069973 0.7806733 0.3184862 0.5162942 0.7949886 0.3185469 0.5162618 0.7949854 0.2708403 0.5242772 0.8073283 0.2708404 0.5242772 0.8073283 0.2224783 0.5309834 0.8176552 0.2224783 0.5309834 0.8176552 0.1737103 0.5363805 0.825906 0.1736292 0.5363609 0.8259358 0.1243211 0.540408 0.8321679 0.1244034 0.54043 0.8321413 0.07472358 0.5431106 0.8363296 0.07472358 0.5431106 0.8363296 0.02489587 0.5444644 0.8384144 0.02489587 0.5444644 0.8384144 -0 -0.5446612 -0.8386562 -0 -0.5446612 -0.8386562 1 0 0 1 0 0 1 0 0 1 0 0 -0 -0.7191105 -0.6948958 2.468802e-07 -0.7191004 -0.6949062 -0 -0.7190998 -0.6949068 4.561708e-07 -0.7190996 -0.6949069 -1.244384e-06 -0.719097 -0.6949098 1.356136e-07 -0.7191032 -0.6949033 0 -0.719102 -0.6949047 0 0.5446393 0.8386704 -0 0.5446489 0.8386641 -4.098264e-07 0.5446398 0.83867 0 0.5446393 0.8386704 -2.007057e-07 0.8386761 -0.5446305 1.75014e-06 0.8386493 -0.5446718 -1.612418e-06 0.8386899 -0.5446092 -1.704258e-06 0.8387237 -0.5445572 6.704317e-06 0.8386269 -0.5447063 0 0.8386468 -0.5446756 -9.713915e-07 0.8386737 -0.5446342 -8.087482e-06 0.8387095 -0.5445792 3.315436e-06 0.838661 -0.5446537 2.002589e-06 0.8386658 -0.5446464 3.576205e-06 0.8386605 -0.5446545 1.829323e-07 0.8386705 -0.5446392 -9.199152e-06 0.838694 -0.5446029 8.43876e-07 0.8386709 -0.5446385 1.566331e-05 0.8386406 -0.5446851 -5.800954e-06 0.8386816 -0.5446221 1.155579e-05 0.8386508 -0.5446695 -1.351631e-05 0.8386916 -0.5446066 1.445009e-05 0.8386493 -0.5446717 7.901685e-07 0.838671 -0.5446383 -2.941323e-05 0.838711 -0.5445768 -1.445009e-05 0.8386493 -0.5446717 1.327057e-05 0.8386913 -0.544607 -9.487812e-06 0.8386545 -0.5446637 5.800954e-06 0.8386816 -0.5446221 -1.759127e-05 0.8386372 -0.5446904 -9.644289e-07 0.8386712 -0.544638 1.071206e-05 0.8386977 -0.5445971 -1.829323e-07 0.8386705 -0.5446392 -4.93275e-06 0.8386567 -0.5446604 -2.127751e-06 0.8386658 -0.5446464 -3.474832e-06 0.838661 -0.5446537 7.957039e-06 0.8387095 -0.5445792 1.691541e-06 0.838678 -0.5446275 -7.447417e-06 0.8386224 -0.5447133 2.105072e-06 0.8386948 -0.5446017 0 0.8387243 -0.5445562 -1.582853e-06 0.838653 -0.5446662 -1.496952e-06 0.8386548 -0.5446634 -3.080643e-07 0.838671 -0.5446383 0 -0.5446367 -0.838672 0 -0.5446367 -0.838672 0 -0.5446395 -0.8386703 5.978597e-07 -0.5446387 -0.8386707 -0.9999325 -0.009737007 0.006323279 -0.9978116 -0.05545802 0.036006 -0.9993866 -0.02936691 0.01907711 -0.9996991 -0.02054389 0.01340271 -0.9945529 -0.08743215 0.05674728 -0.9972889 -0.06169239 0.04011051 -0.9899889 -0.1183885 0.07685087 -0.9924821 -0.1026166 0.06670159 -0.9769781 -0.1789209 0.1161951 -0.9841262 -0.1488395 0.09665589 -0.9852711 -0.1433908 0.09316633 -0.9683934 -0.2092027 0.1358253 -0.9757046 -0.1837234 0.1193582 -0.9637706 -0.2236725 0.1453163 -0.958529 -0.2390307 0.1551983 -0.94953 -0.2630495 0.1708736 -0.9353343 -0.2966926 0.192674 -0.9475809 -0.2679682 0.1740216 -0.9329934 -0.30181 0.1960463 -0.9217193 -0.3252993 0.2112198 -0.9142055 -0.3398434 0.2207596 -0.9057645 -0.3554326 0.2307782 -0.8932281 -0.3770437 0.2449114 -0.8880467 -0.3855909 0.250385 -0.8700811 -0.4133752 0.2684769 -0.8475688 -0.4450758 0.2890235 -0.8692794 -0.4145664 0.2692359 -0.8448602 -0.4486631 0.2913978 -0.8229155 -0.4765151 0.3094245 -0.8175782 -0.4829001 0.3136451 -0.7965316 -0.5070758 0.3292591 -0.7883896 -0.5159049 0.3350881 -0.7683545 -0.536792 0.3485481 -0.7571791 -0.5477979 0.355805 -0.7387996 -0.5652255 0.3670086 -0.7074151 -0.5927961 0.3849112 -0.7243207 -0.5782029 0.3755543 -0.6895067 -0.6074023 0.3945161 -0.6728276 -0.6204789 0.4028759 -0.6326324 -0.6495484 0.4217384 -0.6530985 -0.6350724 0.4124867 -0.5885969 -0.6780385 0.4402471 -0.6152748 -0.6611059 0.4293901 -0.5429339 -0.7043223 0.4573323 -0.5758656 -0.6856276 0.4453017 -0.4958256 -0.7283358 0.4729524 -0.5349622 -0.7085589 0.4601735 -0.4928988 -0.7297149 0.4738848 -0.4476339 -0.7499659 0.4870062 -0.4495741 -0.7491381 0.4864928 -0.3956997 -0.770255 0.5001289 -0.4053184 -0.7666809 0.497913 -0.3372387 -0.7895974 0.5126461 -0.3597837 -0.7824825 0.5082093 -0.2752263 -0.8063235 0.5235388 -0.3137169 -0.7963032 0.5171875 -0.2668317 -0.808261 0.5248952 -0.2131774 -0.819428 0.532065 -0.2189265 -0.8183294 0.5314208 -0.1511276 -0.8290894 0.5383039 -0.1710761 -0.8262801 0.5366509 -0.0898687 -0.8353249 0.5423615 -0.1224481 -0.8323265 0.5405914 -0.02977206 -0.8383279 0.5443527 -0.07355217 -0.8363767 0.543198 -0.02459287 -0.8384174 0.5444734 -0.9996992 0.01335786 0.0205693 -0.9972891 0.04005754 0.06172455 -0.9995549 0.0162736 0.02500629 -0.9924805 0.06663711 0.1026735 -0.9959365 0.04908988 0.07550325 -0.9852752 0.09309762 0.1434072 -0.9884914 0.08243583 0.1268424 -0.9637744 0.1452629 0.2236909 -0.975703 0.1193316 0.1837489 -0.9770187 0.1161235 0.1787455 -0.9495224 0.1708339 0.2631024 -0.9622407 0.148274 0.2282708 -0.9329977 0.195982 0.3018382 -0.9456384 0.1771537 0.2727354 -0.9142231 0.2206663 0.3398566 -0.9269199 0.2044122 0.3146986 -0.9053083 0.2313733 0.3562069 -0.8932301 0.2448406 0.3770848 -0.880863 0.2578526 0.3969791 -0.8700691 0.2684407 0.4134238 -0.8535165 0.2838265 0.4369807 -0.8448504 0.29136 0.4487063 -0.8234425 0.3090556 0.4758437 -0.8176077 0.3135754 0.4828956 -0.7923514 0.3322802 0.5116338 -0.7883308 0.3350772 0.5160017 -0.7623942 0.3524545 0.542707 -0.7571988 0.3557306 0.5478192 -0.7323544 0.3708748 0.5710596 -0.7242453 0.3755275 0.5783148 -0.7007075 0.3885933 0.5983346 -0.6895361 0.3944281 0.6074261 -0.6677413 0.40545 0.6242852 -0.6532187 0.4123547 0.6350345 -0.6334943 0.4214386 0.6489025 -0.6151915 0.429351 0.6612087 -0.5758303 0.445251 0.6856902 -0.5978503 0.4366117 0.6722687 -0.5612395 0.4507954 0.6941137 -0.5349336 0.460136 0.7086049 -0.4929719 0.4738392 0.7296952 -0.5235797 0.4640385 0.7145157 -0.4496463 0.4864613 0.7491152 -0.4852217 0.4762401 0.733318 -0.4479005 0.4869472 0.749845 -0.4051784 0.4979107 0.7667564 -0.4108604 0.4965527 0.7646104 -0.35988 0.5081196 0.7824966 -0.3722807 0.5055054 0.7783774 -0.3136894 0.5171179 0.7963593 -0.334143 0.5133549 0.7904525 -0.2667189 0.5248847 0.8083051 -0.2960865 0.5202354 0.8010542 -0.2591497 0.5260365 0.8100166 -0.2191072 0.5313863 0.8183035 -0.2225487 0.5309762 0.8176407 -0.1709101 0.536596 0.8263501 -0.1852397 0.5352272 0.8241469 -0.1224235 0.5405131 0.832381 -0.1472448 0.5387212 0.829517 -0.07353915 0.5431463 0.8364115 -0.1086764 0.541427 0.8336943 -0.0711617 0.54325 0.8365498 -0.0245729 0.5444436 0.8384374 -0.03942447 0.5442193 0.8380162 -0.01296869 0.5445933 0.8385999 0 -0.5543974 -0.8322521 0 -0.573567 -0.8191587 0 -0.5543974 -0.8322521 0 -0.5988944 -0.8008279 0 -0.573567 -0.8191587 0 -0.6291596 -0.7772761 0 -0.5988944 -0.800828 0 -0.6575415 -0.7534183 0 -0.6291596 -0.7772761 0 -0.684788 -0.7287424 0 -0.6575415 -0.7534183 0 -0.7110239 -0.7031678 0 -0.6847879 -0.7287424 0 -0.7366737 -0.6762484 0 -0.7110239 -0.7031679 0 -0.7366737 -0.6762484 0 -0.761048 -0.6486955 0 -0.761048 -0.6486955 0 -0.7840824 -0.6206568 0 -0.7840824 -0.6206567 0 -0.8061124 -0.5917624 0 -0.8061124 -0.5917624 0 -0.827234 -0.5618576 0 -0.827234 -0.5618576 0 -0.8487574 -0.5287824 0 -0.8487574 -0.5287823 0 -0.8692219 -0.494422 0 -0.869222 -0.494422 0 -0.8880025 -0.4598387 0 -0.8880025 -0.4598387 0 -0.9066969 -0.4217829 0 -0.9066968 -0.4217829 0 -0.9246809 -0.380743 0 -0.9246809 -0.380743 0 -0.9408719 -0.3387626 0 -0.9408719 -0.3387626 0 -0.9552577 -0.2957747 0 -0.9552577 -0.2957747 0 -0.9780537 -0.2083532 0 -0.9675513 -0.2526744 0 -0.9675514 -0.2526744 0 -0.9780536 -0.2083531 0 -0.9940649 -0.1087887 0 -0.9868864 -0.1614166 0 -0.9868864 -0.1614166 0 -0.9985742 -0.05338177 0 -0.9940649 -0.1087887 0 -0.9999981 0.00198719 0 -0.9985741 -0.05338177 0 -0.999998 0.00198719 0 -0.9937546 0.1115873 0 -0.9983672 0.05712258 0 -0.9983672 0.05712258 0 -0.9937546 0.1115873 0 -0.9732378 0.2298003 0 -0.9857401 0.1682753 0 -0.9857401 0.1682754 0 -0.9732378 0.2298003 0 -0.9562024 0.2927064 0 -0.9562023 0.2927063 0 -0.9355245 0.3532619 0 -0.9355245 0.3532619 0 -0.9113884 0.4115474 0 -0.884262 0.4669911 0 -0.9113884 0.4115473 0 -0.884262 0.4669912 0 -0.8545413 0.5193834 0 -0.8545414 0.5193834 -0.9993985 -0.007209343 0.03392166 -0.02458468 -0.8248008 0.5648887 -0.9989711 -0.009427851 0.04436026 -0.997252 0.0328478 0.06640323 -0.9966497 -0.04217719 0.07007411 -0.9919496 -0.08475509 0.09408773 -0.9968712 -0.03542987 0.0706579 -0.9848353 -0.1271425 0.1180427 -0.9898198 -0.09130763 0.1091771 -0.9932669 -0.005883521 0.1156982 -0.9933711 0.02615513 0.1119364 -0.9920079 0.04074252 0.1194169 -0.9782206 -0.1475332 0.1460083 -0.9752013 -0.166158 0.1461982 -0.9631214 -0.2035615 0.1759539 -0.9886543 -0.02498234 0.148117 -0.9863178 -0.06259551 0.1525088 -0.985855 0.05779257 0.1573211 -0.9756386 0.1096627 0.1900087 -0.9849865 0.07280484 0.1565283 -0.9490816 -0.2462119 0.1965295 -0.9621668 -0.2047131 0.1797985 -0.9747679 -0.1187561 0.1890092 -0.9794099 -0.08138476 0.1847507 -0.9816728 0.003426907 0.1905435 -0.981737 0.04065094 0.1858492 -0.9325695 -0.2852764 0.2212045 -0.9414014 -0.2574021 0.2179627 -0.9586649 -0.1741929 0.2249856 -0.9656084 -0.1370722 0.2209335 -0.972493 -0.05257749 0.2269207 -0.9748628 -0.01542681 0.2222714 -0.9711928 0.06895207 0.2281011 -0.9633844 0.1213791 0.2390765 -0.969596 0.09835753 0.2240746 -0.9164602 -0.3117819 0.2507842 -0.9136477 -0.3206479 0.2498658 -0.8927304 -0.3586739 0.272737 -0.9381043 -0.2285487 0.2602418 -0.9473015 -0.1919082 0.2564976 -0.9587863 -0.1078691 0.2628554 -0.9634431 -0.07096899 0.2583425 -0.9645645 0.05002058 0.2590623 -0.9643936 0.0134727 0.2641277 -0.8696957 -0.3969966 0.2932967 -0.8871408 -0.362927 0.2850704 -0.9328533 0.1811972 0.3113716 -0.9494209 0.1585482 0.2710397 -0.9538355 0.129762 0.2708498 -0.9245589 -0.2455807 0.2913433 -0.9131686 -0.2815584 0.2946997 -0.947538 -0.1256774 0.2938995 -0.940604 -0.16229 0.2982047 -0.9530963 -0.04147329 0.2998121 -0.9555452 -0.005015024 0.294802 -0.8444399 -0.431271 0.3176894 -0.8169979 -0.4620656 0.3449779 -0.8536572 -0.4123357 0.318196 -0.9504856 0.07874194 0.3006271 -0.948589 0.1143206 0.2951432 -0.8839842 -0.3330109 0.3281395 -0.8975323 -0.297744 0.3252448 -0.9272095 -0.1793905 0.328788 -0.9180243 -0.215584 0.3327986 -0.9373693 -0.09562009 0.334956 -0.9420838 -0.05937115 0.3300807 -0.7880056 -0.4987209 0.3610049 -0.8163282 -0.4623005 0.3462464 -0.9415964 0.02450713 0.3358505 -0.9419445 0.06014175 0.3303385 -0.8506498 -0.3827148 0.36045 -0.8663061 -0.3482564 0.3580941 -0.913891 0.1980761 0.3543572 -0.9308272 0.1426168 0.3364835 -0.9277989 0.1708613 0.3316558 -0.8911919 -0.2673982 0.3664357 -0.9025587 -0.2318446 0.3628168 -0.924224 -0.1128398 0.3647975 -0.9172628 -0.1487656 0.369456 -0.7568412 -0.5312763 0.3807058 -0.7750292 -0.5056093 0.3790632 -0.9283265 -0.02904092 0.3706299 -0.9309162 0.006477476 0.3651755 -0.8310422 -0.3968796 0.3896864 -0.8133337 -0.4304347 0.3914258 -0.9243152 0.08943936 0.3710016 -0.9227243 0.1239472 0.3649891 -0.8601892 -0.3175718 0.3990272 -0.8736987 -0.2827314 0.3958707 -0.8932036 0.2384182 0.3812401 -0.9037927 0.1998353 0.3784502 -0.8928687 -0.2006322 0.4031529 -0.9020396 -0.1651877 0.398795 -0.7302513 -0.549611 0.4057843 -0.723896 -0.5593046 0.4039221 -0.6891055 -0.5884844 0.4228709 -0.9107228 -0.08172084 0.4048528 -0.9155443 -0.04640497 0.3995313 -0.772311 -0.4758491 0.4208365 -0.7919491 -0.4433791 0.4197995 -0.9141023 0.07129403 0.3991667 -0.9134907 0.03678185 0.4051935 -0.8251811 -0.3658836 0.4303549 -0.8407907 -0.3318288 0.4277392 -0.8980364 0.1857687 0.3987739 -0.9013613 0.1527134 0.4052487 -0.875665 -0.2161104 0.4318647 -0.8643204 -0.2509763 0.4358453 -0.6528075 -0.6185085 0.4373666 -0.6819404 -0.5901005 0.4321327 -0.8959007 -0.09829383 0.433244 -0.8888634 -0.1333012 0.4383521 -0.7276416 -0.5188025 0.4487556 -0.7490969 -0.4875625 0.4484825 -0.8984104 -0.01511261 0.4388967 -0.901217 0.01928279 0.4329388 -0.8039108 -0.3789984 0.4583533 -0.7863492 -0.4119917 0.4603454 -0.8917403 0.1344585 0.4321111 -0.8929253 0.1012972 0.438661 -0.8317631 -0.2995444 0.4673792 -0.845216 -0.2654046 0.4638645 -0.8680151 0.2452698 0.431732 -0.8728653 0.2137305 0.4386633 -0.8445548 0.269074 0.4629541 -0.8696041 0.2408823 0.431004 -0.6305411 -0.6268407 0.4576995 -0.6149765 -0.6438788 0.4552185 -0.8720927 -0.1489495 0.4661206 -0.8628805 -0.1834931 0.4709219 -0.679507 -0.5591564 0.4749889 -0.7027491 -0.5291512 0.4755448 -0.879133 -0.06603209 0.4719797 -0.8841217 -0.03186653 0.4661689 -0.7633183 -0.4238457 0.4875449 -0.7437974 -0.4558368 0.4888541 -0.8803375 0.05048794 0.4716534 -0.8812968 0.08366892 0.4650973 -0.7952748 -0.3461781 0.4976933 -0.810791 -0.3128536 0.4947126 -0.8639764 0.1954266 0.4640617 -0.8667349 0.1638617 0.4710838 -0.5754541 -0.6645994 0.4766132 -0.5346944 -0.6909935 0.486446 -0.5762411 -0.6636497 0.4769856 -0.8442083 -0.1981393 0.4980493 -0.8328726 -0.2320684 0.5024615 -0.8176019 0.3109186 0.4846202 -0.836989 0.2670962 0.4776074 -0.628323 -0.5965644 0.4993206 -0.653138 -0.5680158 0.5007682 -0.8557667 -0.1157364 0.5042505 -0.8629178 -0.08189937 0.4986636 -0.6977859 -0.4971716 0.5156696 -0.7191721 -0.4663066 0.5151211 -0.8667417 0.03358112 0.4976255 -0.8636416 0.0005228239 0.5041062 -0.7551328 -0.3906119 0.5264949 -0.7726454 -0.3581988 0.5241306 -0.8565834 0.1145016 0.5031444 -0.8558999 0.146164 0.496056 -0.4926813 -0.7131755 0.4986441 -0.5191448 -0.6928699 0.5004197 -0.798948 -0.278812 0.5328656 -0.8123573 -0.2456183 0.5289113 -0.8310233 0.2536709 0.4950266 -0.8351099 0.223894 0.5024568 -0.5741292 -0.6310801 0.5216451 -0.6005945 -0.6038625 0.5240575 -0.8284015 -0.1639965 0.5355895 -0.8376832 -0.1306249 0.5303056 -0.6485253 -0.5357623 0.540716 -0.6716357 -0.5061892 0.5409973 -0.8481644 -0.01553141 0.5295053 -0.8429378 -0.04836818 0.5358325 -0.7114485 -0.4325721 0.5538253 -0.730797 -0.4013291 0.552151 -0.8424475 0.06580175 0.5347451 -0.8438436 0.0974931 0.527658 -0.4596421 -0.7214561 0.5179095 -0.4493238 -0.730546 0.5142089 -0.40507 -0.7472227 0.5268553 -0.7613602 -0.3235051 0.5618497 -0.7768013 -0.2910932 0.5584304 -0.8273143 0.1762706 0.5333664 -0.8252189 0.2062267 0.5258178 -0.5173138 -0.6622539 0.5420389 -0.5449892 -0.6367785 0.5454354 -0.8085364 -0.1778001 0.5609421 -0.7971588 -0.2106023 0.5658484 -0.7946675 0.3009323 0.5272033 -0.7569024 0.3321479 0.562829 -0.7880842 0.3139438 0.5294927 -0.7983157 0.280835 0.5327511 -0.6210513 -0.5432231 0.5649813 -0.5963528 -0.5713853 0.5638103 -0.8255984 -0.06351447 0.5606721 -0.8182769 -0.0959482 0.5667599 -0.6644185 -0.4720048 0.5794476 -0.6856305 -0.4418401 0.5785224 -0.8278443 0.04956888 0.5587635 -0.8243823 0.01807935 0.5657446 -0.3981144 -0.7465306 0.5331013 -0.3596231 -0.7657644 0.5331755 -0.7201324 -0.3660183 0.5894403 -0.7375492 -0.3345006 0.5866264 -0.8156639 0.129225 0.5639089 -0.815569 0.159225 0.5563222 -0.4580065 -0.6902342 0.5601847 -0.4871187 -0.6662388 0.5646602 -0.7756367 -0.2232024 0.5903969 -0.7622595 -0.2552229 0.5948291 -0.7894745 0.2632732 0.5544521 -0.7927259 0.2352725 0.5623455 -0.5411406 -0.6040229 0.5850838 -0.5674009 -0.577278 0.5872023 -0.7898088 -0.1420279 0.5966826 -0.7992085 -0.1100342 0.5908962 -0.7242445 0.373692 0.5795035 -0.7551377 0.3310407 0.5658437 -0.6143729 -0.5086154 0.603205 -0.6372784 -0.4797349 0.603101 -0.807982 0.002724055 0.5892008 -0.8024535 -0.0285609 0.5960308 -0.3345375 -0.7663808 0.5484024 -0.3135679 -0.7792379 0.5426448 -0.6756337 -0.4059772 0.6153873 -0.6948671 -0.3755914 0.6132624 -0.8020892 0.1128703 0.5864412 -0.800186 0.08291088 0.5939933 -0.4268368 -0.6924579 0.5816463 -0.396679 -0.7146847 0.576083 -0.7237431 -0.2978141 0.6224971 -0.7391129 -0.2665639 0.6185918 -0.7834231 0.190157 0.5916827 -0.7820752 0.2182401 0.5837205 -0.4836853 -0.633378 0.6040536 -0.5113179 -0.6081858 0.607177 -0.7690704 -0.154981 0.6200899 -0.7576566 -0.1863571 0.6254818 -0.7530192 0.2909438 0.5901813 -0.748854 0.3169568 0.5820276 -0.5613179 -0.542388 0.6250899 -0.5859155 -0.5147676 0.6258733 -0.7843511 -0.04291731 0.6188306 -0.7768051 -0.07377991 0.6254042 -0.2696191 -0.7855504 0.5569705 -0.2666489 -0.7877011 0.5553605 -0.2188167 -0.8003983 0.5581055 -0.6279718 -0.4432699 0.6396586 -0.648948 -0.414077 0.6382842 -0.7848898 0.06740529 0.6159582 -0.7809958 0.03763032 0.6234016 -0.3333631 -0.7356297 0.5896763 -0.3646097 -0.7150996 0.5963995 -0.6991244 -0.3077842 0.6453635 -0.6818532 -0.3381034 0.648662 -0.7704924 0.1456025 0.6205976 -0.7710528 0.1738116 0.6125905 -0.423827 -0.6593847 0.6209528 -0.4527167 -0.6358178 0.6251267 -0.7219926 -0.2287479 0.6529938 -0.7353838 -0.1980628 0.6480599 -0.7459796 0.2479686 0.6180825 -0.7436203 0.2741206 0.6098252 -0.5317749 -0.5468705 0.6466436 -0.505821 -0.5729015 0.6449255 -0.7570634 -0.08706273 0.6475145 -0.7475134 -0.1174748 0.6537763 -0.689422 0.3792611 0.6171373 -0.7085957 0.3427935 0.6167533 -0.7062609 0.3547021 0.6126842 -0.2032427 -0.7975201 0.5680265 -0.1709993 -0.8097598 0.5612916 -0.5773608 -0.4778094 0.6620821 -0.6000633 -0.4497983 0.6615176 -0.7640181 0.02303542 0.6447834 -0.7581486 -0.006487308 0.6520496 -0.3006543 -0.7341889 0.6087477 -0.2686338 -0.7528604 0.6008636 -0.6368115 -0.3759315 0.6731617 -0.6559278 -0.3466061 0.6705392 -0.7564296 0.1300082 0.6410242 -0.7539632 0.1019448 0.6489581 -0.3920548 -0.6600245 0.6408282 -0.362041 -0.6819026 0.6355589 -0.698224 -0.2391514 0.6747516 -0.6829286 -0.2690016 0.6791514 -0.7349247 0.2317551 0.6373188 -0.7354719 0.2055989 0.6456084 -0.4752317 -0.5756686 0.6654024 -0.447852 -0.6002262 0.6626894 -0.714774 -0.1593533 0.6809586 -0.7262661 -0.1295647 0.675093 -0.7005182 0.3263186 0.6346577 -0.7036359 0.3022598 0.6430672 -0.1223808 -0.8140416 0.5677669 -0.07350535 -0.8163237 0.5728983 -0.1360054 -0.8073508 0.5741839 -0.5240067 -0.5093924 0.6825953 -0.5482996 -0.4827111 0.6829038 -0.7317761 -0.04916479 0.6797696 -0.7395858 -0.02005774 0.6727633 -0.6151835 0.4242624 0.6644928 -0.6531316 0.3985051 0.6439044 -0.657259 0.384293 0.6483282 -0.2025266 -0.766427 0.6095676 -0.2353964 -0.749534 0.6186981 -0.6095825 -0.3829298 0.6940993 -0.5888345 -0.4109713 0.6959716 -0.7339186 0.05931707 0.6766425 -0.738283 0.08720174 0.6688303 -0.3295127 -0.6806996 0.6542701 -0.2985331 -0.7008159 0.6478696 -0.6407143 -0.3068842 0.7037807 -0.6578236 -0.2779999 0.6999887 -0.7227921 0.1900525 0.6644182 -0.7215281 0.1638021 0.6727304 -0.3878377 -0.6241497 0.678247 -0.4164347 -0.6012151 0.6819989 -0.6786619 -0.1993019 0.7068924 -0.692062 -0.1702002 0.7014857 -0.6953895 0.2621862 0.6690977 -0.6939729 0.2863053 0.6606292 -0.03209938 -0.8203506 0.5709593 -0.06827142 -0.8142827 0.5764398 -0.008534215 -0.7961841 0.6049943 -0.4940404 -0.5125919 0.7022631 -0.4682979 -0.5378339 0.7010219 -0.7117265 -0.06161903 0.6997488 -0.702004 -0.09024138 0.7064326 -0.6566135 0.3525484 0.6667595 -0.6530046 0.3742575 0.6584195 -0.1355252 -0.7760745 0.615907 -0.1687695 -0.7611628 0.6262172 -0.5604844 -0.4163785 0.7158814 -0.5380415 -0.4432662 0.7169563 -0.7104491 0.01791737 0.7035204 -0.7166945 0.0455189 0.6959001 -0.2337301 -0.7159989 0.6578113 -0.2654601 -0.6977332 0.6653565 -0.5954517 -0.342363 0.7267908 -0.6143873 -0.3144062 0.7236553 -0.7073094 0.1490513 0.6910115 -0.7042376 0.1229579 0.6992359 -0.3259778 -0.6446826 0.6914642 -0.3558123 -0.6233219 0.6963242 -0.6546279 -0.2088059 0.7265415 -0.6393992 -0.2370734 0.7314129 -0.6841906 0.2468373 0.6862612 -0.6839097 0.2227341 0.6947352 -0.4103664 -0.5630496 0.7173386 -0.4374784 -0.5392934 0.719566 -0.6689377 -0.1295098 0.7319492 -0.6805163 -0.1015218 0.7256658 -0.6504801 0.3150353 0.6911067 -0.6484183 0.3370449 0.6826085 -0.1017341 -0.768915 0.6312051 -0.06802131 -0.781945 0.619625 -0.0388616 -0.7741811 0.6317699 -0.03076477 -0.7653608 0.6428658 -0.48479 -0.4725655 0.7359759 -0.5087512 -0.4470146 0.735765 -0.6917611 0.00515005 0.7221081 -0.6836796 -0.02199819 0.7294506 -0.6040702 0.4049919 0.6863533 -0.5757888 0.4351194 0.6921983 -0.6054053 0.3981215 0.6891906 -0.1675812 -0.7275745 0.6652458 -0.2002687 -0.711013 0.6740571 -0.5475068 -0.3751039 0.7480196 -0.5680689 -0.3483334 0.7456284 -0.6836292 0.08321714 0.7250697 -0.6884795 0.1090216 0.7170148 -0.2626109 -0.6615133 0.7024498 -0.2932647 -0.6419911 0.7084089 -0.5971831 -0.2724687 0.7544091 -0.6141511 -0.2451635 0.7501422 -0.6711962 0.2080398 0.7114879 -0.669221 0.1839767 0.7199277 -0.3506154 -0.5847766 0.7315089 -0.3787942 -0.5627224 0.7347505 -0.6327516 -0.1668179 0.7561727 -0.6461542 -0.1395145 0.7503468 -0.6408291 0.3000495 0.7066174 -0.6413079 0.2780468 0.7151323 -0.4292787 -0.4987247 0.7529896 -0.4546264 -0.4746138 0.7536952 -0.6537037 -0.06033044 0.754342 -0.6636086 -0.03365749 0.7473225 -0.6012017 0.3635995 0.7115841 -0.5987297 0.3833529 0.703252 -0.1010109 -0.7352093 0.6702716 -0.1339335 -0.7206721 0.6802158 -0.4969711 -0.4050257 0.7674463 -0.5191003 -0.3794854 0.7658496 -0.6598416 0.04471055 0.7500734 -0.6664697 0.07023839 0.7422161 -0.4928851 0.4584222 0.7395359 -0.5349321 0.4590116 0.7093349 -0.5460379 0.4271956 0.7206569 -0.229644 -0.656957 0.7181024 -0.1981203 -0.6747289 0.7109777 -0.5708004 -0.2790892 0.7722021 -0.5521378 -0.3053911 0.7758093 -0.6514107 0.1460846 0.744529 -0.655081 0.1700577 0.7361721 -0.2889794 -0.6031069 0.7434737 -0.3183599 -0.5826157 0.7478008 -0.5936233 -0.201947 0.7789921 -0.6087607 -0.1754846 0.7737025 -0.6302937 0.2637152 0.7301947 -0.6291891 0.2416337 0.7387383 -0.3716895 -0.5216786 0.7679182 -0.3983718 -0.4990246 0.7695937 -0.632351 -0.07080152 0.7714397 -0.6206964 -0.09682822 0.778049 -0.5931206 0.3491575 0.7254632 -0.5941458 0.3293043 0.7338593 -0.03711179 -0.7378386 0.6739562 -0.01141993 -0.6989784 0.7150515 -0.02409337 -0.7330201 0.6797802 -0.06721886 -0.7263645 0.6840148 -0.4676644 -0.4077596 0.7842335 -0.4440919 -0.4319609 0.7849791 -0.641345 0.03275578 0.7665531 -0.6329919 0.007688412 0.7741203 -0.5478141 0.4074165 0.7306926 -0.5451438 0.4248421 0.7227222 -0.1646805 -0.6682318 0.7254975 -0.1324957 -0.6841642 0.7171919 -0.5248044 -0.3104661 0.7925851 -0.5045421 -0.3356565 0.7954697 -0.6359586 0.133062 0.7601652 -0.6306151 0.1093645 0.7683515 -0.2262868 -0.6178768 0.753009 -0.2565702 -0.5991166 0.7584399 -0.5517334 -0.234766 0.8002969 -0.5685548 -0.2092038 0.7955999 -0.6140866 0.2060225 0.7618743 -0.6167586 0.2279067 0.753437 -0.3403352 -0.5201973 0.783305 -0.3124104 -0.5413437 0.7806066 -0.5981686 -0.1060385 0.7943237 -0.5847819 -0.1313952 0.8004783 -0.5848058 0.3154604 0.74732 -0.5843802 0.2956339 0.7557118 -0.4141744 -0.432992 0.8006107 -0.3891587 -0.4558848 0.8004527 -0.613237 -0.003174421 0.7898926 -0.6031746 -0.02774465 0.7971265 -0.542678 0.3761245 0.7510199 -0.5413007 0.3937451 0.742939 -0.09916654 -0.675798 0.7303855 -0.03959 -0.68162 0.7306345 -0.06649408 -0.689857 0.7208855 -0.02847381 -0.6627664 0.7482846 -0.4763927 -0.3391372 0.8111942 -0.4545656 -0.363196 0.8133011 -0.6068335 0.07389863 0.7913862 -0.6138209 0.09722811 0.7834351 -0.4496339 0.4797343 0.7534483 -0.4900225 0.4509193 0.7460226 -0.4908843 0.4459628 0.7484316 -0.1622779 -0.6290107 0.7602706 -0.193414 -0.6119847 0.7668545 -0.5257035 -0.2405563 0.8159463 -0.5072804 -0.2651167 0.8199877 -0.596139 0.1713749 0.7843781 -0.600373 0.1930636 0.7760661 -0.2805353 -0.5380421 0.7948653 -0.2517596 -0.5574261 0.7911342 -0.5461609 -0.1637852 0.8215125 -0.5611713 -0.1392854 0.8158961 -0.5736573 0.2822197 0.7689404 -0.5717877 0.2624491 0.7772898 -0.3585697 -0.455182 0.8150074 -0.3324471 -0.4764898 0.813902 -0.5822726 -0.03743448 0.8121313 -0.5705694 -0.06135156 0.8189545 -0.5350767 0.3453017 0.7710122 -0.5350115 0.3629785 0.7628953 -0.4256496 -0.3650461 0.8279878 -0.4025572 -0.3876765 0.8292494 -0.58024 0.03990753 0.8134673 -0.5888335 0.0627674 0.8058136 -0.4874583 0.417946 0.7666196 -0.4859051 0.4333502 0.7590151 -0.1294776 -0.6212727 0.7728232 -0.09771885 -0.6364819 0.7650764 -0.480341 -0.2693999 0.8346834 -0.4604656 -0.2927885 0.8380014 -0.5753708 0.1377924 0.8062021 -0.5811443 0.1592007 0.7980767 -0.4051388 0.5088881 0.7595363 -0.4247724 0.4601528 0.7796332 -0.1897963 -0.570105 0.7993483 -0.2196426 -0.5522955 0.8041933 -0.5049902 -0.1938916 0.8410653 -0.5215763 -0.1702949 0.836037 -0.5598952 0.2497544 0.7900254 -0.5565934 0.2301634 0.7982661 -0.3014471 -0.474024 0.8273034 -0.2740395 -0.4939227 0.8251925 -0.5485834 -0.06981987 0.8331755 -0.535271 -0.09304598 0.8395399 -0.5261422 0.3324976 0.7827003 -0.5248936 0.314857 0.7907919 -0.3730511 -0.3878534 0.8428538 -0.3485206 -0.409253 0.8432351 -0.5611185 0.02984404 0.8271973 -0.5509414 0.007500384 0.8345103 -0.4817477 0.3902781 0.7846032 -0.4813649 0.4056301 0.7770149 -0.03874007 -0.637772 0.7692503 -0.06492357 -0.6268532 0.7764277 -0.01743853 -0.5864748 0.8097798 -0.01447007 -0.6253268 0.7802289 -0.4327835 -0.2955084 0.8516884 -0.4114154 -0.3177931 0.8542511 -0.5592346 0.1265309 0.8192965 -0.551945 0.1054852 0.8271818 -0.4287213 0.4544976 0.780788 -0.4271491 0.467608 0.7738775 -0.1270507 -0.579172 0.805244 -0.1575888 -0.5631351 0.8111995 -0.4795075 -0.1989771 0.8546817 -0.4614125 -0.2215864 0.8590681 -0.5435176 0.2181718 0.810549 -0.5387798 0.1987406 0.8186687 -0.2145623 -0.5079284 0.8342492 -0.2428696 -0.4896875 0.8373891 -0.5123528 -0.100219 0.8529072 -0.4975061 -0.1226384 0.8587477 -0.5123121 0.285147 0.8100787 -0.5148664 0.3026647 0.8020641 -0.2930025 -0.4276033 0.8551638 -0.318607 -0.407727 0.8557151 -0.5190703 -0.02316425 0.8544177 -0.5307741 -0.001439608 0.8475122 -0.4737427 0.3628283 0.8024484 -0.4745246 0.3782517 0.7948282 -0.3605914 -0.3399267 0.8685757 -0.3832735 -0.318904 0.8668343 -0.5259836 0.07461826 0.8472152 -0.5347582 0.09520532 0.8396247 -0.4247691 0.4300174 0.7966532 -0.4241982 0.4434227 0.7895772 -0.0373992 -0.5759078 0.8166587 -0.06370384 -0.5846152 0.8088058 -0.09485411 -0.570352 0.8159052 -0.02692033 -0.545756 0.8375116 -0.4352704 -0.2251792 0.8716846 -0.4157516 -0.2467231 0.8753732 -0.5184813 0.1684389 0.8383349 -0.5246223 0.1875548 0.8304184 -0.3136737 0.5100062 0.8009385 -0.3598443 0.4958016 0.7903752 -0.3671655 0.4852668 0.7935399 -0.3683921 0.4757778 0.7987006 -0.1539398 -0.5184559 0.8411338 -0.183094 -0.5018722 0.8453407 -0.4737105 -0.1284784 0.8712587 -0.4573955 -0.1500078 0.8765199 -0.4973369 0.2562481 0.8288504 -0.5011773 0.2735454 0.8209715 -0.2360559 -0.442767 0.8650057 -0.2627652 -0.4243536 0.8665324 -0.4979449 -0.03092569 0.8666571 -0.4847836 -0.05191009 0.8730923 -0.4655377 0.3513426 0.8123011 -0.4635879 0.3359673 0.8198855 -0.3318514 -0.3394107 0.8801563 -0.3079635 -0.3590889 0.8810299 -0.4975262 0.04529623 0.8662655 -0.5077301 0.06532385 0.859036 -0.4187716 0.405837 0.8123586 -0.419228 0.4190982 0.80536 -0.368172 -0.2691651 0.8899435 -0.388986 -0.2488018 0.8870105 -0.503303 0.1581113 0.8495216 -0.4957958 0.13941 0.8571764 -0.3645981 0.4645243 0.8070225 -0.3639802 0.4754494 0.800916 -0.1225583 -0.5106171 0.8510286 -0.09265833 -0.5255198 0.8457206 -0.4328806 -0.1544599 0.8881197 -0.4151896 -0.1750019 0.892744 -0.4851521 0.2453073 0.8393162 -0.4800313 0.2282459 0.8470383 -0.2666159 0.5479397 0.7928922 -0.2962578 0.4820298 0.8245475 -0.2056549 -0.4377804 0.8752453 -0.1779676 -0.4546612 0.8727031 -0.4482163 -0.07865092 0.8904583 -0.4628044 -0.05843814 0.8845322 -0.4512618 0.3097436 0.836912 -0.4543686 0.3249705 0.8294235 -0.2539788 -0.3751562 0.891489 -0.2789157 -0.3569176 0.8915244 -0.4783541 0.03707948 0.8773839 -0.4667535 0.01766946 0.8842108 -0.4108254 0.382102 0.8277805 -0.4122938 0.3952603 0.8208429 -0.3408563 -0.269697 0.9006001 -0.3187782 -0.288862 0.9027399 -0.4707225 0.1116989 0.875182 -0.4795635 0.1299309 0.8678346 -0.3602836 0.4436105 0.8206128 -0.3605235 0.4547638 0.8143787 -0.06151046 -0.5159131 0.8544297 -0.0384663 -0.52593 0.8496576 -0.007517226 -0.5042588 0.8635198 -0.3710272 -0.1975055 0.9073756 -0.3900067 -0.1780355 0.9034368 -0.4605212 0.2013119 0.8645194 -0.4669027 0.2180651 0.8570003 -0.3017536 0.4929163 0.8160749 -0.3011501 0.5019245 0.8107899 -0.147567 -0.4479359 0.8818035 -0.1191275 -0.4631783 0.8782223 -0.4095797 -0.1032144 0.9064167 -0.4254957 -0.08389555 0.9010633 -0.4368522 0.2843116 0.8534208 -0.4411017 0.2993252 0.8460695 -0.1987794 -0.3881132 0.8999193 -0.2247295 -0.3713146 0.9009008 -0.4338278 -0.00813709 0.9009591 -0.4467804 0.01058809 0.894581 -0.4009662 0.3588234 0.8428949 -0.4034553 0.371939 0.8359936 -0.2679336 -0.3056806 0.913658 -0.2911291 -0.2878195 0.9123617 -0.4434923 0.08550994 0.8921898 -0.4536292 0.1031955 0.8851956 -0.3543685 0.423096 0.8339141 -0.3554882 0.4343056 0.8276513 -0.3453425 -0.1990802 0.9171181 -0.325126 -0.2174472 0.9203314 -0.4387946 0.1755172 0.8812791 -0.4463924 0.1918586 0.8740275 -0.2989323 0.4757678 0.8272149 -0.2990414 0.4847144 0.8219647 -0.08884074 -0.4547136 0.8861957 -0.05978157 -0.4682841 0.8815533 -0.0293172 -0.457942 0.8884985 -0.02643398 -0.4170484 0.9084998 -0.03265989 -0.4609628 0.8868182 -0.3862109 -0.1071402 0.9161671 -0.3690171 -0.1255226 0.9209074 -0.4257714 0.2744941 0.8621901 -0.4204157 0.2598002 0.8693414 -0.1708632 0.5166524 0.8389732 -0.2191053 0.5355269 0.8156003 -0.2390561 0.4804049 0.8438385 -0.2367256 0.5154707 0.82356 -0.1426311 -0.3979106 0.9062691 -0.1694886 -0.382598 0.9082358 -0.4130487 -0.0140699 0.9106003 -0.3988407 -0.03199134 0.916462 -0.3892629 0.3361982 0.857581 -0.3927537 0.3491406 0.8507911 -0.2401146 -0.3030527 0.9222277 -0.2158879 -0.3195678 0.9226423 -0.4142323 0.06095856 0.9081276 -0.4256171 0.07802557 0.9015331 -0.348692 0.4139321 0.8408771 -0.3467479 0.4030744 0.8469338 -0.2776949 -0.2347415 0.9315482 -0.2990673 -0.2175391 0.9291047 -0.4150658 0.1510622 0.8971625 -0.4238433 0.1669202 0.8902216 -0.2955579 0.4677866 0.8329592 -0.2947384 0.458825 0.8382177 -0.3267557 -0.1454683 0.9338467 -0.3451477 -0.1280913 0.9297664 -0.4083976 0.2505836 0.8777353 -0.4019309 0.2361861 0.884685 -0.2351219 0.5019255 0.8323392 -0.2351649 0.5091274 0.8279412 -0.08586972 -0.4044718 0.9105103 -0.1134503 -0.3907274 0.9134884 -0.377456 -0.03670593 0.9252998 -0.3620274 -0.05378813 0.9306143 -0.3801261 0.3269126 0.8652354 -0.3756955 0.3143232 0.8718107 -0.1223133 0.5753074 0.8087403 -0.1633623 0.4911576 0.855615 -0.1878539 -0.3153259 0.9302045 -0.1628133 -0.3303711 0.9297025 -0.3829423 0.03808146 0.922987 -0.3955419 0.05449053 0.9168301 -0.3404002 0.3943911 0.8535709 -0.3375651 0.3834808 0.8596467 -0.2290288 -0.2492386 0.9409707 -0.2513671 -0.2333329 0.9393458 -0.3993636 0.1433628 0.9055141 -0.389436 0.1280341 0.9121112 -0.2890715 0.4418959 0.8492148 -0.2906136 0.4508867 0.843946 -0.2829773 -0.1629282 0.9451869 -0.302451 -0.1466581 0.9418147 -0.3891824 0.2277358 0.8925657 -0.3816406 0.2137264 0.8992617 -0.2329164 0.4953221 0.8369026 -0.2323423 0.4886545 0.8409719 -0.05680069 -0.3955921 0.9166682 -0.00321168 -0.3721015 0.9281865 -0.03611795 -0.4045409 0.9138064 -0.3400967 -0.05726085 0.9386455 -0.3235251 -0.07342903 0.9433662 -0.3603837 0.2931884 0.8855305 -0.3658316 0.3056419 0.8790621 -0.1693187 0.5222983 0.8357844 -0.1693294 0.527202 0.8326977 -0.1089782 -0.3381166 0.9347731 -0.1348104 -0.3245254 0.9362208 -0.363665 0.03272098 0.930955 -0.3499563 0.0171015 0.9366099 -0.3303914 0.3750685 0.8661208 -0.3267123 0.3643419 0.8720745 -0.2024922 -0.2463105 0.9478016 -0.1791852 -0.2609409 0.9485793 -0.3729609 0.1212313 0.919893 -0.3619231 0.1064873 0.9261059 -0.284521 0.4345858 0.8545075 -0.2822738 0.4257163 0.8597017 -0.2583183 -0.1627158 0.9522579 -0.2378359 -0.1778368 0.9548865 -0.3596167 0.1925132 0.9130249 -0.3681891 0.2060529 0.9066305 -0.228501 0.4753225 0.8496211 -0.2296829 0.4823992 0.8453028 -0.2835089 -0.09081654 0.9546597 -0.301136 -0.07563295 0.9505771 -0.3434149 0.2730428 0.8986177 -0.3497666 0.2850865 0.8924063 -0.1676638 0.5122443 0.842315 -0.1680847 0.517318 0.8391242 -0.08123767 -0.3306995 0.9402332 -0.05456986 -0.3428716 0.937796 -0.03475288 -0.3364027 0.9410767 -0.02799059 -0.2791742 0.9598324 -0.02509588 -0.3259847 0.9450418 -0.3301164 0.01286047 0.9438526 -0.31532 -0.001957144 0.9489834 -0.3189838 0.3565139 0.8781498 -0.3144843 0.3460402 0.8839433 -0.02432527 0.4217854 0.9063693 -0.07340559 0.591882 0.8026751 -0.1021471 0.5360998 0.8379517 -0.1013608 0.4325987 0.8958706 -0.1526818 -0.2565005 0.9544086 -0.1285927 -0.2697561 0.9543037 -0.344823 0.1006517 0.9332558 -0.3327419 0.08657853 0.9390351 -0.2768635 0.4183364 0.8650673 -0.2739414 0.4096746 0.870128 -0.2130268 -0.1762087 0.9610255 -0.1915964 -0.1901527 0.9628773 -0.335825 0.172587 0.925978 -0.3453638 0.1855722 0.9199384 -0.2236426 0.4625986 0.8578966 -0.2252706 0.4691238 0.853918 -0.2421483 -0.1058765 0.9644451 -0.2607583 -0.09172922 0.9610364 -0.3249183 0.2539116 0.9110197 -0.3322343 0.2656564 0.9050122 -0.1654185 0.5030254 0.8482937 -0.1662331 0.5079726 0.8451807 -0.2949701 -0.005054792 0.9554931 -0.2791779 -0.01898934 0.9600516 -0.305935 0.3385298 0.8898323 -0.3006526 0.3283774 0.8954196 -0.1014518 0.5300234 0.8418924 -0.1017512 0.5336843 0.8395402 -0.03403844 0.5420601 0.83965 -0.1022401 -0.2638123 0.9591402 -0.07748321 -0.275654 0.958129 -0.3151175 0.08174904 0.9455252 -0.3020644 0.06841661 0.9508293 -0.2644426 0.3943479 0.8800907 -0.2679913 0.4027038 0.8752202 -0.166736 -0.1871041 0.9680864 -0.1444746 -0.1998042 0.969126 -0.3104951 0.1540581 0.9380079 -0.3210079 0.1665044 0.9323252 -0.2175938 0.449783 0.8662264 -0.2198327 0.4564815 0.8621475 -0.1996819 -0.1185359 0.9726645 -0.2191856 -0.1054793 0.9699649 -0.3047567 0.2358351 0.9227704 -0.3129008 0.2470686 0.9170879 -0.1634632 0.49843 0.8513796 -0.1622139 0.4933879 0.8545496 -0.2417692 -0.03392462 0.9697406 -0.2585171 -0.02090405 0.9657804 -0.291517 0.3214066 0.9009526 -0.2855639 0.3117498 0.9062369 -0.100264 0.5245225 0.8454723 -0.03351247 0.5388494 0.8417353 -0.1006081 0.5266235 0.8441243 -0.03053673 -0.2766698 0.9604797 -0.05120748 -0.2681655 0.9620109 -0.002196227 -0.2318694 0.9727445 -0.2839304 0.06460322 0.9566661 -0.2698978 0.05200022 0.9614838 -0.2536302 0.3793987 0.8897913 -0.2579506 0.3877665 0.8849286 -0.1196324 -0.1953277 0.9734142 -0.09673718 -0.2066932 0.9736117 -0.2837381 0.1370355 0.9490595 -0.2951385 0.1488424 0.9437898 -0.2106448 0.4374703 0.874213 -0.2134622 0.4441409 0.8701568 -0.1562957 -0.1287389 0.9792844 -0.1766057 -0.1168205 0.9773247 -0.28326 0.2189972 0.9337044 -0.2922378 0.2297399 0.9283408 -0.1583576 0.4842876 0.8604582 -0.1599264 0.4889942 0.8575011 -0.220803 -0.03464893 0.9747028 -0.2032243 -0.04667257 0.9780192 -0.2689167 0.2957517 0.9166323 -0.2757571 0.3052598 0.9114683 -0.09927399 0.5215639 0.8474171 -0.03320292 0.5376 0.8425461 -0.09857155 0.5187237 0.8492404 -0.2513762 0.04923823 0.9666363 -0.2365406 0.03751359 0.9708971 -0.2416899 0.3651922 0.8990109 -0.2466179 0.3732243 0.8943619 -0.07203566 -0.2007951 0.9769812 -0.04845277 -0.2108683 0.9763129 -0.03623758 -0.2072312 0.9776206 -0.01807149 -0.1837931 0.9827988 -0.2556711 0.1216054 0.9590852 -0.267889 0.1327098 0.954266 -0.2027847 0.4257622 0.8818191 -0.2060101 0.4320267 0.8780164 -0.1121393 -0.1364469 0.98428 -0.133181 -0.1256986 0.9830884 -0.2604403 0.2034219 0.9438169 -0.2702257 0.2136393 0.9387951 -0.1537607 0.4754295 0.8662127 -0.1556855 0.4799889 0.8633497 -0.1820782 -0.04619042 0.9821985 -0.1637351 -0.0571812 0.9848458 -0.2511571 0.2808552 0.9263048 -0.2586776 0.2899025 0.9214349 -0.03258497 0.5357504 0.8437474 -0.09640278 0.5129752 0.852973 -0.09739671 0.5159569 0.8510596 -0.2176896 0.0358193 0.9753605 -0.2020209 0.02494158 0.9790635 -0.2286761 0.3517808 0.907721 -0.2341663 0.359431 0.9033136 -0.2393461 0.1181838 0.9637147 -0.226325 0.1077867 0.9680697 -0.1976113 0.4204983 0.8855117 -0.1938331 0.4143332 0.889245 -0.06751927 -0.1416033 0.9876181 -0.08914458 -0.1320902 0.987221 -0.2469284 0.1988205 0.948418 -0.236389 0.1891794 0.9530642 -0.1483768 0.4666839 0.8718891 -0.1507815 0.4713491 0.8689619 -0.1234646 -0.06539925 0.9901916 -0.1424854 -0.05548294 0.9882406 -0.2405036 0.275644 0.930687 -0.2322671 0.2670127 0.935284 -0.03165841 0.5335638 0.8451671 -0.09383732 0.5075561 0.8564937 -0.09492255 0.5101237 0.854847 -0.1830034 0.02433566 0.982811 -0.1666076 0.01437633 0.9859184 -0.2144959 0.339041 0.9159927 -0.2206381 0.346436 0.9117571 -0.1960225 0.09566801 0.9759215 -0.2098254 0.1053335 0.9720484 -0.184061 0.4034649 0.896291 -0.1884368 0.4095582 0.8926106 -0.03084938 -0.1410736 0.9895183 -0.04464424 -0.1359168 0.9897138 -0.006096256 -0.08660387 0.9962242 -0.01647609 -0.1353973 0.9906543 -0.211214 0.1763309 0.9614032 -0.2224737 0.1853637 0.9571551 -0.142334 0.4583929 0.8772782 -0.1449307 0.4626203 0.8746299 -0.08264735 -0.07128505 0.9940261 -0.1022469 -0.06248545 0.9927946 -0.2122366 0.2542577 0.9435617 -0.2211201 0.2624007 0.9392826 -0.09231138 0.5050929 0.8581141 -0.03091495 0.5321282 0.8460991 -0.09092867 0.5024161 0.8598314 -0.1473962 0.01486569 0.9889658 -0.1303629 0.005868161 0.991449 -0.206035 0.3341772 0.9197147 -0.199432 0.327261 0.9236488 -0.1791611 0.09415749 0.9793037 -0.1647853 0.08535765 0.9826291 -0.1734218 0.3932767 0.9029166 -0.178039 0.3988257 0.8995777 -0.1969701 0.1733242 0.9649671 -0.1851806 0.1650387 0.9687468 -0.1386859 0.4546634 0.8797997 -0.1357405 0.4505743 0.882359 -0.04138892 -0.07486246 0.9963346 -0.03415415 -0.07301953 0.9967455 -0.0615814 -0.06716553 0.9958396 -0.01201825 -0.03761375 0.9992201 -0.1912085 0.2427199 0.9510659 -0.2006011 0.2502605 0.9471689 -0.08733224 0.497032 0.8633263 -0.08909883 0.4998999 0.8614879 -0.02983772 0.5303849 0.8472318 -0.111196 0.007452227 0.9937705 -0.09357057 -0.0005638737 0.9956124 -0.1833292 0.3163114 0.9307725 -0.190461 0.3228374 0.9270926 -0.1477512 0.08481802 0.9853809 -0.1327091 0.07681949 0.9881737 -0.1619223 0.3836427 0.9091752 -0.1670801 0.3890291 0.9059473 -0.1705804 0.1628426 0.9717945 -0.1580846 0.1551741 0.9751565 -0.1314163 0.4467259 0.8849666 -0.1281288 0.4427893 0.8874236 -0.1692778 0.2323757 0.9577821 -0.1793032 0.2394171 0.9542168 -0.02837531 0.5283678 0.8485413 -0.0836158 0.492301 0.8663995 -0.08526652 0.4945851 0.8649365 -0.05634474 -0.004840742 0.9983997 -0.07439069 0.002126001 0.997227 -0.1662878 0.3062224 0.937324 -0.1740445 0.3124311 0.9338605 -0.1001233 0.07015171 0.9924989 -0.1156569 0.07725658 0.9902802 -0.1497144 0.3746818 0.9149859 -0.155398 0.3798601 0.9118978 -0.1303767 0.1469245 0.9805177 -0.1433399 0.1538257 0.9776459 -0.1203404 0.4356971 0.8920124 -0.1243341 0.4398468 0.8894244 -0.1571447 0.2297742 0.9604735 -0.1466104 0.2233239 0.9636554 -0.02725397 0.5270355 0.8494062 -0.07917812 0.4873741 0.8695961 -0.08141078 0.4900358 0.8678924 -0.03413485 -0.002063193 0.9994151 -0.0372825 -0.001052456 0.9993042 -0.01850122 0.06052507 0.9979953 -0.001472966 0.01143918 0.9999335 -0.1569088 0.3029602 0.9399971 -0.1486701 0.2971998 0.94317 -0.08297052 0.07157359 0.9939785 -0.06699856 0.06537689 0.9956089 -0.1368195 0.3664971 0.9203045 -0.1427338 0.3712053 0.9175149 -0.1020589 0.1402572 0.984841 -0.1155488 0.1464268 0.9824499 -0.1159723 0.43275 0.8940234 -0.1119725 0.4291266 0.8962771 -0.1232013 0.2155634 0.9686866 -0.1342491 0.2214229 0.9658929 -0.07736808 0.4857548 0.8706644 -0.07515346 0.4834647 0.8721318 -0.02608148 0.5258272 0.8501916 -0.1388195 0.2944242 0.9455388 -0.1302821 0.2892261 0.9483538 -0.03355512 0.06248474 0.9974817 -0.02806934 0.0635808 0.9975818 -0.007956244 0.1093874 0.9939674 -0.04995868 0.06777348 0.9964492 -0.12339 0.3590762 0.9251157 -0.1298014 0.36353 0.9224952 -0.08715639 0.1406112 0.9862212 -0.07321074 0.1352091 0.9881086 -0.1066843 0.4260342 0.8983949 -0.1027348 0.4229092 0.9003296 -0.1107124 0.2143788 0.9704558 -0.09933417 0.2092023 0.972814 -0.02447465 0.5243847 0.8511295 -0.06996708 0.4791024 0.874966 -0.07258284 0.48146 0.8734575 -0.1113151 0.2823253 0.9528386 -0.1202496 0.2870305 0.9503439 -0.1090837 0.3523511 0.9294889 -0.1157576 0.3563838 0.9271411 -0.04408062 0.1318625 0.9902874 -0.05826491 0.1364208 0.9889361 -0.09352835 0.4174307 0.9038827 -0.09806971 0.4205627 0.9019476 -0.08660195 0.208731 0.9741311 -0.07492347 0.2042385 0.9760498 -0.02179123 0.5222824 0.8524941 -0.0641287 0.4748751 0.8777136 -0.06655247 0.4767825 0.8764983 -0.1010534 0.2807013 0.9544606 -0.09178779 0.2765219 0.9566141 -0.09454229 0.3465388 0.9332591 -0.1015286 0.350185 0.9311619 -0.0292169 0.1339272 0.9905605 -0.03858541 0.1363331 0.9899113 0.01319159 0.1580495 0.9873431 -0.08808502 0.4151025 0.9055004 -0.08331537 0.412244 0.907256 -0.0500577 0.20064 0.9783853 -0.06217092 0.2044977 0.9768906 -0.0211133 0.5218198 0.8527945 -0.05927274 0.4717314 0.8797479 -0.06221958 0.4737504 0.8784585 -0.07179085 0.271802 0.9596717 -0.08151032 0.2755011 0.9578389 -0.07943939 0.341534 0.9365062 -0.08674458 0.3447939 0.9346617 -0.07803489 0.4103555 0.9085808 -0.07309734 0.4078023 0.9101396 -0.03740292 0.2016226 0.9787489 -0.02512798 0.1984884 0.9797811 -0.008475468 0.2540664 0.9671497 -0.01464268 0.2062955 0.9783802 -0.03596303 0.196993 0.9797451 -0.01820312 0.5200968 0.8539133 -0.05309784 0.4683809 0.8819297 -0.05558187 0.4698595 0.8809897 -0.05154208 0.2682882 0.9619589 -0.06134267 0.2713681 0.9605188 -0.06411539 0.337479 0.9391471 -0.07142627 0.3402263 0.937627 -0.06247972 0.4039054 0.9126646 -0.06783217 0.4062676 0.9112329 -0.01659107 0.5192743 0.8544465 -0.04705067 0.465535 0.8837779 -0.04993945 0.467017 0.882837 -0.0309964 0.2658879 0.9635054 -0.04121146 0.2684521 0.9624112 -0.05594703 0.3366275 0.9399744 -0.04818648 0.3342262 0.9412602 -0.05139436 0.4006094 0.9148064 -0.05674724 0.4025953 0.9136174 -0.01544048 0.5187745 0.8547716 -0.04461877 0.4646563 0.8843662 -0.04105008 0.4630967 0.8853565 -0.02043045 0.2666612 0.9635738 0.02750587 0.3011052 0.9531941 -0.04487916 0.2711971 0.961477 -0.03243274 0.3319519 0.9427386 -0.0401578 0.3338533 0.9417692 -0.04554295 0.3996265 0.9155459 -0.04028192 0.3980235 0.9164904 -0.01178232 0.5174419 0.8556373 -0.03681701 0.4618457 0.8861958 -0.03417881 0.4608769 0.8868057 -0.02414705 0.3320426 0.9429553 -0.05673578 0.32742 0.9431741 -0.02348122 0.3931167 0.9191888 0.005030522 0.3476552 0.9376089 -0.01599919 0.3305319 0.9436592 -0.03447695 0.3973909 0.9170015 -0.0289217 0.3960496 0.9177736 -0.01137822 0.5173215 0.8557155 -0.02734157 0.4589814 0.8880251 -0.0318483 0.4603357 0.8871734 -0.01735839 0.3947128 0.9186406 -0.02311496 0.3957528 0.9180661 -0.007864448 0.5164966 0.8562531 -0.02079337 0.4576429 0.8888929 -0.0240376 0.4584136 0.8884139 -0.05402207 0.3994683 0.9151539 -0.01181708 0.3947478 0.9187136 0.04225444 0.4374971 0.8982264 -0.01394794 0.4567069 0.8895078 -0.01648882 0.4571566 0.8892333 -0.004830302 0.5159668 0.856595 -0.01130852 0.4565626 0.8896194 -0.007274904 0.4560886 0.8899046 -0.1244798 0.4525416 0.8830124 -0.004459934 0.5159242 0.8566227 -0.1392686 0.518777 0.8434896 0.05984251 0.4806119 0.8748893 0.9999325 -0.009737037 0.006323299 0.9996991 -0.02054392 0.01340273 0.9993866 -0.02936683 0.01907706 0.9972889 -0.0616923 0.04011045 0.9978116 -0.05545808 0.03600604 0.9924821 -0.1026163 0.06670143 0.9945529 -0.08743242 0.05674745 0.985271 -0.1433911 0.0931665 0.989989 -0.1183884 0.07685082 0.9841262 -0.1488397 0.09665599 0.9757045 -0.1837234 0.1193583 0.9769779 -0.1789213 0.1161954 0.9637707 -0.2236722 0.1453161 0.9683934 -0.2092024 0.1358252 0.9495301 -0.2630492 0.1708735 0.9585289 -0.2390309 0.1551984 0.9475808 -0.2679684 0.1740218 0.9353347 -0.2966917 0.1926735 0.9329934 -0.3018099 0.1960463 0.9217197 -0.3252985 0.2112193 0.9142053 -0.3398436 0.2207598 0.9057645 -0.3554325 0.2307781 0.8932279 -0.3770439 0.2449116 0.8880475 -0.3855897 0.2503842 0.8700816 -0.4133745 0.2684764 0.86928 -0.4145654 0.2692353 0.8475679 -0.4450771 0.2890243 0.8448598 -0.4486636 0.2913981 0.8229165 -0.4765138 0.3094236 0.8175775 -0.482901 0.3136457 0.7965326 -0.5070747 0.3292584 0.7883891 -0.5159054 0.3350885 0.7683551 -0.5367914 0.3485476 0.7571791 -0.547798 0.355805 0.7387992 -0.5652258 0.3670088 0.7243209 -0.5782027 0.3755542 0.7074149 -0.5927962 0.3849113 0.6895065 -0.6074023 0.3945162 0.6530994 -0.6350718 0.4124863 0.6728278 -0.6204787 0.4028758 0.6152754 -0.6611055 0.4293898 0.6326328 -0.649548 0.4217382 0.5885966 -0.6780387 0.4402472 0.5758649 -0.685628 0.4453019 0.5349597 -0.7085603 0.4601745 0.542935 -0.7043218 0.4573319 0.4495745 -0.7491379 0.4864927 0.4928974 -0.7297156 0.4738852 0.4958277 -0.7283348 0.4729517 0.4053188 -0.7666808 0.4979129 0.4476328 -0.7499663 0.4870065 0.3597808 -0.7824835 0.5082099 0.3956979 -0.7702556 0.5001293 0.3137158 -0.7963035 0.5171877 0.3372387 -0.7895974 0.5126461 0.2189252 -0.8183297 0.531421 0.2668324 -0.8082608 0.5248951 0.2752255 -0.8063237 0.523539 0.1710756 -0.8262802 0.536651 0.2131764 -0.8194282 0.5320651 0.1224503 -0.8323263 0.5405911 0.1511298 -0.8290892 0.5383038 0.07355049 -0.8363768 0.5431982 0.0898703 -0.8353248 0.5423614 0.02977127 -0.838328 0.5443527 0.02459295 -0.8384174 0.5444734 0 0.5238823 0.8517907 0 0.4814747 0.87646 0 0.5238823 0.8517907 0 0.4378882 0.8990294 0 0.4814747 0.87646 0 0.3932251 0.9194422 0 0.4378882 0.8990294 0 0.3476596 0.9376208 0 0.3932251 0.9194422 0 0.3012191 0.9535549 0 0.3476596 0.9376208 0 0.2540755 0.9671844 0 0.3012191 0.9535549 0 0.2063176 0.978485 0 0.2540755 0.9671844 0 0.2063176 0.978485 0 0.1580633 0.987429 0 0.1580633 0.987429 0 0.1093908 0.9939988 0 0.06053543 0.9981661 0 0.1093908 0.9939988 0 0.01143919 0.9999346 0 0.06053543 0.9981661 0 -0.03761647 0.9992923 0 0.01143919 0.9999346 0 -0.08660547 0.9962427 0 -0.03761647 0.9992923 0 -0.1354157 0.9907889 0 -0.08660547 0.9962427 0 -0.1838231 0.9829593 0 -0.1354157 0.9907889 0 -0.2318699 0.9727468 0 -0.1838231 0.9829593 0 -0.2792837 0.9602086 0 -0.2318699 0.9727468 0 -0.3260874 0.9453396 0 -0.2792837 0.9602086 0 -0.3721035 0.9281912 0 -0.3260874 0.9453396 0 -0.3721035 0.9281912 0 -0.4171942 0.9088174 0 -0.4612089 0.8872916 0 -0.4171942 0.9088174 0 -0.5042731 0.8635443 0 -0.4612089 0.8872916 0 -0.5459539 0.8378152 0 -0.5042731 0.8635443 0 -0.586564 0.809903 0 -0.5459539 0.8378152 0 -0.586564 0.809903 0 -0.6253923 0.7803106 0 -0.6253923 0.7803106 0 -0.6630353 0.7485882 0 -0.6630353 0.7485882 0 -0.699024 0.7150982 0 -0.699024 0.7150982 0 -0.7332329 0.6799775 0 -0.7657232 0.6431702 0 -0.7332329 0.6799775 0 -0.7962132 0.6050163 0 -0.7657232 0.6431702 0 -0.7962132 0.6050163 0 -0.8250502 0.5650594 0 -0.8250502 0.5650594 0.02458468 -0.8248008 0.5648887 0.9993985 -0.007209343 0.03392166 0.03209938 -0.8203506 0.5709593 0.008534215 -0.7961841 0.6049943 0.07350535 -0.8163237 0.5728983 0.1223808 -0.8140416 0.5677669 0.06827142 -0.8142827 0.5764398 0.1709993 -0.8097598 0.5612916 0.1360054 -0.8073508 0.574184 0.06802131 -0.781945 0.619625 0.0388616 -0.7741811 0.6317699 0.03076477 -0.7653608 0.6428658 0.2032427 -0.7975201 0.5680265 0.2188167 -0.8003983 0.5581055 0.2666489 -0.7877011 0.5553605 0.1017341 -0.7689149 0.6312051 0.1355252 -0.7760745 0.615907 0.03711179 -0.7378386 0.6739562 0.01141993 -0.6989784 0.7150515 0.02409337 -0.7330201 0.6797802 0.3135679 -0.7792379 0.5426448 0.2696192 -0.7855504 0.5569705 0.2025266 -0.766427 0.6095676 0.1687695 -0.7611628 0.6262172 0.1010109 -0.7352093 0.6702716 0.06721886 -0.7263644 0.6840149 0.3596231 -0.7657644 0.5331755 0.3345375 -0.7663808 0.5484024 0.2686338 -0.7528604 0.6008636 0.2353964 -0.749534 0.6186981 0.1675812 -0.7275745 0.6652458 0.1339335 -0.7206721 0.6802159 0.06649408 -0.689857 0.7208855 0.02847381 -0.6627664 0.7482846 0.03959 -0.68162 0.7306345 0.3981145 -0.7465307 0.5331013 0.40507 -0.7472227 0.5268553 0.4493238 -0.730546 0.5142089 0.3333631 -0.7356297 0.5896763 0.3006543 -0.7341889 0.6087477 0.2337301 -0.7159989 0.6578113 0.2002687 -0.711013 0.6740571 0.09916654 -0.675798 0.7303855 0.1324957 -0.6841642 0.7171919 0.4926813 -0.7131755 0.4986441 0.4596421 -0.7214561 0.5179095 0.01743853 -0.5864748 0.8097798 0.01447007 -0.6253268 0.7802289 0.03874007 -0.637772 0.7692503 0.3646097 -0.7150996 0.5963995 0.396679 -0.7146847 0.576083 0.2654601 -0.6977332 0.6653565 0.2985331 -0.7008159 0.6478696 0.1981203 -0.6747289 0.7109777 0.1646805 -0.6682317 0.7254975 0.5346944 -0.6909935 0.486446 0.5754541 -0.6645994 0.4766132 0.5191448 -0.69287 0.5004197 0.09771885 -0.6364819 0.7650764 0.06492357 -0.6268532 0.7764277 0.4580065 -0.6902342 0.5601847 0.4268368 -0.6924579 0.5816462 0.3295127 -0.6806996 0.6542701 0.362041 -0.6819026 0.6355589 0.2626109 -0.6615133 0.7024498 0.229644 -0.6569571 0.7181023 0.6149765 -0.6438788 0.4552185 0.5762411 -0.6636497 0.4769856 0.1622779 -0.6290107 0.7602706 0.1294776 -0.6212727 0.7728232 0.5173138 -0.6622539 0.5420389 0.4871187 -0.6662389 0.5646602 0.02692033 -0.545756 0.8375116 0.06370384 -0.5846152 0.8088058 0.0373992 -0.5759078 0.8166587 0.423827 -0.6593847 0.6209528 0.3920547 -0.6600245 0.6408282 0.2932647 -0.6419911 0.7084089 0.3259778 -0.6446826 0.6914642 0.6528075 -0.6185085 0.4373666 0.6305411 -0.6268407 0.4576995 0.2262868 -0.6178768 0.753009 0.193414 -0.6119846 0.7668545 0.5449892 -0.6367785 0.5454354 0.5741292 -0.6310801 0.5216451 0.1270507 -0.579172 0.805244 0.09485411 -0.5703521 0.8159052 0.4836853 -0.633378 0.6040536 0.4527166 -0.6358179 0.6251266 0.007517226 -0.5042588 0.8635198 0.0384663 -0.52593 0.8496576 0.3878377 -0.6241497 0.678247 0.3558123 -0.6233219 0.6963242 0.6819404 -0.5901004 0.4321327 0.6891055 -0.5884844 0.4228709 0.723896 -0.5593046 0.4039221 0.2889794 -0.6031069 0.7434737 0.2565702 -0.5991166 0.7584399 0.628323 -0.5965644 0.4993206 0.6005945 -0.6038625 0.5240576 0.1575888 -0.5631351 0.8111995 0.1897963 -0.570105 0.7993483 0.5411406 -0.6040229 0.5850838 0.5113179 -0.6081858 0.607177 0.06151046 -0.5159131 0.8544297 0.09265833 -0.5255198 0.8457206 0.4164347 -0.6012151 0.6819989 0.447852 -0.6002262 0.6626894 0.7568412 -0.5312763 0.3807058 0.7302513 -0.549611 0.4057843 0.3183599 -0.5826156 0.7478008 0.3506154 -0.5847766 0.7315089 0.679507 -0.5591564 0.4749889 0.653138 -0.5680158 0.5007682 0.2517596 -0.5574261 0.7911342 0.2196426 -0.5522955 0.8041933 0.5674009 -0.5772779 0.5872023 0.5963528 -0.5713853 0.5638103 0.1225583 -0.5106171 0.8510286 0.1539398 -0.5184559 0.8411338 0.505821 -0.5729015 0.6449255 0.4752317 -0.5756687 0.6654024 0.0293172 -0.457942 0.8884985 0.05978157 -0.4682841 0.8815533 0.02643398 -0.4170484 0.9084998 0.03265989 -0.4609628 0.8868182 0.7750292 -0.5056092 0.3790632 0.7880056 -0.4987209 0.3610049 0.3787942 -0.5627224 0.7347505 0.4103664 -0.5630496 0.7173386 0.7276416 -0.5188025 0.4487556 0.7027491 -0.5291511 0.4755448 0.3124104 -0.5413437 0.7806066 0.2805353 -0.5380421 0.7948653 0.6210513 -0.5432231 0.5649813 0.6485253 -0.5357623 0.540716 0.2145623 -0.5079284 0.8342492 0.183094 -0.5018723 0.8453407 0.5613179 -0.542388 0.6250899 0.5317749 -0.5468705 0.6466436 0.08884075 -0.4547136 0.8861957 0.1191275 -0.4631783 0.8782223 0.8169979 -0.4620656 0.3449779 0.8444399 -0.431271 0.3176894 0.8163282 -0.4623005 0.3462464 0.4374784 -0.5392933 0.719566 0.4682979 -0.5378339 0.7010219 0.00321168 -0.3721015 0.9281865 0.03611795 -0.4045409 0.9138064 0.772311 -0.4758491 0.4208365 0.7490969 -0.4875626 0.4484825 0.3716895 -0.5216786 0.7679182 0.3403351 -0.5201973 0.783305 0.6977859 -0.4971716 0.5156696 0.6716357 -0.5061891 0.5409973 0.2428696 -0.4896875 0.8373891 0.2740395 -0.4939227 0.8251925 0.6143729 -0.5086154 0.603205 0.5859154 -0.5147676 0.6258733 0.1779676 -0.4546612 0.8727031 0.147567 -0.4479359 0.8818035 0.8696957 -0.3969966 0.2932967 0.8536571 -0.4123358 0.318196 0.5240067 -0.5093924 0.6825953 0.4940404 -0.512592 0.7022632 0.05680069 -0.3955922 0.9166682 0.08586972 -0.4044718 0.9105103 0.8133337 -0.4304347 0.3914258 0.7919491 -0.4433791 0.4197995 0.4292787 -0.4987247 0.7529896 0.3983718 -0.4990246 0.7695937 0.7437974 -0.4558368 0.4888541 0.7191721 -0.4663066 0.5151211 0.3014471 -0.474024 0.8273033 0.3324471 -0.4764898 0.813902 0.6644185 -0.4720048 0.5794476 0.6372784 -0.4797349 0.6031009 0.2360559 -0.442767 0.8650057 0.2056549 -0.4377804 0.8752453 0.8871408 -0.362927 0.2850704 0.8927304 -0.3586739 0.272737 0.9136477 -0.3206479 0.2498658 0.5773608 -0.4778094 0.6620821 0.5482996 -0.4827111 0.6829038 0.1426311 -0.3979106 0.9062691 0.1134503 -0.3907274 0.9134884 0.8506498 -0.3827148 0.36045 0.8310422 -0.3968796 0.3896865 0.4546264 -0.4746138 0.7536952 0.48479 -0.4725655 0.7359759 0.03475288 -0.3364027 0.9410767 0.02799059 -0.2791742 0.9598324 0.02509588 -0.3259847 0.9450418 0.05456986 -0.3428716 0.937796 0.7633183 -0.4238456 0.4875449 0.7863492 -0.4119917 0.4603454 0.3585697 -0.4551821 0.8150074 0.3891587 -0.4558848 0.8004527 0.7114485 -0.4325721 0.5538253 0.6856305 -0.4418401 0.5785224 0.2627652 -0.4243536 0.8665325 0.2930025 -0.4276033 0.8551638 0.9164602 -0.3117819 0.2507842 0.9325695 -0.2852764 0.2212045 0.6279718 -0.4432699 0.6396586 0.6000634 -0.4497983 0.6615176 0.1987794 -0.3881132 0.8999193 0.1694886 -0.3825981 0.9082358 0.8839842 -0.3330109 0.3281395 0.8663061 -0.3482563 0.3580941 0.5087512 -0.4470146 0.735765 0.5380415 -0.4432662 0.7169563 0.08123767 -0.3306995 0.9402332 0.1089782 -0.3381166 0.9347731 0.8251811 -0.3658836 0.4303549 0.8039108 -0.3789983 0.4583533 0.4440919 -0.4319609 0.7849791 0.4141744 -0.432992 0.8006107 0.002196227 -0.2318694 0.9727445 0.03053673 -0.2766698 0.9604797 0.7551328 -0.3906119 0.5264949 0.730797 -0.4013291 0.552151 0.318607 -0.4077269 0.8557151 0.3485206 -0.409253 0.8432351 0.9414014 -0.2574021 0.2179627 0.9490816 -0.2462119 0.1965295 0.6756337 -0.4059772 0.6153873 0.648948 -0.4140771 0.6382841 0.2247295 -0.3713146 0.9009008 0.2539788 -0.3751562 0.891489 0.8975323 -0.297744 0.3252448 0.9131686 -0.2815584 0.2946997 0.5888345 -0.4109713 0.6959716 0.5604844 -0.4163785 0.7158813 0.1628133 -0.3303711 0.9297025 0.1348104 -0.3245254 0.9362208 0.8601892 -0.3175718 0.3990272 0.8407906 -0.3318288 0.4277392 0.4676644 -0.4077596 0.7842335 0.4969711 -0.4050257 0.7674463 0.07748321 -0.275654 0.958129 0.05120749 -0.2681655 0.962011 0.7952748 -0.3461781 0.4976933 0.7726454 -0.3581988 0.5241305 0.3730511 -0.3878534 0.8428538 0.4025572 -0.3876765 0.8292494 0.9621668 -0.2047131 0.1797985 0.9631214 -0.2035615 0.1759539 0.9752013 -0.166158 0.1461982 0.7201324 -0.3660183 0.5894403 0.6948672 -0.3755913 0.6132625 0.2789157 -0.3569176 0.8915244 0.3079635 -0.3590889 0.8810299 0.9381043 -0.2285487 0.2602418 0.9245589 -0.2455807 0.2913433 0.6095826 -0.3829298 0.6940993 0.6368115 -0.3759315 0.6731617 0.2158879 -0.3195678 0.9226423 0.1878539 -0.3153259 0.9302045 0.8911919 -0.2673982 0.3664357 0.8736987 -0.2827314 0.3958707 0.5475068 -0.3751039 0.7480196 0.5191004 -0.3794855 0.7658496 0.1285927 -0.2697561 0.9543037 0.1022401 -0.2638123 0.9591402 0.810791 -0.3128536 0.4947127 0.8317631 -0.2995444 0.4673792 0.4256496 -0.3650461 0.8279878 0.4545656 -0.363196 0.8133011 0.01807149 -0.1837931 0.9827988 0.04845277 -0.2108683 0.9763129 0.03623758 -0.2072312 0.9776206 0.9782206 -0.1475332 0.1460083 0.9848353 -0.1271425 0.1180427 0.7613602 -0.3235051 0.5618497 0.7375492 -0.3345006 0.5866264 0.3318514 -0.3394107 0.8801563 0.3605914 -0.3399267 0.8685757 0.9473015 -0.1919082 0.2564976 0.9586649 -0.1741929 0.2249856 0.6818532 -0.3381034 0.648662 0.6559278 -0.3466061 0.6705392 0.2401146 -0.3030528 0.9222278 0.2679336 -0.3056806 0.913658 0.9025587 -0.2318446 0.3628168 0.9180243 -0.215584 0.3327986 0.5680688 -0.3483334 0.7456284 0.5954517 -0.342363 0.7267908 0.1526818 -0.2565005 0.9544086 0.1791852 -0.2609409 0.9485793 0.845216 -0.2654046 0.4638645 0.8643204 -0.2509763 0.4358453 0.5045421 -0.3356565 0.7954697 0.4763927 -0.3391372 0.8111942 0.07203566 -0.2007952 0.9769812 0.09673718 -0.2066932 0.9736117 0.9919496 -0.08475509 0.09408773 0.9966497 -0.04217719 0.07007411 0.9898198 -0.09130762 0.1091771 0.798948 -0.278812 0.5328656 0.7768013 -0.2910932 0.5584304 0.4114154 -0.3177931 0.8542511 0.3832735 -0.318904 0.8668343 0.006096256 -0.08660387 0.9962242 0.01647609 -0.1353973 0.9906543 0.03084938 -0.1410736 0.9895183 0.9747679 -0.1187561 0.1890092 0.9656084 -0.1370723 0.2209335 0.6991244 -0.3077842 0.6453635 0.7237431 -0.2978141 0.6224971 0.3187782 -0.288862 0.9027399 0.2911291 -0.2878195 0.9123617 0.9272095 -0.1793905 0.3287881 0.940604 -0.16229 0.2982047 0.6407143 -0.3068842 0.7037807 0.6143873 -0.3144062 0.7236552 0.2024922 -0.2463105 0.9478016 0.2290288 -0.2492386 0.9409707 0.8928687 -0.2006322 0.4031529 0.8756649 -0.2161104 0.4318647 0.5521378 -0.3053911 0.7758093 0.5248044 -0.3104661 0.7925851 0.1444746 -0.1998042 0.969126 0.1196324 -0.1953277 0.9734142 0.9989711 -0.009427851 0.04436026 0.9968712 -0.03542987 0.0706579 0.997252 0.0328478 0.06640323 0.8123573 -0.2456184 0.5289113 0.8328726 -0.2320684 0.5024615 0.4327835 -0.2955084 0.8516884 0.4604656 -0.2927885 0.8380014 0.06751927 -0.1416033 0.9876181 0.04464424 -0.1359168 0.9897138 0.9863178 -0.06259551 0.1525088 0.9794099 -0.08138476 0.1847507 0.7391129 -0.2665639 0.6185918 0.7622595 -0.2552229 0.5948291 0.368172 -0.2691651 0.8899435 0.3408563 -0.269697 0.9006 0.9587863 -0.1078691 0.2628554 0.947538 -0.1256774 0.2938995 0.6829286 -0.2690016 0.6791514 0.6578236 -0.2779999 0.6999887 0.2513671 -0.2333329 0.9393458 0.2776949 -0.2347415 0.9315482 0.9172628 -0.1487656 0.369456 0.9020396 -0.1651877 0.398795 0.5708004 -0.2790892 0.7722021 0.5971831 -0.2724687 0.7544091 0.166736 -0.1871041 0.9680864 0.1915964 -0.1901527 0.9628773 0.8628805 -0.1834931 0.4709219 0.8442083 -0.1981393 0.4980493 0.5072804 -0.2651167 0.8199877 0.4803409 -0.2693998 0.8346834 0.1121393 -0.1364469 0.98428 0.08914458 -0.1320902 0.987221 0.9886543 -0.02498234 0.148117 0.9932669 -0.005883521 0.1156982 0.9933711 0.02615513 0.1119364 0.9920079 0.04074252 0.1194169 0.7971588 -0.2106023 0.5658484 0.7756367 -0.2232024 0.5903969 0.388986 -0.2488018 0.8870105 0.4157516 -0.2467231 0.8753732 0.03415415 -0.07301953 0.9967455 0.01201825 -0.03761375 0.9992201 0.04138892 -0.07486246 0.9963346 0.972493 -0.05257749 0.2269207 0.9634431 -0.07096899 0.2583425 0.7219926 -0.2287479 0.6529938 0.6982241 -0.2391514 0.6747516 0.325126 -0.2174472 0.9203314 0.2990673 -0.2175391 0.9291047 0.9373693 -0.09562009 0.334956 0.924224 -0.1128398 0.3647975 0.6393992 -0.2370734 0.7314129 0.6141511 -0.2451635 0.7501422 0.2130268 -0.1762087 0.9610255 0.2378359 -0.1778368 0.9548865 0.8888634 -0.1333012 0.4383521 0.8720927 -0.1489495 0.4661205 0.5517334 -0.234766 0.8002969 0.5257035 -0.2405563 0.8159463 0.133181 -0.1256986 0.9830884 0.1562957 -0.1287389 0.9792844 0.8284015 -0.1639965 0.5355895 0.8085364 -0.1778001 0.5609421 0.4614125 -0.2215864 0.8590681 0.4352704 -0.2251792 0.8716846 0.08264735 -0.07128505 0.9940261 0.0615814 -0.06716554 0.9958396 0.9816728 0.003426907 0.1905435 0.9748628 -0.01542681 0.2222714 0.7576566 -0.1863571 0.6254818 0.7353838 -0.1980628 0.6480599 0.3710272 -0.1975055 0.9073756 0.3453425 -0.1990802 0.9171181 0.01850122 0.06052507 0.9979953 0.001472966 0.01143918 0.9999335 0.03413485 -0.002063193 0.9994151 0.9420838 -0.05937114 0.3300807 0.9530963 -0.04147329 0.2998121 0.6546279 -0.2088059 0.7265415 0.6786619 -0.1993019 0.7068924 0.2829773 -0.1629282 0.9451869 0.2583183 -0.1627158 0.9522579 0.9107228 -0.08172084 0.4048528 0.8959007 -0.09829383 0.433244 0.5936233 -0.201947 0.7789921 0.5685548 -0.2092038 0.7955999 0.1766057 -0.1168205 0.9773247 0.1996819 -0.1185359 0.9726645 0.8557667 -0.1157364 0.5042505 0.8376832 -0.1306249 0.5303056 0.4795075 -0.1989771 0.8546817 0.5049902 -0.1938916 0.8410653 0.1022469 -0.06248545 0.9927946 0.1234646 -0.06539925 0.9901916 0.985855 0.05779257 0.1573211 0.9756386 0.1096627 0.1900087 0.9849865 0.07280484 0.1565283 0.981737 0.04065094 0.1858492 0.7690704 -0.1549809 0.6200899 0.7898088 -0.1420279 0.5966826 0.3900067 -0.1780355 0.9034368 0.4151896 -0.1750019 0.892744 0.05634474 -0.004840742 0.9983997 0.0372825 -0.001052456 0.9993042 0.9555452 -0.005015032 0.294802 0.9643936 0.0134727 0.2641277 0.692062 -0.1702002 0.7014857 0.714774 -0.1593533 0.6809586 0.3024509 -0.1466581 0.9418146 0.3267557 -0.1454683 0.9338467 0.9283265 -0.02904092 0.3706299 0.9155443 -0.04640497 0.3995313 0.6327516 -0.1668179 0.7561727 0.6087607 -0.1754847 0.7737025 0.2421483 -0.1058765 0.9644451 0.2191856 -0.1054793 0.9699649 0.8629178 -0.08189937 0.4986636 0.879133 -0.06603209 0.4719797 0.5215763 -0.1702949 0.836037 0.5461609 -0.1637852 0.8215125 0.1424854 -0.05548294 0.9882406 0.1637351 -0.0571812 0.9848458 0.7992084 -0.1100341 0.5908962 0.8182769 -0.0959482 0.5667599 0.4328806 -0.1544599 0.8881197 0.4573955 -0.1500078 0.8765199 0.09357057 -0.0005638737 0.9956124 0.07439069 0.002126002 0.997227 0.9645645 0.05002059 0.2590624 0.969596 0.09835753 0.2240746 0.9711928 0.06895207 0.2281011 0.9633844 0.1213791 0.2390765 0.7262661 -0.1295647 0.675093 0.7475134 -0.1174748 0.6537763 0.3690171 -0.1255226 0.9209074 0.3451477 -0.1280913 0.9297665 0.007956244 0.1093874 0.9939674 0.02806934 0.0635808 0.9975818 0.03355512 0.06248474 0.9974817 0.9415964 0.02450713 0.3358505 0.9309162 0.006477468 0.3651755 0.6461542 -0.1395145 0.7503468 0.6689377 -0.1295098 0.7319492 0.2835089 -0.09081654 0.9546597 0.2607583 -0.09172922 0.9610364 0.8841217 -0.03186653 0.4661689 0.8984104 -0.01511261 0.4388967 0.5847819 -0.1313952 0.8004783 0.5611712 -0.1392854 0.8158961 0.1820782 -0.04619043 0.9821985 0.2032243 -0.04667257 0.9780192 0.8255984 -0.06351449 0.5606721 0.8429378 -0.04836818 0.5358325 0.4737105 -0.1284783 0.8712587 0.4975061 -0.1226384 0.8587477 0.1303629 0.005868161 0.991449 0.111196 0.007452226 0.9937705 0.7570634 -0.08706272 0.6475145 0.7768051 -0.07377991 0.6254042 0.4095797 -0.1032144 0.9064167 0.3862109 -0.1071402 0.9161671 0.06699856 0.06537689 0.9956089 0.04995868 0.06777348 0.9964492 0.9419445 0.06014175 0.3303385 0.9504856 0.07874194 0.3006271 0.6805163 -0.1015218 0.7256658 0.702004 -0.09024138 0.7064326 0.3235251 -0.07342903 0.9433662 0.301136 -0.07563296 0.9505771 -0.01319159 0.1580495 0.9873431 0.03858541 0.1363331 0.9899113 0.9134907 0.03678185 0.4051935 0.901217 0.01928279 0.4329388 0.6206964 -0.09682822 0.778049 0.5981686 -0.1060385 0.7943237 0.2208031 -0.03464893 0.9747028 0.2417692 -0.03392462 0.9697406 0.8481644 -0.0155314 0.5295053 0.8636416 0.0005228239 0.5041062 0.5123528 -0.100219 0.8529072 0.535271 -0.09304598 0.8395399 0.1473962 0.01486569 0.9889658 0.1666076 0.01437633 0.9859184 0.7843511 -0.0429173 0.6188306 0.8024535 -0.0285609 0.5960308 0.4254957 -0.08389553 0.9010633 0.4482163 -0.07865092 0.8904583 0.1001233 0.07015171 0.9924989 0.08297052 0.07157359 0.9939785 0.9538355 0.129762 0.2708498 0.9485891 0.1143206 0.2951432 0.9328533 0.1811972 0.3113716 0.9494209 0.1585482 0.2710397 0.7117265 -0.06161904 0.6997488 0.7317761 -0.04916479 0.6797696 0.3400967 -0.05726084 0.9386455 0.3620274 -0.05378813 0.9306143 0.04408062 0.1318625 0.9902874 0.02921689 0.1339272 0.9905604 0.9243152 0.08943936 0.3710016 0.9141023 0.07129402 0.3991667 0.632351 -0.07080151 0.7714397 0.6537037 -0.06033044 0.754342 0.2585171 -0.02090406 0.9657804 0.2791779 -0.01898934 0.9600516 0.8803375 0.05048794 0.4716534 0.8667417 0.03358112 0.4976255 0.5485834 -0.06981987 0.8331755 0.5705694 -0.06135156 0.8189545 0.2020209 0.02494158 0.9790635 0.1830034 0.02433567 0.982811 0.8243823 0.01807935 0.5657446 0.807982 0.002724036 0.5892008 0.4847836 -0.05191009 0.8730923 0.4628044 -0.05843816 0.8845322 0.1327091 0.07681949 0.9881737 0.1156569 0.07725658 0.9902802 0.7581486 -0.006487308 0.6520496 0.7395859 -0.02005774 0.6727633 0.3988407 -0.03199134 0.916462 0.377456 -0.03670593 0.9252998 0.07321074 0.1352091 0.9881086 0.05826491 0.1364208 0.9889361 0.9277989 0.1708613 0.3316558 0.9308272 0.1426168 0.3364835 0.9227243 0.1239472 0.3649891 0.913891 0.1980761 0.3543572 0.6636086 -0.03365751 0.7473225 0.6836796 -0.02199819 0.7294506 0.31532 -0.001957144 0.9489834 0.2949701 -0.005054799 0.9554931 0.008475468 0.2540664 0.9671497 0.01464268 0.2062955 0.9783802 0.02512798 0.1984884 0.9797811 0.03596303 0.196993 0.9797451 0.8929253 0.1012972 0.438661 0.8812968 0.08366892 0.4650973 0.5822726 -0.03743449 0.8121313 0.6031746 -0.02774465 0.7971265 0.2365406 0.03751359 0.9708971 0.2176897 0.0358193 0.9753605 0.8424475 0.06580175 0.5347451 0.8278443 0.04956888 0.5587635 0.4979449 -0.03092568 0.8666571 0.5190703 -0.02316425 0.8544177 0.1477512 0.08481803 0.9853809 0.1647853 0.08535765 0.9826291 0.7640181 0.02303542 0.6447834 0.7809958 0.03763032 0.6234016 0.4338278 -0.00813709 0.9009591 0.4130488 -0.01406989 0.9106003 0.1020589 0.1402572 0.984841 0.0871564 0.1406112 0.9862212 0.7104491 0.01791737 0.7035204 0.6917611 0.00515003 0.7221081 0.3301165 0.01286046 0.9438526 0.3499563 0.0171015 0.9366099 0.0500577 0.20064 0.9783853 0.03740292 0.2016227 0.9787489 0.8917404 0.1344585 0.4321111 0.9013613 0.1527134 0.4052487 0.613237 -0.003174421 0.7898926 0.6329919 0.007688412 0.7741203 0.2513762 0.04923822 0.9666363 0.2698978 0.05200022 0.9614838 -0.02750587 0.3011052 0.9531941 0.04487916 0.2711971 0.961477 0.8438436 0.0974931 0.527658 0.8565834 0.1145016 0.5031444 0.5509414 0.007500384 0.8345103 0.5307741 -0.00143962 0.8475122 0.1960225 0.09566801 0.9759215 0.1791611 0.09415749 0.9793037 0.800186 0.08291088 0.5939933 0.7848898 0.06740529 0.6159583 0.4467804 0.01058809 0.894581 0.4667535 0.01766946 0.8842108 0.1303767 0.1469245 0.9805177 0.1155488 0.1464268 0.9824499 0.7166945 0.04551891 0.6959001 0.7339186 0.05931707 0.6766425 0.3829423 0.03808146 0.922987 0.363665 0.03272097 0.930955 0.07492347 0.2042385 0.9760498 0.06217092 0.2044977 0.9768906 0.8980364 0.1857687 0.3987738 0.9037927 0.1998353 0.3784502 0.8932036 0.2384182 0.3812401 0.6598416 0.04471055 0.7500734 0.641345 0.03275578 0.7665531 0.3020644 0.06841661 0.9508293 0.2839304 0.06460322 0.9566661 0.0309964 0.2658879 0.9635054 0.02043046 0.2666613 0.9635738 0.8558999 0.146164 0.4960559 0.8667349 0.1638617 0.4710838 0.58024 0.03990753 0.8134673 0.5611185 0.02984404 0.8271973 0.226325 0.1077867 0.9680697 0.2098254 0.1053335 0.9720484 0.8156639 0.129225 0.5639089 0.8020891 0.1128702 0.5864412 0.4975262 0.04529623 0.8662655 0.4783541 0.03707947 0.8773839 0.1580846 0.1551741 0.9751565 0.1433399 0.1538257 0.9776458 0.7539632 0.1019448 0.6489581 0.738283 0.08720177 0.6688303 0.4142323 0.06095856 0.9081276 0.3955419 0.05449051 0.9168301 0.09933417 0.2092023 0.972814 0.08660196 0.208731 0.9741311 0.6664697 0.07023841 0.7422161 0.6836292 0.08321714 0.7250697 0.3327419 0.08657853 0.9390351 0.3151175 0.08174905 0.9455252 0.05154208 0.2682882 0.9619589 0.04121146 0.2684521 0.9624112 0.8639763 0.1954266 0.4640617 0.8728653 0.2137305 0.4386633 0.8680151 0.2452698 0.431732 0.8445548 0.269074 0.4629541 0.8696041 0.2408823 0.431004 0.5888335 0.06276739 0.8058136 0.6068335 0.07389863 0.7913862 0.2393461 0.1181838 0.9637147 0.2556711 0.1216054 0.9590852 0.02348122 0.3931167 0.9191888 -0.005030522 0.3476552 0.9376089 0.05673578 0.32742 0.9431741 0.01599919 0.3305319 0.9436592 0.8273143 0.1762706 0.5333664 0.815569 0.1592251 0.5563222 0.5077302 0.06532386 0.859036 0.5259836 0.07461826 0.8472152 0.1851806 0.1650387 0.9687468 0.1705804 0.1628426 0.9717945 0.7564296 0.1300082 0.6410242 0.7704924 0.1456025 0.6205976 0.4434923 0.08550994 0.8921898 0.4256171 0.07802556 0.9015331 0.1107124 0.2143788 0.9704558 0.1232013 0.2155634 0.9686866 0.7042376 0.1229579 0.6992359 0.6884795 0.1090216 0.7170148 0.3619231 0.1064873 0.9261059 0.344823 0.1006517 0.9332558 0.06134267 0.2713681 0.9605188 0.07179085 0.271802 0.9596717 0.6306151 0.1093645 0.7683515 0.6138209 0.09722811 0.7834351 0.267889 0.1327099 0.954266 0.2837381 0.1370355 0.9490595 0.03243274 0.3319519 0.9427386 0.02414706 0.3320426 0.9429553 0.8351099 0.223894 0.5024568 0.8252189 0.2062267 0.5258178 0.5347582 0.09520532 0.8396247 0.551945 0.1054852 0.8271818 0.1969701 0.1733242 0.9649671 0.211214 0.1763309 0.9614032 -0.04225444 0.4374971 0.8982264 0.05402207 0.3994683 0.9151539 0.7710528 0.1738116 0.6125905 0.7834231 0.190157 0.5916827 0.4707225 0.1116989 0.875182 0.4536292 0.1031955 0.8851956 0.1342491 0.2214229 0.9658929 0.1466104 0.2233239 0.9636554 0.7215281 0.1638021 0.6727304 0.7073094 0.1490513 0.6910115 0.3729609 0.1212313 0.919893 0.389436 0.1280341 0.9121112 0.09178779 0.2765219 0.9566141 0.08151032 0.2755011 0.9578388 0.6514107 0.1460846 0.744529 0.6359586 0.133062 0.7601653 0.2951385 0.1488424 0.9437898 0.3104951 0.1540581 0.9380079 0.0401578 0.3338533 0.9417692 0.04818648 0.3342262 0.9412602 0.8310233 0.2536709 0.4950266 0.8176019 0.3109186 0.4846202 0.836989 0.2670962 0.4776074 0.5592346 0.1265309 0.8192965 0.5753708 0.1377924 0.8062021 0.236389 0.1891794 0.9530642 0.2224737 0.1853637 0.9571551 0.01735839 0.3947128 0.9186406 0.01181708 0.3947478 0.9187135 0.7927259 0.2352725 0.5623455 0.7820752 0.2182401 0.5837205 0.4795634 0.1299308 0.8678346 0.4957958 0.13941 0.8571764 0.1571447 0.2297742 0.9604735 0.1692778 0.2323757 0.9577821 0.7227921 0.1900525 0.6644183 0.7354719 0.2055989 0.6456084 0.3993636 0.1433628 0.9055141 0.4150658 0.1510622 0.8971625 0.1010534 0.2807013 0.9544606 0.1113151 0.2823253 0.9528386 0.655081 0.1700577 0.7361721 0.669221 0.1839767 0.7199277 0.335825 0.172587 0.925978 0.3210079 0.1665044 0.9323252 0.06411539 0.337479 0.9391471 0.05594703 0.3366275 0.9399744 0.596139 0.1713749 0.7843781 0.5811443 0.1592007 0.7980767 0.2604403 0.2034219 0.9438169 0.2469284 0.1988205 0.948418 0.0289217 0.3960496 0.9177736 0.02311496 0.3957528 0.9180661 0.7894746 0.2632732 0.5544521 0.7983157 0.280835 0.5327511 0.7946675 0.3009323 0.5272033 0.7569024 0.3321479 0.562829 0.7880842 0.3139438 0.5294927 0.503303 0.1581113 0.8495216 0.5184813 0.1684389 0.8383349 0.1793032 0.2394171 0.9542168 0.1912085 0.2427199 0.9510659 0.1392686 0.518777 0.8434896 -0.05984251 0.4806119 0.8748893 0.007274904 0.4560886 0.8899046 0.1244798 0.4525416 0.8830124 0.7349247 0.2317551 0.6373188 0.7459796 0.2479686 0.6180825 0.4238434 0.1669202 0.8902216 0.4387946 0.1755172 0.8812791 0.1202496 0.2870305 0.9503439 0.1302821 0.2892261 0.9483538 0.6711962 0.2080398 0.7114879 0.6839097 0.2227341 0.6947352 0.3596167 0.1925132 0.9130249 0.3453638 0.1855722 0.9199384 0.07943939 0.341534 0.9365062 0.07142627 0.3402263 0.9376269 0.6140866 0.2060225 0.7618743 0.6003731 0.1930637 0.7760661 0.28326 0.2189972 0.9337044 0.2702258 0.2136393 0.9387951 0.04028192 0.3980235 0.9164904 0.03447695 0.3973909 0.9170015 0.5246223 0.1875548 0.8304184 0.5387798 0.1987406 0.8186687 0.2006011 0.2502605 0.9471689 0.2122366 0.2542577 0.9435617 0.01394794 0.4567069 0.8895078 0.01130852 0.4565626 0.8896194 0.004459934 0.5159242 0.8566227 0.7436203 0.2741206 0.6098252 0.7530192 0.2909438 0.5901813 0.4463924 0.1918586 0.8740275 0.4605212 0.2013119 0.8645194 0.1486701 0.2971998 0.94317 0.1388195 0.2944242 0.9455388 0.6841906 0.2468373 0.6862612 0.6953895 0.2621862 0.6690977 0.3816406 0.2137264 0.8992617 0.3681891 0.2060529 0.9066306 0.09454229 0.3465388 0.9332591 0.08674458 0.3447939 0.9346617 0.6291891 0.2416337 0.7387383 0.6167586 0.2279067 0.753437 0.3047567 0.2358351 0.9227704 0.2922378 0.2297399 0.9283408 0.04554295 0.3996265 0.9155459 0.05139436 0.4006094 0.9148064 0.5565934 0.2301634 0.7982661 0.5435176 0.2181718 0.810549 0.2211201 0.2624007 0.9392826 0.2322671 0.2670127 0.935284 0.02079337 0.4576429 0.8888929 0.004830302 0.5159668 0.8565949 0.01648882 0.4571566 0.8892333 0.7551377 0.3310407 0.5658437 0.748854 0.3169568 0.5820277 0.7242445 0.373692 0.5795035 0.4669027 0.2180651 0.8570003 0.4800313 0.2282459 0.8470383 0.1662878 0.3062224 0.937324 0.1569088 0.3029602 0.9399971 0.6939729 0.2863053 0.6606292 0.7036359 0.3022598 0.6430672 0.4019309 0.2361861 0.884685 0.3891824 0.2277358 0.8925657 0.1090837 0.3523511 0.9294889 0.1015286 0.350185 0.9311619 0.6413079 0.2780468 0.7151323 0.6302936 0.2637152 0.7301947 0.3249183 0.2539116 0.9110197 0.3129008 0.2470686 0.9170879 0.06247972 0.4039054 0.9126646 0.05674724 0.4025953 0.9136174 0.5598952 0.2497544 0.7900255 0.5717877 0.2624491 0.7772898 0.2511571 0.2808552 0.9263048 0.2405036 0.2756441 0.930687 0.0240376 0.4584137 0.8884139 0.007864448 0.5164965 0.8562531 0.02734157 0.4589814 0.8880251 0.4851521 0.2453073 0.8393162 0.4973369 0.2562481 0.8288504 0.1833292 0.3163114 0.9307725 0.1740445 0.3124311 0.9338605 0.7005182 0.3263186 0.6346577 0.7085957 0.3427935 0.6167533 0.7062609 0.3547021 0.6126842 0.689422 0.3792611 0.6171373 0.4204157 0.2598002 0.8693414 0.4083976 0.2505836 0.8777353 0.12339 0.3590762 0.9251157 0.1157576 0.3563838 0.9271411 0.6504801 0.3150353 0.6911067 0.6408291 0.3000495 0.7066174 0.3434149 0.2730428 0.8986177 0.3322343 0.2656564 0.9050122 0.07309734 0.4078023 0.9101396 0.06783217 0.4062676 0.9112329 0.5736573 0.2822197 0.7689404 0.5843802 0.2956339 0.7557118 0.2689167 0.2957517 0.9166323 0.2586776 0.2899025 0.9214349 0.01137822 0.5173215 0.8557155 0.03417881 0.4608769 0.8868057 0.0318483 0.4603357 0.8871734 0.5011773 0.2735454 0.8209715 0.5123121 0.285147 0.8100787 0.199432 0.327261 0.9236488 0.190461 0.3228374 0.9270926 0.4257714 0.2744941 0.8621901 0.4368522 0.2843116 0.8534208 0.1298014 0.36353 0.9224952 0.1368195 0.3664971 0.9203045 0.6566135 0.3525484 0.6667595 0.6484183 0.3370449 0.6826086 0.3497666 0.2850865 0.8924063 0.3603837 0.2931884 0.8855305 0.08331537 0.412244 0.907256 0.07803489 0.4103554 0.9085808 0.5941458 0.3293043 0.7338593 0.5848058 0.3154604 0.74732 0.2757571 0.3052598 0.9114683 0.2855639 0.3117498 0.9062369 0.01178232 0.5174419 0.8556373 0.04105008 0.4630967 0.8853565 0.03681701 0.4618457 0.8861958 0.5148664 0.3026647 0.8020641 0.5248936 0.314857 0.7907919 0.2144959 0.339041 0.9159927 0.206035 0.3341772 0.9197147 0.4512618 0.3097436 0.836912 0.4411017 0.2993252 0.8460695 0.1497144 0.3746818 0.9149859 0.1427338 0.3712053 0.9175149 0.657259 0.384293 0.6483282 0.6530046 0.3742575 0.6584195 0.6151835 0.4242624 0.6644928 0.6531316 0.3985051 0.6439044 0.3756955 0.3143232 0.8718107 0.3658316 0.3056419 0.8790621 0.09352835 0.4174307 0.9038827 0.08808502 0.4151025 0.9055004 0.6012017 0.3635995 0.7115841 0.5931206 0.3491575 0.7254633 0.3006526 0.3283774 0.8954196 0.291517 0.3214066 0.9009526 0.04461877 0.4646563 0.8843662 0.01544048 0.5187745 0.8547716 0.04705067 0.465535 0.8837779 0.5261422 0.3324976 0.7827003 0.5350767 0.3453017 0.7710122 0.2206381 0.3464359 0.9117571 0.2286761 0.3517808 0.907721 0.4543686 0.3249705 0.8294235 0.4635879 0.3359673 0.8198855 0.1619223 0.3836427 0.9091752 0.155398 0.3798601 0.9118978 0.3801261 0.3269126 0.8652354 0.3892629 0.3361982 0.857581 0.09806971 0.4205627 0.9019476 0.1027348 0.4229092 0.9003296 0.6054053 0.3981215 0.6891906 0.6040702 0.4049919 0.6863533 0.5987297 0.3833529 0.703252 0.5757888 0.4351194 0.6921983 0.3144843 0.3460402 0.8839433 0.305935 0.3385298 0.8898323 0.05309784 0.4683809 0.8819297 0.04993945 0.467017 0.882837 0.01659107 0.5192742 0.8544465 0.5350116 0.3629785 0.7628953 0.542678 0.3761245 0.7510199 0.2416899 0.3651922 0.8990109 0.2341663 0.359431 0.9033136 0.4655377 0.3513425 0.8123011 0.4737427 0.3628283 0.8024484 0.1734218 0.3932767 0.9029166 0.1670801 0.3890291 0.9059473 0.3927537 0.3491405 0.8507911 0.4009662 0.3588234 0.8428949 0.1066843 0.4260342 0.8983949 0.1119725 0.4291266 0.8962771 0.3267123 0.3643419 0.8720745 0.3189838 0.3565139 0.8781498 0.01820312 0.5200968 0.8539133 0.05927274 0.4717314 0.8797479 0.05558187 0.4698595 0.8809897 0.5478141 0.4074165 0.7306926 0.5413007 0.3937451 0.742939 0.2536302 0.3793987 0.8897913 0.2466179 0.3732243 0.8943619 0.4817477 0.3902781 0.7846032 0.4745246 0.3782518 0.7948282 0.184061 0.4034649 0.896291 0.178039 0.3988257 0.8995777 0.4108254 0.382102 0.8277805 0.4034553 0.371939 0.8359936 0.1203404 0.4356971 0.8920124 0.1159723 0.43275 0.8940234 0.3303913 0.3750685 0.8661208 0.3375651 0.3834808 0.8596467 0.0211133 0.5218198 0.8527945 0.0641287 0.4748751 0.8777136 0.06221959 0.4737504 0.8784586 0.5460379 0.4271956 0.7206569 0.5451438 0.4248421 0.7227222 0.4928851 0.4584222 0.7395359 0.5349321 0.4590116 0.7093349 0.2579506 0.3877665 0.8849286 0.2644426 0.3943479 0.8800907 0.4813649 0.4056301 0.7770149 0.4874583 0.417946 0.7666196 0.1938331 0.4143332 0.889245 0.1884368 0.4095582 0.8926106 0.4187716 0.405837 0.8123586 0.4122938 0.3952603 0.8208429 0.1243341 0.4398468 0.8894244 0.1281288 0.4427893 0.8874236 0.3467479 0.4030744 0.8469338 0.3404003 0.3943911 0.8535709 0.06655247 0.4767825 0.8764983 0.06996708 0.4791024 0.874966 0.02179123 0.5222824 0.8524941 0.2679913 0.4027038 0.8752202 0.2739414 0.4096746 0.870128 0.4908843 0.4459628 0.7484316 0.4900225 0.4509193 0.7460226 0.4496339 0.4797343 0.7534483 0.4859051 0.4333502 0.7590151 0.2027847 0.4257622 0.8818191 0.1976113 0.4204983 0.8855117 0.419228 0.4190982 0.80536 0.4247691 0.4300174 0.7966532 0.1314163 0.4467258 0.8849666 0.1357405 0.4505743 0.882359 0.348692 0.4139321 0.8408771 0.3543685 0.423096 0.8339141 0.02447465 0.5243847 0.8511295 0.07515346 0.4834647 0.8721318 0.07258284 0.48146 0.8734575 0.2822738 0.4257163 0.8597017 0.2768634 0.4183363 0.8650672 0.2106448 0.4374703 0.874213 0.2060101 0.4320267 0.8780164 0.4287213 0.4544976 0.780788 0.4241982 0.4434227 0.7895772 0.142334 0.4583929 0.8772782 0.1386859 0.4546634 0.8797997 0.3554882 0.4343056 0.8276513 0.3602836 0.4436105 0.8206128 0.02608148 0.5258271 0.8501916 0.07917812 0.4873741 0.8695961 0.07736808 0.4857549 0.8706644 0.284521 0.4345858 0.8545075 0.2890715 0.4418959 0.8492148 0.2175938 0.449783 0.8662264 0.2134622 0.4441409 0.8701568 0.4271491 0.467608 0.7738775 0.4247724 0.4601528 0.7796332 0.4051388 0.5088881 0.7595363 0.1449307 0.4626203 0.8746299 0.1483768 0.4666839 0.8718891 0.3645981 0.4645243 0.8070225 0.3605235 0.4547638 0.8143787 0.02725397 0.5270354 0.8494062 0.0836158 0.492301 0.8663995 0.08141078 0.4900359 0.8678924 0.2947384 0.458825 0.8382177 0.2906136 0.4508867 0.843946 0.2236426 0.4625986 0.8578966 0.2198327 0.4564815 0.8621475 0.1507815 0.4713491 0.8689619 0.1537607 0.4754295 0.8662127 0.3639801 0.4754494 0.800916 0.3671655 0.4852668 0.7935399 0.3136737 0.5100062 0.8009385 0.3598443 0.4958016 0.7903752 0.3683921 0.4757778 0.7987006 0.02837531 0.5283678 0.8485413 0.08733224 0.497032 0.8633263 0.08526652 0.4945851 0.8649365 0.2989323 0.4757678 0.8272149 0.2955579 0.4677866 0.8329592 0.228501 0.4753225 0.8496211 0.2252706 0.4691238 0.853918 0.1583576 0.4842876 0.8604582 0.1556855 0.4799889 0.8633497 0.02983772 0.5303849 0.8472318 0.09092867 0.5024161 0.8598314 0.08909883 0.4998999 0.8614879 0.3017536 0.4929163 0.8160749 0.2990414 0.4847144 0.8219647 0.2296829 0.4823992 0.8453028 0.2323423 0.4886545 0.8409719 0.1622139 0.4933879 0.8545496 0.1599264 0.4889942 0.8575011 0.03091495 0.5321282 0.8460991 0.09231138 0.5050929 0.8581141 0.09383732 0.5075561 0.8564937 0.3011501 0.5019245 0.8107899 0.2666159 0.5479397 0.7928922 0.2962578 0.4820298 0.8245475 0.2351219 0.5019255 0.8323392 0.2329164 0.4953221 0.8369026 0.1634632 0.49843 0.8513796 0.1654185 0.5030254 0.8482937 0.03165841 0.5335638 0.8451671 0.09492255 0.5101237 0.854847 0.09640278 0.5129752 0.852973 0.2351649 0.5091274 0.8279412 0.2390561 0.4804049 0.8438385 0.1708632 0.5166524 0.8389732 0.2191053 0.5355269 0.8156003 0.2367256 0.5154707 0.82356 0.1662331 0.5079726 0.8451807 0.1676638 0.5122443 0.842315 0.03258497 0.5357504 0.8437474 0.09857155 0.5187237 0.8492404 0.09739671 0.5159569 0.8510596 0.1693187 0.5222983 0.8357844 0.1680847 0.517318 0.8391242 0.03320292 0.5376 0.8425461 0.100264 0.5245225 0.8454723 0.09927399 0.5215639 0.8474171 0.1633623 0.4911576 0.855615 0.1693294 0.527202 0.8326977 0.1223133 0.5753074 0.8087403 0.1014518 0.5300234 0.8418924 0.1006081 0.5266235 0.8441243 0.03351247 0.5388494 0.8417353 0.1017512 0.5336843 0.8395402 0.1021471 0.5360998 0.8379517 0.1013608 0.4325987 0.8958706 0.03403844 0.5420601 0.83965 0.02432527 0.4217854 0.9063693 0.07340559 0.591882 0.8026751 0.02457198 0.544452 0.8384321 0.01865062 0.5445444 0.8385246 0.0735354 0.5431337 0.8364199 0.05671687 0.5437774 0.8373108 0.1224188 0.540514 0.8323811 0.09558329 0.5421651 0.8348178 0.133424 0.5397765 0.8311675 0.1709127 0.5366073 0.8263422 0.1687757 0.5368168 0.8266453 0.219105 0.5313749 0.8183115 0.2043709 0.5331556 0.8209614 0.2667212 0.5248834 0.8083051 0.2395307 0.5288 0.8142453 0.2763585 0.5234377 0.8060018 0.3136859 0.5171365 0.7963485 0.3151941 0.5168715 0.795925 0.3539018 0.5093968 0.7843905 0.3598824 0.5081271 0.7824906 0.4051792 0.4978998 0.766763 0.3911206 0.5012677 0.7718519 0.4496488 0.4864461 0.7491236 0.4267681 0.4925698 0.7584483 0.49297 0.4738426 0.7296943 0.4621717 0.4829955 0.7437155 0.4957998 0.472979 0.7283361 0.5349303 0.4601499 0.7085983 0.5313012 0.4614139 0.7105042 0.57583 0.4452563 0.685687 0.5677369 0.4483638 0.6903946 0.6151928 0.4293545 0.6612054 0.6036425 0.4342381 0.6686203 0.6532216 0.4123552 0.6350312 0.6403603 0.4183492 0.644145 0.6895313 0.39443 0.6074305 0.6763002 0.4012217 0.6177695 0.7242451 0.375523 0.5783179 0.710685 0.3831863 0.589996 0.7571977 0.3557213 0.5478266 0.7435086 0.3642419 0.5608234 0.7883304 0.3350612 0.5160127 0.7745906 0.3444918 0.53041 0.8176065 0.3135613 0.4829066 0.8037571 0.3240649 0.4989553 0.8448499 0.2913544 0.4487107 0.8310992 0.3029142 0.4663873 0.870069 0.2684401 0.4134245 0.8564144 0.2812177 0.4329792 0.8932306 0.2448419 0.377083 0.8797558 0.2589611 0.398709 0.9142235 0.2206677 0.3398547 0.9009116 0.2363984 0.3639698 0.9329981 0.1959826 0.3018366 0.9200387 0.2134252 0.3286008 0.9495225 0.1708344 0.2631019 0.9370502 0.1902016 0.2928485 0.9637741 0.1452542 0.223698 0.9519207 0.1668581 0.2569152 0.9647152 0.1434039 0.2208167 0.9757028 0.1193216 0.1837562 0.9754587 0.1199171 0.1846626 0.9852753 0.09310307 0.1434036 0.9841647 0.09654772 0.1486555 0.9908986 0.07332847 0.112884 0.9924806 0.06664083 0.102671 0.9957362 0.05026005 0.07735155 0.9972891 0.04004871 0.0617305 0.9985809 0.02901856 0.04465356 0.9996992 0.01333536 0.02058384 0.9998435 0.009635367 0.01483717 -2.260894e-05 -0.02578218 -0.9996676 -2.061269e-05 -0.02578267 -0.9996676 -7.360384e-06 -0.02578607 -0.9996675 -1.560649e-05 -0.02578391 -0.9996676 7.390487e-05 -0.02580728 -0.9996669 2.939584e-05 -0.02579478 -0.9996673 -6.928982e-05 -0.02576916 -0.9996679 -3.973939e-05 -0.02577837 -0.9996676 1.192592e-05 -0.02579122 -0.9996674 3.401962e-05 -0.02579558 -0.9996673 3.00009e-05 -0.02579623 -0.9996672 7.225439e-06 -0.02578943 -0.9996674 1.905942e-05 -0.02579314 -0.9996673 2.661338e-05 -0.02579382 -0.9996673 -3.520322e-05 -0.02577749 -0.9996677 -7.597323e-05 -0.02577099 -0.9996679 -1.500317e-05 -0.02578343 -0.9996676 3.101207e-05 -0.02579445 -0.9996673 5.031554e-05 -0.02580303 -0.999667 -3.085147e-05 -0.0257782 -0.9996678 6.391608e-06 -0.02578981 -0.9996674 2.87285e-05 -0.0257969 -0.9996672 -6.61474e-05 -0.02576621 -0.999668 6.156677e-05 -0.02580828 -0.9996669 0 -0.02578784 -0.9996675 -3.498565e-05 -0.02577591 -0.9996677 3.498565e-05 -0.02577591 -0.9996677 -6.156677e-05 -0.02580828 -0.9996669 6.61474e-05 -0.02576621 -0.999668 -2.87285e-05 -0.0257969 -0.9996672 -6.391608e-06 -0.02578981 -0.9996674 3.085147e-05 -0.0257782 -0.9996678 -5.031554e-05 -0.02580303 -0.999667 1.500317e-05 -0.02578343 -0.9996676 3.520424e-05 -0.02577749 -0.9996677 -1.905942e-05 -0.02579314 -0.9996673 -3.000194e-05 -0.02579623 -0.9996672 -1.192697e-05 -0.02579122 -0.9996674 6.928982e-05 -0.02576916 -0.9996679 -7.390487e-05 -0.02580728 -0.9996669 7.360384e-06 -0.02578607 -0.9996675 2.260664e-05 -0.02578218 -0.9996676 2.061269e-05 -0.02578267 -0.9996676 -9.546767e-05 -0.02584689 -0.999666 4.990867e-05 -0.02575806 -0.9996682 7.851495e-05 -0.02574088 -0.9996687 -7.191661e-05 -0.02583102 -0.9996663 -1.593841e-05 -0.02579759 -0.9996672 5.159918e-07 -0.02578786 -0.9996675 4.642308e-06 -0.02578302 -0.9996675 -4.077575e-05 -0.02582657 -0.9996664 1.349837e-05 -0.02577599 -0.9996677 9.98315e-06 -0.02577919 -0.9996677 -1.778276e-05 -0.0258036 -0.999667 2.416306e-05 -0.02576775 -0.9996679 -1.987358e-05 -0.02580422 -0.999667 -3.805659e-06 -0.02579124 -0.9996674 -1.440492e-05 -0.0257997 -0.9996671 4.200421e-05 -0.02575658 -0.9996682 -1.609337e-05 -0.02579983 -0.9996671 1.165091e-05 -0.02577972 -0.9996677 -4.253434e-05 -0.02581812 -0.9996666 3.588726e-05 -0.02576379 -0.9996681 2.735336e-05 -0.02576956 -0.9996679 -4.443938e-05 -0.02581733 -0.9996667 6.522831e-05 -0.02574561 -0.9996685 0 -0.02578747 -0.9996675 -2.695686e-05 -0.02580454 -0.999667 1.560649e-05 -0.02578391 -0.9996676 4.593857e-06 -0.02578305 -0.9996675 -2.939584e-05 -0.02579478 -0.9996673 -6.666329e-06 -0.02579451 -0.9996673 3.973939e-05 -0.02577837 -0.9996676 4.575046e-05 -0.02573957 -0.9996687 -3.401962e-05 -0.02579558 -0.9996673 -3.232488e-05 -0.02582379 -0.9996666 -7.225439e-06 -0.02578943 -0.9996674 -2.544198e-06 -0.02579075 -0.9996673 -2.661338e-05 -0.02579382 -0.9996673 2.633207e-05 -0.02575782 -0.9996682 -4.458753e-05 -0.02584089 -0.999666 1.786238e-05 -0.02576582 -0.999668 2.491343e-05 -0.02575713 -0.9996682 -5.182605e-06 -0.02579511 -0.9996672 -2.461522e-05 -0.0258202 -0.9996666 -7.063561e-06 -0.02579705 -0.9996672 1.233329e-05 -0.02577095 -0.9996679 3.411117e-05 -0.0257411 -0.9996687 -0 -0.02578868 -0.9996674 7.191661e-05 -0.02583102 -0.9996663 -7.851495e-05 -0.02574088 -0.9996687 -4.990867e-05 -0.02575806 -0.9996682 9.546767e-05 -0.02584689 -0.999666 2.695686e-05 -0.02580454 -0.999667 0 -0.02578747 -0.9996675 -6.522831e-05 -0.02574561 -0.9996685 4.443938e-05 -0.02581733 -0.9996667 -2.735336e-05 -0.02576956 -0.9996679 -3.588726e-05 -0.02576379 -0.9996681 4.253434e-05 -0.02581812 -0.9996666 -1.165091e-05 -0.02577972 -0.9996677 1.609337e-05 -0.02579983 -0.9996671 -4.200421e-05 -0.02575658 -0.9996682 1.440492e-05 -0.0257997 -0.9996671 3.805659e-06 -0.02579124 -0.9996674 1.987358e-05 -0.02580422 -0.999667 -2.416306e-05 -0.02576775 -0.9996679 1.778276e-05 -0.0258036 -0.999667 -9.98315e-06 -0.02577919 -0.9996677 -1.349837e-05 -0.02577599 -0.9996677 4.077575e-05 -0.02582657 -0.9996664 -4.642308e-06 -0.02578302 -0.9996675 -4.572844e-06 -0.02578304 -0.9996675 6.681148e-06 -0.02579447 -0.9996673 -4.573339e-05 -0.02573959 -0.9996687 3.240947e-05 -0.02582377 -0.9996666 2.542723e-06 -0.02579074 -0.9996673 -2.628245e-05 -0.02575786 -0.9996682 4.459525e-05 -0.02584087 -0.999666 -1.777905e-05 -0.02576581 -0.999668 -2.493803e-05 -0.02575705 -0.9996683 5.184299e-06 -0.02579511 -0.9996672 2.460016e-05 -0.02582026 -0.9996666 7.056094e-06 -0.02579708 -0.9996672 -1.231752e-05 -0.02577102 -0.9996679 -3.412055e-05 -0.025741 -0.9996687 -4.112522e-07 -0.02578785 -0.9996675 -9.437279e-06 -0.02578979 -0.9996674 -3.101207e-05 -0.02579445 -0.9996673 7.597323e-05 -0.02577099 -0.9996679 1 0 0 1 0 0 1 0 0 0 0.9996676 -0.02578177 0 0.9996676 -0.02578177 -0.02510093 0.9993525 -0.02577923 -0.02510093 0.9993525 -0.02577923 -0.07469638 0.9968747 -0.02571531 -0.07469834 0.9968746 -0.02571529 -0.1242828 0.9919169 -0.0255874 -0.1242808 0.9919171 -0.02558743 -0.1738771 0.9844398 -0.02539455 -0.1738771 0.9844398 -0.02539454 -0.2222636 0.9746624 -0.02514233 -0.2222636 0.9746624 -0.02514233 -0.2712049 0.9622015 -0.02482089 -0.2712049 0.9622015 -0.02482089 -0.3183662 0.9476526 -0.02444558 -0.3183661 0.9476526 -0.02444558 -0.3654993 0.9305021 -0.02400317 -0.3654993 0.9305021 -0.02400317 -0.4109038 0.9113755 -0.02350978 -0.4109038 0.9113755 -0.02350978 -0.4561575 0.889603 -0.02295357 -0.4566419 0.8893547 -0.02294174 -0.500148 0.865652 -0.0223303 -0.499689 0.8659167 -0.02234242 -0.5424775 0.839791 -0.02166318 -0.5424761 0.8397919 -0.02166322 -0.5839599 0.8115125 -0.02093372 -0.5839612 0.8115116 -0.02093368 -0.6233659 0.7816702 -0.0201639 -0.6233647 0.7816712 -0.02016394 -0.6617858 0.7494437 -0.01933259 -0.6617858 0.7494437 -0.01933259 -0.6980983 0.7157639 -0.0184638 -0.6980993 0.7157629 -0.01846376 -0.7332274 0.6797573 -0.01753497 -0.7332275 0.6797574 -0.01753498 -0.7660256 0.6425964 -0.01657637 -0.7660256 0.6425964 -0.01657637 -0.797112 0.6036306 -0.01557122 -0.797112 0.6036306 -0.01557122 -0.8261426 0.5632736 -0.01453017 -0.8261426 0.5632736 -0.01453017 -0.853363 0.5211439 -0.01344339 -0.8533629 0.5211439 -0.01344339 -0.8781379 0.4782485 -0.01233687 -0.8781379 0.4782485 -0.01233687 -0.901026 0.4336208 -0.01118565 -0.901026 0.4336208 -0.01118565 -0.9214753 0.3883077 -0.01001676 -0.9214753 0.3883077 -0.01001676 -0.9397182 0.341836 -0.008817978 -0.9397183 0.3418359 -0.008817977 -0.9555797 0.2946349 -0.007600383 -0.9555265 0.2948072 -0.007606628 -0.969035 0.2468414 -0.006369011 -0.9690722 0.246695 -0.006363729 -0.9801881 0.1980029 -0.00510767 -0.9801881 0.1980029 -0.005107671 -0.9888198 0.1490657 -0.00384529 -0.9888198 0.1490657 -0.00384529 -0.995039 0.09945293 -0.002565481 -0.9950329 0.09951346 -0.002567651 -0.9987547 0.04987398 -0.00128685 -0.9987562 0.04984342 -0.001285757 -1 0 -0 -1 0 0 -0.9987547 -0.04987399 0.001286546 -0.9987547 -0.04987399 0.001286546 -0.995039 -0.09945293 0.002565481 -0.995039 -0.09945293 0.002565481 -0.9888198 -0.1490657 0.00384529 -0.9888198 -0.1490657 0.00384529 -0.9801881 -0.1980029 0.00510767 -0.9801881 -0.1980029 0.005107671 -0.9690349 -0.2468414 0.006367504 -0.9690349 -0.2468414 0.006367504 -0.9555797 -0.294635 0.007600384 -0.9555797 -0.2946349 0.007600383 -0.9397183 -0.3418359 0.008817977 -0.9397182 -0.341836 0.008817978 -0.9214753 -0.3883077 0.01001676 -0.9214753 -0.3883077 0.01001676 -0.901026 -0.4336208 0.01118565 -0.901026 -0.4336208 0.01118565 -0.8781379 -0.4782485 0.01233687 -0.8781379 -0.4782485 0.01233687 -0.853363 -0.5211439 0.01344339 -0.8533629 -0.5211439 0.01344339 -0.8261426 -0.5632736 0.01453017 -0.8261426 -0.5632736 0.01453017 -0.797112 -0.6036306 0.01557122 -0.797112 -0.6036306 0.01557122 -0.7660256 -0.6425964 0.01657637 -0.7660256 -0.6425964 0.01657637 -0.7332274 -0.6797573 0.01753497 -0.7332275 -0.6797574 0.01753498 -0.6980993 -0.7157629 0.01846376 -0.6980983 -0.7157639 0.0184638 -0.6617858 -0.7494437 0.0193326 -0.6617869 -0.7494428 0.01933256 -0.6233647 -0.7816712 0.02016394 -0.6233647 -0.7816712 0.02016394 -0.5839612 -0.8115116 0.02093368 -0.5839599 -0.8115125 0.02093372 -0.5424761 -0.8397919 0.02166322 -0.5424774 -0.839791 0.02166318 -0.499689 -0.8659168 0.02233713 -0.499689 -0.8659168 0.02233713 -0.4566419 -0.8893547 0.02294174 -0.4566419 -0.8893547 0.02294174 -0.4109038 -0.9113755 0.02350978 -0.4109038 -0.9113755 0.02350978 -0.3655011 -0.9305014 0.02400313 -0.3654993 -0.9305021 0.02400317 -0.3183644 -0.9476532 0.0244456 -0.3183662 -0.9476526 0.02444557 -0.2712049 -0.9622015 0.02482089 -0.2712049 -0.9622015 0.02482089 -0.2222636 -0.9746624 0.02514233 -0.2222636 -0.9746624 0.02514233 -0.1738771 -0.9844398 0.02539454 -0.1738771 -0.9844398 0.02539455 -0.1242828 -0.9919169 0.02558742 -0.1242828 -0.9919169 0.02558742 -0.07469638 -0.9968747 0.02571532 -0.07469638 -0.9968747 0.02571531 -0.02510093 -0.9993525 0.02577923 -0.02510093 -0.9993525 0.02577923 0.000195177 -0.02553254 -0.999674 6.604384e-05 -0.02570295 -0.9996696 -0.000915066 -0.02637514 -0.9996517 -0.0003561466 -0.02648932 -0.999649 0.001130102 -0.02526273 -0.9996802 -0.0004972368 -0.02743284 -0.9996235 3.64321e-05 -0.02579247 -0.9996673 -0.0009839428 -0.02607955 -0.9996594 0.0001110202 -0.02533099 -0.9996791 7.262876e-05 -0.02556033 -0.9996732 3.394995e-05 -0.02571214 -0.9996694 -0.0001724399 -0.02579143 -0.9996673 4.622011e-05 -0.02622319 -0.9996562 0.0001724399 -0.02579143 -0.9996673 -0.0003081314 -0.02575793 -0.9996681 0.0005382666 -0.02586396 -0.9996653 -0.0004001858 -0.02572255 -0.9996691 0.0003740485 -0.02585904 -0.9996656 -0.0008652539 -0.02560851 -0.9996716 -0.0001780711 -0.02503696 -0.9996865 0.0002287162 -0.02663358 -0.9996452 -8.841559e-06 -0.02578786 -0.9996675 4.545548e-05 -0.02578264 -0.9996676 9.941656e-06 -0.02578797 -0.9996674 0.000129415 -0.02580872 -0.9996669 -0.000533063 -0.02561182 -0.9996718 -7.653848e-06 -0.02578928 -0.9996673 4.302081e-05 -0.02579046 -0.9996673 -3.99784e-05 -0.02579046 -0.9996673 -0.0001042937 -0.02577942 -0.9996676 -0.0001397686 -0.0253894 -0.9996777 -0.001130101 -0.02526271 -0.9996802 -3.181701e-05 -0.02564975 -0.999671 0.0001759175 -0.02613832 -0.9996583 -5.4027e-05 -0.02562898 -0.9996715 -6.249386e-05 -0.02560575 -0.9996721 -1.234142e-05 -0.02575492 -0.9996683 2.960509e-05 -0.02589084 -0.9996648 -0.0003479021 -0.02560389 -0.9996721 -9.3905e-05 -0.02573006 -0.999669 0.000510595 -0.0260994 -0.9996593 -0.000168409 -0.02568951 -0.9996699 -0.000195177 -0.02553254 -0.999674 6.07621e-05 -0.0258218 -0.9996666 0.0008473115 -0.02673724 -0.9996422 4.390905e-05 -0.02584804 -0.9996659 -0.0004041559 -0.02538887 -0.9996776 -0.0004041559 -0.02538887 -0.9996776 -0.001253072 -0.02447415 -0.9996997 0.0001123975 -0.02591823 -0.9996641 0.0005665552 -0.02624605 -0.9996553 -1.168769e-05 -0.02578507 -0.9996675 8.002162e-06 -0.02578955 -0.9996674 -0.0008637065 -0.02447258 -0.9997001 0.0001502435 -0.025959 -0.9996631 0.000915066 -0.02637514 -0.9996517 -3.349243e-05 -0.02576273 -0.9996681 -0.0001084522 -0.02569187 -0.9996698 0.0002091328 -0.02590727 -0.9996644 1.515354e-05 -0.02580785 -0.9996669 0.0003561466 -0.02648932 -0.999649 3.137995e-05 -0.02581524 -0.9996667 -1.969594e-05 -0.02578185 -0.9996676 -1.459113e-05 -0.02578311 -0.9996675 5.181807e-06 -0.0257887 -0.9996674 2.508768e-05 -0.02580911 -0.9996669 -0.000533063 -0.02561182 -0.9996718 0.0004972368 -0.02743284 -0.9996235 0.0004697579 -0.02594859 -0.9996632 4.868729e-05 -0.02579547 -0.9996672 -6.854853e-05 -0.02577481 -0.9996678 6.099895e-05 -0.02580597 -0.9996669 -2.006131e-06 -0.02578826 -0.9996674 -1.710428e-05 -0.02578556 -0.9996675 -1.041232e-05 -0.02578395 -0.9996675 3.741371e-06 -0.02583424 -0.9996662 0.001106411 -0.02593222 -0.9996631 4.60295e-05 -0.02622016 -0.9996562 4.614677e-05 -0.02622172 -0.9996561 4.622011e-05 -0.02622319 -0.9996562 -2.766626e-05 -0.0254845 -0.9996753 -8.451656e-05 -0.02578305 -0.9996675 -0.002431752 -0.02586389 -0.9996625 0.0008112504 -0.02578304 -0.9996672 0.0002016244 -0.02579733 -0.9996672 -4.605576e-05 -0.026221 -0.9996562 -0.0001724399 -0.02579143 -0.9996673 -0.0007941561 -0.02590101 -0.9996642 -2.363987e-05 -0.02599696 -0.999662 0.0001110202 -0.02533099 -0.9996791 -6.655587e-07 -0.02584455 -0.999666 0.0001383856 -0.02579731 -0.9996672 4.328492e-05 -0.02578547 -0.9996675 0.0004566878 -0.02571259 -0.9996693 -5.153573e-05 -0.02578783 -0.9996674 -1.340243e-05 -0.0257848 -0.9996675 8.021118e-06 -0.02578967 -0.9996674 7.119533e-05 -0.025779 -0.9996677 -5.112942e-05 -0.02579124 -0.9996674 -3.815128e-07 -0.02578743 -0.9996675 -1.161857e-07 -0.0258225 -0.9996666 2.506026e-06 -0.02578752 -0.9996675 8.05658e-06 -0.02578969 -0.9996673 -0.0004972368 -0.02743284 -0.9996235 0.000533063 -0.02561182 -0.9996718 -0.0001598621 -0.02584452 -0.9996659 0.001130101 -0.02526271 -0.9996802 0.0001237834 -0.02573326 -0.9996688 0.0003479021 -0.02560389 -0.9996721 3.406436e-05 -0.02572935 -0.999669 0.0005283633 -0.02496419 -0.9996882 0.0008637065 -0.02447258 -0.9997001 -2.054822e-05 -0.02579835 -0.9996672 0.0008715165 -0.02515703 -0.9996831 2.040765e-05 -0.02575169 -0.9996684 -2.967022e-05 -0.02582077 -0.9996665 -0.0001251312 -0.02597691 -0.9996625 -4.162839e-06 -0.02578663 -0.9996675 -2.174989e-06 -0.02578819 -0.9996675 -5.561582e-05 -0.02581632 -0.9996667 -8.401123e-05 -0.02591486 -0.9996641 0.001253072 -0.02447415 -0.9996997 -9.107896e-06 -0.0257875 -0.9996674 -8.218421e-05 -0.02583973 -0.9996661 -0.02510192 0.9993525 -0.02577923 -0.07469638 0.9968747 -0.02571531 -0.02510093 0.9993525 -0.02577922 -0.1242828 0.9919168 -0.02558742 -0.07469638 0.9968747 -0.02571531 -0.1738761 0.98444 -0.02539455 -0.1242828 0.9919168 -0.02558742 -0.2222636 0.9746624 -0.02514233 -0.1738771 0.9844398 -0.02539455 -0.2712059 0.9622013 -0.02482088 -0.2222636 0.9746624 -0.02514233 -0.3183644 0.9476532 -0.0244456 -0.2712049 0.9622015 -0.02482088 -0.3649699 0.9307097 -0.02400853 -0.3183661 0.9476526 -0.02444559 -0.4114131 0.9111458 -0.02350664 -0.3654993 0.9305019 -0.02400601 -0.4561575 0.8896031 -0.02294814 -0.4109038 0.9113755 -0.02350978 -0.5001472 0.8656523 -0.02233295 -0.4566419 0.8893546 -0.02294445 -0.5424768 0.8397914 -0.0216632 -0.499689 0.8659168 -0.02233713 -0.5839612 0.8115116 -0.0209337 -0.5424762 0.8397918 -0.02166321 -0.6233647 0.7816712 -0.02016393 -0.5839612 0.8115116 -0.0209337 -0.6617858 0.7494437 -0.0193326 -0.6233648 0.7816711 -0.02016393 -0.6980987 0.7157633 -0.01846378 -0.6617858 0.7494437 -0.0193326 -0.7329445 0.6800622 -0.01754284 -0.6980993 0.7157629 -0.01846377 -0.7332274 0.6797573 -0.01753705 -0.7662787 0.6422947 -0.01657055 -0.7660255 0.6425964 -0.01657637 -0.7971117 0.6036311 -0.01557122 -0.797112 0.6036306 -0.01557122 -0.826143 0.5632731 -0.01453016 -0.8533627 0.5211443 -0.0134434 -0.8261427 0.5632737 -0.01453017 -0.8781379 0.4782485 -0.01233687 -0.8533629 0.5211439 -0.01344339 -0.901026 0.4336208 -0.01118565 -0.8781379 0.4782485 -0.01233687 -0.9214755 0.3883074 -0.01001675 -0.9010261 0.4336208 -0.01118565 -0.9397181 0.3418363 -0.008817984 -0.9214754 0.3883077 -0.01001676 -0.9555265 0.294807 -0.007604822 -0.9397183 0.3418359 -0.008817977 -0.9690722 0.2466953 -0.006364487 -0.9555797 0.2946349 -0.007601282 -0.9690349 0.2468414 -0.006367504 -0.9801882 0.1980027 -0.005107665 -0.9801881 0.1980029 -0.005107669 -0.9888198 0.1490657 -0.003845289 -0.9888198 0.1490657 -0.003845289 -0.9950329 0.09951358 -0.002567045 -0.995039 0.09945291 -0.002565785 -0.9987562 0.04984347 -0.001285911 -0.9987547 0.04987399 -0.001286546 -1 0 0 -1 0 -0 -0.9987547 -0.04987389 0.001286544 -0.9987547 -0.04987399 0.001286546 -0.9950329 -0.09951358 0.002567045 -0.995039 -0.09945291 0.002565785 -0.9888334 -0.1489756 0.003843419 -0.9888198 -0.1490657 0.00384529 -0.9801642 -0.1981216 0.00511073 -0.9801882 -0.1980029 0.005108274 -0.9690722 -0.2466953 0.006364487 -0.9690349 -0.2468414 0.006367504 -0.9555797 -0.2946349 0.007600383 -0.9397182 -0.341836 0.008817978 -0.9555797 -0.294635 0.007600384 -0.9214755 -0.3883074 0.01001675 -0.9397183 -0.3418359 0.008817977 -0.9214754 -0.3883077 0.01001676 -0.9009107 -0.4338603 0.01119183 -0.9010261 -0.4336207 0.01118698 -0.8781379 -0.4782485 0.01233833 -0.8782779 -0.4779916 0.01233024 -0.853363 -0.5211439 0.01344339 -0.826143 -0.5632731 0.01453016 -0.853363 -0.5211439 0.01344339 -0.8261427 -0.5632737 0.01453017 -0.7971117 -0.6036311 0.01557122 -0.797112 -0.6036306 0.01557122 -0.766026 -0.6425958 0.01657636 -0.7660255 -0.6425964 0.01657637 -0.7332275 -0.6797574 0.01753497 -0.7332275 -0.6797573 0.01753497 -0.6980983 -0.7157639 0.01846379 -0.6617858 -0.7494437 0.0193326 -0.6980982 -0.7157639 0.01846379 -0.6617869 -0.7494428 0.01933258 -0.6233647 -0.7816712 0.02016394 -0.6233653 -0.7816707 0.02016393 -0.5839599 -0.8115125 0.02093372 -0.5424775 -0.839791 0.02166319 -0.5839605 -0.8115121 0.02093371 -0.5424775 -0.839791 0.02166319 -0.499689 -0.8659168 0.02233713 -0.4996883 -0.8659172 0.02233714 -0.4566419 -0.8893547 0.02294174 -0.4114131 -0.9111458 0.02350664 -0.4561575 -0.889603 0.02295086 -0.4109038 -0.9113755 0.02350978 -0.3654993 -0.9305021 0.02400317 -0.3654993 -0.9305021 0.02400316 -0.3183662 -0.9476525 0.02444558 -0.3183652 -0.9476529 0.02444559 -0.2712049 -0.9622015 0.02482089 -0.2706389 -0.9623607 0.02482793 -0.2228452 -0.9745297 0.0251389 -0.2222636 -0.9746623 0.0251453 -0.1738761 -0.98444 0.02539455 -0.1738771 -0.9844398 0.02539454 -0.1242818 -0.991917 0.02558743 -0.1242828 -0.9919169 0.02558742 -0.07469736 -0.9968746 0.02571531 -0.07469638 -0.9968747 0.02571532 -0.02449046 -0.9993675 0.02578267 -0.02510093 -0.9993525 0.02577923 0.000195177 -0.02553254 -0.999674 6.604384e-05 -0.02570295 -0.9996696 -0.000915066 -0.02637514 -0.9996517 -0.0003561466 -0.02648932 -0.999649 0.001130102 -0.02526273 -0.9996802 -0.0004972368 -0.02743284 -0.9996235 3.64321e-05 -0.02579247 -0.9996673 -0.0009839428 -0.02607955 -0.9996594 0.0001110202 -0.02533099 -0.9996791 7.262876e-05 -0.02556033 -0.9996732 3.394995e-05 -0.02571214 -0.9996694 -0.0001724399 -0.02579143 -0.9996673 4.622011e-05 -0.02622319 -0.9996562 0.0001724399 -0.02579143 -0.9996673 -0.0003081314 -0.02575793 -0.9996681 0.0005382666 -0.02586396 -0.9996653 -0.0004001858 -0.02572255 -0.9996691 0.0003740485 -0.02585904 -0.9996656 -0.0008652539 -0.02560851 -0.9996716 -0.0001780711 -0.02503696 -0.9996865 0.0002287162 -0.02663358 -0.9996452 -8.841559e-06 -0.02578786 -0.9996675 4.545548e-05 -0.02578264 -0.9996676 9.941656e-06 -0.02578797 -0.9996674 0.000129415 -0.02580872 -0.9996669 -0.000533063 -0.02561182 -0.9996718 -7.653848e-06 -0.02578928 -0.9996673 4.302081e-05 -0.02579046 -0.9996673 -3.99784e-05 -0.02579046 -0.9996673 -0.0001042937 -0.02577942 -0.9996676 -0.0001397686 -0.0253894 -0.9996777 -0.001130101 -0.02526271 -0.9996802 -3.181701e-05 -0.02564975 -0.999671 0.0001759175 -0.02613832 -0.9996583 -5.4027e-05 -0.02562898 -0.9996715 -6.249386e-05 -0.02560575 -0.9996721 -1.234142e-05 -0.02575492 -0.9996683 2.960509e-05 -0.02589084 -0.9996648 -0.0003479021 -0.02560389 -0.9996721 -9.3905e-05 -0.02573006 -0.999669 0.000510595 -0.0260994 -0.9996593 -0.000168409 -0.02568951 -0.9996699 -0.000195177 -0.02553254 -0.999674 6.07621e-05 -0.0258218 -0.9996666 0.0008473115 -0.02673724 -0.9996422 4.390905e-05 -0.02584804 -0.9996659 -0.0004041559 -0.02538887 -0.9996776 -0.0004041559 -0.02538887 -0.9996776 -0.001253072 -0.02447415 -0.9996997 0.0001123975 -0.02591823 -0.9996641 0.0005665552 -0.02624605 -0.9996553 -1.168769e-05 -0.02578507 -0.9996675 8.002162e-06 -0.02578955 -0.9996674 -0.0008637065 -0.02447258 -0.9997001 0.0001502435 -0.025959 -0.9996631 0.000915066 -0.02637514 -0.9996517 -3.349243e-05 -0.02576273 -0.9996681 -0.0001084522 -0.02569187 -0.9996698 0.0002091328 -0.02590727 -0.9996644 1.515354e-05 -0.02580785 -0.9996669 0.0003561466 -0.02648932 -0.999649 3.137995e-05 -0.02581524 -0.9996667 -1.969594e-05 -0.02578185 -0.9996676 -1.459113e-05 -0.02578311 -0.9996675 5.181807e-06 -0.0257887 -0.9996674 2.508768e-05 -0.02580911 -0.9996669 -0.000533063 -0.02561182 -0.9996718 0.0004972368 -0.02743284 -0.9996235 0.0004697579 -0.02594859 -0.9996632 4.868729e-05 -0.02579547 -0.9996672 -6.854853e-05 -0.02577481 -0.9996678 6.099895e-05 -0.02580597 -0.9996669 -2.006131e-06 -0.02578826 -0.9996674 -1.710428e-05 -0.02578556 -0.9996675 -1.041232e-05 -0.02578395 -0.9996675 3.741371e-06 -0.02583424 -0.9996662 0.001106411 -0.02593222 -0.9996631 4.60295e-05 -0.02622016 -0.9996562 4.614677e-05 -0.02622172 -0.9996561 4.622011e-05 -0.02622319 -0.9996562 -2.766626e-05 -0.0254845 -0.9996753 -8.451656e-05 -0.02578305 -0.9996675 -0.002431752 -0.02586389 -0.9996625 0.0008112504 -0.02578304 -0.9996672 0.0002016244 -0.02579733 -0.9996672 -4.605576e-05 -0.026221 -0.9996562 -0.0001724399 -0.02579143 -0.9996673 -0.0007941561 -0.02590101 -0.9996642 -2.363987e-05 -0.02599696 -0.999662 0.0001110202 -0.02533099 -0.9996791 -6.655587e-07 -0.02584455 -0.999666 0.0001383856 -0.02579731 -0.9996672 4.328492e-05 -0.02578547 -0.9996675 0.0004566878 -0.02571259 -0.9996693 -5.153573e-05 -0.02578783 -0.9996674 -1.340243e-05 -0.0257848 -0.9996675 8.021118e-06 -0.02578967 -0.9996674 7.119533e-05 -0.025779 -0.9996677 -5.112942e-05 -0.02579124 -0.9996674 -3.815128e-07 -0.02578743 -0.9996675 -1.161857e-07 -0.0258225 -0.9996666 2.506026e-06 -0.02578752 -0.9996675 8.05658e-06 -0.02578969 -0.9996673 -0.0004972368 -0.02743284 -0.9996235 0.000533063 -0.02561182 -0.9996718 -0.0001598621 -0.02584452 -0.9996659 0.001130101 -0.02526271 -0.9996802 0.0001237834 -0.02573326 -0.9996688 0.0003479021 -0.02560389 -0.9996721 3.406436e-05 -0.02572935 -0.999669 0.0005283633 -0.02496419 -0.9996882 0.0008637065 -0.02447258 -0.9997001 -2.054822e-05 -0.02579835 -0.9996672 0.0008715165 -0.02515703 -0.9996831 2.040765e-05 -0.02575169 -0.9996684 -2.967022e-05 -0.02582077 -0.9996665 -0.0001251312 -0.02597691 -0.9996625 -4.162839e-06 -0.02578663 -0.9996675 -2.174989e-06 -0.02578819 -0.9996675 -5.561582e-05 -0.02581632 -0.9996667 -8.401123e-05 -0.02591486 -0.9996641 0.001253072 -0.02447415 -0.9996997 -9.107896e-06 -0.0257875 -0.9996674 -8.218421e-05 -0.02583973 -0.9996661 0.9530867 -0.0369642 0.3004318 -0.9472635 -0.03913277 0.3180573 0 -0.9925198 -0.1220839 6.587236e-05 -0.9923505 -0.1234526 -2.510204e-05 -0.9925884 -0.1215248 2.623345e-05 -0.9924998 -0.1222464 7.009635e-05 -0.992443 -0.1227064 3.261142e-05 -0.9924816 -0.1223936 -3.679392e-05 -0.9925408 -0.1219133 -7.704298e-06 -0.9925196 -0.122085 1.257083e-05 -0.9925069 -0.1221891 -5.352874e-05 -0.9925438 -0.1218889 4.57925e-05 -0.992494 -0.1222927 -1.331304e-05 -0.9925209 -0.1220754 3.355479e-05 -0.9925015 -0.1222325 -1.691653e-05 -0.9925206 -0.1220772 -2.474049e-05 -0.9925234 -0.122055 3.01577e-05 -0.9925056 -0.1221998 -5.39369e-05 -0.992531 -0.121993 -2.696518e-05 -0.9925234 -0.1220551 1.030941e-05 -0.9925134 -0.1221356 7.390897e-05 -0.9924975 -0.1222652 -4.044273e-05 -0.9925245 -0.1220451 2.131481e-05 -0.9925107 -0.1221577 -7.370125e-05 -0.9925309 -0.1219933 2.602949e-05 -0.9925107 -0.1221574 -2.065205e-05 -0.9925197 -0.1220842 2.420158e-05 -0.9925115 -0.1221514 4.194831e-05 -0.9925084 -0.1221767 -8.078734e-05 -0.992529 -0.1220086 9.973664e-06 -0.9925144 -0.1221278 0.0001038741 -0.9924997 -0.122247 -4.99786e-05 -0.992523 -0.122058 0.0001227164 -0.9928507 -0.1193631 8.114328e-05 -0.9926748 -0.1208171 2.016893e-05 -0.9925348 -0.121962 1.173549e-07 -0.9925157 -0.1221167 0 -0.9925157 -0.1221176 6.204186e-06 -0.9925128 -0.1221405 0 -0.9925292 -0.1220075 8.620272e-05 -0.9926077 -0.1213671 -3.289179e-05 -0.9925109 -0.122156 -7.816195e-05 -0.992451 -0.1226417 8.338572e-05 -0.9925285 -0.1220132 4.740493e-05 -0.992551 -0.1218303 -6.617884e-05 -0.9925047 -0.1222067 -3.270208e-05 -0.9924964 -0.1222733 6.751972e-05 -0.9925272 -0.122024 2.853727e-06 -0.9925175 -0.1221019 -7.389351e-05 -0.992502 -0.1222285 -1.141573e-06 -0.9925155 -0.1221189 3.977609e-05 -0.9925348 -0.121962 5.687402e-05 -0.9925267 -0.1220279 -1.222168e-05 -0.9925126 -0.1221424 -7.346497e-05 -0.9925004 -0.1222406 -6.636631e-05 -0.9924915 -0.1223138 -4.934283e-06 -0.9925151 -0.1221213 4.816012e-05 -0.9925324 -0.1219808 2.089748e-05 -0.9925212 -0.1220731 -1.757079e-05 -0.9925107 -0.1221573 3.287376e-05 -0.9925241 -0.1220491 -6.380876e-05 -0.9924966 -0.1222729 2.447938e-05 -0.9925219 -0.1220673 0 -0.9925292 -0.1220075 0 0.1221161 -0.9925158 0 0.1221161 -0.9925158</float_array>
          <technique_common>
            <accessor count="5864" source="#cubenormals-array0-array" stride="3">
              <param type="float" name="X"/>
              <param type="float" name="Y"/>
              <param type="float" name="Z"/>
            </accessor>
          </technique_common>
        </source>
        <vertices id="cubeverts-array0-vertices">
          <input semantic="POSITION" source="#cubeverts-array0"/>
        </vertices>
        <triangles count="5864" material="ref_Camera_support_shape">
          <input offset="0" semantic="VERTEX" source="#cubeverts-array0-vertices"/>
          <input offset="1" semantic="NORMAL" source="#cubenormals-array0"/>
          <p>0 0 1 0 2 0 3 1 1 1 0 1 2 2 4 2 5 2 1 3 4 3 2 3 5 4 6 4 7 4 4 5 6 5 5 5 7 6 8 6 9 6 6 7 8 7 7 7 9 8 10 8 11 8 8 9 10 9 9 9 11 10 12 10 13 10 10 11 12 11 11 11 13 12 14 12 15 12 12 13 14 13 13 13 15 14 16 14 17 14 14 15 16 15 15 15 17 16 18 16 19 16 16 17 18 17 17 17 19 18 20 18 21 18 18 19 20 19 19 19 21 20 22 20 23 20 20 21 22 21 21 21 23 22 24 22 25 22 22 23 24 23 23 23 25 24 26 24 27 24 24 25 26 25 25 25 27 26 28 26 29 26 26 27 28 27 27 27 29 28 30 28 31 28 28 29 30 29 29 29 31 30 32 30 33 30 30 31 32 31 31 31 33 32 34 32 35 32 32 33 34 33 33 33 34 34 36 34 35 34 35 35 36 35 37 35 37 36 38 36 39 36 36 37 38 37 37 37 39 38 40 38 41 38 38 39 40 39 39 39 41 40 42 40 43 40 40 41 42 41 41 41 43 42 44 42 45 42 42 43 44 43 43 43 45 44 46 44 47 44 44 45 46 45 45 45 47 46 48 46 49 46 46 47 48 47 47 47 49 48 50 48 51 48 48 49 50 49 49 49 51 50 52 50 53 50 50 51 52 51 51 51 53 52 54 52 55 52 52 53 54 53 53 53 55 54 56 54 57 54 54 55 56 55 55 55 56 56 58 56 57 56 57 57 58 57 59 57 58 58 60 58 59 58 59 59 60 59 61 59 60 60 62 60 61 60 61 61 62 61 63 61 62 62 64 62 63 62 63 63 64 63 65 63 64 64 66 64 65 64 65 65 66 65 67 65 66 66 68 66 67 66 67 67 68 67 69 67 68 68 70 68 69 68 69 69 70 69 71 69 70 70 72 70 71 70 71 71 72 71 73 71 72 72 74 72 73 72 73 73 74 73 75 73 74 74 76 74 75 74 75 75 76 75 77 75 77 76 78 76 79 76 76 77 78 77 77 77 79 78 80 78 81 78 78 79 80 79 79 79 81 80 82 80 83 80 80 81 82 81 81 81 84 82 85 82 86 82 83 83 85 83 84 83 82 84 85 84 83 84 85 85 87 85 86 85 87 86 88 86 86 86 86 87 88 87 89 87 88 88 90 88 89 88 89 89 90 89 91 89 90 90 92 90 91 90 91 91 92 91 93 91 92 92 94 92 93 92 93 93 94 93 95 93 94 94 96 94 95 94 95 95 96 95 97 95 96 96 98 96 97 96 97 97 98 97 99 97 98 98 100 98 99 98 99 99 100 99 101 99 100 100 102 100 101 100 101 101 102 101 103 101 102 102 104 102 103 102 103 103 104 103 105 103 104 104 106 104 105 104 105 105 106 105 107 105 106 106 108 106 107 106 107 107 108 107 109 107 108 108 110 108 109 108 109 109 110 109 111 109 110 110 112 110 111 110 111 111 112 111 113 111 112 112 114 112 113 112 113 113 114 113 115 113 114 114 116 114 115 114 117 115 116 115 118 115 115 116 116 116 117 116 116 117 119 117 118 117 118 118 120 118 121 118 119 119 120 119 118 119 121 120 122 120 123 120 120 121 122 121 121 121 123 122 124 122 125 122 122 123 124 123 123 123 125 124 126 124 127 124 124 125 126 125 125 125 128 126 129 126 130 126 130 127 129 127 131 127 129 128 132 128 131 128 131 129 132 129 133 129 132 130 134 130 133 130 133 131 134 131 135 131 134 132 136 132 135 132 135 133 136 133 137 133 136 134 138 134 137 134 137 135 138 135 139 135 138 136 140 136 139 136 139 137 140 137 141 137 140 138 142 138 141 138 141 139 142 139 143 139 142 140 144 140 143 140 143 141 144 141 145 141 144 142 146 142 145 142 145 143 146 143 147 143 146 144 148 144 147 144 147 145 148 145 149 145 148 146 150 146 149 146 149 147 150 147 151 147 151 148 152 148 153 148 150 149 152 149 151 149 153 150 154 150 155 150 152 151 154 151 153 151 155 152 156 152 157 152 154 153 156 153 155 153 157 154 158 154 159 154 156 155 158 155 157 155 159 156 160 156 161 156 158 157 160 157 159 157 161 158 162 158 163 158 160 159 162 159 161 159 162 160 164 160 163 160 163 161 164 161 165 161 164 162 166 162 165 162 165 163 166 163 167 163 166 164 168 164 167 164 167 165 168 165 169 165 168 166 170 166 169 166 169 167 170 167 171 167 170 168 172 168 171 168 171 169 172 169 173 169 172 170 174 170 173 170 173 171 174 171 175 171 174 172 176 172 175 172 175 173 176 173 177 173 176 174 178 174 177 174 177 175 178 175 179 175 178 176 180 176 179 176 179 177 180 177 181 177 180 178 182 178 181 178 181 179 182 179 183 179 182 180 184 180 183 180 183 181 184 181 185 181 184 182 186 182 185 182 185 183 186 183 187 183 186 184 188 184 187 184 187 185 188 185 189 185 188 186 190 186 189 186 189 187 190 187 191 187 190 188 192 188 191 188 191 189 192 189 193 189 192 190 194 190 193 190 193 191 194 191 195 191 194 192 196 192 195 192 195 193 196 193 197 193 196 194 198 194 197 194 197 195 198 195 199 195 199 196 200 196 201 196 198 197 200 197 199 197 201 198 202 198 203 198 200 199 202 199 201 199 203 200 204 200 205 200 202 201 204 201 203 201 205 202 206 202 207 202 204 203 206 203 205 203 207 204 208 204 209 204 206 205 208 205 207 205 209 206 210 206 211 206 208 207 210 207 209 207 211 208 212 208 213 208 210 209 212 209 211 209 212 210 214 210 213 210 213 211 214 211 215 211 214 212 216 212 215 212 215 213 216 213 217 213 216 214 218 214 217 214 217 215 218 215 219 215 219 216 220 216 221 216 218 217 220 217 219 217 221 218 222 218 223 218 220 219 222 219 221 219 223 220 224 220 225 220 222 221 224 221 223 221 225 222 226 222 227 222 224 223 226 223 225 223 227 224 228 224 229 224 226 225 228 225 227 225 229 226 230 226 231 226 231 227 230 227 232 227 228 228 230 228 229 228 230 229 233 229 232 229 232 230 234 230 235 230 233 231 234 231 232 231 235 232 236 232 237 232 234 233 236 233 235 233 237 234 238 234 239 234 236 235 238 235 237 235 239 236 240 236 241 236 238 237 240 237 239 237 241 238 242 238 243 238 240 239 242 239 241 239 243 240 244 240 245 240 242 241 244 241 243 241 245 242 246 242 247 242 244 243 246 243 245 243 247 244 248 244 249 244 249 245 248 245 250 245 246 246 248 246 247 246 248 247 251 247 250 247 250 248 252 248 253 248 251 249 252 249 250 249 252 250 254 250 253 250 253 251 254 251 255 251 256 252 257 252 258 252 258 253 257 253 259 253 259 254 260 254 261 254 257 255 260 255 259 255 261 256 262 256 263 256 260 257 262 257 261 257 263 258 264 258 265 258 262 259 264 259 263 259 265 260 266 260 267 260 264 261 266 261 265 261 267 262 268 262 269 262 266 263 268 263 267 263 269 264 270 264 271 264 268 265 270 265 269 265 271 266 272 266 273 266 273 267 272 267 274 267 270 268 272 268 271 268 272 269 275 269 274 269 275 270 276 270 274 270 274 271 276 271 277 271 276 272 278 272 277 272 277 273 278 273 279 273 278 274 280 274 279 274 279 275 280 275 281 275 280 276 282 276 281 276 281 277 282 277 283 277 282 278 284 278 283 278 283 279 284 279 285 279 284 280 286 280 285 280 285 281 286 281 287 281 286 282 288 282 287 282 287 283 288 283 289 283 288 284 290 284 289 284 289 285 290 285 291 285 290 286 292 286 291 286 291 287 292 287 293 287 292 288 294 288 293 288 293 289 294 289 295 289 294 290 296 290 295 290 295 291 296 291 297 291 297 292 298 292 299 292 296 293 298 293 297 293 299 294 300 294 301 294 298 295 300 295 299 295 301 296 302 296 303 296 303 297 302 297 304 297 300 298 302 298 301 298 302 299 305 299 304 299 304 300 306 300 307 300 305 301 306 301 304 301 307 302 308 302 309 302 309 303 308 303 310 303 306 304 308 304 307 304 308 305 311 305 310 305 310 306 312 306 313 306 311 307 312 307 310 307 313 308 314 308 315 308 312 309 314 309 313 309 315 310 316 310 317 310 317 311 316 311 318 311 314 312 316 312 315 312 316 313 319 313 318 313 318 314 320 314 321 314 319 315 320 315 318 315 322 316 323 316 324 316 324 317 323 317 325 317 325 318 326 318 327 318 323 319 326 319 325 319 327 320 328 320 329 320 326 321 328 321 327 321 329 322 330 322 331 322 328 323 330 323 329 323 331 324 332 324 333 324 330 325 332 325 331 325 333 326 334 326 335 326 332 327 334 327 333 327 335 328 336 328 337 328 334 329 336 329 335 329 336 330 338 330 337 330 337 331 338 331 339 331 338 332 340 332 339 332 339 333 340 333 341 333 340 334 342 334 341 334 341 335 342 335 343 335 342 336 344 336 343 336 345 337 344 337 346 337 343 338 344 338 345 338 344 339 347 339 346 339 347 340 348 340 346 340 346 341 348 341 349 341 348 342 350 342 349 342 351 343 350 343 352 343 349 344 350 344 351 344 350 345 353 345 352 345 353 346 354 346 352 346 352 347 354 347 355 347 354 348 356 348 355 348 355 349 356 349 357 349 356 350 358 350 357 350 357 351 358 351 359 351 359 352 360 352 361 352 358 353 360 353 359 353 361 354 362 354 363 354 360 355 362 355 361 355 363 356 364 356 365 356 362 357 364 357 363 357 365 358 366 358 367 358 364 359 366 359 365 359 367 360 368 360 369 360 366 361 368 361 367 361 369 362 370 362 371 362 368 363 370 363 369 363 371 364 372 364 373 364 370 365 372 365 371 365 373 366 374 366 375 366 372 367 374 367 373 367 376 368 377 368 378 368 375 369 377 369 376 369 374 370 377 370 375 370 378 371 379 371 380 371 377 372 379 372 378 372 379 373 381 373 380 373 382 374 383 374 384 374 380 375 383 375 382 375 381 376 383 376 380 376 383 377 385 377 384 377 384 378 386 378 387 378 385 379 386 379 384 379 388 380 389 380 390 380 391 381 389 381 388 381 392 382 389 382 391 382 389 383 393 383 390 383 394 384 393 384 395 384 390 385 393 385 394 385 393 386 396 386 395 386 397 387 396 387 398 387 395 388 396 388 397 388 396 389 399 389 398 389 400 390 399 390 401 390 398 391 399 391 400 391 392 392 402 392 389 392 399 393 403 393 401 393 404 394 403 394 405 394 401 395 403 395 404 395 389 396 406 396 393 396 402 397 406 397 389 397 407 398 408 398 409 398 405 399 408 399 407 399 403 400 408 400 405 400 393 401 410 401 396 401 406 402 410 402 393 402 408 403 411 403 409 403 412 404 411 404 413 404 409 405 411 405 412 405 410 406 414 406 396 406 399 407 414 407 403 407 396 408 414 408 399 408 392 409 415 409 402 409 416 410 417 410 418 410 413 411 417 411 416 411 411 412 417 412 413 412 414 413 419 413 403 413 406 414 420 414 410 414 402 415 420 415 406 415 415 416 420 416 402 416 417 417 421 417 418 417 422 418 421 418 423 418 418 419 421 419 422 419 403 420 424 420 408 420 419 421 424 421 403 421 408 422 424 422 411 422 420 423 425 423 410 423 426 424 427 424 428 424 423 425 427 425 426 425 421 426 427 426 423 426 424 427 429 427 411 427 425 428 430 428 410 428 410 429 430 429 414 429 415 430 431 430 420 430 392 431 431 431 415 431 432 432 433 432 434 432 428 433 433 433 432 433 427 434 433 434 428 434 411 435 435 435 417 435 417 436 435 436 421 436 429 437 435 437 411 437 430 438 436 438 414 438 414 439 436 439 419 439 419 440 436 440 424 440 431 441 437 441 420 441 433 442 438 442 434 442 439 443 438 443 440 443 434 444 438 444 439 444 421 445 441 445 427 445 435 446 441 446 421 446 436 447 442 447 424 447 420 448 443 448 425 448 437 449 443 449 420 449 438 450 444 450 440 450 445 451 444 451 446 451 440 452 444 452 445 452 441 453 447 453 427 453 424 454 448 454 429 454 429 455 448 455 435 455 442 456 448 456 424 456 430 457 449 457 436 457 443 458 449 458 425 458 425 459 449 459 430 459 392 460 450 460 431 460 444 461 451 461 446 461 452 462 451 462 453 462 446 463 451 463 452 463 433 464 454 464 438 464 447 465 454 465 427 465 427 466 454 466 433 466 435 467 455 467 441 467 448 468 455 468 435 468 449 469 456 469 436 469 450 470 457 470 431 470 431 471 457 471 437 471 458 472 459 472 460 472 461 473 459 473 458 473 453 474 459 474 461 474 451 475 459 475 453 475 454 476 462 476 438 476 455 477 463 477 441 477 456 478 464 478 436 478 436 479 464 479 442 479 442 480 464 480 448 480 457 481 465 481 437 481 437 482 465 482 443 482 462 483 466 483 438 483 438 484 466 484 444 484 444 485 466 485 451 485 441 486 467 486 447 486 463 487 467 487 441 487 448 488 468 488 455 488 464 489 468 489 448 489 465 490 469 490 443 490 443 491 469 491 449 491 392 492 470 492 450 492 471 493 470 493 392 493 466 494 472 494 451 494 454 495 473 495 462 495 467 496 473 496 447 496 447 497 473 497 454 497 455 498 474 498 463 498 468 499 474 499 455 499 449 500 475 500 456 500 469 501 475 501 449 501 470 502 476 502 450 502 450 503 476 503 457 503 472 504 477 504 451 504 459 505 477 505 460 505 451 506 477 506 459 506 473 507 478 507 462 507 474 508 479 508 463 508 475 509 480 509 456 509 456 510 480 510 464 510 464 511 480 511 468 511 457 512 481 512 465 512 476 513 481 513 457 513 478 514 482 514 462 514 462 515 482 515 466 515 463 516 483 516 467 516 479 517 483 517 463 517 468 518 484 518 474 518 480 519 484 519 468 519 481 520 485 520 465 520 465 521 485 521 469 521 471 522 486 522 470 522 482 523 487 523 466 523 466 524 487 524 472 524 467 525 488 525 473 525 483 526 488 526 467 526 484 527 489 527 474 527 469 528 490 528 475 528 485 529 490 529 469 529 470 530 491 530 476 530 486 531 491 531 470 531 460 532 492 532 493 532 487 533 492 533 472 533 477 534 492 534 460 534 472 535 492 535 477 535 488 536 494 536 473 536 473 537 494 537 478 537 479 538 495 538 483 538 489 539 495 539 474 539 474 540 495 540 479 540 490 541 496 541 475 541 480 542 496 542 484 542 475 543 496 543 480 543 491 544 497 544 476 544 476 545 497 545 481 545 482 546 498 546 487 546 478 547 498 547 482 547 494 548 498 548 478 548 495 549 499 549 483 549 496 550 500 550 484 550 481 551 501 551 485 551 497 552 501 552 481 552 471 553 502 553 486 553 486 554 502 554 491 554 498 555 503 555 487 555 504 556 505 556 506 556 483 557 505 557 488 557 499 558 505 558 483 558 507 559 508 559 509 559 509 560 508 560 510 560 484 561 508 561 489 561 500 562 508 562 484 562 510 563 508 563 500 563 485 564 511 564 490 564 512 565 511 565 513 565 501 566 511 566 485 566 502 567 514 567 491 567 487 568 515 568 492 568 492 569 515 569 493 569 503 570 515 570 487 570 516 571 517 571 518 571 518 572 517 572 519 572 519 573 517 573 504 573 504 574 517 574 505 574 488 575 517 575 494 575 505 576 517 576 488 576 495 577 520 577 499 577 521 578 520 578 522 578 522 579 520 579 507 579 489 580 520 580 495 580 507 581 520 581 508 581 508 582 520 582 489 582 523 583 524 583 512 583 511 584 524 584 490 584 490 585 524 585 496 585 512 586 524 586 511 586 491 587 525 587 497 587 526 588 525 588 527 588 514 589 525 589 491 589 517 590 528 590 494 590 529 591 528 591 530 591 530 592 528 592 531 592 531 593 528 593 516 593 516 594 528 594 517 594 498 595 528 595 503 595 494 596 528 596 498 596 532 597 533 597 534 597 534 598 533 598 535 598 535 599 533 599 521 599 520 600 533 600 499 600 521 601 533 601 520 601 524 602 536 602 496 602 496 603 536 603 500 603 510 604 536 604 537 604 537 605 536 605 538 605 538 606 536 606 539 606 539 607 536 607 523 607 523 608 536 608 524 608 500 609 536 609 510 609 526 610 540 610 525 610 497 611 540 611 501 611 541 612 540 612 526 612 525 613 540 613 497 613 501 614 540 614 511 614 542 615 543 615 544 615 471 616 543 616 502 616 545 617 546 617 547 617 547 618 546 618 548 618 548 619 546 619 529 619 529 620 546 620 528 620 528 621 546 621 503 621 505 622 549 622 506 622 506 623 549 623 550 623 550 624 549 624 551 624 551 625 549 625 532 625 533 626 549 626 499 626 532 627 549 627 533 627 499 628 549 628 505 628 541 629 552 629 540 629 540 630 552 630 511 630 513 631 552 631 553 631 553 632 552 632 541 632 511 633 552 633 513 633 542 634 554 634 543 634 502 635 554 635 514 635 543 636 554 636 502 636 555 637 554 637 542 637 503 638 556 638 515 638 493 639 556 639 557 639 557 640 556 640 558 640 558 641 556 641 559 641 559 642 556 642 560 642 560 643 556 643 545 643 546 644 556 644 503 644 545 645 556 645 546 645 515 646 556 646 493 646 554 647 561 647 514 647 527 648 561 648 555 648 555 649 561 649 554 649 525 650 561 650 527 650 514 651 561 651 525 651 543 652 562 652 544 652 471 653 562 653 543 653 544 654 562 654 563 654 563 655 562 655 564 655 564 656 562 656 565 656 565 657 562 657 471 657 566 658 567 658 568 658 569 659 567 659 566 659 570 660 567 660 569 660 571 661 567 661 570 661 572 662 567 662 571 662 567 663 573 663 568 663 574 664 573 664 575 664 568 665 573 665 574 665 573 666 576 666 575 666 577 667 576 667 578 667 575 668 576 668 577 668 572 669 579 669 567 669 576 670 580 670 578 670 581 671 580 671 582 671 578 672 580 672 581 672 579 673 583 673 567 673 580 674 584 674 582 674 585 675 584 675 580 675 586 676 584 676 587 676 582 677 584 677 586 677 567 678 588 678 573 678 583 679 588 679 567 679 585 680 589 680 584 680 590 681 589 681 591 681 591 682 589 682 585 682 584 683 589 683 587 683 592 684 589 684 593 684 587 685 589 685 592 685 573 686 594 686 576 686 588 687 594 687 573 687 572 688 595 688 579 688 596 689 595 689 572 689 579 690 595 690 583 690 597 691 598 691 599 691 599 692 598 692 590 692 589 693 598 693 593 693 590 694 598 694 589 694 600 695 598 695 601 695 593 696 598 696 600 696 576 697 602 697 580 697 580 698 602 698 585 698 594 699 602 699 576 699 595 700 603 700 583 700 604 701 605 701 606 701 606 702 605 702 597 702 598 703 605 703 601 703 597 704 605 704 598 704 607 705 605 705 608 705 601 706 605 706 607 706 588 707 609 707 594 707 603 708 609 708 583 708 583 709 609 709 588 709 610 710 611 710 612 710 612 711 611 711 604 711 605 712 611 712 608 712 613 713 611 713 614 713 608 714 611 714 613 714 604 715 611 715 605 715 609 716 615 716 594 716 596 717 616 717 595 717 610 718 617 718 611 718 618 719 617 719 619 719 619 720 617 720 610 720 620 721 617 721 621 721 614 722 617 722 620 722 611 723 617 723 614 723 594 724 622 724 602 724 615 725 622 725 594 725 602 726 622 726 585 726 616 727 623 727 595 727 595 728 623 728 603 728 624 729 625 729 626 729 626 730 625 730 618 730 617 731 625 731 621 731 618 732 625 732 617 732 627 733 625 733 628 733 621 734 625 734 627 734 623 735 629 735 603 735 603 736 629 736 609 736 630 737 631 737 632 737 632 738 631 738 624 738 624 739 631 739 625 739 633 740 631 740 634 740 628 741 631 741 633 741 625 742 631 742 628 742 615 743 635 743 622 743 609 744 635 744 615 744 629 745 635 745 609 745 636 746 637 746 638 746 638 747 637 747 639 747 639 748 637 748 640 748 640 749 637 749 641 749 641 750 637 750 596 750 596 751 637 751 616 751 631 752 642 752 634 752 643 753 642 753 644 753 644 754 642 754 630 754 630 755 642 755 631 755 645 756 642 756 646 756 634 757 642 757 645 757 635 758 647 758 622 758 636 759 648 759 637 759 616 760 648 760 623 760 649 761 648 761 650 761 650 762 648 762 651 762 651 763 648 763 636 763 637 764 648 764 616 764 652 765 653 765 654 765 643 766 653 766 642 766 654 767 653 767 643 767 655 768 653 768 656 768 646 769 653 769 655 769 642 770 653 770 646 770 649 771 657 771 648 771 623 772 657 772 629 772 648 773 657 773 623 773 658 774 657 774 659 774 659 775 657 775 660 775 660 776 657 776 649 776 661 777 662 777 663 777 663 778 662 778 664 778 664 779 662 779 652 779 322 780 662 780 323 780 653 781 662 781 656 781 656 782 662 782 322 782 652 783 662 783 653 783 629 784 665 784 635 784 658 785 665 785 657 785 666 786 665 786 667 786 667 787 665 787 658 787 657 788 665 788 629 788 635 789 665 789 647 789 668 790 669 790 670 790 670 791 669 791 661 791 326 792 669 792 328 792 323 793 669 793 326 793 662 794 669 794 323 794 661 795 669 795 662 795 671 796 672 796 673 796 673 797 672 797 674 797 674 798 672 798 666 798 666 799 672 799 665 799 665 800 672 800 647 800 675 801 676 801 677 801 677 802 676 802 668 802 668 803 676 803 669 803 330 804 676 804 332 804 328 805 676 805 330 805 669 806 676 806 328 806 585 807 678 807 679 807 622 808 678 808 585 808 647 809 678 809 622 809 672 810 678 810 647 810 680 811 681 811 682 811 682 812 681 812 675 812 334 813 681 813 336 813 332 814 681 814 334 814 676 815 681 815 332 815 675 816 681 816 676 816 683 817 684 817 685 817 685 818 684 818 680 818 680 819 684 819 681 819 338 820 684 820 340 820 336 821 684 821 338 821 681 822 684 822 336 822 686 823 687 823 688 823 683 824 687 824 684 824 688 825 687 825 683 825 342 826 687 826 344 826 340 827 687 827 342 827 684 828 687 828 340 828 678 829 689 829 679 829 679 830 689 830 690 830 690 831 689 831 691 831 691 832 689 832 692 832 672 833 689 833 678 833 692 834 689 834 693 834 693 835 689 835 671 835 671 836 689 836 672 836 694 837 695 837 696 837 696 838 695 838 686 838 347 839 695 839 348 839 344 840 695 840 347 840 687 841 695 841 344 841 686 842 695 842 687 842 695 843 697 843 348 843 698 844 697 844 699 844 699 845 697 845 694 845 350 846 697 846 353 846 348 847 697 847 350 847 694 848 697 848 695 848 700 849 701 849 702 849 702 850 701 850 698 850 354 851 701 851 356 851 353 852 701 852 354 852 697 853 701 853 353 853 698 854 701 854 697 854 703 855 704 855 705 855 705 856 704 856 700 856 358 857 704 857 360 857 356 858 704 858 358 858 700 859 704 859 701 859 701 860 704 860 356 860 362 861 706 861 364 861 360 862 706 862 362 862 703 863 706 863 704 863 704 864 706 864 360 864 703 865 707 865 706 865 366 866 707 866 368 866 364 867 707 867 366 867 706 868 707 868 364 868 370 869 708 869 372 869 368 870 708 870 370 870 707 871 708 871 368 871 374 872 709 872 377 872 372 873 709 873 374 873 708 874 709 874 372 874 379 875 710 875 381 875 377 876 710 876 379 876 709 877 710 877 377 877 383 878 711 878 385 878 381 879 711 879 383 879 710 880 711 880 381 880 385 881 711 881 386 881 707 882 712 882 708 882 708 883 712 883 709 883 703 884 712 884 707 884 712 885 713 885 709 885 709 886 713 886 710 886 713 887 714 887 710 887 703 888 715 888 712 888 711 889 716 889 386 889 710 890 716 890 711 890 714 891 716 891 710 891 712 892 717 892 713 892 715 893 717 893 712 893 713 894 718 894 714 894 717 895 718 895 713 895 719 896 720 896 703 896 703 897 720 897 715 897 718 898 721 898 714 898 715 899 722 899 717 899 720 900 722 900 715 900 716 901 723 901 386 901 714 902 723 902 716 902 721 903 723 903 714 903 717 904 724 904 718 904 722 905 724 905 717 905 724 906 725 906 718 906 718 907 725 907 721 907 720 908 726 908 722 908 719 909 726 909 720 909 725 910 727 910 721 910 726 911 728 911 722 911 723 912 729 912 386 912 727 913 729 913 721 913 721 914 729 914 723 914 724 915 730 915 725 915 728 916 730 916 722 916 722 917 730 917 724 917 725 918 731 918 727 918 730 919 731 919 725 919 726 920 732 920 728 920 731 921 733 921 727 921 732 922 734 922 728 922 727 923 735 923 729 923 729 924 735 924 386 924 733 925 735 925 727 925 728 926 736 926 730 926 730 927 736 927 731 927 734 928 736 928 728 928 736 929 737 929 731 929 731 930 737 930 733 930 733 931 738 931 735 931 737 932 738 932 733 932 732 933 739 933 734 933 740 934 739 934 732 934 735 935 741 935 386 935 386 936 741 936 742 936 738 937 741 937 735 937 734 938 743 938 736 938 736 939 743 939 737 939 739 940 743 940 734 940 719 941 744 941 726 941 726 942 744 942 732 942 732 943 744 943 740 943 743 944 745 944 737 944 719 945 746 945 744 945 740 946 746 946 739 946 744 947 746 947 740 947 737 948 747 948 738 948 745 949 747 949 737 949 746 950 748 950 739 950 749 951 750 951 719 951 741 952 751 952 742 952 738 953 751 953 741 953 747 954 751 954 738 954 739 955 752 955 743 955 748 956 752 956 739 956 749 957 753 957 750 957 750 958 753 958 719 958 752 959 754 959 743 959 745 960 754 960 747 960 743 961 754 961 745 961 719 962 755 962 746 962 753 963 755 963 719 963 754 964 756 964 747 964 747 965 756 965 751 965 755 966 757 966 746 966 746 967 757 967 748 967 748 968 757 968 752 968 758 969 759 969 749 969 751 970 760 970 742 970 756 971 760 971 751 971 752 972 761 972 754 972 757 973 761 973 752 973 759 974 762 974 749 974 749 975 762 975 753 975 761 976 763 976 754 976 762 977 764 977 753 977 753 978 764 978 755 978 755 979 764 979 757 979 765 980 766 980 758 980 758 981 766 981 759 981 756 982 767 982 760 982 763 983 767 983 754 983 754 984 767 984 756 984 764 985 768 985 757 985 759 986 769 986 762 986 770 987 769 987 771 987 766 988 769 988 759 988 767 989 772 989 760 989 760 990 772 990 742 990 768 991 773 991 757 991 757 992 773 992 761 992 770 993 774 993 769 993 775 994 774 994 776 994 776 995 774 995 770 995 769 996 774 996 762 996 777 997 778 997 765 997 779 998 778 998 780 998 780 999 778 999 781 999 781 1000 778 1000 782 1000 782 1001 778 1001 783 1001 783 1002 778 1002 784 1002 784 1003 778 1003 785 1003 785 1004 778 1004 777 1004 763 1005 786 1005 767 1005 773 1006 786 1006 761 1006 761 1007 786 1007 763 1007 775 1008 787 1008 774 1008 774 1009 787 1009 762 1009 788 1010 787 1010 789 1010 789 1011 787 1011 775 1011 762 1012 787 1012 764 1012 779 1013 790 1013 778 1013 778 1014 790 1014 765 1014 791 1015 790 1015 792 1015 792 1016 790 1016 779 1016 765 1017 790 1017 766 1017 786 1018 793 1018 767 1018 767 1019 793 1019 772 1019 794 1020 795 1020 796 1020 796 1021 795 1021 788 1021 788 1022 795 1022 787 1022 787 1023 795 1023 764 1023 764 1024 795 1024 768 1024 766 1025 797 1025 769 1025 769 1026 797 1026 771 1026 790 1027 797 1027 766 1027 771 1028 797 1028 798 1028 791 1029 797 1029 790 1029 798 1030 797 1030 799 1030 799 1031 797 1031 791 1031 793 1032 800 1032 772 1032 772 1033 800 1033 742 1033 768 1034 801 1034 773 1034 795 1035 801 1035 768 1035 794 1036 801 1036 795 1036 802 1037 801 1037 803 1037 803 1038 801 1038 794 1038 773 1039 804 1039 786 1039 805 1040 804 1040 806 1040 801 1041 804 1041 773 1041 806 1042 804 1042 807 1042 807 1043 804 1043 802 1043 802 1044 804 1044 801 1044 805 1045 808 1045 804 1045 804 1046 808 1046 786 1046 809 1047 808 1047 810 1047 810 1048 808 1048 805 1048 786 1049 808 1049 793 1049 742 1050 811 1050 812 1050 800 1051 811 1051 742 1051 812 1052 811 1052 813 1052 813 1053 811 1053 814 1053 814 1054 811 1054 809 1054 809 1055 811 1055 808 1055 808 1056 811 1056 793 1056 793 1057 811 1057 800 1057 742 1058 815 1058 386 1058 815 1059 816 1059 386 1059 817 1060 818 1060 819 1060 817 1061 820 1061 818 1061 821 1062 822 1062 823 1062 824 1063 822 1063 821 1063 816 1064 822 1064 824 1064 822 1065 825 1065 823 1065 826 1066 825 1066 827 1066 823 1067 825 1067 826 1067 825 1068 828 1068 827 1068 829 1069 828 1069 830 1069 827 1070 828 1070 829 1070 828 1071 831 1071 830 1071 832 1072 831 1072 833 1072 830 1073 831 1073 832 1073 816 1074 834 1074 822 1074 835 1075 836 1075 837 1075 833 1076 836 1076 835 1076 831 1077 836 1077 833 1077 822 1078 838 1078 825 1078 834 1079 838 1079 822 1079 839 1080 840 1080 841 1080 837 1081 840 1081 839 1081 836 1082 840 1082 837 1082 825 1083 842 1083 828 1083 838 1084 842 1084 825 1084 843 1085 844 1085 845 1085 841 1086 844 1086 843 1086 840 1087 844 1087 841 1087 828 1088 846 1088 831 1088 842 1089 846 1089 828 1089 834 1090 847 1090 838 1090 816 1091 847 1091 834 1091 848 1092 849 1092 850 1092 845 1093 849 1093 848 1093 844 1094 849 1094 845 1094 831 1095 851 1095 836 1095 846 1096 851 1096 831 1096 847 1097 852 1097 838 1097 849 1098 853 1098 850 1098 854 1099 853 1099 855 1099 850 1100 853 1100 854 1100 851 1101 856 1101 836 1101 836 1102 856 1102 840 1102 840 1103 856 1103 844 1103 852 1104 857 1104 838 1104 838 1105 857 1105 842 1105 853 1106 858 1106 855 1106 859 1107 858 1107 860 1107 855 1108 858 1108 859 1108 856 1109 861 1109 844 1109 842 1110 862 1110 846 1110 857 1111 862 1111 842 1111 816 1112 863 1112 847 1112 858 1113 864 1113 860 1113 865 1114 864 1114 866 1114 860 1115 864 1115 865 1115 844 1116 867 1116 849 1116 861 1117 867 1117 844 1117 851 1118 868 1118 856 1118 862 1119 868 1119 846 1119 846 1120 868 1120 851 1120 847 1121 869 1121 852 1121 863 1122 869 1122 847 1122 864 1123 870 1123 866 1123 871 1124 870 1124 872 1124 866 1125 870 1125 871 1125 853 1126 873 1126 858 1126 867 1127 873 1127 849 1127 849 1128 873 1128 853 1128 868 1129 874 1129 856 1129 852 1130 875 1130 857 1130 869 1131 875 1131 852 1131 870 1132 876 1132 872 1132 877 1133 876 1133 878 1133 872 1134 876 1134 877 1134 873 1135 879 1135 858 1135 858 1136 879 1136 864 1136 874 1137 880 1137 856 1137 856 1138 880 1138 861 1138 862 1139 881 1139 868 1139 857 1140 881 1140 862 1140 875 1141 881 1141 857 1141 816 1142 882 1142 863 1142 876 1143 883 1143 878 1143 884 1144 883 1144 885 1144 878 1145 883 1145 884 1145 879 1146 886 1146 864 1146 880 1147 887 1147 861 1147 861 1148 887 1148 867 1148 881 1149 888 1149 868 1149 863 1150 889 1150 869 1150 882 1151 889 1151 863 1151 869 1152 889 1152 875 1152 890 1153 891 1153 392 1153 883 1154 891 1154 885 1154 892 1155 891 1155 890 1155 885 1156 891 1156 892 1156 886 1157 893 1157 864 1157 864 1158 893 1158 870 1158 867 1159 894 1159 873 1159 887 1160 894 1160 867 1160 874 1161 895 1161 880 1161 868 1162 895 1162 874 1162 888 1163 895 1163 868 1163 889 1164 896 1164 875 1164 893 1165 897 1165 870 1165 870 1166 897 1166 876 1166 876 1167 897 1167 883 1167 894 1168 898 1168 873 1168 873 1169 898 1169 879 1169 895 1170 899 1170 880 1170 875 1171 900 1171 881 1171 896 1172 900 1172 875 1172 816 1173 901 1173 882 1173 815 1174 901 1174 816 1174 897 1175 902 1175 883 1175 879 1176 903 1176 886 1176 886 1177 903 1177 893 1177 898 1178 903 1178 879 1178 880 1179 904 1179 887 1179 899 1180 904 1180 880 1180 887 1181 904 1181 894 1181 881 1182 905 1182 888 1182 888 1183 905 1183 895 1183 900 1184 905 1184 881 1184 882 1185 906 1185 889 1185 901 1186 906 1186 882 1186 883 1187 907 1187 891 1187 891 1188 907 1188 392 1188 902 1189 907 1189 883 1189 903 1190 908 1190 893 1190 894 1191 909 1191 898 1191 904 1192 909 1192 894 1192 905 1193 910 1193 895 1193 889 1194 911 1194 896 1194 906 1195 911 1195 889 1195 893 1196 912 1196 897 1196 897 1197 912 1197 902 1197 908 1198 912 1198 893 1198 909 1199 913 1199 898 1199 910 1200 914 1200 895 1200 895 1201 914 1201 899 1201 911 1202 915 1202 896 1202 896 1203 915 1203 900 1203 901 1204 916 1204 906 1204 815 1205 916 1205 901 1205 912 1206 917 1206 902 1206 898 1207 918 1207 903 1207 913 1208 918 1208 898 1208 904 1209 919 1209 909 1209 914 1210 919 1210 899 1210 899 1211 919 1211 904 1211 915 1212 920 1212 900 1212 900 1213 920 1213 905 1213 916 1214 921 1214 906 1214 917 1215 922 1215 902 1215 907 1216 922 1216 392 1216 902 1217 922 1217 907 1217 908 1218 923 1218 912 1218 918 1219 923 1219 903 1219 903 1220 923 1220 908 1220 919 1221 924 1221 909 1221 905 1222 925 1222 910 1222 920 1223 925 1223 905 1223 921 1224 926 1224 906 1224 906 1225 926 1225 911 1225 923 1226 927 1226 912 1226 909 1227 928 1227 913 1227 924 1228 928 1228 909 1228 910 1229 929 1229 914 1229 925 1230 929 1230 910 1230 926 1231 930 1231 911 1231 911 1232 930 1232 915 1232 915 1233 930 1233 920 1233 815 1234 931 1234 916 1234 916 1235 931 1235 921 1235 912 1236 932 1236 917 1236 927 1237 932 1237 912 1237 918 1238 933 1238 923 1238 913 1239 933 1239 918 1239 928 1240 933 1240 913 1240 914 1241 934 1241 919 1241 919 1242 934 1242 924 1242 929 1243 934 1243 914 1243 930 1244 935 1244 920 1244 931 1245 936 1245 921 1245 917 1246 937 1246 922 1246 922 1247 937 1247 392 1247 932 1248 937 1248 917 1248 933 1249 938 1249 923 1249 934 1250 939 1250 924 1250 920 1251 940 1251 925 1251 935 1252 940 1252 920 1252 936 1253 941 1253 921 1253 921 1254 941 1254 926 1254 923 1255 942 1255 927 1255 938 1256 942 1256 923 1256 939 1257 943 1257 924 1257 924 1258 943 1258 928 1258 940 1259 944 1259 925 1259 925 1260 944 1260 929 1260 941 1261 945 1261 926 1261 926 1262 945 1262 930 1262 930 1263 945 1263 935 1263 815 1264 946 1264 931 1264 927 1265 947 1265 932 1265 932 1266 947 1266 937 1266 942 1267 947 1267 927 1267 943 1268 948 1268 928 1268 928 1269 948 1269 933 1269 933 1270 948 1270 938 1270 934 1271 949 1271 939 1271 944 1272 949 1272 929 1272 929 1273 949 1273 934 1273 945 1274 950 1274 935 1274 946 1275 951 1275 931 1275 931 1276 951 1276 936 1276 936 1277 951 1277 941 1277 947 1278 952 1278 937 1278 392 1279 952 1279 471 1279 937 1280 952 1280 392 1280 948 1281 953 1281 938 1281 949 1282 954 1282 939 1282 939 1283 954 1283 943 1283 935 1284 955 1284 940 1284 950 1285 955 1285 935 1285 941 1286 956 1286 945 1286 951 1287 956 1287 941 1287 953 1288 957 1288 938 1288 938 1289 957 1289 942 1289 954 1290 958 1290 943 1290 955 1291 959 1291 940 1291 940 1292 959 1292 944 1292 956 1293 960 1293 945 1293 815 1294 961 1294 946 1294 957 1295 962 1295 942 1295 947 1296 962 1296 952 1296 942 1297 962 1297 947 1297 958 1298 963 1298 943 1298 943 1299 963 1299 948 1299 959 1300 964 1300 944 1300 944 1301 964 1301 949 1301 945 1302 965 1302 950 1302 960 1303 965 1303 945 1303 961 1304 966 1304 946 1304 946 1305 966 1305 951 1305 952 1306 967 1306 471 1306 962 1307 967 1307 952 1307 948 1308 968 1308 953 1308 963 1309 968 1309 948 1309 949 1310 969 1310 954 1310 964 1311 969 1311 949 1311 965 1312 970 1312 950 1312 950 1313 970 1313 955 1313 951 1314 971 1314 956 1314 966 1315 971 1315 951 1315 953 1316 972 1316 957 1316 968 1317 972 1317 953 1317 957 1318 972 1318 962 1318 969 1319 973 1319 954 1319 954 1320 973 1320 958 1320 970 1321 974 1321 955 1321 955 1322 974 1322 959 1322 959 1323 974 1323 964 1323 956 1324 975 1324 960 1324 971 1325 975 1325 956 1325 815 1326 976 1326 961 1326 977 1327 976 1327 978 1327 978 1328 976 1328 979 1328 979 1329 976 1329 980 1329 980 1330 976 1330 815 1330 972 1331 981 1331 962 1331 958 1332 982 1332 963 1332 973 1333 982 1333 958 1333 974 1334 983 1334 964 1334 960 1335 984 1335 965 1335 975 1336 984 1336 960 1336 985 1337 986 1337 987 1337 987 1338 986 1338 988 1338 988 1339 986 1339 977 1339 961 1340 986 1340 966 1340 976 1341 986 1341 961 1341 977 1342 986 1342 976 1342 966 1343 986 1343 971 1343 967 1344 989 1344 471 1344 962 1345 989 1345 967 1345 981 1346 989 1346 962 1346 982 1347 990 1347 963 1347 963 1348 990 1348 968 1348 983 1349 991 1349 964 1349 964 1350 991 1350 969 1350 969 1351 991 1351 973 1351 984 1352 992 1352 965 1352 965 1353 992 1353 970 1353 986 1354 993 1354 971 1354 994 1355 993 1355 995 1355 995 1356 993 1356 985 1356 985 1357 993 1357 986 1357 990 1358 996 1358 968 1358 968 1359 996 1359 972 1359 973 1360 997 1360 982 1360 991 1361 997 1361 973 1361 970 1362 998 1362 974 1362 992 1363 998 1363 970 1363 999 1364 1000 1364 1001 1364 1001 1365 1000 1365 994 1365 994 1366 1000 1366 993 1366 993 1367 1000 1367 971 1367 971 1368 1000 1368 975 1368 981 1369 1002 1369 989 1369 996 1370 1002 1370 972 1370 972 1371 1002 1371 981 1371 982 1372 1003 1372 990 1372 997 1373 1003 1373 982 1373 974 1374 1004 1374 983 1374 998 1375 1004 1375 974 1375 983 1376 1004 1376 991 1376 975 1377 1005 1377 984 1377 1006 1378 1005 1378 1007 1378 1007 1379 1005 1379 1008 1379 1008 1380 1005 1380 999 1380 999 1381 1005 1381 1000 1381 1000 1382 1005 1382 975 1382 989 1383 1009 1383 471 1383 1002 1384 1009 1384 989 1384 1003 1385 1010 1385 990 1385 1004 1386 1011 1386 991 1386 1005 1387 1012 1387 984 1387 1013 1388 1012 1388 1014 1388 1014 1389 1012 1389 1006 1389 1006 1390 1012 1390 1005 1390 984 1391 1012 1391 992 1391 990 1392 1015 1392 996 1392 996 1393 1015 1393 1002 1393 1010 1394 1015 1394 990 1394 991 1395 1016 1395 997 1395 1011 1396 1016 1396 991 1396 1017 1397 1018 1397 1019 1397 1019 1398 1018 1398 1013 1398 1012 1399 1018 1399 992 1399 992 1400 1018 1400 998 1400 1013 1401 1018 1401 1012 1401 1002 1402 1020 1402 1009 1402 1015 1403 1020 1403 1002 1403 1016 1404 1021 1404 997 1404 997 1405 1021 1405 1003 1405 1003 1406 1021 1406 1010 1406 1022 1407 1023 1407 1017 1407 1018 1408 1023 1408 998 1408 998 1409 1023 1409 1004 1409 1004 1410 1023 1410 1011 1410 1017 1411 1023 1411 1018 1411 1020 1412 1024 1412 1009 1412 1009 1413 1024 1413 471 1413 1021 1414 1025 1414 1010 1414 1023 1415 1026 1415 1011 1415 1025 1416 1027 1416 1010 1416 1010 1417 1027 1417 1015 1417 1011 1418 1028 1418 1016 1418 1026 1419 1028 1419 1011 1419 1015 1420 1029 1420 1020 1420 1027 1421 1029 1421 1015 1421 1028 1422 1030 1422 1016 1422 1016 1423 1030 1423 1021 1423 1021 1424 1030 1424 1025 1424 1029 1425 1031 1425 1020 1425 1020 1426 1031 1426 1024 1426 1024 1427 1031 1427 471 1427 1030 1428 1032 1428 1025 1428 1033 1429 1034 1429 1035 1429 1035 1430 1034 1430 1036 1430 1036 1431 1034 1431 1022 1431 1022 1432 1034 1432 1023 1432 1023 1433 1034 1433 1026 1433 1026 1434 1034 1434 1028 1434 1032 1435 1037 1435 1025 1435 1025 1436 1037 1436 1027 1436 1038 1437 1039 1437 1040 1437 1040 1438 1039 1438 1033 1438 1034 1439 1039 1439 1028 1439 1033 1440 1039 1440 1034 1440 1029 1441 1041 1441 1031 1441 1027 1442 1041 1442 1029 1442 1042 1443 1041 1443 1043 1443 1043 1444 1041 1444 1037 1444 1037 1445 1041 1445 1027 1445 1044 1446 1045 1446 1038 1446 1039 1447 1045 1447 1028 1447 1038 1448 1045 1448 1039 1448 1028 1449 1045 1449 1030 1449 471 1450 1046 1450 1042 1450 1031 1451 1046 1451 471 1451 1042 1452 1046 1452 1041 1452 1041 1453 1046 1453 1031 1453 1045 1454 1047 1454 1030 1454 1048 1455 1047 1455 818 1455 819 1456 1047 1456 1044 1456 1044 1457 1047 1457 1045 1457 1030 1458 1047 1458 1032 1458 818 1459 1047 1459 819 1459 1043 1460 1049 1460 1048 1460 1037 1461 1049 1461 1043 1461 1032 1462 1049 1462 1037 1462 1047 1463 1049 1463 1032 1463 1048 1464 1049 1464 1047 1464 1050 1465 1051 1465 1052 1465 1051 1466 1053 1466 1052 1466 1051 1467 679 1467 1053 1467 679 1468 690 1468 1053 1468 690 1469 691 1469 1053 1469 691 1470 692 1470 1053 1470 692 1471 693 1471 1053 1471 693 1472 671 1472 1053 1472 671 1473 673 1473 1053 1473 673 1474 674 1474 1053 1474 674 1475 666 1475 1053 1475 666 1476 667 1476 1053 1476 667 1477 658 1477 1053 1477 658 1478 659 1478 1053 1478 659 1479 660 1479 1053 1479 660 1480 649 1480 1053 1480 649 1481 650 1481 1053 1481 650 1482 651 1482 1053 1482 651 1483 636 1483 1053 1483 636 1484 638 1484 1053 1484 638 1485 639 1485 1053 1485 639 1486 640 1486 1053 1486 640 1487 641 1487 1053 1487 1054 1488 818 1488 1055 1488 1055 1489 818 1489 820 1489 1048 1490 1056 1490 1043 1490 818 1491 1056 1491 1048 1491 1054 1492 1056 1492 818 1492 564 1493 33 1493 563 1493 564 1494 31 1494 33 1494 33 1495 35 1495 563 1495 565 1496 29 1496 564 1496 564 1497 29 1497 31 1497 35 1498 37 1498 563 1498 563 1499 37 1499 544 1499 471 1500 27 1500 565 1500 565 1501 27 1501 29 1501 37 1502 39 1502 544 1502 471 1503 25 1503 27 1503 39 1504 41 1504 544 1504 471 1505 23 1505 25 1505 544 1506 43 1506 542 1506 41 1507 43 1507 544 1507 1042 1508 21 1508 471 1508 471 1509 21 1509 23 1509 43 1510 45 1510 542 1510 1042 1511 19 1511 21 1511 45 1512 47 1512 542 1512 542 1513 47 1513 555 1513 1042 1514 17 1514 19 1514 47 1515 49 1515 555 1515 1043 1516 15 1516 1042 1516 1042 1517 15 1517 17 1517 1056 1518 15 1518 1043 1518 49 1519 51 1519 555 1519 1056 1520 13 1520 15 1520 51 1521 53 1521 555 1521 555 1522 53 1522 527 1522 1056 1523 11 1523 13 1523 53 1524 55 1524 527 1524 1056 1525 9 1525 11 1525 55 1526 57 1526 527 1526 1056 1527 7 1527 9 1527 57 1528 59 1528 527 1528 527 1529 59 1529 526 1529 1056 1530 5 1530 7 1530 59 1531 61 1531 526 1531 1056 1532 2 1532 5 1532 526 1533 63 1533 541 1533 61 1534 63 1534 526 1534 1056 1535 0 1535 2 1535 63 1536 65 1536 541 1536 1056 1537 1057 1537 0 1537 65 1538 67 1538 541 1538 541 1539 67 1539 553 1539 1056 1540 1058 1540 1057 1540 67 1541 69 1541 553 1541 1056 1542 1059 1542 1058 1542 69 1543 71 1543 553 1543 553 1544 71 1544 513 1544 1056 1545 1060 1545 1059 1545 513 1546 73 1546 512 1546 71 1547 73 1547 513 1547 1056 1548 1061 1548 1060 1548 73 1549 75 1549 512 1549 1056 1550 1062 1550 1061 1550 512 1551 77 1551 523 1551 75 1552 77 1552 512 1552 1056 1553 1063 1553 1062 1553 77 1554 79 1554 523 1554 1056 1555 1064 1555 1063 1555 79 1556 81 1556 523 1556 523 1557 81 1557 539 1557 1056 1558 1065 1558 1064 1558 539 1559 83 1559 538 1559 81 1560 83 1560 539 1560 1056 1561 1066 1561 1065 1561 83 1562 84 1562 538 1562 1056 1563 1067 1563 1066 1563 538 1564 86 1564 537 1564 84 1565 86 1565 538 1565 1056 1566 1068 1566 1067 1566 86 1567 89 1567 537 1567 537 1568 89 1568 510 1568 1056 1569 1069 1569 1068 1569 89 1570 91 1570 510 1570 1056 1571 1070 1571 1069 1571 510 1572 93 1572 509 1572 91 1573 93 1573 510 1573 1056 1574 1071 1574 1070 1574 509 1575 95 1575 507 1575 93 1576 95 1576 509 1576 1056 1577 1072 1577 1071 1577 507 1578 97 1578 522 1578 95 1579 97 1579 507 1579 1056 1580 1073 1580 1072 1580 522 1581 99 1581 521 1581 97 1582 99 1582 522 1582 1056 1583 1074 1583 1073 1583 521 1584 101 1584 535 1584 99 1585 101 1585 521 1585 1056 1586 1075 1586 1074 1586 535 1587 103 1587 534 1587 101 1588 103 1588 535 1588 1056 1589 1076 1589 1075 1589 103 1590 105 1590 534 1590 534 1591 105 1591 532 1591 1056 1592 1077 1592 1076 1592 532 1593 107 1593 551 1593 105 1594 107 1594 532 1594 1056 1595 1078 1595 1077 1595 1056 1596 1079 1596 1078 1596 1056 1597 1080 1597 1079 1597 1056 1598 1081 1598 1080 1598 1056 1599 1082 1599 1081 1599 1056 1600 1083 1600 1082 1600 1056 1601 1084 1601 1083 1601 557 1602 1085 1602 493 1602 1084 1603 1085 1603 1086 1603 558 1604 1085 1604 557 1604 1086 1605 1085 1605 1087 1605 559 1606 1085 1606 558 1606 1087 1607 1085 1607 1088 1607 560 1608 1085 1608 559 1608 1088 1609 1085 1609 1089 1609 545 1610 1085 1610 560 1610 1089 1611 1085 1611 1090 1611 547 1612 1085 1612 545 1612 1090 1613 1085 1613 1091 1613 548 1614 1085 1614 547 1614 1091 1615 1085 1615 1092 1615 529 1616 1085 1616 548 1616 1092 1617 1085 1617 1093 1617 530 1618 1085 1618 529 1618 1093 1619 1085 1619 1094 1619 531 1620 1085 1620 530 1620 1094 1621 1085 1621 1095 1621 516 1622 1085 1622 531 1622 1095 1623 1085 1623 1096 1623 518 1624 1085 1624 516 1624 1096 1625 1085 1625 1097 1625 519 1626 1085 1626 518 1626 1097 1627 1085 1627 1098 1627 504 1628 1085 1628 519 1628 1098 1629 1085 1629 1099 1629 506 1630 1085 1630 504 1630 1099 1631 1085 1631 1100 1631 550 1632 1085 1632 506 1632 1100 1633 1085 1633 1101 1633 551 1634 1085 1634 550 1634 1101 1635 1085 1635 1102 1635 1102 1636 1085 1636 1103 1636 1103 1637 1085 1637 1104 1637 1104 1638 1085 1638 1105 1638 1105 1639 1085 1639 1106 1639 1106 1640 1085 1640 1107 1640 1107 1641 1085 1641 1108 1641 1108 1642 1085 1642 1109 1642 1109 1643 1085 1643 1110 1643 1110 1644 1085 1644 1111 1644 1111 1645 1085 1645 1112 1645 1112 1646 1085 1646 1113 1646 1056 1647 1085 1647 1084 1647 1113 1648 1085 1648 1114 1648 1114 1649 1085 1649 1115 1649 1115 1650 1085 1650 1116 1650 1116 1651 1085 1651 1117 1651 1117 1652 1085 1652 1118 1652 1118 1653 1085 1653 1119 1653 1119 1654 1085 1654 127 1654 127 1655 1085 1655 125 1655 125 1656 1085 1656 123 1656 123 1657 1085 1657 121 1657 121 1658 1085 1658 118 1658 118 1659 1085 1659 117 1659 117 1660 1085 1660 115 1660 115 1661 1085 1661 113 1661 113 1662 1085 1662 111 1662 111 1663 1085 1663 109 1663 109 1664 1085 1664 107 1664 107 1665 1085 1665 551 1665 1085 1666 1053 1666 596 1666 1085 1667 596 1667 493 1667 596 1668 1053 1668 641 1668 1120 1669 824 1669 1121 1669 816 1670 824 1670 1120 1670 1121 1671 821 1671 1122 1671 824 1672 821 1672 1121 1672 1122 1673 823 1673 1123 1673 821 1674 823 1674 1122 1674 1123 1675 826 1675 1124 1675 823 1676 826 1676 1123 1676 1124 1677 827 1677 1125 1677 826 1678 827 1678 1124 1678 1125 1679 829 1679 1126 1679 827 1680 829 1680 1125 1680 1126 1681 830 1681 1127 1681 829 1682 830 1682 1126 1682 1127 1683 832 1683 1128 1683 830 1684 832 1684 1127 1684 1128 1685 833 1685 1129 1685 832 1686 833 1686 1128 1686 1129 1687 835 1687 1130 1687 833 1688 835 1688 1129 1688 1130 1689 837 1689 1131 1689 835 1690 837 1690 1130 1690 1131 1691 839 1691 1132 1691 837 1692 839 1692 1131 1692 1132 1693 841 1693 1133 1693 839 1694 841 1694 1132 1694 1133 1695 843 1695 1134 1695 841 1696 843 1696 1133 1696 1134 1697 845 1697 1135 1697 843 1698 845 1698 1134 1698 1135 1699 848 1699 1136 1699 845 1700 848 1700 1135 1700 1136 1701 850 1701 1137 1701 848 1702 850 1702 1136 1702 1137 1703 854 1703 1138 1703 850 1704 854 1704 1137 1704 854 1705 855 1705 1138 1705 1138 1706 855 1706 1139 1706 1139 1707 859 1707 1140 1707 855 1708 859 1708 1139 1708 859 1709 860 1709 1140 1709 1140 1710 860 1710 1141 1710 860 1711 865 1711 1141 1711 1141 1712 865 1712 1142 1712 1142 1713 866 1713 1143 1713 865 1714 866 1714 1142 1714 1143 1715 871 1715 1144 1715 866 1716 871 1716 1143 1716 1144 1717 872 1717 1145 1717 871 1718 872 1718 1144 1718 1145 1719 877 1719 1146 1719 872 1720 877 1720 1145 1720 1146 1721 878 1721 1147 1721 877 1722 878 1722 1146 1722 1147 1723 884 1723 1148 1723 878 1724 884 1724 1147 1724 884 1725 885 1725 1148 1725 1148 1726 885 1726 1149 1726 885 1727 892 1727 1149 1727 1149 1728 892 1728 1150 1728 892 1729 890 1729 1150 1729 1150 1730 890 1730 1151 1730 890 1731 392 1731 1151 1731 1151 1732 392 1732 1152 1732 392 1733 391 1733 1152 1733 1152 1734 391 1734 1153 1734 391 1735 388 1735 1153 1735 1153 1736 388 1736 1154 1736 388 1737 390 1737 1154 1737 1154 1738 390 1738 1155 1738 390 1739 394 1739 1155 1739 1155 1740 394 1740 1156 1740 394 1741 395 1741 1156 1741 1156 1742 395 1742 1157 1742 395 1743 397 1743 1157 1743 1157 1744 397 1744 1158 1744 397 1745 398 1745 1158 1745 1158 1746 398 1746 1159 1746 1159 1747 400 1747 1160 1747 398 1748 400 1748 1159 1748 400 1749 401 1749 1160 1749 1160 1750 401 1750 1161 1750 1161 1751 404 1751 1162 1751 401 1752 404 1752 1161 1752 404 1753 405 1753 1162 1753 1162 1754 405 1754 1163 1754 405 1755 407 1755 1163 1755 1163 1756 407 1756 1164 1756 407 1757 409 1757 1164 1757 1164 1758 409 1758 1165 1758 409 1759 412 1759 1165 1759 1165 1760 412 1760 1166 1760 412 1761 413 1761 1166 1761 1166 1762 413 1762 1167 1762 413 1763 416 1763 1167 1763 1167 1764 416 1764 1168 1764 416 1765 418 1765 1168 1765 1168 1766 418 1766 1169 1766 418 1767 422 1767 1169 1767 1169 1768 422 1768 1170 1768 422 1769 423 1769 1170 1769 1170 1770 423 1770 1171 1770 423 1771 426 1771 1171 1771 1171 1772 426 1772 1172 1772 426 1773 428 1773 1172 1773 1172 1774 428 1774 1173 1774 428 1775 432 1775 1173 1775 1173 1776 432 1776 1174 1776 432 1777 434 1777 1174 1777 1174 1778 434 1778 1175 1778 434 1779 439 1779 1175 1779 1175 1780 439 1780 1176 1780 439 1781 440 1781 1176 1781 1176 1782 440 1782 1177 1782 440 1783 445 1783 1177 1783 1177 1784 445 1784 1178 1784 445 1785 446 1785 1178 1785 1178 1786 446 1786 1179 1786 1179 1787 452 1787 1180 1787 446 1788 452 1788 1179 1788 452 1789 453 1789 1180 1789 1180 1790 453 1790 1181 1790 1181 1791 461 1791 1182 1791 453 1792 461 1792 1181 1792 1182 1793 458 1793 1183 1793 461 1794 458 1794 1182 1794 458 1795 460 1795 1183 1795 1120 1796 387 1796 386 1796 1120 1797 386 1797 816 1797 572 1798 571 1798 1184 1798 1184 1799 571 1799 1185 1799 1185 1800 570 1800 1186 1800 571 1801 570 1801 1185 1801 1186 1802 569 1802 1187 1802 570 1803 569 1803 1186 1803 1187 1804 566 1804 1188 1804 569 1805 566 1805 1187 1805 1188 1806 568 1806 1189 1806 566 1807 568 1807 1188 1807 1189 1808 574 1808 1190 1808 568 1809 574 1809 1189 1809 1190 1810 575 1810 1191 1810 574 1811 575 1811 1190 1811 575 1812 577 1812 1191 1812 1191 1813 577 1813 1192 1813 577 1814 578 1814 1192 1814 1192 1815 578 1815 1193 1815 578 1816 581 1816 1193 1816 1193 1817 581 1817 1194 1817 581 1818 582 1818 1194 1818 1195 1819 582 1819 1196 1819 1194 1820 582 1820 1195 1820 582 1821 586 1821 1196 1821 586 1822 587 1822 1196 1822 1196 1823 587 1823 1197 1823 587 1824 592 1824 1197 1824 1197 1825 592 1825 1198 1825 592 1826 593 1826 1198 1826 1198 1827 593 1827 1199 1827 593 1828 600 1828 1199 1828 1199 1829 600 1829 1200 1829 600 1830 601 1830 1200 1830 1200 1831 601 1831 1201 1831 601 1832 607 1832 1201 1832 1201 1833 607 1833 1202 1833 1202 1834 608 1834 1203 1834 607 1835 608 1835 1202 1835 1203 1836 613 1836 1204 1836 608 1837 613 1837 1203 1837 1204 1838 614 1838 1205 1838 613 1839 614 1839 1204 1839 1205 1840 620 1840 1206 1840 614 1841 620 1841 1205 1841 1206 1842 621 1842 1207 1842 620 1843 621 1843 1206 1843 1207 1844 627 1844 1208 1844 621 1845 627 1845 1207 1845 1209 1846 628 1846 1210 1846 1208 1847 628 1847 1209 1847 627 1848 628 1848 1208 1848 628 1849 633 1849 1210 1849 1210 1850 634 1850 1211 1850 633 1851 634 1851 1210 1851 1211 1852 645 1852 1212 1852 634 1853 645 1853 1211 1853 1213 1854 646 1854 1214 1854 1212 1855 646 1855 1213 1855 645 1856 646 1856 1212 1856 646 1857 655 1857 1214 1857 1215 1858 656 1858 324 1858 1214 1859 656 1859 1215 1859 655 1860 656 1860 1214 1860 656 1861 322 1861 324 1861 572 1862 1183 1862 460 1862 1184 1863 1183 1863 572 1863 1216 1864 1217 1864 1218 1864 1219 1865 1218 1865 1217 1865 1220 1866 1216 1866 1218 1866 1221 1867 1218 1867 1219 1867 1222 1868 1220 1868 1218 1868 1223 1869 1218 1869 1221 1869 1224 1870 1222 1870 1218 1870 1225 1871 1218 1871 1223 1871 1226 1872 1224 1872 1218 1872 1227 1873 1218 1873 1225 1873 1228 1874 1226 1874 1218 1874 1229 1875 1218 1875 1227 1875 1230 1876 1228 1876 1218 1876 1231 1877 1218 1877 1229 1877 1232 1878 1230 1878 1218 1878 1233 1879 1218 1879 1231 1879 1234 1880 1232 1880 1218 1880 1235 1881 1218 1881 1233 1881 1236 1882 1234 1882 1218 1882 1237 1883 1218 1883 1235 1883 1238 1884 1236 1884 1218 1884 1239 1885 1218 1885 1237 1885 1240 1886 1238 1886 1218 1886 1241 1887 1218 1887 1239 1887 1242 1888 1240 1888 1218 1888 1243 1889 1218 1889 1241 1889 1244 1890 1242 1890 1218 1890 1245 1891 1218 1891 1243 1891 1246 1892 1244 1892 1218 1892 1247 1893 1248 1893 1218 1893 1247 1894 1218 1894 1245 1894 1249 1895 1246 1895 1218 1895 1250 1896 1248 1896 1247 1896 1251 1897 1248 1897 1250 1897 1252 1898 1248 1898 1251 1898 1253 1899 1248 1899 1252 1899 1254 1900 1248 1900 1253 1900 1255 1901 1248 1901 1254 1901 1256 1902 1248 1902 1255 1902 1257 1903 1248 1903 1256 1903 1258 1904 1248 1904 1257 1904 1259 1905 1248 1905 1258 1905 1260 1906 1248 1906 1259 1906 1261 1907 1248 1907 1260 1907 1262 1908 1248 1908 1261 1908 1263 1909 1248 1909 1262 1909 1264 1910 1248 1910 1263 1910 1265 1911 1248 1911 1264 1911 1266 1912 1248 1912 1265 1912 1267 1913 1248 1913 1266 1913 1268 1914 1248 1914 1267 1914 1269 1915 1248 1915 1268 1915 1270 1916 1248 1916 1269 1916 1271 1917 1248 1917 1270 1917 1272 1918 1248 1918 1271 1918 1273 1919 1248 1919 1272 1919 1274 1920 1248 1920 1273 1920 1275 1921 1248 1921 1274 1921 1276 1922 1248 1922 1275 1922 1277 1923 1248 1923 1276 1923 1278 1924 1249 1924 1218 1924 1279 1925 1280 1925 1278 1925 1279 1926 1281 1926 1280 1926 1279 1927 1282 1927 1281 1927 1279 1928 1283 1928 1282 1928 1279 1929 1284 1929 1283 1929 1279 1930 1285 1930 1284 1930 1279 1931 1286 1931 1285 1931 1279 1932 1287 1932 1286 1932 1279 1933 1288 1933 1287 1933 1279 1934 1289 1934 1288 1934 1279 1935 1290 1935 1289 1935 1279 1936 1291 1936 1290 1936 1279 1937 1292 1937 1291 1937 1279 1938 1293 1938 1292 1938 1279 1939 1294 1939 1293 1939 1279 1940 1295 1940 1294 1940 1279 1941 1296 1941 1295 1941 1279 1942 1297 1942 1296 1942 1279 1943 1298 1943 1297 1943 1279 1944 1299 1944 1298 1944 1279 1945 1300 1945 1299 1945 1279 1946 1301 1946 1300 1946 1279 1947 1302 1947 1301 1947 1279 1948 1303 1948 1302 1948 1279 1949 1304 1949 1303 1949 1279 1950 1305 1950 1304 1950 1279 1951 1306 1951 1305 1951 1279 1952 1307 1952 1306 1952 1279 1953 1308 1953 1307 1953 1279 1954 1309 1954 1308 1954 1279 1955 1310 1955 1309 1955 1279 1956 1278 1956 1218 1956 1311 1957 257 1957 256 1957 1311 1958 260 1958 257 1958 1311 1959 262 1959 260 1959 1311 1960 264 1960 262 1960 1311 1961 266 1961 264 1961 1311 1962 268 1962 266 1962 1311 1963 270 1963 268 1963 1311 1964 272 1964 270 1964 1311 1965 275 1965 272 1965 1311 1966 276 1966 275 1966 1311 1967 278 1967 276 1967 1311 1968 280 1968 278 1968 1311 1969 282 1969 280 1969 1311 1970 284 1970 282 1970 1311 1971 286 1971 284 1971 1311 1972 288 1972 286 1972 1311 1973 290 1973 288 1973 1311 1974 292 1974 290 1974 1311 1975 294 1975 292 1975 1311 1976 296 1976 294 1976 1311 1977 298 1977 296 1977 1311 1978 300 1978 298 1978 1311 1979 302 1979 300 1979 1311 1980 305 1980 302 1980 1311 1981 306 1981 305 1981 1311 1982 308 1982 306 1982 1311 1983 311 1983 308 1983 1311 1984 312 1984 311 1984 1311 1985 256 1985 1310 1985 1311 1986 1310 1986 1279 1986 1311 1987 1248 1987 320 1987 320 1988 1248 1988 1312 1988 1312 1989 1248 1989 1313 1989 1313 1990 1248 1990 1314 1990 1314 1991 1248 1991 1315 1991 1315 1992 1248 1992 1277 1992 1311 1993 320 1993 319 1993 1311 1994 319 1994 316 1994 1311 1995 316 1995 314 1995 1311 1996 314 1996 312 1996 1316 1997 1317 1997 1053 1997 1053 1998 1318 1998 1052 1998 1317 1999 1318 1999 1053 1999 1053 2000 1085 2000 1316 2000 1085 2001 1319 2001 1316 2001 1320 2002 1085 2002 1056 2002 1085 2003 1321 2003 1319 2003 1320 2004 1321 2004 1085 2004 1322 2005 1323 2005 1324 2005 1325 2006 1323 2006 1322 2006 1326 2007 1324 2007 1327 2007 1328 2008 1324 2008 1326 2008 1329 2009 1324 2009 1328 2009 1330 2010 1324 2010 1329 2010 1331 2011 1324 2011 1330 2011 1332 2012 1324 2012 1331 2012 1333 2013 1324 2013 1332 2013 1334 2014 1324 2014 1333 2014 1335 2015 1324 2015 1334 2015 1336 2016 1324 2016 1335 2016 1337 2017 1324 2017 1336 2017 1338 2018 1324 2018 1337 2018 1339 2019 1324 2019 1338 2019 1340 2020 1324 2020 1339 2020 1341 2021 1324 2021 1340 2021 1342 2022 1324 2022 1341 2022 1343 2023 1324 2023 1342 2023 1344 2024 1324 2024 1343 2024 1345 2025 1324 2025 1344 2025 1346 2026 1324 2026 1345 2026 1347 2027 1324 2027 1346 2027 1348 2028 1324 2028 1347 2028 1349 2029 1324 2029 1348 2029 1350 2030 1324 2030 1349 2030 1351 2031 1324 2031 1350 2031 1352 2032 1324 2032 1351 2032 1353 2033 1324 2033 1352 2033 1354 2034 1324 2034 1353 2034 1324 2035 1355 2035 1327 2035 1324 2036 1356 2036 1355 2036 1324 2037 1357 2037 1356 2037 1324 2038 1358 2038 1357 2038 1324 2039 1318 2039 1358 2039 1324 2040 1050 2040 1318 2040 1318 2041 1050 2041 1052 2041 1324 2042 1359 2042 1050 2042 1360 2043 1361 2043 1323 2043 1361 2044 1362 2044 1323 2044 1362 2045 1363 2045 1323 2045 1363 2046 1364 2046 1323 2046 1364 2047 1365 2047 1323 2047 1365 2048 1366 2048 1323 2048 1366 2049 1367 2049 1323 2049 1367 2050 1368 2050 1323 2050 1368 2051 1369 2051 1323 2051 1369 2052 1370 2052 1323 2052 1370 2053 1371 2053 1323 2053 1371 2054 1372 2054 1323 2054 1372 2055 1373 2055 1323 2055 1373 2056 1374 2056 1323 2056 1374 2057 1375 2057 1323 2057 1375 2058 1376 2058 1323 2058 1376 2059 1377 2059 1323 2059 1377 2060 1378 2060 1323 2060 1378 2061 1379 2061 1323 2061 1379 2062 1380 2062 1323 2062 1380 2063 1381 2063 1323 2063 1381 2064 1382 2064 1323 2064 1382 2065 1383 2065 1323 2065 1383 2066 1384 2066 1323 2066 1384 2067 1385 2067 1323 2067 1385 2068 1386 2068 1323 2068 1386 2069 1387 2069 1323 2069 1387 2070 1388 2070 1323 2070 1388 2071 1389 2071 1323 2071 1389 2072 1390 2072 1323 2072 1390 2073 1391 2073 1323 2073 1391 2074 1392 2074 1323 2074 1392 2075 1393 2075 1323 2075 1393 2076 1394 2076 1323 2076 1394 2077 1395 2077 1323 2077 1395 2078 1320 2078 1323 2078 1320 2079 1056 2079 1323 2079 1323 2080 1056 2080 1054 2080 1324 2081 1323 2081 1359 2081 1359 2082 1323 2082 1054 2082 460 2083 493 2083 572 2083 572 2084 493 2084 596 2084 1202 2085 1396 2085 1201 2085 1396 2086 1397 2086 1201 2086 1201 2087 1397 2087 1200 2087 1202 2088 1398 2088 1396 2088 1203 2089 1398 2089 1202 2089 1200 2090 1399 2090 1199 2090 1397 2091 1399 2091 1200 2091 1203 2092 1400 2092 1398 2092 1204 2093 1400 2093 1203 2093 1199 2094 1401 2094 1198 2094 1399 2095 1401 2095 1199 2095 1205 2096 1402 2096 1204 2096 1204 2097 1402 2097 1400 2097 1198 2098 1403 2098 1197 2098 1401 2099 1403 2099 1198 2099 1206 2100 1404 2100 1205 2100 1205 2101 1404 2101 1402 2101 1197 2102 1405 2102 1196 2102 1403 2103 1405 2103 1197 2103 1207 2104 1406 2104 1206 2104 1206 2105 1406 2105 1404 2105 1196 2106 1407 2106 1195 2106 1195 2107 1407 2107 1194 2107 1405 2108 1407 2108 1196 2108 1208 2109 1408 2109 1207 2109 1207 2110 1408 2110 1406 2110 1194 2111 1409 2111 1193 2111 1407 2112 1409 2112 1194 2112 1210 2113 1410 2113 1209 2113 1209 2114 1410 2114 1208 2114 1208 2115 1410 2115 1408 2115 1193 2116 1411 2116 1192 2116 1409 2117 1411 2117 1193 2117 1211 2118 1412 2118 1210 2118 1210 2119 1412 2119 1410 2119 1192 2120 1413 2120 1191 2120 1411 2121 1413 2121 1192 2121 1212 2122 1414 2122 1211 2122 1211 2123 1414 2123 1412 2123 1191 2124 1415 2124 1190 2124 1413 2125 1415 2125 1191 2125 1212 2126 1416 2126 1414 2126 1213 2127 1416 2127 1212 2127 1190 2128 1417 2128 1189 2128 1415 2129 1417 2129 1190 2129 1214 2130 1418 2130 1213 2130 1213 2131 1418 2131 1416 2131 1189 2132 1419 2132 1188 2132 1417 2133 1419 2133 1189 2133 1215 2134 1420 2134 1214 2134 1214 2135 1420 2135 1418 2135 1188 2136 1421 2136 1187 2136 1419 2137 1421 2137 1188 2137 324 2138 1422 2138 1215 2138 1215 2139 1422 2139 1420 2139 1187 2140 1423 2140 1186 2140 1421 2141 1423 2141 1187 2141 325 2142 1424 2142 324 2142 324 2143 1424 2143 1422 2143 1423 2144 1425 2144 1186 2144 1186 2145 1425 2145 1185 2145 325 2146 1426 2146 1424 2146 327 2147 1426 2147 325 2147 1425 2148 1427 2148 1185 2148 1185 2149 1427 2149 1184 2149 329 2150 1428 2150 327 2150 327 2151 1428 2151 1426 2151 331 2152 1429 2152 329 2152 329 2153 1429 2153 1428 2153 331 2154 1430 2154 1429 2154 333 2155 1430 2155 331 2155 333 2156 1431 2156 1430 2156 335 2157 1431 2157 333 2157 337 2158 1432 2158 335 2158 335 2159 1432 2159 1431 2159 337 2160 1433 2160 1432 2160 339 2161 1433 2161 337 2161 339 2162 1434 2162 1433 2162 341 2163 1434 2163 339 2163 343 2164 1435 2164 341 2164 341 2165 1435 2165 1434 2165 343 2166 1436 2166 1435 2166 345 2167 1436 2167 343 2167 346 2168 1437 2168 345 2168 345 2169 1437 2169 1436 2169 349 2170 1438 2170 346 2170 346 2171 1438 2171 1437 2171 351 2172 1439 2172 349 2172 349 2173 1439 2173 1438 2173 351 2174 1440 2174 1439 2174 351 2175 352 2175 1440 2175 352 2176 1441 2176 1440 2176 352 2177 355 2177 1441 2177 355 2178 1442 2178 1441 2178 1442 2179 357 2179 1443 2179 355 2180 357 2180 1442 2180 357 2181 1444 2181 1443 2181 357 2182 359 2182 1444 2182 359 2183 1445 2183 1444 2183 1445 2184 361 2184 1446 2184 359 2185 361 2185 1445 2185 1446 2186 363 2186 1447 2186 361 2187 363 2187 1446 2187 1447 2188 365 2188 1448 2188 363 2189 365 2189 1447 2189 1448 2190 367 2190 1449 2190 365 2191 367 2191 1448 2191 1449 2192 369 2192 1450 2192 367 2193 369 2193 1449 2193 1450 2194 371 2194 1451 2194 369 2195 371 2195 1450 2195 1451 2196 373 2196 1452 2196 371 2197 373 2197 1451 2197 1452 2198 375 2198 1453 2198 373 2199 375 2199 1452 2199 1453 2200 376 2200 1454 2200 375 2201 376 2201 1453 2201 376 2202 378 2202 1454 2202 1454 2203 378 2203 1455 2203 378 2204 380 2204 1455 2204 1455 2205 380 2205 1456 2205 380 2206 382 2206 1456 2206 1456 2207 382 2207 1457 2207 382 2208 384 2208 1457 2208 1457 2209 384 2209 1458 2209 384 2210 387 2210 1458 2210 1458 2211 387 2211 1459 2211 1184 2212 1460 2212 1183 2212 1183 2213 1460 2213 1182 2213 1427 2214 1460 2214 1184 2214 1460 2215 1461 2215 1182 2215 1182 2216 1461 2216 1181 2216 1461 2217 1462 2217 1181 2217 1181 2218 1462 2218 1180 2218 1462 2219 1463 2219 1180 2219 1180 2220 1463 2220 1179 2220 1179 2221 1464 2221 1178 2221 1463 2222 1464 2222 1179 2222 1178 2223 1465 2223 1177 2223 1464 2224 1465 2224 1178 2224 1177 2225 1466 2225 1176 2225 1465 2226 1466 2226 1177 2226 1176 2227 1467 2227 1175 2227 1466 2228 1467 2228 1176 2228 1175 2229 1468 2229 1174 2229 1467 2230 1468 2230 1175 2230 1174 2231 1469 2231 1173 2231 1468 2232 1469 2232 1174 2232 1173 2233 1470 2233 1172 2233 1469 2234 1470 2234 1173 2234 1172 2235 1471 2235 1171 2235 1470 2236 1471 2236 1172 2236 1171 2237 1472 2237 1170 2237 1471 2238 1472 2238 1171 2238 1170 2239 1473 2239 1169 2239 1472 2240 1473 2240 1170 2240 1169 2241 1474 2241 1168 2241 1473 2242 1474 2242 1169 2242 1168 2243 1475 2243 1167 2243 1474 2244 1475 2244 1168 2244 1476 2245 1166 2245 1475 2245 1475 2246 1166 2246 1167 2246 1477 2247 1165 2247 1476 2247 1476 2248 1165 2248 1166 2248 1478 2249 1164 2249 1477 2249 1477 2250 1164 2250 1165 2250 1479 2251 1163 2251 1478 2251 1478 2252 1163 2252 1164 2252 1480 2253 1162 2253 1479 2253 1479 2254 1162 2254 1163 2254 1480 2255 1161 2255 1162 2255 1481 2256 1161 2256 1480 2256 1481 2257 1160 2257 1161 2257 1482 2258 1160 2258 1481 2258 1482 2259 1159 2259 1160 2259 1483 2260 1159 2260 1482 2260 1483 2261 1158 2261 1159 2261 1484 2262 1158 2262 1483 2262 1484 2263 1157 2263 1158 2263 1485 2264 1157 2264 1484 2264 1485 2265 1156 2265 1157 2265 1486 2266 1156 2266 1485 2266 1486 2267 1155 2267 1156 2267 1487 2268 1155 2268 1486 2268 1487 2269 1154 2269 1155 2269 1488 2270 1154 2270 1487 2270 1488 2271 1153 2271 1154 2271 1489 2272 1153 2272 1488 2272 1490 2273 1152 2273 1489 2273 1489 2274 1152 2274 1153 2274 321 2275 1120 2275 318 2275 1459 2276 1120 2276 321 2276 387 2277 1120 2277 1459 2277 1491 2278 1151 2278 1490 2278 1490 2279 1151 2279 1152 2279 318 2280 1121 2280 317 2280 1120 2281 1121 2281 318 2281 258 2282 1150 2282 1491 2282 1491 2283 1150 2283 1151 2283 317 2284 1122 2284 315 2284 1121 2285 1122 2285 317 2285 258 2286 1149 2286 1150 2286 259 2287 1149 2287 258 2287 1122 2288 1123 2288 315 2288 315 2289 1123 2289 313 2289 259 2290 1148 2290 1149 2290 261 2291 1148 2291 259 2291 313 2292 1124 2292 310 2292 1123 2293 1124 2293 313 2293 261 2294 1147 2294 1148 2294 263 2295 1147 2295 261 2295 310 2296 1125 2296 309 2296 1124 2297 1125 2297 310 2297 263 2298 1146 2298 1147 2298 265 2299 1146 2299 263 2299 309 2300 1126 2300 307 2300 1125 2301 1126 2301 309 2301 265 2302 1145 2302 1146 2302 267 2303 1145 2303 265 2303 307 2304 1127 2304 304 2304 1126 2305 1127 2305 307 2305 267 2306 1144 2306 1145 2306 269 2307 1144 2307 267 2307 304 2308 1128 2308 303 2308 1127 2309 1128 2309 304 2309 269 2310 1143 2310 1144 2310 271 2311 1143 2311 269 2311 273 2312 1143 2312 271 2312 1128 2313 1129 2313 303 2313 303 2314 1129 2314 301 2314 274 2315 1142 2315 273 2315 273 2316 1142 2316 1143 2316 299 2317 1130 2317 297 2317 301 2318 1130 2318 299 2318 1129 2319 1130 2319 301 2319 277 2320 1141 2320 274 2320 274 2321 1141 2321 1142 2321 297 2322 1131 2322 295 2322 1130 2323 1131 2323 297 2323 279 2324 1140 2324 277 2324 277 2325 1140 2325 1141 2325 295 2326 1132 2326 293 2326 1131 2327 1132 2327 295 2327 281 2328 1139 2328 279 2328 279 2329 1139 2329 1140 2329 293 2330 1133 2330 291 2330 1132 2331 1133 2331 293 2331 283 2332 1138 2332 281 2332 281 2333 1138 2333 1139 2333 291 2334 1134 2334 289 2334 1133 2335 1134 2335 291 2335 285 2336 1137 2336 283 2336 283 2337 1137 2337 1138 2337 289 2338 1135 2338 287 2338 1134 2339 1135 2339 289 2339 287 2340 1136 2340 285 2340 285 2341 1136 2341 1137 2341 1135 2342 1136 2342 287 2342 1278 2343 1280 2343 1460 2343 1460 2344 1280 2344 1461 2344 1461 2345 1281 2345 1462 2345 1280 2346 1281 2346 1461 2346 1462 2347 1282 2347 1463 2347 1281 2348 1282 2348 1462 2348 1463 2349 1283 2349 1464 2349 1282 2350 1283 2350 1463 2350 1464 2351 1284 2351 1465 2351 1283 2352 1284 2352 1464 2352 1465 2353 1285 2353 1466 2353 1284 2354 1285 2354 1465 2354 1466 2355 1286 2355 1467 2355 1285 2356 1286 2356 1466 2356 1467 2357 1287 2357 1468 2357 1286 2358 1287 2358 1467 2358 1287 2359 1288 2359 1468 2359 1468 2360 1288 2360 1469 2360 1288 2361 1289 2361 1469 2361 1469 2362 1289 2362 1470 2362 1289 2363 1290 2363 1470 2363 1470 2364 1290 2364 1471 2364 1290 2365 1291 2365 1471 2365 1471 2366 1291 2366 1472 2366 1291 2367 1292 2367 1472 2367 1472 2368 1292 2368 1473 2368 1292 2369 1293 2369 1473 2369 1473 2370 1293 2370 1474 2370 1293 2371 1294 2371 1474 2371 1474 2372 1294 2372 1475 2372 1294 2373 1295 2373 1475 2373 1475 2374 1295 2374 1476 2374 1295 2375 1296 2375 1476 2375 1476 2376 1296 2376 1477 2376 1296 2377 1297 2377 1477 2377 1477 2378 1297 2378 1478 2378 1297 2379 1298 2379 1478 2379 1478 2380 1298 2380 1479 2380 1479 2381 1298 2381 1480 2381 1298 2382 1299 2382 1480 2382 1480 2383 1300 2383 1481 2383 1299 2384 1300 2384 1480 2384 1300 2385 1301 2385 1481 2385 1481 2386 1301 2386 1482 2386 1482 2387 1302 2387 1483 2387 1301 2388 1302 2388 1482 2388 1483 2389 1303 2389 1484 2389 1484 2390 1303 2390 1485 2390 1302 2391 1303 2391 1483 2391 1303 2392 1304 2392 1485 2392 1485 2393 1305 2393 1486 2393 1304 2394 1305 2394 1485 2394 1486 2395 1306 2395 1487 2395 1305 2396 1306 2396 1486 2396 1487 2397 1307 2397 1488 2397 1488 2398 1307 2398 1489 2398 1306 2399 1307 2399 1487 2399 1307 2400 1308 2400 1489 2400 1489 2401 1309 2401 1490 2401 1490 2402 1309 2402 1491 2402 1308 2403 1309 2403 1489 2403 1309 2404 1310 2404 1491 2404 1491 2405 256 2405 258 2405 1310 2406 256 2406 1491 2406 1249 2407 1278 2407 1427 2407 1427 2408 1278 2408 1460 2408 1312 2409 1313 2409 1459 2409 1459 2410 1313 2410 1458 2410 1458 2411 1314 2411 1457 2411 1313 2412 1314 2412 1458 2412 1457 2413 1315 2413 1456 2413 1314 2414 1315 2414 1457 2414 1456 2415 1277 2415 1455 2415 1315 2416 1277 2416 1456 2416 1455 2417 1276 2417 1454 2417 1277 2418 1276 2418 1455 2418 1454 2419 1275 2419 1453 2419 1276 2420 1275 2420 1454 2420 1453 2421 1274 2421 1452 2421 1275 2422 1274 2422 1453 2422 1452 2423 1273 2423 1451 2423 1451 2424 1273 2424 1450 2424 1274 2425 1273 2425 1452 2425 1273 2426 1272 2426 1450 2426 1450 2427 1271 2427 1449 2427 1272 2428 1271 2428 1450 2428 1449 2429 1270 2429 1448 2429 1271 2430 1270 2430 1449 2430 1448 2431 1269 2431 1447 2431 1270 2432 1269 2432 1448 2432 1447 2433 1268 2433 1446 2433 1269 2434 1268 2434 1447 2434 1446 2435 1267 2435 1445 2435 1268 2436 1267 2436 1446 2436 1445 2437 1266 2437 1444 2437 1267 2438 1266 2438 1445 2438 1444 2439 1265 2439 1443 2439 1266 2440 1265 2440 1444 2440 1443 2441 1264 2441 1442 2441 1265 2442 1264 2442 1443 2442 1442 2443 1263 2443 1441 2443 1264 2444 1263 2444 1442 2444 1263 2445 1262 2445 1441 2445 1441 2446 1262 2446 1440 2446 1262 2447 1261 2447 1440 2447 1440 2448 1261 2448 1439 2448 1261 2449 1260 2449 1439 2449 1439 2450 1260 2450 1438 2450 1260 2451 1259 2451 1438 2451 1438 2452 1259 2452 1437 2452 1437 2453 1258 2453 1436 2453 1259 2454 1258 2454 1437 2454 1436 2455 1257 2455 1435 2455 1258 2456 1257 2456 1436 2456 1435 2457 1256 2457 1434 2457 1257 2458 1256 2458 1435 2458 1434 2459 1255 2459 1433 2459 1256 2460 1255 2460 1434 2460 1433 2461 1254 2461 1432 2461 1432 2462 1254 2462 1431 2462 1255 2463 1254 2463 1433 2463 1254 2464 1253 2464 1431 2464 1431 2465 1252 2465 1430 2465 1253 2466 1252 2466 1431 2466 1430 2467 1251 2467 1429 2467 1252 2468 1251 2468 1430 2468 1429 2469 1250 2469 1428 2469 1251 2470 1250 2470 1429 2470 1428 2471 1247 2471 1426 2471 1250 2472 1247 2472 1428 2472 1426 2473 1245 2473 1424 2473 1247 2474 1245 2474 1426 2474 1424 2475 1243 2475 1422 2475 1245 2476 1243 2476 1424 2476 1422 2477 1241 2477 1420 2477 1243 2478 1241 2478 1422 2478 1420 2479 1239 2479 1418 2479 1241 2480 1239 2480 1420 2480 1418 2481 1237 2481 1416 2481 1239 2482 1237 2482 1418 2482 1416 2483 1235 2483 1414 2483 1237 2484 1235 2484 1416 2484 1414 2485 1233 2485 1412 2485 1235 2486 1233 2486 1414 2486 1412 2487 1231 2487 1410 2487 1233 2488 1231 2488 1412 2488 1410 2489 1229 2489 1408 2489 1231 2490 1229 2490 1410 2490 1408 2491 1227 2491 1406 2491 1229 2492 1227 2492 1408 2492 1227 2493 1225 2493 1406 2493 1406 2494 1225 2494 1404 2494 1225 2495 1223 2495 1404 2495 1404 2496 1223 2496 1402 2496 1223 2497 1221 2497 1402 2497 1402 2498 1221 2498 1400 2498 1221 2499 1219 2499 1400 2499 1400 2500 1219 2500 1398 2500 1219 2501 1217 2501 1398 2501 1398 2502 1217 2502 1396 2502 1217 2503 1216 2503 1396 2503 1396 2504 1216 2504 1397 2504 1216 2505 1220 2505 1397 2505 1397 2506 1220 2506 1399 2506 1220 2507 1222 2507 1399 2507 1399 2508 1222 2508 1401 2508 1222 2509 1224 2509 1401 2509 1401 2510 1224 2510 1403 2510 1224 2511 1226 2511 1403 2511 1403 2512 1226 2512 1405 2512 1226 2513 1228 2513 1405 2513 1405 2514 1228 2514 1407 2514 1228 2515 1230 2515 1407 2515 1407 2516 1230 2516 1409 2516 1230 2517 1232 2517 1409 2517 1409 2518 1232 2518 1411 2518 1232 2519 1234 2519 1411 2519 1411 2520 1234 2520 1413 2520 1413 2521 1234 2521 1415 2521 1234 2522 1236 2522 1415 2522 1236 2523 1238 2523 1415 2523 1415 2524 1238 2524 1417 2524 1417 2525 1240 2525 1419 2525 1238 2526 1240 2526 1417 2526 1419 2527 1242 2527 1421 2527 1240 2528 1242 2528 1419 2528 1421 2529 1244 2529 1423 2529 1242 2530 1244 2530 1421 2530 1423 2531 1246 2531 1425 2531 1244 2532 1246 2532 1423 2532 1425 2533 1249 2533 1427 2533 1246 2534 1249 2534 1425 2534 320 2535 1312 2535 321 2535 321 2536 1312 2536 1459 2536 1492 2537 1493 2537 1051 2537 1494 2538 1495 2538 1492 2538 1050 2539 1492 2539 1051 2539 1050 2540 1494 2540 1492 2540 1359 2541 1496 2541 1050 2541 1050 2542 765 2542 1494 2542 777 2543 765 2543 1496 2543 1496 2544 765 2544 1050 2544 765 2545 758 2545 1494 2545 758 2546 749 2546 1494 2546 749 2547 719 2547 1494 2547 1497 2548 1051 2548 1493 2548 1498 2549 585 2549 1497 2549 585 2550 679 2550 1497 2550 1497 2551 679 2551 1051 2551 1498 2552 597 2552 599 2552 599 2553 590 2553 1498 2553 1498 2554 606 2554 597 2554 590 2555 591 2555 1498 2555 1498 2556 604 2556 606 2556 591 2557 585 2557 1498 2557 1498 2558 612 2558 604 2558 1498 2559 610 2559 612 2559 1498 2560 619 2560 610 2560 1498 2561 618 2561 619 2561 1498 2562 626 2562 618 2562 1498 2563 624 2563 626 2563 1498 2564 632 2564 624 2564 1498 2565 630 2565 632 2565 1498 2566 644 2566 630 2566 1498 2567 643 2567 644 2567 1498 2568 654 2568 643 2568 1498 2569 652 2569 654 2569 1498 2570 664 2570 652 2570 1499 2571 663 2571 1498 2571 1498 2572 663 2572 664 2572 1499 2573 661 2573 663 2573 1499 2574 670 2574 661 2574 1499 2575 668 2575 670 2575 1499 2576 677 2576 668 2576 1499 2577 675 2577 677 2577 1499 2578 682 2578 675 2578 1499 2579 680 2579 682 2579 1499 2580 685 2580 680 2580 1499 2581 683 2581 685 2581 1499 2582 688 2582 683 2582 1499 2583 686 2583 688 2583 1499 2584 696 2584 686 2584 1499 2585 694 2585 696 2585 1499 2586 699 2586 694 2586 1499 2587 698 2587 699 2587 1499 2588 703 2588 705 2588 1499 2589 705 2589 700 2589 1499 2590 700 2590 702 2590 1499 2591 702 2591 698 2591 1494 2592 1500 2592 1495 2592 1494 2593 719 2593 1500 2593 1500 2594 703 2594 1499 2594 719 2595 703 2595 1500 2595 1317 2596 1316 2596 1501 2596 1502 2597 1503 2597 1504 2597 1502 2598 1501 2598 1503 2598 1502 2599 1317 2599 1501 2599 1505 2600 1504 2600 1506 2600 1505 2601 1502 2601 1504 2601 1507 2602 1506 2602 1508 2602 1507 2603 1505 2603 1506 2603 1509 2604 1510 2604 1511 2604 1509 2605 1508 2605 1510 2605 1509 2606 1507 2606 1508 2606 1512 2607 1511 2607 1513 2607 1512 2608 1509 2608 1511 2608 1514 2609 1512 2609 1513 2609 1514 2610 1513 2610 1515 2610 1516 2611 1514 2611 1515 2611 1516 2612 1517 2612 1518 2612 1516 2613 1515 2613 1517 2613 1519 2614 1516 2614 1518 2614 1519 2615 1518 2615 1520 2615 1521 2616 1519 2616 1520 2616 1521 2617 1520 2617 1522 2617 1523 2618 1521 2618 1522 2618 1523 2619 1522 2619 1524 2619 1525 2620 1523 2620 1524 2620 1525 2621 1526 2621 1527 2621 1525 2622 1524 2622 1526 2622 1528 2623 1525 2623 1527 2623 1528 2624 1527 2624 1529 2624 1530 2625 1528 2625 1529 2625 1530 2626 1529 2626 1531 2626 1532 2627 1530 2627 1531 2627 1532 2628 1531 2628 1533 2628 1534 2629 1532 2629 1533 2629 1534 2630 1533 2630 1535 2630 1536 2631 1535 2631 1537 2631 1536 2632 1534 2632 1535 2632 1538 2633 1536 2633 1537 2633 1538 2634 1537 2634 1539 2634 1540 2635 1539 2635 1541 2635 1540 2636 1538 2636 1539 2636 1542 2637 1541 2637 1543 2637 1542 2638 1540 2638 1541 2638 1544 2639 1543 2639 1545 2639 1544 2640 1542 2640 1543 2640 1546 2641 1545 2641 1547 2641 1546 2642 1544 2642 1545 2642 1548 2643 1546 2643 1547 2643 1549 2644 1547 2644 1550 2644 1549 2645 1548 2645 1547 2645 1551 2646 1550 2646 1552 2646 1551 2647 1549 2647 1550 2647 1553 2648 1552 2648 1554 2648 1553 2649 1551 2649 1552 2649 1555 2650 1554 2650 1556 2650 1555 2651 1553 2651 1554 2651 1557 2652 1555 2652 1556 2652 1558 2653 1556 2653 1559 2653 1558 2654 1557 2654 1556 2654 1560 2655 1559 2655 1561 2655 1560 2656 1558 2656 1559 2656 1562 2657 1561 2657 1563 2657 1562 2658 1560 2658 1561 2658 1564 2659 1563 2659 1218 2659 1564 2660 1562 2660 1563 2660 1248 2661 1564 2661 1218 2661 1318 2662 1317 2662 1565 2662 1358 2663 1565 2663 1566 2663 1358 2664 1318 2664 1565 2664 1357 2665 1566 2665 1567 2665 1357 2666 1358 2666 1566 2666 1356 2667 1567 2667 1568 2667 1356 2668 1357 2668 1567 2668 1355 2669 1569 2669 1570 2669 1355 2670 1568 2670 1569 2670 1355 2671 1356 2671 1568 2671 1327 2672 1570 2672 1571 2672 1327 2673 1355 2673 1570 2673 1326 2674 1571 2674 1572 2674 1326 2675 1327 2675 1571 2675 1328 2676 1572 2676 1573 2676 1328 2677 1326 2677 1572 2677 1329 2678 1328 2678 1573 2678 1329 2679 1573 2679 1574 2679 1330 2680 1329 2680 1574 2680 1330 2681 1574 2681 1575 2681 1331 2682 1330 2682 1575 2682 1331 2683 1575 2683 1576 2683 1332 2684 1331 2684 1576 2684 1332 2685 1576 2685 1577 2685 1333 2686 1332 2686 1577 2686 1333 2687 1577 2687 1578 2687 1334 2688 1333 2688 1578 2688 1334 2689 1578 2689 1579 2689 1335 2690 1334 2690 1579 2690 1335 2691 1579 2691 1580 2691 1336 2692 1335 2692 1580 2692 1336 2693 1580 2693 1581 2693 1337 2694 1336 2694 1581 2694 1337 2695 1581 2695 1582 2695 1338 2696 1337 2696 1582 2696 1338 2697 1582 2697 1583 2697 1339 2698 1583 2698 1584 2698 1339 2699 1338 2699 1583 2699 1340 2700 1339 2700 1584 2700 1340 2701 1584 2701 1585 2701 1341 2702 1585 2702 1586 2702 1341 2703 1340 2703 1585 2703 1342 2704 1586 2704 1587 2704 1342 2705 1341 2705 1586 2705 1343 2706 1342 2706 1587 2706 1344 2707 1587 2707 1588 2707 1344 2708 1343 2708 1587 2708 1345 2709 1588 2709 1589 2709 1345 2710 1344 2710 1588 2710 1346 2711 1589 2711 1590 2711 1346 2712 1345 2712 1589 2712 1347 2713 1590 2713 1591 2713 1347 2714 1346 2714 1590 2714 1348 2715 1347 2715 1591 2715 1349 2716 1591 2716 1592 2716 1349 2717 1348 2717 1591 2717 1350 2718 1592 2718 1593 2718 1350 2719 1349 2719 1592 2719 1351 2720 1593 2720 1594 2720 1351 2721 1350 2721 1593 2721 1352 2722 1594 2722 1595 2722 1352 2723 1351 2723 1594 2723 1353 2724 1352 2724 1595 2724 1354 2725 1595 2725 1322 2725 1354 2726 1353 2726 1595 2726 1324 2727 1354 2727 1322 2727 1316 2728 1319 2728 1596 2728 1501 2729 1596 2729 1597 2729 1501 2730 1316 2730 1596 2730 1503 2731 1597 2731 1598 2731 1503 2732 1501 2732 1597 2732 1504 2733 1598 2733 1599 2733 1504 2734 1503 2734 1598 2734 1506 2735 1599 2735 1600 2735 1506 2736 1504 2736 1599 2736 1508 2737 1600 2737 1601 2737 1508 2738 1506 2738 1600 2738 1510 2739 1601 2739 1602 2739 1510 2740 1508 2740 1601 2740 1511 2741 1602 2741 1603 2741 1511 2742 1510 2742 1602 2742 1513 2743 1511 2743 1603 2743 1513 2744 1603 2744 1604 2744 1515 2745 1513 2745 1604 2745 1515 2746 1604 2746 1605 2746 1517 2747 1515 2747 1605 2747 1517 2748 1605 2748 1606 2748 1518 2749 1517 2749 1606 2749 1518 2750 1606 2750 1607 2750 1520 2751 1518 2751 1607 2751 1520 2752 1607 2752 1608 2752 1522 2753 1520 2753 1608 2753 1522 2754 1608 2754 1609 2754 1524 2755 1522 2755 1609 2755 1524 2756 1609 2756 1610 2756 1526 2757 1524 2757 1610 2757 1526 2758 1610 2758 1611 2758 1527 2759 1526 2759 1611 2759 1527 2760 1611 2760 1612 2760 1529 2761 1527 2761 1612 2761 1529 2762 1612 2762 1613 2762 1531 2763 1529 2763 1613 2763 1531 2764 1613 2764 1614 2764 1533 2765 1531 2765 1614 2765 1535 2766 1615 2766 1616 2766 1535 2767 1614 2767 1615 2767 1535 2768 1533 2768 1614 2768 1537 2769 1535 2769 1616 2769 1539 2770 1617 2770 1618 2770 1539 2771 1616 2771 1617 2771 1539 2772 1537 2772 1616 2772 1541 2773 1618 2773 1619 2773 1541 2774 1539 2774 1618 2774 1543 2775 1619 2775 1620 2775 1543 2776 1541 2776 1619 2776 1545 2777 1543 2777 1620 2777 1547 2778 1621 2778 1622 2778 1547 2779 1620 2779 1621 2779 1547 2780 1545 2780 1620 2780 1550 2781 1547 2781 1622 2781 1552 2782 1623 2782 1624 2782 1552 2783 1622 2783 1623 2783 1552 2784 1550 2784 1622 2784 1554 2785 1552 2785 1624 2785 1556 2786 1624 2786 1625 2786 1556 2787 1554 2787 1624 2787 1559 2788 1625 2788 1626 2788 1559 2789 1556 2789 1625 2789 1561 2790 1559 2790 1626 2790 1561 2791 1627 2791 1628 2791 1561 2792 1626 2792 1627 2792 1563 2793 1561 2793 1628 2793 1218 2794 1563 2794 1628 2794 1218 2795 1628 2795 1279 2795 1565 2796 1317 2796 1502 2796 1629 2797 1564 2797 1248 2797 1630 2798 1565 2798 1502 2798 1630 2799 1566 2799 1565 2799 1631 2800 1502 2800 1505 2800 1631 2801 1505 2801 1507 2801 1631 2802 1630 2802 1502 2802 1632 2803 1507 2803 1509 2803 1632 2804 1631 2804 1507 2804 1633 2805 1630 2805 1631 2805 1633 2806 1566 2806 1630 2806 1633 2807 1567 2807 1566 2807 1634 2808 1632 2808 1509 2808 1634 2809 1509 2809 1512 2809 1634 2810 1512 2810 1514 2810 1635 2811 1633 2811 1631 2811 1635 2812 1631 2812 1632 2812 1636 2813 1567 2813 1633 2813 1636 2814 1569 2814 1568 2814 1636 2815 1568 2815 1567 2815 1637 2816 1514 2816 1516 2816 1637 2817 1634 2817 1514 2817 1638 2818 1632 2818 1634 2818 1638 2819 1635 2819 1632 2819 1639 2820 1633 2820 1635 2820 1639 2821 1636 2821 1633 2821 1640 2822 1516 2822 1519 2822 1640 2823 1637 2823 1516 2823 1641 2824 1634 2824 1637 2824 1641 2825 1638 2825 1634 2825 1642 2826 1635 2826 1638 2826 1642 2827 1639 2827 1635 2827 1643 2828 1636 2828 1639 2828 1643 2829 1570 2829 1569 2829 1643 2830 1569 2830 1636 2830 1644 2831 1640 2831 1519 2831 1644 2832 1519 2832 1521 2832 1644 2833 1521 2833 1523 2833 1645 2834 1637 2834 1640 2834 1645 2835 1641 2835 1637 2835 1646 2836 1638 2836 1641 2836 1646 2837 1642 2837 1638 2837 1647 2838 1643 2838 1639 2838 1647 2839 1639 2839 1642 2839 1648 2840 1523 2840 1525 2840 1648 2841 1644 2841 1523 2841 1649 2842 1572 2842 1571 2842 1649 2843 1571 2843 1570 2843 1649 2844 1570 2844 1643 2844 1650 2845 1645 2845 1640 2845 1650 2846 1640 2846 1644 2846 1651 2847 1646 2847 1641 2847 1651 2848 1641 2848 1645 2848 1652 2849 1642 2849 1646 2849 1652 2850 1647 2850 1642 2850 1653 2851 1525 2851 1528 2851 1653 2852 1528 2852 1530 2852 1653 2853 1648 2853 1525 2853 1654 2854 1643 2854 1647 2854 1654 2855 1649 2855 1643 2855 1655 2856 1644 2856 1648 2856 1655 2857 1650 2857 1644 2857 1656 2858 1651 2858 1645 2858 1656 2859 1645 2859 1650 2859 1657 2860 1646 2860 1651 2860 1657 2861 1652 2861 1646 2861 1658 2862 1530 2862 1532 2862 1658 2863 1653 2863 1530 2863 1659 2864 1647 2864 1652 2864 1659 2865 1654 2865 1647 2865 1660 2866 1648 2866 1653 2866 1660 2867 1655 2867 1648 2867 1661 2868 1573 2868 1572 2868 1661 2869 1649 2869 1654 2869 1661 2870 1572 2870 1649 2870 1662 2871 1650 2871 1655 2871 1662 2872 1656 2872 1650 2872 1663 2873 1657 2873 1651 2873 1663 2874 1651 2874 1656 2874 1664 2875 1532 2875 1534 2875 1664 2876 1658 2876 1532 2876 1665 2877 1652 2877 1657 2877 1665 2878 1659 2878 1652 2878 1666 2879 1660 2879 1653 2879 1666 2880 1653 2880 1658 2880 1667 2881 1654 2881 1659 2881 1667 2882 1661 2882 1654 2882 1668 2883 1655 2883 1660 2883 1668 2884 1662 2884 1655 2884 1669 2885 1574 2885 1573 2885 1669 2886 1573 2886 1661 2886 1670 2887 1656 2887 1662 2887 1670 2888 1663 2888 1656 2888 1671 2889 1664 2889 1534 2889 1671 2890 1534 2890 1536 2890 1671 2891 1536 2891 1538 2891 1672 2892 1657 2892 1663 2892 1672 2893 1665 2893 1657 2893 1673 2894 1658 2894 1664 2894 1673 2895 1666 2895 1658 2895 1674 2896 1667 2896 1659 2896 1674 2897 1659 2897 1665 2897 1675 2898 1660 2898 1666 2898 1675 2899 1668 2899 1660 2899 1676 2900 1669 2900 1661 2900 1676 2901 1661 2901 1667 2901 1677 2902 1670 2902 1662 2902 1677 2903 1662 2903 1668 2903 1678 2904 1538 2904 1540 2904 1678 2905 1671 2905 1538 2905 1679 2906 1672 2906 1663 2906 1679 2907 1663 2907 1670 2907 1680 2908 1664 2908 1671 2908 1680 2909 1673 2909 1664 2909 1681 2910 1665 2910 1672 2910 1681 2911 1674 2911 1665 2911 1682 2912 1675 2912 1666 2912 1682 2913 1666 2913 1673 2913 1683 2914 1676 2914 1667 2914 1683 2915 1667 2915 1674 2915 1684 2916 1668 2916 1675 2916 1684 2917 1677 2917 1668 2917 1685 2918 1574 2918 1669 2918 1685 2919 1669 2919 1676 2919 1685 2920 1576 2920 1575 2920 1685 2921 1575 2921 1574 2921 1686 2922 1678 2922 1540 2922 1686 2923 1540 2923 1542 2923 1687 2924 1679 2924 1670 2924 1687 2925 1670 2925 1677 2925 1688 2926 1671 2926 1678 2926 1688 2927 1680 2927 1671 2927 1689 2928 1672 2928 1679 2928 1689 2929 1681 2929 1672 2929 1690 2930 1682 2930 1673 2930 1690 2931 1673 2931 1680 2931 1691 2932 1674 2932 1681 2932 1691 2933 1683 2933 1674 2933 1692 2934 1675 2934 1682 2934 1692 2935 1684 2935 1675 2935 1693 2936 1685 2936 1676 2936 1693 2937 1676 2937 1683 2937 1694 2938 1542 2938 1544 2938 1694 2939 1544 2939 1546 2939 1694 2940 1686 2940 1542 2940 1695 2941 1687 2941 1677 2941 1695 2942 1677 2942 1684 2942 1696 2943 1577 2943 1576 2943 1696 2944 1576 2944 1685 2944 1697 2945 1678 2945 1686 2945 1697 2946 1688 2946 1678 2946 1698 2947 1679 2947 1687 2947 1698 2948 1689 2948 1679 2948 1699 2949 1680 2949 1688 2949 1699 2950 1690 2950 1680 2950 1700 2951 1691 2951 1681 2951 1700 2952 1681 2952 1689 2952 1701 2953 1682 2953 1690 2953 1701 2954 1692 2954 1682 2954 1702 2955 1683 2955 1691 2955 1702 2956 1693 2956 1683 2956 1703 2957 1546 2957 1548 2957 1703 2958 1694 2958 1546 2958 1704 2959 1684 2959 1692 2959 1704 2960 1695 2960 1684 2960 1705 2961 1696 2961 1685 2961 1705 2962 1685 2962 1693 2962 1706 2963 1686 2963 1694 2963 1706 2964 1697 2964 1686 2964 1707 2965 1687 2965 1695 2965 1707 2966 1698 2966 1687 2966 1708 2967 1688 2967 1697 2967 1708 2968 1699 2968 1688 2968 1709 2969 1700 2969 1689 2969 1709 2970 1689 2970 1698 2970 1710 2971 1690 2971 1699 2971 1710 2972 1701 2972 1690 2972 1711 2973 1691 2973 1700 2973 1711 2974 1702 2974 1691 2974 1712 2975 1703 2975 1548 2975 1712 2976 1548 2976 1549 2976 1712 2977 1549 2977 1551 2977 1713 2978 1692 2978 1701 2978 1713 2979 1704 2979 1692 2979 1714 2980 1693 2980 1702 2980 1714 2981 1705 2981 1693 2981 1715 2982 1694 2982 1703 2982 1715 2983 1706 2983 1694 2983 1716 2984 1707 2984 1695 2984 1716 2985 1695 2985 1704 2985 1717 2986 1577 2986 1696 2986 1717 2987 1579 2987 1578 2987 1717 2988 1578 2988 1577 2988 1717 2989 1696 2989 1705 2989 1718 2990 1708 2990 1697 2990 1718 2991 1697 2991 1706 2991 1719 2992 1709 2992 1698 2992 1719 2993 1698 2993 1707 2993 1720 2994 1699 2994 1708 2994 1720 2995 1710 2995 1699 2995 1721 2996 1711 2996 1700 2996 1721 2997 1700 2997 1709 2997 1722 2998 1712 2998 1551 2998 1722 2999 1551 2999 1553 2999 1723 3000 1701 3000 1710 3000 1723 3001 1713 3001 1701 3001 1724 3002 1702 3002 1711 3002 1724 3003 1714 3003 1702 3003 1725 3004 1703 3004 1712 3004 1725 3005 1715 3005 1703 3005 1726 3006 1716 3006 1704 3006 1726 3007 1704 3007 1713 3007 1727 3008 1717 3008 1705 3008 1727 3009 1705 3009 1714 3009 1728 3010 1706 3010 1715 3010 1728 3011 1718 3011 1706 3011 1729 3012 1707 3012 1716 3012 1729 3013 1719 3013 1707 3013 1730 3014 1580 3014 1579 3014 1730 3015 1579 3015 1717 3015 1731 3016 1708 3016 1718 3016 1731 3017 1720 3017 1708 3017 1732 3018 1721 3018 1709 3018 1732 3019 1709 3019 1719 3019 1733 3020 1722 3020 1553 3020 1733 3021 1553 3021 1555 3021 1734 3022 1710 3022 1720 3022 1734 3023 1723 3023 1710 3023 1735 3024 1724 3024 1711 3024 1735 3025 1711 3025 1721 3025 1736 3026 1725 3026 1712 3026 1736 3027 1712 3027 1722 3027 1737 3028 1713 3028 1723 3028 1737 3029 1726 3029 1713 3029 1738 3030 1714 3030 1724 3030 1738 3031 1727 3031 1714 3031 1739 3032 1715 3032 1725 3032 1739 3033 1728 3033 1715 3033 1740 3034 1729 3034 1716 3034 1740 3035 1716 3035 1726 3035 1741 3036 1717 3036 1727 3036 1741 3037 1730 3037 1717 3037 1742 3038 1718 3038 1728 3038 1742 3039 1731 3039 1718 3039 1743 3040 1732 3040 1719 3040 1743 3041 1719 3041 1729 3041 1744 3042 1733 3042 1555 3042 1744 3043 1555 3043 1557 3043 1744 3044 1557 3044 1558 3044 1745 3045 1720 3045 1731 3045 1745 3046 1734 3046 1720 3046 1746 3047 1735 3047 1721 3047 1746 3048 1721 3048 1732 3048 1747 3049 1722 3049 1733 3049 1747 3050 1736 3050 1722 3050 1748 3051 1737 3051 1723 3051 1748 3052 1723 3052 1734 3052 1749 3053 1724 3053 1735 3053 1749 3054 1738 3054 1724 3054 1750 3055 1725 3055 1736 3055 1750 3056 1739 3056 1725 3056 1751 3057 1726 3057 1737 3057 1751 3058 1740 3058 1726 3058 1752 3059 1727 3059 1738 3059 1752 3060 1741 3060 1727 3060 1753 3061 1742 3061 1728 3061 1753 3062 1728 3062 1739 3062 1754 3063 1743 3063 1729 3063 1754 3064 1729 3064 1740 3064 1755 3065 1581 3065 1580 3065 1755 3066 1730 3066 1741 3066 1755 3067 1580 3067 1730 3067 1756 3068 1744 3068 1558 3068 1756 3069 1558 3069 1560 3069 1757 3070 1731 3070 1742 3070 1757 3071 1745 3071 1731 3071 1758 3072 1746 3072 1732 3072 1758 3073 1732 3073 1743 3073 1759 3074 1747 3074 1733 3074 1759 3075 1733 3075 1744 3075 1760 3076 1734 3076 1745 3076 1760 3077 1748 3077 1734 3077 1761 3078 1749 3078 1735 3078 1761 3079 1735 3079 1746 3079 1762 3080 1750 3080 1736 3080 1762 3081 1736 3081 1747 3081 1763 3082 1751 3082 1737 3082 1763 3083 1737 3083 1748 3083 1764 3084 1752 3084 1738 3084 1764 3085 1738 3085 1749 3085 1765 3086 1753 3086 1739 3086 1765 3087 1739 3087 1750 3087 1766 3088 1740 3088 1751 3088 1766 3089 1754 3089 1740 3089 1767 3090 1755 3090 1741 3090 1767 3091 1741 3091 1752 3091 1768 3092 1560 3092 1562 3092 1768 3093 1562 3093 1564 3093 1768 3094 1756 3094 1560 3094 1769 3095 1742 3095 1753 3095 1769 3096 1757 3096 1742 3096 1770 3097 1743 3097 1754 3097 1770 3098 1758 3098 1743 3098 1771 3099 1583 3099 1582 3099 1771 3100 1582 3100 1581 3100 1771 3101 1581 3101 1755 3101 1772 3102 1744 3102 1756 3102 1772 3103 1759 3103 1744 3103 1773 3104 1760 3104 1745 3104 1773 3105 1745 3105 1757 3105 1774 3106 1746 3106 1758 3106 1774 3107 1761 3107 1746 3107 1775 3108 1762 3108 1747 3108 1775 3109 1747 3109 1759 3109 1776 3110 1748 3110 1760 3110 1776 3111 1763 3111 1748 3111 1777 3112 1764 3112 1749 3112 1777 3113 1749 3113 1761 3113 1778 3114 1750 3114 1762 3114 1778 3115 1765 3115 1750 3115 1779 3116 1751 3116 1763 3116 1779 3117 1766 3117 1751 3117 1780 3118 1752 3118 1764 3118 1780 3119 1767 3119 1752 3119 1781 3120 1564 3120 1629 3120 1781 3121 1768 3121 1564 3121 1781 3122 1629 3122 1782 3122 1783 3123 1769 3123 1753 3123 1783 3124 1753 3124 1765 3124 1784 3125 1770 3125 1754 3125 1784 3126 1754 3126 1766 3126 1785 3127 1755 3127 1767 3127 1785 3128 1771 3128 1755 3128 1786 3129 1756 3129 1768 3129 1786 3130 1772 3130 1756 3130 1787 3131 1773 3131 1757 3131 1787 3132 1757 3132 1769 3132 1788 3133 1758 3133 1770 3133 1788 3134 1774 3134 1758 3134 1789 3135 1759 3135 1772 3135 1789 3136 1775 3136 1759 3136 1790 3137 1760 3137 1773 3137 1790 3138 1776 3138 1760 3138 1791 3139 1777 3139 1761 3139 1791 3140 1761 3140 1774 3140 1792 3141 1762 3141 1775 3141 1792 3142 1778 3142 1762 3142 1793 3143 1779 3143 1763 3143 1793 3144 1763 3144 1776 3144 1794 3145 1780 3145 1764 3145 1794 3146 1764 3146 1777 3146 1795 3147 1765 3147 1778 3147 1795 3148 1783 3148 1765 3148 1796 3149 1766 3149 1779 3149 1796 3150 1784 3150 1766 3150 1797 3151 1767 3151 1780 3151 1797 3152 1785 3152 1767 3152 1798 3153 1786 3153 1768 3153 1798 3154 1768 3154 1781 3154 1798 3155 1781 3155 1782 3155 1798 3156 1782 3156 1799 3156 1800 3157 1769 3157 1783 3157 1800 3158 1787 3158 1769 3158 1801 3159 1788 3159 1770 3159 1801 3160 1770 3160 1784 3160 1802 3161 1583 3161 1771 3161 1802 3162 1584 3162 1583 3162 1802 3163 1771 3163 1785 3163 1803 3164 1772 3164 1786 3164 1803 3165 1789 3165 1772 3165 1804 3166 1773 3166 1787 3166 1804 3167 1790 3167 1773 3167 1805 3168 1774 3168 1788 3168 1805 3169 1791 3169 1774 3169 1806 3170 1775 3170 1789 3170 1806 3171 1792 3171 1775 3171 1807 3172 1776 3172 1790 3172 1807 3173 1793 3173 1776 3173 1808 3174 1794 3174 1777 3174 1808 3175 1777 3175 1791 3175 1809 3176 1778 3176 1792 3176 1809 3177 1795 3177 1778 3177 1810 3178 1779 3178 1793 3178 1810 3179 1796 3179 1779 3179 1811 3180 1797 3180 1780 3180 1811 3181 1780 3181 1794 3181 1812 3182 1783 3182 1795 3182 1812 3183 1800 3183 1783 3183 1813 3184 1784 3184 1796 3184 1813 3185 1801 3185 1784 3185 1814 3186 1785 3186 1797 3186 1814 3187 1802 3187 1785 3187 1815 3188 1786 3188 1798 3188 1815 3189 1803 3189 1786 3189 1816 3190 1787 3190 1800 3190 1816 3191 1804 3191 1787 3191 1817 3192 1788 3192 1801 3192 1817 3193 1805 3193 1788 3193 1818 3194 1586 3194 1585 3194 1818 3195 1585 3195 1584 3195 1818 3196 1584 3196 1802 3196 1819 3197 1806 3197 1789 3197 1819 3198 1789 3198 1803 3198 1820 3199 1807 3199 1790 3199 1820 3200 1790 3200 1804 3200 1821 3201 1791 3201 1805 3201 1821 3202 1808 3202 1791 3202 1822 3203 1792 3203 1806 3203 1822 3204 1809 3204 1792 3204 1823 3205 1793 3205 1807 3205 1823 3206 1810 3206 1793 3206 1824 3207 1811 3207 1794 3207 1824 3208 1794 3208 1808 3208 1825 3209 1795 3209 1809 3209 1825 3210 1812 3210 1795 3210 1826 3211 1813 3211 1796 3211 1826 3212 1796 3212 1810 3212 1827 3213 1814 3213 1797 3213 1827 3214 1797 3214 1811 3214 1828 3215 1798 3215 1799 3215 1828 3216 1829 3216 1830 3216 1828 3217 1799 3217 1829 3217 1828 3218 1815 3218 1798 3218 1831 3219 1816 3219 1800 3219 1831 3220 1800 3220 1812 3220 1832 3221 1817 3221 1801 3221 1832 3222 1801 3222 1813 3222 1833 3223 1802 3223 1814 3223 1833 3224 1818 3224 1802 3224 1834 3225 1819 3225 1803 3225 1834 3226 1803 3226 1815 3226 1835 3227 1820 3227 1804 3227 1835 3228 1804 3228 1816 3228 1836 3229 1821 3229 1805 3229 1836 3230 1805 3230 1817 3230 1837 3231 1806 3231 1819 3231 1837 3232 1822 3232 1806 3232 1838 3233 1807 3233 1820 3233 1838 3234 1823 3234 1807 3234 1839 3235 1808 3235 1821 3235 1839 3236 1824 3236 1808 3236 1840 3237 1825 3237 1809 3237 1840 3238 1809 3238 1822 3238 1841 3239 1826 3239 1810 3239 1841 3240 1810 3240 1823 3240 1842 3241 1827 3241 1811 3241 1842 3242 1811 3242 1824 3242 1843 3243 1831 3243 1812 3243 1843 3244 1812 3244 1825 3244 1844 3245 1832 3245 1813 3245 1844 3246 1813 3246 1826 3246 1845 3247 1814 3247 1827 3247 1845 3248 1833 3248 1814 3248 1846 3249 1834 3249 1815 3249 1846 3250 1828 3250 1830 3250 1846 3251 1815 3251 1828 3251 1846 3252 1830 3252 1847 3252 1848 3253 1835 3253 1816 3253 1848 3254 1816 3254 1831 3254 1849 3255 1817 3255 1832 3255 1849 3256 1836 3256 1817 3256 1850 3257 1587 3257 1586 3257 1850 3258 1586 3258 1818 3258 1850 3259 1818 3259 1833 3259 1851 3260 1819 3260 1834 3260 1851 3261 1837 3261 1819 3261 1852 3262 1838 3262 1820 3262 1852 3263 1820 3263 1835 3263 1853 3264 1821 3264 1836 3264 1853 3265 1839 3265 1821 3265 1854 3266 1840 3266 1822 3266 1854 3267 1822 3267 1837 3267 1855 3268 1823 3268 1838 3268 1855 3269 1841 3269 1823 3269 1856 3270 1842 3270 1824 3270 1856 3271 1824 3271 1839 3271 1857 3272 1843 3272 1825 3272 1857 3273 1825 3273 1840 3273 1858 3274 1844 3274 1826 3274 1858 3275 1826 3275 1841 3275 1859 3276 1827 3276 1842 3276 1859 3277 1845 3277 1827 3277 1860 3278 1848 3278 1831 3278 1860 3279 1831 3279 1843 3279 1861 3280 1832 3280 1844 3280 1861 3281 1849 3281 1832 3281 1862 3282 1833 3282 1845 3282 1862 3283 1850 3283 1833 3283 1863 3284 1851 3284 1834 3284 1863 3285 1834 3285 1846 3285 1864 3286 1852 3286 1835 3286 1864 3287 1835 3287 1848 3287 1865 3288 1836 3288 1849 3288 1865 3289 1853 3289 1836 3289 1866 3290 1588 3290 1587 3290 1866 3291 1587 3291 1850 3291 1867 3292 1837 3292 1851 3292 1867 3293 1854 3293 1837 3293 1868 3294 1838 3294 1852 3294 1868 3295 1855 3295 1838 3295 1869 3296 1856 3296 1839 3296 1869 3297 1839 3297 1853 3297 1870 3298 1857 3298 1840 3298 1870 3299 1840 3299 1854 3299 1871 3300 1858 3300 1841 3300 1871 3301 1841 3301 1855 3301 1872 3302 1859 3302 1842 3302 1872 3303 1842 3303 1856 3303 1873 3304 1860 3304 1843 3304 1873 3305 1843 3305 1857 3305 1874 3306 1861 3306 1844 3306 1874 3307 1844 3307 1858 3307 1875 3308 1845 3308 1859 3308 1875 3309 1862 3309 1845 3309 1876 3310 1846 3310 1847 3310 1876 3311 1863 3311 1846 3311 1876 3312 1877 3312 1878 3312 1876 3313 1847 3313 1877 3313 1879 3314 1864 3314 1848 3314 1879 3315 1848 3315 1860 3315 1880 3316 1865 3316 1849 3316 1880 3317 1849 3317 1861 3317 1881 3318 1850 3318 1862 3318 1881 3319 1866 3319 1850 3319 1882 3320 1851 3320 1863 3320 1882 3321 1867 3321 1851 3321 1883 3322 1868 3322 1852 3322 1883 3323 1852 3323 1864 3323 1884 3324 1869 3324 1853 3324 1884 3325 1853 3325 1865 3325 1885 3326 1854 3326 1867 3326 1885 3327 1870 3327 1854 3327 1886 3328 1871 3328 1855 3328 1886 3329 1855 3329 1868 3329 1887 3330 1856 3330 1869 3330 1887 3331 1872 3331 1856 3331 1888 3332 1857 3332 1870 3332 1888 3333 1873 3333 1857 3333 1889 3334 1858 3334 1871 3334 1889 3335 1874 3335 1858 3335 1890 3336 1859 3336 1872 3336 1890 3337 1875 3337 1859 3337 1891 3338 1860 3338 1873 3338 1891 3339 1879 3339 1860 3339 1892 3340 1861 3340 1874 3340 1892 3341 1880 3341 1861 3341 1893 3342 1862 3342 1875 3342 1893 3343 1881 3343 1862 3343 1894 3344 1876 3344 1878 3344 1894 3345 1863 3345 1876 3345 1894 3346 1882 3346 1863 3346 1894 3347 1878 3347 1895 3347 1896 3348 1883 3348 1864 3348 1896 3349 1864 3349 1879 3349 1897 3350 1865 3350 1880 3350 1897 3351 1884 3351 1865 3351 1898 3352 1590 3352 1589 3352 1898 3353 1589 3353 1588 3353 1898 3354 1866 3354 1881 3354 1898 3355 1588 3355 1866 3355 1899 3356 1867 3356 1882 3356 1899 3357 1885 3357 1867 3357 1900 3358 1886 3358 1868 3358 1900 3359 1868 3359 1883 3359 1901 3360 1869 3360 1884 3360 1901 3361 1887 3361 1869 3361 1902 3362 1870 3362 1885 3362 1902 3363 1888 3363 1870 3363 1903 3364 1889 3364 1871 3364 1903 3365 1871 3365 1886 3365 1904 3366 1890 3366 1872 3366 1904 3367 1872 3367 1887 3367 1905 3368 1891 3368 1873 3368 1905 3369 1873 3369 1888 3369 1906 3370 1874 3370 1889 3370 1906 3371 1892 3371 1874 3371 1907 3372 1875 3372 1890 3372 1907 3373 1893 3373 1875 3373 1908 3374 1879 3374 1891 3374 1908 3375 1896 3375 1879 3375 1909 3376 1897 3376 1880 3376 1909 3377 1880 3377 1892 3377 1910 3378 1881 3378 1893 3378 1910 3379 1898 3379 1881 3379 1911 3380 1899 3380 1882 3380 1911 3381 1882 3381 1894 3381 1912 3382 1900 3382 1883 3382 1912 3383 1883 3383 1896 3383 1913 3384 1901 3384 1884 3384 1913 3385 1884 3385 1897 3385 1914 3386 1591 3386 1590 3386 1914 3387 1590 3387 1898 3387 1915 3388 1902 3388 1885 3388 1915 3389 1885 3389 1899 3389 1916 3390 1886 3390 1900 3390 1916 3391 1903 3391 1886 3391 1917 3392 1887 3392 1901 3392 1917 3393 1904 3393 1887 3393 1918 3394 1888 3394 1902 3394 1918 3395 1905 3395 1888 3395 1919 3396 1906 3396 1889 3396 1919 3397 1889 3397 1903 3397 1920 3398 1890 3398 1904 3398 1920 3399 1907 3399 1890 3399 1921 3400 1908 3400 1891 3400 1921 3401 1891 3401 1905 3401 1922 3402 1892 3402 1906 3402 1922 3403 1909 3403 1892 3403 1923 3404 1893 3404 1907 3404 1923 3405 1910 3405 1893 3405 1924 3406 1911 3406 1894 3406 1924 3407 1894 3407 1895 3407 1924 3408 1895 3408 1925 3408 1926 3409 1896 3409 1908 3409 1926 3410 1912 3410 1896 3410 1927 3411 1897 3411 1909 3411 1927 3412 1913 3412 1897 3412 1928 3413 1898 3413 1910 3413 1928 3414 1914 3414 1898 3414 1929 3415 1915 3415 1899 3415 1929 3416 1899 3416 1911 3416 1930 3417 1900 3417 1912 3417 1930 3418 1916 3418 1900 3418 1931 3419 1901 3419 1913 3419 1931 3420 1917 3420 1901 3420 1932 3421 1902 3421 1915 3421 1932 3422 1918 3422 1902 3422 1933 3423 1903 3423 1916 3423 1933 3424 1919 3424 1903 3424 1934 3425 1904 3425 1917 3425 1934 3426 1920 3426 1904 3426 1935 3427 1905 3427 1918 3427 1935 3428 1921 3428 1905 3428 1936 3429 1906 3429 1919 3429 1936 3430 1922 3430 1906 3430 1937 3431 1907 3431 1920 3431 1937 3432 1923 3432 1907 3432 1938 3433 1926 3433 1908 3433 1938 3434 1908 3434 1921 3434 1939 3435 1909 3435 1922 3435 1939 3436 1927 3436 1909 3436 1940 3437 1910 3437 1923 3437 1940 3438 1928 3438 1910 3438 1941 3439 1929 3439 1911 3439 1941 3440 1911 3440 1924 3440 1941 3441 1924 3441 1925 3441 1941 3442 1942 3442 1943 3442 1941 3443 1925 3443 1942 3443 1944 3444 1930 3444 1912 3444 1944 3445 1912 3445 1926 3445 1945 3446 1931 3446 1913 3446 1945 3447 1913 3447 1927 3447 1946 3448 1593 3448 1592 3448 1946 3449 1592 3449 1591 3449 1946 3450 1591 3450 1914 3450 1946 3451 1914 3451 1928 3451 1947 3452 1915 3452 1929 3452 1947 3453 1932 3453 1915 3453 1948 3454 1933 3454 1916 3454 1948 3455 1916 3455 1930 3455 1949 3456 1917 3456 1931 3456 1949 3457 1934 3457 1917 3457 1950 3458 1935 3458 1918 3458 1950 3459 1918 3459 1932 3459 1951 3460 1919 3460 1933 3460 1951 3461 1936 3461 1919 3461 1952 3462 1937 3462 1920 3462 1952 3463 1920 3463 1934 3463 1953 3464 1921 3464 1935 3464 1953 3465 1938 3465 1921 3465 1954 3466 1922 3466 1936 3466 1954 3467 1939 3467 1922 3467 1955 3468 1940 3468 1923 3468 1955 3469 1923 3469 1937 3469 1956 3470 1926 3470 1938 3470 1956 3471 1944 3471 1926 3471 1957 3472 1945 3472 1927 3472 1957 3473 1927 3473 1939 3473 1958 3474 1928 3474 1940 3474 1958 3475 1946 3475 1928 3475 1959 3476 1929 3476 1941 3476 1959 3477 1947 3477 1929 3477 1960 3478 1948 3478 1930 3478 1960 3479 1930 3479 1944 3479 1961 3480 1949 3480 1931 3480 1961 3481 1931 3481 1945 3481 1962 3482 1594 3482 1593 3482 1962 3483 1593 3483 1946 3483 1963 3484 1950 3484 1932 3484 1963 3485 1932 3485 1947 3485 1964 3486 1933 3486 1948 3486 1964 3487 1951 3487 1933 3487 1965 3488 1952 3488 1934 3488 1965 3489 1934 3489 1949 3489 1966 3490 1935 3490 1950 3490 1966 3491 1953 3491 1935 3491 1967 3492 1954 3492 1936 3492 1967 3493 1936 3493 1951 3493 1968 3494 1937 3494 1952 3494 1968 3495 1955 3495 1937 3495 1969 3496 1938 3496 1953 3496 1969 3497 1956 3497 1938 3497 1970 3498 1957 3498 1939 3498 1970 3499 1939 3499 1954 3499 1971 3500 1958 3500 1940 3500 1971 3501 1940 3501 1955 3501 1972 3502 1959 3502 1941 3502 1972 3503 1943 3503 1973 3503 1972 3504 1941 3504 1943 3504 1974 3505 1960 3505 1944 3505 1974 3506 1944 3506 1956 3506 1975 3507 1945 3507 1957 3507 1975 3508 1961 3508 1945 3508 1976 3509 1946 3509 1958 3509 1976 3510 1962 3510 1946 3510 1977 3511 1947 3511 1959 3511 1977 3512 1963 3512 1947 3512 1978 3513 1964 3513 1948 3513 1978 3514 1948 3514 1960 3514 1979 3515 1965 3515 1949 3515 1979 3516 1949 3516 1961 3516 1980 3517 1966 3517 1950 3517 1980 3518 1950 3518 1963 3518 1981 3519 1967 3519 1951 3519 1981 3520 1951 3520 1964 3520 1982 3521 1968 3521 1952 3521 1982 3522 1952 3522 1965 3522 1983 3523 1969 3523 1953 3523 1983 3524 1953 3524 1966 3524 1984 3525 1954 3525 1967 3525 1984 3526 1970 3526 1954 3526 1985 3527 1955 3527 1968 3527 1985 3528 1971 3528 1955 3528 1986 3529 1956 3529 1969 3529 1986 3530 1974 3530 1956 3530 1987 3531 1957 3531 1970 3531 1987 3532 1975 3532 1957 3532 1988 3533 1958 3533 1971 3533 1988 3534 1976 3534 1958 3534 1989 3535 1977 3535 1959 3535 1989 3536 1959 3536 1972 3536 1989 3537 1972 3537 1973 3537 1989 3538 1990 3538 1991 3538 1989 3539 1973 3539 1990 3539 1992 3540 1978 3540 1960 3540 1992 3541 1960 3541 1974 3541 1993 3542 1979 3542 1961 3542 1993 3543 1961 3543 1975 3543 1994 3544 1322 3544 1595 3544 1994 3545 1595 3545 1594 3545 1994 3546 1962 3546 1976 3546 1994 3547 1594 3547 1962 3547 1995 3548 1980 3548 1963 3548 1995 3549 1963 3549 1977 3549 1996 3550 1981 3550 1964 3550 1996 3551 1964 3551 1978 3551 1997 3552 1982 3552 1965 3552 1997 3553 1965 3553 1979 3553 1998 3554 1983 3554 1966 3554 1998 3555 1966 3555 1980 3555 1999 3556 1967 3556 1981 3556 1999 3557 1984 3557 1967 3557 2000 3558 1968 3558 1982 3558 2000 3559 1985 3559 1968 3559 2001 3560 1969 3560 1983 3560 2001 3561 1986 3561 1969 3561 2002 3562 1970 3562 1984 3562 2002 3563 1987 3563 1970 3563 2003 3564 1971 3564 1985 3564 2003 3565 1988 3565 1971 3565 2004 3566 1992 3566 1974 3566 2004 3567 1974 3567 1986 3567 2005 3568 1993 3568 1975 3568 2005 3569 1975 3569 1987 3569 2006 3570 1976 3570 1988 3570 2006 3571 1994 3571 1976 3571 2006 3572 1322 3572 1994 3572 2007 3573 1995 3573 1977 3573 2007 3574 1977 3574 1989 3574 2008 3575 1996 3575 1978 3575 2008 3576 1978 3576 1992 3576 2009 3577 1979 3577 1993 3577 2009 3578 1997 3578 1979 3578 2010 3579 1998 3579 1980 3579 2010 3580 1980 3580 1995 3580 2011 3581 1981 3581 1996 3581 2011 3582 1999 3582 1981 3582 2012 3583 1982 3583 1997 3583 2012 3584 2000 3584 1982 3584 2013 3585 1983 3585 1998 3585 2013 3586 2001 3586 1983 3586 2014 3587 1984 3587 1999 3587 2014 3588 2002 3588 1984 3588 2015 3589 2003 3589 1985 3589 2015 3590 1985 3590 2000 3590 2016 3591 1986 3591 2001 3591 2016 3592 2004 3592 1986 3592 2017 3593 2005 3593 1987 3593 2017 3594 1987 3594 2002 3594 2018 3595 1988 3595 2003 3595 2018 3596 1322 3596 2006 3596 2018 3597 2006 3597 1988 3597 2019 3598 1989 3598 1991 3598 2019 3599 2007 3599 1989 3599 2019 3600 1991 3600 2020 3600 2021 3601 2008 3601 1992 3601 2021 3602 1992 3602 2004 3602 2022 3603 1993 3603 2005 3603 2022 3604 2009 3604 1993 3604 2023 3605 2010 3605 1995 3605 2023 3606 1995 3606 2007 3606 2024 3607 1996 3607 2008 3607 2024 3608 2011 3608 1996 3608 2025 3609 1997 3609 2009 3609 2025 3610 2012 3610 1997 3610 2026 3611 1998 3611 2010 3611 2026 3612 2013 3612 1998 3612 2027 3613 1999 3613 2011 3613 2027 3614 2014 3614 1999 3614 2028 3615 2000 3615 2012 3615 2028 3616 2015 3616 2000 3616 2029 3617 2016 3617 2001 3617 2029 3618 2001 3618 2013 3618 2030 3619 2002 3619 2014 3619 2030 3620 2017 3620 2002 3620 2031 3621 2018 3621 2003 3621 2031 3622 1322 3622 2018 3622 2031 3623 2003 3623 2015 3623 2032 3624 2021 3624 2004 3624 2032 3625 2004 3625 2016 3625 2033 3626 2005 3626 2017 3626 2033 3627 2022 3627 2005 3627 2034 3628 2023 3628 2007 3628 2034 3629 2007 3629 2019 3629 2034 3630 2019 3630 2020 3630 2034 3631 2020 3631 2035 3631 2036 3632 2008 3632 2021 3632 2036 3633 2024 3633 2008 3633 2037 3634 2009 3634 2022 3634 2037 3635 2025 3635 2009 3635 2038 3636 2010 3636 2023 3636 2038 3637 2026 3637 2010 3637 2039 3638 2011 3638 2024 3638 2039 3639 2027 3639 2011 3639 2040 3640 2012 3640 2025 3640 2040 3641 2028 3641 2012 3641 2041 3642 2029 3642 2013 3642 2041 3643 2013 3643 2026 3643 2042 3644 2014 3644 2027 3644 2042 3645 2030 3645 2014 3645 2043 3646 1322 3646 2031 3646 2043 3647 2015 3647 2028 3647 2043 3648 2031 3648 2015 3648 2044 3649 2032 3649 2016 3649 2044 3650 2016 3650 2029 3650 2045 3651 2017 3651 2030 3651 2045 3652 2033 3652 2017 3652 2046 3653 2036 3653 2021 3653 2046 3654 2021 3654 2032 3654 2047 3655 2037 3655 2022 3655 2047 3656 2022 3656 2033 3656 2048 3657 2023 3657 2034 3657 2048 3658 2038 3658 2023 3658 2049 3659 2039 3659 2024 3659 2049 3660 2024 3660 2036 3660 2050 3661 2025 3661 2037 3661 2050 3662 2040 3662 2025 3662 2051 3663 2026 3663 2038 3663 2051 3664 2041 3664 2026 3664 2052 3665 2042 3665 2027 3665 2052 3666 2027 3666 2039 3666 2053 3667 1322 3667 2043 3667 2053 3668 2028 3668 2040 3668 2053 3669 2043 3669 2028 3669 2054 3670 2044 3670 2029 3670 2054 3671 2029 3671 2041 3671 2055 3672 2030 3672 2042 3672 2055 3673 2045 3673 2030 3673 2056 3674 2032 3674 2044 3674 2056 3675 2046 3675 2032 3675 2057 3676 2033 3676 2045 3676 2057 3677 2047 3677 2033 3677 2058 3678 2034 3678 2035 3678 2058 3679 2048 3679 2034 3679 2058 3680 2059 3680 2060 3680 2058 3681 2035 3681 2059 3681 2061 3682 2036 3682 2046 3682 2061 3683 2049 3683 2036 3683 2062 3684 2037 3684 2047 3684 2062 3685 2050 3685 2037 3685 2063 3686 2038 3686 2048 3686 2063 3687 2051 3687 2038 3687 2064 3688 2039 3688 2049 3688 2064 3689 2052 3689 2039 3689 2065 3690 2053 3690 2040 3690 2065 3691 1322 3691 2053 3691 2065 3692 2040 3692 2050 3692 2066 3693 2054 3693 2041 3693 2066 3694 2041 3694 2051 3694 2067 3695 2055 3695 2042 3695 2067 3696 2042 3696 2052 3696 2068 3697 2056 3697 2044 3697 2068 3698 2044 3698 2054 3698 2069 3699 2045 3699 2055 3699 2069 3700 2057 3700 2045 3700 2070 3701 2061 3701 2046 3701 2070 3702 2046 3702 2056 3702 2071 3703 2062 3703 2047 3703 2071 3704 2047 3704 2057 3704 2072 3705 2048 3705 2058 3705 2072 3706 2058 3706 2060 3706 2072 3707 2063 3707 2048 3707 2072 3708 2060 3708 2073 3708 2074 3709 2049 3709 2061 3709 2074 3710 2064 3710 2049 3710 2075 3711 2050 3711 2062 3711 2075 3712 2065 3712 2050 3712 2075 3713 1322 3713 2065 3713 2076 3714 2066 3714 2051 3714 2076 3715 2051 3715 2063 3715 2077 3716 2052 3716 2064 3716 2077 3717 2067 3717 2052 3717 2078 3718 2068 3718 2054 3718 2078 3719 2054 3719 2066 3719 2079 3720 2055 3720 2067 3720 2079 3721 2069 3721 2055 3721 2080 3722 2070 3722 2056 3722 2080 3723 2056 3723 2068 3723 2081 3724 2071 3724 2057 3724 2081 3725 2057 3725 2069 3725 2082 3726 2061 3726 2070 3726 2082 3727 2074 3727 2061 3727 2083 3728 1322 3728 2075 3728 2083 3729 2062 3729 2071 3729 2083 3730 2075 3730 2062 3730 2084 3731 2063 3731 2072 3731 2084 3732 2076 3732 2063 3732 2085 3733 2064 3733 2074 3733 2085 3734 2077 3734 2064 3734 2086 3735 2066 3735 2076 3735 2086 3736 2078 3736 2066 3736 2087 3737 2067 3737 2077 3737 2087 3738 2079 3738 2067 3738 2088 3739 2068 3739 2078 3739 2088 3740 2080 3740 2068 3740 2089 3741 2069 3741 2079 3741 2089 3742 2081 3742 2069 3742 2090 3743 2082 3743 2070 3743 2090 3744 2070 3744 2080 3744 2091 3745 1322 3745 2083 3745 2091 3746 2071 3746 2081 3746 2091 3747 2083 3747 2071 3747 2092 3748 2072 3748 2073 3748 2092 3749 2084 3749 2072 3749 2092 3750 2093 3750 2094 3750 2092 3751 2073 3751 2093 3751 2095 3752 2085 3752 2074 3752 2095 3753 2074 3753 2082 3753 2096 3754 2086 3754 2076 3754 2096 3755 2076 3755 2084 3755 2097 3756 2077 3756 2085 3756 2097 3757 2087 3757 2077 3757 2098 3758 2078 3758 2086 3758 2098 3759 2088 3759 2078 3759 2099 3760 2089 3760 2079 3760 2099 3761 2079 3761 2087 3761 2100 3762 2080 3762 2088 3762 2100 3763 2090 3763 2080 3763 2101 3764 2091 3764 2081 3764 2101 3765 2081 3765 2089 3765 2101 3766 1322 3766 2091 3766 2102 3767 2095 3767 2082 3767 2102 3768 2082 3768 2090 3768 2103 3769 2084 3769 2092 3769 2103 3770 2092 3770 2094 3770 2103 3771 2094 3771 2104 3771 2103 3772 2096 3772 2084 3772 2105 3773 2085 3773 2095 3773 2105 3774 2097 3774 2085 3774 2106 3775 2098 3775 2086 3775 2106 3776 2086 3776 2096 3776 2107 3777 2099 3777 2087 3777 2107 3778 2087 3778 2097 3778 2108 3779 2100 3779 2088 3779 2108 3780 2088 3780 2098 3780 2109 3781 1322 3781 2101 3781 2109 3782 2089 3782 2099 3782 2109 3783 2101 3783 2089 3783 2110 3784 2090 3784 2100 3784 2110 3785 2102 3785 2090 3785 2111 3786 2095 3786 2102 3786 2111 3787 2105 3787 2095 3787 2112 3788 2096 3788 2103 3788 2112 3789 2106 3789 2096 3789 2113 3790 2097 3790 2105 3790 2113 3791 2107 3791 2097 3791 2114 3792 2108 3792 2098 3792 2114 3793 2098 3793 2106 3793 2115 3794 1322 3794 2109 3794 2115 3795 2099 3795 2107 3795 2115 3796 2109 3796 2099 3796 2116 3797 2110 3797 2100 3797 2116 3798 2100 3798 2108 3798 2117 3799 2102 3799 2110 3799 2117 3800 2111 3800 2102 3800 2118 3801 2112 3801 2103 3801 2118 3802 2103 3802 2104 3802 2118 3803 2104 3803 2119 3803 2120 3804 2113 3804 2105 3804 2120 3805 2105 3805 2111 3805 2121 3806 2106 3806 2112 3806 2121 3807 2114 3807 2106 3807 2122 3808 1322 3808 2115 3808 2122 3809 2107 3809 2113 3809 2122 3810 2115 3810 2107 3810 2123 3811 2108 3811 2114 3811 2123 3812 2116 3812 2108 3812 2124 3813 2110 3813 2116 3813 2124 3814 2117 3814 2110 3814 2125 3815 2120 3815 2111 3815 2125 3816 2111 3816 2117 3816 2126 3817 2121 3817 2112 3817 2126 3818 2112 3818 2118 3818 2126 3819 2127 3819 2128 3819 2126 3820 2119 3820 2127 3820 2126 3821 2118 3821 2119 3821 2129 3822 1322 3822 2122 3822 2129 3823 2113 3823 2120 3823 2129 3824 2122 3824 2113 3824 2130 3825 2114 3825 2121 3825 2130 3826 2123 3826 2114 3826 2131 3827 2116 3827 2123 3827 2131 3828 2124 3828 2116 3828 2132 3829 2117 3829 2124 3829 2132 3830 2125 3830 2117 3830 2133 3831 1322 3831 2129 3831 2133 3832 2120 3832 2125 3832 2133 3833 2129 3833 2120 3833 2134 3834 2121 3834 2126 3834 2134 3835 2130 3835 2121 3835 2135 3836 2131 3836 2123 3836 2135 3837 2123 3837 2130 3837 2136 3838 2124 3838 2131 3838 2136 3839 2132 3839 2124 3839 2137 3840 1322 3840 2133 3840 2137 3841 2133 3841 2125 3841 2137 3842 2125 3842 2132 3842 2138 3843 2134 3843 2126 3843 2138 3844 2128 3844 2139 3844 2138 3845 2126 3845 2128 3845 2140 3846 2130 3846 2134 3846 2140 3847 2135 3847 2130 3847 2141 3848 2136 3848 2131 3848 2141 3849 2131 3849 2135 3849 2142 3850 1322 3850 2137 3850 2142 3851 2137 3851 2132 3851 2142 3852 2132 3852 2136 3852 2143 3853 2140 3853 2134 3853 2143 3854 2138 3854 2139 3854 2143 3855 2144 3855 2145 3855 2143 3856 2139 3856 2144 3856 2143 3857 2134 3857 2138 3857 2146 3858 2141 3858 2135 3858 2146 3859 2135 3859 2140 3859 2147 3860 1322 3860 2142 3860 2147 3861 2136 3861 2141 3861 2147 3862 2142 3862 2136 3862 2148 3863 2140 3863 2143 3863 2148 3864 2146 3864 2140 3864 2149 3865 1322 3865 2147 3865 2149 3866 2141 3866 2146 3866 2149 3867 2147 3867 2141 3867 2150 3868 2143 3868 2145 3868 2150 3869 2148 3869 2143 3869 2150 3870 2145 3870 2151 3870 2152 3871 2146 3871 2148 3871 2152 3872 2149 3872 2146 3872 2152 3873 1322 3873 2149 3873 2153 3874 2152 3874 2148 3874 2153 3875 2148 3875 2150 3875 2153 3876 2150 3876 2151 3876 2153 3877 1322 3877 2152 3877 2153 3878 2154 3878 1322 3878 2153 3879 2151 3879 2154 3879 1596 3880 1319 3880 1321 3880 1596 3881 1321 3881 2155 3881 1597 3882 1596 3882 2155 3882 1598 3883 2155 3883 2156 3883 1598 3884 1597 3884 2155 3884 1599 3885 2156 3885 2157 3885 1599 3886 1598 3886 2156 3886 1600 3887 2157 3887 2158 3887 1600 3888 1599 3888 2157 3888 1601 3889 1600 3889 2158 3889 1602 3890 2158 3890 2159 3890 1602 3891 1601 3891 2158 3891 1603 3892 2159 3892 2160 3892 1603 3893 1602 3893 2159 3893 1604 3894 2160 3894 2161 3894 1604 3895 1603 3895 2160 3895 1605 3896 1604 3896 2161 3896 1606 3897 1605 3897 2161 3897 1606 3898 2161 3898 2162 3898 1607 3899 1606 3899 2162 3899 1607 3900 2162 3900 2163 3900 1608 3901 1607 3901 2163 3901 1608 3902 2163 3902 2164 3902 1609 3903 1608 3903 2164 3903 1609 3904 2164 3904 2165 3904 1610 3905 1609 3905 2165 3905 1611 3906 1610 3906 2165 3906 1611 3907 2165 3907 2166 3907 1612 3908 1611 3908 2166 3908 1612 3909 2166 3909 2167 3909 1613 3910 1612 3910 2167 3910 1613 3911 2167 3911 2168 3911 1614 3912 1613 3912 2168 3912 1614 3913 2168 3913 2169 3913 1615 3914 1614 3914 2169 3914 1615 3915 2169 3915 2170 3915 1616 3916 1615 3916 2170 3916 1616 3917 2170 3917 2171 3917 1617 3918 2171 3918 2172 3918 1617 3919 1616 3919 2171 3919 1618 3920 2172 3920 2173 3920 1618 3921 1617 3921 2172 3921 1619 3922 1618 3922 2173 3922 1619 3923 2173 3923 2174 3923 1620 3924 2174 3924 2175 3924 1620 3925 1619 3925 2174 3925 1621 3926 2176 3926 2177 3926 1621 3927 2175 3927 2176 3927 1621 3928 1620 3928 2175 3928 1622 3929 2177 3929 2178 3929 1622 3930 1621 3930 2177 3930 1623 3931 2178 3931 2179 3931 1623 3932 1622 3932 2178 3932 1624 3933 2179 3933 2180 3933 1624 3934 1623 3934 2179 3934 1625 3935 2181 3935 2182 3935 1625 3936 2180 3936 2181 3936 1625 3937 1624 3937 2180 3937 1626 3938 2182 3938 2183 3938 1626 3939 1625 3939 2182 3939 1627 3940 2183 3940 2184 3940 1627 3941 1626 3941 2183 3941 1628 3942 2184 3942 2185 3942 1628 3943 1627 3943 2184 3943 1279 3944 1628 3944 2185 3944 1279 3945 2185 3945 1311 3945 1325 3946 1322 3946 2154 3946 2186 3947 2154 3947 2151 3947 2186 3948 1325 3948 2154 3948 2187 3949 2151 3949 2145 3949 2187 3950 2186 3950 2151 3950 2188 3951 2145 3951 2144 3951 2188 3952 2187 3952 2145 3952 2189 3953 2144 3953 2139 3953 2189 3954 2188 3954 2144 3954 2190 3955 2139 3955 2128 3955 2190 3956 2189 3956 2139 3956 2191 3957 2128 3957 2127 3957 2191 3958 2190 3958 2128 3958 2192 3959 2127 3959 2119 3959 2192 3960 2191 3960 2127 3960 2193 3961 2192 3961 2119 3961 2193 3962 2119 3962 2104 3962 2194 3963 2193 3963 2104 3963 2194 3964 2104 3964 2094 3964 2195 3965 2094 3965 2093 3965 2195 3966 2194 3966 2094 3966 2196 3967 2093 3967 2073 3967 2196 3968 2195 3968 2093 3968 2197 3969 2073 3969 2060 3969 2197 3970 2196 3970 2073 3970 2198 3971 2060 3971 2059 3971 2198 3972 2197 3972 2060 3972 2199 3973 2059 3973 2035 3973 2199 3974 2198 3974 2059 3974 2200 3975 2035 3975 2020 3975 2200 3976 2199 3976 2035 3976 2201 3977 2020 3977 1991 3977 2201 3978 2200 3978 2020 3978 2202 3979 1991 3979 1990 3979 2202 3980 2201 3980 1991 3980 2203 3981 1990 3981 1973 3981 2203 3982 2202 3982 1990 3982 2204 3983 1973 3983 1943 3983 2204 3984 2203 3984 1973 3984 2205 3985 2204 3985 1943 3985 2206 3986 1943 3986 1942 3986 2206 3987 1942 3987 1925 3987 2206 3988 2205 3988 1943 3988 2207 3989 1925 3989 1895 3989 2207 3990 2206 3990 1925 3990 2208 3991 1895 3991 1878 3991 2208 3992 2207 3992 1895 3992 2209 3993 1878 3993 1877 3993 2209 3994 2208 3994 1878 3994 2210 3995 2209 3995 1877 3995 2211 3996 1877 3996 1847 3996 2211 3997 2210 3997 1877 3997 2212 3998 1847 3998 1830 3998 2212 3999 2211 3999 1847 3999 2213 4000 1830 4000 1829 4000 2213 4001 2212 4001 1830 4001 2214 4002 1829 4002 1799 4002 2214 4003 1799 4003 1782 4003 2214 4004 2213 4004 1829 4004 2215 4005 1782 4005 1629 4005 2215 4006 2214 4006 1782 4006 2216 4007 2215 4007 1629 4007 1311 4008 1629 4008 1248 4008 1311 4009 2216 4009 1629 4009 2216 4010 1311 4010 2185 4010 2217 4011 2155 4011 1321 4011 2218 4012 2216 4012 2185 4012 2218 4013 2215 4013 2216 4013 2219 4014 2185 4014 2184 4014 2219 4015 2184 4015 2183 4015 2219 4016 2218 4016 2185 4016 2220 4017 2183 4017 2182 4017 2220 4018 2219 4018 2183 4018 2221 4019 2218 4019 2219 4019 2221 4020 2215 4020 2218 4020 2221 4021 2214 4021 2215 4021 2222 4022 2220 4022 2182 4022 2222 4023 2182 4023 2181 4023 2222 4024 2181 4024 2180 4024 2223 4025 2221 4025 2219 4025 2223 4026 2219 4026 2220 4026 2224 4027 2214 4027 2221 4027 2224 4028 2212 4028 2213 4028 2224 4029 2213 4029 2214 4029 2225 4030 2180 4030 2179 4030 2225 4031 2222 4031 2180 4031 2226 4032 2220 4032 2222 4032 2226 4033 2223 4033 2220 4033 2227 4034 2221 4034 2223 4034 2227 4035 2224 4035 2221 4035 2228 4036 2179 4036 2178 4036 2228 4037 2225 4037 2179 4037 2229 4038 2222 4038 2225 4038 2229 4039 2226 4039 2222 4039 2230 4040 2223 4040 2226 4040 2230 4041 2227 4041 2223 4041 2231 4042 2224 4042 2227 4042 2231 4043 2211 4043 2212 4043 2231 4044 2212 4044 2224 4044 2232 4045 2228 4045 2178 4045 2232 4046 2178 4046 2177 4046 2232 4047 2177 4047 2176 4047 2233 4048 2225 4048 2228 4048 2233 4049 2229 4049 2225 4049 2234 4050 2226 4050 2229 4050 2234 4051 2230 4051 2226 4051 2235 4052 2231 4052 2227 4052 2235 4053 2227 4053 2230 4053 2236 4054 2176 4054 2175 4054 2236 4055 2232 4055 2176 4055 2237 4056 2209 4056 2210 4056 2237 4057 2210 4057 2211 4057 2237 4058 2211 4058 2231 4058 2238 4059 2233 4059 2228 4059 2238 4060 2228 4060 2232 4060 2239 4061 2234 4061 2229 4061 2239 4062 2229 4062 2233 4062 2240 4063 2230 4063 2234 4063 2240 4064 2235 4064 2230 4064 2241 4065 2175 4065 2174 4065 2241 4066 2174 4066 2173 4066 2241 4067 2236 4067 2175 4067 2242 4068 2231 4068 2235 4068 2242 4069 2237 4069 2231 4069 2243 4070 2232 4070 2236 4070 2243 4071 2238 4071 2232 4071 2244 4072 2239 4072 2233 4072 2244 4073 2233 4073 2238 4073 2245 4074 2234 4074 2239 4074 2245 4075 2240 4075 2234 4075 2246 4076 2173 4076 2172 4076 2246 4077 2241 4077 2173 4077 2247 4078 2235 4078 2240 4078 2247 4079 2242 4079 2235 4079 2248 4080 2236 4080 2241 4080 2248 4081 2243 4081 2236 4081 2249 4082 2208 4082 2209 4082 2249 4083 2237 4083 2242 4083 2249 4084 2209 4084 2237 4084 2250 4085 2238 4085 2243 4085 2250 4086 2244 4086 2238 4086 2251 4087 2245 4087 2239 4087 2251 4088 2239 4088 2244 4088 2252 4089 2172 4089 2171 4089 2252 4090 2246 4090 2172 4090 2253 4091 2240 4091 2245 4091 2253 4092 2247 4092 2240 4092 2254 4093 2248 4093 2241 4093 2254 4094 2241 4094 2246 4094 2255 4095 2242 4095 2247 4095 2255 4096 2249 4096 2242 4096 2256 4097 2243 4097 2248 4097 2256 4098 2250 4098 2243 4098 2257 4099 2207 4099 2208 4099 2257 4100 2208 4100 2249 4100 2258 4101 2244 4101 2250 4101 2258 4102 2251 4102 2244 4102 2259 4103 2252 4103 2171 4103 2259 4104 2171 4104 2170 4104 2259 4105 2170 4105 2169 4105 2260 4106 2245 4106 2251 4106 2260 4107 2253 4107 2245 4107 2261 4108 2246 4108 2252 4108 2261 4109 2254 4109 2246 4109 2262 4110 2255 4110 2247 4110 2262 4111 2247 4111 2253 4111 2263 4112 2248 4112 2254 4112 2263 4113 2256 4113 2248 4113 2264 4114 2257 4114 2249 4114 2264 4115 2249 4115 2255 4115 2265 4116 2258 4116 2250 4116 2265 4117 2250 4117 2256 4117 2266 4118 2169 4118 2168 4118 2266 4119 2259 4119 2169 4119 2267 4120 2260 4120 2251 4120 2267 4121 2251 4121 2258 4121 2268 4122 2252 4122 2259 4122 2268 4123 2261 4123 2252 4123 2269 4124 2253 4124 2260 4124 2269 4125 2262 4125 2253 4125 2270 4126 2263 4126 2254 4126 2270 4127 2254 4127 2261 4127 2271 4128 2264 4128 2255 4128 2271 4129 2255 4129 2262 4129 2272 4130 2256 4130 2263 4130 2272 4131 2265 4131 2256 4131 2273 4132 2207 4132 2257 4132 2273 4133 2257 4133 2264 4133 2273 4134 2205 4134 2206 4134 2273 4135 2206 4135 2207 4135 2274 4136 2266 4136 2168 4136 2274 4137 2168 4137 2167 4137 2275 4138 2267 4138 2258 4138 2275 4139 2258 4139 2265 4139 2276 4140 2259 4140 2266 4140 2276 4141 2268 4141 2259 4141 2277 4142 2260 4142 2267 4142 2277 4143 2269 4143 2260 4143 2278 4144 2270 4144 2261 4144 2278 4145 2261 4145 2268 4145 2279 4146 2262 4146 2269 4146 2279 4147 2271 4147 2262 4147 2280 4148 2263 4148 2270 4148 2280 4149 2272 4149 2263 4149 2281 4150 2273 4150 2264 4150 2281 4151 2264 4151 2271 4151 2282 4152 2167 4152 2166 4152 2282 4153 2166 4153 2165 4153 2282 4154 2274 4154 2167 4154 2283 4155 2275 4155 2265 4155 2283 4156 2265 4156 2272 4156 2284 4157 2204 4157 2205 4157 2284 4158 2205 4158 2273 4158 2285 4159 2266 4159 2274 4159 2285 4160 2276 4160 2266 4160 2286 4161 2267 4161 2275 4161 2286 4162 2277 4162 2267 4162 2287 4163 2268 4163 2276 4163 2287 4164 2278 4164 2268 4164 2288 4165 2279 4165 2269 4165 2288 4166 2269 4166 2277 4166 2289 4167 2270 4167 2278 4167 2289 4168 2280 4168 2270 4168 2290 4169 2271 4169 2279 4169 2290 4170 2281 4170 2271 4170 2291 4171 2165 4171 2164 4171 2291 4172 2282 4172 2165 4172 2292 4173 2272 4173 2280 4173 2292 4174 2283 4174 2272 4174 2293 4175 2284 4175 2273 4175 2293 4176 2273 4176 2281 4176 2294 4177 2274 4177 2282 4177 2294 4178 2285 4178 2274 4178 2295 4179 2275 4179 2283 4179 2295 4180 2286 4180 2275 4180 2296 4181 2276 4181 2285 4181 2296 4182 2287 4182 2276 4182 2297 4183 2288 4183 2277 4183 2297 4184 2277 4184 2286 4184 2298 4185 2278 4185 2287 4185 2298 4186 2289 4186 2278 4186 2299 4187 2279 4187 2288 4187 2299 4188 2290 4188 2279 4188 2300 4189 2291 4189 2164 4189 2300 4190 2164 4190 2163 4190 2300 4191 2163 4191 2162 4191 2301 4192 2280 4192 2289 4192 2301 4193 2292 4193 2280 4193 2302 4194 2281 4194 2290 4194 2302 4195 2293 4195 2281 4195 2303 4196 2282 4196 2291 4196 2303 4197 2294 4197 2282 4197 2304 4198 2295 4198 2283 4198 2304 4199 2283 4199 2292 4199 2305 4200 2204 4200 2284 4200 2305 4201 2202 4201 2203 4201 2305 4202 2203 4202 2204 4202 2305 4203 2284 4203 2293 4203 2306 4204 2296 4204 2285 4204 2306 4205 2285 4205 2294 4205 2307 4206 2297 4206 2286 4206 2307 4207 2286 4207 2295 4207 2308 4208 2287 4208 2296 4208 2308 4209 2298 4209 2287 4209 2309 4210 2299 4210 2288 4210 2309 4211 2288 4211 2297 4211 2310 4212 2300 4212 2162 4212 2310 4213 2162 4213 2161 4213 2311 4214 2289 4214 2298 4214 2311 4215 2301 4215 2289 4215 2312 4216 2290 4216 2299 4216 2312 4217 2302 4217 2290 4217 2313 4218 2291 4218 2300 4218 2313 4219 2303 4219 2291 4219 2314 4220 2304 4220 2292 4220 2314 4221 2292 4221 2301 4221 2315 4222 2305 4222 2293 4222 2315 4223 2293 4223 2302 4223 2316 4224 2294 4224 2303 4224 2316 4225 2306 4225 2294 4225 2317 4226 2295 4226 2304 4226 2317 4227 2307 4227 2295 4227 2318 4228 2201 4228 2202 4228 2318 4229 2202 4229 2305 4229 2319 4230 2296 4230 2306 4230 2319 4231 2308 4231 2296 4231 2320 4232 2309 4232 2297 4232 2320 4233 2297 4233 2307 4233 2321 4234 2310 4234 2161 4234 2321 4235 2161 4235 2160 4235 2322 4236 2298 4236 2308 4236 2322 4237 2311 4237 2298 4237 2323 4238 2312 4238 2299 4238 2323 4239 2299 4239 2309 4239 2324 4240 2313 4240 2300 4240 2324 4241 2300 4241 2310 4241 2325 4242 2301 4242 2311 4242 2325 4243 2314 4243 2301 4243 2326 4244 2302 4244 2312 4244 2326 4245 2315 4245 2302 4245 2327 4246 2303 4246 2313 4246 2327 4247 2316 4247 2303 4247 2328 4248 2317 4248 2304 4248 2328 4249 2304 4249 2314 4249 2329 4250 2305 4250 2315 4250 2329 4251 2318 4251 2305 4251 2330 4252 2306 4252 2316 4252 2330 4253 2319 4253 2306 4253 2331 4254 2320 4254 2307 4254 2331 4255 2307 4255 2317 4255 2332 4256 2321 4256 2160 4256 2332 4257 2160 4257 2159 4257 2332 4258 2159 4258 2158 4258 2333 4259 2308 4259 2319 4259 2333 4260 2322 4260 2308 4260 2334 4261 2323 4261 2309 4261 2334 4262 2309 4262 2320 4262 2335 4263 2310 4263 2321 4263 2335 4264 2324 4264 2310 4264 2336 4265 2325 4265 2311 4265 2336 4266 2311 4266 2322 4266 2337 4267 2312 4267 2323 4267 2337 4268 2326 4268 2312 4268 2338 4269 2313 4269 2324 4269 2338 4270 2327 4270 2313 4270 2339 4271 2314 4271 2325 4271 2339 4272 2328 4272 2314 4272 2340 4273 2315 4273 2326 4273 2340 4274 2329 4274 2315 4274 2341 4275 2330 4275 2316 4275 2341 4276 2316 4276 2327 4276 2342 4277 2331 4277 2317 4277 2342 4278 2317 4278 2328 4278 2343 4279 2200 4279 2201 4279 2343 4280 2318 4280 2329 4280 2343 4281 2201 4281 2318 4281 2344 4282 2332 4282 2158 4282 2344 4283 2158 4283 2157 4283 2345 4284 2319 4284 2330 4284 2345 4285 2333 4285 2319 4285 2346 4286 2334 4286 2320 4286 2346 4287 2320 4287 2331 4287 2347 4288 2335 4288 2321 4288 2347 4289 2321 4289 2332 4289 2348 4290 2322 4290 2333 4290 2348 4291 2336 4291 2322 4291 2349 4292 2337 4292 2323 4292 2349 4293 2323 4293 2334 4293 2350 4294 2338 4294 2324 4294 2350 4295 2324 4295 2335 4295 2351 4296 2339 4296 2325 4296 2351 4297 2325 4297 2336 4297 2352 4298 2340 4298 2326 4298 2352 4299 2326 4299 2337 4299 2353 4300 2341 4300 2327 4300 2353 4301 2327 4301 2338 4301 2354 4302 2328 4302 2339 4302 2354 4303 2342 4303 2328 4303 2355 4304 2343 4304 2329 4304 2355 4305 2329 4305 2340 4305 2356 4306 2157 4306 2156 4306 2356 4307 2156 4307 2155 4307 2356 4308 2344 4308 2157 4308 2357 4309 2330 4309 2341 4309 2357 4310 2345 4310 2330 4310 2358 4311 2331 4311 2342 4311 2358 4312 2346 4312 2331 4312 2359 4313 2198 4313 2199 4313 2359 4314 2199 4314 2200 4314 2359 4315 2200 4315 2343 4315 2360 4316 2332 4316 2344 4316 2360 4317 2347 4317 2332 4317 2361 4318 2348 4318 2333 4318 2361 4319 2333 4319 2345 4319 2362 4320 2334 4320 2346 4320 2362 4321 2349 4321 2334 4321 2363 4322 2350 4322 2335 4322 2363 4323 2335 4323 2347 4323 2364 4324 2336 4324 2348 4324 2364 4325 2351 4325 2336 4325 2365 4326 2352 4326 2337 4326 2365 4327 2337 4327 2349 4327 2366 4328 2338 4328 2350 4328 2366 4329 2353 4329 2338 4329 2367 4330 2339 4330 2351 4330 2367 4331 2354 4331 2339 4331 2368 4332 2340 4332 2352 4332 2368 4333 2355 4333 2340 4333 2369 4334 2155 4334 2217 4334 2369 4335 2356 4335 2155 4335 2369 4336 2217 4336 2370 4336 2371 4337 2357 4337 2341 4337 2371 4338 2341 4338 2353 4338 2372 4339 2358 4339 2342 4339 2372 4340 2342 4340 2354 4340 2373 4341 2343 4341 2355 4341 2373 4342 2359 4342 2343 4342 2374 4343 2344 4343 2356 4343 2374 4344 2360 4344 2344 4344 2375 4345 2361 4345 2345 4345 2375 4346 2345 4346 2357 4346 2376 4347 2346 4347 2358 4347 2376 4348 2362 4348 2346 4348 2377 4349 2347 4349 2360 4349 2377 4350 2363 4350 2347 4350 2378 4351 2348 4351 2361 4351 2378 4352 2364 4352 2348 4352 2379 4353 2365 4353 2349 4353 2379 4354 2349 4354 2362 4354 2380 4355 2350 4355 2363 4355 2380 4356 2366 4356 2350 4356 2381 4357 2367 4357 2351 4357 2381 4358 2351 4358 2364 4358 2382 4359 2368 4359 2352 4359 2382 4360 2352 4360 2365 4360 2383 4361 2353 4361 2366 4361 2383 4362 2371 4362 2353 4362 2384 4363 2354 4363 2367 4363 2384 4364 2372 4364 2354 4364 2385 4365 2355 4365 2368 4365 2385 4366 2373 4366 2355 4366 2386 4367 2374 4367 2356 4367 2386 4368 2356 4368 2369 4368 2386 4369 2369 4369 2370 4369 2386 4370 2370 4370 2387 4370 2388 4371 2357 4371 2371 4371 2388 4372 2375 4372 2357 4372 2389 4373 2376 4373 2358 4373 2389 4374 2358 4374 2372 4374 2390 4375 2198 4375 2359 4375 2390 4376 2197 4376 2198 4376 2390 4377 2359 4377 2373 4377 2391 4378 2360 4378 2374 4378 2391 4379 2377 4379 2360 4379 2392 4380 2361 4380 2375 4380 2392 4381 2378 4381 2361 4381 2393 4382 2362 4382 2376 4382 2393 4383 2379 4383 2362 4383 2394 4384 2363 4384 2377 4384 2394 4385 2380 4385 2363 4385 2395 4386 2364 4386 2378 4386 2395 4387 2381 4387 2364 4387 2396 4388 2382 4388 2365 4388 2396 4389 2365 4389 2379 4389 2397 4390 2366 4390 2380 4390 2397 4391 2383 4391 2366 4391 2398 4392 2367 4392 2381 4392 2398 4393 2384 4393 2367 4393 2399 4394 2385 4394 2368 4394 2399 4395 2368 4395 2382 4395 2400 4396 2371 4396 2383 4396 2400 4397 2388 4397 2371 4397 2401 4398 2372 4398 2384 4398 2401 4399 2389 4399 2372 4399 2402 4400 2373 4400 2385 4400 2402 4401 2390 4401 2373 4401 2403 4402 2374 4402 2386 4402 2403 4403 2391 4403 2374 4403 2404 4404 2375 4404 2388 4404 2404 4405 2392 4405 2375 4405 2405 4406 2376 4406 2389 4406 2405 4407 2393 4407 2376 4407 2406 4408 2195 4408 2196 4408 2406 4409 2196 4409 2197 4409 2406 4410 2197 4410 2390 4410 2407 4411 2394 4411 2377 4411 2407 4412 2377 4412 2391 4412 2408 4413 2395 4413 2378 4413 2408 4414 2378 4414 2392 4414 2409 4415 2379 4415 2393 4415 2409 4416 2396 4416 2379 4416 2410 4417 2380 4417 2394 4417 2410 4418 2397 4418 2380 4418 2411 4419 2381 4419 2395 4419 2411 4420 2398 4420 2381 4420 2412 4421 2399 4421 2382 4421 2412 4422 2382 4422 2396 4422 2413 4423 2383 4423 2397 4423 2413 4424 2400 4424 2383 4424 2414 4425 2401 4425 2384 4425 2414 4426 2384 4426 2398 4426 2415 4427 2402 4427 2385 4427 2415 4428 2385 4428 2399 4428 2416 4429 2386 4429 2387 4429 2416 4430 2417 4430 2418 4430 2416 4431 2387 4431 2417 4431 2416 4432 2403 4432 2386 4432 2419 4433 2404 4433 2388 4433 2419 4434 2388 4434 2400 4434 2420 4435 2405 4435 2389 4435 2420 4436 2389 4436 2401 4436 2421 4437 2390 4437 2402 4437 2421 4438 2406 4438 2390 4438 2422 4439 2407 4439 2391 4439 2422 4440 2391 4440 2403 4440 2423 4441 2408 4441 2392 4441 2423 4442 2392 4442 2404 4442 2424 4443 2409 4443 2393 4443 2424 4444 2393 4444 2405 4444 2425 4445 2394 4445 2407 4445 2425 4446 2410 4446 2394 4446 2426 4447 2395 4447 2408 4447 2426 4448 2411 4448 2395 4448 2427 4449 2396 4449 2409 4449 2427 4450 2412 4450 2396 4450 2428 4451 2413 4451 2397 4451 2428 4452 2397 4452 2410 4452 2429 4453 2414 4453 2398 4453 2429 4454 2398 4454 2411 4454 2430 4455 2415 4455 2399 4455 2430 4456 2399 4456 2412 4456 2431 4457 2419 4457 2400 4457 2431 4458 2400 4458 2413 4458 2432 4459 2420 4459 2401 4459 2432 4460 2401 4460 2414 4460 2433 4461 2402 4461 2415 4461 2433 4462 2421 4462 2402 4462 2434 4463 2422 4463 2403 4463 2434 4464 2416 4464 2418 4464 2434 4465 2403 4465 2416 4465 2434 4466 2418 4466 2435 4466 2436 4467 2423 4467 2404 4467 2436 4468 2404 4468 2419 4468 2437 4469 2405 4469 2420 4469 2437 4470 2424 4470 2405 4470 2438 4471 2194 4471 2195 4471 2438 4472 2195 4472 2406 4472 2438 4473 2406 4473 2421 4473 2439 4474 2407 4474 2422 4474 2439 4475 2425 4475 2407 4475 2440 4476 2426 4476 2408 4476 2440 4477 2408 4477 2423 4477 2441 4478 2409 4478 2424 4478 2441 4479 2427 4479 2409 4479 2442 4480 2428 4480 2410 4480 2442 4481 2410 4481 2425 4481 2443 4482 2411 4482 2426 4482 2443 4483 2429 4483 2411 4483 2444 4484 2430 4484 2412 4484 2444 4485 2412 4485 2427 4485 2445 4486 2431 4486 2413 4486 2445 4487 2413 4487 2428 4487 2446 4488 2432 4488 2414 4488 2446 4489 2414 4489 2429 4489 2447 4490 2415 4490 2430 4490 2447 4491 2433 4491 2415 4491 2448 4492 2436 4492 2419 4492 2448 4493 2419 4493 2431 4493 2449 4494 2420 4494 2432 4494 2449 4495 2437 4495 2420 4495 2450 4496 2421 4496 2433 4496 2450 4497 2438 4497 2421 4497 2451 4498 2439 4498 2422 4498 2451 4499 2422 4499 2434 4499 2452 4500 2440 4500 2423 4500 2452 4501 2423 4501 2436 4501 2453 4502 2424 4502 2437 4502 2453 4503 2441 4503 2424 4503 2454 4504 2193 4504 2194 4504 2454 4505 2194 4505 2438 4505 2455 4506 2425 4506 2439 4506 2455 4507 2442 4507 2425 4507 2456 4508 2426 4508 2440 4508 2456 4509 2443 4509 2426 4509 2457 4510 2444 4510 2427 4510 2457 4511 2427 4511 2441 4511 2458 4512 2445 4512 2428 4512 2458 4513 2428 4513 2442 4513 2459 4514 2446 4514 2429 4514 2459 4515 2429 4515 2443 4515 2460 4516 2447 4516 2430 4516 2460 4517 2430 4517 2444 4517 2461 4518 2448 4518 2431 4518 2461 4519 2431 4519 2445 4519 2462 4520 2449 4520 2432 4520 2462 4521 2432 4521 2446 4521 2463 4522 2433 4522 2447 4522 2463 4523 2450 4523 2433 4523 2464 4524 2434 4524 2435 4524 2464 4525 2451 4525 2434 4525 2464 4526 2465 4526 2466 4526 2464 4527 2435 4527 2465 4527 2467 4528 2452 4528 2436 4528 2467 4529 2436 4529 2448 4529 2468 4530 2453 4530 2437 4530 2468 4531 2437 4531 2449 4531 2469 4532 2438 4532 2450 4532 2469 4533 2454 4533 2438 4533 2470 4534 2439 4534 2451 4534 2470 4535 2455 4535 2439 4535 2471 4536 2456 4536 2440 4536 2471 4537 2440 4537 2452 4537 2472 4538 2457 4538 2441 4538 2472 4539 2441 4539 2453 4539 2473 4540 2442 4540 2455 4540 2473 4541 2458 4541 2442 4541 2474 4542 2459 4542 2443 4542 2474 4543 2443 4543 2456 4543 2475 4544 2444 4544 2457 4544 2475 4545 2460 4545 2444 4545 2476 4546 2445 4546 2458 4546 2476 4547 2461 4547 2445 4547 2477 4548 2446 4548 2459 4548 2477 4549 2462 4549 2446 4549 2478 4550 2447 4550 2460 4550 2478 4551 2463 4551 2447 4551 2479 4552 2448 4552 2461 4552 2479 4553 2467 4553 2448 4553 2480 4554 2449 4554 2462 4554 2480 4555 2468 4555 2449 4555 2481 4556 2450 4556 2463 4556 2481 4557 2469 4557 2450 4557 2482 4558 2464 4558 2466 4558 2482 4559 2451 4559 2464 4559 2482 4560 2470 4560 2451 4560 2482 4561 2466 4561 2483 4561 2484 4562 2471 4562 2452 4562 2484 4563 2452 4563 2467 4563 2485 4564 2453 4564 2468 4564 2485 4565 2472 4565 2453 4565 2486 4566 2191 4566 2192 4566 2486 4567 2192 4567 2193 4567 2486 4568 2454 4568 2469 4568 2486 4569 2193 4569 2454 4569 2487 4570 2455 4570 2470 4570 2487 4571 2473 4571 2455 4571 2488 4572 2474 4572 2456 4572 2488 4573 2456 4573 2471 4573 2489 4574 2457 4574 2472 4574 2489 4575 2475 4575 2457 4575 2490 4576 2458 4576 2473 4576 2490 4577 2476 4577 2458 4577 2491 4578 2477 4578 2459 4578 2491 4579 2459 4579 2474 4579 2492 4580 2478 4580 2460 4580 2492 4581 2460 4581 2475 4581 2493 4582 2479 4582 2461 4582 2493 4583 2461 4583 2476 4583 2494 4584 2462 4584 2477 4584 2494 4585 2480 4585 2462 4585 2495 4586 2463 4586 2478 4586 2495 4587 2481 4587 2463 4587 2496 4588 2467 4588 2479 4588 2496 4589 2484 4589 2467 4589 2497 4590 2485 4590 2468 4590 2497 4591 2468 4591 2480 4591 2498 4592 2469 4592 2481 4592 2498 4593 2486 4593 2469 4593 2499 4594 2487 4594 2470 4594 2499 4595 2470 4595 2482 4595 2500 4596 2488 4596 2471 4596 2500 4597 2471 4597 2484 4597 2501 4598 2489 4598 2472 4598 2501 4599 2472 4599 2485 4599 2502 4600 2190 4600 2191 4600 2502 4601 2191 4601 2486 4601 2503 4602 2490 4602 2473 4602 2503 4603 2473 4603 2487 4603 2504 4604 2474 4604 2488 4604 2504 4605 2491 4605 2474 4605 2505 4606 2475 4606 2489 4606 2505 4607 2492 4607 2475 4607 2506 4608 2476 4608 2490 4608 2506 4609 2493 4609 2476 4609 2507 4610 2494 4610 2477 4610 2507 4611 2477 4611 2491 4611 2508 4612 2478 4612 2492 4612 2508 4613 2495 4613 2478 4613 2509 4614 2496 4614 2479 4614 2509 4615 2479 4615 2493 4615 2510 4616 2480 4616 2494 4616 2510 4617 2497 4617 2480 4617 2511 4618 2481 4618 2495 4618 2511 4619 2498 4619 2481 4619 2512 4620 2499 4620 2482 4620 2512 4621 2482 4621 2483 4621 2512 4622 2483 4622 2513 4622 2514 4623 2484 4623 2496 4623 2514 4624 2500 4624 2484 4624 2515 4625 2485 4625 2497 4625 2515 4626 2501 4626 2485 4626 2516 4627 2486 4627 2498 4627 2516 4628 2502 4628 2486 4628 2517 4629 2503 4629 2487 4629 2517 4630 2487 4630 2499 4630 2518 4631 2488 4631 2500 4631 2518 4632 2504 4632 2488 4632 2519 4633 2489 4633 2501 4633 2519 4634 2505 4634 2489 4634 2520 4635 2490 4635 2503 4635 2520 4636 2506 4636 2490 4636 2521 4637 2491 4637 2504 4637 2521 4638 2507 4638 2491 4638 2522 4639 2492 4639 2505 4639 2522 4640 2508 4640 2492 4640 2523 4641 2493 4641 2506 4641 2523 4642 2509 4642 2493 4642 2524 4643 2494 4643 2507 4643 2524 4644 2510 4644 2494 4644 2525 4645 2495 4645 2508 4645 2525 4646 2511 4646 2495 4646 2526 4647 2514 4647 2496 4647 2526 4648 2496 4648 2509 4648 2527 4649 2497 4649 2510 4649 2527 4650 2515 4650 2497 4650 2528 4651 2498 4651 2511 4651 2528 4652 2516 4652 2498 4652 2529 4653 2517 4653 2499 4653 2529 4654 2499 4654 2512 4654 2529 4655 2512 4655 2513 4655 2529 4656 2530 4656 2531 4656 2529 4657 2513 4657 2530 4657 2532 4658 2518 4658 2500 4658 2532 4659 2500 4659 2514 4659 2533 4660 2519 4660 2501 4660 2533 4661 2501 4661 2515 4661 2534 4662 2188 4662 2189 4662 2534 4663 2189 4663 2190 4663 2534 4664 2190 4664 2502 4664 2534 4665 2502 4665 2516 4665 2535 4666 2503 4666 2517 4666 2535 4667 2520 4667 2503 4667 2536 4668 2521 4668 2504 4668 2536 4669 2504 4669 2518 4669 2537 4670 2505 4670 2519 4670 2537 4671 2522 4671 2505 4671 2538 4672 2523 4672 2506 4672 2538 4673 2506 4673 2520 4673 2539 4674 2507 4674 2521 4674 2539 4675 2524 4675 2507 4675 2540 4676 2525 4676 2508 4676 2540 4677 2508 4677 2522 4677 2541 4678 2509 4678 2523 4678 2541 4679 2526 4679 2509 4679 2542 4680 2510 4680 2524 4680 2542 4681 2527 4681 2510 4681 2543 4682 2528 4682 2511 4682 2543 4683 2511 4683 2525 4683 2544 4684 2514 4684 2526 4684 2544 4685 2532 4685 2514 4685 2545 4686 2533 4686 2515 4686 2545 4687 2515 4687 2527 4687 2546 4688 2516 4688 2528 4688 2546 4689 2534 4689 2516 4689 2547 4690 2517 4690 2529 4690 2547 4691 2535 4691 2517 4691 2548 4692 2536 4692 2518 4692 2548 4693 2518 4693 2532 4693 2549 4694 2537 4694 2519 4694 2549 4695 2519 4695 2533 4695 2550 4696 2187 4696 2188 4696 2550 4697 2188 4697 2534 4697 2551 4698 2538 4698 2520 4698 2551 4699 2520 4699 2535 4699 2552 4700 2521 4700 2536 4700 2552 4701 2539 4701 2521 4701 2553 4702 2540 4702 2522 4702 2553 4703 2522 4703 2537 4703 2554 4704 2523 4704 2538 4704 2554 4705 2541 4705 2523 4705 2555 4706 2542 4706 2524 4706 2555 4707 2524 4707 2539 4707 2556 4708 2525 4708 2540 4708 2556 4709 2543 4709 2525 4709 2557 4710 2526 4710 2541 4710 2557 4711 2544 4711 2526 4711 2558 4712 2545 4712 2527 4712 2558 4713 2527 4713 2542 4713 2559 4714 2546 4714 2528 4714 2559 4715 2528 4715 2543 4715 2560 4716 2547 4716 2529 4716 2560 4717 2531 4717 2561 4717 2560 4718 2529 4718 2531 4718 2562 4719 2548 4719 2532 4719 2562 4720 2532 4720 2544 4720 2563 4721 2533 4721 2545 4721 2563 4722 2549 4722 2533 4722 2564 4723 2534 4723 2546 4723 2564 4724 2550 4724 2534 4724 2565 4725 2535 4725 2547 4725 2565 4726 2551 4726 2535 4726 2566 4727 2552 4727 2536 4727 2566 4728 2536 4728 2548 4728 2567 4729 2553 4729 2537 4729 2567 4730 2537 4730 2549 4730 2568 4731 2554 4731 2538 4731 2568 4732 2538 4732 2551 4732 2569 4733 2555 4733 2539 4733 2569 4734 2539 4734 2552 4734 2570 4735 2556 4735 2540 4735 2570 4736 2540 4736 2553 4736 2571 4737 2557 4737 2541 4737 2571 4738 2541 4738 2554 4738 2572 4739 2542 4739 2555 4739 2572 4740 2558 4740 2542 4740 2573 4741 2543 4741 2556 4741 2573 4742 2559 4742 2543 4742 2574 4743 2544 4743 2557 4743 2574 4744 2562 4744 2544 4744 2575 4745 2545 4745 2558 4745 2575 4746 2563 4746 2545 4746 2576 4747 2546 4747 2559 4747 2576 4748 2564 4748 2546 4748 2577 4749 2565 4749 2547 4749 2577 4750 2547 4750 2560 4750 2577 4751 2560 4751 2561 4751 2577 4752 2578 4752 2579 4752 2577 4753 2561 4753 2578 4753 2580 4754 2566 4754 2548 4754 2580 4755 2548 4755 2562 4755 2581 4756 2567 4756 2549 4756 2581 4757 2549 4757 2563 4757 2582 4758 1325 4758 2186 4758 2582 4759 2186 4759 2187 4759 2582 4760 2550 4760 2564 4760 2582 4761 2187 4761 2550 4761 2583 4762 2568 4762 2551 4762 2583 4763 2551 4763 2565 4763 2584 4764 2569 4764 2552 4764 2584 4765 2552 4765 2566 4765 2585 4766 2570 4766 2553 4766 2585 4767 2553 4767 2567 4767 2586 4768 2571 4768 2554 4768 2586 4769 2554 4769 2568 4769 2587 4770 2555 4770 2569 4770 2587 4771 2572 4771 2555 4771 2588 4772 2556 4772 2570 4772 2588 4773 2573 4773 2556 4773 2589 4774 2557 4774 2571 4774 2589 4775 2574 4775 2557 4775 2590 4776 2558 4776 2572 4776 2590 4777 2575 4777 2558 4777 2591 4778 2559 4778 2573 4778 2591 4779 2576 4779 2559 4779 2592 4780 2580 4780 2562 4780 2592 4781 2562 4781 2574 4781 2593 4782 2581 4782 2563 4782 2593 4783 2563 4783 2575 4783 2594 4784 2564 4784 2576 4784 2594 4785 2582 4785 2564 4785 2594 4786 1325 4786 2582 4786 2595 4787 2583 4787 2565 4787 2595 4788 2565 4788 2577 4788 2596 4789 2584 4789 2566 4789 2596 4790 2566 4790 2580 4790 2597 4791 2567 4791 2581 4791 2597 4792 2585 4792 2567 4792 2598 4793 2586 4793 2568 4793 2598 4794 2568 4794 2583 4794 2599 4795 2569 4795 2584 4795 2599 4796 2587 4796 2569 4796 2600 4797 2570 4797 2585 4797 2600 4798 2588 4798 2570 4798 2601 4799 2571 4799 2586 4799 2601 4800 2589 4800 2571 4800 2602 4801 2572 4801 2587 4801 2602 4802 2590 4802 2572 4802 2603 4803 2591 4803 2573 4803 2603 4804 2573 4804 2588 4804 2604 4805 2574 4805 2589 4805 2604 4806 2592 4806 2574 4806 2605 4807 2593 4807 2575 4807 2605 4808 2575 4808 2590 4808 2606 4809 2576 4809 2591 4809 2606 4810 1325 4810 2594 4810 2606 4811 2594 4811 2576 4811 2607 4812 2577 4812 2579 4812 2607 4813 2595 4813 2577 4813 2607 4814 2579 4814 2608 4814 2609 4815 2596 4815 2580 4815 2609 4816 2580 4816 2592 4816 2610 4817 2581 4817 2593 4817 2610 4818 2597 4818 2581 4818 2611 4819 2598 4819 2583 4819 2611 4820 2583 4820 2595 4820 2612 4821 2584 4821 2596 4821 2612 4822 2599 4822 2584 4822 2613 4823 2585 4823 2597 4823 2613 4824 2600 4824 2585 4824 2614 4825 2586 4825 2598 4825 2614 4826 2601 4826 2586 4826 2615 4827 2587 4827 2599 4827 2615 4828 2602 4828 2587 4828 2616 4829 2588 4829 2600 4829 2616 4830 2603 4830 2588 4830 2617 4831 2604 4831 2589 4831 2617 4832 2589 4832 2601 4832 2618 4833 2590 4833 2602 4833 2618 4834 2605 4834 2590 4834 2619 4835 2606 4835 2591 4835 2619 4836 1325 4836 2606 4836 2619 4837 2591 4837 2603 4837 2620 4838 2609 4838 2592 4838 2620 4839 2592 4839 2604 4839 2621 4840 2593 4840 2605 4840 2621 4841 2610 4841 2593 4841 2622 4842 2611 4842 2595 4842 2622 4843 2595 4843 2607 4843 2622 4844 2607 4844 2608 4844 2622 4845 2608 4845 2623 4845 2624 4846 2596 4846 2609 4846 2624 4847 2612 4847 2596 4847 2625 4848 2597 4848 2610 4848 2625 4849 2613 4849 2597 4849 2626 4850 2598 4850 2611 4850 2626 4851 2614 4851 2598 4851 2627 4852 2599 4852 2612 4852 2627 4853 2615 4853 2599 4853 2628 4854 2600 4854 2613 4854 2628 4855 2616 4855 2600 4855 2629 4856 2617 4856 2601 4856 2629 4857 2601 4857 2614 4857 2630 4858 2602 4858 2615 4858 2630 4859 2618 4859 2602 4859 2631 4860 1325 4860 2619 4860 2631 4861 2603 4861 2616 4861 2631 4862 2619 4862 2603 4862 2632 4863 2620 4863 2604 4863 2632 4864 2604 4864 2617 4864 2633 4865 2605 4865 2618 4865 2633 4866 2621 4866 2605 4866 2634 4867 2624 4867 2609 4867 2634 4868 2609 4868 2620 4868 2635 4869 2625 4869 2610 4869 2635 4870 2610 4870 2621 4870 2636 4871 2611 4871 2622 4871 2636 4872 2626 4872 2611 4872 2637 4873 2627 4873 2612 4873 2637 4874 2612 4874 2624 4874 2638 4875 2613 4875 2625 4875 2638 4876 2628 4876 2613 4876 2639 4877 2614 4877 2626 4877 2639 4878 2629 4878 2614 4878 2640 4879 2630 4879 2615 4879 2640 4880 2615 4880 2627 4880 2641 4881 1325 4881 2631 4881 2641 4882 2616 4882 2628 4882 2641 4883 2631 4883 2616 4883 2642 4884 2632 4884 2617 4884 2642 4885 2617 4885 2629 4885 2643 4886 2618 4886 2630 4886 2643 4887 2633 4887 2618 4887 2644 4888 2620 4888 2632 4888 2644 4889 2634 4889 2620 4889 2645 4890 2621 4890 2633 4890 2645 4891 2635 4891 2621 4891 2646 4892 2622 4892 2623 4892 2646 4893 2636 4893 2622 4893 2646 4894 2647 4894 2648 4894 2646 4895 2623 4895 2647 4895 2649 4896 2624 4896 2634 4896 2649 4897 2637 4897 2624 4897 2650 4898 2625 4898 2635 4898 2650 4899 2638 4899 2625 4899 2651 4900 2626 4900 2636 4900 2651 4901 2639 4901 2626 4901 2652 4902 2627 4902 2637 4902 2652 4903 2640 4903 2627 4903 2653 4904 2641 4904 2628 4904 2653 4905 1325 4905 2641 4905 2653 4906 2628 4906 2638 4906 2654 4907 2642 4907 2629 4907 2654 4908 2629 4908 2639 4908 2655 4909 2643 4909 2630 4909 2655 4910 2630 4910 2640 4910 2656 4911 2644 4911 2632 4911 2656 4912 2632 4912 2642 4912 2657 4913 2633 4913 2643 4913 2657 4914 2645 4914 2633 4914 2658 4915 2649 4915 2634 4915 2658 4916 2634 4916 2644 4916 2659 4917 2650 4917 2635 4917 2659 4918 2635 4918 2645 4918 2660 4919 2636 4919 2646 4919 2660 4920 2646 4920 2648 4920 2660 4921 2651 4921 2636 4921 2660 4922 2648 4922 2661 4922 2662 4923 2637 4923 2649 4923 2662 4924 2652 4924 2637 4924 2663 4925 2638 4925 2650 4925 2663 4926 2653 4926 2638 4926 2663 4927 1325 4927 2653 4927 2664 4928 2654 4928 2639 4928 2664 4929 2639 4929 2651 4929 2665 4930 2640 4930 2652 4930 2665 4931 2655 4931 2640 4931 2666 4932 2656 4932 2642 4932 2666 4933 2642 4933 2654 4933 2667 4934 2643 4934 2655 4934 2667 4935 2657 4935 2643 4935 2668 4936 2658 4936 2644 4936 2668 4937 2644 4937 2656 4937 2669 4938 2659 4938 2645 4938 2669 4939 2645 4939 2657 4939 2670 4940 2649 4940 2658 4940 2670 4941 2662 4941 2649 4941 2671 4942 1325 4942 2663 4942 2671 4943 2650 4943 2659 4943 2671 4944 2663 4944 2650 4944 2672 4945 2651 4945 2660 4945 2672 4946 2664 4946 2651 4946 2673 4947 2652 4947 2662 4947 2673 4948 2665 4948 2652 4948 2674 4949 2654 4949 2664 4949 2674 4950 2666 4950 2654 4950 2675 4951 2655 4951 2665 4951 2675 4952 2667 4952 2655 4952 2676 4953 2656 4953 2666 4953 2676 4954 2668 4954 2656 4954 2677 4955 2657 4955 2667 4955 2677 4956 2669 4956 2657 4956 2678 4957 2670 4957 2658 4957 2678 4958 2658 4958 2668 4958 2679 4959 1325 4959 2671 4959 2679 4960 2659 4960 2669 4960 2679 4961 2671 4961 2659 4961 2680 4962 2660 4962 2661 4962 2680 4963 2672 4963 2660 4963 2680 4964 2681 4964 2682 4964 2680 4965 2661 4965 2681 4965 2683 4966 2673 4966 2662 4966 2683 4967 2662 4967 2670 4967 2684 4968 2674 4968 2664 4968 2684 4969 2664 4969 2672 4969 2685 4970 2665 4970 2673 4970 2685 4971 2675 4971 2665 4971 2686 4972 2666 4972 2674 4972 2686 4973 2676 4973 2666 4973 2687 4974 2677 4974 2667 4974 2687 4975 2667 4975 2675 4975 2688 4976 2668 4976 2676 4976 2688 4977 2678 4977 2668 4977 2689 4978 2679 4978 2669 4978 2689 4979 2669 4979 2677 4979 2689 4980 1325 4980 2679 4980 2690 4981 2683 4981 2670 4981 2690 4982 2670 4982 2678 4982 2691 4983 2672 4983 2680 4983 2691 4984 2680 4984 2682 4984 2691 4985 2682 4985 2692 4985 2691 4986 2684 4986 2672 4986 2693 4987 2673 4987 2683 4987 2693 4988 2685 4988 2673 4988 2694 4989 2686 4989 2674 4989 2694 4990 2674 4990 2684 4990 2695 4991 2687 4991 2675 4991 2695 4992 2675 4992 2685 4992 2696 4993 2688 4993 2676 4993 2696 4994 2676 4994 2686 4994 2697 4995 1325 4995 2689 4995 2697 4996 2677 4996 2687 4996 2697 4997 2689 4997 2677 4997 2698 4998 2678 4998 2688 4998 2698 4999 2690 4999 2678 4999 2699 5000 2683 5000 2690 5000 2699 5001 2693 5001 2683 5001 2700 5002 2684 5002 2691 5002 2700 5003 2694 5003 2684 5003 2701 5004 2685 5004 2693 5004 2701 5005 2695 5005 2685 5005 2702 5006 2696 5006 2686 5006 2702 5007 2686 5007 2694 5007 2703 5008 1325 5008 2697 5008 2703 5009 2687 5009 2695 5009 2703 5010 2697 5010 2687 5010 2704 5011 2698 5011 2688 5011 2704 5012 2688 5012 2696 5012 2705 5013 2690 5013 2698 5013 2705 5014 2699 5014 2690 5014 2706 5015 2700 5015 2691 5015 2706 5016 2691 5016 2692 5016 2706 5017 2692 5017 2707 5017 2708 5018 2701 5018 2693 5018 2708 5019 2693 5019 2699 5019 2709 5020 2694 5020 2700 5020 2709 5021 2702 5021 2694 5021 2710 5022 1325 5022 2703 5022 2710 5023 2695 5023 2701 5023 2710 5024 2703 5024 2695 5024 2711 5025 2696 5025 2702 5025 2711 5026 2704 5026 2696 5026 2712 5027 2698 5027 2704 5027 2712 5028 2705 5028 2698 5028 2713 5029 2708 5029 2699 5029 2713 5030 2699 5030 2705 5030 2714 5031 2709 5031 2700 5031 2714 5032 2700 5032 2706 5032 2714 5033 2715 5033 2716 5033 2714 5034 2707 5034 2715 5034 2714 5035 2706 5035 2707 5035 2717 5036 1325 5036 2710 5036 2717 5037 2701 5037 2708 5037 2717 5038 2710 5038 2701 5038 2718 5039 2702 5039 2709 5039 2718 5040 2711 5040 2702 5040 2719 5041 2704 5041 2711 5041 2719 5042 2712 5042 2704 5042 2720 5043 2705 5043 2712 5043 2720 5044 2713 5044 2705 5044 2721 5045 1325 5045 2717 5045 2721 5046 2708 5046 2713 5046 2721 5047 2717 5047 2708 5047 2722 5048 2709 5048 2714 5048 2722 5049 2718 5049 2709 5049 2723 5050 2719 5050 2711 5050 2723 5051 2711 5051 2718 5051 2724 5052 2712 5052 2719 5052 2724 5053 2720 5053 2712 5053 2725 5054 1325 5054 2721 5054 2725 5055 2721 5055 2713 5055 2725 5056 2713 5056 2720 5056 2726 5057 2722 5057 2714 5057 2726 5058 2716 5058 2727 5058 2726 5059 2714 5059 2716 5059 2728 5060 2718 5060 2722 5060 2728 5061 2723 5061 2718 5061 2729 5062 2724 5062 2719 5062 2729 5063 2719 5063 2723 5063 2730 5064 1325 5064 2725 5064 2730 5065 2725 5065 2720 5065 2730 5066 2720 5066 2724 5066 2731 5067 2728 5067 2722 5067 2731 5068 2726 5068 2727 5068 2731 5069 2732 5069 2733 5069 2731 5070 2727 5070 2732 5070 2731 5071 2722 5071 2726 5071 2734 5072 2729 5072 2723 5072 2734 5073 2723 5073 2728 5073 2735 5074 1325 5074 2730 5074 2735 5075 2724 5075 2729 5075 2735 5076 2730 5076 2724 5076 2736 5077 2728 5077 2731 5077 2736 5078 2734 5078 2728 5078 2737 5079 1325 5079 2735 5079 2737 5080 2729 5080 2734 5080 2737 5081 2735 5081 2729 5081 2738 5082 2731 5082 2733 5082 2738 5083 2736 5083 2731 5083 2738 5084 2733 5084 2739 5084 2740 5085 2734 5085 2736 5085 2740 5086 2737 5086 2734 5086 2740 5087 1325 5087 2737 5087 2741 5088 2740 5088 2736 5088 2741 5089 2736 5089 2738 5089 2741 5090 2738 5090 2739 5090 2741 5091 1325 5091 2740 5091 2741 5092 2742 5092 1325 5092 2741 5093 2739 5093 2742 5093 1360 5094 1325 5094 2742 5094 1360 5095 1323 5095 1325 5095 1361 5096 2742 5096 2739 5096 1361 5097 1360 5097 2742 5097 1362 5098 2739 5098 2733 5098 1362 5099 1361 5099 2739 5099 1363 5100 1362 5100 2733 5100 1364 5101 2733 5101 2732 5101 1364 5102 1363 5102 2733 5102 1365 5103 2732 5103 2727 5103 1365 5104 1364 5104 2732 5104 1366 5105 2727 5105 2716 5105 1366 5106 1365 5106 2727 5106 1367 5107 1366 5107 2716 5107 1367 5108 2716 5108 2715 5108 1368 5109 1367 5109 2715 5109 1369 5110 1368 5110 2715 5110 1369 5111 2715 5111 2707 5111 1370 5112 2707 5112 2692 5112 1370 5113 1369 5113 2707 5113 1371 5114 2692 5114 2682 5114 1371 5115 1370 5115 2692 5115 1372 5116 2682 5116 2681 5116 1372 5117 1371 5117 2682 5117 1373 5118 1372 5118 2681 5118 1374 5119 2681 5119 2661 5119 1374 5120 1373 5120 2681 5120 1375 5121 2661 5121 2648 5121 1375 5122 1374 5122 2661 5122 1376 5123 2648 5123 2647 5123 1376 5124 1375 5124 2648 5124 1377 5125 2647 5125 2623 5125 1377 5126 1376 5126 2647 5126 1378 5127 2623 5127 2608 5127 1378 5128 1377 5128 2623 5128 1379 5129 2608 5129 2579 5129 1379 5130 1378 5130 2608 5130 1380 5131 2579 5131 2578 5131 1380 5132 1379 5132 2579 5132 1381 5133 2578 5133 2561 5133 1381 5134 1380 5134 2578 5134 1382 5135 2561 5135 2531 5135 1382 5136 1381 5136 2561 5136 1383 5137 2531 5137 2530 5137 1383 5138 1382 5138 2531 5138 1384 5139 2530 5139 2513 5139 1384 5140 1383 5140 2530 5140 1385 5141 2513 5141 2483 5141 1385 5142 1384 5142 2513 5142 1386 5143 2483 5143 2466 5143 1386 5144 1385 5144 2483 5144 1387 5145 2466 5145 2465 5145 1387 5146 1386 5146 2466 5146 1388 5147 2465 5147 2435 5147 1388 5148 1387 5148 2465 5148 1389 5149 2435 5149 2418 5149 1389 5150 1388 5150 2435 5150 1390 5151 1389 5151 2418 5151 1391 5152 2418 5152 2417 5152 1391 5153 1390 5153 2418 5153 1392 5154 2417 5154 2387 5154 1392 5155 1391 5155 2417 5155 1393 5156 1392 5156 2387 5156 1393 5157 2387 5157 2370 5157 1394 5158 1393 5158 2370 5158 1394 5159 2370 5159 2217 5159 1395 5160 1394 5160 2217 5160 1395 5161 2217 5161 1321 5161 1320 5162 1395 5162 1321 5162 225 5163 1493 5163 223 5163 221 5164 223 5164 1493 5164 227 5165 1493 5165 225 5165 219 5166 221 5166 1493 5166 229 5167 1493 5167 227 5167 217 5168 219 5168 1493 5168 231 5169 1493 5169 229 5169 215 5170 217 5170 1493 5170 232 5171 1493 5171 231 5171 213 5172 215 5172 1493 5172 235 5173 1493 5173 232 5173 211 5174 213 5174 1493 5174 237 5175 1493 5175 235 5175 209 5176 211 5176 1493 5176 239 5177 1493 5177 237 5177 207 5178 209 5178 1493 5178 241 5179 1493 5179 239 5179 205 5180 207 5180 1493 5180 243 5181 1493 5181 241 5181 245 5182 1493 5182 243 5182 247 5183 1493 5183 245 5183 249 5184 1493 5184 247 5184 250 5185 1493 5185 249 5185 253 5186 1493 5186 250 5186 255 5187 1497 5187 1493 5187 255 5188 1493 5188 253 5188 2743 5189 1497 5189 255 5189 2744 5190 1497 5190 2743 5190 2745 5191 1497 5191 2744 5191 2746 5192 1497 5192 2745 5192 2747 5193 1497 5193 2746 5193 2748 5194 1497 5194 2747 5194 2749 5195 1497 5195 2748 5195 2750 5196 1497 5196 2749 5196 2751 5197 1497 5197 2750 5197 2752 5198 1497 5198 2751 5198 2753 5199 1497 5199 2752 5199 2754 5200 1497 5200 2753 5200 2755 5201 1497 5201 2754 5201 2756 5202 1497 5202 2755 5202 2757 5203 1497 5203 2756 5203 2758 5204 1497 5204 2757 5204 2759 5205 1497 5205 2758 5205 1492 5206 195 5206 197 5206 1492 5207 197 5207 199 5207 1492 5208 199 5208 201 5208 1492 5209 201 5209 203 5209 1492 5210 203 5210 205 5210 1492 5211 205 5211 1493 5211 1492 5212 157 5212 159 5212 1492 5213 159 5213 161 5213 1492 5214 161 5214 163 5214 1492 5215 163 5215 165 5215 1492 5216 165 5216 167 5216 1492 5217 167 5217 169 5217 1492 5218 169 5218 171 5218 1492 5219 171 5219 173 5219 1492 5220 173 5220 175 5220 1492 5221 175 5221 177 5221 1492 5222 177 5222 179 5222 1492 5223 179 5223 181 5223 1492 5224 181 5224 183 5224 1492 5225 183 5225 185 5225 1492 5226 185 5226 187 5226 1492 5227 187 5227 189 5227 1492 5228 189 5228 191 5228 1492 5229 191 5229 193 5229 1492 5230 193 5230 195 5230 2760 5231 1497 5231 2759 5231 155 5232 157 5232 1492 5232 2761 5233 1497 5233 2760 5233 153 5234 155 5234 1492 5234 2762 5235 1497 5235 2761 5235 151 5236 153 5236 1492 5236 2763 5237 1497 5237 2762 5237 149 5238 151 5238 1492 5238 2764 5239 1497 5239 2763 5239 147 5240 149 5240 1492 5240 2765 5241 1497 5241 2764 5241 145 5242 147 5242 1492 5242 143 5243 145 5243 1492 5243 141 5244 143 5244 1492 5244 139 5245 141 5245 1492 5245 137 5246 139 5246 1492 5246 135 5247 137 5247 1492 5247 133 5248 135 5248 1492 5248 131 5249 133 5249 1492 5249 130 5250 131 5250 1492 5250 2766 5251 130 5251 1492 5251 2766 5252 2767 5252 2768 5252 2766 5253 2768 5253 2769 5253 2766 5254 2769 5254 2770 5254 2766 5255 2770 5255 2771 5255 2766 5256 2771 5256 2772 5256 2766 5257 2772 5257 2773 5257 2766 5258 2773 5258 2774 5258 2766 5259 2774 5259 2775 5259 2766 5260 2775 5260 2776 5260 2766 5261 2776 5261 2777 5261 2766 5262 2777 5262 2778 5262 2766 5263 2778 5263 2779 5263 2766 5264 2779 5264 2780 5264 2766 5265 2780 5265 2781 5265 2766 5266 2781 5266 2782 5266 2766 5267 2782 5267 2783 5267 2766 5268 2783 5268 2784 5268 2766 5269 2784 5269 2785 5269 2766 5270 2785 5270 2786 5270 2766 5271 2786 5271 2787 5271 2766 5272 2787 5272 2788 5272 2766 5273 2788 5273 2789 5273 2766 5274 2789 5274 2790 5274 2766 5275 2790 5275 2791 5275 2766 5276 2791 5276 2792 5276 2766 5277 2792 5277 2793 5277 2766 5278 2793 5278 2794 5278 2766 5279 2794 5279 2795 5279 2766 5280 2795 5280 2796 5280 2766 5281 2796 5281 2797 5281 2766 5282 2797 5282 2798 5282 2766 5283 2798 5283 2799 5283 2766 5284 2799 5284 2800 5284 2766 5285 2800 5285 2801 5285 2766 5286 2801 5286 2802 5286 2766 5287 2802 5287 2803 5287 2766 5288 2803 5288 130 5288 2766 5289 1497 5289 2767 5289 2767 5290 1497 5290 2804 5290 2804 5291 1497 5291 2805 5291 2805 5292 1497 5292 2765 5292 1499 5293 1498 5293 1497 5293 1500 5294 1497 5294 2766 5294 1500 5295 1499 5295 1497 5295 1500 5296 1492 5296 1495 5296 1500 5297 2766 5297 1492 5297 254 5298 2806 5298 255 5298 255 5299 2806 5299 2743 5299 2806 5300 2807 5300 2743 5300 2743 5301 2807 5301 2744 5301 2807 5302 2808 5302 2744 5302 2744 5303 2808 5303 2745 5303 2808 5304 2809 5304 2745 5304 2745 5305 2809 5305 2746 5305 2809 5306 2810 5306 2746 5306 2746 5307 2810 5307 2747 5307 2810 5308 2811 5308 2747 5308 2747 5309 2811 5309 2748 5309 2811 5310 2812 5310 2748 5310 2748 5311 2812 5311 2749 5311 2812 5312 2813 5312 2749 5312 2749 5313 2813 5313 2750 5313 2813 5314 2814 5314 2750 5314 2750 5315 2814 5315 2751 5315 2751 5316 2815 5316 2752 5316 2814 5317 2815 5317 2751 5317 2752 5318 2816 5318 2753 5318 2815 5319 2816 5319 2752 5319 2753 5320 2817 5320 2754 5320 2816 5321 2817 5321 2753 5321 2754 5322 2818 5322 2755 5322 2817 5323 2818 5323 2754 5323 2755 5324 2819 5324 2756 5324 2818 5325 2819 5325 2755 5325 2756 5326 2820 5326 2757 5326 2819 5327 2820 5327 2756 5327 2757 5328 2821 5328 2758 5328 2820 5329 2821 5329 2757 5329 2758 5330 2822 5330 2759 5330 2821 5331 2822 5331 2758 5331 2822 5332 2823 5332 2759 5332 2759 5333 2823 5333 2760 5333 2823 5334 2824 5334 2760 5334 2760 5335 2824 5335 2761 5335 2824 5336 2825 5336 2761 5336 2761 5337 2825 5337 2762 5337 2825 5338 2826 5338 2762 5338 2762 5339 2826 5339 2763 5339 2826 5340 2827 5340 2763 5340 2763 5341 2827 5341 2764 5341 2827 5342 2828 5342 2764 5342 2764 5343 2828 5343 2765 5343 2828 5344 2829 5344 2765 5344 2765 5345 2829 5345 2805 5345 2829 5346 2830 5346 2805 5346 2805 5347 2830 5347 2804 5347 2830 5348 2831 5348 2804 5348 2804 5349 2831 5349 2767 5349 2831 5350 2832 5350 2767 5350 2767 5351 2832 5351 2768 5351 2832 5352 2833 5352 2768 5352 2768 5353 2833 5353 2769 5353 2833 5354 2834 5354 2769 5354 2769 5355 2834 5355 2770 5355 2834 5356 2835 5356 2770 5356 2770 5357 2835 5357 2771 5357 2835 5358 2836 5358 2771 5358 2771 5359 2836 5359 2772 5359 2836 5360 2837 5360 2772 5360 2772 5361 2837 5361 2773 5361 2837 5362 2838 5362 2773 5362 2773 5363 2838 5363 2774 5363 2838 5364 2839 5364 2774 5364 2774 5365 2839 5365 2775 5365 2839 5366 2840 5366 2775 5366 2775 5367 2840 5367 2776 5367 2840 5368 2841 5368 2776 5368 2776 5369 2841 5369 2777 5369 2777 5370 2842 5370 2778 5370 2841 5371 2842 5371 2777 5371 2778 5372 2843 5372 2779 5372 2842 5373 2843 5373 2778 5373 2779 5374 2844 5374 2780 5374 2843 5375 2844 5375 2779 5375 2780 5376 2845 5376 2781 5376 2844 5377 2845 5377 2780 5377 2781 5378 2846 5378 2782 5378 2845 5379 2846 5379 2781 5379 2782 5380 2847 5380 2783 5380 2846 5381 2847 5381 2782 5381 2847 5382 2848 5382 2783 5382 2783 5383 2848 5383 2784 5383 2848 5384 2849 5384 2784 5384 2784 5385 2849 5385 2785 5385 2785 5386 2850 5386 2786 5386 2849 5387 2850 5387 2785 5387 2786 5388 2851 5388 2787 5388 2850 5389 2851 5389 2786 5389 2787 5390 2852 5390 2788 5390 2851 5391 2852 5391 2787 5391 2788 5392 2853 5392 2789 5392 2852 5393 2853 5393 2788 5393 2789 5394 2854 5394 2790 5394 2853 5395 2854 5395 2789 5395 2790 5396 2855 5396 2791 5396 2854 5397 2855 5397 2790 5397 2791 5398 2856 5398 2792 5398 2855 5399 2856 5399 2791 5399 2792 5400 2857 5400 2793 5400 2856 5401 2857 5401 2792 5401 2793 5402 2858 5402 2794 5402 2857 5403 2858 5403 2793 5403 2794 5404 2859 5404 2795 5404 2858 5405 2859 5405 2794 5405 2795 5406 2860 5406 2796 5406 2859 5407 2860 5407 2795 5407 2796 5408 2861 5408 2797 5408 2860 5409 2861 5409 2796 5409 2797 5410 2862 5410 2798 5410 2861 5411 2862 5411 2797 5411 2798 5412 2863 5412 2799 5412 2862 5413 2863 5413 2798 5413 2799 5414 2864 5414 2800 5414 2863 5415 2864 5415 2799 5415 2800 5416 2865 5416 2801 5416 2864 5417 2865 5417 2800 5417 2801 5418 2866 5418 2802 5418 2865 5419 2866 5419 2801 5419 2802 5420 2867 5420 2803 5420 2866 5421 2867 5421 2802 5421 2867 5422 128 5422 2803 5422 2803 5423 128 5423 130 5423 230 5424 228 5424 226 5424 230 5425 226 5425 224 5425 212 5426 216 5426 214 5426 238 5427 236 5427 234 5427 206 5428 210 5428 208 5428 244 5429 242 5429 240 5429 200 5430 206 5430 204 5430 200 5431 204 5431 202 5431 248 5432 246 5432 244 5432 248 5433 240 5433 238 5433 248 5434 244 5434 240 5434 196 5435 200 5435 198 5435 2807 5436 2806 5436 254 5436 182 5437 186 5437 184 5437 180 5438 194 5438 192 5438 180 5439 192 5439 190 5439 180 5440 190 5440 188 5440 180 5441 188 5441 186 5441 180 5442 186 5442 182 5442 2811 5443 2810 5443 2809 5443 2812 5444 2811 5444 2809 5444 176 5445 194 5445 180 5445 176 5446 218 5446 216 5446 176 5447 212 5447 210 5447 176 5448 196 5448 194 5448 176 5449 180 5449 178 5449 176 5450 216 5450 212 5450 176 5451 206 5451 200 5451 176 5452 210 5452 206 5452 176 5453 200 5453 196 5453 2814 5454 2813 5454 2812 5454 172 5455 176 5455 174 5455 2815 5456 254 5456 252 5456 2815 5457 2814 5457 2812 5457 2815 5458 2812 5458 2809 5458 2815 5459 2809 5459 2808 5459 2815 5460 2808 5460 2807 5460 2815 5461 2807 5461 254 5461 168 5462 172 5462 170 5462 166 5463 176 5463 172 5463 166 5464 172 5464 168 5464 164 5465 176 5465 166 5465 2819 5466 2818 5466 2817 5466 162 5467 176 5467 164 5467 2821 5468 2820 5468 2819 5468 2822 5469 2819 5469 2817 5469 2822 5470 2821 5470 2819 5470 156 5471 162 5471 160 5471 156 5472 160 5472 158 5472 154 5473 162 5473 156 5473 2824 5474 2823 5474 2822 5474 2824 5475 2822 5475 2817 5475 150 5476 176 5476 162 5476 150 5477 154 5477 152 5477 150 5478 162 5478 154 5478 2826 5479 2825 5479 2824 5479 2826 5480 2824 5480 2817 5480 148 5481 176 5481 150 5481 2828 5482 2827 5482 2826 5482 2828 5483 2826 5483 2817 5483 144 5484 148 5484 146 5484 144 5485 176 5485 148 5485 142 5486 222 5486 220 5486 142 5487 220 5487 218 5487 142 5488 218 5488 176 5488 142 5489 176 5489 144 5489 2831 5490 2830 5490 2829 5490 138 5491 142 5491 140 5491 2832 5492 2831 5492 2829 5492 136 5493 234 5493 233 5493 136 5494 233 5494 230 5494 136 5495 224 5495 222 5495 136 5496 230 5496 224 5496 136 5497 238 5497 234 5497 136 5498 222 5498 142 5498 136 5499 142 5499 138 5499 2835 5500 2834 5500 2833 5500 128 5501 136 5501 134 5501 128 5502 134 5502 132 5502 128 5503 132 5503 129 5503 2867 5504 136 5504 128 5504 2838 5505 2835 5505 2833 5505 2838 5506 2837 5506 2836 5506 2838 5507 2836 5507 2835 5507 2838 5508 2833 5508 2832 5508 2865 5509 2867 5509 2866 5509 2841 5510 2840 5510 2839 5510 2841 5511 2839 5511 2838 5511 2863 5512 2867 5512 2865 5512 2863 5513 2865 5513 2864 5513 2863 5514 136 5514 2867 5514 2842 5515 2829 5515 2828 5515 2842 5516 2838 5516 2832 5516 2842 5517 2841 5517 2838 5517 2842 5518 2832 5518 2829 5518 2861 5519 252 5519 251 5519 2861 5520 251 5520 248 5520 2861 5521 2817 5521 2816 5521 2861 5522 2816 5522 2815 5522 2861 5523 2815 5523 252 5523 2861 5524 136 5524 2863 5524 2861 5525 238 5525 136 5525 2861 5526 248 5526 238 5526 2861 5527 2863 5527 2862 5527 2844 5528 2843 5528 2842 5528 2846 5529 2844 5529 2842 5529 2846 5530 2845 5530 2844 5530 2848 5531 2846 5531 2842 5531 2848 5532 2847 5532 2846 5532 2855 5533 2859 5533 2858 5533 2855 5534 2858 5534 2857 5534 2855 5535 2857 5535 2856 5535 2850 5536 2848 5536 2842 5536 2850 5537 2849 5537 2848 5537 2854 5538 2859 5538 2855 5538 2854 5539 2861 5539 2860 5539 2854 5540 2860 5540 2859 5540 2852 5541 2842 5541 2828 5541 2852 5542 2817 5542 2861 5542 2852 5543 2850 5543 2842 5543 2852 5544 2861 5544 2854 5544 2852 5545 2854 5545 2853 5545 2852 5546 2828 5546 2817 5546 2852 5547 2851 5547 2850 5547 127 5548 126 5548 1119 5548 1119 5549 2868 5549 1118 5549 126 5550 2868 5550 1119 5550 1118 5551 2869 5551 1117 5551 2868 5552 2869 5552 1118 5552 1117 5553 2870 5553 1116 5553 2869 5554 2870 5554 1117 5554 1116 5555 2871 5555 1115 5555 2870 5556 2871 5556 1116 5556 1115 5557 2872 5557 1114 5557 2871 5558 2872 5558 1115 5558 1114 5559 2873 5559 1113 5559 2872 5560 2873 5560 1114 5560 1113 5561 2874 5561 1112 5561 2873 5562 2874 5562 1113 5562 1112 5563 2875 5563 1111 5563 2874 5564 2875 5564 1112 5564 1111 5565 2876 5565 1110 5565 2875 5566 2876 5566 1111 5566 1110 5567 2877 5567 1109 5567 2876 5568 2877 5568 1110 5568 1109 5569 2878 5569 1108 5569 2877 5570 2878 5570 1109 5570 1108 5571 2879 5571 1107 5571 2878 5572 2879 5572 1108 5572 1107 5573 2880 5573 1106 5573 2879 5574 2880 5574 1107 5574 1106 5575 2881 5575 1105 5575 2880 5576 2881 5576 1106 5576 1105 5577 2882 5577 1104 5577 2881 5578 2882 5578 1105 5578 1104 5579 2883 5579 1103 5579 2882 5580 2883 5580 1104 5580 2883 5581 2884 5581 1103 5581 1103 5582 2884 5582 1102 5582 2884 5583 2885 5583 1102 5583 1102 5584 2885 5584 1101 5584 2885 5585 2886 5585 1101 5585 1101 5586 2886 5586 1100 5586 1100 5587 2887 5587 1099 5587 2886 5588 2887 5588 1100 5588 1099 5589 2888 5589 1098 5589 2887 5590 2888 5590 1099 5590 1098 5591 2889 5591 1097 5591 2888 5592 2889 5592 1098 5592 1097 5593 2890 5593 1096 5593 2889 5594 2890 5594 1097 5594 1096 5595 2891 5595 1095 5595 2890 5596 2891 5596 1096 5596 1095 5597 2892 5597 1094 5597 2891 5598 2892 5598 1095 5598 1094 5599 2893 5599 1093 5599 2892 5600 2893 5600 1094 5600 2893 5601 2894 5601 1093 5601 1093 5602 2894 5602 1092 5602 2894 5603 2895 5603 1092 5603 1092 5604 2895 5604 1091 5604 2895 5605 2896 5605 1091 5605 1091 5606 2896 5606 1090 5606 2896 5607 2897 5607 1090 5607 1090 5608 2897 5608 1089 5608 2897 5609 2898 5609 1089 5609 1089 5610 2898 5610 1088 5610 2898 5611 2899 5611 1088 5611 1088 5612 2899 5612 1087 5612 2899 5613 2900 5613 1087 5613 1087 5614 2900 5614 1086 5614 2900 5615 2901 5615 1086 5615 1086 5616 2901 5616 1084 5616 2901 5617 2902 5617 1084 5617 1084 5618 2902 5618 1083 5618 2902 5619 2903 5619 1083 5619 1083 5620 2903 5620 1082 5620 2903 5621 2904 5621 1082 5621 2904 5622 2905 5622 1082 5622 1081 5623 2905 5623 1080 5623 1082 5624 2905 5624 1081 5624 1080 5625 2906 5625 1079 5625 2905 5626 2906 5626 1080 5626 2906 5627 2907 5627 1079 5627 1079 5628 2907 5628 1078 5628 2907 5629 2908 5629 1078 5629 2908 5630 2909 5630 1078 5630 1078 5631 2909 5631 1077 5631 2909 5632 2910 5632 1077 5632 1076 5633 2910 5633 1075 5633 1077 5634 2910 5634 1076 5634 2910 5635 2911 5635 1075 5635 1075 5636 2911 5636 1074 5636 2911 5637 2912 5637 1074 5637 1074 5638 2912 5638 1073 5638 2912 5639 2913 5639 1073 5639 2913 5640 2914 5640 1073 5640 1073 5641 2914 5641 1072 5641 2914 5642 2915 5642 1072 5642 1071 5643 2915 5643 1070 5643 1072 5644 2915 5644 1071 5644 2915 5645 2916 5645 1070 5645 2916 5646 2917 5646 1070 5646 1070 5647 2917 5647 1069 5647 2917 5648 2918 5648 1069 5648 1068 5649 2918 5649 1067 5649 1069 5650 2918 5650 1068 5650 2918 5651 2919 5651 1067 5651 2919 5652 2920 5652 1067 5652 1067 5653 2920 5653 1066 5653 2920 5654 2921 5654 1066 5654 1065 5655 2921 5655 1064 5655 1066 5656 2921 5656 1065 5656 2921 5657 2922 5657 1064 5657 1064 5658 2922 5658 1063 5658 2922 5659 2923 5659 1063 5659 2923 5660 2924 5660 1063 5660 1063 5661 2924 5661 1062 5661 2924 5662 2925 5662 1062 5662 1062 5663 2925 5663 1061 5663 1061 5664 2926 5664 1060 5664 2925 5665 2926 5665 1061 5665 1060 5666 2927 5666 1059 5666 2926 5667 2927 5667 1060 5667 1059 5668 2928 5668 1058 5668 2927 5669 2928 5669 1059 5669 1058 5670 2929 5670 1057 5670 2928 5671 2929 5671 1058 5671 1057 5672 3 5672 0 5672 2929 5673 3 5673 1057 5673 102 5674 100 5674 98 5674 102 5675 98 5675 96 5675 85 5676 88 5676 87 5676 110 5677 108 5677 106 5677 78 5678 82 5678 80 5678 116 5679 114 5679 112 5679 72 5680 78 5680 76 5680 72 5681 76 5681 74 5681 120 5682 119 5682 116 5682 120 5683 112 5683 110 5683 120 5684 116 5684 112 5684 68 5685 72 5685 70 5685 2869 5686 2868 5686 126 5686 54 5687 58 5687 56 5687 52 5688 66 5688 64 5688 52 5689 64 5689 62 5689 52 5690 62 5690 60 5690 52 5691 60 5691 58 5691 52 5692 58 5692 54 5692 2873 5693 2872 5693 2871 5693 2874 5694 2873 5694 2871 5694 48 5695 66 5695 52 5695 48 5696 90 5696 88 5696 48 5697 85 5697 82 5697 48 5698 68 5698 66 5698 48 5699 52 5699 50 5699 48 5700 88 5700 85 5700 48 5701 78 5701 72 5701 48 5702 82 5702 78 5702 48 5703 72 5703 68 5703 2876 5704 2875 5704 2874 5704 44 5705 48 5705 46 5705 2877 5706 126 5706 124 5706 2877 5707 2876 5707 2874 5707 2877 5708 2874 5708 2871 5708 2877 5709 2871 5709 2870 5709 2877 5710 2870 5710 2869 5710 2877 5711 2869 5711 126 5711 40 5712 44 5712 42 5712 38 5713 48 5713 44 5713 38 5714 44 5714 40 5714 36 5715 48 5715 38 5715 2881 5716 2880 5716 2879 5716 34 5717 48 5717 36 5717 2883 5718 2882 5718 2881 5718 2884 5719 2881 5719 2879 5719 2884 5720 2883 5720 2881 5720 28 5721 34 5721 32 5721 28 5722 32 5722 30 5722 26 5723 34 5723 28 5723 2886 5724 2885 5724 2884 5724 2886 5725 2884 5725 2879 5725 22 5726 48 5726 34 5726 22 5727 26 5727 24 5727 22 5728 34 5728 26 5728 2888 5729 2887 5729 2886 5729 2888 5730 2886 5730 2879 5730 20 5731 48 5731 22 5731 2890 5732 2889 5732 2888 5732 2890 5733 2888 5733 2879 5733 16 5734 20 5734 18 5734 16 5735 48 5735 20 5735 14 5736 94 5736 92 5736 14 5737 92 5737 90 5737 14 5738 90 5738 48 5738 14 5739 48 5739 16 5739 2893 5740 2892 5740 2891 5740 10 5741 14 5741 12 5741 2894 5742 2893 5742 2891 5742 8 5743 106 5743 104 5743 8 5744 104 5744 102 5744 8 5745 96 5745 94 5745 8 5746 102 5746 96 5746 8 5747 110 5747 106 5747 8 5748 94 5748 14 5748 8 5749 14 5749 10 5749 2897 5750 2896 5750 2895 5750 3 5751 8 5751 6 5751 3 5752 6 5752 4 5752 3 5753 4 5753 1 5753 2929 5754 8 5754 3 5754 2900 5755 2897 5755 2895 5755 2900 5756 2899 5756 2898 5756 2900 5757 2898 5757 2897 5757 2900 5758 2895 5758 2894 5758 2927 5759 2929 5759 2928 5759 2903 5760 2902 5760 2901 5760 2903 5761 2901 5761 2900 5761 2925 5762 2929 5762 2927 5762 2925 5763 2927 5763 2926 5763 2925 5764 8 5764 2929 5764 2904 5765 2891 5765 2890 5765 2904 5766 2900 5766 2894 5766 2904 5767 2903 5767 2900 5767 2904 5768 2894 5768 2891 5768 2923 5769 124 5769 122 5769 2923 5770 122 5770 120 5770 2923 5771 2879 5771 2878 5771 2923 5772 2878 5772 2877 5772 2923 5773 2877 5773 124 5773 2923 5774 8 5774 2925 5774 2923 5775 110 5775 8 5775 2923 5776 120 5776 110 5776 2923 5777 2925 5777 2924 5777 2906 5778 2905 5778 2904 5778 2908 5779 2906 5779 2904 5779 2908 5780 2907 5780 2906 5780 2910 5781 2908 5781 2904 5781 2910 5782 2909 5782 2908 5782 2917 5783 2921 5783 2920 5783 2917 5784 2920 5784 2919 5784 2917 5785 2919 5785 2918 5785 2912 5786 2910 5786 2904 5786 2912 5787 2911 5787 2910 5787 2916 5788 2921 5788 2917 5788 2916 5789 2923 5789 2922 5789 2916 5790 2922 5790 2921 5790 2914 5791 2904 5791 2890 5791 2914 5792 2879 5792 2923 5792 2914 5793 2912 5793 2904 5793 2914 5794 2923 5794 2916 5794 2914 5795 2916 5795 2915 5795 2914 5796 2890 5796 2879 5796 2914 5797 2913 5797 2912 5797 1054 5798 1055 5798 2930 5798 1496 5799 1359 5799 2931 5799 2931 5800 777 5800 1496 5800 813 5801 742 5801 812 5801 814 5802 742 5802 813 5802 809 5803 742 5803 814 5803 810 5804 742 5804 809 5804 805 5805 742 5805 810 5805 806 5806 742 5806 805 5806 807 5807 742 5807 806 5807 802 5808 742 5808 807 5808 803 5809 742 5809 802 5809 794 5810 742 5810 803 5810 796 5811 742 5811 794 5811 788 5812 742 5812 796 5812 789 5813 742 5813 788 5813 775 5814 742 5814 789 5814 776 5815 742 5815 775 5815 770 5816 742 5816 776 5816 771 5817 742 5817 770 5817 798 5818 742 5818 771 5818 799 5819 742 5819 798 5819 791 5820 742 5820 799 5820 792 5821 742 5821 791 5821 779 5822 742 5822 792 5822 780 5823 742 5823 779 5823 781 5824 742 5824 780 5824 782 5825 742 5825 781 5825 783 5826 742 5826 782 5826 784 5827 742 5827 783 5827 785 5828 742 5828 784 5828 777 5829 742 5829 785 5829 2931 5830 742 5830 777 5830 815 5831 979 5831 980 5831 815 5832 978 5832 979 5832 815 5833 977 5833 978 5833 2931 5834 820 5834 742 5834 742 5835 820 5835 815 5835 815 5836 988 5836 977 5836 2930 5837 1055 5837 820 5837 815 5838 987 5838 988 5838 820 5839 817 5839 815 5839 815 5840 985 5840 987 5840 817 5841 819 5841 815 5841 815 5842 995 5842 985 5842 819 5843 1044 5843 815 5843 815 5844 994 5844 995 5844 1044 5845 1038 5845 815 5845 815 5846 1001 5846 994 5846 1038 5847 1040 5847 815 5847 815 5848 999 5848 1001 5848 815 5849 1008 5849 999 5849 1040 5850 1033 5850 815 5850 815 5851 1007 5851 1008 5851 1033 5852 1035 5852 815 5852 815 5853 1006 5853 1007 5853 1035 5854 1036 5854 815 5854 815 5855 1014 5855 1006 5855 1036 5856 1022 5856 815 5856 815 5857 1013 5857 1014 5857 1022 5858 1017 5858 815 5858 815 5859 1019 5859 1013 5859 1017 5860 1019 5860 815 5860 2931 5861 2930 5861 820 5861 1054 5862 2930 5862 2931 5862 1054 5863 2931 5863 1359 5863</p>
        </triangles>
      </mesh>
    </geometry>
  </library_geometries>
  <library_materials>
    <material id="mat_Camera_support_shape" name="Camera_support_shape">
      <instance_effect url="#effect_Camera_support_shape"/>
    </material>
  </library_materials>
  <library_visual_scenes>
    <visual_scene id="myscene">
      <node id="node0" name="node0">
        <instance_geometry url="#geometry0">
          <bind_material>
            <technique_common>
              <instance_material symbol="ref_Camera_support_shape" target="#mat_Camera_support_shape"/>
            </technique_common>
          </bind_material>
        </instance_geometry>
      </node>
    </visual_scene>
  </library_visual_scenes>
  <scene>
    <instance_visual_scene url="#myscene"/>
  </scene>
</COLLADA>
