<COLLADA xmlns="http://www.collada.org/2005/11/COLLADASchema" version="1.4.1">
  <asset>
    <contributor/>
    <created>2026-07-22T21:26:30.953670</created>
    <modified>2026-07-22T21:26:30.953676</modified>
    <unit name="meter" meter="1.0"/>
    <up_axis>Z_UP</up_axis>
  </asset>
  <library_effects>
    <effect id="effect_Cam_support_2_shape" name="effect_Cam_support_2_shape">
      <profile_COMMON>
        <technique sid="common">
          <phong>
            <emission>
              <color>0.0 0.0 0.0 1.0</color>
            </emission>
            <ambient>
              <color>0.0 0.0 0.0 1.0</color>
            </ambient>
            <diffuse>
              <color>0.800000011920929 0.800000011920929 0.9019607901573181 1.0</color>
            </diffuse>
            <specular>
              <color>1 1 1 1.0</color>
            </specular>
            <shininess>
              <float>0.0</float>
            </shininess>
            <reflective>
              <color>0.0 0.0 0.0 1.0</color>
            </reflective>
            <reflectivity>
              <float>0.0</float>
            </reflectivity>
            <transparent>
              <color>0.0 0.0 0.0 1.0</color>
            </transparent>
            <transparency>
              <float>1.0</float>
            </transparency>
          </phong>
        </technique>
        <extra>
          <technique profile="GOOGLEEARTH">
            <double_sided>0</double_sided>
          </technique>
        </extra>
      </profile_COMMON>
    </effect>
  </library_effects>
  <library_geometries>
    <geometry id="geometry0" name="Cam_support_2_shape">
      <mesh>
        <source id="cubeverts-array0">
          <float_array count="13359" id="cubeverts-array0-array">0.04094068 0.9742968 -0.03999727 0.0409314 0.9746746 -0.03999727 0.04094068 0.9742968 -0.04099727 0.0409314 0.9746746 -0.04099727 0.0409036 0.9750515 -0.03999727 0.0409036 0.9750515 -0.04099727 0.04085734 0.9754266 -0.03999727 0.04085734 0.9754266 -0.04099727 0.04079273 0.975799 -0.03999727 0.04079273 0.975799 -0.04099727 0.04070992 0.9761677 -0.03999727 0.04070992 0.9761677 -0.04099727 0.04060912 0.9765319 -0.03999727 0.04060912 0.9765319 -0.04099727 0.04049057 0.9768908 -0.04099727 0.04049057 0.9768908 -0.03999727 0.04035455 0.9772434 -0.03999727 0.04035455 0.9772434 -0.04099727 0.0402014 0.9775889 -0.03999727 0.0402014 0.9775889 -0.04099727 0.04003148 0.9779265 -0.03999727 0.04003148 0.9779265 -0.04099727 0.03984519 0.9782553 -0.03999727 0.03984519 0.9782553 -0.04099727 0.039643 0.9785746 -0.03999727 0.039643 0.9785746 -0.04099727 0.03942538 0.9788836 -0.03999727 0.03942538 0.9788836 -0.04099727 0.03919286 0.9791816 -0.03999727 0.03919286 0.9791816 -0.04099727 0.038946 0.9794677 -0.03999727 0.038946 0.9794677 -0.04099727 0.0386854 0.9797415 -0.03999727 0.0386854 0.9797415 -0.04099727 0.03841169 0.9800021 -0.03999727 0.03841169 0.9800021 -0.04099727 0.03812551 0.9802489 -0.03999727 0.03812551 0.9802489 -0.04099727 0.03782756 0.9804814 -0.03999727 0.03782756 0.9804814 -0.04099727 0.03751857 0.980699 -0.03999727 0.03751857 0.980699 -0.04099727 0.03719927 0.9809012 -0.03999727 0.03719927 0.9809012 -0.04099727 0.03687043 0.9810875 -0.03999727 0.03687043 0.9810875 -0.04099727 0.03653286 0.9812574 -0.03999727 0.03653286 0.9812574 -0.04099727 0.03618734 0.9814106 -0.03999727 0.03618734 0.9814106 -0.04099727 0.03583473 0.9815466 -0.04099727 0.03583473 0.9815466 -0.03999727 0.03547587 0.9816652 -0.03999727 0.03547587 0.9816652 -0.04099727 0.03511163 0.981766 -0.03999727 0.03511163 0.981766 -0.04099727 0.03474287 0.9818488 -0.04099727 0.03474287 0.9818488 -0.03999727 0.03437051 0.9819134 -0.03999727 0.03437051 0.9819134 -0.04099727 0.03399541 0.9819597 -0.03999727 0.03399541 0.9819597 -0.04099727 0.0336185 0.9819875 -0.04099727 0.0336185 0.9819875 -0.03999727 0.03324068 0.9819967 -0.03999727 0.03324068 0.9819967 -0.04099727 0.04424318 0.9722401 -0.04549727 0.04429965 0.9722346 -0.04712227 0.04417228 0.9716653 -0.04549727 0.04428579 0.9728177 -0.04549727 0.0443 0.9733967 -0.04549727 0.04412892 0.9710836 -0.04712227 0.04407327 0.9710947 -0.04549727 0.04394637 0.9705295 -0.04549727 0.04452699 0.9733967 -0.05199727 0.04435612 0.972229 -0.04874727 0.0437919 0.9699714 -0.04549727 0.0438462 0.9699549 -0.04712227 0.04361022 0.9694214 -0.04549727 0.04418458 0.9710725 -0.04874727 0.0445125 0.9728066 -0.05199727 0.0444126 0.9722234 -0.05037227 0.04446907 0.9722179 -0.05199727 0.04439681 0.971632 -0.05199727 0.04340178 0.968881 -0.04549727 0.0434542 0.9688594 -0.04712227 0.04316707 0.9683516 -0.04549727 0.0439005 0.9699384 -0.04874727 0.04424023 0.9710615 -0.05037227 0.04429589 0.9710504 -0.05199727 0.04416655 0.9704744 -0.05199727 0.04290667 0.9678342 -0.04549727 0.04295672 0.9678075 -0.04712227 0.0426212 0.9673303 -0.04549727 0.04350663 0.9688376 -0.04874727 0.04400911 0.9699055 -0.05199727 0.0439548 0.9699219 -0.05037227 0.04382394 0.969345 -0.05199727 0.04235852 0.9668094 -0.04712227 0.04231134 0.966841 -0.04549727 0.04197785 0.9663675 -0.04549727 0.04300676 0.9677808 -0.04874727 0.04361148 0.9687942 -0.05199727 0.04355906 0.9688159 -0.05037227 0.04337226 0.9682545 -0.05199727 0.04166539 0.9658749 -0.04712227 0.04162152 0.9659109 -0.04549727 0.04124323 0.9654724 -0.04549727 0.04240571 0.966778 -0.04874727 0.04310685 0.9677272 -0.05199727 0.04305681 0.967754 -0.05037227 0.04281589 0.9672136 -0.05199727 0.04084386 0.9650529 -0.04549727 0.04088399 0.9650128 -0.04712227 0.0404244 0.9646535 -0.04549727 0.04170926 0.9658389 -0.04874727 0.04245289 0.9667464 -0.05037227 0.04250007 0.9667149 -0.05199727 0.04216016 0.9662322 -0.05199727 0.04002184 0.9642313 -0.04712227 0.03998584 0.9642752 -0.04549727 0.03952925 0.9639189 -0.04549727 0.04092411 0.9649726 -0.04874727 0.04175312 0.9658029 -0.05037227 0.04179699 0.9657669 -0.05199727 0.04141141 0.9653199 -0.05199727 0.03905573 0.9635854 -0.04549727 0.03908725 0.9635382 -0.04712227 0.03856641 0.9632755 -0.04549727 0.04005784 0.9641875 -0.04874727 0.04100436 0.9648924 -0.05199727 0.04096424 0.9649325 -0.05037227 0.04057683 0.9644854 -0.05199727 0.03808923 0.96294 -0.04712227 0.03806248 0.9629901 -0.04549727 0.03754515 0.9627297 -0.04549727 0.03911878 0.963491 -0.04874727 0.04009384 0.9641436 -0.05037227 0.04012984 0.9640997 -0.05199727 0.03966447 0.9637366 -0.05199727 0.03703738 0.9624425 -0.04712227 0.03701566 0.9624949 -0.04549727 0.0364753 0.9622865 -0.04549727 0.03811598 0.96289 -0.04874727 0.03915031 0.9634438 -0.05037227 0.03918184 0.9633967 -0.05199727 0.03868311 0.9630809 -0.05199727 0.03594183 0.9620505 -0.04712227 0.03592536 0.9621049 -0.04549727 0.03536716 0.9619504 -0.04549727 0.0370591 0.9623901 -0.04874727 0.03816948 0.9627899 -0.05199727 0.03814273 0.9628399 -0.05037227 0.0376422 0.9625245 -0.05199727 0.03481314 0.9617678 -0.04712227 0.03480207 0.9618235 -0.04549727 0.03423142 0.9617244 -0.04549727 0.03595831 0.9619962 -0.04874727 0.03710253 0.9622853 -0.05199727 0.03708081 0.9623376 -0.05037227 0.03655177 0.9620728 -0.05199727 0.033079 0.961611 -0.04549727 0.03366216 0.9615971 -0.04712227 0.0325 0.9615967 -0.04549727 0.0336566 0.9616536 -0.04549727 0.03482421 0.9617122 -0.04874727 0.03597478 0.961942 -0.05037227 0.03599125 0.9618876 -0.05199727 0.03542232 0.9617302 -0.05199727 0.03366772 0.9615406 -0.04874727 0.0325 0.9613698 -0.05199727 0.03483528 0.9616565 -0.05037227 0.03484635 0.9616008 -0.05199727 0.03426472 0.9614999 -0.05199727 0.03367329 0.9614841 -0.05037227 0.03367885 0.9614277 -0.05199727 0.03309014 0.9613842 -0.05199727 0.076 0.9595468 -0.07349727 0.07590056 0.9595493 -0.07349727 0.076 0.9595468 -0.06599727 0.07590056 0.9595493 -0.06599727 0.0758014 0.9595571 -0.07349727 0.0758014 0.9595571 -0.06599727 0.07570277 0.9595701 -0.07349727 0.07570277 0.9595701 -0.06599727 0.07560497 0.9595883 -0.07349727 0.07560497 0.9595883 -0.06599727 0.07550825 0.9596115 -0.07349727 0.07550825 0.9596115 -0.06599727 0.07541286 0.9596397 -0.07349727 0.07541286 0.9596397 -0.06599727 0.0753191 0.9596729 -0.07349727 0.0753191 0.9596729 -0.06599727 0.0752272 0.959711 -0.07349727 0.0752272 0.959711 -0.06599727 0.07513742 0.9597538 -0.07349727 0.07513742 0.9597538 -0.06599727 0.07505 0.9598013 -0.07349727 0.07505 0.9598013 -0.06599727 0.07496519 0.9598533 -0.07349727 0.07496519 0.9598533 -0.06599727 0.07488321 0.9599096 -0.07349727 0.07488321 0.9599096 -0.06599727 0.07480429 0.9599702 -0.07349727 0.07480429 0.9599702 -0.06599727 0.07472865 0.9600347 -0.07349727 0.07472865 0.9600347 -0.06599727 0.07465649 0.9601032 -0.07349727 0.07465649 0.9601032 -0.06599727 0.07458803 0.9601754 -0.07349727 0.07458803 0.9601754 -0.06599727 0.07452342 0.960251 -0.07349727 0.07452342 0.960251 -0.06599727 0.07446287 0.96033 -0.07349727 0.07446287 0.96033 -0.06599727 0.07440652 0.9604119 -0.07349727 0.07440652 0.9604119 -0.06599727 0.07435455 0.9604967 -0.07349727 0.07435455 0.9604967 -0.06599727 0.07430709 0.9605842 -0.07349727 0.07430709 0.9605842 -0.06599727 0.07426427 0.960674 -0.07349727 0.07426427 0.960674 -0.06599727 0.0742262 0.9607658 -0.07349727 0.0742262 0.9607658 -0.06599727 0.07419299 0.9608596 -0.06599727 0.07419299 0.9608596 -0.07349727 0.07416474 0.960955 -0.07349727 0.07416474 0.960955 -0.06599727 0.07414152 0.9610517 -0.06599727 0.07414152 0.9610517 -0.07349727 0.07412339 0.9611495 -0.06599727 0.07412339 0.9611495 -0.07349727 0.0741104 0.9612481 -0.07349727 0.0741104 0.9612481 -0.06599727 0.0741026 0.9613473 -0.06599727 0.0741026 0.9613473 -0.07349727 0.0741 0.9614467 -0.06599727 0.0741 0.9614467 -0.07349727 0.0741026 0.9615461 -0.06599727 0.0741026 0.9615461 -0.07349727 0.0741104 0.9616453 -0.06599727 0.0741104 0.9616453 -0.07349727 0.07412339 0.961744 -0.06599727 0.07412339 0.961744 -0.07349727 0.07414152 0.9618417 -0.07349727 0.07414152 0.9618417 -0.06599727 0.07416474 0.9619385 -0.07349727 0.07416474 0.9619385 -0.06599727 0.07419299 0.9620339 -0.06599727 0.07419299 0.9620339 -0.07349727 0.0742262 0.9621276 -0.06599727 0.0742262 0.9621276 -0.07349727 0.07426427 0.9622195 -0.06599727 0.07426427 0.9622195 -0.07349727 0.07430709 0.9623093 -0.06599727 0.07430709 0.9623093 -0.07349727 0.07435455 0.9623967 -0.06599727 0.07435455 0.9623967 -0.07349727 0.07440652 0.9624816 -0.06599727 0.07440652 0.9624816 -0.07349727 0.07446287 0.9625635 -0.06599727 0.07446287 0.9625635 -0.07349727 0.07452342 0.9626425 -0.06599727 0.07452342 0.9626425 -0.07349727 0.07458803 0.9627181 -0.06599727 0.07458803 0.9627181 -0.07349727 0.07465649 0.9627902 -0.07349727 0.07465649 0.9627902 -0.06599727 0.07472865 0.9628587 -0.06599727 0.07472865 0.9628587 -0.07349727 0.07480429 0.9629233 -0.06599727 0.07480429 0.9629233 -0.07349727 0.07488321 0.9629839 -0.06599727 0.07488321 0.9629839 -0.07349727 0.07496519 0.9630402 -0.06599727 0.07496519 0.9630402 -0.07349727 0.07505 0.9630922 -0.06599727 0.07505 0.9630922 -0.07349727 0.07513742 0.9631396 -0.06599727 0.07513742 0.9631396 -0.07349727 0.0752272 0.9631825 -0.06599727 0.0752272 0.9631825 -0.07349727 0.0753191 0.9632205 -0.06599727 0.0753191 0.9632205 -0.07349727 0.07541286 0.9632537 -0.06599727 0.07541286 0.9632537 -0.07349727 0.07550825 0.963282 -0.07349727 0.07550825 0.963282 -0.06599727 0.07560497 0.9633052 -0.06599727 0.07560497 0.9633052 -0.07349727 0.07570277 0.9633234 -0.06599727 0.07570277 0.9633234 -0.07349727 0.0758014 0.9633363 -0.07349727 0.0758014 0.9633363 -0.06599727 0.07590056 0.9633441 -0.06599727 0.07590056 0.9633441 -0.07349727 0.076 0.9633467 -0.06599727 0.076 0.9633467 -0.07349727 -0.076 0.9837968 -0.05199727 -0.07609944 0.9837993 -0.07349727 -0.07609944 0.9837993 -0.05199727 -0.076 0.9837968 -0.07349727 -0.0761986 0.9838071 -0.07349727 -0.0761986 0.9838071 -0.05199727 -0.07629723 0.9838201 -0.07349727 -0.07629723 0.9838201 -0.05199727 -0.07639503 0.9838383 -0.07349727 -0.07639503 0.9838383 -0.05199727 -0.07649175 0.9838615 -0.07349727 -0.07649175 0.9838615 -0.05199727 -0.07658714 0.9838897 -0.07349727 -0.07658714 0.9838897 -0.05199727 -0.0766809 0.9839229 -0.07349727 -0.0766809 0.9839229 -0.05199727 -0.0767728 0.983961 -0.07349727 -0.0767728 0.983961 -0.05199727 -0.07686258 0.9840038 -0.07349727 -0.07686258 0.9840038 -0.05199727 -0.07695 0.9840513 -0.07349727 -0.07695 0.9840513 -0.05199727 -0.07703481 0.9841033 -0.07349727 -0.07703481 0.9841033 -0.05199727 -0.07711679 0.9841596 -0.07349727 -0.07711679 0.9841596 -0.05199727 -0.07719571 0.9842202 -0.07349727 -0.07719571 0.9842202 -0.05199727 -0.07727135 0.9842847 -0.07349727 -0.07727135 0.9842847 -0.05199727 -0.07734351 0.9843532 -0.07349727 -0.07734351 0.9843532 -0.05199727 -0.07741197 0.9844254 -0.07349727 -0.07741197 0.9844254 -0.05199727 -0.07747658 0.984501 -0.07349727 -0.07747658 0.984501 -0.05199727 -0.07753713 0.98458 -0.07349727 -0.07753713 0.98458 -0.05199727 -0.07759348 0.9846619 -0.07349727 -0.07759348 0.9846619 -0.05199727 -0.07764545 0.9847467 -0.07349727 -0.07764545 0.9847467 -0.05199727 -0.07769291 0.9848342 -0.07349727 -0.07769291 0.9848342 -0.05199727 -0.07773573 0.984924 -0.07349727 -0.07773573 0.984924 -0.05199727 -0.0777738 0.9850158 -0.07349727 -0.0777738 0.9850158 -0.05199727 -0.07780701 0.9851096 -0.07349727 -0.07780701 0.9851096 -0.05199727 -0.07783526 0.985205 -0.07349727 -0.07783526 0.985205 -0.05199727 -0.07785848 0.9853017 -0.07349727 -0.07785848 0.9853017 -0.05199727 -0.07787661 0.9853995 -0.07349727 -0.07787661 0.9853995 -0.05199727 -0.0778896 0.9854981 -0.07349727 -0.0778896 0.9854981 -0.05199727 -0.0778974 0.9855973 -0.07349727 -0.0778974 0.9855973 -0.05199727 -0.0779 0.9856967 -0.07349727 -0.0779 0.9856967 -0.05199727 -0.0778974 0.9857961 -0.05199727 -0.0778974 0.9857961 -0.07349727 -0.0778896 0.9858953 -0.07349727 -0.0778896 0.9858953 -0.05199727 -0.07787661 0.985994 -0.07349727 -0.07787661 0.985994 -0.05199727 -0.07785848 0.9860917 -0.05199727 -0.07785848 0.9860917 -0.07349727 -0.07783526 0.9861885 -0.07349727 -0.07783526 0.9861885 -0.05199727 -0.07780701 0.9862839 -0.05199727 -0.07780701 0.9862839 -0.07349727 -0.0777738 0.9863776 -0.07349727 -0.0777738 0.9863776 -0.05199727 -0.07773573 0.9864695 -0.05199727 -0.07773573 0.9864695 -0.07349727 -0.07769291 0.9865593 -0.05199727 -0.07769291 0.9865593 -0.07349727 -0.07764545 0.9866467 -0.05199727 -0.07764545 0.9866467 -0.07349727 -0.07759348 0.9867316 -0.05199727 -0.07759348 0.9867316 -0.07349727 -0.07753713 0.9868135 -0.05199727 -0.07753713 0.9868135 -0.07349727 -0.07747658 0.9868925 -0.07349727 -0.07747658 0.9868925 -0.05199727 -0.07741197 0.9869681 -0.07349727 -0.07741197 0.9869681 -0.05199727 -0.07734351 0.9870402 -0.07349727 -0.07734351 0.9870402 -0.05199727 -0.07727135 0.9871087 -0.05199727 -0.07727135 0.9871087 -0.07349727 -0.07719571 0.9871733 -0.05199727 -0.07719571 0.9871733 -0.07349727 -0.07711679 0.9872339 -0.05199727 -0.07711679 0.9872339 -0.07349727 -0.07703481 0.9872902 -0.07349727 -0.07703481 0.9872902 -0.05199727 -0.07695 0.9873422 -0.07349727 -0.07695 0.9873422 -0.05199727 -0.07686258 0.9873896 -0.05199727 -0.07686258 0.9873896 -0.07349727 -0.0767728 0.9874325 -0.07349727 -0.0767728 0.9874325 -0.05199727 -0.0766809 0.9874705 -0.05199727 -0.0766809 0.9874705 -0.07349727 -0.07658714 0.9875037 -0.07349727 -0.07658714 0.9875037 -0.05199727 -0.07649175 0.987532 -0.05199727 -0.07649175 0.987532 -0.07349727 -0.07639503 0.9875552 -0.07349727 -0.07639503 0.9875552 -0.05199727 -0.07629723 0.9875734 -0.05199727 -0.07629723 0.9875734 -0.07349727 -0.0761986 0.9875863 -0.07349727 -0.0761986 0.9875863 -0.05199727 -0.07609944 0.9875941 -0.05199727 -0.07609944 0.9875941 -0.07349727 -0.076 0.9875967 -0.05199727 -0.076 0.9875967 -0.07349727 -0.076 0.9595468 -0.07349727 -0.07609944 0.9595493 -0.07349727 -0.076 0.9595468 -0.06599727 -0.07609944 0.9595493 -0.06599727 -0.0761986 0.9595571 -0.07349727 -0.0761986 0.9595571 -0.06599727 -0.07629723 0.9595701 -0.07349727 -0.07629723 0.9595701 -0.06599727 -0.07639503 0.9595883 -0.07349727 -0.07639503 0.9595883 -0.06599727 -0.07649175 0.9596115 -0.07349727 -0.07649175 0.9596115 -0.06599727 -0.07658714 0.9596397 -0.07349727 -0.07658714 0.9596397 -0.06599727 -0.0766809 0.9596729 -0.07349727 -0.0766809 0.9596729 -0.06599727 -0.0767728 0.959711 -0.07349727 -0.0767728 0.959711 -0.06599727 -0.07686258 0.9597538 -0.07349727 -0.07686258 0.9597538 -0.06599727 -0.07695 0.9598013 -0.07349727 -0.07695 0.9598013 -0.06599727 -0.07703481 0.9598533 -0.07349727 -0.07703481 0.9598533 -0.06599727 -0.07711679 0.9599096 -0.07349727 -0.07711679 0.9599096 -0.06599727 -0.07719571 0.9599702 -0.07349727 -0.07719571 0.9599702 -0.06599727 -0.07727135 0.9600347 -0.07349727 -0.07727135 0.9600347 -0.06599727 -0.07734351 0.9601032 -0.07349727 -0.07734351 0.9601032 -0.06599727 -0.07741197 0.9601754 -0.07349727 -0.07741197 0.9601754 -0.06599727 -0.07747658 0.960251 -0.07349727 -0.07747658 0.960251 -0.06599727 -0.07753713 0.96033 -0.07349727 -0.07753713 0.96033 -0.06599727 -0.07759348 0.9604119 -0.07349727 -0.07759348 0.9604119 -0.06599727 -0.07764545 0.9604967 -0.07349727 -0.07764545 0.9604967 -0.06599727 -0.07769291 0.9605842 -0.07349727 -0.07769291 0.9605842 -0.06599727 -0.07773573 0.960674 -0.07349727 -0.07773573 0.960674 -0.06599727 -0.0777738 0.9607658 -0.07349727 -0.0777738 0.9607658 -0.06599727 -0.07780701 0.9608596 -0.06599727 -0.07780701 0.9608596 -0.07349727 -0.07783526 0.960955 -0.07349727 -0.07783526 0.960955 -0.06599727 -0.07785848 0.9610517 -0.06599727 -0.07785848 0.9610517 -0.07349727 -0.07787661 0.9611495 -0.06599727 -0.07787661 0.9611495 -0.07349727 -0.0778896 0.9612481 -0.07349727 -0.0778896 0.9612481 -0.06599727 -0.0778974 0.9613473 -0.06599727 -0.0778974 0.9613473 -0.07349727 -0.0779 0.9614467 -0.06599727 -0.0779 0.9614467 -0.07349727 -0.0778974 0.9615461 -0.06599727 -0.0778974 0.9615461 -0.07349727 -0.0778896 0.9616453 -0.06599727 -0.0778896 0.9616453 -0.07349727 -0.07787661 0.961744 -0.06599727 -0.07787661 0.961744 -0.07349727 -0.07785848 0.9618417 -0.07349727 -0.07785848 0.9618417 -0.06599727 -0.07783526 0.9619385 -0.07349727 -0.07783526 0.9619385 -0.06599727 -0.07780701 0.9620339 -0.06599727 -0.07780701 0.9620339 -0.07349727 -0.0777738 0.9621276 -0.06599727 -0.0777738 0.9621276 -0.07349727 -0.07773573 0.9622195 -0.06599727 -0.07773573 0.9622195 -0.07349727 -0.07769291 0.9623093 -0.06599727 -0.07769291 0.9623093 -0.07349727 -0.07764545 0.9623967 -0.06599727 -0.07764545 0.9623967 -0.07349727 -0.07759348 0.9624816 -0.06599727 -0.07759348 0.9624816 -0.07349727 -0.07753713 0.9625635 -0.06599727 -0.07753713 0.9625635 -0.07349727 -0.07747658 0.9626425 -0.06599727 -0.07747658 0.9626425 -0.07349727 -0.07741197 0.9627181 -0.06599727 -0.07741197 0.9627181 -0.07349727 -0.07734351 0.9627902 -0.07349727 -0.07734351 0.9627902 -0.06599727 -0.07727135 0.9628587 -0.06599727 -0.07727135 0.9628587 -0.07349727 -0.07719571 0.9629233 -0.06599727 -0.07719571 0.9629233 -0.07349727 -0.07711679 0.9629839 -0.06599727 -0.07711679 0.9629839 -0.07349727 -0.07703481 0.9630402 -0.06599727 -0.07703481 0.9630402 -0.07349727 -0.07695 0.9630922 -0.06599727 -0.07695 0.9630922 -0.07349727 -0.07686258 0.9631396 -0.06599727 -0.07686258 0.9631396 -0.07349727 -0.0767728 0.9631825 -0.06599727 -0.0767728 0.9631825 -0.07349727 -0.0766809 0.9632205 -0.06599727 -0.0766809 0.9632205 -0.07349727 -0.07658714 0.9632537 -0.06599727 -0.07658714 0.9632537 -0.07349727 -0.07649175 0.963282 -0.07349727 -0.07649175 0.963282 -0.06599727 -0.07639503 0.9633052 -0.06599727 -0.07639503 0.9633052 -0.07349727 -0.07629723 0.9633234 -0.06599727 -0.07629723 0.9633234 -0.07349727 -0.0761986 0.9633363 -0.07349727 -0.0761986 0.9633363 -0.06599727 -0.07609944 0.9633441 -0.06599727 -0.07609944 0.9633441 -0.07349727 -0.076 0.9633467 -0.06599727 -0.076 0.9633467 -0.07349727 0.076 0.9837968 -0.05199727 0.07590056 0.9837993 -0.07349727 0.07590056 0.9837993 -0.05199727 0.076 0.9837968 -0.07349727 0.0758014 0.9838071 -0.07349727 0.0758014 0.9838071 -0.05199727 0.07570277 0.9838201 -0.07349727 0.07570277 0.9838201 -0.05199727 0.07560497 0.9838383 -0.07349727 0.07560497 0.9838383 -0.05199727 0.07550825 0.9838615 -0.07349727 0.07550825 0.9838615 -0.05199727 0.07541286 0.9838897 -0.07349727 0.07541286 0.9838897 -0.05199727 0.0753191 0.9839229 -0.07349727 0.0753191 0.9839229 -0.05199727 0.0752272 0.983961 -0.07349727 0.0752272 0.983961 -0.05199727 0.07513742 0.9840038 -0.07349727 0.07513742 0.9840038 -0.05199727 0.07505 0.9840513 -0.07349727 0.07505 0.9840513 -0.05199727 0.07496519 0.9841033 -0.07349727 0.07496519 0.9841033 -0.05199727 0.07488321 0.9841596 -0.07349727 0.07488321 0.9841596 -0.05199727 0.07480429 0.9842202 -0.07349727 0.07480429 0.9842202 -0.05199727 0.07472865 0.9842847 -0.07349727 0.07472865 0.9842847 -0.05199727 0.07465649 0.9843532 -0.07349727 0.07465649 0.9843532 -0.05199727 0.07458803 0.9844254 -0.07349727 0.07458803 0.9844254 -0.05199727 0.07452342 0.984501 -0.07349727 0.07452342 0.984501 -0.05199727 0.07446287 0.98458 -0.07349727 0.07446287 0.98458 -0.05199727 0.07440652 0.9846619 -0.07349727 0.07440652 0.9846619 -0.05199727 0.07435455 0.9847467 -0.07349727 0.07435455 0.9847467 -0.05199727 0.07430709 0.9848342 -0.07349727 0.07430709 0.9848342 -0.05199727 0.07426427 0.984924 -0.07349727 0.07426427 0.984924 -0.05199727 0.0742262 0.9850158 -0.07349727 0.0742262 0.9850158 -0.05199727 0.07419299 0.9851096 -0.07349727 0.07419299 0.9851096 -0.05199727 0.07416474 0.985205 -0.07349727 0.07416474 0.985205 -0.05199727 0.07414152 0.9853017 -0.07349727 0.07414152 0.9853017 -0.05199727 0.07412339 0.9853995 -0.07349727 0.07412339 0.9853995 -0.05199727 0.0741104 0.9854981 -0.07349727 0.0741104 0.9854981 -0.05199727 0.0741026 0.9855973 -0.07349727 0.0741026 0.9855973 -0.05199727 0.0741 0.9856967 -0.07349727 0.0741 0.9856967 -0.05199727 0.0741026 0.9857961 -0.05199727 0.0741026 0.9857961 -0.07349727 0.0741104 0.9858953 -0.07349727 0.0741104 0.9858953 -0.05199727 0.07412339 0.985994 -0.07349727 0.07412339 0.985994 -0.05199727 0.07414152 0.9860917 -0.05199727 0.07414152 0.9860917 -0.07349727 0.07416474 0.9861885 -0.07349727 0.07416474 0.9861885 -0.05199727 0.07419299 0.9862839 -0.05199727 0.07419299 0.9862839 -0.07349727 0.0742262 0.9863776 -0.07349727 0.0742262 0.9863776 -0.05199727 0.07426427 0.9864695 -0.05199727 0.07426427 0.9864695 -0.07349727 0.07430709 0.9865593 -0.05199727 0.07430709 0.9865593 -0.07349727 0.07435455 0.9866467 -0.05199727 0.07435455 0.9866467 -0.07349727 0.07440652 0.9867316 -0.05199727 0.07440652 0.9867316 -0.07349727 0.07446287 0.9868135 -0.05199727 0.07446287 0.9868135 -0.07349727 0.07452342 0.9868925 -0.07349727 0.07452342 0.9868925 -0.05199727 0.07458803 0.9869681 -0.07349727 0.07458803 0.9869681 -0.05199727 0.07465649 0.9870402 -0.07349727 0.07465649 0.9870402 -0.05199727 0.07472865 0.9871087 -0.05199727 0.07472865 0.9871087 -0.07349727 0.07480429 0.9871733 -0.05199727 0.07480429 0.9871733 -0.07349727 0.07488321 0.9872339 -0.05199727 0.07488321 0.9872339 -0.07349727 0.07496519 0.9872902 -0.07349727 0.07496519 0.9872902 -0.05199727 0.07505 0.9873422 -0.07349727 0.07505 0.9873422 -0.05199727 0.07513742 0.9873896 -0.05199727 0.07513742 0.9873896 -0.07349727 0.0752272 0.9874325 -0.07349727 0.0752272 0.9874325 -0.05199727 0.0753191 0.9874705 -0.05199727 0.0753191 0.9874705 -0.07349727 0.07541286 0.9875037 -0.07349727 0.07541286 0.9875037 -0.05199727 0.07550825 0.987532 -0.05199727 0.07550825 0.987532 -0.07349727 0.07560497 0.9875552 -0.07349727 0.07560497 0.9875552 -0.05199727 0.07570277 0.9875734 -0.05199727 0.07570277 0.9875734 -0.07349727 0.0758014 0.9875863 -0.07349727 0.0758014 0.9875863 -0.05199727 0.07590056 0.9875941 -0.05199727 0.07590056 0.9875941 -0.07349727 0.076 0.9875967 -0.05199727 0.076 0.9875967 -0.07349727 -0.0443 0.9733967 -0.04099727 -0.0443 0.9733967 -0.04549727 -0.04428579 0.9739757 -0.04099727 -0.04428579 0.9739757 -0.04549727 -0.04424318 0.9745533 -0.04099727 -0.04424318 0.9745533 -0.04549727 -0.04417228 0.9751282 -0.04099727 -0.04417228 0.9751282 -0.04549727 -0.04407327 0.9756988 -0.04099727 -0.04407327 0.9756988 -0.04549727 -0.04394637 0.9762639 -0.04099727 -0.04394637 0.9762639 -0.04549727 -0.0437919 0.9768221 -0.04099727 -0.0437919 0.9768221 -0.04549727 -0.04361022 0.977372 -0.04099727 -0.04361022 0.977372 -0.04549727 -0.04340178 0.9779124 -0.04099727 -0.04340178 0.9779124 -0.04549727 -0.04316707 0.9784419 -0.04099727 -0.04316707 0.9784419 -0.04549727 -0.04290667 0.9789592 -0.04099727 -0.04290667 0.9789592 -0.04549727 -0.0426212 0.9794631 -0.04099727 -0.0426212 0.9794631 -0.04549727 -0.04231134 0.9799525 -0.04099727 -0.04231134 0.9799525 -0.04549727 -0.04197785 0.980426 -0.04099727 -0.04197785 0.980426 -0.04549727 -0.04162152 0.9808826 -0.04099727 -0.04162152 0.9808826 -0.04549727 -0.04124323 0.9813211 -0.04099727 -0.04124323 0.9813211 -0.04549727 -0.04084386 0.9817406 -0.04099727 -0.04084386 0.9817406 -0.04549727 -0.0404244 0.98214 -0.04099727 -0.0404244 0.98214 -0.04549727 -0.03998584 0.9825182 -0.04099727 -0.03998584 0.9825182 -0.04549727 -0.03952925 0.9828746 -0.04099727 -0.03952925 0.9828746 -0.04549727 -0.03905573 0.9832081 -0.04099727 -0.03905573 0.9832081 -0.04549727 -0.03856641 0.9835179 -0.04099727 -0.03856641 0.9835179 -0.04549727 -0.03806248 0.9838034 -0.04099727 -0.03806248 0.9838034 -0.04549727 -0.03754515 0.9840638 -0.04099727 -0.03754515 0.9840638 -0.04549727 -0.03701566 0.9842985 -0.04099727 -0.03701566 0.9842985 -0.04549727 -0.0364753 0.984507 -0.04099727 -0.0364753 0.984507 -0.04549727 -0.03592536 0.9846887 -0.04099727 -0.03592536 0.9846887 -0.04549727 -0.03536716 0.9848431 -0.04099727 -0.03536716 0.9848431 -0.04549727 -0.03480207 0.98497 -0.04099727 -0.03480207 0.98497 -0.04549727 -0.03423142 0.985069 -0.04099727 -0.03423142 0.985069 -0.04549727 -0.0336566 0.9851399 -0.04099727 -0.0336566 0.9851399 -0.04549727 -0.033079 0.9851825 -0.04549727 -0.033079 0.9851825 -0.04099727 -0.0325 0.9851967 -0.04549727 -0.0325 0.9851967 -0.04099727 0.081 0.9816967 -0.05199727 0.081 0.9654467 -0.07349727 0.081 0.9654467 -0.05199727 0.081 0.9816967 -0.07349727 -0.081 0.9648967 -0.05199727 -0.081 0.9823967 -0.05199727 -0.0708 0.9648967 -0.05199727 -0.0708 0.9823967 -0.05199727 -0.04110972 0.964999 -0.05199727 -0.04068043 0.9645803 -0.05199727 -0.0708 0.9596467 -0.05199727 -0.04151761 0.9654387 -0.05199727 -0.0402308 0.9641835 -0.05199727 -0.04190308 0.965898 -0.05199727 -0.03976195 0.9638096 -0.05199727 -0.04226517 0.966376 -0.05199727 -0.03927504 0.9634596 -0.05199727 -0.04260298 0.9668715 -0.05199727 -0.03877129 0.9631342 -0.05199727 -0.04291568 0.9673832 -0.05199727 -0.03825195 0.9628344 -0.05199727 -0.04320248 0.9679099 -0.05199727 -0.03771832 0.9625608 -0.05199727 -0.04346267 0.9684502 -0.05199727 -0.0371717 0.9623141 -0.05199727 -0.04369561 0.9690028 -0.05199727 -0.03661347 0.9620951 -0.05199727 -0.04390071 0.9695663 -0.05199727 -0.03604502 0.9619041 -0.05199727 -0.04407747 0.9701393 -0.05199727 -0.03546775 0.9617416 -0.05199727 -0.04422544 0.9707205 -0.05199727 -0.0348831 0.9616082 -0.05199727 -0.04434427 0.9713083 -0.05199727 -0.03429253 0.9615041 -0.05199727 -0.04443365 0.9719012 -0.05199727 -0.0336975 0.9614295 -0.05199727 -0.04449335 0.972498 -0.05199727 -0.03309949 0.9613847 -0.05199727 -0.04452325 0.9730969 -0.05199727 -0.0325 0.9613698 -0.05199727 -0.04452325 0.9736966 -0.05199727 -0.04449335 0.9742955 -0.05199727 -0.04443365 0.9748922 -0.05199727 -0.04434427 0.9754852 -0.05199727 -0.04422544 0.976073 -0.05199727 -0.04407747 0.9766541 -0.05199727 -0.04390071 0.9772272 -0.05199727 -0.04369561 0.9777907 -0.05199727 -0.04346267 0.9783433 -0.05199727 -0.04320248 0.9788835 -0.05199727 -0.04291568 0.9794102 -0.05199727 -0.072 0.9881967 -0.05199727 -0.04260298 0.9799219 -0.05199727 -0.04226517 0.9804174 -0.05199727 -0.04190308 0.9808954 -0.05199727 -0.04151761 0.9813548 -0.05199727 -0.04110972 0.9817944 -0.05199727 -0.04068043 0.9822131 -0.05199727 -0.0402308 0.9826099 -0.05199727 -0.03976195 0.9829838 -0.05199727 -0.03927504 0.9833339 -0.05199727 -0.03877129 0.9836592 -0.05199727 -0.03825195 0.9839591 -0.05199727 -0.03771832 0.9842327 -0.05199727 -0.0371717 0.9844793 -0.05199727 -0.03661347 0.9846984 -0.05199727 -0.03604502 0.9848894 -0.05199727 -0.03546775 0.9850518 -0.05199727 -0.0348831 0.9851852 -0.05199727 -0.03429253 0.9852894 -0.05199727 0.0708 0.9596467 -0.05199727 0.0708 0.9654467 -0.05199727 0.0708 0.9816967 -0.05199727 0.04281589 0.9795798 -0.05199727 0.04310685 0.9790662 -0.05199727 0.04337226 0.9785389 -0.05199727 0.04361148 0.9779993 -0.05199727 0.04382394 0.9774485 -0.05199727 0.04400911 0.976888 -0.05199727 0.04416655 0.976319 -0.05199727 0.04429589 0.9757431 -0.05199727 0.04439681 0.9751614 -0.05199727 0.04446907 0.9745756 -0.05199727 0.0445125 0.9739869 -0.05199727 0.03426472 0.9852935 -0.05199727 0.072 0.9881967 -0.05199727 0.03484635 0.9851926 -0.05199727 0.03542232 0.9850633 -0.05199727 0.03599125 0.9849058 -0.05199727 0.03655177 0.9847206 -0.05199727 0.03710253 0.9845082 -0.05199727 0.0376422 0.984269 -0.05199727 0.03816948 0.9840036 -0.05199727 0.03868311 0.9837126 -0.05199727 0.03918184 0.9833968 -0.05199727 0.03966447 0.9830569 -0.05199727 0.04012984 0.9826937 -0.05199727 0.04057683 0.9823082 -0.05199727 0.04100436 0.9819011 -0.05199727 0.04141141 0.9814736 -0.05199727 0.04179699 0.9810266 -0.05199727 0.04216016 0.9805612 -0.05199727 0.04250007 0.9800786 -0.05199727 0.0325 0.9854237 -0.05199727 -0.0325 0.9854237 -0.05199727 -0.03309949 0.9854088 -0.05199727 -0.0336975 0.985364 -0.05199727 0.03309014 0.9854092 -0.05199727 0.03367885 0.9853658 -0.05199727 0.081 0.9591967 -0.05199727 -0.08227523 0.9591967 -0.05199727 -0.0708 0.9878967 -0.06599727 -0.072 0.9881967 -0.06599727 -0.0708 0.9823967 -0.06599727 0.072 0.9881967 -0.06599727 0.0708 0.9878967 -0.06599727 0.0708 0.9816967 -0.06599727 -0.0708 0.9823967 -0.07349727 -0.081 0.9823967 -0.07349727 -0.081 0.9648967 -0.07349727 -0.0708 0.9648967 -0.07349727 -0.0325 0.9615967 -0.04549727 -0.033079 0.961611 -0.04549727 -0.0325 0.9615967 -0.04099727 -0.033079 0.961611 -0.04099727 -0.0336566 0.9616536 -0.04549727 -0.0336566 0.9616536 -0.04099727 -0.03423142 0.9617244 -0.04549727 -0.03423142 0.9617244 -0.04099727 -0.03480207 0.9618235 -0.04549727 -0.03480207 0.9618235 -0.04099727 -0.03536716 0.9619504 -0.04549727 -0.03536716 0.9619504 -0.04099727 -0.03592536 0.9621049 -0.04549727 -0.03592536 0.9621049 -0.04099727 -0.0364753 0.9622865 -0.04549727 -0.0364753 0.9622865 -0.04099727 -0.03701566 0.9624949 -0.04549727 -0.03701566 0.9624949 -0.04099727 -0.03754515 0.9627297 -0.04549727 -0.03754515 0.9627297 -0.04099727 -0.03806248 0.9629901 -0.04549727 -0.03806248 0.9629901 -0.04099727 -0.03856641 0.9632755 -0.04549727 -0.03856641 0.9632755 -0.04099727 -0.03905573 0.9635854 -0.04549727 -0.03905573 0.9635854 -0.04099727 -0.03952925 0.9639189 -0.04549727 -0.03952925 0.9639189 -0.04099727 -0.03998584 0.9642752 -0.04549727 -0.03998584 0.9642752 -0.04099727 -0.0404244 0.9646535 -0.04549727 -0.0404244 0.9646535 -0.04099727 -0.04084386 0.9650529 -0.04549727 -0.04084386 0.9650529 -0.04099727 -0.04124323 0.9654724 -0.04549727 -0.04124323 0.9654724 -0.04099727 -0.04162152 0.9659109 -0.04549727 -0.04162152 0.9659109 -0.04099727 -0.04197785 0.9663675 -0.04549727 -0.04197785 0.9663675 -0.04099727 -0.04231134 0.966841 -0.04549727 -0.04231134 0.966841 -0.04099727 -0.0426212 0.9673303 -0.04549727 -0.0426212 0.9673303 -0.04099727 -0.04290667 0.9678342 -0.04549727 -0.04290667 0.9678342 -0.04099727 -0.04316707 0.9683516 -0.04549727 -0.04316707 0.9683516 -0.04099727 -0.04340178 0.968881 -0.04549727 -0.04340178 0.968881 -0.04099727 -0.04361022 0.9694214 -0.04549727 -0.04361022 0.9694214 -0.04099727 -0.0437919 0.9699714 -0.04549727 -0.0437919 0.9699714 -0.04099727 -0.04394637 0.9705295 -0.04099727 -0.04394637 0.9705295 -0.04549727 -0.04407327 0.9710947 -0.04099727 -0.04407327 0.9710947 -0.04549727 -0.04417228 0.9716653 -0.04549727 -0.04417228 0.9716653 -0.04099727 -0.04424318 0.9722401 -0.04549727 -0.04424318 0.9722401 -0.04099727 -0.04428579 0.9728177 -0.04549727 -0.04428579 0.9728177 -0.04099727 0.0325 0.9615967 -0.04099727 0.0325 0.9851967 -0.04099727 0.033079 0.9851825 -0.04549727 0.03308818 0.9851821 -0.04099727 0.0325 0.9851967 -0.04549727 0.0336566 0.9851399 -0.04549727 0.0336749 0.9851381 -0.04099727 0.03423142 0.985069 -0.04549727 0.0342587 0.9850649 -0.04099727 0.03480207 0.98497 -0.04549727 0.03483812 0.9849628 -0.04099727 0.03536716 0.9848431 -0.04549727 0.03541174 0.9848318 -0.04099727 0.03592536 0.9846887 -0.04549727 0.03597811 0.9846725 -0.04099727 0.0364753 0.984507 -0.04549727 0.03653584 0.9844851 -0.04099727 0.03701566 0.9842985 -0.04549727 0.03708353 0.9842701 -0.04099727 0.03754515 0.9840638 -0.04549727 0.03761983 0.9840281 -0.04099727 0.03806248 0.9838034 -0.04549727 0.0381434 0.9837598 -0.04099727 0.03856641 0.9835179 -0.04549727 0.03865294 0.9834656 -0.04099727 0.03905573 0.9832081 -0.04549727 0.03914717 0.9831464 -0.04099727 0.03952925 0.9828746 -0.04549727 0.03962489 0.9828029 -0.04099727 0.03998584 0.9825182 -0.04549727 0.04008489 0.982436 -0.04099727 0.0404244 0.98214 -0.04549727 0.04052604 0.9820468 -0.04099727 0.04084386 0.9817406 -0.04549727 0.04094723 0.9816359 -0.04099727 0.04124323 0.9813211 -0.04549727 0.04134742 0.9812047 -0.04099727 0.04162152 0.9808826 -0.04549727 0.04172561 0.9807539 -0.04099727 0.04197785 0.980426 -0.04549727 0.04208087 0.9802849 -0.04099727 0.04231134 0.9799525 -0.04549727 0.04241231 0.9797988 -0.04099727 0.0426212 0.9794631 -0.04549727 0.0427191 0.9792968 -0.04099727 0.04290667 0.9789592 -0.04549727 0.04300049 0.97878 -0.04099727 0.04316707 0.9784419 -0.04549727 0.04325577 0.9782499 -0.04099727 0.04340178 0.9779124 -0.04549727 0.04348431 0.9777078 -0.04099727 0.04361022 0.977372 -0.04549727 0.04368554 0.9771548 -0.04099727 0.0437919 0.9768221 -0.04549727 0.04385897 0.9765927 -0.04099727 0.04394637 0.9762639 -0.04549727 0.04400415 0.9760225 -0.04099727 0.04407327 0.9756988 -0.04549727 0.04412073 0.9754458 -0.04099727 0.04417228 0.9751282 -0.04549727 0.04420842 0.974864 -0.04099727 0.04424318 0.9745533 -0.04549727 0.04426701 0.9742786 -0.04099727 0.04428579 0.9739757 -0.04549727 0.04429633 0.9736909 -0.04099727 0.04429633 0.9731025 -0.04099727 0.04426701 0.9725149 -0.04099727 0.04420842 0.9719295 -0.04099727 0.04412073 0.9713477 -0.04099727 0.04400415 0.970771 -0.04099727 0.04385897 0.9702008 -0.04099727 0.04368554 0.9696386 -0.04099727 0.04348431 0.9690857 -0.04099727 0.04325577 0.9685435 -0.04099727 0.04300049 0.9680134 -0.04099727 0.0427191 0.9674967 -0.04099727 0.04241231 0.9669947 -0.04099727 0.04208087 0.9665085 -0.04099727 0.04172561 0.9660396 -0.04099727 0.04134742 0.9655889 -0.04099727 0.04094723 0.9651575 -0.04099727 0.04052604 0.9647467 -0.04099727 0.04008489 0.9643574 -0.04099727 0.03962489 0.9639906 -0.04099727 0.03914717 0.9636471 -0.04099727 0.03865294 0.9633279 -0.04099727 0.0381434 0.9630337 -0.04099727 0.03761983 0.9627653 -0.04099727 0.03708353 0.9625233 -0.04099727 0.03653584 0.9623083 -0.04099727 0.03597811 0.962121 -0.04099727 0.03541174 0.9619616 -0.04099727 0.03483812 0.9618307 -0.04099727 0.0342587 0.9617285 -0.04099727 0.0336749 0.9616554 -0.04099727 0.03308818 0.9616114 -0.04099727 0.081 0.9591967 -0.06599727 0.0708 0.9596467 -0.06599727 -0.0708 0.9596467 -0.06599727 -0.08227523 0.9591967 -0.06599727 0.07609944 0.9875941 -0.05199727 0.07609944 0.9875941 -0.07349727 0.0761986 0.9875863 -0.05199727 0.0761986 0.9875863 -0.07349727 0.07629723 0.9875734 -0.05199727 0.07629723 0.9875734 -0.07349727 0.07639503 0.9875552 -0.05199727 0.07639503 0.9875552 -0.07349727 0.07649175 0.987532 -0.05199727 0.07649175 0.987532 -0.07349727 0.07658714 0.9875037 -0.05199727 0.07658714 0.9875037 -0.07349727 0.0766809 0.9874705 -0.05199727 0.0766809 0.9874705 -0.07349727 0.0767728 0.9874325 -0.05199727 0.0767728 0.9874325 -0.07349727 0.07686258 0.9873896 -0.05199727 0.07686258 0.9873896 -0.07349727 0.07695 0.9873422 -0.05199727 0.07695 0.9873422 -0.07349727 0.07703481 0.9872902 -0.05199727 0.07703481 0.9872902 -0.07349727 0.07711679 0.9872339 -0.05199727 0.07711679 0.9872339 -0.07349727 0.07719571 0.9871733 -0.05199727 0.07719571 0.9871733 -0.07349727 0.07727135 0.9871087 -0.05199727 0.07727135 0.9871087 -0.07349727 0.07734351 0.9870402 -0.05199727 0.07734351 0.9870402 -0.07349727 0.07741197 0.9869681 -0.05199727 0.07741197 0.9869681 -0.07349727 0.07747658 0.9868925 -0.05199727 0.07747658 0.9868925 -0.07349727 0.07753713 0.9868135 -0.05199727 0.07753713 0.9868135 -0.07349727 0.07759348 0.9867316 -0.05199727 0.07759348 0.9867316 -0.07349727 0.07764545 0.9866467 -0.05199727 0.07764545 0.9866467 -0.07349727 0.07769291 0.9865593 -0.05199727 0.07769291 0.9865593 -0.07349727 0.07773573 0.9864695 -0.05199727 0.07773573 0.9864695 -0.07349727 0.0777738 0.9863776 -0.05199727 0.0777738 0.9863776 -0.07349727 0.07780701 0.9862839 -0.05199727 0.07780701 0.9862839 -0.07349727 0.07783526 0.9861885 -0.05199727 0.07783526 0.9861885 -0.07349727 0.07785848 0.9860917 -0.05199727 0.07785848 0.9860917 -0.07349727 0.07787661 0.985994 -0.05199727 0.07787661 0.985994 -0.07349727 0.0778896 0.9858953 -0.05199727 0.0778896 0.9858953 -0.07349727 0.0778974 0.9857961 -0.05199727 0.0778974 0.9857961 -0.07349727 0.0779 0.9856967 -0.05199727 0.0779 0.9856967 -0.07349727 0.0778974 0.9855973 -0.05199727 0.0778974 0.9855973 -0.07349727 0.0778896 0.9854981 -0.05199727 0.0778896 0.9854981 -0.07349727 0.07787661 0.9853995 -0.05199727 0.07787661 0.9853995 -0.07349727 0.07785848 0.9853017 -0.07349727 0.07785848 0.9853017 -0.05199727 0.07783526 0.985205 -0.05199727 0.07783526 0.985205 -0.07349727 0.07780701 0.9851096 -0.05199727 0.07780701 0.9851096 -0.07349727 0.0777738 0.9850158 -0.07349727 0.0777738 0.9850158 -0.05199727 0.07773573 0.984924 -0.05199727 0.07773573 0.984924 -0.07349727 0.07769291 0.9848342 -0.07349727 0.07769291 0.9848342 -0.05199727 0.07764545 0.9847467 -0.07349727 0.07764545 0.9847467 -0.05199727 0.07759348 0.9846619 -0.05199727 0.07759348 0.9846619 -0.07349727 0.07753713 0.98458 -0.05199727 0.07753713 0.98458 -0.07349727 0.07747658 0.984501 -0.05199727 0.07747658 0.984501 -0.07349727 0.07741197 0.9844254 -0.05199727 0.07741197 0.9844254 -0.07349727 0.07734351 0.9843532 -0.05199727 0.07734351 0.9843532 -0.07349727 0.07727135 0.9842847 -0.07349727 0.07727135 0.9842847 -0.05199727 0.07719571 0.9842202 -0.07349727 0.07719571 0.9842202 -0.05199727 0.07711679 0.9841596 -0.05199727 0.07711679 0.9841596 -0.07349727 0.07703481 0.9841033 -0.07349727 0.07703481 0.9841033 -0.05199727 0.07695 0.9840513 -0.07349727 0.07695 0.9840513 -0.05199727 0.07686258 0.9840038 -0.05199727 0.07686258 0.9840038 -0.07349727 0.0767728 0.983961 -0.07349727 0.0767728 0.983961 -0.05199727 0.0766809 0.9839229 -0.05199727 0.0766809 0.9839229 -0.07349727 0.07658714 0.9838897 -0.07349727 0.07658714 0.9838897 -0.05199727 0.07649175 0.9838615 -0.07349727 0.07649175 0.9838615 -0.05199727 0.07639503 0.9838383 -0.05199727 0.07639503 0.9838383 -0.07349727 0.07629723 0.9838201 -0.07349727 0.07629723 0.9838201 -0.05199727 0.0761986 0.9838071 -0.07349727 0.0761986 0.9838071 -0.05199727 0.07609944 0.9837993 -0.05199727 0.07609944 0.9837993 -0.07349727 -0.07590056 0.9633441 -0.07349727 -0.07590056 0.9633441 -0.06599727 -0.0758014 0.9633363 -0.07349727 -0.0758014 0.9633363 -0.06599727 -0.07570277 0.9633234 -0.07349727 -0.07570277 0.9633234 -0.06599727 -0.07560497 0.9633052 -0.07349727 -0.07560497 0.9633052 -0.06599727 -0.07550825 0.963282 -0.07349727 -0.07550825 0.963282 -0.06599727 -0.07541286 0.9632537 -0.07349727 -0.07541286 0.9632537 -0.06599727 -0.0753191 0.9632205 -0.07349727 -0.0753191 0.9632205 -0.06599727 -0.0752272 0.9631825 -0.07349727 -0.0752272 0.9631825 -0.06599727 -0.07513742 0.9631396 -0.07349727 -0.07513742 0.9631396 -0.06599727 -0.07505 0.9630922 -0.07349727 -0.07505 0.9630922 -0.06599727 -0.07496519 0.9630402 -0.07349727 -0.07496519 0.9630402 -0.06599727 -0.07488321 0.9629839 -0.07349727 -0.07488321 0.9629839 -0.06599727 -0.07480429 0.9629233 -0.07349727 -0.07480429 0.9629233 -0.06599727 -0.07472865 0.9628587 -0.07349727 -0.07472865 0.9628587 -0.06599727 -0.07465649 0.9627902 -0.07349727 -0.07465649 0.9627902 -0.06599727 -0.07458803 0.9627181 -0.07349727 -0.07458803 0.9627181 -0.06599727 -0.07452342 0.9626425 -0.07349727 -0.07452342 0.9626425 -0.06599727 -0.07446287 0.9625635 -0.07349727 -0.07446287 0.9625635 -0.06599727 -0.07440652 0.9624816 -0.07349727 -0.07440652 0.9624816 -0.06599727 -0.07435455 0.9623967 -0.07349727 -0.07435455 0.9623967 -0.06599727 -0.07430709 0.9623093 -0.07349727 -0.07430709 0.9623093 -0.06599727 -0.07426427 0.9622195 -0.07349727 -0.07426427 0.9622195 -0.06599727 -0.0742262 0.9621276 -0.07349727 -0.0742262 0.9621276 -0.06599727 -0.07419299 0.9620339 -0.07349727 -0.07419299 0.9620339 -0.06599727 -0.07416474 0.9619385 -0.07349727 -0.07416474 0.9619385 -0.06599727 -0.07414152 0.9618417 -0.07349727 -0.07414152 0.9618417 -0.06599727 -0.07412339 0.961744 -0.07349727 -0.07412339 0.961744 -0.06599727 -0.0741104 0.9616453 -0.07349727 -0.0741104 0.9616453 -0.06599727 -0.0741026 0.9615461 -0.07349727 -0.0741026 0.9615461 -0.06599727 -0.0741 0.9614467 -0.07349727 -0.0741 0.9614467 -0.06599727 -0.0741026 0.9613473 -0.07349727 -0.0741026 0.9613473 -0.06599727 -0.0741104 0.9612481 -0.07349727 -0.0741104 0.9612481 -0.06599727 -0.07412339 0.9611495 -0.07349727 -0.07412339 0.9611495 -0.06599727 -0.07414152 0.9610517 -0.07349727 -0.07414152 0.9610517 -0.06599727 -0.07416474 0.960955 -0.07349727 -0.07416474 0.960955 -0.06599727 -0.07419299 0.9608596 -0.07349727 -0.07419299 0.9608596 -0.06599727 -0.0742262 0.9607658 -0.07349727 -0.0742262 0.9607658 -0.06599727 -0.07426427 0.960674 -0.07349727 -0.07426427 0.960674 -0.06599727 -0.07430709 0.9605842 -0.07349727 -0.07430709 0.9605842 -0.06599727 -0.07435455 0.9604967 -0.07349727 -0.07435455 0.9604967 -0.06599727 -0.07440652 0.9604119 -0.07349727 -0.07440652 0.9604119 -0.06599727 -0.07446287 0.96033 -0.07349727 -0.07446287 0.96033 -0.06599727 -0.07452342 0.960251 -0.07349727 -0.07452342 0.960251 -0.06599727 -0.07458803 0.9601754 -0.07349727 -0.07458803 0.9601754 -0.06599727 -0.07465649 0.9601032 -0.07349727 -0.07465649 0.9601032 -0.06599727 -0.07472865 0.9600347 -0.07349727 -0.07472865 0.9600347 -0.06599727 -0.07480429 0.9599702 -0.07349727 -0.07480429 0.9599702 -0.06599727 -0.07488321 0.9599096 -0.07349727 -0.07488321 0.9599096 -0.06599727 -0.07496519 0.9598533 -0.07349727 -0.07496519 0.9598533 -0.06599727 -0.07505 0.9598013 -0.07349727 -0.07505 0.9598013 -0.06599727 -0.07513742 0.9597538 -0.07349727 -0.07513742 0.9597538 -0.06599727 -0.0752272 0.959711 -0.07349727 -0.0752272 0.959711 -0.06599727 -0.0753191 0.9596729 -0.07349727 -0.0753191 0.9596729 -0.06599727 -0.07541286 0.9596397 -0.07349727 -0.07541286 0.9596397 -0.06599727 -0.07550825 0.9596115 -0.07349727 -0.07550825 0.9596115 -0.06599727 -0.07560497 0.9595883 -0.07349727 -0.07560497 0.9595883 -0.06599727 -0.07570277 0.9595701 -0.07349727 -0.07570277 0.9595701 -0.06599727 -0.0758014 0.9595571 -0.07349727 -0.0758014 0.9595571 -0.06599727 -0.07590056 0.9595493 -0.07349727 -0.07590056 0.9595493 -0.06599727 -0.07590056 0.9875941 -0.05199727 -0.07590056 0.9875941 -0.07349727 -0.0758014 0.9875863 -0.05199727 -0.0758014 0.9875863 -0.07349727 -0.07570277 0.9875734 -0.05199727 -0.07570277 0.9875734 -0.07349727 -0.07560497 0.9875552 -0.05199727 -0.07560497 0.9875552 -0.07349727 -0.07550825 0.987532 -0.05199727 -0.07550825 0.987532 -0.07349727 -0.07541286 0.9875037 -0.05199727 -0.07541286 0.9875037 -0.07349727 -0.0753191 0.9874705 -0.05199727 -0.0753191 0.9874705 -0.07349727 -0.0752272 0.9874325 -0.05199727 -0.0752272 0.9874325 -0.07349727 -0.07513742 0.9873896 -0.05199727 -0.07513742 0.9873896 -0.07349727 -0.07505 0.9873422 -0.05199727 -0.07505 0.9873422 -0.07349727 -0.07496519 0.9872902 -0.05199727 -0.07496519 0.9872902 -0.07349727 -0.07488321 0.9872339 -0.05199727 -0.07488321 0.9872339 -0.07349727 -0.07480429 0.9871733 -0.05199727 -0.07480429 0.9871733 -0.07349727 -0.07472865 0.9871087 -0.05199727 -0.07472865 0.9871087 -0.07349727 -0.07465649 0.9870402 -0.05199727 -0.07465649 0.9870402 -0.07349727 -0.07458803 0.9869681 -0.05199727 -0.07458803 0.9869681 -0.07349727 -0.07452342 0.9868925 -0.05199727 -0.07452342 0.9868925 -0.07349727 -0.07446287 0.9868135 -0.05199727 -0.07446287 0.9868135 -0.07349727 -0.07440652 0.9867316 -0.05199727 -0.07440652 0.9867316 -0.07349727 -0.07435455 0.9866467 -0.05199727 -0.07435455 0.9866467 -0.07349727 -0.07430709 0.9865593 -0.05199727 -0.07430709 0.9865593 -0.07349727 -0.07426427 0.9864695 -0.05199727 -0.07426427 0.9864695 -0.07349727 -0.0742262 0.9863776 -0.05199727 -0.0742262 0.9863776 -0.07349727 -0.07419299 0.9862839 -0.05199727 -0.07419299 0.9862839 -0.07349727 -0.07416474 0.9861885 -0.05199727 -0.07416474 0.9861885 -0.07349727 -0.07414152 0.9860917 -0.05199727 -0.07414152 0.9860917 -0.07349727 -0.07412339 0.985994 -0.05199727 -0.07412339 0.985994 -0.07349727 -0.0741104 0.9858953 -0.05199727 -0.0741104 0.9858953 -0.07349727 -0.0741026 0.9857961 -0.05199727 -0.0741026 0.9857961 -0.07349727 -0.0741 0.9856967 -0.05199727 -0.0741 0.9856967 -0.07349727 -0.0741026 0.9855973 -0.05199727 -0.0741026 0.9855973 -0.07349727 -0.0741104 0.9854981 -0.05199727 -0.0741104 0.9854981 -0.07349727 -0.07412339 0.9853995 -0.05199727 -0.07412339 0.9853995 -0.07349727 -0.07414152 0.9853017 -0.07349727 -0.07414152 0.9853017 -0.05199727 -0.07416474 0.985205 -0.05199727 -0.07416474 0.985205 -0.07349727 -0.07419299 0.9851096 -0.05199727 -0.07419299 0.9851096 -0.07349727 -0.0742262 0.9850158 -0.07349727 -0.0742262 0.9850158 -0.05199727 -0.07426427 0.984924 -0.05199727 -0.07426427 0.984924 -0.07349727 -0.07430709 0.9848342 -0.07349727 -0.07430709 0.9848342 -0.05199727 -0.07435455 0.9847467 -0.07349727 -0.07435455 0.9847467 -0.05199727 -0.07440652 0.9846619 -0.05199727 -0.07440652 0.9846619 -0.07349727 -0.07446287 0.98458 -0.05199727 -0.07446287 0.98458 -0.07349727 -0.07452342 0.984501 -0.05199727 -0.07452342 0.984501 -0.07349727 -0.07458803 0.9844254 -0.05199727 -0.07458803 0.9844254 -0.07349727 -0.07465649 0.9843532 -0.05199727 -0.07465649 0.9843532 -0.07349727 -0.07472865 0.9842847 -0.07349727 -0.07472865 0.9842847 -0.05199727 -0.07480429 0.9842202 -0.07349727 -0.07480429 0.9842202 -0.05199727 -0.07488321 0.9841596 -0.05199727 -0.07488321 0.9841596 -0.07349727 -0.07496519 0.9841033 -0.07349727 -0.07496519 0.9841033 -0.05199727 -0.07505 0.9840513 -0.07349727 -0.07505 0.9840513 -0.05199727 -0.07513742 0.9840038 -0.05199727 -0.07513742 0.9840038 -0.07349727 -0.0752272 0.983961 -0.07349727 -0.0752272 0.983961 -0.05199727 -0.0753191 0.9839229 -0.05199727 -0.0753191 0.9839229 -0.07349727 -0.07541286 0.9838897 -0.07349727 -0.07541286 0.9838897 -0.05199727 -0.07550825 0.9838615 -0.07349727 -0.07550825 0.9838615 -0.05199727 -0.07560497 0.9838383 -0.05199727 -0.07560497 0.9838383 -0.07349727 -0.07570277 0.9838201 -0.07349727 -0.07570277 0.9838201 -0.05199727 -0.0758014 0.9838071 -0.07349727 -0.0758014 0.9838071 -0.05199727 -0.07590056 0.9837993 -0.05199727 -0.07590056 0.9837993 -0.07349727 0.07609944 0.9633441 -0.07349727 0.07609944 0.9633441 -0.06599727 0.0761986 0.9633363 -0.07349727 0.0761986 0.9633363 -0.06599727 0.07629723 0.9633234 -0.07349727 0.07629723 0.9633234 -0.06599727 0.07639503 0.9633052 -0.07349727 0.07639503 0.9633052 -0.06599727 0.07649175 0.963282 -0.07349727 0.07649175 0.963282 -0.06599727 0.07658714 0.9632537 -0.07349727 0.07658714 0.9632537 -0.06599727 0.0766809 0.9632205 -0.07349727 0.0766809 0.9632205 -0.06599727 0.0767728 0.9631825 -0.07349727 0.0767728 0.9631825 -0.06599727 0.07686258 0.9631396 -0.07349727 0.07686258 0.9631396 -0.06599727 0.07695 0.9630922 -0.07349727 0.07695 0.9630922 -0.06599727 0.07703481 0.9630402 -0.07349727 0.07703481 0.9630402 -0.06599727 0.07711679 0.9629839 -0.07349727 0.07711679 0.9629839 -0.06599727 0.07719571 0.9629233 -0.07349727 0.07719571 0.9629233 -0.06599727 0.07727135 0.9628587 -0.07349727 0.07727135 0.9628587 -0.06599727 0.07734351 0.9627902 -0.07349727 0.07734351 0.9627902 -0.06599727 0.07741197 0.9627181 -0.07349727 0.07741197 0.9627181 -0.06599727 0.07747658 0.9626425 -0.07349727 0.07747658 0.9626425 -0.06599727 0.07753713 0.9625635 -0.07349727 0.07753713 0.9625635 -0.06599727 0.07759348 0.9624816 -0.07349727 0.07759348 0.9624816 -0.06599727 0.07764545 0.9623967 -0.07349727 0.07764545 0.9623967 -0.06599727 0.07769291 0.9623093 -0.07349727 0.07769291 0.9623093 -0.06599727 0.07773573 0.9622195 -0.07349727 0.07773573 0.9622195 -0.06599727 0.0777738 0.9621276 -0.07349727 0.0777738 0.9621276 -0.06599727 0.07780701 0.9620339 -0.07349727 0.07780701 0.9620339 -0.06599727 0.07783526 0.9619385 -0.07349727 0.07783526 0.9619385 -0.06599727 0.07785848 0.9618417 -0.07349727 0.07785848 0.9618417 -0.06599727 0.07787661 0.961744 -0.07349727 0.07787661 0.961744 -0.06599727 0.0778896 0.9616453 -0.07349727 0.0778896 0.9616453 -0.06599727 0.0778974 0.9615461 -0.07349727 0.0778974 0.9615461 -0.06599727 0.0779 0.9614467 -0.07349727 0.0779 0.9614467 -0.06599727 0.0778974 0.9613473 -0.07349727 0.0778974 0.9613473 -0.06599727 0.0778896 0.9612481 -0.07349727 0.0778896 0.9612481 -0.06599727 0.07787661 0.9611495 -0.07349727 0.07787661 0.9611495 -0.06599727 0.07785848 0.9610517 -0.07349727 0.07785848 0.9610517 -0.06599727 0.07783526 0.960955 -0.07349727 0.07783526 0.960955 -0.06599727 0.07780701 0.9608596 -0.07349727 0.07780701 0.9608596 -0.06599727 0.0777738 0.9607658 -0.07349727 0.0777738 0.9607658 -0.06599727 0.07773573 0.960674 -0.07349727 0.07773573 0.960674 -0.06599727 0.07769291 0.9605842 -0.07349727 0.07769291 0.9605842 -0.06599727 0.07764545 0.9604967 -0.07349727 0.07764545 0.9604967 -0.06599727 0.07759348 0.9604119 -0.07349727 0.07759348 0.9604119 -0.06599727 0.07753713 0.96033 -0.07349727 0.07753713 0.96033 -0.06599727 0.07747658 0.960251 -0.07349727 0.07747658 0.960251 -0.06599727 0.07741197 0.9601754 -0.07349727 0.07741197 0.9601754 -0.06599727 0.07734351 0.9601032 -0.07349727 0.07734351 0.9601032 -0.06599727 0.07727135 0.9600347 -0.07349727 0.07727135 0.9600347 -0.06599727 0.07719571 0.9599702 -0.07349727 0.07719571 0.9599702 -0.06599727 0.07711679 0.9599096 -0.07349727 0.07711679 0.9599096 -0.06599727 0.07703481 0.9598533 -0.07349727 0.07703481 0.9598533 -0.06599727 0.07695 0.9598013 -0.07349727 0.07695 0.9598013 -0.06599727 0.07686258 0.9597538 -0.07349727 0.07686258 0.9597538 -0.06599727 0.0767728 0.959711 -0.07349727 0.0767728 0.959711 -0.06599727 0.0766809 0.9596729 -0.07349727 0.0766809 0.9596729 -0.06599727 0.07658714 0.9596397 -0.07349727 0.07658714 0.9596397 -0.06599727 0.07649175 0.9596115 -0.07349727 0.07649175 0.9596115 -0.06599727 0.07639503 0.9595883 -0.07349727 0.07639503 0.9595883 -0.06599727 0.07629723 0.9595701 -0.07349727 0.07629723 0.9595701 -0.06599727 0.0761986 0.9595571 -0.07349727 0.0761986 0.9595571 -0.06599727 0.07609944 0.9595493 -0.07349727 0.07609944 0.9595493 -0.06599727 0.079 0.9565967 -0.04549727 -0.079 0.9565967 -0.04499727 -0.079 0.9565967 -0.04549727 0.079 0.9565967 -0.04499727 -0.03847801 0.9686522 -0.03999727 -0.03875285 0.9689203 -0.03999727 -0.079 0.9615967 -0.03999727 -0.039014 0.9692018 -0.03999727 -0.03819014 0.9683982 -0.03999727 -0.03926078 0.9694958 -0.03999727 -0.03788997 0.9681588 -0.03999727 -0.0394926 0.9698019 -0.03999727 -0.03757824 0.9679347 -0.03999727 -0.03970888 0.9701191 -0.03999727 -0.03725573 0.9677264 -0.03999727 -0.03990908 0.9704467 -0.03999727 -0.03692324 0.9675344 -0.03999727 -0.04009269 0.9707839 -0.03999727 -0.03658158 0.9673593 -0.03999727 -0.04025928 0.9711298 -0.03999727 -0.03623163 0.9672014 -0.03999727 -0.04040841 0.9714836 -0.03999727 -0.03587424 0.9670611 -0.03999727 -0.04053972 0.9718444 -0.03999727 -0.0355103 0.9669388 -0.03999727 -0.04065289 0.9722112 -0.03999727 -0.03514071 0.9668348 -0.03999727 -0.04074762 0.9725833 -0.03999727 -0.03476641 0.9667494 -0.03999727 -0.0408237 0.9729597 -0.03999727 -0.03438831 0.9666827 -0.03999727 -0.04088092 0.9733393 -0.03999727 -0.03400735 0.966635 -0.03999727 -0.04091915 0.9737213 -0.03999727 -0.03362449 0.9666063 -0.03999727 -0.04093829 0.9741048 -0.03999727 -0.079 0.9856967 -0.03999727 -0.03324068 0.9665967 -0.03999727 -0.04093829 0.9744887 -0.03999727 -0.04091915 0.9748721 -0.03999727 -0.04088092 0.9752542 -0.03999727 -0.0408237 0.9756339 -0.03999727 -0.04074762 0.9760101 -0.03999727 -0.04065289 0.9763822 -0.03999727 -0.04053972 0.9767491 -0.03999727 -0.04040841 0.9771099 -0.03999727 -0.04025928 0.9774636 -0.03999727 -0.04009269 0.9778096 -0.03999727 -0.03990908 0.9781467 -0.03999727 -0.03970888 0.9784744 -0.03999727 -0.0394926 0.9787916 -0.03999727 -0.03926078 0.9790976 -0.03999727 -0.039014 0.9793917 -0.03999727 -0.03875285 0.9796732 -0.03999727 -0.03847801 0.9799412 -0.03999727 -0.03819014 0.9801953 -0.03999727 -0.03788997 0.9804346 -0.03999727 -0.03757824 0.9806588 -0.03999727 -0.03725573 0.9808671 -0.03999727 -0.03692324 0.981059 -0.03999727 -0.03658158 0.9812342 -0.03999727 -0.03623163 0.9813921 -0.03999727 -0.03587424 0.9815323 -0.03999727 -0.0355103 0.9816547 -0.03999727 -0.03514071 0.9817586 -0.03999727 -0.03476641 0.9818441 -0.03999727 -0.03438831 0.9819107 -0.03999727 0.079 0.9615967 -0.03999727 0.0336185 0.966606 -0.03999727 0.03324068 0.9665967 -0.03999727 0.03399541 0.9666338 -0.03999727 0.03437051 0.9666801 -0.03999727 0.03474287 0.9667447 -0.03999727 0.03511163 0.9668275 -0.03999727 0.03547587 0.9669283 -0.03999727 0.03583473 0.9670468 -0.03999727 0.03618734 0.9671829 -0.03999727 0.03653286 0.967336 -0.03999727 0.03687043 0.9675059 -0.03999727 0.03719927 0.9676922 -0.03999727 0.03751857 0.9678944 -0.03999727 0.03782756 0.9681121 -0.03999727 0.03812551 0.9683445 -0.03999727 0.03841169 0.9685914 -0.03999727 0.0386854 0.968852 -0.03999727 0.038946 0.9691257 -0.03999727 0.03919286 0.9694119 -0.03999727 0.03942538 0.9697098 -0.03999727 0.039643 0.9700189 -0.03999727 0.03984519 0.9703381 -0.03999727 0.04003148 0.970667 -0.03999727 0.0402014 0.9710046 -0.03999727 0.04035455 0.9713501 -0.03999727 0.04049057 0.9717027 -0.03999727 0.04060912 0.9720615 -0.03999727 0.04070992 0.9724258 -0.03999727 0.04079273 0.9727946 -0.03999727 0.04085734 0.9731669 -0.03999727 0.0409036 0.973542 -0.03999727 0.0409314 0.9739189 -0.03999727 0.079 0.9856967 -0.03999727 -0.03324068 0.9819967 -0.03999727 -0.03362449 0.9819872 -0.03999727 -0.03400735 0.9819585 -0.03999727 -0.084 0.9615967 -0.04499727 -0.084 0.9856967 -0.04499727 -0.084 0.9615967 -0.04549727 -0.084 0.9614467 -0.07349727 -0.084 0.9614467 -0.04549727 -0.084 0.9856967 -0.07349727 0.084 0.9856967 -0.07349727 0.084 0.9615967 -0.04549727 0.084 0.9614467 -0.07349727 0.084 0.9614467 -0.04549727 0.084 0.9856967 -0.04499727 0.084 0.9615967 -0.04499727 -0.079 0.9906967 -0.07349727 0.079 0.9906967 -0.04499727 0.079 0.9906967 -0.07349727 -0.079 0.9906967 -0.04499727 -0.08253554 0.9579112 -0.04549727 -0.08253554 0.9580612 -0.04549727 -0.08270476 0.9580889 -0.04549727 -0.0823578 0.957742 -0.04549727 -0.0823578 0.957892 -0.04549727 -0.08270476 0.958239 -0.04549727 -0.08286505 0.9582748 -0.04549727 -0.08217197 0.9575817 -0.04549727 -0.08217197 0.9577317 -0.04549727 -0.08286505 0.9584247 -0.04549727 -0.08301604 0.9584683 -0.04549727 -0.08197849 0.9574307 -0.04549727 -0.08197849 0.9575807 -0.04549727 -0.08301604 0.9586182 -0.04549727 -0.08315735 0.9586689 -0.04549727 -0.08177785 0.9572894 -0.04549727 -0.08177785 0.9574394 -0.04549727 -0.08315735 0.9588189 -0.04549727 -0.08328864 0.9588762 -0.04549727 -0.08157051 0.9571581 -0.04549727 -0.08157051 0.9573081 -0.04549727 -0.08328864 0.9590262 -0.04549727 -0.08340961 0.9590897 -0.04549727 -0.08135699 0.9570371 -0.04549727 -0.08135699 0.9571871 -0.04549727 -0.08340961 0.9592397 -0.04549727 -0.08351994 0.959309 -0.04549727 -0.08113778 0.9569268 -0.04549727 -0.08113778 0.9570768 -0.04549727 -0.08351994 0.959459 -0.04549727 -0.0836194 0.9595333 -0.04549727 -0.08091341 0.9568273 -0.04549727 -0.08091341 0.9569774 -0.04549727 -0.0836194 0.9596833 -0.04549727 -0.08370772 0.9597623 -0.04549727 -0.08068445 0.956739 -0.04549727 -0.08068445 0.956889 -0.04549727 -0.08370772 0.9599123 -0.04549727 -0.0837847 0.9599953 -0.04549727 -0.08045142 0.956662 -0.04549727 -0.08045142 0.956812 -0.04549727 -0.0837847 0.9601453 -0.04549727 -0.08385016 0.9602318 -0.04549727 -0.0802149 0.9567466 -0.04549727 -0.0802149 0.9565966 -0.04549727 -0.08385016 0.9603818 -0.04549727 -0.08390392 0.9604713 -0.04549727 -0.07997545 0.9566928 -0.04549727 -0.07997545 0.9565428 -0.04549727 -0.08390392 0.9606213 -0.04549727 -0.08394588 0.9607131 -0.04549727 -0.07973365 0.9566509 -0.04549727 -0.07973365 0.9565009 -0.04549727 -0.08394588 0.9608631 -0.04549727 -0.08397592 0.9609567 -0.04549727 -0.07949009 0.9564708 -0.04549727 -0.07949009 0.9566208 -0.04549727 -0.08397592 0.9611066 -0.04549727 -0.08399398 0.9612014 -0.04549727 -0.07924534 0.9564528 -0.04549727 -0.07924534 0.9566028 -0.04549727 -0.08399398 0.9613514 -0.04549727 -0.079 0.9564467 -0.04549727 0.079 0.9564467 -0.04549727 0.07924534 0.9564528 -0.04549727 0.07924534 0.9566028 -0.04549727 0.07949009 0.9564708 -0.04549727 0.07949009 0.9566208 -0.04549727 0.07973365 0.9565009 -0.04549727 0.07973365 0.9566509 -0.04549727 0.07997545 0.9565428 -0.04549727 0.07997545 0.9566928 -0.04549727 0.0802149 0.9565966 -0.04549727 0.0802149 0.9567466 -0.04549727 0.08045142 0.956662 -0.04549727 0.08045142 0.956812 -0.04549727 0.08068445 0.956739 -0.04549727 0.08068445 0.956889 -0.04549727 0.08091341 0.9568273 -0.04549727 0.08091341 0.9569774 -0.04549727 0.08113778 0.9569268 -0.04549727 0.08113778 0.9570768 -0.04549727 0.08135699 0.9570371 -0.04549727 0.08135699 0.9571871 -0.04549727 0.08157051 0.9571581 -0.04549727 0.08157051 0.9573081 -0.04549727 0.08177785 0.9572894 -0.04549727 0.08177785 0.9574394 -0.04549727 0.08197849 0.9574307 -0.04549727 0.08197849 0.9575807 -0.04549727 0.08217197 0.9575817 -0.04549727 0.08217197 0.9577317 -0.04549727 0.0823578 0.957742 -0.04549727 0.0823578 0.957892 -0.04549727 0.08253554 0.9579112 -0.04549727 0.08253554 0.9580612 -0.04549727 0.08270476 0.9580889 -0.04549727 0.08270476 0.958239 -0.04549727 0.08286505 0.9582748 -0.04549727 0.08286505 0.9584247 -0.04549727 0.08301604 0.9584683 -0.04549727 0.08301604 0.9586182 -0.04549727 0.08315735 0.9586689 -0.04549727 0.08315735 0.9588189 -0.04549727 0.08328864 0.9588762 -0.04549727 0.08328864 0.9590262 -0.04549727 0.08340961 0.9590897 -0.04549727 0.08340961 0.9592397 -0.04549727 0.08351994 0.959309 -0.04549727 0.08351994 0.959459 -0.04549727 0.0836194 0.9595333 -0.04549727 0.0836194 0.9596833 -0.04549727 0.08370772 0.9597623 -0.04549727 0.08370772 0.9599123 -0.04549727 0.0837847 0.9599953 -0.04549727 0.0837847 0.9601453 -0.04549727 0.08385016 0.9602318 -0.04549727 0.08385016 0.9603818 -0.04549727 0.08390392 0.9604713 -0.04549727 0.08390392 0.9606213 -0.04549727 0.08394588 0.9607131 -0.04549727 0.08394588 0.9608631 -0.04549727 0.08397592 0.9609567 -0.04549727 0.08397592 0.9611066 -0.04549727 0.08399398 0.9612014 -0.04549727 0.08399398 0.9613514 -0.04549727 -0.079 0.9564467 -0.07349727 0.079 0.9564467 -0.07349727 -0.07924534 0.9564528 -0.07349727 -0.07949009 0.9564708 -0.07349727 -0.07973365 0.9565009 -0.07349727 -0.07997545 0.9565428 -0.07349727 -0.0802149 0.9565966 -0.07349727 -0.08045142 0.956662 -0.07349727 -0.08068445 0.956739 -0.07349727 -0.08091341 0.9568273 -0.07349727 -0.08113778 0.9569268 -0.07349727 -0.08135699 0.9570371 -0.07349727 -0.08157051 0.9571581 -0.07349727 -0.08177785 0.9572894 -0.07349727 -0.08197849 0.9574307 -0.07349727 -0.08217197 0.9575817 -0.07349727 -0.0823578 0.957742 -0.07349727 -0.08253554 0.9579112 -0.07349727 -0.08270476 0.9580889 -0.07349727 -0.08286505 0.9582748 -0.07349727 -0.08301604 0.9584683 -0.07349727 -0.08315735 0.9586689 -0.07349727 -0.08328864 0.9588762 -0.07349727 -0.08340961 0.9590897 -0.07349727 -0.08351994 0.959309 -0.07349727 -0.0836194 0.9595333 -0.07349727 -0.08370772 0.9597623 -0.07349727 -0.0837847 0.9599953 -0.07349727 -0.08385016 0.9602318 -0.07349727 -0.08390392 0.9604713 -0.07349727 -0.08394588 0.9607131 -0.07349727 -0.08397592 0.9609567 -0.07349727 -0.08399398 0.9612014 -0.07349727 -0.0708 0.9596467 -0.07349727 -0.08399398 0.9859421 -0.07349727 -0.08397592 0.9861868 -0.07349727 -0.08394588 0.9864304 -0.07349727 -0.08390392 0.9866722 -0.07349727 -0.08385016 0.9869116 -0.07349727 -0.0837847 0.9871481 -0.07349727 -0.08370772 0.9873812 -0.07349727 -0.0836194 0.9876102 -0.07349727 -0.08351994 0.9878345 -0.07349727 -0.08340961 0.9880537 -0.07349727 -0.08328864 0.9882673 -0.07349727 -0.08315735 0.9884746 -0.07349727 -0.08301604 0.9886752 -0.07349727 -0.08286505 0.9888687 -0.07349727 -0.08270476 0.9890545 -0.07349727 -0.08253554 0.9892322 -0.07349727 -0.0823578 0.9894015 -0.07349727 -0.08217197 0.9895618 -0.07349727 -0.08197849 0.9897128 -0.07349727 -0.08177785 0.9898541 -0.07349727 -0.08157051 0.9899854 -0.07349727 -0.08135699 0.9901063 -0.07349727 -0.08113778 0.9902167 -0.07349727 -0.08091341 0.9903161 -0.07349727 -0.08068445 0.9904045 -0.07349727 -0.08045142 0.9904814 -0.07349727 -0.0802149 0.9905469 -0.07349727 -0.07997545 0.9906006 -0.07349727 -0.07973365 0.9906426 -0.07349727 -0.07949009 0.9906727 -0.07349727 -0.07924534 0.9906907 -0.07349727 -0.0708 0.9878967 -0.07349727 0.0708 0.9596467 -0.07349727 0.0708 0.9654467 -0.07349727 0.07924534 0.9564528 -0.07349727 0.07949009 0.9564708 -0.07349727 0.07973365 0.9565009 -0.07349727 0.07997545 0.9565428 -0.07349727 0.0802149 0.9565966 -0.07349727 0.08045142 0.956662 -0.07349727 0.08068445 0.956739 -0.07349727 0.08091341 0.9568273 -0.07349727 0.08113778 0.9569268 -0.07349727 0.08135699 0.9570371 -0.07349727 0.08157051 0.9571581 -0.07349727 0.08177785 0.9572894 -0.07349727 0.08197849 0.9574307 -0.07349727 0.08217197 0.9575817 -0.07349727 0.0823578 0.957742 -0.07349727 0.08253554 0.9579112 -0.07349727 0.08270476 0.9580889 -0.07349727 0.08286505 0.9582748 -0.07349727 0.08301604 0.9584683 -0.07349727 0.08315735 0.9586689 -0.07349727 0.08328864 0.9588762 -0.07349727 0.08340961 0.9590897 -0.07349727 0.08351994 0.959309 -0.07349727 0.0836194 0.9595333 -0.07349727 0.08370772 0.9597623 -0.07349727 0.0837847 0.9599953 -0.07349727 0.08385016 0.9602318 -0.07349727 0.08390392 0.9604713 -0.07349727 0.08394588 0.9607131 -0.07349727 0.08397592 0.9609567 -0.07349727 0.08399398 0.9612014 -0.07349727 0.0708 0.9816967 -0.07349727 0.0708 0.9878967 -0.07349727 0.07924534 0.9906907 -0.07349727 0.08399398 0.9859421 -0.07349727 0.07949009 0.9906727 -0.07349727 0.08397592 0.9861868 -0.07349727 0.07973365 0.9906426 -0.07349727 0.08394588 0.9864304 -0.07349727 0.07997545 0.9906006 -0.07349727 0.08390392 0.9866722 -0.07349727 0.0802149 0.9905469 -0.07349727 0.08385016 0.9869116 -0.07349727 0.08045142 0.9904814 -0.07349727 0.0837847 0.9871481 -0.07349727 0.08068445 0.9904045 -0.07349727 0.08370772 0.9873812 -0.07349727 0.08091341 0.9903161 -0.07349727 0.0836194 0.9876102 -0.07349727 0.08113778 0.9902167 -0.07349727 0.08351994 0.9878345 -0.07349727 0.08135699 0.9901063 -0.07349727 0.08340961 0.9880537 -0.07349727 0.08157051 0.9899854 -0.07349727 0.08328864 0.9882673 -0.07349727 0.08177785 0.9898541 -0.07349727 0.08315735 0.9884746 -0.07349727 0.08197849 0.9897128 -0.07349727 0.08301604 0.9886752 -0.07349727 0.08217197 0.9895618 -0.07349727 0.08286505 0.9888687 -0.07349727 0.0823578 0.9894015 -0.07349727 0.08270476 0.9890545 -0.07349727 0.08253554 0.9892322 -0.07349727 -0.03366216 0.9615971 -0.04712227 -0.03481314 0.9617678 -0.04712227 -0.03366772 0.9615406 -0.04874727 -0.03594183 0.9620505 -0.04712227 -0.03482421 0.9617122 -0.04874727 -0.03367329 0.9614841 -0.05037227 -0.03703738 0.9624425 -0.04712227 -0.03595831 0.9619962 -0.04874727 -0.03483528 0.9616565 -0.05037227 -0.03808923 0.96294 -0.04712227 -0.0370591 0.9623901 -0.04874727 -0.03597478 0.961942 -0.05037227 -0.03908725 0.9635382 -0.04712227 -0.03811598 0.96289 -0.04874727 -0.03708081 0.9623376 -0.05037227 -0.04002184 0.9642313 -0.04712227 -0.03911878 0.963491 -0.04874727 -0.03814273 0.9628399 -0.05037227 -0.04088399 0.9650128 -0.04712227 -0.04005784 0.9641875 -0.04874727 -0.03915031 0.9634438 -0.05037227 -0.04166539 0.9658749 -0.04712227 -0.04092411 0.9649726 -0.04874727 -0.04009384 0.9641436 -0.05037227 -0.04235852 0.9668094 -0.04712227 -0.04170926 0.9658389 -0.04874727 -0.04096424 0.9649325 -0.05037227 -0.04295672 0.9678075 -0.04712227 -0.04240571 0.966778 -0.04874727 -0.04175312 0.9658029 -0.05037227 -0.0434542 0.9688594 -0.04712227 -0.04300676 0.9677808 -0.04874727 -0.04245289 0.9667464 -0.05037227 -0.0438462 0.9699549 -0.04712227 -0.04350663 0.9688376 -0.04874727 -0.04305681 0.967754 -0.05037227 -0.04412892 0.9710836 -0.04712227 -0.0439005 0.9699384 -0.04874727 -0.04355906 0.9688159 -0.05037227 -0.04429965 0.9722346 -0.04712227 -0.04418458 0.9710725 -0.04874727 -0.0439548 0.9699219 -0.05037227 -0.04435675 0.9733967 -0.04712227 -0.04435612 0.972229 -0.04874727 -0.04424023 0.9710615 -0.05037227 -0.04429965 0.9745589 -0.04712227 -0.04441349 0.9733967 -0.04874727 -0.0444126 0.9722234 -0.05037227 -0.04412892 0.9757099 -0.04712227 -0.04435612 0.9745645 -0.04874727 -0.04447024 0.9733967 -0.05037227 -0.0438462 0.9768386 -0.04712227 -0.04418458 0.9757209 -0.04874727 -0.0444126 0.97457 -0.05037227 -0.0434542 0.9779341 -0.04712227 -0.0439005 0.976855 -0.04874727 -0.04424023 0.975732 -0.05037227 -0.04295672 0.978986 -0.04712227 -0.04350663 0.9779558 -0.04874727 -0.0439548 0.9768715 -0.05037227 -0.04235852 0.979984 -0.04712227 -0.04300676 0.9790127 -0.04874727 -0.04355906 0.9779775 -0.05037227 -0.04166539 0.9809186 -0.04712227 -0.04240571 0.9800155 -0.04874727 -0.04305681 0.9790395 -0.05037227 -0.04088399 0.9817807 -0.04712227 -0.04170926 0.9809546 -0.04874727 -0.04245289 0.9800471 -0.05037227 -0.04002184 0.9825621 -0.04712227 -0.04092411 0.9818209 -0.04874727 -0.04175312 0.9809906 -0.05037227 -0.03908725 0.9832552 -0.04712227 -0.04005784 0.982606 -0.04874727 -0.04096424 0.981861 -0.05037227 -0.03808923 0.9838535 -0.04712227 -0.03911878 0.9833024 -0.04874727 -0.04009384 0.9826498 -0.05037227 -0.03703738 0.984351 -0.04712227 -0.03811598 0.9839035 -0.04874727 -0.03915031 0.9833496 -0.05037227 -0.03594183 0.9847429 -0.04712227 -0.0370591 0.9844034 -0.04874727 -0.03814273 0.9839536 -0.05037227 -0.03481314 0.9850256 -0.04712227 -0.03595831 0.9847972 -0.04874727 -0.03708081 0.9844558 -0.05037227 -0.03366216 0.9851964 -0.04712227 -0.03482421 0.9850813 -0.04874727 -0.03597478 0.9848516 -0.05037227 -0.03366772 0.9852529 -0.04874727 -0.03483528 0.985137 -0.05037227 -0.03367329 0.9853093 -0.05037227 0.03366216 0.9851964 -0.04712227 0.03481314 0.9850256 -0.04712227 0.03366772 0.9852529 -0.04874727 0.03594183 0.9847429 -0.04712227 0.03482421 0.9850813 -0.04874727 0.03367329 0.9853093 -0.05037227 0.03703738 0.984351 -0.04712227 0.03595831 0.9847972 -0.04874727 0.03483528 0.985137 -0.05037227 0.03808923 0.9838535 -0.04712227 0.0370591 0.9844034 -0.04874727 0.03597478 0.9848516 -0.05037227 0.03908725 0.9832552 -0.04712227 0.03811598 0.9839035 -0.04874727 0.03708081 0.9844558 -0.05037227 0.04002184 0.9825621 -0.04712227 0.03911878 0.9833024 -0.04874727 0.03814273 0.9839536 -0.05037227 0.04088399 0.9817807 -0.04712227 0.04005784 0.982606 -0.04874727 0.03915031 0.9833496 -0.05037227 0.04166539 0.9809186 -0.04712227 0.04092411 0.9818209 -0.04874727 0.04009384 0.9826498 -0.05037227 0.04235852 0.979984 -0.04712227 0.04170926 0.9809546 -0.04874727 0.04096424 0.981861 -0.05037227 0.04295672 0.978986 -0.04712227 0.04240571 0.9800155 -0.04874727 0.04175312 0.9809906 -0.05037227 0.0434542 0.9779341 -0.04712227 0.04300676 0.9790127 -0.04874727 0.04245289 0.9800471 -0.05037227 0.0438462 0.9768386 -0.04712227 0.04350663 0.9779558 -0.04874727 0.04305681 0.9790395 -0.05037227 0.04412892 0.9757099 -0.04712227 0.0439005 0.976855 -0.04874727 0.04355906 0.9779775 -0.05037227 0.04429965 0.9745589 -0.04712227 0.04418458 0.9757209 -0.04874727 0.0439548 0.9768715 -0.05037227 0.04435612 0.9745645 -0.04874727 0.04424023 0.975732 -0.05037227 0.0444126 0.97457 -0.05037227 0.08399398 0.9613514 -0.04499727 0.08397592 0.9611066 -0.04499727 0.08394588 0.9608631 -0.04499727 0.08390392 0.9606213 -0.04499727 0.08385016 0.9603818 -0.04499727 0.0837847 0.9601453 -0.04499727 0.08370772 0.9599123 -0.04499727 0.0836194 0.9596833 -0.04499727 0.08351994 0.959459 -0.04499727 0.08340961 0.9592397 -0.04499727 0.08328864 0.9590262 -0.04499727 0.08315735 0.9588189 -0.04499727 0.08301604 0.9586182 -0.04499727 0.08286505 0.9584247 -0.04499727 0.08270476 0.958239 -0.04499727 0.08253554 0.9580612 -0.04499727 0.0823578 0.957892 -0.04499727 0.08217197 0.9577317 -0.04499727 0.08197849 0.9575807 -0.04499727 0.08177785 0.9574394 -0.04499727 0.08157051 0.9573081 -0.04499727 0.08135699 0.9571871 -0.04499727 0.08113778 0.9570768 -0.04499727 0.08091341 0.9569774 -0.04499727 0.08068445 0.956889 -0.04499727 0.08045142 0.956812 -0.04499727 0.0802149 0.9567466 -0.04499727 0.07997545 0.9566928 -0.04499727 0.07973365 0.9566509 -0.04499727 0.07949009 0.9566208 -0.04499727 0.07924534 0.9566028 -0.04499727 0.07924534 0.9906907 -0.04499727 0.07949009 0.9906727 -0.04499727 0.07973365 0.9906426 -0.04499727 0.07997545 0.9906006 -0.04499727 0.0802149 0.9905469 -0.04499727 0.08045142 0.9904814 -0.04499727 0.08068445 0.9904045 -0.04499727 0.08091341 0.9903161 -0.04499727 0.08113778 0.9902167 -0.04499727 0.08135699 0.9901063 -0.04499727 0.08157051 0.9899854 -0.04499727 0.08177785 0.9898541 -0.04499727 0.08197849 0.9897128 -0.04499727 0.08217197 0.9895618 -0.04499727 0.0823578 0.9894015 -0.04499727 0.08253554 0.9892322 -0.04499727 0.08270476 0.9890545 -0.04499727 0.08286505 0.9888687 -0.04499727 0.08301604 0.9886752 -0.04499727 0.08315735 0.9884746 -0.04499727 0.08328864 0.9882673 -0.04499727 0.08340961 0.9880537 -0.04499727 0.08351994 0.9878345 -0.04499727 0.0836194 0.9876102 -0.04499727 0.08370772 0.9873812 -0.04499727 0.0837847 0.9871481 -0.04499727 0.08385016 0.9869116 -0.04499727 0.08390392 0.9866722 -0.04499727 0.08394588 0.9864304 -0.04499727 0.08397592 0.9861868 -0.04499727 0.08399398 0.9859421 -0.04499727 -0.08399398 0.9859421 -0.04499727 -0.08397592 0.9861868 -0.04499727 -0.08394588 0.9864304 -0.04499727 -0.08390392 0.9866722 -0.04499727 -0.08385016 0.9869116 -0.04499727 -0.0837847 0.9871481 -0.04499727 -0.08370772 0.9873812 -0.04499727 -0.0836194 0.9876102 -0.04499727 -0.08351994 0.9878345 -0.04499727 -0.08340961 0.9880537 -0.04499727 -0.08328864 0.9882673 -0.04499727 -0.08315735 0.9884746 -0.04499727 -0.08301604 0.9886752 -0.04499727 -0.08286505 0.9888687 -0.04499727 -0.08270476 0.9890545 -0.04499727 -0.08253554 0.9892322 -0.04499727 -0.0823578 0.9894015 -0.04499727 -0.08217197 0.9895618 -0.04499727 -0.08197849 0.9897128 -0.04499727 -0.08177785 0.9898541 -0.04499727 -0.08157051 0.9899854 -0.04499727 -0.08135699 0.9901063 -0.04499727 -0.08113778 0.9902167 -0.04499727 -0.08091341 0.9903161 -0.04499727 -0.08068445 0.9904045 -0.04499727 -0.08045142 0.9904814 -0.04499727 -0.0802149 0.9905469 -0.04499727 -0.07997545 0.9906006 -0.04499727 -0.07973365 0.9906426 -0.04499727 -0.07949009 0.9906727 -0.04499727 -0.07924534 0.9906907 -0.04499727 -0.07924534 0.9566028 -0.04499727 -0.07949009 0.9566208 -0.04499727 -0.07973365 0.9566509 -0.04499727 -0.07997545 0.9566928 -0.04499727 -0.0802149 0.9567466 -0.04499727 -0.08045142 0.956812 -0.04499727 -0.08068445 0.956889 -0.04499727 -0.08091341 0.9569774 -0.04499727 -0.08113778 0.9570768 -0.04499727 -0.08135699 0.9571871 -0.04499727 -0.08157051 0.9573081 -0.04499727 -0.08177785 0.9574394 -0.04499727 -0.08197849 0.9575807 -0.04499727 -0.08217197 0.9577317 -0.04499727 -0.0823578 0.957892 -0.04499727 -0.08253554 0.9580612 -0.04499727 -0.08270476 0.958239 -0.04499727 -0.08286505 0.9584247 -0.04499727 -0.08301604 0.9586182 -0.04499727 -0.08315735 0.9588189 -0.04499727 -0.08328864 0.9590262 -0.04499727 -0.08340961 0.9592397 -0.04499727 -0.08351994 0.959459 -0.04499727 -0.0836194 0.9596833 -0.04499727 -0.08370772 0.9599123 -0.04499727 -0.0837847 0.9601453 -0.04499727 -0.08385016 0.9603818 -0.04499727 -0.08390392 0.9606213 -0.04499727 -0.08394588 0.9608631 -0.04499727 -0.08397592 0.9611066 -0.04499727 -0.08399398 0.9613514 -0.04499727 -0.08399398 0.9615967 -0.04475193 -0.07924534 0.9615967 -0.04000329 -0.079 0.9613514 -0.04000329 -0.07934101 0.9566084 -0.04498562 -0.07933942 0.9566084 -0.04496238 -0.07933625 0.9566084 -0.0449393 -0.07967924 0.9566433 -0.04495081 -0.07933151 0.9566084 -0.04491648 -0.07967449 0.9566433 -0.04490456 -0.08001669 0.9567013 -0.04496254 -0.07932523 0.9566084 -0.04489405 -0.0796666 0.9566433 -0.04485875 -0.08001195 0.9567013 -0.04489324 -0.07931742 0.9566084 -0.0448721 -0.07965559 0.9566433 -0.04481358 -0.08000249 0.9567013 -0.04482442 -0.08034584 0.9567822 -0.04490521 -0.07930814 0.9566084 -0.04485073 -0.07964153 0.9566433 -0.04476927 -0.07998836 0.9567013 -0.04475642 -0.08033642 0.9567822 -0.04481358 -0.07929742 0.9566084 -0.04483004 -0.08067342 0.9568854 -0.04494011 -0.07962447 0.9566433 -0.04472602 -0.07996961 0.9567013 -0.04468953 -0.08032077 0.9567822 -0.04472281 -0.07928532 0.9566084 -0.04481013 -0.08066562 0.9568854 -0.04482604 -0.0796045 0.9566433 -0.04468404 -0.07994635 0.9567013 -0.04462408 -0.08029896 0.9567822 -0.04463332 -0.07927188 0.9566084 -0.0447911 -0.08065005 0.9568854 -0.04471277 -0.07958172 0.9566433 -0.04464352 -0.08098736 0.9570107 -0.04486133 -0.07991868 0.9567013 -0.04456037 -0.0802711 0.9567822 -0.04454552 -0.07925718 0.9566084 -0.04477303 -0.08062679 0.9568854 -0.04460083 -0.07955622 0.9566433 -0.04460465 -0.08097345 0.9570107 -0.04472602 -0.07988673 0.9567013 -0.04449869 -0.08129898 0.9571573 -0.04491874 -0.0802373 0.9567822 -0.04445984 -0.07924127 0.9566084 -0.044756 -0.08059595 0.9568854 -0.04449074 -0.07952813 0.9566433 -0.0445676 -0.08095034 0.9570107 -0.04459198 -0.07985063 0.9567013 -0.04443934 -0.08128826 0.9571573 -0.04476203 -0.08019775 0.9567822 -0.04437665 -0.07922424 0.9566084 -0.04474009 -0.08055766 0.9568854 -0.04438301 -0.07949757 0.9566433 -0.04453257 -0.08091814 0.9570107 -0.04445984 -0.07981058 0.9567013 -0.04438259 -0.08126688 0.9571573 -0.04460642 -0.0801526 0.9567822 -0.04429636 -0.08159187 0.9573246 -0.04481998 -0.07920617 0.9566084 -0.04472539 -0.08051211 0.9568854 -0.04427814 -0.07946471 0.9566433 -0.04449969 -0.08087699 0.9570107 -0.04433019 -0.07976674 0.9567013 -0.04432871 -0.08123492 0.9571573 -0.04445264 -0.08010208 0.9567822 -0.04421934 -0.08157372 0.9573246 -0.04464352 -0.07918714 0.9566084 -0.04471196 -0.0804595 0.9568854 -0.04417663 -0.08188172 0.9575119 -0.04489883 -0.07942966 0.9566433 -0.04446914 -0.08082709 0.9570107 -0.04420366 -0.07971932 0.9567013 -0.04427795 -0.08119254 0.9571573 -0.04430139 -0.08004642 0.9567822 -0.04414594 -0.08154358 0.9573246 -0.04446871 -0.07916723 0.9566084 -0.04469985 -0.0804001 0.9568854 -0.04407895 -0.08186829 0.9575119 -0.0447024 -0.07939262 0.9566433 -0.04444105 -0.08076867 0.9570107 -0.04408082 -0.07966856 0.9567013 -0.04423053 -0.08113995 0.9571573 -0.04415339 -0.07998589 0.9567822 -0.04407652 -0.08150158 0.9573246 -0.04429636 -0.07914655 0.9566084 -0.04468913 -0.08033417 0.9568854 -0.04398554 -0.08184148 0.9575119 -0.04450735 -0.07935375 0.9566433 -0.04441555 -0.08070201 0.9570107 -0.04396226 -0.08214809 0.9577182 -0.04478194 -0.07961468 0.9567013 -0.0441867 -0.08107736 0.9571573 -0.04400932 -0.07992075 0.9567822 -0.04401138 -0.08144792 0.9573246 -0.04412728 -0.07912518 0.9566084 -0.04467985 -0.08026202 0.9568854 -0.04389685 -0.08180141 0.9575119 -0.04431458 -0.07931322 0.9566433 -0.04439277 -0.08062741 0.9570107 -0.04384852 -0.08212605 0.9577182 -0.0445676 -0.07955793 0.9567013 -0.04414664 -0.0810051 0.9571573 -0.04386986 -0.08241077 0.9579426 -0.04488076 -0.07985133 0.9567822 -0.04395085 -0.08138284 0.9573246 -0.04396226 -0.07910322 0.9566084 -0.04467205 -0.08018398 0.9568854 -0.04381329 -0.0817483 0.9575119 -0.044125 -0.07927125 0.9566433 -0.0443728 -0.08054522 0.9570107 -0.04374014 -0.08208944 0.9577182 -0.04435528 -0.07949858 0.9567013 -0.04411055 -0.08092349 0.9571573 -0.04373565 -0.08239487 0.9579426 -0.04464827 -0.07977793 0.9567822 -0.04389519 -0.08130666 0.9573246 -0.04380206 -0.07908079 0.9566084 -0.04466576 -0.08010042 0.9568854 -0.04373526 -0.08168237 0.9575119 -0.04393948 -0.079228 0.9566433 -0.04435575 -0.08045583 0.9570107 -0.04363762 -0.08203843 0.9577182 -0.04414594 -0.0794369 0.9567013 -0.04407859 -0.08083291 0.9571573 -0.04360733 -0.08236314 0.9579426 -0.04441741 -0.07970091 0.9567822 -0.04384467 -0.08121971 0.9573246 -0.04364743 -0.08264566 0.958184 -0.0447479 -0.07905798 0.9566084 -0.04466102 -0.08001173 0.9568854 -0.0436631 -0.08160393 0.9575119 -0.0437589 -0.07918369 0.9566433 -0.04434169 -0.08035965 0.9570107 -0.04354144 -0.08197325 0.9577182 -0.04394058 -0.07937319 0.9567013 -0.04405092 -0.08073379 0.9571573 -0.04348549 -0.08231573 0.9579426 -0.04418925 -0.07962062 0.9567822 -0.04379953 -0.08112242 0.9573246 -0.0434991 -0.08262015 0.958184 -0.04449969 -0.0790349 0.9566084 -0.04465785 -0.079 0.9566028 -0.04475193 -0.07991833 0.9568854 -0.04359717 -0.08151334 0.9575119 -0.04358409 -0.0828763 0.9584413 -0.04486485 -0.07913852 0.9566433 -0.04433068 -0.08025713 0.9570107 -0.04345205 -0.0818942 0.9577182 -0.04374014 -0.07930774 0.9567013 -0.04402766 -0.08062658 0.9571573 -0.0433707 -0.08225286 0.9579426 -0.04396486 -0.07953744 0.9567822 -0.04375997 -0.08101524 0.9573246 -0.04335775 -0.08257775 0.958184 -0.04425381 -0.07901165 0.9566084 -0.04465626 -0.079 0.9566208 -0.04450719 -0.07982064 0.9568854 -0.04353777 -0.08141105 0.9575119 -0.04341586 -0.08285822 0.9584413 -0.04460063 -0.0790927 0.9566433 -0.04432278 -0.08014875 0.9570107 -0.04336986 -0.08180167 0.9577182 -0.04354556 -0.07924085 0.9567013 -0.04400891 -0.08051178 0.9571573 -0.04326348 -0.08217482 0.9579426 -0.04374529 -0.07945174 0.9567822 -0.04372618 -0.08089865 0.9573246 -0.04322405 -0.08251867 0.958184 -0.04401138 -0.07971912 0.9568854 -0.04348516 -0.08129751 0.9575119 -0.04325502 -0.08282216 0.9584413 -0.04433826 -0.07904646 0.9566433 -0.04431802 -0.079 0.9566509 -0.04426362 -0.08003501 0.9570107 -0.04329526 -0.08169607 0.9577182 -0.04335775 -0.08307533 0.9587133 -0.04471851 -0.07917284 0.9567013 -0.04399478 -0.08038994 0.9571573 -0.04316436 -0.08208199 0.9579426 -0.04353154 -0.07936395 0.9567822 -0.04369831 -0.08077322 0.9573246 -0.04309862 -0.08244319 0.958184 -0.04377356 -0.07961426 0.9568854 -0.04343961 -0.08117326 0.9575119 -0.04310229 -0.08276828 0.9584413 -0.04407897 -0.07991645 0.9570107 -0.0432286 -0.0815779 0.9577182 -0.04317759 -0.08304681 0.9587133 -0.04444105 -0.07910403 0.9567013 -0.04398532 -0.08026162 0.9571573 -0.04307378 -0.08197477 0.9579426 -0.04332464 -0.08326961 0.9589988 -0.04485142 -0.07927446 0.9567822 -0.0436765 -0.08063952 0.9573246 -0.04298204 -0.08235165 0.958184 -0.04354144 -0.07950653 0.9568854 -0.04340133 -0.08103887 0.9575119 -0.0429584 -0.08269682 0.9584413 -0.04382395 -0.07979362 0.9570107 -0.04317018 -0.08144771 0.9577182 -0.04300591 -0.08299941 0.9587133 -0.04416618 -0.07903473 0.9567013 -0.04398058 -0.079 0.9566928 -0.04402182 -0.079 0.9567466 -0.04378237 -0.08012741 0.9571573 -0.04299217 -0.08185369 0.9579426 -0.04312553 -0.0832497 0.9589988 -0.04456039 -0.07918369 0.9567822 -0.04366085 -0.08049817 0.9573246 -0.04287485 -0.08224449 0.958184 -0.04331611 -0.07939644 0.9568854 -0.04337048 -0.08089498 0.9575119 -0.04282401 -0.08260814 0.9584413 -0.04357441 -0.07966708 0.9570107 -0.04312028 -0.08130611 0.9577182 -0.04284351 -0.08293337 0.9587133 -0.04389519 -0.07998795 0.9571573 -0.04291991 -0.08171931 0.9579426 -0.04293515 -0.08320998 0.9589988 -0.0442714 -0.07909206 0.9567822 -0.04365143 -0.079 0.956812 -0.04354585 -0.08034984 0.9573246 -0.04277756 -0.0821222 0.958184 -0.04309862 -0.08342908 0.9592964 -0.04469431 -0.0792845 0.9568854 -0.04334722 -0.08074226 0.9575119 -0.04269976 -0.08250262 0.9584413 -0.04333149 -0.07953744 0.9570107 -0.04307914 -0.08115376 0.9577182 -0.04269116 -0.08284899 0.9587133 -0.04362934 -0.07984389 0.9571573 -0.04285733 -0.08157224 0.9579426 -0.04275439 -0.08315063 0.9589988 -0.04398579 -0.08019521 0.9573246 -0.04269062 -0.08198535 0.958184 -0.04288998 -0.08339808 0.9592964 -0.04439277 -0.07917123 0.9568854 -0.04333165 -0.08058141 0.9575119 -0.04258622 -0.08238078 0.9584413 -0.04309635 -0.08358338 0.9596047 -0.0448407 -0.07940529 0.9570107 -0.04304693 -0.08099136 0.9577182 -0.04254956 -0.08274667 0.9587133 -0.04336986 -0.07969588 0.9571573 -0.04280473 -0.08141319 0.9579426 -0.04258408 -0.08307193 0.9589988 -0.0437049 -0.08003501 0.9573246 -0.04261443 -0.08183459 0.958184 -0.04269116 -0.08334657 0.9592964 -0.04409404 -0.07905717 0.9568854 -0.04332385 -0.079 0.956889 -0.04331282 -0.079 0.9569774 -0.04308385 -0.08041319 0.9575119 -0.04248392 -0.08224318 0.9584413 -0.04287007 -0.08356201 0.9596047 -0.04452828 -0.07927125 0.9570107 -0.04302382 -0.08081968 0.9577182 -0.04241937 -0.08262688 0.9587133 -0.04311797 -0.07954463 0.9571573 -0.04276235 -0.08124288 0.9579426 -0.04242503 -0.08297424 0.9589988 -0.04343003 -0.07986999 0.9573246 -0.04254935 -0.08167061 0.958184 -0.0425031 -0.0832748 0.9592964 -0.04379953 -0.08023837 0.9575119 -0.04239334 -0.08209045 0.9584413 -0.04265371 -0.08351937 0.9596047 -0.04421805 -0.07913594 0.9570107 -0.04300991 -0.079 0.9570768 -0.0428595 -0.08063952 0.9577182 -0.0423012 -0.08249017 0.9587133 -0.04287485 -0.08370033 0.9599224 -0.04467576 -0.07939085 0.9571573 -0.04273039 -0.08106212 0.9579426 -0.04227796 -0.08285802 0.9589988 -0.04316248 -0.07970091 0.9573246 -0.04249569 -0.08149417 0.958184 -0.04232666 -0.0831831 0.9592964 -0.0435106 -0.08005779 0.9575119 -0.0423149 -0.08192332 0.9584413 -0.04244827 -0.08345566 0.9596047 -0.04391146 -0.08045171 0.9577182 -0.0421956 -0.0823372 0.9587133 -0.04264162 -0.08366743 0.9599224 -0.04435575 -0.07923524 0.9571573 -0.04270901 -0.08087173 0.9579426 -0.04214358 -0.08272382 0.9589988 -0.04290347 -0.08381178 0.9602477 -0.0448329 -0.07952856 0.9573246 -0.04245369 -0.08130611 0.958184 -0.04216268 -0.08307189 0.9592964 -0.0432286 -0.07987227 0.9575119 -0.04224897 -0.08174255 0.9584413 -0.04225472 -0.08337118 0.9596047 -0.04360992 -0.08025713 0.9577182 -0.04210307 -0.08216866 0.9587133 -0.04241937 -0.08361276 0.9599224 -0.04403873 -0.07907854 0.9571573 -0.04269829 -0.079 0.9571871 -0.04264029 -0.08067263 0.9579426 -0.0420225 -0.08257225 0.9589988 -0.04265423 -0.08378934 0.9602477 -0.04450491 -0.07935375 0.9573246 -0.04242355 -0.08110729 0.958184 -0.04201192 -0.0829417 0.9592964 -0.04295485 -0.07968269 0.9575119 -0.04219585 -0.081549 0.9584413 -0.04207395 -0.08326631 0.9596047 -0.04331486 -0.08005669 0.9577182 -0.04202402 -0.08198535 0.9587133 -0.04220914 -0.0835366 0.9599224 -0.04372618 -0.08046573 0.9579426 -0.04191529 -0.08240403 0.9589988 -0.04241591 -0.08374458 0.9602477 -0.04417922 -0.07917729 0.9573246 -0.04240541 -0.079 0.9573081 -0.04242676 -0.079 0.9574394 -0.04221942 -0.08089865 0.958184 -0.04187507 -0.08279313 0.9592964 -0.04269062 -0.08388401 0.9605795 -0.0446632 -0.07948992 0.9575119 -0.0421558 -0.08134357 0.9584413 -0.04190682 -0.08314155 0.9596047 -0.04302763 -0.07985133 0.9577182 -0.04195884 -0.08178812 0.9587133 -0.04201192 -0.08343928 0.9599224 -0.04341955 -0.08025199 0.9579426 -0.04182245 -0.08221993 0.9589988 -0.04218963 -0.0836777 0.9602477 -0.04385735 -0.08068116 0.958184 -0.04175278 -0.08262688 0.9592964 -0.04243714 -0.08384982 0.9605795 -0.04433068 -0.07929487 0.9575119 -0.04212899 -0.0811272 0.9584413 -0.04175409 -0.08299748 0.9596047 -0.0427496 -0.08395054 0.9609159 -0.04482816 -0.07964199 0.9577182 -0.04190783 -0.0815779 0.9587133 -0.04182861 -0.08332126 0.9599224 -0.04312028 -0.08003241 0.9579426 -0.04174441 -0.08202083 0.9589988 -0.04197644 -0.083589 0.9602477 -0.04354079 -0.08045583 0.958184 -0.04164561 -0.08244371 0.9592964 -0.0421956 -0.08379303 0.9605795 -0.04400127 -0.07909844 0.9575119 -0.04211555 -0.079 0.9575807 -0.04201878 -0.08090092 0.9584413 -0.04161649 -0.08283478 0.9596047 -0.04248204 -0.08392746 0.9609159 -0.04449071 -0.07942966 0.9577182 -0.04187122 -0.08135565 0.9587133 -0.04166007 -0.0831831 0.9599224 -0.04282977 -0.07980802 0.9579426 -0.04168154 -0.08180764 0.9589988 -0.04177734 -0.0834789 0.9602477 -0.04323102 -0.08022371 0.958184 -0.04155408 -0.08224449 0.9592964 -0.04196712 -0.08371388 0.9605795 -0.0436765 -0.08066578 0.9584413 -0.04149464 -0.08265419 0.9596047 -0.04222621 -0.0838814 0.9609159 -0.04415563 -0.07921533 0.9577182 -0.04184919 -0.079 0.9577317 -0.04182531 -0.079 0.957892 -0.04163948 -0.08112242 0.9587133 -0.0415071 -0.08302543 0.9599224 -0.04254935 -0.08397672 0.9612555 -0.04465685 -0.08397592 0.9615967 -0.04450719 -0.07957986 0.9579426 -0.04163413 -0.08158136 0.9589988 -0.04159324 -0.08334793 0.9602477 -0.04292949 -0.07998589 0.958184 -0.0414786 -0.08203014 0.9592964 -0.04175278 -0.08361276 0.9605795 -0.04335789 -0.08042287 0.9584413 -0.04138913 -0.08245657 0.9596047 -0.0419833 -0.08381259 0.9609159 -0.04382447 -0.0808793 0.9587133 -0.04137039 -0.08284899 0.9599224 -0.04228035 -0.08394188 0.9612555 -0.04431802 -0.08394588 0.9615967 -0.04426362 -0.07934901 0.9579426 -0.0416024 -0.08134304 0.9589988 -0.04142502 -0.08319669 0.9602477 -0.04263759 -0.07974346 0.958184 -0.04141952 -0.08180167 0.9592964 -0.04155356 -0.08349014 0.9605795 -0.04304693 -0.08017332 0.9584413 -0.04130045 -0.08224283 0.9596047 -0.04175444 -0.08372134 0.9609159 -0.04349879 -0.08062741 0.9587133 -0.0412506 -0.08265461 0.9599224 -0.04202402 -0.08388401 0.9612555 -0.04398236 -0.08390392 0.9615967 -0.04402182 -0.08385016 0.9615967 -0.04378237 -0.07911652 0.9579426 -0.04158649 -0.079 0.9580612 -0.04146174 -0.0810938 0.9589988 -0.04127345 -0.08302587 0.9602477 -0.0423567 -0.07949757 0.958184 -0.04137712 -0.08156013 0.9592964 -0.04137039 -0.08334657 0.9605795 -0.04274506 -0.0799183 0.9584413 -0.04122899 -0.08201397 0.9596047 -0.0415407 -0.08360807 0.9609159 -0.04318008 -0.08036794 0.9587133 -0.04114828 -0.08244319 0.9599224 -0.04178156 -0.08380336 0.9612555 -0.04365143 -0.0837847 0.9615967 -0.04354585 -0.08083479 0.9589988 -0.04113925 -0.08283629 0.9602477 -0.04208812 -0.07924937 0.958184 -0.04135161 -0.079 0.958239 -0.04129251 -0.08130666 0.9592964 -0.04120414 -0.08318274 0.9605795 -0.04245369 -0.079659 0.9584413 -0.04117511 -0.08177106 0.9596047 -0.04134308 -0.08347332 0.9609159 -0.04286985 -0.08010208 0.9587133 -0.0410639 -0.08221571 0.9599224 -0.04155408 -0.08370033 0.9612555 -0.04332677 -0.08370772 0.9615967 -0.04331282 -0.0836194 0.9615967 -0.04308385 -0.08056724 0.9589988 -0.04102303 -0.08262881 0.9602477 -0.04183311 -0.08104243 0.9592964 -0.04105557 -0.08299941 0.9605795 -0.04217418 -0.07939664 0.9584413 -0.04113905 -0.08151523 0.9596047 -0.04116249 -0.08331771 0.9609159 -0.04256955 -0.07983109 0.9587133 -0.04099786 -0.08197325 0.9599224 -0.04134266 -0.08357536 0.9612555 -0.04300991 -0.08351994 0.9615967 -0.0428595 -0.08029237 0.9589988 -0.04092534 -0.08240443 0.9602477 -0.04159284 -0.08076867 0.9592964 -0.04092538 -0.08279743 0.9605795 -0.04190783 -0.07913242 0.9584413 -0.04112098 -0.079 0.9584247 -0.04113222 -0.079 0.9586182 -0.04098123 -0.08124767 0.9596047 -0.04099979 -0.08314197 0.9609159 -0.04228055 -0.07955622 0.9587133 -0.04095047 -0.08171692 0.9599224 -0.04114828 -0.08342908 0.9612555 -0.04270231 -0.08340961 0.9615967 -0.04264029 -0.08001148 0.9589988 -0.04084664 -0.08216416 0.9602477 -0.04136845 -0.08048667 0.9592964 -0.04081417 -0.08257775 0.9605795 -0.04165589 -0.08096964 0.9596047 -0.04085572 -0.08294691 0.9609159 -0.04200423 -0.07927876 0.9587133 -0.04092194 -0.079 0.9588189 -0.04083992 -0.08144792 0.9599224 -0.04097184 -0.08326214 0.9612555 -0.04240541 -0.08328864 0.9615967 -0.04242676 -0.08315735 0.9615967 -0.04221942 -0.07972588 0.9589988 -0.04078729 -0.08190915 0.9602477 -0.04116098 -0.08019775 0.9592964 -0.04072247 -0.08234138 0.9605795 -0.04141952 -0.08068241 0.9596047 -0.04073096 -0.08273347 0.9609159 -0.04174186 -0.0811675 0.9599224 -0.04081417 -0.08307533 0.9612555 -0.04212059 -0.08301604 0.9615967 -0.04201878 -0.07943688 0.9589988 -0.04074757 -0.08164057 0.9602477 -0.0409714 -0.07990323 0.9592964 -0.0406507 -0.08208944 0.9605795 -0.04119984 -0.08038735 0.9596047 -0.04062609 -0.0825026 0.9609159 -0.04149467 -0.08087699 0.9599224 -0.04067601 -0.08286951 0.9612555 -0.04184919 -0.08286505 0.9615967 -0.04182531 -0.08270476 0.9615967 -0.04163948 -0.07914585 0.9589988 -0.04072766 -0.079 0.9590262 -0.04070863 -0.079 0.9592397 -0.04058767 -0.08135968 0.9602477 -0.04080059 -0.0796045 0.9592964 -0.04059919 -0.08182309 0.9605795 -0.04099786 -0.08008582 0.9596047 -0.04054161 -0.08225541 0.9609159 -0.04126381 -0.08057772 0.9599224 -0.04055799 -0.08264566 0.9612555 -0.04159246 -0.08253554 0.9615967 -0.04146174 -0.08106779 0.9602477 -0.04064934 -0.07930296 0.9592964 -0.0405682 -0.079 0.959459 -0.04047733 -0.08154358 0.9605795 -0.04081453 -0.07977922 0.9596047 -0.0404779 -0.08199304 0.9609159 -0.04105035 -0.0802711 0.9599224 -0.04046067 -0.08240481 0.9612555 -0.04135161 -0.0823578 0.9615967 -0.04129251 -0.08076625 0.9602477 -0.04051836 -0.08125221 0.9605795 -0.0406507 -0.07946899 0.9596047 -0.04043526 -0.08171672 0.9609159 -0.0408553 -0.07995854 0.9599224 -0.04038451 -0.08214809 0.9612555 -0.04112775 -0.08217197 0.9615967 -0.04113222 -0.08197849 0.9615967 -0.04098123 -0.08045648 0.9602477 -0.04040827 -0.08095034 0.9605795 -0.04050714 -0.07915657 0.9596047 -0.04041389 -0.079 0.9596833 -0.04037787 -0.08142773 0.9609159 -0.04067956 -0.07964153 0.9599224 -0.04032985 -0.08187668 0.9612555 -0.04092194 -0.08177785 0.9615967 -0.04083992 -0.08013992 0.9602477 -0.04031958 -0.08063937 0.9605795 -0.04038451 -0.08112742 0.9609159 -0.04052395 -0.07932151 0.9599224 -0.04029695 -0.079 0.9599123 -0.04028955 -0.079 0.9601453 -0.04021257 -0.08159187 0.9612555 -0.04073513 -0.08157051 0.9615967 -0.04070863 -0.08135699 0.9615967 -0.04058767 -0.07981805 0.9602477 -0.04025269 -0.08032077 0.9605795 -0.04028339 -0.08081718 0.9609159 -0.0403892 -0.08129496 0.9612555 -0.0405682 -0.08113778 0.9615967 -0.04047733 -0.07949236 0.9602477 -0.04020792 -0.079996 0.9605795 -0.04020424 -0.08049848 0.9609159 -0.04027594 -0.08098736 0.9612555 -0.04042191 -0.08091341 0.9615967 -0.04037787 -0.07916438 0.9602477 -0.04018549 -0.079 0.9603818 -0.04014711 -0.0796666 0.9605795 -0.04014745 -0.0801728 0.9609159 -0.04018468 -0.08067049 0.9612555 -0.04029695 -0.08068445 0.9615967 -0.04028955 -0.08045142 0.9615967 -0.04021257 -0.07933408 0.9605795 -0.04011326 -0.079 0.9606213 -0.04009335 -0.079 0.9608631 -0.04005139 -0.07984164 0.9609159 -0.04011587 -0.08034584 0.9612555 -0.04019391 -0.0802149 0.9615967 -0.04014711 -0.07950656 0.9609159 -0.04006981 -0.08001491 0.9612555 -0.04011326 -0.07997545 0.9615967 -0.04009335 -0.07973365 0.9615967 -0.04005139 -0.07916911 0.9609159 -0.04004673 -0.079 0.9611066 -0.04002135 -0.07967924 0.9612555 -0.04005539 -0.07949009 0.9615967 -0.04002135 -0.07934042 0.9612555 -0.04002056 0.079 0.9566028 -0.04475193 0.079 0.9566208 -0.04450719 0.079 0.9566509 -0.04426362 0.079 0.9566928 -0.04402182 0.079 0.9567466 -0.04378237 0.079 0.956812 -0.04354585 0.079 0.956889 -0.04331282 0.079 0.9569774 -0.04308385 0.079 0.9570768 -0.0428595 0.079 0.9571871 -0.04264029 0.079 0.9573081 -0.04242676 0.079 0.9574394 -0.04221942 0.079 0.9575807 -0.04201878 0.079 0.9577317 -0.04182531 0.079 0.957892 -0.04163948 0.079 0.9580612 -0.04146174 0.079 0.958239 -0.04129251 0.079 0.9584247 -0.04113222 0.079 0.9586182 -0.04098123 0.079 0.9588189 -0.04083992 0.079 0.9590262 -0.04070863 0.079 0.9592397 -0.04058767 0.079 0.959459 -0.04047733 0.079 0.9596833 -0.04037787 0.079 0.9599123 -0.04028955 0.079 0.9601453 -0.04021257 0.079 0.9603818 -0.04014711 0.079 0.9606213 -0.04009335 0.079 0.9608631 -0.04005139 0.079 0.9611066 -0.04002135 0.079 0.9613514 -0.04000329 -0.08399398 0.9856967 -0.04475193 -0.08397592 0.9856967 -0.04450719 -0.08394588 0.9856967 -0.04426362 -0.08390392 0.9856967 -0.04402182 -0.08385016 0.9856967 -0.04378237 -0.0837847 0.9856967 -0.04354585 -0.08370772 0.9856967 -0.04331282 -0.0836194 0.9856967 -0.04308385 -0.08351994 0.9856967 -0.0428595 -0.08340961 0.9856967 -0.04264029 -0.08328864 0.9856967 -0.04242676 -0.08315735 0.9856967 -0.04221942 -0.08301604 0.9856967 -0.04201878 -0.08286505 0.9856967 -0.04182531 -0.08270476 0.9856967 -0.04163948 -0.08253554 0.9856967 -0.04146174 -0.0823578 0.9856967 -0.04129251 -0.08217197 0.9856967 -0.04113222 -0.08197849 0.9856967 -0.04098123 -0.08177785 0.9856967 -0.04083992 -0.08157051 0.9856967 -0.04070863 -0.08135699 0.9856967 -0.04058767 -0.08113778 0.9856967 -0.04047733 -0.08091341 0.9856967 -0.04037787 -0.08068445 0.9856967 -0.04028955 -0.08045142 0.9856967 -0.04021257 -0.0802149 0.9856967 -0.04014711 -0.07997545 0.9856967 -0.04009335 -0.07973365 0.9856967 -0.04005139 -0.07949009 0.9856967 -0.04002135 -0.07924534 0.9856967 -0.04000329 0.07924534 0.9615967 -0.04000329 0.08399398 0.9615967 -0.04475193 0.07901165 0.9566084 -0.04465626 0.0790349 0.9566084 -0.04465785 0.07905798 0.9566084 -0.04466102 0.07904646 0.9566433 -0.04431802 0.07908079 0.9566084 -0.04466576 0.0790927 0.9566433 -0.04432278 0.07903473 0.9567013 -0.04398058 0.07910322 0.9566084 -0.04467205 0.07913852 0.9566433 -0.04433068 0.07910403 0.9567013 -0.04398532 0.07912518 0.9566084 -0.04467985 0.07918369 0.9566433 -0.04434169 0.07917284 0.9567013 -0.04399478 0.07909206 0.9567822 -0.04365143 0.07914655 0.9566084 -0.04468913 0.079228 0.9566433 -0.04435575 0.07924085 0.9567013 -0.04400891 0.07918369 0.9567822 -0.04366085 0.07916723 0.9566084 -0.04469985 0.07905717 0.9568854 -0.04332385 0.07927125 0.9566433 -0.0443728 0.07930774 0.9567013 -0.04402766 0.07927446 0.9567822 -0.0436765 0.07918714 0.9566084 -0.04471196 0.07917123 0.9568854 -0.04333165 0.07931322 0.9566433 -0.04439277 0.07937319 0.9567013 -0.04405092 0.07936395 0.9567822 -0.04369831 0.07920617 0.9566084 -0.04472539 0.0792845 0.9568854 -0.04334722 0.07935375 0.9566433 -0.04441555 0.07913594 0.9570107 -0.04300991 0.0794369 0.9567013 -0.04407859 0.07945174 0.9567822 -0.04372618 0.07922424 0.9566084 -0.04474009 0.07939644 0.9568854 -0.04337048 0.07939262 0.9566433 -0.04444105 0.07927125 0.9570107 -0.04302382 0.07949858 0.9567013 -0.04411055 0.07907854 0.9571573 -0.04269829 0.07953744 0.9567822 -0.04375997 0.07924127 0.9566084 -0.044756 0.07950653 0.9568854 -0.04340133 0.07942966 0.9566433 -0.04446914 0.07940529 0.9570107 -0.04304693 0.07955793 0.9567013 -0.04414664 0.07923524 0.9571573 -0.04270901 0.07962062 0.9567822 -0.04379953 0.07925718 0.9566084 -0.04477303 0.07961426 0.9568854 -0.04343961 0.07946471 0.9566433 -0.04449969 0.07953744 0.9570107 -0.04307914 0.07961468 0.9567013 -0.0441867 0.07939085 0.9571573 -0.04273039 0.07970091 0.9567822 -0.04384467 0.07917729 0.9573246 -0.04240541 0.07927188 0.9566084 -0.0447911 0.07971912 0.9568854 -0.04348516 0.07949757 0.9566433 -0.04453257 0.07966708 0.9570107 -0.04312028 0.07966856 0.9567013 -0.04423053 0.07954463 0.9571573 -0.04276235 0.07977793 0.9567822 -0.04389519 0.07935375 0.9573246 -0.04242355 0.07928532 0.9566084 -0.04481013 0.07982064 0.9568854 -0.04353777 0.07909844 0.9575119 -0.04211555 0.07952813 0.9566433 -0.0445676 0.07979362 0.9570107 -0.04317018 0.07971932 0.9567013 -0.04427795 0.07969588 0.9571573 -0.04280473 0.07985133 0.9567822 -0.04395085 0.07952856 0.9573246 -0.04245369 0.07929742 0.9566084 -0.04483004 0.07991833 0.9568854 -0.04359717 0.07929487 0.9575119 -0.04212899 0.07955622 0.9566433 -0.04460465 0.07991645 0.9570107 -0.0432286 0.07976674 0.9567013 -0.04432871 0.07984389 0.9571573 -0.04285733 0.07992075 0.9567822 -0.04401138 0.07970091 0.9573246 -0.04249569 0.07930814 0.9566084 -0.04485073 0.08001173 0.9568854 -0.0436631 0.07948992 0.9575119 -0.0421558 0.07958172 0.9566433 -0.04464352 0.08003501 0.9570107 -0.04329526 0.07921533 0.9577182 -0.04184919 0.07981058 0.9567013 -0.04438259 0.07998795 0.9571573 -0.04291991 0.07998589 0.9567822 -0.04407652 0.07986999 0.9573246 -0.04254935 0.07931742 0.9566084 -0.0448721 0.08010042 0.9568854 -0.04373526 0.07968269 0.9575119 -0.04219585 0.0796045 0.9566433 -0.04468404 0.08014875 0.9570107 -0.04336986 0.07942966 0.9577182 -0.04187122 0.07985063 0.9567013 -0.04443934 0.08012741 0.9571573 -0.04299217 0.07911652 0.9579426 -0.04158649 0.08004642 0.9567822 -0.04414594 0.08003501 0.9573246 -0.04261443 0.07932523 0.9566084 -0.04489405 0.08018398 0.9568854 -0.04381329 0.07987227 0.9575119 -0.04224897 0.07962447 0.9566433 -0.04472602 0.08025713 0.9570107 -0.04345205 0.07964199 0.9577182 -0.04190783 0.07988673 0.9567013 -0.04449869 0.08026162 0.9571573 -0.04307378 0.07934901 0.9579426 -0.0416024 0.08010208 0.9567822 -0.04421934 0.08019521 0.9573246 -0.04269062 0.07933151 0.9566084 -0.04491648 0.08026202 0.9568854 -0.04389685 0.08005779 0.9575119 -0.0423149 0.07964153 0.9566433 -0.04476927 0.08035965 0.9570107 -0.04354144 0.07985133 0.9577182 -0.04195884 0.07991868 0.9567013 -0.04456037 0.08038994 0.9571573 -0.04316436 0.07957986 0.9579426 -0.04163413 0.0801526 0.9567822 -0.04429636 0.08034984 0.9573246 -0.04277756 0.07924937 0.958184 -0.04135161 0.07933625 0.9566084 -0.0449393 0.08033417 0.9568854 -0.04398554 0.08023837 0.9575119 -0.04239334 0.07965559 0.9566433 -0.04481358 0.08045583 0.9570107 -0.04363762 0.08005669 0.9577182 -0.04202402 0.07994635 0.9567013 -0.04462408 0.08051178 0.9571573 -0.04326348 0.07980802 0.9579426 -0.04168154 0.08019775 0.9567822 -0.04437665 0.08049817 0.9573246 -0.04287485 0.07949757 0.958184 -0.04137712 0.07933942 0.9566084 -0.04496238 0.0804001 0.9568854 -0.04407895 0.08041319 0.9575119 -0.04248392 0.07913242 0.9584413 -0.04112098 0.0796666 0.9566433 -0.04485875 0.08054522 0.9570107 -0.04374014 0.08025713 0.9577182 -0.04210307 0.07996961 0.9567013 -0.04468953 0.08062658 0.9571573 -0.0433707 0.08003241 0.9579426 -0.04174441 0.0802373 0.9567822 -0.04445984 0.08063952 0.9573246 -0.04298204 0.07974346 0.958184 -0.04141952 0.07934101 0.9566084 -0.04498562 0.0804595 0.9568854 -0.04417663 0.08058141 0.9575119 -0.04258622 0.07939664 0.9584413 -0.04113905 0.07967449 0.9566433 -0.04490456 0.08062741 0.9570107 -0.04384852 0.08045171 0.9577182 -0.0421956 0.07998836 0.9567013 -0.04475642 0.08073379 0.9571573 -0.04348549 0.08025199 0.9579426 -0.04182245 0.0802711 0.9567822 -0.04454552 0.08077322 0.9573246 -0.04309862 0.07998589 0.958184 -0.0414786 0.08051211 0.9568854 -0.04427814 0.08074226 0.9575119 -0.04269976 0.079659 0.9584413 -0.04117511 0.07967924 0.9566433 -0.04495081 0.08070201 0.9570107 -0.04396226 0.08063952 0.9577182 -0.0423012 0.07927876 0.9587133 -0.04092194 0.08000249 0.9567013 -0.04482442 0.08083291 0.9571573 -0.04360733 0.08046573 0.9579426 -0.04191529 0.08029896 0.9567822 -0.04463332 0.08089865 0.9573246 -0.04322405 0.08022371 0.958184 -0.04155408 0.08055766 0.9568854 -0.04438301 0.08089498 0.9575119 -0.04282401 0.0799183 0.9584413 -0.04122899 0.08076867 0.9570107 -0.04408082 0.08081968 0.9577182 -0.04241937 0.07955622 0.9587133 -0.04095047 0.08001195 0.9567013 -0.04489324 0.08092349 0.9571573 -0.04373565 0.08067263 0.9579426 -0.0420225 0.07914585 0.9589988 -0.04072766 0.08032077 0.9567822 -0.04472281 0.08101524 0.9573246 -0.04335775 0.08045583 0.958184 -0.04164561 0.08059595 0.9568854 -0.04449074 0.08103887 0.9575119 -0.0429584 0.08017332 0.9584413 -0.04130045 0.08082709 0.9570107 -0.04420366 0.08099136 0.9577182 -0.04254956 0.07983109 0.9587133 -0.04099786 0.08001669 0.9567013 -0.04496254 0.0810051 0.9571573 -0.04386986 0.08087173 0.9579426 -0.04214358 0.07943688 0.9589988 -0.04074757 0.08033642 0.9567822 -0.04481358 0.08112242 0.9573246 -0.0434991 0.08068116 0.958184 -0.04175278 0.08062679 0.9568854 -0.04460083 0.08117326 0.9575119 -0.04310229 0.08042287 0.9584413 -0.04138913 0.08087699 0.9570107 -0.04433019 0.08115376 0.9577182 -0.04269116 0.08010208 0.9587133 -0.0410639 0.08107736 0.9571573 -0.04400932 0.08106212 0.9579426 -0.04227796 0.07972588 0.9589988 -0.04078729 0.08034584 0.9567822 -0.04490521 0.08121971 0.9573246 -0.04364743 0.08089865 0.958184 -0.04187507 0.07930296 0.9592964 -0.0405682 0.08065005 0.9568854 -0.04471277 0.08129751 0.9575119 -0.04325502 0.08066578 0.9584413 -0.04149464 0.08091814 0.9570107 -0.04445984 0.08130611 0.9577182 -0.04284351 0.08036794 0.9587133 -0.04114828 0.08113995 0.9571573 -0.04415339 0.08124288 0.9579426 -0.04242503 0.08001148 0.9589988 -0.04084664 0.08130666 0.9573246 -0.04380206 0.08110729 0.958184 -0.04201192 0.0796045 0.9592964 -0.04059919 0.08066562 0.9568854 -0.04482604 0.08141105 0.9575119 -0.04341586 0.08090092 0.9584413 -0.04161649 0.07915657 0.9596047 -0.04041389 0.08095034 0.9570107 -0.04459198 0.08144771 0.9577182 -0.04300591 0.08062741 0.9587133 -0.0412506 0.08119254 0.9571573 -0.04430139 0.08141319 0.9579426 -0.04258408 0.08029237 0.9589988 -0.04092534 0.08138284 0.9573246 -0.04396226 0.08130611 0.958184 -0.04216268 0.07990323 0.9592964 -0.0406507 0.08067342 0.9568854 -0.04494011 0.08151334 0.9575119 -0.04358409 0.0811272 0.9584413 -0.04175409 0.07946899 0.9596047 -0.04043526 0.08097345 0.9570107 -0.04472602 0.0815779 0.9577182 -0.04317759 0.0808793 0.9587133 -0.04137039 0.08123492 0.9571573 -0.04445264 0.08157224 0.9579426 -0.04275439 0.08056724 0.9589988 -0.04102303 0.08144792 0.9573246 -0.04412728 0.08149417 0.958184 -0.04232666 0.08019775 0.9592964 -0.04072247 0.08160393 0.9575119 -0.0437589 0.08134357 0.9584413 -0.04190682 0.07977922 0.9596047 -0.0404779 0.08098736 0.9570107 -0.04486133 0.08169607 0.9577182 -0.04335775 0.08112242 0.9587133 -0.0415071 0.07932151 0.9599224 -0.04029695 0.08126688 0.9571573 -0.04460642 0.08171931 0.9579426 -0.04293515 0.08083479 0.9589988 -0.04113925 0.08150158 0.9573246 -0.04429636 0.08167061 0.958184 -0.0425031 0.08048667 0.9592964 -0.04081417 0.08168237 0.9575119 -0.04393948 0.081549 0.9584413 -0.04207395 0.08008582 0.9596047 -0.04054161 0.08180167 0.9577182 -0.04354556 0.08135565 0.9587133 -0.04166007 0.07964153 0.9599224 -0.04032985 0.08128826 0.9571573 -0.04476203 0.08185369 0.9579426 -0.04312553 0.0810938 0.9589988 -0.04127345 0.07916438 0.9602477 -0.04018549 0.08154358 0.9573246 -0.04446871 0.08183459 0.958184 -0.04269116 0.08076867 0.9592964 -0.04092538 0.0817483 0.9575119 -0.044125 0.08174255 0.9584413 -0.04225472 0.08038735 0.9596047 -0.04062609 0.0818942 0.9577182 -0.04374014 0.0815779 0.9587133 -0.04182861 0.07995854 0.9599224 -0.04038451 0.08129898 0.9571573 -0.04491874 0.08197477 0.9579426 -0.04332464 0.08134304 0.9589988 -0.04142502 0.07949236 0.9602477 -0.04020792 0.08157372 0.9573246 -0.04464352 0.08198535 0.958184 -0.04288998 0.08104243 0.9592964 -0.04105557 0.08180141 0.9575119 -0.04431458 0.08192332 0.9584413 -0.04244827 0.08068241 0.9596047 -0.04073096 0.08197325 0.9577182 -0.04394058 0.08178812 0.9587133 -0.04201192 0.0802711 0.9599224 -0.04046067 0.08208199 0.9579426 -0.04353154 0.08158136 0.9589988 -0.04159324 0.07981805 0.9602477 -0.04025269 0.08159187 0.9573246 -0.04481998 0.0821222 0.958184 -0.04309862 0.08130666 0.9592964 -0.04120414 0.07933408 0.9605795 -0.04011326 0.08184148 0.9575119 -0.04450735 0.08209045 0.9584413 -0.04265371 0.08096964 0.9596047 -0.04085572 0.08203843 0.9577182 -0.04414594 0.08198535 0.9587133 -0.04220914 0.08057772 0.9599224 -0.04055799 0.08217482 0.9579426 -0.04374529 0.08180764 0.9589988 -0.04177734 0.08013992 0.9602477 -0.04031958 0.08224449 0.958184 -0.04331611 0.08156013 0.9592964 -0.04137039 0.0796666 0.9605795 -0.04014745 0.08186829 0.9575119 -0.0447024 0.08224318 0.9584413 -0.04287007 0.08124767 0.9596047 -0.04099979 0.07916911 0.9609159 -0.04004673 0.08208944 0.9577182 -0.04435528 0.08216866 0.9587133 -0.04241937 0.08087699 0.9599224 -0.04067601 0.08225286 0.9579426 -0.04396486 0.08202083 0.9589988 -0.04197644 0.08045648 0.9602477 -0.04040827 0.08235165 0.958184 -0.04354144 0.08180167 0.9592964 -0.04155356 0.079996 0.9605795 -0.04020424 0.08188172 0.9575119 -0.04489883 0.08238078 0.9584413 -0.04309635 0.08151523 0.9596047 -0.04116249 0.07950656 0.9609159 -0.04006981 0.08212605 0.9577182 -0.0445676 0.0823372 0.9587133 -0.04264162 0.0811675 0.9599224 -0.04081417 0.08231573 0.9579426 -0.04418925 0.08221993 0.9589988 -0.04218963 0.08076625 0.9602477 -0.04051836 0.08244319 0.958184 -0.04377356 0.08203014 0.9592964 -0.04175278 0.08032077 0.9605795 -0.04028339 0.08250262 0.9584413 -0.04333149 0.08177106 0.9596047 -0.04134308 0.07984164 0.9609159 -0.04011587 0.08214809 0.9577182 -0.04478194 0.08249017 0.9587133 -0.04287485 0.08144792 0.9599224 -0.04097184 0.07934042 0.9612555 -0.04002056 0.07949009 0.9615967 -0.04002135 0.08236314 0.9579426 -0.04441741 0.08240403 0.9589988 -0.04241591 0.08106779 0.9602477 -0.04064934 0.08251867 0.958184 -0.04401138 0.08224449 0.9592964 -0.04196712 0.08063937 0.9605795 -0.04038451 0.08260814 0.9584413 -0.04357441 0.08201397 0.9596047 -0.0415407 0.0801728 0.9609159 -0.04018468 0.08262688 0.9587133 -0.04311797 0.08171692 0.9599224 -0.04114828 0.07967924 0.9612555 -0.04005539 0.07973365 0.9615967 -0.04005139 0.08239487 0.9579426 -0.04464827 0.08257225 0.9589988 -0.04265423 0.08135968 0.9602477 -0.04080059 0.08257775 0.958184 -0.04425381 0.08244371 0.9592964 -0.0421956 0.08095034 0.9605795 -0.04050714 0.08269682 0.9584413 -0.04382395 0.08224283 0.9596047 -0.04175444 0.08049848 0.9609159 -0.04027594 0.08274667 0.9587133 -0.04336986 0.08197325 0.9599224 -0.04134266 0.08001491 0.9612555 -0.04011326 0.07997545 0.9615967 -0.04009335 0.0802149 0.9615967 -0.04014711 0.08241077 0.9579426 -0.04488076 0.08272382 0.9589988 -0.04290347 0.08164057 0.9602477 -0.0409714 0.08262015 0.958184 -0.04449969 0.08262688 0.9592964 -0.04243714 0.08125221 0.9605795 -0.0406507 0.08276828 0.9584413 -0.04407897 0.08245657 0.9596047 -0.0419833 0.08081718 0.9609159 -0.0403892 0.08284899 0.9587133 -0.04362934 0.08221571 0.9599224 -0.04155408 0.08034584 0.9612555 -0.04019391 0.08045142 0.9615967 -0.04021257 0.08285802 0.9589988 -0.04316248 0.08190915 0.9602477 -0.04116098 0.08264566 0.958184 -0.0447479 0.08279313 0.9592964 -0.04269062 0.08154358 0.9605795 -0.04081453 0.08282216 0.9584413 -0.04433826 0.08265419 0.9596047 -0.04222621 0.08112742 0.9609159 -0.04052395 0.08293337 0.9587133 -0.04389519 0.08244319 0.9599224 -0.04178156 0.08067049 0.9612555 -0.04029695 0.08068445 0.9615967 -0.04028955 0.08091341 0.9615967 -0.04037787 0.08297424 0.9589988 -0.04343003 0.08216416 0.9602477 -0.04136845 0.0829417 0.9592964 -0.04295485 0.08182309 0.9605795 -0.04099786 0.08285822 0.9584413 -0.04460063 0.08283478 0.9596047 -0.04248204 0.08142773 0.9609159 -0.04067956 0.08299941 0.9587133 -0.04416618 0.08265461 0.9599224 -0.04202402 0.08098736 0.9612555 -0.04042191 0.08113778 0.9615967 -0.04047733 0.08307193 0.9589988 -0.0437049 0.08240443 0.9602477 -0.04159284 0.08307189 0.9592964 -0.0432286 0.08208944 0.9605795 -0.04119984 0.0828763 0.9584413 -0.04486485 0.08299748 0.9596047 -0.0427496 0.08171672 0.9609159 -0.0408553 0.08304681 0.9587133 -0.04444105 0.08284899 0.9599224 -0.04228035 0.08129496 0.9612555 -0.0405682 0.08135699 0.9615967 -0.04058767 0.08315063 0.9589988 -0.04398579 0.08262881 0.9602477 -0.04183311 0.0831831 0.9592964 -0.0435106 0.08234138 0.9605795 -0.04141952 0.08314155 0.9596047 -0.04302763 0.08199304 0.9609159 -0.04105035 0.08307533 0.9587133 -0.04471851 0.08302543 0.9599224 -0.04254935 0.08159187 0.9612555 -0.04073513 0.08157051 0.9615967 -0.04070863 0.08177785 0.9615967 -0.04083992 0.08320998 0.9589988 -0.0442714 0.08283629 0.9602477 -0.04208812 0.0832748 0.9592964 -0.04379953 0.08257775 0.9605795 -0.04165589 0.08326631 0.9596047 -0.04331486 0.08225541 0.9609159 -0.04126381 0.0831831 0.9599224 -0.04282977 0.08187668 0.9612555 -0.04092194 0.08197849 0.9615967 -0.04098123 0.0832497 0.9589988 -0.04456039 0.08302587 0.9602477 -0.0423567 0.08334657 0.9592964 -0.04409404 0.08279743 0.9605795 -0.04190783 0.08337118 0.9596047 -0.04360992 0.0825026 0.9609159 -0.04149467 0.08332126 0.9599224 -0.04312028 0.08214809 0.9612555 -0.04112775 0.08217197 0.9615967 -0.04113222 0.0823578 0.9615967 -0.04129251 0.08326961 0.9589988 -0.04485142 0.08319669 0.9602477 -0.04263759 0.08339808 0.9592964 -0.04439277 0.08299941 0.9605795 -0.04217418 0.08345566 0.9596047 -0.04391146 0.08273347 0.9609159 -0.04174186 0.08343928 0.9599224 -0.04341955 0.08240481 0.9612555 -0.04135161 0.08253554 0.9615967 -0.04146174 0.08334793 0.9602477 -0.04292949 0.08342908 0.9592964 -0.04469431 0.08318274 0.9605795 -0.04245369 0.08351937 0.9596047 -0.04421805 0.08294691 0.9609159 -0.04200423 0.0835366 0.9599224 -0.04372618 0.08264566 0.9612555 -0.04159246 0.08270476 0.9615967 -0.04163948 0.0834789 0.9602477 -0.04323102 0.08334657 0.9605795 -0.04274506 0.08356201 0.9596047 -0.04452828 0.08314197 0.9609159 -0.04228055 0.08361276 0.9599224 -0.04403873 0.08286951 0.9612555 -0.04184919 0.08286505 0.9615967 -0.04182531 0.08301604 0.9615967 -0.04201878 0.083589 0.9602477 -0.04354079 0.08349014 0.9605795 -0.04304693 0.08358338 0.9596047 -0.0448407 0.08331771 0.9609159 -0.04256955 0.08366743 0.9599224 -0.04435575 0.08307533 0.9612555 -0.04212059 0.08315735 0.9615967 -0.04221942 0.0836777 0.9602477 -0.04385735 0.08361276 0.9605795 -0.04335789 0.08347332 0.9609159 -0.04286985 0.08370033 0.9599224 -0.04467576 0.08326214 0.9612555 -0.04240541 0.08328864 0.9615967 -0.04242676 0.08340961 0.9615967 -0.04264029 0.08374458 0.9602477 -0.04417922 0.08371388 0.9605795 -0.0436765 0.08360807 0.9609159 -0.04318008 0.08342908 0.9612555 -0.04270231 0.08351994 0.9615967 -0.0428595 0.08378934 0.9602477 -0.04450491 0.08379303 0.9605795 -0.04400127 0.08372134 0.9609159 -0.04349879 0.08357536 0.9612555 -0.04300991 0.0836194 0.9615967 -0.04308385 0.08381178 0.9602477 -0.0448329 0.08384982 0.9605795 -0.04433068 0.08381259 0.9609159 -0.04382447 0.08370033 0.9612555 -0.04332677 0.08370772 0.9615967 -0.04331282 0.0837847 0.9615967 -0.04354585 0.08388401 0.9605795 -0.0446632 0.0838814 0.9609159 -0.04415563 0.08380336 0.9612555 -0.04365143 0.08385016 0.9615967 -0.04378237 0.08392746 0.9609159 -0.04449071 0.08388401 0.9612555 -0.04398236 0.08390392 0.9615967 -0.04402182 0.08394588 0.9615967 -0.04426362 0.08395054 0.9609159 -0.04482816 0.08394188 0.9612555 -0.04431802 0.08397592 0.9615967 -0.04450719 0.08397672 0.9612555 -0.04465685 -0.079 0.9859421 -0.04000329 -0.08398544 0.986038 -0.04482696 -0.08396219 0.986038 -0.04448714 -0.08391581 0.986038 -0.0441497 -0.08394188 0.9863776 -0.04465924 -0.08384651 0.986038 -0.04381621 -0.0839073 0.9863776 -0.04432278 -0.08389256 0.986714 -0.04483014 -0.08375462 0.986038 -0.04348822 -0.08384982 0.9863776 -0.04398946 -0.08386976 0.986714 -0.04449664 -0.08364055 0.986038 -0.04316727 -0.08376974 0.9863776 -0.04366085 -0.08382424 0.986714 -0.04416549 -0.08380336 0.9870457 -0.04466871 -0.08350484 0.986038 -0.04285486 -0.08366743 0.9863776 -0.04333847 -0.08375623 0.986714 -0.04383821 -0.08376974 0.9870457 -0.04434169 -0.08334814 0.986038 -0.04255243 -0.08370856 0.9873712 -0.04483642 -0.08354334 0.9863776 -0.04302382 -0.08366605 0.986714 -0.04351633 -0.08371388 0.9870457 -0.04401772 -0.08317117 0.986038 -0.04226141 -0.08368661 0.9873712 -0.04451547 -0.08339808 0.9863776 -0.04271837 -0.08355411 0.986714 -0.04320137 -0.08363605 0.9870457 -0.04369831 -0.08297474 0.986038 -0.04198313 -0.0836428 0.9873712 -0.04419677 -0.08323231 0.9863776 -0.04242355 -0.08357536 0.9876887 -0.04468431 -0.08342093 0.986714 -0.04289477 -0.0835366 0.9870457 -0.04338496 -0.08275978 0.986038 -0.04171891 -0.08357735 0.9873712 -0.0438818 -0.08304681 0.9863776 -0.04214072 -0.08354334 0.9876887 -0.0443728 -0.08326714 0.986714 -0.04259798 -0.08343684 0.9879971 -0.0448457 -0.08341599 0.9870457 -0.04307914 -0.08252729 0.986038 -0.04146998 -0.08349055 0.9873712 -0.04357203 -0.08284243 0.9863776 -0.04187122 -0.08349014 0.9876887 -0.04406421 -0.08309346 0.986714 -0.04231237 -0.08341615 0.9879971 -0.04454328 -0.0832748 0.9870457 -0.04278225 -0.08227836 0.986038 -0.04123749 -0.08338283 0.9873712 -0.04326891 -0.08262015 0.9863776 -0.04161629 -0.08341599 0.9876887 -0.04375997 -0.0829007 0.986714 -0.04203928 -0.08337488 0.9879971 -0.04424297 -0.08311368 0.9870457 -0.04249569 -0.08326214 0.9882947 -0.04470573 -0.08201414 0.986038 -0.04102253 -0.08325466 0.9873712 -0.04297384 -0.08238098 0.9863776 -0.04137712 -0.08332126 0.9876887 -0.04346149 -0.08268974 0.986714 -0.04177998 -0.0833132 0.9879971 -0.04394617 -0.08293337 0.9870457 -0.04222079 -0.08323231 0.9882947 -0.04441555 -0.08173586 0.986038 -0.04082611 -0.08310666 0.9873712 -0.04268821 -0.08308247 0.9885801 -0.04485781 -0.08212605 0.9863776 -0.04115484 -0.08320638 0.9876887 -0.04317018 -0.08246159 0.986714 -0.04153569 -0.08323141 0.9879971 -0.04365428 -0.08273473 0.9870457 -0.04195884 -0.08318274 0.9882947 -0.04412809 -0.08144484 0.986038 -0.04064913 -0.08293951 0.9873712 -0.04241335 -0.08306343 0.9885801 -0.04457954 -0.08185654 0.9863776 -0.04095047 -0.08307189 0.9876887 -0.04288739 -0.08221729 0.986714 -0.04130753 -0.08312991 0.9879971 -0.04336865 -0.08251867 0.9870457 -0.04171106 -0.08311368 0.9882947 -0.04384467 -0.08114241 0.986038 -0.04049242 -0.08275399 0.9873712 -0.04215053 -0.08302545 0.9885801 -0.04430321 -0.08157372 0.9863776 -0.04076497 -0.08291842 0.9876887 -0.04261443 -0.08286951 0.9888522 -0.04473259 -0.08195799 0.986714 -0.04109657 -0.08300913 0.9879971 -0.04309061 -0.08228621 0.9870457 -0.0414786 -0.08302543 0.9882947 -0.04356663 -0.08082999 0.986038 -0.04035672 -0.08255097 0.9873712 -0.04190099 -0.0829687 0.9885801 -0.04403012 -0.0812789 0.9863776 -0.04059919 -0.08274667 0.9876887 -0.04235258 -0.08284243 0.9888522 -0.04446914 -0.08168491 0.986714 -0.04090381 -0.08286967 0.9879971 -0.04282146 -0.08265205 0.9891095 -0.04487251 -0.08203843 0.9870457 -0.04126254 -0.08291842 0.9882947 -0.04329526 -0.08050905 0.986038 -0.04024266 -0.0823314 0.9873712 -0.04166587 -0.08289346 0.9885801 -0.04376154 -0.08097345 0.9863776 -0.04045393 -0.08255746 0.9876887 -0.04210307 -0.08279743 0.9888522 -0.04420816 -0.08139929 0.986714 -0.04073013 -0.08271217 0.9879971 -0.04256246 -0.08263503 0.9891095 -0.04462358 -0.08177647 0.9870457 -0.0410639 -0.08279313 0.9882947 -0.04303183 -0.08018106 0.986038 -0.04015076 -0.08209628 0.9873712 -0.0414463 -0.08280005 0.9885801 -0.04349873 -0.08065881 0.9863776 -0.04032985 -0.08235165 0.9876887 -0.04186704 -0.08273473 0.9888522 -0.04395085 -0.0811025 0.986714 -0.04057634 -0.08253736 0.9879971 -0.04231481 -0.08260104 0.9891095 -0.04437639 -0.08150158 0.9870457 -0.04088359 -0.08265016 0.9882947 -0.04277756 -0.08240481 0.9893509 -0.04476437 -0.07984757 0.986038 -0.04008146 -0.08184674 0.9873712 -0.04124328 -0.08268893 0.9885801 -0.0432429 -0.08033642 0.9863776 -0.04022753 -0.08213023 0.9876887 -0.04164561 -0.08265461 0.9888522 -0.04369842 -0.08079591 0.986714 -0.04044316 -0.08234605 0.9879971 -0.04207966 -0.08255028 0.9891095 -0.04413209 -0.08121502 0.9870457 -0.04072247 -0.08249017 0.9882947 -0.04253364 -0.08238098 0.9893509 -0.04453257 -0.07951013 0.986038 -0.04003508 -0.08158392 0.9873712 -0.04105776 -0.0825606 0.9885801 -0.04299524 -0.0821536 0.9895753 -0.04488954 -0.0800078 0.9863776 -0.04014745 -0.0818942 0.9876887 -0.04143982 -0.08255746 0.9888522 -0.04345205 -0.08048093 0.986714 -0.04033123 -0.08213914 0.9879971 -0.04185812 -0.08248296 0.9891095 -0.04389183 -0.08091814 0.9870457 -0.04058128 -0.08231391 0.9882947 -0.0423012 -0.08234138 0.9893509 -0.04430292 -0.07917031 0.986038 -0.04001183 -0.079 0.9861868 -0.04002135 -0.08130906 0.9873712 -0.04089061 -0.08241568 0.9885801 -0.04275693 -0.08213889 0.9895753 -0.04467458 -0.07967449 0.9863776 -0.04008998 -0.08164469 0.9876887 -0.0412506 -0.08244371 0.9888522 -0.04321288 -0.08015906 0.986714 -0.04024104 -0.08191761 0.9879971 -0.04165122 -0.08239941 0.9891095 -0.04365672 -0.0806123 0.9870457 -0.04046067 -0.0821222 0.9882947 -0.04208134 -0.08228621 0.9893509 -0.04407652 -0.08102343 0.9873712 -0.04074261 -0.08225483 0.9885801 -0.04252906 -0.08210956 0.9895753 -0.04446113 -0.07933804 0.9863776 -0.04005539 -0.079 0.9864304 -0.04005139 -0.08138284 0.9876887 -0.04107885 -0.08231391 0.9888522 -0.04298204 -0.08187668 0.9897816 -0.0448005 -0.07983178 0.986714 -0.04017303 -0.08168246 0.9879971 -0.04145992 -0.0823 0.9891095 -0.04342786 -0.08029896 0.9870457 -0.04036122 -0.08191593 0.9882947 -0.04187507 -0.08221571 0.9893509 -0.0438544 -0.08072836 0.9873712 -0.04061444 -0.0820788 0.9885801 -0.04231269 -0.08206572 0.9895753 -0.04425018 -0.08110989 0.9876887 -0.04092538 -0.08216866 0.9888522 -0.04276058 -0.08185654 0.9897816 -0.04460465 -0.07950063 0.986714 -0.04012751 -0.08143481 0.9879971 -0.0412851 -0.0821852 0.9891095 -0.04320632 -0.08159641 0.9899688 -0.04490857 -0.07997955 0.9870457 -0.04028339 -0.08169607 0.9882947 -0.04168336 -0.08213023 0.9893509 -0.04363762 -0.08042524 0.9873712 -0.04050671 -0.08188843 0.9885801 -0.04210884 -0.08200759 0.9895753 -0.04404271 -0.08082709 0.9876887 -0.04079089 -0.08200864 0.9888522 -0.04254956 -0.08182309 0.9897816 -0.04441063 -0.07916714 0.986714 -0.04010471 -0.079 0.9866722 -0.04009335 -0.079 0.9869116 -0.04014711 -0.08117581 0.9879971 -0.0411276 -0.08205556 0.9891095 -0.04299313 -0.0815843 0.9899688 -0.0447316 -0.07965559 0.9870457 -0.04022753 -0.08146363 0.9882947 -0.0415071 -0.08203014 0.9893509 -0.04342718 -0.08011547 0.9873712 -0.04041992 -0.08168458 0.9885801 -0.04191846 -0.08193544 0.9895753 -0.04383968 -0.08053577 0.9876887 -0.04067601 -0.08183459 0.9888522 -0.04234995 -0.08177647 0.9897816 -0.04421934 -0.08090666 0.9879971 -0.04098814 -0.08191167 0.9891095 -0.04278928 -0.08156014 0.9899688 -0.04455586 -0.07932856 0.9870457 -0.04019391 -0.079 0.9871481 -0.04021257 -0.08121971 0.9882947 -0.04134711 -0.08191593 0.9893509 -0.04322405 -0.08129496 0.9901362 -0.04484029 -0.0798005 0.9873712 -0.04035447 -0.08146822 0.9885801 -0.04174244 -0.08184959 0.9895753 -0.04364206 -0.0802373 0.9876887 -0.04058128 -0.08164732 0.9888522 -0.04216268 -0.08171692 0.9897816 -0.04403168 -0.08062862 0.9879971 -0.04086737 -0.0817542 0.9891095 -0.04259573 -0.08152406 0.9899688 -0.04438218 -0.08096544 0.9882947 -0.04120414 -0.08178812 0.9893509 -0.0430292 -0.0812789 0.9901362 -0.04468404 -0.0794818 0.9873712 -0.04031067 -0.08124034 0.9885801 -0.04158159 -0.08175047 0.9895753 -0.04345076 -0.08099084 0.9902828 -0.04492926 -0.07993306 0.9876887 -0.04050714 -0.08144771 0.9888522 -0.04198863 -0.08164469 0.9897816 -0.04384852 -0.08034299 0.9879971 -0.04076585 -0.08158389 0.9891095 -0.04241338 -0.0814762 0.9899688 -0.04421136 -0.08070201 0.9882947 -0.04107885 -0.08164732 0.9893509 -0.04284351 -0.08125221 0.9901362 -0.04452925 -0.07916085 0.9873712 -0.04028871 -0.079 0.9873812 -0.04028955 -0.079 0.9876102 -0.04037787 -0.08100203 0.9885801 -0.04143667 -0.08163852 0.9895753 -0.04326666 -0.08098156 0.9902828 -0.04479356 -0.07962447 0.9876887 -0.04045393 -0.08123669 0.9888522 -0.04182861 -0.08156013 0.9897816 -0.04367072 -0.0800511 0.9879971 -0.04068407 -0.08140154 0.9891095 -0.04224307 -0.08141679 0.9899688 -0.04404421 -0.08043064 0.9882947 -0.04097184 -0.08149417 0.9893509 -0.04266788 -0.08121502 0.9901362 -0.04437665 -0.08075437 0.9885801 -0.04130835 -0.08151427 0.9895753 -0.04309064 -0.08096304 0.9902828 -0.04465881 -0.07931297 0.9876887 -0.04042191 -0.079 0.9878345 -0.04047733 -0.08101524 0.9888522 -0.04168336 -0.08146363 0.9897816 -0.0434991 -0.08067049 0.990408 -0.04488301 -0.0797543 0.9879971 -0.04062239 -0.08120798 0.9891095 -0.0420856 -0.08134612 0.9899688 -0.04388151 -0.0801526 0.9882947 -0.04088359 -0.08132939 0.9893509 -0.0425031 -0.0811675 0.9901362 -0.04422694 -0.08049854 0.9885801 -0.04119722 -0.0813783 0.9895753 -0.0429235 -0.08093536 0.9902828 -0.04452563 -0.08078439 0.9888522 -0.04155356 -0.08135565 0.9897816 -0.04333447 -0.08065881 0.990408 -0.04476927 -0.07945399 0.9879971 -0.04058112 -0.08100414 0.9891095 -0.04194171 -0.0812645 0.9899688 -0.043724 -0.0803482 0.9905113 -0.04495121 -0.07986919 0.9882947 -0.04081453 -0.08115376 0.9893509 -0.04234995 -0.08110989 0.9901362 -0.04408082 -0.08023573 0.9885801 -0.04110382 -0.08123123 0.9895753 -0.04276604 -0.08089867 0.9902828 -0.04439466 -0.08054522 0.9888522 -0.04143982 -0.08123669 0.9897816 -0.04317759 -0.08063937 0.990408 -0.0446566 -0.07915157 0.9879971 -0.04056043 -0.079 0.9880537 -0.04058767 -0.08079095 0.9891095 -0.04181207 -0.08117233 0.9899688 -0.04357244 -0.08034191 0.9905113 -0.04485932 -0.07958172 0.9882947 -0.04076497 -0.08096808 0.9893509 -0.04220914 -0.08104243 0.9901362 -0.04393897 -0.07996715 0.9885801 -0.04102856 -0.08107377 0.9895753 -0.04261897 -0.08085312 0.9902828 -0.04426649 -0.08029885 0.9888522 -0.04134266 -0.08110729 0.9897816 -0.0430292 -0.0806123 0.990408 -0.04454552 -0.08056941 0.9891095 -0.04169727 -0.08107004 0.9899688 -0.04342751 -0.08032937 0.9905113 -0.04476806 -0.07929153 0.9882947 -0.04073513 -0.079 0.9882673 -0.04070863 -0.079 0.9884746 -0.04083992 -0.08077322 0.9893509 -0.04208134 -0.08096544 0.9901362 -0.04380206 -0.08001491 0.9905922 -0.04492785 -0.07969406 0.9885801 -0.04097182 -0.08090663 0.9895753 -0.042483 -0.08079893 0.9902828 -0.04414174 -0.08004642 0.9888522 -0.04126254 -0.08096808 0.9897816 -0.04288998 -0.08057772 0.990408 -0.04443655 -0.08034055 0.9891095 -0.04159787 -0.08095808 0.9899688 -0.04328991 -0.08031063 0.9905113 -0.04467788 -0.08057009 0.9893509 -0.04196712 -0.0808793 0.9901362 -0.04367072 -0.0800078 0.9905922 -0.04485875 -0.07941773 0.9885801 -0.04093384 -0.08073061 0.9895753 -0.04235875 -0.08073635 0.9902828 -0.04402097 -0.07968044 0.9906501 -0.04497403 -0.07978912 0.9888522 -0.04119984 -0.08081968 0.9897816 -0.04276058 -0.08053577 0.990408 -0.04433019 -0.08010545 0.9891095 -0.04151431 -0.08083701 0.9899688 -0.04316026 -0.08028577 0.9905113 -0.04458918 -0.08035965 0.9893509 -0.04186704 -0.08078439 0.9901362 -0.04354556 -0.079996 0.9905922 -0.0447903 -0.07913946 0.9885801 -0.0409148 -0.079 0.9886752 -0.04098123 -0.08054652 0.9895753 -0.0422468 -0.08066568 0.9902828 -0.04390475 -0.07967726 0.9906501 -0.04492765 -0.07952813 0.9888522 -0.04115484 -0.0806628 0.9897816 -0.04264162 -0.08048667 0.990408 -0.04422694 -0.07986518 0.9891095 -0.04144699 -0.08070736 0.9899688 -0.04303918 -0.08025493 0.9905113 -0.04450239 -0.08014287 0.9893509 -0.04178156 -0.08068116 0.9901362 -0.04342718 -0.07997955 0.9905922 -0.04472281 -0.08035521 0.9895753 -0.04214767 -0.08058724 0.9902828 -0.04379363 -0.07967094 0.9906501 -0.04488159 -0.07926468 0.9888522 -0.04112775 -0.079 0.9888687 -0.04113222 -0.079 0.9890545 -0.04129251 -0.08049817 0.9897816 -0.04253364 -0.08043064 0.990408 -0.04412728 -0.07934042 0.9906851 -0.04497398 -0.07962088 0.9891095 -0.04139622 -0.08056976 0.9899688 -0.04292723 -0.08021823 0.9905113 -0.0444179 -0.07992075 0.9893509 -0.04171106 -0.08057009 0.9901362 -0.04331611 -0.07995854 0.9905922 -0.0446566 -0.08015759 0.9895753 -0.04206183 -0.0805014 0.9902828 -0.04368812 -0.07966148 0.9906501 -0.04483607 -0.08032655 0.9897816 -0.04243714 -0.08036794 0.990408 -0.04403168 -0.07933804 0.9906851 -0.04495081 -0.0793737 0.9891095 -0.04136225 -0.08042484 0.9899688 -0.04282494 -0.08017586 0.9905113 -0.04433612 -0.07969435 0.9893509 -0.04165589 -0.08045171 0.9901362 -0.04321288 -0.07993306 0.9905922 -0.04459198 -0.07995457 0.9895753 -0.04198968 -0.08040856 0.9902828 -0.04358871 -0.07964893 0.9906501 -0.04479131 -0.08014875 0.9897816 -0.04235258 -0.08029885 0.990408 -0.04394058 -0.07933408 0.9906851 -0.04492785 -0.07912476 0.9891095 -0.04134522 -0.079 0.9892322 -0.04146174 -0.08027327 0.9899688 -0.04273277 -0.080128 0.9905113 -0.04425742 -0.07946471 0.9893509 -0.04161629 -0.08032655 0.9901362 -0.04311797 -0.07990323 0.9905922 -0.04452925 -0.07974709 0.9895753 -0.04193155 -0.08030915 0.9902828 -0.04349587 -0.07963336 0.9906501 -0.04474751 -0.07996559 0.9897816 -0.04228035 -0.08022371 0.990408 -0.0438544 -0.07932856 0.9906851 -0.04490521 -0.08011576 0.9899688 -0.04265115 -0.08007487 0.9905113 -0.04418217 -0.07923289 0.9893509 -0.04159246 -0.079 0.9894015 -0.04163948 -0.08019521 0.9901362 -0.04303183 -0.07986919 0.9905922 -0.04446871 -0.07953614 0.9895753 -0.04188771 -0.08020364 0.9902828 -0.04341003 -0.07961485 0.9906501 -0.04470486 -0.07977793 0.9897816 -0.04222079 -0.08014287 0.990408 -0.04377356 -0.07932151 0.9906851 -0.04488301 -0.07995306 0.9899688 -0.04258048 -0.08001675 0.9905113 -0.04411071 -0.0800583 0.9901362 -0.04295485 -0.07983109 0.9905922 -0.04441063 -0.07932269 0.9895753 -0.04185838 -0.08009252 0.9902828 -0.04333159 -0.07959345 0.9906501 -0.04466359 -0.07958665 0.9897816 -0.04217418 -0.08005669 0.990408 -0.04369842 -0.07931297 0.9906851 -0.04486133 -0.07978591 0.9899688 -0.04252108 -0.07995387 0.9905113 -0.0440434 -0.07991645 0.9901362 -0.04288739 -0.07978912 0.9905922 -0.04435528 -0.07910773 0.9895753 -0.04184367 -0.079 0.9895618 -0.04182531 -0.079 0.9897128 -0.04201878 -0.0799763 0.9902828 -0.04326092 -0.0795693 0.9906501 -0.04462387 -0.07939262 0.9897816 -0.04214072 -0.07996559 0.990408 -0.04362934 -0.07930296 0.9906851 -0.04484029 -0.0796151 0.9899688 -0.04247322 -0.07988656 0.9905113 -0.04398052 -0.07977033 0.9901362 -0.04282977 -0.07974346 0.9905922 -0.04430292 -0.07985553 0.9902828 -0.04319834 -0.07954249 0.9906501 -0.04458589 -0.07919677 0.9897816 -0.04212059 -0.079 0.9898541 -0.04221942 -0.07986999 0.990408 -0.04356663 -0.07929153 0.9906851 -0.04481998 -0.07944141 0.9899688 -0.04243713 -0.0798151 0.9905113 -0.04392239 -0.07962062 0.9901362 -0.04278225 -0.07969435 0.9905922 -0.04425381 -0.07973077 0.9902828 -0.04314415 -0.07951315 0.9906501 -0.04454982 -0.07977033 0.990408 -0.0435106 -0.07927876 0.9906851 -0.0448005 -0.07926567 0.9899688 -0.04241297 -0.07973985 0.9905113 -0.04386927 -0.07946802 0.9901362 -0.04274506 -0.07964199 0.9905922 -0.04420816 -0.07960261 0.9902828 -0.0430986 -0.07948142 0.9906501 -0.04451585 -0.07966708 0.990408 -0.04346149 -0.07926468 0.9906851 -0.04478194 -0.0790887 0.9899688 -0.04240086 -0.079 0.9899854 -0.04242676 -0.079 0.9901063 -0.04264029 -0.07966115 0.9905113 -0.04382141 -0.07931322 0.9901362 -0.04271837 -0.07958665 0.9905922 -0.04416618 -0.07947163 0.9902828 -0.0430619 -0.07944745 0.9906501 -0.04448412 -0.07956072 0.990408 -0.04341955 -0.07924937 0.9906851 -0.04476437 -0.07957937 0.9905113 -0.04377904 -0.07915698 0.9901362 -0.04270231 -0.079 0.9902167 -0.0428595 -0.07952856 0.9905922 -0.04412809 -0.07933846 0.9902828 -0.04303423 -0.07941138 0.9906501 -0.04445478 -0.07945174 0.990408 -0.04338496 -0.07923289 0.9906851 -0.0447479 -0.07949488 0.9905113 -0.04374234 -0.07946802 0.9905922 -0.04409404 -0.07920371 0.9902828 -0.04301571 -0.07937341 0.9906501 -0.04442797 -0.07934067 0.990408 -0.04335789 -0.07921533 0.9906851 -0.04473259 -0.07940809 0.9905113 -0.04371149 -0.07940529 0.9905922 -0.04406421 -0.07906801 0.9902828 -0.04300643 -0.079 0.9903161 -0.04308385 -0.07933369 0.9906501 -0.04440382 -0.079228 0.990408 -0.04333847 -0.07919677 0.9906851 -0.04471851 -0.07931939 0.9905113 -0.04368664 -0.07934067 0.9905922 -0.04403873 -0.0792924 0.9906501 -0.04438243 -0.07911427 0.990408 -0.04332677 -0.079 0.9904045 -0.04331282 -0.079 0.9904814 -0.04354585 -0.07917729 0.9906851 -0.04470573 -0.07922921 0.9905113 -0.0436679 -0.07927446 0.9905922 -0.04401772 -0.07924976 0.9906501 -0.04436391 -0.07915698 0.9906851 -0.04469431 -0.07913795 0.9905113 -0.04365536 -0.07920697 0.9905922 -0.04400127 -0.07920596 0.9906501 -0.04434834 -0.07913594 0.9906851 -0.04468431 -0.07904606 0.9905113 -0.04364907 -0.079 0.9905469 -0.04378237 -0.07913852 0.9905922 -0.04398946 -0.07916119 0.9906501 -0.0443358 -0.07911427 0.9906851 -0.04467576 -0.07906942 0.9905922 -0.04398236 -0.079 0.9906006 -0.04402182 -0.079 0.9906426 -0.04426362 -0.07911568 0.9906501 -0.04432634 -0.07909206 0.9906851 -0.04466871 -0.07906963 0.9906501 -0.04432001 -0.07906942 0.9906851 -0.0446632 -0.07902325 0.9906501 -0.04431683 -0.079 0.9906727 -0.04450719 -0.07904646 0.9906851 -0.04465924 -0.07902328 0.9906851 -0.04465685 -0.079 0.9906907 -0.04475193 0.08399398 0.9856967 -0.04475193 0.08397592 0.9856967 -0.04450719 0.08394588 0.9856967 -0.04426362 0.08390392 0.9856967 -0.04402182 0.08385016 0.9856967 -0.04378237 0.0837847 0.9856967 -0.04354585 0.08370772 0.9856967 -0.04331282 0.0836194 0.9856967 -0.04308385 0.08351994 0.9856967 -0.0428595 0.08340961 0.9856967 -0.04264029 0.08328864 0.9856967 -0.04242676 0.08315735 0.9856967 -0.04221942 0.08301604 0.9856967 -0.04201878 0.08286505 0.9856967 -0.04182531 0.08270476 0.9856967 -0.04163948 0.08253554 0.9856967 -0.04146174 0.0823578 0.9856967 -0.04129251 0.08217197 0.9856967 -0.04113222 0.08197849 0.9856967 -0.04098123 0.08177785 0.9856967 -0.04083992 0.08157051 0.9856967 -0.04070863 0.08135699 0.9856967 -0.04058767 0.08113778 0.9856967 -0.04047733 0.08091341 0.9856967 -0.04037787 0.08068445 0.9856967 -0.04028955 0.08045142 0.9856967 -0.04021257 0.0802149 0.9856967 -0.04014711 0.07997545 0.9856967 -0.04009335 0.07973365 0.9856967 -0.04005139 0.07949009 0.9856967 -0.04002135 0.07924534 0.9856967 -0.04000329 0.079 0.9906907 -0.04475193 0.079 0.9906727 -0.04450719 0.079 0.9906426 -0.04426362 0.079 0.9906006 -0.04402182 0.079 0.9905469 -0.04378237 0.079 0.9904814 -0.04354585 0.079 0.9904045 -0.04331282 0.079 0.9903161 -0.04308385 0.079 0.9902167 -0.0428595 0.079 0.9901063 -0.04264029 0.079 0.9899854 -0.04242676 0.079 0.9898541 -0.04221942 0.079 0.9897128 -0.04201878 0.079 0.9895618 -0.04182531 0.079 0.9894015 -0.04163948 0.079 0.9892322 -0.04146174 0.079 0.9890545 -0.04129251 0.079 0.9888687 -0.04113222 0.079 0.9886752 -0.04098123 0.079 0.9884746 -0.04083992 0.079 0.9882673 -0.04070863 0.079 0.9880537 -0.04058767 0.079 0.9878345 -0.04047733 0.079 0.9876102 -0.04037787 0.079 0.9873812 -0.04028955 0.079 0.9871481 -0.04021257 0.079 0.9869116 -0.04014711 0.079 0.9866722 -0.04009335 0.079 0.9864304 -0.04005139 0.079 0.9861868 -0.04002135 0.079 0.9859421 -0.04000329 0.07917031 0.986038 -0.04001183 0.07951013 0.986038 -0.04003508 0.07984757 0.986038 -0.04008146 0.07933804 0.9863776 -0.04005539 0.08018106 0.986038 -0.04015076 0.07967449 0.9863776 -0.04008998 0.07916714 0.986714 -0.04010471 0.08050905 0.986038 -0.04024266 0.0800078 0.9863776 -0.04014745 0.07950063 0.986714 -0.04012751 0.08082999 0.986038 -0.04035672 0.08033642 0.9863776 -0.04022753 0.07983178 0.986714 -0.04017303 0.07932856 0.9870457 -0.04019391 0.08114241 0.986038 -0.04049242 0.08065881 0.9863776 -0.04032985 0.08015906 0.986714 -0.04024104 0.07965559 0.9870457 -0.04022753 0.08144484 0.986038 -0.04064913 0.07916085 0.9873712 -0.04028871 0.08097345 0.9863776 -0.04045393 0.08048093 0.986714 -0.04033123 0.07997955 0.9870457 -0.04028339 0.08173586 0.986038 -0.04082611 0.0794818 0.9873712 -0.04031067 0.0812789 0.9863776 -0.04059919 0.08079591 0.986714 -0.04044316 0.08029896 0.9870457 -0.04036122 0.08201414 0.986038 -0.04102253 0.0798005 0.9873712 -0.04035447 0.08157372 0.9863776 -0.04076497 0.07931297 0.9876887 -0.04042191 0.0811025 0.986714 -0.04057634 0.0806123 0.9870457 -0.04046067 0.08227836 0.986038 -0.04123749 0.08011547 0.9873712 -0.04041992 0.08185654 0.9863776 -0.04095047 0.07962447 0.9876887 -0.04045393 0.08139929 0.986714 -0.04073013 0.07915157 0.9879971 -0.04056043 0.08091814 0.9870457 -0.04058128 0.08252729 0.986038 -0.04146998 0.08042524 0.9873712 -0.04050671 0.08212605 0.9863776 -0.04115484 0.07993306 0.9876887 -0.04050714 0.08168491 0.986714 -0.04090381 0.07945399 0.9879971 -0.04058112 0.08121502 0.9870457 -0.04072247 0.08275978 0.986038 -0.04171891 0.08072836 0.9873712 -0.04061444 0.08238098 0.9863776 -0.04137712 0.0802373 0.9876887 -0.04058128 0.08195799 0.986714 -0.04109657 0.0797543 0.9879971 -0.04062239 0.08150158 0.9870457 -0.04088359 0.07929153 0.9882947 -0.04073513 0.08297474 0.986038 -0.04198313 0.08102343 0.9873712 -0.04074261 0.08262015 0.9863776 -0.04161629 0.08053577 0.9876887 -0.04067601 0.08221729 0.986714 -0.04130753 0.0800511 0.9879971 -0.04068407 0.08177647 0.9870457 -0.0410639 0.07958172 0.9882947 -0.04076497 0.08317117 0.986038 -0.04226141 0.08130906 0.9873712 -0.04089061 0.07913946 0.9885801 -0.0409148 0.08284243 0.9863776 -0.04187122 0.08082709 0.9876887 -0.04079089 0.08246159 0.986714 -0.04153569 0.08034299 0.9879971 -0.04076585 0.08203843 0.9870457 -0.04126254 0.07986919 0.9882947 -0.04081453 0.08334814 0.986038 -0.04255243 0.08158392 0.9873712 -0.04105776 0.07941773 0.9885801 -0.04093384 0.08304681 0.9863776 -0.04214072 0.08110989 0.9876887 -0.04092538 0.08268974 0.986714 -0.04177998 0.08062862 0.9879971 -0.04086737 0.08228621 0.9870457 -0.0414786 0.0801526 0.9882947 -0.04088359 0.08350484 0.986038 -0.04285486 0.08184674 0.9873712 -0.04124328 0.07969406 0.9885801 -0.04097182 0.08323231 0.9863776 -0.04242355 0.08138284 0.9876887 -0.04107885 0.07926468 0.9888522 -0.04112775 0.0829007 0.986714 -0.04203928 0.08090666 0.9879971 -0.04098814 0.08251867 0.9870457 -0.04171106 0.08043064 0.9882947 -0.04097184 0.08364055 0.986038 -0.04316727 0.08209628 0.9873712 -0.0414463 0.07996715 0.9885801 -0.04102856 0.08339808 0.9863776 -0.04271837 0.08164469 0.9876887 -0.0412506 0.07952813 0.9888522 -0.04115484 0.08309346 0.986714 -0.04231237 0.08117581 0.9879971 -0.0411276 0.07912476 0.9891095 -0.04134522 0.08273473 0.9870457 -0.04195884 0.08070201 0.9882947 -0.04107885 0.08375462 0.986038 -0.04348822 0.0823314 0.9873712 -0.04166587 0.08023573 0.9885801 -0.04110382 0.08354334 0.9863776 -0.04302382 0.0818942 0.9876887 -0.04143982 0.07978912 0.9888522 -0.04119984 0.08326714 0.986714 -0.04259798 0.08143481 0.9879971 -0.0412851 0.0793737 0.9891095 -0.04136225 0.08293337 0.9870457 -0.04222079 0.08096544 0.9882947 -0.04120414 0.08384651 0.986038 -0.04381621 0.08255097 0.9873712 -0.04190099 0.08049854 0.9885801 -0.04119722 0.08366743 0.9863776 -0.04333847 0.08213023 0.9876887 -0.04164561 0.08004642 0.9888522 -0.04126254 0.08342093 0.986714 -0.04289477 0.08168246 0.9879971 -0.04145992 0.07962088 0.9891095 -0.04139622 0.08311368 0.9870457 -0.04249569 0.08121971 0.9882947 -0.04134711 0.07923289 0.9893509 -0.04159246 0.08391581 0.986038 -0.0441497 0.08275399 0.9873712 -0.04215053 0.08075437 0.9885801 -0.04130835 0.08376974 0.9863776 -0.04366085 0.08235165 0.9876887 -0.04186704 0.08029885 0.9888522 -0.04134266 0.08355411 0.986714 -0.04320137 0.08191761 0.9879971 -0.04165122 0.07986518 0.9891095 -0.04144699 0.0832748 0.9870457 -0.04278225 0.08146363 0.9882947 -0.0415071 0.07946471 0.9893509 -0.04161629 0.08396219 0.986038 -0.04448714 0.08293951 0.9873712 -0.04241335 0.08100203 0.9885801 -0.04143667 0.07910773 0.9895753 -0.04184367 0.08384982 0.9863776 -0.04398946 0.08255746 0.9876887 -0.04210307 0.08054522 0.9888522 -0.04143982 0.08366605 0.986714 -0.04351633 0.08213914 0.9879971 -0.04185812 0.08010545 0.9891095 -0.04151431 0.08341599 0.9870457 -0.04307914 0.08169607 0.9882947 -0.04168336 0.07969435 0.9893509 -0.04165589 0.08398544 0.986038 -0.04482696 0.08310666 0.9873712 -0.04268821 0.08124034 0.9885801 -0.04158159 0.07932269 0.9895753 -0.04185838 0.0839073 0.9863776 -0.04432278 0.08274667 0.9876887 -0.04235258 0.08078439 0.9888522 -0.04155356 0.08375623 0.986714 -0.04383821 0.08234605 0.9879971 -0.04207966 0.08034055 0.9891095 -0.04159787 0.0835366 0.9870457 -0.04338496 0.08191593 0.9882947 -0.04187507 0.07992075 0.9893509 -0.04171106 0.08325466 0.9873712 -0.04297384 0.08146822 0.9885801 -0.04174244 0.07953614 0.9895753 -0.04188771 0.08394188 0.9863776 -0.04465924 0.08291842 0.9876887 -0.04261443 0.08101524 0.9888522 -0.04168336 0.07919677 0.9897816 -0.04212059 0.08382424 0.986714 -0.04416549 0.08253736 0.9879971 -0.04231481 0.08056941 0.9891095 -0.04169727 0.08363605 0.9870457 -0.04369831 0.0821222 0.9882947 -0.04208134 0.08014287 0.9893509 -0.04178156 0.08338283 0.9873712 -0.04326891 0.08168458 0.9885801 -0.04191846 0.07974709 0.9895753 -0.04193155 0.08307189 0.9876887 -0.04288739 0.08123669 0.9888522 -0.04182861 0.07939262 0.9897816 -0.04214072 0.08386976 0.986714 -0.04449664 0.08271217 0.9879971 -0.04256246 0.08079095 0.9891095 -0.04181207 0.0790887 0.9899688 -0.04240086 0.08371388 0.9870457 -0.04401772 0.08231391 0.9882947 -0.0423012 0.08035965 0.9893509 -0.04186704 0.08349055 0.9873712 -0.04357203 0.08188843 0.9885801 -0.04210884 0.07995457 0.9895753 -0.04198968 0.08320638 0.9876887 -0.04317018 0.08144771 0.9888522 -0.04198863 0.07958665 0.9897816 -0.04217418 0.08389256 0.986714 -0.04483014 0.08286967 0.9879971 -0.04282146 0.08100414 0.9891095 -0.04194171 0.07926567 0.9899688 -0.04241297 0.08376974 0.9870457 -0.04434169 0.08249017 0.9882947 -0.04253364 0.08057009 0.9893509 -0.04196712 0.08357735 0.9873712 -0.0438818 0.0820788 0.9885801 -0.04231269 0.08015759 0.9895753 -0.04206183 0.08332126 0.9876887 -0.04346149 0.08164732 0.9888522 -0.04216268 0.07977793 0.9897816 -0.04222079 0.08300913 0.9879971 -0.04309061 0.08120798 0.9891095 -0.0420856 0.07944141 0.9899688 -0.04243713 0.08380336 0.9870457 -0.04466871 0.08265016 0.9882947 -0.04277756 0.08077322 0.9893509 -0.04208134 0.07915698 0.9901362 -0.04270231 0.0836428 0.9873712 -0.04419677 0.08225483 0.9885801 -0.04252906 0.08035521 0.9895753 -0.04214767 0.08341599 0.9876887 -0.04375997 0.08183459 0.9888522 -0.04234995 0.07996559 0.9897816 -0.04228035 0.08312991 0.9879971 -0.04336865 0.08140154 0.9891095 -0.04224307 0.0796151 0.9899688 -0.04247322 0.08279313 0.9882947 -0.04303183 0.08096808 0.9893509 -0.04220914 0.07931322 0.9901362 -0.04271837 0.08368661 0.9873712 -0.04451547 0.08241568 0.9885801 -0.04275693 0.08054652 0.9895753 -0.0422468 0.07906801 0.9902828 -0.04300643 0.08349014 0.9876887 -0.04406421 0.08200864 0.9888522 -0.04254956 0.08014875 0.9897816 -0.04235258 0.08323141 0.9879971 -0.04365428 0.08158389 0.9891095 -0.04241338 0.07978591 0.9899688 -0.04252108 0.08291842 0.9882947 -0.04329526 0.08115376 0.9893509 -0.04234995 0.07946802 0.9901362 -0.04274506 0.08370856 0.9873712 -0.04483642 0.0825606 0.9885801 -0.04299524 0.08073061 0.9895753 -0.04235875 0.07920371 0.9902828 -0.04301571 0.08354334 0.9876887 -0.0443728 0.08216866 0.9888522 -0.04276058 0.08032655 0.9897816 -0.04243714 0.0833132 0.9879971 -0.04394617 0.0817542 0.9891095 -0.04259573 0.07995306 0.9899688 -0.04258048 0.08302543 0.9882947 -0.04356663 0.08132939 0.9893509 -0.0425031 0.07962062 0.9901362 -0.04278225 0.08268893 0.9885801 -0.0432429 0.08090663 0.9895753 -0.042483 0.07933846 0.9902828 -0.04303423 0.08357536 0.9876887 -0.04468431 0.08231391 0.9888522 -0.04298204 0.08049817 0.9897816 -0.04253364 0.07911427 0.990408 -0.04332677 0.08337488 0.9879971 -0.04424297 0.08191167 0.9891095 -0.04278928 0.08011576 0.9899688 -0.04265115 0.08311368 0.9882947 -0.04384467 0.08149417 0.9893509 -0.04266788 0.07977033 0.9901362 -0.04282977 0.08280005 0.9885801 -0.04349873 0.08107377 0.9895753 -0.04261897 0.07947163 0.9902828 -0.0430619 0.08244371 0.9888522 -0.04321288 0.0806628 0.9897816 -0.04264162 0.079228 0.990408 -0.04333847 0.08341615 0.9879971 -0.04454328 0.08205556 0.9891095 -0.04299313 0.08027327 0.9899688 -0.04273277 0.07904606 0.9905113 -0.04364907 0.08318274 0.9882947 -0.04412809 0.08164732 0.9893509 -0.04284351 0.07991645 0.9901362 -0.04288739 0.08289346 0.9885801 -0.04376154 0.08123123 0.9895753 -0.04276604 0.07960261 0.9902828 -0.0430986 0.08255746 0.9888522 -0.04345205 0.08081968 0.9897816 -0.04276058 0.07934067 0.990408 -0.04335789 0.08343684 0.9879971 -0.0448457 0.0821852 0.9891095 -0.04320632 0.08042484 0.9899688 -0.04282494 0.07913795 0.9905113 -0.04365536 0.08323231 0.9882947 -0.04441555 0.08178812 0.9893509 -0.0430292 0.0800583 0.9901362 -0.04295485 0.0829687 0.9885801 -0.04403012 0.0813783 0.9895753 -0.0429235 0.07973077 0.9902828 -0.04314415 0.08265461 0.9888522 -0.04369842 0.08096808 0.9897816 -0.04288998 0.07945174 0.990408 -0.04338496 0.0823 0.9891095 -0.04342786 0.08056976 0.9899688 -0.04292723 0.07922921 0.9905113 -0.0436679 0.08326214 0.9882947 -0.04470573 0.08191593 0.9893509 -0.04322405 0.08019521 0.9901362 -0.04303183 0.07906942 0.9905922 -0.04398236 0.08302545 0.9885801 -0.04430321 0.08151427 0.9895753 -0.04309064 0.07985553 0.9902828 -0.04319834 0.08273473 0.9888522 -0.04395085 0.08110729 0.9897816 -0.0430292 0.07956072 0.990408 -0.04341955 0.08239941 0.9891095 -0.04365672 0.08070736 0.9899688 -0.04303918 0.07931939 0.9905113 -0.04368664 0.08203014 0.9893509 -0.04342718 0.08032655 0.9901362 -0.04311797 0.07913852 0.9905922 -0.04398946 0.08306343 0.9885801 -0.04457954 0.08163852 0.9895753 -0.04326666 0.0799763 0.9902828 -0.04326092 0.07902325 0.9906501 -0.04431683 0.08279743 0.9888522 -0.04420816 0.08123669 0.9897816 -0.04317759 0.07966708 0.990408 -0.04346149 0.08248296 0.9891095 -0.04389183 0.08083701 0.9899688 -0.04316026 0.07940809 0.9905113 -0.04371149 0.08213023 0.9893509 -0.04363762 0.08045171 0.9901362 -0.04321288 0.07920697 0.9905922 -0.04400127 0.08308247 0.9885801 -0.04485781 0.08175047 0.9895753 -0.04345076 0.08009252 0.9902828 -0.04333159 0.07906963 0.9906501 -0.04432001 0.08284243 0.9888522 -0.04446914 0.08135565 0.9897816 -0.04333447 0.07977033 0.990408 -0.0435106 0.08255028 0.9891095 -0.04413209 0.08095808 0.9899688 -0.04328991 0.07949488 0.9905113 -0.04374234 0.08221571 0.9893509 -0.0438544 0.08057009 0.9901362 -0.04331611 0.07927446 0.9905922 -0.04401772 0.08184959 0.9895753 -0.04364206 0.08020364 0.9902828 -0.04341003 0.07911568 0.9906501 -0.04432634 0.08286951 0.9888522 -0.04473259 0.08146363 0.9897816 -0.0434991 0.07986999 0.990408 -0.04356663 0.07902328 0.9906851 -0.04465685 0.08260104 0.9891095 -0.04437639 0.08107004 0.9899688 -0.04342751 0.07957937 0.9905113 -0.04377904 0.08228621 0.9893509 -0.04407652 0.08068116 0.9901362 -0.04342718 0.07934067 0.9905922 -0.04403873 0.08193544 0.9895753 -0.04383968 0.08030915 0.9902828 -0.04349587 0.07916119 0.9906501 -0.0443358 0.08156013 0.9897816 -0.04367072 0.07996559 0.990408 -0.04362934 0.07904646 0.9906851 -0.04465924 0.08263503 0.9891095 -0.04462358 0.08117233 0.9899688 -0.04357244 0.07966115 0.9905113 -0.04382141 0.08234138 0.9893509 -0.04430292 0.08078439 0.9901362 -0.04354556 0.07940529 0.9905922 -0.04406421 0.08200759 0.9895753 -0.04404271 0.08040856 0.9902828 -0.04358871 0.07920596 0.9906501 -0.04434834 0.08164469 0.9897816 -0.04384852 0.08005669 0.990408 -0.04369842 0.07906942 0.9906851 -0.0446632 0.08265205 0.9891095 -0.04487251 0.0812645 0.9899688 -0.043724 0.07973985 0.9905113 -0.04386927 0.08238098 0.9893509 -0.04453257 0.0808793 0.9901362 -0.04367072 0.07946802 0.9905922 -0.04409404 0.08206572 0.9895753 -0.04425018 0.0805014 0.9902828 -0.04368812 0.07924976 0.9906501 -0.04436391 0.08171692 0.9897816 -0.04403168 0.08014287 0.990408 -0.04377356 0.07909206 0.9906851 -0.04466871 0.08134612 0.9899688 -0.04388151 0.0798151 0.9905113 -0.04392239 0.08240481 0.9893509 -0.04476437 0.08096544 0.9901362 -0.04380206 0.07952856 0.9905922 -0.04412809 0.08210956 0.9895753 -0.04446113 0.08058724 0.9902828 -0.04379363 0.0792924 0.9906501 -0.04438243 0.08177647 0.9897816 -0.04421934 0.08022371 0.990408 -0.0438544 0.07911427 0.9906851 -0.04467576 0.08141679 0.9899688 -0.04404421 0.07988656 0.9905113 -0.04398052 0.08104243 0.9901362 -0.04393897 0.07958665 0.9905922 -0.04416618 0.08213889 0.9895753 -0.04467458 0.08066568 0.9902828 -0.04390475 0.07933369 0.9906501 -0.04440382 0.08182309 0.9897816 -0.04441063 0.08029885 0.990408 -0.04394058 0.07913594 0.9906851 -0.04468431 0.0814762 0.9899688 -0.04421136 0.07995387 0.9905113 -0.0440434 0.08110989 0.9901362 -0.04408082 0.07964199 0.9905922 -0.04420816 0.0821536 0.9895753 -0.04488954 0.08073635 0.9902828 -0.04402097 0.07937341 0.9906501 -0.04442797 0.08185654 0.9897816 -0.04460465 0.08036794 0.990408 -0.04403168 0.07915698 0.9906851 -0.04469431 0.08152406 0.9899688 -0.04438218 0.08001675 0.9905113 -0.04411071 0.0811675 0.9901362 -0.04422694 0.07969435 0.9905922 -0.04425381 0.08079893 0.9902828 -0.04414174 0.07941138 0.9906501 -0.04445478 0.08187668 0.9897816 -0.0448005 0.08043064 0.990408 -0.04412728 0.07917729 0.9906851 -0.04470573 0.08156014 0.9899688 -0.04455586 0.08007487 0.9905113 -0.04418217 0.08121502 0.9901362 -0.04437665 0.07974346 0.9905922 -0.04430292 0.08085312 0.9902828 -0.04426649 0.07944745 0.9906501 -0.04448412 0.08048667 0.990408 -0.04422694 0.07919677 0.9906851 -0.04471851 0.0815843 0.9899688 -0.0447316 0.080128 0.9905113 -0.04425742 0.08125221 0.9901362 -0.04452925 0.07978912 0.9905922 -0.04435528 0.08089867 0.9902828 -0.04439466 0.07948142 0.9906501 -0.04451585 0.08053577 0.990408 -0.04433019 0.07921533 0.9906851 -0.04473259 0.08159641 0.9899688 -0.04490857 0.08017586 0.9905113 -0.04433612 0.0812789 0.9901362 -0.04468404 0.07983109 0.9905922 -0.04441063 0.08093536 0.9902828 -0.04452563 0.07951315 0.9906501 -0.04454982 0.08057772 0.990408 -0.04443655 0.07923289 0.9906851 -0.0447479 0.08021823 0.9905113 -0.0444179 0.08129496 0.9901362 -0.04484029 0.07986919 0.9905922 -0.04446871 0.08096304 0.9902828 -0.04465881 0.07954249 0.9906501 -0.04458589 0.0806123 0.990408 -0.04454552 0.07924937 0.9906851 -0.04476437 0.08025493 0.9905113 -0.04450239 0.07990323 0.9905922 -0.04452925 0.08098156 0.9902828 -0.04479356 0.0795693 0.9906501 -0.04462387 0.08063937 0.990408 -0.0446566 0.07926468 0.9906851 -0.04478194 0.08028577 0.9905113 -0.04458918 0.07993306 0.9905922 -0.04459198 0.08099084 0.9902828 -0.04492926 0.07959345 0.9906501 -0.04466359 0.08065881 0.990408 -0.04476927 0.07927876 0.9906851 -0.0448005 0.08031063 0.9905113 -0.04467788 0.07995854 0.9905922 -0.0446566 0.07961485 0.9906501 -0.04470486 0.08067049 0.990408 -0.04488301 0.07929153 0.9906851 -0.04481998 0.08032937 0.9905113 -0.04476806 0.07997955 0.9905922 -0.04472281 0.07963336 0.9906501 -0.04474751 0.07930296 0.9906851 -0.04484029 0.08034191 0.9905113 -0.04485932 0.079996 0.9905922 -0.0447903 0.07964893 0.9906501 -0.04479131 0.07931297 0.9906851 -0.04486133 0.0803482 0.9905113 -0.04495121 0.0800078 0.9905922 -0.04485875 0.07966148 0.9906501 -0.04483607 0.07932151 0.9906851 -0.04488301 0.08001491 0.9905922 -0.04492785 0.07967094 0.9906501 -0.04488159 0.07932856 0.9906851 -0.04490521 0.07967726 0.9906501 -0.04492765 0.07933408 0.9906851 -0.04492785 0.07968044 0.9906501 -0.04497403 0.07933804 0.9906851 -0.04495081 0.07934042 0.9906851 -0.04497398 -0.03875285 0.9689203 -0.04099727 -0.03847801 0.9686522 -0.04099727 -0.039014 0.9692018 -0.04099727 -0.03819014 0.9683982 -0.04099727 -0.03926078 0.9694958 -0.04099727 -0.03788997 0.9681588 -0.04099727 -0.0394926 0.9698019 -0.04099727 -0.03757824 0.9679347 -0.04099727 -0.03970888 0.9701191 -0.04099727 -0.03725573 0.9677264 -0.04099727 -0.03990908 0.9704467 -0.04099727 -0.03692324 0.9675344 -0.04099727 -0.04009269 0.9707839 -0.04099727 -0.03658158 0.9673593 -0.04099727 -0.04025928 0.9711298 -0.04099727 -0.03623163 0.9672014 -0.04099727 -0.04040841 0.9714836 -0.04099727 -0.03587424 0.9670611 -0.04099727 -0.04053972 0.9718444 -0.04099727 -0.0355103 0.9669388 -0.04099727 -0.04065289 0.9722112 -0.04099727 -0.03514071 0.9668348 -0.04099727 -0.04074762 0.9725833 -0.04099727 -0.03476641 0.9667494 -0.04099727 -0.0408237 0.9729597 -0.04099727 -0.03438831 0.9666827 -0.04099727 -0.04088092 0.9733393 -0.04099727 -0.03400735 0.966635 -0.04099727 -0.04091915 0.9737213 -0.04099727 -0.03362449 0.9666063 -0.04099727 -0.04093829 0.9741048 -0.04099727 -0.03324068 0.9665967 -0.04099727 -0.04093829 0.9744887 -0.04099727 -0.04091915 0.9748721 -0.04099727 -0.04088092 0.9752542 -0.04099727 -0.0408237 0.9756339 -0.04099727 -0.04074762 0.9760101 -0.04099727 -0.04065289 0.9763822 -0.04099727 -0.04053972 0.9767491 -0.04099727 -0.04040841 0.9771099 -0.04099727 -0.04025928 0.9774636 -0.04099727 -0.04009269 0.9778096 -0.04099727 -0.03990908 0.9781467 -0.04099727 -0.03970888 0.9784744 -0.04099727 -0.0394926 0.9787916 -0.04099727 -0.03926078 0.9790976 -0.04099727 -0.039014 0.9793917 -0.04099727 -0.03875285 0.9796732 -0.04099727 -0.03847801 0.9799412 -0.04099727 -0.03819014 0.9801953 -0.04099727 -0.03788997 0.9804346 -0.04099727 -0.03757824 0.9806588 -0.04099727 -0.03725573 0.9808671 -0.04099727 -0.03692324 0.981059 -0.04099727 -0.03658158 0.9812342 -0.04099727 -0.03623163 0.9813921 -0.04099727 -0.03587424 0.9815323 -0.04099727 -0.0355103 0.9816547 -0.04099727 -0.03514071 0.9817586 -0.04099727 -0.03476641 0.9818441 -0.04099727 -0.03438831 0.9819107 -0.04099727 -0.03400735 0.9819585 -0.04099727 -0.03362449 0.9819872 -0.04099727 -0.03324068 0.9819967 -0.04099727 0.03324068 0.9665967 -0.04099727 0.0336185 0.966606 -0.04099727 0.03399541 0.9666338 -0.04099727 0.03437051 0.9666801 -0.04099727 0.03474287 0.9667447 -0.04099727 0.03511163 0.9668275 -0.04099727 0.03547587 0.9669283 -0.04099727 0.03583473 0.9670468 -0.04099727 0.03618734 0.9671829 -0.04099727 0.03653286 0.967336 -0.04099727 0.03687043 0.9675059 -0.04099727 0.03719927 0.9676922 -0.04099727 0.03751857 0.9678944 -0.04099727 0.03782756 0.9681121 -0.04099727 0.03812551 0.9683445 -0.04099727 0.03841169 0.9685914 -0.04099727 0.0386854 0.968852 -0.04099727 0.038946 0.9691257 -0.04099727 0.03919286 0.9694119 -0.04099727 0.03942538 0.9697098 -0.04099727 0.039643 0.9700189 -0.04099727 0.03984519 0.9703381 -0.04099727 0.04003148 0.970667 -0.04099727 0.0402014 0.9710046 -0.04099727 0.04035455 0.9713501 -0.04099727 0.04049057 0.9717027 -0.04099727 0.04060912 0.9720615 -0.04099727 0.04070992 0.9724258 -0.04099727 0.04079273 0.9727946 -0.04099727 0.04085734 0.9731669 -0.04099727 0.0409036 0.973542 -0.04099727 0.0409314 0.9739189 -0.04099727</float_array>
          <technique_common>
            <accessor count="4453" source="#cubeverts-array0-array" stride="3">
              <param type="float" name="X"/>
              <param type="float" name="Y"/>
              <param type="float" name="Z"/>
            </accessor>
          </technique_common>
        </source>
        <source id="cubenormals-array0">
          <float_array count="26718" id="cubenormals-array0-array">-0.9996987 -0.02454834 -0 -0.9996987 -0.02454834 0 -0.9972904 -0.0735653 0 -0.9972904 -0.0735653 -0 -0.9924803 -0.1224048 0 -0.9924803 -0.1224048 -0 -0.9852793 -0.1709523 0 -0.9852793 -0.1709523 -0 -0.9756975 -0.2191221 0 -0.9756975 -0.2191221 -0 -0.9637762 -0.2667119 0 -0.9495367 -0.3136559 0 -0.9637762 -0.2667119 -0 -0.9495367 -0.3136559 0 -0.9329893 -0.3599042 -0 -0.9329893 -0.3599042 0 -0.914212 -0.4052365 -0 -0.914212 -0.4052365 0 -0.8932289 -0.4496021 -0 -0.8932289 -0.4496021 0 -0.8700618 -0.4929428 -0 -0.8700618 -0.4929428 0 -0.8448811 -0.5349541 -0 -0.8448811 -0.5349541 0 -0.8175516 -0.5758554 -0 -0.8175516 -0.5758554 0 -0.7883768 -0.6151927 -0 -0.7883768 -0.6151927 0 -0.7571607 -0.6532287 -0 -0.7571607 -0.6532287 0 -0.7242783 -0.6895077 -0 -0.7242783 -0.6895077 0 -0.6895695 -0.7242195 -0 -0.6895695 -0.7242195 0 -0.6531225 -0.7572523 -0 -0.6531225 -0.7572523 0 -0.6152757 -0.788312 -0 -0.6152757 -0.788312 0 -0.5757586 -0.8176197 -0 -0.5757586 -0.8176197 0 -0.5350286 -0.844834 0 -0.5350286 -0.844834 -0 -0.4928875 -0.870093 0 -0.4928875 -0.870093 -0 -0.4496102 -0.8932249 0 -0.4496102 -0.8932249 -0 -0.4052017 -0.9142273 0 -0.3599643 -0.9329661 0 -0.4052017 -0.9142273 -0 -0.3599643 -0.9329661 0 -0.3136315 -0.9495447 0 -0.3136315 -0.9495447 -0 -0.2667879 -0.9637552 0 -0.2189927 -0.9757265 0 -0.2667879 -0.9637552 -0 -0.2189927 -0.9757265 0 -0.1710242 -0.9852668 0 -0.1710242 -0.9852668 -0 -0.1224134 -0.9924792 0 -0.07364192 -0.9972848 0 -0.1224134 -0.9924792 -0 -0.07364192 -0.9972848 0 -0.02438619 -0.9997026 0 -0.02438619 -0.9997026 -0 -0.9918742 0.1223451 -0.03488826 -0.9966837 0.07351516 -0.0348885 -0.9995486 0.02453825 -0.01733579 -0.9888383 0.1466844 -0.0261246 -0.9751108 0.2189563 -0.0348862 -0.984679 0.170851 -0.03488688 -0.9981885 0.04903845 -0.03485765 -0.9981886 0.049037 -0.03485714 -0.9489481 0.3134965 -0.03489 -0.9631862 0.2665614 -0.03488981 -0.9697019 0.2428908 -0.02611759 -0.9885758 0.146639 -0.03485666 -0.9885747 0.1466453 -0.03486126 -0.998316 0.02450877 -0.05257801 -0.9966831 0.0735241 -0.03488851 -0.9918759 0.1223312 -0.03488827 -0.9981884 0.04903987 -0.03485714 -0.9136507 0.4050013 -0.03487621 -0.9324337 0.3596541 -0.03487753 -0.9412197 0.3367834 -0.0261232 -0.9694414 0.2428332 -0.03486347 -0.9694434 0.2428261 -0.0348582 -0.9885756 0.1466403 -0.03485667 -0.9846768 0.170864 -0.03488689 -0.9751087 0.2189655 -0.0348862 -0.9885758 0.146639 -0.03485573 -0.9882295 0.1465889 -0.04375247 -0.8695474 0.4926158 -0.03488562 -0.8926815 0.4493358 -0.03488612 -0.9036863 0.427398 -0.02611658 -0.9409688 0.3366936 -0.0348616 -0.9409702 0.3366897 -0.03485861 -0.9631941 0.2665329 -0.03488979 -0.9489452 0.3135056 -0.03488999 -0.9691036 0.2427431 -0.04374821 -0.9694415 0.2428332 -0.03485822 -0.969443 0.2428281 -0.03485437 -0.8574404 0.5139195 -0.02613009 -0.8170799 0.5754671 -0.03489973 -0.8443399 0.5346701 -0.03489905 -0.9034454 0.4272841 -0.03485273 -0.8572121 0.5137827 -0.03485191 -0.9034395 0.4272959 -0.03486222 -0.9324292 0.3596644 -0.03489104 -0.9136537 0.4049934 -0.03489142 -0.9406413 0.3365709 -0.04374819 -0.9034395 0.427296 -0.0348601 -0.9409702 0.3366897 -0.03485939 -0.9409706 0.3366887 -0.03485861 -0.8029292 0.5955012 -0.02613601 -0.7567353 0.6527895 -0.0348934 -0.7878781 0.6148419 -0.03489313 -0.8572094 0.5137876 -0.03484793 -0.8926804 0.4493368 -0.03490088 -0.8695503 0.4926095 -0.03490207 -0.9034354 0.4273053 -0.03485274 -0.9031187 0.4271555 -0.04375893 -0.6891119 0.723815 -0.0348781 -0.7238302 0.689096 -0.03487864 -0.7406891 0.6713396 -0.02612968 -0.8027284 0.5953258 -0.03484628 -0.8027153 0.5953426 -0.03486154 -0.8569184 0.5135918 -0.04375264 -0.8443356 0.5346783 -0.03487899 -0.8171058 0.5754316 -0.03487818 -0.8572089 0.5137873 -0.03486519 -0.8572187 0.5137717 -0.03485193 -0.6713427 0.7406865 -0.02612259 -0.6148546 0.787868 -0.03489806 -0.6527694 0.7567525 -0.03489772 -0.7405 0.6711515 -0.03486206 -0.7404914 0.6711605 -0.03487096 -0.7405007 0.6711521 -0.03483688 -0.802424 0.5951476 -0.04376118 -0.7878421 0.6148881 -0.03489319 -0.7567689 0.6527506 -0.03489346 -0.8027287 0.595326 -0.03483918 -0.8027051 0.595356 -0.03486667 -0.5346968 0.8443236 -0.03488706 -0.5754625 0.8170838 -0.03488703 -0.5954845 0.8029418 -0.02612813 -0.671128 0.7405208 -0.0348725 -0.6711642 0.7404896 -0.03483823 -0.7237735 0.6891555 -0.03487872 -0.6891168 0.7238104 -0.03487811 -0.7405102 0.671141 -0.03484747 -0.7402503 0.6709054 -0.04376358 -0.5139371 0.8574303 -0.02611441 -0.4493015 0.8926985 -0.03489135 -0.492581 0.8695669 -0.03489141 -0.595349 0.8027117 -0.03483666 -0.5953258 0.8027279 -0.03485698 -0.6711282 0.740521 -0.03486606 -0.6528168 0.7567115 -0.03489765 -0.6148365 0.787882 -0.03489804 -0.6711489 0.7405031 -0.03484634 -0.6709141 0.740244 -0.04373972 -0.4274146 0.9036777 -0.02614211 -0.3596668 0.9324282 -0.03489069 -0.4050457 0.9136304 -0.03489066 -0.5138023 0.8572002 -0.03485677 -0.5138 0.8572015 -0.03485873 -0.5953487 0.8027111 -0.03485551 -0.5754545 0.8170893 -0.03488838 -0.5346463 0.8443555 -0.03488826 -0.5953358 0.8027201 -0.03486675 -0.5138023 0.8572003 -0.03485557 -0.5951276 0.8024393 -0.04375212 -0.3367558 0.9412296 -0.0261209 -0.2665617 0.9631858 -0.03490048 -0.3134351 0.9489681 -0.03490045 -0.4273013 0.9034371 -0.03485889 -0.4273009 0.9034373 -0.03485921 -0.492665 0.8695193 -0.03489134 -0.5136266 0.8568985 -0.04373336 -0.4492958 0.8927015 -0.03489135 -0.513806 0.8571979 -0.0348587 -0.24289 0.9697019 -0.02612755 -0.1709301 0.9846651 -0.03489397 -0.2189598 0.9751097 -0.03489385 -0.3366777 0.9409745 -0.03485919 -0.3366659 0.9409784 -0.03486811 -0.4049615 0.9136691 -0.03485646 -0.3596947 0.9324188 -0.03485573 -0.4271512 0.9031218 -0.04373499 -0.4273004 0.9034374 -0.03485889 -0.4273013 0.9034371 -0.0348582 -0.3366777 0.9409745 -0.03485841 -0.02455061 0.9995483 -0.01733278 -0.07351299 0.9966841 -0.0348795 -0.1222764 0.991883 -0.03487959 -0.1466674 0.9888415 -0.02609685 -0.242817 0.9694453 -0.03486841 -0.1466282 0.9885771 -0.03486242 -0.2428253 0.9694434 -0.03486233 -0.3365266 0.9406575 -0.04374111 -0.3135056 0.9489448 -0.03489965 -0.2665914 0.9631776 -0.03489988 -0.3366446 0.9409873 -0.03483285 -0.2428173 0.9694465 -0.03483204 -0.0490173 0.9981894 -0.03485827 -0.1466594 0.9885718 -0.03488513 -0.04909343 0.9981848 -0.03488554 -0.2427726 0.9690953 -0.04376894 -0.21896 0.9751097 -0.03489386 -0.1708084 0.9846862 -0.03489386 -0.2428578 0.9694353 -0.03486227 -0.04904538 0.9981884 -0.03484813 -0.1223447 0.9918746 -0.03487953 -0.07357171 0.9966797 -0.03487955 -0.02447052 0.9983158 -0.05260075 -0.146589 0.98823 -0.04373892 -0.1466596 0.988573 -0.03484838 -0.1466402 0.9885754 -0.03486244 0.02577017 0.9996679 -0 0.02577017 0.9996679 0 0.07854401 0.9969106 -0 0.07854401 0.9969106 0 0.1306866 0.9914238 -0 0.1306866 0.9914238 0 0.1822321 0.9832555 -0 0.1822321 0.9832555 0 0.2331931 0.9724305 -0 0.2331931 0.9724305 0 0.2840675 0.9588043 -0 0.2840675 0.9588043 0 0.3337989 0.9426443 -0 0.3337989 0.9426443 0 0.3828666 0.9238036 -0 0.3828666 0.9238036 0 0.4306955 0.9024972 -0 0.4306955 0.9024972 0 0.4768514 0.8789839 -0 0.4768514 0.8789839 0 0.5226933 0.8525208 -0 0.5226933 0.8525208 0 0.5663628 0.824156 0 0.5663628 0.824156 -0 0.6087021 0.793399 0 0.6087021 0.793399 -0 0.6492991 0.760533 0 0.6492991 0.760533 -0 0.6883826 0.7253478 0 0.6883826 0.7253478 -0 0.7256424 0.6880721 0 0.7256424 0.6880721 -0 0.7603168 0.6495524 0 0.7603168 0.6495524 -0 0.7933618 0.6087503 0 0.7933618 0.6087503 -0 0.8240956 0.5664507 0 0.8240956 0.5664507 -0 0.8525527 0.5226412 -0 0.8525527 0.5226412 0 0.8789278 0.4769548 -0 0.8789278 0.4769548 0 0.9025867 0.4305081 -0 0.9025867 0.4305081 0 0.9238017 0.3828713 -0 0.9238017 0.3828713 0 0.9426955 0.3336541 0 0.9426955 0.3336541 0 0.958788 0.2841223 -0 0.958788 0.2841223 0 0.9723734 0.233431 0 0.9723734 0.233431 0 0.9832657 0.1821771 0 0.9832657 0.1821771 0 0.9914345 0.1306054 -0 0.9914345 0.1306054 0 0.996918 0.07844978 0 0.996918 0.07844978 0 0.9996578 0.02615741 0 0.9996578 0.02615741 0 0.9996578 -0.02615741 0 0.9996578 -0.02615741 0 0.996918 -0.07844978 0 0.996918 -0.07844978 0 0.9914449 -0.1305259 0 0.9914449 -0.1305259 0 0.9832454 -0.1822871 0 0.9832454 -0.1822871 0 0.9723734 -0.233431 0 0.9723734 -0.233431 0 0.9588376 -0.2839552 0 0.9588376 -0.2839552 0 0.9426272 -0.3338471 0 0.9426272 -0.3338471 0 0.9238916 -0.3826543 0 0.9025867 -0.4305081 0 0.9238916 -0.3826543 0 0.8787882 -0.4772121 0 0.9025867 -0.4305081 0 0.8527203 -0.5223678 0 0.8787882 -0.4772121 0 0.8240956 -0.5664507 0 0.8527203 -0.5223678 0 0.7933618 -0.6087503 0 0.8240956 -0.5664507 0 0.7603168 -0.6495524 0 0.7933618 -0.6087503 0 0.7603168 -0.6495524 0 0.7253517 -0.6883784 0 0.7253517 -0.6883784 0 0.6883826 -0.7253478 0 0.6496539 -0.7602301 0 0.6883826 -0.7253478 0 0.6087021 -0.793399 0 0.6496539 -0.7602301 0 0.5663628 -0.824156 0 0.6087021 -0.793399 0 0.5222472 -0.8527941 0 0.5663628 -0.824156 0 0.4773254 -0.8787266 0 0.5222472 -0.8527941 0 0.4306955 -0.9024972 0 0.4773254 -0.8787266 0 0.3823428 -0.9240206 0 0.4306955 -0.9024972 0 0.3337989 -0.9426443 0 0.3823428 -0.9240206 0 0.3337989 -0.9426443 0 0.2840675 -0.9588043 0 0.2337732 -0.9722911 0 0.2840675 -0.9588043 0 0.1822321 -0.9832555 0 0.2337732 -0.9722911 0 0.1822321 -0.9832555 0 0.1300835 -0.9915031 0 0.07854401 -0.9969106 0 0.1300835 -0.9915031 0 0.02638333 -0.9996519 0 0.07854401 -0.9969106 0 0.02638333 -0.9996519 0 0.02577017 0.9996679 0 0.02577017 0.9996679 -0 0.07854402 0.9969107 0 0.07854402 0.9969107 -0 0.1306866 0.9914237 0 0.1306866 0.9914237 -0 0.1822321 0.9832555 0 0.1822321 0.9832555 -0 0.2331931 0.9724304 0 0.2331931 0.9724304 -0 0.2840674 0.9588042 0 0.2840674 0.9588042 -0 0.3337989 0.9426442 0 0.3337989 0.9426442 -0 0.3828666 0.9238036 0 0.3828666 0.9238036 -0 0.4306955 0.9024973 0 0.4306955 0.9024973 -0 0.4768514 0.8789839 0 0.4768514 0.8789839 -0 0.5226933 0.8525208 0 0.5226933 0.8525208 -0 0.5663628 0.824156 0 0.5663628 0.824156 -0 0.608702 0.7933989 0 0.608702 0.7933989 -0 0.6492991 0.7605331 0 0.6492991 0.7605331 -0 0.6883825 0.7253478 0 0.6883825 0.7253478 -0 0.7256424 0.6880721 0 0.7256424 0.6880721 -0 0.7603168 0.6495523 0 0.7603168 0.6495523 -0 0.7933619 0.6087503 0 0.7933619 0.6087503 -0 0.8240956 0.5664507 -0 0.8240956 0.5664507 0 0.8525528 0.5226412 0 0.8525528 0.5226412 -0 0.8789278 0.4769548 0 0.8789278 0.4769548 -0 0.9025867 0.4305081 0 0.9025867 0.4305081 -0 0.9238017 0.3828713 -0 0.9238017 0.3828713 0 0.9426956 0.3336541 -0 0.9426956 0.3336541 0 0.958788 0.2841223 -0 0.958788 0.2841223 0 0.9723734 0.233431 -0 0.9723734 0.233431 0 0.9832657 0.1821771 -0 0.9832657 0.1821771 0 0.9914344 0.1306054 -0 0.9914344 0.1306054 0 0.9969181 0.07844979 -0 0.9969181 0.07844979 0 0.9996578 0.02615741 -0 0.9996578 -0.02615741 0 0.9996578 0.02615741 0 0.9996578 -0.02615741 0 0.9969181 -0.07844979 0 0.9969181 -0.07844979 0 0.9914449 -0.1305259 0 0.9832454 -0.1822871 0 0.9914449 -0.1305259 0 0.9832454 -0.1822871 0 0.9723734 -0.233431 0 0.9588376 -0.2839552 0 0.9723734 -0.233431 0 0.9588376 -0.2839552 0 0.9426271 -0.3338471 0 0.9238916 -0.3826543 0 0.9426271 -0.3338471 0 0.9238916 -0.3826543 0 0.9025867 -0.4305081 0 0.9025867 -0.4305081 0 0.8787882 -0.477212 0 0.8527203 -0.5223678 0 0.8787882 -0.477212 0 0.8240956 -0.5664507 0 0.8527203 -0.5223678 0 0.8240956 -0.5664507 0 0.7933619 -0.6087503 0 0.7933619 -0.6087503 0 0.7603168 -0.6495523 0 0.7603168 -0.6495523 0 0.7253518 -0.6883785 0 0.6883825 -0.7253478 0 0.7253518 -0.6883785 0 0.6883825 -0.7253478 0 0.6496539 -0.76023 0 0.6496539 -0.76023 0 0.608702 -0.7933989 0 0.608702 -0.7933989 0 0.5663628 -0.824156 0 0.5663628 -0.824156 0 0.5222473 -0.8527942 0 0.4773254 -0.8787267 0 0.5222473 -0.8527942 0 0.4773254 -0.8787267 0 0.4306955 -0.9024973 0 0.3823428 -0.9240206 0 0.4306955 -0.9024973 0 0.3823428 -0.9240206 0 0.3337989 -0.9426442 0 0.2840674 -0.9588042 0 0.3337989 -0.9426442 0 0.2840674 -0.9588042 0 0.2337732 -0.9722911 0 0.1822321 -0.9832555 0 0.2337732 -0.9722911 0 0.1822321 -0.9832555 0 0.1300835 -0.9915031 0 0.07854402 -0.9969107 0 0.1300835 -0.9915031 0 0.07854402 -0.9969107 0 0.02638332 -0.9996518 0 0.02638332 -0.9996518 0 0.02577017 0.9996679 -0 0.02577017 0.9996679 0 0.07854401 0.9969106 -0 0.07854401 0.9969106 0 0.1306866 0.9914238 -0 0.1306866 0.9914238 0 0.1822321 0.9832555 -0 0.1822321 0.9832555 0 0.2331931 0.9724305 -0 0.2331931 0.9724305 0 0.2840675 0.9588043 -0 0.2840675 0.9588043 0 0.3337989 0.9426443 -0 0.3337989 0.9426443 0 0.3828666 0.9238036 -0 0.3828666 0.9238036 0 0.4306955 0.9024972 -0 0.4306955 0.9024972 0 0.4768514 0.8789839 -0 0.4768514 0.8789839 0 0.5226933 0.8525208 -0 0.5226933 0.8525208 0 0.5663628 0.824156 0 0.5663628 0.824156 -0 0.6087021 0.793399 0 0.6087021 0.793399 -0 0.6492991 0.760533 0 0.6492991 0.760533 -0 0.6883826 0.7253478 0 0.6883826 0.7253478 -0 0.7256424 0.6880721 0 0.7256424 0.6880721 -0 0.7603168 0.6495524 0 0.7603168 0.6495524 -0 0.7933618 0.6087503 0 0.7933618 0.6087503 -0 0.8240956 0.5664507 0 0.8240956 0.5664507 -0 0.8525527 0.5226412 -0 0.8525527 0.5226412 0 0.8789278 0.4769548 -0 0.8789278 0.4769548 0 0.9025867 0.4305081 -0 0.9025867 0.4305081 0 0.9238017 0.3828713 -0 0.9238017 0.3828713 0 0.9426955 0.3336541 0 0.9426955 0.3336541 0 0.958788 0.2841223 -0 0.958788 0.2841223 0 0.9723734 0.233431 0 0.9723734 0.233431 0 0.9832657 0.1821771 0 0.9832657 0.1821771 0 0.9914345 0.1306054 -0 0.9914345 0.1306054 0 0.996918 0.07844978 0 0.996918 0.07844978 0 0.9996578 0.02615741 0 0.9996578 0.02615741 0 0.9996578 -0.02615741 0 0.9996578 -0.02615741 0 0.996918 -0.07844978 0 0.996918 -0.07844978 0 0.9914449 -0.1305259 0 0.9914449 -0.1305259 0 0.9832454 -0.1822871 0 0.9832454 -0.1822871 0 0.9723734 -0.233431 0 0.9723734 -0.233431 0 0.9588376 -0.2839552 0 0.9588376 -0.2839552 0 0.9426272 -0.3338471 0 0.9426272 -0.3338471 0 0.9238916 -0.3826543 0 0.9025867 -0.4305081 0 0.9238916 -0.3826543 0 0.8787882 -0.4772121 0 0.9025867 -0.4305081 0 0.8527203 -0.5223678 0 0.8787882 -0.4772121 0 0.8240956 -0.5664507 0 0.8527203 -0.5223678 0 0.7933618 -0.6087503 0 0.8240956 -0.5664507 0 0.7603168 -0.6495524 0 0.7933618 -0.6087503 0 0.7603168 -0.6495524 0 0.7253517 -0.6883784 0 0.7253517 -0.6883784 0 0.6883826 -0.7253478 0 0.6496539 -0.7602301 0 0.6883826 -0.7253478 0 0.6087021 -0.793399 0 0.6496539 -0.7602301 0 0.5663628 -0.824156 0 0.6087021 -0.793399 0 0.5222472 -0.8527941 0 0.5663628 -0.824156 0 0.4773254 -0.8787266 0 0.5222472 -0.8527941 0 0.4306955 -0.9024972 0 0.4773254 -0.8787266 0 0.3823428 -0.9240206 0 0.4306955 -0.9024972 0 0.3337989 -0.9426443 0 0.3823428 -0.9240206 0 0.3337989 -0.9426443 0 0.2840675 -0.9588043 0 0.2337732 -0.9722911 0 0.2840675 -0.9588043 0 0.1822321 -0.9832555 0 0.2337732 -0.9722911 0 0.1822321 -0.9832555 0 0.1300835 -0.9915031 0 0.07854401 -0.9969106 0 0.1300835 -0.9915031 0 0.02638333 -0.9996519 0 0.07854401 -0.9969106 0 0.02638333 -0.9996519 0 0.02577017 0.9996679 0 0.02577017 0.9996679 -0 0.07854402 0.9969107 0 0.07854402 0.9969107 -0 0.1306866 0.9914237 0 0.1306866 0.9914237 -0 0.1822321 0.9832555 0 0.1822321 0.9832555 -0 0.2331931 0.9724304 0 0.2331931 0.9724304 -0 0.2840674 0.9588042 0 0.2840674 0.9588042 -0 0.3337989 0.9426442 0 0.3337989 0.9426442 -0 0.3828666 0.9238036 0 0.3828666 0.9238036 -0 0.4306955 0.9024973 0 0.4306955 0.9024973 -0 0.4768514 0.8789839 0 0.4768514 0.8789839 -0 0.5226933 0.8525208 0 0.5226933 0.8525208 -0 0.5663628 0.824156 0 0.5663628 0.824156 -0 0.608702 0.7933989 0 0.608702 0.7933989 -0 0.6492991 0.7605331 0 0.6492991 0.7605331 -0 0.6883825 0.7253478 0 0.6883825 0.7253478 -0 0.7256424 0.6880721 0 0.7256424 0.6880721 -0 0.7603168 0.6495523 0 0.7603168 0.6495523 -0 0.7933619 0.6087503 0 0.7933619 0.6087503 -0 0.8240956 0.5664507 -0 0.8240956 0.5664507 0 0.8525528 0.5226412 0 0.8525528 0.5226412 -0 0.8789278 0.4769548 0 0.8789278 0.4769548 -0 0.9025867 0.4305081 0 0.9025867 0.4305081 -0 0.9238017 0.3828713 -0 0.9238017 0.3828713 0 0.9426956 0.3336541 -0 0.9426956 0.3336541 0 0.958788 0.2841223 -0 0.958788 0.2841223 0 0.9723734 0.233431 -0 0.9723734 0.233431 0 0.9832657 0.1821771 -0 0.9832657 0.1821771 0 0.9914344 0.1306054 -0 0.9914344 0.1306054 0 0.9969181 0.07844979 -0 0.9969181 0.07844979 0 0.9996578 0.02615741 -0 0.9996578 -0.02615741 0 0.9996578 0.02615741 0 0.9996578 -0.02615741 0 0.9969181 -0.07844979 0 0.9969181 -0.07844979 0 0.9914449 -0.1305259 0 0.9832454 -0.1822871 0 0.9914449 -0.1305259 0 0.9832454 -0.1822871 0 0.9723734 -0.233431 0 0.9588376 -0.2839552 0 0.9723734 -0.233431 0 0.9588376 -0.2839552 0 0.9426271 -0.3338471 0 0.9238916 -0.3826543 0 0.9426271 -0.3338471 0 0.9238916 -0.3826543 0 0.9025867 -0.4305081 0 0.9025867 -0.4305081 0 0.8787882 -0.477212 0 0.8527203 -0.5223678 0 0.8787882 -0.477212 0 0.8240956 -0.5664507 0 0.8527203 -0.5223678 0 0.8240956 -0.5664507 0 0.7933619 -0.6087503 0 0.7933619 -0.6087503 0 0.7603168 -0.6495523 0 0.7603168 -0.6495523 0 0.7253518 -0.6883785 0 0.6883825 -0.7253478 0 0.7253518 -0.6883785 0 0.6883825 -0.7253478 0 0.6496539 -0.76023 0 0.6496539 -0.76023 0 0.608702 -0.7933989 0 0.608702 -0.7933989 0 0.5663628 -0.824156 0 0.5663628 -0.824156 0 0.5222473 -0.8527942 0 0.4773254 -0.8787267 0 0.5222473 -0.8527942 0 0.4773254 -0.8787267 0 0.4306955 -0.9024973 0 0.3823428 -0.9240206 0 0.4306955 -0.9024973 0 0.3823428 -0.9240206 0 0.3337989 -0.9426442 0 0.2840674 -0.9588042 0 0.3337989 -0.9426442 0 0.2840674 -0.9588042 0 0.2337732 -0.9722911 0 0.1822321 -0.9832555 0 0.2337732 -0.9722911 0 0.1822321 -0.9832555 0 0.1300835 -0.9915031 0 0.07854402 -0.9969107 0 0.1300835 -0.9915031 0 0.07854402 -0.9969107 0 0.02638332 -0.9996518 0 0.02638332 -0.9996518 0 0.9996988 -0.02454194 0 0.9972908 -0.07355995 0 0.9996988 -0.02454194 0 0.99248 -0.1224068 0 0.9972908 -0.07355995 0 0.9852757 -0.1709728 0 0.99248 -0.1224068 0 0.9757047 -0.2190897 0 0.9852757 -0.1709728 0 0.963773 -0.2667238 0 0.9757047 -0.2190897 0 0.9495263 -0.3136875 0 0.963773 -0.2667238 0 0.9330013 -0.3598731 0 0.9495263 -0.3136875 0 0.9142069 -0.4052479 0 0.9330013 -0.3598731 0 0.9142069 -0.4052479 0 0.8932252 -0.4496094 0 0.8932252 -0.4496094 0 0.870077 -0.4929158 0 0.870077 -0.4929158 0 0.8448546 -0.534996 0 0.8448546 -0.534996 0 0.817578 -0.5758178 0 0.817578 -0.5758178 0 0.7883582 -0.6152166 0 0.7883582 -0.6152166 0 0.7571964 -0.6531873 0 0.7571964 -0.6531873 0 0.7242709 -0.6895155 0 0.7242709 -0.6895155 0 0.6895314 -0.7242557 0 0.6895314 -0.7242557 0 0.6531672 -0.7572137 0 0.6531672 -0.7572137 0 0.6152294 -0.7883483 0 0.575813 -0.8175815 0 0.6152294 -0.7883483 0 0.575813 -0.8175815 0 0.5350224 -0.8448378 0 0.5350224 -0.8448378 0 0.4928811 -0.8700967 0 0.4495753 -0.8932425 0 0.4928811 -0.8700967 0 0.4052925 -0.9141871 0 0.4495753 -0.8932425 0 0.3598859 -0.9329963 0 0.4052925 -0.9141871 0 0.3137212 -0.9495152 0 0.3598859 -0.9329963 0 0.3137212 -0.9495152 0 0.2190932 -0.975704 0 0.2666263 -0.9638 0 0.2666263 -0.9638 0 0.2190932 -0.975704 0 0.1223508 -0.9924869 0 0.1710343 -0.9852651 0 0.1710343 -0.9852651 0 0.1223508 -0.9924869 0 0.07355774 -0.997291 0 0.07355774 -0.997291 0 0.0245543 -0.9996985 0 0.0245543 -0.9996985 0 -1 -0 0 -1 0 -0 0 0 -1 0 0 -1 0 -0 -1 0 0 -1 0 -0 -1 0 0 -1 0 -0 -1 0 0 -1 0 -0 -1 0 0 -1 0 -0 -1 0 0 -1 0 -0 -1 0 0 -1 0 -0 -1 0 0 -1 0 0 -1 0 -0 -1 0 0 -1 0 -0 -1 0 0 -1 0 -0 -1 0 0 -1 0 -0 -1 0 0 -1 0 -0 -1 0 0 -1 0 -0 -1 0 0 -1 0 -0 -1 0 0 -1 0 -0 -1 0 0 -1 0 -0 -1 0 0 -1 0 0 -1 0 0 -1 0 0 -1 0 0 -1 0 0 -1 0 0 -1 0 0 -1 0 0 -1 0 0 -1 0 0 -1 0 0 -1 0 0 -1 0 0 -1 0 0 -1 0 0 -1 0 0 -1 0 0 -1 0 0 -1 0 0 -1 0 0 -1 0 0 -1 0 0 -1 0 0 -1 0 0 -1 0 0 -1 0 0 -1 0 0 -1 0 0 -1 0 0 -1 0 0 -1 0 -0 -1 0 -0 -1 0 -0 -1 0 -0 -1 0 -0 -1 0 -0 -1 0 -0 -1 0 -0 -1 0 -0 -1 0 -0 -1 0 -0 -1 0 -0 -1 0 -0 -1 0 -0 -1 0 -0 -1 0 -0 -1 0 -0 -1 0 -0 -1 0 -0 -1 0 -0 -1 0 -0 -1 0 -0 -1 0 -0 -1 0 -0 -1 0 -0 -1 0 -0 -1 0 -0 -1 0 -0 -1 0 -0 -1 0 -0 -1 0 -0 -1 0 -0 -1 0 -0 -1 0 -0 -1 0 0 -1 0 0 -1 0 0 -1 0 0 -1 0 0 -1 0 0 -1 0 0 -1 0 0 -1 0 0 -1 0 0 -1 0 0 -1 0 0 -1 0 0 -1 0 0 -1 0 0 -1 0 0 -1 0 0 -1 0 0 -1 0 0 -1 0 0 -1 0 0 -1 0 0 -1 0 0 -1 0 0 -1 0 0 -1 0 0 -1 0 0 -1 0 0 -1 0 0 -1 0 0 -1 0 0 -1 0 0 -1 0 0 -1 0 0 -1 0 0 -1 0 0 -1 0 0 -1 0 0 -1 0 0 -1 0 0 -1 0 0 -1 0 0 -1 0 0 -1 0 0 -1 0 0 1 0 0 1 0 0 1 0 0 1 0 -1 -0 -0 -1 0 0 -1 0 -0 -1 0 0 -1 0 0 1 0 0 1 0 0.0245543 0.9996985 -0 0.0245543 0.9996985 0 0.07355774 0.997291 0 0.07355774 0.997291 -0 0.1223508 0.9924869 0 0.1223508 0.9924869 -0 0.1710343 0.9852651 0 0.1710343 0.9852651 -0 0.2190932 0.975704 0 0.2190932 0.975704 -0 0.2667242 0.9637729 0 0.2667242 0.9637729 -0 0.3136262 0.9495465 0 0.3136262 0.9495465 -0 0.3598859 0.9329963 -0 0.3598859 0.9329963 0 0.4052925 0.9141871 -0 0.4052925 0.9141871 0 0.4495753 0.8932425 -0 0.4495753 0.8932425 0 0.4928811 0.8700967 -0 0.4928811 0.8700967 0 0.5350224 0.8448378 -0 0.5350224 0.8448378 0 0.575813 0.8175815 -0 0.575813 0.8175815 0 0.6152294 0.7883483 -0 0.6152294 0.7883483 0 0.6531672 0.7572137 -0 0.6531672 0.7572137 0 0.6895314 0.7242557 -0 0.6895314 0.7242557 0 0.7242709 0.6895155 -0 0.7242709 0.6895155 0 0.7571964 0.6531873 -0 0.7571964 0.6531873 0 0.7883582 0.6152166 0 0.7883582 0.6152166 -0 0.817578 0.5758178 0 0.817578 0.5758178 -0 0.8448546 0.534996 -0 0.8448546 0.534996 0 0.870077 0.4929158 0 0.870077 0.4929158 -0 0.8932252 0.4496094 -0 0.8932252 0.4496094 0 0.9142069 0.4052479 0 0.9142069 0.4052479 -0 0.9330013 0.3598731 0 0.9330013 0.3598731 -0 0.9495263 0.3136875 0 0.9495263 0.3136875 -0 0.9757047 0.2190897 0 0.963773 0.2667238 0 0.963773 0.2667238 -0 0.9757047 0.2190897 0 0.9852788 0.1709551 0 0.9852788 0.1709551 -0 0.9924784 0.1224196 0 0.9924784 0.1224196 -0 0.9972908 0.07355995 0 0.9972908 0.07355995 -0 0.9996988 0.02454194 0 0.9996988 0.02454194 -0 0 1 0 0 1 0 -0.02489694 -0.9996901 -4.411345e-05 -0.0245543 -0.9996985 0 -0.07469082 -0.9972067 -8.851111e-05 -0.07355774 -0.997291 5.540373e-05 -0.1243802 -0.9922346 -0.0001476989 -0.1223508 -0.9924869 0.0001071532 -0.1736555 -0.9848064 -0.0001847363 -0.1710343 -0.9852651 0.0001414508 -0.2225163 -0.9749289 -0.0002291455 -0.2190932 -0.9757039 0.0001939056 -0.2708552 -0.96262 -0.0002847033 -0.2666263 -0.9638 0.000235523 -0.3184734 -0.9479317 -0.000318382 -0.3137212 -0.9495152 0.0002649149 -0.3653599 -0.9308663 -0.0003607223 -0.3598859 -0.9329963 0.0003112675 -0.4113126 -0.9114943 -0.0003943109 -0.4052925 -0.914187 0.0003467202 -0.4561465 -0.8899046 -0.0004278644 -0.4495753 -0.8932424 0.0003852242 -0.5000105 -0.8660192 -0.0004645241 -0.492881 -0.8700966 0.0004247779 -0.5425461 -0.8400258 -0.0004936584 -0.5350224 -0.8448377 0.000455145 -0.5837309 -0.811947 -0.0005224528 -0.5758129 -0.8175814 0.0004901387 -0.6235367 -0.7817938 -0.0005581875 -0.6152292 -0.7883481 0.0005227813 -0.6616549 -0.7498082 -0.0005845123 -0.6531671 -0.7572135 0.0005431022 -0.6982472 -0.7158564 -0.0006126403 -0.6895314 -0.7242556 0.0005743666 -0.7330279 -0.6801983 -0.0006299941 -0.7242708 -0.6895154 0.0005978573 -0.7660667 -0.6427608 -0.0006579424 -0.7571962 -0.6531871 0.0006286292 -0.788358 -0.6152164 0.0006452064 -0.7971274 -0.6038105 -0.0006775541 -0.826245 -0.5633105 -0.0006998727 -0.8175778 -0.5758178 0.0006680537 -0.8448544 -0.5349959 0.0006846898 -0.8532765 -0.5214583 -0.0007159604 -0.8700768 -0.4929157 0.0007048784 -0.8782252 -0.4782468 -0.0007350102 -0.9009676 -0.4338857 -0.0007499953 -0.893225 -0.4496093 0.0007181208 -0.9214782 -0.3884293 -0.0007648657 -0.9142066 -0.4052477 0.0007325498 -0.9396992 -0.3420011 -0.000775723 -0.9330009 -0.3598729 0.0007451485 -0.9555679 -0.29477 -0.0007865528 -0.949526 -0.3136874 0.0007551362 -0.969079 -0.2467497 -0.0007965358 -0.9637727 -0.2667237 0.0007656707 -0.98017 -0.1981569 -0.0008015171 -0.9757044 -0.2190896 0.0007726895 -0.9852754 -0.1709728 0.0007806281 -0.98883 -0.1490455 -0.0008078053 -0.9924797 -0.1224068 0.0007852567 -0.9950306 -0.0995666 -0.0008112761 -0.9972905 -0.07355992 0.0007887166 -0.9987566 -0.04984447 -0.0008134856 -0.9996985 -0.02454193 0.0007900354 -0.9999996 -0 -0.0008146495 -0.9996985 0.02454193 0.0007900354 -0.9987566 0.04984447 -0.0008134856 -0.9972905 0.07355992 0.0007887166 -0.9950296 0.09957688 -0.0008119093 -0.9924781 0.1224196 0.0007844925 -0.9888323 0.1490302 -0.0008068896 -0.9852785 0.170955 0.000781659 -0.98017 0.1981569 -0.0008015163 -0.9757044 0.2190896 0.000772688 -0.969079 0.2467497 -0.0007965358 -0.9637727 0.2667237 0.0007656707 -0.9555679 0.29477 -0.0007865514 -0.949526 0.3136874 0.0007551362 -0.9396992 0.3420011 -0.000775723 -0.9214782 0.3884293 -0.0007648671 -0.9330009 0.3598729 0.0007451485 -0.9142066 0.4052477 0.0007325512 -0.9009676 0.4338857 -0.0007499939 -0.8782252 0.4782468 -0.0007350102 -0.893225 0.4496093 0.0007181208 -0.8700768 0.4929157 0.000704877 -0.8532765 0.5214583 -0.0007159618 -0.8448544 0.5349959 0.0006846884 -0.826245 0.5633105 -0.0006998727 -0.8175778 0.5758178 0.0006680566 -0.7971274 0.6038105 -0.0006775541 -0.788358 0.6152164 0.0006452064 -0.7660238 0.6428119 -0.0006603951 -0.7571963 0.6531872 0.0006197699 -0.7330759 0.6801465 -0.0006367671 -0.7242708 0.6895154 0.0005978573 -0.6982472 0.7158564 -0.000612636 -0.6895314 0.7242556 0.0005743666 -0.6616549 0.7498082 -0.0005845109 -0.6531671 0.7572135 0.0005431037 -0.6234733 0.7818444 -0.0005605072 -0.6152292 0.7883481 0.0005120868 -0.5837994 0.8118978 -0.0005312286 -0.5758129 0.8175814 0.0004901352 -0.5425461 0.8400258 -0.0004936577 -0.5350224 0.8448377 0.0004551471 -0.5000105 0.8660192 -0.0004645234 -0.492881 0.8700966 0.0004247779 -0.4561465 0.8899046 -0.000427863 -0.4495753 0.8932424 0.0003852249 -0.4113126 0.9114943 -0.0003943109 -0.4052925 0.914187 0.0003467195 -0.3653599 0.9308663 -0.0003607244 -0.3598859 0.9329963 0.000311266 -0.3184734 0.9479317 -0.0003183831 -0.3136262 0.9495465 0.0002765674 -0.2708552 0.96262 -0.000271649 -0.2667242 0.9637729 0.0002365598 -0.2225163 0.9749289 -0.0002291444 -0.1736555 0.9848064 -0.0001847354 -0.2190932 0.9757039 0.0001939072 -0.1710343 0.9852651 0.0001414507 -0.1242781 0.9922474 -0.0001483293 -0.07479398 0.997199 -0.0001016141 -0.1223508 0.9924869 9.369184e-05 -0.02489694 0.9996901 -4.411345e-05 -0.07355774 0.997291 5.540399e-05 -0.0245543 0.9996985 0 0 -1 0 0 -1 0 0 0 1 0 0 1 -0.02638332 -0.9996518 -0 -0.07854402 -0.9969107 -0 -0.02638332 -0.9996518 0 -0.1300835 -0.9915031 -0 -0.07854402 -0.9969107 0 -0.1822321 -0.9832555 -0 -0.1300835 -0.9915031 0 -0.2337732 -0.9722911 -0 -0.1822321 -0.9832555 0 -0.2840674 -0.9588042 -0 -0.2337732 -0.9722911 0 -0.3337989 -0.9426442 -0 -0.2840674 -0.9588042 0 -0.3823428 -0.9240206 -0 -0.3337989 -0.9426442 0 -0.4306955 -0.9024973 -0 -0.3823428 -0.9240206 0 -0.4773254 -0.8787267 -0 -0.4306955 -0.9024973 0 -0.5222473 -0.8527942 -0 -0.4773254 -0.8787267 0 -0.5663628 -0.824156 -0 -0.5222473 -0.8527942 0 -0.608702 -0.7933989 -0 -0.5663628 -0.824156 0 -0.6496539 -0.76023 -0 -0.608702 -0.7933989 0 -0.6883825 -0.7253478 -0 -0.6496539 -0.76023 0 -0.7253518 -0.6883785 -0 -0.6883825 -0.7253478 0 -0.7603168 -0.6495523 -0 -0.7253518 -0.6883785 0 -0.7933619 -0.6087503 -0 -0.7603168 -0.6495523 0 -0.8240956 -0.5664507 -0 -0.7933619 -0.6087503 0 -0.8527203 -0.5223678 -0 -0.8240956 -0.5664507 0 -0.8787882 -0.477212 -0 -0.8527203 -0.5223678 0 -0.8787882 -0.477212 0 -0.9025867 -0.4305081 -0 -0.9025867 -0.4305081 0 -0.9238916 -0.3826543 -0 -0.9238916 -0.3826543 0 -0.9426271 -0.3338471 -0 -0.9426271 -0.3338471 0 -0.9588376 -0.2839552 -0 -0.9588376 -0.2839552 0 -0.9723734 -0.233431 -0 -0.9723734 -0.233431 0 -0.9832454 -0.1822871 -0 -0.9832454 -0.1822871 0 -0.9914449 -0.1305259 -0 -0.9914449 -0.1305259 0 -0.9969181 -0.07844979 -0 -0.9969181 -0.07844979 0 -0.9996578 -0.02615741 -0 -0.9996578 -0.02615741 0 -0.9996578 0.02615741 0 -0.9996578 0.02615741 0 -0.9969181 0.07844979 0 -0.9969181 0.07844979 0 -0.9914344 0.1306054 0 -0.9914344 0.1306054 0 -0.9832657 0.1821771 0 -0.9723734 0.233431 0 -0.9832657 0.1821771 0 -0.9723734 0.233431 0 -0.958788 0.2841223 0 -0.958788 0.2841223 0 -0.9426956 0.3336541 0 -0.9238017 0.3828713 0 -0.9426956 0.3336541 0 -0.9238017 0.3828713 0 -0.9025867 0.4305081 0 -0.9025867 0.4305081 0 -0.8789278 0.4769548 0 -0.8789278 0.4769548 0 -0.8240956 0.5664507 0 -0.8525528 0.5226412 0 -0.8525528 0.5226412 0 -0.7933619 0.6087503 0 -0.8240956 0.5664507 0 -0.7603168 0.6495523 0 -0.7933619 0.6087503 0 -0.7603168 0.6495523 0 -0.7256424 0.6880721 0 -0.7256424 0.6880721 0 -0.6883825 0.7253478 0 -0.6883825 0.7253478 0 -0.6492991 0.7605331 0 -0.608702 0.7933989 0 -0.6492991 0.7605331 0 -0.608702 0.7933989 0 -0.5663628 0.824156 0 -0.5663628 0.824156 0 -0.5226933 0.8525208 0 -0.4768514 0.8789839 0 -0.5226933 0.8525208 0 -0.4768514 0.8789839 0 -0.4306955 0.9024973 0 -0.3828666 0.9238036 0 -0.4306955 0.9024973 0 -0.3828666 0.9238036 0 -0.3337989 0.9426442 0 -0.3337989 0.9426442 0 -0.2840674 0.9588042 0 -0.2331931 0.9724304 0 -0.2840674 0.9588042 0 -0.2331931 0.9724304 0 -0.1822321 0.9832555 0 -0.1822321 0.9832555 0 -0.1306866 0.9914237 0 -0.07854402 0.9969107 0 -0.1306866 0.9914237 0 -0.07854402 0.9969107 0 -0.02577017 0.9996679 0 -0.02577017 0.9996679 0 -0.02638333 -0.9996519 0 -0.02638333 -0.9996519 0 -0.07854401 -0.9969106 0 -0.07854401 -0.9969106 0 -0.1300835 -0.9915031 0 -0.1300835 -0.9915031 0 -0.1822321 -0.9832555 0 -0.1822321 -0.9832555 0 -0.2337732 -0.9722911 0 -0.2337732 -0.9722911 0 -0.2840675 -0.9588043 0 -0.2840675 -0.9588043 0 -0.3337989 -0.9426443 0 -0.3337989 -0.9426443 0 -0.3823428 -0.9240206 0 -0.3823428 -0.9240206 0 -0.4306955 -0.9024972 0 -0.4306955 -0.9024972 0 -0.4773254 -0.8787266 0 -0.4773254 -0.8787266 0 -0.5222472 -0.8527941 0 -0.5222472 -0.8527941 0 -0.5663628 -0.824156 0 -0.5663628 -0.824156 0 -0.6087021 -0.793399 0 -0.6087021 -0.793399 0 -0.6496539 -0.7602301 0 -0.6496539 -0.7602301 0 -0.6883826 -0.7253478 0 -0.6883826 -0.7253478 0 -0.7253517 -0.6883784 0 -0.7253517 -0.6883784 0 -0.7603168 -0.6495524 0 -0.7603168 -0.6495524 0 -0.7933618 -0.6087503 0 -0.7933618 -0.6087503 0 -0.8240956 -0.5664507 0 -0.8240956 -0.5664507 0 -0.8527203 -0.5223678 0 -0.8527203 -0.5223678 0 -0.8787882 -0.4772121 0 -0.8787882 -0.4772121 0 -0.9025867 -0.4305081 0 -0.9025867 -0.4305081 0 -0.9238916 -0.3826543 0 -0.9238916 -0.3826543 0 -0.9426272 -0.3338471 0 -0.9426272 -0.3338471 0 -0.9588376 -0.2839552 0 -0.9588376 -0.2839552 0 -0.9723734 -0.233431 0 -0.9723734 -0.233431 0 -0.9832454 -0.1822871 0 -0.9832454 -0.1822871 0 -0.9914449 -0.1305259 0 -0.9914449 -0.1305259 0 -0.996918 -0.07844978 0 -0.996918 -0.07844978 0 -0.9996578 -0.02615741 0 -0.9996578 -0.02615741 0 -0.9996578 0.02615741 0 -0.9996578 0.02615741 0 -0.996918 0.07844978 0 -0.996918 0.07844978 0 -0.9914345 0.1306054 0 -0.9914345 0.1306054 0 -0.9832657 0.1821771 0 -0.9832657 0.1821771 0 -0.9723734 0.233431 0 -0.9723734 0.233431 0 -0.958788 0.2841223 0 -0.958788 0.2841223 0 -0.9426955 0.3336541 0 -0.9426955 0.3336541 0 -0.9238017 0.3828713 0 -0.9238017 0.3828713 0 -0.9025867 0.4305081 0 -0.9025867 0.4305081 0 -0.8789278 0.4769548 0 -0.8789278 0.4769548 0 -0.8525527 0.5226412 0 -0.8525527 0.5226412 0 -0.8240956 0.5664507 0 -0.8240956 0.5664507 0 -0.7933618 0.6087503 0 -0.7933618 0.6087503 0 -0.7603168 0.6495524 0 -0.7603168 0.6495524 0 -0.7256424 0.6880721 0 -0.7256424 0.6880721 0 -0.6883826 0.7253478 0 -0.6883826 0.7253478 0 -0.6492991 0.760533 0 -0.6492991 0.760533 0 -0.6087021 0.793399 0 -0.6087021 0.793399 0 -0.5663628 0.824156 0 -0.5663628 0.824156 0 -0.5226933 0.8525208 0 -0.5226933 0.8525208 0 -0.4768514 0.8789839 0 -0.4768514 0.8789839 0 -0.4306955 0.9024972 0 -0.4306955 0.9024972 0 -0.3828666 0.9238036 0 -0.3828666 0.9238036 0 -0.3337989 0.9426443 0 -0.3337989 0.9426443 0 -0.2840675 0.9588043 0 -0.2840675 0.9588043 0 -0.2331931 0.9724305 0 -0.2331931 0.9724305 0 -0.1822321 0.9832555 0 -0.1822321 0.9832555 0 -0.1306866 0.9914238 0 -0.1306866 0.9914238 0 -0.07854401 0.9969106 0 -0.07854401 0.9969106 0 -0.02577017 0.9996679 0 -0.02577017 0.9996679 0 -0.02638332 -0.9996518 -0 -0.07854402 -0.9969107 -0 -0.02638332 -0.9996518 0 -0.1300835 -0.9915031 -0 -0.07854402 -0.9969107 0 -0.1822321 -0.9832555 -0 -0.1300835 -0.9915031 0 -0.2337732 -0.9722911 -0 -0.1822321 -0.9832555 0 -0.2840674 -0.9588042 -0 -0.2337732 -0.9722911 0 -0.3337989 -0.9426442 -0 -0.2840674 -0.9588042 0 -0.3823428 -0.9240206 -0 -0.3337989 -0.9426442 0 -0.4306955 -0.9024973 -0 -0.3823428 -0.9240206 0 -0.4773254 -0.8787267 -0 -0.4306955 -0.9024973 0 -0.5222473 -0.8527942 -0 -0.4773254 -0.8787267 0 -0.5663628 -0.824156 -0 -0.5222473 -0.8527942 0 -0.608702 -0.7933989 -0 -0.5663628 -0.824156 0 -0.6496539 -0.76023 -0 -0.608702 -0.7933989 0 -0.6883825 -0.7253478 -0 -0.6496539 -0.76023 0 -0.7253518 -0.6883785 -0 -0.6883825 -0.7253478 0 -0.7603168 -0.6495523 -0 -0.7253518 -0.6883785 0 -0.7933619 -0.6087503 -0 -0.7603168 -0.6495523 0 -0.8240956 -0.5664507 -0 -0.7933619 -0.6087503 0 -0.8527203 -0.5223678 -0 -0.8240956 -0.5664507 0 -0.8787882 -0.477212 -0 -0.8527203 -0.5223678 0 -0.8787882 -0.477212 0 -0.9025867 -0.4305081 -0 -0.9025867 -0.4305081 0 -0.9238916 -0.3826543 -0 -0.9238916 -0.3826543 0 -0.9426271 -0.3338471 -0 -0.9426271 -0.3338471 0 -0.9588376 -0.2839552 -0 -0.9588376 -0.2839552 0 -0.9723734 -0.233431 -0 -0.9723734 -0.233431 0 -0.9832454 -0.1822871 -0 -0.9832454 -0.1822871 0 -0.9914449 -0.1305259 -0 -0.9914449 -0.1305259 0 -0.9969181 -0.07844979 -0 -0.9969181 -0.07844979 0 -0.9996578 -0.02615741 -0 -0.9996578 -0.02615741 0 -0.9996578 0.02615741 0 -0.9996578 0.02615741 0 -0.9969181 0.07844979 0 -0.9969181 0.07844979 0 -0.9914344 0.1306054 0 -0.9914344 0.1306054 0 -0.9832657 0.1821771 0 -0.9723734 0.233431 0 -0.9832657 0.1821771 0 -0.9723734 0.233431 0 -0.958788 0.2841223 0 -0.958788 0.2841223 0 -0.9426956 0.3336541 0 -0.9238017 0.3828713 0 -0.9426956 0.3336541 0 -0.9238017 0.3828713 0 -0.9025867 0.4305081 0 -0.9025867 0.4305081 0 -0.8789278 0.4769548 0 -0.8789278 0.4769548 0 -0.8240956 0.5664507 0 -0.8525528 0.5226412 0 -0.8525528 0.5226412 0 -0.7933619 0.6087503 0 -0.8240956 0.5664507 0 -0.7603168 0.6495523 0 -0.7933619 0.6087503 0 -0.7603168 0.6495523 0 -0.7256424 0.6880721 0 -0.7256424 0.6880721 0 -0.6883825 0.7253478 0 -0.6883825 0.7253478 0 -0.6492991 0.7605331 0 -0.608702 0.7933989 0 -0.6492991 0.7605331 0 -0.608702 0.7933989 0 -0.5663628 0.824156 0 -0.5663628 0.824156 0 -0.5226933 0.8525208 0 -0.4768514 0.8789839 0 -0.5226933 0.8525208 0 -0.4768514 0.8789839 0 -0.4306955 0.9024973 0 -0.3828666 0.9238036 0 -0.4306955 0.9024973 0 -0.3828666 0.9238036 0 -0.3337989 0.9426442 0 -0.3337989 0.9426442 0 -0.2840674 0.9588042 0 -0.2331931 0.9724304 0 -0.2840674 0.9588042 0 -0.2331931 0.9724304 0 -0.1822321 0.9832555 0 -0.1822321 0.9832555 0 -0.1306866 0.9914237 0 -0.07854402 0.9969107 0 -0.1306866 0.9914237 0 -0.07854402 0.9969107 0 -0.02577017 0.9996679 0 -0.02577017 0.9996679 0 -0.02638333 -0.9996519 0 -0.02638333 -0.9996519 0 -0.07854401 -0.9969106 0 -0.07854401 -0.9969106 0 -0.1300835 -0.9915031 0 -0.1300835 -0.9915031 0 -0.1822321 -0.9832555 0 -0.1822321 -0.9832555 0 -0.2337732 -0.9722911 0 -0.2337732 -0.9722911 0 -0.2840675 -0.9588043 0 -0.2840675 -0.9588043 0 -0.3337989 -0.9426443 0 -0.3337989 -0.9426443 0 -0.3823428 -0.9240206 0 -0.3823428 -0.9240206 0 -0.4306955 -0.9024972 0 -0.4306955 -0.9024972 0 -0.4773254 -0.8787266 0 -0.4773254 -0.8787266 0 -0.5222472 -0.8527941 0 -0.5222472 -0.8527941 0 -0.5663628 -0.824156 0 -0.5663628 -0.824156 0 -0.6087021 -0.793399 0 -0.6087021 -0.793399 0 -0.6496539 -0.7602301 0 -0.6496539 -0.7602301 0 -0.6883826 -0.7253478 0 -0.6883826 -0.7253478 0 -0.7253517 -0.6883784 0 -0.7253517 -0.6883784 0 -0.7603168 -0.6495524 0 -0.7603168 -0.6495524 0 -0.7933618 -0.6087503 0 -0.7933618 -0.6087503 0 -0.8240956 -0.5664507 0 -0.8240956 -0.5664507 0 -0.8527203 -0.5223678 0 -0.8527203 -0.5223678 0 -0.8787882 -0.4772121 0 -0.8787882 -0.4772121 0 -0.9025867 -0.4305081 0 -0.9025867 -0.4305081 0 -0.9238916 -0.3826543 0 -0.9238916 -0.3826543 0 -0.9426272 -0.3338471 0 -0.9426272 -0.3338471 0 -0.9588376 -0.2839552 0 -0.9588376 -0.2839552 0 -0.9723734 -0.233431 0 -0.9723734 -0.233431 0 -0.9832454 -0.1822871 0 -0.9832454 -0.1822871 0 -0.9914449 -0.1305259 0 -0.9914449 -0.1305259 0 -0.996918 -0.07844978 0 -0.996918 -0.07844978 0 -0.9996578 -0.02615741 0 -0.9996578 -0.02615741 0 -0.9996578 0.02615741 0 -0.9996578 0.02615741 0 -0.996918 0.07844978 0 -0.996918 0.07844978 0 -0.9914345 0.1306054 0 -0.9914345 0.1306054 0 -0.9832657 0.1821771 0 -0.9832657 0.1821771 0 -0.9723734 0.233431 0 -0.9723734 0.233431 0 -0.958788 0.2841223 0 -0.958788 0.2841223 0 -0.9426955 0.3336541 0 -0.9426955 0.3336541 0 -0.9238017 0.3828713 0 -0.9238017 0.3828713 0 -0.9025867 0.4305081 0 -0.9025867 0.4305081 0 -0.8789278 0.4769548 0 -0.8789278 0.4769548 0 -0.8525527 0.5226412 0 -0.8525527 0.5226412 0 -0.8240956 0.5664507 0 -0.8240956 0.5664507 0 -0.7933618 0.6087503 0 -0.7933618 0.6087503 0 -0.7603168 0.6495524 0 -0.7603168 0.6495524 0 -0.7256424 0.6880721 0 -0.7256424 0.6880721 0 -0.6883826 0.7253478 0 -0.6883826 0.7253478 0 -0.6492991 0.760533 0 -0.6492991 0.760533 0 -0.6087021 0.793399 0 -0.6087021 0.793399 0 -0.5663628 0.824156 0 -0.5663628 0.824156 0 -0.5226933 0.8525208 0 -0.5226933 0.8525208 0 -0.4768514 0.8789839 0 -0.4768514 0.8789839 0 -0.4306955 0.9024972 0 -0.4306955 0.9024972 0 -0.3828666 0.9238036 0 -0.3828666 0.9238036 0 -0.3337989 0.9426443 0 -0.3337989 0.9426443 0 -0.2840675 0.9588043 0 -0.2840675 0.9588043 0 -0.2331931 0.9724305 0 -0.2331931 0.9724305 0 -0.1822321 0.9832555 0 -0.1822321 0.9832555 0 -0.1306866 0.9914238 0 -0.1306866 0.9914238 0 -0.07854401 0.9969106 0 -0.07854401 0.9969106 0 -0.02577017 0.9996679 0 -0.02577017 0.9996679 0 0 -1 0 -0 -1 -0 0 0 1 0 0 1 0 0 1 0 0 1 0 0 1 0 0 1 0 0 1 0 0 1 0 0 1 0 0 1 0 0 1 0 0 1 0 0 1 0 0 1 0 0 1 0 0 1 0 0 1 0 0 1 0 0 1 0 0 1 0 0 1 0 0 1 0 0 1 0 0 1 0 0 1 0 0 1 0 0 1 0 0 1 0 0 1 0 0 1 0 0 1 0 0 1 0 0 1 0 0 1 0 0 1 0 0 1 0 0 1 0 0 1 0 0 1 0 0 1 0 0 1 0 0 1 0 0 1 0 0 1 0 0 1 0 0 1 0 0 1 0 0 1 0 0 1 0 0 1 0 0 1 0 0 1 0 0 1 0 0 1 0 0 1 0 0 1 0 0 1 0 0 1 0 0 1 0 0 1 0 0 1 0 0 1 0 0 1 0 0 1 0 0 1 0 0 1 0 0 1 0 0 1 0 0 1 0 0 1 0 0 1 0 0 1 0 0 1 0 0 1 0 0 1 0 0 1 0 0 1 0 0 1 0 0 1 0 0 1 0 0 1 0 0 1 0 0 1 0 0 1 0 0 1 0 0 1 0 0 1 0 0 1 0 0 1 0 0 1 0 0 1 0 0 1 0 0 1 0 0 1 0 0 1 0 0 1 0 0 1 0 0 1 0 0 1 0 0 1 0 0 1 0 0 1 0 0 1 0 0 1 0 0 1 0 0 1 0 0 1 0 0 1 0 0 1 0 0 1 0 0 1 0 0 1 0 0 1 0 0 1 0 0 1 0 0 1 0 0 1 0 0 1 0 0 1 0 0 1 0 0 1 0 0 1 0 0 1 0 0 1 0 0 1 0 0 1 0 0 1 0 0 1 0 0 1 0 0 1 0 0 1 0 0 1 0 0 1 -1 0 0 -1 -0 0 -1 0 -0 -1 0 -0 1 0 0 1 0 0 1 0 0 1 0 -0 0 1 0 -0 1 0 0 -0 1 0 -0 1 -0 0 1 0 -0 1 0 0 1 0 -0 1 -0 0 1 0 -0 1 0 0 1 0 -0 1 -0 0 1 0 -0 1 0 0 1 0 -0 1 0 0 1 0 -0 1 0 0 1 0 -0 1 0 0 1 0 -0 1 0 0 1 0 -0 1 0 0 1 0 -0 1 0 0 1 0 -0 1 0 0 1 0 -0 1 0 0 1 0 -0 1 0 0 1 0 -0 1 0 0 1 0 -0 1 0 0 1 0 0 1 0 0 1 0 -0 1 0 0 1 0 0 1 0 0 1 0 0 1 0 -0 1 0 0 1 0 0 1 0 0 1 0 -0 1 0 0 1 0 0 1 0 0 1 0 -0 1 0 0 1 0 0 1 0 -0 1 0 0 1 0 0 1 0 0 1 0 -0 1 0 0 1 0 0 1 0 0 1 0 -0 1 0 0 1 0 0 1 0 0 1 0 -0 1 0 0 1 0 -0 1 0 0 1 0 -0 1 0 0 1 0 -0 1 0 0 1 0 -0 1 0 0 1 0 -0 1 0 0 1 0 -0 1 0 0 1 0 -0 1 0 0 1 0 -0 1 0 0 1 0 -0 1 0 0 1 0 -0 1 0 0 1 0 -0 1 0 0 1 0 -0 1 0 0 1 0 -0 1 0 0 1 0 -0 1 0 0 1 0 -0 1 0 0 1 0 -0 1 0 0 1 0 -0 1 0 0 1 0 -0 1 0 0 1 0 -0 1 0 0 1 0 -0 1 0 0 1 0 -0 1 0 0 1 0 -0 1 0 0 1 0 -0 1 0 0 1 0 -0 1 0 0 1 0 -0 1 0 0 1 0 -0 1 0 0 1 0 -0 1 0 0 1 0 -0 1 0 0 1 0 -0 1 0 0 1 0 -0 1 0 0 1 0 -0 1 0 0 1 0 -0 1 0 -1 0 0 -1 0 0 0 -1 0 0 -1 0 -0 -1 0 0 -1 0 0 -1 0 0 -1 0 -0 -1 0 0 -1 0 0 -1 0 0 -1 0 -0 -1 0 -0 -1 0 0 -1 0 0 -1 0 0 -1 0 0 -1 0 0 -1 0 0 -1 0 -0 -1 0 0 -1 0 0 -1 0 0 -1 0 -0 -1 0 -0 -1 0 0 -1 0 0 -1 0 0 -1 0 -0 -1 0 0 -1 0 0 -1 0 0 -1 0 -0 -1 0 0 -1 0 0 -1 0 0 -1 0 0 -1 0 0 -1 0 0 -1 0 0 -1 0 -0 -1 0 0 -1 0 0 -1 0 0 -1 0 0 -1 0 -0 -1 0 0 -1 0 0 -1 0 0 -1 0 -0 -1 0 -0 -1 0 0 -1 0 0 -1 0 0 -1 0 0 -1 0 0 -1 0 0 -1 0 0 -1 0 0 -1 0 -0 -1 0 0 -1 0 0 -1 0 -0 -1 0 0 -1 0 -0 -1 0 -0 -1 0 -0 -1 0 0 -1 0 0 -1 0 0 -1 0 0 -1 0 -0 -1 0 -0 -1 0 0 -1 0 -0 -1 0 0 -1 0 -0 -1 0 0 -1 0 0 -1 0 0 -1 0 0 -1 0 0 -1 0 0 -1 0 0 -1 0 0 -1 0 0 -1 0 0 -1 0 0 -1 0 0 -1 0 0 -1 0 0 -1 0 0 -1 0 0 -1 0 0 -1 0 0 -1 0 0 -1 0 0 -1 0 0 -1 0 0 -1 0 0 -1 0 0 -1 0 0 -1 0 0 -1 0 0 -1 0 -0 -1 0 -0 -1 0 -0 -1 0 -0 -1 0 -0 -1 0 -0 -1 0 -0 -1 0 -0 -1 0 -0 -1 0 -0 -1 0 -0 -1 0 -0 -1 0 -0 -1 0 -0 -1 0 -0 -1 0 -0 -1 0 -0 -1 0 -0 -1 0 -0 -1 0 -0 -1 0 -0 -1 0 -0 -1 0 -0 -1 0 -0 -1 0 0 -1 0 0 -1 0 0 -1 0 0 -1 0 0 -1 0 0 -1 0 0 -1 0 0 -1 0 0 -1 0 0 -1 0 0 -1 0 0 -1 0 0 -1 0 0 -1 0 0 -1 0 0 -1 0 0 -1 0 0 -1 0 0 -1 0 0 -1 0 0 -1 0 0 -1 0 0 -1 0 0 -1 0 0 -1 0 0 -1 0 0 -1 0 0 -1 0 0 -1 0 0 -1 0 0 -1 0 0 -1 0 -0 -1 0 0 -1 0 -0 -1 0 0 -1 0 -0 -1 0 -0 -1 0 0 -1 0 0 -1 0 -0 -1 0 -0 -1 0 0 -1 0 -0 -1 0 0 -1 0 -0 -1 0 0 -1 0 -0 -1 0 0 -1 0 0 -1 0 -0 -1 0 0 -1 0 -0 -1 0 0 -1 0 -0 -1 0 -0 -1 0 0 -1 0 0 -1 0 0 -1 0 -0 -1 0 -0 -1 0 0 -1 0 -0 -1 0 0 -1 0 -0 -1 0 -0 -1 0 -0 -1 0 0 -1 0 -0 -1 0 -0 -1 0 -0 -1 0 0 -1 0 -0 -1 0 -0 -1 0 0 -1 0 -0 -1 0 -0 -1 0 -0 -1 0 0 -1 0 -0 -1 0 -0 -1 0 0 -1 0 -0 -1 0 -0 -1 0 -0 -1 0 0 -1 0 -0 -1 0 -0 -1 0 0 -1 0 -0 -1 0 -0 -1 0 0 -1 0 -0 -1 0 0 -1 0 0 -1 0 0 -1 0 0 -1 0 0 -1 0 0 -1 0 0 -1 0 0 -1 0 0 -1 0 0 -1 0 0 -1 0 0 -1 0 0 -1 0 0 -1 0 -0 -1 0 -0 -1 0 -0 -1 0 -0 -1 0 -0 -1 0 -0 -1 0 -0 -1 0 -0 -1 0 -0 -1 0 -0 -1 0 -0 -1 0 -0 -1 0 -0 -1 0 -0 -1 0 -0 -1 0 -0 -1 0 -0 -1 0 -0 -1 0 -0 -1 0 -0 -1 0 -0 -1 0 -0 -1 0 -0 -1 0 -0 -1 0 -0 -1 0 -0 -1 0 -0 -1 0 -0 -1 0 -0 -1 0 0 -1 0 0 -1 0 0 -1 0 0 -1 0 0 -1 0 0 -1 0 0 -1 0 0 -1 0 0 -1 0 0 -1 0 0 -1 0 0 -1 0 0 -1 0 0 -1 0 0 -1 0 0 -1 0 0 -1 0 0 -1 0 0 -1 0 0 -1 0 0 -1 0 0 -1 0 0 -1 0 0 -1 0 0 -1 0 0 -1 0 0 -1 0 0 -1 0 0 -1 0 0 -1 0 0 -1 0 0 -1 0 0 -1 0 0 -1 0 0 -1 0 0 -1 0 0 -1 0 0 -1 0 0 -1 0 0 -1 0 0 -1 0 0 -1 0 0 -1 0 0 -1 0 0 -1 0 0 -1 0 0 -1 0 0 -1 0 0 -1 0 -0 -1 0 -0 -1 0 -0 -1 0 -0 -1 0 0 -1 0 -0 -1 0 0 -1 0 -0 -1 0 0 -1 0 -0 -1 0 0 -1 0 0 -1 0 -0 -1 0 -0 -1 0 0 -1 0 0 -1 0 -0 -1 0 -0 -1 0 0 -1 0 0 -1 0 0 -1 0 0 -1 0 0 -1 0 0 -1 0 -0 -1 -0 -0 -1 -0 -0 -1 -0 -0 -1 -0 -0 -1 -0 -0 -1 0 -0 -1 0 0 -1 0 0 -1 0 0 -1 0 0 -1 0 0 -1 0 0 -1 0 0 -1 0 0 -1 0 0 -1 0 0 -1 0 0 -1 0 0 -1 0 0 -1 0 0 -1 0 0 -1 0 0 -1 0 0 -1 0 0 -1 0 0 -1 0 0 -1 0 0 -1 0 0 -1 0 0 -1 0 0 -1 0 0 -1 0 0 -1 0 0 -1 0 0 -1 0 0 -1 0 0 -1 0 0 -1 0 0 -1 0 0 -1 0 0 -1 0 0 -1 0 0 -1 0 0 -1 0 0 -1 0 0 -1 0 0 -1 0 0 -1 0 0 -1 0 0 -1 0 0 -1 0 0 -1 0 0 -1 0 0 -1 0 0 -1 0 0 -1 0 0 -1 0 0 -1 0 0 -1 0 0 -1 0 0 -1 0 0 -1 0 0 -1 0 0 -1 0 0 -1 0 0 -1 0 0 -1 0 0 -1 0 -0 -1 0 0 -1 0 0 -1 0 0 -1 0 0 -1 0 0 -1 0 0 -1 0 0 -1 0 0 -1 0 -0 -1 0 0 -1 0 -0 -1 0 0 -1 0 0 -1 0 0 -1 0 -0 -1 0 0 -1 0 0 -1 0 -0 -1 0 0 -1 0 0 -1 0 0 -1 0 0 -1 0 -0 -1 0 0 -1 0 0 -1 0 -0 -1 0 0 -1 0 0 -1 0 -0 -1 0 0 -1 0 0 -1 0 0 -1 0 -0 -1 0 0 -1 0 0 -1 0 0 -1 0 0 -1 0 0 -1 0 0 -1 0 0 -1 0 0 -1 0 0 -1 0 0 -1 0 0 -1 0 0 -1 0 0 -1 0 0 -1 0 0 -1 0 0 -1 0 0 -1 0 0 -1 0 0 -1 0 0 -1 0 0 -1 0 0 -1 0 0 -1 0 0 -1 0 0 -1 0 0 -1 0 0 -1 0 0 -1 0 0 -1 0 0 -1 0 0 -1 0 0 -1 0 0 -1 0 0 -1 0 0 -1 0 -0 -1 0 -0 -1 0 0 -1 0 -0 -1 0 0 -1 0 -0 -1 0 0 -1 0 0 -1 0 -0 -1 0 -0 -1 0 0 -1 0 -0 -1 0 0 -1 0 -0 -1 0 0 -1 0 -0 -1 0 0 -1 0 0 -1 0 -0 -1 0 0 -1 0 -0 -1 0 0 -1 0 0 -1 0 -0 -1 0 -0 -1 0 0 -1 0 0 -1 0 -0 -1 0 0 -1 0 -0 -1 0 0 -1 0 0 -1 0 0 -1 0 0 -1 0 0 -1 0 0 -1 0 0 -1 0 0 -1 0 0 -1 0 0 -1 0 0 -1 0 0 -1 0 0 -1 0 0 -1 0 0 -1 0 0 -1 0 0 -1 0 0 -1 0 0 -1 0 0 -1 0 0 -1 0 0 -1 0 -0 -1 0 -0 -1 0 -0 -1 0 -0 -1 0 -0 -1 0 -0 -1 0 -0 -1 0 -0 -1 0 -0 -1 0 -0 -1 0 -0 -1 0 -0 -1 0 -0 -1 0 -0 -1 0 -0 -1 0 -0 -1 0 -0 -1 0 -0 -1 0 -0 -1 0 -0 -1 0 0 -1 0 -0 -1 0 -0 -1 0 -0 -1 0 0 -1 0 0 -1 0 0 -1 0 0 -1 0 0 -1 0 0 -1 0 0 -1 0 0 -1 0 0 -1 0 -0 -1 0 -0 -1 0 -0 -1 0 0 -1 0 0 -1 0 0 -1 0 0 -1 0 0 -1 0 0 -1 0 0 -1 0 0 -1 0 0 -1 0 0 -1 0 0 -1 0 0 -1 0 0 -1 0 0 -1 0 0 -1 0 0 -1 0 0 -1 0 0 -1 0 0 -1 0 0 -1 0 0 -1 0 0 -1 0 0 -1 0 -0 -1 0 0 -1 0 0 -1 0 0 -1 0 -0 -1 0 0 -1 0 0 -1 0 -0 -1 0 0 -1 0 -0 -1 0 0 -1 0 0 -1 0 -0 -1 0 0 -1 0 0 -1 0 -0 -1 0 0 -1 0 -0 -1 0 0 -1 0 0 -1 0 0 -1 0 -0 -1 0 0 -1 0 -0 -1 0 0 -1 0 0 -1 0 0 -1 0 -0 -1 0 0 -1 0 -0 -1 0 0 -1 0 0 -1 0 -0 -1 0 0 -1 0 0 -1 0 -0 -1 0 0 -1 0 0 -1 0 -0 -1 0 0 -1 0 0 -1 0 -0 -1 0 0 -1 0 0 -1 0 0 -1 0 -0 -1 0 0 -1 0 0 -1 0.1222764 0.991883 -0.03487959 0.07351299 0.9966841 -0.0348795 0.02455061 0.9995483 -0.01733278 0.1466674 0.9888415 -0.02609685 0.2189598 0.9751097 -0.03489385 0.1709301 0.9846651 -0.03489397 0.04909343 0.9981848 -0.03488554 0.0490173 0.9981894 -0.03485827 0.3134351 0.9489681 -0.03490045 0.2665617 0.9631858 -0.03490048 0.24289 0.9697019 -0.02612756 0.1466594 0.9885718 -0.03488513 0.1466282 0.9885771 -0.03486242 0.04904538 0.9981884 -0.03484813 0.02490181 0.9983214 -0.05228974 0.07466105 0.996608 -0.03461468 0.1242967 0.991621 -0.03518659 0.3367558 0.9412296 -0.02612091 0.4050457 0.9136304 -0.03489066 0.3596668 0.9324282 -0.0348907 0.2428171 0.9694455 -0.03486235 0.2428252 0.9694432 -0.03486842 0.1466595 0.9885725 -0.03486248 0.173533 0.9842288 -0.03434867 0.2223516 0.9743204 -0.03549105 0.1466403 0.9885759 -0.03484843 0.1465891 0.9882306 -0.04372321 0.492581 0.8695669 -0.03489142 0.4493015 0.8926985 -0.03489136 0.4274146 0.9036777 -0.02614211 0.336666 0.9409787 -0.03485917 0.3366776 0.9409742 -0.03486809 0.2428578 0.9694353 -0.03486228 0.2427732 0.9690977 -0.04371304 0.2706761 0.9620649 -0.03413986 0.3183558 0.9472929 -0.03585625 0.2428173 0.9694465 -0.03483203 0.5754625 0.8170838 -0.03488702 0.5346968 0.8443236 -0.03488706 0.5139371 0.8574303 -0.02611441 0.4273013 0.903437 -0.03485921 0.4273009 0.9034373 -0.03485889 0.3365283 0.9406623 -0.04362368 0.3366446 0.9409873 -0.03483284 0.3366777 0.9409745 -0.0348584 0.3650837 0.9303582 -0.03387332 0.4110191 0.9109092 -0.03616132 0.6527694 0.7567525 -0.03489771 0.6148546 0.787868 -0.03489806 0.5954845 0.8029418 -0.02612815 0.5138023 0.8572001 -0.0348587 0.5138 0.8572016 -0.03485678 0.5138023 0.8572001 -0.0348587 0.4273004 0.9034374 -0.0348582 0.4273013 0.9034371 -0.0348589 0.4271545 0.9031287 -0.0435598 0.4559245 0.8893808 -0.03368429 0.4996964 0.8654293 -0.0365445 0.7238302 0.689096 -0.03487865 0.6891119 0.7238151 -0.03487809 0.6713427 0.7406865 -0.02612259 0.5953486 0.8027111 -0.03485691 0.5953262 0.8027285 -0.03483662 0.6711642 0.7404896 -0.03483821 0.513806 0.857198 -0.03485555 0.5136322 0.8569081 -0.04347832 0.5422681 0.8395378 -0.03348955 0.5833199 0.8114033 -0.03691337 0.7406891 0.6713396 -0.02612968 0.7878781 0.6148419 -0.03489314 0.7567353 0.6527895 -0.03489339 0.671128 0.7405208 -0.03487249 0.7404914 0.6711605 -0.03487095 0.5953361 0.8027204 -0.03485554 0.5951374 0.8024524 -0.04337623 0.6231502 0.7813918 -0.03332632 0.6612136 0.7492687 -0.03732349 0.5953484 0.8027108 -0.03486678 0.8443399 0.5346701 -0.03489904 0.8170799 0.5754671 -0.03489973 0.8029292 0.5955012 -0.02613601 0.7405 0.6711515 -0.03486207 0.6711484 0.7405026 -0.03486603 0.6711286 0.7405215 -0.0348463 0.7405005 0.6711519 -0.03484749 0.6709283 0.7402597 -0.04325135 0.6978376 0.7154869 -0.03318279 0.7325562 0.6796587 -0.03775785 0.8926815 0.4493358 -0.03488612 0.8695474 0.4926158 -0.03488562 0.8574404 0.5139195 -0.02613009 0.8027157 0.5953429 -0.03484625 0.802728 0.5953255 -0.0348615 0.7405105 0.6711412 -0.03483691 0.765604 0.6424624 -0.03305427 0.7965512 0.6033632 -0.03819812 0.7402716 0.6709247 -0.04310577 0.9324337 0.3596541 -0.03487753 0.9136507 0.4050013 -0.03487621 0.9036863 0.427398 -0.02611658 0.8572121 0.5137827 -0.0348519 0.8572094 0.5137876 -0.03484792 0.8027278 0.5953254 -0.0348667 0.8024523 0.5951686 -0.04294774 0.8257942 0.5630097 -0.03292179 0.8526586 0.5210381 -0.03863479 0.8027059 0.5953566 -0.03483923 0.9631862 0.2665614 -0.03488981 0.9489481 0.3134965 -0.03489 0.9412197 0.3367834 -0.0261232 0.9034451 0.4272839 -0.03486225 0.9034397 0.427296 -0.03485276 0.9409688 0.3366936 -0.03486159 0.8572183 0.5137715 -0.03486514 0.8572093 0.5137876 -0.03485188 0.856955 0.5136137 -0.04276801 0.9034397 0.427296 -0.03485276 0.8777552 0.4779831 -0.03283142 0.9002779 0.4335549 -0.03911233 0.984679 0.170851 -0.03488688 0.9751108 0.2189563 -0.0348862 0.9697019 0.2428908 -0.02611759 0.9409702 0.3366897 -0.03485863 0.9034352 0.4273051 -0.03486007 0.9031653 0.4271775 -0.04256564 0.9209851 0.3882195 -0.03274069 0.9389492 0.3417701 -0.03959229 0.9888383 0.1466844 -0.0261246 0.9966837 0.07351516 -0.0348885 0.9918742 0.1223451 -0.03488826 0.9694415 0.2428332 -0.03485821 0.9694431 0.242826 -0.03486348 0.9409705 0.3366887 -0.03485938 0.9409702 0.3366897 -0.03485861 0.940698 0.3365912 -0.04235142 0.9550641 0.2945921 -0.03268115 0.9682953 0.2465677 -0.04010507 0.9990901 0.024527 -0.03488973 0.9984546 0.04905162 -0.02612397 0.9990901 -0.024527 -0.03488972 0.9885756 0.146639 -0.03486124 0.9885748 0.1466453 -0.03485666 0.9691715 0.2427601 -0.04212207 0.9694417 0.2428332 -0.03485435 0.9694428 0.242828 -0.0348582 0.9796529 0.1980273 -0.03263958 0.988013 0.1489266 -0.04063286 0.9984546 -0.04905162 -0.02612397 0.9918758 -0.1223323 -0.03488827 0.9966837 -0.07351516 -0.0348885 0.9981884 0.04903854 -0.03485824 0.9981884 0.04904008 -0.03485714 0.9885756 0.1466403 -0.03485574 0.9885758 0.146639 -0.03485667 0.9945024 0.09950618 -0.03261238 0.9979095 0.04980903 -0.04117781 0.9883092 0.1466008 -0.04187006 0.9751105 -0.2189562 -0.03489442 0.9846758 -0.1708687 -0.0348933 0.9888395 -0.1466768 -0.02612185 0.9981883 -0.04904007 -0.03485823 0.9981884 -0.04903854 -0.03485714 0.9981885 0.04903835 -0.03485714 0.9981885 0.04904008 -0.03485589 0.9981885 -0.04904008 -0.03485589 0.9979308 0.0490257 -0.04160029 0.9994684 0 -0.0326036 0.9489481 -0.3134965 -0.03489 0.9631862 -0.2665614 -0.03488981 0.9696987 -0.2429032 -0.02612214 0.9885759 -0.1466377 -0.03485574 0.9885758 -0.146639 -0.03485666 0.9979308 -0.0490257 -0.04160029 0.9981885 -0.04903835 -0.03485714 0.9979097 -0.04980396 -0.04118055 0.9945012 -0.09951625 -0.03261437 0.9412255 -0.3367667 -0.02612951 0.9136502 -0.4050011 -0.03489141 0.9324332 -0.3596539 -0.03489103 0.9694402 -0.2428384 -0.03485822 0.9694417 -0.2428332 -0.03485436 0.9409747 -0.336677 -0.03485864 0.9796529 -0.1980273 -0.03263958 0.9885756 -0.1466403 -0.03485667 0.9885758 -0.146639 -0.03485573 0.9883092 -0.1466008 -0.04187006 0.988013 -0.1489266 -0.04063286 0.9036765 -0.4274182 -0.0261246 0.8695474 -0.4926158 -0.03488562 0.8926815 -0.4493358 -0.03488612 0.9409705 -0.3366898 -0.03484896 0.9682953 -0.2465677 -0.04010507 0.9550641 -0.2945921 -0.03268115 0.969443 -0.2428281 -0.03485437 0.9409702 -0.3366897 -0.03485861 0.9694415 -0.2428332 -0.03485822 0.9691715 -0.2427601 -0.04212207 0.8574404 -0.5139195 -0.02613009 0.8170799 -0.5754671 -0.03489973 0.8443399 -0.5346701 -0.03489905 0.8572121 -0.5137827 -0.03485191 0.9034399 -0.4272962 -0.03484619 0.9034358 -0.4273044 -0.03485277 0.9389604 -0.3417372 -0.03960987 0.9209695 -0.3882558 -0.03274979 0.9409705 -0.3366887 -0.03485937 0.940698 -0.3365912 -0.04235142 0.8029292 -0.5955012 -0.02613601 0.7567353 -0.6527895 -0.0348934 0.7878781 -0.6148419 -0.03489313 0.8572094 -0.5137876 -0.03484793 0.9002784 -0.4335552 -0.03909606 0.8777557 -0.4779834 -0.03281348 0.903175 -0.4271576 -0.04256057 0.9034392 -0.4272958 -0.03486878 0.9034446 -0.4272851 -0.03486013 0.8572087 -0.5137872 -0.03487117 0.7406891 -0.6713396 -0.02612968 0.6891119 -0.723815 -0.0348781 0.7238302 -0.689096 -0.03487864 0.8027153 -0.5953426 -0.03486154 0.8027284 -0.5953258 -0.03484628 0.8526586 -0.5210381 -0.0386348 0.8257942 -0.5630097 -0.03292179 0.8572046 -0.5137944 -0.0348652 0.8569418 -0.5136368 -0.04275516 0.6148546 -0.787868 -0.03489806 0.6527694 -0.7567525 -0.03489772 0.6713427 -0.7406865 -0.02612259 0.7405 -0.6711515 -0.03486206 0.7404914 -0.6711605 -0.03487096 0.7965519 -0.6033636 -0.03817549 0.7656046 -0.6424629 -0.03303016 0.802471 -0.595144 -0.04293996 0.802728 -0.5953255 -0.0348615 0.8027235 -0.5953312 -0.03486672 0.7405 -0.6711515 -0.03486206 0.5346968 -0.8443236 -0.03488706 0.5754625 -0.8170838 -0.03488703 0.5954845 -0.8029418 -0.02612813 0.6711636 -0.7404889 -0.03486598 0.6711566 -0.7404948 -0.03487257 0.7325562 -0.6796587 -0.03775786 0.6978376 -0.7154869 -0.03318279 0.7402487 -0.6709509 -0.04308978 0.7404869 -0.6711668 -0.03484751 0.4493015 -0.8926985 -0.03489135 0.492581 -0.8695669 -0.03489141 0.5139371 -0.8574303 -0.02611441 0.5953258 -0.8027279 -0.03485698 0.5953147 -0.8027357 -0.0348667 0.5138 -0.8572016 -0.03485677 0.6612136 -0.7492687 -0.03732349 0.6231502 -0.7813918 -0.03332632 0.6711574 -0.7404957 -0.03483823 0.6709283 -0.7402597 -0.04325135 0.6711489 -0.7405031 -0.03484634 0.3596668 -0.9324282 -0.03489069 0.4050457 -0.9136304 -0.03489066 0.4274146 -0.9036777 -0.02614211 0.5138023 -0.8572001 -0.0348587 0.5833862 -0.811354 -0.03694941 0.5421959 -0.8395835 -0.0335151 0.5953365 -0.802721 -0.03483663 0.595315 -0.802736 -0.03485559 0.5951374 -0.8024524 -0.04337623 0.2664642 -0.963214 -0.03486425 0.3135305 -0.9489379 -0.03486477 0.3367558 -0.9412296 -0.0261209 0.4273009 -0.9034373 -0.03485921 0.4273013 -0.9034371 -0.03485889 0.336666 -0.9409787 -0.03485918 0.4996964 -0.8654293 -0.03654451 0.4559245 -0.8893808 -0.03368429 0.5136322 -0.8569081 -0.04347832 0.5138023 -0.8572001 -0.0348587 0.513806 -0.857198 -0.03485557 0.1709301 -0.9846651 -0.03489397 0.2189598 -0.9751097 -0.03489385 0.24289 -0.9697019 -0.02612755 0.3366776 -0.9409742 -0.03486808 0.3366777 -0.9409745 -0.03485841 0.4110191 -0.9109092 -0.03616132 0.3651718 -0.9303235 -0.03387775 0.4273013 -0.9034371 -0.0348582 0.4273004 -0.9034374 -0.03485889 0.4271545 -0.9031287 -0.0435598 0.1467186 -0.9888334 -0.0261154 0.02455059 -0.9995477 -0.01737031 0.07351289 -0.9966828 -0.03491689 0.1222762 -0.9918817 -0.0349168 0.242817 -0.9694453 -0.03486841 0.2428253 -0.9694434 -0.03486233 0.1466795 -0.9885695 -0.03486251 0.3182649 -0.9473249 -0.03581748 0.2706765 -0.9620661 -0.03410377 0.3366902 -0.9409696 -0.03486807 0.336574 -0.940645 -0.04364328 0.04898839 -0.9981912 -0.03484792 0.1466596 -0.988573 -0.03484804 0.0490173 -0.9981894 -0.03485827 0.2427246 -0.9691108 -0.04369342 0.2428089 -0.9694473 -0.03486839 0.2223516 -0.9743204 -0.03549105 0.173533 -0.9842288 -0.03434867 0.2428171 -0.9694455 -0.03486235 0.04904538 -0.9981884 -0.03484813 0.1465891 -0.9882306 -0.04372321 0.1242967 -0.991621 -0.03518659 0.07466105 -0.996608 -0.03461468 0.1466402 -0.9885754 -0.03486244 0.02490181 -0.9983214 -0.05228974 0.1466596 -0.988573 -0.03484838 -0 -0.9993908 -0.03490023 0 -0.9993908 -0.03490023 -0.1222762 -0.9918817 -0.0349168 -0.07351289 -0.9966828 -0.03491689 -0.02455059 -0.9995477 -0.01737031 -0.1467186 -0.9888334 -0.0261154 -0.2189598 -0.9751097 -0.03489385 -0.1709301 -0.9846651 -0.03489397 -0.0490173 -0.9981894 -0.03485827 -0.04898839 -0.9981912 -0.03484792 -0.3135305 -0.9489379 -0.03486476 -0.2664642 -0.963214 -0.03486425 -0.24289 -0.9697019 -0.02612756 -0.1466596 -0.988573 -0.03484805 -0.1466795 -0.9885695 -0.03486251 -0.02447052 -0.9983158 -0.05260075 -0.07357171 -0.9966797 -0.03487955 -0.1223447 -0.9918746 -0.03487953 -0.04904538 -0.9981884 -0.03484813 -0.4050457 -0.9136304 -0.03489066 -0.3596668 -0.9324282 -0.0348907 -0.3367558 -0.9412296 -0.02612091 -0.2428171 -0.9694455 -0.03486235 -0.2428252 -0.9694432 -0.03486842 -0.1466403 -0.9885759 -0.03484843 -0.1708084 -0.9846862 -0.03489386 -0.21896 -0.9751097 -0.03489385 -0.1466595 -0.9885725 -0.03486248 -0.2428171 -0.9694455 -0.03486235 -0.146589 -0.98823 -0.04373892 -0.492581 -0.8695669 -0.03489142 -0.4493015 -0.8926985 -0.03489136 -0.4274146 -0.9036777 -0.02614211 -0.336666 -0.9409787 -0.03485917 -0.3366776 -0.9409742 -0.03486809 -0.2665917 -0.9631788 -0.03486375 -0.313506 -0.9489459 -0.03486405 -0.242724 -0.9691083 -0.04375078 -0.2428089 -0.9694473 -0.0348684 -0.5139371 -0.8574303 -0.02611441 -0.5754625 -0.8170838 -0.03488702 -0.5346968 -0.8443236 -0.03488706 -0.4273009 -0.9034373 -0.03485889 -0.4273013 -0.903437 -0.03485921 -0.3596043 -0.9324524 -0.03489064 -0.4050474 -0.9136298 -0.03489065 -0.3365729 -0.9406418 -0.04372348 -0.4273013 -0.9034371 -0.0348582 -0.3366777 -0.9409745 -0.0348584 -0.3366902 -0.9409696 -0.03486806 -0.5954845 -0.8029418 -0.02612815 -0.6527694 -0.7567525 -0.03489771 -0.6148546 -0.787868 -0.03489806 -0.5138 -0.8572016 -0.03485678 -0.5138023 -0.8572001 -0.0348587 -0.4492958 -0.8927015 -0.03489134 -0.4925868 -0.8695636 -0.03489142 -0.4271512 -0.9031218 -0.04373499 -0.4273004 -0.9034374 -0.03485887 -0.7238302 -0.689096 -0.03487865 -0.6891119 -0.7238151 -0.03487809 -0.6713427 -0.7406865 -0.02612259 -0.5953149 -0.802736 -0.03485698 -0.5953256 -0.8027276 -0.03486674 -0.5136258 -0.8568974 -0.04376549 -0.5347201 -0.8443088 -0.03488833 -0.5754545 -0.8170893 -0.03488838 -0.513806 -0.8571979 -0.03485869 -0.5138023 -0.8572003 -0.03485557 -0.7406891 -0.6713396 -0.02612968 -0.7878781 -0.6148419 -0.03489314 -0.7567353 -0.6527895 -0.03489339 -0.6711568 -0.740495 -0.03486601 -0.6711634 -0.7404887 -0.03487259 -0.6148365 -0.787882 -0.03489804 -0.6527575 -0.7567626 -0.03489773 -0.5951276 -0.8024393 -0.04375212 -0.5953361 -0.8027204 -0.03485554 -0.5953154 -0.8027366 -0.03483661 -0.6711574 -0.7404957 -0.03483823 -0.8029292 -0.5955012 -0.02613601 -0.8443399 -0.5346701 -0.03489904 -0.8170799 -0.5754671 -0.03489973 -0.7404917 -0.6711607 -0.03486202 -0.7404999 -0.6711513 -0.03487093 -0.7405005 -0.6711519 -0.03484749 -0.6891162 -0.7238097 -0.03490526 -0.723822 -0.6891033 -0.03490451 -0.6709132 -0.7402431 -0.04376747 -0.6711489 -0.7405031 -0.03484634 -0.8574404 -0.5139195 -0.02613009 -0.8926815 -0.4493358 -0.03488612 -0.8695474 -0.4926158 -0.03488562 -0.8027157 -0.5953429 -0.03484625 -0.802728 -0.5953255 -0.0348615 -0.802728 -0.5953255 -0.0348615 -0.7567695 -0.6527511 -0.03486896 -0.7878428 -0.6148885 -0.03487012 -0.7404864 -0.6711665 -0.03486203 -0.7402274 -0.6709316 -0.043751 -0.9036765 -0.4274182 -0.0261246 -0.9324332 -0.3596539 -0.03489102 -0.9136502 -0.4050011 -0.0348914 -0.8572094 -0.5137876 -0.03484792 -0.8572121 -0.5137827 -0.0348519 -0.8024428 -0.5951231 -0.04375003 -0.8171058 -0.5754316 -0.03487818 -0.8443356 -0.5346783 -0.03487898 -0.8027235 -0.5953312 -0.03486669 -0.9412255 -0.3367667 -0.02612952 -0.9631862 -0.2665614 -0.03488981 -0.9489481 -0.3134965 -0.03489 -0.9034397 -0.427296 -0.03485276 -0.903436 -0.4273044 -0.03484618 -0.856905 -0.5136149 -0.04374301 -0.8695508 -0.4926099 -0.03488358 -0.8926809 -0.4493371 -0.03488403 -0.8572046 -0.5137944 -0.03486519 -0.8572087 -0.5137872 -0.03487116 -0.9034392 -0.4272958 -0.03486878 -0.9696987 -0.2429032 -0.02612214 -0.9846758 -0.1708687 -0.0348933 -0.9751105 -0.2189562 -0.03489442 -0.9409705 -0.3366898 -0.03484895 -0.9409747 -0.336677 -0.03485862 -0.9031285 -0.4271356 -0.04375092 -0.9136537 -0.4049934 -0.03489142 -0.9324292 -0.3596644 -0.03489104 -0.9034446 -0.4272851 -0.03486013 -0.9995486 -0.02453825 -0.01733578 -0.9966837 -0.07351516 -0.0348885 -0.9918758 -0.1223323 -0.03488827 -0.9888395 -0.1466768 -0.02612185 -0.9694415 -0.2428332 -0.03485821 -0.9885759 -0.1466377 -0.03485573 -0.9694403 -0.2428385 -0.03485435 -0.9406413 -0.3365709 -0.04374819 -0.9489452 -0.3135056 -0.03488999 -0.9631941 -0.2665329 -0.03488978 -0.9409702 -0.3366897 -0.03485861 -0.9409705 -0.3366887 -0.03485938 -0.9981886 -0.049037 -0.03485714 -0.9885758 -0.146639 -0.03485667 -0.9981885 -0.04903845 -0.03485765 -0.9751035 -0.2189875 -0.03489439 -0.9846796 -0.1708466 -0.03489329 -0.9694428 -0.242828 -0.0348582 -0.9691036 -0.2427431 -0.04374821 -0.9694417 -0.2428332 -0.03485435 -0.9882295 -0.1465889 -0.04375247 -0.9918759 -0.1223312 -0.03488827 -0.9966831 -0.0735241 -0.03488851 -0.998316 -0.02450877 -0.05257801 -0.9885758 -0.146639 -0.03485667 -0.9885756 -0.1466403 -0.03485574 -0.9981884 -0.04903987 -0.03485714 0 0.9993908 -0.03490023 0 0.9993908 -0.03490023 -0 1 0 0 1 0 1 0 0 1 0 0 1 0 -0 1 0 0 1 0 -0 0 -1 0 0 -1 0 0 -1 0 0 1 0 -0 1 0 -1 0 0 -1 0 0 -1 0 0 0 1 0 0 1 0 0 -1 0 0 -1 0 -1 0 0 -1 0 0 0.9996992 -0.0245262 0 0.997289 -0.07358426 0 0.9996992 -0.0245262 0 0.9924794 -0.122412 0 0.997289 -0.07358426 0 0.9852765 -0.1709686 0 0.9924794 -0.122412 0 0.9757056 -0.2190861 0 0.9852765 -0.1709686 0 0.9637669 -0.2667458 0 0.9757056 -0.2190861 0 0.9495317 -0.3136712 0 0.9637669 -0.2667458 0 0.9330183 -0.3598288 0 0.9495317 -0.3136712 0 0.9330183 -0.3598288 0 0.9141651 -0.405342 0 0.9141651 -0.405342 0 0.8932554 -0.4495496 0 0.8700569 -0.4929514 0 0.8932554 -0.4495496 0 0.8448537 -0.5349973 0 0.8700569 -0.4929514 0 0.8176341 -0.5757383 0 0.8448537 -0.5349973 0 0.7883636 -0.6152096 0 0.8176341 -0.5757383 0 0.7571501 -0.653241 0 0.7883636 -0.6152096 0 0.7242414 -0.6895465 0 0.7571501 -0.653241 0 0.6895962 -0.7241941 0 0.7242414 -0.6895465 0 0.6531284 -0.7572471 0 0.6895962 -0.7241941 0 0.6152633 -0.7883216 0 0.6531284 -0.7572471 0 0.5757844 -0.8176015 0 0.6152633 -0.7883216 0 0.5349611 -0.8448767 0 0.5757844 -0.8176015 0 0.4929349 -0.8700662 0 0.5349611 -0.8448767 0 0.4496492 -0.8932052 0 0.4929349 -0.8700662 0 0.4051459 -0.914252 0 0.4496492 -0.8932052 0 0.359881 -0.9329982 0 0.4051459 -0.914252 0 0.3138486 -0.949473 0 0.359881 -0.9329982 0 0.3138486 -0.949473 0 0.2666143 -0.9638033 0 0.219109 -0.9757004 0 0.2666143 -0.9638033 0 0.1708636 -0.9852947 0 0.219109 -0.9757004 0 0.1708636 -0.9852947 0 0.1226113 -0.9924548 0 0.1226113 -0.9924548 0 0.07336782 -0.9973049 0 0.07336782 -0.9973049 0 0.0246217 -0.9996969 0 0.0246217 -0.9996969 0 0.02437314 0.9997029 0 0.02437314 0.9997029 -0 0.07361518 0.9972867 -0 0.07361518 0.9972867 0 0.1223663 0.992485 -0 0.1223663 0.992485 0 0.171105 0.9852528 -0 0.171105 0.9852528 0 0.219109 0.9757003 -0 0.219109 0.9757003 0 0.2666143 0.9638033 -0 0.2666143 0.9638033 0 0.3136245 0.9495471 -0 0.3136245 0.9495471 0 0.3600974 0.9329147 -0 0.3600974 0.9329147 0 0.4051459 0.914252 0 0.4051459 0.914252 -0 0.4496492 0.8932052 -0 0.4496492 0.8932052 0 0.4929349 0.8700662 -0 0.4929349 0.8700662 0 0.5349612 0.8448767 -0 0.5349612 0.8448767 0 0.5757845 0.8176015 -0 0.5757845 0.8176015 0 0.6152633 0.7883217 -0 0.6152633 0.7883217 0 0.6531284 0.7572471 -0 0.6531284 0.7572471 0 0.6895962 0.7241941 -0 0.6895962 0.7241941 0 0.7242414 0.6895465 -0 0.7242414 0.6895465 0 0.7571501 0.6532409 -0 0.7571501 0.6532409 0 0.7883636 0.6152096 -0 0.7883636 0.6152096 0 0.8175516 0.5758553 -0 0.8175516 0.5758553 0 0.8448537 0.5349973 -0 0.8448537 0.5349973 0 0.8701173 0.4928447 -0 0.8701173 0.4928447 0 0.893205 0.4496495 -0 0.893205 0.4496495 0 0.9142059 0.4052499 -0 0.9142059 0.4052499 0 0.9330184 0.3598288 -0 0.9330184 0.3598288 0 0.9495317 0.3136713 -0 0.9495317 0.3136713 0 0.9637669 0.2667458 -0 0.9637669 0.2667458 0 0.9757055 0.2190861 -0 0.9852765 0.1709686 -0 0.9757055 0.2190861 0 0.9852765 0.1709686 -0 0.9924794 0.122412 -0 0.9924794 0.122412 0 0.9972891 0.07358427 -0 0.9972891 0.07358427 0 0.9996992 0.0245262 -0 0.9996992 0.0245262 0 -0.9996992 0.0245262 0 -0.9996992 0.0245262 0 -0.9972891 0.07358427 0 -0.9972891 0.07358427 0 -0.9924794 0.122412 0 -0.9924794 0.122412 0 -0.9852765 0.1709686 0 -0.9852765 0.1709686 0 -0.9757055 0.2190861 0 -0.9757055 0.2190861 0 -0.9637669 0.2667458 0 -0.9637669 0.2667458 0 -0.9495317 0.3136713 0 -0.9495317 0.3136713 0 -0.9330184 0.3598288 0 -0.9330184 0.3598288 0 -0.9142059 0.4052499 0 -0.9142059 0.4052499 0 -0.893205 0.4496495 0 -0.893205 0.4496495 0 -0.8701173 0.4928447 0 -0.8701173 0.4928447 0 -0.8448537 0.5349973 0 -0.8448537 0.5349973 0 -0.8175516 0.5758553 0 -0.8175516 0.5758553 0 -0.7883636 0.6152096 0 -0.7883636 0.6152096 0 -0.7571501 0.6532409 0 -0.7571501 0.6532409 0 -0.7242414 0.6895465 0 -0.7242414 0.6895465 0 -0.6895962 0.7241941 0 -0.6895962 0.7241941 0 -0.6531284 0.7572471 0 -0.6531284 0.7572471 0 -0.6152633 0.7883217 0 -0.6152633 0.7883217 0 -0.5757845 0.8176015 0 -0.5757845 0.8176015 0 -0.5349612 0.8448767 0 -0.5349612 0.8448767 0 -0.4929349 0.8700662 0 -0.4929349 0.8700662 0 -0.4496492 0.8932052 0 -0.4496492 0.8932052 0 -0.4051459 0.914252 0 -0.4051459 0.914252 0 -0.3600974 0.9329147 0 -0.3600974 0.9329147 0 -0.3136245 0.9495471 0 -0.3136245 0.9495471 0 -0.2666143 0.9638033 0 -0.2666143 0.9638033 0 -0.219109 0.9757003 0 -0.219109 0.9757003 0 -0.171105 0.9852528 0 -0.171105 0.9852528 0 -0.1223663 0.992485 0 -0.1223663 0.992485 0 -0.07361518 0.9972867 0 -0.07361518 0.9972867 0 -0.02437314 0.9997029 0 -0.02437314 0.9997029 0 -0.0246217 -0.9996969 0 -0.0246217 -0.9996969 0 -0.07336782 -0.9973049 0 -0.07336782 -0.9973049 0 -0.1226113 -0.9924548 0 -0.1226113 -0.9924548 0 -0.1708636 -0.9852947 0 -0.1708636 -0.9852947 0 -0.219109 -0.9757004 0 -0.219109 -0.9757004 0 -0.2666143 -0.9638033 0 -0.2666143 -0.9638033 0 -0.3138486 -0.949473 0 -0.3138486 -0.949473 0 -0.359881 -0.9329982 0 -0.359881 -0.9329982 0 -0.4051459 -0.914252 0 -0.4051459 -0.914252 0 -0.4496492 -0.8932052 0 -0.4496492 -0.8932052 0 -0.4929349 -0.8700662 0 -0.4929349 -0.8700662 0 -0.5349611 -0.8448767 0 -0.5349611 -0.8448767 0 -0.5757844 -0.8176015 0 -0.5757844 -0.8176015 0 -0.6152633 -0.7883216 0 -0.6152633 -0.7883216 0 -0.6531284 -0.7572471 0 -0.6531284 -0.7572471 0 -0.6895962 -0.7241941 0 -0.6895962 -0.7241941 0 -0.7242414 -0.6895465 0 -0.7242414 -0.6895465 0 -0.7571501 -0.653241 0 -0.7571501 -0.653241 0 -0.7883636 -0.6152096 0 -0.7883636 -0.6152096 0 -0.8176341 -0.5757383 0 -0.8448537 -0.5349973 0 -0.8176341 -0.5757383 0 -0.8700569 -0.4929514 0 -0.8448537 -0.5349973 0 -0.8700569 -0.4929514 0 -0.8932554 -0.4495496 0 -0.9141651 -0.405342 0 -0.8932554 -0.4495496 0 -0.9141651 -0.405342 0 -0.9330183 -0.3598288 0 -0.9495317 -0.3136712 0 -0.9330183 -0.3598288 0 -0.9495317 -0.3136712 0 -0.9637669 -0.2667458 0 -0.9757056 -0.2190861 0 -0.9637669 -0.2667458 0 -0.9757056 -0.2190861 0 -0.9852765 -0.1709686 0 -0.9924794 -0.122412 0 -0.9852765 -0.1709686 0 -0.9924794 -0.122412 0 -0.997289 -0.07358426 0 -0.997289 -0.07358426 0 -0.9996992 -0.0245262 0 -0.9996992 -0.0245262 0 -0.9993986 -0.02451883 0.02452112 -0.02452112 -0.02451883 0.9993986 -0.07282943 -0.9899864 -0.120924 -0.02451254 -0.9952648 0.09405909 -0.0581095 -0.9983023 0.003966779 -0.03384696 -0.9994162 0.004654657 -0.1225912 -0.9922924 -0.01808806 -0.101962 -0.994764 0.006960319 -0.09085143 -0.9897807 0.1099102 -0.03345161 -0.9994161 0.006947642 -0.1018407 -0.9947457 0.01046717 -0.1012463 -0.994764 0.01392346 -0.1705476 -0.9845644 0.03932461 -0.1707416 -0.9845912 0.037783 -0.2190569 -0.9754684 -0.02180819 -0.03289813 -0.9994162 0.00921886 -0.1008886 -0.9947457 0.01738879 -0.1000631 -0.994764 0.02078233 -0.1697313 -0.985422 0.01160381 -0.1687526 -0.9855058 0.01734431 -0.03219168 -0.9994163 0.01144469 -0.09946462 -0.9947457 0.0242445 -0.09840862 -0.9947639 0.0275765 -0.1685426 -0.985422 0.02317123 -0.1671786 -0.9855055 0.02881436 -0.2359174 -0.9716393 0.01612865 -0.2666084 -0.9637818 -0.006689691 -0.2304535 -0.9719049 0.0478756 -0.03133957 -0.9994162 0.01360547 -0.09629366 -0.994764 0.03423403 -0.0975814 -0.9947457 0.03096462 -0.1665722 -0.9854218 0.03460754 -0.1648169 -0.9855057 0.04017418 -0.2342664 -0.9716389 0.03220692 -0.2361548 -0.9714119 0.02428403 -0.03033474 -0.9994162 0.01571835 -0.3043405 -0.9517019 0.04050149 -0.3138486 -0.9494728 0.0007153405 -0.3598607 -0.9329455 0.0106297 -0.09523451 -0.9947457 0.03756626 -0.0937466 -0.994764 0.04069827 -0.1638168 -0.9854219 0.04591057 -0.161699 -0.9855052 0.05131042 -0.2315242 -0.9716393 0.04810211 -0.2339478 -0.9714124 0.04033007 -0.02919085 -0.9994163 0.01775278 -0.3002417 -0.9533634 0.03087421 -0.3026067 -0.9528906 0.02070541 -0.0924542 -0.9947456 0.0439714 -0.0907421 -0.9947638 0.04701924 -0.1603077 -0.9854215 0.0569738 -0.1578105 -0.9855053 0.06225002 -0.227697 -0.9716387 0.06381334 -0.2306486 -0.9714118 0.0562169 -0.02791108 -0.9994162 0.01970391 -0.2974343 -0.9533644 0.05127439 -0.3004878 -0.9528915 0.04129025 -0.08731917 -0.994764 0.05310425 -0.08924213 -0.9947457 0.05016982 -0.4051431 -0.9142456 0.003747768 -0.3650214 -0.930664 0.0249761 -0.363803 -0.9309818 0.03033731 -0.1560448 -0.9854219 0.06777734 -0.1531987 -0.9855057 0.07286165 -0.2262766 -0.9714125 0.07181073 -0.2228135 -0.9716396 0.07918848 -0.02650422 -0.9994162 0.02155915 -0.2932374 -0.9533643 0.07147199 -0.2969676 -0.9528913 0.06171308 -0.08560433 -0.9947456 0.05615107 -0.08349083 -0.9947639 0.05894061 -0.3660816 -0.9298216 0.03762993 -0.3624682 -0.9306644 0.04980702 -0.1478752 -0.9855059 0.08313192 -0.151059 -0.9854222 0.07825771 -0.4496371 -0.8931812 -0.007337678 -0.4312342 -0.9014027 0.03886296 -0.2208462 -0.9714127 0.0870879 -0.2168913 -0.9716396 0.09420572 -0.02496674 -0.9994162 0.02332242 -0.2920623 -0.9528921 0.08183006 -0.2876812 -0.9533646 0.09129795 -0.08157468 -0.9947457 0.06185933 -0.07928252 -0.994764 0.06449026 -0.3626626 -0.9298207 0.06252519 -0.3582209 -0.9306643 0.07444213 -0.1418499 -0.9855056 0.09304466 -0.1453566 -0.985422 0.08840236 -0.4258681 -0.9037257 0.04377546 -0.4299498 -0.9023737 0.02941062 -0.2143889 -0.9714127 0.1019542 -0.2099647 -0.9716393 0.1087745 -0.02331952 -0.9994162 0.02496961 -0.280783 -0.9533631 0.1107233 -0.2857961 -0.9528911 0.1015836 -0.07715887 -0.9947456 0.06728824 -0.07468387 -0.9947639 0.06976518 -0.3575475 -0.9298214 0.08713169 -0.3523068 -0.9306645 0.09870934 -0.1389946 -0.9854221 0.09810063 -0.135171 -0.9855061 0.1025023 -0.4218867 -0.9037263 0.07273575 -0.4269423 -0.9023733 0.05867421 -0.2020402 -0.9716385 0.122876 -0.206928 -0.9714116 0.1163626 -0.4873559 -0.8725668 0.03333749 -0.4928178 -0.8698595 0.0217944 -0.5349057 -0.8447892 0.014386 -0.4884415 -0.8721035 0.0293327 -0.0215593 -0.9994161 0.0265044 -0.2782055 -0.9528906 0.1208357 -0.2725728 -0.9533634 0.1296239 -0.06975544 -0.994764 0.07469136 -0.07239566 -0.9947457 0.07238726 -0.3447402 -0.9306661 0.1225347 -0.3507693 -0.9298217 0.1113222 -0.131967 -0.9854222 0.1073674 -0.1278527 -0.985506 0.111497 -0.4159422 -0.9037245 0.101362 -0.4219416 -0.9023725 0.08768734 -0.1931962 -0.9716391 0.1363554 -0.1985148 -0.9714122 0.1301933 -0.4894899 -0.8705555 0.05032673 -0.4839498 -0.8725647 0.06650868 -0.01970661 -0.9994161 0.02790931 -0.263084 -0.9533626 0.1479409 -0.269305 -0.9528898 0.1395557 -0.5491205 -0.8349827 0.03564518 -0.5757764 -0.8175901 -0.005288802 -0.06448968 -0.994764 0.07928181 -0.06728327 -0.9947457 0.07716157 -0.3423445 -0.9298227 0.1350181 -0.3355862 -0.9306645 0.1457583 -0.1199629 -0.9855055 0.119949 -0.1243249 -0.9854222 0.1161312 -0.4149781 -0.9023729 0.1162596 -0.4080543 -0.903726 0.1295025 -0.1891627 -0.9714119 0.1434451 -0.1834292 -0.9716389 0.1492368 -0.4782834 -0.8725626 0.09939621 -0.4849204 -0.8705518 0.08361717 -0.01775035 -0.9994162 0.02919244 -0.2523886 -0.9533632 0.1655257 -0.2591599 -0.9528906 0.1575928 -0.5494518 -0.8346798 0.03758194 -0.5435745 -0.8374982 0.05588749 -0.06185757 -0.9947459 0.08157504 -0.05894832 -0.994764 0.08348502 -0.324846 -0.9306651 0.1683374 -0.332343 -0.929821 0.1580541 -0.1114906 -0.9855059 0.1278594 -0.1161318 -0.985422 0.1243262 -0.4060745 -0.9023736 0.1443104 -0.3982521 -0.9037284 0.1570677 -0.1728068 -0.9716389 0.1614179 -0.1789257 -0.9714118 0.1560279 -0.4780844 -0.8705526 0.1165053 -0.4703915 -0.8725622 0.1317842 -0.01572068 -0.9994162 0.03033363 -0.2404984 -0.9533626 0.1823738 -0.247801 -0.9528899 0.174916 -0.5384906 -0.8374997 0.09285458 -0.545603 -0.8346816 0.0749936 -0.05309665 -0.994764 0.08732341 -0.05615107 -0.9947456 0.08560435 -0.3207817 -0.9298238 0.180352 -0.3126063 -0.9306675 0.1900932 -0.6004781 -0.7985857 0.04107212 -0.615154 -0.7881817 0.01884628 -0.6529245 -0.7570108 0.02498746 -0.6023394 -0.7974779 0.03487535 -0.1073634 -0.9854221 0.1319714 -0.1025009 -0.9855058 0.1351737 -0.3952657 -0.9023754 0.1717081 -0.3866169 -0.9037261 0.1838654 -0.1614162 -0.9716393 0.172806 -0.1678701 -0.9714127 0.1678602 -0.4690251 -0.8705517 0.1488461 -0.4602983 -0.8725634 0.1635804 -0.01361011 -0.9994162 0.03133737 -0.235288 -0.95289 0.1914163 -0.2274812 -0.9533635 0.1983695 -0.5392108 -0.8346819 0.1120613 -0.5309047 -0.8374974 0.1293772 -0.04702574 -0.9947639 0.09073793 -0.05017223 -0.9947457 0.08923988 -0.3077179 -0.9298237 0.2018357 -0.2989042 -0.9306666 0.2109884 -0.6036659 -0.7948185 0.06205771 -0.5962744 -0.7985861 0.08195843 -0.09810535 -0.9854221 0.1389919 -0.09304466 -0.9855056 0.1418499 -0.3731729 -0.9037272 0.2098077 -0.3826421 -0.9023746 0.1982551 -0.6895959 -0.7241938 0.0009363199 -0.6555886 -0.7545388 0.02957666 -0.1492309 -0.9716387 0.1834349 -0.1560173 -0.9714119 0.1789348 -0.4577684 -0.8705508 0.1805254 -0.4480501 -0.8725635 0.1946383 -0.01143792 -0.9994162 0.03219397 -0.2134299 -0.9533628 0.2134175 -0.221667 -0.9528908 0.2070335 -0.520843 -0.8374972 0.1652906 -0.5303129 -0.8346812 0.1485789 -0.04071214 -0.994764 0.09373999 -0.04397432 -0.9947456 0.09245193 -0.2932275 -0.929823 0.2223666 -0.2838131 -0.9306656 0.2308934 -0.5892921 -0.7985837 0.1224694 -0.5980232 -0.794817 0.103123 -0.08313674 -0.9855059 0.1478728 -0.08840236 -0.985422 0.1453566 -0.3579766 -0.9037263 0.2348009 -0.3682167 -0.9023734 0.2239171 -0.6510937 -0.7560403 0.06693334 -0.6585458 -0.7511918 0.0450369 -0.1363619 -0.9716388 0.1931925 -0.1434451 -0.9714118 0.1891627 -0.4443771 -0.8705548 0.211337 -0.4337383 -0.872564 0.2247292 -0.009220328 -0.9994162 0.03289777 -0.1983577 -0.9533627 0.2274945 -0.2070305 -0.9528897 0.2216745 -0.508344 -0.8374951 0.2004703 -0.5189396 -0.8346772 0.1844331 -0.03421414 -0.994764 0.09630151 -0.0375564 -0.9947457 0.0952392 -0.2773689 -0.9298215 0.2418644 -0.2673866 -0.9306647 0.249735 -0.5895923 -0.7948207 0.1436699 -0.579561 -0.798588 0.1623769 -0.07286687 -0.9855057 0.1531957 -0.07826506 -0.9854221 0.1510552 -0.3411193 -0.9037255 0.258685 -0.3520728 -0.9023731 0.2485306 -0.653934 -0.7511935 0.08988108 -0.6450025 -0.756043 0.1112241 -0.1228748 -0.971639 0.2020384 -0.1302045 -0.9714122 0.198507 -0.4289221 -0.8705505 0.2411801 -0.4173896 -0.8725603 0.2538198 -0.7025291 -0.7100313 0.04804487 -0.7241027 -0.6894144 0.01956833 -0.7062128 -0.7070756 0.03616147 -0.006952966 -0.9994162 0.03345031 -0.182371 -0.953364 0.2404948 -0.1914259 -0.9528907 0.2352773 -0.4934762 -0.837498 0.2346876 -0.5051438 -0.8346795 0.2194079 -0.03096462 -0.9947457 0.0975814 -0.02758089 -0.9947639 0.09840753 -0.2497257 -0.9306663 0.2673898 -0.260226 -0.9298227 0.2602157 -0.5784122 -0.7948205 0.1835748 -0.5671246 -0.7985886 0.2015583 -0.06777406 -0.9854218 0.1560467 -0.062233 -0.9855055 0.1578166 -0.3343013 -0.9023741 0.2719626 -0.3226628 -0.9037284 0.2813604 -0.6359207 -0.7560374 0.154959 -0.64627 -0.7511961 0.1343109 -0.1163546 -0.9714119 0.2069312 -0.1087852 -0.971639 0.2099604 -0.4114716 -0.87055 0.2698771 -0.3990855 -0.8725629 0.2817172 -0.7064821 -0.7039955 0.07261784 -0.6976085 -0.7100342 0.09588397 -0.00464914 -0.9994162 0.03384753 -0.09405909 -0.9952648 0.02451254 -0.165539 -0.9533639 0.2523772 -0.1749134 -0.9528913 0.2477973 -0.4763096 -0.8374954 0.2678258 -0.4889852 -0.8346788 0.2533866 -0.7570369 -0.6531433 0.01729279 -0.788325 -0.6151795 0.00989359 -0.7516407 -0.6587539 0.03285587 -0.02079853 -0.9947639 0.1000605 -0.02424456 -0.9947456 0.09946488 -0.2418608 -0.9298237 0.2773649 -0.230905 -0.9306666 0.2838001 -0.5645308 -0.7948194 0.2226364 -0.5520585 -0.7985829 0.2397851 -0.05130988 -0.9855055 0.1616973 -0.05697321 -0.9854218 0.1603061 -0.3149524 -0.9023765 0.2941454 -0.302723 -0.9037282 0.302711 -0.6356102 -0.7511919 0.1780742 -0.6238582 -0.7560408 0.1979984 -0.1019552 -0.9714122 0.214391 -0.09420171 -0.9716392 0.2168951 -0.3920881 -0.8705534 0.2973279 -0.3789423 -0.8725633 0.3082792 -0.6998755 -0.7039973 0.1206742 -0.6894339 -0.7100361 0.1432815 -0.00397608 -0.9983025 0.05810606 0.1209567 -0.9899824 0.07283027 -0.1479308 -0.9533631 0.2630881 -0.1575928 -0.9528906 0.2591599 -0.4569259 -0.8374991 0.2996898 -0.4705632 -0.8346811 0.2861431 -0.7552284 -0.6534227 0.05166136 -0.7466905 -0.6607289 0.07675077 -0.01738901 -0.9947456 0.1008899 -0.01390713 -0.9947639 0.1012493 -0.2109901 -0.9306653 0.2989068 -0.222361 -0.9298224 0.2932337 -0.5343971 -0.7985836 0.2769186 -0.5480329 -0.7948142 0.2606344 -0.04017418 -0.9855057 0.1648169 -0.04590166 -0.985422 0.1638184 -0.2941438 -0.9023743 0.3149605 -0.2813645 -0.9037255 0.3226674 -0.6219688 -0.7511905 0.2210604 -0.6088883 -0.7560375 0.2401299 -0.07918937 -0.9716389 0.2228157 -0.08708525 -0.9714123 0.2208493 -0.3708822 -0.8705503 0.3234015 -0.3570175 -0.8725606 0.3334315 -0.6780639 -0.7100291 0.189968 -0.6900035 -0.7040002 0.1681632 -0.1395433 -0.9528901 0.2693107 -0.1296245 -0.953363 0.272574 -0.4499308 -0.8346798 0.3176032 -0.43541 -0.8374959 0.3301797 -0.7397149 -0.6607228 0.1275433 -0.7499492 -0.6534138 0.1030856 -0.01047629 -0.9947457 0.1018393 -0.1098848 -0.9897832 0.0908543 -0.006976934 -0.994764 0.1019603 0.01809256 -0.9922928 0.1225874 -0.2018333 -0.929822 0.3077245 -0.1900959 -0.9306654 0.3126107 -0.5289649 -0.7948198 0.2974185 -0.5142656 -0.7985854 0.3127179 -0.7917672 -0.608417 0.05416079 -0.8174272 -0.5755926 0.022496 -0.7972027 -0.6026361 0.03602261 -0.02881405 -0.9855058 0.1671768 -0.03461631 -0.9854219 0.1665694 -0.2586779 -0.903725 0.3411258 -0.2719716 -0.9023719 0.3342996 -0.6054372 -0.7511976 0.2629601 -0.5910764 -0.756048 0.2811051 -0.06380082 -0.9716393 0.2276986 -0.07182276 -0.9714122 0.2262736 -0.3479534 -0.8705497 0.3479534 -0.3334246 -0.8725616 0.3570212 -0.6635048 -0.7100343 0.2358232 -0.6769343 -0.7039921 0.2148374 -0.110718 -0.9533639 0.2807824 -0.1208441 -0.9528906 0.2782016 -0.4118542 -0.8374981 0.3591283 -0.4272155 -0.8346789 0.34756 -0.7411671 -0.6534168 0.1540059 -0.7292748 -0.6607336 0.1777342 -0.1683225 -0.9306654 0.3248528 -0.1803616 -0.9298224 0.3207804 -0.491718 -0.7985828 0.3471006 -0.5074358 -0.7948153 0.3328325 -0.7959669 -0.599786 0.08181385 -0.7862157 -0.6084288 0.1080707 -0.01735961 -0.9855058 0.1687519 -0.02316317 -0.9854222 0.1685427 -0.2347948 -0.9037269 0.3579793 -0.2485282 -0.9023734 0.3520738 -0.5705249 -0.7560408 0.3207863 -0.5860651 -0.7511983 0.3036919 -0.8341088 -0.5503603 0.03696194 -0.8448137 -0.534972 0.009739283 -0.8698664 -0.4928434 0.02092444 -0.04811473 -0.971639 0.2315224 -0.05620718 -0.9714122 0.230649 -0.3082856 -0.8725638 0.3789356 -0.3233985 -0.8705522 0.3708803 -0.6606815 -0.7039997 0.2605462 -0.6458815 -0.7100298 0.2805263 -0.1015771 -0.9528917 0.2857962 -0.0913132 -0.9533644 0.2876775 -0.3863904 -0.8374992 0.3863904 -0.4024951 -0.8346819 0.375904 -0.7154596 -0.6607264 0.2270641 -0.7289175 -0.6534238 0.2042465 -0.1580563 -0.9298226 0.3323372 -0.1457674 -0.9306657 0.3355788 -0.4835418 -0.7948176 0.3666773 -0.4668901 -0.7985846 0.3798372 -0.7770147 -0.6084247 0.1614546 -0.7885193 -0.5997936 0.1359595 -0.01161254 -0.9854218 0.1697318 -0.03932516 -0.9845643 0.1705481 0.02181058 -0.9754683 0.2190569 -0.03778715 -0.984591 0.1707416 -0.2239119 -0.9023739 0.3682186 -0.2098178 -0.9037262 0.3731694 -0.5472993 -0.7560405 0.3589794 -0.5639867 -0.7511932 0.3429692 -0.8375989 -0.5432737 0.05728767 -0.828649 -0.5532507 0.08517311 -0.03219575 -0.9716391 0.2342668 -0.04033815 -0.9714121 0.2339475 -0.2973298 -0.8705531 0.3920872 -0.2817146 -0.8725632 0.3990868 -0.6252142 -0.7100317 0.3239785 -0.6413742 -0.7039902 0.3050192 -0.07146054 -0.9533638 0.2932418 -0.0818309 -0.9528912 0.2920653 -0.3591273 -0.8374982 0.4118547 -0.375904 -0.8346819 0.4024951 -0.7132941 -0.6534167 0.2534916 -0.6982846 -0.6607322 0.2753753 -0.1350093 -0.9298226 0.3423484 -0.1225282 -0.9306657 0.3447438 -0.4398783 -0.7985838 0.4108174 -0.4573903 -0.7948167 0.3988238 -0.7641792 -0.6084239 0.214127 -0.7774101 -0.5997844 0.1894526 -0.1838697 -0.9037265 0.3866138 -0.198268 -0.9023741 0.3826365 -0.5392666 -0.7511952 0.3806537 -0.52153 -0.7560415 0.3954844 -0.8209105 -0.553237 0.1415446 -0.8317425 -0.5432602 0.1143362 -0.01614081 -0.971639 0.235918 -0.0242742 -0.9714122 0.2361548 -0.04788591 -0.9719042 0.2304542 0.006685018 -0.9637806 0.2666124 -0.2538117 -0.8725632 0.4173883 -0.2698805 -0.8705516 0.4114662 -0.619052 -0.7039981 0.3480824 -0.6016545 -0.7100329 0.3658757 -0.8664808 -0.4956801 0.05926308 -0.8730918 -0.4863116 0.03480897 -0.8929386 -0.4493902 0.02663075 -0.06171308 -0.9528913 0.2969676 -0.05128469 -0.9533641 0.2974339 -0.3301794 -0.8374983 0.4354058 -0.3475637 -0.8346805 0.4272093 -0.6943202 -0.6534222 0.3015939 -0.6778723 -0.6607287 0.3223766 -0.09870934 -0.9306645 0.3523068 -0.1113222 -0.9298216 0.3507693 -0.4108174 -0.7985838 0.4398783 -0.4291074 -0.7948167 0.4291074 -0.7626639 -0.5997895 0.2420669 -0.7477975 -0.6084192 0.2657535 -0.1570581 -0.9037275 0.3982581 -0.1717001 -0.9023744 0.3952714 -0.4933231 -0.7560413 0.4301555 -0.5120333 -0.7511944 0.416568 -0.8093353 -0.5532411 0.1972327 -0.8220052 -0.5432591 0.1708128 -0.2411698 -0.8705529 0.4289227 -0.2247438 -0.8725634 0.4337319 -0.5938583 -0.7039967 0.3895139 -0.5752864 -0.7100319 0.4060791 -0.8604098 -0.495687 0.118277 -0.8702746 -0.4843743 0.08946274 -0.03086161 -0.9533639 0.300241 -0.04130033 -0.9528911 0.3004875 -0.3175914 -0.8346795 0.4499399 -0.2996983 -0.8374954 0.4569271 -0.6542875 -0.6607279 0.3678948 -0.6721267 -0.6534169 0.3482702 -0.9007185 -0.4327472 0.03789642 -0.9141431 -0.4053323 0.00693718 -0.07444137 -0.9306658 0.3582173 -0.087141 -0.9298222 0.3575433 -0.3798418 -0.7985859 0.4668841 -0.398828 -0.7948182 0.4573843 -0.7443792 -0.5997843 0.2935275 -0.727904 -0.6084282 0.3161818 -0.1295025 -0.9037261 0.4080544 -0.1443104 -0.9023736 0.4060745 -0.462814 -0.7560465 0.462814 -0.4824165 -0.7511976 0.4505292 -0.7939789 -0.5532544 0.2520062 -0.8084307 -0.5432667 0.2264976 -0.2113352 -0.8705518 0.4443839 -0.19463 -0.8725612 0.4480582 -0.5658957 -0.7039961 0.4291287 -0.5462328 -0.7100326 0.4443912 -0.850334 -0.4956908 0.1766996 -0.8621325 -0.4843873 0.1486485 -0.04050279 -0.9517019 0.3043402 -0.02069522 -0.9528912 0.3026055 -0.01065371 -0.9329453 0.3598605 -0.0007352933 -0.9494743 0.313844 -0.2678157 -0.8374968 0.4763127 -0.2861574 -0.8346786 0.4705586 -0.6276543 -0.6607337 0.4116807 -0.6467939 -0.6534215 0.3933167 -0.8954239 -0.4355952 0.09204803 -0.9040049 -0.4230268 0.06183588 -0.04981872 -0.930665 0.3624646 -0.06252454 -0.9298221 0.3626589 -0.3470869 -0.7985833 0.4917269 -0.3666731 -0.7948164 0.483547 -0.7046353 -0.6084243 0.3651149 -0.7225969 -0.599791 0.3436633 -0.1162662 -0.9023736 0.4149747 -0.1013731 -0.9037249 0.4159383 -0.4505296 -0.7511974 0.4824162 -0.4301625 -0.7560399 0.4933194 -0.7749418 -0.5532509 0.3055791 -0.7910784 -0.543277 0.2811494 -0.1635809 -0.8725626 0.4602998 -0.180526 -0.8705499 0.45777 -0.5146393 -0.7100344 0.4806219 -0.5352952 -0.7039988 0.4667383 -0.8499805 -0.4843874 0.2071281 -0.8362972 -0.4956896 0.2343049 -0.2346835 -0.8374974 0.4934793 -0.2533734 -0.8346795 0.4889909 -0.5981005 -0.6607329 0.4535502 -0.6184393 -0.6534243 0.4365428 -0.8870549 -0.435593 0.1529456 -0.8976793 -0.4230225 0.1233847 -0.03034013 -0.9309834 0.3637984 -0.02496384 -0.9306648 0.3650204 -0.03762993 -0.9298216 0.3660816 -0.003740253 -0.9142405 0.4051546 -0.3328342 -0.7948199 0.5074276 -0.3127296 -0.7985882 0.514254 -0.6780822 -0.6084222 0.4123431 -0.6974659 -0.5997884 0.3921673 -0.9254296 -0.3735947 0.06330136 -0.9325192 -0.3596362 0.03270721 -0.9490561 -0.3135142 0.03164278 -0.932121 -0.3605925 0.03351847 -0.07273588 -0.9037259 0.4218874 -0.08768752 -0.9023721 0.4219426 -0.3954777 -0.7560428 0.5215328 -0.4165744 -0.7511929 0.5120304 -0.7522727 -0.5532463 0.3577769 -0.7700546 -0.5432637 0.3344856 -0.1488583 -0.8705526 0.4690197 -0.1317913 -0.8725638 0.4703865 -0.5021865 -0.7039933 0.5021973 -0.480625 -0.7100306 0.5146417 -0.8183599 -0.4956774 0.2908452 -0.8338655 -0.4843758 0.2646668 -0.2194159 -0.8346812 0.5051378 -0.2004686 -0.8374982 0.5083395 -0.5872065 -0.6534209 0.4777337 -0.5657651 -0.6607264 0.4933058 -0.8745545 -0.4355869 0.2131165 -0.8871663 -0.4230213 0.1843609 -0.2769042 -0.7985845 0.5344033 -0.2974146 -0.7948188 0.5289686 -0.6483601 -0.6084188 0.4576633 -0.6690804 -0.5997831 0.4388528 -0.9281167 -0.3598554 0.09541272 -0.9189516 -0.3735962 0.1263085 -0.05867429 -0.9023731 0.4269429 -0.0437755 -0.9037255 0.4258685 -0.3806477 -0.7511966 0.5392689 -0.3589856 -0.7560392 0.5472971 -0.7454285 -0.5432658 0.3862623 -0.72611 -0.5532426 0.4082731 -0.9637405 -0.2667385 0.007399342 -0.9505768 -0.3084472 0.03555567 -0.09939601 -0.8725631 0.4782824 -0.116505 -0.8705532 0.4780833 -0.4667459 -0.7039967 0.5352914 -0.444398 -0.7100309 0.5462295 -0.8138649 -0.4843718 0.3209484 -0.7966025 -0.4956778 0.3460171 -0.1844315 -0.8346805 0.5189351 -0.1653042 -0.8374983 0.520837 -0.5307682 -0.6607253 0.5307797 -0.5532438 -0.6534131 0.5166938 -0.85796 -0.4356024 0.2723143 -0.8725232 -0.423021 0.2444513 -0.260636 -0.7948188 0.5480255 -0.2397931 -0.7985863 0.55205 -0.6156132 -0.6084204 0.5008444 -0.6375736 -0.5997828 0.4834878 -0.919441 -0.359851 0.1585415 -0.9081923 -0.3735875 0.1887303 -0.02941134 -0.9023736 0.4299499 -0.03883268 -0.9014059 0.4312301 0.007365308 -0.8931841 0.4496307 -0.3429707 -0.7511907 0.5639892 -0.320782 -0.7560396 0.5705288 -0.7173396 -0.5432639 0.4362205 -0.6965533 -0.5532459 0.4568725 -0.9532562 -0.295042 0.06521346 -0.9458114 -0.3098173 0.09723177 -0.06650923 -0.8725624 0.4839538 -0.08360717 -0.8705509 0.4849237 -0.4060746 -0.7100304 0.5752916 -0.4291308 -0.7039927 0.5658985 -0.7900673 -0.4843776 0.3757287 -0.7711223 -0.4956906 0.3995762 -0.1293775 -0.8374966 0.5309058 -0.1485793 -0.8346802 0.5303142 -0.4933085 -0.6607328 0.5657551 -0.5166957 -0.6534198 0.5532342 -0.8537944 -0.4230355 0.3034404 -0.8373781 -0.4356055 0.3302208 -0.2226189 -0.7948171 0.564541 -0.201561 -0.7985824 0.5671324 -0.6030895 -0.5997839 0.525873 -0.5800031 -0.6084187 0.5416853 -0.9064824 -0.3598525 0.2208979 -0.8932022 -0.3735871 0.2502449 -0.3036884 -0.7511973 0.5860683 -0.2811113 -0.7560447 0.5910777 -0.6858989 -0.5432695 0.4841497 -0.6637492 -0.5532525 0.5033374 -0.9465863 -0.2950416 0.1300964 -0.9369643 -0.3098313 0.161563 -0.05032717 -0.870553 0.4894942 -0.02931729 -0.872099 0.4884505 -0.01439499 -0.8447803 0.5349197 -0.02180616 -0.8698631 0.4928111 -0.03333861 -0.8725643 0.4873604 -0.3658757 -0.7100329 0.6016545 -0.3895139 -0.7039967 0.5938583 -0.7420686 -0.4956814 0.4512584 -0.7625693 -0.4843837 0.4287897 -0.9721377 -0.2312601 0.03830241 -0.9752449 -0.2189826 0.0307245 -0.9845906 -0.1708496 0.03730533 -0.9673912 -0.2444881 0.06618045 -0.1120538 -0.83468 0.5392154 -0.09284358 -0.8374982 0.5384951 -0.4777263 -0.6534225 0.5872109 -0.4535508 -0.6607317 0.5981013 -0.8129016 -0.4355924 0.3865879 -0.8310943 -0.4230309 0.3610085 -0.1623783 -0.7985842 0.5795659 -0.1835836 -0.7948152 0.5784166 -0.5658007 -0.5997827 0.5658007 -0.5416926 -0.6084165 0.5799987 -0.8740407 -0.373575 0.3106359 -0.889297 -0.3598366 0.2822561 -0.2629738 -0.7511963 0.6054328 -0.2401072 -0.7560437 0.6088895 -0.6278526 -0.5532473 0.5474656 -0.6512485 -0.5432691 0.5298435 -0.9237589 -0.309832 0.225108 -0.9354945 -0.2950568 0.1944008 -0.3480824 -0.7039981 0.619052 -0.3239736 -0.710033 0.6252154 -0.7095472 -0.4956813 0.5008422 -0.7315446 -0.4843774 0.4798137 -0.9606244 -0.2444789 0.1320258 -0.9683601 -0.2288372 0.09955997 -0.05588754 -0.8374979 0.543575 -0.07499221 -0.8346813 0.5456035 -0.4116791 -0.6607372 0.6276517 -0.4365495 -0.6534253 0.6184334 -0.8045329 -0.4230203 0.41687 -0.7846088 -0.4355994 0.4411825 -0.9924204 -0.1224047 0.01090223 -0.983211 -0.180125 0.02917495 -0.1224601 -0.7985854 0.589292 -0.1436806 -0.7948187 0.5895923 -0.5258753 -0.5997792 0.6030921 -0.5008384 -0.6084186 0.6156198 -0.8507997 -0.3735765 0.369568 -0.8679633 -0.3598331 0.3422863 -0.198005 -0.7560424 0.6238541 -0.2210414 -0.7511973 0.6219672 -0.6135831 -0.5432712 0.5730377 -0.5890291 -0.5532535 0.5890291 -0.906242 -0.3098255 0.2876343 -0.920049 -0.2950466 0.2577933 -0.3050181 -0.703993 0.6413719 -0.2805405 -0.710029 0.645876 -0.6970927 -0.4843712 0.5286269 -0.673703 -0.495679 0.5481119 -0.9593136 -0.2288283 0.1653939 -0.9493716 -0.2444842 0.1972846 -0.03758196 -0.8346795 0.5494521 0.005288294 -0.8176004 0.5757617 -0.0356294 -0.8349848 0.5491182 -0.3933111 -0.6534232 0.6467956 -0.3678947 -0.6607279 0.6542875 -0.7741999 -0.4230355 0.4708029 -0.7526832 -0.4356028 0.4936783 -0.9788671 -0.1780189 0.1006402 -0.9845437 -0.1616771 0.06733616 -0.1031123 -0.7948183 0.5980232 -0.08195691 -0.7985858 0.596275 -0.4834872 -0.5997841 0.6375728 -0.4576714 -0.6084177 0.6483555 -0.8425827 -0.3598445 0.4007072 -0.8236009 -0.3735851 0.4267502 -0.1780861 -0.7511949 0.6356033 -0.154969 -0.7560409 0.6359141 -0.573042 -0.5432739 0.6135767 -0.5474634 -0.5532524 0.6278501 -0.8844991 -0.3098302 0.3488073 -0.9003133 -0.2950484 0.3199724 -0.2605393 -0.7039929 0.6606916 -0.2358072 -0.7100299 0.6635153 -0.634737 -0.4956859 0.5927937 -0.6593961 -0.4843806 0.5749541 -0.9336954 -0.2444776 0.261617 -0.945785 -0.2288293 0.2304945 -0.3223756 -0.6607314 0.6778702 -0.3482741 -0.6534184 0.6721232 -0.7172341 -0.4355997 0.5439008 -0.7402678 -0.4230289 0.522542 -0.9776495 -0.1616865 0.1343838 -0.9697217 -0.1780108 0.1671884 -0.0620577 -0.7948184 0.6036658 -0.04107212 -0.7985857 0.6004781 -0.03489272 -0.797481 0.6023343 -0.02498791 -0.7570108 0.6529245 -0.01884783 -0.7881758 0.6151616 -0.4123388 -0.6084204 0.6780865 -0.4388544 -0.5997791 0.6690828 -0.7925557 -0.3735837 0.4819654 -0.8132707 -0.3598429 0.4572788 -0.9968418 -0.02994111 0.07355241 -0.9915447 -0.1106362 0.06781498 -0.9944935 -0.09685029 0.04003441 -0.9968448 -0.07355148 0.02984042 -0.9984378 -0.03950689 0.03951057 -0.1112132 -0.7560414 0.6450061 -0.1343009 -0.7511947 0.6462737 -0.503338 -0.5532511 0.66375 -0.5298361 -0.543271 0.651253 -0.876378 -0.2950538 0.3806637 -0.858639 -0.3098304 0.4083431 -0.1899813 -0.7100311 0.6780583 -0.2148464 -0.7039949 0.6769286 -0.6186185 -0.4843783 0.6186185 -0.5928005 -0.4956831 0.6347329 -0.9136659 -0.244485 0.3247179 -0.927855 -0.2288324 0.2944838 -0.2753656 -0.6607316 0.6982891 -0.3015849 -0.6534218 0.6943246 -0.7028882 -0.423035 0.57183 -0.6784503 -0.4356056 0.5915682 -0.9560435 -0.1780289 0.2329945 -0.9662056 -0.1616819 0.2007628 -0.3921673 -0.5997885 0.6974659 -0.3651202 -0.6084228 0.704634 -0.7578172 -0.3735816 0.5349298 -0.7801661 -0.3598421 0.5117171 -0.9920002 -0.03114743 0.1223338 -0.9846039 -0.1106274 0.1353397 -0.9903678 -0.09382834 0.1018221 -0.9938574 -0.04250403 0.1021808 -0.06693329 -0.7560408 0.6510931 -0.08988098 -0.7511941 0.6539333 -0.4841565 -0.5432708 0.685893 -0.4568709 -0.5532501 0.696551 -0.8287677 -0.3098312 0.4659923 -0.8483601 -0.2950499 0.43958 -0.1432712 -0.7100323 0.68944 -0.1681539 -0.7039961 0.69001 -0.5481058 -0.495677 0.6737093 -0.5749562 -0.484375 0.6593984 -0.9055952 -0.2288374 0.3571145 -0.8893759 -0.24449 0.3863095 -0.2534967 -0.6534207 0.7132886 -0.2270737 -0.6607293 0.7154537 -0.636498 -0.4355923 0.636498 -0.6622146 -0.423027 0.618482 -0.9379199 -0.1780278 0.2976782 -0.9502439 -0.1616998 0.2662513 -0.3161732 -0.608425 0.7279104 -0.3436602 -0.5997863 0.7226024 -0.7195556 -0.3735755 0.5853897 -0.7434278 -0.3598412 0.5637637 -0.9845735 -0.03769528 0.1708628 -0.9752202 -0.03158673 0.2189701 -0.9847267 -0.03862465 0.1697689 -0.9730766 -0.1106385 0.2021905 -0.9811135 -0.0938402 0.169146 -0.0295625 -0.7545468 0.65558 -0.04504744 -0.7511946 0.6585419 -0.0009070035 -0.7241864 0.6896037 -0.4362149 -0.5432659 0.7173414 -0.4082731 -0.5532426 0.72611 -0.8163812 -0.2950506 0.4964543 -0.795032 -0.3098315 0.5214677 -0.1206743 -0.7039962 0.6998764 -0.09588407 -0.7100335 0.6976092 -0.5008502 -0.4956799 0.7095425 -0.5286264 -0.4843728 0.6970919 -0.8609421 -0.2444874 0.4460994 -0.8791109 -0.2288392 0.4180868 -0.1777237 -0.660732 0.7292787 -0.2042397 -0.6534215 0.7289214 -0.5915704 -0.4355988 0.6784527 -0.6184771 -0.4230236 0.6622213 -0.9154201 -0.1780258 0.3609889 -0.9298626 -0.1616944 0.3304704 -0.2657589 -0.6084237 0.747792 -0.293536 -0.5997877 0.7443731 -0.6779116 -0.3735859 0.6331424 -0.7032325 -0.3598358 0.6131738 -0.9672778 -0.09382378 0.2357343 -0.9633419 -0.02981029 0.2666153 -0.970692 -0.04234828 0.2365664 -0.9570065 -0.1106183 0.2681461 -0.3577736 -0.5532413 0.752278 -0.3862547 -0.5432623 0.745435 -0.7575923 -0.309835 0.5745052 -0.7805987 -0.2950543 0.5510069 -0.04805617 -0.7100337 0.702526 -0.0361327 -0.707068 0.7062219 -0.07262836 -0.7039978 0.7064788 -0.01955391 -0.6894228 0.7240952 -0.4512527 -0.4956836 0.7420706 -0.4798194 -0.484375 0.7315423 -0.848527 -0.2288297 0.4771152 -0.8284914 -0.244476 0.5038188 -0.1540135 -0.6534206 0.7411621 -0.1275424 -0.660729 0.7397095 -0.5438992 -0.4356051 0.717232 -0.5718423 -0.4230344 0.7028786 -0.8886486 -0.178027 0.4226227 -0.9051437 -0.1616923 0.3931546 -0.2420572 -0.5997882 0.762668 -0.2141199 -0.6084216 0.7641832 -0.6331374 -0.3735824 0.6779183 -0.6597329 -0.3598476 0.659744 -0.9523319 -0.04143388 0.302237 -0.949001 -0.03337899 0.3135011 -0.9324296 -0.03490756 0.3596616 -0.9364771 -0.1106382 0.3328212 -0.9489452 -0.09383105 0.3011622 -0.33449 -0.5432621 0.7700537 -0.3055899 -0.5532473 0.7749401 -0.7166317 -0.3098267 0.6248571 -0.7411733 -0.2950545 0.6029966 -0.3995672 -0.4956908 0.7711269 -0.4287812 -0.4843841 0.7625737 -0.8140006 -0.2288312 0.5338907 -0.792177 -0.2444864 0.5591798 -0.07676239 -0.6607257 0.7466921 -0.1030745 -0.653417 0.7499479 -0.4936841 -0.4356003 0.7526808 -0.522536 -0.4230316 0.7402704 -0.8577309 -0.1780274 0.4822904 -0.8761994 -0.1616919 0.4540156 -0.1614639 -0.6084206 0.777016 -0.1894502 -0.5997835 0.7774113 -0.6131885 -0.3598459 0.7032146 -0.5853988 -0.3735883 0.7195415 -0.9137854 -0.03014578 0.4050772 -0.9295076 -0.04051862 0.3665705 -0.9115843 -0.1106162 0.3959521 -0.9261675 -0.09382849 0.3652532 -0.2519966 -0.5532507 0.7939845 -0.281151 -0.5432696 0.791083 -0.6983065 -0.2950463 0.6521623 -0.6723051 -0.3098331 0.6723164 -0.375724 -0.4843794 0.7900684 -0.3460217 -0.4956761 0.7966017 -0.7521667 -0.2444869 0.6119407 -0.7756605 -0.2288348 0.5882053 -0.05166174 -0.6534162 0.7552339 -0.03284655 -0.6587502 0.7516443 -0.009916582 -0.6151794 0.7883248 -0.01731685 -0.6531519 0.7570289 -0.4708041 -0.4230307 0.7742019 -0.4411741 -0.435599 0.7846139 -0.822831 -0.1780224 0.5396824 -0.843173 -0.1616971 0.5127508 -0.1080597 -0.6084263 0.7862192 -0.1359622 -0.5997871 0.7885238 -0.5637577 -0.3598441 0.7434309 -0.5349238 -0.3735844 0.75782 -0.8990949 -0.09381876 0.4275819 -0.8928113 -0.03073662 0.4493809 -0.9022584 -0.04260043 0.4290863 -0.8824333 -0.1106245 0.4572458 -0.1972287 -0.5532495 0.8093305 -0.2265071 -0.5432705 0.8084254 -0.6521607 -0.2950539 0.6983049 -0.6248752 -0.3098239 0.7166171 -0.2908458 -0.4956747 0.8183614 -0.3209491 -0.4843686 0.8138666 -0.7086622 -0.2444877 0.6618336 -0.7337139 -0.2288403 0.6397625 -0.3865822 -0.4355986 0.812901 -0.4168692 -0.4230242 0.8045313 -0.8062187 -0.1616832 0.5690956 -0.7840766 -0.1780161 0.5945874 -0.03602718 -0.6026451 0.7971957 -0.08182435 -0.5997903 0.7959626 -0.0224909 -0.5755822 0.8174345 -0.05416044 -0.6084245 0.7917615 -0.511716 -0.3598475 0.7801644 -0.4819643 -0.3735887 0.792554 -0.8694966 -0.03671453 0.4925724 -0.8444176 -0.03212953 0.5347211 -0.8491719 -0.1106317 0.5163989 -0.8678159 -0.09382883 0.4879465 -0.8709874 -0.03931535 0.4897297 -0.1708116 -0.5432684 0.8219993 -0.1415455 -0.5532452 0.8209047 -0.5745019 -0.3098239 0.7575994 -0.6029981 -0.2950408 0.7411776 -0.2646702 -0.4843744 0.8338652 -0.2343161 -0.4956855 0.8362964 -0.6883441 -0.2288333 0.6883441 -0.6618336 -0.2444872 0.7086623 -0.3302208 -0.4356054 0.8373781 -0.3609984 -0.4230351 0.8310965 -0.76551 -0.1616893 0.6227769 -0.7416745 -0.1780251 0.6467038 -0.4267517 -0.3735766 0.823604 -0.457266 -0.359841 0.8132787 -0.8172209 -0.02973932 0.5755567 -0.8354377 -0.04210768 0.5479696 -0.811953 -0.1106308 0.5731432 -0.8324901 -0.09383242 0.5460363 -0.08518469 -0.5532461 0.828651 -0.1143236 -0.5432636 0.831742 -0.5510084 -0.2950459 0.7806008 -0.5214692 -0.3098231 0.7950343 -0.2071292 -0.484379 0.8499849 -0.1767005 -0.4956825 0.8503386 -0.6119393 -0.2444877 0.7521676 -0.6397634 -0.2288398 0.7337133 -0.3034436 -0.423037 0.8537925 -0.2723174 -0.4356038 0.8579584 -0.721214 -0.1616872 0.6735783 -0.6958126 -0.1780164 0.6958125 -0.4007209 -0.3598422 0.8425772 -0.3695572 -0.3735847 0.8508008 -0.7879237 -0.03272469 0.6149027 -0.7567316 -0.03578086 0.6527458 -0.7961111 -0.04180515 0.6037048 -0.7932919 -0.09383529 0.601567 -0.7709553 -0.1106318 0.6272069 -0.03695361 -0.5503551 0.8341125 -0.05728804 -0.5432653 0.8376043 -0.02095079 -0.4928314 0.8698725 -0.009758631 -0.534983 0.8448064 -0.4659792 -0.3098293 0.8287757 -0.4964557 -0.2950419 0.8163835 -0.1182646 -0.4956823 0.8604141 -0.1486475 -0.4843781 0.8621379 -0.5591807 -0.2444803 0.7921782 -0.5881986 -0.2288326 0.7756662 -0.244461 -0.4230255 0.8725184 -0.2131154 -0.4355957 0.8745503 -0.6467055 -0.1780175 0.7416749 -0.6735727 -0.1616838 0.7212199 -0.3106381 -0.3735856 0.8740354 -0.3422845 -0.3598458 0.8679587 -0.7503863 -0.09382711 0.6543064 -0.7239139 -0.03040869 0.6892199 -0.7531096 -0.0399479 0.6566811 -0.7263442 -0.1106294 0.6783696 -0.4395874 -0.2950592 0.8483531 -0.4083558 -0.3098371 0.8586306 -0.05926308 -0.4956801 0.8664808 -0.03480945 -0.4863118 0.8730917 -0.0266338 -0.4494026 0.8929322 -0.08946275 -0.4843743 0.8702747 -0.5338987 -0.2288298 0.8139957 -0.5038183 -0.2444795 0.8284907 -0.18436 -0.4230303 0.8871622 -0.1529429 -0.4356027 0.8870506 -0.5945798 -0.1780204 0.7840813 -0.622784 -0.1616851 0.7655051 -0.2822455 -0.3598413 0.8892984 -0.2502559 -0.3735825 0.8932011 -0.6892202 -0.03040818 0.7239135 -0.6783633 -0.1106335 0.7263495 -0.7039869 -0.09383434 0.7039869 -0.7064635 -0.04264556 0.7064635 -0.3488078 -0.3098266 0.8845002 -0.3806599 -0.2950518 0.8763803 -0.4771113 -0.2288318 0.8485287 -0.4461088 -0.2444828 0.8609385 -0.09204759 -0.4356042 0.8954196 -0.1233826 -0.4230323 0.897675 -0.5396893 -0.1780328 0.8228243 -0.5690997 -0.1616952 0.8062135 -0.2209063 -0.3598465 0.9064827 -0.1887304 -0.3735855 0.9081931 -0.6566867 -0.03994522 0.7531048 -0.6527547 -0.03578158 0.7567239 -0.6148952 -0.03272409 0.7879296 -0.6543112 -0.09383913 0.7503806 -0.6272129 -0.110643 0.7709488 -0.3199728 -0.295045 0.9003143 -0.2876239 -0.3098273 0.9062447 -0.3863066 -0.2444783 0.8893805 -0.4180837 -0.2288274 0.8791155 -0.06183558 -0.423036 0.9040005 -0.03790413 -0.4327531 0.9007153 -0.006922921 -0.4053193 0.914149 -0.4822868 -0.1780253 0.8577332 -0.5127426 -0.1616981 0.8431778 -0.126308 -0.3735779 0.9189591 -0.1585225 -0.3598405 0.9194484 -0.5755609 -0.02974111 0.8172179 -0.6036994 -0.04180284 0.7961152 -0.5731487 -0.1106276 0.8119496 -0.6015615 -0.09383865 0.7932957 -0.2251163 -0.3098283 0.9237581 -0.2577856 -0.2950501 0.92005 -0.3247179 -0.244485 0.9136659 -0.3571246 -0.2288325 0.9055925 -0.4226182 -0.1780294 0.8886504 -0.4540156 -0.1616919 0.8761994 -0.0954231 -0.3598413 0.928121 -0.06330163 -0.3735852 0.9254334 -0.0316544 -0.3135141 0.9490558 -0.03271895 -0.3596497 0.9325136 -0.03350579 -0.3605771 0.9321275 -0.5347182 -0.03213332 0.8444194 -0.4925672 -0.03671928 0.8694993 -0.5479669 -0.0421118 0.8354394 -0.516391 -0.110627 0.8491772 -0.546034 -0.09382472 0.8324925 -0.1943992 -0.2950478 0.9354975 -0.1615431 -0.3098304 0.9369679 -0.261609 -0.2444841 0.933696 -0.2944869 -0.228834 0.9278537 -0.360999 -0.1780207 0.9154171 -0.3931503 -0.1616945 0.9051451 -0.4879418 -0.09382611 0.8678188 -0.4493994 -0.03074556 0.8928017 -0.4897248 -0.03931981 0.87099 -0.4572461 -0.1106194 0.8824338 -0.1301082 -0.295056 0.9465801 -0.09724129 -0.3098328 0.9458054 -0.2304812 -0.2288333 0.9457874 -0.1972824 -0.2444831 0.9493722 -0.2976821 -0.1780159 0.9379209 -0.3304709 -0.1616842 0.9298641 -0.3959477 -0.1106241 0.9115853 -0.4290952 -0.04261472 0.9022534 -0.4050528 -0.03014228 0.9137963 -0.427591 -0.093819 0.8990906 -0.0652023 -0.2950478 0.9532552 -0.007412053 -0.266724 0.9637444 -0.03557289 -0.3084398 0.9505785 -0.1654063 -0.2288344 0.9593099 -0.1320381 -0.2444848 0.9606212 -0.2329816 -0.1780249 0.9560474 -0.2662547 -0.1616878 0.950245 -0.3652434 -0.09383364 0.9261709 -0.3328212 -0.1106382 0.9364771 -0.3665609 -0.04051084 0.9295117 -0.359675 -0.03491841 0.9324241 -0.3135056 -0.03338974 0.9489991 -0.06616933 -0.2444829 0.9673933 -0.03830241 -0.2312601 0.9721377 -0.09954911 -0.228832 0.9683625 -0.0373186 -0.1708344 0.9845927 -0.03073358 -0.2189974 0.9752414 -0.167201 -0.1780152 0.9697187 -0.200771 -0.1616884 0.9662029 -0.3011753 -0.09383801 0.9489404 -0.2665969 -0.02980431 0.9633472 -0.2681486 -0.1106304 0.9570043 -0.3022503 -0.04143823 0.9523275 -0.100629 -0.1780243 0.9788673 -0.1343853 -0.1616857 0.9776494 -0.2189848 -0.03159572 0.9752166 -0.1708476 -0.03770816 0.9845756 -0.2365533 -0.04234028 0.9706956 -0.2021991 -0.110632 0.9730756 -0.2357212 -0.09382786 0.9672807 -0.02915913 -0.180143 0.9832081 -0.01088492 -0.1224201 0.9924187 -0.06733529 -0.1616876 0.9845421 -0.1697798 -0.03861537 0.9847252 -0.1223528 -0.03113936 0.9919981 -0.1353413 -0.1106267 0.9846037 -0.1691569 -0.09383474 0.9811121 -0.07353581 -0.02994662 0.9968428 -0.1021697 -0.04251255 0.9938582 -0.04004303 -0.09684348 0.9944938 -0.06781429 -0.1106248 0.991546 -0.1018111 -0.09382168 0.9903696 -0.02984517 -0.07353603 0.9968459 -0.03951092 -0.03950724 0.9984378 0 -0.9996968 0.0246217 0 -0.9996968 0.0246217 0 -0.9973049 0.07336896 0 -0.9973049 0.07336896 0 -0.9852948 0.1708636 0 -0.9924552 0.1226075 0 -0.9924552 0.1226075 0 -0.9852948 0.1708636 0 -0.9638022 0.2666183 0 -0.9757004 0.219109 0 -0.9757004 0.219109 0 -0.9638022 0.2666183 0 -0.9494746 0.313844 0 -0.9494746 0.313844 0 -0.9329983 0.359881 0 -0.9142469 0.4051574 0 -0.9329983 0.359881 0 -0.9142469 0.4051574 0 -0.8932084 0.449643 0 -0.8932084 0.449643 0 -0.87007 0.4929283 0 -0.87007 0.4929283 0 -0.8448678 0.5349751 0 -0.8176119 0.5757698 0 -0.8448678 0.5349751 0 -0.8176119 0.5757698 0 -0.7883158 0.6152709 0 -0.7572471 0.6531284 0 -0.7883158 0.6152709 0 -0.7572471 0.6531284 0 -0.7241867 0.6896039 0 -0.7241867 0.6896039 0 -0.6895546 0.7242336 0 -0.6532499 0.7571424 0 -0.6895546 0.7242336 0 -0.6532499 0.7571424 0 -0.6152096 0.7883636 0 -0.6152096 0.7883636 0 -0.5757278 0.8176414 0 -0.5757278 0.8176414 0 -0.5350084 0.8448467 0 -0.5350084 0.8448467 0 -0.4929396 0.8700635 0 -0.4929396 0.8700635 0 -0.449562 0.893249 0 -0.4053291 0.9141709 0 -0.449562 0.893249 0 -0.4053291 0.9141709 0 -0.3598423 0.9330131 0 -0.3598423 0.9330131 0 -0.3136713 0.9495317 0 -0.3136713 0.9495317 0 -0.2667314 0.9637709 0 -0.2667314 0.9637709 0 -0.2191009 0.9757022 0 -0.2191009 0.9757022 0 -0.1709535 0.9852791 0 -0.1709535 0.9852791 0 -0.1224273 0.9924775 0 -0.1224273 0.9924775 0 -0.0735688 0.9972902 0 -0.0735688 0.9972902 0 -0.0245262 0.9996992 0 -0.0245262 0.9996992 -0.9996991 0 0.02452849 -0.9996991 0 0.02452849 -0.997289 0 0.0735854 -0.9924816 0 0.1223931 -0.997289 0 0.0735854 -0.9852738 0 0.1709843 -0.9924816 0 0.1223931 -0.9852738 0 0.1709843 -0.975707 0 0.2190794 -0.9637702 0 0.2667338 -0.975707 0 0.2190794 -0.9637702 0 0.2667338 -0.9495301 0 0.3136759 -0.9495301 0 0.3136759 -0.9329982 0 0.359881 -0.9142008 0 0.4052614 -0.9329982 0 0.359881 -0.9142008 0 0.4052614 -0.8932334 0 0.4495934 -0.8700833 0 0.4929048 -0.8932334 0 0.4495934 -0.8448538 0 0.5349973 -0.8700833 0 0.4929048 -0.8175825 0 0.5758114 -0.8448538 0 0.5349973 -0.8175825 0 0.5758114 -0.788346 0 0.6152322 -0.7572165 0 0.6531641 -0.788346 0 0.6152322 -0.7572165 0 0.6531641 -0.7242488 0 0.6895387 -0.7242488 0 0.6895387 -0.6895391 0 0.7242484 -0.653173 0 0.7572088 -0.6895391 0 0.7242484 -0.653173 0 0.7572088 -0.6152247 0 0.7883518 -0.6152247 0 0.7883518 -0.5758156 0 0.8175796 -0.5349944 0 0.8448557 -0.5758156 0 0.8175796 -0.5349944 0 0.8448557 -0.4928997 0 0.8700862 -0.4928997 0 0.8700862 -0.449612 0 0.8932239 -0.4052369 0 0.9142117 -0.449612 0 0.8932239 -0.4052369 0 0.9142117 -0.3598945 0 0.932993 -0.3136805 0 0.9495286 -0.3598945 0 0.932993 -0.3136805 0 0.9495286 -0.2667154 0 0.9637753 -0.2190942 0 0.9757037 -0.2667154 0 0.9637753 -0.2190942 0 0.9757037 -0.1709692 0 0.9852764 -0.1224122 0 0.9924794 -0.1709692 0 0.9852764 -0.1224122 0 0.9924794 -0.0735688 0 0.9972901 -0.0735688 0 0.9972901 -0.02452849 0 0.9996991 -0.02452849 0 0.9996991 0.02452112 -0.02451883 0.9993986 0.9993986 -0.02451883 0.02452112 -0.1209567 -0.9899824 0.07283027 0.09405909 -0.9952648 0.02451254 0.00397608 -0.9983025 0.05810606 0.00464914 -0.9994162 0.03384753 0.006976934 -0.994764 0.1019603 -0.01809256 -0.9922928 0.1225874 0.1098848 -0.9897832 0.0908543 0.006952966 -0.9994162 0.03345031 0.01390713 -0.9947639 0.1012493 0.01047629 -0.9947457 0.1018393 0.03932516 -0.9845643 0.1705481 -0.02181058 -0.9754683 0.2190569 0.03778715 -0.984591 0.1707416 0.009220328 -0.9994162 0.03289777 0.02079853 -0.9947639 0.1000605 0.01738901 -0.9947456 0.1008899 0.01735961 -0.9855058 0.1687519 0.01161254 -0.9854218 0.1697318 0.01143792 -0.9994162 0.03219397 0.02758089 -0.9947639 0.09840753 0.02424456 -0.9947456 0.09946488 0.02316317 -0.9854222 0.1685427 0.02881405 -0.9855058 0.1671768 -0.006685018 -0.9637806 0.2666124 0.04788591 -0.9719042 0.2304542 0.01614081 -0.971639 0.235918 0.01361011 -0.9994162 0.03133737 0.03096462 -0.9947457 0.0975814 0.03421414 -0.994764 0.09630151 0.04017418 -0.9855057 0.1648169 0.03461631 -0.9854219 0.1665694 0.03219575 -0.9716391 0.2342668 0.0242742 -0.9714122 0.2361548 0.01572068 -0.9994162 0.03033363 0.01065371 -0.9329453 0.3598605 0.0007352933 -0.9494743 0.313844 0.04050279 -0.9517019 0.3043402 0.04071214 -0.994764 0.09373999 0.0375564 -0.9947457 0.0952392 0.05130988 -0.9855055 0.1616973 0.04590166 -0.985422 0.1638184 0.04811473 -0.971639 0.2315224 0.04033814 -0.9714121 0.2339475 0.01775035 -0.9994162 0.02919244 0.03086161 -0.9533639 0.300241 0.02069522 -0.9528912 0.3026055 0.04397432 -0.9947456 0.09245193 0.04702574 -0.9947639 0.09073793 0.05697321 -0.9854218 0.1603061 0.062233 -0.9855055 0.1578166 0.05620718 -0.9714122 0.230649 0.06380082 -0.9716393 0.2276986 0.01970661 -0.9994161 0.02790931 0.04130034 -0.9528911 0.3004875 0.05128469 -0.9533641 0.2974339 0.05309665 -0.994764 0.08732341 0.05017223 -0.9947457 0.08923988 0.03034013 -0.9309834 0.3637984 0.003740253 -0.9142405 0.4051546 0.02496384 -0.9306648 0.3650204 0.06777406 -0.9854218 0.1560467 0.07286687 -0.9855057 0.1531957 0.07182276 -0.9714122 0.2262736 0.07918937 -0.9716389 0.2228157 0.0215593 -0.9994161 0.0265044 0.06171308 -0.9528913 0.2969676 0.07146054 -0.9533638 0.2932418 0.05615107 -0.9947456 0.08560433 0.05894832 -0.994764 0.08348502 0.04981872 -0.930665 0.3624646 0.03762993 -0.9298216 0.3660816 0.08313674 -0.9855059 0.1478728 0.07826506 -0.9854221 0.1510552 -0.007365308 -0.8931841 0.4496307 0.03883268 -0.9014059 0.4312301 0.09420171 -0.9716392 0.2168951 0.08708525 -0.9714122 0.2208493 0.02331952 -0.9994162 0.02496961 0.0913132 -0.9533644 0.2876775 0.0818309 -0.9528912 0.2920653 0.06185756 -0.9947459 0.08157503 0.06448968 -0.994764 0.07928181 0.06252454 -0.9298221 0.3626589 0.07444137 -0.9306658 0.3582173 0.08840236 -0.985422 0.1453566 0.09304466 -0.9855056 0.1418499 0.02941134 -0.9023736 0.4299499 0.0437755 -0.9037255 0.4258685 0.1019552 -0.9714121 0.214391 0.1087852 -0.971639 0.2099604 0.02496674 -0.9994162 0.02332242 0.1015771 -0.9528917 0.2857962 0.110718 -0.9533639 0.2807824 0.06975544 -0.994764 0.07469136 0.06728327 -0.9947457 0.07716156 0.09870934 -0.9306645 0.3523068 0.087141 -0.9298222 0.3575433 0.09810535 -0.9854221 0.1389919 0.1025009 -0.9855058 0.1351737 0.07273588 -0.9037259 0.4218874 0.05867429 -0.9023731 0.4269429 0.1163546 -0.9714119 0.2069312 0.1228748 -0.971639 0.2020384 0.02931729 -0.872099 0.4884505 0.01439499 -0.8447803 0.5349197 0.02180616 -0.8698631 0.4928111 0.03333861 -0.8725643 0.4873604 0.02650422 -0.9994162 0.02155915 0.1208441 -0.9528906 0.2782016 0.1296245 -0.953363 0.272574 0.07239565 -0.9947457 0.07238725 0.07468387 -0.9947639 0.06976518 0.1113222 -0.9298216 0.3507693 0.1225282 -0.9306657 0.3447438 0.1114906 -0.9855059 0.1278594 0.1073634 -0.9854221 0.1319714 0.08768752 -0.9023721 0.4219425 0.1013731 -0.9037249 0.4159383 0.1302045 -0.9714122 0.198507 0.1363619 -0.9716388 0.1931925 0.06650923 -0.8725624 0.4839538 0.05032717 -0.870553 0.4894942 0.02791108 -0.9994162 0.01970391 0.1395433 -0.9528901 0.2693107 0.1479308 -0.9533631 0.2630881 0.0356294 -0.8349848 0.5491182 -0.005288294 -0.8176004 0.5757617 0.07715887 -0.9947456 0.06728824 0.07928252 -0.994764 0.06449026 0.1350093 -0.9298226 0.3423484 0.1457674 -0.9306657 0.3355788 0.1161318 -0.985422 0.1243262 0.1199629 -0.9855055 0.119949 0.1162662 -0.9023736 0.4149747 0.1295025 -0.9037261 0.4080544 0.1434451 -0.9714118 0.1891627 0.1492309 -0.9716387 0.1834349 0.08360716 -0.8705509 0.4849237 0.09939601 -0.8725631 0.4782824 0.02919084 -0.9994162 0.01775278 0.165539 -0.9533639 0.2523772 0.1575928 -0.9528906 0.2591599 0.03758196 -0.8346795 0.5494521 0.05588754 -0.8374979 0.543575 0.08349083 -0.9947639 0.05894061 0.08157468 -0.9947457 0.06185933 0.1683225 -0.9306654 0.3248528 0.1580563 -0.9298226 0.3323372 0.1278527 -0.985506 0.111497 0.1243249 -0.9854222 0.1161312 0.1443104 -0.9023736 0.4060745 0.1570581 -0.9037275 0.3982581 0.1614162 -0.9716393 0.172806 0.1560173 -0.9714119 0.1789348 0.116505 -0.8705532 0.4780833 0.1317913 -0.8725638 0.4703865 0.03033474 -0.9994162 0.01571835 0.1749134 -0.9528913 0.2477973 0.182371 -0.953364 0.2404948 0.07499221 -0.8346813 0.5456035 0.09284358 -0.8374982 0.5384951 0.08731917 -0.994764 0.05310425 0.08560435 -0.9947456 0.05615107 0.1900959 -0.9306654 0.3126107 0.1803616 -0.9298224 0.3207804 0.04107212 -0.7985857 0.6004781 0.02498791 -0.7570108 0.6529245 0.01884783 -0.7881758 0.6151616 0.03489272 -0.797481 0.6023343 0.135171 -0.9855061 0.1025023 0.131967 -0.9854222 0.1073674 0.1838697 -0.9037265 0.3866138 0.1717001 -0.9023744 0.3952714 0.1678701 -0.9714127 0.1678602 0.1728068 -0.9716389 0.1614179 0.1488583 -0.8705526 0.4690197 0.1635809 -0.8725626 0.4602998 0.03133957 -0.9994162 0.01360547 0.1983577 -0.9533627 0.2274945 0.1914259 -0.9528907 0.2352773 0.1293775 -0.8374966 0.5309058 0.1120538 -0.83468 0.5392154 0.0907421 -0.9947638 0.04701924 0.08924213 -0.9947457 0.05016982 0.2109901 -0.9306653 0.2989068 0.2018332 -0.929822 0.3077245 0.08195691 -0.7985858 0.596275 0.06205771 -0.7948185 0.6036659 0.1389946 -0.9854221 0.09810063 0.1418499 -0.9855056 0.09304466 0.198268 -0.9023741 0.3826365 0.2098178 -0.9037262 0.3731694 0.0009070035 -0.7241864 0.6896037 0.0295625 -0.7545468 0.65558 0.1834292 -0.9716389 0.1492368 0.1789257 -0.9714118 0.1560279 0.19463 -0.8725612 0.4480582 0.180526 -0.8705499 0.45777 0.03219168 -0.9994163 0.01144469 0.2070305 -0.9528897 0.2216745 0.2134299 -0.9533628 0.2134175 0.1653042 -0.8374983 0.520837 0.1485793 -0.8346802 0.5303142 0.0924542 -0.9947456 0.0439714 0.0937466 -0.994764 0.04069827 0.230905 -0.9306666 0.2838001 0.222361 -0.9298224 0.2932337 0.1031123 -0.7948183 0.5980232 0.1224601 -0.7985854 0.589292 0.1478752 -0.9855059 0.08313192 0.1453566 -0.985422 0.08840236 0.2347948 -0.9037269 0.3579793 0.2239119 -0.9023739 0.3682186 0.06693329 -0.7560408 0.6510931 0.04504744 -0.7511946 0.6585419 0.1931962 -0.9716391 0.1363554 0.1891627 -0.9714119 0.1434451 0.2113352 -0.8705518 0.4443839 0.2247438 -0.8725634 0.4337319 0.03289813 -0.9994162 0.00921886 0.221667 -0.9528908 0.2070335 0.2274812 -0.9533635 0.1983695 0.2004686 -0.8374982 0.5083395 0.1844315 -0.8346805 0.5189351 0.09523451 -0.9947457 0.03756626 0.09629366 -0.994764 0.03423403 0.2418609 -0.9298236 0.2773649 0.2497257 -0.9306663 0.2673898 0.1623783 -0.7985842 0.5795659 0.1436806 -0.7948187 0.5895923 0.151059 -0.9854222 0.07825771 0.1531987 -0.9855057 0.07286165 0.2485282 -0.9023734 0.3520738 0.2586779 -0.903725 0.3411258 0.08988098 -0.7511941 0.6539333 0.1112132 -0.7560414 0.6450061 0.2020402 -0.9716385 0.122876 0.1985148 -0.9714122 0.1301933 0.2411698 -0.8705529 0.4289227 0.2538117 -0.8725632 0.4173883 0.01955391 -0.6894228 0.7240952 0.04805617 -0.7100337 0.702526 0.0361327 -0.707068 0.7062219 0.03345161 -0.9994161 0.006947642 0.235288 -0.95289 0.1914163 0.2404984 -0.9533626 0.1823738 0.2194159 -0.8346811 0.5051378 0.2346835 -0.8374974 0.4934793 0.0975814 -0.9947457 0.03096462 0.09840862 -0.9947639 0.0275765 0.260226 -0.9298227 0.2602157 0.2673866 -0.9306647 0.249735 0.1835836 -0.7948152 0.5784166 0.201561 -0.7985824 0.5671324 0.1578105 -0.9855053 0.06225002 0.1560448 -0.9854219 0.06777734 0.2813645 -0.9037255 0.3226674 0.2719716 -0.9023719 0.3342996 0.154969 -0.7560409 0.6359141 0.1343009 -0.7511947 0.6462737 0.206928 -0.9714116 0.1163626 0.2099647 -0.9716393 0.1087745 0.2817146 -0.8725632 0.3990868 0.2698805 -0.8705516 0.4114662 0.09588407 -0.7100335 0.6976092 0.07262836 -0.7039978 0.7064788 0.02451254 -0.9952648 0.09405909 0.03384696 -0.9994162 0.004654657 0.2523886 -0.9533632 0.1655257 0.247801 -0.9528899 0.174916 0.2533734 -0.8346794 0.4889909 0.2678157 -0.8374968 0.4763127 0.009916582 -0.6151794 0.7883248 0.01731685 -0.6531519 0.7570289 0.03284655 -0.6587502 0.7516443 0.1000631 -0.994764 0.02078233 0.09946462 -0.9947457 0.0242445 0.2838131 -0.9306656 0.2308934 0.2773689 -0.9298215 0.2418644 0.2226189 -0.7948171 0.564541 0.2397931 -0.7985863 0.55205 0.1603077 -0.9854215 0.0569738 0.161699 -0.9855052 0.05131042 0.2941438 -0.9023743 0.3149605 0.302723 -0.9037282 0.302711 0.1780861 -0.7511949 0.6356033 0.198005 -0.7560424 0.6238541 0.2168913 -0.9716396 0.09420572 0.2143889 -0.9714128 0.1019542 0.2973298 -0.8705531 0.3920872 0.3082856 -0.8725638 0.3789356 0.1432712 -0.7100323 0.68944 0.1206743 -0.7039962 0.6998764 0.0581095 -0.9983023 0.003966779 0.07282943 -0.9899864 -0.120924 0.2591599 -0.9528906 0.1575928 0.263084 -0.9533626 0.1479409 0.2861574 -0.8346786 0.4705586 0.2996983 -0.8374954 0.4569271 0.05166174 -0.6534162 0.7552339 0.07676239 -0.6607257 0.7466921 0.1008886 -0.9947457 0.01738879 0.1012463 -0.994764 0.01392346 0.2932275 -0.929823 0.2223666 0.2989042 -0.9306666 0.2109884 0.260636 -0.7948188 0.5480255 0.2769042 -0.7985845 0.5344033 0.1648169 -0.9855057 0.04017418 0.1638168 -0.9854219 0.04591057 0.3226628 -0.9037284 0.2813604 0.3149524 -0.9023766 0.2941454 0.2210414 -0.7511974 0.6219673 0.2401072 -0.7560437 0.6088895 0.2228135 -0.9716396 0.07918848 0.2208462 -0.9714127 0.0870879 0.3233985 -0.8705522 0.3708803 0.3334246 -0.8725616 0.3570212 0.1681539 -0.7039961 0.69001 0.1899813 -0.7100311 0.6780583 0.2693051 -0.9528899 0.1395557 0.2725728 -0.9533634 0.1296239 0.3301794 -0.8374983 0.4354058 0.3175914 -0.8346795 0.4499399 0.1275424 -0.660729 0.7397095 0.1030745 -0.653417 0.7499479 0.1018407 -0.9947457 0.01046717 0.09085143 -0.9897807 0.1099102 0.101962 -0.994764 0.006960319 0.1225912 -0.9922924 -0.01808806 0.3077178 -0.9298237 0.2018356 0.3126063 -0.9306675 0.1900932 0.2974146 -0.7948188 0.5289686 0.3127296 -0.7985882 0.514254 0.0224909 -0.5755822 0.8174345 0.03602718 -0.6026451 0.7971957 0.05416044 -0.6084245 0.7917615 0.1671786 -0.9855055 0.02881436 0.1665721 -0.9854217 0.03460754 0.3411193 -0.9037255 0.258685 0.3343013 -0.9023741 0.2719626 0.2629738 -0.7511963 0.6054328 0.2811113 -0.7560447 0.5910777 0.2262766 -0.9714125 0.07181073 0.227697 -0.9716387 0.06381334 0.3570175 -0.8725606 0.3334315 0.3479534 -0.8705498 0.3479534 0.2148464 -0.7039948 0.6769286 0.2358072 -0.7100299 0.6635153 0.280783 -0.9533631 0.1107233 0.2782055 -0.9528906 0.1208357 0.3475637 -0.8346806 0.4272093 0.3591273 -0.8374982 0.4118547 0.1540135 -0.6534207 0.7411621 0.1777237 -0.660732 0.7292787 0.324846 -0.9306651 0.1683374 0.3207817 -0.9298238 0.180352 0.3470869 -0.7985833 0.4917269 0.3328342 -0.7948199 0.5074276 0.1080597 -0.6084263 0.7862192 0.08182435 -0.5997903 0.7959626 0.1687526 -0.9855058 0.01734431 0.1685426 -0.985422 0.02317123 0.3579766 -0.9037263 0.2348009 0.3520728 -0.9023731 0.2485306 0.3036884 -0.7511973 0.5860683 0.320782 -0.7560396 0.5705288 0.02095079 -0.4928314 0.8698725 0.009758631 -0.534983 0.8448064 0.03695361 -0.5503551 0.8341125 0.2306486 -0.9714118 0.0562169 0.2315242 -0.9716393 0.04810211 0.3789423 -0.8725633 0.3082792 0.3708822 -0.8705503 0.3234015 0.2805405 -0.710029 0.645876 0.2605393 -0.703993 0.6606916 0.2876812 -0.9533646 0.09129795 0.2857961 -0.9528911 0.1015836 0.3863904 -0.8374992 0.3863904 0.375904 -0.8346819 0.4024951 0.2042397 -0.6534215 0.7289214 0.2270737 -0.6607293 0.7154537 0.332343 -0.929821 0.1580541 0.3355862 -0.9306645 0.1457583 0.3798418 -0.7985859 0.4668841 0.3666731 -0.7948164 0.483547 0.1359622 -0.5997871 0.7885238 0.1614639 -0.6084206 0.777016 0.2190569 -0.9754684 -0.02180819 0.1707416 -0.9845912 0.037783 0.1697314 -0.985422 0.01160381 0.1705476 -0.9845644 0.03932461 0.3682167 -0.9023734 0.2239171 0.3731729 -0.9037272 0.2098077 0.3429707 -0.7511907 0.5639892 0.3589856 -0.7560392 0.5472971 0.08518469 -0.5532461 0.828651 0.05728804 -0.5432653 0.8376043 0.2339478 -0.9714123 0.04033007 0.2342664 -0.9716389 0.03220692 0.3990855 -0.8725629 0.2817172 0.3920881 -0.8705534 0.2973279 0.3239736 -0.710033 0.6252154 0.3050181 -0.703993 0.6413719 0.2920623 -0.9528921 0.08183006 0.2932374 -0.9533643 0.07147199 0.4024951 -0.8346819 0.375904 0.4118542 -0.8374981 0.3591283 0.2534967 -0.6534208 0.7132886 0.2753656 -0.6607316 0.6982891 0.3447402 -0.9306661 0.1225347 0.3423445 -0.9298227 0.1350181 0.398828 -0.7948182 0.4573843 0.4108174 -0.7985838 0.4398783 0.2141199 -0.6084216 0.7641832 0.1894502 -0.5997835 0.7774113 0.3826421 -0.9023746 0.1982551 0.3866169 -0.9037261 0.1838654 0.3954777 -0.7560428 0.5215328 0.3806477 -0.7511966 0.5392689 0.1415455 -0.5532452 0.8209047 0.1143236 -0.5432636 0.831742 0.2304535 -0.9719049 0.0478756 0.2361548 -0.9714119 0.02428403 0.2666084 -0.9637818 -0.006689691 0.2359174 -0.9716393 0.01612865 0.4173896 -0.8725603 0.2538198 0.4114716 -0.87055 0.2698771 0.3658757 -0.7100329 0.6016545 0.3480824 -0.7039981 0.619052 0.0266338 -0.4494026 0.8929322 0.03480945 -0.4863118 0.8730917 0.05926308 -0.4956801 0.8664808 0.2969676 -0.9528913 0.06171308 0.2974343 -0.9533644 0.05127439 0.43541 -0.8374959 0.3301797 0.4272155 -0.8346789 0.34756 0.3223756 -0.6607314 0.6778702 0.3015849 -0.6534218 0.6943246 0.3507693 -0.9298217 0.1113222 0.3523068 -0.9306645 0.09870934 0.4291074 -0.7948167 0.4291074 0.4398783 -0.7985838 0.4108174 0.2420572 -0.5997882 0.762668 0.2657589 -0.6084237 0.747792 0.3982521 -0.9037284 0.1570677 0.3952657 -0.9023754 0.1717081 0.4301625 -0.7560399 0.4933194 0.4165744 -0.7511929 0.5120304 0.1708116 -0.5432684 0.8219993 0.1972287 -0.5532495 0.8093305 0.4337383 -0.872564 0.2247292 0.4289221 -0.8705505 0.2411801 0.4060746 -0.7100304 0.5752916 0.3895139 -0.7039967 0.5938583 0.1182646 -0.4956823 0.8604141 0.08946275 -0.4843743 0.8702747 0.3004877 -0.9528915 0.04129024 0.3002417 -0.9533634 0.03087421 0.4569259 -0.8374991 0.2996898 0.4499308 -0.8346799 0.3176032 0.3678947 -0.6607279 0.6542875 0.3482741 -0.6534184 0.6721232 0.006922921 -0.4053193 0.914149 0.03790413 -0.4327531 0.9007153 0.3575475 -0.9298214 0.08713169 0.3582209 -0.9306643 0.07444213 0.4573903 -0.7948167 0.3988238 0.4668901 -0.7985846 0.3798372 0.3161732 -0.608425 0.7279104 0.293536 -0.5997877 0.7443731 0.4080543 -0.903726 0.1295025 0.4060745 -0.9023736 0.1443104 0.4505296 -0.7511975 0.4824162 0.462814 -0.7560465 0.462814 0.2519966 -0.5532507 0.7939845 0.2265071 -0.5432705 0.8084254 0.4480501 -0.8725635 0.1946383 0.4443771 -0.8705548 0.211337 0.444398 -0.7100309 0.5462295 0.4291308 -0.7039927 0.5658984 0.1767005 -0.4956825 0.8503386 0.1486475 -0.4843781 0.8621379 0.3043405 -0.9517019 0.04050149 0.3598607 -0.9329455 0.0106297 0.3138486 -0.9494728 0.0007153405 0.3026067 -0.9528906 0.02070541 0.4763096 -0.8374954 0.2678258 0.4705632 -0.8346811 0.2861431 0.3933111 -0.6534232 0.6467956 0.4116791 -0.6607372 0.6276517 0.09204759 -0.4356042 0.8954196 0.06183559 -0.423036 0.9040006 0.3624682 -0.9306644 0.04980702 0.3626626 -0.9298207 0.06252519 0.4835418 -0.7948176 0.3666773 0.491718 -0.7985828 0.3471006 0.3436602 -0.5997863 0.7226024 0.3651202 -0.6084228 0.704634 0.4159422 -0.9037245 0.101362 0.4149781 -0.9023729 0.1162596 0.4824165 -0.7511976 0.4505292 0.4933231 -0.7560413 0.4301555 0.3055899 -0.5532473 0.7749401 0.281151 -0.5432696 0.791083 0.4577683 -0.8705508 0.1805254 0.4602983 -0.8725634 0.1635804 0.4667459 -0.7039967 0.5352915 0.480625 -0.7100306 0.5146417 0.2343161 -0.4956855 0.8362964 0.2071292 -0.484379 0.8499849 0.4934762 -0.837498 0.2346876 0.4889853 -0.8346788 0.2533867 0.4535508 -0.6607317 0.5981013 0.4365495 -0.6534253 0.6184334 0.1529429 -0.4356027 0.8870506 0.1233826 -0.4230322 0.897675 0.363803 -0.9309818 0.03033731 0.3650214 -0.930664 0.0249761 0.4051431 -0.9142456 0.003747768 0.3660816 -0.9298216 0.03762993 0.5142656 -0.7985854 0.3127179 0.5074358 -0.7948153 0.3328325 0.4123388 -0.6084204 0.6780865 0.3921673 -0.5997884 0.6974659 0.0316544 -0.3135141 0.9490558 0.03271895 -0.3596497 0.9325136 0.06330163 -0.3735852 0.9254334 0.03350579 -0.3605771 0.9321275 0.4219417 -0.9023725 0.08768734 0.4218867 -0.9037263 0.07273575 0.5120333 -0.7511944 0.416568 0.52153 -0.7560415 0.3954844 0.3577736 -0.5532413 0.752278 0.33449 -0.5432621 0.7700537 0.4703915 -0.8725622 0.1317842 0.4690251 -0.8705517 0.1488461 0.5146393 -0.7100344 0.4806219 0.5021865 -0.7039933 0.5021973 0.2646702 -0.4843745 0.8338652 0.2908458 -0.4956747 0.8183614 0.5051438 -0.8346795 0.2194079 0.508344 -0.8374951 0.2004703 0.4933085 -0.6607328 0.5657551 0.4777263 -0.6534225 0.5872109 0.18436 -0.4230303 0.8871622 0.2131154 -0.4355957 0.8745503 0.5343971 -0.7985836 0.2769186 0.5289649 -0.7948198 0.2974185 0.4388544 -0.5997791 0.6690828 0.4576714 -0.6084177 0.6483555 0.126308 -0.3735779 0.9189591 0.0954231 -0.3598413 0.928121 0.4269423 -0.9023733 0.05867421 0.4258681 -0.9037257 0.04377546 0.5392666 -0.7511952 0.3806537 0.5472993 -0.7560405 0.3589794 0.4082731 -0.5532426 0.72611 0.3862547 -0.5432623 0.745435 0.007412053 -0.266724 0.9637444 0.03557289 -0.3084398 0.9505785 0.4782834 -0.8725626 0.09939621 0.4780844 -0.8705526 0.1165053 0.5352952 -0.7039988 0.4667383 0.5462328 -0.7100326 0.4443912 0.3460217 -0.4956761 0.7966017 0.3209491 -0.4843686 0.8138666 0.520843 -0.8374972 0.1652906 0.5189396 -0.8346772 0.1844331 0.5166957 -0.6534198 0.5532342 0.5307682 -0.6607253 0.5307797 0.2723174 -0.4356038 0.8579584 0.244461 -0.4230255 0.8725184 0.5480329 -0.7948142 0.2606345 0.5520585 -0.7985829 0.2397851 0.5008384 -0.6084186 0.6156198 0.4834872 -0.5997841 0.6375728 0.1585225 -0.3598405 0.9194484 0.1887304 -0.3735855 0.9081931 0.4299498 -0.9023737 0.02941062 0.4312342 -0.9014027 0.03886296 0.4496371 -0.8931812 -0.007337678 0.5705249 -0.7560408 0.3207863 0.5639867 -0.7511932 0.3429692 0.4568709 -0.5532501 0.696551 0.4362149 -0.5432659 0.7173414 0.0652023 -0.2950478 0.9532552 0.09724129 -0.3098328 0.9458054 0.4849204 -0.8705518 0.08361717 0.4839498 -0.8725647 0.06650868 0.5658957 -0.7039961 0.4291287 0.5752864 -0.7100319 0.4060791 0.3995672 -0.4956908 0.7711269 0.375724 -0.4843795 0.7900684 0.5303129 -0.8346812 0.1485789 0.5309047 -0.8374974 0.1293772 0.5532438 -0.6534131 0.5166938 0.5657651 -0.6607264 0.4933058 0.3034436 -0.423037 0.8537925 0.3302208 -0.4356054 0.8373781 0.5645308 -0.7948195 0.2226364 0.5671246 -0.7985886 0.2015583 0.5416926 -0.6084165 0.5799987 0.5258753 -0.5997792 0.6030921 0.2209063 -0.3598466 0.9064826 0.2502559 -0.3735825 0.8932011 0.5860651 -0.7511983 0.3036919 0.5910764 -0.756048 0.2811051 0.503338 -0.5532511 0.66375 0.4841565 -0.5432708 0.685893 0.1301082 -0.2950561 0.9465801 0.1615431 -0.3098304 0.9369679 0.4873559 -0.8725668 0.03333749 0.4884415 -0.8721035 0.0293327 0.4894899 -0.8705555 0.05032673 0.5349057 -0.8447892 0.014386 0.4928178 -0.8698595 0.0217944 0.6016545 -0.7100329 0.3658757 0.5938583 -0.7039967 0.3895139 0.4287812 -0.4843841 0.7625737 0.4512527 -0.4956836 0.7420706 0.0373186 -0.1708344 0.9845927 0.03073358 -0.2189974 0.9752414 0.06616933 -0.2444829 0.9673933 0.03830241 -0.2312601 0.9721377 0.5384906 -0.8374997 0.09285458 0.5392108 -0.834682 0.1120613 0.5981005 -0.6607329 0.4535502 0.5872065 -0.6534209 0.4777337 0.3865822 -0.4355986 0.812901 0.3609984 -0.4230351 0.8310965 0.5784122 -0.7948205 0.1835748 0.579561 -0.798588 0.1623769 0.5800031 -0.6084187 0.5416853 0.5658007 -0.5997827 0.5658007 0.2822455 -0.3598413 0.8892984 0.3106381 -0.3735856 0.8740354 0.6088883 -0.7560375 0.2401299 0.6054372 -0.7511976 0.2629601 0.5474634 -0.5532524 0.6278501 0.5298361 -0.543271 0.651253 0.2251163 -0.3098283 0.9237581 0.1943992 -0.2950478 0.9354976 0.6252142 -0.7100317 0.3239785 0.619052 -0.7039981 0.3480824 0.5008502 -0.4956799 0.7095425 0.4798194 -0.4843749 0.7315423 0.1320381 -0.2444848 0.9606212 0.09954911 -0.2288319 0.9683625 0.545603 -0.8346816 0.07499361 0.5435745 -0.8374982 0.05588749 0.6184393 -0.6534243 0.4365428 0.6276543 -0.6607337 0.4116807 0.4168692 -0.4230242 0.8045313 0.4411741 -0.435599 0.7846139 0.01088492 -0.1224201 0.9924187 0.02915913 -0.180143 0.9832081 0.5892921 -0.7985837 0.1224694 0.5895923 -0.7948207 0.1436699 0.6156132 -0.6084204 0.5008444 0.6030895 -0.5997839 0.525873 0.3695572 -0.3735847 0.8508008 0.3422845 -0.3598458 0.8679587 0.6219688 -0.7511905 0.2210604 0.6238582 -0.7560408 0.1979984 0.573042 -0.5432739 0.6135767 0.5890291 -0.5532535 0.5890291 0.2577856 -0.2950501 0.92005 0.2876239 -0.3098273 0.9062447 0.6458815 -0.7100298 0.2805263 0.6413742 -0.7039902 0.3050192 0.5481058 -0.495677 0.6737093 0.5286264 -0.4843728 0.6970919 0.1972824 -0.2444831 0.9493722 0.1654063 -0.2288344 0.9593099 0.5494518 -0.8346798 0.03758194 0.5757764 -0.8175901 -0.005288802 0.5491205 -0.8349827 0.03564518 0.6542875 -0.6607279 0.3678948 0.6467939 -0.6534215 0.3933167 0.4708041 -0.4230307 0.7742019 0.4936841 -0.4356003 0.7526808 0.06733529 -0.1616876 0.9845421 0.100629 -0.1780243 0.9788673 0.5980232 -0.794817 0.103123 0.5962744 -0.7985861 0.08195843 0.6375736 -0.5997828 0.4834878 0.6483601 -0.6084188 0.4576633 0.4267517 -0.3735766 0.823604 0.4007209 -0.3598422 0.8425772 0.6359207 -0.7560374 0.154959 0.6356102 -0.7511919 0.1780742 0.6278526 -0.5532473 0.5474656 0.613583 -0.5432712 0.5730376 0.3488078 -0.3098266 0.8845002 0.3199728 -0.295045 0.9003143 0.6606815 -0.7039997 0.2605462 0.6635048 -0.7100343 0.2358232 0.5749562 -0.484375 0.6593984 0.5928005 -0.4956831 0.6347329 0.2304812 -0.2288332 0.9457874 0.261609 -0.2444841 0.933696 0.6721267 -0.6534169 0.3482702 0.6778723 -0.6607287 0.3223766 0.522536 -0.4230316 0.7402704 0.5438992 -0.4356051 0.717232 0.167201 -0.1780152 0.9697187 0.1343853 -0.1616857 0.9776494 0.6004781 -0.7985857 0.04107212 0.6529245 -0.7570108 0.02498746 0.615154 -0.7881817 0.01884628 0.6023394 -0.7974779 0.03487535 0.6036659 -0.7948185 0.06205771 0.6780822 -0.6084222 0.4123431 0.6690804 -0.5997831 0.4388528 0.457266 -0.359841 0.8132787 0.4819643 -0.3735887 0.792554 0.02984517 -0.07353603 0.9968459 0.04004303 -0.09684348 0.9944938 0.07353581 -0.02994662 0.9968428 0.03951092 -0.03950724 0.9984378 0.06781429 -0.1106248 0.991546 0.6450025 -0.756043 0.1112241 0.64627 -0.7511961 0.1343109 0.6637492 -0.5532525 0.5033374 0.6512485 -0.5432691 0.5298435 0.3806599 -0.2950518 0.8763803 0.4083558 -0.3098371 0.8586306 0.6769342 -0.7039921 0.2148374 0.6780639 -0.7100291 0.189968 0.6186185 -0.4843783 0.6186185 0.634737 -0.4956859 0.5927937 0.2944869 -0.228834 0.9278537 0.3247179 -0.244485 0.9136659 0.6943202 -0.6534222 0.3015939 0.6982846 -0.6607322 0.2753753 0.5718423 -0.4230344 0.7028786 0.5915704 -0.4355988 0.6784527 0.2329816 -0.1780249 0.9560474 0.200771 -0.1616884 0.9662029 0.6974658 -0.5997884 0.3921672 0.7046353 -0.6084243 0.3651149 0.511716 -0.3598475 0.7801644 0.5349238 -0.3735844 0.75782 0.1018111 -0.09382169 0.9903696 0.1223528 -0.03113936 0.9919981 0.1353413 -0.1106267 0.9846037 0.1021697 -0.04251255 0.9938582 0.653934 -0.7511935 0.08988108 0.6510937 -0.7560403 0.06693334 0.6965533 -0.5532459 0.4568725 0.6858989 -0.5432695 0.4841497 0.4395874 -0.2950592 0.8483531 0.4659792 -0.3098293 0.8287757 0.6900035 -0.7040002 0.1681632 0.6894339 -0.7100361 0.1432815 0.673703 -0.495679 0.5481119 0.6593961 -0.4843806 0.5749541 0.3571246 -0.2288325 0.9055925 0.3863066 -0.2444783 0.8893805 0.7132941 -0.6534168 0.2534916 0.7154596 -0.6607264 0.2270641 0.636498 -0.4355923 0.636498 0.6184771 -0.4230236 0.6622213 0.2662547 -0.1616878 0.950245 0.2976821 -0.1780159 0.9379209 0.7225969 -0.599791 0.3436633 0.727904 -0.6084282 0.3161818 0.5853988 -0.3735883 0.7195415 0.5637577 -0.3598441 0.7434309 0.1697798 -0.03861537 0.9847252 0.1691569 -0.09383474 0.9811121 0.1708476 -0.03770816 0.9845756 0.2189848 -0.03159572 0.9752166 0.2021991 -0.110632 0.9730756 0.6895959 -0.7241938 0.0009363199 0.6585458 -0.7511918 0.0450369 0.6555886 -0.7545388 0.02957666 0.72611 -0.5532426 0.4082731 0.7173396 -0.5432639 0.4362205 0.5214692 -0.3098231 0.7950343 0.4964557 -0.2950419 0.8163835 0.6976085 -0.7100342 0.09588397 0.6998755 -0.7039972 0.1206742 0.7095472 -0.4956813 0.5008422 0.6970927 -0.4843712 0.5286269 0.4461088 -0.2444828 0.8609385 0.4180837 -0.2288274 0.8791155 0.7292748 -0.6607336 0.1777342 0.7289175 -0.6534238 0.2042465 0.6622146 -0.423027 0.618482 0.6784503 -0.4356056 0.5915682 0.360999 -0.1780207 0.9154171 0.3304709 -0.1616841 0.9298641 0.7477975 -0.6084192 0.2657535 0.7443792 -0.5997843 0.2935275 0.6131885 -0.3598459 0.7032146 0.6331374 -0.3735824 0.6779183 0.2365533 -0.04234028 0.9706956 0.2681486 -0.1106304 0.9570043 0.2357212 -0.09382785 0.9672807 0.2665969 -0.02980431 0.9633472 0.7454285 -0.5432658 0.3862623 0.7522727 -0.5532463 0.3577769 0.5745019 -0.3098239 0.7575994 0.5510084 -0.2950459 0.7806008 0.7025291 -0.7100313 0.04804487 0.7241027 -0.6894144 0.01956833 0.7062128 -0.7070756 0.03616147 0.7064821 -0.7039955 0.07261784 0.7420686 -0.4956814 0.4512584 0.7315446 -0.4843774 0.4798137 0.5038183 -0.2444795 0.8284907 0.4771113 -0.2288317 0.8485287 0.7411671 -0.6534168 0.1540059 0.7397149 -0.6607228 0.1275433 0.7172341 -0.4355997 0.5439008 0.7028882 -0.423035 0.57183 0.4226182 -0.1780294 0.8886504 0.3931503 -0.1616945 0.9051451 0.7641792 -0.6084239 0.214127 0.7626639 -0.5997895 0.2420669 0.6597329 -0.3598476 0.659744 0.6779116 -0.3735859 0.6331424 0.3011753 -0.09383801 0.9489404 0.3022503 -0.04143824 0.9523275 0.3135056 -0.03338974 0.9489991 0.359675 -0.03491841 0.9324241 0.3328212 -0.1106382 0.9364771 0.7749418 -0.5532509 0.3055791 0.7700546 -0.5432637 0.3344856 0.6029981 -0.2950408 0.7411776 0.6248752 -0.3098239 0.7166171 0.7625693 -0.4843836 0.4287897 0.7711223 -0.4956906 0.3995762 0.5591807 -0.2444803 0.7921782 0.5338987 -0.2288298 0.8139957 0.7466905 -0.6607289 0.07675077 0.7499492 -0.6534138 0.1030856 0.7526832 -0.4356028 0.4936783 0.7402678 -0.4230289 0.5225419 0.4540156 -0.1616919 0.8761994 0.4822868 -0.1780253 0.8577332 0.7770147 -0.6084247 0.1614546 0.7774101 -0.5997844 0.1894526 0.7032325 -0.3598358 0.6131738 0.7195556 -0.3735755 0.5853897 0.3959477 -0.1106241 0.9115853 0.3652434 -0.09383364 0.9261709 0.3665609 -0.04051084 0.9295117 0.4050528 -0.03014228 0.9137963 0.7910784 -0.543277 0.2811494 0.7939789 -0.5532544 0.2520062 0.6723051 -0.3098331 0.6723164 0.6521607 -0.2950538 0.6983049 0.7966025 -0.4956778 0.3460171 0.7900673 -0.4843776 0.3757287 0.6119393 -0.2444877 0.7521676 0.5881986 -0.2288326 0.7756662 0.7516407 -0.6587539 0.03285587 0.788325 -0.6151795 0.00989359 0.7570369 -0.6531433 0.01729279 0.7552284 -0.6534226 0.05166136 0.7742 -0.4230355 0.4708029 0.7846088 -0.4355994 0.4411825 0.5396893 -0.1780328 0.8228243 0.5127426 -0.1616981 0.8431778 0.7862157 -0.6084288 0.1080707 0.7885193 -0.5997936 0.1359595 0.7578172 -0.3735816 0.5349298 0.7434278 -0.3598412 0.5637637 0.4290952 -0.04261472 0.9022534 0.4572461 -0.1106194 0.8824338 0.427591 -0.09381901 0.8990906 0.4493994 -0.03074556 0.8928017 0.8084307 -0.5432667 0.2264976 0.8093353 -0.5532411 0.1972327 0.6983065 -0.2950464 0.6521623 0.7166317 -0.3098267 0.6248571 0.8138649 -0.4843718 0.3209484 0.8183599 -0.4956774 0.2908452 0.6397634 -0.2288398 0.7337133 0.6618336 -0.2444872 0.7086623 0.8129016 -0.4355924 0.3865879 0.8045329 -0.4230203 0.41687 0.5945798 -0.1780204 0.7840813 0.5690997 -0.1616953 0.8062135 0.7972027 -0.6026361 0.03602261 0.7917672 -0.608417 0.05416079 0.8174272 -0.5755926 0.022496 0.7959669 -0.599786 0.08181385 0.7925557 -0.3735837 0.4819654 0.7801661 -0.3598421 0.5117171 0.4879418 -0.09382612 0.8678188 0.4897248 -0.0393198 0.87099 0.4925672 -0.03671928 0.8694993 0.5347182 -0.03213332 0.8444194 0.516391 -0.110627 0.8491772 0.8220052 -0.5432591 0.1708128 0.8209105 -0.553237 0.1415446 0.7411733 -0.2950544 0.6029967 0.7575923 -0.309835 0.5745052 0.8362972 -0.4956896 0.2343049 0.8338655 -0.4843757 0.2646668 0.7086622 -0.2444877 0.6618336 0.6883441 -0.2288333 0.6883441 0.8373781 -0.4356055 0.3302208 0.8310943 -0.4230309 0.3610085 0.6467055 -0.1780175 0.7416749 0.622784 -0.1616851 0.7655051 0.8132707 -0.3598429 0.4572788 0.8236009 -0.3735851 0.4267502 0.546034 -0.09382476 0.8324925 0.5731487 -0.1106276 0.8119496 0.5479669 -0.0421118 0.8354394 0.5755609 -0.02974111 0.8172179 0.828649 -0.5532507 0.08517311 0.8317425 -0.5432602 0.1143362 0.795032 -0.3098315 0.5214677 0.7805987 -0.2950543 0.5510069 0.850334 -0.4956908 0.1766996 0.8499805 -0.4843874 0.2071281 0.7521667 -0.2444869 0.6119407 0.7337139 -0.2288403 0.6397625 0.8537944 -0.4230355 0.3034404 0.85796 -0.4356024 0.2723143 0.6735727 -0.1616838 0.7212199 0.6958126 -0.1780164 0.6958125 0.8425827 -0.3598445 0.4007072 0.8507997 -0.3735765 0.369568 0.6015615 -0.09383865 0.7932957 0.6148952 -0.03272409 0.7879296 0.6527547 -0.03578158 0.7567239 0.6036994 -0.04180282 0.7961152 0.6272129 -0.110643 0.7709488 0.8698664 -0.4928434 0.02092444 0.8448137 -0.534972 0.009739283 0.8341088 -0.5503603 0.03696194 0.8375989 -0.5432737 0.05728767 0.8163812 -0.2950506 0.4964543 0.8287677 -0.3098312 0.4659923 0.8604098 -0.495687 0.118277 0.8621325 -0.4843873 0.1486485 0.792177 -0.2444864 0.5591798 0.7756605 -0.2288347 0.5882053 0.8745545 -0.4355869 0.2131165 0.8725232 -0.423021 0.2444513 0.721214 -0.1616872 0.6735783 0.7416745 -0.1780251 0.6467038 0.8679633 -0.3598331 0.3422863 0.8740407 -0.373575 0.3106359 0.6566867 -0.03994523 0.7531048 0.6783633 -0.1106335 0.7263495 0.6892202 -0.03040818 0.7239135 0.6543112 -0.09383912 0.7503806 0.8483601 -0.2950499 0.43958 0.858639 -0.3098304 0.4083431 0.8702746 -0.4843743 0.08946274 0.8929386 -0.4493902 0.02663075 0.8664808 -0.4956801 0.05926308 0.8730918 -0.4863116 0.03480897 0.8284914 -0.244476 0.5038188 0.8140006 -0.2288312 0.5338907 0.8871663 -0.4230213 0.1843609 0.8870549 -0.435593 0.1529456 0.7840766 -0.1780161 0.5945874 0.76551 -0.1616893 0.6227769 0.889297 -0.3598366 0.2822561 0.8932022 -0.3735871 0.2502449 0.7039869 -0.09383434 0.7039869 0.7064635 -0.04264558 0.7064635 0.7239139 -0.03040869 0.6892199 0.7263442 -0.1106294 0.6783696 0.8844991 -0.3098302 0.3488073 0.876378 -0.2950538 0.3806637 0.848527 -0.2288297 0.4771152 0.8609421 -0.2444874 0.4460994 0.8976793 -0.4230225 0.1233847 0.8954239 -0.4355952 0.09204803 0.8062187 -0.1616832 0.5690956 0.822831 -0.1780224 0.5396824 0.9081923 -0.3735875 0.1887303 0.9064824 -0.3598525 0.2208979 0.7709553 -0.1106318 0.6272069 0.7531096 -0.03994792 0.6566811 0.7503863 -0.09382711 0.6543064 0.7567316 -0.03578086 0.6527458 0.7879237 -0.03272469 0.6149027 0.906242 -0.3098255 0.2876343 0.9003133 -0.2950484 0.3199724 0.8893759 -0.24449 0.3863095 0.8791109 -0.2288392 0.4180868 0.9141431 -0.4053323 0.00693718 0.9007185 -0.4327472 0.03789642 0.9040048 -0.4230268 0.06183588 0.8577309 -0.1780274 0.4822904 0.843173 -0.1616971 0.5127508 0.9189516 -0.3735962 0.1263085 0.919441 -0.359851 0.1585415 0.7932919 -0.09383531 0.601567 0.811953 -0.1106308 0.5731432 0.7961111 -0.04180516 0.6037048 0.8172209 -0.02973932 0.5755567 0.9237589 -0.309832 0.225108 0.920049 -0.2950466 0.2577933 0.9055952 -0.2288375 0.3571145 0.9136659 -0.244485 0.3247179 0.8886486 -0.178027 0.4226227 0.8761994 -0.1616919 0.4540156 0.9490561 -0.3135142 0.03164278 0.9325192 -0.3596362 0.03270721 0.932121 -0.3605925 0.03351847 0.9281167 -0.3598554 0.09541272 0.9254296 -0.3735947 0.06330136 0.8324901 -0.09383242 0.5460363 0.8491719 -0.1106317 0.5163989 0.8354377 -0.04210768 0.5479696 0.8444176 -0.03212953 0.5347211 0.8694966 -0.03671453 0.4925724 0.9369643 -0.3098313 0.161563 0.9354945 -0.2950568 0.1944008 0.9336954 -0.2444776 0.261617 0.927855 -0.2288324 0.2944838 0.9154201 -0.1780258 0.3609889 0.9051437 -0.1616923 0.3931546 0.8709874 -0.03931537 0.4897297 0.8824333 -0.1106245 0.4572458 0.8678159 -0.09382883 0.4879465 0.8928113 -0.03073662 0.4493809 0.9465863 -0.2950416 0.1300964 0.9458114 -0.3098173 0.09723177 0.9493716 -0.2444842 0.1972846 0.945785 -0.2288294 0.2304945 0.9379199 -0.1780278 0.2976782 0.9298626 -0.1616944 0.3304704 0.9115843 -0.1106162 0.3959521 0.9022584 -0.04260043 0.4290863 0.8990949 -0.09381875 0.4275819 0.9137854 -0.03014578 0.4050772 0.9532562 -0.295042 0.06521346 0.9637405 -0.2667385 0.007399342 0.9505768 -0.3084472 0.03555567 0.9606244 -0.2444789 0.1320258 0.9593136 -0.2288283 0.1653939 0.9560435 -0.1780289 0.2329945 0.9502439 -0.1616997 0.2662513 0.9364771 -0.1106382 0.3328212 0.9261675 -0.09382848 0.3652532 0.9295076 -0.04051862 0.3665705 0.9324296 -0.03490756 0.3596616 0.949001 -0.03337899 0.3135011 0.9673912 -0.2444881 0.06618045 0.9721377 -0.2312601 0.03830241 0.9683601 -0.2288372 0.09955997 0.9845906 -0.1708496 0.03730533 0.9752449 -0.2189826 0.0307245 0.9697217 -0.1780108 0.1671884 0.9662056 -0.1616819 0.2007628 0.9489452 -0.09383105 0.3011622 0.9523319 -0.04143387 0.302237 0.9570065 -0.1106183 0.2681461 0.9633419 -0.02981029 0.2666153 0.9788671 -0.1780189 0.1006402 0.9776495 -0.1616865 0.1343838 0.9730766 -0.1106385 0.2021905 0.9672778 -0.09382378 0.2357343 0.970692 -0.0423483 0.2365664 0.9752202 -0.03158673 0.2189701 0.9845735 -0.03769528 0.1708628 0.9924204 -0.1224047 0.01090223 0.983211 -0.180125 0.02917495 0.9845437 -0.1616771 0.06733616 0.9846039 -0.1106274 0.1353397 0.9847267 -0.03862466 0.1697689 0.9811135 -0.0938402 0.169146 0.9920002 -0.03114743 0.1223338 0.9944935 -0.09685029 0.04003441 0.9968448 -0.07355148 0.02984042 0.9903678 -0.09382834 0.1018221 0.9915447 -0.1106362 0.06781498 0.9938574 -0.04250403 0.1021808 0.9984378 -0.03950689 0.03951057 0.9968418 -0.02994111 0.07355241 -0.9993986 0.02451883 0.02452112 -0.02452112 0.02451883 0.9993986 -0.9989712 0.03206503 0.03206802 -0.9972521 0.07358153 0.008607696 -0.9968716 0.03995539 0.06819487 -0.99665 0.03578851 0.07353825 -0.9919499 0.03273328 0.1223276 -0.9848378 0.02974218 0.1709087 -0.9898196 0.04181989 0.1360445 -0.9920065 0.1223537 0.03086399 -0.9933702 0.1081331 0.03902523 -0.9932663 0.093835 0.06794824 -0.9782177 0.04209922 0.203268 -0.9752032 0.0321334 0.2189663 -0.9631202 0.03672281 0.2665539 -0.9863166 0.09381994 0.1355631 -0.9886532 0.1106241 0.1016228 -0.9849881 0.1709185 0.0241938 -0.9756409 0.2190715 0.01151309 -0.9858557 0.1634149 0.03720418 -0.9490819 0.03072247 0.3135278 -0.9621741 0.03929677 0.2695864 -0.974766 0.09383262 0.2025508 -0.9794098 0.1106245 0.168875 -0.9817356 0.1780134 0.06713125 -0.9816714 0.1616768 0.1009051 -0.9325744 0.03013895 0.3597175 -0.9414042 0.04259847 0.3345797 -0.9586697 0.09382952 0.2686046 -0.965605 0.1106316 0.2353034 -0.9724925 0.1616821 0.1676822 -0.9748617 0.1780173 0.1339944 -0.9633783 0.2666382 0.02839727 -0.9695984 0.241485 0.03954897 -0.9711953 0.2288432 0.06641051 -0.9164553 0.04051591 0.3980803 -0.9136434 0.03491887 0.4050142 -0.8927352 0.03339123 0.4493427 -0.9381031 0.09382201 0.3334065 -0.9472963 0.1106265 0.3006518 -0.9587827 0.1617021 0.233641 -0.9634408 0.1780211 0.2002255 -0.9643966 0.2288408 0.1325559 -0.9645675 0.2444979 0.0991481 -0.8696968 0.02980238 0.4926857 -0.8871273 0.04144401 0.4596604 -0.9494309 0.313638 0.01456413 -0.9328752 0.3597736 0.01752154 -0.9538522 0.2977792 0.03864545 -0.9245652 0.1106239 0.3646116 -0.9131624 0.09382621 0.39665 -0.9406044 0.1616922 0.2985279 -0.9475393 0.1780303 0.26547 -0.9530988 0.2288417 0.1980762 -0.9555491 0.2444956 0.1647658 -0.8536513 0.04233596 0.5191215 -0.8444319 0.03159887 0.5347302 -0.8170009 0.03771345 0.5754018 -0.9504927 0.294988 0.09770138 -0.9485973 0.3097652 0.06487466 -0.8839732 0.0938278 0.4580261 -0.8975326 0.1106218 0.4268467 -0.9272101 0.1780264 0.329527 -0.9180344 0.1616876 0.3620361 -0.9420853 0.2444805 0.2295749 -0.937371 0.2288359 0.2626212 -0.8163625 0.03860534 0.576248 -0.787964 0.03112763 0.6149341 -0.9419526 0.3097753 0.1294782 -0.9416029 0.2949964 0.162361 -0.8506475 0.09383356 0.5172948 -0.8663084 0.1106335 0.4871037 -0.9138749 0.4051031 0.02691168 -0.9277872 0.3712335 0.03737034 -0.9308127 0.3599103 0.06365836 -0.9025559 0.1780213 0.3920475 -0.8911915 0.1616942 0.423831 -0.9242206 0.2444908 0.2933266 -0.9172586 0.2288385 0.3259902 -0.7750084 0.04250047 0.6305202 -0.756877 0.02993871 0.6528713 -0.9283319 0.2949965 0.2262234 -0.9309235 0.30977 0.1934524 -0.8133678 0.09382283 0.5741342 -0.8310553 0.1106257 0.5450771 -0.9227066 0.3736528 0.09484808 -0.9242983 0.3599032 0.1270515 -0.8737004 0.1780282 0.4527179 -0.8601888 0.1616954 0.4836628 -0.8931795 0.4496367 0.007567761 -0.9038072 0.4262024 0.03852482 -0.9020428 0.2444935 0.355727 -0.8928676 0.2288411 0.3878391 -0.7238268 0.03413353 0.6891369 -0.6891373 0.03413276 0.7238264 -0.7302198 0.04101305 0.6819802 -0.9155523 0.3097747 0.2565224 -0.9107297 0.2949993 0.2890449 -0.7722869 0.09383292 0.6283061 -0.7919078 0.1106287 0.6005358 -0.9140856 0.3736416 0.1576056 -0.9134762 0.3598986 0.1898268 -0.8251837 0.1616979 0.541226 -0.840771 0.1780265 0.5112835 -0.8980443 0.4355965 0.06141849 -0.9013679 0.4230261 0.09265462 -0.8756738 0.2444823 0.4164421 -0.8643259 0.2288268 0.4478604 -0.6819798 0.04101291 0.7302203 -0.6528801 0.02994202 0.7568692 -0.8888783 0.2949919 0.3505355 -0.8959135 0.3097762 0.3183987 -0.7490923 0.110626 0.6531635 -0.727611 0.09382177 0.6795437 -0.9011998 0.3736396 0.2196191 -0.8983938 0.3599004 0.2517149 -0.7863136 0.1616944 0.5962934 -0.80392 0.1780337 0.5674651 -0.8917581 0.4355979 0.1225637 -0.8929425 0.4230248 0.1539602 -0.8452094 0.244477 0.475239 -0.8317494 0.2288274 0.5057973 -0.8728625 0.4843011 0.05969628 -0.8696502 0.4925802 0.03275936 -0.8445568 0.5348094 0.02650848 -0.8679844 0.4957254 0.02931716 -0.6305144 0.04251221 0.7750124 -0.6149263 0.03113792 0.7879696 -0.8628909 0.2949942 0.410363 -0.8720953 0.3097671 0.3788062 -0.6795433 0.09382205 0.7276114 -0.7027671 0.1106204 0.7027671 -0.879119 0.3599127 0.3124301 -0.8841068 0.3736471 0.2806118 -0.7438005 0.1616927 0.6485494 -0.7633213 0.1780217 0.6210064 -0.8813141 0.4355962 0.1831432 -0.8803532 0.4230264 0.2145388 -0.8108046 0.2444809 0.5318128 -0.7952936 0.2288347 0.5613759 -0.8667508 0.4843056 0.1191267 -0.8639926 0.4956086 0.08881965 -0.5754057 0.03772694 0.8169975 -0.5347271 0.03161037 0.8444334 -0.5762478 0.03861444 0.8163623 -0.8328683 0.2950008 0.4683 -0.8442076 0.3097772 0.4374374 -0.8175474 0.5758523 0.003229753 -0.8369581 0.5460691 0.036189 -0.6283013 0.09382081 0.7722921 -0.6531702 0.1106219 0.7490871 -0.8629 0.3736539 0.3402741 -0.8557464 0.3599078 0.3717048 -0.7191617 0.178029 0.6716488 -0.6978017 0.1616958 0.6978017 -0.8667595 0.4355984 0.2428621 -0.8636581 0.4230274 0.2741215 -0.7551274 0.228842 0.6143402 -0.7726201 0.2444893 0.5859037 -0.856594 0.4843144 0.1780061 -0.8559108 0.4956162 0.1475849 -0.4926806 0.02980421 0.8696996 -0.5191264 0.04234204 0.8536481 -0.7989668 0.2950009 0.5240482 -0.8123873 0.3097793 0.494028 -0.8351017 0.5433553 0.08584964 -0.8310173 0.5533344 0.05684565 -0.5741342 0.09382283 0.8133678 -0.6005238 0.110621 0.791918 -0.8283855 0.3599046 0.429239 -0.8376659 0.3736483 0.3983752 -0.6485544 0.161704 0.7437936 -0.6716427 0.1780327 0.7191664 -0.8481749 0.4355902 0.3014309 -0.8429476 0.4230194 0.3324061 -0.7114425 0.2288438 0.6644396 -0.7308376 0.2444934 0.6372593 -0.8424562 0.4843004 0.2360524 -0.8438517 0.4956123 0.2056275 -0.4596646 0.04144251 0.8871251 -0.4493611 0.0334006 0.8927256 -0.4049896 0.03492873 0.9136539 -0.7613429 0.2949945 0.5773518 -0.7767836 0.3097754 0.5483125 -0.8272976 0.54335 0.1426512 -0.8252009 0.5533351 0.1134186 -0.5173 0.09383069 0.8506448 -0.5450824 0.1106227 0.8310522 -0.8085329 0.3736411 0.4546063 -0.7971655 0.3598943 0.4847713 -0.798298 0.5997818 0.05460749 -0.7881144 0.615015 0.02514393 -0.7568523 0.652984 0.02804384 -0.794651 0.6060717 0.03474119 -0.6210178 0.1780293 0.7633103 -0.5962818 0.1616867 0.786324 -0.825615 0.4355982 0.3586282 -0.8182893 0.4230331 0.3891601 -0.6856467 0.2444942 0.6856467 -0.6644347 0.2288397 0.7114484 -0.8243853 0.4843075 0.2929763 -0.8278495 0.4956053 0.2627556 -0.398071 0.04051337 0.9164596 -0.359731 0.03014257 0.932569 -0.7375546 0.30977 0.6000466 -0.7201716 0.2949926 0.627959 -0.8156399 0.5433498 0.1987529 -0.8155429 0.553326 0.16947 -0.4580302 0.09383018 0.8839708 -0.4871037 0.1106335 0.8663084 -0.7756242 0.3736338 0.5087287 -0.7622287 0.3598915 0.5380386 -0.7894556 0.6084182 0.08116091 -0.7927099 0.5997835 0.1089529 -0.5412322 0.1616859 0.8251821 -0.5674666 0.1780186 0.8039222 -0.7992272 0.4355989 0.4141129 -0.7898302 0.4230271 0.4440904 -0.7242399 0.689545 0.002050629 -0.7551991 0.6547877 0.03045168 -0.6143534 0.2288346 0.7551189 -0.6372667 0.244482 0.7308348 -0.8024669 0.484297 0.3485731 -0.8079931 0.4956107 0.3186176 -0.3345832 0.04260723 0.9414026 -0.3135323 0.03073215 0.9490801 -0.6948951 0.3097654 0.6489732 -0.6756421 0.2949836 0.6756421 -0.800173 0.5433431 0.2539712 -0.8020766 0.5533304 0.2247186 -0.4268419 0.1106294 0.8975338 -0.3966404 0.0938313 0.9131659 -0.7237314 0.359898 0.5888007 -0.7390922 0.373637 0.5604802 -0.783425 0.5997854 0.1627959 -0.782075 0.6084208 0.1348441 -0.4836632 0.1616912 0.8601894 -0.5112791 0.1780201 0.840775 -0.7576741 0.4230429 0.4969553 -0.7690871 0.4356063 0.4677096 -0.7530324 0.6534134 0.07741638 -0.7488759 0.6607291 0.05120577 -0.58589 0.2444967 0.7726281 -0.5613738 0.2288495 0.7952908 -0.7843554 0.4956046 0.373045 -0.7768118 0.4843121 0.4024985 -0.2665355 0.03672104 0.9631253 -0.2189811 0.03213483 0.9751998 -0.2695834 0.03930806 0.9621744 -0.6489667 0.3097693 0.6948994 -0.6279622 0.2950037 0.7201641 -0.7848712 0.5533223 0.2789474 -0.7809805 0.5433476 0.3079657 -0.3334098 0.0938306 0.9381011 -0.3646055 0.1106271 0.9245672 -0.6818687 0.3599044 0.6368076 -0.699122 0.3736407 0.6096075 -0.7704867 0.5997925 0.215868 -0.7710466 0.6084236 0.1879035 -0.4527183 0.1780236 0.8737012 -0.4238272 0.1616867 0.8911946 -0.7219936 0.4230294 0.5475137 -0.7353926 0.4356081 0.5190793 -0.7459867 0.653422 0.1286218 -0.7436323 0.6607274 0.1022265 -0.5318108 0.2444955 0.8108016 -0.5057909 0.2288392 0.8317501 -0.7570764 0.4956179 0.4256738 -0.7475234 0.484305 0.4545959 -0.6894828 0.7240751 0.01813089 -0.7085477 0.7039979 0.04844823 -0.7061961 0.7070921 0.03616442 -0.203281 0.0421019 0.9782148 -0.1708936 0.02973453 0.9848408 -0.6000513 0.3097802 0.7375464 -0.5773396 0.2949935 0.7613525 -0.764001 0.5533323 0.3318524 -0.7581315 0.5433452 0.3605727 -0.3006585 0.1106335 0.9472934 -0.2686017 0.09383102 0.9586704 -0.6368031 0.3599007 0.6818749 -0.6558908 0.3736501 0.6558908 -0.7539525 0.5997947 0.2679587 -0.7564215 0.6084322 0.2400768 -0.3920427 0.1780142 0.9025594 -0.3620307 0.1616805 0.9180377 -0.6982467 0.4355987 0.5680715 -0.6829494 0.4230288 0.5955055 -0.7349216 0.660732 0.1527199 -0.7354699 0.6534212 0.1792334 -0.4752379 0.2444861 0.8452073 -0.4478594 0.2288362 0.864324 -0.7262617 0.4956057 0.4763601 -0.7147728 0.4843084 0.5045248 -0.7035906 0.7039923 0.09672203 -0.7004755 0.7100354 0.07199911 -0.1360446 0.04180733 0.9898202 -0.1223466 0.03273344 0.9919475 -0.07352167 0.03579035 0.9966512 -0.5240496 0.2949924 0.798969 -0.548314 0.3097671 0.7767857 -0.7317707 0.5433456 0.4114453 -0.7395769 0.5533212 0.3832252 -0.6530438 0.7571492 0.01608864 -0.6152533 0.7883088 0.005727715 -0.6573141 0.7529829 0.03090477 -0.2025638 0.09382832 0.9747636 -0.2353142 0.1106262 0.965603 -0.5888065 0.3599017 0.7237249 -0.6096019 0.373637 0.6991286 -0.7382827 0.6084262 0.2911293 -0.7339157 0.5997867 0.3187845 -0.3295239 0.178018 0.9272128 -0.298535 0.1616887 0.9406028 -0.6407176 0.4230391 0.6407176 -0.6578439 0.4356034 0.614403 -0.7227956 0.6607261 0.202503 -0.7215329 0.6534123 0.2290037 -0.3878345 0.2288341 0.8928714 -0.4164553 0.2444848 0.8756667 -0.6786641 0.4843102 0.5521399 -0.692059 0.4956172 0.5248027 -0.6953546 0.7039904 0.1444977 -0.6939356 0.7100258 0.119652 -0.03205374 0.03205074 0.9989721 -0.0681949 0.03994426 0.9968721 -0.00859412 0.07356608 0.9972534 -0.4683008 0.2949958 0.8328697 -0.4940259 0.3097724 0.8123912 -0.7019821 0.5433424 0.4604349 -0.7117044 0.5533264 0.4327894 -0.6530983 0.7559532 0.04469117 -0.6567147 0.7511122 0.06750112 -0.1355629 0.09383093 0.9863156 -0.1688658 0.1106309 0.9794106 -0.5604845 0.3736417 0.7390865 -0.538038 0.3598938 0.762228 -0.7166847 0.6084263 0.3408527 -0.7104442 0.5997914 0.3681296 -0.2654807 0.1780251 0.9475374 -0.2336517 0.1616968 0.958781 -0.5955001 0.4230262 0.6829557 -0.6144025 0.4356036 0.6578442 -0.7072896 0.6607224 0.2513706 -0.7042241 0.6534154 0.2776988 -0.3259866 0.2288403 0.9172594 -0.3557136 0.2444906 0.9020488 -0.6546326 0.4956128 0.5708101 -0.6393992 0.484303 0.5971763 -0.6841493 0.7100285 0.1667318 -0.6838694 0.7039979 0.1915972 -0.4374382 0.3097726 0.844209 -0.410376 0.2949966 0.8628839 -0.6689268 0.5433444 0.5072611 -0.6805066 0.5533229 0.4803589 -0.6485226 0.7559596 0.08912607 -0.6505783 0.7511087 0.1121761 -0.06794824 0.093835 0.9932663 -0.03902523 0.1081331 0.9933702 -0.1016338 0.1106296 0.9886514 -0.03085518 0.122369 0.9920049 -0.5087281 0.3736365 0.7756233 -0.4847678 0.359896 0.7971669 -0.6836718 0.5997923 0.4157427 -0.6917585 0.6084259 0.3889577 -0.6039941 0.796256 0.0341685 -0.5757422 0.8175416 0.01210963 -0.6053194 0.7949041 0.04142168 -0.2002146 0.1780264 0.9634421 -0.1676731 0.1616883 0.9724929 -0.5475178 0.4230339 0.7219879 -0.5680655 0.4355965 0.698253 -0.6836184 0.6534206 0.3251265 -0.6884757 0.6607311 0.2990579 -0.2626318 0.2288307 0.9373692 -0.2933372 0.2444858 0.9242186 -0.6141574 0.4956021 0.6141574 -0.5971758 0.4843028 0.6393996 -0.6711706 0.7100372 0.2130188 -0.6691928 0.7040011 0.237831 -0.3505217 0.2949947 0.8888828 -0.378805 0.3097763 0.8720925 -0.6461427 0.5533246 0.5256723 -0.63275 0.5433432 0.5517296 -0.6414062 0.7511083 0.1563151 -0.6409288 0.7559564 0.1331927 -0.429239 0.3599046 0.8283855 -0.4546063 0.373641 0.8085329 -0.6537041 0.5997871 0.4614395 -0.6636071 0.6084275 0.4352489 -0.601087 0.7949027 0.08260705 -0.5986183 0.7986669 0.06153966 -0.100916 0.1616833 0.9816692 -0.1339943 0.1780188 0.9748615 -0.5190945 0.4356081 0.7353819 -0.4969573 0.4230353 0.7576771 -0.6664699 0.6607273 0.3453364 -0.6598448 0.6534171 0.3710134 -0.5460579 0.8370488 0.034206 -0.5349606 0.8448759 0.001379205 -0.492852 0.8699198 0.01834221 -0.2295749 0.2444805 0.9420853 -0.1980659 0.2288365 0.9531022 -0.5521349 0.4843057 0.6786715 -0.5708104 0.4956121 0.6546329 -0.6514013 0.7039984 0.2829536 -0.6550693 0.7100369 0.2583252 -0.2890557 0.2949913 0.9107288 -0.3184096 0.3097681 0.8959125 -0.5936254 0.5433396 0.5936254 -0.6087665 0.5533218 0.5685406 -0.6303525 0.7559527 0.1766104 -0.6292509 0.7511042 0.1997142 -0.3983805 0.373646 0.8376644 -0.3717056 0.3599027 0.8557482 -0.6323481 0.6084248 0.4795365 -0.6206916 0.5997923 0.5049664 -0.5940413 0.7949058 0.1234488 -0.5930158 0.7986718 0.1022521 -0.06714312 0.1780192 0.9817337 -0.03719215 0.163409 0.9858571 -0.01150916 0.2190863 0.9756376 -0.02419775 0.1709035 0.9849906 -0.4677022 0.4356024 0.7690937 -0.4440904 0.4230271 0.7898302 -0.63299 0.6534213 0.4151676 -0.6413472 0.6607278 0.3900161 -0.5478449 0.834682 0.05631998 -0.5451659 0.8374981 0.03729779 -0.132556 0.2288393 0.9643969 -0.164757 0.2444896 0.9555522 -0.5045401 0.4843063 0.7147633 -0.5248055 0.495609 0.6920628 -0.6305808 0.7039949 0.3267402 -0.6359193 0.7100315 0.3024268 -0.2262235 0.2949941 0.9283326 -0.2565227 0.309772 0.9155531 -0.5517296 0.5433432 0.63275 -0.5685409 0.553322 0.6087661 -0.6141579 0.7511013 0.2421919 -0.6168339 0.7559504 0.2192142 -0.3402749 0.3736486 0.862902 -0.3124401 0.3599114 0.879116 -0.5981584 0.6084272 0.5215582 -0.5847871 0.5997908 0.5461457 -0.5842352 0.7949057 0.1636894 -0.5846582 0.7986708 0.1424773 -0.4141227 0.4355949 0.7992243 -0.3891661 0.423027 0.8182896 -0.6132339 0.6607339 0.4328683 -0.6031714 0.6534217 0.4574107 -0.5427248 0.8346811 0.09358058 -0.5413491 0.8374992 0.07440626 -0.0991594 0.2444916 0.9645679 -0.06642241 0.2288375 0.9711959 -0.03953487 0.2414915 0.9695973 -0.02839255 0.2666238 0.9633824 -0.4545876 0.4843058 0.7475279 -0.4763587 0.4956104 0.7262596 -0.6137965 0.7100314 0.3451222 -0.6068114 0.7039946 0.3690141 -0.4496354 0.8931777 0.00784526 -0.4900442 0.8712484 0.0279809 -0.4909278 0.8705525 0.03358705 -0.1623523 0.2949922 0.9416057 -0.1934503 0.309769 0.9309244 -0.5072605 0.543346 0.6689261 -0.5256708 0.5533252 0.6461434 -0.600422 0.7559532 0.2608222 -0.5961899 0.7511106 0.2835325 -0.2517149 0.3599004 0.8983938 -0.2806149 0.3736486 0.8841053 -0.5461487 0.5997856 0.5847895 -0.5611732 0.6084259 0.5611618 -0.5717077 0.7949022 0.2031769 -0.5735785 0.7986698 0.1820284 -0.3324052 0.4230246 0.8429454 -0.3586185 0.4355987 0.8256189 -0.5705649 0.653415 0.4974984 -0.5822769 0.660726 0.4737032 -0.535082 0.8346761 0.1303958 -0.5350177 0.8374956 0.1111633 -0.4025072 0.4843123 0.7768072 -0.4256746 0.4956147 0.757078 -0.5888111 0.7100314 0.3862084 -0.5802144 0.7039967 0.4095606 -0.487497 0.8705498 0.06700455 -0.4859437 0.8725617 0.04994807 -0.1294673 0.3097717 0.9419553 -0.09771215 0.2949942 0.9504898 -0.480352 0.553327 0.6805081 -0.4604325 0.543349 0.7019784 -0.5812383 0.755955 0.3011545 -0.5754559 0.7511036 0.3235643 -0.4051102 0.9141714 -0.01327759 -0.42475 0.904489 0.0385628 -0.1898237 0.3599092 0.9134727 -0.2196052 0.3736454 0.9012007 -0.5049655 0.5997918 0.6206929 -0.5215537 0.6084248 0.5981646 -0.5598125 0.79867 0.2207629 -0.556501 0.7949007 0.2417431 -0.3014407 0.4355914 0.8481708 -0.2741248 0.423026 0.8636577 -0.5352794 0.6534245 0.5352685 -0.5485767 0.6607295 0.5123477 -0.5261846 0.8374932 0.1474275 -0.5249379 0.8346779 0.1665921 -0.348563 0.484301 0.802469 -0.3730388 0.4956103 0.7843549 -0.5509248 0.7039895 0.4481971 -0.5611011 0.7100279 0.4254713 -0.4817885 0.870551 0.1001037 -0.4814031 0.8725606 0.08300013 -0.03864545 0.2977792 0.9538522 -0.06488652 0.3097706 0.9485947 -0.01752241 0.3597871 0.9328699 -0.01456413 0.313638 0.9494309 -0.4328023 0.5533277 0.7116956 -0.4114465 0.5433418 0.7317728 -0.5520287 0.7511063 0.3620824 -0.5593196 0.7559531 0.340142 -0.4286945 0.9023743 0.04406372 -0.427114 0.9037254 0.02922428 -0.1270404 0.3599081 0.924298 -0.157605 0.373651 0.9140819 -0.4795372 0.6084234 0.6323489 -0.461436 0.5997833 0.6537101 -0.5387174 0.7949048 0.2791233 -0.5434421 0.7986656 0.2584644 -0.2145255 0.4230298 0.8803548 -0.2428511 0.4356027 0.8667605 -0.5123446 0.6607339 0.5485742 -0.4974913 0.6534177 0.5705678 -0.5148814 0.8374999 0.1830057 -0.51233 0.8346846 0.2020381 -0.2929868 0.4843034 0.8243839 -0.3186283 0.4956068 0.8079913 -0.5307337 0.7100314 0.4627926 -0.5190365 0.7039961 0.4847583 -0.4738221 0.8705563 0.1327565 -0.4746047 0.8725652 0.1156733 -0.3605666 0.5433505 0.7581307 -0.3832111 0.5533229 0.739583 -0.526042 0.751112 0.3988867 -0.5348049 0.7559538 0.3775148 -0.4246903 0.9023728 0.07322207 -0.4241249 0.9037264 0.05828055 -0.03735742 0.3712389 0.9277856 -0.06367026 0.3599052 0.9308138 -0.09486062 0.3736476 0.9227074 -0.02690461 0.4050902 0.9138807 -0.4352574 0.6084197 0.6636087 -0.4157574 0.5997874 0.6836671 -0.5183995 0.7949057 0.315257 -0.5245345 0.7986737 0.2949304 -0.36715 0.9298224 0.02512135 -0.3600565 0.9328088 0.01507112 -0.3136121 0.9495096 0.008881885 -0.3683683 0.9289898 0.03581337 -0.183141 0.4355953 0.881315 -0.1539602 0.4230248 0.8929425 -0.4737042 0.6607265 0.5822756 -0.4574106 0.6534216 0.6031713 -0.4973483 0.8346811 0.2365419 -0.5011987 0.837501 0.2176969 -0.2627411 0.4956106 0.827851 -0.2360412 0.4843069 0.8424556 -0.4979243 0.7100301 0.4979243 -0.484758 0.7039959 0.5190369 -0.4656059 0.8725673 0.1477752 -0.4636555 0.8705544 0.1647984 -0.3318515 0.5533353 0.763999 -0.3079737 0.5433542 0.7809728 -0.5078011 0.755961 0.4131114 -0.4975776 0.7511085 0.4338809 -0.4191514 0.9037271 0.0871176 -0.4186962 0.9023746 0.1020469 -0.368117 0.5997899 0.7104519 -0.3889522 0.6084276 0.6917601 -0.5031937 0.7986687 0.3300369 -0.4956847 0.7949003 0.3499002 -0.3645857 0.9298211 0.0500991 -0.3639575 0.9306643 0.03740284 -0.1225652 0.4355972 0.8917583 -0.09266647 0.4230302 0.9013647 -0.4328746 0.6607321 0.6132314 -0.4151734 0.6534196 0.632988 -0.4851799 0.8374963 0.2513972 -0.4800562 0.8346786 0.2699216 -0.2665171 0.9634517 -0.027008 -0.2961056 0.9540766 0.04538019 -0.2056412 0.4956093 0.8438503 -0.178005 0.4843051 0.8565995 -0.4627851 0.710033 0.5307383 -0.4481958 0.7039934 0.5509208 -0.4513439 0.8705493 0.1960424 -0.4544508 0.8725617 0.179194 -0.2789451 0.5533322 0.784865 -0.2539571 0.543348 0.8001742 -0.4784231 0.7559534 0.4468172 -0.4668189 0.7511061 0.4668189 -0.4122357 0.903726 0.1155038 -0.4107627 0.9023735 0.1303689 -0.3187845 0.5997867 0.7339157 -0.3408445 0.6084231 0.7166913 -0.4706615 0.794901 0.3828972 -0.4794983 0.7986652 0.3636142 -0.360306 0.9298234 0.07488701 -0.3605457 0.9306664 0.06218452 -0.0385251 0.426203 0.9038068 -0.007551235 0.4496491 0.8931734 -0.06142883 0.4356013 0.8980412 -0.3710108 0.6534123 0.659851 -0.3900219 0.6607261 0.6413454 -0.4605169 0.8346811 0.3020459 -0.4668887 0.8374968 0.2839264 -0.3011212 0.9533634 0.02059974 -0.3017232 0.9528912 0.0310072 -0.1191282 0.4843051 0.8667509 -0.1475744 0.4956107 0.8559158 -0.4095685 0.7039918 0.5802149 -0.4254905 0.7100268 0.5610881 -0.4411567 0.8725609 0.2098057 -0.4369111 0.8705503 0.2263866 -0.224733 0.5533257 0.802076 -0.1987665 0.543345 0.8156397 -0.4338785 0.7511033 0.4975873 -0.4468243 0.7559518 0.4784191 -0.4033962 0.9037256 0.1433583 -0.4009131 0.9023737 0.1580836 -0.2911443 0.6084217 0.7382804 -0.267961 0.5997856 0.7539591 -0.4434215 0.794906 0.4141279 -0.4535552 0.7986706 0.3954908 -0.3543622 0.9298221 0.09928831 -0.3554689 0.9306654 0.08662409 -0.3453335 0.6607229 0.6664757 -0.3251197 0.653415 0.6836271 -0.4464307 0.837498 0.3151138 -0.4388296 0.8346794 0.3327742 -0.2990101 0.9533646 0.04109795 -0.2989 0.952891 0.05155224 -0.08881848 0.495609 0.8639925 -0.02930248 0.4957391 0.867977 -0.05970633 0.4843056 0.8728592 -0.02651819 0.5348203 0.8445495 -0.03277286 0.4925682 0.8696565 -0.3861978 0.7100314 0.588818 -0.3690167 0.7039991 0.6068047 -0.4257994 0.8725633 0.2394328 -0.4204351 0.8705537 0.2556769 -0.2391745 0.969322 0.0566608 -0.2191059 0.9756867 -0.005302742 -0.1710592 0.9849889 0.02314298 -0.2368454 0.9714122 0.01620262 -0.16947 0.553326 0.8155429 -0.1426409 0.5433461 0.827302 -0.4131163 0.7559543 0.5078071 -0.3989053 0.7511101 0.5260306 -0.3891788 0.9023763 0.1850861 -0.3926612 0.9037283 0.1705646 -0.215882 0.5997881 0.7704863 -0.2400789 0.6084233 0.7564279 -0.4255277 0.798669 0.4255044 -0.4141371 0.7949017 0.4434206 -0.3487327 0.9306647 0.1106735 -0.3467645 0.9298215 0.1232326 -0.2990501 0.6607257 0.6884843 -0.2777115 0.6534172 0.7042174 -0.423872 0.8374987 0.3448602 -0.4150892 0.8346818 0.3619493 -0.2946937 0.9528894 0.07181387 -0.2955163 0.9533625 0.06140077 -0.326734 0.7039988 0.6305797 -0.3451195 0.7100368 0.6137916 -0.4084792 0.8725633 0.267914 -0.4020154 0.8705528 0.2837631 -0.2351885 0.9714121 0.03232589 -0.2352296 0.971639 0.02418005 -0.08584901 0.5433479 0.8351066 -0.1134177 0.5533279 0.8252058 -0.3620708 0.751109 0.5520326 -0.3775066 0.755958 0.5348049 -0.3756384 0.9023742 0.2112266 -0.380111 0.9037284 0.1969532 -0.16313 0.9850528 0.05531327 -0.1222665 0.991676 -0.04036762 -0.1879035 0.6084236 0.7710466 -0.1627959 0.5997854 0.783425 -0.382895 0.7949036 0.4706588 -0.3954792 0.7986706 0.4535652 -0.3375384 0.9298227 0.1466203 -0.3403582 0.9306658 0.1342292 -0.2290021 0.6534185 0.7215278 -0.2513689 0.6607284 0.7072847 -0.3894381 0.8346812 0.3894167 -0.3993636 0.837497 0.3729712 -0.2906291 0.953363 0.08144766 -0.2891026 0.9528913 0.0917493 -0.3024307 0.7100326 0.6359161 -0.2829455 0.7039958 0.6514076 -0.3817018 0.8705527 0.3105507 -0.389237 0.8725649 0.2951695 -0.2324344 0.9714124 0.04829396 -0.2330305 0.971639 0.04018036 -0.05684599 0.5533267 0.8310223 -0.00321927 0.575842 0.8175547 -0.03617977 0.5460578 0.8369658 -0.3235632 0.7511054 0.5754541 -0.3401382 0.7559538 0.5593209 -0.3603625 0.9023719 0.236355 -0.365793 0.9037248 0.2224343 -0.169246 0.9855058 0.01158189 -0.1692351 0.9854222 0.01739622 -0.1348421 0.6084214 0.7820749 -0.1089513 0.599784 0.7927098 -0.3636189 0.7986664 0.4794928 -0.349896 0.7948991 0.4956896 -0.3267508 0.9298225 0.1693048 -0.3304093 0.9306654 0.1571355 -0.1792334 0.6534212 0.7354699 -0.202513 0.6607291 0.7227901 -0.3619365 0.834684 0.4150959 -0.3729665 0.8375015 0.3993585 -0.2821623 0.9528912 0.1112782 -0.2843952 0.9533644 0.1010733 -0.2378327 0.7039957 0.6691977 -0.2583271 0.7100317 0.6550741 -0.3681927 0.8725621 0.3210445 -0.3596314 0.8705516 0.3358648 -0.2285905 0.9714127 0.0640616 -0.2297405 0.9716398 0.05599689 -0.2835372 0.7511095 0.5961889 -0.3011637 0.7559549 0.5812337 -0.3433886 0.9023721 0.2604013 -0.3497569 0.903725 0.246883 -0.1676554 0.9854218 0.02890807 -0.168065 0.9855058 0.02308057 -0.05460749 0.5997818 0.798298 -0.08116091 0.6084183 0.7894556 -0.03474192 0.6060714 0.7946511 -0.02804492 0.6529928 0.7568446 -0.02514429 0.615015 0.7881143 -0.3152544 0.794905 0.5184021 -0.3300323 0.7986676 0.5031984 -0.3144392 0.9298215 0.1912066 -0.3189236 0.930665 0.1793053 -0.07349394 0.9956442 -0.05737007 -0.02412377 0.9894745 0.1426826 -0.1013376 0.9868049 0.1262802 -0.1021382 0.9947456 0.006989555 -0.1527175 0.6607326 0.7349216 -0.1286199 0.6534225 0.7459865 -0.3448518 0.8374999 0.4238762 -0.332776 0.8346832 0.4388212 -0.276838 0.9533635 0.1202448 -0.2739154 0.9528906 0.1302682 -0.2130204 0.710032 0.6711757 -0.191608 0.7039952 0.6838692 -0.3358648 0.8705516 0.3596314 -0.3454224 0.8725632 0.3454224 -0.2236932 0.9714119 0.07949998 -0.2253916 0.971639 0.07152899 -0.2608068 0.7559564 0.6004248 -0.2421892 0.7511076 0.6141512 -0.3248201 0.9023718 0.2832259 -0.3320949 0.9037245 0.270176 -0.1652902 0.9854218 0.04028779 -0.1660937 0.9855055 0.03452166 -0.294937 0.7986712 0.5245346 -0.2791329 0.7949029 0.5387152 -0.3006538 0.929822 0.2122226 -0.3059367 0.9306651 0.2006619 -0.1016651 0.9947639 0.01044264 -0.1014252 0.9947457 0.01392885 -0.03398668 0.9994162 0.003490978 -0.07741593 0.6534184 0.753028 -0.1022181 0.6607298 0.7436315 -0.3151251 0.8375003 0.4464184 -0.3020418 0.8346802 0.4605213 -0.2679909 0.953363 0.1388518 -0.2643931 0.9528905 0.1486471 -0.1667203 0.7100311 0.6841493 -0.1444945 0.7039953 0.6953502 -0.3210445 0.8725621 0.3681927 -0.3105454 0.8705516 0.3817084 -0.2177474 0.9714118 0.09457877 -0.2199844 0.9716388 0.08674708 -0.2192158 0.7559558 0.6168269 -0.1997126 0.7511088 0.6292459 -0.3128769 0.9037252 0.2922137 -0.3047318 0.902373 0.3047318 -0.1621594 0.9854217 0.05146191 -0.1633534 0.9855053 0.04576959 -0.2584538 0.7986674 0.5434444 -0.2417295 0.7949017 0.5565053 -0.2915253 0.9306655 0.2210763 -0.285469 0.9298228 0.2322435 -0.03366844 0.9994162 0.005806255 -0.1002343 0.9947458 0.02083314 -0.100712 0.9947641 0.01736818 -0.03043401 0.6547825 0.7552044 -0.00202168 0.6895533 0.7242322 -0.05121547 0.6607317 0.7488728 -0.2839278 0.837495 0.4668909 -0.2699268 0.8346778 0.4800548 -0.2536252 0.9528912 0.1663511 -0.2578837 0.9533639 0.1568227 -0.09671388 0.703995 0.7035889 -0.1196513 0.7100303 0.6939312 -0.2951784 0.8725619 0.3892369 -0.2837771 0.8705509 0.4020097 -0.2107875 0.9714119 0.1092135 -0.2135527 0.9716387 0.1015557 -0.1563052 0.7511071 0.6414099 -0.1766172 0.7559557 0.6303471 -0.2832237 0.9023734 0.3248176 -0.2922066 0.903726 0.3128812 -0.1582664 0.9854221 0.06240964 -0.1598434 0.9855058 0.05682145 -0.2207593 0.7986692 0.5598149 -0.20318 0.7949029 0.5717056 -0.2689494 0.9298232 0.2511874 -0.2757569 0.9306663 0.2404542 -0.09929362 0.994764 0.02419592 -0.03319412 0.9994162 0.00808876 -0.09858041 0.9947457 0.027621 -0.2365333 0.834681 0.4973525 -0.2513918 0.8374971 0.4851813 -0.2416763 0.9528921 0.1832737 -0.2465721 0.9533645 0.1740641 -0.03613488 0.7070994 0.7061902 -0.04845776 0.7039954 0.7085495 -0.07200953 0.7100335 0.7004763 -0.01811673 0.7240678 0.6894908 -0.267914 0.8725633 0.4084792 -0.2556769 0.8705537 0.4204351 -0.2028396 0.9714119 0.1233495 -0.2061234 0.9716389 0.1158925 -0.1331819 0.755955 0.6409326 -0.112176 0.7511095 0.6505774 -0.2701806 0.9037254 0.3320886 -0.2604051 0.9023731 0.343383 -0.1536403 0.9854218 0.07306426 -0.1556044 0.9855057 0.06757055 -0.1820393 0.7986692 0.5735759 -0.163697 0.7949042 0.584235 -0.2511851 0.9298216 0.2689573 -0.2587163 0.9306654 0.258704 -0.03256388 0.9994162 0.01033809 -0.097408 0.994764 0.03092424 -0.09646318 0.9947456 0.03429092 -0.2176979 0.8374993 0.5012012 -0.2020359 0.8346821 0.512335 -0.2286082 0.952891 0.1993415 -0.2341317 0.9533643 0.1904702 -0.2263798 0.8705533 0.4369085 -0.2394172 0.8725652 0.4258045 -0.1939425 0.9714121 0.136911 -0.1977234 0.9716391 0.1297033 -0.08913773 0.755958 0.648523 -0.06751098 0.75111 0.6567162 -0.246881 0.9037267 0.349754 -0.2363531 0.9023737 0.3603594 -0.1482938 0.9854223 0.08337782 -0.1506167 0.9855058 0.07805733 -0.1234393 0.794903 0.5940471 -0.1424801 0.7986704 0.5846581 -0.2322493 0.9298223 0.2854658 -0.2404498 0.9306648 0.2757659 -0.03178472 0.9994161 0.01253041 -0.09390562 0.9947456 0.04077813 -0.09507844 0.9947639 0.03748253 -0.1666015 0.8346785 0.524934 -0.1830001 0.8374978 0.5148869 -0.214478 0.9528918 0.2144678 -0.220578 0.9533638 0.2060162 -0.1960405 0.8705518 0.4513398 -0.2098038 0.8725633 0.4411527 -0.1884242 0.9716387 0.1428798 -0.1841581 0.9714118 0.1498159 -0.04467944 0.7559556 0.6530964 -0.03089572 0.7529858 0.6573111 -0.005729943 0.7883028 0.6152608 -0.01608921 0.7571492 0.6530439 -0.2112156 0.9023728 0.375648 -0.2224421 0.9037256 0.3657862 -0.1449418 0.985506 0.08814557 -0.1422513 0.9854223 0.09331444 -0.08261804 0.7949001 0.6010889 -0.1022532 0.7986673 0.5930219 -0.2210697 0.930666 0.2915288 -0.2122213 0.9298229 0.300652 -0.09228847 0.994764 0.04390227 -0.03085244 0.9994162 0.01467672 -0.09089511 0.9947458 0.04710653 -0.1303973 0.8346791 0.5350771 -0.1474266 0.8374956 0.5261812 -0.2060217 0.9533643 0.2205714 -0.1993365 0.9528906 0.2286142 -0.1792078 0.8725624 0.454444 -0.1647933 0.8705527 0.4636605 -0.1782271 0.971639 0.1554114 -0.1734962 0.9714121 0.1620425 -0.1850877 0.9023744 0.3891824 -0.1969505 0.9037262 0.3801178 -0.1385903 0.9855058 0.0978317 -0.1355602 0.9854222 0.1027936 -0.03417424 0.7962509 0.6040005 -0.0615385 0.7986667 0.5986187 -0.0120987 0.817552 0.5757277 -0.04141118 0.7949021 0.6053229 -0.2006607 0.9306659 0.305935 -0.1912123 0.9298229 0.3144316 -0.02977974 0.9994162 0.01674691 -0.08907961 0.9947639 0.05009473 -0.08747143 0.9947457 0.05319526 -0.09358058 0.8346811 0.5427248 -0.1111741 0.8374971 0.535013 -0.1904651 0.9533639 0.2341378 -0.1832697 0.9528915 0.2416814 -0.1327578 0.8705537 0.4738266 -0.1477766 0.8725647 0.4656102 -0.162048 0.9714118 0.1734922 -0.1672169 0.9716384 0.1672039 -0.1705662 0.9037265 0.3926648 -0.1580967 0.9023731 0.4009093 -0.1316025 0.9855058 0.1070471 -0.1282263 0.9854219 0.1118114 -0.1693009 0.9298221 0.3267537 -0.1793185 0.930666 0.3189132 -0.02857283 0.9994162 0.01873151 -0.08547075 0.9947639 0.05603213 -0.08363909 0.9947455 0.05904133 -0.07440463 0.8374995 0.5413489 -0.05631887 0.8346822 0.5478447 -0.174063 0.9533638 0.2465757 -0.166352 0.9528906 0.2536266 -0.1156627 0.872564 0.4746097 -0.1001133 0.8705524 0.4817842 -0.1553964 0.9716396 0.1782378 -0.1498093 0.9714125 0.1841598 -0.1303685 0.9023741 0.4107614 -0.1433578 0.9037263 0.4033949 -0.1203031 0.9854221 0.1202937 -0.1239786 0.9855056 0.1157932 -0.146621 0.9298221 0.3375398 -0.1571362 0.9306648 0.3304108 -0.07942018 0.9947457 0.06460135 -0.08141754 0.9947639 0.06177426 -0.02721783 0.9994162 0.0206511 -0.03418014 0.8370448 0.5460656 -0.0372986 0.837498 0.545166 -0.01834485 0.8699235 0.4928453 -0.001373444 0.844867 0.5349746 -0.1568176 0.9533635 0.2578878 -0.148658 0.9528912 0.2643844 -0.08299728 0.8725634 0.4813985 -0.06700237 0.8705527 0.4874922 -0.1369102 0.9714118 0.1939453 -0.1428941 0.9716388 0.188413 -0.1020373 0.9023741 0.4186996 -0.1155035 0.9037265 0.4122345 -0.1118014 0.9854219 0.1282348 -0.1157923 0.9855058 0.1239776 -0.1342185 0.9306659 0.340362 -0.1232318 0.9298225 0.3467623 -0.07703213 0.9947641 0.06716051 -0.02575244 0.9994162 0.02245228 -0.07481869 0.9947457 0.06987895 -0.1302682 0.9528906 0.2739154 -0.1388658 0.9533637 0.2679813 -0.02796786 0.87125 0.4900421 -0.03358778 0.8705525 0.4909279 -0.007831264 0.893181 0.4496291 -0.0499608 0.8725629 0.4859402 -0.1233455 0.9714118 0.2028428 -0.1296948 0.9716389 0.1977303 -0.07322038 0.9023727 0.4246909 -0.08710882 0.9037263 0.4191549 -0.1070567 0.9855054 0.1315972 -0.1028048 0.985422 0.1355533 -0.1106807 0.9306652 0.3487291 -0.09928831 0.9298221 0.3543622 -0.0241587 0.9994161 0.0241587 -0.06987898 0.9947457 0.07481873 -0.07226551 0.994764 0.07226551 -0.1202448 0.9533635 0.276838 -0.11127 0.9528907 0.2821672 -0.109225 0.971412 0.2107809 -0.1158931 0.9716385 0.2061245 -0.05829271 0.9037251 0.4241259 -0.04407538 0.9023731 0.4286958 -0.0978317 0.9855058 0.1385903 -0.09330839 0.9854221 0.1422563 -0.07487965 0.9298224 0.3603099 -0.08662701 0.9306653 0.3554686 -0.06460624 0.9947458 0.07941587 -0.06716057 0.994764 0.07703221 -0.02245225 0.9994162 0.02575241 -0.09175622 0.9528906 0.2891025 -0.1010743 0.9533634 0.2843981 -0.1015658 0.971639 0.2135466 -0.09457877 0.9714118 0.2177474 -0.02921136 0.9037265 0.4271125 -0.03854184 0.9044896 0.4247507 0.01327124 0.9141665 0.4051218 -0.08337871 0.985422 0.1482953 -0.08814642 0.9855059 0.1449432 -0.05010887 0.929822 0.3645819 -0.06217088 0.9306657 0.3605496 -0.06176296 0.994764 0.08142469 -0.05904042 0.9947457 0.0836378 -0.02064759 0.9994162 0.02722059 -0.07181531 0.9528906 0.2946897 -0.08143252 0.9533633 0.2906322 -0.08674708 0.9716388 0.2199844 -0.07949998 0.9714119 0.2236932 -0.07307111 0.9854221 0.1536352 -0.07804085 0.9855057 0.1506257 -0.03741595 0.9306651 0.363954 -0.02511053 0.9298216 0.3671528 -0.008881273 0.9495112 0.3136075 -0.01507112 0.9328088 0.3600565 -0.03582801 0.928987 0.3683741 -0.05319526 0.9947457 0.08747143 -0.05605107 0.9947639 0.08545738 -0.01873796 0.9994162 0.02856854 -0.06141487 0.9533632 0.2955114 -0.051541 0.9528903 0.2989038 -0.06405033 0.9714122 0.2285953 -0.07152897 0.9716389 0.2253916 -0.06240939 0.9854223 0.1582657 -0.06758163 0.9855059 0.1555978 -0.01674674 0.9994162 0.02977945 -0.04709683 0.9947456 0.09090099 -0.05009473 0.9947639 0.08907961 -0.03101845 0.9528906 0.3017238 -0.04109845 0.9533634 0.2990137 -0.04830557 0.9714121 0.232433 -0.05599456 0.971639 0.2297439 -0.05681308 0.9855058 0.1598451 -0.05146144 0.985422 0.1621577 -0.04078517 0.9947456 0.09390249 -0.04388906 0.9947639 0.09229587 -0.01467209 0.9994162 0.03085446 -0.02058719 0.9533639 0.3011205 0.02699836 0.9634508 0.2665211 -0.04537491 0.9540775 0.2961034 -0.03232584 0.9714122 0.2351882 -0.04018028 0.9716391 0.2330301 -0.04028515 0.9854221 0.1652887 -0.04576542 0.9855057 0.1633525 -0.03749697 0.9947639 0.09507262 -0.01253518 0.9994162 0.03178265 -0.03428636 0.9947455 0.09646557 -0.02418003 0.971639 0.2352293 -0.01619295 0.9714119 0.2368471 -0.05667214 0.9693207 0.239177 -0.02314425 0.9849889 0.1710592 0.005303034 0.9756867 0.2191059 -0.02890776 0.9854221 0.1676535 -0.03452129 0.9855058 0.1660919 -0.01033136 0.9994162 0.03256588 -0.02761877 0.9947458 0.09858088 -0.03090432 0.9947639 0.0974147 -0.01739624 0.9854222 0.1692353 -0.023096 0.9855058 0.168062 -0.008088782 0.9994162 0.03319421 -0.02419592 0.994764 0.09929362 -0.02083314 0.9947458 0.1002343 -0.0115819 0.9855058 0.1692461 0.04037639 0.9916762 0.1222627 -0.05531437 0.9850527 0.1631304 -0.01393816 0.9947457 0.1014234 -0.017371 0.994764 0.1007116 -0.005807198 0.9994162 0.03366832 -0.006989549 0.9947456 0.1021381 -0.01045743 0.994764 0.101663 -0.1262589 0.9868077 0.1013365 -0.003495927 0.9994163 0.033986 -0.1427016 0.9894717 0.0241237 0.05739609 0.9956426 0.07349496 0.9996991 -0 0.02452849 0.9996991 -0 0.02452849 0.9924816 -0 0.1223931 0.997289 -0 0.0735854 0.997289 0 0.0735854 0.9852738 -0 0.1709843 0.9924816 -0 0.1223931 0.9852738 -0 0.1709843 0.975707 -0 0.2190794 0.975707 0 0.2190794 0.9495301 -0 0.3136759 0.9637702 -0 0.2667338 0.9637702 0 0.2667338 0.9495301 -0 0.3136759 0.9329982 0 0.359881 0.9329982 -0 0.359881 0.9142008 0 0.4052614 0.9142008 -0 0.4052614 0.8932334 0 0.4495934 0.8700833 -0 0.4929048 0.8932334 -0 0.4495934 0.8700833 -0 0.4929048 0.8448538 0 0.5349973 0.8175825 -0 0.5758114 0.8448538 -0 0.5349973 0.8175825 -0 0.5758114 0.788346 0 0.6152322 0.788346 -0 0.6152322 0.7572165 0 0.6531641 0.7572165 -0 0.6531641 0.7242488 0 0.6895387 0.6895391 -0 0.7242484 0.7242488 -0 0.6895387 0.6895391 -0 0.7242484 0.653173 0 0.7572088 0.653173 -0 0.7572088 0.6152247 -0 0.7883518 0.6152247 0 0.7883518 0.5758156 -0 0.8175796 0.5758156 0 0.8175796 0.5349944 -0 0.8448557 0.5349944 0 0.8448557 0.4928997 -0 0.8700862 0.4928997 0 0.8700862 0.449612 -0 0.8932239 0.449612 0 0.8932239 0.4052369 -0 0.9142117 0.4052369 0 0.9142117 0.3136805 -0 0.9495286 0.3598945 -0 0.932993 0.3598945 0 0.932993 0.3136805 -0 0.9495286 0.2667154 -0 0.9637753 0.2667154 0 0.9637753 0.1709692 -0 0.9852764 0.2190942 -0 0.9757037 0.2190942 0 0.9757037 0.1709692 -0 0.9852764 0.0735688 -0 0.9972901 0.1224122 -0 0.9924794 0.1224122 0 0.9924794 0.0735688 -0 0.9972901 0.02452849 -0 0.9996991 0.02452849 0 0.9996991 0 0.9997029 0.02437314 0 0.9997029 0.02437314 0 0.9972867 0.07361633 0 0.9972867 0.07361633 0 0.9924855 0.1223625 0 0.9852528 0.171105 0 0.9924855 0.1223625 0 0.9852528 0.171105 0 0.9757004 0.219109 0 0.9757004 0.219109 0 0.9638022 0.2666183 0 0.9638022 0.2666183 0 0.9495487 0.3136198 0 0.9329147 0.3600974 0 0.9495487 0.3136198 0 0.9329147 0.3600974 0 0.9142469 0.4051574 0 0.9142469 0.4051574 0 0.8932084 0.449643 0 0.8932084 0.449643 0 0.87007 0.4929283 0 0.87007 0.4929283 0 0.8448678 0.5349751 0 0.8448678 0.5349751 0 0.8176119 0.5757698 0 0.8176119 0.5757698 0 0.7883158 0.6152709 0 0.7572471 0.6531284 0 0.7883158 0.6152709 0 0.7572471 0.6531284 0 0.7241867 0.6896039 0 0.7241867 0.6896039 0 0.6895546 0.7242336 0 0.6895546 0.7242336 0 0.6532499 0.7571424 0 0.6532499 0.7571424 0 0.6152096 0.7883636 0 0.6152096 0.7883636 0 0.5758449 0.8175589 0 0.5758449 0.8175589 0 0.5350084 0.8448467 0 0.5350084 0.8448467 0 0.492833 0.8701239 0 0.492833 0.8701239 0 0.4496619 0.8931988 0 0.4496619 0.8931988 0 0.4052369 0.9142117 0 0.4052369 0.9142117 0 0.3598423 0.9330131 0 0.3598423 0.9330131 0 0.3136713 0.9495317 0 0.3136713 0.9495317 0 0.2667314 0.9637709 0 0.2667314 0.9637709 0 0.2191009 0.9757022 0 0.1709535 0.9852791 0 0.2191009 0.9757022 0 0.1709535 0.9852791 0 0.1224273 0.9924775 0 0.1224273 0.9924775 0 0.0735688 0.9972902 0 0.0735688 0.9972902 0 0.0245262 0.9996992 0 0.0245262 0.9996992 0.02452112 0.02451883 0.9993986 0.9993986 0.02451883 0.02452112 0.03205374 0.03205074 0.9989721 0.00859412 0.07356608 0.9972534 0.0681949 0.03994426 0.9968721 0.07352167 0.03579035 0.9966512 0.1223466 0.03273344 0.9919475 0.1708936 0.02973453 0.9848408 0.1360446 0.04180733 0.9898202 0.03902523 0.1081331 0.9933702 0.06794824 0.093835 0.9932663 0.03085518 0.122369 0.9920049 0.2189811 0.03213483 0.9751998 0.2665355 0.03672104 0.9631253 0.203281 0.0421019 0.9782148 0.1016338 0.1106296 0.9886514 0.1355629 0.09383093 0.9863156 0.03719215 0.163409 0.9858571 0.01150916 0.2190863 0.9756376 0.02419775 0.1709035 0.9849906 0.3135323 0.03073215 0.9490801 0.2695834 0.03930807 0.9621744 0.1688658 0.1106309 0.9794106 0.2025638 0.09382832 0.9747636 0.100916 0.1616833 0.9816692 0.06714312 0.1780192 0.9817337 0.359731 0.03014257 0.932569 0.3345832 0.04260723 0.9414026 0.2686017 0.09383102 0.9586704 0.2353142 0.1106262 0.965603 0.1676731 0.1616883 0.9724929 0.1339943 0.1780187 0.9748615 0.03953487 0.2414915 0.9695973 0.02839255 0.2666238 0.9633824 0.06642241 0.2288375 0.9711959 0.4049896 0.03492873 0.9136539 0.4493611 0.0334006 0.8927256 0.398071 0.04051336 0.9164596 0.3006585 0.1106335 0.9472934 0.3334098 0.0938306 0.9381011 0.2002146 0.1780264 0.9634421 0.2336517 0.1616968 0.958781 0.0991594 0.2444916 0.9645679 0.132556 0.2288393 0.9643969 0.4596646 0.04144254 0.8871251 0.4926806 0.02980421 0.8696996 0.03864545 0.2977792 0.9538522 0.01752241 0.3597871 0.9328699 0.01456413 0.313638 0.9494309 0.3966404 0.0938313 0.9131659 0.3646055 0.1106271 0.9245672 0.298535 0.1616887 0.9406028 0.2654807 0.1780251 0.9475374 0.164757 0.2444896 0.9555522 0.1980659 0.2288365 0.9531022 0.5347271 0.03161037 0.8444334 0.5754057 0.03772694 0.8169975 0.5191264 0.04234205 0.8536481 0.09771215 0.2949942 0.9504898 0.06488652 0.3097706 0.9485947 0.4268419 0.1106294 0.8975338 0.4580302 0.09383018 0.8839708 0.3620307 0.1616805 0.9180377 0.3295239 0.178018 0.9272128 0.2626318 0.2288307 0.9373692 0.2295749 0.2444805 0.9420853 0.6149263 0.03113792 0.7879696 0.5762478 0.03861446 0.8163623 0.1623523 0.2949922 0.9416057 0.1294673 0.3097717 0.9419553 0.5173 0.09383069 0.8506448 0.4871037 0.1106335 0.8663084 0.03735742 0.3712389 0.9277856 0.06367026 0.3599052 0.9308138 0.02690461 0.4050902 0.9138807 0.3920427 0.1780142 0.9025594 0.4238272 0.1616867 0.8911946 0.3259866 0.2288403 0.9172594 0.2933372 0.2444858 0.9242186 0.6528801 0.02994202 0.7568692 0.6305144 0.0425122 0.7750124 0.2262235 0.2949941 0.9283326 0.1934503 0.309769 0.9309244 0.5450824 0.1106227 0.8310522 0.5741342 0.09382283 0.8133678 0.09486062 0.3736476 0.9227074 0.1270404 0.3599081 0.924298 0.4836632 0.1616912 0.8601894 0.4527183 0.1780236 0.8737012 0.0385251 0.426203 0.9038068 0.007551235 0.4496491 0.8931734 0.3557136 0.2444906 0.9020488 0.3878345 0.2288341 0.8928714 0.6891373 0.03413276 0.7238264 0.7238268 0.03413353 0.6891369 0.6819798 0.0410129 0.7302203 0.2890557 0.2949913 0.9107288 0.2565227 0.309772 0.9155531 0.6005238 0.110621 0.791918 0.6283013 0.09382081 0.7722921 0.157605 0.373651 0.9140819 0.1898237 0.3599092 0.9134727 0.5112791 0.1780201 0.840775 0.5412322 0.1616859 0.8251821 0.06142883 0.4356013 0.8980412 0.09266647 0.4230302 0.9013647 0.4164553 0.2444848 0.8756667 0.4478594 0.2288362 0.864324 0.756877 0.02993871 0.6528713 0.7302198 0.04101305 0.6819802 0.3184096 0.3097681 0.8959125 0.3505217 0.2949947 0.8888828 0.6531702 0.1106219 0.7490871 0.6795433 0.09382205 0.7276114 0.2517149 0.3599004 0.8983938 0.2196052 0.3736454 0.9012007 0.5674666 0.1780186 0.8039222 0.5962818 0.1616867 0.786324 0.1225652 0.4355972 0.8917583 0.1539602 0.4230248 0.8929425 0.5057909 0.2288392 0.8317501 0.4752379 0.2444861 0.8452073 0.02930248 0.4957391 0.867977 0.05970633 0.4843056 0.8728592 0.02651819 0.5348203 0.8445495 0.03277286 0.4925682 0.8696565 0.787964 0.03112763 0.6149341 0.7750084 0.04250045 0.6305202 0.378805 0.3097763 0.8720925 0.410376 0.2949966 0.8628839 0.727611 0.09382177 0.6795437 0.7027671 0.1106204 0.7027671 0.3124401 0.3599114 0.879116 0.2806149 0.3736486 0.8841053 0.6210178 0.1780293 0.7633103 0.6485544 0.161704 0.7437936 0.183141 0.4355953 0.881315 0.2145255 0.4230298 0.8803548 0.5318108 0.2444955 0.8108016 0.5613738 0.2288495 0.7952908 0.1191282 0.4843051 0.8667509 0.08881847 0.495609 0.8639925 0.8170009 0.03771345 0.5754018 0.8163625 0.03860532 0.576248 0.8444319 0.03159887 0.5347302 0.4683008 0.2949958 0.8328697 0.4374382 0.3097726 0.844209 0.03617977 0.5460578 0.8369658 0.00321927 0.575842 0.8175547 0.7490923 0.110626 0.6531635 0.7722869 0.09383292 0.6283061 0.3717056 0.3599027 0.8557482 0.3402749 0.3736486 0.862902 0.6978017 0.1616958 0.6978017 0.6716427 0.1780327 0.7191664 0.2428511 0.4356028 0.8667605 0.2741248 0.423026 0.8636577 0.6143534 0.2288346 0.7551189 0.58589 0.2444967 0.7726281 0.178005 0.4843051 0.8565995 0.1475744 0.4956107 0.8559158 0.8536513 0.04233595 0.5191215 0.8696968 0.02980238 0.4926857 0.5240496 0.2949924 0.798969 0.4940259 0.3097724 0.8123912 0.08584901 0.5433479 0.8351066 0.05684599 0.5533267 0.8310223 0.7919078 0.1106287 0.6005358 0.8133678 0.09382283 0.5741342 0.429239 0.3599046 0.8283855 0.3983805 0.373646 0.8376644 0.7438005 0.1616927 0.6485494 0.7191617 0.178029 0.6716488 0.3324052 0.4230246 0.8429454 0.3014407 0.4355914 0.8481708 0.6372667 0.244482 0.7308348 0.6644347 0.2288397 0.7114484 0.2056412 0.4956093 0.8438503 0.2360412 0.4843069 0.8424556 0.8927352 0.03339123 0.4493427 0.9136434 0.03491887 0.4050142 0.8871273 0.04144401 0.4596604 0.548314 0.3097671 0.7767857 0.5773396 0.2949935 0.7613525 0.1134177 0.5533279 0.8252058 0.1426409 0.5433461 0.827302 0.8310553 0.1106257 0.5450771 0.8506475 0.09383356 0.5172948 0.4847678 0.359896 0.7971669 0.4546063 0.3736411 0.8085329 0.05460749 0.5997818 0.798298 0.02804492 0.6529928 0.7568446 0.02514429 0.615015 0.7881143 0.03474192 0.6060714 0.7946511 0.7633213 0.1780217 0.6210064 0.7863136 0.1616944 0.5962934 0.3891661 0.423027 0.8182896 0.3586185 0.4355987 0.8256189 0.6856467 0.2444942 0.6856467 0.7114425 0.2288438 0.6644396 0.2929868 0.4843034 0.8243839 0.2627411 0.4956106 0.827851 0.9325744 0.03013895 0.3597175 0.9164553 0.04051592 0.3980803 0.6279622 0.2950037 0.7201641 0.6000513 0.3097802 0.7375464 0.1987665 0.543345 0.8156397 0.16947 0.553326 0.8155429 0.8839732 0.0938278 0.4580261 0.8663084 0.1106335 0.4871037 0.538038 0.3598938 0.762228 0.5087281 0.3736366 0.7756233 0.1089513 0.599784 0.7927098 0.08116091 0.6084182 0.7894556 0.8251837 0.1616979 0.541226 0.80392 0.1780337 0.5674651 0.4440904 0.4230271 0.7898302 0.4141227 0.4355949 0.7992243 0.03043401 0.6547825 0.7552044 0.00202168 0.6895533 0.7242322 0.7551274 0.228842 0.6143402 0.7308376 0.2444933 0.6372593 0.3186283 0.4956068 0.8079913 0.348563 0.484301 0.802469 0.9490819 0.03072247 0.3135278 0.9414042 0.04259847 0.3345797 0.6756421 0.2949836 0.6756421 0.6489667 0.3097693 0.6948994 0.2539571 0.543348 0.8001742 0.224733 0.5533257 0.802076 0.9131624 0.09382621 0.39665 0.8975326 0.1106218 0.4268467 0.5888065 0.3599017 0.7237249 0.5604845 0.3736418 0.7390865 0.1627959 0.5997854 0.783425 0.1348421 0.6084214 0.7820748 0.8601888 0.1616954 0.4836628 0.840771 0.1780265 0.5112835 0.4969573 0.4230353 0.7576771 0.4677022 0.4356024 0.7690937 0.05121547 0.6607317 0.7488728 0.07741593 0.6534184 0.753028 0.7726201 0.2444893 0.5859037 0.7952936 0.2288347 0.5613759 0.4025072 0.4843123 0.7768072 0.3730388 0.4956103 0.7843549 0.9631202 0.03672281 0.2665539 0.9752032 0.0321334 0.2189663 0.9621741 0.03929677 0.2695864 0.7201716 0.2949926 0.627959 0.6948951 0.3097654 0.6489732 0.3079737 0.5433542 0.7809728 0.2789451 0.5533322 0.784865 0.9245652 0.110624 0.3646116 0.9381031 0.09382201 0.3334065 0.6096019 0.373637 0.6991286 0.6368031 0.3599007 0.6818749 0.215882 0.5997881 0.7704863 0.1879035 0.6084236 0.7710466 0.8911915 0.1616942 0.423831 0.8737004 0.1780282 0.4527179 0.5475178 0.4230339 0.7219879 0.5190945 0.4356081 0.7353819 0.1022181 0.6607297 0.7436315 0.1286199 0.6534225 0.7459865 0.8108046 0.2444809 0.5318128 0.8317494 0.2288274 0.5057973 0.4256746 0.4956147 0.757078 0.4545876 0.4843058 0.7475279 0.04845776 0.7039954 0.7085495 0.01811673 0.7240678 0.6894908 0.03613488 0.7070994 0.7061902 0.9848378 0.02974218 0.1709087 0.9782177 0.04209922 0.203268 0.7375546 0.30977 0.6000466 0.7613429 0.2949945 0.5773518 0.3605666 0.5433505 0.7581307 0.3318515 0.5533353 0.763999 0.9472963 0.1106265 0.3006518 0.9586697 0.09382952 0.2686046 0.6558908 0.3736501 0.6558908 0.6818687 0.3599044 0.6368076 0.267961 0.5997856 0.7539591 0.2400789 0.6084233 0.7564279 0.9025559 0.1780213 0.3920475 0.9180344 0.1616876 0.3620361 0.5955001 0.4230262 0.6829557 0.5680655 0.4355965 0.698253 0.1792334 0.6534212 0.7354699 0.1527175 0.6607326 0.7349216 0.8643259 0.2288268 0.4478604 0.8452094 0.2444769 0.475239 0.4763587 0.4956103 0.7262596 0.5045401 0.4843063 0.7147633 0.09671388 0.703995 0.7035889 0.07200953 0.7100335 0.7004763 0.9919499 0.03273328 0.1223276 0.99665 0.03578851 0.07353825 0.9898196 0.04181989 0.1360445 0.7989668 0.2950009 0.5240482 0.7767836 0.3097754 0.5483125 0.3832111 0.5533229 0.739583 0.4114465 0.5433418 0.7317728 0.03089572 0.7529858 0.6573111 0.005729943 0.7883028 0.6152608 0.01608921 0.7571492 0.6530439 0.974766 0.09383262 0.2025508 0.965605 0.1106316 0.2353034 0.7237314 0.359898 0.5888007 0.699122 0.3736407 0.6096075 0.3187845 0.5997867 0.7339157 0.2911443 0.6084217 0.7382805 0.9406044 0.1616922 0.2985279 0.9272101 0.1780264 0.329527 0.6407176 0.4230391 0.6407176 0.6144025 0.4356036 0.6578442 0.202513 0.6607291 0.7227901 0.2290021 0.6534185 0.7215278 0.8756738 0.2444823 0.4164421 0.8928676 0.2288411 0.3878391 0.5521349 0.4843057 0.6786715 0.5248055 0.495609 0.6920628 0.1444945 0.7039953 0.6953502 0.1196513 0.7100303 0.6939312 0.9972521 0.07358153 0.008607696 0.9989712 0.03206503 0.03206802 0.9968716 0.03995539 0.06819487 0.8328683 0.2950008 0.4683 0.8123873 0.3097793 0.494028 0.4328023 0.5533277 0.7116956 0.4604325 0.543349 0.7019784 0.06751098 0.75111 0.6567162 0.04467944 0.7559556 0.6530964 0.9863166 0.09381994 0.1355631 0.9794098 0.1106245 0.168875 0.7390922 0.373637 0.5604802 0.7622287 0.3598915 0.5380386 0.368117 0.5997899 0.7104519 0.3408445 0.6084231 0.7166913 0.9587827 0.1617021 0.233641 0.9475393 0.1780303 0.26547 0.6829494 0.4230288 0.5955055 0.6578439 0.4356034 0.614403 0.2777115 0.6534172 0.7042174 0.2513689 0.6607284 0.7072847 0.9020428 0.2444936 0.355727 0.9172586 0.2288385 0.3259902 0.5971758 0.4843028 0.6393996 0.5708104 0.495612 0.6546329 0.191608 0.7039952 0.6838692 0.1667203 0.7100311 0.6841493 0.8628909 0.2949942 0.410363 0.8442076 0.3097772 0.4374374 0.480352 0.553327 0.6805081 0.5072605 0.543346 0.6689261 0.08913773 0.755958 0.648523 0.112176 0.7511095 0.6505774 0.9886531 0.1106241 0.1016228 0.9933702 0.1081331 0.03902523 0.9932663 0.093835 0.06794824 0.9920065 0.1223537 0.03086399 0.7971655 0.3598943 0.4847713 0.7756242 0.3736338 0.5087287 0.3889522 0.6084276 0.6917601 0.4157574 0.5997874 0.6836671 0.03417424 0.7962509 0.6040005 0.04141118 0.7949021 0.6053229 0.0120987 0.817552 0.5757277 0.9724925 0.1616821 0.1676822 0.9634408 0.1780211 0.2002255 0.6982467 0.4355987 0.5680715 0.7219936 0.4230294 0.5475137 0.2990501 0.6607257 0.6884843 0.3251197 0.653415 0.6836271 0.9242206 0.2444908 0.2933266 0.937371 0.2288359 0.2626212 0.6141574 0.4956021 0.6141574 0.6393992 0.484303 0.5971763 0.2378327 0.7039957 0.6691977 0.2130204 0.710032 0.6711757 0.8720953 0.3097671 0.3788062 0.8888783 0.2949919 0.3505355 0.5517296 0.5433432 0.63275 0.5256709 0.5533252 0.6461435 0.1331819 0.7559549 0.6409326 0.1563052 0.7511071 0.6414099 0.8283855 0.3599046 0.429239 0.8085329 0.373641 0.4546063 0.4352574 0.6084198 0.6636087 0.461436 0.5997833 0.6537101 0.0615385 0.7986667 0.5986187 0.08261804 0.7949001 0.6010889 0.9816714 0.1616768 0.1009051 0.9748617 0.1780173 0.1339944 0.7353926 0.4356081 0.5190793 0.7576741 0.4230429 0.4969553 0.3710108 0.6534123 0.659851 0.3453335 0.6607229 0.6664757 0.01834485 0.8699235 0.4928453 0.001373444 0.844867 0.5349746 0.03418014 0.8370448 0.5460656 0.9420853 0.2444805 0.2295749 0.9530988 0.2288417 0.1980762 0.6546326 0.4956128 0.5708101 0.6786641 0.4843102 0.5521399 0.2583271 0.7100317 0.6550741 0.2829455 0.7039958 0.6514076 0.9107297 0.2949993 0.2890449 0.8959135 0.3097762 0.3183987 0.5936254 0.5433396 0.5936254 0.5685409 0.553322 0.6087661 0.1997126 0.7511088 0.6292459 0.1766172 0.7559557 0.6303471 0.8376659 0.3736483 0.3983752 0.8557464 0.3599078 0.3717048 0.4795372 0.6084234 0.6323489 0.5049655 0.5997918 0.6206929 0.1234393 0.794903 0.5940471 0.1022532 0.7986672 0.5930219 0.9756409 0.2190715 0.01151309 0.9849881 0.1709185 0.0241938 0.9817356 0.1780134 0.06713125 0.9858557 0.1634149 0.03720418 0.7898302 0.4230271 0.4440904 0.7690871 0.4356063 0.4677096 0.3900219 0.6607261 0.6413454 0.4151734 0.6534196 0.632988 0.05631887 0.8346822 0.5478447 0.0372986 0.8374979 0.545166 0.9555491 0.2444956 0.1647658 0.9643966 0.2288408 0.1325559 0.7147728 0.4843084 0.5045248 0.692059 0.4956172 0.5248027 0.326734 0.7039988 0.6305797 0.3024307 0.7100326 0.6359161 0.9155523 0.3097747 0.2565224 0.9283319 0.2949965 0.2262234 0.63275 0.5433432 0.5517296 0.6087665 0.5533218 0.5685406 0.2421892 0.7511076 0.6141512 0.2192158 0.7559558 0.6168269 0.879119 0.3599127 0.3124301 0.8629 0.3736539 0.3402741 0.5461487 0.5997856 0.5847895 0.5215537 0.6084249 0.5981646 0.163697 0.7949042 0.584235 0.1424801 0.7986703 0.5846581 0.8182893 0.4230331 0.3891601 0.7992272 0.4355989 0.4141129 0.4574106 0.6534216 0.6031713 0.4328746 0.6607321 0.6132314 0.09358058 0.8346811 0.5427248 0.07440463 0.8374995 0.5413489 0.9695984 0.241485 0.03954897 0.9645675 0.2444979 0.0991481 0.9633783 0.2666382 0.02839727 0.9711953 0.2288432 0.06641051 0.7262617 0.4956057 0.4763601 0.7475234 0.484305 0.4545959 0.3690167 0.7039991 0.6068047 0.3451195 0.7100368 0.6137916 0.02796786 0.87125 0.4900421 0.03358778 0.8705525 0.4909279 0.007831264 0.893181 0.4496291 0.9416029 0.2949964 0.162361 0.9309236 0.30977 0.1934524 0.6689268 0.5433444 0.5072611 0.6461427 0.5533246 0.5256723 0.2835372 0.7511095 0.5961889 0.2608068 0.7559564 0.6004248 0.8983938 0.3599004 0.2517149 0.8841068 0.3736471 0.2806118 0.5611732 0.6084259 0.5611618 0.5847871 0.5997908 0.5461457 0.1820393 0.7986691 0.5735759 0.20318 0.7949029 0.5717056 0.8429476 0.4230194 0.3324061 0.825615 0.4355983 0.3586282 0.4737042 0.6607265 0.5822756 0.4974913 0.6534177 0.5705678 0.1303973 0.8346791 0.5350771 0.1111741 0.8374971 0.535013 0.7570764 0.4956179 0.4256738 0.7768118 0.4843121 0.4024985 0.4095685 0.7039918 0.5802149 0.3861978 0.7100314 0.588818 0.0499608 0.8725629 0.4859402 0.06700237 0.8705527 0.4874922 0.9504927 0.294988 0.09770138 0.9419526 0.3097753 0.1294782 0.7019821 0.5433424 0.4604349 0.6805066 0.5533229 0.4803589 0.3235632 0.7511054 0.5754541 0.3011637 0.7559549 0.5812337 0.03854184 0.9044896 0.4247507 -0.01327124 0.9141665 0.4051218 0.9011998 0.3736396 0.2196191 0.9134762 0.3598986 0.1898268 0.5981584 0.6084272 0.5215582 0.6206916 0.5997923 0.5049664 0.2207593 0.7986692 0.5598149 0.2417295 0.7949017 0.5565053 0.8636581 0.4230274 0.2741215 0.8481749 0.4355902 0.3014309 0.5123446 0.6607339 0.5485742 0.5352794 0.6534245 0.5352685 0.1474266 0.8374956 0.5261812 0.1666015 0.8346785 0.524934 0.8024669 0.484297 0.3485731 0.7843554 0.4956047 0.373045 0.4254905 0.7100268 0.5610881 0.4481958 0.7039934 0.5509208 0.08299728 0.8725635 0.4813985 0.1001133 0.8705524 0.4817842 0.9538522 0.2977792 0.03864545 0.9328752 0.3597736 0.01752154 0.9494309 0.313638 0.01456413 0.9485973 0.3097652 0.06487466 0.7317707 0.5433456 0.4114453 0.7117044 0.5533264 0.4327894 0.3401382 0.7559538 0.5593209 0.3620708 0.751109 0.5520326 0.04407538 0.9023731 0.4286958 0.02921136 0.9037265 0.4271125 0.9242983 0.3599032 0.1270515 0.9140856 0.3736416 0.1576056 0.6537041 0.5997871 0.4614395 0.6323481 0.6084248 0.4795365 0.2791329 0.7949029 0.5387152 0.2584538 0.7986674 0.5434444 0.8803532 0.4230264 0.2145388 0.8667595 0.4355984 0.2428621 0.5485767 0.6607295 0.5123477 0.5705649 0.653415 0.4974984 0.2020359 0.8346821 0.512335 0.1830001 0.8374978 0.5148869 0.8079931 0.4956107 0.3186176 0.8243853 0.4843075 0.2929763 0.4627851 0.710033 0.5307383 0.484758 0.7039959 0.5190369 0.1327578 0.8705537 0.4738266 0.1156627 0.872564 0.4746097 0.7581315 0.5433452 0.3605727 0.7395769 0.5533212 0.3832252 0.3775066 0.755958 0.5348049 0.3989053 0.7511101 0.5260306 0.05829271 0.9037251 0.4241259 0.07322038 0.9023727 0.4246909 0.9277872 0.3712335 0.03737034 0.9308127 0.3599103 0.06365836 0.9138749 0.4051031 0.02691168 0.9227066 0.3736528 0.09484808 0.6636071 0.6084275 0.4352489 0.6836718 0.5997923 0.4157427 0.294937 0.7986712 0.5245346 0.3152544 0.794905 0.5184021 0.008881273 0.9495112 0.3136075 0.01507112 0.9328088 0.3600565 0.03582801 0.928987 0.3683741 0.02511053 0.9298216 0.3671528 0.8929425 0.4230248 0.1539602 0.881314 0.4355962 0.1831431 0.5822769 0.6607261 0.4737032 0.6031714 0.6534217 0.4574107 0.2365333 0.834681 0.4973525 0.2176979 0.8374993 0.5012012 0.8278495 0.4956053 0.2627556 0.8424562 0.4843004 0.2360524 0.4979243 0.7100301 0.4979243 0.5190365 0.7039961 0.4847583 0.1477766 0.8725647 0.4656101 0.1647933 0.8705527 0.4636605 0.764001 0.5533323 0.3318524 0.7809805 0.5433476 0.3079657 0.4131163 0.7559543 0.5078071 0.4338785 0.7511033 0.4975873 0.1020373 0.9023741 0.4186996 0.08710882 0.9037263 0.4191549 0.6917585 0.6084259 0.3889577 0.7104442 0.5997914 0.3681296 0.349896 0.7948991 0.4956896 0.3300323 0.7986677 0.5031985 0.03741595 0.9306651 0.363954 0.05010887 0.929822 0.3645819 0.8917581 0.4355979 0.1225637 0.9013679 0.4230261 0.09265462 0.63299 0.6534213 0.4151676 0.6132339 0.6607339 0.4328683 0.2699268 0.8346778 0.4800548 0.2513919 0.837497 0.4851813 0.04537491 0.9540775 0.2961034 -0.02699836 0.9634508 0.2665211 0.856594 0.4843144 0.1780061 0.8438517 0.4956124 0.2056275 0.5509248 0.7039895 0.4481971 0.5307337 0.7100314 0.4627926 0.1960405 0.8705518 0.4513398 0.1792078 0.8725624 0.454444 0.800173 0.5433431 0.2539712 0.7848712 0.5533223 0.2789474 0.4468243 0.7559518 0.4784191 0.4668189 0.7511061 0.4668189 0.1303685 0.9023741 0.4107614 0.1155035 0.9037265 0.4122345 0.7339157 0.5997867 0.3187845 0.7166847 0.6084263 0.3408527 0.382895 0.7949036 0.4706588 0.3636189 0.7986664 0.4794928 0.07487965 0.9298224 0.3603099 0.06217088 0.9306657 0.3605496 0.8980443 0.4355965 0.06141849 0.8931795 0.4496367 0.007567761 0.9038072 0.4262024 0.03852482 0.6598448 0.6534171 0.3710134 0.6413472 0.6607278 0.3900161 0.2839278 0.837495 0.4668909 0.3020418 0.8346802 0.4605213 0.03101845 0.9528906 0.3017238 0.02058719 0.9533639 0.3011205 0.8667508 0.4843056 0.1191267 0.8559108 0.4956162 0.1475849 0.5611011 0.7100279 0.4254713 0.5802144 0.7039967 0.4095606 0.2098038 0.8725633 0.4411527 0.2263798 0.8705533 0.4369085 0.8020766 0.5533304 0.2247186 0.8156399 0.5433498 0.1987529 0.4975776 0.7511085 0.4338809 0.4784231 0.7559534 0.4468172 0.1433578 0.9037263 0.4033949 0.1580967 0.9023731 0.4009093 0.7382826 0.6084262 0.2911292 0.7539525 0.5997947 0.2679587 0.3954792 0.7986706 0.4535652 0.4141371 0.7949017 0.4434206 0.08662701 0.9306653 0.3554686 0.09928831 0.9298221 0.3543622 0.6664699 0.6607273 0.3453364 0.6836184 0.6534206 0.3251265 0.3151251 0.8375003 0.4464184 0.332776 0.8346832 0.4388212 0.04109845 0.9533634 0.2990137 0.051541 0.9528903 0.2989038 0.8728625 0.4843011 0.05969628 0.8679844 0.4957254 0.02931716 0.8445568 0.5348094 0.02650848 0.8696502 0.4925802 0.03275936 0.8639926 0.4956086 0.08881965 0.5888111 0.7100314 0.3862084 0.6068114 0.7039946 0.3690141 0.2556769 0.8705537 0.4204351 0.2394172 0.8725652 0.4258045 0.05667214 0.9693207 0.239177 0.01619295 0.9714119 0.2368471 0.02314425 0.9849889 0.1710592 -0.005303034 0.9756867 0.2191059 0.8272976 0.54335 0.1426512 0.8155429 0.553326 0.16947 0.5078011 0.755961 0.4131114 0.526042 0.751112 0.3988867 0.1705662 0.9037265 0.3926648 0.1850877 0.9023744 0.3891824 0.7704867 0.5997925 0.215868 0.7564215 0.6084322 0.2400768 0.4434215 0.794906 0.4141279 0.4255277 0.798669 0.4255044 0.1232318 0.9298225 0.3467623 0.1106807 0.9306652 0.3487291 0.7042241 0.6534154 0.2776988 0.6884757 0.6607311 0.2990579 0.3619365 0.834684 0.4150959 0.3448519 0.8374999 0.4238763 0.06141487 0.9533632 0.2955114 0.07181531 0.9528906 0.2946897 0.6305808 0.7039949 0.3267402 0.6137965 0.7100314 0.3451222 0.2837771 0.8705509 0.4020097 0.267914 0.8725633 0.4084792 0.02418003 0.971639 0.2352293 0.03232584 0.9714122 0.2351882 0.8252009 0.5533351 0.1134186 0.8351017 0.5433553 0.08584964 0.5348049 0.7559539 0.3775148 0.5520287 0.7511063 0.3620824 0.1969505 0.9037262 0.3801178 0.2112156 0.9023728 0.375648 -0.04037639 0.9916762 0.1222627 0.05531437 0.9850527 0.1631304 0.783425 0.5997854 0.1627959 0.7710466 0.6084236 0.1879035 0.4706615 0.794901 0.3828972 0.4535552 0.7986706 0.3954908 0.146621 0.9298221 0.3375398 0.1342185 0.9306659 0.340362 0.7215329 0.6534123 0.2290037 0.7072896 0.6607224 0.2513706 0.3729665 0.8375015 0.3993585 0.3894381 0.8346812 0.3894167 0.09175622 0.9528906 0.2891025 0.08143252 0.9533634 0.2906322 0.6514013 0.7039984 0.2829536 0.6359193 0.7100315 0.3024268 0.3105454 0.8705516 0.3817084 0.2951784 0.8725619 0.3892369 0.04018028 0.9716391 0.2330301 0.04830557 0.9714121 0.232433 0.8310173 0.5533344 0.05684565 0.8369581 0.5460691 0.036189 0.8175474 0.5758523 0.003229753 0.5593196 0.7559531 0.340142 0.5754559 0.7511036 0.3235643 0.2363531 0.9023737 0.3603594 0.2224421 0.9037256 0.3657861 0.01739624 0.9854222 0.1692353 0.0115819 0.9855058 0.1692461 0.782075 0.6084208 0.1348441 0.7927099 0.5997835 0.1089529 0.4794983 0.7986652 0.3636142 0.4956847 0.7949003 0.3499002 0.1693009 0.9298221 0.3267537 0.1571362 0.9306648 0.3304107 0.7227956 0.6607261 0.202503 0.7354699 0.6534212 0.1792334 0.4150892 0.8346818 0.3619493 0.3993636 0.837497 0.3729712 0.1010743 0.9533634 0.2843981 0.11127 0.9528907 0.2821672 0.6550692 0.7100369 0.2583252 0.6691928 0.7040011 0.237831 0.3358648 0.8705516 0.3596314 0.3210445 0.8725621 0.3681927 0.06405033 0.9714122 0.2285953 0.05599456 0.971639 0.2297439 0.5961899 0.7511106 0.2835325 0.5812383 0.755955 0.3011545 0.246881 0.9037267 0.349754 0.2604051 0.9023731 0.343383 0.023096 0.9855058 0.168062 0.02890776 0.9854221 0.1676535 0.7894556 0.6084183 0.08116091 0.798298 0.5997818 0.05460749 0.7568523 0.652984 0.02804384 0.7881144 0.615015 0.02514393 0.794651 0.6060717 0.03474119 0.5183995 0.7949057 0.315257 0.5031937 0.7986687 0.3300369 0.1793185 0.930666 0.3189132 0.1912123 0.9298229 0.3144316 0.006989549 0.9947456 0.1021381 0.1262589 0.9868077 0.1013365 0.1427016 0.9894717 0.0241237 -0.05739609 0.9956426 0.07349496 0.7459867 0.653422 0.1286218 0.7349217 0.660732 0.1527199 0.423872 0.8374987 0.3448602 0.4388296 0.8346794 0.3327742 0.1202448 0.9533635 0.276838 0.1302682 0.9528906 0.2739154 0.6711707 0.7100373 0.2130188 0.6838694 0.7039979 0.1915972 0.3454224 0.8725632 0.3454224 0.3596314 0.8705516 0.3358648 0.07152899 0.971639 0.2253916 0.07949998 0.9714119 0.2236932 0.600422 0.7559532 0.2608222 0.6141579 0.7511013 0.2421919 0.2832237 0.9023734 0.3248176 0.2701806 0.9037254 0.3320886 0.03452129 0.9855058 0.1660919 0.04028515 0.9854221 0.1652887 0.5245344 0.7986737 0.2949304 0.5387174 0.7949048 0.2791233 0.2122213 0.9298229 0.300652 0.2006607 0.9306659 0.305935 0.01045743 0.994764 0.101663 0.01393816 0.9947457 0.1014234 0.003495927 0.9994163 0.033986 0.7436324 0.6607274 0.1022265 0.7530324 0.6534134 0.07741638 0.4605169 0.8346811 0.3020459 0.4464307 0.837498 0.3151138 0.148658 0.9528912 0.2643844 0.1388658 0.9533637 0.2679813 0.6841493 0.7100285 0.1667318 0.6953546 0.7039904 0.1444977 0.3681927 0.8725621 0.3210445 0.3817018 0.8705527 0.3105507 0.08674708 0.9716388 0.2199844 0.09457877 0.9714118 0.2177474 0.6168339 0.7559505 0.2192142 0.6292509 0.7511042 0.1997142 0.3047318 0.902373 0.3047318 0.2922066 0.903726 0.3128812 0.04576542 0.9855057 0.1633525 0.05146144 0.985422 0.1621577 0.556501 0.7949007 0.2417431 0.5434421 0.7986656 0.2584644 0.2210697 0.930666 0.2915288 0.2322493 0.9298223 0.2854658 0.017371 0.994764 0.1007116 0.02083314 0.9947458 0.1002343 0.005807197 0.9994162 0.03366831 0.7551991 0.6547877 0.03045168 0.7488759 0.6607291 0.05120577 0.7242399 0.689545 0.002050629 0.4668887 0.8374967 0.2839264 0.4800562 0.8346786 0.2699216 0.1568176 0.9533636 0.2578878 0.166352 0.9528906 0.2536266 0.7035906 0.7039923 0.09672203 0.6939356 0.7100258 0.119652 0.4020154 0.8705528 0.2837631 0.389237 0.8725649 0.2951695 0.1015658 0.971639 0.2135466 0.109225 0.971412 0.2107809 0.6414062 0.7511083 0.1563151 0.6303525 0.7559527 0.1766104 0.3128769 0.9037252 0.2922137 0.3248201 0.9023718 0.2832259 0.05681308 0.9855058 0.1598451 0.06240939 0.9854223 0.1582657 0.5717077 0.7949022 0.2031769 0.5598124 0.79867 0.2207629 0.2511851 0.9298216 0.2689573 0.2404498 0.9306648 0.2757659 0.008088782 0.9994162 0.03319421 0.02419592 0.994764 0.09929362 0.02761877 0.9947458 0.09858088 0.4851799 0.8374963 0.2513972 0.4973483 0.8346811 0.2365419 0.174063 0.9533638 0.2465756 0.1832697 0.9528915 0.2416814 0.7085477 0.7039979 0.04844823 0.7061961 0.7070921 0.03616442 0.7004755 0.7100354 0.0719991 0.6894828 0.7240751 0.01813089 0.4204351 0.8705537 0.2556769 0.4084792 0.8725633 0.267914 0.1233455 0.9714118 0.2028428 0.1158931 0.9716385 0.2061245 0.6505783 0.7511087 0.1121761 0.6409288 0.7559564 0.1331927 0.3320949 0.9037245 0.270176 0.3433886 0.9023721 0.2604013 0.07307111 0.9854221 0.1536352 0.06758163 0.9855059 0.1555978 0.5842352 0.7949057 0.1636894 0.5735784 0.7986698 0.1820284 0.2587163 0.9306654 0.258704 0.2689494 0.9298232 0.2511874 0.01033136 0.9994162 0.03256588 0.03090432 0.9947639 0.09741469 0.03428636 0.9947455 0.09646557 0.51233 0.8346846 0.2020381 0.5011988 0.837501 0.2176969 0.1904651 0.9533639 0.2341378 0.1993365 0.9528906 0.2286142 0.4369111 0.8705503 0.2263866 0.4257994 0.8725633 0.2394328 0.1296948 0.9716389 0.1977303 0.1369102 0.9714118 0.1939453 0.6567147 0.7511122 0.06750112 0.6485226 0.7559596 0.08912607 0.3497569 0.903725 0.246883 0.3603625 0.9023719 0.236355 0.07804085 0.9855057 0.1506257 0.08337871 0.985422 0.1482953 0.5846581 0.7986707 0.1424773 0.5940413 0.7949058 0.1234488 0.285469 0.9298228 0.2322435 0.2757569 0.9306663 0.2404542 0.01253518 0.9994162 0.03178265 0.04078517 0.9947456 0.09390249 0.03749697 0.9947639 0.09507262 0.5148814 0.8374999 0.1830058 0.5249379 0.8346779 0.1665921 0.214478 0.9528918 0.2144678 0.2060216 0.9533642 0.2205714 0.4411566 0.8725609 0.2098056 0.4513439 0.8705493 0.1960424 0.1498093 0.9714125 0.1841598 0.1428941 0.9716388 0.188413 0.6152533 0.7883088 0.005727715 0.6530438 0.7571492 0.01608864 0.6573141 0.7529829 0.03090477 0.6530983 0.7559532 0.04469117 0.3756384 0.9023742 0.2112266 0.365793 0.9037247 0.2224343 0.09330839 0.9854221 0.1422563 0.08814642 0.9855059 0.1449432 0.601087 0.7949027 0.08260705 0.5930158 0.7986718 0.1022521 0.2915253 0.9306655 0.2210763 0.3006538 0.929822 0.2122226 0.04709683 0.9947456 0.09090099 0.01467209 0.9994162 0.03085446 0.04388906 0.9947639 0.09229587 0.5261846 0.8374932 0.1474275 0.535082 0.8346761 0.1303958 0.220578 0.9533638 0.2060162 0.2286082 0.952891 0.1993415 0.4544508 0.8725617 0.179194 0.4636555 0.8705544 0.1647984 0.162048 0.9714118 0.1734922 0.1553964 0.9716396 0.1782378 0.3891788 0.9023763 0.1850861 0.3801109 0.9037285 0.1969532 0.1028048 0.985422 0.1355533 0.0978317 0.9855058 0.1385903 0.6053194 0.7949041 0.04142168 0.5986183 0.7986669 0.06153966 0.5757422 0.8175416 0.01210963 0.6039941 0.796256 0.0341685 0.3059367 0.9306651 0.2006619 0.3144392 0.9298215 0.1912066 0.05009473 0.9947639 0.08907961 0.01674674 0.9994162 0.02977945 0.05319526 0.9947457 0.08747143 0.5350177 0.8374955 0.1111633 0.5427248 0.8346811 0.09358058 0.2341317 0.9533643 0.1904702 0.2416763 0.9528921 0.1832737 0.4656059 0.8725673 0.1477752 0.4738221 0.8705563 0.1327565 0.1734962 0.9714121 0.1620425 0.1672169 0.9716384 0.1672039 0.3926612 0.9037283 0.1705646 0.4009131 0.9023737 0.1580836 0.1070567 0.9855054 0.1315972 0.1118014 0.9854219 0.1282348 0.3189236 0.930665 0.1793053 0.3267508 0.9298225 0.1693048 0.01873796 0.9994162 0.02856854 0.05904042 0.9947457 0.0836378 0.05605107 0.9947639 0.08545738 0.5478449 0.834682 0.05631998 0.5413491 0.8374992 0.07440626 0.2536252 0.9528912 0.1663511 0.2465721 0.9533645 0.1740641 0.4817885 0.870551 0.1001037 0.4746047 0.8725652 0.1156733 0.1782271 0.971639 0.1554114 0.1841581 0.9714118 0.1498159 0.4033963 0.9037256 0.1433583 0.4107627 0.9023735 0.1303689 0.1203031 0.9854221 0.1202937 0.1157923 0.9855058 0.1239776 0.3375384 0.9298227 0.1466203 0.3304093 0.9306654 0.1571355 0.06460624 0.9947458 0.07941587 0.02064759 0.9994162 0.02722059 0.06176296 0.994764 0.08142469 0.492852 0.8699198 0.01834221 0.5349606 0.8448759 0.001379205 0.5451659 0.8374981 0.03729779 0.5460579 0.8370488 0.034206 0.2643931 0.9528905 0.1486471 0.2578837 0.9533638 0.1568227 0.4814031 0.8725606 0.08300013 0.487497 0.8705498 0.06700455 0.1939425 0.9714121 0.136911 0.1884242 0.9716387 0.1428798 0.4186962 0.9023746 0.1020469 0.4122357 0.903726 0.1155038 0.1282263 0.9854219 0.1118114 0.1239786 0.9855056 0.1157932 0.3467645 0.9298215 0.1232326 0.3403582 0.9306658 0.1342292 0.02245225 0.9994162 0.02575241 0.06716057 0.994764 0.07703221 0.06987898 0.9947457 0.07481873 0.2679909 0.953363 0.1388518 0.2739154 0.9528906 0.1302682 0.4909278 0.8705525 0.03358705 0.4859437 0.8725617 0.04994807 0.4496354 0.8931777 0.00784526 0.4900442 0.8712484 0.0279809 0.1977234 0.9716391 0.1297033 0.2028396 0.9714119 0.1233495 0.4246903 0.9023728 0.07322207 0.4191514 0.9037271 0.0871176 0.1355602 0.9854222 0.1027936 0.1316025 0.9855058 0.1070471 0.3487327 0.9306647 0.1106735 0.3543622 0.9298221 0.09928831 0.0241587 0.9994161 0.0241587 0.07226551 0.994764 0.07226551 0.07481869 0.9947457 0.06987895 0.2821623 0.9528912 0.1112782 0.276838 0.9533635 0.1202448 0.2061234 0.9716389 0.1158925 0.2107875 0.9714119 0.1092135 0.4286945 0.9023743 0.04406372 0.4241249 0.9037264 0.05828055 0.1422513 0.9854223 0.09331444 0.1385903 0.9855058 0.0978317 0.360306 0.9298234 0.07488701 0.3554689 0.9306654 0.08662409 0.07942018 0.9947457 0.06460135 0.02575244 0.9994162 0.02245228 0.07703213 0.9947641 0.06716051 0.2843952 0.9533644 0.1010733 0.2891026 0.9528913 0.0917493 0.2177474 0.9714118 0.09457877 0.2135527 0.9716387 0.1015557 0.42475 0.904489 0.0385628 0.427114 0.9037254 0.02922428 0.4051102 0.9141714 -0.01327759 0.1449418 0.985506 0.08814557 0.1482938 0.9854223 0.08337782 0.3605457 0.9306664 0.06218452 0.3645857 0.9298211 0.0500991 0.08363909 0.9947455 0.05904133 0.08141754 0.9947639 0.06177426 0.02721783 0.9994162 0.0206511 0.2946937 0.9528894 0.07181387 0.2906291 0.953363 0.08144766 0.2236932 0.9714119 0.07949998 0.2199844 0.9716388 0.08674708 0.1536403 0.9854218 0.07306426 0.1506167 0.9855058 0.07805733 0.3136121 0.9495096 0.008881885 0.3600565 0.9328088 0.01507112 0.36715 0.9298224 0.02512135 0.3683683 0.9289898 0.03581337 0.3639575 0.9306643 0.03740284 0.08547075 0.9947639 0.05603213 0.08747143 0.9947457 0.05319526 0.02857283 0.9994162 0.01873151 0.2989 0.952891 0.05155224 0.2955163 0.9533625 0.06140077 0.2285905 0.9714127 0.0640616 0.2253916 0.9716389 0.07152897 0.1582664 0.9854221 0.06240964 0.1556044 0.9855057 0.06757055 0.08907961 0.9947639 0.05009473 0.09089511 0.9947458 0.04710653 0.02977974 0.9994162 0.01674691 0.2990101 0.9533646 0.04109795 0.3017232 0.9528912 0.0310072 0.2297404 0.9716397 0.05599688 0.2324344 0.9714124 0.04829396 0.1598434 0.9855058 0.05682145 0.1621594 0.9854217 0.05146191 0.09390562 0.9947456 0.04077813 0.09228847 0.994764 0.04390227 0.03085244 0.9994162 0.01467672 0.3011212 0.9533633 0.02059974 0.2665171 0.9634517 -0.027008 0.2961056 0.9540766 0.04538019 0.2330305 0.971639 0.04018036 0.2351885 0.9714121 0.03232589 0.1633534 0.9855053 0.04576959 0.1652902 0.9854218 0.04028779 0.09646318 0.9947456 0.03429092 0.03178472 0.9994161 0.01253041 0.09507844 0.9947639 0.03748253 0.2368454 0.9714122 0.01620262 0.2391745 0.969322 0.0566608 0.2352296 0.971639 0.02418005 0.1710592 0.9849889 0.02314298 0.2191059 0.9756867 -0.005302742 0.1660937 0.9855055 0.03452166 0.1676554 0.9854218 0.02890807 0.097408 0.994764 0.03092424 0.09858041 0.9947457 0.027621 0.03256388 0.9994162 0.01033809 0.1692351 0.9854222 0.01739622 0.168065 0.9855058 0.02308057 0.1002343 0.9947458 0.02083314 0.09929362 0.994764 0.02419592 0.03319412 0.9994162 0.00808876 0.1222665 0.991676 -0.04036762 0.169246 0.9855058 0.01158189 0.16313 0.9850528 0.05531327 0.100712 0.9947641 0.01736818 0.1014252 0.9947457 0.01392885 0.03366844 0.9994162 0.005806255 0.02412377 0.9894745 0.1426826 0.07349394 0.9956442 -0.05737007 0.1013376 0.9868049 0.1262802 0.1016651 0.9947639 0.01044264 0.1021382 0.9947456 0.006989555 0.03398668 0.9994162 0.003490978 0.9996991 -0.0245323 0 0.9996991 -0.0245323 0 0.997289 -0.07358426 0 0.997289 -0.07358426 0 0.9924831 -0.1223818 0 0.9924831 -0.1223818 0 0.9852765 -0.1709686 0 0.9852765 -0.1709686 0 0.9757056 -0.2190861 0 0.9757056 -0.2190861 0 0.9637669 -0.2667458 0 0.9637669 -0.2667458 0 0.9495316 -0.3136713 0 0.9495316 -0.3136713 0 0.9329861 -0.3599123 0 0.9329861 -0.3599123 0 0.914206 -0.4052499 0 0.914206 -0.4052499 0 0.8932554 -0.4495497 0 0.8932554 -0.4495497 0 0.8700569 -0.4929514 0 0.8700569 -0.4929514 0 0.8448538 -0.5349973 0 0.8448538 -0.5349973 0 0.8175516 -0.5758554 0 0.8175516 -0.5758554 0 0.7883636 -0.6152096 0 0.7883636 -0.6152096 0 0.7572562 -0.653118 0 0.7572562 -0.653118 0 0.7242414 -0.6895465 0 0.7242414 -0.6895465 0 0.6894658 -0.7243183 0 0.6894658 -0.7243183 0 0.653271 -0.7571242 0 0.653271 -0.7571242 0 0.6151087 -0.7884423 0 0.6151087 -0.7884423 0 0.5759507 -0.8174844 0 0.5759507 -0.8174844 0 0.5349611 -0.8448767 0 0.5349611 -0.8448767 0 0.4929349 -0.8700662 0 0.4929349 -0.8700662 0 0.4496492 -0.8932052 0 0.4496492 -0.8932052 0 0.359881 -0.9329982 0 0.4051459 -0.914252 0 0.4051459 -0.914252 0 0.3136244 -0.9495471 0 0.359881 -0.9329982 0 0.3136244 -0.9495471 0 0.219109 -0.9757004 0 0.2668453 -0.9637393 0 0.2668453 -0.9637393 0 0.1708636 -0.9852947 0 0.219109 -0.9757004 0 0.1223663 -0.992485 0 0.1708636 -0.9852947 0 0.1223663 -0.992485 0 0.07361518 -0.9972867 0 0.07361518 -0.9972867 0 0.0246217 -0.9996969 0 0.0246217 -0.9996969 0 -0.0246217 -0.9996969 0 -0.0246217 -0.9996969 0 -0.07361518 -0.9972867 0 -0.07361518 -0.9972867 0 -0.1223663 -0.992485 0 -0.1223663 -0.992485 0 -0.1708636 -0.9852947 0 -0.1708636 -0.9852947 0 -0.219109 -0.9757004 0 -0.219109 -0.9757004 0 -0.2668453 -0.9637393 0 -0.2668453 -0.9637393 0 -0.3136244 -0.9495471 0 -0.3136244 -0.9495471 0 -0.359881 -0.9329982 0 -0.359881 -0.9329982 0 -0.4051459 -0.914252 0 -0.4051459 -0.914252 0 -0.4496492 -0.8932052 0 -0.4496492 -0.8932052 0 -0.4929349 -0.8700662 0 -0.4929349 -0.8700662 0 -0.5349611 -0.8448767 0 -0.5349611 -0.8448767 0 -0.5759507 -0.8174844 0 -0.5759507 -0.8174844 0 -0.6151087 -0.7884423 0 -0.6151087 -0.7884423 0 -0.653271 -0.7571242 0 -0.653271 -0.7571242 0 -0.6894658 -0.7243183 0 -0.6894658 -0.7243183 0 -0.7242414 -0.6895465 0 -0.7242414 -0.6895465 0 -0.7572562 -0.653118 0 -0.7572562 -0.653118 0 -0.7883636 -0.6152096 0 -0.7883636 -0.6152096 0 -0.8175516 -0.5758554 0 -0.8175516 -0.5758554 0 -0.8448538 -0.5349973 0 -0.8448538 -0.5349973 0 -0.8700569 -0.4929514 0 -0.8700569 -0.4929514 0 -0.8932554 -0.4495497 0 -0.8932554 -0.4495497 0 -0.914206 -0.4052499 0 -0.914206 -0.4052499 0 -0.9329861 -0.3599123 0 -0.9329861 -0.3599123 0 -0.9495316 -0.3136713 0 -0.9495316 -0.3136713 0 -0.9637669 -0.2667458 0 -0.9637669 -0.2667458 0 -0.9757056 -0.2190861 0 -0.9757056 -0.2190861 0 -0.9852765 -0.1709686 0 -0.9852765 -0.1709686 0 -0.9924831 -0.1223818 0 -0.9924831 -0.1223818 0 -0.997289 -0.07358426 0 -0.997289 -0.07358426 0 -0.9996991 -0.0245323 0 -0.9996991 -0.0245323 0 0 0 -1 0 0 -1 0 -0 -1 0 0 -1 0 0 -1 0 -0 -1 0 0 -1 0 0 -1 0 0 -1 0 -0 -1 0 0 -1 0 0 -1 0 0 -1 0 0 -1 0 -0 -1 0 0 -1 0 0 -1 0 0 -1 0 -0 -1 0 0 -1 0 0 -1 0 -0 -1 0 0 -1 0 0 -1 0 0 -1 0 0 -1 0 -0 -1 0 0 -1 0 0 -1 0 -0 -1 0 0 -1 0 0 -1 0 0 -1 0 0 -1 0 -0 -1 0 0 -1 0 0 -1 0 0 -1 0 -0 -1 0 0 -1 0 0 -1 0 0 -1 0 -0 -1 0 0 -1 0 0 -1 0 0 -1 0 0 -1 0 -0 -1 0 0 -1 0 0 -1 0 0 -1 0 -0 -1 0 0 -1 0 0 -1 0 0 -1 0 -0 -1 0 -0 -1 0 0 -1 0 0 -1 0 -0 -1 0 -0 -1 0 0 -1 0 0 -1 0 0 -1 0 -0 -1 0 -0 -1 0 0 -1 0 -0 -1 0 0 -1 0 -0 -1 0 0 -1 0 -0 -1 0 0 -1 0 0 -1 0 0 -1 0 -0 -1 0 0 -1 0 -0 -1 0 0 -1 0 -0 -1 0 0 -1 0 -0 -1 0 -0 -1 0 0 -1 0 -0 -1 0 0 -1 0 -0 -1 0 0 -1 0 0 -1 0 -0 -1 0 0 -1 0 0 -1 0 0 -1 0 0 -1 0 0 -1 0 0 -1 0 0 -1 0 0 -1 0 0 -1 0 0 -1 0 0 -1 0 0 -1 0 0 -1 0 0 -1 0 0 -1 0 0 -1 0 0 -1 0 0 -1 0 0 -1 0 0 -1 0 0 -1 0 0 -1 0 0 -1 0 0 -1 0 0 -1 0 0 -1 0 0 -1 0 0 -1 0 0 -1 0 0 -1 0 0 -1 0 0 -1 0 0 -1 0 0 -1 0 0 -1 0 0 -1 0 -0 -1 0 0 -1 0 0 -1 0 0 -1 0 0 -1 0 0 -1 0 0 -1 0 0 -1 0 0 -1 0 0 -1 0 0 -1 0 0 -1 0 0 -1 0 0 -1 0 0 -1 0 0 -1 0 0 -1 0 0 -1 0 0 -1 0 0 -1 0 0 -1 0 0 -1 0 0 -1 0 0 -1 0 0 -1 0 0 -1 0 0 -1 0 0 -1 0 0 -1 0 0 -1 0 0 -1 0 0 -1 0 0 -1 0 0 -1 0 0 -1 0 -0 -1 0 0 -1 0 -0 -1 0 0 -1 0 -0 -1 0 0 -1 0 -0 -1 0 0 -1 0 -0 -1 0 0 -1 0 0 -1 0 -0 -1 0 -0 -1 0 0 -1 0 -0 -1 0 0 -1 0 -0 -1 0 0 -1 0 -0 -1 0 0 -1 0 -0 -1 0 0 -1 0 -0 -1 0 0 -1 0 -0 -1 0 0 -1 0 -0 -1 0 0 -1 0 -0 -1 0 -0 -1 0 0 -1 0 -0 -1 0 0 -1 0 0 -1 0 -0 -1 0 0 -1 0 0 -1 0 0 -1 0 0 -1 0 0 -1 0 -0 -1 0 0 -1 0 0 -1 0 0 -1 0 -0 -1 0 0 -1 0 0 -1 0 0 -1 0 0 -1 0 0 -1 0 0 -1 0 -0 -1 0 0 -1 0 0 -1 0 -0 -1 0 0 -1 0 0 -1 0 0 -1 0 0 -1 0 -0 -1 0 0 -1 0 0 -1 0 0 -1 0 -0 -1 0 0 -1 0 0 -1 0 0 -1 0 -0 -1 0 0 -1 0 0 -1 0 0 -1 0 -0 -1 0 0 -1 0 0 -1 0 0 -1 0 -0 -1 0 0 -1 0 0 -1 0 -0 -1 0 0 -1 0 0 -1 0 0 -1 0 0 -1 0 0 -1 0 0 -1 0 -0 -1 0 0 -1 0 0 -1 0 0 -1 0 -0 -1 0 0 -1 0 0 -1 0 0 -1 0 -0 -1 0 0 -1 0 0 -1 0 -0 -1 -0.02454759 0.9996987 0 -0.02454759 0.9996987 0 -0.07348129 0.9972966 0 -0.07348129 0.9972966 0 -0.1224134 0.9924792 0 -0.1224134 0.9924792 0 -0.1710242 0.9852668 0 -0.1710242 0.9852668 0 -0.2191464 0.975692 0 -0.2191464 0.975692 0 -0.2666379 0.9637967 0 -0.2666379 0.9637967 0 -0.3136315 0.9495447 0 -0.3136315 0.9495447 0 -0.3599643 0.9329661 0 -0.3599643 0.9329661 0 -0.4052017 0.9142273 0 -0.4052017 0.9142273 0 -0.4496102 0.8932249 0 -0.4496102 0.8932249 0 -0.4928875 0.870093 0 -0.4928875 0.870093 0 -0.5350286 0.844834 0 -0.5350286 0.844834 0 -0.5758666 0.8175437 0 -0.5758666 0.8175437 0 -0.6151754 0.7883903 0 -0.6151754 0.7883903 0 -0.6532152 0.7571724 0 -0.6532152 0.7571724 0 -0.6894848 0.7243002 0 -0.6894848 0.7243002 0 -0.7242783 0.6895077 0 -0.7242783 0.6895077 0 -0.7572296 0.6531489 0 -0.7572296 0.6531489 0 -0.7883157 0.615271 0 -0.7883157 0.615271 0 -0.8176051 0.5757794 0 -0.8176051 0.5757794 0 -0.8448349 0.5350271 0 -0.8448349 0.5350271 0 -0.870101 0.4928735 0 -0.870101 0.4928735 0 -0.8932289 0.4496021 0 -0.8932289 0.4496021 0 -0.914212 0.4052365 0 -0.914212 0.4052365 0 -0.9329893 0.3599042 0 -0.9329893 0.3599042 0 -0.9495208 0.3137041 0 -0.9637762 0.2667119 0 -0.9495208 0.3137041 0 -0.9637762 0.2667119 0 -0.9757052 0.2190876 0 -0.9757052 0.2190876 0 -0.9852793 0.1709523 0 -0.9924779 0.1224244 0 -0.9852793 0.1709523 0 -0.9924779 0.1224244 0 -0.9972904 0.0735653 0 -0.9972904 0.0735653 0 -0.9996988 0.02454437 0 -0.9996988 0.02454437 0 0 1 0 0 1 0 0.02480005 -0.9996924 0 0.02480005 -0.9996924 0 0.07471708 -0.9972048 0 0.07471708 -0.9972048 0 0.124475 -0.9922227 0 0.124475 -0.9922227 0 0.1736 -0.9848163 0 0.1736 -0.9848163 0 0.2225615 -0.9749187 0 0.2225615 -0.9749187 0 0.2707398 -0.9626526 0 0.3185726 -0.9478985 0 0.2707398 -0.9626526 0 0.3185726 -0.9478985 0 0.3653253 -0.93088 0 0.3653253 -0.93088 0 0.4112688 -0.9115141 0 0.4112688 -0.9115141 0 0.4562441 -0.8898547 0 0.4562441 -0.8898547 0 0.4999819 -0.8660358 0 0.4999819 -0.8660358 0 0.5425676 -0.8400121 0 0.5837486 -0.8119344 0 0.5425676 -0.8400121 0 0.5837486 -0.8119344 0 0.6234924 -0.7818295 0 0.6234924 -0.7818295 0 0.6616608 -0.7498034 0 0.6616608 -0.7498034 0 0.6982285 -0.715875 0 0.6982285 -0.715875 0 0.7330377 -0.6801881 0 0.7330377 -0.6801881 0 0.7660637 -0.6427647 0 0.7660637 -0.6427647 0 0.7971197 -0.6038213 0 0.7971197 -0.6038213 0 0.8262206 -0.5633467 0 0.8262206 -0.5633467 0 0.8533133 -0.5213985 0 0.8533133 -0.5213985 0 0.8782105 -0.4782742 0 0.8782105 -0.4782742 0 0.9009845 -0.4338512 0 0.9009845 -0.4338512 0 0.9214674 -0.3884559 0 0.9214674 -0.3884559 0 0.9396921 -0.3420215 0 0.9396921 -0.3420215 0 0.9555767 -0.2947428 0 0.9555767 -0.2947428 0 0.969079 -0.2467507 0 0.969079 -0.2467507 0 0.9801677 -0.1981699 0 0.9801677 -0.1981699 0 0.9888347 -0.1490166 0 0.9888347 -0.1490166 0 0.9950297 -0.09957849 0 0.9950297 -0.09957849 0 0.9987571 -0.04984246 0 0.9987571 -0.04984246 0 1 0 0 0.9987575 0.04983455 -0 1 0 0 0.9987575 0.04983455 0 0.9950297 0.09957849 0 0.9950297 0.09957849 0 0.9888312 0.1490401 0 0.9888312 0.1490401 0 0.9801739 0.1981391 0 0.9801739 0.1981391 0 0.969079 0.2467507 0 0.969079 0.2467507 0 0.9555767 0.2947428 0 0.9555767 0.2947428 0 0.9396921 0.3420215 0 0.9396921 0.3420215 0 0.9214674 0.3884559 0 0.9214674 0.3884559 0 0.9009546 0.4339133 0 0.9009546 0.4339133 0 0.878247 0.4782074 0 0.878247 0.4782074 0 0.8532701 0.5214693 0 0.8532701 0.5214693 0 0.8262711 0.5632727 0 0.8262711 0.5632727 0 0.7971197 0.6038213 0 0.7971197 0.6038213 0 0.765998 0.6428429 0 0.765998 0.6428429 0 0.7331112 0.6801088 0 0.7331112 0.6801088 0 0.6982285 0.715875 0 0.6982285 0.715875 0 0.6616608 0.7498034 -0 0.6616608 0.7498034 0 0.6234924 0.7818295 0 0.6234924 0.7818295 0 0.5837486 0.8119344 0 0.5837486 0.8119344 0 0.5425676 0.8400121 0 0.5425676 0.8400121 0 0.4999819 0.8660358 0 0.4999819 0.8660358 0 0.4562441 0.8898547 0 0.4562441 0.8898547 0 0.4112688 0.9115141 0 0.4112688 0.9115141 0 0.3653253 0.93088 0 0.3653253 0.93088 0 0.3184297 0.9479465 -0 0.3184297 0.9479465 0 0.2708871 0.9626111 0 0.2708871 0.9626111 0 0.2225615 0.9749187 0 0.2225615 0.9749187 0 0.1736 0.9848163 0 0.1736 0.9848163 0 0.1243184 0.9922423 0 0.1243184 0.9922423 0 0.07471708 0.9972048 0 0.07471708 0.9972048 0 0.02495893 0.9996885 0 0.02495893 0.9996885 0 0 -1 0 0 -1 0 1 0 0 1 0 -0 0.03918586 -0.999232 0 0.03918586 -0.999232 0 0 0 -1 0 0 -1 0 0 -1 0 0 -1 0 0 -1 0 0 -1 0 0 -1 0 0 -1 0 0 -1 0 0 -1 0 0 -1 0 0 -1 0 0 -1 0 0 -1 0 0 -1 0 0 -1 0 0 -1 0 0 -1 0 0 -1 0 0 -1 0 0 -1 0 0 -1 0 0 -1 0 0 -1 0 0 -1 0 0 -1 0 0 -1 0 0 -1 0 -0 -1 0 -0 -1 0 -0 -1 0 0 -1 0 0 -1 0 -0 -1 0 0 -1 0 0 -1 0 -0 -1 0 -0 -1 0 0 -1 0 -0 -1 0 0 -1 0 0 -1 0 0 -1 0 0 -1 0 0 -1 0 0 -1 0 -0 -1 0 -0 -1 0 0 -1 0 0 -1 0 0 -1 0 -0 -1 0 0 -1 0 0 -1 0 0 -1 0 -0 -1 0 -0 -1 0 -0 -1 0 -0 -1 0 0 -1 0 0 -1 0 0 -1 0 0 -1 0 0 -1 0 0 -1 0 0 -1 0 0 -1 0 -0 -1 0 -0 -1 0 -0 -1 0 -0 -1 0 0 -1 0 -0 -1 0 0 -1 0 0 -1 0 0 -1 0 0 -1 0 -0 -1 0 0 -1 0 0 -1 0 0 -1 0 -0 -1 -0 -0 -1 0 0 -1 0 0 -1 0 0 -1 0 0 -1 0 0 -1 0 0 -1 0 0 -1 0 0 -1 -0 -0 -1 -0 -0 -1 -0 -0 -1 -0 -0 -1 -0 -0 -1 -0 -0 -1 0 -0 -1 -0 -0 -1 -0 -0 -1 0 -0 -1 0 -0 -1 0 -0 -1 0 0 -1 0 -0 -1 0 0 -1 -0 -0 -1 -0 -0 -1 0 0 -1 0 -0 -1 -0 -0 -1 0 -0 -1 0 -0 -1 -0 -0 -1 0 0 -1 0 0 -1 0 0 -1 -0 -0 -1 0.9792605 0.2026055 -0 0.9792605 0.2026055 0 0 0 -1 0 0 -1 0 0 -1 0 0 -1 0 0 -1 0 0 -1 0 0 -1 0 0 -1 0 0 -1 0 0 -1 0 0 -1 0 0 -1 0 0 -1 0 0 -1 0 0 -1 0 0 -1 0 0 -1 0 0 -1 0 0 -1 0 0 -1 0 0 -1 0 0 -1 0 0 -1 0 0 -1 0 0 -1 0 0 -1 0 -0 -1 0 -0 -1 0 0 -1 0 0 -1 0 0 -1 0 -0 -1 0 0 -1 0 -0 -1 0 -0 -1 0 0 -1 0 0 -1 0 0 -1 0 -0 -1 0 -0 -1 0 0 -1 0 0 -1 0 0 -1 0 0 -1 0 0 -1 0 0 -1 0 0 -1 0 -0 -1 0 0 -1 0 0 -1 0 -0 -1 0 -0 -1 0 -0 -1 0 -0 -1 0 0 -1 0 -0 -1 0 0 -1 0 0 -1 0 0 -1 0 0 -1 0 0 -1 0 -0 -1 0 -0 -1 0 -0 -1 0 -0 -1 0 0 -1 0 0 -1 0 0 -1 0 0 -1 0 0 -1 0 0 -1 0 -0 -1 0 -0 -1 0 0 -1 0 0 -1 0 0 -1 0 -0 -1 0 0 -1 0 0 -1 0 0 -1 0 -0 -1 0 -0 -1 0 -0 -1 0 0 -1 0 0 -1 0 -0 -1 0 0 -1 -0 -0 -1 0 0 -1 -0 -0 -1 0 0 -1 -0 -0 -1 -0 -0 -1 0 -0 -1 0 0 -1 0 0 -1 0 0 -1 -0 -0 -1 0 -0 -1 -0 -0 -1 -0 -0 -1 0 -0 -1 0 -0 -1 0 -0 -1 0 0 -1 0 -0 -1 0 0 -1 -0 -0 -1 0 -0 -1 0 0 -1 0 0 -1 -0 -0 -1 -0 -0 -1 0 0 -1 0 0 -1 -0 -0 -1 -0 -0 -1 0 0 -1 -0.9833823 0.181547 0 -0.9833823 0.181547 0 0 0 -1 0 0 -1 0 0 -1 0 0 -1 0 0 -1 0 0 -1 0 0 -1 0 0 -1 0 0 -1 0 0 -1 0 0 -1 0 0 -1 0 0 -1 0 0 -1 0 0 -1 0 0 -1 0 0 -1 0 0 -1 0 0 -1 0 0 -1 0 0 -1 0 0 -1 0 0 -1 0 0 -1 0 0 -1 0 0 -1 0 -0 -1 0 -0 -1 0 -0 -1 0 0 -1 0 0 -1 0 -0 -1 0 0 -1 0 0 -1 0 0 -1 0 0 -1 0 0 -1 0 -0 -1 0 -0 -1 0 -0 -1 0 0 -1 0 0 -1 0 0 -1 0 0 -1 0 0 -1 0 -0 -1 0 -0 -1 0 -0 -1 0 0 -1 0 0 -1 0 0 -1 0 0 -1 0 -0 -1 0 -0 -1 0 0 -1 0 -0 -1 0 0 -1 0 0 -1 0 0 -1 0 0 -1 0 0 -1 0 0 -1 0 -0 -1 0 -0 -1 0 -0 -1 0 -0 -1 0 0 -1 0 0 -1 0 0 -1 0 -0 -1 0 -0 -1 0 0 -1 0 0 -1 0 0 -1 0 0 -1 0 0 -1 0 0 -1 0 0 -1 0 -0 -1 0 0 -1 0 0 -1 0 -0 -1 0 -0 -1 0 -0 -1 0 0 -1 -0 -0 -1 0 -0 -1 0 -0 -1 0 -0 -1 0 0 -1 -0 -0 -1 0 0 -1 0 0 -1 0 -0 -1 0 0 -1 0 0 -1 0 -0 -1 -0 -0 -1 -0 -0 -1 0 0 -1 0 0 -1 0 -0 -1 -0 -0 -1 -0 -0 -1 0 0 -1 -0 -0 -1 0 -0 -1 -0 -0 -1 -0 -0 -1 0 0 -1 0 -0 -1 0 0 -1 0 0 -1 0 0 -1 -0 -0 -1 -0 -0 -1 0 -0 -1 0 0 -1 -0.04407598 -0.9990283 0 -0.04407598 -0.9990283 -0 0 0 -1 0 0 -1 0 0 -1 0 0 -1 0 0 -1 0 0 -1 0 0 -1 0 0 -1 0 0 -1 0 0 -1 0 0 -1 0 0 -1 0 0 -1 0 0 -1 0 0 -1 0 0 -1 0 0 -1 0 0 -1 0 0 -1 0 0 -1 0 0 -1 0 0 -1 0 0 -1 0 0 -1 0 0 -1 0 0 -1 0 0 -1 0 0 -1 0 -0 -1 0 -0 -1 0 -0 -1 0 0 -1 0 0 -1 0 -0 -1 0 0 -1 0 0 -1 0 -0 -1 0 -0 -1 0 0 -1 0 -0 -1 0 0 -1 0 0 -1 0 0 -1 0 0 -1 0 0 -1 0 0 -1 0 -0 -1 0 -0 -1 0 0 -1 0 0 -1 0 0 -1 0 -0 -1 0 0 -1 0 0 -1 0 0 -1 0 -0 -1 0 -0 -1 0 -0 -1 0 -0 -1 0 0 -1 0 0 -1 0 0 -1 0 0 -1 0 0 -1 0 0 -1 0 0 -1 0 0 -1 0 -0 -1 0 -0 -1 0 -0 -1 0 -0 -1 0 0 -1 0 -0 -1 0 0 -1 0 0 -1 0 0 -1 0 0 -1 0 -0 -1 0 0 -1 0 0 -1 0 0 -1 0 -0 -1 -0 -0 -1 0 0 -1 0 0 -1 0 0 -1 0 0 -1 0 0 -1 0 0 -1 0 0 -1 0 0 -1 -0 -0 -1 -0 -0 -1 -0 -0 -1 -0 -0 -1 -0 -0 -1 -0 -0 -1 0 -0 -1 -0 -0 -1 -0 -0 -1 0 -0 -1 0 -0 -1 0 -0 -1 0 0 -1 0 -0 -1 0 0 -1 -0 -0 -1 -0 -0 -1 0 0 -1 0 -0 -1 -0 -0 -1 0 -0 -1 0 -0 -1 -0 -0 -1 0 0 -1 0 0 -1 0 0 -1 -0 -0 -1</float_array>
          <technique_common>
            <accessor count="8906" source="#cubenormals-array0-array" stride="3">
              <param type="float" name="X"/>
              <param type="float" name="Y"/>
              <param type="float" name="Z"/>
            </accessor>
          </technique_common>
        </source>
        <vertices id="cubeverts-array0-vertices">
          <input semantic="POSITION" source="#cubeverts-array0"/>
        </vertices>
        <triangles count="8906" material="ref_Cam_support_2_shape">
          <input offset="0" semantic="VERTEX" source="#cubeverts-array0-vertices"/>
          <input offset="1" semantic="NORMAL" source="#cubenormals-array0"/>
          <p>0 0 1 0 2 0 2 1 1 1 3 1 3 2 4 2 5 2 1 3 4 3 3 3 5 4 6 4 7 4 4 5 6 5 5 5 7 6 8 6 9 6 6 7 8 7 7 7 9 8 10 8 11 8 8 9 10 9 9 9 11 10 12 10 13 10 13 11 12 11 14 11 10 12 12 12 11 12 12 13 15 13 14 13 15 14 16 14 14 14 14 15 16 15 17 15 16 16 18 16 17 16 17 17 18 17 19 17 18 18 20 18 19 18 19 19 20 19 21 19 20 20 22 20 21 20 21 21 22 21 23 21 22 22 24 22 23 22 23 23 24 23 25 23 24 24 26 24 25 24 25 25 26 25 27 25 26 26 28 26 27 26 27 27 28 27 29 27 28 28 30 28 29 28 29 29 30 29 31 29 30 30 32 30 31 30 31 31 32 31 33 31 32 32 34 32 33 32 33 33 34 33 35 33 34 34 36 34 35 34 35 35 36 35 37 35 36 36 38 36 37 36 37 37 38 37 39 37 38 38 40 38 39 38 39 39 40 39 41 39 41 40 42 40 43 40 40 41 42 41 41 41 43 42 44 42 45 42 42 43 44 43 43 43 45 44 46 44 47 44 44 45 46 45 45 45 47 46 48 46 49 46 49 47 48 47 50 47 46 48 48 48 47 48 48 49 51 49 50 49 50 50 52 50 53 50 51 51 52 51 50 51 53 52 54 52 55 52 55 53 54 53 56 53 52 54 54 54 53 54 54 55 57 55 56 55 56 56 58 56 59 56 57 57 58 57 56 57 59 58 60 58 61 58 61 59 60 59 62 59 58 60 60 60 59 60 60 61 63 61 62 61 62 62 64 62 65 62 63 63 64 63 62 63 66 64 67 64 68 64 69 65 67 65 66 65 70 66 67 66 69 66 67 67 71 67 68 67 72 68 71 68 73 68 68 69 71 69 72 69 74 70 75 70 70 70 70 71 75 71 67 71 76 72 77 72 78 72 73 73 77 73 76 73 71 74 77 74 73 74 75 75 79 75 67 75 67 76 79 76 71 76 80 77 81 77 74 77 82 78 81 78 80 78 83 79 81 79 82 79 74 80 81 80 75 80 84 81 85 81 86 81 78 82 85 82 84 82 77 83 85 83 78 83 79 84 87 84 71 84 71 85 87 85 77 85 81 86 88 86 75 86 89 87 88 87 83 87 90 88 88 88 89 88 75 89 88 89 79 89 83 90 88 90 81 90 91 91 92 91 93 91 86 92 92 92 91 92 85 93 92 93 86 93 77 94 94 94 85 94 87 95 94 95 77 95 95 96 96 96 90 96 97 97 96 97 95 97 90 98 96 98 88 98 79 99 96 99 87 99 88 100 96 100 79 100 92 101 98 101 93 101 99 102 98 102 100 102 93 103 98 103 99 103 85 104 101 104 92 104 92 105 101 105 98 105 94 106 101 106 85 106 102 107 103 107 97 107 104 108 103 108 102 108 97 109 103 109 96 109 94 110 103 110 101 110 87 111 103 111 94 111 96 112 103 112 87 112 98 113 105 113 100 113 106 114 105 114 107 114 100 115 105 115 106 115 101 116 108 116 98 116 109 117 110 117 104 117 111 118 110 118 109 118 103 119 110 119 101 119 104 120 110 120 103 120 112 121 113 121 114 121 107 122 113 122 112 122 105 123 113 123 107 123 108 124 115 124 98 124 98 125 115 125 105 125 111 126 116 126 110 126 117 127 116 127 111 127 118 128 116 128 117 128 101 129 116 129 108 129 110 130 116 130 101 130 113 131 119 131 114 131 120 132 119 132 121 132 114 133 119 133 120 133 115 134 122 134 105 134 105 135 122 135 113 135 115 136 123 136 122 136 118 137 123 137 116 137 124 138 123 138 118 138 125 139 123 139 124 139 108 140 123 140 115 140 116 141 123 141 108 141 126 142 127 142 128 142 121 143 127 143 126 143 119 144 127 144 121 144 122 145 129 145 113 145 113 146 129 146 119 146 130 147 131 147 125 147 132 148 131 148 130 148 123 149 131 149 122 149 125 150 131 150 123 150 127 151 133 151 128 151 134 152 133 152 135 152 128 153 133 153 134 153 129 154 136 154 119 154 119 155 136 155 127 155 122 156 137 156 129 156 138 157 137 157 132 157 139 158 137 158 138 158 131 159 137 159 122 159 132 160 137 160 131 160 133 161 140 161 135 161 141 162 140 162 142 162 135 163 140 163 141 163 136 164 143 164 127 164 127 165 143 165 133 165 129 166 144 166 136 166 145 167 144 167 139 167 146 168 144 168 145 168 137 169 144 169 129 169 136 170 144 170 143 170 139 171 144 171 137 171 140 172 147 172 142 172 148 173 147 173 149 173 142 174 147 174 148 174 143 175 150 175 133 175 133 176 150 176 140 176 151 177 152 177 146 177 146 178 152 178 144 178 153 179 152 179 151 179 144 180 152 180 143 180 147 181 154 181 149 181 155 182 154 182 156 182 149 183 154 183 155 183 150 184 157 184 140 184 140 185 157 185 147 185 158 186 159 186 153 186 160 187 159 187 158 187 153 188 159 188 152 188 152 189 159 189 143 189 143 190 159 190 150 190 150 191 159 191 157 191 161 192 162 192 163 192 164 193 162 193 161 193 156 194 162 194 164 194 154 195 162 195 156 195 157 196 165 196 147 196 154 197 165 197 162 197 147 198 165 198 154 198 160 199 166 199 159 199 167 200 166 200 160 200 168 201 166 201 167 201 159 202 166 202 157 202 157 203 166 203 165 203 163 204 169 204 170 204 165 205 169 205 162 205 162 206 169 206 163 206 168 207 171 207 166 207 172 208 171 208 168 208 173 209 171 209 172 209 166 210 171 210 165 210 169 211 174 211 170 211 175 212 174 212 173 212 176 213 174 213 175 213 170 214 174 214 176 214 173 215 174 215 171 215 165 216 174 216 169 216 171 217 174 217 165 217 177 218 178 218 179 218 179 219 178 219 180 219 178 220 181 220 180 220 180 221 181 221 182 221 181 222 183 222 182 222 182 223 183 223 184 223 183 224 185 224 184 224 184 225 185 225 186 225 185 226 187 226 186 226 186 227 187 227 188 227 187 228 189 228 188 228 188 229 189 229 190 229 189 230 191 230 190 230 190 231 191 231 192 231 191 232 193 232 192 232 192 233 193 233 194 233 193 234 195 234 194 234 194 235 195 235 196 235 195 236 197 236 196 236 196 237 197 237 198 237 197 238 199 238 198 238 198 239 199 239 200 239 200 240 201 240 202 240 199 241 201 241 200 241 202 242 203 242 204 242 201 243 203 243 202 243 204 244 205 244 206 244 203 245 205 245 204 245 206 246 207 246 208 246 205 247 207 247 206 247 208 248 209 248 210 248 207 249 209 249 208 249 210 250 211 250 212 250 209 251 211 251 210 251 212 252 213 252 214 252 211 253 213 253 212 253 214 254 215 254 216 254 213 255 215 255 214 255 215 256 217 256 216 256 216 257 217 257 218 257 217 258 219 258 218 258 218 259 219 259 220 259 219 260 221 260 220 260 220 261 221 261 222 261 221 262 223 262 222 262 222 263 223 263 224 263 224 264 223 264 225 264 223 265 226 265 225 265 226 266 227 266 225 266 225 267 227 267 228 267 228 268 227 268 229 268 227 269 230 269 229 269 229 270 230 270 231 270 230 271 232 271 231 271 232 272 233 272 231 272 231 273 233 273 234 273 234 274 233 274 235 274 233 275 236 275 235 275 235 276 236 276 237 276 236 277 238 277 237 277 237 278 238 278 239 278 238 279 240 279 239 279 239 280 240 280 241 280 240 281 242 281 241 281 241 282 242 282 243 282 242 283 244 283 243 283 244 284 245 284 243 284 243 285 245 285 246 285 245 286 247 286 246 286 246 287 247 287 248 287 248 288 247 288 249 288 247 289 250 289 249 289 249 290 250 290 251 290 250 291 252 291 251 291 251 292 252 292 253 292 253 293 254 293 255 293 252 294 254 294 253 294 255 295 256 295 257 295 254 296 256 296 255 296 257 297 258 297 259 297 256 298 258 298 257 298 259 299 260 299 261 299 258 300 260 300 259 300 261 301 262 301 263 301 260 302 262 302 261 302 263 303 264 303 265 303 262 304 264 304 263 304 264 305 266 305 265 305 266 306 267 306 265 306 265 307 267 307 268 307 268 308 267 308 269 308 269 309 270 309 271 309 267 310 270 310 269 310 271 311 272 311 273 311 270 312 272 312 271 312 273 313 274 313 275 313 272 314 274 314 273 314 275 315 276 315 277 315 274 316 276 316 275 316 277 317 278 317 279 317 276 318 278 318 277 318 279 319 280 319 281 319 278 320 280 320 279 320 281 321 282 321 283 321 280 322 282 322 281 322 283 323 284 323 285 323 282 324 284 324 283 324 284 325 286 325 285 325 285 326 287 326 288 326 288 327 287 327 289 327 286 328 287 328 285 328 289 329 290 329 291 329 287 330 290 330 289 330 290 331 292 331 291 331 291 332 293 332 294 332 294 333 293 333 295 333 292 334 293 334 291 334 295 335 296 335 297 335 293 336 296 336 295 336 296 337 298 337 297 337 299 338 300 338 301 338 302 339 300 339 299 339 301 340 303 340 304 340 300 341 303 341 301 341 304 342 305 342 306 342 303 343 305 343 304 343 306 344 307 344 308 344 305 345 307 345 306 345 308 346 309 346 310 346 307 347 309 347 308 347 310 348 311 348 312 348 309 349 311 349 310 349 312 350 313 350 314 350 311 351 313 351 312 351 314 352 315 352 316 352 313 353 315 353 314 353 316 354 317 354 318 354 315 355 317 355 316 355 318 356 319 356 320 356 317 357 319 357 318 357 320 358 321 358 322 358 319 359 321 359 320 359 322 360 323 360 324 360 321 361 323 361 322 361 324 362 325 362 326 362 323 363 325 363 324 363 326 364 327 364 328 364 325 365 327 365 326 365 328 366 329 366 330 366 327 367 329 367 328 367 330 368 331 368 332 368 329 369 331 369 330 369 332 370 333 370 334 370 331 371 333 371 332 371 334 372 335 372 336 372 333 373 335 373 334 373 335 374 337 374 336 374 336 375 337 375 338 375 338 376 339 376 340 376 337 377 339 377 338 377 340 378 341 378 342 378 339 379 341 379 340 379 342 380 343 380 344 380 341 381 343 381 342 381 343 382 345 382 344 382 344 383 345 383 346 383 345 384 347 384 346 384 346 385 347 385 348 385 347 386 349 386 348 386 348 387 349 387 350 387 349 388 351 388 350 388 350 389 351 389 352 389 351 390 353 390 352 390 352 391 353 391 354 391 353 392 355 392 354 392 354 393 355 393 356 393 355 394 357 394 356 394 356 395 357 395 358 395 357 396 359 396 358 396 360 397 359 397 361 397 358 398 359 398 360 398 359 399 362 399 361 399 362 400 363 400 361 400 361 401 363 401 364 401 363 402 365 402 364 402 366 403 365 403 367 403 364 404 365 404 366 404 365 405 368 405 367 405 368 406 369 406 367 406 370 407 369 407 371 407 367 408 369 408 370 408 369 409 372 409 371 409 372 410 373 410 371 410 374 411 373 411 375 411 371 412 373 412 374 412 373 413 376 413 375 413 375 414 376 414 377 414 376 415 378 415 377 415 377 416 378 416 379 416 379 417 380 417 381 417 378 418 380 418 379 418 381 419 382 419 383 419 380 420 382 420 381 420 382 421 384 421 383 421 383 422 385 422 386 422 384 423 385 423 383 423 386 424 387 424 388 424 385 425 387 425 386 425 387 426 389 426 388 426 390 427 389 427 391 427 388 428 389 428 390 428 389 429 392 429 391 429 391 430 392 430 393 430 392 431 394 431 393 431 393 432 394 432 395 432 394 433 396 433 395 433 396 434 397 434 395 434 395 435 397 435 398 435 397 436 399 436 398 436 400 437 399 437 401 437 398 438 399 438 400 438 399 439 402 439 401 439 402 440 403 440 401 440 404 441 403 441 405 441 401 442 403 442 404 442 403 443 406 443 405 443 406 444 407 444 405 444 408 445 407 445 409 445 405 446 407 446 408 446 407 447 410 447 409 447 410 448 411 448 409 448 412 449 411 449 413 449 409 450 411 450 412 450 411 451 414 451 413 451 414 452 415 452 413 452 416 453 415 453 417 453 413 454 415 454 416 454 415 455 418 455 417 455 417 456 418 456 419 456 418 457 420 457 419 457 421 458 422 458 423 458 423 459 422 459 424 459 422 460 425 460 424 460 424 461 425 461 426 461 425 462 427 462 426 462 426 463 427 463 428 463 427 464 429 464 428 464 428 465 429 465 430 465 429 466 431 466 430 466 430 467 431 467 432 467 431 468 433 468 432 468 432 469 433 469 434 469 433 470 435 470 434 470 434 471 435 471 436 471 435 472 437 472 436 472 436 473 437 473 438 473 437 474 439 474 438 474 438 475 439 475 440 475 439 476 441 476 440 476 440 477 441 477 442 477 441 478 443 478 442 478 442 479 443 479 444 479 444 480 445 480 446 480 443 481 445 481 444 481 446 482 447 482 448 482 445 483 447 483 446 483 448 484 449 484 450 484 447 485 449 485 448 485 450 486 451 486 452 486 449 487 451 487 450 487 452 488 453 488 454 488 451 489 453 489 452 489 454 490 455 490 456 490 453 491 455 491 454 491 456 492 457 492 458 492 455 493 457 493 456 493 458 494 459 494 460 494 457 495 459 495 458 495 459 496 461 496 460 496 460 497 461 497 462 497 461 498 463 498 462 498 462 499 463 499 464 499 463 500 465 500 464 500 464 501 465 501 466 501 465 502 467 502 466 502 466 503 467 503 468 503 468 504 467 504 469 504 467 505 470 505 469 505 470 506 471 506 469 506 469 507 471 507 472 507 472 508 471 508 473 508 471 509 474 509 473 509 473 510 474 510 475 510 474 511 476 511 475 511 476 512 477 512 475 512 475 513 477 513 478 513 478 514 477 514 479 514 477 515 480 515 479 515 479 516 480 516 481 516 480 517 482 517 481 517 481 518 482 518 483 518 482 519 484 519 483 519 483 520 484 520 485 520 484 521 486 521 485 521 485 522 486 522 487 522 486 523 488 523 487 523 488 524 489 524 487 524 487 525 489 525 490 525 489 526 491 526 490 526 490 527 491 527 492 527 492 528 491 528 493 528 491 529 494 529 493 529 493 530 494 530 495 530 494 531 496 531 495 531 495 532 496 532 497 532 497 533 498 533 499 533 496 534 498 534 497 534 499 535 500 535 501 535 498 536 500 536 499 536 501 537 502 537 503 537 500 538 502 538 501 538 503 539 504 539 505 539 502 540 504 540 503 540 505 541 506 541 507 541 504 542 506 542 505 542 507 543 508 543 509 543 506 544 508 544 507 544 508 545 510 545 509 545 510 546 511 546 509 546 509 547 511 547 512 547 512 548 511 548 513 548 513 549 514 549 515 549 511 550 514 550 513 550 515 551 516 551 517 551 514 552 516 552 515 552 517 553 518 553 519 553 516 554 518 554 517 554 519 555 520 555 521 555 518 556 520 556 519 556 521 557 522 557 523 557 520 558 522 558 521 558 523 559 524 559 525 559 522 560 524 560 523 560 525 561 526 561 527 561 524 562 526 562 525 562 527 563 528 563 529 563 526 564 528 564 527 564 528 565 530 565 529 565 529 566 531 566 532 566 532 567 531 567 533 567 530 568 531 568 529 568 533 569 534 569 535 569 531 570 534 570 533 570 534 571 536 571 535 571 535 572 537 572 538 572 538 573 537 573 539 573 536 574 537 574 535 574 539 575 540 575 541 575 537 576 540 576 539 576 540 577 542 577 541 577 543 578 544 578 545 578 546 579 544 579 543 579 545 580 547 580 548 580 544 581 547 581 545 581 548 582 549 582 550 582 547 583 549 583 548 583 550 584 551 584 552 584 549 585 551 585 550 585 552 586 553 586 554 586 551 587 553 587 552 587 554 588 555 588 556 588 553 589 555 589 554 589 556 590 557 590 558 590 555 591 557 591 556 591 558 592 559 592 560 592 557 593 559 593 558 593 560 594 561 594 562 594 559 595 561 595 560 595 562 596 563 596 564 596 561 597 563 597 562 597 564 598 565 598 566 598 563 599 565 599 564 599 566 600 567 600 568 600 565 601 567 601 566 601 568 602 569 602 570 602 567 603 569 603 568 603 570 604 571 604 572 604 569 605 571 605 570 605 572 606 573 606 574 606 571 607 573 607 572 607 574 608 575 608 576 608 573 609 575 609 574 609 576 610 577 610 578 610 575 611 577 611 576 611 578 612 579 612 580 612 577 613 579 613 578 613 579 614 581 614 580 614 580 615 581 615 582 615 582 616 583 616 584 616 581 617 583 617 582 617 584 618 585 618 586 618 583 619 585 619 584 619 586 620 587 620 588 620 585 621 587 621 586 621 587 622 589 622 588 622 588 623 589 623 590 623 589 624 591 624 590 624 590 625 591 625 592 625 591 626 593 626 592 626 592 627 593 627 594 627 593 628 595 628 594 628 594 629 595 629 596 629 595 630 597 630 596 630 596 631 597 631 598 631 597 632 599 632 598 632 598 633 599 633 600 633 599 634 601 634 600 634 600 635 601 635 602 635 601 636 603 636 602 636 604 637 603 637 605 637 602 638 603 638 604 638 603 639 606 639 605 639 606 640 607 640 605 640 605 641 607 641 608 641 607 642 609 642 608 642 610 643 609 643 611 643 608 644 609 644 610 644 609 645 612 645 611 645 612 646 613 646 611 646 614 647 613 647 615 647 611 648 613 648 614 648 613 649 616 649 615 649 616 650 617 650 615 650 618 651 617 651 619 651 615 652 617 652 618 652 617 653 620 653 619 653 619 654 620 654 621 654 620 655 622 655 621 655 621 656 622 656 623 656 623 657 624 657 625 657 622 658 624 658 623 658 625 659 626 659 627 659 624 660 626 660 625 660 626 661 628 661 627 661 627 662 629 662 630 662 628 663 629 663 627 663 630 664 631 664 632 664 629 665 631 665 630 665 631 666 633 666 632 666 634 667 633 667 635 667 632 668 633 668 634 668 633 669 636 669 635 669 635 670 636 670 637 670 636 671 638 671 637 671 637 672 638 672 639 672 638 673 640 673 639 673 640 674 641 674 639 674 639 675 641 675 642 675 641 676 643 676 642 676 644 677 643 677 645 677 642 678 643 678 644 678 643 679 646 679 645 679 646 680 647 680 645 680 648 681 647 681 649 681 645 682 647 682 648 682 647 683 650 683 649 683 650 684 651 684 649 684 652 685 651 685 653 685 649 686 651 686 652 686 651 687 654 687 653 687 654 688 655 688 653 688 656 689 655 689 657 689 653 690 655 690 656 690 655 691 658 691 657 691 658 692 659 692 657 692 660 693 659 693 661 693 657 694 659 694 660 694 659 695 662 695 661 695 661 696 662 696 663 696 662 697 664 697 663 697 665 698 666 698 667 698 667 699 668 699 669 699 666 700 668 700 667 700 669 701 670 701 671 701 668 702 670 702 669 702 671 703 672 703 673 703 670 704 672 704 671 704 673 705 674 705 675 705 672 706 674 706 673 706 675 707 676 707 677 707 674 708 676 708 675 708 677 709 678 709 679 709 676 710 678 710 677 710 679 711 680 711 681 711 678 712 680 712 679 712 681 713 682 713 683 713 680 714 682 714 681 714 682 715 684 715 683 715 683 716 684 716 685 716 684 717 686 717 685 717 685 718 686 718 687 718 686 719 688 719 687 719 687 720 688 720 689 720 688 721 690 721 689 721 689 722 690 722 691 722 690 723 692 723 691 723 691 724 692 724 693 724 692 725 694 725 693 725 693 726 694 726 695 726 694 727 696 727 695 727 695 728 696 728 697 728 696 729 698 729 697 729 697 730 698 730 699 730 698 731 700 731 699 731 699 732 700 732 701 732 700 733 702 733 701 733 701 734 702 734 703 734 703 735 704 735 705 735 702 736 704 736 703 736 704 737 706 737 705 737 705 738 706 738 707 738 706 739 708 739 707 739 707 740 708 740 709 740 709 741 710 741 711 741 708 742 710 742 709 742 711 743 712 743 713 743 710 744 712 744 711 744 713 745 714 745 715 745 712 746 714 746 713 746 715 747 716 747 717 747 714 748 716 748 715 748 716 749 718 749 717 749 719 750 720 750 721 750 717 751 720 751 719 751 718 752 720 752 717 752 720 753 722 753 721 753 723 754 724 754 725 754 721 755 724 755 723 755 722 756 724 756 721 756 724 757 726 757 725 757 725 758 727 758 728 758 726 759 727 759 725 759 728 760 729 760 730 760 727 761 729 761 728 761 731 762 732 762 733 762 731 763 734 763 732 763 735 764 736 764 737 764 736 765 738 765 737 765 739 766 740 766 741 766 741 767 742 767 739 767 740 768 743 768 741 768 741 769 744 769 742 769 743 770 745 770 741 770 741 771 746 771 744 771 745 772 747 772 741 772 741 773 748 773 746 773 747 774 749 774 741 774 741 775 750 775 748 775 749 776 751 776 741 776 741 777 752 777 750 777 751 778 753 778 741 778 737 779 754 779 741 779 741 780 754 780 752 780 753 781 755 781 741 781 737 782 756 782 754 782 755 783 757 783 741 783 737 784 758 784 756 784 757 785 759 785 741 785 737 786 760 786 758 786 759 787 761 787 741 787 737 788 762 788 760 788 761 789 763 789 741 789 737 790 764 790 762 790 763 791 765 791 741 791 737 792 766 792 764 792 765 793 767 793 741 793 737 794 768 794 766 794 767 795 769 795 741 795 737 796 770 796 768 796 769 797 771 797 741 797 737 798 772 798 770 798 738 799 772 799 737 799 738 800 773 800 772 800 738 801 774 801 773 801 738 802 775 802 774 802 738 803 776 803 775 803 738 804 777 804 776 804 738 805 778 805 777 805 738 806 779 806 778 806 738 807 780 807 779 807 738 808 781 808 780 808 738 809 782 809 781 809 783 810 784 810 738 810 738 811 784 811 782 811 783 812 785 812 784 812 783 813 786 813 785 813 783 814 787 814 786 814 783 815 788 815 787 815 783 816 789 816 788 816 783 817 790 817 789 817 783 818 791 818 790 818 783 819 792 819 791 819 783 820 793 820 792 820 783 821 794 821 793 821 783 822 795 822 794 822 783 823 796 823 795 823 783 824 797 824 796 824 783 825 798 825 797 825 783 826 799 826 798 826 783 827 800 827 799 827 783 828 801 828 800 828 771 829 170 829 741 829 104 830 802 830 109 830 109 831 802 831 111 831 111 832 802 832 117 832 117 833 802 833 118 833 118 834 802 834 124 834 124 835 802 835 125 835 125 836 802 836 130 836 130 837 802 837 132 837 132 838 802 838 138 838 138 839 802 839 139 839 139 840 802 840 145 840 145 841 802 841 146 841 146 842 802 842 151 842 151 843 802 843 153 843 153 844 802 844 158 844 158 845 802 845 160 845 160 846 802 846 167 846 167 847 802 847 168 847 168 848 802 848 172 848 172 849 802 849 173 849 173 850 802 850 175 850 175 851 802 851 176 851 170 852 802 852 741 852 176 853 802 853 170 853 74 854 803 854 80 854 80 855 803 855 82 855 82 856 803 856 83 856 83 857 803 857 89 857 89 858 803 858 90 858 90 859 803 859 95 859 95 860 803 860 97 860 97 861 803 861 102 861 102 862 803 862 104 862 104 863 803 863 802 863 803 864 804 864 733 864 805 865 804 865 806 865 806 866 804 866 807 866 807 867 804 867 808 867 808 868 804 868 809 868 809 869 804 869 810 869 810 870 804 870 811 870 811 871 804 871 812 871 812 872 804 872 813 872 813 873 804 873 814 873 814 874 804 874 815 874 815 875 804 875 74 875 74 876 804 876 803 876 816 877 817 877 818 877 818 878 817 878 819 878 819 879 817 879 820 879 820 880 817 880 821 880 821 881 817 881 822 881 822 882 817 882 823 882 823 883 817 883 824 883 824 884 817 884 825 884 825 885 817 885 826 885 826 886 817 886 827 886 827 887 817 887 828 887 828 888 817 888 829 888 829 889 817 889 830 889 830 890 817 890 831 890 831 891 817 891 832 891 832 892 817 892 833 892 833 893 817 893 834 893 834 894 817 894 805 894 805 895 817 895 804 895 804 896 731 896 733 896 783 897 817 897 835 897 783 898 835 898 836 898 783 899 836 899 837 899 783 900 837 900 838 900 783 901 838 901 801 901 835 902 817 902 839 902 839 903 817 903 840 903 840 904 817 904 816 904 841 905 842 905 741 905 841 906 741 906 802 906 843 907 844 907 845 907 846 908 847 908 848 908 846 909 844 909 843 909 846 910 843 910 847 910 817 911 844 911 846 911 817 912 783 912 844 912 849 913 845 913 850 913 845 914 736 914 850 914 845 915 738 915 736 915 737 916 851 916 735 916 737 917 852 917 851 917 853 918 854 918 855 918 855 919 854 919 856 919 856 920 857 920 858 920 854 921 857 921 856 921 858 922 859 922 860 922 857 923 859 923 858 923 860 924 861 924 862 924 859 925 861 925 860 925 862 926 863 926 864 926 861 927 863 927 862 927 864 928 865 928 866 928 863 929 865 929 864 929 866 930 867 930 868 930 865 931 867 931 866 931 867 932 869 932 868 932 868 933 869 933 870 933 869 934 871 934 870 934 870 935 871 935 872 935 871 936 873 936 872 936 872 937 873 937 874 937 873 938 875 938 874 938 874 939 875 939 876 939 875 940 877 940 876 940 876 941 877 941 878 941 877 942 879 942 878 942 878 943 879 943 880 943 879 944 881 944 880 944 880 945 881 945 882 945 881 946 883 946 882 946 882 947 883 947 884 947 883 948 885 948 884 948 884 949 885 949 886 949 885 950 887 950 886 950 886 951 887 951 888 951 887 952 889 952 888 952 888 953 889 953 890 953 890 954 891 954 892 954 889 955 891 955 890 955 892 956 893 956 894 956 891 957 893 957 892 957 893 958 895 958 894 958 894 959 895 959 896 959 896 960 897 960 898 960 895 961 897 961 896 961 897 962 899 962 898 962 898 963 899 963 900 963 900 964 901 964 902 964 899 965 901 965 900 965 902 966 903 966 904 966 901 967 903 967 902 967 904 968 905 968 906 968 903 969 905 969 904 969 907 970 908 970 909 970 906 971 908 971 907 971 905 972 908 972 906 972 908 973 910 973 909 973 909 974 911 974 912 974 910 975 911 975 909 975 912 976 913 976 914 976 911 977 913 977 912 977 914 978 915 978 916 978 913 979 915 979 914 979 916 980 666 980 665 980 915 981 666 981 916 981 917 982 853 982 855 982 917 983 163 983 853 983 918 984 919 984 920 984 921 985 919 985 918 985 920 986 922 986 923 986 919 987 922 987 920 987 923 988 924 988 925 988 922 989 924 989 923 989 925 990 926 990 927 990 924 991 926 991 925 991 927 992 928 992 929 992 926 993 928 993 927 993 929 994 930 994 931 994 928 995 930 995 929 995 931 996 932 996 933 996 930 997 932 997 931 997 933 998 934 998 935 998 932 999 934 999 933 999 935 1000 936 1000 937 1000 934 1001 936 1001 935 1001 937 1002 938 1002 939 1002 936 1003 938 1003 937 1003 939 1004 940 1004 941 1004 938 1005 940 1005 939 1005 941 1006 942 1006 943 1006 940 1007 942 1007 941 1007 943 1008 944 1008 945 1008 942 1009 944 1009 943 1009 945 1010 946 1010 947 1010 944 1011 946 1011 945 1011 947 1012 948 1012 949 1012 946 1013 948 1013 947 1013 949 1014 950 1014 951 1014 948 1015 950 1015 949 1015 951 1016 952 1016 953 1016 950 1017 952 1017 951 1017 953 1018 954 1018 955 1018 952 1019 954 1019 953 1019 954 1020 956 1020 955 1020 955 1021 956 1021 957 1021 957 1022 958 1022 959 1022 956 1023 958 1023 957 1023 958 1024 960 1024 959 1024 959 1025 960 1025 961 1025 960 1026 962 1026 961 1026 961 1027 962 1027 963 1027 963 1028 964 1028 965 1028 962 1029 964 1029 963 1029 965 1030 966 1030 967 1030 964 1031 966 1031 965 1031 967 1032 968 1032 969 1032 966 1033 968 1033 967 1033 969 1034 970 1034 971 1034 968 1035 970 1035 969 1035 971 1036 972 1036 973 1036 970 1037 972 1037 971 1037 973 1038 974 1038 975 1038 972 1039 974 1039 973 1039 974 1040 976 1040 975 1040 975 1041 976 1041 977 1041 976 1042 978 1042 977 1042 977 1043 978 1043 979 1043 978 1044 980 1044 979 1044 979 1045 980 1045 981 1045 980 1046 70 1046 981 1046 981 1047 70 1047 982 1047 70 1048 69 1048 982 1048 982 1049 69 1049 983 1049 69 1050 66 1050 983 1050 983 1051 66 1051 984 1051 66 1052 68 1052 984 1052 984 1053 68 1053 985 1053 68 1054 72 1054 985 1054 985 1055 72 1055 986 1055 72 1056 73 1056 986 1056 986 1057 73 1057 987 1057 73 1058 76 1058 987 1058 987 1059 76 1059 988 1059 76 1060 78 1060 988 1060 988 1061 78 1061 989 1061 989 1062 84 1062 990 1062 78 1063 84 1063 989 1063 84 1064 86 1064 990 1064 990 1065 86 1065 991 1065 991 1066 91 1066 992 1066 86 1067 91 1067 991 1067 91 1068 93 1068 992 1068 992 1069 93 1069 993 1069 93 1070 99 1070 993 1070 993 1071 99 1071 994 1071 99 1072 100 1072 994 1072 994 1073 100 1073 995 1073 100 1074 106 1074 995 1074 995 1075 106 1075 996 1075 106 1076 107 1076 996 1076 996 1077 107 1077 997 1077 107 1078 112 1078 997 1078 997 1079 112 1079 998 1079 112 1080 114 1080 998 1080 998 1081 114 1081 999 1081 114 1082 120 1082 999 1082 999 1083 120 1083 1000 1083 120 1084 121 1084 1000 1084 1000 1085 121 1085 1001 1085 121 1086 126 1086 1001 1086 1001 1087 126 1087 1002 1087 126 1088 128 1088 1002 1088 1002 1089 128 1089 1003 1089 128 1090 134 1090 1003 1090 1003 1091 134 1091 1004 1091 134 1092 135 1092 1004 1092 1004 1093 135 1093 1005 1093 135 1094 141 1094 1005 1094 1005 1095 141 1095 1006 1095 141 1096 142 1096 1006 1096 1006 1097 142 1097 1007 1097 142 1098 148 1098 1007 1098 1007 1099 148 1099 1008 1099 148 1100 149 1100 1008 1100 1008 1101 149 1101 1009 1101 1009 1102 155 1102 1010 1102 149 1103 155 1103 1009 1103 155 1104 156 1104 1010 1104 1010 1105 156 1105 1011 1105 1011 1106 164 1106 1012 1106 156 1107 164 1107 1011 1107 1012 1108 161 1108 917 1108 164 1109 161 1109 1012 1109 161 1110 163 1110 917 1110 921 1111 918 1111 730 1111 921 1112 730 1112 729 1112 1013 1113 1014 1113 1015 1113 1013 1114 1015 1114 1016 1114 663 1115 664 1115 1017 1115 1017 1116 1018 1116 1019 1116 664 1117 1018 1117 1017 1117 1019 1118 1020 1118 1021 1118 1018 1119 1020 1119 1019 1119 1021 1120 1022 1120 1023 1120 1020 1121 1022 1121 1021 1121 1023 1122 1024 1122 1025 1122 1022 1123 1024 1123 1023 1123 1025 1124 1026 1124 1027 1124 1024 1125 1026 1125 1025 1125 1027 1126 1028 1126 1029 1126 1026 1127 1028 1127 1027 1127 1029 1128 1030 1128 1031 1128 1028 1129 1030 1129 1029 1129 1031 1130 1032 1130 1033 1130 1030 1131 1032 1131 1031 1131 1033 1132 1034 1132 1035 1132 1032 1133 1034 1133 1033 1133 1035 1134 1036 1134 1037 1134 1034 1135 1036 1135 1035 1135 1037 1136 1038 1136 1039 1136 1036 1137 1038 1137 1037 1137 1039 1138 1040 1138 1041 1138 1038 1139 1040 1139 1039 1139 1041 1140 1042 1140 1043 1140 1040 1141 1042 1141 1041 1141 1043 1142 1044 1142 1045 1142 1042 1143 1044 1143 1043 1143 1045 1144 1046 1144 1047 1144 1044 1145 1046 1145 1045 1145 1047 1146 1048 1146 1049 1146 1046 1147 1048 1147 1047 1147 1049 1148 1050 1148 1051 1148 1048 1149 1050 1149 1049 1149 1051 1150 1052 1150 1053 1150 1050 1151 1052 1151 1051 1151 1053 1152 1054 1152 1055 1152 1052 1153 1054 1153 1053 1153 1055 1154 1056 1154 1057 1154 1054 1155 1056 1155 1055 1155 1056 1156 1058 1156 1057 1156 1057 1157 1058 1157 1059 1157 1058 1158 1060 1158 1059 1158 1059 1159 1060 1159 1061 1159 1060 1160 1062 1160 1061 1160 1061 1161 1062 1161 1063 1161 1062 1162 1064 1162 1063 1162 1063 1163 1064 1163 1065 1163 1064 1164 1066 1164 1065 1164 1065 1165 1066 1165 1067 1165 1066 1166 1068 1166 1067 1166 1067 1167 1068 1167 1069 1167 1068 1168 1070 1168 1069 1168 1069 1169 1070 1169 1071 1169 1070 1170 1072 1170 1071 1170 1071 1171 1072 1171 1073 1171 1072 1172 1074 1172 1073 1172 1073 1173 1074 1173 1075 1173 1074 1174 1076 1174 1075 1174 1075 1175 1076 1175 1077 1175 1076 1176 1078 1176 1077 1176 1077 1177 1078 1177 1079 1177 1078 1178 1080 1178 1079 1178 1079 1179 1080 1179 1081 1179 1080 1180 1082 1180 1081 1180 1082 1181 1083 1181 1081 1181 1084 1182 1083 1182 1085 1182 1081 1183 1083 1183 1084 1183 1083 1184 1086 1184 1085 1184 1085 1185 1086 1185 1087 1185 1086 1186 1088 1186 1087 1186 1088 1187 1089 1187 1087 1187 1090 1188 1089 1188 1091 1188 1087 1189 1089 1189 1090 1189 1089 1190 1092 1190 1091 1190 1092 1191 1093 1191 1091 1191 1091 1192 1093 1192 1094 1192 1094 1193 1095 1193 1096 1193 1093 1194 1095 1194 1094 1194 1097 1195 1098 1195 1099 1195 1096 1196 1098 1196 1097 1196 1095 1197 1098 1197 1096 1197 1099 1198 1100 1198 1101 1198 1098 1199 1100 1199 1099 1199 1101 1200 1102 1200 1103 1200 1100 1201 1102 1201 1101 1201 1102 1202 1104 1202 1103 1202 1103 1203 1104 1203 1105 1203 1104 1204 1106 1204 1105 1204 1106 1205 1107 1205 1105 1205 1105 1206 1107 1206 1108 1206 1107 1207 1109 1207 1108 1207 1110 1208 1109 1208 1111 1208 1108 1209 1109 1209 1110 1209 1109 1210 1112 1210 1111 1210 1112 1211 1113 1211 1111 1211 1111 1212 1113 1212 1114 1212 1113 1213 1115 1213 1114 1213 1116 1214 1115 1214 1117 1214 1114 1215 1115 1215 1116 1215 1115 1216 1118 1216 1117 1216 1118 1217 1119 1217 1117 1217 1120 1218 1119 1218 1121 1218 1117 1219 1119 1219 1120 1219 1119 1220 1122 1220 1121 1220 1122 1221 1123 1221 1121 1221 1121 1222 1123 1222 1124 1222 1123 1223 1125 1223 1124 1223 1126 1224 1125 1224 1127 1224 1124 1225 1125 1225 1126 1225 1125 1226 1128 1226 1127 1226 1128 1227 1129 1227 1127 1227 1127 1228 1129 1228 1130 1228 1129 1229 1131 1229 1130 1229 1132 1230 1131 1230 1133 1230 1130 1231 1131 1231 1132 1231 1131 1232 1134 1232 1133 1232 1133 1233 1134 1233 543 1233 1134 1234 546 1234 543 1234 542 1235 1135 1235 541 1235 541 1236 1135 1236 1136 1236 1135 1237 1137 1237 1136 1237 1136 1238 1137 1238 1138 1238 1137 1239 1139 1239 1138 1239 1138 1240 1139 1240 1140 1240 1139 1241 1141 1241 1140 1241 1140 1242 1141 1242 1142 1242 1141 1243 1143 1243 1142 1243 1142 1244 1143 1244 1144 1244 1143 1245 1145 1245 1144 1245 1144 1246 1145 1246 1146 1246 1145 1247 1147 1247 1146 1247 1146 1248 1147 1248 1148 1248 1147 1249 1149 1249 1148 1249 1148 1250 1149 1250 1150 1250 1149 1251 1151 1251 1150 1251 1150 1252 1151 1252 1152 1252 1151 1253 1153 1253 1152 1253 1152 1254 1153 1254 1154 1254 1153 1255 1155 1255 1154 1255 1154 1256 1155 1256 1156 1256 1156 1257 1157 1257 1158 1257 1155 1258 1157 1258 1156 1258 1158 1259 1159 1259 1160 1259 1157 1260 1159 1260 1158 1260 1160 1261 1161 1261 1162 1261 1159 1262 1161 1262 1160 1262 1162 1263 1163 1263 1164 1263 1161 1264 1163 1264 1162 1264 1164 1265 1165 1265 1166 1265 1163 1266 1165 1266 1164 1266 1166 1267 1167 1267 1168 1267 1165 1268 1167 1268 1166 1268 1168 1269 1169 1269 1170 1269 1167 1270 1169 1270 1168 1270 1170 1271 1171 1271 1172 1271 1169 1272 1171 1272 1170 1272 1171 1273 1173 1273 1172 1273 1172 1274 1173 1274 1174 1274 1173 1275 1175 1275 1174 1275 1174 1276 1175 1276 1176 1276 1175 1277 1177 1277 1176 1277 1176 1278 1177 1278 1178 1278 1177 1279 1179 1279 1178 1279 1178 1280 1179 1280 1180 1280 1179 1281 1181 1281 1180 1281 1180 1282 1181 1282 1182 1282 1181 1283 1183 1283 1182 1283 1182 1284 1183 1284 1184 1284 1183 1285 1185 1285 1184 1285 1184 1286 1185 1286 1186 1286 1185 1287 1187 1287 1186 1287 1186 1288 1187 1288 1188 1288 1187 1289 1189 1289 1188 1289 1188 1290 1189 1290 1190 1290 1189 1291 1191 1291 1190 1291 1190 1292 1191 1292 1192 1292 1191 1293 1193 1293 1192 1293 1192 1294 1193 1294 1194 1294 1193 1295 1195 1295 1194 1295 1194 1296 1195 1296 1196 1296 1195 1297 1197 1297 1196 1297 1196 1298 1197 1298 1198 1298 1197 1299 1199 1299 1198 1299 1198 1300 1199 1300 1200 1300 1199 1301 1201 1301 1200 1301 1200 1302 1201 1302 1202 1302 1201 1303 1203 1303 1202 1303 1202 1304 1203 1304 1204 1304 1203 1305 1205 1305 1204 1305 1204 1306 1205 1306 1206 1306 1205 1307 1207 1307 1206 1307 1206 1308 1207 1308 1208 1308 1207 1309 1209 1309 1208 1309 1208 1310 1209 1310 1210 1310 1209 1311 1211 1311 1210 1311 1210 1312 1211 1312 1212 1312 1212 1313 1213 1313 1214 1313 1211 1314 1213 1314 1212 1314 1214 1315 1215 1315 1216 1315 1213 1316 1215 1316 1214 1316 1216 1317 1217 1317 1218 1317 1215 1318 1217 1318 1216 1318 1218 1319 1219 1319 1220 1319 1217 1320 1219 1320 1218 1320 1220 1321 1221 1321 1222 1321 1219 1322 1221 1322 1220 1322 1222 1323 1223 1323 1224 1323 1221 1324 1223 1324 1222 1324 1223 1325 1225 1325 1224 1325 1224 1326 1225 1326 1226 1326 1226 1327 1227 1327 1228 1327 1225 1328 1227 1328 1226 1328 1228 1329 1229 1329 1230 1329 1227 1330 1229 1330 1228 1330 1230 1331 1231 1331 1232 1331 1229 1332 1231 1332 1230 1332 1232 1333 1233 1333 1234 1333 1231 1334 1233 1334 1232 1334 1234 1335 1235 1335 1236 1335 1233 1336 1235 1336 1234 1336 1236 1337 1237 1337 1238 1337 1235 1338 1237 1338 1236 1338 1238 1339 1239 1339 1240 1339 1237 1340 1239 1340 1238 1340 1240 1341 1241 1341 1242 1341 1239 1342 1241 1342 1240 1342 1242 1343 1243 1343 1244 1343 1241 1344 1243 1344 1242 1344 1244 1345 1245 1345 1246 1345 1243 1346 1245 1346 1244 1346 1246 1347 1247 1347 1248 1347 1245 1348 1247 1348 1246 1348 1248 1349 1249 1349 1250 1349 1247 1350 1249 1350 1248 1350 1250 1351 1251 1351 1252 1351 1249 1352 1251 1352 1250 1352 1252 1353 421 1353 423 1353 1251 1354 421 1354 1252 1354 419 1355 420 1355 1253 1355 1253 1356 1254 1356 1255 1356 420 1357 1254 1357 1253 1357 1255 1358 1256 1358 1257 1358 1254 1359 1256 1359 1255 1359 1257 1360 1258 1360 1259 1360 1256 1361 1258 1361 1257 1361 1259 1362 1260 1362 1261 1362 1258 1363 1260 1363 1259 1363 1261 1364 1262 1364 1263 1364 1260 1365 1262 1365 1261 1365 1263 1366 1264 1366 1265 1366 1262 1367 1264 1367 1263 1367 1265 1368 1266 1368 1267 1368 1264 1369 1266 1369 1265 1369 1267 1370 1268 1370 1269 1370 1266 1371 1268 1371 1267 1371 1269 1372 1270 1372 1271 1372 1268 1373 1270 1373 1269 1373 1271 1374 1272 1374 1273 1374 1270 1375 1272 1375 1271 1375 1273 1376 1274 1376 1275 1376 1272 1377 1274 1377 1273 1377 1275 1378 1276 1378 1277 1378 1274 1379 1276 1379 1275 1379 1277 1380 1278 1380 1279 1380 1276 1381 1278 1381 1277 1381 1279 1382 1280 1382 1281 1382 1278 1383 1280 1383 1279 1383 1281 1384 1282 1384 1283 1384 1280 1385 1282 1385 1281 1385 1283 1386 1284 1386 1285 1386 1282 1387 1284 1387 1283 1387 1285 1388 1286 1388 1287 1388 1284 1389 1286 1389 1285 1389 1287 1390 1288 1390 1289 1390 1286 1391 1288 1391 1287 1391 1289 1392 1290 1392 1291 1392 1288 1393 1290 1393 1289 1393 1291 1394 1292 1394 1293 1394 1290 1395 1292 1395 1291 1395 1292 1396 1294 1396 1293 1396 1293 1397 1294 1397 1295 1397 1294 1398 1296 1398 1295 1398 1295 1399 1296 1399 1297 1399 1296 1400 1298 1400 1297 1400 1297 1401 1298 1401 1299 1401 1298 1402 1300 1402 1299 1402 1299 1403 1300 1403 1301 1403 1300 1404 1302 1404 1301 1404 1301 1405 1302 1405 1303 1405 1302 1406 1304 1406 1303 1406 1303 1407 1304 1407 1305 1407 1304 1408 1306 1408 1305 1408 1305 1409 1306 1409 1307 1409 1306 1410 1308 1410 1307 1410 1307 1411 1308 1411 1309 1411 1308 1412 1310 1412 1309 1412 1309 1413 1310 1413 1311 1413 1310 1414 1312 1414 1311 1414 1311 1415 1312 1415 1313 1415 1312 1416 1314 1416 1313 1416 1313 1417 1314 1417 1315 1417 1314 1418 1316 1418 1315 1418 1315 1419 1316 1419 1317 1419 1316 1420 1318 1420 1317 1420 1318 1421 1319 1421 1317 1421 1320 1422 1319 1422 1321 1422 1317 1423 1319 1423 1320 1423 1319 1424 1322 1424 1321 1424 1321 1425 1322 1425 1323 1425 1322 1426 1324 1426 1323 1426 1324 1427 1325 1427 1323 1427 1326 1428 1325 1428 1327 1428 1323 1429 1325 1429 1326 1429 1325 1430 1328 1430 1327 1430 1328 1431 1329 1431 1327 1431 1327 1432 1329 1432 1330 1432 1330 1433 1331 1433 1332 1433 1329 1434 1331 1434 1330 1434 1333 1435 1334 1435 1335 1435 1332 1436 1334 1436 1333 1436 1331 1437 1334 1437 1332 1437 1335 1438 1336 1438 1337 1438 1334 1439 1336 1439 1335 1439 1337 1440 1338 1440 1339 1440 1336 1441 1338 1441 1337 1441 1338 1442 1340 1442 1339 1442 1339 1443 1340 1443 1341 1443 1340 1444 1342 1444 1341 1444 1342 1445 1343 1445 1341 1445 1341 1446 1343 1446 1344 1446 1343 1447 1345 1447 1344 1447 1346 1448 1345 1448 1347 1448 1344 1449 1345 1449 1346 1449 1345 1450 1348 1450 1347 1450 1348 1451 1349 1451 1347 1451 1347 1452 1349 1452 1350 1452 1349 1453 1351 1453 1350 1453 1352 1454 1351 1454 1353 1454 1350 1455 1351 1455 1352 1455 1351 1456 1354 1456 1353 1456 1354 1457 1355 1457 1353 1457 1356 1458 1355 1458 1357 1458 1353 1459 1355 1459 1356 1459 1355 1460 1358 1460 1357 1460 1358 1461 1359 1461 1357 1461 1357 1462 1359 1462 1360 1462 1359 1463 1361 1463 1360 1463 1362 1464 1361 1464 1363 1464 1360 1465 1361 1465 1362 1465 1361 1466 1364 1466 1363 1466 1364 1467 1365 1467 1363 1467 1363 1468 1365 1468 1366 1468 1365 1469 1367 1469 1366 1469 1368 1470 1367 1470 1369 1470 1366 1471 1367 1471 1368 1471 1367 1472 1370 1472 1369 1472 1369 1473 1370 1473 299 1473 1370 1474 302 1474 299 1474 298 1475 1371 1475 297 1475 297 1476 1371 1476 1372 1476 1371 1477 1373 1477 1372 1477 1372 1478 1373 1478 1374 1478 1373 1479 1375 1479 1374 1479 1374 1480 1375 1480 1376 1480 1375 1481 1377 1481 1376 1481 1376 1482 1377 1482 1378 1482 1377 1483 1379 1483 1378 1483 1378 1484 1379 1484 1380 1484 1379 1485 1381 1485 1380 1485 1380 1486 1381 1486 1382 1486 1381 1487 1383 1487 1382 1487 1382 1488 1383 1488 1384 1488 1383 1489 1385 1489 1384 1489 1384 1490 1385 1490 1386 1490 1385 1491 1387 1491 1386 1491 1386 1492 1387 1492 1388 1492 1387 1493 1389 1493 1388 1493 1388 1494 1389 1494 1390 1494 1389 1495 1391 1495 1390 1495 1390 1496 1391 1496 1392 1496 1392 1497 1393 1497 1394 1497 1391 1498 1393 1498 1392 1498 1394 1499 1395 1499 1396 1499 1393 1500 1395 1500 1394 1500 1396 1501 1397 1501 1398 1501 1395 1502 1397 1502 1396 1502 1398 1503 1399 1503 1400 1503 1397 1504 1399 1504 1398 1504 1400 1505 1401 1505 1402 1505 1399 1506 1401 1506 1400 1506 1402 1507 1403 1507 1404 1507 1401 1508 1403 1508 1402 1508 1404 1509 1405 1509 1406 1509 1403 1510 1405 1510 1404 1510 1406 1511 1407 1511 1408 1511 1405 1512 1407 1512 1406 1512 1407 1513 1409 1513 1408 1513 1408 1514 1409 1514 1410 1514 1409 1515 1411 1515 1410 1515 1410 1516 1411 1516 1412 1516 1411 1517 1413 1517 1412 1517 1412 1518 1413 1518 1414 1518 1413 1519 1415 1519 1414 1519 1414 1520 1415 1520 1416 1520 1415 1521 1417 1521 1416 1521 1416 1522 1417 1522 1418 1522 1417 1523 1419 1523 1418 1523 1418 1524 1419 1524 1420 1524 1419 1525 1421 1525 1420 1525 1420 1526 1421 1526 1422 1526 1421 1527 1423 1527 1422 1527 1422 1528 1423 1528 1424 1528 1423 1529 1425 1529 1424 1529 1424 1530 1425 1530 1426 1530 1425 1531 1427 1531 1426 1531 1426 1532 1427 1532 1428 1532 1427 1533 1429 1533 1428 1533 1428 1534 1429 1534 1430 1534 1429 1535 1431 1535 1430 1535 1430 1536 1431 1536 1432 1536 1431 1537 1433 1537 1432 1537 1432 1538 1433 1538 1434 1538 1433 1539 1435 1539 1434 1539 1434 1540 1435 1540 1436 1540 1435 1541 1437 1541 1436 1541 1436 1542 1437 1542 1438 1542 1437 1543 1439 1543 1438 1543 1438 1544 1439 1544 1440 1544 1439 1545 1441 1545 1440 1545 1440 1546 1441 1546 1442 1546 1441 1547 1443 1547 1442 1547 1442 1548 1443 1548 1444 1548 1443 1549 1445 1549 1444 1549 1444 1550 1445 1550 1446 1550 1445 1551 1447 1551 1446 1551 1446 1552 1447 1552 1448 1552 1448 1553 1449 1553 1450 1553 1447 1554 1449 1554 1448 1554 1450 1555 1451 1555 1452 1555 1449 1556 1451 1556 1450 1556 1452 1557 1453 1557 1454 1557 1451 1558 1453 1558 1452 1558 1454 1559 1455 1559 1456 1559 1453 1560 1455 1560 1454 1560 1456 1561 1457 1561 1458 1561 1455 1562 1457 1562 1456 1562 1458 1563 1459 1563 1460 1563 1457 1564 1459 1564 1458 1564 1459 1565 1461 1565 1460 1565 1460 1566 1461 1566 1462 1566 1462 1567 1463 1567 1464 1567 1461 1568 1463 1568 1462 1568 1464 1569 1465 1569 1466 1569 1463 1570 1465 1570 1464 1570 1466 1571 1467 1571 1468 1571 1465 1572 1467 1572 1466 1572 1468 1573 1469 1573 1470 1573 1467 1574 1469 1574 1468 1574 1470 1575 1471 1575 1472 1575 1469 1576 1471 1576 1470 1576 1472 1577 1473 1577 1474 1577 1471 1578 1473 1578 1472 1578 1474 1579 1475 1579 1476 1579 1473 1580 1475 1580 1474 1580 1476 1581 1477 1581 1478 1581 1475 1582 1477 1582 1476 1582 1478 1583 1479 1583 1480 1583 1477 1584 1479 1584 1478 1584 1480 1585 1481 1585 1482 1585 1479 1586 1481 1586 1480 1586 1482 1587 1483 1587 1484 1587 1481 1588 1483 1588 1482 1588 1484 1589 1485 1589 1486 1589 1483 1590 1485 1590 1484 1590 1486 1591 1487 1591 1488 1591 1485 1592 1487 1592 1486 1592 1488 1593 177 1593 179 1593 1487 1594 177 1594 1488 1594 1489 1595 1490 1595 1491 1595 1492 1596 1490 1596 1489 1596 1493 1597 1494 1597 1495 1597 1496 1598 1495 1598 1494 1598 1497 1599 1493 1599 1495 1599 1498 1600 1495 1600 1496 1600 1499 1601 1497 1601 1495 1601 1500 1602 1495 1602 1498 1602 1501 1603 1499 1603 1495 1603 1502 1604 1495 1604 1500 1604 1503 1605 1501 1605 1495 1605 1504 1606 1495 1606 1502 1606 1505 1607 1503 1607 1495 1607 1506 1608 1495 1608 1504 1608 1507 1609 1505 1609 1495 1609 1508 1610 1495 1610 1506 1610 1509 1611 1507 1611 1495 1611 1510 1612 1495 1612 1508 1612 1511 1613 1509 1613 1495 1613 1512 1614 1495 1614 1510 1614 1513 1615 1511 1615 1495 1615 1514 1616 1495 1616 1512 1616 1515 1617 1513 1617 1495 1617 1516 1618 1495 1618 1514 1618 1517 1619 1515 1619 1495 1619 1518 1620 1495 1620 1516 1620 1519 1621 1517 1621 1495 1621 1520 1622 1495 1622 1518 1622 1521 1623 1519 1623 1495 1623 1522 1624 1495 1624 1520 1624 1523 1625 1521 1625 1495 1625 1524 1626 1525 1626 1495 1626 1524 1627 1495 1627 1522 1627 1526 1628 1523 1628 1495 1628 1527 1629 1525 1629 1524 1629 1528 1630 1525 1630 1527 1630 1529 1631 1525 1631 1528 1631 1530 1632 1525 1632 1529 1632 1531 1633 1525 1633 1530 1633 1532 1634 1525 1634 1531 1634 1533 1635 1525 1635 1532 1635 1534 1636 1525 1636 1533 1636 1535 1637 1525 1637 1534 1637 1536 1638 1525 1638 1535 1638 1537 1639 1525 1639 1536 1639 1538 1640 1525 1640 1537 1640 1539 1641 1525 1641 1538 1641 1540 1642 1525 1642 1539 1642 1541 1643 1525 1643 1540 1643 1542 1644 1525 1644 1541 1644 1543 1645 1525 1645 1542 1645 1544 1646 1525 1646 1543 1646 1545 1647 1525 1647 1544 1647 1546 1648 1525 1648 1545 1648 1547 1649 1525 1649 1546 1649 1548 1650 1525 1650 1547 1650 1549 1651 1525 1651 1548 1651 1550 1652 1525 1652 1549 1652 1551 1653 1525 1653 1550 1653 1552 1654 1525 1654 1551 1654 1553 1655 1525 1655 1552 1655 1554 1656 1525 1656 1553 1656 1555 1657 1525 1657 1554 1657 1556 1658 1557 1658 1558 1658 1556 1659 1559 1659 1557 1659 1556 1660 1560 1660 1559 1660 1556 1661 1561 1661 1560 1661 1556 1662 1562 1662 1561 1662 1556 1663 1563 1663 1562 1663 1556 1664 1564 1664 1563 1664 1556 1665 1565 1665 1564 1665 1556 1666 1566 1666 1565 1666 1556 1667 1567 1667 1566 1667 1556 1668 1568 1668 1567 1668 1556 1669 1569 1669 1568 1669 1556 1670 1570 1670 1569 1670 1556 1671 1571 1671 1570 1671 1556 1672 1572 1672 1571 1672 1556 1673 1573 1673 1572 1673 1556 1674 1574 1674 1573 1674 1556 1675 1575 1675 1574 1675 1556 1676 1576 1676 1575 1676 1556 1677 1577 1677 1576 1677 1556 1678 1578 1678 1577 1678 1556 1679 1579 1679 1578 1679 1556 1680 1580 1680 1579 1680 1556 1681 1581 1681 1580 1681 1556 1682 1582 1682 1581 1682 1556 1683 1583 1683 1582 1683 1556 1684 1584 1684 1583 1684 1556 1685 1585 1685 1584 1685 1556 1686 1586 1686 1585 1686 1556 1687 1587 1687 1586 1687 1556 1688 1588 1688 1587 1688 1556 1689 0 1689 1588 1689 1556 1690 1558 1690 1526 1690 1556 1691 1526 1691 1495 1691 1589 1692 1 1692 0 1692 1589 1693 4 1693 1 1693 1589 1694 6 1694 4 1694 1589 1695 8 1695 6 1695 1589 1696 10 1696 8 1696 1589 1697 12 1697 10 1697 1589 1698 15 1698 12 1698 1589 1699 16 1699 15 1699 1589 1700 18 1700 16 1700 1589 1701 20 1701 18 1701 1589 1702 22 1702 20 1702 1589 1703 24 1703 22 1703 1589 1704 26 1704 24 1704 1589 1705 28 1705 26 1705 1589 1706 30 1706 28 1706 1589 1707 32 1707 30 1707 1589 1708 34 1708 32 1708 1589 1709 36 1709 34 1709 1589 1710 38 1710 36 1710 1589 1711 40 1711 38 1711 1589 1712 42 1712 40 1712 1589 1713 44 1713 42 1713 1589 1714 46 1714 44 1714 1589 1715 48 1715 46 1715 1589 1716 51 1716 48 1716 1589 1717 52 1717 51 1717 1589 1718 54 1718 52 1718 1589 1719 57 1719 54 1719 1589 1720 58 1720 57 1720 1589 1721 0 1721 1556 1721 1589 1722 1525 1722 1590 1722 1590 1723 1525 1723 1591 1723 1591 1724 1525 1724 1592 1724 1592 1725 1525 1725 1555 1725 1589 1726 1590 1726 64 1726 1589 1727 64 1727 63 1727 1589 1728 63 1728 60 1728 1589 1729 60 1729 58 1729 1593 1730 1594 1730 1595 1730 1595 1731 1596 1731 1597 1731 1594 1732 1598 1732 1595 1732 1595 1733 1598 1733 1596 1733 1599 1734 1600 1734 1601 1734 1601 1735 1600 1735 1602 1735 1600 1736 1603 1736 1604 1736 1599 1737 1603 1737 1600 1737 1605 1738 1606 1738 1607 1738 1608 1739 1606 1739 1605 1739 1609 1740 1610 1740 1611 1740 1612 1741 1613 1741 1609 1741 1609 1742 1613 1742 1610 1742 1611 1743 1614 1743 1615 1743 1610 1744 1614 1744 1611 1744 1616 1745 1617 1745 1612 1745 1612 1746 1617 1746 1613 1746 1615 1747 1618 1747 1619 1747 1614 1748 1618 1748 1615 1748 1620 1749 1621 1749 1616 1749 1616 1750 1621 1750 1617 1750 1619 1751 1622 1751 1623 1751 1618 1752 1622 1752 1619 1752 1624 1753 1625 1753 1620 1753 1620 1754 1625 1754 1621 1754 1623 1755 1626 1755 1627 1755 1622 1756 1626 1756 1623 1756 1628 1757 1629 1757 1624 1757 1624 1758 1629 1758 1625 1758 1627 1759 1630 1759 1631 1759 1626 1760 1630 1760 1627 1760 1632 1761 1633 1761 1628 1761 1628 1762 1633 1762 1629 1762 1631 1763 1634 1763 1635 1763 1630 1764 1634 1764 1631 1764 1636 1765 1637 1765 1632 1765 1632 1766 1637 1766 1633 1766 1635 1767 1638 1767 1639 1767 1634 1768 1638 1768 1635 1768 1640 1769 1641 1769 1636 1769 1636 1770 1641 1770 1637 1770 1639 1771 1642 1771 1643 1771 1638 1772 1642 1772 1639 1772 1644 1773 1645 1773 1640 1773 1640 1774 1645 1774 1641 1774 1642 1775 1646 1775 1643 1775 1646 1776 1647 1776 1643 1776 1648 1777 1649 1777 1644 1777 1644 1778 1649 1778 1645 1778 1646 1779 1650 1779 1647 1779 1650 1780 1651 1780 1647 1780 1648 1781 1652 1781 1649 1781 1653 1782 1652 1782 1648 1782 1650 1783 1654 1783 1651 1783 1654 1784 1655 1784 1651 1784 1653 1785 1656 1785 1652 1785 1657 1786 1656 1786 1653 1786 1654 1787 1658 1787 1655 1787 1658 1788 1659 1788 1655 1788 1657 1789 1660 1789 1656 1789 1661 1790 1660 1790 1657 1790 1658 1791 1662 1791 1659 1791 1662 1792 1663 1792 1659 1792 1664 1793 1665 1793 1661 1793 1661 1794 1665 1794 1660 1794 1662 1795 1666 1795 1663 1795 1666 1796 1667 1796 1663 1796 1668 1797 1669 1797 1664 1797 1664 1798 1669 1798 1665 1798 1666 1799 1670 1799 1667 1799 1670 1800 1597 1800 1667 1800 1671 1801 1491 1801 1668 1801 1668 1802 1491 1802 1669 1802 1670 1803 1595 1803 1597 1803 1671 1804 1672 1804 1491 1804 1672 1805 1489 1805 1491 1805 1672 1806 1673 1806 1489 1806 1673 1807 1674 1807 1489 1807 1673 1808 1675 1808 1674 1808 1675 1809 1676 1809 1674 1809 1675 1810 1677 1810 1676 1810 1677 1811 1678 1811 1676 1811 1677 1812 1679 1812 1678 1812 1679 1813 1680 1813 1678 1813 1679 1814 1681 1814 1680 1814 1681 1815 1682 1815 1680 1815 1681 1816 1683 1816 1682 1816 1683 1817 1684 1817 1682 1817 1683 1818 1685 1818 1684 1818 1685 1819 1686 1819 1684 1819 1685 1820 1687 1820 1686 1820 1687 1821 1688 1821 1686 1821 1687 1822 1689 1822 1688 1822 1689 1823 1690 1823 1688 1823 1689 1824 1691 1824 1690 1824 1691 1825 1692 1825 1690 1825 1691 1826 1693 1826 1692 1826 1693 1827 1694 1827 1692 1827 1693 1828 1695 1828 1694 1828 1695 1829 1696 1829 1694 1829 1695 1830 1697 1830 1696 1830 1697 1831 1698 1831 1696 1831 1697 1832 1699 1832 1698 1832 1699 1833 1700 1833 1698 1833 1699 1834 1701 1834 1700 1834 1701 1835 1702 1835 1700 1835 1701 1836 1703 1836 1702 1836 1703 1837 1704 1837 1702 1837 1703 1838 1705 1838 1704 1838 1705 1839 1706 1839 1704 1839 1705 1840 1707 1840 1706 1840 1707 1841 1708 1841 1706 1841 1707 1842 1709 1842 1708 1842 1709 1843 1710 1843 1708 1843 1709 1844 1711 1844 1710 1844 1711 1845 1712 1845 1710 1845 1711 1846 1713 1846 1712 1846 1713 1847 1714 1847 1712 1847 1713 1848 1715 1848 1714 1848 1715 1849 1716 1849 1714 1849 1715 1850 1717 1850 1716 1850 1717 1851 1718 1851 1716 1851 1717 1852 1719 1852 1718 1852 1719 1853 1720 1853 1718 1853 1719 1854 1721 1854 1720 1854 1721 1855 1722 1855 1720 1855 1721 1856 1723 1856 1722 1856 1723 1857 1724 1857 1722 1857 1723 1858 1725 1858 1724 1858 1725 1859 1726 1859 1724 1859 1725 1860 1727 1860 1726 1860 1727 1861 1728 1861 1726 1861 1727 1862 1729 1862 1728 1862 1729 1863 1730 1863 1728 1863 1729 1864 1731 1864 1730 1864 1731 1865 1732 1865 1730 1865 1731 1866 1733 1866 1732 1866 1733 1867 1734 1867 1732 1867 1733 1868 1602 1868 1734 1868 1602 1869 1600 1869 1734 1869 1735 1870 1736 1870 1671 1870 1736 1871 1672 1871 1671 1871 1737 1872 453 1872 1735 1872 1735 1873 453 1873 451 1873 451 1874 449 1874 1735 1874 1738 1875 455 1875 1737 1875 1739 1876 455 1876 1738 1876 1737 1877 455 1877 453 1877 449 1878 447 1878 1735 1878 1740 1879 457 1879 1739 1879 1741 1880 457 1880 1740 1880 1739 1881 457 1881 455 1881 447 1882 445 1882 1735 1882 445 1883 443 1883 1735 1883 1742 1884 459 1884 1741 1884 1743 1885 459 1885 1742 1885 1741 1886 459 1886 457 1886 1744 1887 461 1887 1743 1887 1745 1888 461 1888 1744 1888 1743 1889 461 1889 459 1889 443 1890 441 1890 1735 1890 1746 1891 463 1891 1745 1891 1747 1892 463 1892 1746 1892 1745 1893 463 1893 461 1893 441 1894 439 1894 1735 1894 439 1895 437 1895 1735 1895 1747 1896 465 1896 463 1896 1748 1897 465 1897 1747 1897 1749 1898 465 1898 1748 1898 437 1899 435 1899 1735 1899 1750 1900 467 1900 1749 1900 1751 1901 467 1901 1750 1901 1749 1902 467 1902 465 1902 435 1903 433 1903 1735 1903 1752 1904 470 1904 1751 1904 1753 1905 470 1905 1752 1905 1754 1906 470 1906 1753 1906 1751 1907 470 1907 467 1907 1754 1908 471 1908 470 1908 1755 1909 471 1909 1754 1909 1756 1910 471 1910 1755 1910 433 1911 431 1911 1735 1911 1757 1912 474 1912 1756 1912 1758 1913 474 1913 1757 1913 1759 1914 474 1914 1758 1914 1756 1915 474 1915 471 1915 431 1916 429 1916 1735 1916 1760 1917 476 1917 1759 1917 1761 1918 476 1918 1760 1918 1759 1919 476 1919 474 1919 429 1920 427 1920 1735 1920 427 1921 425 1921 1735 1921 1762 1922 477 1922 1761 1922 1763 1923 477 1923 1762 1923 1764 1924 477 1924 1763 1924 1761 1925 477 1925 476 1925 1765 1926 480 1926 1764 1926 1766 1927 480 1927 1765 1927 1767 1928 480 1928 1766 1928 1764 1929 480 1929 477 1929 425 1930 422 1930 1735 1930 1596 1931 482 1931 1767 1931 1767 1932 482 1932 480 1932 422 1933 421 1933 1735 1933 1596 1934 484 1934 482 1934 421 1935 1251 1935 1735 1935 1251 1936 1249 1936 1735 1936 1249 1937 1247 1937 1735 1937 484 1938 851 1938 486 1938 486 1939 851 1939 488 1939 1596 1940 851 1940 484 1940 851 1941 489 1941 488 1941 1247 1942 1245 1942 1735 1942 1245 1943 1243 1943 1735 1943 851 1944 491 1944 489 1944 1243 1945 1241 1945 1735 1945 851 1946 494 1946 491 1946 1241 1947 1239 1947 1735 1947 851 1948 496 1948 494 1948 851 1949 498 1949 496 1949 851 1950 500 1950 498 1950 851 1951 502 1951 500 1951 851 1952 504 1952 502 1952 851 1953 506 1953 504 1953 851 1954 508 1954 506 1954 851 1955 510 1955 508 1955 851 1956 511 1956 510 1956 851 1957 514 1957 511 1957 851 1958 516 1958 514 1958 851 1959 518 1959 516 1959 851 1960 520 1960 518 1960 851 1961 522 1961 520 1961 851 1962 524 1962 522 1962 851 1963 526 1963 524 1963 851 1964 528 1964 526 1964 851 1965 530 1965 528 1965 851 1966 531 1966 530 1966 851 1967 534 1967 531 1967 851 1968 536 1968 534 1968 851 1969 537 1969 536 1969 851 1970 540 1970 537 1970 851 1971 542 1971 540 1971 1187 1972 1768 1972 1189 1972 1189 1973 1768 1973 1191 1973 1191 1974 1768 1974 1193 1974 1193 1975 1768 1975 1195 1975 1195 1976 1768 1976 1197 1976 1197 1977 1768 1977 1199 1977 1199 1978 1768 1978 1201 1978 1201 1979 1768 1979 1203 1979 1203 1980 1768 1980 1205 1980 1205 1981 1768 1981 1207 1981 1207 1982 1768 1982 1209 1982 1239 1983 1768 1983 1735 1983 1209 1984 1768 1984 1211 1984 1211 1985 1768 1985 1213 1985 1213 1986 1768 1986 1215 1986 1215 1987 1768 1987 1217 1987 1217 1988 1768 1988 1219 1988 1219 1989 1768 1989 1221 1989 1221 1990 1768 1990 1223 1990 1223 1991 1768 1991 1225 1991 1225 1992 1768 1992 1227 1992 1227 1993 1768 1993 1229 1993 1229 1994 1768 1994 1231 1994 1231 1995 1768 1995 1233 1995 1233 1996 1768 1996 1235 1996 1235 1997 1768 1997 1237 1997 1237 1998 1768 1998 1239 1998 542 1999 852 1999 1135 1999 1135 2000 852 2000 1137 2000 1137 2001 852 2001 1139 2001 1139 2002 852 2002 1141 2002 1141 2003 852 2003 1143 2003 1143 2004 852 2004 1145 2004 1145 2005 852 2005 1147 2005 1147 2006 852 2006 1149 2006 1149 2007 852 2007 1151 2007 1151 2008 852 2008 1153 2008 1153 2009 852 2009 1155 2009 1155 2010 852 2010 1157 2010 1157 2011 852 2011 1159 2011 1159 2012 852 2012 1161 2012 1161 2013 852 2013 1163 2013 1187 2014 852 2014 1768 2014 1163 2015 852 2015 1165 2015 1165 2016 852 2016 1167 2016 1167 2017 852 2017 1169 2017 1169 2018 852 2018 1171 2018 1171 2019 852 2019 1173 2019 1173 2020 852 2020 1175 2020 1175 2021 852 2021 1177 2021 1177 2022 852 2022 1179 2022 1179 2023 852 2023 1181 2023 1181 2024 852 2024 1183 2024 1183 2025 852 2025 1185 2025 1185 2026 852 2026 1187 2026 851 2027 852 2027 542 2027 851 2028 1598 2028 850 2028 1596 2029 1598 2029 851 2029 850 2030 331 2030 329 2030 329 2031 327 2031 850 2031 850 2032 333 2032 331 2032 327 2033 325 2033 850 2033 850 2034 335 2034 333 2034 325 2035 323 2035 850 2035 323 2036 321 2036 850 2036 850 2037 337 2037 335 2037 850 2038 339 2038 337 2038 321 2039 319 2039 850 2039 319 2040 317 2040 850 2040 850 2041 341 2041 339 2041 317 2042 315 2042 850 2042 850 2043 343 2043 341 2043 315 2044 313 2044 850 2044 850 2045 345 2045 343 2045 313 2046 311 2046 850 2046 850 2047 347 2047 345 2047 850 2048 349 2048 347 2048 311 2049 309 2049 850 2049 850 2050 351 2050 349 2050 309 2051 307 2051 850 2051 850 2052 353 2052 351 2052 307 2053 305 2053 850 2053 305 2054 303 2054 850 2054 850 2055 355 2055 353 2055 1598 2056 357 2056 850 2056 850 2057 357 2057 355 2057 303 2058 300 2058 850 2058 300 2059 302 2059 850 2059 1598 2060 359 2060 357 2060 1769 2061 359 2061 1598 2061 1769 2062 362 2062 359 2062 1770 2063 362 2063 1769 2063 1771 2064 362 2064 1770 2064 1772 2065 362 2065 1771 2065 1772 2066 363 2066 362 2066 1773 2067 363 2067 1772 2067 1774 2068 363 2068 1773 2068 1775 2069 363 2069 1774 2069 1775 2070 365 2070 363 2070 1776 2071 365 2071 1775 2071 1777 2072 365 2072 1776 2072 1777 2073 368 2073 365 2073 1778 2074 368 2074 1777 2074 1779 2075 368 2075 1778 2075 1780 2076 368 2076 1779 2076 1780 2077 369 2077 368 2077 1781 2078 369 2078 1780 2078 1782 2079 369 2079 1781 2079 1782 2080 372 2080 369 2080 1783 2081 372 2081 1782 2081 1784 2082 372 2082 1783 2082 1785 2083 372 2083 1784 2083 1785 2084 373 2084 372 2084 1786 2085 373 2085 1785 2085 1787 2086 373 2086 1786 2086 1787 2087 376 2087 373 2087 1788 2088 376 2088 1787 2088 1789 2089 376 2089 1788 2089 1789 2090 378 2090 376 2090 1790 2091 378 2091 1789 2091 378 2092 1791 2092 380 2092 1790 2093 1791 2093 378 2093 1791 2094 1792 2094 380 2094 380 2095 1793 2095 382 2095 1792 2096 1793 2096 380 2096 1793 2097 1794 2097 382 2097 382 2098 1795 2098 384 2098 1794 2099 1795 2099 382 2099 1795 2100 1796 2100 384 2100 384 2101 1797 2101 385 2101 1796 2102 1797 2102 384 2102 1797 2103 1798 2103 385 2103 385 2104 1799 2104 387 2104 1798 2105 1799 2105 385 2105 302 2106 849 2106 850 2106 1316 2107 849 2107 1318 2107 1318 2108 849 2108 1319 2108 1319 2109 849 2109 1322 2109 1322 2110 849 2110 1324 2110 1324 2111 849 2111 1325 2111 1325 2112 849 2112 1328 2112 1328 2113 849 2113 1329 2113 1329 2114 849 2114 1331 2114 1331 2115 849 2115 1334 2115 1334 2116 849 2116 1336 2116 1336 2117 849 2117 1338 2117 1338 2118 849 2118 1340 2118 1340 2119 849 2119 1342 2119 1342 2120 849 2120 1343 2120 1343 2121 849 2121 1345 2121 1345 2122 849 2122 1348 2122 1348 2123 849 2123 1349 2123 1349 2124 849 2124 1351 2124 1351 2125 849 2125 1354 2125 1354 2126 849 2126 1355 2126 1355 2127 849 2127 1358 2127 1358 2128 849 2128 1359 2128 1359 2129 849 2129 1361 2129 1361 2130 849 2130 1364 2130 1364 2131 849 2131 1365 2131 1365 2132 849 2132 1367 2132 1367 2133 849 2133 1370 2133 1370 2134 849 2134 302 2134 387 2135 1605 2135 389 2135 389 2136 1605 2136 392 2136 392 2137 1605 2137 394 2137 394 2138 1605 2138 396 2138 396 2139 1605 2139 397 2139 397 2140 1605 2140 399 2140 399 2141 1605 2141 402 2141 402 2142 1605 2142 403 2142 403 2143 1605 2143 406 2143 406 2144 1605 2144 407 2144 407 2145 1605 2145 410 2145 410 2146 1605 2146 411 2146 411 2147 1605 2147 414 2147 414 2148 1605 2148 415 2148 415 2149 1605 2149 418 2149 418 2150 1605 2150 420 2150 420 2151 1605 2151 1254 2151 1799 2152 1605 2152 387 2152 1605 2153 1256 2153 1254 2153 1605 2154 1258 2154 1256 2154 1605 2155 1260 2155 1258 2155 1605 2156 1262 2156 1260 2156 1605 2157 1264 2157 1262 2157 1605 2158 1800 2158 1264 2158 1264 2159 1800 2159 1266 2159 1266 2160 1800 2160 1268 2160 1268 2161 1800 2161 1270 2161 1270 2162 1800 2162 1272 2162 1272 2163 1800 2163 1274 2163 1274 2164 1800 2164 1276 2164 1276 2165 1800 2165 1278 2165 1278 2166 1800 2166 1280 2166 1280 2167 1800 2167 1282 2167 1282 2168 1800 2168 1284 2168 1284 2169 1800 2169 1286 2169 1286 2170 1800 2170 1288 2170 1288 2171 1800 2171 1290 2171 1316 2172 1800 2172 849 2172 1290 2173 1800 2173 1292 2173 1292 2174 1800 2174 1294 2174 1294 2175 1800 2175 1296 2175 1296 2176 1800 2176 1298 2176 1298 2177 1800 2177 1300 2177 1300 2178 1800 2178 1302 2178 1302 2179 1800 2179 1304 2179 1304 2180 1800 2180 1306 2180 1306 2181 1800 2181 1308 2181 1308 2182 1800 2182 1310 2182 1310 2183 1800 2183 1312 2183 1312 2184 1800 2184 1314 2184 1314 2185 1800 2185 1316 2185 1768 2186 1801 2186 1735 2186 207 2187 205 2187 1801 2187 1801 2188 209 2188 207 2188 205 2189 203 2189 1801 2189 1801 2190 211 2190 209 2190 203 2191 201 2191 1801 2191 1801 2192 213 2192 211 2192 201 2193 199 2193 1801 2193 1801 2194 215 2194 213 2194 1801 2195 217 2195 215 2195 199 2196 197 2196 1801 2196 197 2197 195 2197 1801 2197 1801 2198 219 2198 217 2198 1801 2199 221 2199 219 2199 195 2200 193 2200 1801 2200 193 2201 191 2201 1801 2201 1801 2202 223 2202 221 2202 1801 2203 226 2203 223 2203 1801 2204 227 2204 226 2204 1801 2205 230 2205 227 2205 1801 2206 232 2206 230 2206 1801 2207 233 2207 232 2207 1801 2208 1736 2208 1735 2208 181 2209 1736 2209 183 2209 183 2210 1736 2210 185 2210 185 2211 1736 2211 187 2211 187 2212 1736 2212 189 2212 189 2213 1736 2213 191 2213 191 2214 1736 2214 1801 2214 181 2215 178 2215 1736 2215 1801 2216 236 2216 233 2216 178 2217 177 2217 1736 2217 1801 2218 238 2218 236 2218 177 2219 1487 2219 1736 2219 1801 2220 240 2220 238 2220 1487 2221 1485 2221 1736 2221 1801 2222 242 2222 240 2222 1485 2223 1483 2223 1736 2223 1801 2224 244 2224 242 2224 1483 2225 1481 2225 1736 2225 1801 2226 245 2226 244 2226 1481 2227 1479 2227 1736 2227 1479 2228 1477 2228 1736 2228 1801 2229 1802 2229 245 2229 245 2230 1802 2230 247 2230 247 2231 1802 2231 250 2231 1477 2232 1475 2232 1736 2232 1802 2233 252 2233 250 2233 1802 2234 254 2234 252 2234 1475 2235 1473 2235 1736 2235 1473 2236 1471 2236 1736 2236 1802 2237 256 2237 254 2237 1471 2238 1469 2238 1736 2238 1802 2239 258 2239 256 2239 1802 2240 260 2240 258 2240 1469 2241 1467 2241 1736 2241 1802 2242 262 2242 260 2242 1467 2243 1465 2243 1736 2243 1802 2244 264 2244 262 2244 1465 2245 1463 2245 1736 2245 1463 2246 1461 2246 1736 2246 1802 2247 266 2247 264 2247 1802 2248 267 2248 266 2248 1461 2249 1459 2249 1736 2249 1802 2250 270 2250 267 2250 1736 2251 1457 2251 1803 2251 1459 2252 1457 2252 1736 2252 1804 2253 1455 2253 1805 2253 1803 2254 1455 2254 1804 2254 1457 2255 1455 2255 1803 2255 1802 2256 272 2256 270 2256 1802 2257 274 2257 272 2257 1806 2258 1453 2258 1807 2258 1805 2259 1453 2259 1806 2259 1455 2260 1453 2260 1805 2260 1808 2261 1451 2261 1809 2261 1807 2262 1451 2262 1808 2262 1453 2263 1451 2263 1807 2263 1802 2264 276 2264 274 2264 1802 2265 278 2265 276 2265 1810 2266 1449 2266 1811 2266 1809 2267 1449 2267 1810 2267 1451 2268 1449 2268 1809 2268 1449 2269 1447 2269 1811 2269 1802 2270 280 2270 278 2270 1447 2271 1812 2271 1811 2271 1802 2272 282 2272 280 2272 1802 2273 284 2273 282 2273 1802 2274 286 2274 284 2274 1447 2275 1813 2275 1812 2275 1445 2276 1813 2276 1447 2276 1802 2277 287 2277 286 2277 1802 2278 290 2278 287 2278 1802 2279 292 2279 290 2279 1445 2280 1814 2280 1813 2280 1802 2281 293 2281 292 2281 1802 2282 296 2282 293 2282 1802 2283 298 2283 296 2283 1445 2284 1815 2284 1814 2284 1443 2285 1815 2285 1445 2285 1443 2286 1816 2286 1815 2286 1441 2287 1817 2287 1443 2287 1443 2288 1817 2288 1816 2288 1441 2289 1818 2289 1817 2289 1441 2290 1819 2290 1818 2290 1439 2291 1820 2291 1441 2291 1441 2292 1820 2292 1819 2292 1439 2293 1821 2293 1820 2293 1437 2294 1822 2294 1439 2294 1439 2295 1822 2295 1821 2295 1437 2296 1823 2296 1822 2296 1437 2297 1824 2297 1823 2297 1437 2298 1825 2298 1824 2298 1435 2299 1825 2299 1437 2299 1435 2300 1826 2300 1825 2300 1435 2301 1827 2301 1826 2301 1433 2302 1827 2302 1435 2302 1433 2303 1828 2303 1827 2303 1433 2304 1829 2304 1828 2304 1431 2305 1830 2305 1433 2305 1433 2306 1830 2306 1829 2306 1431 2307 1831 2307 1830 2307 1431 2308 1832 2308 1831 2308 1429 2309 1833 2309 1431 2309 1431 2310 1833 2310 1832 2310 1423 2311 1601 2311 1425 2311 1425 2312 1601 2312 1427 2312 1427 2313 1601 2313 1429 2313 1429 2314 1601 2314 1833 2314 298 2315 732 2315 1371 2315 1371 2316 732 2316 1373 2316 1373 2317 732 2317 1375 2317 1375 2318 732 2318 1377 2318 1377 2319 732 2319 1379 2319 1379 2320 732 2320 1381 2320 1381 2321 732 2321 1383 2321 1383 2322 732 2322 1385 2322 1385 2323 732 2323 1387 2323 1387 2324 732 2324 1389 2324 1389 2325 732 2325 1391 2325 1391 2326 732 2326 1393 2326 1393 2327 732 2327 1395 2327 1395 2328 732 2328 1397 2328 1397 2329 732 2329 1399 2329 1399 2330 732 2330 1401 2330 1401 2331 732 2331 1403 2331 1403 2332 732 2332 1405 2332 1405 2333 732 2333 1407 2333 1407 2334 732 2334 1409 2334 1409 2335 732 2335 1411 2335 1411 2336 732 2336 1413 2336 1413 2337 732 2337 1415 2337 1415 2338 732 2338 1417 2338 1417 2339 732 2339 1419 2339 1419 2340 732 2340 1421 2340 1421 2341 732 2341 1423 2341 1802 2342 732 2342 298 2342 1423 2343 732 2343 1601 2343 1834 2344 575 2344 573 2344 573 2345 571 2345 1834 2345 571 2346 569 2346 1834 2346 1834 2347 577 2347 575 2347 569 2348 567 2348 1834 2348 1834 2349 579 2349 577 2349 567 2350 565 2350 1834 2350 1834 2351 581 2351 579 2351 1834 2352 583 2352 581 2352 565 2353 563 2353 1834 2353 563 2354 561 2354 1834 2354 1834 2355 585 2355 583 2355 561 2356 559 2356 1834 2356 1834 2357 587 2357 585 2357 559 2358 557 2358 1834 2358 1834 2359 589 2359 587 2359 557 2360 555 2360 1834 2360 1834 2361 591 2361 589 2361 1834 2362 593 2362 591 2362 555 2363 553 2363 1834 2363 1834 2364 595 2364 593 2364 553 2365 551 2365 1834 2365 1835 2366 597 2366 1834 2366 1834 2367 597 2367 595 2367 551 2368 549 2368 1834 2368 549 2369 547 2369 1834 2369 1835 2370 599 2370 597 2370 1835 2371 601 2371 599 2371 547 2372 544 2372 1834 2372 1835 2373 603 2373 601 2373 544 2374 546 2374 1834 2374 1835 2375 606 2375 603 2375 1835 2376 607 2376 606 2376 1835 2377 609 2377 607 2377 1835 2378 612 2378 609 2378 1835 2379 613 2379 612 2379 1835 2380 616 2380 613 2380 1835 2381 617 2381 616 2381 1835 2382 620 2382 617 2382 1835 2383 622 2383 620 2383 1835 2384 624 2384 622 2384 1835 2385 626 2385 624 2385 1835 2386 628 2386 626 2386 1835 2387 629 2387 628 2387 1835 2388 631 2388 629 2388 1835 2389 633 2389 631 2389 1835 2390 636 2390 633 2390 1835 2391 638 2391 636 2391 1835 2392 640 2392 638 2392 1835 2393 641 2393 640 2393 1835 2394 643 2394 641 2394 1835 2395 646 2395 643 2395 1835 2396 647 2396 646 2396 1098 2397 734 2397 1100 2397 1100 2398 734 2398 1102 2398 1102 2399 734 2399 1104 2399 1104 2400 734 2400 1106 2400 1106 2401 734 2401 1107 2401 1107 2402 734 2402 1109 2402 1109 2403 734 2403 1112 2403 1112 2404 734 2404 1113 2404 1113 2405 734 2405 1115 2405 1115 2406 734 2406 1118 2406 1118 2407 734 2407 1119 2407 1119 2408 734 2408 1122 2408 546 2409 734 2409 1834 2409 1122 2410 734 2410 1123 2410 1123 2411 734 2411 1125 2411 1125 2412 734 2412 1128 2412 1128 2413 734 2413 1129 2413 1129 2414 734 2414 1131 2414 1131 2415 734 2415 1134 2415 1134 2416 734 2416 546 2416 732 2417 734 2417 1601 2417 1092 2418 734 2418 1093 2418 1093 2419 734 2419 1095 2419 1095 2420 734 2420 1098 2420 1092 2421 1089 2421 734 2421 1835 2422 650 2422 647 2422 1089 2423 1088 2423 734 2423 1835 2424 651 2424 650 2424 1088 2425 1086 2425 734 2425 1086 2426 1083 2426 734 2426 1083 2427 1082 2427 734 2427 734 2428 1599 2428 1601 2428 1082 2429 1599 2429 734 2429 1076 2430 1599 2430 1078 2430 1078 2431 1599 2431 1080 2431 1080 2432 1599 2432 1082 2432 1835 2433 1607 2433 651 2433 651 2434 1607 2434 654 2434 654 2435 1607 2435 655 2435 655 2436 1607 2436 658 2436 658 2437 1607 2437 659 2437 659 2438 1607 2438 662 2438 662 2439 1607 2439 664 2439 664 2440 1607 2440 1018 2440 1018 2441 1607 2441 1020 2441 1020 2442 1607 2442 1022 2442 1022 2443 1607 2443 1024 2443 1024 2444 1607 2444 1026 2444 1026 2445 1607 2445 1028 2445 1028 2446 1607 2446 1030 2446 1030 2447 1607 2447 1032 2447 1032 2448 1607 2448 1034 2448 1034 2449 1607 2449 1036 2449 1036 2450 1607 2450 1038 2450 1038 2451 1607 2451 1040 2451 1040 2452 1607 2452 1042 2452 1042 2453 1607 2453 1044 2453 1044 2454 1607 2454 1046 2454 1046 2455 1607 2455 1048 2455 1607 2456 1836 2456 1048 2456 1048 2457 1836 2457 1050 2457 1076 2458 1837 2458 1599 2458 1074 2459 1837 2459 1076 2459 1836 2460 1838 2460 1050 2460 1074 2461 1839 2461 1837 2461 1050 2462 1840 2462 1052 2462 1838 2463 1840 2463 1050 2463 1074 2464 1841 2464 1839 2464 1840 2465 1842 2465 1052 2465 1074 2466 1843 2466 1841 2466 1072 2467 1843 2467 1074 2467 1842 2468 1844 2468 1052 2468 1052 2469 1844 2469 1054 2469 1072 2470 1845 2470 1843 2470 1844 2471 1846 2471 1054 2471 1072 2472 1847 2472 1845 2472 1846 2473 1848 2473 1054 2473 1054 2474 1848 2474 1056 2474 1072 2475 1849 2475 1847 2475 1070 2476 1849 2476 1072 2476 1848 2477 1850 2477 1056 2477 1070 2478 1851 2478 1849 2478 1850 2479 1852 2479 1056 2479 1056 2480 1852 2480 1058 2480 1070 2481 1853 2481 1851 2481 1068 2482 1853 2482 1070 2482 1852 2483 1854 2483 1058 2483 1068 2484 1855 2484 1853 2484 1854 2485 1856 2485 1058 2485 1058 2486 1856 2486 1060 2486 1068 2487 1857 2487 1855 2487 1856 2488 1858 2488 1060 2488 1068 2489 1859 2489 1857 2489 1066 2490 1859 2490 1068 2490 1858 2491 1860 2491 1060 2491 1060 2492 1860 2492 1062 2492 1066 2493 1861 2493 1859 2493 1860 2494 1862 2494 1062 2494 1066 2495 1863 2495 1861 2495 1064 2496 1863 2496 1066 2496 1862 2497 1864 2497 1062 2497 1062 2498 1864 2498 1064 2498 1064 2499 1865 2499 1863 2499 1064 2500 1866 2500 1865 2500 1864 2501 1866 2501 1064 2501 1605 2502 1607 2502 1800 2502 1800 2503 1607 2503 1835 2503 857 2504 1867 2504 859 2504 854 2505 1867 2505 857 2505 853 2506 1867 2506 854 2506 1867 2507 1868 2507 859 2507 861 2508 1868 2508 863 2508 859 2509 1868 2509 861 2509 853 2510 1869 2510 1867 2510 771 2511 1869 2511 853 2511 865 2512 1870 2512 867 2512 863 2513 1870 2513 865 2513 1868 2514 1870 2514 863 2514 1869 2515 1871 2515 1867 2515 1867 2516 1871 2516 1868 2516 771 2517 1872 2517 1869 2517 769 2518 1872 2518 771 2518 767 2519 1872 2519 769 2519 765 2520 1872 2520 767 2520 1870 2521 1873 2521 867 2521 869 2522 1873 2522 871 2522 867 2523 1873 2523 869 2523 1871 2524 1874 2524 1868 2524 1868 2525 1874 2525 1870 2525 1869 2526 1875 2526 1871 2526 763 2527 1875 2527 765 2527 761 2528 1875 2528 763 2528 1872 2529 1875 2529 1869 2529 765 2530 1875 2530 1872 2530 873 2531 1876 2531 875 2531 871 2532 1876 2532 873 2532 1873 2533 1876 2533 871 2533 1870 2534 1877 2534 1873 2534 1874 2535 1877 2535 1870 2535 1875 2536 1878 2536 1871 2536 761 2537 1878 2537 1875 2537 759 2538 1878 2538 761 2538 757 2539 1878 2539 759 2539 1871 2540 1878 2540 1874 2540 877 2541 1879 2541 879 2541 875 2542 1879 2542 877 2542 1876 2543 1879 2543 875 2543 1877 2544 1880 2544 1873 2544 1873 2545 1880 2545 1876 2545 757 2546 1881 2546 1878 2546 1878 2547 1881 2547 1874 2547 1874 2548 1881 2548 1877 2548 755 2549 1881 2549 757 2549 753 2550 1881 2550 755 2550 881 2551 1882 2551 883 2551 879 2552 1882 2552 881 2552 1879 2553 1882 2553 879 2553 1880 2554 1883 2554 1876 2554 1876 2555 1883 2555 1879 2555 1880 2556 1884 2556 1883 2556 1881 2557 1884 2557 1877 2557 1877 2558 1884 2558 1880 2558 753 2559 1884 2559 1881 2559 751 2560 1884 2560 753 2560 749 2561 1884 2561 751 2561 885 2562 1885 2562 887 2562 883 2563 1885 2563 885 2563 1882 2564 1885 2564 883 2564 1883 2565 1886 2565 1879 2565 1879 2566 1886 2566 1882 2566 1882 2567 1886 2567 1885 2567 1884 2568 1887 2568 1883 2568 749 2569 1887 2569 1884 2569 747 2570 1887 2570 749 2570 745 2571 1887 2571 747 2571 1885 2572 1888 2572 887 2572 889 2573 1888 2573 891 2573 887 2574 1888 2574 889 2574 1886 2575 1889 2575 1885 2575 1885 2576 1889 2576 1888 2576 1887 2577 1890 2577 1883 2577 745 2578 1890 2578 1887 2578 743 2579 1890 2579 745 2579 740 2580 1890 2580 743 2580 1883 2581 1890 2581 1886 2581 893 2582 1891 2582 895 2582 891 2583 1891 2583 893 2583 1888 2584 1891 2584 891 2584 1889 2585 1892 2585 1888 2585 1890 2586 1893 2586 1886 2586 1886 2587 1893 2587 1889 2587 1889 2588 1893 2588 1892 2588 740 2589 1893 2589 1890 2589 739 2590 1893 2590 740 2590 742 2591 1893 2591 739 2591 897 2592 1894 2592 899 2592 895 2593 1894 2593 897 2593 1891 2594 1894 2594 895 2594 1888 2595 1895 2595 1891 2595 1892 2596 1895 2596 1888 2596 1893 2597 1896 2597 1892 2597 744 2598 1896 2598 742 2598 746 2599 1896 2599 744 2599 742 2600 1896 2600 1893 2600 901 2601 1897 2601 903 2601 899 2602 1897 2602 901 2602 1894 2603 1897 2603 899 2603 1891 2604 1898 2604 1894 2604 1895 2605 1898 2605 1891 2605 1892 2606 1899 2606 1895 2606 746 2607 1899 2607 1896 2607 748 2608 1899 2608 746 2608 750 2609 1899 2609 748 2609 1896 2610 1899 2610 1892 2610 905 2611 1900 2611 908 2611 903 2612 1900 2612 905 2612 1897 2613 1900 2613 903 2613 1894 2614 1901 2614 1897 2614 1898 2615 1901 2615 1894 2615 1897 2616 1901 2616 1900 2616 1899 2617 1902 2617 1895 2617 1895 2618 1902 2618 1898 2618 750 2619 1902 2619 1899 2619 1898 2620 1902 2620 1901 2620 752 2621 1902 2621 750 2621 754 2622 1902 2622 752 2622 910 2623 1903 2623 911 2623 908 2624 1903 2624 910 2624 1900 2625 1903 2625 908 2625 1901 2626 1904 2626 1900 2626 1902 2627 1905 2627 1901 2627 754 2628 1905 2628 1902 2628 756 2629 1905 2629 754 2629 758 2630 1905 2630 756 2630 1903 2631 1906 2631 911 2631 913 2632 1906 2632 915 2632 911 2633 1906 2633 913 2633 1904 2634 1907 2634 1900 2634 1900 2635 1907 2635 1903 2635 1905 2636 1908 2636 1901 2636 1901 2637 1908 2637 1904 2637 758 2638 1908 2638 1905 2638 760 2639 1908 2639 758 2639 762 2640 1908 2640 760 2640 915 2641 1909 2641 666 2641 1906 2642 1909 2642 915 2642 666 2643 1909 2643 668 2643 1907 2644 1910 2644 1903 2644 1903 2645 1910 2645 1906 2645 762 2646 1911 2646 1908 2646 1904 2647 1911 2647 1907 2647 1908 2648 1911 2648 1904 2648 764 2649 1911 2649 762 2649 766 2650 1911 2650 764 2650 1909 2651 1912 2651 668 2651 670 2652 1912 2652 672 2652 668 2653 1912 2653 670 2653 1906 2654 1913 2654 1909 2654 1910 2655 1913 2655 1906 2655 1911 2656 1914 2656 1907 2656 1907 2657 1914 2657 1910 2657 768 2658 1914 2658 766 2658 770 2659 1914 2659 768 2659 766 2660 1914 2660 1911 2660 674 2661 1915 2661 676 2661 672 2662 1915 2662 674 2662 1912 2663 1915 2663 672 2663 1913 2664 1916 2664 1909 2664 1909 2665 1916 2665 1912 2665 1914 2666 1917 2666 1910 2666 1910 2667 1917 2667 1913 2667 1913 2668 1917 2668 1916 2668 770 2669 1917 2669 1914 2669 772 2670 1917 2670 770 2670 678 2671 1918 2671 680 2671 676 2672 1918 2672 678 2672 1915 2673 1918 2673 676 2673 1912 2674 1919 2674 1915 2674 1916 2675 1919 2675 1912 2675 772 2676 1920 2676 1917 2676 1917 2677 1920 2677 1916 2677 773 2678 1920 2678 772 2678 774 2679 1920 2679 773 2679 1918 2680 1921 2680 680 2680 682 2681 1921 2681 684 2681 680 2682 1921 2682 682 2682 1915 2683 1922 2683 1918 2683 1919 2684 1922 2684 1915 2684 1918 2685 1922 2685 1921 2685 776 2686 1923 2686 775 2686 1920 2687 1923 2687 1916 2687 1916 2688 1923 2688 1919 2688 774 2689 1923 2689 1920 2689 775 2690 1923 2690 774 2690 1921 2691 1924 2691 684 2691 686 2692 1924 2692 688 2692 684 2693 1924 2693 686 2693 1922 2694 1925 2694 1921 2694 777 2695 1926 2695 776 2695 778 2696 1926 2696 777 2696 1923 2697 1926 2697 1919 2697 1922 2698 1926 2698 1925 2698 1919 2699 1926 2699 1922 2699 776 2700 1926 2700 1923 2700 1924 2701 1927 2701 688 2701 690 2702 1927 2702 692 2702 688 2703 1927 2703 690 2703 1924 2704 1928 2704 1927 2704 1925 2705 1928 2705 1921 2705 1921 2706 1928 2706 1924 2706 779 2707 1929 2707 778 2707 780 2708 1929 2708 779 2708 1926 2709 1929 2709 1925 2709 778 2710 1929 2710 1926 2710 1927 2711 1930 2711 692 2711 694 2712 1930 2712 696 2712 692 2713 1930 2713 694 2713 1928 2714 1931 2714 1927 2714 781 2715 1932 2715 780 2715 782 2716 1932 2716 781 2716 780 2717 1932 2717 1929 2717 1925 2718 1932 2718 1928 2718 1929 2719 1932 2719 1925 2719 1928 2720 1932 2720 1931 2720 1930 2721 1933 2721 696 2721 698 2722 1933 2722 700 2722 696 2723 1933 2723 698 2723 1927 2724 1934 2724 1930 2724 1931 2725 1934 2725 1927 2725 784 2726 1935 2726 782 2726 785 2727 1935 2727 784 2727 1932 2728 1935 2728 1931 2728 782 2729 1935 2729 1932 2729 702 2730 1936 2730 704 2730 700 2731 1936 2731 702 2731 1933 2732 1936 2732 700 2732 1934 2733 1937 2733 1930 2733 1930 2734 1937 2734 1933 2734 786 2735 1938 2735 785 2735 787 2736 1938 2736 786 2736 785 2737 1938 2737 1935 2737 1931 2738 1938 2738 1934 2738 1935 2739 1938 2739 1931 2739 1934 2740 1938 2740 1937 2740 706 2741 1939 2741 708 2741 704 2742 1939 2742 706 2742 1936 2743 1939 2743 704 2743 1933 2744 1940 2744 1936 2744 1937 2745 1940 2745 1933 2745 788 2746 1941 2746 787 2746 789 2747 1941 2747 788 2747 787 2748 1941 2748 1938 2748 1938 2749 1941 2749 1937 2749 710 2750 1942 2750 712 2750 708 2751 1942 2751 710 2751 1939 2752 1942 2752 708 2752 1936 2753 1943 2753 1939 2753 1940 2754 1943 2754 1936 2754 1939 2755 1943 2755 1942 2755 790 2756 1944 2756 789 2756 791 2757 1944 2757 790 2757 1937 2758 1944 2758 1940 2758 789 2759 1944 2759 1941 2759 1941 2760 1944 2760 1937 2760 714 2761 1945 2761 716 2761 712 2762 1945 2762 714 2762 1942 2763 1945 2763 712 2763 1943 2764 1946 2764 1942 2764 792 2765 1947 2765 791 2765 793 2766 1947 2766 792 2766 1944 2767 1947 2767 1940 2767 1940 2768 1947 2768 1943 2768 791 2769 1947 2769 1944 2769 718 2770 1948 2770 720 2770 716 2771 1948 2771 718 2771 1945 2772 1948 2772 716 2772 1942 2773 1949 2773 1945 2773 1946 2774 1949 2774 1942 2774 1945 2775 1949 2775 1948 2775 794 2776 1950 2776 793 2776 795 2777 1950 2777 794 2777 793 2778 1950 2778 1947 2778 1943 2779 1950 2779 1946 2779 1947 2780 1950 2780 1943 2780 722 2781 1951 2781 724 2781 720 2782 1951 2782 722 2782 1948 2783 1951 2783 720 2783 1949 2784 1952 2784 1948 2784 1949 2785 1953 2785 1952 2785 796 2786 1953 2786 795 2786 797 2787 1953 2787 796 2787 1946 2788 1953 2788 1949 2788 1950 2789 1953 2789 1946 2789 795 2790 1953 2790 1950 2790 1951 2791 1954 2791 724 2791 727 2792 1954 2792 729 2792 726 2793 1954 2793 727 2793 724 2794 1954 2794 726 2794 1952 2795 1955 2795 1948 2795 1948 2796 1955 2796 1951 2796 1951 2797 1955 2797 1954 2797 798 2798 1956 2798 797 2798 799 2799 1956 2799 798 2799 1953 2800 1956 2800 1952 2800 797 2801 1956 2801 1953 2801 1954 2802 1957 2802 729 2802 1955 2803 1957 2803 1954 2803 729 2804 1957 2804 836 2804 799 2805 1958 2805 1956 2805 1956 2806 1958 2806 1952 2806 800 2807 1958 2807 799 2807 801 2808 1958 2808 800 2808 1952 2809 1958 2809 1955 2809 1957 2810 1959 2810 836 2810 801 2811 1959 2811 1958 2811 838 2812 1959 2812 801 2812 837 2813 1959 2813 838 2813 1958 2814 1959 2814 1955 2814 836 2815 1959 2815 837 2815 1955 2816 1959 2816 1957 2816 835 2817 921 2817 836 2817 836 2818 921 2818 729 2818 922 2819 1960 2819 924 2819 919 2820 1960 2820 922 2820 921 2821 1960 2821 919 2821 1960 2822 1961 2822 924 2822 926 2823 1961 2823 928 2823 924 2824 1961 2824 926 2824 835 2825 1962 2825 921 2825 921 2826 1962 2826 1960 2826 930 2827 1963 2827 932 2827 928 2828 1963 2828 930 2828 1961 2829 1963 2829 928 2829 1962 2830 1964 2830 1960 2830 1960 2831 1964 2831 1961 2831 839 2832 1965 2832 835 2832 840 2833 1965 2833 839 2833 816 2834 1965 2834 840 2834 835 2835 1965 2835 1962 2835 934 2836 1966 2836 936 2836 932 2837 1966 2837 934 2837 1963 2838 1966 2838 932 2838 1964 2839 1967 2839 1961 2839 1961 2840 1967 2840 1963 2840 1965 2841 1968 2841 1962 2841 818 2842 1968 2842 816 2842 819 2843 1968 2843 818 2843 1962 2844 1968 2844 1964 2844 1964 2845 1968 2845 1967 2845 816 2846 1968 2846 1965 2846 938 2847 1969 2847 940 2847 936 2848 1969 2848 938 2848 1966 2849 1969 2849 936 2849 1963 2850 1970 2850 1966 2850 1967 2851 1970 2851 1963 2851 820 2852 1971 2852 819 2852 821 2853 1971 2853 820 2853 819 2854 1971 2854 1968 2854 1968 2855 1971 2855 1967 2855 1969 2856 1972 2856 940 2856 942 2857 1972 2857 944 2857 940 2858 1972 2858 942 2858 1966 2859 1973 2859 1969 2859 1970 2860 1973 2860 1966 2860 822 2861 1974 2861 821 2861 823 2862 1974 2862 822 2862 821 2863 1974 2863 1971 2863 1970 2864 1974 2864 1973 2864 1967 2865 1974 2865 1970 2865 1971 2866 1974 2866 1967 2866 1972 2867 1975 2867 944 2867 946 2868 1975 2868 948 2868 944 2869 1975 2869 946 2869 1969 2870 1976 2870 1972 2870 1973 2871 1976 2871 1969 2871 824 2872 1977 2872 823 2872 825 2873 1977 2873 824 2873 823 2874 1977 2874 1974 2874 1974 2875 1977 2875 1973 2875 950 2876 1978 2876 952 2876 948 2877 1978 2877 950 2877 1975 2878 1978 2878 948 2878 1976 2879 1979 2879 1972 2879 1972 2880 1979 2880 1975 2880 825 2881 1980 2881 1977 2881 826 2882 1980 2882 825 2882 827 2883 1980 2883 826 2883 1977 2884 1980 2884 1973 2884 1973 2885 1980 2885 1976 2885 1978 2886 1981 2886 952 2886 954 2887 1981 2887 956 2887 952 2888 1981 2888 954 2888 1979 2889 1982 2889 1975 2889 1975 2890 1982 2890 1978 2890 828 2891 1983 2891 827 2891 829 2892 1983 2892 828 2892 827 2893 1983 2893 1980 2893 1980 2894 1983 2894 1976 2894 1976 2895 1983 2895 1979 2895 1979 2896 1983 2896 1982 2896 1981 2897 1984 2897 956 2897 958 2898 1984 2898 960 2898 956 2899 1984 2899 958 2899 1978 2900 1985 2900 1981 2900 1982 2901 1985 2901 1978 2901 1982 2902 1986 2902 1985 2902 830 2903 1986 2903 829 2903 831 2904 1986 2904 830 2904 829 2905 1986 2905 1983 2905 1983 2906 1986 2906 1982 2906 1984 2907 1987 2907 960 2907 962 2908 1987 2908 964 2908 960 2909 1987 2909 962 2909 1981 2910 1988 2910 1984 2910 1985 2911 1988 2911 1981 2911 1985 2912 1989 2912 1988 2912 832 2913 1989 2913 831 2913 833 2914 1989 2914 832 2914 1986 2915 1989 2915 1985 2915 831 2916 1989 2916 1986 2916 1987 2917 1990 2917 964 2917 966 2918 1990 2918 968 2918 964 2919 1990 2919 966 2919 1988 2920 1991 2920 1984 2920 1984 2921 1991 2921 1987 2921 833 2922 1992 2922 1989 2922 834 2923 1992 2923 833 2923 805 2924 1992 2924 834 2924 1989 2925 1992 2925 1988 2925 1990 2926 1993 2926 968 2926 970 2927 1993 2927 972 2927 968 2928 1993 2928 970 2928 1991 2929 1994 2929 1987 2929 1987 2930 1994 2930 1990 2930 805 2931 1995 2931 1992 2931 806 2932 1995 2932 805 2932 807 2933 1995 2933 806 2933 1992 2934 1995 2934 1988 2934 1988 2935 1995 2935 1991 2935 1991 2936 1995 2936 1994 2936 1993 2937 1996 2937 972 2937 974 2938 1996 2938 976 2938 972 2939 1996 2939 974 2939 1994 2940 1997 2940 1990 2940 1990 2941 1997 2941 1993 2941 807 2942 1998 2942 1995 2942 808 2943 1998 2943 807 2943 809 2944 1998 2944 808 2944 1995 2945 1998 2945 1994 2945 980 2946 1999 2946 70 2946 978 2947 1999 2947 980 2947 976 2948 1999 2948 978 2948 1996 2949 1999 2949 976 2949 1997 2950 2000 2950 1993 2950 1996 2951 2000 2951 1999 2951 1993 2952 2000 2952 1996 2952 809 2953 2001 2953 1998 2953 810 2954 2001 2954 809 2954 811 2955 2001 2955 810 2955 1994 2956 2001 2956 1997 2956 1998 2957 2001 2957 1994 2957 1999 2958 2002 2958 70 2958 2000 2959 2002 2959 1999 2959 70 2960 2002 2960 74 2960 812 2961 2003 2961 811 2961 813 2962 2003 2962 812 2962 2001 2963 2003 2963 1997 2963 811 2964 2003 2964 2001 2964 1997 2965 2003 2965 2000 2965 813 2966 2004 2966 2003 2966 814 2967 2004 2967 813 2967 815 2968 2004 2968 814 2968 74 2969 2004 2969 815 2969 2000 2970 2004 2970 2002 2970 2003 2971 2004 2971 2000 2971 2002 2972 2004 2972 74 2972 163 2973 170 2973 853 2973 853 2974 170 2974 771 2974 842 2975 841 2975 1013 2975 842 2976 1013 2976 1016 2976 852 2977 1015 2977 1768 2977 1015 2978 737 2978 741 2978 852 2979 737 2979 1015 2979 1800 2980 845 2980 849 2980 1800 2981 843 2981 845 2981 1834 2982 734 2982 848 2982 848 2983 731 2983 804 2983 734 2984 731 2984 848 2984 1802 2985 733 2985 732 2985 803 2986 733 2986 1802 2986 1801 2987 1014 2987 1802 2987 802 2988 803 2988 1014 2988 1014 2989 803 2989 1802 2989 1015 2990 1801 2990 1768 2990 1014 2991 1801 2991 1015 2991 1835 2992 847 2992 1800 2992 1800 2993 847 2993 843 2993 848 2994 847 2994 1834 2994 1834 2995 847 2995 1835 2995 1600 2996 1604 2996 2005 2996 1734 2997 2005 2997 2006 2997 1734 2998 1600 2998 2005 2998 1732 2999 2006 2999 2007 2999 1732 3000 1734 3000 2006 3000 1730 3001 2007 3001 2008 3001 1730 3002 1732 3002 2007 3002 1728 3003 2008 3003 2009 3003 1728 3004 1730 3004 2008 3004 1726 3005 2009 3005 2010 3005 1726 3006 1728 3006 2009 3006 1724 3007 2010 3007 2011 3007 1724 3008 1726 3008 2010 3008 1722 3009 2011 3009 2012 3009 1722 3010 1724 3010 2011 3010 1720 3011 1722 3011 2012 3011 1720 3012 2012 3012 2013 3012 1718 3013 1720 3013 2013 3013 1718 3014 2013 3014 2014 3014 1716 3015 2014 3015 2015 3015 1716 3016 1718 3016 2014 3016 1714 3017 2015 3017 2016 3017 1714 3018 1716 3018 2015 3018 1712 3019 2016 3019 2017 3019 1712 3020 1714 3020 2016 3020 1710 3021 2017 3021 2018 3021 1710 3022 1712 3022 2017 3022 1708 3023 2018 3023 2019 3023 1708 3024 1710 3024 2018 3024 1706 3025 2019 3025 2020 3025 1706 3026 1708 3026 2019 3026 1704 3027 2020 3027 2021 3027 1704 3028 1706 3028 2020 3028 1702 3029 2021 3029 2022 3029 1702 3030 1704 3030 2021 3030 1700 3031 2022 3031 2023 3031 1700 3032 1702 3032 2022 3032 1698 3033 2023 3033 2024 3033 1698 3034 1700 3034 2023 3034 1696 3035 2024 3035 2025 3035 1696 3036 1698 3036 2024 3036 1694 3037 2025 3037 2026 3037 1694 3038 1696 3038 2025 3038 1692 3039 2026 3039 2027 3039 1692 3040 1694 3040 2026 3040 1690 3041 2027 3041 2028 3041 1690 3042 1692 3042 2027 3042 1688 3043 2028 3043 2029 3043 1688 3044 1690 3044 2028 3044 1686 3045 2029 3045 2030 3045 1686 3046 1688 3046 2029 3046 1684 3047 1686 3047 2030 3047 1682 3048 2030 3048 2031 3048 1682 3049 2031 3049 2032 3049 1682 3050 1684 3050 2030 3050 1680 3051 2032 3051 2033 3051 1680 3052 1682 3052 2032 3052 1678 3053 1680 3053 2033 3053 1676 3054 2033 3054 2034 3054 1676 3055 1678 3055 2033 3055 1674 3056 2034 3056 2035 3056 1674 3057 1676 3057 2034 3057 1489 3058 2035 3058 1492 3058 1489 3059 1674 3059 2035 3059 1836 3060 1607 3060 1606 3060 1836 3061 1606 3061 2036 3061 1838 3062 2036 3062 2037 3062 1838 3063 1836 3063 2036 3063 1840 3064 2037 3064 2038 3064 1840 3065 1838 3065 2037 3065 1842 3066 2038 3066 2039 3066 1842 3067 1840 3067 2038 3067 1844 3068 2039 3068 2040 3068 1844 3069 1842 3069 2039 3069 1846 3070 2040 3070 2041 3070 1846 3071 1844 3071 2040 3071 1848 3072 2041 3072 2042 3072 1848 3073 1846 3073 2041 3073 1850 3074 2042 3074 2043 3074 1850 3075 1848 3075 2042 3075 1852 3076 1850 3076 2043 3076 1852 3077 2043 3077 2044 3077 1854 3078 2044 3078 2045 3078 1854 3079 1852 3079 2044 3079 1856 3080 2045 3080 2046 3080 1856 3081 1854 3081 2045 3081 1858 3082 2046 3082 2047 3082 1858 3083 1856 3083 2046 3083 1860 3084 2047 3084 2048 3084 1860 3085 1858 3085 2047 3085 1862 3086 2048 3086 2049 3086 1862 3087 1860 3087 2048 3087 1864 3088 2049 3088 2050 3088 1864 3089 1862 3089 2049 3089 1866 3090 2050 3090 2051 3090 1866 3091 1864 3091 2050 3091 1865 3092 2051 3092 2052 3092 1865 3093 1866 3093 2051 3093 1863 3094 2052 3094 2053 3094 1863 3095 1865 3095 2052 3095 1861 3096 2053 3096 2054 3096 1861 3097 1863 3097 2053 3097 1859 3098 2054 3098 2055 3098 1859 3099 1861 3099 2054 3099 1857 3100 2055 3100 2056 3100 1857 3101 1859 3101 2055 3101 1855 3102 2056 3102 2057 3102 1855 3103 1857 3103 2056 3103 1853 3104 2057 3104 2058 3104 1853 3105 1855 3105 2057 3105 1851 3106 2058 3106 2059 3106 1851 3107 1853 3107 2058 3107 1849 3108 2059 3108 2060 3108 1849 3109 1851 3109 2059 3109 1847 3110 2060 3110 2061 3110 1847 3111 1849 3111 2060 3111 1845 3112 2061 3112 2062 3112 1845 3113 1847 3113 2061 3113 1843 3114 2062 3114 2063 3114 1843 3115 2063 3115 2064 3115 1843 3116 1845 3116 2062 3116 1841 3117 1843 3117 2064 3117 1839 3118 2064 3118 2065 3118 1839 3119 1841 3119 2064 3119 1837 3120 2065 3120 2066 3120 1837 3121 1839 3121 2065 3121 1599 3122 2066 3122 1603 3122 1599 3123 1837 3123 2066 3123 1769 3124 1598 3124 1594 3124 1769 3125 1594 3125 2067 3125 1770 3126 2067 3126 2068 3126 1770 3127 1769 3127 2067 3127 1771 3128 2068 3128 2069 3128 1771 3129 1770 3129 2068 3129 1772 3130 2069 3130 2070 3130 1772 3131 1771 3131 2069 3131 1773 3132 2070 3132 2071 3132 1773 3133 1772 3133 2070 3133 1774 3134 2071 3134 2072 3134 1774 3135 1773 3135 2071 3135 1775 3136 2072 3136 2073 3136 1775 3137 1774 3137 2072 3137 1776 3138 2073 3138 2074 3138 1776 3139 1775 3139 2073 3139 1777 3140 1776 3140 2074 3140 1777 3141 2074 3141 2075 3141 1778 3142 2075 3142 2076 3142 1778 3143 1777 3143 2075 3143 1779 3144 2076 3144 2077 3144 1779 3145 1778 3145 2076 3145 1780 3146 2077 3146 2078 3146 1780 3147 1779 3147 2077 3147 1781 3148 2078 3148 2079 3148 1781 3149 1780 3149 2078 3149 1782 3150 2079 3150 2080 3150 1782 3151 1781 3151 2079 3151 1783 3152 2080 3152 2081 3152 1783 3153 1782 3153 2080 3153 1784 3154 2081 3154 2082 3154 1784 3155 1783 3155 2081 3155 1785 3156 2082 3156 2083 3156 1785 3157 1784 3157 2082 3157 1786 3158 2083 3158 2084 3158 1786 3159 1785 3159 2083 3159 1787 3160 2084 3160 2085 3160 1787 3161 1786 3161 2084 3161 1788 3162 2085 3162 2086 3162 1788 3163 1787 3163 2085 3163 1789 3164 2086 3164 2087 3164 1789 3165 1788 3165 2086 3165 1790 3166 2087 3166 2088 3166 1790 3167 1789 3167 2087 3167 1791 3168 2088 3168 2089 3168 1791 3169 1790 3169 2088 3169 1792 3170 2089 3170 2090 3170 1792 3171 1791 3171 2089 3171 1793 3172 2090 3172 2091 3172 1793 3173 1792 3173 2090 3173 1794 3174 2091 3174 2092 3174 1794 3175 1793 3175 2091 3175 1795 3176 2092 3176 2093 3176 1795 3177 1794 3177 2092 3177 1796 3178 2093 3178 2094 3178 1796 3179 1795 3179 2093 3179 1797 3180 2094 3180 2095 3180 1797 3181 1796 3181 2094 3181 1798 3182 2095 3182 2096 3182 1798 3183 1797 3183 2095 3183 1799 3184 2096 3184 2097 3184 1799 3185 1798 3185 2096 3185 1605 3186 2097 3186 1608 3186 1605 3187 1799 3187 2097 3187 1669 3188 1491 3188 1490 3188 1669 3189 1490 3189 2098 3189 1665 3190 2098 3190 2099 3190 1665 3191 1669 3191 2098 3191 1660 3192 2099 3192 2100 3192 1660 3193 1665 3193 2099 3193 1656 3194 2100 3194 2101 3194 1656 3195 1660 3195 2100 3195 1652 3196 2101 3196 2102 3196 1652 3197 1656 3197 2101 3197 1649 3198 2102 3198 2103 3198 1649 3199 1652 3199 2102 3199 1645 3200 2103 3200 2104 3200 1645 3201 1649 3201 2103 3201 1641 3202 2104 3202 2105 3202 1641 3203 1645 3203 2104 3203 1637 3204 1641 3204 2105 3204 1637 3205 2105 3205 2106 3205 1633 3206 2106 3206 2107 3206 1633 3207 1637 3207 2106 3207 1629 3208 2107 3208 2108 3208 1629 3209 1633 3209 2107 3209 1625 3210 2108 3210 2109 3210 1625 3211 1629 3211 2108 3211 1621 3212 2109 3212 2110 3212 1621 3213 1625 3213 2109 3213 1617 3214 2110 3214 2111 3214 1617 3215 1621 3215 2110 3215 1613 3216 2111 3216 2112 3216 1613 3217 1617 3217 2111 3217 1610 3218 2112 3218 2113 3218 1610 3219 1613 3219 2112 3219 1614 3220 2113 3220 2114 3220 1614 3221 1610 3221 2113 3221 1618 3222 2114 3222 2115 3222 1618 3223 1614 3223 2114 3223 1622 3224 2115 3224 2116 3224 1622 3225 1618 3225 2115 3225 1626 3226 2116 3226 2117 3226 1626 3227 2117 3227 2118 3227 1626 3228 1622 3228 2116 3228 1630 3229 2118 3229 2119 3229 1630 3230 1626 3230 2118 3230 1634 3231 1630 3231 2119 3231 1638 3232 2119 3232 2120 3232 1638 3233 2120 3233 2121 3233 1638 3234 1634 3234 2119 3234 1642 3235 1638 3235 2121 3235 1646 3236 2121 3236 2122 3236 1646 3237 2122 3237 2123 3237 1646 3238 1642 3238 2121 3238 1650 3239 1646 3239 2123 3239 1654 3240 2123 3240 2124 3240 1654 3241 2124 3241 2125 3241 1654 3242 1650 3242 2123 3242 1658 3243 1654 3243 2125 3243 1662 3244 2125 3244 2126 3244 1662 3245 2126 3245 2127 3245 1662 3246 1658 3246 2125 3246 1666 3247 1662 3247 2127 3247 1670 3248 2127 3248 2128 3248 1670 3249 1666 3249 2127 3249 1595 3250 2128 3250 1593 3250 1595 3251 1670 3251 2128 3251 2129 3252 1593 3252 2128 3252 1495 3253 2130 3253 2131 3253 2132 3254 2099 3254 2098 3254 2133 3255 2098 3255 1490 3255 2133 3256 2132 3256 2098 3256 2134 3257 2133 3257 1490 3257 2135 3258 2100 3258 2099 3258 2135 3259 2132 3259 2133 3259 2135 3260 2099 3260 2132 3260 2136 3261 2134 3261 1490 3261 2137 3262 2135 3262 2133 3262 2137 3263 2133 3263 2134 3263 2138 3264 2100 3264 2135 3264 2138 3265 2101 3265 2100 3265 2138 3266 2102 3266 2101 3266 2139 3267 2136 3267 1490 3267 2140 3268 2137 3268 2134 3268 2140 3269 2134 3269 2136 3269 2141 3270 2138 3270 2135 3270 2141 3271 2135 3271 2137 3271 2142 3272 2139 3272 1490 3272 2143 3273 2140 3273 2136 3273 2143 3274 2136 3274 2139 3274 2144 3275 2141 3275 2137 3275 2144 3276 2137 3276 2140 3276 2145 3277 2138 3277 2141 3277 2145 3278 2103 3278 2102 3278 2145 3279 2102 3279 2138 3279 2146 3280 2142 3280 1490 3280 2147 3281 2139 3281 2142 3281 2147 3282 2143 3282 2139 3282 2148 3283 2144 3283 2140 3283 2148 3284 2140 3284 2143 3284 2149 3285 2141 3285 2144 3285 2149 3286 2145 3286 2141 3286 2150 3287 2146 3287 1490 3287 2151 3288 2103 3288 2145 3288 2151 3289 2104 3289 2103 3289 2151 3290 2105 3290 2104 3290 2152 3291 2147 3291 2142 3291 2152 3292 2142 3292 2146 3292 2153 3293 2148 3293 2143 3293 2153 3294 2143 3294 2147 3294 2154 3295 2144 3295 2148 3295 2154 3296 2149 3296 2144 3296 2155 3297 2150 3297 1490 3297 2156 3298 2145 3298 2149 3298 2156 3299 2151 3299 2145 3299 2157 3300 2152 3300 2146 3300 2157 3301 2146 3301 2150 3301 2158 3302 2153 3302 2147 3302 2158 3303 2147 3303 2152 3303 2159 3304 2148 3304 2153 3304 2159 3305 2154 3305 2148 3305 2160 3306 2155 3306 1490 3306 2161 3307 2149 3307 2154 3307 2161 3308 2156 3308 2149 3308 2162 3309 2150 3309 2155 3309 2162 3310 2157 3310 2150 3310 2163 3311 2106 3311 2105 3311 2163 3312 2151 3312 2156 3312 2163 3313 2105 3313 2151 3313 2164 3314 2158 3314 2152 3314 2164 3315 2152 3315 2157 3315 2165 3316 2159 3316 2153 3316 2165 3317 2153 3317 2158 3317 2166 3318 2160 3318 1490 3318 2167 3319 2154 3319 2159 3319 2167 3320 2161 3320 2154 3320 2168 3321 2162 3321 2155 3321 2168 3322 2155 3322 2160 3322 2169 3323 2163 3323 2156 3323 2169 3324 2156 3324 2161 3324 2170 3325 2157 3325 2162 3325 2170 3326 2164 3326 2157 3326 2171 3327 2107 3327 2106 3327 2171 3328 2106 3328 2163 3328 2172 3329 2165 3329 2158 3329 2172 3330 2158 3330 2164 3330 2173 3331 2166 3331 1490 3331 2174 3332 2167 3332 2159 3332 2174 3333 2159 3333 2165 3333 2175 3334 2168 3334 2160 3334 2175 3335 2160 3335 2166 3335 2176 3336 2169 3336 2161 3336 2176 3337 2161 3337 2167 3337 2177 3338 2162 3338 2168 3338 2177 3339 2170 3339 2162 3339 2178 3340 2163 3340 2169 3340 2178 3341 2171 3341 2163 3341 2179 3342 2172 3342 2164 3342 2179 3343 2164 3343 2170 3343 2180 3344 2173 3344 1490 3344 2181 3345 2165 3345 2172 3345 2181 3346 2174 3346 2165 3346 2182 3347 2175 3347 2166 3347 2182 3348 2166 3348 2173 3348 2183 3349 2176 3349 2167 3349 2183 3350 2167 3350 2174 3350 2184 3351 2177 3351 2168 3351 2184 3352 2168 3352 2175 3352 2185 3353 2169 3353 2176 3353 2185 3354 2178 3354 2169 3354 2186 3355 2170 3355 2177 3355 2186 3356 2179 3356 2170 3356 2187 3357 2171 3357 2178 3357 2187 3358 2108 3358 2107 3358 2187 3359 2109 3359 2108 3359 2187 3360 2107 3360 2171 3360 2188 3361 2180 3361 1490 3361 2189 3362 2181 3362 2172 3362 2189 3363 2172 3363 2179 3363 2190 3364 2173 3364 2180 3364 2190 3365 2182 3365 2173 3365 2191 3366 2174 3366 2181 3366 2191 3367 2183 3367 2174 3367 2192 3368 2184 3368 2175 3368 2192 3369 2175 3369 2182 3369 2193 3370 2176 3370 2183 3370 2193 3371 2185 3371 2176 3371 2194 3372 2177 3372 2184 3372 2194 3373 2186 3373 2177 3373 2195 3374 2187 3374 2178 3374 2195 3375 2178 3375 2185 3375 2196 3376 2188 3376 1490 3376 2197 3377 2179 3377 2186 3377 2197 3378 2189 3378 2179 3378 2198 3379 2109 3379 2187 3379 2198 3380 2110 3380 2109 3380 2199 3381 2180 3381 2188 3381 2199 3382 2190 3382 2180 3382 2200 3383 2191 3383 2181 3383 2200 3384 2181 3384 2189 3384 2201 3385 2182 3385 2190 3385 2201 3386 2192 3386 2182 3386 2202 3387 2193 3387 2183 3387 2202 3388 2183 3388 2191 3388 2203 3389 2194 3389 2184 3389 2203 3390 2184 3390 2192 3390 2204 3391 2185 3391 2193 3391 2204 3392 2195 3392 2185 3392 2205 3393 2196 3393 1490 3393 2206 3394 2186 3394 2194 3394 2206 3395 2197 3395 2186 3395 2207 3396 2198 3396 2187 3396 2207 3397 2187 3397 2195 3397 2208 3398 2199 3398 2188 3398 2208 3399 2188 3399 2196 3399 2209 3400 2189 3400 2197 3400 2209 3401 2200 3401 2189 3401 2210 3402 2190 3402 2199 3402 2210 3403 2201 3403 2190 3403 2211 3404 2202 3404 2191 3404 2211 3405 2191 3405 2200 3405 2212 3406 2192 3406 2201 3406 2212 3407 2203 3407 2192 3407 2213 3408 2204 3408 2193 3408 2213 3409 2193 3409 2202 3409 2214 3410 2205 3410 1490 3410 2215 3411 2194 3411 2203 3411 2215 3412 2206 3412 2194 3412 2216 3413 2195 3413 2204 3413 2216 3414 2207 3414 2195 3414 2217 3415 2196 3415 2205 3415 2217 3416 2208 3416 2196 3416 2218 3417 2209 3417 2197 3417 2218 3418 2197 3418 2206 3418 2219 3419 2198 3419 2207 3419 2219 3420 2111 3420 2110 3420 2219 3421 2112 3421 2111 3421 2219 3422 2110 3422 2198 3422 2220 3423 2210 3423 2199 3423 2220 3424 2199 3424 2208 3424 2221 3425 2211 3425 2200 3425 2221 3426 2200 3426 2209 3426 2222 3427 2201 3427 2210 3427 2222 3428 2212 3428 2201 3428 2223 3429 2213 3429 2202 3429 2223 3430 2202 3430 2211 3430 2224 3431 2214 3431 1490 3431 2225 3432 2215 3432 2203 3432 2225 3433 2203 3433 2212 3433 2226 3434 2216 3434 2204 3434 2226 3435 2204 3435 2213 3435 2227 3436 2205 3436 2214 3436 2227 3437 2217 3437 2205 3437 2228 3438 2218 3438 2206 3438 2228 3439 2206 3439 2215 3439 2229 3440 2219 3440 2207 3440 2229 3441 2207 3441 2216 3441 2230 3442 2220 3442 2208 3442 2230 3443 2208 3443 2217 3443 2231 3444 2209 3444 2218 3444 2231 3445 2221 3445 2209 3445 2232 3446 2113 3446 2112 3446 2232 3447 2112 3447 2219 3447 2233 3448 2210 3448 2220 3448 2233 3449 2222 3449 2210 3449 2234 3450 2223 3450 2211 3450 2234 3451 2211 3451 2221 3451 2235 3452 2224 3452 1490 3452 2236 3453 2212 3453 2222 3453 2236 3454 2225 3454 2212 3454 2237 3455 2213 3455 2223 3455 2237 3456 2226 3456 2213 3456 2238 3457 2214 3457 2224 3457 2238 3458 2227 3458 2214 3458 2239 3459 2228 3459 2215 3459 2239 3460 2215 3460 2225 3460 2240 3461 2216 3461 2226 3461 2240 3462 2229 3462 2216 3462 2241 3463 2217 3463 2227 3463 2241 3464 2230 3464 2217 3464 2242 3465 2218 3465 2228 3465 2242 3466 2231 3466 2218 3466 2243 3467 2219 3467 2229 3467 2243 3468 2232 3468 2219 3468 2244 3469 2220 3469 2230 3469 2244 3470 2233 3470 2220 3470 2245 3471 2234 3471 2221 3471 2245 3472 2221 3472 2231 3472 2246 3473 2235 3473 1490 3473 2247 3474 2222 3474 2233 3474 2247 3475 2236 3475 2222 3475 2248 3476 2223 3476 2234 3476 2248 3477 2237 3477 2223 3477 2249 3478 2224 3478 2235 3478 2249 3479 2238 3479 2224 3479 2250 3480 2239 3480 2225 3480 2250 3481 2225 3481 2236 3481 2251 3482 2240 3482 2226 3482 2251 3483 2226 3483 2237 3483 2252 3484 2227 3484 2238 3484 2252 3485 2241 3485 2227 3485 2253 3486 2228 3486 2239 3486 2253 3487 2242 3487 2228 3487 2254 3488 2243 3488 2229 3488 2254 3489 2229 3489 2240 3489 2255 3490 2230 3490 2241 3490 2255 3491 2244 3491 2230 3491 2256 3492 2245 3492 2231 3492 2256 3493 2231 3493 2242 3493 2257 3494 2232 3494 2243 3494 2257 3495 2114 3495 2113 3495 2257 3496 2113 3496 2232 3496 2258 3497 2246 3497 1490 3497 2259 3498 2233 3498 2244 3498 2259 3499 2247 3499 2233 3499 2260 3500 2234 3500 2245 3500 2260 3501 2248 3501 2234 3501 2261 3502 2249 3502 2235 3502 2261 3503 2235 3503 2246 3503 2262 3504 2236 3504 2247 3504 2262 3505 2250 3505 2236 3505 2263 3506 2251 3506 2237 3506 2263 3507 2237 3507 2248 3507 2264 3508 2252 3508 2238 3508 2264 3509 2238 3509 2249 3509 2265 3510 2253 3510 2239 3510 2265 3511 2239 3511 2250 3511 2266 3512 2240 3512 2251 3512 2266 3513 2254 3513 2240 3513 2267 3514 2255 3514 2241 3514 2267 3515 2241 3515 2252 3515 2268 3516 2256 3516 2242 3516 2268 3517 2242 3517 2253 3517 2269 3518 2257 3518 2243 3518 2269 3519 2243 3519 2254 3519 2270 3520 2258 3520 1490 3520 2270 3521 1490 3521 2271 3521 2272 3522 2244 3522 2255 3522 2272 3523 2259 3523 2244 3523 2273 3524 2245 3524 2256 3524 2273 3525 2260 3525 2245 3525 2274 3526 2115 3526 2114 3526 2274 3527 2116 3527 2115 3527 2274 3528 2114 3528 2257 3528 2275 3529 2246 3529 2258 3529 2275 3530 2261 3530 2246 3530 2276 3531 2262 3531 2247 3531 2276 3532 2247 3532 2259 3532 2277 3533 2263 3533 2248 3533 2277 3534 2248 3534 2260 3534 2278 3535 2249 3535 2261 3535 2278 3536 2264 3536 2249 3536 2279 3537 2265 3537 2250 3537 2279 3538 2250 3538 2262 3538 2280 3539 2266 3539 2251 3539 2280 3540 2251 3540 2263 3540 2281 3541 2267 3541 2252 3541 2281 3542 2252 3542 2264 3542 2282 3543 2268 3543 2253 3543 2282 3544 2253 3544 2265 3544 2283 3545 2269 3545 2254 3545 2283 3546 2254 3546 2266 3546 2284 3547 2270 3547 2271 3547 2284 3548 2271 3548 2285 3548 2286 3549 2255 3549 2267 3549 2286 3550 2272 3550 2255 3550 2287 3551 2256 3551 2268 3551 2287 3552 2273 3552 2256 3552 2288 3553 2274 3553 2257 3553 2288 3554 2257 3554 2269 3554 2289 3555 2275 3555 2258 3555 2289 3556 2258 3556 2270 3556 2290 3557 2259 3557 2272 3557 2290 3558 2276 3558 2259 3558 2291 3559 2260 3559 2273 3559 2291 3560 2277 3560 2260 3560 2292 3561 2261 3561 2275 3561 2292 3562 2278 3562 2261 3562 2293 3563 2279 3563 2262 3563 2293 3564 2262 3564 2276 3564 2294 3565 2280 3565 2263 3565 2294 3566 2263 3566 2277 3566 2295 3567 2264 3567 2278 3567 2295 3568 2281 3568 2264 3568 2296 3569 2282 3569 2265 3569 2296 3570 2265 3570 2279 3570 2297 3571 2266 3571 2280 3571 2297 3572 2283 3572 2266 3572 2298 3573 2286 3573 2267 3573 2298 3574 2267 3574 2281 3574 2299 3575 2287 3575 2268 3575 2299 3576 2268 3576 2282 3576 2300 3577 2269 3577 2283 3577 2300 3578 2288 3578 2269 3578 2301 3579 2289 3579 2270 3579 2301 3580 2284 3580 2285 3580 2301 3581 2270 3581 2284 3581 2301 3582 2285 3582 2302 3582 2303 3583 2290 3583 2272 3583 2303 3584 2272 3584 2286 3584 2304 3585 2291 3585 2273 3585 2304 3586 2273 3586 2287 3586 2305 3587 2274 3587 2288 3587 2305 3588 2117 3588 2116 3588 2305 3589 2116 3589 2274 3589 2306 3590 2275 3590 2289 3590 2306 3591 2292 3591 2275 3591 2307 3592 2276 3592 2290 3592 2307 3593 2293 3593 2276 3593 2308 3594 2294 3594 2277 3594 2308 3595 2277 3595 2291 3595 2309 3596 2278 3596 2292 3596 2309 3597 2295 3597 2278 3597 2310 3598 2296 3598 2279 3598 2310 3599 2279 3599 2293 3599 2311 3600 2280 3600 2294 3600 2311 3601 2297 3601 2280 3601 2312 3602 2281 3602 2295 3602 2312 3603 2298 3603 2281 3603 2313 3604 2282 3604 2296 3604 2313 3605 2299 3605 2282 3605 2314 3606 2300 3606 2283 3606 2314 3607 2283 3607 2297 3607 2315 3608 2286 3608 2298 3608 2315 3609 2303 3609 2286 3609 2316 3610 2287 3610 2299 3610 2316 3611 2304 3611 2287 3611 2317 3612 2305 3612 2288 3612 2317 3613 2288 3613 2300 3613 2318 3614 2289 3614 2301 3614 2318 3615 2306 3615 2289 3615 2319 3616 2290 3616 2303 3616 2319 3617 2307 3617 2290 3617 2320 3618 2291 3618 2304 3618 2320 3619 2308 3619 2291 3619 2321 3620 2117 3620 2305 3620 2321 3621 2118 3621 2117 3621 2321 3622 2119 3622 2118 3622 2322 3623 2292 3623 2306 3623 2322 3624 2309 3624 2292 3624 2323 3625 2293 3625 2307 3625 2323 3626 2310 3626 2293 3626 2324 3627 2311 3627 2294 3627 2324 3628 2294 3628 2308 3628 2325 3629 2312 3629 2295 3629 2325 3630 2295 3630 2309 3630 2326 3631 2296 3631 2310 3631 2326 3632 2313 3632 2296 3632 2327 3633 2297 3633 2311 3633 2327 3634 2314 3634 2297 3634 2328 3635 2315 3635 2298 3635 2328 3636 2298 3636 2312 3636 2329 3637 2316 3637 2299 3637 2329 3638 2299 3638 2313 3638 2330 3639 2300 3639 2314 3639 2330 3640 2317 3640 2300 3640 2331 3641 2318 3641 2301 3641 2331 3642 2301 3642 2302 3642 2331 3643 2332 3643 2333 3643 2331 3644 2302 3644 2332 3644 2334 3645 2319 3645 2303 3645 2334 3646 2303 3646 2315 3646 2335 3647 2304 3647 2316 3647 2335 3648 2320 3648 2304 3648 2336 3649 2321 3649 2305 3649 2336 3650 2305 3650 2317 3650 2337 3651 2306 3651 2318 3651 2337 3652 2322 3652 2306 3652 2338 3653 2323 3653 2307 3653 2338 3654 2307 3654 2319 3654 2339 3655 2308 3655 2320 3655 2339 3656 2324 3656 2308 3656 2340 3657 2309 3657 2322 3657 2340 3658 2325 3658 2309 3658 2341 3659 2310 3659 2323 3659 2341 3660 2326 3660 2310 3660 2342 3661 2327 3661 2311 3661 2342 3662 2311 3662 2324 3662 2343 3663 2328 3663 2312 3663 2343 3664 2312 3664 2325 3664 2344 3665 2313 3665 2326 3665 2344 3666 2329 3666 2313 3666 2345 3667 2314 3667 2327 3667 2345 3668 2330 3668 2314 3668 2346 3669 2315 3669 2328 3669 2346 3670 2334 3670 2315 3670 2347 3671 2335 3671 2316 3671 2347 3672 2316 3672 2329 3672 2348 3673 2317 3673 2330 3673 2348 3674 2336 3674 2317 3674 2349 3675 2318 3675 2331 3675 2349 3676 2337 3676 2318 3676 2349 3677 2331 3677 2333 3677 2349 3678 2333 3678 2350 3678 2351 3679 2319 3679 2334 3679 2351 3680 2338 3680 2319 3680 2352 3681 2339 3681 2320 3681 2352 3682 2320 3682 2335 3682 2353 3683 2321 3683 2336 3683 2353 3684 2119 3684 2321 3684 2353 3685 2120 3685 2119 3685 2354 3686 2340 3686 2322 3686 2354 3687 2322 3687 2337 3687 2355 3688 2323 3688 2338 3688 2355 3689 2341 3689 2323 3689 2356 3690 2342 3690 2324 3690 2356 3691 2324 3691 2339 3691 2357 3692 2325 3692 2340 3692 2357 3693 2343 3693 2325 3693 2358 3694 2326 3694 2341 3694 2358 3695 2344 3695 2326 3695 2359 3696 2345 3696 2327 3696 2359 3697 2327 3697 2342 3697 2360 3698 2328 3698 2343 3698 2360 3699 2346 3699 2328 3699 2361 3700 2329 3700 2344 3700 2361 3701 2347 3701 2329 3701 2362 3702 2330 3702 2345 3702 2362 3703 2348 3703 2330 3703 2363 3704 2351 3704 2334 3704 2363 3705 2334 3705 2346 3705 2364 3706 2352 3706 2335 3706 2364 3707 2335 3707 2347 3707 2365 3708 2336 3708 2348 3708 2365 3709 2353 3709 2336 3709 2366 3710 2337 3710 2349 3710 2366 3711 2354 3711 2337 3711 2367 3712 2355 3712 2338 3712 2367 3713 2338 3713 2351 3713 2368 3714 2339 3714 2352 3714 2368 3715 2356 3715 2339 3715 2369 3716 2120 3716 2353 3716 2369 3717 2121 3717 2120 3717 2370 3718 2340 3718 2354 3718 2370 3719 2357 3719 2340 3719 2371 3720 2341 3720 2355 3720 2371 3721 2358 3721 2341 3721 2372 3722 2359 3722 2342 3722 2372 3723 2342 3723 2356 3723 2373 3724 2343 3724 2357 3724 2373 3725 2360 3725 2343 3725 2374 3726 2344 3726 2358 3726 2374 3727 2361 3727 2344 3727 2375 3728 2345 3728 2359 3728 2375 3729 2362 3729 2345 3729 2376 3730 2363 3730 2346 3730 2376 3731 2346 3731 2360 3731 2377 3732 2364 3732 2347 3732 2377 3733 2347 3733 2361 3733 2378 3734 2348 3734 2362 3734 2378 3735 2365 3735 2348 3735 2379 3736 2349 3736 2350 3736 2379 3737 2366 3737 2349 3737 2379 3738 2380 3738 2381 3738 2379 3739 2350 3739 2380 3739 2382 3740 2351 3740 2363 3740 2382 3741 2367 3741 2351 3741 2383 3742 2352 3742 2364 3742 2383 3743 2368 3743 2352 3743 2384 3744 2353 3744 2365 3744 2384 3745 2369 3745 2353 3745 2385 3746 2354 3746 2366 3746 2385 3747 2370 3747 2354 3747 2386 3748 2355 3748 2367 3748 2386 3749 2371 3749 2355 3749 2387 3750 2356 3750 2368 3750 2387 3751 2372 3751 2356 3751 2388 3752 2373 3752 2357 3752 2388 3753 2357 3753 2370 3753 2389 3754 2374 3754 2358 3754 2389 3755 2358 3755 2371 3755 2390 3756 2359 3756 2372 3756 2390 3757 2375 3757 2359 3757 2391 3758 2360 3758 2373 3758 2391 3759 2376 3759 2360 3759 2392 3760 2361 3760 2374 3760 2392 3761 2377 3761 2361 3761 2393 3762 2378 3762 2362 3762 2393 3763 2362 3763 2375 3763 2394 3764 2363 3764 2376 3764 2394 3765 2382 3765 2363 3765 2395 3766 2364 3766 2377 3766 2395 3767 2383 3767 2364 3767 2396 3768 2365 3768 2378 3768 2396 3769 2384 3769 2365 3769 2397 3770 2379 3770 2381 3770 2397 3771 2366 3771 2379 3771 2397 3772 2385 3772 2366 3772 2397 3773 2381 3773 2398 3773 2399 3774 2386 3774 2367 3774 2399 3775 2367 3775 2382 3775 2400 3776 2368 3776 2383 3776 2400 3777 2387 3777 2368 3777 2401 3778 2369 3778 2384 3778 2401 3779 2122 3779 2121 3779 2401 3780 2123 3780 2122 3780 2401 3781 2121 3781 2369 3781 2402 3782 2370 3782 2385 3782 2402 3783 2388 3783 2370 3783 2403 3784 2371 3784 2386 3784 2403 3785 2389 3785 2371 3785 2404 3786 2372 3786 2387 3786 2404 3787 2390 3787 2372 3787 2405 3788 2391 3788 2373 3788 2405 3789 2373 3789 2388 3789 2406 3790 2392 3790 2374 3790 2406 3791 2374 3791 2389 3791 2407 3792 2375 3792 2390 3792 2407 3793 2393 3793 2375 3793 2408 3794 2394 3794 2376 3794 2408 3795 2376 3795 2391 3795 2409 3796 2395 3796 2377 3796 2409 3797 2377 3797 2392 3797 2410 3798 2378 3798 2393 3798 2410 3799 2396 3799 2378 3799 2411 3800 2382 3800 2394 3800 2411 3801 2399 3801 2382 3801 2412 3802 2383 3802 2395 3802 2412 3803 2400 3803 2383 3803 2413 3804 2401 3804 2384 3804 2413 3805 2384 3805 2396 3805 2414 3806 2402 3806 2385 3806 2414 3807 2385 3807 2397 3807 2415 3808 2403 3808 2386 3808 2415 3809 2386 3809 2399 3809 2416 3810 2404 3810 2387 3810 2416 3811 2387 3811 2400 3811 2417 3812 2124 3812 2123 3812 2417 3813 2123 3813 2401 3813 2418 3814 2388 3814 2402 3814 2418 3815 2405 3815 2388 3815 2419 3816 2406 3816 2389 3816 2419 3817 2389 3817 2403 3817 2420 3818 2407 3818 2390 3818 2420 3819 2390 3819 2404 3819 2421 3820 2408 3820 2391 3820 2421 3821 2391 3821 2405 3821 2422 3822 2392 3822 2406 3822 2422 3823 2409 3823 2392 3823 2423 3824 2393 3824 2407 3824 2423 3825 2410 3825 2393 3825 2424 3826 2411 3826 2394 3826 2424 3827 2394 3827 2408 3827 2425 3828 2395 3828 2409 3828 2425 3829 2412 3829 2395 3829 2426 3830 2413 3830 2396 3830 2426 3831 2396 3831 2410 3831 2427 3832 2414 3832 2397 3832 2427 3833 2397 3833 2398 3833 2427 3834 2398 3834 2428 3834 2429 3835 2415 3835 2399 3835 2429 3836 2399 3836 2411 3836 2430 3837 2416 3837 2400 3837 2430 3838 2400 3838 2412 3838 2431 3839 2417 3839 2401 3839 2431 3840 2401 3840 2413 3840 2432 3841 2402 3841 2414 3841 2432 3842 2418 3842 2402 3842 2433 3843 2403 3843 2415 3843 2433 3844 2419 3844 2403 3844 2434 3845 2420 3845 2404 3845 2434 3846 2404 3846 2416 3846 2435 3847 2405 3847 2418 3847 2435 3848 2421 3848 2405 3848 2436 3849 2406 3849 2419 3849 2436 3850 2422 3850 2406 3850 2437 3851 2423 3851 2407 3851 2437 3852 2407 3852 2420 3852 2438 3853 2424 3853 2408 3853 2438 3854 2408 3854 2421 3854 2439 3855 2425 3855 2409 3855 2439 3856 2409 3856 2422 3856 2440 3857 2426 3857 2410 3857 2440 3858 2410 3858 2423 3858 2441 3859 2429 3859 2411 3859 2441 3860 2411 3860 2424 3860 2442 3861 2430 3861 2412 3861 2442 3862 2412 3862 2425 3862 2443 3863 2431 3863 2413 3863 2443 3864 2413 3864 2426 3864 2444 3865 2432 3865 2414 3865 2444 3866 2427 3866 2428 3866 2444 3867 2445 3867 2446 3867 2444 3868 2428 3868 2445 3868 2444 3869 2414 3869 2427 3869 2447 3870 2415 3870 2429 3870 2447 3871 2433 3871 2415 3871 2448 3872 2416 3872 2430 3872 2448 3873 2434 3873 2416 3873 2449 3874 2124 3874 2417 3874 2449 3875 2125 3875 2124 3875 2449 3876 2126 3876 2125 3876 2449 3877 2417 3877 2431 3877 2450 3878 2435 3878 2418 3878 2450 3879 2418 3879 2432 3879 2451 3880 2436 3880 2419 3880 2451 3881 2419 3881 2433 3881 2452 3882 2420 3882 2434 3882 2452 3883 2437 3883 2420 3883 2453 3884 2421 3884 2435 3884 2453 3885 2438 3885 2421 3885 2454 3886 2439 3886 2422 3886 2454 3887 2422 3887 2436 3887 2455 3888 2423 3888 2437 3888 2455 3889 2440 3889 2423 3889 2456 3890 2441 3890 2424 3890 2456 3891 2424 3891 2438 3891 2457 3892 2425 3892 2439 3892 2457 3893 2442 3893 2425 3893 2458 3894 2426 3894 2440 3894 2458 3895 2443 3895 2426 3895 2459 3896 2447 3896 2429 3896 2459 3897 2429 3897 2441 3897 2460 3898 2430 3898 2442 3898 2460 3899 2448 3899 2430 3899 2461 3900 2431 3900 2443 3900 2461 3901 2449 3901 2431 3901 2462 3902 2432 3902 2444 3902 2462 3903 2450 3903 2432 3903 2463 3904 2433 3904 2447 3904 2463 3905 2451 3905 2433 3905 2464 3906 2452 3906 2434 3906 2464 3907 2434 3907 2448 3907 2465 3908 2127 3908 2126 3908 2465 3909 2126 3909 2449 3909 2466 3910 2435 3910 2450 3910 2466 3911 2453 3911 2435 3911 2467 3912 2454 3912 2436 3912 2467 3913 2436 3913 2451 3913 2468 3914 2437 3914 2452 3914 2468 3915 2455 3915 2437 3915 2469 3916 2438 3916 2453 3916 2469 3917 2456 3917 2438 3917 2470 3918 2457 3918 2439 3918 2470 3919 2439 3919 2454 3919 2471 3920 2440 3920 2455 3920 2471 3921 2458 3921 2440 3921 2472 3922 2459 3922 2441 3922 2472 3923 2441 3923 2456 3923 2473 3924 2460 3924 2442 3924 2473 3925 2442 3925 2457 3925 2474 3926 2461 3926 2443 3926 2474 3927 2443 3927 2458 3927 2475 3928 2462 3928 2444 3928 2475 3929 2446 3929 2476 3929 2475 3930 2444 3930 2446 3930 2477 3931 2463 3931 2447 3931 2477 3932 2447 3932 2459 3932 2478 3933 2464 3933 2448 3933 2478 3934 2448 3934 2460 3934 2479 3935 2449 3935 2461 3935 2479 3936 2465 3936 2449 3936 2480 3937 2466 3937 2450 3937 2480 3938 2450 3938 2462 3938 2481 3939 2467 3939 2451 3939 2481 3940 2451 3940 2463 3940 2482 3941 2468 3941 2452 3941 2482 3942 2452 3942 2464 3942 2483 3943 2469 3943 2453 3943 2483 3944 2453 3944 2466 3944 2484 3945 2470 3945 2454 3945 2484 3946 2454 3946 2467 3946 2485 3947 2455 3947 2468 3947 2485 3948 2471 3948 2455 3948 2486 3949 2472 3949 2456 3949 2486 3950 2456 3950 2469 3950 2487 3951 2457 3951 2470 3951 2487 3952 2473 3952 2457 3952 2488 3953 2458 3953 2471 3953 2488 3954 2474 3954 2458 3954 2489 3955 2459 3955 2472 3955 2489 3956 2477 3956 2459 3956 2490 3957 2460 3957 2473 3957 2490 3958 2478 3958 2460 3958 2491 3959 2479 3959 2461 3959 2491 3960 2461 3960 2474 3960 2492 3961 2480 3961 2462 3961 2492 3962 2462 3962 2475 3962 2492 3963 2475 3963 2476 3963 2492 3964 2493 3964 2494 3964 2492 3965 2476 3965 2493 3965 2495 3966 2463 3966 2477 3966 2495 3967 2481 3967 2463 3967 2496 3968 2464 3968 2478 3968 2496 3969 2482 3969 2464 3969 2497 3970 2498 3970 2129 3970 2497 3971 2465 3971 2479 3971 2497 3972 2127 3972 2465 3972 2497 3973 2128 3973 2127 3973 2497 3974 2129 3974 2128 3974 2499 3975 2466 3975 2480 3975 2499 3976 2483 3976 2466 3976 2500 3977 2467 3977 2481 3977 2500 3978 2484 3978 2467 3978 2501 3979 2485 3979 2468 3979 2501 3980 2468 3980 2482 3980 2502 3981 2469 3981 2483 3981 2502 3982 2486 3982 2469 3982 2503 3983 2487 3983 2470 3983 2503 3984 2470 3984 2484 3984 2504 3985 2471 3985 2485 3985 2504 3986 2488 3986 2471 3986 2505 3987 2472 3987 2486 3987 2505 3988 2489 3988 2472 3988 2506 3989 2490 3989 2473 3989 2506 3990 2473 3990 2487 3990 2507 3991 2474 3991 2488 3991 2507 3992 2491 3992 2474 3992 2508 3993 2495 3993 2477 3993 2508 3994 2477 3994 2489 3994 2509 3995 2478 3995 2490 3995 2509 3996 2496 3996 2478 3996 2510 3997 2511 3997 2498 3997 2510 3998 2479 3998 2491 3998 2510 3999 2497 3999 2479 3999 2510 4000 2498 4000 2497 4000 2512 4001 2480 4001 2492 4001 2512 4002 2499 4002 2480 4002 2513 4003 2500 4003 2481 4003 2513 4004 2481 4004 2495 4004 2514 4005 2482 4005 2496 4005 2514 4006 2501 4006 2482 4006 2515 4007 2483 4007 2499 4007 2515 4008 2502 4008 2483 4008 2516 4009 2484 4009 2500 4009 2516 4010 2503 4010 2484 4010 2517 4011 2504 4011 2485 4011 2517 4012 2485 4012 2501 4012 2518 4013 2505 4013 2486 4013 2518 4014 2486 4014 2502 4014 2519 4015 2487 4015 2503 4015 2519 4016 2506 4016 2487 4016 2520 4017 2488 4017 2504 4017 2520 4018 2507 4018 2488 4018 2521 4019 2489 4019 2505 4019 2521 4020 2508 4020 2489 4020 2522 4021 2490 4021 2506 4021 2522 4022 2509 4022 2490 4022 2523 4023 2524 4023 2511 4023 2523 4024 2525 4024 2524 4024 2523 4025 2511 4025 2510 4025 2523 4026 2491 4026 2507 4026 2523 4027 2510 4027 2491 4027 2526 4028 2492 4028 2494 4028 2526 4029 2512 4029 2492 4029 2526 4030 2494 4030 2527 4030 2528 4031 2513 4031 2495 4031 2528 4032 2495 4032 2508 4032 2529 4033 2514 4033 2496 4033 2529 4034 2496 4034 2509 4034 2530 4035 2515 4035 2499 4035 2530 4036 2499 4036 2512 4036 2531 4037 2500 4037 2513 4037 2531 4038 2516 4038 2500 4038 2532 4039 2501 4039 2514 4039 2532 4040 2517 4040 2501 4040 2533 4041 2502 4041 2515 4041 2533 4042 2518 4042 2502 4042 2534 4043 2503 4043 2516 4043 2534 4044 2519 4044 2503 4044 2535 4045 2504 4045 2517 4045 2535 4046 2520 4046 2504 4046 2536 4047 2505 4047 2518 4047 2536 4048 2521 4048 2505 4048 2537 4049 2506 4049 2519 4049 2537 4050 2522 4050 2506 4050 2538 4051 2523 4051 2507 4051 2538 4052 2539 4052 2525 4052 2538 4053 2525 4053 2523 4053 2538 4054 2507 4054 2520 4054 2540 4055 2508 4055 2521 4055 2540 4056 2528 4056 2508 4056 2541 4057 2509 4057 2522 4057 2541 4058 2529 4058 2509 4058 2542 4059 2512 4059 2526 4059 2542 4060 2526 4060 2527 4060 2542 4061 2530 4061 2512 4061 2542 4062 2527 4062 2543 4062 2544 4063 2513 4063 2528 4063 2544 4064 2531 4064 2513 4064 2545 4065 2532 4065 2514 4065 2545 4066 2514 4066 2529 4066 2546 4067 2533 4067 2515 4067 2546 4068 2515 4068 2530 4068 2547 4069 2516 4069 2531 4069 2547 4070 2534 4070 2516 4070 2548 4071 2517 4071 2532 4071 2548 4072 2535 4072 2517 4072 2549 4073 2536 4073 2518 4073 2549 4074 2518 4074 2533 4074 2550 4075 2519 4075 2534 4075 2550 4076 2537 4076 2519 4076 2551 4077 2539 4077 2538 4077 2551 4078 2552 4078 2539 4078 2551 4079 2553 4079 2552 4079 2551 4080 2520 4080 2535 4080 2551 4081 2538 4081 2520 4081 2554 4082 2540 4082 2521 4082 2554 4083 2521 4083 2536 4083 2555 4084 2522 4084 2537 4084 2555 4085 2541 4085 2522 4085 2556 4086 2528 4086 2540 4086 2556 4087 2544 4087 2528 4087 2557 4088 2545 4088 2529 4088 2557 4089 2529 4089 2541 4089 2558 4090 2530 4090 2542 4090 2558 4091 2546 4091 2530 4091 2559 4092 2531 4092 2544 4092 2559 4093 2547 4093 2531 4093 2560 4094 2532 4094 2545 4094 2560 4095 2548 4095 2532 4095 2561 4096 2533 4096 2546 4096 2561 4097 2549 4097 2533 4097 2562 4098 2550 4098 2534 4098 2562 4099 2534 4099 2547 4099 2563 4100 2564 4100 2553 4100 2563 4101 2553 4101 2551 4101 2563 4102 2535 4102 2548 4102 2563 4103 2551 4103 2535 4103 2565 4104 2536 4104 2549 4104 2565 4105 2554 4105 2536 4105 2566 4106 2555 4106 2537 4106 2566 4107 2537 4107 2550 4107 2567 4108 2556 4108 2540 4108 2567 4109 2540 4109 2554 4109 2568 4110 2541 4110 2555 4110 2568 4111 2557 4111 2541 4111 2569 4112 2558 4112 2542 4112 2569 4113 2542 4113 2543 4113 2569 4114 2570 4114 2571 4114 2569 4115 2543 4115 2570 4115 2572 4116 2559 4116 2544 4116 2572 4117 2544 4117 2556 4117 2573 4118 2545 4118 2557 4118 2573 4119 2560 4119 2545 4119 2574 4120 2546 4120 2558 4120 2574 4121 2561 4121 2546 4121 2575 4122 2562 4122 2547 4122 2575 4123 2547 4123 2559 4123 2576 4124 2563 4124 2548 4124 2576 4125 2577 4125 2564 4125 2576 4126 2564 4126 2563 4126 2576 4127 2548 4127 2560 4127 2578 4128 2549 4128 2561 4128 2578 4129 2565 4129 2549 4129 2579 4130 2566 4130 2550 4130 2579 4131 2550 4131 2562 4131 2580 4132 2554 4132 2565 4132 2580 4133 2567 4133 2554 4133 2581 4134 2555 4134 2566 4134 2581 4135 2568 4135 2555 4135 2582 4136 2556 4136 2567 4136 2582 4137 2572 4137 2556 4137 2583 4138 2573 4138 2557 4138 2583 4139 2557 4139 2568 4139 2584 4140 2569 4140 2571 4140 2584 4141 2574 4141 2558 4141 2584 4142 2571 4142 2585 4142 2584 4143 2558 4143 2569 4143 2586 4144 2575 4144 2559 4144 2586 4145 2559 4145 2572 4145 2587 4146 2588 4146 2577 4146 2587 4147 2589 4147 2588 4147 2587 4148 2560 4148 2573 4148 2587 4149 2576 4149 2560 4149 2587 4150 2577 4150 2576 4150 2590 4151 2578 4151 2561 4151 2590 4152 2561 4152 2574 4152 2591 4153 2562 4153 2575 4153 2591 4154 2579 4154 2562 4154 2592 4155 2580 4155 2565 4155 2592 4156 2565 4156 2578 4156 2593 4157 2581 4157 2566 4157 2593 4158 2566 4158 2579 4158 2594 4159 2567 4159 2580 4159 2594 4160 2582 4160 2567 4160 2595 4161 2583 4161 2568 4161 2595 4162 2568 4162 2581 4162 2596 4163 2572 4163 2582 4163 2596 4164 2586 4164 2572 4164 2597 4165 2598 4165 2589 4165 2597 4166 2589 4166 2587 4166 2597 4167 2573 4167 2583 4167 2597 4168 2587 4168 2573 4168 2599 4169 2574 4169 2584 4169 2599 4170 2590 4170 2574 4170 2600 4171 2591 4171 2575 4171 2600 4172 2575 4172 2586 4172 2601 4173 2592 4173 2578 4173 2601 4174 2578 4174 2590 4174 2602 4175 2579 4175 2591 4175 2602 4176 2593 4176 2579 4176 2603 4177 2594 4177 2580 4177 2603 4178 2580 4178 2592 4178 2604 4179 2595 4179 2581 4179 2604 4180 2581 4180 2593 4180 2605 4181 2596 4181 2582 4181 2605 4182 2582 4182 2594 4182 2606 4183 2607 4183 2598 4183 2606 4184 2608 4184 2607 4184 2606 4185 2598 4185 2597 4185 2606 4186 2597 4186 2583 4186 2606 4187 2583 4187 2595 4187 2609 4188 2584 4188 2585 4188 2609 4189 2599 4189 2584 4189 2609 4190 2610 4190 2611 4190 2609 4191 2585 4191 2610 4191 2612 4192 2586 4192 2596 4192 2612 4193 2600 4193 2586 4193 2613 4194 2590 4194 2599 4194 2613 4195 2601 4195 2590 4195 2614 4196 2591 4196 2600 4196 2614 4197 2602 4197 2591 4197 2615 4198 2603 4198 2592 4198 2615 4199 2592 4199 2601 4199 2616 4200 2593 4200 2602 4200 2616 4201 2604 4201 2593 4201 2617 4202 2594 4202 2603 4202 2617 4203 2605 4203 2594 4203 2618 4204 2606 4204 2595 4204 2618 4205 2619 4205 2608 4205 2618 4206 2608 4206 2606 4206 2618 4207 2595 4207 2604 4207 2620 4208 2612 4208 2596 4208 2620 4209 2596 4209 2605 4209 2621 4210 2599 4210 2609 4210 2621 4211 2609 4211 2611 4211 2621 4212 2611 4212 2622 4212 2621 4213 2613 4213 2599 4213 2623 4214 2614 4214 2600 4214 2623 4215 2600 4215 2612 4215 2624 4216 2615 4216 2601 4216 2624 4217 2601 4217 2613 4217 2625 4218 2602 4218 2614 4218 2625 4219 2616 4219 2602 4219 2626 4220 2617 4220 2603 4220 2626 4221 2603 4221 2615 4221 2627 4222 2628 4222 2619 4222 2627 4223 2604 4223 2616 4223 2627 4224 2618 4224 2604 4224 2627 4225 2619 4225 2618 4225 2629 4226 2605 4226 2617 4226 2629 4227 2620 4227 2605 4227 2630 4228 2623 4228 2612 4228 2630 4229 2612 4229 2620 4229 2631 4230 2613 4230 2621 4230 2631 4231 2624 4231 2613 4231 2632 4232 2614 4232 2623 4232 2632 4233 2625 4233 2614 4233 2633 4234 2626 4234 2615 4234 2633 4235 2615 4235 2624 4235 2634 4236 2628 4236 2627 4236 2634 4237 2635 4237 2628 4237 2634 4238 2636 4238 2635 4238 2634 4239 2627 4239 2616 4239 2634 4240 2616 4240 2625 4240 2637 4241 2629 4241 2617 4241 2637 4242 2617 4242 2626 4242 2638 4243 2620 4243 2629 4243 2638 4244 2630 4244 2620 4244 2639 4245 2631 4245 2621 4245 2639 4246 2621 4246 2622 4246 2639 4247 2622 4247 2640 4247 2641 4248 2623 4248 2630 4248 2641 4249 2632 4249 2623 4249 2642 4250 2624 4250 2631 4250 2642 4251 2633 4251 2624 4251 2643 4252 2644 4252 2636 4252 2643 4253 2636 4253 2634 4253 2643 4254 2625 4254 2632 4254 2643 4255 2634 4255 2625 4255 2645 4256 2626 4256 2633 4256 2645 4257 2637 4257 2626 4257 2646 4258 2629 4258 2637 4258 2646 4259 2638 4259 2629 4259 2647 4260 2630 4260 2638 4260 2647 4261 2641 4261 2630 4261 2648 4262 2642 4262 2631 4262 2648 4263 2631 4263 2639 4263 2648 4264 2649 4264 2650 4264 2648 4265 2640 4265 2649 4265 2648 4266 2639 4266 2640 4266 2651 4267 2652 4267 2644 4267 2651 4268 2653 4268 2652 4268 2651 4269 2644 4269 2643 4269 2651 4270 2632 4270 2641 4270 2651 4271 2643 4271 2632 4271 2654 4272 2645 4272 2633 4272 2654 4273 2633 4273 2642 4273 2655 4274 2637 4274 2645 4274 2655 4275 2646 4275 2637 4275 2656 4276 2638 4276 2646 4276 2656 4277 2647 4277 2638 4277 2657 4278 2651 4278 2641 4278 2657 4279 2658 4279 2653 4279 2657 4280 2653 4280 2651 4280 2657 4281 2641 4281 2647 4281 2659 4282 2654 4282 2642 4282 2659 4283 2642 4283 2648 4283 2660 4284 2655 4284 2645 4284 2660 4285 2645 4285 2654 4285 2661 4286 2646 4286 2655 4286 2661 4287 2656 4287 2646 4287 2662 4288 2647 4288 2656 4288 2662 4289 2658 4289 2657 4289 2662 4290 2663 4290 2658 4290 2662 4291 2657 4291 2647 4291 2664 4292 2659 4292 2648 4292 2664 4293 2650 4293 2665 4293 2664 4294 2648 4294 2650 4294 2666 4295 2660 4295 2654 4295 2666 4296 2654 4296 2659 4296 2667 4297 2655 4297 2660 4297 2667 4298 2661 4298 2655 4298 2668 4299 2662 4299 2656 4299 2668 4300 2656 4300 2661 4300 2668 4301 2663 4301 2662 4301 2668 4302 2669 4302 2663 4302 2668 4303 2670 4303 2669 4303 2671 4304 2659 4304 2664 4304 2671 4305 2664 4305 2665 4305 2671 4306 2666 4306 2659 4306 2671 4307 2672 4307 2673 4307 2671 4308 2665 4308 2672 4308 2674 4309 2660 4309 2666 4309 2674 4310 2667 4310 2660 4310 2675 4311 2668 4311 2661 4311 2675 4312 2676 4312 2670 4312 2675 4313 2661 4313 2667 4313 2675 4314 2670 4314 2668 4314 2677 4315 2666 4315 2671 4315 2677 4316 2674 4316 2666 4316 2678 4317 2679 4317 2676 4317 2678 4318 2680 4318 2679 4318 2678 4319 2676 4319 2675 4319 2678 4320 2667 4320 2674 4320 2678 4321 2675 4321 2667 4321 2681 4322 2671 4322 2673 4322 2681 4323 2673 4323 2682 4323 2681 4324 2677 4324 2671 4324 2683 4325 2680 4325 2678 4325 2683 4326 2684 4326 2680 4326 2683 4327 2674 4327 2677 4327 2683 4328 2678 4328 2674 4328 2685 4329 2130 4329 2684 4329 2685 4330 2684 4330 2683 4330 2685 4331 2681 4331 2682 4331 2685 4332 2677 4332 2681 4332 2685 4333 2683 4333 2677 4333 2685 4334 2682 4334 2131 4334 2685 4335 2131 4335 2130 4335 1490 4336 1492 4336 2686 4336 2271 4337 1490 4337 2686 4337 2285 4338 2686 4338 2687 4338 2285 4339 2271 4339 2686 4339 2302 4340 2688 4340 2689 4340 2302 4341 2687 4341 2688 4341 2302 4342 2285 4342 2687 4342 2332 4343 2302 4343 2689 4343 2333 4344 2690 4344 2691 4344 2333 4345 2689 4345 2690 4345 2333 4346 2332 4346 2689 4346 2350 4347 2333 4347 2691 4347 2380 4348 2350 4348 2691 4348 2380 4349 2691 4349 2692 4349 2381 4350 2380 4350 2692 4350 2381 4351 2693 4351 2694 4351 2381 4352 2692 4352 2693 4352 2398 4353 2381 4353 2694 4353 2428 4354 2398 4354 2694 4354 2428 4355 2694 4355 2695 4355 2445 4356 2428 4356 2695 4356 2445 4357 2695 4357 2696 4357 2446 4358 2445 4358 2696 4358 2446 4359 2697 4359 2698 4359 2446 4360 2696 4360 2697 4360 2476 4361 2446 4361 2698 4361 2493 4362 2476 4362 2698 4362 2493 4363 2699 4363 2700 4363 2493 4364 2698 4364 2699 4364 2494 4365 2493 4365 2700 4365 2494 4366 2700 4366 2701 4366 2527 4367 2494 4367 2701 4367 2543 4368 2527 4368 2701 4368 2543 4369 2702 4369 2703 4369 2543 4370 2701 4370 2702 4370 2570 4371 2543 4371 2703 4371 2571 4372 2703 4372 2704 4372 2571 4373 2570 4373 2703 4373 2585 4374 2704 4374 2705 4374 2585 4375 2571 4375 2704 4375 2610 4376 2585 4376 2705 4376 2610 4377 2705 4377 2706 4377 2611 4378 2706 4378 2707 4378 2611 4379 2610 4379 2706 4379 2622 4380 2611 4380 2707 4380 2622 4381 2708 4381 2709 4381 2622 4382 2707 4382 2708 4382 2640 4383 2622 4383 2709 4383 2649 4384 2709 4384 2710 4384 2649 4385 2640 4385 2709 4385 2650 4386 2710 4386 2711 4386 2650 4387 2649 4387 2710 4387 2665 4388 2711 4388 2712 4388 2665 4389 2650 4389 2711 4389 2672 4390 2712 4390 2713 4390 2672 4391 2665 4391 2712 4391 2673 4392 2713 4392 2714 4392 2673 4393 2672 4393 2713 4393 2682 4394 2714 4394 2715 4394 2682 4395 2673 4395 2714 4395 2131 4396 2715 4396 2716 4396 2131 4397 2682 4397 2715 4397 1495 4398 2716 4398 1556 4398 1495 4399 2131 4399 2716 4399 2717 4400 1593 4400 2129 4400 2717 4401 1594 4401 1593 4401 2718 4402 2129 4402 2498 4402 2718 4403 2498 4403 2511 4403 2718 4404 2717 4404 2129 4404 2719 4405 2511 4405 2524 4405 2719 4406 2718 4406 2511 4406 2720 4407 2719 4407 2524 4407 2721 4408 2524 4408 2525 4408 2721 4409 2525 4409 2539 4409 2721 4410 2720 4410 2524 4410 2722 4411 2721 4411 2539 4411 2723 4412 2539 4412 2552 4412 2723 4413 2722 4413 2539 4413 2724 4414 2552 4414 2553 4414 2724 4415 2553 4415 2564 4415 2724 4416 2723 4416 2552 4416 2725 4417 2724 4417 2564 4417 2726 4418 2564 4418 2577 4418 2726 4419 2577 4419 2588 4419 2726 4420 2725 4420 2564 4420 2727 4421 2588 4421 2589 4421 2727 4422 2726 4422 2588 4422 2728 4423 2589 4423 2598 4423 2728 4424 2727 4424 2589 4424 2729 4425 2728 4425 2598 4425 2730 4426 2598 4426 2607 4426 2730 4427 2607 4427 2608 4427 2730 4428 2729 4428 2598 4428 2731 4429 2730 4429 2608 4429 2732 4430 2608 4430 2619 4430 2732 4431 2731 4431 2608 4431 2733 4432 2619 4432 2628 4432 2733 4433 2628 4433 2635 4433 2733 4434 2732 4434 2619 4434 2734 4435 2733 4435 2635 4435 2735 4436 2635 4436 2636 4436 2735 4437 2734 4437 2635 4437 2736 4438 2636 4438 2644 4438 2736 4439 2644 4439 2652 4439 2736 4440 2735 4440 2636 4440 2737 4441 2736 4441 2652 4441 2738 4442 2652 4442 2653 4442 2738 4443 2737 4443 2652 4443 2739 4444 2653 4444 2658 4444 2739 4445 2658 4445 2663 4445 2739 4446 2738 4446 2653 4446 2740 4447 2739 4447 2663 4447 2741 4448 2663 4448 2669 4448 2741 4449 2669 4449 2670 4449 2741 4450 2740 4450 2663 4450 2742 4451 2741 4451 2670 4451 2743 4452 2670 4452 2676 4452 2743 4453 2676 4453 2679 4453 2743 4454 2742 4454 2670 4454 2744 4455 2743 4455 2679 4455 2745 4456 2679 4456 2680 4456 2745 4457 2680 4457 2684 4457 2745 4458 2744 4458 2679 4458 2746 4459 2745 4459 2684 4459 2747 4460 2684 4460 2130 4460 2747 4461 2746 4461 2684 4461 1525 4462 2130 4462 1495 4462 1525 4463 2747 4463 2130 4463 2748 4464 1556 4464 2716 4464 1604 4465 2749 4465 2005 4465 2750 4466 2687 4466 2686 4466 2751 4467 2686 4467 1492 4467 2751 4468 2750 4468 2686 4468 2752 4469 2751 4469 1492 4469 2753 4470 2750 4470 2751 4470 2753 4471 2688 4471 2687 4471 2753 4472 2687 4472 2750 4472 2754 4473 2752 4473 1492 4473 2755 4474 2751 4474 2752 4474 2755 4475 2753 4475 2751 4475 2756 4476 2688 4476 2753 4476 2756 4477 2690 4477 2689 4477 2756 4478 2689 4478 2688 4478 2757 4479 2754 4479 1492 4479 2758 4480 2752 4480 2754 4480 2758 4481 2755 4481 2752 4481 2759 4482 2753 4482 2755 4482 2759 4483 2756 4483 2753 4483 2760 4484 2757 4484 1492 4484 2761 4485 2754 4485 2757 4485 2761 4486 2758 4486 2754 4486 2762 4487 2759 4487 2755 4487 2762 4488 2755 4488 2758 4488 2763 4489 2691 4489 2690 4489 2763 4490 2690 4490 2756 4490 2763 4491 2756 4491 2759 4491 2764 4492 2760 4492 1492 4492 2765 4493 2761 4493 2757 4493 2765 4494 2757 4494 2760 4494 2766 4495 2758 4495 2761 4495 2766 4496 2762 4496 2758 4496 2767 4497 2759 4497 2762 4497 2767 4498 2763 4498 2759 4498 2768 4499 2764 4499 1492 4499 2769 4500 2693 4500 2692 4500 2769 4501 2692 4501 2691 4501 2769 4502 2691 4502 2763 4502 2770 4503 2760 4503 2764 4503 2770 4504 2765 4504 2760 4504 2771 4505 2761 4505 2765 4505 2771 4506 2766 4506 2761 4506 2772 4507 2762 4507 2766 4507 2772 4508 2767 4508 2762 4508 2773 4509 2768 4509 1492 4509 2774 4510 2763 4510 2767 4510 2774 4511 2769 4511 2763 4511 2775 4512 2770 4512 2764 4512 2775 4513 2764 4513 2768 4513 2776 4514 2771 4514 2765 4514 2776 4515 2765 4515 2770 4515 2777 4516 2772 4516 2766 4516 2777 4517 2766 4517 2771 4517 2778 4518 2773 4518 1492 4518 2779 4519 2774 4519 2767 4519 2779 4520 2767 4520 2772 4520 2780 4521 2768 4521 2773 4521 2780 4522 2775 4522 2768 4522 2781 4523 2693 4523 2769 4523 2781 4524 2694 4524 2693 4524 2781 4525 2769 4525 2774 4525 2782 4526 2776 4526 2770 4526 2782 4527 2770 4527 2775 4527 2783 4528 2777 4528 2771 4528 2783 4529 2771 4529 2776 4529 2784 4530 2778 4530 1492 4530 2785 4531 2779 4531 2772 4531 2785 4532 2772 4532 2777 4532 2786 4533 2780 4533 2773 4533 2786 4534 2773 4534 2778 4534 2787 4535 2774 4535 2779 4535 2787 4536 2781 4536 2774 4536 2788 4537 2775 4537 2780 4537 2788 4538 2782 4538 2775 4538 2789 4539 2695 4539 2694 4539 2789 4540 2694 4540 2781 4540 2790 4541 2776 4541 2782 4541 2790 4542 2783 4542 2776 4542 2791 4543 2784 4543 1492 4543 2792 4544 2777 4544 2783 4544 2792 4545 2785 4545 2777 4545 2793 4546 2786 4546 2778 4546 2793 4547 2778 4547 2784 4547 2794 4548 2787 4548 2779 4548 2794 4549 2779 4549 2785 4549 2795 4550 2788 4550 2780 4550 2795 4551 2780 4551 2786 4551 2796 4552 2789 4552 2781 4552 2796 4553 2781 4553 2787 4553 2797 4554 2790 4554 2782 4554 2797 4555 2782 4555 2788 4555 2798 4556 2791 4556 1492 4556 2799 4557 2792 4557 2783 4557 2799 4558 2783 4558 2790 4558 2800 4559 2784 4559 2791 4559 2800 4560 2793 4560 2784 4560 2801 4561 2785 4561 2792 4561 2801 4562 2794 4562 2785 4562 2802 4563 2795 4563 2786 4563 2802 4564 2786 4564 2793 4564 2803 4565 2787 4565 2794 4565 2803 4566 2796 4566 2787 4566 2804 4567 2797 4567 2788 4567 2804 4568 2788 4568 2795 4568 2805 4569 2695 4569 2789 4569 2805 4570 2697 4570 2696 4570 2805 4571 2696 4571 2695 4571 2805 4572 2789 4572 2796 4572 2806 4573 2798 4573 1492 4573 2807 4574 2799 4574 2790 4574 2807 4575 2790 4575 2797 4575 2808 4576 2800 4576 2791 4576 2808 4577 2791 4577 2798 4577 2809 4578 2801 4578 2792 4578 2809 4579 2792 4579 2799 4579 2810 4580 2793 4580 2800 4580 2810 4581 2802 4581 2793 4581 2811 4582 2803 4582 2794 4582 2811 4583 2794 4583 2801 4583 2812 4584 2804 4584 2795 4584 2812 4585 2795 4585 2802 4585 2813 4586 2796 4586 2803 4586 2813 4587 2805 4587 2796 4587 2814 4588 2806 4588 1492 4588 2815 4589 2807 4589 2797 4589 2815 4590 2797 4590 2804 4590 2816 4591 2697 4591 2805 4591 2816 4592 2698 4592 2697 4592 2817 4593 2808 4593 2798 4593 2817 4594 2798 4594 2806 4594 2818 4595 2809 4595 2799 4595 2818 4596 2799 4596 2807 4596 2819 4597 2810 4597 2800 4597 2819 4598 2800 4598 2808 4598 2820 4599 2811 4599 2801 4599 2820 4600 2801 4600 2809 4600 2821 4601 2812 4601 2802 4601 2821 4602 2802 4602 2810 4602 2822 4603 2813 4603 2803 4603 2822 4604 2803 4604 2811 4604 2823 4605 2814 4605 1492 4605 2824 4606 2804 4606 2812 4606 2824 4607 2815 4607 2804 4607 2825 4608 2816 4608 2805 4608 2825 4609 2805 4609 2813 4609 2826 4610 2806 4610 2814 4610 2826 4611 2817 4611 2806 4611 2827 4612 2807 4612 2815 4612 2827 4613 2818 4613 2807 4613 2828 4614 2808 4614 2817 4614 2828 4615 2819 4615 2808 4615 2829 4616 2820 4616 2809 4616 2829 4617 2809 4617 2818 4617 2830 4618 2810 4618 2819 4618 2830 4619 2821 4619 2810 4619 2831 4620 2822 4620 2811 4620 2831 4621 2811 4621 2820 4621 2832 4622 2823 4622 1492 4622 2833 4623 2824 4623 2812 4623 2833 4624 2812 4624 2821 4624 2834 4625 2825 4625 2813 4625 2834 4626 2813 4626 2822 4626 2835 4627 2814 4627 2823 4627 2835 4628 2826 4628 2814 4628 2836 4629 2815 4629 2824 4629 2836 4630 2827 4630 2815 4630 2837 4631 2816 4631 2825 4631 2837 4632 2700 4632 2699 4632 2837 4633 2699 4633 2698 4633 2837 4634 2698 4634 2816 4634 2838 4635 2817 4635 2826 4635 2838 4636 2828 4636 2817 4636 2839 4637 2818 4637 2827 4637 2839 4638 2829 4638 2818 4638 2840 4639 2830 4639 2819 4639 2840 4640 2819 4640 2828 4640 2841 4641 2831 4641 2820 4641 2841 4642 2820 4642 2829 4642 2842 4643 2832 4643 1492 4643 2843 4644 2821 4644 2830 4644 2843 4645 2833 4645 2821 4645 2844 4646 2822 4646 2831 4646 2844 4647 2834 4647 2822 4647 2845 4648 2823 4648 2832 4648 2845 4649 2835 4649 2823 4649 2846 4650 2824 4650 2833 4650 2846 4651 2836 4651 2824 4651 2847 4652 2825 4652 2834 4652 2847 4653 2837 4653 2825 4653 2848 4654 2838 4654 2826 4654 2848 4655 2826 4655 2835 4655 2849 4656 2839 4656 2827 4656 2849 4657 2827 4657 2836 4657 2850 4658 2701 4658 2700 4658 2850 4659 2700 4659 2837 4659 2851 4660 2828 4660 2838 4660 2851 4661 2840 4661 2828 4661 2852 4662 2829 4662 2839 4662 2852 4663 2841 4663 2829 4663 2853 4664 2842 4664 1492 4664 2854 4665 2843 4665 2830 4665 2854 4666 2830 4666 2840 4666 2855 4667 2831 4667 2841 4667 2855 4668 2844 4668 2831 4668 2856 4669 2845 4669 2832 4669 2856 4670 2832 4670 2842 4670 2857 4671 2833 4671 2843 4671 2857 4672 2846 4672 2833 4672 2858 4673 2847 4673 2834 4673 2858 4674 2834 4674 2844 4674 2859 4675 2835 4675 2845 4675 2859 4676 2848 4676 2835 4676 2860 4677 2836 4677 2846 4677 2860 4678 2849 4678 2836 4678 2861 4679 2837 4679 2847 4679 2861 4680 2850 4680 2837 4680 2862 4681 2838 4681 2848 4681 2862 4682 2851 4682 2838 4682 2863 4683 2852 4683 2839 4683 2863 4684 2839 4684 2849 4684 2864 4685 2853 4685 1492 4685 2865 4686 2854 4686 2840 4686 2865 4687 2840 4687 2851 4687 2866 4688 2841 4688 2852 4688 2866 4689 2855 4689 2841 4689 2867 4690 2856 4690 2842 4690 2867 4691 2842 4691 2853 4691 2868 4692 2857 4692 2843 4692 2868 4693 2843 4693 2854 4693 2869 4694 2844 4694 2855 4694 2869 4695 2858 4695 2844 4695 2870 4696 2859 4696 2845 4696 2870 4697 2845 4697 2856 4697 2871 4698 2860 4698 2846 4698 2871 4699 2846 4699 2857 4699 2872 4700 2861 4700 2847 4700 2872 4701 2847 4701 2858 4701 2873 4702 2848 4702 2859 4702 2873 4703 2862 4703 2848 4703 2874 4704 2863 4704 2849 4704 2874 4705 2849 4705 2860 4705 2875 4706 2702 4706 2701 4706 2875 4707 2850 4707 2861 4707 2875 4708 2701 4708 2850 4708 2876 4709 2864 4709 1492 4709 2877 4710 2865 4710 2851 4710 2877 4711 2851 4711 2862 4711 2878 4712 2866 4712 2852 4712 2878 4713 2852 4713 2863 4713 2879 4714 2867 4714 2853 4714 2879 4715 2853 4715 2864 4715 2880 4716 2868 4716 2854 4716 2880 4717 2854 4717 2865 4717 2881 4718 2869 4718 2855 4718 2881 4719 2855 4719 2866 4719 2882 4720 2856 4720 2867 4720 2882 4721 2870 4721 2856 4721 2883 4722 2857 4722 2868 4722 2883 4723 2871 4723 2857 4723 2884 4724 2858 4724 2869 4724 2884 4725 2872 4725 2858 4725 2885 4726 2873 4726 2859 4726 2885 4727 2859 4727 2870 4727 2886 4728 2860 4728 2871 4728 2886 4729 2874 4729 2860 4729 2887 4730 2861 4730 2872 4730 2887 4731 2875 4731 2861 4731 2888 4732 1492 4732 2035 4732 2888 4733 2876 4733 1492 4733 2889 4734 2862 4734 2873 4734 2889 4735 2877 4735 2862 4735 2890 4736 2878 4736 2863 4736 2890 4737 2863 4737 2874 4737 2891 4738 2704 4738 2703 4738 2891 4739 2703 4739 2702 4739 2891 4740 2702 4740 2875 4740 2892 4741 2864 4741 2876 4741 2892 4742 2879 4742 2864 4742 2893 4743 2865 4743 2877 4743 2893 4744 2880 4744 2865 4744 2894 4745 2881 4745 2866 4745 2894 4746 2866 4746 2878 4746 2895 4747 2882 4747 2867 4747 2895 4748 2867 4748 2879 4748 2896 4749 2883 4749 2868 4749 2896 4750 2868 4750 2880 4750 2897 4751 2884 4751 2869 4751 2897 4752 2869 4752 2881 4752 2898 4753 2870 4753 2882 4753 2898 4754 2885 4754 2870 4754 2899 4755 2886 4755 2871 4755 2899 4756 2871 4756 2883 4756 2900 4757 2872 4757 2884 4757 2900 4758 2887 4758 2872 4758 2901 4759 2888 4759 2035 4759 2901 4760 2035 4760 2034 4760 2902 4761 2889 4761 2873 4761 2902 4762 2873 4762 2885 4762 2903 4763 2890 4763 2874 4763 2903 4764 2874 4764 2886 4764 2904 4765 2891 4765 2875 4765 2904 4766 2875 4766 2887 4766 2905 4767 2892 4767 2876 4767 2905 4768 2876 4768 2888 4768 2906 4769 2893 4769 2877 4769 2906 4770 2877 4770 2889 4770 2907 4771 2894 4771 2878 4771 2907 4772 2878 4772 2890 4772 2908 4773 2879 4773 2892 4773 2908 4774 2895 4774 2879 4774 2909 4775 2880 4775 2893 4775 2909 4776 2896 4776 2880 4776 2910 4777 2897 4777 2881 4777 2910 4778 2881 4778 2894 4778 2911 4779 2882 4779 2895 4779 2911 4780 2898 4780 2882 4780 2912 4781 2899 4781 2883 4781 2912 4782 2883 4782 2896 4782 2913 4783 2900 4783 2884 4783 2913 4784 2884 4784 2897 4784 2914 4785 2902 4785 2885 4785 2914 4786 2885 4786 2898 4786 2915 4787 2886 4787 2899 4787 2915 4788 2903 4788 2886 4788 2916 4789 2887 4789 2900 4789 2916 4790 2904 4790 2887 4790 2917 4791 2905 4791 2888 4791 2917 4792 2901 4792 2034 4792 2917 4793 2888 4793 2901 4793 2917 4794 2034 4794 2033 4794 2918 4795 2906 4795 2889 4795 2918 4796 2889 4796 2902 4796 2919 4797 2907 4797 2890 4797 2919 4798 2890 4798 2903 4798 2920 4799 2705 4799 2704 4799 2920 4800 2704 4800 2891 4800 2920 4801 2891 4801 2904 4801 2921 4802 2892 4802 2905 4802 2921 4803 2908 4803 2892 4803 2922 4804 2893 4804 2906 4804 2922 4805 2909 4805 2893 4805 2923 4806 2910 4806 2894 4806 2923 4807 2894 4807 2907 4807 2924 4808 2911 4808 2895 4808 2924 4809 2895 4809 2908 4809 2925 4810 2896 4810 2909 4810 2925 4811 2912 4811 2896 4811 2926 4812 2913 4812 2897 4812 2926 4813 2897 4813 2910 4813 2927 4814 2898 4814 2911 4814 2927 4815 2914 4815 2898 4815 2928 4816 2915 4816 2899 4816 2928 4817 2899 4817 2912 4817 2929 4818 2916 4818 2900 4818 2929 4819 2900 4819 2913 4819 2930 4820 2902 4820 2914 4820 2930 4821 2918 4821 2902 4821 2931 4822 2903 4822 2915 4822 2931 4823 2919 4823 2903 4823 2932 4824 2904 4824 2916 4824 2932 4825 2920 4825 2904 4825 2933 4826 2905 4826 2917 4826 2933 4827 2921 4827 2905 4827 2934 4828 2906 4828 2918 4828 2934 4829 2922 4829 2906 4829 2935 4830 2923 4830 2907 4830 2935 4831 2907 4831 2919 4831 2936 4832 2707 4832 2706 4832 2936 4833 2706 4833 2705 4833 2936 4834 2705 4834 2920 4834 2937 4835 2924 4835 2908 4835 2937 4836 2908 4836 2921 4836 2938 4837 2909 4837 2922 4837 2938 4838 2925 4838 2909 4838 2939 4839 2910 4839 2923 4839 2939 4840 2926 4840 2910 4840 2940 4841 2911 4841 2924 4841 2940 4842 2927 4842 2911 4842 2941 4843 2912 4843 2925 4843 2941 4844 2928 4844 2912 4844 2942 4845 2929 4845 2913 4845 2942 4846 2913 4846 2926 4846 2943 4847 2930 4847 2914 4847 2943 4848 2914 4848 2927 4848 2944 4849 2915 4849 2928 4849 2944 4850 2931 4850 2915 4850 2945 4851 2932 4851 2916 4851 2945 4852 2916 4852 2929 4852 2946 4853 2032 4853 2031 4853 2946 4854 2033 4854 2032 4854 2946 4855 2933 4855 2917 4855 2946 4856 2917 4856 2033 4856 2947 4857 2934 4857 2918 4857 2947 4858 2918 4858 2930 4858 2948 4859 2935 4859 2919 4859 2948 4860 2919 4860 2931 4860 2949 4861 2920 4861 2932 4861 2949 4862 2936 4862 2920 4862 2950 4863 2937 4863 2921 4863 2950 4864 2921 4864 2933 4864 2951 4865 2922 4865 2934 4865 2951 4866 2938 4866 2922 4866 2952 4867 2923 4867 2935 4867 2952 4868 2939 4868 2923 4868 2953 4869 2940 4869 2924 4869 2953 4870 2924 4870 2937 4870 2954 4871 2941 4871 2925 4871 2954 4872 2925 4872 2938 4872 2955 4873 2942 4873 2926 4873 2955 4874 2926 4874 2939 4874 2956 4875 2927 4875 2940 4875 2956 4876 2943 4876 2927 4876 2957 4877 2944 4877 2928 4877 2957 4878 2928 4878 2941 4878 2958 4879 2929 4879 2942 4879 2958 4880 2945 4880 2929 4880 2959 4881 2947 4881 2930 4881 2959 4882 2930 4882 2943 4882 2960 4883 2931 4883 2944 4883 2960 4884 2948 4884 2931 4884 2961 4885 2932 4885 2945 4885 2961 4886 2949 4886 2932 4886 2962 4887 2946 4887 2031 4887 2962 4888 2950 4888 2933 4888 2962 4889 2031 4889 2030 4889 2962 4890 2933 4890 2946 4890 2963 4891 2934 4891 2947 4891 2963 4892 2951 4892 2934 4892 2964 4893 2935 4893 2948 4893 2964 4894 2952 4894 2935 4894 2965 4895 2708 4895 2707 4895 2965 4896 2707 4896 2936 4896 2965 4897 2936 4897 2949 4897 2966 4898 2953 4898 2937 4898 2966 4899 2937 4899 2950 4899 2967 4900 2938 4900 2951 4900 2967 4901 2954 4901 2938 4901 2968 4902 2939 4902 2952 4902 2968 4903 2955 4903 2939 4903 2969 4904 2956 4904 2940 4904 2969 4905 2940 4905 2953 4905 2970 4906 2957 4906 2941 4906 2970 4907 2941 4907 2954 4907 2971 4908 2958 4908 2942 4908 2971 4909 2942 4909 2955 4909 2972 4910 2943 4910 2956 4910 2972 4911 2959 4911 2943 4911 2973 4912 2944 4912 2957 4912 2973 4913 2960 4913 2944 4913 2974 4914 2961 4914 2945 4914 2974 4915 2945 4915 2958 4915 2975 4916 2947 4916 2959 4916 2975 4917 2963 4917 2947 4917 2976 4918 2948 4918 2960 4918 2976 4919 2964 4919 2948 4919 2977 4920 2949 4920 2961 4920 2977 4921 2965 4921 2949 4921 2978 4922 2966 4922 2950 4922 2978 4923 2950 4923 2962 4923 2979 4924 2951 4924 2963 4924 2979 4925 2967 4925 2951 4925 2980 4926 2952 4926 2964 4926 2980 4927 2968 4927 2952 4927 2981 4928 2709 4928 2708 4928 2981 4929 2708 4929 2965 4929 2982 4930 2969 4930 2953 4930 2982 4931 2953 4931 2966 4931 2983 4932 2970 4932 2954 4932 2983 4933 2954 4933 2967 4933 2984 4934 2955 4934 2968 4934 2984 4935 2971 4935 2955 4935 2985 4936 2956 4936 2969 4936 2985 4937 2972 4937 2956 4937 2986 4938 2973 4938 2957 4938 2986 4939 2957 4939 2970 4939 2987 4940 2958 4940 2971 4940 2987 4941 2974 4941 2958 4941 2988 4942 2959 4942 2972 4942 2988 4943 2975 4943 2959 4943 2989 4944 2960 4944 2973 4944 2989 4945 2976 4945 2960 4945 2990 4946 2961 4946 2974 4946 2990 4947 2977 4947 2961 4947 2991 4948 2962 4948 2030 4948 2991 4949 2029 4949 2028 4949 2991 4950 2030 4950 2029 4950 2991 4951 2978 4951 2962 4951 2992 4952 2963 4952 2975 4952 2992 4953 2979 4953 2963 4953 2993 4954 2980 4954 2964 4954 2993 4955 2964 4955 2976 4955 2994 4956 2965 4956 2977 4956 2994 4957 2981 4957 2965 4957 2995 4958 2966 4958 2978 4958 2995 4959 2982 4959 2966 4959 2996 4960 2983 4960 2967 4960 2996 4961 2967 4961 2979 4961 2997 4962 2984 4962 2968 4962 2997 4963 2968 4963 2980 4963 2998 4964 2969 4964 2982 4964 2998 4965 2985 4965 2969 4965 2999 4966 2986 4966 2970 4966 2999 4967 2970 4967 2983 4967 3000 4968 2971 4968 2984 4968 3000 4969 2987 4969 2971 4969 3001 4970 2988 4970 2972 4970 3001 4971 2972 4971 2985 4971 3002 4972 2989 4972 2973 4972 3002 4973 2973 4973 2986 4973 3003 4974 2974 4974 2987 4974 3003 4975 2990 4975 2974 4975 3004 4976 2975 4976 2988 4976 3004 4977 2992 4977 2975 4977 3005 4978 2976 4978 2989 4978 3005 4979 2993 4979 2976 4979 3006 4980 2977 4980 2990 4980 3006 4981 2994 4981 2977 4981 3007 4982 2991 4982 2028 4982 3007 4983 2978 4983 2991 4983 3007 4984 2028 4984 2027 4984 3007 4985 2995 4985 2978 4985 3008 4986 2979 4986 2992 4986 3008 4987 2996 4987 2979 4987 3009 4988 2980 4988 2993 4988 3009 4989 2997 4989 2980 4989 3010 4990 2711 4990 2710 4990 3010 4991 2710 4991 2709 4991 3010 4992 2981 4992 2994 4992 3010 4993 2709 4993 2981 4993 3011 4994 2998 4994 2982 4994 3011 4995 2982 4995 2995 4995 3012 4996 2999 4996 2983 4996 3012 4997 2983 4997 2996 4997 3013 4998 2984 4998 2997 4998 3013 4999 3000 4999 2984 4999 3014 5000 2985 5000 2998 5000 3014 5001 3001 5001 2985 5001 3015 5002 2986 5002 2999 5002 3015 5003 3002 5003 2986 5003 3016 5004 3003 5004 2987 5004 3016 5005 2987 5005 3000 5005 3017 5006 3004 5006 2988 5006 3017 5007 2988 5007 3001 5007 3018 5008 2989 5008 3002 5008 3018 5009 3005 5009 2989 5009 3019 5010 3006 5010 2990 5010 3019 5011 2990 5011 3003 5011 3020 5012 2992 5012 3004 5012 3020 5013 3008 5013 2992 5013 3021 5014 3009 5014 2993 5014 3021 5015 2993 5015 3005 5015 3022 5016 2994 5016 3006 5016 3022 5017 3010 5017 2994 5017 3023 5018 3011 5018 2995 5018 3023 5019 2995 5019 3007 5019 3024 5020 3012 5020 2996 5020 3024 5021 2996 5021 3008 5021 3025 5022 2997 5022 3009 5022 3025 5023 3013 5023 2997 5023 3026 5024 2712 5024 2711 5024 3026 5025 2711 5025 3010 5025 3027 5026 2998 5026 3011 5026 3027 5027 3014 5027 2998 5027 3028 5028 3015 5028 2999 5028 3028 5029 2999 5029 3012 5029 3029 5030 3000 5030 3013 5030 3029 5031 3016 5031 3000 5031 3030 5032 3001 5032 3014 5032 3030 5033 3017 5033 3001 5033 3031 5034 3018 5034 3002 5034 3031 5035 3002 5035 3015 5035 3032 5036 3003 5036 3016 5036 3032 5037 3019 5037 3003 5037 3033 5038 3020 5038 3004 5038 3033 5039 3004 5039 3017 5039 3034 5040 3005 5040 3018 5040 3034 5041 3021 5041 3005 5041 3035 5042 3022 5042 3006 5042 3035 5043 3006 5043 3019 5043 3036 5044 3023 5044 3007 5044 3036 5045 3007 5045 2027 5045 3036 5046 2027 5046 2026 5046 3037 5047 3008 5047 3020 5047 3037 5048 3024 5048 3008 5048 3038 5049 3009 5049 3021 5049 3038 5050 3025 5050 3009 5050 3039 5051 3026 5051 3010 5051 3039 5052 3010 5052 3022 5052 3040 5053 3027 5053 3011 5053 3040 5054 3011 5054 3023 5054 3041 5055 3028 5055 3012 5055 3041 5056 3012 5056 3024 5056 3042 5057 3013 5057 3025 5057 3042 5058 3029 5058 3013 5058 3043 5059 3030 5059 3014 5059 3043 5060 3014 5060 3027 5060 3044 5061 3031 5061 3015 5061 3044 5062 3015 5062 3028 5062 3045 5063 3032 5063 3016 5063 3045 5064 3016 5064 3029 5064 3046 5065 3033 5065 3017 5065 3046 5066 3017 5066 3030 5066 3047 5067 3018 5067 3031 5067 3047 5068 3034 5068 3018 5068 3048 5069 3035 5069 3019 5069 3048 5070 3019 5070 3032 5070 3049 5071 3037 5071 3020 5071 3049 5072 3020 5072 3033 5072 3050 5073 3021 5073 3034 5073 3050 5074 3038 5074 3021 5074 3051 5075 3039 5075 3022 5075 3051 5076 3022 5076 3035 5076 3052 5077 3023 5077 3036 5077 3052 5078 3036 5078 2026 5078 3052 5079 3040 5079 3023 5079 3052 5080 2025 5080 2024 5080 3052 5081 2026 5081 2025 5081 3053 5082 3024 5082 3037 5082 3053 5083 3041 5083 3024 5083 3054 5084 3042 5084 3025 5084 3054 5085 3025 5085 3038 5085 3055 5086 2714 5086 2713 5086 3055 5087 2713 5087 2712 5087 3055 5088 3026 5088 3039 5088 3055 5089 2712 5089 3026 5089 3056 5090 3027 5090 3040 5090 3056 5091 3043 5091 3027 5091 3057 5092 3028 5092 3041 5092 3057 5093 3044 5093 3028 5093 3058 5094 3029 5094 3042 5094 3058 5095 3045 5095 3029 5095 3059 5096 3046 5096 3030 5096 3059 5097 3030 5097 3043 5097 3060 5098 3031 5098 3044 5098 3060 5099 3047 5099 3031 5099 3061 5100 3048 5100 3032 5100 3061 5101 3032 5101 3045 5101 3062 5102 3033 5102 3046 5102 3062 5103 3049 5103 3033 5103 3063 5104 3034 5104 3047 5104 3063 5105 3050 5105 3034 5105 3064 5106 3035 5106 3048 5106 3064 5107 3051 5107 3035 5107 3065 5108 3037 5108 3049 5108 3065 5109 3053 5109 3037 5109 3066 5110 3038 5110 3050 5110 3066 5111 3054 5111 3038 5111 3067 5112 3039 5112 3051 5112 3067 5113 3055 5113 3039 5113 3068 5114 3056 5114 3040 5114 3068 5115 3040 5115 3052 5115 3069 5116 3057 5116 3041 5116 3069 5117 3041 5117 3053 5117 3070 5118 3058 5118 3042 5118 3070 5119 3042 5119 3054 5119 3071 5120 2715 5120 2714 5120 3071 5121 2714 5121 3055 5121 3072 5122 3043 5122 3056 5122 3072 5123 3059 5123 3043 5123 3073 5124 3044 5124 3057 5124 3073 5125 3060 5125 3044 5125 3074 5126 3045 5126 3058 5126 3074 5127 3061 5127 3045 5127 3075 5128 3062 5128 3046 5128 3075 5129 3046 5129 3059 5129 3076 5130 3063 5130 3047 5130 3076 5131 3047 5131 3060 5131 3077 5132 3064 5132 3048 5132 3077 5133 3048 5133 3061 5133 3078 5134 3049 5134 3062 5134 3078 5135 3065 5135 3049 5135 3079 5136 3050 5136 3063 5136 3079 5137 3066 5137 3050 5137 3080 5138 3051 5138 3064 5138 3080 5139 3067 5139 3051 5139 3081 5140 3068 5140 3052 5140 3081 5141 2024 5141 2023 5141 3081 5142 3052 5142 2024 5142 3082 5143 3053 5143 3065 5143 3082 5144 3069 5144 3053 5144 3083 5145 3070 5145 3054 5145 3083 5146 3054 5146 3066 5146 3084 5147 3071 5147 3055 5147 3084 5148 3055 5148 3067 5148 3085 5149 3072 5149 3056 5149 3085 5150 3056 5150 3068 5150 3086 5151 3073 5151 3057 5151 3086 5152 3057 5152 3069 5152 3087 5153 3058 5153 3070 5153 3087 5154 3074 5154 3058 5154 3088 5155 3059 5155 3072 5155 3088 5156 3075 5156 3059 5156 3089 5157 3060 5157 3073 5157 3089 5158 3076 5158 3060 5158 3090 5159 3061 5159 3074 5159 3090 5160 3077 5160 3061 5160 3091 5161 3078 5161 3062 5161 3091 5162 3062 5162 3075 5162 3092 5163 3079 5163 3063 5163 3092 5164 3063 5164 3076 5164 3093 5165 3080 5165 3064 5165 3093 5166 3064 5166 3077 5166 3094 5167 3082 5167 3065 5167 3094 5168 3065 5168 3078 5168 3095 5169 3083 5169 3066 5169 3095 5170 3066 5170 3079 5170 3096 5171 3067 5171 3080 5171 3096 5172 3084 5172 3067 5172 3097 5173 3068 5173 3081 5173 3097 5174 2022 5174 2021 5174 3097 5175 2023 5175 2022 5175 3097 5176 3081 5176 2023 5176 3097 5177 3085 5177 3068 5177 3098 5178 3069 5178 3082 5178 3098 5179 3086 5179 3069 5179 3099 5180 3087 5180 3070 5180 3099 5181 3070 5181 3083 5181 3100 5182 2716 5182 2715 5182 3100 5183 2715 5183 3071 5183 3100 5184 3101 5184 2748 5184 3100 5185 2748 5185 2716 5185 3100 5186 3071 5186 3084 5186 3102 5187 3072 5187 3085 5187 3102 5188 3088 5188 3072 5188 3103 5189 3073 5189 3086 5189 3103 5190 3089 5190 3073 5190 3104 5191 3090 5191 3074 5191 3104 5192 3074 5192 3087 5192 3105 5193 3091 5193 3075 5193 3105 5194 3075 5194 3088 5194 3106 5195 3092 5195 3076 5195 3106 5196 3076 5196 3089 5196 3107 5197 3093 5197 3077 5197 3107 5198 3077 5198 3090 5198 3108 5199 3094 5199 3078 5199 3108 5200 3078 5200 3091 5200 3109 5201 3095 5201 3079 5201 3109 5202 3079 5202 3092 5202 3110 5203 3080 5203 3093 5203 3110 5204 3096 5204 3080 5204 3111 5205 3098 5205 3082 5205 3111 5206 3082 5206 3094 5206 3112 5207 3099 5207 3083 5207 3112 5208 3083 5208 3095 5208 3113 5209 3100 5209 3084 5209 3113 5210 3114 5210 3101 5210 3113 5211 3084 5211 3096 5211 3113 5212 3101 5212 3100 5212 3115 5213 3102 5213 3085 5213 3115 5214 3085 5214 3097 5214 3116 5215 3086 5215 3098 5215 3116 5216 3103 5216 3086 5216 3117 5217 3104 5217 3087 5217 3117 5218 3087 5218 3099 5218 3118 5219 3105 5219 3088 5219 3118 5220 3088 5220 3102 5220 3119 5221 3089 5221 3103 5221 3119 5222 3106 5222 3089 5222 3120 5223 3107 5223 3090 5223 3120 5224 3090 5224 3104 5224 3121 5225 3108 5225 3091 5225 3121 5226 3091 5226 3105 5226 3122 5227 3092 5227 3106 5227 3122 5228 3109 5228 3092 5228 3123 5229 3110 5229 3093 5229 3123 5230 3093 5230 3107 5230 3124 5231 3111 5231 3094 5231 3124 5232 3094 5232 3108 5232 3125 5233 3095 5233 3109 5233 3125 5234 3112 5234 3095 5234 3126 5235 3114 5235 3113 5235 3126 5236 3113 5236 3096 5236 3126 5237 3127 5237 3114 5237 3126 5238 3128 5238 3127 5238 3126 5239 3096 5239 3110 5239 3129 5240 2021 5240 2020 5240 3129 5241 3115 5241 3097 5241 3129 5242 3097 5242 2021 5242 3130 5243 3098 5243 3111 5243 3130 5244 3116 5244 3098 5244 3131 5245 3099 5245 3112 5245 3131 5246 3117 5246 3099 5246 3132 5247 3102 5247 3115 5247 3132 5248 3118 5248 3102 5248 3133 5249 3103 5249 3116 5249 3133 5250 3119 5250 3103 5250 3134 5251 3104 5251 3117 5251 3134 5252 3120 5252 3104 5252 3135 5253 3105 5253 3118 5253 3135 5254 3121 5254 3105 5254 3136 5255 3122 5255 3106 5255 3136 5256 3106 5256 3119 5256 3137 5257 3107 5257 3120 5257 3137 5258 3123 5258 3107 5258 3138 5259 3108 5259 3121 5259 3138 5260 3124 5260 3108 5260 3139 5261 3125 5261 3109 5261 3139 5262 3109 5262 3122 5262 3140 5263 3128 5263 3126 5263 3140 5264 3110 5264 3123 5264 3140 5265 3126 5265 3110 5265 3140 5266 3141 5266 3128 5266 3142 5267 3130 5267 3111 5267 3142 5268 3111 5268 3124 5268 3143 5269 3112 5269 3125 5269 3143 5270 3131 5270 3112 5270 3144 5271 3115 5271 3129 5271 3144 5272 2020 5272 2019 5272 3144 5273 3129 5273 2020 5273 3144 5274 3132 5274 3115 5274 3145 5275 3116 5275 3130 5275 3145 5276 3133 5276 3116 5276 3146 5277 3117 5277 3131 5277 3146 5278 3134 5278 3117 5278 3147 5279 3135 5279 3118 5279 3147 5280 3118 5280 3132 5280 3148 5281 3119 5281 3133 5281 3148 5282 3136 5282 3119 5282 3149 5283 3120 5283 3134 5283 3149 5284 3137 5284 3120 5284 3150 5285 3121 5285 3135 5285 3150 5286 3138 5286 3121 5286 3151 5287 3139 5287 3122 5287 3151 5288 3122 5288 3136 5288 3152 5289 3140 5289 3123 5289 3152 5290 3141 5290 3140 5290 3152 5291 3153 5291 3141 5291 3152 5292 3154 5292 3153 5292 3152 5293 3123 5293 3137 5293 3155 5294 3124 5294 3138 5294 3155 5295 3142 5295 3124 5295 3156 5296 3143 5296 3125 5296 3156 5297 3125 5297 3139 5297 3157 5298 3145 5298 3130 5298 3157 5299 3130 5299 3142 5299 3158 5300 3131 5300 3143 5300 3158 5301 3146 5301 3131 5301 3159 5302 3132 5302 3144 5302 3159 5303 3147 5303 3132 5303 3160 5304 3133 5304 3145 5304 3160 5305 3148 5305 3133 5305 3161 5306 3149 5306 3134 5306 3161 5307 3134 5307 3146 5307 3162 5308 3135 5308 3147 5308 3162 5309 3150 5309 3135 5309 3163 5310 3151 5310 3136 5310 3163 5311 3136 5311 3148 5311 3164 5312 3137 5312 3149 5312 3164 5313 3152 5313 3137 5313 3164 5314 3154 5314 3152 5314 3164 5315 3165 5315 3154 5315 3166 5316 3155 5316 3138 5316 3166 5317 3138 5317 3150 5317 3167 5318 3139 5318 3151 5318 3167 5319 3156 5319 3139 5319 3168 5320 3142 5320 3155 5320 3168 5321 3157 5321 3142 5321 3169 5322 3143 5322 3156 5322 3169 5323 3158 5323 3143 5323 3170 5324 3144 5324 2019 5324 3170 5325 2018 5325 2017 5325 3170 5326 2019 5326 2018 5326 3170 5327 3159 5327 3144 5327 3171 5328 3160 5328 3145 5328 3171 5329 3145 5329 3157 5329 3172 5330 3146 5330 3158 5330 3172 5331 3161 5331 3146 5331 3173 5332 3147 5332 3159 5332 3173 5333 3162 5333 3147 5333 3174 5334 3148 5334 3160 5334 3174 5335 3163 5335 3148 5335 3175 5336 3165 5336 3164 5336 3175 5337 3149 5337 3161 5337 3175 5338 3164 5338 3149 5338 3175 5339 3176 5339 3165 5339 3177 5340 3166 5340 3150 5340 3177 5341 3150 5341 3162 5341 3178 5342 3167 5342 3151 5342 3178 5343 3151 5343 3163 5343 3179 5344 3168 5344 3155 5344 3179 5345 3155 5345 3166 5345 3180 5346 3169 5346 3156 5346 3180 5347 3156 5347 3167 5347 3181 5348 3157 5348 3168 5348 3181 5349 3171 5349 3157 5349 3182 5350 3158 5350 3169 5350 3182 5351 3172 5351 3158 5351 3183 5352 3170 5352 2017 5352 3183 5353 3159 5353 3170 5353 3183 5354 2017 5354 2016 5354 3183 5355 3173 5355 3159 5355 3184 5356 3160 5356 3171 5356 3184 5357 3174 5357 3160 5357 3185 5358 3175 5358 3161 5358 3185 5359 3176 5359 3175 5359 3185 5360 3186 5360 3176 5360 3185 5361 3187 5361 3186 5361 3185 5362 3161 5362 3172 5362 3188 5363 3177 5363 3162 5363 3188 5364 3162 5364 3173 5364 3189 5365 3178 5365 3163 5365 3189 5366 3163 5366 3174 5366 3190 5367 3166 5367 3177 5367 3190 5368 3179 5368 3166 5368 3191 5369 3167 5369 3178 5369 3191 5370 3180 5370 3167 5370 3192 5371 3168 5371 3179 5371 3192 5372 3181 5372 3168 5372 3193 5373 3169 5373 3180 5373 3193 5374 3182 5374 3169 5374 3194 5375 3184 5375 3171 5375 3194 5376 3171 5376 3181 5376 3195 5377 3185 5377 3172 5377 3195 5378 3172 5378 3182 5378 3195 5379 3187 5379 3185 5379 3195 5380 3196 5380 3187 5380 3197 5381 3173 5381 3183 5381 3197 5382 3188 5382 3173 5382 3198 5383 3174 5383 3184 5383 3198 5384 3189 5384 3174 5384 3199 5385 3177 5385 3188 5385 3199 5386 3190 5386 3177 5386 3200 5387 3178 5387 3189 5387 3200 5388 3191 5388 3178 5388 3201 5389 3192 5389 3179 5389 3201 5390 3179 5390 3190 5390 3202 5391 3193 5391 3180 5391 3202 5392 3180 5392 3191 5392 3203 5393 3194 5393 3181 5393 3203 5394 3181 5394 3192 5394 3204 5395 3195 5395 3182 5395 3204 5396 3205 5396 3196 5396 3204 5397 3206 5397 3205 5397 3204 5398 3196 5398 3195 5398 3204 5399 3182 5399 3193 5399 3207 5400 2015 5400 2014 5400 3207 5401 2016 5401 2015 5401 3207 5402 3183 5402 2016 5402 3207 5403 3197 5403 3183 5403 3208 5404 3198 5404 3184 5404 3208 5405 3184 5405 3194 5405 3209 5406 3188 5406 3197 5406 3209 5407 3199 5407 3188 5407 3210 5408 3189 5408 3198 5408 3210 5409 3200 5409 3189 5409 3211 5410 3190 5410 3199 5410 3211 5411 3201 5411 3190 5411 3212 5412 3202 5412 3191 5412 3212 5413 3191 5413 3200 5413 3213 5414 3203 5414 3192 5414 3213 5415 3192 5415 3201 5415 3214 5416 3206 5416 3204 5416 3214 5417 3193 5417 3202 5417 3214 5418 3215 5418 3206 5418 3214 5419 3204 5419 3193 5419 3216 5420 3208 5420 3194 5420 3216 5421 3194 5421 3203 5421 3217 5422 3209 5422 3197 5422 3217 5423 2014 5423 2013 5423 3217 5424 3197 5424 3207 5424 3217 5425 3207 5425 2014 5425 3218 5426 3198 5426 3208 5426 3218 5427 3210 5427 3198 5427 3219 5428 3211 5428 3199 5428 3219 5429 3199 5429 3209 5429 3220 5430 3200 5430 3210 5430 3220 5431 3212 5431 3200 5431 3221 5432 3213 5432 3201 5432 3221 5433 3201 5433 3211 5433 3222 5434 3214 5434 3202 5434 3222 5435 3215 5435 3214 5435 3222 5436 3223 5436 3215 5436 3222 5437 3202 5437 3212 5437 3224 5438 3203 5438 3213 5438 3224 5439 3216 5439 3203 5439 3225 5440 3218 5440 3208 5440 3225 5441 3208 5441 3216 5441 3226 5442 3219 5442 3209 5442 3226 5443 3209 5443 3217 5443 3227 5444 3220 5444 3210 5444 3227 5445 3210 5445 3218 5445 3228 5446 3211 5446 3219 5446 3228 5447 3221 5447 3211 5447 3229 5448 3212 5448 3220 5448 3229 5449 3223 5449 3222 5449 3229 5450 3222 5450 3212 5450 3229 5451 3230 5451 3223 5451 3229 5452 3231 5452 3230 5452 3232 5453 3213 5453 3221 5453 3232 5454 3224 5454 3213 5454 3233 5455 3216 5455 3224 5455 3233 5456 3225 5456 3216 5456 3234 5457 2013 5457 2012 5457 3234 5458 3217 5458 2013 5458 3234 5459 3226 5459 3217 5459 3235 5460 3218 5460 3225 5460 3235 5461 3227 5461 3218 5461 3236 5462 3219 5462 3226 5462 3236 5463 3228 5463 3219 5463 3237 5464 3229 5464 3220 5464 3237 5465 3220 5465 3227 5465 3237 5466 3231 5466 3229 5466 3237 5467 3238 5467 3231 5467 3239 5468 3221 5468 3228 5468 3239 5469 3232 5469 3221 5469 3240 5470 3233 5470 3224 5470 3240 5471 3224 5471 3232 5471 3241 5472 3225 5472 3233 5472 3241 5473 3235 5473 3225 5473 3242 5474 2011 5474 2010 5474 3242 5475 2012 5475 2011 5475 3242 5476 3234 5476 2012 5476 3242 5477 3236 5477 3226 5477 3242 5478 3226 5478 3234 5478 3243 5479 3237 5479 3227 5479 3243 5480 3227 5480 3235 5480 3243 5481 3238 5481 3237 5481 3243 5482 3244 5482 3238 5482 3243 5483 3245 5483 3244 5483 3246 5484 3228 5484 3236 5484 3246 5485 3239 5485 3228 5485 3247 5486 3232 5486 3239 5486 3247 5487 3240 5487 3232 5487 3248 5488 3233 5488 3240 5488 3248 5489 3241 5489 3233 5489 3249 5490 3245 5490 3243 5490 3249 5491 3235 5491 3241 5491 3249 5492 3243 5492 3235 5492 3249 5493 3250 5493 3245 5493 3251 5494 3246 5494 3236 5494 3251 5495 3236 5495 3242 5495 3252 5496 3239 5496 3246 5496 3252 5497 3247 5497 3239 5497 3253 5498 3240 5498 3247 5498 3253 5499 3248 5499 3240 5499 3254 5500 3241 5500 3248 5500 3254 5501 3250 5501 3249 5501 3254 5502 3249 5502 3241 5502 3254 5503 3255 5503 3250 5503 3256 5504 3251 5504 3242 5504 3256 5505 2010 5505 2009 5505 3256 5506 3242 5506 2010 5506 3257 5507 3246 5507 3251 5507 3257 5508 3252 5508 3246 5508 3258 5509 3247 5509 3252 5509 3258 5510 3253 5510 3247 5510 3259 5511 3248 5511 3253 5511 3259 5512 3254 5512 3248 5512 3259 5513 3255 5513 3254 5513 3259 5514 3260 5514 3255 5514 3259 5515 3261 5515 3260 5515 3262 5516 3251 5516 3256 5516 3262 5517 3256 5517 2009 5517 3262 5518 3257 5518 3251 5518 3262 5519 2008 5519 2007 5519 3262 5520 2009 5520 2008 5520 3263 5521 3252 5521 3257 5521 3263 5522 3258 5522 3252 5522 3264 5523 3259 5523 3253 5523 3264 5524 3261 5524 3259 5524 3264 5525 3253 5525 3258 5525 3264 5526 3265 5526 3261 5526 3266 5527 3257 5527 3262 5527 3266 5528 3263 5528 3257 5528 3267 5529 3258 5529 3263 5529 3267 5530 3264 5530 3258 5530 3267 5531 3265 5531 3264 5531 3267 5532 3268 5532 3265 5532 3267 5533 3269 5533 3268 5533 3270 5534 2007 5534 2006 5534 3270 5535 3262 5535 2007 5535 3270 5536 3266 5536 3262 5536 3271 5537 3263 5537 3266 5537 3271 5538 3269 5538 3267 5538 3271 5539 3267 5539 3263 5539 3271 5540 3272 5540 3269 5540 3273 5541 3270 5541 2006 5541 3273 5542 2006 5542 2005 5542 3273 5543 3271 5543 3266 5543 3273 5544 3266 5544 3270 5544 3273 5545 3272 5545 3271 5545 3273 5546 2005 5546 2749 5546 3273 5547 2749 5547 3272 5547 2067 5548 1594 5548 2717 5548 3274 5549 2747 5549 1525 5549 3275 5550 2067 5550 2717 5550 3275 5551 2068 5551 2067 5551 3276 5552 3275 5552 2717 5552 3276 5553 2717 5553 2718 5553 3276 5554 2718 5554 2719 5554 3277 5555 2719 5555 2720 5555 3277 5556 3276 5556 2719 5556 3278 5557 2069 5557 2068 5557 3278 5558 2068 5558 3275 5558 3278 5559 3275 5559 3276 5559 3279 5560 3277 5560 2720 5560 3279 5561 2720 5561 2721 5561 3279 5562 2721 5562 2722 5562 3280 5563 3276 5563 3277 5563 3280 5564 3278 5564 3276 5564 3281 5565 2070 5565 2069 5565 3281 5566 2071 5566 2070 5566 3281 5567 2069 5567 3278 5567 3282 5568 2722 5568 2723 5568 3282 5569 3279 5569 2722 5569 3283 5570 3277 5570 3279 5570 3283 5571 3280 5571 3277 5571 3284 5572 3281 5572 3278 5572 3284 5573 3278 5573 3280 5573 3285 5574 2723 5574 2724 5574 3285 5575 3282 5575 2723 5575 3286 5576 3279 5576 3282 5576 3286 5577 3283 5577 3279 5577 3287 5578 3280 5578 3283 5578 3287 5579 3284 5579 3280 5579 3288 5580 2072 5580 2071 5580 3288 5581 2071 5581 3281 5581 3288 5582 3281 5582 3284 5582 3289 5583 3285 5583 2724 5583 3289 5584 2724 5584 2725 5584 3289 5585 2725 5585 2726 5585 3290 5586 3282 5586 3285 5586 3290 5587 3286 5587 3282 5587 3291 5588 3283 5588 3286 5588 3291 5589 3287 5589 3283 5589 3292 5590 3284 5590 3287 5590 3292 5591 3288 5591 3284 5591 3293 5592 2726 5592 2727 5592 3293 5593 3289 5593 2726 5593 3294 5594 2073 5594 2072 5594 3294 5595 2074 5595 2073 5595 3294 5596 2072 5596 3288 5596 3295 5597 3290 5597 3285 5597 3295 5598 3285 5598 3289 5598 3296 5599 3286 5599 3290 5599 3296 5600 3291 5600 3286 5600 3297 5601 3287 5601 3291 5601 3297 5602 3292 5602 3287 5602 3298 5603 3293 5603 2727 5603 3298 5604 2727 5604 2728 5604 3298 5605 2728 5605 2729 5605 3299 5606 3288 5606 3292 5606 3299 5607 3294 5607 3288 5607 3300 5608 3289 5608 3293 5608 3300 5609 3295 5609 3289 5609 3301 5610 3296 5610 3290 5610 3301 5611 3290 5611 3295 5611 3302 5612 3297 5612 3291 5612 3302 5613 3291 5613 3296 5613 3303 5614 3298 5614 2729 5614 3303 5615 2729 5615 2730 5615 3304 5616 3299 5616 3292 5616 3304 5617 3292 5617 3297 5617 3305 5618 3293 5618 3298 5618 3305 5619 3300 5619 3293 5619 3306 5620 2075 5620 2074 5620 3306 5621 2074 5621 3294 5621 3306 5622 3294 5622 3299 5622 3307 5623 3301 5623 3295 5623 3307 5624 3295 5624 3300 5624 3308 5625 3302 5625 3296 5625 3308 5626 3296 5626 3301 5626 3309 5627 3303 5627 2730 5627 3309 5628 2730 5628 2731 5628 3310 5629 3297 5629 3302 5629 3310 5630 3304 5630 3297 5630 3311 5631 3298 5631 3303 5631 3311 5632 3305 5632 3298 5632 3312 5633 3306 5633 3299 5633 3312 5634 3299 5634 3304 5634 3313 5635 3307 5635 3300 5635 3313 5636 3300 5636 3305 5636 3314 5637 2076 5637 2075 5637 3314 5638 2075 5638 3306 5638 3315 5639 3308 5639 3301 5639 3315 5640 3301 5640 3307 5640 3316 5641 2731 5641 2732 5641 3316 5642 2732 5642 2733 5642 3316 5643 3309 5643 2731 5643 3317 5644 3310 5644 3302 5644 3317 5645 3302 5645 3308 5645 3318 5646 3303 5646 3309 5646 3318 5647 3311 5647 3303 5647 3319 5648 3312 5648 3304 5648 3319 5649 3304 5649 3310 5649 3320 5650 3305 5650 3311 5650 3320 5651 3313 5651 3305 5651 3321 5652 3314 5652 3306 5652 3321 5653 3306 5653 3312 5653 3322 5654 3315 5654 3307 5654 3322 5655 3307 5655 3313 5655 3323 5656 3316 5656 2733 5656 3323 5657 2733 5657 2734 5657 3324 5658 3308 5658 3315 5658 3324 5659 3317 5659 3308 5659 3325 5660 3318 5660 3309 5660 3325 5661 3309 5661 3316 5661 3326 5662 3319 5662 3310 5662 3326 5663 3310 5663 3317 5663 3327 5664 3311 5664 3318 5664 3327 5665 3320 5665 3311 5665 3328 5666 3321 5666 3312 5666 3328 5667 3312 5667 3319 5667 3329 5668 3322 5668 3313 5668 3329 5669 3313 5669 3320 5669 3330 5670 3314 5670 3321 5670 3330 5671 2077 5671 2076 5671 3330 5672 2078 5672 2077 5672 3330 5673 2076 5673 3314 5673 3331 5674 3323 5674 2734 5674 3331 5675 2734 5675 2735 5675 3332 5676 3315 5676 3322 5676 3332 5677 3324 5677 3315 5677 3333 5678 3316 5678 3323 5678 3333 5679 3325 5679 3316 5679 3334 5680 3317 5680 3324 5680 3334 5681 3326 5681 3317 5681 3335 5682 3318 5682 3325 5682 3335 5683 3327 5683 3318 5683 3336 5684 3328 5684 3319 5684 3336 5685 3319 5685 3326 5685 3337 5686 3329 5686 3320 5686 3337 5687 3320 5687 3327 5687 3338 5688 3321 5688 3328 5688 3338 5689 3330 5689 3321 5689 3339 5690 2735 5690 2736 5690 3339 5691 2736 5691 2737 5691 3339 5692 3331 5692 2735 5692 3340 5693 3322 5693 3329 5693 3340 5694 3332 5694 3322 5694 3341 5695 2079 5695 2078 5695 3341 5696 2078 5696 3330 5696 3342 5697 3323 5697 3331 5697 3342 5698 3333 5698 3323 5698 3343 5699 3334 5699 3324 5699 3343 5700 3324 5700 3332 5700 3344 5701 3335 5701 3325 5701 3344 5702 3325 5702 3333 5702 3345 5703 3336 5703 3326 5703 3345 5704 3326 5704 3334 5704 3346 5705 3327 5705 3335 5705 3346 5706 3337 5706 3327 5706 3347 5707 3328 5707 3336 5707 3347 5708 3338 5708 3328 5708 3348 5709 2737 5709 2738 5709 3348 5710 3339 5710 2737 5710 3349 5711 3329 5711 3337 5711 3349 5712 3340 5712 3329 5712 3350 5713 3330 5713 3338 5713 3350 5714 3341 5714 3330 5714 3351 5715 3331 5715 3339 5715 3351 5716 3342 5716 3331 5716 3352 5717 3332 5717 3340 5717 3352 5718 3343 5718 3332 5718 3353 5719 3333 5719 3342 5719 3353 5720 3344 5720 3333 5720 3354 5721 3345 5721 3334 5721 3354 5722 3334 5722 3343 5722 3355 5723 3335 5723 3344 5723 3355 5724 3346 5724 3335 5724 3356 5725 3336 5725 3345 5725 3356 5726 3347 5726 3336 5726 3357 5727 3348 5727 2738 5727 3357 5728 2738 5728 2739 5728 3357 5729 2739 5729 2740 5729 3358 5730 3337 5730 3346 5730 3358 5731 3349 5731 3337 5731 3359 5732 3338 5732 3347 5732 3359 5733 3350 5733 3338 5733 3360 5734 3339 5734 3348 5734 3360 5735 3351 5735 3339 5735 3361 5736 3352 5736 3340 5736 3361 5737 3340 5737 3349 5737 3362 5738 3341 5738 3350 5738 3362 5739 2080 5739 2079 5739 3362 5740 2081 5740 2080 5740 3362 5741 2079 5741 3341 5741 3363 5742 3353 5742 3342 5742 3363 5743 3342 5743 3351 5743 3364 5744 3354 5744 3343 5744 3364 5745 3343 5745 3352 5745 3365 5746 3355 5746 3344 5746 3365 5747 3344 5747 3353 5747 3366 5748 3345 5748 3354 5748 3366 5749 3356 5749 3345 5749 3367 5750 3357 5750 2740 5750 3367 5751 2740 5751 2741 5751 3368 5752 3358 5752 3346 5752 3368 5753 3346 5753 3355 5753 3369 5754 3347 5754 3356 5754 3369 5755 3359 5755 3347 5755 3370 5756 3348 5756 3357 5756 3370 5757 3360 5757 3348 5757 3371 5758 3361 5758 3349 5758 3371 5759 3349 5759 3358 5759 3372 5760 3362 5760 3350 5760 3372 5761 3350 5761 3359 5761 3373 5762 3351 5762 3360 5762 3373 5763 3363 5763 3351 5763 3374 5764 3364 5764 3352 5764 3374 5765 3352 5765 3361 5765 3375 5766 2082 5766 2081 5766 3375 5767 2081 5767 3362 5767 3376 5768 3353 5768 3363 5768 3376 5769 3365 5769 3353 5769 3377 5770 3354 5770 3364 5770 3377 5771 3366 5771 3354 5771 3378 5772 3367 5772 2741 5772 3378 5773 2741 5773 2742 5773 3379 5774 3368 5774 3355 5774 3379 5775 3355 5775 3365 5775 3380 5776 3356 5776 3366 5776 3380 5777 3369 5777 3356 5777 3381 5778 3370 5778 3357 5778 3381 5779 3357 5779 3367 5779 3382 5780 3358 5780 3368 5780 3382 5781 3371 5781 3358 5781 3383 5782 3359 5782 3369 5782 3383 5783 3372 5783 3359 5783 3384 5784 3360 5784 3370 5784 3384 5785 3373 5785 3360 5785 3385 5786 3361 5786 3371 5786 3385 5787 3374 5787 3361 5787 3386 5788 3362 5788 3372 5788 3386 5789 3375 5789 3362 5789 3387 5790 3376 5790 3363 5790 3387 5791 3363 5791 3373 5791 3388 5792 3377 5792 3364 5792 3388 5793 3364 5793 3374 5793 3389 5794 2742 5794 2743 5794 3389 5795 2743 5795 2744 5795 3389 5796 3378 5796 2742 5796 3390 5797 3379 5797 3365 5797 3390 5798 3365 5798 3376 5798 3391 5799 3380 5799 3366 5799 3391 5800 3366 5800 3377 5800 3392 5801 3367 5801 3378 5801 3392 5802 3381 5802 3367 5802 3393 5803 3368 5803 3379 5803 3393 5804 3382 5804 3368 5804 3394 5805 3369 5805 3380 5805 3394 5806 3383 5806 3369 5806 3395 5807 3384 5807 3370 5807 3395 5808 3370 5808 3381 5808 3396 5809 3371 5809 3382 5809 3396 5810 3385 5810 3371 5810 3397 5811 3372 5811 3383 5811 3397 5812 3386 5812 3372 5812 3398 5813 3387 5813 3373 5813 3398 5814 3373 5814 3384 5814 3399 5815 3388 5815 3374 5815 3399 5816 3374 5816 3385 5816 3400 5817 2083 5817 2082 5817 3400 5818 3375 5818 3386 5818 3400 5819 2082 5819 3375 5819 3401 5820 3389 5820 2744 5820 3401 5821 2744 5821 2745 5821 3402 5822 3390 5822 3376 5822 3402 5823 3376 5823 3387 5823 3403 5824 3391 5824 3377 5824 3403 5825 3377 5825 3388 5825 3404 5826 3392 5826 3378 5826 3404 5827 3378 5827 3389 5827 3405 5828 3379 5828 3390 5828 3405 5829 3393 5829 3379 5829 3406 5830 3380 5830 3391 5830 3406 5831 3394 5831 3380 5831 3407 5832 3395 5832 3381 5832 3407 5833 3381 5833 3392 5833 3408 5834 3396 5834 3382 5834 3408 5835 3382 5835 3393 5835 3409 5836 3397 5836 3383 5836 3409 5837 3383 5837 3394 5837 3410 5838 3398 5838 3384 5838 3410 5839 3384 5839 3395 5839 3411 5840 3399 5840 3385 5840 3411 5841 3385 5841 3396 5841 3412 5842 3386 5842 3397 5842 3412 5843 3400 5843 3386 5843 3413 5844 3401 5844 2745 5844 3413 5845 2745 5845 2746 5845 3413 5846 2746 5846 2747 5846 3414 5847 3387 5847 3398 5847 3414 5848 3402 5848 3387 5848 3415 5849 3388 5849 3399 5849 3415 5850 3403 5850 3388 5850 3416 5851 2084 5851 2083 5851 3416 5852 2085 5852 2084 5852 3416 5853 2083 5853 3400 5853 3417 5854 3389 5854 3401 5854 3417 5855 3404 5855 3389 5855 3418 5856 3390 5856 3402 5856 3418 5857 3405 5857 3390 5857 3419 5858 3406 5858 3391 5858 3419 5859 3391 5859 3403 5859 3420 5860 3407 5860 3392 5860 3420 5861 3392 5861 3404 5861 3421 5862 3393 5862 3405 5862 3421 5863 3408 5863 3393 5863 3422 5864 3409 5864 3394 5864 3422 5865 3394 5865 3406 5865 3423 5866 3395 5866 3407 5866 3423 5867 3410 5867 3395 5867 3424 5868 3396 5868 3408 5868 3424 5869 3411 5869 3396 5869 3425 5870 3397 5870 3409 5870 3425 5871 3412 5871 3397 5871 3426 5872 2747 5872 3274 5872 3426 5873 3413 5873 2747 5873 3426 5874 3274 5874 3427 5874 3428 5875 3398 5875 3410 5875 3428 5876 3414 5876 3398 5876 3429 5877 3399 5877 3411 5877 3429 5878 3415 5878 3399 5878 3430 5879 3416 5879 3400 5879 3430 5880 3400 5880 3412 5880 3431 5881 3401 5881 3413 5881 3431 5882 3417 5882 3401 5882 3432 5883 3418 5883 3402 5883 3432 5884 3402 5884 3414 5884 3433 5885 3419 5885 3403 5885 3433 5886 3403 5886 3415 5886 3434 5887 3420 5887 3404 5887 3434 5888 3404 5888 3417 5888 3435 5889 3405 5889 3418 5889 3435 5890 3421 5890 3405 5890 3436 5891 3422 5891 3406 5891 3436 5892 3406 5892 3419 5892 3437 5893 3407 5893 3420 5893 3437 5894 3423 5894 3407 5894 3438 5895 3424 5895 3408 5895 3438 5896 3408 5896 3421 5896 3439 5897 3425 5897 3409 5897 3439 5898 3409 5898 3422 5898 3440 5899 3428 5899 3410 5899 3440 5900 3410 5900 3423 5900 3441 5901 3411 5901 3424 5901 3441 5902 3429 5902 3411 5902 3442 5903 3430 5903 3412 5903 3442 5904 3412 5904 3425 5904 3443 5905 3413 5905 3426 5905 3443 5906 3426 5906 3427 5906 3443 5907 3431 5907 3413 5907 3443 5908 3427 5908 3444 5908 3445 5909 3432 5909 3414 5909 3445 5910 3414 5910 3428 5910 3446 5911 3415 5911 3429 5911 3446 5912 3433 5912 3415 5912 3447 5913 2085 5913 3416 5913 3447 5914 2086 5914 2085 5914 3447 5915 3416 5915 3430 5915 3448 5916 3434 5916 3417 5916 3448 5917 3417 5917 3431 5917 3449 5918 3418 5918 3432 5918 3449 5919 3435 5919 3418 5919 3450 5920 3419 5920 3433 5920 3450 5921 3436 5921 3419 5921 3451 5922 3420 5922 3434 5922 3451 5923 3437 5923 3420 5923 3452 5924 3438 5924 3421 5924 3452 5925 3421 5925 3435 5925 3453 5926 3439 5926 3422 5926 3453 5927 3422 5927 3436 5927 3454 5928 3423 5928 3437 5928 3454 5929 3440 5929 3423 5929 3455 5930 3441 5930 3424 5930 3455 5931 3424 5931 3438 5931 3456 5932 3425 5932 3439 5932 3456 5933 3442 5933 3425 5933 3457 5934 3428 5934 3440 5934 3457 5935 3445 5935 3428 5935 3458 5936 3429 5936 3441 5936 3458 5937 3446 5937 3429 5937 3459 5938 3430 5938 3442 5938 3459 5939 3447 5939 3430 5939 3460 5940 3431 5940 3443 5940 3460 5941 3448 5941 3431 5941 3461 5942 3449 5942 3432 5942 3461 5943 3432 5943 3445 5943 3462 5944 3450 5944 3433 5944 3462 5945 3433 5945 3446 5945 3463 5946 2086 5946 3447 5946 3463 5947 2087 5947 2086 5947 3463 5948 2088 5948 2087 5948 3464 5949 3451 5949 3434 5949 3464 5950 3434 5950 3448 5950 3465 5951 3435 5951 3449 5951 3465 5952 3452 5952 3435 5952 3466 5953 3436 5953 3450 5953 3466 5954 3453 5954 3436 5954 3467 5955 3437 5955 3451 5955 3467 5956 3454 5956 3437 5956 3468 5957 3438 5957 3452 5957 3468 5958 3455 5958 3438 5958 3469 5959 3456 5959 3439 5959 3469 5960 3439 5960 3453 5960 3470 5961 3457 5961 3440 5961 3470 5962 3440 5962 3454 5962 3471 5963 3458 5963 3441 5963 3471 5964 3441 5964 3455 5964 3472 5965 3442 5965 3456 5965 3472 5966 3459 5966 3442 5966 3473 5967 3460 5967 3443 5967 3473 5968 3443 5968 3444 5968 3473 5969 3474 5969 3475 5969 3473 5970 3444 5970 3474 5970 3476 5971 3461 5971 3445 5971 3476 5972 3445 5972 3457 5972 3477 5973 3446 5973 3458 5973 3477 5974 3462 5974 3446 5974 3478 5975 3447 5975 3459 5975 3478 5976 3463 5976 3447 5976 3479 5977 3448 5977 3460 5977 3479 5978 3464 5978 3448 5978 3480 5979 3449 5979 3461 5979 3480 5980 3465 5980 3449 5980 3481 5981 3450 5981 3462 5981 3481 5982 3466 5982 3450 5982 3482 5983 3451 5983 3464 5983 3482 5984 3467 5984 3451 5984 3483 5985 3452 5985 3465 5985 3483 5986 3468 5986 3452 5986 3484 5987 3453 5987 3466 5987 3484 5988 3469 5988 3453 5988 3485 5989 3470 5989 3454 5989 3485 5990 3454 5990 3467 5990 3486 5991 3471 5991 3455 5991 3486 5992 3455 5992 3468 5992 3487 5993 3456 5993 3469 5993 3487 5994 3472 5994 3456 5994 3488 5995 3476 5995 3457 5995 3488 5996 3457 5996 3470 5996 3489 5997 3477 5997 3458 5997 3489 5998 3458 5998 3471 5998 3490 5999 3459 5999 3472 5999 3490 6000 3478 6000 3459 6000 3491 6001 3479 6001 3460 6001 3491 6002 3460 6002 3473 6002 3491 6003 3473 6003 3475 6003 3491 6004 3475 6004 3492 6004 3493 6005 3461 6005 3476 6005 3493 6006 3480 6006 3461 6006 3494 6007 3481 6007 3462 6007 3494 6008 3462 6008 3477 6008 3495 6009 2089 6009 2088 6009 3495 6010 2088 6010 3463 6010 3495 6011 3463 6011 3478 6011 3496 6012 3464 6012 3479 6012 3496 6013 3482 6013 3464 6013 3497 6014 3465 6014 3480 6014 3497 6015 3483 6015 3465 6015 3498 6016 3484 6016 3466 6016 3498 6017 3466 6017 3481 6017 3499 6018 3467 6018 3482 6018 3499 6019 3485 6019 3467 6019 3500 6020 3468 6020 3483 6020 3500 6021 3486 6021 3468 6021 3501 6022 3469 6022 3484 6022 3501 6023 3487 6023 3469 6023 3502 6024 3470 6024 3485 6024 3502 6025 3488 6025 3470 6025 3503 6026 3471 6026 3486 6026 3503 6027 3489 6027 3471 6027 3504 6028 3472 6028 3487 6028 3504 6029 3490 6029 3472 6029 3505 6030 3476 6030 3488 6030 3505 6031 3493 6031 3476 6031 3506 6032 3494 6032 3477 6032 3506 6033 3477 6033 3489 6033 3507 6034 3478 6034 3490 6034 3507 6035 3495 6035 3478 6035 3508 6036 3496 6036 3479 6036 3508 6037 3479 6037 3491 6037 3509 6038 3497 6038 3480 6038 3509 6039 3480 6039 3493 6039 3510 6040 3498 6040 3481 6040 3510 6041 3481 6041 3494 6041 3511 6042 2090 6042 2089 6042 3511 6043 2089 6043 3495 6043 3512 6044 3482 6044 3496 6044 3512 6045 3499 6045 3482 6045 3513 6046 3483 6046 3497 6046 3513 6047 3500 6047 3483 6047 3514 6048 3501 6048 3484 6048 3514 6049 3484 6049 3498 6049 3515 6050 3502 6050 3485 6050 3515 6051 3485 6051 3499 6051 3516 6052 3486 6052 3500 6052 3516 6053 3503 6053 3486 6053 3517 6054 3504 6054 3487 6054 3517 6055 3487 6055 3501 6055 3518 6056 3488 6056 3502 6056 3518 6057 3505 6057 3488 6057 3519 6058 3489 6058 3503 6058 3519 6059 3506 6059 3489 6059 3520 6060 3490 6060 3504 6060 3520 6061 3507 6061 3490 6061 3521 6062 3491 6062 3492 6062 3521 6063 3508 6063 3491 6063 3521 6064 3522 6064 3523 6064 3521 6065 3492 6065 3522 6065 3524 6066 3509 6066 3493 6066 3524 6067 3493 6067 3505 6067 3525 6068 3494 6068 3506 6068 3525 6069 3510 6069 3494 6069 3526 6070 3495 6070 3507 6070 3526 6071 3511 6071 3495 6071 3527 6072 3496 6072 3508 6072 3527 6073 3512 6073 3496 6073 3528 6074 3513 6074 3497 6074 3528 6075 3497 6075 3509 6075 3529 6076 3498 6076 3510 6076 3529 6077 3514 6077 3498 6077 3530 6078 3499 6078 3512 6078 3530 6079 3515 6079 3499 6079 3531 6080 3516 6080 3500 6080 3531 6081 3500 6081 3513 6081 3532 6082 3517 6082 3501 6082 3532 6083 3501 6083 3514 6083 3533 6084 3502 6084 3515 6084 3533 6085 3518 6085 3502 6085 3534 6086 3519 6086 3503 6086 3534 6087 3503 6087 3516 6087 3535 6088 3504 6088 3517 6088 3535 6089 3520 6089 3504 6089 3536 6090 3505 6090 3518 6090 3536 6091 3524 6091 3505 6091 3537 6092 3506 6092 3519 6092 3537 6093 3525 6093 3506 6093 3538 6094 3507 6094 3520 6094 3538 6095 3526 6095 3507 6095 3539 6096 3521 6096 3523 6096 3539 6097 3508 6097 3521 6097 3539 6098 3527 6098 3508 6098 3539 6099 3523 6099 3540 6099 3541 6100 3528 6100 3509 6100 3541 6101 3509 6101 3524 6101 3542 6102 3510 6102 3525 6102 3542 6103 3529 6103 3510 6103 3543 6104 3511 6104 3526 6104 3543 6105 2091 6105 2090 6105 3543 6106 2092 6106 2091 6106 3543 6107 2090 6107 3511 6107 3544 6108 3530 6108 3512 6108 3544 6109 3512 6109 3527 6109 3545 6110 3531 6110 3513 6110 3545 6111 3513 6111 3528 6111 3546 6112 3514 6112 3529 6112 3546 6113 3532 6113 3514 6113 3547 6114 3533 6114 3515 6114 3547 6115 3515 6115 3530 6115 3548 6116 3534 6116 3516 6116 3548 6117 3516 6117 3531 6117 3549 6118 3535 6118 3517 6118 3549 6119 3517 6119 3532 6119 3550 6120 3536 6120 3518 6120 3550 6121 3518 6121 3533 6121 3551 6122 3537 6122 3519 6122 3551 6123 3519 6123 3534 6123 3552 6124 3538 6124 3520 6124 3552 6125 3520 6125 3535 6125 3553 6126 3524 6126 3536 6126 3553 6127 3541 6127 3524 6127 3554 6128 3542 6128 3525 6128 3554 6129 3525 6129 3537 6129 3555 6130 3526 6130 3538 6130 3555 6131 3543 6131 3526 6131 3556 6132 3544 6132 3527 6132 3556 6133 3527 6133 3539 6133 3557 6134 3545 6134 3528 6134 3557 6135 3528 6135 3541 6135 3558 6136 3546 6136 3529 6136 3558 6137 3529 6137 3542 6137 3559 6138 2093 6138 2092 6138 3559 6139 2092 6139 3543 6139 3560 6140 3547 6140 3530 6140 3560 6141 3530 6141 3544 6141 3561 6142 3548 6142 3531 6142 3561 6143 3531 6143 3545 6143 3562 6144 3532 6144 3546 6144 3562 6145 3549 6145 3532 6145 3563 6146 3550 6146 3533 6146 3563 6147 3533 6147 3547 6147 3564 6148 3551 6148 3534 6148 3564 6149 3534 6149 3548 6149 3565 6150 3552 6150 3535 6150 3565 6151 3535 6151 3549 6151 3566 6152 3536 6152 3550 6152 3566 6153 3553 6153 3536 6153 3567 6154 3537 6154 3551 6154 3567 6155 3554 6155 3537 6155 3568 6156 3538 6156 3552 6156 3568 6157 3555 6157 3538 6157 3569 6158 3539 6158 3540 6158 3569 6159 3540 6159 3570 6159 3569 6160 3556 6160 3539 6160 3571 6161 3541 6161 3553 6161 3571 6162 3557 6162 3541 6162 3572 6163 3542 6163 3554 6163 3572 6164 3558 6164 3542 6164 3573 6165 3559 6165 3543 6165 3573 6166 3543 6166 3555 6166 3574 6167 3544 6167 3556 6167 3574 6168 3560 6168 3544 6168 3575 6169 3545 6169 3557 6169 3575 6170 3561 6170 3545 6170 3576 6171 3562 6171 3546 6171 3576 6172 3546 6172 3558 6172 3577 6173 3563 6173 3547 6173 3577 6174 3547 6174 3560 6174 3578 6175 3548 6175 3561 6175 3578 6176 3564 6176 3548 6176 3579 6177 3565 6177 3549 6177 3579 6178 3549 6178 3562 6178 3580 6179 3566 6179 3550 6179 3580 6180 3550 6180 3563 6180 3581 6181 3551 6181 3564 6181 3581 6182 3567 6182 3551 6182 3582 6183 3552 6183 3565 6183 3582 6184 3568 6184 3552 6184 3583 6185 3571 6185 3553 6185 3583 6186 3553 6186 3566 6186 3584 6187 3572 6187 3554 6187 3584 6188 3554 6188 3567 6188 3585 6189 3573 6189 3555 6189 3585 6190 3555 6190 3568 6190 3586 6191 3574 6191 3556 6191 3586 6192 3569 6192 3570 6192 3586 6193 3556 6193 3569 6193 3586 6194 3587 6194 3588 6194 3586 6195 3570 6195 3587 6195 3589 6196 3575 6196 3557 6196 3589 6197 3557 6197 3571 6197 3590 6198 3576 6198 3558 6198 3590 6199 3558 6199 3572 6199 3591 6200 2093 6200 3559 6200 3591 6201 2094 6201 2093 6201 3591 6202 2095 6202 2094 6202 3591 6203 3559 6203 3573 6203 3592 6204 3577 6204 3560 6204 3592 6205 3560 6205 3574 6205 3593 6206 3578 6206 3561 6206 3593 6207 3561 6207 3575 6207 3594 6208 3562 6208 3576 6208 3594 6209 3579 6209 3562 6209 3595 6210 3563 6210 3577 6210 3595 6211 3580 6211 3563 6211 3596 6212 3581 6212 3564 6212 3596 6213 3564 6213 3578 6213 3597 6214 3582 6214 3565 6214 3597 6215 3565 6215 3579 6215 3598 6216 3583 6216 3566 6216 3598 6217 3566 6217 3580 6217 3599 6218 3584 6218 3567 6218 3599 6219 3567 6219 3581 6219 3600 6220 3568 6220 3582 6220 3600 6221 3585 6221 3568 6221 3601 6222 3571 6222 3583 6222 3601 6223 3589 6223 3571 6223 3602 6224 3590 6224 3572 6224 3602 6225 3572 6225 3584 6225 3603 6226 3573 6226 3585 6226 3603 6227 3591 6227 3573 6227 3604 6228 3574 6228 3586 6228 3604 6229 3592 6229 3574 6229 3605 6230 3575 6230 3589 6230 3605 6231 3593 6231 3575 6231 3606 6232 3576 6232 3590 6232 3606 6233 3594 6233 3576 6233 3607 6234 2095 6234 3591 6234 3607 6235 2096 6235 2095 6235 3608 6236 3595 6236 3577 6236 3608 6237 3577 6237 3592 6237 3609 6238 3578 6238 3593 6238 3609 6239 3596 6239 3578 6239 3610 6240 3579 6240 3594 6240 3610 6241 3597 6241 3579 6241 3611 6242 3580 6242 3595 6242 3611 6243 3598 6243 3580 6243 3612 6244 3581 6244 3596 6244 3612 6245 3599 6245 3581 6245 3613 6246 3600 6246 3582 6246 3613 6247 3582 6247 3597 6247 3614 6248 3601 6248 3583 6248 3614 6249 3583 6249 3598 6249 3615 6250 3584 6250 3599 6250 3615 6251 3602 6251 3584 6251 3616 6252 3585 6252 3600 6252 3616 6253 3603 6253 3585 6253 3617 6254 3604 6254 3586 6254 3617 6255 3588 6255 3618 6255 3617 6256 3586 6256 3588 6256 3619 6257 3589 6257 3601 6257 3619 6258 3605 6258 3589 6258 3620 6259 3590 6259 3602 6259 3620 6260 3606 6260 3590 6260 3621 6261 3607 6261 3591 6261 3621 6262 3591 6262 3603 6262 3622 6263 3608 6263 3592 6263 3622 6264 3592 6264 3604 6264 3623 6265 3609 6265 3593 6265 3623 6266 3593 6266 3605 6266 3624 6267 3594 6267 3606 6267 3624 6268 3610 6268 3594 6268 3625 6269 3595 6269 3608 6269 3625 6270 3611 6270 3595 6270 3626 6271 3596 6271 3609 6271 3626 6272 3612 6272 3596 6272 3627 6273 3597 6273 3610 6273 3627 6274 3613 6274 3597 6274 3628 6275 3598 6275 3611 6275 3628 6276 3614 6276 3598 6276 3629 6277 3615 6277 3599 6277 3629 6278 3599 6278 3612 6278 3630 6279 3600 6279 3613 6279 3630 6280 3616 6280 3600 6280 3631 6281 3601 6281 3614 6281 3631 6282 3619 6282 3601 6282 3632 6283 3602 6283 3615 6283 3632 6284 3620 6284 3602 6284 3633 6285 3603 6285 3616 6285 3633 6286 3621 6286 3603 6286 3634 6287 3604 6287 3617 6287 3634 6288 3622 6288 3604 6288 3634 6289 3617 6289 3618 6289 3634 6290 3635 6290 3636 6290 3634 6291 3618 6291 3635 6291 3637 6292 3605 6292 3619 6292 3637 6293 3623 6293 3605 6293 3638 6294 3606 6294 3620 6294 3638 6295 3624 6295 3606 6295 3639 6296 2097 6296 2096 6296 3639 6297 1608 6297 2097 6297 3639 6298 2096 6298 3607 6298 3639 6299 3607 6299 3621 6299 3640 6300 3625 6300 3608 6300 3640 6301 3608 6301 3622 6301 3641 6302 3626 6302 3609 6302 3641 6303 3609 6303 3623 6303 3642 6304 3627 6304 3610 6304 3642 6305 3610 6305 3624 6305 3643 6306 3628 6306 3611 6306 3643 6307 3611 6307 3625 6307 3644 6308 3612 6308 3626 6308 3644 6309 3629 6309 3612 6309 3645 6310 3613 6310 3627 6310 3645 6311 3630 6311 3613 6311 3646 6312 3631 6312 3614 6312 3646 6313 3614 6313 3628 6313 3647 6314 3615 6314 3629 6314 3647 6315 3632 6315 3615 6315 3648 6316 3616 6316 3630 6316 3648 6317 3633 6317 3616 6317 3649 6318 3637 6318 3619 6318 3649 6319 3619 6319 3631 6319 3650 6320 3620 6320 3632 6320 3650 6321 3638 6321 3620 6321 3651 6322 3639 6322 3621 6322 3651 6323 3621 6323 3633 6323 3651 6324 1608 6324 3639 6324 3652 6325 3622 6325 3634 6325 3652 6326 3640 6326 3622 6326 3653 6327 3641 6327 3623 6327 3653 6328 3623 6328 3637 6328 3654 6329 3642 6329 3624 6329 3654 6330 3624 6330 3638 6330 3655 6331 3643 6331 3625 6331 3655 6332 3625 6332 3640 6332 3656 6333 3644 6333 3626 6333 3656 6334 3626 6334 3641 6334 3657 6335 3627 6335 3642 6335 3657 6336 3645 6336 3627 6336 3658 6337 3646 6337 3628 6337 3658 6338 3628 6338 3643 6338 3659 6339 3647 6339 3629 6339 3659 6340 3629 6340 3644 6340 3660 6341 3630 6341 3645 6341 3660 6342 3648 6342 3630 6342 3661 6343 3649 6343 3631 6343 3661 6344 3631 6344 3646 6344 3662 6345 3650 6345 3632 6345 3662 6346 3632 6346 3647 6346 3663 6347 1608 6347 3651 6347 3663 6348 3633 6348 3648 6348 3663 6349 3651 6349 3633 6349 3664 6350 3634 6350 3636 6350 3664 6351 3636 6351 3665 6351 3664 6352 3652 6352 3634 6352 3666 6353 3653 6353 3637 6353 3666 6354 3637 6354 3649 6354 3667 6355 3638 6355 3650 6355 3667 6356 3654 6356 3638 6356 3668 6357 3640 6357 3652 6357 3668 6358 3655 6358 3640 6358 3669 6359 3656 6359 3641 6359 3669 6360 3641 6360 3653 6360 3670 6361 3642 6361 3654 6361 3670 6362 3657 6362 3642 6362 3671 6363 3643 6363 3655 6363 3671 6364 3658 6364 3643 6364 3672 6365 3644 6365 3656 6365 3672 6366 3659 6366 3644 6366 3673 6367 3645 6367 3657 6367 3673 6368 3660 6368 3645 6368 3674 6369 3661 6369 3646 6369 3674 6370 3646 6370 3658 6370 3675 6371 3647 6371 3659 6371 3675 6372 3662 6372 3647 6372 3676 6373 3663 6373 3648 6373 3676 6374 1608 6374 3663 6374 3676 6375 3648 6375 3660 6375 3677 6376 3649 6376 3661 6376 3677 6377 3666 6377 3649 6377 3678 6378 3650 6378 3662 6378 3678 6379 3667 6379 3650 6379 3679 6380 3664 6380 3665 6380 3679 6381 3652 6381 3664 6381 3679 6382 3668 6382 3652 6382 3679 6383 3665 6383 3680 6383 3681 6384 3669 6384 3653 6384 3681 6385 3653 6385 3666 6385 3682 6386 3654 6386 3667 6386 3682 6387 3670 6387 3654 6387 3683 6388 3671 6388 3655 6388 3683 6389 3655 6389 3668 6389 3684 6390 3672 6390 3656 6390 3684 6391 3656 6391 3669 6391 3685 6392 3657 6392 3670 6392 3685 6393 3673 6393 3657 6393 3686 6394 3674 6394 3658 6394 3686 6395 3658 6395 3671 6395 3687 6396 3659 6396 3672 6396 3687 6397 3675 6397 3659 6397 3688 6398 1608 6398 3676 6398 3688 6399 3676 6399 3660 6399 3688 6400 3660 6400 3673 6400 3689 6401 3677 6401 3661 6401 3689 6402 3661 6402 3674 6402 3690 6403 3662 6403 3675 6403 3690 6404 3678 6404 3662 6404 3691 6405 3666 6405 3677 6405 3691 6406 3681 6406 3666 6406 3692 6407 3667 6407 3678 6407 3692 6408 3682 6408 3667 6408 3693 6409 3683 6409 3668 6409 3693 6410 3668 6410 3679 6410 3694 6411 3684 6411 3669 6411 3694 6412 3669 6412 3681 6412 3695 6413 3670 6413 3682 6413 3695 6414 3685 6414 3670 6414 3696 6415 3671 6415 3683 6415 3696 6416 3686 6416 3671 6416 3697 6417 3672 6417 3684 6417 3697 6418 3687 6418 3672 6418 3698 6419 1608 6419 3688 6419 3698 6420 3673 6420 3685 6420 3698 6421 3688 6421 3673 6421 3699 6422 3674 6422 3686 6422 3699 6423 3689 6423 3674 6423 3700 6424 3675 6424 3687 6424 3700 6425 3690 6425 3675 6425 3701 6426 3677 6426 3689 6426 3701 6427 3691 6427 3677 6427 3702 6428 3692 6428 3678 6428 3702 6429 3678 6429 3690 6429 3703 6430 3693 6430 3679 6430 3703 6431 3679 6431 3680 6431 3703 6432 3704 6432 3705 6432 3703 6433 3680 6433 3704 6433 3706 6434 3681 6434 3691 6434 3706 6435 3694 6435 3681 6435 3707 6436 3695 6436 3682 6436 3707 6437 3682 6437 3692 6437 3708 6438 3683 6438 3693 6438 3708 6439 3696 6439 3683 6439 3709 6440 3697 6440 3684 6440 3709 6441 3684 6441 3694 6441 3710 6442 3698 6442 3685 6442 3710 6443 1608 6443 3698 6443 3710 6444 3685 6444 3695 6444 3711 6445 3686 6445 3696 6445 3711 6446 3699 6446 3686 6446 3712 6447 3700 6447 3687 6447 3712 6448 3687 6448 3697 6448 3713 6449 3701 6449 3689 6449 3713 6450 3689 6450 3699 6450 3714 6451 3702 6451 3690 6451 3714 6452 3690 6452 3700 6452 3715 6453 3691 6453 3701 6453 3715 6454 3706 6454 3691 6454 3716 6455 3707 6455 3692 6455 3716 6456 3692 6456 3702 6456 3717 6457 3703 6457 3705 6457 3717 6458 3708 6458 3693 6458 3717 6459 3705 6459 3718 6459 3717 6460 3693 6460 3703 6460 3719 6461 3709 6461 3694 6461 3719 6462 3694 6462 3706 6462 3720 6463 1608 6463 3710 6463 3720 6464 3710 6464 3695 6464 3720 6465 3695 6465 3707 6465 3721 6466 3696 6466 3708 6466 3721 6467 3711 6467 3696 6467 3722 6468 3712 6468 3697 6468 3722 6469 3697 6469 3709 6469 3723 6470 3699 6470 3711 6470 3723 6471 3713 6471 3699 6471 3724 6472 3700 6472 3712 6472 3724 6473 3714 6473 3700 6473 3725 6474 3715 6474 3701 6474 3725 6475 3701 6475 3713 6475 3726 6476 3716 6476 3702 6476 3726 6477 3702 6477 3714 6477 3727 6478 3706 6478 3715 6478 3727 6479 3719 6479 3706 6479 3728 6480 1608 6480 3720 6480 3728 6481 3720 6481 3707 6481 3728 6482 3707 6482 3716 6482 3729 6483 3721 6483 3708 6483 3729 6484 3708 6484 3717 6484 3730 6485 3722 6485 3709 6485 3730 6486 3709 6486 3719 6486 3731 6487 3723 6487 3711 6487 3731 6488 3711 6488 3721 6488 3732 6489 3724 6489 3712 6489 3732 6490 3712 6490 3722 6490 3733 6491 3713 6491 3723 6491 3733 6492 3725 6492 3713 6492 3734 6493 3714 6493 3724 6493 3734 6494 3726 6494 3714 6494 3735 6495 3715 6495 3725 6495 3735 6496 3727 6496 3715 6496 3736 6497 3716 6497 3726 6497 3736 6498 3728 6498 3716 6498 3736 6499 1608 6499 3728 6499 3737 6500 3717 6500 3718 6500 3737 6501 3729 6501 3717 6501 3737 6502 3738 6502 3739 6502 3737 6503 3718 6503 3738 6503 3740 6504 3730 6504 3719 6504 3740 6505 3719 6505 3727 6505 3741 6506 3731 6506 3721 6506 3741 6507 3721 6507 3729 6507 3742 6508 3722 6508 3730 6508 3742 6509 3732 6509 3722 6509 3743 6510 3723 6510 3731 6510 3743 6511 3733 6511 3723 6511 3744 6512 3724 6512 3732 6512 3744 6513 3734 6513 3724 6513 3745 6514 3735 6514 3725 6514 3745 6515 3725 6515 3733 6515 3746 6516 3736 6516 3726 6516 3746 6517 1608 6517 3736 6517 3746 6518 3726 6518 3734 6518 3747 6519 3727 6519 3735 6519 3747 6520 3740 6520 3727 6520 3748 6521 3737 6521 3739 6521 3748 6522 3729 6522 3737 6522 3748 6523 3739 6523 3749 6523 3748 6524 3741 6524 3729 6524 3750 6525 3730 6525 3740 6525 3750 6526 3742 6526 3730 6526 3751 6527 3731 6527 3741 6527 3751 6528 3743 6528 3731 6528 3752 6529 3744 6529 3732 6529 3752 6530 3732 6530 3742 6530 3753 6531 3745 6531 3733 6531 3753 6532 3733 6532 3743 6532 3754 6533 1608 6533 3746 6533 3754 6534 3734 6534 3744 6534 3754 6535 3746 6535 3734 6535 3755 6536 3747 6536 3735 6536 3755 6537 3735 6537 3745 6537 3756 6538 3740 6538 3747 6538 3756 6539 3750 6539 3740 6539 3757 6540 3751 6540 3741 6540 3757 6541 3741 6541 3748 6541 3758 6542 3752 6542 3742 6542 3758 6543 3742 6543 3750 6543 3759 6544 3743 6544 3751 6544 3759 6545 3753 6545 3743 6545 3760 6546 3744 6546 3752 6546 3760 6547 3754 6547 3744 6547 3760 6548 1608 6548 3754 6548 3761 6549 3745 6549 3753 6549 3761 6550 3755 6550 3745 6550 3762 6551 3756 6551 3747 6551 3762 6552 3747 6552 3755 6552 3763 6553 3757 6553 3748 6553 3763 6554 3748 6554 3749 6554 3763 6555 3749 6555 3764 6555 3765 6556 3750 6556 3756 6556 3765 6557 3758 6557 3750 6557 3766 6558 3751 6558 3757 6558 3766 6559 3759 6559 3751 6559 3767 6560 3760 6560 3752 6560 3767 6561 3752 6561 3758 6561 3767 6562 1608 6562 3760 6562 3768 6563 3753 6563 3759 6563 3768 6564 3761 6564 3753 6564 3769 6565 3762 6565 3755 6565 3769 6566 3755 6566 3761 6566 3770 6567 3756 6567 3762 6567 3770 6568 3765 6568 3756 6568 3771 6569 3766 6569 3757 6569 3771 6570 3757 6570 3763 6570 3771 6571 3772 6571 3773 6571 3771 6572 3764 6572 3772 6572 3771 6573 3763 6573 3764 6573 3774 6574 3758 6574 3765 6574 3774 6575 3767 6575 3758 6575 3774 6576 1608 6576 3767 6576 3775 6577 3768 6577 3759 6577 3775 6578 3759 6578 3766 6578 3776 6579 3761 6579 3768 6579 3776 6580 3769 6580 3761 6580 3777 6581 3762 6581 3769 6581 3777 6582 3770 6582 3762 6582 3778 6583 1608 6583 3774 6583 3778 6584 3765 6584 3770 6584 3778 6585 3774 6585 3765 6585 3779 6586 3766 6586 3771 6586 3779 6587 3775 6587 3766 6587 3780 6588 3768 6588 3775 6588 3780 6589 3776 6589 3768 6589 3781 6590 3777 6590 3769 6590 3781 6591 3769 6591 3776 6591 3782 6592 3770 6592 3777 6592 3782 6593 3778 6593 3770 6593 3782 6594 1608 6594 3778 6594 3783 6595 3779 6595 3771 6595 3783 6596 3773 6596 3784 6596 3783 6597 3771 6597 3773 6597 3785 6598 3775 6598 3779 6598 3785 6599 3780 6599 3775 6599 3786 6600 3776 6600 3780 6600 3786 6601 3781 6601 3776 6601 3787 6602 3782 6602 3777 6602 3787 6603 1608 6603 3782 6603 3787 6604 3777 6604 3781 6604 3788 6605 3785 6605 3779 6605 3788 6606 3779 6606 3783 6606 3788 6607 3783 6607 3784 6607 3788 6608 3789 6608 3790 6608 3788 6609 3784 6609 3789 6609 3791 6610 3780 6610 3785 6610 3791 6611 3786 6611 3780 6611 3792 6612 1608 6612 3787 6612 3792 6613 3781 6613 3786 6613 3792 6614 3787 6614 3781 6614 3793 6615 3785 6615 3788 6615 3793 6616 3791 6616 3785 6616 3794 6617 1608 6617 3792 6617 3794 6618 3792 6618 3786 6618 3794 6619 3786 6619 3791 6619 3795 6620 3793 6620 3788 6620 3795 6621 3790 6621 3796 6621 3795 6622 3788 6622 3790 6622 3797 6623 3791 6623 3793 6623 3797 6624 3794 6624 3791 6624 3797 6625 1608 6625 3794 6625 3798 6626 3793 6626 3795 6626 3798 6627 3797 6627 3793 6627 3798 6628 3795 6628 3796 6628 3798 6629 1608 6629 3797 6629 3798 6630 3799 6630 1608 6630 3798 6631 3796 6631 3799 6631 1604 6632 1603 6632 3800 6632 2749 6633 1604 6633 3800 6633 3272 6634 3801 6634 3802 6634 3272 6635 3800 6635 3801 6635 3272 6636 2749 6636 3800 6636 3269 6637 3802 6637 3803 6637 3269 6638 3272 6638 3802 6638 3268 6639 3269 6639 3803 6639 3265 6640 3803 6640 3804 6640 3265 6641 3268 6641 3803 6641 3261 6642 3805 6642 3806 6642 3261 6643 3804 6643 3805 6643 3261 6644 3265 6644 3804 6644 3260 6645 3261 6645 3806 6645 3255 6646 3260 6646 3806 6646 3255 6647 3806 6647 3807 6647 3250 6648 3255 6648 3807 6648 3250 6649 3807 6649 3808 6649 3245 6650 3250 6650 3808 6650 3245 6651 3809 6651 3810 6651 3245 6652 3808 6652 3809 6652 3244 6653 3245 6653 3810 6653 3238 6654 3244 6654 3810 6654 3238 6655 3811 6655 3812 6655 3238 6656 3810 6656 3811 6656 3231 6657 3238 6657 3812 6657 3230 6658 3231 6658 3812 6658 3230 6659 3812 6659 3813 6659 3223 6660 3230 6660 3813 6660 3223 6661 3813 6661 3814 6661 3215 6662 3223 6662 3814 6662 3215 6663 3815 6663 3816 6663 3215 6664 3814 6664 3815 6664 3206 6665 3215 6665 3816 6665 3205 6666 3206 6666 3816 6666 3205 6667 3816 6667 3817 6667 3196 6668 3817 6668 3818 6668 3196 6669 3205 6669 3817 6669 3187 6670 3818 6670 3819 6670 3187 6671 3196 6671 3818 6671 3186 6672 3819 6672 3820 6672 3186 6673 3187 6673 3819 6673 3176 6674 3820 6674 3821 6674 3176 6675 3186 6675 3820 6675 3165 6676 3821 6676 3822 6676 3165 6677 3176 6677 3821 6677 3154 6678 3822 6678 3823 6678 3154 6679 3165 6679 3822 6679 3153 6680 3824 6680 3825 6680 3153 6681 3823 6681 3824 6681 3153 6682 3154 6682 3823 6682 3141 6683 3153 6683 3825 6683 3128 6684 3825 6684 3826 6684 3128 6685 3141 6685 3825 6685 3127 6686 3827 6686 3828 6686 3127 6687 3826 6687 3827 6687 3127 6688 3128 6688 3826 6688 3114 6689 3127 6689 3828 6689 3101 6690 3829 6690 3830 6690 3101 6691 3828 6691 3829 6691 3101 6692 3114 6692 3828 6692 2748 6693 3101 6693 3830 6693 1556 6694 3830 6694 1589 6694 1556 6695 2748 6695 3830 6695 3831 6696 1608 6696 3799 6696 3831 6697 1606 6697 1608 6697 3832 6698 3799 6698 3796 6698 3832 6699 3831 6699 3799 6699 3833 6700 3796 6700 3790 6700 3833 6701 3790 6701 3789 6701 3833 6702 3832 6702 3796 6702 3834 6703 3833 6703 3789 6703 3835 6704 3789 6704 3784 6704 3835 6705 3834 6705 3789 6705 3836 6706 3784 6706 3773 6706 3836 6707 3835 6707 3784 6707 3837 6708 3773 6708 3772 6708 3837 6709 3772 6709 3764 6709 3837 6710 3836 6710 3773 6710 3838 6711 3837 6711 3764 6711 3838 6712 3764 6712 3749 6712 3839 6713 3838 6713 3749 6713 3840 6714 3749 6714 3739 6714 3840 6715 3839 6715 3749 6715 3841 6716 3739 6716 3738 6716 3841 6717 3840 6717 3739 6717 3842 6718 3841 6718 3738 6718 3842 6719 3738 6719 3718 6719 3843 6720 3718 6720 3705 6720 3843 6721 3842 6721 3718 6721 3844 6722 3705 6722 3704 6722 3844 6723 3704 6723 3680 6723 3844 6724 3843 6724 3705 6724 3845 6725 3844 6725 3680 6725 3846 6726 3680 6726 3665 6726 3846 6727 3845 6727 3680 6727 3847 6728 3665 6728 3636 6728 3847 6729 3846 6729 3665 6729 3848 6730 3636 6730 3635 6730 3848 6731 3847 6731 3636 6731 3849 6732 3635 6732 3618 6732 3849 6733 3848 6733 3635 6733 3850 6734 3618 6734 3588 6734 3850 6735 3849 6735 3618 6735 3851 6736 3588 6736 3587 6736 3851 6737 3850 6737 3588 6737 3852 6738 3587 6738 3570 6738 3852 6739 3851 6739 3587 6739 3853 6740 3570 6740 3540 6740 3853 6741 3852 6741 3570 6741 3854 6742 3540 6742 3523 6742 3854 6743 3853 6743 3540 6743 3855 6744 3523 6744 3522 6744 3855 6745 3854 6745 3523 6745 3856 6746 3522 6746 3492 6746 3856 6747 3855 6747 3522 6747 3857 6748 3492 6748 3475 6748 3857 6749 3856 6749 3492 6749 3858 6750 3475 6750 3474 6750 3858 6751 3474 6751 3444 6751 3858 6752 3857 6752 3475 6752 3859 6753 3858 6753 3444 6753 3860 6754 3444 6754 3427 6754 3860 6755 3859 6755 3444 6755 3861 6756 3427 6756 3274 6756 3861 6757 3860 6757 3427 6757 1589 6758 3274 6758 1525 6758 1589 6759 3861 6759 3274 6759 3861 6760 1589 6760 3830 6760 2066 6761 3800 6761 1603 6761 3862 6762 3861 6762 3830 6762 3862 6763 3860 6763 3861 6763 3863 6764 3862 6764 3830 6764 3863 6765 3830 6765 3829 6765 3863 6766 3829 6766 3828 6766 3864 6767 3828 6767 3827 6767 3864 6768 3863 6768 3828 6768 3865 6769 3860 6769 3862 6769 3865 6770 3862 6770 3863 6770 3865 6771 3859 6771 3860 6771 3866 6772 3827 6772 3826 6772 3866 6773 3826 6773 3825 6773 3866 6774 3864 6774 3827 6774 3867 6775 3865 6775 3863 6775 3867 6776 3863 6776 3864 6776 3868 6777 3859 6777 3865 6777 3868 6778 3857 6778 3858 6778 3868 6779 3858 6779 3859 6779 3869 6780 3825 6780 3824 6780 3869 6781 3866 6781 3825 6781 3870 6782 3867 6782 3864 6782 3870 6783 3864 6783 3866 6783 3871 6784 3865 6784 3867 6784 3871 6785 3868 6785 3865 6785 3872 6786 3824 6786 3823 6786 3872 6787 3869 6787 3824 6787 3873 6788 3866 6788 3869 6788 3873 6789 3870 6789 3866 6789 3874 6790 3867 6790 3870 6790 3874 6791 3871 6791 3867 6791 3875 6792 3857 6792 3868 6792 3875 6793 3856 6793 3857 6793 3875 6794 3868 6794 3871 6794 3876 6795 3823 6795 3822 6795 3876 6796 3822 6796 3821 6796 3876 6797 3872 6797 3823 6797 3877 6798 3873 6798 3869 6798 3877 6799 3869 6799 3872 6799 3878 6800 3874 6800 3870 6800 3878 6801 3870 6801 3873 6801 3879 6802 3875 6802 3871 6802 3879 6803 3871 6803 3874 6803 3880 6804 3876 6804 3821 6804 3880 6805 3821 6805 3820 6805 3881 6806 3856 6806 3875 6806 3881 6807 3854 6807 3855 6807 3881 6808 3855 6808 3856 6808 3882 6809 3872 6809 3876 6809 3882 6810 3877 6810 3872 6810 3883 6811 3873 6811 3877 6811 3883 6812 3878 6812 3873 6812 3884 6813 3879 6813 3874 6813 3884 6814 3874 6814 3878 6814 3885 6815 3820 6815 3819 6815 3885 6816 3819 6816 3818 6816 3885 6817 3880 6817 3820 6817 3886 6818 3875 6818 3879 6818 3886 6819 3881 6819 3875 6819 3887 6820 3882 6820 3876 6820 3887 6821 3876 6821 3880 6821 3888 6822 3877 6822 3882 6822 3888 6823 3883 6823 3877 6823 3889 6824 3878 6824 3883 6824 3889 6825 3884 6825 3878 6825 3890 6826 3818 6826 3817 6826 3890 6827 3885 6827 3818 6827 3891 6828 3879 6828 3884 6828 3891 6829 3886 6829 3879 6829 3892 6830 3880 6830 3885 6830 3892 6831 3887 6831 3880 6831 3893 6832 3854 6832 3881 6832 3893 6833 3881 6833 3886 6833 3893 6834 3853 6834 3854 6834 3894 6835 3888 6835 3882 6835 3894 6836 3882 6836 3887 6836 3895 6837 3883 6837 3888 6837 3895 6838 3889 6838 3883 6838 3896 6839 3817 6839 3816 6839 3896 6840 3890 6840 3817 6840 3897 6841 3884 6841 3889 6841 3897 6842 3891 6842 3884 6842 3898 6843 3892 6843 3885 6843 3898 6844 3885 6844 3890 6844 3899 6845 3893 6845 3886 6845 3899 6846 3886 6846 3891 6846 3900 6847 3887 6847 3892 6847 3900 6848 3894 6848 3887 6848 3901 6849 3853 6849 3893 6849 3901 6850 3852 6850 3853 6850 3902 6851 3895 6851 3888 6851 3902 6852 3888 6852 3894 6852 3903 6853 3816 6853 3815 6853 3903 6854 3815 6854 3814 6854 3903 6855 3896 6855 3816 6855 3904 6856 3889 6856 3895 6856 3904 6857 3897 6857 3889 6857 3905 6858 3898 6858 3890 6858 3905 6859 3890 6859 3896 6859 3906 6860 3899 6860 3891 6860 3906 6861 3891 6861 3897 6861 3907 6862 3900 6862 3892 6862 3907 6863 3892 6863 3898 6863 3908 6864 3901 6864 3893 6864 3908 6865 3893 6865 3899 6865 3909 6866 3902 6866 3894 6866 3909 6867 3894 6867 3900 6867 3910 6868 3814 6868 3813 6868 3910 6869 3903 6869 3814 6869 3911 6870 3904 6870 3895 6870 3911 6871 3895 6871 3902 6871 3912 6872 3905 6872 3896 6872 3912 6873 3896 6873 3903 6873 3913 6874 3897 6874 3904 6874 3913 6875 3906 6875 3897 6875 3914 6876 3907 6876 3898 6876 3914 6877 3898 6877 3905 6877 3915 6878 3908 6878 3899 6878 3915 6879 3899 6879 3906 6879 3916 6880 3900 6880 3907 6880 3916 6881 3909 6881 3900 6881 3917 6882 3852 6882 3901 6882 3917 6883 3901 6883 3908 6883 3917 6884 3850 6884 3851 6884 3917 6885 3851 6885 3852 6885 3918 6886 3813 6886 3812 6886 3918 6887 3910 6887 3813 6887 3919 6888 3911 6888 3902 6888 3919 6889 3902 6889 3909 6889 3920 6890 3903 6890 3910 6890 3920 6891 3912 6891 3903 6891 3921 6892 3904 6892 3911 6892 3921 6893 3913 6893 3904 6893 3922 6894 3914 6894 3905 6894 3922 6895 3905 6895 3912 6895 3923 6896 3915 6896 3906 6896 3923 6897 3906 6897 3913 6897 3924 6898 3916 6898 3907 6898 3924 6899 3907 6899 3914 6899 3925 6900 3908 6900 3915 6900 3925 6901 3917 6901 3908 6901 3926 6902 3812 6902 3811 6902 3926 6903 3918 6903 3812 6903 3926 6904 3811 6904 3810 6904 3927 6905 3909 6905 3916 6905 3927 6906 3919 6906 3909 6906 3928 6907 3850 6907 3917 6907 3928 6908 3849 6908 3850 6908 3929 6909 3920 6909 3910 6909 3929 6910 3910 6910 3918 6910 3930 6911 3911 6911 3919 6911 3930 6912 3921 6912 3911 6912 3931 6913 3912 6913 3920 6913 3931 6914 3922 6914 3912 6914 3932 6915 3923 6915 3913 6915 3932 6916 3913 6916 3921 6916 3933 6917 3914 6917 3922 6917 3933 6918 3924 6918 3914 6918 3934 6919 3915 6919 3923 6919 3934 6920 3925 6920 3915 6920 3935 6921 3926 6921 3810 6921 3935 6922 3810 6922 3809 6922 3936 6923 3916 6923 3924 6923 3936 6924 3927 6924 3916 6924 3937 6925 3917 6925 3925 6925 3937 6926 3928 6926 3917 6926 3938 6927 3929 6927 3918 6927 3938 6928 3918 6928 3926 6928 3939 6929 3919 6929 3927 6929 3939 6930 3930 6930 3919 6930 3940 6931 3920 6931 3929 6931 3940 6932 3931 6932 3920 6932 3941 6933 3921 6933 3930 6933 3941 6934 3932 6934 3921 6934 3942 6935 3933 6935 3922 6935 3942 6936 3922 6936 3931 6936 3943 6937 3934 6937 3923 6937 3943 6938 3923 6938 3932 6938 3944 6939 3809 6939 3808 6939 3944 6940 3808 6940 3807 6940 3944 6941 3935 6941 3809 6941 3945 6942 3936 6942 3924 6942 3945 6943 3924 6943 3933 6943 3946 6944 3937 6944 3925 6944 3946 6945 3925 6945 3934 6945 3947 6946 3938 6946 3926 6946 3947 6947 3926 6947 3935 6947 3948 6948 3927 6948 3936 6948 3948 6949 3939 6949 3927 6949 3949 6950 3928 6950 3937 6950 3949 6951 3847 6951 3848 6951 3949 6952 3848 6952 3849 6952 3949 6953 3849 6953 3928 6953 3950 6954 3940 6954 3929 6954 3950 6955 3929 6955 3938 6955 3951 6956 3930 6956 3939 6956 3951 6957 3941 6957 3930 6957 3952 6958 3942 6958 3931 6958 3952 6959 3931 6959 3940 6959 3953 6960 3932 6960 3941 6960 3953 6961 3943 6961 3932 6961 3954 6962 3807 6962 3806 6962 3954 6963 3944 6963 3807 6963 3955 6964 3933 6964 3942 6964 3955 6965 3945 6965 3933 6965 3956 6966 3934 6966 3943 6966 3956 6967 3946 6967 3934 6967 3957 6968 3935 6968 3944 6968 3957 6969 3947 6969 3935 6969 3958 6970 3936 6970 3945 6970 3958 6971 3948 6971 3936 6971 3959 6972 3937 6972 3946 6972 3959 6973 3949 6973 3937 6973 3960 6974 3938 6974 3947 6974 3960 6975 3950 6975 3938 6975 3961 6976 3939 6976 3948 6976 3961 6977 3951 6977 3939 6977 3962 6978 3847 6978 3949 6978 3962 6979 3846 6979 3847 6979 3963 6980 3940 6980 3950 6980 3963 6981 3952 6981 3940 6981 3964 6982 3953 6982 3941 6982 3964 6983 3941 6983 3951 6983 3965 6984 3806 6984 3805 6984 3965 6985 3954 6985 3806 6985 3966 6986 3942 6986 3952 6986 3966 6987 3955 6987 3942 6987 3967 6988 3943 6988 3953 6988 3967 6989 3956 6989 3943 6989 3968 6990 3944 6990 3954 6990 3968 6991 3957 6991 3944 6991 3969 6992 3945 6992 3955 6992 3969 6993 3958 6993 3945 6993 3970 6994 3946 6994 3956 6994 3970 6995 3959 6995 3946 6995 3971 6996 3947 6996 3957 6996 3971 6997 3960 6997 3947 6997 3972 6998 3948 6998 3958 6998 3972 6999 3961 6999 3948 6999 3973 7000 3962 7000 3949 7000 3973 7001 3949 7001 3959 7001 3974 7002 3963 7002 3950 7002 3974 7003 3950 7003 3960 7003 3975 7004 3951 7004 3961 7004 3975 7005 3964 7005 3951 7005 3976 7006 3805 7006 3804 7006 3976 7007 3804 7007 3803 7007 3976 7008 3965 7008 3805 7008 3977 7009 3952 7009 3963 7009 3977 7010 3966 7010 3952 7010 3978 7011 3953 7011 3964 7011 3978 7012 3967 7012 3953 7012 3979 7013 3968 7013 3954 7013 3979 7014 3954 7014 3965 7014 3980 7015 3969 7015 3955 7015 3980 7016 3955 7016 3966 7016 3981 7017 3956 7017 3967 7017 3981 7018 3970 7018 3956 7018 3982 7019 3957 7019 3968 7019 3982 7020 3971 7020 3957 7020 3983 7021 3958 7021 3969 7021 3983 7022 3972 7022 3958 7022 3984 7023 3973 7023 3959 7023 3984 7024 3959 7024 3970 7024 3985 7025 3974 7025 3960 7025 3985 7026 3960 7026 3971 7026 3986 7027 3975 7027 3961 7027 3986 7028 3961 7028 3972 7028 3987 7029 3962 7029 3973 7029 3987 7030 3845 7030 3846 7030 3987 7031 3846 7031 3962 7031 3988 7032 3803 7032 3802 7032 3988 7033 3976 7033 3803 7033 3989 7034 3977 7034 3963 7034 3989 7035 3963 7035 3974 7035 3990 7036 3964 7036 3975 7036 3990 7037 3978 7037 3964 7037 3991 7038 3979 7038 3965 7038 3991 7039 3965 7039 3976 7039 3992 7040 3980 7040 3966 7040 3992 7041 3966 7041 3977 7041 3993 7042 3967 7042 3978 7042 3993 7043 3981 7043 3967 7043 3994 7044 3982 7044 3968 7044 3994 7045 3968 7045 3979 7045 3995 7046 3969 7046 3980 7046 3995 7047 3983 7047 3969 7047 3996 7048 3970 7048 3981 7048 3996 7049 3984 7049 3970 7049 3997 7050 3971 7050 3982 7050 3997 7051 3985 7051 3971 7051 3998 7052 3986 7052 3972 7052 3998 7053 3972 7053 3983 7053 3999 7054 3973 7054 3984 7054 3999 7055 3987 7055 3973 7055 4000 7056 3802 7056 3801 7056 4000 7057 3801 7057 3800 7057 4000 7058 3988 7058 3802 7058 4001 7059 3974 7059 3985 7059 4001 7060 3989 7060 3974 7060 4002 7061 3990 7061 3975 7061 4002 7062 3975 7062 3986 7062 4003 7063 3845 7063 3987 7063 4003 7064 3843 7064 3844 7064 4003 7065 3844 7065 3845 7065 4004 7066 3976 7066 3988 7066 4004 7067 3991 7067 3976 7067 4005 7068 3977 7068 3989 7068 4005 7069 3992 7069 3977 7069 4006 7070 3978 7070 3990 7070 4006 7071 3993 7071 3978 7071 4007 7072 3979 7072 3991 7072 4007 7073 3994 7073 3979 7073 4008 7074 3980 7074 3992 7074 4008 7075 3995 7075 3980 7075 4009 7076 3996 7076 3981 7076 4009 7077 3981 7077 3993 7077 4010 7078 3997 7078 3982 7078 4010 7079 3982 7079 3994 7079 4011 7080 3983 7080 3995 7080 4011 7081 3998 7081 3983 7081 4012 7082 3984 7082 3996 7082 4012 7083 3999 7083 3984 7083 4013 7084 2066 7084 2065 7084 4013 7085 3800 7085 2066 7085 4013 7086 4000 7086 3800 7086 4014 7087 3985 7087 3997 7087 4014 7088 4001 7088 3985 7088 4015 7089 4002 7089 3986 7089 4015 7090 3986 7090 3998 7090 4016 7091 3987 7091 3999 7091 4016 7092 4003 7092 3987 7092 4017 7093 3988 7093 4000 7093 4017 7094 4004 7094 3988 7094 4018 7095 4005 7095 3989 7095 4018 7096 3989 7096 4001 7096 4019 7097 3990 7097 4002 7097 4019 7098 4006 7098 3990 7098 4020 7099 3991 7099 4004 7099 4020 7100 4007 7100 3991 7100 4021 7101 3992 7101 4005 7101 4021 7102 4008 7102 3992 7102 4022 7103 3993 7103 4006 7103 4022 7104 4009 7104 3993 7104 4023 7105 4010 7105 3994 7105 4023 7106 3994 7106 4007 7106 4024 7107 3995 7107 4008 7107 4024 7108 4011 7108 3995 7108 4025 7109 3996 7109 4009 7109 4025 7110 4012 7110 3996 7110 4026 7111 3997 7111 4010 7111 4026 7112 4014 7112 3997 7112 4027 7113 4015 7113 3998 7113 4027 7114 3998 7114 4011 7114 4028 7115 4016 7115 3999 7115 4028 7116 3999 7116 4012 7116 4029 7117 4017 7117 4000 7117 4029 7118 4013 7118 2065 7118 4029 7119 4000 7119 4013 7119 4029 7120 2065 7120 2064 7120 4030 7121 4001 7121 4014 7121 4030 7122 4018 7122 4001 7122 4031 7123 4019 7123 4002 7123 4031 7124 4002 7124 4015 7124 4032 7125 3843 7125 4003 7125 4032 7126 4003 7126 4016 7126 4032 7127 3842 7127 3843 7127 4033 7128 4004 7128 4017 7128 4033 7129 4020 7129 4004 7129 4034 7130 4021 7130 4005 7130 4034 7131 4005 7131 4018 7131 4035 7132 4022 7132 4006 7132 4035 7133 4006 7133 4019 7133 4036 7134 4023 7134 4007 7134 4036 7135 4007 7135 4020 7135 4037 7136 4024 7136 4008 7136 4037 7137 4008 7137 4021 7137 4038 7138 4009 7138 4022 7138 4038 7139 4025 7139 4009 7139 4039 7140 4026 7140 4010 7140 4039 7141 4010 7141 4023 7141 4040 7142 4011 7142 4024 7142 4040 7143 4027 7143 4011 7143 4041 7144 4028 7144 4012 7144 4041 7145 4012 7145 4025 7145 4042 7146 4014 7146 4026 7146 4042 7147 4030 7147 4014 7147 4043 7148 4031 7148 4015 7148 4043 7149 4015 7149 4027 7149 4044 7150 4032 7150 4016 7150 4044 7151 4016 7151 4028 7151 4045 7152 4017 7152 4029 7152 4045 7153 4033 7153 4017 7153 4046 7154 4034 7154 4018 7154 4046 7155 4018 7155 4030 7155 4047 7156 4019 7156 4031 7156 4047 7157 4035 7157 4019 7157 4048 7158 3840 7158 3841 7158 4048 7159 3841 7159 3842 7159 4048 7160 3842 7160 4032 7160 4049 7161 4036 7161 4020 7161 4049 7162 4020 7162 4033 7162 4050 7163 4037 7163 4021 7163 4050 7164 4021 7164 4034 7164 4051 7165 4038 7165 4022 7165 4051 7166 4022 7166 4035 7166 4052 7167 4023 7167 4036 7167 4052 7168 4039 7168 4023 7168 4053 7169 4024 7169 4037 7169 4053 7170 4040 7170 4024 7170 4054 7171 4025 7171 4038 7171 4054 7172 4041 7172 4025 7172 4055 7173 4042 7173 4026 7173 4055 7174 4026 7174 4039 7174 4056 7175 4043 7175 4027 7175 4056 7176 4027 7176 4040 7176 4057 7177 4028 7177 4041 7177 4057 7178 4044 7178 4028 7178 4058 7179 2063 7179 2062 7179 4058 7180 2064 7180 2063 7180 4058 7181 4045 7181 4029 7181 4058 7182 4029 7182 2064 7182 4059 7183 4030 7183 4042 7183 4059 7184 4046 7184 4030 7184 4060 7185 4047 7185 4031 7185 4060 7186 4031 7186 4043 7186 4061 7187 4032 7187 4044 7187 4061 7188 4048 7188 4032 7188 4062 7189 4049 7189 4033 7189 4062 7190 4033 7190 4045 7190 4063 7191 4034 7191 4046 7191 4063 7192 4050 7192 4034 7192 4064 7193 4035 7193 4047 7193 4064 7194 4051 7194 4035 7194 4065 7195 4052 7195 4036 7195 4065 7196 4036 7196 4049 7196 4066 7197 4037 7197 4050 7197 4066 7198 4053 7198 4037 7198 4067 7199 4038 7199 4051 7199 4067 7200 4054 7200 4038 7200 4068 7201 4039 7201 4052 7201 4068 7202 4055 7202 4039 7202 4069 7203 4040 7203 4053 7203 4069 7204 4056 7204 4040 7204 4070 7205 4041 7205 4054 7205 4070 7206 4057 7206 4041 7206 4071 7207 4042 7207 4055 7207 4071 7208 4059 7208 4042 7208 4072 7209 4043 7209 4056 7209 4072 7210 4060 7210 4043 7210 4073 7211 4044 7211 4057 7211 4073 7212 4061 7212 4044 7212 4074 7213 4058 7213 2062 7213 4074 7214 4062 7214 4045 7214 4074 7215 2062 7215 2061 7215 4074 7216 4045 7216 4058 7216 4075 7217 4063 7217 4046 7217 4075 7218 4046 7218 4059 7218 4076 7219 4047 7219 4060 7219 4076 7220 4064 7220 4047 7220 4077 7221 3840 7221 4048 7221 4077 7222 4048 7222 4061 7222 4077 7223 3839 7223 3840 7223 4078 7224 4049 7224 4062 7224 4078 7225 4065 7225 4049 7225 4079 7226 4050 7226 4063 7226 4079 7227 4066 7227 4050 7227 4080 7228 4051 7228 4064 7228 4080 7229 4067 7229 4051 7229 4081 7230 4052 7230 4065 7230 4081 7231 4068 7231 4052 7231 4082 7232 4069 7232 4053 7232 4082 7233 4053 7233 4066 7233 4083 7234 4070 7234 4054 7234 4083 7235 4054 7235 4067 7235 4084 7236 4055 7236 4068 7236 4084 7237 4071 7237 4055 7237 4085 7238 4072 7238 4056 7238 4085 7239 4056 7239 4069 7239 4086 7240 4057 7240 4070 7240 4086 7241 4073 7241 4057 7241 4087 7242 4075 7242 4059 7242 4087 7243 4059 7243 4071 7243 4088 7244 4060 7244 4072 7244 4088 7245 4076 7245 4060 7245 4089 7246 4077 7246 4061 7246 4089 7247 4061 7247 4073 7247 4090 7248 4062 7248 4074 7248 4090 7249 4078 7249 4062 7249 4091 7250 4063 7250 4075 7250 4091 7251 4079 7251 4063 7251 4092 7252 4064 7252 4076 7252 4092 7253 4080 7253 4064 7253 4093 7254 3839 7254 4077 7254 4093 7255 3838 7255 3839 7255 4094 7256 4081 7256 4065 7256 4094 7257 4065 7257 4078 7257 4095 7258 4082 7258 4066 7258 4095 7259 4066 7259 4079 7259 4096 7260 4083 7260 4067 7260 4096 7261 4067 7261 4080 7261 4097 7262 4068 7262 4081 7262 4097 7263 4084 7263 4068 7263 4098 7264 4085 7264 4069 7264 4098 7265 4069 7265 4082 7265 4099 7266 4086 7266 4070 7266 4099 7267 4070 7267 4083 7267 4100 7268 4071 7268 4084 7268 4100 7269 4087 7269 4071 7269 4101 7270 4088 7270 4072 7270 4101 7271 4072 7271 4085 7271 4102 7272 4089 7272 4073 7272 4102 7273 4073 7273 4086 7273 4103 7274 4074 7274 2061 7274 4103 7275 2060 7275 2059 7275 4103 7276 2061 7276 2060 7276 4103 7277 4090 7277 4074 7277 4104 7278 4075 7278 4087 7278 4104 7279 4091 7279 4075 7279 4105 7280 4092 7280 4076 7280 4105 7281 4076 7281 4088 7281 4106 7282 4077 7282 4089 7282 4106 7283 4093 7283 4077 7283 4107 7284 4078 7284 4090 7284 4107 7285 4094 7285 4078 7285 4108 7286 4079 7286 4091 7286 4108 7287 4095 7287 4079 7287 4109 7288 4080 7288 4092 7288 4109 7289 4096 7289 4080 7289 4110 7290 4081 7290 4094 7290 4110 7291 4097 7291 4081 7291 4111 7292 4098 7292 4082 7292 4111 7293 4082 7293 4095 7293 4112 7294 4083 7294 4096 7294 4112 7295 4099 7295 4083 7295 4113 7296 4100 7296 4084 7296 4113 7297 4084 7297 4097 7297 4114 7298 4101 7298 4085 7298 4114 7299 4085 7299 4098 7299 4115 7300 4086 7300 4099 7300 4115 7301 4102 7301 4086 7301 4116 7302 4087 7302 4100 7302 4116 7303 4104 7303 4087 7303 4117 7304 4105 7304 4088 7304 4117 7305 4088 7305 4101 7305 4118 7306 4106 7306 4089 7306 4118 7307 4089 7307 4102 7307 4119 7308 4103 7308 2059 7308 4119 7309 4090 7309 4103 7309 4119 7310 2059 7310 2058 7310 4119 7311 4107 7311 4090 7311 4120 7312 4108 7312 4091 7312 4120 7313 4091 7313 4104 7313 4121 7314 4109 7314 4092 7314 4121 7315 4092 7315 4105 7315 4122 7316 3836 7316 3837 7316 4122 7317 3837 7317 3838 7317 4122 7318 3838 7318 4093 7318 4122 7319 4093 7319 4106 7319 4123 7320 4094 7320 4107 7320 4123 7321 4110 7321 4094 7321 4124 7322 4111 7322 4095 7322 4124 7323 4095 7323 4108 7323 4125 7324 4096 7324 4109 7324 4125 7325 4112 7325 4096 7325 4126 7326 4113 7326 4097 7326 4126 7327 4097 7327 4110 7327 4127 7328 4114 7328 4098 7328 4127 7329 4098 7329 4111 7329 4128 7330 4115 7330 4099 7330 4128 7331 4099 7331 4112 7331 4129 7332 4116 7332 4100 7332 4129 7333 4100 7333 4113 7333 4130 7334 4117 7334 4101 7334 4130 7335 4101 7335 4114 7335 4131 7336 4102 7336 4115 7336 4131 7337 4118 7337 4102 7337 4132 7338 4120 7338 4104 7338 4132 7339 4104 7339 4116 7339 4133 7340 4105 7340 4117 7340 4133 7341 4121 7341 4105 7341 4134 7342 4122 7342 4106 7342 4134 7343 4106 7343 4118 7343 4135 7344 4123 7344 4107 7344 4135 7345 4107 7345 4119 7345 4136 7346 4108 7346 4120 7346 4136 7347 4124 7347 4108 7347 4137 7348 4109 7348 4121 7348 4137 7349 4125 7349 4109 7349 4138 7350 3836 7350 4122 7350 4138 7351 3835 7351 3836 7351 4139 7352 4110 7352 4123 7352 4139 7353 4126 7353 4110 7353 4140 7354 4111 7354 4124 7354 4140 7355 4127 7355 4111 7355 4141 7356 4112 7356 4125 7356 4141 7357 4128 7357 4112 7357 4142 7358 4113 7358 4126 7358 4142 7359 4129 7359 4113 7359 4143 7360 4130 7360 4114 7360 4143 7361 4114 7361 4127 7361 4144 7362 4115 7362 4128 7362 4144 7363 4131 7363 4115 7363 4145 7364 4116 7364 4129 7364 4145 7365 4132 7365 4116 7365 4146 7366 4117 7366 4130 7366 4146 7367 4133 7367 4117 7367 4147 7368 4118 7368 4131 7368 4147 7369 4134 7369 4118 7369 4148 7370 4135 7370 4119 7370 4148 7371 2058 7371 2057 7371 4148 7372 4119 7372 2058 7372 4149 7373 4120 7373 4132 7373 4149 7374 4136 7374 4120 7374 4150 7375 4137 7375 4121 7375 4150 7376 4121 7376 4133 7376 4151 7377 4122 7377 4134 7377 4151 7378 4138 7378 4122 7378 4152 7379 4123 7379 4135 7379 4152 7380 4139 7380 4123 7380 4153 7381 4140 7381 4124 7381 4153 7382 4124 7382 4136 7382 4154 7383 4141 7383 4125 7383 4154 7384 4125 7384 4137 7384 4155 7385 4142 7385 4126 7385 4155 7386 4126 7386 4139 7386 4156 7387 4127 7387 4140 7387 4156 7388 4143 7388 4127 7388 4157 7389 4144 7389 4128 7389 4157 7390 4128 7390 4141 7390 4158 7391 4145 7391 4129 7391 4158 7392 4129 7392 4142 7392 4159 7393 4146 7393 4130 7393 4159 7394 4130 7394 4143 7394 4160 7395 4147 7395 4131 7395 4160 7396 4131 7396 4144 7396 4161 7397 4149 7397 4132 7397 4161 7398 4132 7398 4145 7398 4162 7399 4150 7399 4133 7399 4162 7400 4133 7400 4146 7400 4163 7401 4151 7401 4134 7401 4163 7402 4134 7402 4147 7402 4164 7403 4135 7403 4148 7403 4164 7404 4148 7404 2057 7404 4164 7405 2056 7405 2055 7405 4164 7406 2057 7406 2056 7406 4164 7407 4152 7407 4135 7407 4165 7408 4153 7408 4136 7408 4165 7409 4136 7409 4149 7409 4166 7410 4137 7410 4150 7410 4166 7411 4154 7411 4137 7411 4167 7412 3835 7412 4138 7412 4167 7413 4138 7413 4151 7413 4167 7414 3833 7414 3834 7414 4167 7415 3834 7415 3835 7415 4168 7416 4139 7416 4152 7416 4168 7417 4155 7417 4139 7417 4169 7418 4156 7418 4140 7418 4169 7419 4140 7419 4153 7419 4170 7420 4157 7420 4141 7420 4170 7421 4141 7421 4154 7421 4171 7422 4142 7422 4155 7422 4171 7423 4158 7423 4142 7423 4172 7424 4143 7424 4156 7424 4172 7425 4159 7425 4143 7425 4173 7426 4144 7426 4157 7426 4173 7427 4160 7427 4144 7427 4174 7428 4145 7428 4158 7428 4174 7429 4161 7429 4145 7429 4175 7430 4146 7430 4159 7430 4175 7431 4162 7431 4146 7431 4176 7432 4163 7432 4147 7432 4176 7433 4147 7433 4160 7433 4177 7434 4149 7434 4161 7434 4177 7435 4165 7435 4149 7435 4178 7436 4150 7436 4162 7436 4178 7437 4166 7437 4150 7437 4179 7438 4167 7438 4151 7438 4179 7439 4151 7439 4163 7439 4180 7440 4168 7440 4152 7440 4180 7441 4152 7441 4164 7441 4181 7442 4169 7442 4153 7442 4181 7443 4153 7443 4165 7443 4182 7444 4170 7444 4154 7444 4182 7445 4154 7445 4166 7445 4183 7446 3832 7446 3833 7446 4183 7447 3833 7447 4167 7447 4184 7448 4155 7448 4168 7448 4184 7449 4171 7449 4155 7449 4185 7450 4156 7450 4169 7450 4185 7451 4172 7451 4156 7451 4186 7452 4157 7452 4170 7452 4186 7453 4173 7453 4157 7453 4187 7454 4158 7454 4171 7454 4187 7455 4174 7455 4158 7455 4188 7456 4175 7456 4159 7456 4188 7457 4159 7457 4172 7457 4189 7458 4160 7458 4173 7458 4189 7459 4176 7459 4160 7459 4190 7460 4161 7460 4174 7460 4190 7461 4177 7461 4161 7461 4191 7462 4162 7462 4175 7462 4191 7463 4178 7463 4162 7463 4192 7464 4179 7464 4163 7464 4192 7465 4163 7465 4176 7465 4193 7466 4180 7466 4164 7466 4193 7467 4164 7467 2055 7467 4193 7468 2055 7468 2054 7468 4194 7469 4181 7469 4165 7469 4194 7470 4165 7470 4177 7470 4195 7471 4166 7471 4178 7471 4195 7472 4182 7472 4166 7472 4196 7473 4167 7473 4179 7473 4196 7474 4183 7474 4167 7474 4197 7475 4184 7475 4168 7475 4197 7476 4168 7476 4180 7476 4198 7477 4185 7477 4169 7477 4198 7478 4169 7478 4181 7478 4199 7479 4170 7479 4182 7479 4199 7480 4186 7480 4170 7480 4200 7481 4187 7481 4171 7481 4200 7482 4171 7482 4184 7482 4201 7483 4172 7483 4185 7483 4201 7484 4188 7484 4172 7484 4202 7485 4189 7485 4173 7485 4202 7486 4173 7486 4186 7486 4203 7487 4190 7487 4174 7487 4203 7488 4174 7488 4187 7488 4204 7489 4175 7489 4188 7489 4204 7490 4191 7490 4175 7490 4205 7491 4176 7491 4189 7491 4205 7492 4192 7492 4176 7492 4206 7493 4177 7493 4190 7493 4206 7494 4194 7494 4177 7494 4207 7495 4195 7495 4178 7495 4207 7496 4178 7496 4191 7496 4208 7497 4196 7497 4179 7497 4208 7498 4179 7498 4192 7498 4209 7499 4197 7499 4180 7499 4209 7500 4180 7500 4193 7500 4209 7501 2053 7501 2052 7501 4209 7502 2054 7502 2053 7502 4209 7503 4193 7503 2054 7503 4210 7504 4181 7504 4194 7504 4210 7505 4198 7505 4181 7505 4211 7506 4199 7506 4182 7506 4211 7507 4182 7507 4195 7507 4212 7508 4183 7508 4196 7508 4212 7509 3832 7509 4183 7509 4212 7510 1606 7510 3831 7510 4212 7511 3831 7511 3832 7511 4213 7512 4184 7512 4197 7512 4213 7513 4200 7513 4184 7513 4214 7514 4201 7514 4185 7514 4214 7515 4185 7515 4198 7515 4215 7516 4202 7516 4186 7516 4215 7517 4186 7517 4199 7517 4216 7518 4203 7518 4187 7518 4216 7519 4187 7519 4200 7519 4217 7520 4204 7520 4188 7520 4217 7521 4188 7521 4201 7521 4218 7522 4205 7522 4189 7522 4218 7523 4189 7523 4202 7523 4219 7524 4206 7524 4190 7524 4219 7525 4190 7525 4203 7525 4220 7526 4191 7526 4204 7526 4220 7527 4207 7527 4191 7527 4221 7528 4208 7528 4192 7528 4221 7529 4192 7529 4205 7529 4222 7530 4210 7530 4194 7530 4222 7531 4194 7531 4206 7531 4223 7532 4195 7532 4207 7532 4223 7533 4211 7533 4195 7533 4224 7534 4212 7534 4196 7534 4224 7535 4196 7535 4208 7535 4224 7536 1606 7536 4212 7536 4225 7537 4213 7537 4197 7537 4225 7538 4197 7538 4209 7538 4226 7539 4198 7539 4210 7539 4226 7540 4214 7540 4198 7540 4227 7541 4199 7541 4211 7541 4227 7542 4215 7542 4199 7542 4228 7543 4216 7543 4200 7543 4228 7544 4200 7544 4213 7544 4229 7545 4217 7545 4201 7545 4229 7546 4201 7546 4214 7546 4230 7547 4218 7547 4202 7547 4230 7548 4202 7548 4215 7548 4231 7549 4219 7549 4203 7549 4231 7550 4203 7550 4216 7550 4232 7551 4204 7551 4217 7551 4232 7552 4220 7552 4204 7552 4233 7553 4221 7553 4205 7553 4233 7554 4205 7554 4218 7554 4234 7555 4206 7555 4219 7555 4234 7556 4222 7556 4206 7556 4235 7557 4223 7557 4207 7557 4235 7558 4207 7558 4220 7558 4236 7559 4224 7559 4208 7559 4236 7560 4208 7560 4221 7560 4236 7561 1606 7561 4224 7561 4237 7562 4209 7562 2052 7562 4237 7563 4225 7563 4209 7563 4237 7564 2052 7564 2051 7564 4238 7565 4226 7565 4210 7565 4238 7566 4210 7566 4222 7566 4239 7567 4227 7567 4211 7567 4239 7568 4211 7568 4223 7568 4240 7569 4213 7569 4225 7569 4240 7570 4228 7570 4213 7570 4241 7571 4214 7571 4226 7571 4241 7572 4229 7572 4214 7572 4242 7573 4230 7573 4215 7573 4242 7574 4215 7574 4227 7574 4243 7575 4216 7575 4228 7575 4243 7576 4231 7576 4216 7576 4244 7577 4232 7577 4217 7577 4244 7578 4217 7578 4229 7578 4245 7579 4233 7579 4218 7579 4245 7580 4218 7580 4230 7580 4246 7581 4219 7581 4231 7581 4246 7582 4234 7582 4219 7582 4247 7583 4220 7583 4232 7583 4247 7584 4235 7584 4220 7584 4248 7585 1606 7585 4236 7585 4248 7586 4236 7586 4221 7586 4248 7587 4221 7587 4233 7587 4249 7588 4238 7588 4222 7588 4249 7589 4222 7589 4234 7589 4250 7590 4239 7590 4223 7590 4250 7591 4223 7591 4235 7591 4251 7592 4225 7592 4237 7592 4251 7593 4237 7593 2051 7593 4251 7594 4240 7594 4225 7594 4251 7595 2051 7595 2050 7595 4252 7596 4226 7596 4238 7596 4252 7597 4241 7597 4226 7597 4253 7598 4227 7598 4239 7598 4253 7599 4242 7599 4227 7599 4254 7600 4228 7600 4240 7600 4254 7601 4243 7601 4228 7601 4255 7602 4244 7602 4229 7602 4255 7603 4229 7603 4241 7603 4256 7604 4230 7604 4242 7604 4256 7605 4245 7605 4230 7605 4257 7606 4231 7606 4243 7606 4257 7607 4246 7607 4231 7607 4258 7608 4247 7608 4232 7608 4258 7609 4232 7609 4244 7609 4259 7610 1606 7610 4248 7610 4259 7611 4248 7611 4233 7611 4259 7612 4233 7612 4245 7612 4260 7613 4234 7613 4246 7613 4260 7614 4249 7614 4234 7614 4261 7615 4250 7615 4235 7615 4261 7616 4235 7616 4247 7616 4262 7617 4238 7617 4249 7617 4262 7618 4252 7618 4238 7618 4263 7619 4253 7619 4239 7619 4263 7620 4239 7620 4250 7620 4264 7621 4240 7621 4251 7621 4264 7622 4254 7622 4240 7622 4265 7623 4255 7623 4241 7623 4265 7624 4241 7624 4252 7624 4266 7625 4256 7625 4242 7625 4266 7626 4242 7626 4253 7626 4267 7627 4257 7627 4243 7627 4267 7628 4243 7628 4254 7628 4268 7629 4244 7629 4255 7629 4268 7630 4258 7630 4244 7630 4269 7631 1606 7631 4259 7631 4269 7632 4245 7632 4256 7632 4269 7633 4259 7633 4245 7633 4270 7634 4260 7634 4246 7634 4270 7635 4246 7635 4257 7635 4271 7636 4247 7636 4258 7636 4271 7637 4261 7637 4247 7637 4272 7638 4262 7638 4249 7638 4272 7639 4249 7639 4260 7639 4273 7640 4250 7640 4261 7640 4273 7641 4263 7641 4250 7641 4274 7642 2049 7642 2048 7642 4274 7643 2050 7643 2049 7643 4274 7644 4251 7644 2050 7644 4274 7645 4264 7645 4251 7645 4275 7646 4252 7646 4262 7646 4275 7647 4265 7647 4252 7647 4276 7648 4253 7648 4263 7648 4276 7649 4266 7649 4253 7649 4277 7650 4254 7650 4264 7650 4277 7651 4267 7651 4254 7651 4278 7652 4268 7652 4255 7652 4278 7653 4255 7653 4265 7653 4279 7654 4256 7654 4266 7654 4279 7655 1606 7655 4269 7655 4279 7656 4269 7656 4256 7656 4280 7657 4270 7657 4257 7657 4280 7658 4257 7658 4267 7658 4281 7659 4271 7659 4258 7659 4281 7660 4258 7660 4268 7660 4282 7661 4272 7661 4260 7661 4282 7662 4260 7662 4270 7662 4283 7663 4261 7663 4271 7663 4283 7664 4273 7664 4261 7664 4284 7665 4262 7665 4272 7665 4284 7666 4275 7666 4262 7666 4285 7667 4263 7667 4273 7667 4285 7668 4276 7668 4263 7668 4286 7669 4264 7669 4274 7669 4286 7670 4277 7670 4264 7670 4286 7671 2048 7671 2047 7671 4286 7672 4274 7672 2048 7672 4287 7673 4278 7673 4265 7673 4287 7674 4265 7674 4275 7674 4288 7675 4279 7675 4266 7675 4288 7676 1606 7676 4279 7676 4288 7677 4266 7677 4276 7677 4289 7678 4280 7678 4267 7678 4289 7679 4267 7679 4277 7679 4290 7680 4281 7680 4268 7680 4290 7681 4268 7681 4278 7681 4291 7682 4282 7682 4270 7682 4291 7683 4270 7683 4280 7683 4292 7684 4271 7684 4281 7684 4292 7685 4283 7685 4271 7685 4293 7686 4284 7686 4272 7686 4293 7687 4272 7687 4282 7687 4294 7688 4285 7688 4273 7688 4294 7689 4273 7689 4283 7689 4295 7690 4287 7690 4275 7690 4295 7691 4275 7691 4284 7691 4296 7692 1606 7692 4288 7692 4296 7693 4276 7693 4285 7693 4296 7694 4288 7694 4276 7694 4297 7695 4277 7695 4286 7695 4297 7696 4289 7696 4277 7696 4298 7697 4278 7697 4287 7697 4298 7698 4290 7698 4278 7698 4299 7699 4280 7699 4289 7699 4299 7700 4291 7700 4280 7700 4300 7701 4292 7701 4281 7701 4300 7702 4281 7702 4290 7702 4301 7703 4293 7703 4282 7703 4301 7704 4282 7704 4291 7704 4302 7705 4283 7705 4292 7705 4302 7706 4294 7706 4283 7706 4303 7707 4284 7707 4293 7707 4303 7708 4295 7708 4284 7708 4304 7709 4285 7709 4294 7709 4304 7710 1606 7710 4296 7710 4304 7711 4296 7711 4285 7711 4305 7712 2046 7712 2045 7712 4305 7713 2047 7713 2046 7713 4305 7714 4297 7714 4286 7714 4305 7715 4286 7715 2047 7715 4306 7716 4287 7716 4295 7716 4306 7717 4298 7717 4287 7717 4307 7718 4299 7718 4289 7718 4307 7719 4289 7719 4297 7719 4308 7720 4290 7720 4298 7720 4308 7721 4300 7721 4290 7721 4309 7722 4291 7722 4299 7722 4309 7723 4301 7723 4291 7723 4310 7724 4292 7724 4300 7724 4310 7725 4302 7725 4292 7725 4311 7726 4293 7726 4301 7726 4311 7727 4303 7727 4293 7727 4312 7728 1606 7728 4304 7728 4312 7729 4304 7729 4294 7729 4312 7730 4294 7730 4302 7730 4313 7731 4306 7731 4295 7731 4313 7732 4295 7732 4303 7732 4314 7733 4297 7733 4305 7733 4314 7734 4307 7734 4297 7734 4314 7735 2045 7735 2044 7735 4314 7736 4305 7736 2045 7736 4315 7737 4308 7737 4298 7737 4315 7738 4298 7738 4306 7738 4316 7739 4299 7739 4307 7739 4316 7740 4309 7740 4299 7740 4317 7741 4300 7741 4308 7741 4317 7742 4310 7742 4300 7742 4318 7743 4311 7743 4301 7743 4318 7744 4301 7744 4309 7744 4319 7745 1606 7745 4312 7745 4319 7746 4312 7746 4302 7746 4319 7747 4302 7747 4310 7747 4320 7748 4303 7748 4311 7748 4320 7749 4313 7749 4303 7749 4321 7750 4315 7750 4306 7750 4321 7751 4306 7751 4313 7751 4322 7752 4307 7752 4314 7752 4322 7753 4316 7753 4307 7753 4323 7754 4308 7754 4315 7754 4323 7755 4317 7755 4308 7755 4324 7756 4309 7756 4316 7756 4324 7757 4318 7757 4309 7757 4325 7758 4310 7758 4317 7758 4325 7759 1606 7759 4319 7759 4325 7760 4319 7760 4310 7760 4326 7761 4320 7761 4311 7761 4326 7762 4311 7762 4318 7762 4327 7763 4313 7763 4320 7763 4327 7764 4321 7764 4313 7764 4328 7765 4314 7765 2044 7765 4328 7766 4322 7766 4314 7766 4328 7767 2044 7767 2043 7767 4329 7768 4323 7768 4315 7768 4329 7769 4315 7769 4321 7769 4330 7770 4324 7770 4316 7770 4330 7771 4316 7771 4322 7771 4331 7772 4317 7772 4323 7772 4331 7773 4325 7773 4317 7773 4331 7774 1606 7774 4325 7774 4332 7775 4318 7775 4324 7775 4332 7776 4326 7776 4318 7776 4333 7777 4320 7777 4326 7777 4333 7778 4327 7778 4320 7778 4334 7779 4321 7779 4327 7779 4334 7780 4329 7780 4321 7780 4335 7781 2042 7781 2041 7781 4335 7782 2043 7782 2042 7782 4335 7783 4322 7783 4328 7783 4335 7784 4328 7784 2043 7784 4335 7785 4330 7785 4322 7785 4336 7786 4331 7786 4323 7786 4336 7787 4323 7787 4329 7787 4336 7788 1606 7788 4331 7788 4337 7789 4324 7789 4330 7789 4337 7790 4332 7790 4324 7790 4338 7791 4326 7791 4332 7791 4338 7792 4333 7792 4326 7792 4339 7793 4327 7793 4333 7793 4339 7794 4334 7794 4327 7794 4340 7795 4336 7795 4329 7795 4340 7796 4329 7796 4334 7796 4340 7797 1606 7797 4336 7797 4341 7798 4337 7798 4330 7798 4341 7799 4330 7799 4335 7799 4342 7800 4338 7800 4332 7800 4342 7801 4332 7801 4337 7801 4343 7802 4339 7802 4333 7802 4343 7803 4333 7803 4338 7803 4344 7804 4334 7804 4339 7804 4344 7805 4340 7805 4334 7805 4344 7806 1606 7806 4340 7806 4345 7807 4341 7807 4335 7807 4345 7808 2041 7808 2040 7808 4345 7809 4335 7809 2041 7809 4346 7810 4342 7810 4337 7810 4346 7811 4337 7811 4341 7811 4347 7812 4343 7812 4338 7812 4347 7813 4338 7813 4342 7813 4348 7814 4339 7814 4343 7814 4348 7815 1606 7815 4344 7815 4348 7816 4344 7816 4339 7816 4349 7817 4341 7817 4345 7817 4349 7818 4345 7818 2040 7818 4349 7819 4346 7819 4341 7819 4349 7820 2039 7820 2038 7820 4349 7821 2040 7821 2039 7821 4350 7822 4347 7822 4342 7822 4350 7823 4342 7823 4346 7823 4351 7824 4348 7824 4343 7824 4351 7825 4343 7825 4347 7825 4351 7826 1606 7826 4348 7826 4352 7827 4346 7827 4349 7827 4352 7828 4350 7828 4346 7828 4353 7829 4347 7829 4350 7829 4353 7830 4351 7830 4347 7830 4353 7831 1606 7831 4351 7831 4354 7832 2038 7832 2037 7832 4354 7833 4352 7833 4349 7833 4354 7834 4349 7834 2038 7834 4355 7835 4353 7835 4350 7835 4355 7836 4350 7836 4352 7836 4355 7837 1606 7837 4353 7837 4356 7838 2036 7838 1606 7838 4356 7839 2037 7839 2036 7839 4356 7840 4354 7840 2037 7840 4356 7841 4355 7841 4352 7841 4356 7842 4352 7842 4354 7842 4356 7843 1606 7843 4355 7843 1833 7844 1602 7844 1733 7844 1833 7845 1601 7845 1602 7845 1832 7846 1733 7846 1731 7846 1832 7847 1833 7847 1733 7847 1831 7848 1731 7848 1729 7848 1831 7849 1832 7849 1731 7849 1830 7850 1729 7850 1727 7850 1830 7851 1831 7851 1729 7851 1829 7852 1727 7852 1725 7852 1829 7853 1830 7853 1727 7853 1828 7854 1725 7854 1723 7854 1828 7855 1829 7855 1725 7855 1827 7856 1723 7856 1721 7856 1827 7857 1828 7857 1723 7857 1826 7858 1827 7858 1721 7858 1826 7859 1721 7859 1719 7859 1825 7860 1826 7860 1719 7860 1825 7861 1719 7861 1717 7861 1824 7862 1825 7862 1717 7862 1824 7863 1717 7863 1715 7863 1823 7864 1824 7864 1715 7864 1823 7865 1715 7865 1713 7865 1822 7866 1713 7866 1711 7866 1822 7867 1823 7867 1713 7867 1821 7868 1711 7868 1709 7868 1821 7869 1822 7869 1711 7869 1820 7870 1709 7870 1707 7870 1820 7871 1821 7871 1709 7871 1819 7872 1707 7872 1705 7872 1819 7873 1820 7873 1707 7873 1818 7874 1705 7874 1703 7874 1818 7875 1819 7875 1705 7875 1817 7876 1703 7876 1701 7876 1817 7877 1818 7877 1703 7877 1816 7878 1701 7878 1699 7878 1816 7879 1817 7879 1701 7879 1815 7880 1699 7880 1697 7880 1815 7881 1816 7881 1699 7881 1814 7882 1697 7882 1695 7882 1814 7883 1815 7883 1697 7883 1813 7884 1695 7884 1693 7884 1813 7885 1814 7885 1695 7885 1812 7886 1693 7886 1691 7886 1812 7887 1813 7887 1693 7887 1811 7888 1691 7888 1689 7888 1811 7889 1812 7889 1691 7889 1810 7890 1687 7890 1685 7890 1810 7891 1689 7891 1687 7891 1810 7892 1811 7892 1689 7892 1809 7893 1685 7893 1683 7893 1809 7894 1810 7894 1685 7894 1808 7895 1809 7895 1683 7895 1807 7896 1681 7896 1679 7896 1807 7897 1683 7897 1681 7897 1807 7898 1808 7898 1683 7898 1806 7899 1679 7899 1677 7899 1806 7900 1807 7900 1679 7900 1805 7901 1677 7901 1675 7901 1805 7902 1806 7902 1677 7902 1804 7903 1805 7903 1675 7903 1803 7904 1675 7904 1673 7904 1803 7905 1804 7905 1675 7905 1736 7906 1673 7906 1672 7906 1736 7907 1803 7907 1673 7907 1737 7908 1671 7908 1668 7908 1737 7909 1735 7909 1671 7909 1738 7910 1668 7910 1664 7910 1738 7911 1737 7911 1668 7911 1739 7912 1664 7912 1661 7912 1739 7913 1738 7913 1664 7913 1740 7914 1661 7914 1657 7914 1740 7915 1739 7915 1661 7915 1741 7916 1657 7916 1653 7916 1741 7917 1740 7917 1657 7917 1742 7918 1653 7918 1648 7918 1742 7919 1741 7919 1653 7919 1743 7920 1648 7920 1644 7920 1743 7921 1742 7921 1648 7921 1744 7922 1743 7922 1644 7922 1744 7923 1644 7923 1640 7923 1745 7924 1744 7924 1640 7924 1745 7925 1640 7925 1636 7925 1746 7926 1745 7926 1636 7926 1746 7927 1636 7927 1632 7927 1747 7928 1746 7928 1632 7928 1747 7929 1632 7929 1628 7929 1748 7930 1628 7930 1624 7930 1748 7931 1747 7931 1628 7931 1749 7932 1624 7932 1620 7932 1749 7933 1748 7933 1624 7933 1750 7934 1620 7934 1616 7934 1750 7935 1749 7935 1620 7935 1751 7936 1616 7936 1612 7936 1751 7937 1750 7937 1616 7937 1752 7938 1612 7938 1609 7938 1752 7939 1751 7939 1612 7939 1753 7940 1609 7940 1611 7940 1753 7941 1752 7941 1609 7941 1754 7942 1611 7942 1615 7942 1754 7943 1753 7943 1611 7943 1755 7944 1615 7944 1619 7944 1755 7945 1754 7945 1615 7945 1756 7946 1619 7946 1623 7946 1756 7947 1755 7947 1619 7947 1757 7948 1623 7948 1627 7948 1757 7949 1756 7949 1623 7949 1758 7950 1627 7950 1631 7950 1758 7951 1757 7951 1627 7951 1759 7952 1631 7952 1635 7952 1759 7953 1758 7953 1631 7953 1760 7954 1635 7954 1639 7954 1760 7955 1759 7955 1635 7955 1761 7956 1639 7956 1643 7956 1761 7957 1760 7957 1639 7957 1762 7958 1643 7958 1647 7958 1762 7959 1761 7959 1643 7959 1763 7960 1647 7960 1651 7960 1763 7961 1762 7961 1647 7961 1764 7962 1651 7962 1655 7962 1764 7963 1763 7963 1651 7963 1765 7964 1655 7964 1659 7964 1765 7965 1764 7965 1655 7965 1766 7966 1659 7966 1663 7966 1766 7967 1765 7967 1659 7967 1767 7968 1663 7968 1667 7968 1767 7969 1766 7969 1663 7969 1596 7970 1667 7970 1597 7970 1596 7971 1767 7971 1667 7971 892 7972 4357 7972 890 7972 890 7973 4358 7973 888 7973 4357 7974 4358 7974 890 7974 892 7975 4359 7975 4357 7975 894 7976 4359 7976 892 7976 4358 7977 4360 7977 888 7977 888 7978 4360 7978 886 7978 894 7979 4361 7979 4359 7979 896 7980 4361 7980 894 7980 4360 7981 4362 7981 886 7981 886 7982 4362 7982 884 7982 896 7983 4363 7983 4361 7983 898 7984 4363 7984 896 7984 884 7985 4364 7985 882 7985 4362 7986 4364 7986 884 7986 898 7987 4365 7987 4363 7987 900 7988 4365 7988 898 7988 882 7989 4366 7989 880 7989 4364 7990 4366 7990 882 7990 900 7991 4367 7991 4365 7991 902 7992 4367 7992 900 7992 4366 7993 4368 7993 880 7993 880 7994 4368 7994 878 7994 904 7995 4369 7995 902 7995 902 7996 4369 7996 4367 7996 878 7997 4370 7997 876 7997 4368 7998 4370 7998 878 7998 904 7999 4371 7999 4369 7999 906 8000 4371 8000 904 8000 4370 8001 4372 8001 876 8001 876 8002 4372 8002 874 8002 906 8003 4373 8003 4371 8003 907 8004 4373 8004 906 8004 874 8005 4374 8005 872 8005 4372 8006 4374 8006 874 8006 907 8007 4375 8007 4373 8007 909 8008 4375 8008 907 8008 872 8009 4376 8009 870 8009 4374 8010 4376 8010 872 8010 909 8011 4377 8011 4375 8011 912 8012 4377 8012 909 8012 870 8013 4378 8013 868 8013 4376 8014 4378 8014 870 8014 914 8015 4379 8015 912 8015 912 8016 4379 8016 4377 8016 868 8017 4380 8017 866 8017 866 8018 4380 8018 864 8018 4378 8019 4380 8019 868 8019 916 8020 4381 8020 914 8020 914 8021 4381 8021 4379 8021 864 8022 4382 8022 862 8022 4380 8023 4382 8023 864 8023 665 8024 4383 8024 916 8024 916 8025 4383 8025 4381 8025 862 8026 4384 8026 860 8026 4382 8027 4384 8027 862 8027 667 8028 4385 8028 665 8028 665 8029 4385 8029 4383 8029 860 8030 4386 8030 858 8030 4384 8031 4386 8031 860 8031 669 8032 4387 8032 667 8032 667 8033 4387 8033 4385 8033 858 8034 4388 8034 856 8034 856 8035 4388 8035 855 8035 4386 8036 4388 8036 858 8036 671 8037 4389 8037 669 8037 669 8038 4389 8038 4387 8038 673 8039 4390 8039 671 8039 671 8040 4390 8040 4389 8040 675 8041 4391 8041 673 8041 673 8042 4391 8042 4390 8042 677 8043 4392 8043 675 8043 675 8044 4392 8044 4391 8044 677 8045 4393 8045 4392 8045 677 8046 4394 8046 4393 8046 679 8047 4394 8047 677 8047 679 8048 4395 8048 4394 8048 681 8049 4395 8049 679 8049 681 8050 4396 8050 4395 8050 683 8051 4396 8051 681 8051 683 8052 4397 8052 4396 8052 685 8053 4397 8053 683 8053 687 8054 4398 8054 685 8054 685 8055 4398 8055 4397 8055 689 8056 4399 8056 687 8056 687 8057 4399 8057 4398 8057 691 8058 4400 8058 689 8058 689 8059 4400 8059 4399 8059 691 8060 4401 8060 4400 8060 693 8061 4401 8061 691 8061 693 8062 4402 8062 4401 8062 693 8063 695 8063 4402 8063 695 8064 4403 8064 4402 8064 695 8065 697 8065 4403 8065 697 8066 4404 8066 4403 8066 697 8067 4405 8067 4404 8067 697 8068 699 8068 4405 8068 699 8069 4406 8069 4405 8069 699 8070 701 8070 4406 8070 701 8071 4407 8071 4406 8071 4407 8072 703 8072 4408 8072 701 8073 703 8073 4407 8073 4408 8074 705 8074 4409 8074 703 8075 705 8075 4408 8075 4409 8076 707 8076 4410 8076 705 8077 707 8077 4409 8077 4410 8078 709 8078 4411 8078 707 8079 709 8079 4410 8079 4411 8080 711 8080 4412 8080 709 8081 711 8081 4411 8081 4412 8082 713 8082 4413 8082 711 8083 713 8083 4412 8083 4414 8084 715 8084 4415 8084 4413 8085 715 8085 4414 8085 713 8086 715 8086 4413 8086 4415 8087 717 8087 4416 8087 715 8088 717 8088 4415 8088 717 8089 719 8089 4416 8089 4416 8090 719 8090 4417 8090 719 8091 721 8091 4417 8091 4417 8092 721 8092 4418 8092 721 8093 723 8093 4418 8093 4418 8094 723 8094 4419 8094 723 8095 725 8095 4419 8095 4419 8096 725 8096 4420 8096 725 8097 728 8097 4420 8097 728 8098 730 8098 4420 8098 855 8099 4421 8099 917 8099 917 8100 4421 8100 1012 8100 1012 8101 4421 8101 1011 8101 4388 8102 4421 8102 855 8102 1011 8103 4422 8103 1010 8103 4421 8104 4422 8104 1011 8104 4422 8105 4423 8105 1010 8105 1010 8106 4423 8106 1009 8106 4423 8107 4424 8107 1009 8107 1009 8108 4424 8108 1008 8108 4424 8109 4425 8109 1008 8109 1008 8110 4425 8110 1007 8110 4425 8111 4426 8111 1007 8111 1007 8112 4426 8112 1006 8112 4426 8113 4427 8113 1006 8113 1006 8114 4427 8114 1005 8114 4427 8115 4428 8115 1005 8115 1005 8116 4428 8116 1004 8116 1004 8117 4428 8117 1003 8117 4428 8118 4429 8118 1003 8118 1003 8119 4429 8119 1002 8119 4429 8120 4430 8120 1002 8120 1002 8121 4430 8121 1001 8121 4430 8122 4431 8122 1001 8122 1001 8123 4431 8123 1000 8123 4431 8124 4432 8124 1000 8124 1000 8125 4432 8125 999 8125 4432 8126 4433 8126 999 8126 999 8127 4433 8127 998 8127 4433 8128 4434 8128 998 8128 4434 8129 997 8129 998 8129 4434 8130 4435 8130 997 8130 4435 8131 996 8131 997 8131 4435 8132 4436 8132 996 8132 4437 8133 995 8133 4436 8133 4436 8134 995 8134 996 8134 4438 8135 994 8135 4437 8135 4437 8136 994 8136 995 8136 4439 8137 993 8137 4438 8137 4438 8138 993 8138 994 8138 4440 8139 992 8139 4439 8139 4439 8140 992 8140 993 8140 4441 8141 991 8141 4440 8141 4440 8142 991 8142 992 8142 4441 8143 990 8143 991 8143 4442 8144 990 8144 4441 8144 4443 8145 990 8145 4442 8145 4443 8146 989 8146 990 8146 4444 8147 989 8147 4443 8147 4444 8148 988 8148 989 8148 4445 8149 988 8149 4444 8149 4445 8150 987 8150 988 8150 4446 8151 987 8151 4445 8151 4446 8152 986 8152 987 8152 4447 8153 986 8153 4446 8153 4447 8154 985 8154 986 8154 4448 8155 985 8155 4447 8155 4448 8156 984 8156 985 8156 4449 8157 984 8157 4448 8157 4449 8158 983 8158 984 8158 4450 8159 983 8159 4449 8159 4450 8160 982 8160 983 8160 4451 8161 982 8161 4450 8161 730 8162 918 8162 4420 8162 4420 8163 918 8163 65 8163 4452 8164 981 8164 4451 8164 4451 8165 981 8165 982 8165 918 8166 920 8166 65 8166 2 8167 979 8167 4452 8167 4452 8168 979 8168 981 8168 65 8169 923 8169 62 8169 920 8170 923 8170 65 8170 2 8171 977 8171 979 8171 3 8172 977 8172 2 8172 923 8173 925 8173 62 8173 62 8174 925 8174 61 8174 3 8175 975 8175 977 8175 5 8176 975 8176 3 8176 925 8177 927 8177 61 8177 61 8178 927 8178 59 8178 5 8179 973 8179 975 8179 7 8180 973 8180 5 8180 9 8181 973 8181 7 8181 56 8182 929 8182 55 8182 59 8183 929 8183 56 8183 927 8184 929 8184 59 8184 9 8185 971 8185 973 8185 11 8186 971 8186 9 8186 929 8187 931 8187 55 8187 55 8188 931 8188 53 8188 11 8189 969 8189 971 8189 13 8190 969 8190 11 8190 53 8191 933 8191 50 8191 931 8192 933 8192 53 8192 13 8193 967 8193 969 8193 14 8194 967 8194 13 8194 50 8195 935 8195 49 8195 933 8196 935 8196 50 8196 14 8197 965 8197 967 8197 17 8198 965 8198 14 8198 49 8199 937 8199 47 8199 935 8200 937 8200 49 8200 19 8201 963 8201 17 8201 17 8202 963 8202 965 8202 47 8203 939 8203 45 8203 937 8204 939 8204 47 8204 21 8205 961 8205 19 8205 19 8206 961 8206 963 8206 45 8207 941 8207 43 8207 939 8208 941 8208 45 8208 23 8209 959 8209 21 8209 21 8210 959 8210 961 8210 941 8211 943 8211 43 8211 41 8212 943 8212 39 8212 43 8213 943 8213 41 8213 25 8214 957 8214 23 8214 27 8215 957 8215 25 8215 23 8216 957 8216 959 8216 39 8217 945 8217 37 8217 943 8218 945 8218 39 8218 29 8219 955 8219 27 8219 27 8220 955 8220 957 8220 37 8221 947 8221 35 8221 945 8222 947 8222 37 8222 31 8223 953 8223 29 8223 29 8224 953 8224 955 8224 35 8225 949 8225 33 8225 947 8226 949 8226 35 8226 33 8227 951 8227 31 8227 31 8228 951 8228 953 8228 949 8229 951 8229 33 8229 1558 8230 1557 8230 4421 8230 4421 8231 1557 8231 4422 8231 4422 8232 1559 8232 4423 8232 1557 8233 1559 8233 4422 8233 4423 8234 1560 8234 4424 8234 1559 8235 1560 8235 4423 8235 4424 8236 1561 8236 4425 8236 1560 8237 1561 8237 4424 8237 4425 8238 1562 8238 4426 8238 1561 8239 1562 8239 4425 8239 4426 8240 1563 8240 4427 8240 1562 8241 1563 8241 4426 8241 4427 8242 1564 8242 4428 8242 1563 8243 1564 8243 4427 8243 4428 8244 1565 8244 4429 8244 1564 8245 1565 8245 4428 8245 1565 8246 1566 8246 4429 8246 4429 8247 1566 8247 4430 8247 1566 8248 1567 8248 4430 8248 4430 8249 1567 8249 4431 8249 1567 8250 1568 8250 4431 8250 4431 8251 1568 8251 4432 8251 1568 8252 1569 8252 4432 8252 4432 8253 1569 8253 4433 8253 4433 8254 1569 8254 4434 8254 1569 8255 1570 8255 4434 8255 1570 8256 1571 8256 4434 8256 4434 8257 1571 8257 4435 8257 1571 8258 1572 8258 4435 8258 4435 8259 1572 8259 4436 8259 1572 8260 1573 8260 4436 8260 4436 8261 1573 8261 4437 8261 1573 8262 1574 8262 4437 8262 4437 8263 1574 8263 4438 8263 1574 8264 1575 8264 4438 8264 4438 8265 1575 8265 4439 8265 1575 8266 1576 8266 4439 8266 4439 8267 1576 8267 4440 8267 1576 8268 1577 8268 4440 8268 4440 8269 1577 8269 4441 8269 4441 8270 1577 8270 4442 8270 1577 8271 1578 8271 4442 8271 1578 8272 1579 8272 4442 8272 4442 8273 1579 8273 4443 8273 4443 8274 1580 8274 4444 8274 1579 8275 1580 8275 4443 8275 4444 8276 1581 8276 4445 8276 1580 8277 1581 8277 4444 8277 4445 8278 1582 8278 4446 8278 1581 8279 1582 8279 4445 8279 4446 8280 1583 8280 4447 8280 4447 8281 1583 8281 4448 8281 1582 8282 1583 8282 4446 8282 1583 8283 1584 8283 4448 8283 4448 8284 1585 8284 4449 8284 1584 8285 1585 8285 4448 8285 4449 8286 1586 8286 4450 8286 4450 8287 1586 8287 4451 8287 1585 8288 1586 8288 4449 8288 1586 8289 1587 8289 4451 8289 4451 8290 1588 8290 4452 8290 1587 8291 1588 8291 4451 8291 4452 8292 0 8292 2 8292 1588 8293 0 8293 4452 8293 1526 8294 4421 8294 4388 8294 1558 8295 4421 8295 1526 8295 1590 8296 1591 8296 4420 8296 4420 8297 1591 8297 4419 8297 4419 8298 1592 8298 4418 8298 1591 8299 1592 8299 4419 8299 4418 8300 1555 8300 4417 8300 1592 8301 1555 8301 4418 8301 4417 8302 1554 8302 4416 8302 1555 8303 1554 8303 4417 8303 4416 8304 1553 8304 4415 8304 1554 8305 1553 8305 4416 8305 4415 8306 1552 8306 4414 8306 4414 8307 1552 8307 4413 8307 1553 8308 1552 8308 4415 8308 1552 8309 1551 8309 4413 8309 4413 8310 1550 8310 4412 8310 1551 8311 1550 8311 4413 8311 4412 8312 1549 8312 4411 8312 1550 8313 1549 8313 4412 8313 4411 8314 1548 8314 4410 8314 1549 8315 1548 8315 4411 8315 4410 8316 1547 8316 4409 8316 1548 8317 1547 8317 4410 8317 4409 8318 1546 8318 4408 8318 4408 8319 1546 8319 4407 8319 1547 8320 1546 8320 4409 8320 1546 8321 1545 8321 4407 8321 4407 8322 1544 8322 4406 8322 1545 8323 1544 8323 4407 8323 4406 8324 1543 8324 4405 8324 1544 8325 1543 8325 4406 8325 4405 8326 1542 8326 4404 8326 1543 8327 1542 8327 4405 8327 4404 8328 1541 8328 4403 8328 1542 8329 1541 8329 4404 8329 4403 8330 1540 8330 4402 8330 1541 8331 1540 8331 4403 8331 1540 8332 1539 8332 4402 8332 4402 8333 1539 8333 4401 8333 1539 8334 1538 8334 4401 8334 4401 8335 1538 8335 4400 8335 1538 8336 1537 8336 4400 8336 4400 8337 1537 8337 4399 8337 1537 8338 1536 8338 4399 8338 4399 8339 1536 8339 4398 8339 4398 8340 1535 8340 4397 8340 1536 8341 1535 8341 4398 8341 4397 8342 1534 8342 4396 8342 1535 8343 1534 8343 4397 8343 4396 8344 1533 8344 4395 8344 1534 8345 1533 8345 4396 8345 4395 8346 1532 8346 4394 8346 1533 8347 1532 8347 4395 8347 4394 8348 1531 8348 4393 8348 1532 8349 1531 8349 4394 8349 4393 8350 1530 8350 4392 8350 1531 8351 1530 8351 4393 8351 4392 8352 1529 8352 4391 8352 1530 8353 1529 8353 4392 8353 4391 8354 1528 8354 4390 8354 1529 8355 1528 8355 4391 8355 4390 8356 1527 8356 4389 8356 1528 8357 1527 8357 4390 8357 4389 8358 1524 8358 4387 8358 4387 8359 1524 8359 4385 8359 1527 8360 1524 8360 4389 8360 1524 8361 1522 8361 4385 8361 4385 8362 1520 8362 4383 8362 1522 8363 1520 8363 4385 8363 4383 8364 1518 8364 4381 8364 1520 8365 1518 8365 4383 8365 4381 8366 1516 8366 4379 8366 1518 8367 1516 8367 4381 8367 4379 8368 1514 8368 4377 8368 1516 8369 1514 8369 4379 8369 4377 8370 1512 8370 4375 8370 1514 8371 1512 8371 4377 8371 4375 8372 1510 8372 4373 8372 1512 8373 1510 8373 4375 8373 4373 8374 1508 8374 4371 8374 1510 8375 1508 8375 4373 8375 4371 8376 1506 8376 4369 8376 1508 8377 1506 8377 4371 8377 4369 8378 1504 8378 4367 8378 1506 8379 1504 8379 4369 8379 1504 8380 1502 8380 4367 8380 4367 8381 1502 8381 4365 8381 1502 8382 1500 8382 4365 8382 4365 8383 1500 8383 4363 8383 1500 8384 1498 8384 4363 8384 4363 8385 1498 8385 4361 8385 1498 8386 1496 8386 4361 8386 4361 8387 1496 8387 4359 8387 1496 8388 1494 8388 4359 8388 4359 8389 1494 8389 4357 8389 1494 8390 1493 8390 4357 8390 4357 8391 1493 8391 4358 8391 4358 8392 1493 8392 4360 8392 1493 8393 1497 8393 4360 8393 1497 8394 1499 8394 4360 8394 4360 8395 1499 8395 4362 8395 1499 8396 1501 8396 4362 8396 4362 8397 1501 8397 4364 8397 1501 8398 1503 8398 4364 8398 4364 8399 1503 8399 4366 8399 1503 8400 1505 8400 4366 8400 4366 8401 1505 8401 4368 8401 1505 8402 1507 8402 4368 8402 4368 8403 1507 8403 4370 8403 1507 8404 1509 8404 4370 8404 4370 8405 1509 8405 4372 8405 1509 8406 1511 8406 4372 8406 4372 8407 1511 8407 4374 8407 4374 8408 1511 8408 4376 8408 1511 8409 1513 8409 4376 8409 1513 8410 1515 8410 4376 8410 4376 8411 1515 8411 4378 8411 4378 8412 1517 8412 4380 8412 1515 8413 1517 8413 4378 8413 4380 8414 1519 8414 4382 8414 1517 8415 1519 8415 4380 8415 4382 8416 1521 8416 4384 8416 1519 8417 1521 8417 4382 8417 4384 8418 1523 8418 4386 8418 1521 8419 1523 8419 4384 8419 4386 8420 1526 8420 4388 8420 1523 8421 1526 8421 4386 8421 65 8422 64 8422 4420 8422 4420 8423 64 8423 1590 8423 850 8424 735 8424 851 8424 850 8425 736 8425 735 8425 741 8426 842 8426 1016 8426 741 8427 1016 8427 1015 8427 454 8428 450 8428 452 8428 450 8429 446 8429 448 8429 458 8430 460 8430 456 8430 446 8431 442 8431 444 8431 456 8432 462 8432 454 8432 454 8433 462 8433 450 8433 460 8434 462 8434 456 8434 464 8435 466 8435 462 8435 440 8436 436 8436 438 8436 442 8437 436 8437 440 8437 446 8438 436 8438 442 8438 466 8439 468 8439 462 8439 469 8440 472 8440 468 8440 468 8441 472 8441 462 8441 434 8442 430 8442 432 8442 430 8443 426 8443 428 8443 436 8444 426 8444 434 8444 434 8445 426 8445 430 8445 446 8446 426 8446 436 8446 475 8447 478 8447 473 8447 473 8448 479 8448 472 8448 478 8449 479 8449 473 8449 424 8450 1252 8450 423 8450 481 8451 483 8451 479 8451 424 8452 1250 8452 1252 8452 426 8453 1246 8453 424 8453 1250 8454 1246 8454 1248 8454 424 8455 1246 8455 1250 8455 485 8456 490 8456 483 8456 487 8457 490 8457 485 8457 490 8458 492 8458 483 8458 1244 8459 1240 8459 1242 8459 1246 8460 1240 8460 1244 8460 493 8461 495 8461 492 8461 1240 8462 1236 8462 1238 8462 1246 8463 1236 8463 1240 8463 495 8464 499 8464 492 8464 497 8465 499 8465 495 8465 1246 8466 1234 8466 1236 8466 501 8467 503 8467 499 8467 1234 8468 1230 8468 1232 8468 1234 8469 1228 8469 1230 8469 1246 8470 1228 8470 1234 8470 450 8471 1228 8471 446 8471 446 8472 1228 8472 426 8472 426 8473 1228 8473 1246 8473 505 8474 507 8474 503 8474 507 8475 509 8475 503 8475 1228 8476 1224 8476 1226 8476 462 8477 1224 8477 450 8477 450 8478 1224 8478 1228 8478 513 8479 515 8479 512 8479 1222 8480 1218 8480 1220 8480 1224 8481 1218 8481 1222 8481 1224 8482 1216 8482 1218 8482 517 8483 519 8483 515 8483 519 8484 521 8484 515 8484 512 8485 521 8485 509 8485 515 8486 521 8486 512 8486 1216 8487 1212 8487 1214 8487 1224 8488 1212 8488 1216 8488 462 8489 1208 8489 1224 8489 1224 8490 1208 8490 1212 8490 472 8491 1208 8491 462 8491 479 8492 1208 8492 472 8492 1212 8493 1208 8493 1210 8493 1208 8494 1204 8494 1206 8494 525 8495 533 8495 523 8495 527 8496 533 8496 525 8496 529 8497 533 8497 527 8497 532 8498 533 8498 529 8498 1202 8499 1198 8499 1200 8499 535 8500 538 8500 533 8500 479 8501 1196 8501 1208 8501 1208 8502 1196 8502 1204 8502 1202 8503 1196 8503 1198 8503 1204 8504 1196 8504 1202 8504 492 8505 1192 8505 483 8505 479 8506 1192 8506 1196 8506 483 8507 1192 8507 479 8507 1196 8508 1192 8508 1194 8508 541 8509 1136 8509 539 8509 1136 8510 1138 8510 539 8510 1192 8511 1188 8511 1190 8511 1192 8512 1186 8512 1188 8512 1192 8513 1182 8513 1186 8513 1186 8514 1182 8514 1184 8514 492 8515 1176 8515 1192 8515 1192 8516 1176 8516 1182 8516 1180 8517 1176 8517 1178 8517 1182 8518 1176 8518 1180 8518 1144 8519 1152 8519 1142 8519 1146 8520 1152 8520 1144 8520 1148 8521 1152 8521 1146 8521 1150 8522 1152 8522 1148 8522 1138 8523 1154 8523 539 8523 1152 8524 1154 8524 1142 8524 539 8525 1154 8525 538 8525 1140 8526 1154 8526 1138 8526 1142 8527 1154 8527 1140 8527 533 8528 1154 8528 523 8528 538 8529 1154 8529 533 8529 503 8530 1172 8530 499 8530 492 8531 1172 8531 1176 8531 499 8532 1172 8532 492 8532 1176 8533 1172 8533 1174 8533 1156 8534 1158 8534 1154 8534 1158 8535 1160 8535 1154 8535 503 8536 1166 8536 1172 8536 509 8537 1166 8537 503 8537 1154 8538 1166 8538 523 8538 521 8539 1166 8539 509 8539 523 8540 1166 8540 521 8540 1160 8541 1166 8541 1154 8541 1170 8542 1166 8542 1168 8542 1172 8543 1166 8543 1170 8543 1160 8544 1164 8544 1166 8544 1162 8545 1164 8545 1160 8545 844 8546 783 8546 845 8546 783 8547 738 8547 845 8547 330 8548 324 8548 328 8548 328 8549 324 8549 326 8549 334 8550 336 8550 332 8550 332 8551 336 8551 330 8551 324 8552 320 8552 322 8552 338 8553 340 8553 336 8553 336 8554 340 8554 330 8554 320 8555 316 8555 318 8555 330 8556 316 8556 324 8556 324 8557 316 8557 320 8557 344 8558 346 8558 342 8558 316 8559 312 8559 314 8559 330 8560 312 8560 316 8560 346 8561 348 8561 342 8561 312 8562 308 8562 310 8562 348 8563 352 8563 342 8563 350 8564 352 8564 348 8564 354 8565 356 8565 352 8565 306 8566 301 8566 304 8566 308 8567 299 8567 306 8567 312 8568 299 8568 308 8568 306 8569 299 8569 301 8569 356 8570 360 8570 352 8570 358 8571 360 8571 356 8571 299 8572 1368 8572 1369 8572 360 8573 366 8573 352 8573 364 8574 366 8574 361 8574 361 8575 366 8575 360 8575 1368 8576 1363 8576 1366 8576 312 8577 1363 8577 299 8577 299 8578 1363 8578 1368 8578 367 8579 370 8579 366 8579 1362 8580 1357 8580 1360 8580 374 8581 375 8581 371 8581 371 8582 375 8582 370 8582 1357 8583 1353 8583 1356 8583 1357 8584 1350 8584 1353 8584 1353 8585 1350 8585 1352 8585 379 8586 381 8586 377 8586 377 8587 381 8587 375 8587 1357 8588 1347 8588 1350 8588 1362 8589 1346 8589 1357 8589 1363 8590 1346 8590 1362 8590 1357 8591 1346 8591 1347 8591 340 8592 1346 8592 330 8592 330 8593 1346 8593 312 8593 312 8594 1346 8594 1363 8594 386 8595 388 8595 383 8595 1346 8596 1341 8596 1344 8596 340 8597 1341 8597 1346 8597 381 8598 390 8598 375 8598 388 8599 390 8599 383 8599 383 8600 390 8600 381 8600 391 8601 393 8601 390 8601 1339 8602 1335 8602 1337 8602 393 8603 395 8603 390 8603 1341 8604 1332 8604 1339 8604 1335 8605 1332 8605 1333 8605 1339 8606 1332 8606 1335 8606 1332 8607 1327 8607 1330 8607 1341 8608 1327 8608 1332 8608 401 8609 404 8609 400 8609 400 8610 405 8610 398 8610 404 8611 405 8611 400 8611 398 8612 405 8612 395 8612 1341 8613 1323 8613 1327 8613 1327 8614 1323 8614 1326 8614 340 8615 1323 8615 1341 8615 352 8616 1323 8616 342 8616 342 8617 1323 8617 340 8617 1323 8618 1320 8618 1321 8618 409 8619 412 8619 408 8619 408 8620 412 8620 405 8620 1320 8621 1315 8621 1317 8621 352 8622 1315 8622 1323 8622 1323 8623 1315 8623 1320 8623 416 8624 417 8624 413 8624 1315 8625 1311 8625 1313 8625 352 8626 1311 8626 1315 8626 366 8627 1311 8627 352 8627 419 8628 1253 8628 417 8628 413 8629 1253 8629 412 8629 417 8630 1253 8630 413 8630 1311 8631 1307 8631 1309 8631 1311 8632 1305 8632 1307 8632 370 8633 1305 8633 366 8633 366 8634 1305 8634 1311 8634 1255 8635 1257 8635 1253 8635 1305 8636 1301 8636 1303 8636 1259 8637 1261 8637 1257 8637 1305 8638 1299 8638 1301 8638 1261 8639 1263 8639 1257 8639 1257 8640 1263 8640 1253 8640 375 8641 1295 8641 370 8641 370 8642 1295 8642 1305 8642 1305 8643 1295 8643 1299 8643 1299 8644 1295 8644 1297 8644 1265 8645 1267 8645 1263 8645 1253 8646 1269 8646 412 8646 1267 8647 1269 8647 1263 8647 1263 8648 1269 8648 1253 8648 395 8649 1269 8649 390 8649 405 8650 1269 8650 395 8650 412 8651 1269 8651 405 8651 375 8652 1291 8652 1295 8652 390 8653 1291 8653 375 8653 1295 8654 1291 8654 1293 8654 1271 8655 1273 8655 1269 8655 1269 8656 1287 8656 390 8656 1291 8657 1287 8657 1289 8657 390 8658 1287 8658 1291 8658 1273 8659 1277 8659 1269 8659 1275 8660 1277 8660 1273 8660 1287 8661 1283 8661 1285 8661 1269 8662 1281 8662 1287 8662 1279 8663 1281 8663 1277 8663 1277 8664 1281 8664 1269 8664 1287 8665 1281 8665 1283 8665 804 8666 817 8666 848 8666 848 8667 817 8667 846 8667 576 8668 570 8668 574 8668 574 8669 570 8669 572 8669 580 8670 582 8670 578 8670 578 8671 582 8671 576 8671 570 8672 564 8672 568 8672 568 8673 564 8673 566 8673 584 8674 586 8674 582 8674 562 8675 558 8675 560 8675 588 8676 590 8676 586 8676 562 8677 556 8677 558 8677 586 8678 594 8678 582 8678 590 8679 594 8679 586 8679 592 8680 594 8680 590 8680 556 8681 552 8681 554 8681 562 8682 552 8682 556 8682 598 8683 600 8683 596 8683 600 8684 602 8684 596 8684 596 8685 602 8685 594 8685 552 8686 543 8686 550 8686 550 8687 543 8687 548 8687 548 8688 543 8688 545 8688 604 8689 605 8689 602 8689 543 8690 1132 8690 1133 8690 1132 8691 1127 8691 1130 8691 552 8692 1127 8692 543 8692 543 8693 1127 8693 1132 8693 610 8694 611 8694 608 8694 608 8695 611 8695 605 8695 611 8696 614 8696 605 8696 1127 8697 1121 8697 1126 8697 1126 8698 1121 8698 1124 8698 615 8699 618 8699 614 8699 1127 8700 1117 8700 1121 8700 1121 8701 1117 8701 1120 8701 562 8702 1116 8702 552 8702 552 8703 1116 8703 1127 8703 1127 8704 1116 8704 1117 8704 618 8705 623 8705 614 8705 621 8706 623 8706 619 8706 619 8707 623 8707 618 8707 564 8708 1110 8708 562 8708 1116 8709 1110 8709 1114 8709 1114 8710 1110 8710 1111 8710 570 8711 1110 8711 564 8711 562 8712 1110 8712 1116 8712 627 8713 630 8713 625 8713 625 8714 630 8714 623 8714 630 8715 632 8715 623 8715 1110 8716 1105 8716 1108 8716 576 8717 1103 8717 570 8717 1110 8718 1103 8718 1105 8718 570 8719 1103 8719 1110 8719 632 8720 635 8720 623 8720 634 8721 635 8721 632 8721 1103 8722 1099 8722 1101 8722 637 8723 639 8723 635 8723 582 8724 1097 8724 576 8724 576 8725 1097 8725 1103 8725 1103 8726 1097 8726 1099 8726 594 8727 1097 8727 582 8727 1097 8728 1094 8728 1096 8728 594 8729 1094 8729 1097 8729 644 8730 645 8730 642 8730 645 8731 649 8731 642 8731 648 8732 649 8732 645 8732 642 8733 649 8733 639 8733 1091 8734 1084 8734 1090 8734 1090 8735 1084 8735 1087 8735 1087 8736 1084 8736 1085 8736 653 8737 656 8737 652 8737 652 8738 656 8738 649 8738 594 8739 1077 8739 1094 8739 1094 8740 1077 8740 1091 8740 1084 8741 1077 8741 1081 8741 1081 8742 1077 8742 1079 8742 1091 8743 1077 8743 1084 8743 602 8744 1077 8744 594 8744 605 8745 1077 8745 602 8745 660 8746 661 8746 657 8746 1077 8747 1073 8747 1075 8747 605 8748 1073 8748 1077 8748 663 8749 1017 8749 661 8749 657 8750 1017 8750 656 8750 661 8751 1017 8751 657 8751 1073 8752 1069 8752 1071 8752 1019 8753 1021 8753 1017 8753 649 8754 1021 8754 639 8754 656 8755 1021 8755 649 8755 1017 8756 1021 8756 656 8756 1073 8757 1067 8757 1069 8757 1025 8758 1027 8758 1023 8758 1073 8759 1061 8759 1067 8759 605 8760 1061 8760 1073 8760 623 8761 1061 8761 614 8761 1067 8762 1061 8762 1065 8762 1065 8763 1061 8763 1063 8763 614 8764 1061 8764 605 8764 1027 8765 1029 8765 1023 8765 1023 8766 1029 8766 1021 8766 623 8767 1057 8767 1061 8767 1061 8768 1057 8768 1059 8768 1021 8769 1033 8769 639 8769 1029 8770 1033 8770 1021 8770 1031 8771 1033 8771 1029 8771 1057 8772 1053 8772 1055 8772 1037 8773 1039 8773 1035 8773 1033 8774 1041 8774 639 8774 1039 8775 1041 8775 1035 8775 1035 8776 1041 8776 1033 8776 1053 8777 1049 8777 1051 8777 635 8778 1045 8778 623 8778 623 8779 1045 8779 1057 8779 1057 8780 1045 8780 1053 8780 1049 8781 1045 8781 1047 8781 1043 8782 1045 8782 1041 8782 1041 8783 1045 8783 639 8783 639 8784 1045 8784 635 8784 1053 8785 1045 8785 1049 8785 841 8786 802 8786 1014 8786 841 8787 1014 8787 1013 8787 210 8788 206 8788 208 8788 206 8789 202 8789 204 8789 214 8790 216 8790 212 8790 202 8791 198 8791 200 8791 212 8792 218 8792 210 8792 210 8793 218 8793 206 8793 216 8794 218 8794 212 8794 220 8795 222 8795 218 8795 196 8796 192 8796 194 8796 198 8797 192 8797 196 8797 202 8798 192 8798 198 8798 222 8799 224 8799 218 8799 225 8800 228 8800 224 8800 224 8801 228 8801 218 8801 190 8802 186 8802 188 8802 186 8803 182 8803 184 8803 192 8804 182 8804 190 8804 190 8805 182 8805 186 8805 202 8806 182 8806 192 8806 231 8807 234 8807 229 8807 229 8808 235 8808 228 8808 234 8809 235 8809 229 8809 180 8810 1488 8810 179 8810 237 8811 239 8811 235 8811 180 8812 1486 8812 1488 8812 182 8813 1482 8813 180 8813 1486 8814 1482 8814 1484 8814 180 8815 1482 8815 1486 8815 241 8816 246 8816 239 8816 243 8817 246 8817 241 8817 246 8818 248 8818 239 8818 1480 8819 1476 8819 1478 8819 1482 8820 1476 8820 1480 8820 249 8821 251 8821 248 8821 1476 8822 1472 8822 1474 8822 1482 8823 1472 8823 1476 8823 251 8824 255 8824 248 8824 253 8825 255 8825 251 8825 1482 8826 1470 8826 1472 8826 257 8827 259 8827 255 8827 1470 8828 1466 8828 1468 8828 1470 8829 1464 8829 1466 8829 1482 8830 1464 8830 1470 8830 206 8831 1464 8831 202 8831 202 8832 1464 8832 182 8832 182 8833 1464 8833 1482 8833 261 8834 263 8834 259 8834 263 8835 265 8835 259 8835 1464 8836 1460 8836 1462 8836 218 8837 1460 8837 206 8837 206 8838 1460 8838 1464 8838 269 8839 271 8839 268 8839 1458 8840 1454 8840 1456 8840 1460 8841 1454 8841 1458 8841 1460 8842 1452 8842 1454 8842 273 8843 275 8843 271 8843 275 8844 277 8844 271 8844 268 8845 277 8845 265 8845 271 8846 277 8846 268 8846 1452 8847 1448 8847 1450 8847 1460 8848 1448 8848 1452 8848 218 8849 1444 8849 1460 8849 1460 8850 1444 8850 1448 8850 228 8851 1444 8851 218 8851 235 8852 1444 8852 228 8852 1448 8853 1444 8853 1446 8853 1444 8854 1440 8854 1442 8854 281 8855 289 8855 279 8855 283 8856 289 8856 281 8856 285 8857 289 8857 283 8857 288 8858 289 8858 285 8858 1438 8859 1434 8859 1436 8859 291 8860 294 8860 289 8860 235 8861 1432 8861 1444 8861 1444 8862 1432 8862 1440 8862 1438 8863 1432 8863 1434 8863 1440 8864 1432 8864 1438 8864 248 8865 1428 8865 239 8865 235 8866 1428 8866 1432 8866 239 8867 1428 8867 235 8867 1432 8868 1428 8868 1430 8868 297 8869 1372 8869 295 8869 1372 8870 1374 8870 295 8870 1428 8871 1424 8871 1426 8871 1428 8872 1422 8872 1424 8872 1428 8873 1418 8873 1422 8873 1422 8874 1418 8874 1420 8874 248 8875 1412 8875 1428 8875 1428 8876 1412 8876 1418 8876 1416 8877 1412 8877 1414 8877 1418 8878 1412 8878 1416 8878 1380 8879 1388 8879 1378 8879 1382 8880 1388 8880 1380 8880 1384 8881 1388 8881 1382 8881 1386 8882 1388 8882 1384 8882 1374 8883 1390 8883 295 8883 1388 8884 1390 8884 1378 8884 295 8885 1390 8885 294 8885 1376 8886 1390 8886 1374 8886 1378 8887 1390 8887 1376 8887 289 8888 1390 8888 279 8888 294 8889 1390 8889 289 8889 259 8890 1408 8890 255 8890 248 8891 1408 8891 1412 8891 255 8892 1408 8892 248 8892 1412 8893 1408 8893 1410 8893 1392 8894 1394 8894 1390 8894 1394 8895 1396 8895 1390 8895 259 8896 1402 8896 1408 8896 265 8897 1402 8897 259 8897 1390 8898 1402 8898 279 8898 277 8899 1402 8899 265 8899 279 8900 1402 8900 277 8900 1396 8901 1402 8901 1390 8901 1406 8902 1402 8902 1404 8902 1408 8903 1402 8903 1406 8903 1396 8904 1400 8904 1402 8904 1398 8905 1400 8905 1396 8905</p>
        </triangles>
      </mesh>
    </geometry>
  </library_geometries>
  <library_materials>
    <material id="mat_Cam_support_2_shape" name="Cam_support_2_shape">
      <instance_effect url="#effect_Cam_support_2_shape"/>
    </material>
  </library_materials>
  <library_visual_scenes>
    <visual_scene id="myscene">
      <node id="node0" name="node0">
        <instance_geometry url="#geometry0">
          <bind_material>
            <technique_common>
              <instance_material symbol="ref_Cam_support_2_shape" target="#mat_Cam_support_2_shape"/>
            </technique_common>
          </bind_material>
        </instance_geometry>
      </node>
    </visual_scene>
  </library_visual_scenes>
  <scene>
    <instance_visual_scene url="#myscene"/>
  </scene>
</COLLADA>
