<COLLADA xmlns="http://www.collada.org/2005/11/COLLADASchema" version="1.4.1">
  <asset>
    <contributor/>
    <created>2026-07-22T21:26:31.108693</created>
    <modified>2026-07-22T21:26:31.108700</modified>
    <unit name="meter" meter="1.0"/>
    <up_axis>Z_UP</up_axis>
  </asset>
  <library_effects>
    <effect id="effect_Emergency_Button_shape" name="effect_Emergency_Button_shape">
      <profile_COMMON>
        <technique sid="common">
          <phong>
            <emission>
              <color>0.0 0.0 0.0 1.0</color>
            </emission>
            <ambient>
              <color>0.0 0.0 0.0 1.0</color>
            </ambient>
            <diffuse>
              <color>0.800000011920929 0.800000011920929 0.9019607901573181 1.0</color>
            </diffuse>
            <specular>
              <color>1 1 1 1.0</color>
            </specular>
            <shininess>
              <float>0.0</float>
            </shininess>
            <reflective>
              <color>0.0 0.0 0.0 1.0</color>
            </reflective>
            <reflectivity>
              <float>0.0</float>
            </reflectivity>
            <transparent>
              <color>0.0 0.0 0.0 1.0</color>
            </transparent>
            <transparency>
              <float>1.0</float>
            </transparency>
          </phong>
        </technique>
        <extra>
          <technique profile="GOOGLEEARTH">
            <double_sided>0</double_sided>
          </technique>
        </extra>
      </profile_COMMON>
    </effect>
  </library_effects>
  <library_geometries>
    <geometry id="geometry0" name="Emergency_Button_shape">
      <mesh>
        <source id="cubeverts-array0">
          <float_array count="12633" id="cubeverts-array0-array">-0.002741524 0.9229731 -0.234609 -6.71e-16 0.9229061 -0.2345958 -6.71e-16 0.923292 -0.2326334 -0.002741524 0.9233591 -0.2326466 -0.005476232 0.9231743 -0.2346485 -0.005476232 0.9235601 -0.2326861 -0.008197325 0.9235089 -0.2347143 -0.008197325 0.9238947 -0.2327519 -0.01089804 0.9239761 -0.2348062 -0.01089804 0.924362 -0.2328438 -0.01357166 0.9245749 -0.2349239 -0.01357166 0.9249608 -0.2329615 -0.01621153 0.9253036 -0.2350672 -0.01621153 0.9256896 -0.2331048 -0.01881111 0.9261606 -0.2352358 -0.01881111 0.9265466 -0.2332733 -0.02136391 0.9271437 -0.2354291 -0.02136391 0.9275296 -0.2334667 -0.02386361 0.9282504 -0.2356467 -0.02386361 0.9286364 -0.2336843 -0.02630397 0.929864 -0.2339257 -0.02630397 0.929478 -0.2358881 -0.02867894 0.9308235 -0.2361526 -0.02867894 0.9312094 -0.2341902 -0.0309826 0.9322834 -0.2364397 -0.0309826 0.9326693 -0.2344773 -0.03320924 0.9338541 -0.2367486 -0.03320924 0.9342401 -0.2347862 -0.03535332 0.9355319 -0.2370785 -0.03535332 0.9359177 -0.2351161 -0.0374095 0.9373124 -0.2374286 -0.0374095 0.9376982 -0.2354662 -0.03937268 0.9391912 -0.237798 -0.03937268 0.9395771 -0.2358356 -0.04123796 0.9411638 -0.2381859 -0.04123796 0.9415496 -0.2362235 -0.04300073 0.943225 -0.2385912 -0.04300073 0.9436109 -0.2366288 -0.04465659 0.94537 -0.239013 -0.04465659 0.9457559 -0.2370506 -0.04620143 0.9475933 -0.2394502 -0.04620143 0.9479792 -0.2374878 -0.0476314 0.9498893 -0.2399017 -0.0476314 0.9502753 -0.2379393 -0.04894295 0.9522525 -0.2403664 -0.04894295 0.9526384 -0.238404 -0.05013282 0.9546769 -0.2408431 -0.05013282 0.9550628 -0.2388807 -0.05119806 0.9571564 -0.2413307 -0.05119806 0.9575423 -0.2393683 -0.05213601 0.959685 -0.2418279 -0.05213601 0.9600709 -0.2398655 -0.05294433 0.9622563 -0.2423335 -0.05294433 0.9626422 -0.2403711 -0.05362104 0.964864 -0.2428463 -0.05362104 0.9652498 -0.2408839 -0.05416442 0.9675015 -0.2433649 -0.05416442 0.9678873 -0.2414025 -0.05457316 0.9701622 -0.2438881 -0.05457316 0.9705481 -0.2419257 -0.05484621 0.9728397 -0.2444146 -0.05484621 0.9732256 -0.2424522 -0.05498291 0.9755272 -0.2449431 -0.05498291 0.9759131 -0.2429806 -0.05498291 0.9782181 -0.2454722 -0.05498291 0.9786039 -0.2435098 -0.05484621 0.9809056 -0.2460006 -0.05484621 0.9812914 -0.2440382 -0.05457316 0.9835831 -0.2465271 -0.05457316 0.9839689 -0.2445647 -0.05416442 0.9862438 -0.2470503 -0.05416442 0.9866297 -0.2450879 -0.05362104 0.9888813 -0.247569 -0.05362104 0.9892672 -0.2456066 -0.05294433 0.991489 -0.2480817 -0.05294433 0.9918749 -0.2461193 -0.05213601 0.9940602 -0.2485873 -0.05213601 0.9944462 -0.2466249 -0.05119806 0.9965889 -0.2490845 -0.05119806 0.9969747 -0.2471221 -0.05013282 0.9990684 -0.2495721 -0.05013282 0.9994543 -0.2476097 -0.04894295 1.001493 -0.2500488 -0.04894295 1.001879 -0.2480864 -0.0476314 1.003856 -0.2505135 -0.0476314 1.004242 -0.2485511 -0.04620143 1.006152 -0.250965 -0.04620143 1.006538 -0.2490026 -0.04465659 1.008375 -0.2514022 -0.04465659 1.008761 -0.2494398 -0.04300073 1.01052 -0.251824 -0.04300073 1.010906 -0.2498616 -0.04123796 1.012582 -0.2522293 -0.04123796 1.012967 -0.2502669 -0.03937268 1.014554 -0.2526172 -0.03937268 1.01494 -0.2506548 -0.0374095 1.016433 -0.2529866 -0.0374095 1.016819 -0.2510242 -0.03535332 1.018213 -0.2533367 -0.03535332 1.018599 -0.2513743 -0.03320924 1.019891 -0.2536666 -0.03320924 1.020277 -0.2517042 -0.0309826 1.021462 -0.2539755 -0.0309826 1.021848 -0.2520131 -0.02867894 1.022922 -0.2542626 -0.02867894 1.023308 -0.2523002 -0.02630397 1.024267 -0.2545271 -0.02630397 1.024653 -0.2525647 -0.02386361 1.025495 -0.2547685 -0.02386361 1.025881 -0.2528061 -0.02136391 1.026602 -0.2549862 -0.02136391 1.026987 -0.2530237 -0.01881111 1.027585 -0.2551795 -0.01881111 1.02797 -0.253217 -0.01621153 1.028442 -0.255348 -0.01621153 1.028828 -0.2533856 -0.01357166 1.02917 -0.2554913 -0.01357166 1.029556 -0.2535289 -0.01089804 1.029769 -0.255609 -0.01089804 1.030155 -0.2536466 -0.008197325 1.030236 -0.2557009 -0.008197325 1.030622 -0.2537385 -0.005476232 1.030571 -0.2557667 -0.005476232 1.030957 -0.2538043 -0.002741524 1.030772 -0.2558062 -0.002741524 1.031158 -0.2538438 -6.78e-16 1.030839 -0.2558194 -6.78e-16 1.031225 -0.253857 0.02197645 0.938327 -0.2376281 0.02206531 0.9384144 -0.2376453 0.02867894 0.9308235 -0.2361526 0.02187987 0.9382398 -0.237611 0.02214655 0.9385017 -0.2376625 0.0222205 0.9385888 -0.2376796 0.02630397 0.929478 -0.2358881 0.02173527 0.9381224 -0.2375879 0.02234008 0.9387452 -0.2377103 0.02158017 0.9380112 -0.237566 0.02239736 0.9388284 -0.2377267 0.0309826 0.9322834 -0.2364397 0.02145918 0.9379346 -0.2375509 0.02249803 0.9389938 -0.2377592 0.02127143 0.9378296 -0.2375303 0.02257991 0.9391509 -0.2377901 0.02106557 0.9377321 -0.2375111 0.02264646 0.939299 -0.2378192 0.0209605 0.9376881 -0.2375025 0.02386361 0.9282504 -0.2356467 0.02270018 0.9394376 -0.2378465 0.02085348 0.9376487 -0.2374948 0.02275705 0.9396125 -0.2378809 0.03320924 0.9338541 -0.2367486 0.02066665 0.9375906 -0.2374833 0.02054025 0.9375583 -0.237477 0.02280775 0.9398015 -0.2379181 0.02038674 0.9375272 -0.2374709 0.02285616 0.9400248 -0.237962 0.02020037 0.9375022 -0.2374659 0.02009809 0.9374943 -0.2374644 0.02136391 0.9271437 -0.2354291 0.02289509 0.9402565 -0.2380075 0.01998623 0.9374901 -0.2374635 0.0198641 0.9374903 -0.2374636 0.02292556 0.9405115 -0.2380577 0.03535332 0.9355319 -0.2370785 0.01973104 0.9374965 -0.2374648 0.02135099 0.9390607 -0.2377724 0.02106371 0.9388146 -0.237724 0.02142489 0.9391469 -0.2377893 0.02121548 0.938928 -0.2377463 0.02294443 0.9407772 -0.2381099 0.01958645 0.9375106 -0.2374676 0.02072985 0.9386383 -0.2376893 0.02150609 0.939256 -0.2378108 0.02159224 0.9393942 -0.237838 0.02090084 0.9387161 -0.2377046 0.01942981 0.9375345 -0.2374723 0.02295412 0.9410433 -0.2381622 0.0374095 0.9373124 -0.2374286 0.03937268 0.9391912 -0.237798 0.04123796 0.9411638 -0.2381859 0.04300073 0.943225 -0.2385912 0.01881111 0.9261606 -0.2352358 0.01926063 0.9375696 -0.2374792 0.01907856 0.9376181 -0.2374887 0.01890458 0.9376755 -0.2375 0.01880564 0.9377139 -0.2375076 0.01870408 0.9377579 -0.2375162 0.01934299 0.9385911 -0.23768 0.01916332 0.9386708 -0.2376957 0.01944523 0.9385579 -0.2376735 0.0190223 0.938754 -0.2377121 0.01955898 0.9385291 -0.2376678 0.01891137 0.9388329 -0.2377276 0.01882445 0.9389055 -0.2377419 0.01857316 0.9391851 -0.2377968 0.01840976 0.9394868 -0.2378562 0.01869051 0.9390383 -0.237768 0.01847496 0.939345 -0.2378283 0.01836924 0.9395933 -0.2378771 0.01833543 0.9397172 -0.2379015 0.01831581 0.9398225 -0.2379222 0.01829823 0.9399999 -0.2379571 0.01830002 0.9401777 -0.237992 0.01982377 0.938491 -0.2376604 0.01997616 0.9384861 -0.2376594 0.01968489 0.938506 -0.2376633 0.0183147 0.9403553 -0.238027 0.02051461 0.9385623 -0.2376744 0.02061296 0.9385933 -0.2376805 0.020322 0.9385175 -0.2376656 0.02014229 0.9384936 -0.2376609 0.018353 0.9405833 -0.2380718 0.02168044 0.9395684 -0.2378722 0.02172245 0.9396662 -0.2378914 0.02180293 0.9398948 -0.2379364 0.01839518 0.9407658 -0.2381077 0.0218519 0.9400806 -0.2379729 0.02176362 0.9397747 -0.2379128 0.0184588 0.940994 -0.2381525 0.02188928 0.9402638 -0.238009 0.02192375 0.9404854 -0.2380525 0.01856677 0.9413164 -0.2382159 0.02194509 0.9406891 -0.2380926 0.01873866 0.9417647 -0.2383041 0.02196454 0.9410983 -0.2381731 0.01890528 0.9421501 -0.2383799 0.01908193 0.9425313 -0.2384548 0.01735356 0.9392239 -0.2378045 0.009888143 0.9338917 -0.236756 0.01729949 0.9394107 -0.2378412 0.01742373 0.9390424 -0.2377688 0.01750941 0.9388674 -0.2377344 0.01089804 0.9239761 -0.2348062 0.01357166 0.9245749 -0.2349239 0.01621153 0.9253036 -0.2350672 0.01757846 0.9387488 -0.2377111 0.01763133 0.9386633 -0.2376942 0.01772198 0.9385331 -0.2376686 0.01779987 0.938435 -0.2376494 0.01788529 0.9383384 -0.2376304 0.01797525 0.9382472 -0.2376124 0.01806933 0.9381614 -0.2375956 0.01820971 0.9380477 -0.2375732 0.01831883 0.9379696 -0.2375578 0.01842366 0.9379032 -0.2375448 0.01853157 0.9378428 -0.2375329 0.01945896 0.9433568 -0.2386172 0.01962841 0.9437774 -0.2386999 0.01971233 0.9440106 -0.2387457 0.0197475 0.9441211 -0.2387674 0.01977524 0.9442172 -0.2387863 0.00889255 0.9336833 -0.236715 0.002741524 0.9229731 -0.234609 0.005476232 0.9231743 -0.2346485 0.008197325 0.9235089 -0.2347143 0.01982111 0.944428 -0.2388278 0.01984978 0.9446687 -0.2388751 0.01985884 0.94483 -0.2389068 0.01985896 0.944931 -0.2389267 0.01984694 0.9451157 -0.238963 0.01982573 0.9452686 -0.2389931 0.01980177 0.945395 -0.2390179 0.01977667 0.9454992 -0.2390384 0.0197234 0.94567 -0.239072 0.01965578 0.9458357 -0.2391046 0.01957672 0.9459965 -0.2391362 0.04465659 0.94537 -0.239013 0.01947052 0.9461733 -0.239171 0.01854679 0.9457139 -0.2390806 0.01829118 0.9459741 -0.2391318 0.01843026 0.9458542 -0.2391082 0.01819917 0.946035 -0.2391438 0.01808173 0.9460965 -0.2391559 0.01793276 0.9461532 -0.239167 0.01773233 0.94208 -0.2383661 0.01579266 0.9441371 -0.2387706 0.01801422 0.9426865 -0.2384854 0.0175671 0.9416738 -0.2382862 0.01743291 0.9412908 -0.2382109 0.01735498 0.9410283 -0.2381593 0.01836553 0.9434102 -0.2386277 0.01774652 0.946198 -0.2391758 0.01864523 0.9455602 -0.2390504 0.01764284 0.9462114 -0.2391785 0.0158533 0.944469 -0.2388359 0.01860411 0.9439283 -0.2387295 0.01592405 0.9447645 -0.238894 0.01752885 0.9462167 -0.2391795 0.01727015 0.9461909 -0.2391744 0.01740447 0.9462109 -0.2391784 0.01597293 0.9449401 -0.2389285 0.01864434 0.9440236 -0.2387483 0.01601014 0.9450532 -0.2389507 0.0186913 0.944145 -0.2387721 0.01873365 0.94429 -0.2388007 0.01871473 0.9454133 -0.2390216 0.01712703 0.9461533 -0.2391671 0.01604878 0.9451552 -0.2389708 0.01700975 0.94611 -0.2391586 0.01875175 0.9453117 -0.2390016 0.01877797 0.9452161 -0.2389828 0.01881059 0.9450376 -0.2389477 0.0160878 0.9452474 -0.2389889 0.01876143 0.9443981 -0.2388219 0.01882207 0.9448869 -0.238918 0.01683834 0.9460339 -0.2391436 0.01881852 0.944761 -0.2388933 0.01617152 0.9454108 -0.2390211 0.01880801 0.9446565 -0.2388727 0.01668383 0.9459434 -0.2391258 0.01625586 0.9455389 -0.2390462 0.01878773 0.9445257 -0.238847 0.01653913 0.9458387 -0.2391052 0.01633543 0.9456393 -0.239066 0.01640769 0.945718 -0.2390815 0.01730602 0.9408289 -0.2381201 0.01478305 0.9443002 -0.2388027 0.01726585 0.9406217 -0.2380793 0.01723932 0.9404337 -0.2380424 0.01722567 0.9402528 -0.2380068 0.01018261 0.9429981 -0.2385466 0.01722143 0.9400598 -0.2379688 0.01722777 0.9398743 -0.2379324 0.01724545 0.9396998 -0.2378981 0.01727447 0.9395246 -0.2378636 0.009980289 0.9439298 -0.2387298 0.01531164 0.9459803 -0.239133 0.01540181 0.9461147 -0.2391595 0.01523723 0.9458522 -0.2391078 0.0151565 0.9456878 -0.2390755 0.01507996 0.9455086 -0.2390403 0.01501629 0.9453326 -0.2390057 0.01496016 0.9451477 -0.2389693 0.01489049 0.9448721 -0.2389151 0.01483163 0.9445871 -0.2388591 0.00799912 0.9425382 -0.2384562 -0.001002936 0.9346488 -0.2369048 -0.0008579513 0.9347947 -0.2369335 -0.001153375 0.9345084 -0.2368772 -0.000719205 0.9349462 -0.2369633 -0.001308789 0.9343733 -0.2368507 -0.0005872626 0.9351035 -0.2369942 -0.001469144 0.9342439 -0.2368252 -0.0004621601 0.9352661 -0.2370262 -0.001634396 0.9341206 -0.236801 -0.0003439027 0.9354335 -0.2370592 -0.001804224 0.9340034 -0.236778 -0.001978193 0.9338922 -0.2367561 -0.0002328696 0.9356057 -0.237093 -0.002156104 0.9337871 -0.2367354 -0.0001296207 0.9357824 -0.2371278 -0.002338179 0.9336893 -0.2367162 -3.451341e-05 0.9359636 -0.2371634 -0.002524598 0.9335996 -0.2366985 5.237977e-05 0.9361486 -0.2371998 -0.002714949 0.9335182 -0.2366825 0.0001310734 0.9363371 -0.2372368 -0.002908568 0.9334445 -0.236668 0.000201853 0.9365286 -0.2372745 -0.003104971 0.9333785 -0.2366551 0.0002650295 0.9367227 -0.2373127 -0.00330393 0.9333203 -0.2366436 0.0003201789 0.9369192 -0.2373513 -0.003505209 0.9332703 -0.2366338 0.0003662783 0.9371177 -0.2373903 -0.003708461 0.9332286 -0.2366256 0.0004105898 0.9373616 -0.2374383 -0.00393615 0.9331924 -0.2366185 0.004826043 0.9418719 -0.2383252 0.007003527 0.9423298 -0.2384152 0.000447832 0.9376069 -0.2374865 -0.004190847 0.9331642 -0.2366129 0.0004790588 0.9379406 -0.2375521 -0.004446713 0.9331479 -0.2366097 0.0004887258 0.9381602 -0.2375953 -0.004695853 0.9331439 -0.2366089 0.0004883264 0.9384115 -0.2376447 -0.004923457 0.9331511 -0.2366103 0.0004775597 0.9386374 -0.2376891 0.0004582594 0.93884 -0.237729 -0.005377489 0.9331884 -0.2366177 0.0004313288 0.9390419 -0.2377687 -0.005651622 0.9332294 -0.2366257 0.0003970806 0.9392426 -0.2378082 -0.005924123 0.9332789 -0.2366355 0.0003535905 0.9394416 -0.2378473 -0.00612642 0.9333254 -0.2366446 0.0003019248 0.9396388 -0.2378861 -0.006326677 0.9333802 -0.2366554 0.0002438675 0.9398342 -0.2379245 -0.00652464 0.9334425 -0.2366676 0.0001777306 0.9400271 -0.2379624 -0.006719895 0.9335124 -0.2366814 0.0001029328 0.940217 -0.2379998 -0.006911915 0.9335903 -0.2366967 2.108587e-05 0.9404041 -0.2380365 -0.007100249 0.9336766 -0.2367137 -6.761793e-05 0.940588 -0.2380727 0.004623719 0.9428035 -0.2385084 -0.007284651 0.9337707 -0.2367322 -0.0001636652 0.9407684 -0.2381082 -0.007464888 0.9338723 -0.2367522 -0.000266913 0.940945 -0.2381429 -0.007640539 0.9339813 -0.2367736 -0.0003770918 0.9411174 -0.2381768 -0.007811091 0.9340978 -0.2367965 -0.0004939996 0.9412856 -0.2382099 -0.007976283 0.9342216 -0.2368208 -0.0006178771 0.9414489 -0.238242 0.01897083 0.9467281 -0.2392801 0.01789667 0.9597447 -0.2418396 0.01906327 0.9466506 -0.2392648 0.01887819 0.9467975 -0.2392937 0.01878605 0.9468596 -0.2393059 0.01700432 0.9588907 -0.2416717 0.01869496 0.9469149 -0.2393168 0.01860534 0.9469639 -0.2393264 0.01842778 0.9470468 -0.2393427 0.01874453 0.9606413 -0.2420159 0.01915501 0.9465645 -0.2392479 0.01924328 0.9464722 -0.2392298 0.01606969 0.9580814 -0.2415126 0.01825911 0.9471092 -0.239355 0.01810026 0.9471537 -0.2393638 -0.00813623 0.9343519 -0.2368465 -0.000749069 0.9416066 -0.238273 0.01954579 0.9615782 -0.2422002 0.01932272 0.9463798 -0.2392116 0.01939371 0.9462874 -0.2391934 0.01509511 0.9573188 -0.2413626 0.01795189 0.9471837 -0.2393697 0.01781438 0.9472027 -0.2393734 0.01768756 0.9472131 -0.2393755 0.01757095 0.9472172 -0.2393763 -0.008290986 0.934488 -0.2368732 -0.0008875814 0.9417581 -0.2383028 0.02029845 0.9625533 -0.2423919 0.014083 0.9566048 -0.2412222 0.01746398 0.9472163 -0.2393761 0.01726841 0.9472031 -0.2393735 0.01710674 0.9471804 -0.239369 -0.008440112 0.9346301 -0.2369012 -0.001032466 0.9419037 -0.2383314 0.02100065 0.9635638 -0.2425906 0.04620143 0.9475933 -0.2394502 0.01692686 0.9471431 -0.2393617 0.01303588 0.9559412 -0.2410917 0.01682482 0.9471164 -0.2393564 0.016696 0.9470759 -0.2393485 -0.008583041 0.934778 -0.2369303 -0.001182312 0.9420446 -0.2383591 0.02165063 0.9646075 -0.2427958 0.0476314 0.9498893 -0.2399017 -0.008719747 0.9349316 -0.2369605 -0.001337752 0.9421793 -0.2383856 0.01657641 0.9470301 -0.2393395 0.01195635 0.9553297 -0.2409715 0.01647593 0.9469859 -0.2393308 0.01633754 0.9469203 -0.2393179 0.01610649 0.9467857 -0.2392914 -0.008850803 0.93509 -0.2369916 -0.001499185 0.9423071 -0.2384108 0.0222468 0.9656817 -0.2430071 0.04894295 0.9522525 -0.2403664 0.05013282 0.9546769 -0.2408431 -0.008976639 0.9352523 -0.2370235 -0.001665405 0.942429 -0.2384347 0.01084709 0.9547717 -0.2408617 0.01595913 0.9466859 -0.2392718 0.01586827 0.9466155 -0.2392579 0.01578463 0.9465439 -0.2392439 -0.001836088 0.9425446 -0.2384575 0.02278765 0.9667837 -0.2432238 0.01570777 0.9464719 -0.2392297 0.00971087 0.9542686 -0.2407628 0.0156371 0.9464 -0.2392156 0.01550954 0.9462549 -0.239187 0.02327184 0.9679107 -0.2434454 0.05119806 0.9571564 -0.2413307 0.05213601 0.959685 -0.2418279 0.008550504 0.9538217 -0.240675 0.02369818 0.9690601 -0.2436714 0.007368879 0.9534322 -0.2405984 0.02406561 0.9702289 -0.2439012 0.05294433 0.9622563 -0.2423335 0.006168935 0.953101 -0.2405332 0.0243732 0.9714141 -0.2441343 0.05362104 0.964864 -0.2428463 0.004953654 0.9528287 -0.2404797 0.02462019 0.972613 -0.24437 0.05416442 0.9675015 -0.2433649 0.003726057 0.9526164 -0.2404379 0.02480598 0.9738224 -0.2446078 0.05457316 0.9701622 -0.2438881 0.002489196 0.9524643 -0.240408 0.0249301 0.9750395 -0.2448472 0.05484621 0.9728397 -0.2444146 0.05498291 0.9755272 -0.2449431 0.001246147 0.9523729 -0.2403901 -0.002011528 0.9426533 -0.2384788 0.02499223 0.9762611 -0.2450874 0.05498291 0.9782181 -0.2454722 -0.002191354 0.9427548 -0.2384988 -6.71e-16 0.9523424 -0.2403841 -0.00237522 0.942849 -0.2385173 -0.002563073 0.9429354 -0.2385343 -0.002754492 0.9430138 -0.2385497 0.02499223 0.9774842 -0.2453279 -0.001246147 0.9523729 -0.2403901 -0.002948907 0.9430848 -0.2385637 -0.003145995 0.9431483 -0.2385762 -0.003345541 0.943204 -0.2385871 -0.01799136 0.9365014 -0.2372691 -0.009942119 0.937717 -0.2375082 -0.009959336 0.9379682 -0.2375576 -0.009915915 0.9374918 -0.2374639 -0.009883172 0.9372905 -0.2374243 -0.009841559 0.9370907 -0.237385 -0.009791298 0.9368928 -0.2373461 -0.009732619 0.9366971 -0.2373076 -0.009665624 0.9365041 -0.2372697 -0.00959037 0.936314 -0.2372323 -0.009506995 0.9361272 -0.2371956 -0.009415701 0.935944 -0.2371595 -0.00931671 0.9357646 -0.2371243 -0.009210291 0.9355895 -0.2370898 -0.009096737 0.9354187 -0.2370562 0.0249301 0.9787058 -0.2455681 0.05484621 0.9809056 -0.2460006 0.05457316 0.9835831 -0.2465271 -0.003547367 0.9432511 -0.2385964 -0.002489196 0.9524643 -0.240408 -0.003751092 0.9432894 -0.2386039 -0.003898053 0.943312 -0.2386084 -0.004045357 0.9433326 -0.2386124 -0.01887478 0.9369476 -0.2373569 0.02480598 0.9799229 -0.2458074 -0.004733925 0.9433774 -0.2386212 -0.003726057 0.9526164 -0.2404379 -0.004504015 0.9433695 -0.2386197 -0.004985594 0.9433748 -0.2386207 0.02462019 0.9811323 -0.2460452 0.05416442 0.9862438 -0.2470503 0.05362104 0.9888813 -0.247569 -0.004953654 0.9528287 -0.2404797 -0.005244079 0.9433599 -0.2386178 -0.005501508 0.9433329 -0.2386125 -0.005757434 0.9432943 -0.2386049 -0.006782956 0.9429955 -0.2385461 -0.01342806 0.9451754 -0.2389748 -0.006587926 0.9430714 -0.238561 -0.006974632 0.942912 -0.2385297 -0.007162431 0.9428206 -0.2385117 -0.007346041 0.9427211 -0.2384922 -0.00752543 0.9426145 -0.2384712 -0.007700572 0.9425013 -0.2384489 -0.007871374 0.9423819 -0.2384255 -0.008037709 0.9422566 -0.2384008 -0.008199265 0.9421254 -0.238375 -0.008355496 0.9419881 -0.238348 -0.008505875 0.9418447 -0.2383198 -0.008650034 0.9416952 -0.2382904 -0.008787662 0.9415399 -0.2382599 -0.008918492 0.9413791 -0.2382283 -0.009042304 0.941213 -0.2381956 -0.009158844 0.9410419 -0.238162 -0.009267742 0.940866 -0.2381274 -0.009368632 0.9406856 -0.2380919 -0.00946143 0.9405011 -0.2380556 -0.009546216 0.9403129 -0.2380186 -0.009623027 0.9401214 -0.237981 -0.01738439 0.9413013 -0.238213 -0.01675338 0.940981 -0.23815 0.0243732 0.9823311 -0.246281 -0.005985867 0.9432491 -0.238596 -0.006168935 0.953101 -0.2405332 -0.006189217 0.9431989 -0.2385861 -0.006389959 0.9431394 -0.2385744 -0.01819294 0.9417241 -0.2382961 -0.01855077 0.9419218 -0.238335 -0.007368879 0.9534322 -0.2405984 -0.01898348 0.9421783 -0.2383854 -0.01921902 0.9423303 -0.2384153 -0.01939126 0.9424507 -0.238439 -0.01955587 0.9425809 -0.2384646 -0.01966743 0.9426794 -0.238484 -0.0197746 0.9427824 -0.2385042 -0.008550504 0.9538217 -0.240675 -0.01987548 0.9428914 -0.2385257 -0.01999708 0.9430384 -0.2385546 -0.0201056 0.9431875 -0.2385839 -0.02019199 0.9433265 -0.2386112 -0.00971087 0.9542686 -0.2407628 -0.01518888 0.9460678 -0.2391503 -0.01084709 0.9547717 -0.2408617 -0.01587644 0.9464063 -0.2392168 -0.02036764 0.9437071 -0.238686 -0.02040639 0.9438281 -0.2387098 -0.02032629 0.9435981 -0.2386646 -0.02028284 0.9435004 -0.2386454 -0.01650536 0.9466902 -0.2392726 -0.01195635 0.9553297 -0.2409715 -0.01679274 0.9468082 -0.2392958 0.05213601 0.9940602 -0.2485873 0.0345613 1.001764 -0.2501022 0.05119806 0.9965889 -0.2490845 0.05013282 0.9990684 -0.2495721 0.04894295 1.001493 -0.2500488 0.0476314 1.003856 -0.2505135 0.04620143 1.006152 -0.250965 0.04465659 1.008375 -0.2514022 0.04300073 1.01052 -0.251824 -0.01748702 0.947009 -0.2393353 -0.01303588 0.9559412 -0.2410917 -0.01730026 0.946972 -0.239328 -0.01704356 0.9468992 -0.2393137 -0.01715784 0.9469351 -0.2393208 0.05294433 0.991489 -0.2480817 0.0283738 0.9968644 -0.2491387 0.02406561 0.9835164 -0.246514 0.02369818 0.9846852 -0.2467439 0.02327184 0.9858345 -0.2469699 0.02278765 0.9869616 -0.2471915 0.0222468 0.9880636 -0.2474082 0.02165063 0.9891378 -0.2476194 0.02100065 0.9901815 -0.2478246 -0.02047165 0.9441102 -0.2387653 -0.02049053 0.9442738 -0.2387975 -0.02044196 0.943962 -0.2387362 -0.01761259 0.9470275 -0.2393389 -0.014083 0.9566048 -0.2412222 -0.01774163 0.9470403 -0.2393415 -0.0178657 0.9470474 -0.2393429 0.02029845 0.991192 -0.2480233 -0.01798476 0.9470482 -0.239343 -0.01509511 0.9573188 -0.2413626 -0.01809879 0.9470434 -0.2393421 -0.0182078 0.9470342 -0.2393403 -0.01831177 0.9470212 -0.2393377 0.01954579 0.992167 -0.2482151 -0.0184107 0.9470042 -0.2393344 -0.01606969 0.9580814 -0.2415126 -0.01859795 0.9469604 -0.2393258 -0.01876646 0.9469089 -0.2393156 -0.02049537 0.9444534 -0.2388328 -0.0204858 0.9446492 -0.2388713 0.03170072 1.005242 -0.2507862 0.04123796 1.012582 -0.2522293 0.03151963 1.000354 -0.2498249 0.02917508 1.003203 -0.2503851 0.03345553 1.001887 -0.2501263 0.03109175 1.00476 -0.2506913 0.02848758 0.9979526 -0.2493527 0.02856931 1.002723 -0.2502908 0.03091386 0.9998741 -0.2497306 0.02614303 1.000802 -0.249913 0.02553245 1.000319 -0.2498181 0.01874453 0.9931039 -0.2483993 -0.01891765 0.9468525 -0.2393046 -0.01700432 0.9588907 -0.2416717 -0.01905242 0.9467918 -0.2392926 -0.01917235 0.9467289 -0.2392803 0.03937268 1.014554 -0.2526172 0.01789667 0.9940005 -0.2485756 0.02477311 1.001018 -0.2499556 -0.01927885 0.9466655 -0.2392678 -0.01789667 0.9597447 -0.2418396 -0.01937302 0.9466021 -0.2392553 -0.01945636 0.9465399 -0.2392431 0.02416895 1.001479 -0.2500462 -0.02045726 0.9448562 -0.238912 -0.02043327 0.944965 -0.2389334 -0.02047457 0.9447509 -0.2388913 0.01700432 0.9948546 -0.2487435 -0.01874453 0.9606413 -0.2420159 -0.0196017 0.9464168 -0.2392189 -0.01971373 0.9463048 -0.2391969 0.02875709 1.007841 -0.2512972 0.0374095 1.016433 -0.2529866 0.02865613 1.007918 -0.2513124 -0.01983129 0.9461711 -0.2391705 -0.01954579 0.9615782 -0.2422002 -0.01989516 0.9460914 -0.2391549 -0.0203418 0.94527 -0.2389934 -0.02027797 0.945429 -0.2390246 -0.02038161 0.9451517 -0.2389701 -0.02029845 0.9625533 -0.2423919 -0.01999405 0.9459531 -0.2391277 0.02131798 1.003657 -0.2504744 0.01606969 0.9956639 -0.2489027 0.01509511 0.9964265 -0.2490526 0.02115933 1.003778 -0.2504982 0.014083 0.9971405 -0.249193 0.03535332 1.018213 -0.2533367 -0.02016684 0.9456609 -0.2390702 -0.02008353 0.9458088 -0.2390993 -0.02023247 0.9455278 -0.2390441 0.03320924 1.019891 -0.2536666 0.01833401 1.005937 -0.2509228 0.01303588 0.9978041 -0.2493235 0.01195635 0.9984156 -0.2494438 0.02359042 1.011788 -0.2520733 0.01771542 1.006409 -0.2510155 0.0309826 1.021462 -0.2539755 0.02348786 1.011867 -0.2520888 0.01638112 1.007138 -0.2511589 0.01084709 0.9989736 -0.2495535 0.00971087 0.9994767 -0.2496524 -0.02100065 0.9635638 -0.2425906 -0.02165063 0.9646075 -0.2427958 0.02867894 1.022922 -0.2542626 0.01964074 1.014222 -0.2525518 0.01227215 1.008959 -0.251517 0.008550504 0.9999235 -0.2497403 0.01598209 1.008155 -0.2513589 0.01259426 1.009657 -0.2516542 0.01725933 1.010934 -0.2519053 0.02630397 1.024267 -0.2545271 0.01087992 1.009429 -0.2516093 0.007368879 1.000313 -0.2498169 0.01387151 1.012436 -0.2522006 0.01757984 1.011627 -0.2520417 0.01419202 1.013129 -0.252337 0.01859907 1.013843 -0.2524773 0.01010748 1.009621 -0.2516471 0.006168935 1.000644 -0.249882 -0.0222468 0.9656817 -0.2430071 -0.02278765 0.9667837 -0.2432238 0.01518241 1.015357 -0.2527751 0.02386361 1.025495 -0.2547685 0.01058184 1.013261 -0.2523629 0.01102415 1.013149 -0.2523409 0.006889536 1.010427 -0.2518057 0.004953654 1.000917 -0.2499355 0.003726057 1.001129 -0.2499773 -0.02327184 0.9679107 -0.2434454 0.01285268 1.017019 -0.2531019 0.01550292 1.016055 -0.2529124 0.005932806 1.010666 -0.2518527 0.002489196 1.001281 -0.2500072 0.02136391 1.026602 -0.2549862 0.008129186 1.014158 -0.2525392 0.008238562 1.014075 -0.2525229 0.008015945 1.014255 -0.2525585 0.003393253 1.011762 -0.2520682 0.003477315 1.011844 -0.2520842 0.003558947 1.011927 -0.2521007 0.003243957 1.011628 -0.2520419 0.003716251 1.0121 -0.2521347 0.00309321 1.011506 -0.2520177 0.002938111 1.011391 -0.2519953 0.003916461 1.012352 -0.2521842 0.004028337 1.012509 -0.2522151 0.002782649 1.011288 -0.2519749 0.002624944 1.011193 -0.2519563 0.004133159 1.012674 -0.2522474 0.004231771 1.012846 -0.2522813 0.002445027 1.011096 -0.2519373 0.004315177 1.01301 -0.2523136 0.002278826 1.011016 -0.2519216 0.004389691 1.013176 -0.2523461 0.002108466 1.010945 -0.2519075 0.004456074 1.013345 -0.2523793 0.00191544 1.010874 -0.2518936 0.004517955 1.013527 -0.2524153 0.00790077 1.014371 -0.2525811 0.01881111 1.027585 -0.2551795 0.001703672 1.010807 -0.2518804 0.004568799 1.013706 -0.2524504 0.007786714 1.014507 -0.2526079 0.001517863 1.010758 -0.2518707 0.004612332 1.013892 -0.252487 0.007678258 1.014667 -0.2526393 0.001314782 1.010714 -0.2518621 0.001246147 1.001372 -0.2500252 0.004646883 1.014082 -0.2525244 0.007628677 1.014754 -0.2526566 0.001080627 1.010674 -0.2518542 0.004670374 1.01426 -0.2525594 0.007582151 1.014849 -0.2526751 0.004681217 1.014378 -0.2525827 0.007539494 1.014949 -0.2526949 0.0008683864 1.010647 -0.251849 0.004688793 1.014502 -0.252607 0.007503116 1.015053 -0.2527152 0.0005758305 1.010625 -0.2518445 -6.74e-16 1.001403 -0.2500312 0.00469702 1.014745 -0.2526547 0.00747216 1.015163 -0.2527368 0.0002499048 1.010616 -0.2518428 0.007446982 1.015279 -0.2527597 0.004689155 1.015019 -0.2527087 0.007428718 1.015397 -0.2527828 3.185184e-05 1.010622 -0.2518439 0.004673445 1.015199 -0.2527439 0.007417606 1.015511 -0.2528054 -0.0001858726 1.010633 -0.2518461 -0.02369818 0.9690601 -0.2436714 0.007413439 1.015623 -0.2528275 0.004642134 1.015428 -0.2527891 0.007416276 1.015738 -0.2528501 -0.0003810456 1.010651 -0.2518498 -0.001246147 1.001372 -0.2500252 0.004607968 1.015613 -0.2528254 0.00742634 1.015856 -0.2528731 -0.0005940949 1.010681 -0.2518557 0.004562918 1.015802 -0.2528626 0.007447929 1.015998 -0.2529012 -0.0008053792 1.010722 -0.2518636 0.004511099 1.015982 -0.252898 0.007492101 1.016211 -0.2529429 -0.0009875512 1.010765 -0.2518722 -0.002489196 1.001281 -0.2500072 0.004453423 1.016152 -0.2529315 0.007544837 1.016386 -0.2529774 -0.001174648 1.01082 -0.2518829 0.004380482 1.016337 -0.2529679 0.007609797 1.016558 -0.2530112 -0.001347569 1.010879 -0.2518946 0.004298969 1.016519 -0.2530036 0.01621153 1.028442 -0.255348 0.01131261 1.017404 -0.2531776 0.004216975 1.016681 -0.2530354 0.007691247 1.016722 -0.2530435 0.004116462 1.016858 -0.2530703 0.007745887 1.016818 -0.2530624 0.007819501 1.016928 -0.253084 0.004007669 1.017031 -0.2531042 0.00791824 1.017053 -0.2531086 0.003889513 1.0172 -0.2531375 0.003772223 1.017351 -0.2531672 0.008050051 1.017192 -0.2531359 0.00364679 1.017497 -0.253196 0.008128781 1.017261 -0.2531495 -0.000109737 1.011431 -0.2520031 -0.0003286209 1.013836 -0.252476 0.0001874048 1.011421 -0.2520011 -0.0003071333 1.011449 -0.2520065 -0.0005031477 1.011476 -0.2520119 -0.0006876556 1.011511 -0.2520187 -0.0008797777 1.011559 -0.2520281 -0.001058095 1.011614 -0.2520391 -0.001180743 1.011659 -0.2520478 -0.001296564 1.011706 -0.2520571 -0.001405738 1.011755 -0.2520667 -0.001508348 1.011806 -0.2520768 -0.001680183 1.011904 -0.252096 -0.001833408 1.012003 -0.2521155 -0.001984584 1.012114 -0.2521373 0.003419824 1.013016 -0.2523146 0.003525975 1.013182 -0.2523474 0.003349682 1.012916 -0.252295 0.003233691 1.012767 -0.2522658 0.003107661 1.012622 -0.2522373 0.002980844 1.012492 -0.2522117 0.002844344 1.012367 -0.2521871 0.002753223 1.01229 -0.2521719 0.002606053 1.012177 -0.2521497 0.002447202 1.012068 -0.2521283 0.0022784 1.011965 -0.252108 0.002103904 1.01187 -0.2520893 0.001923004 1.011783 -0.2520722 0.001738157 1.011704 -0.2520567 0.001563423 1.01164 -0.2520441 0.001383133 1.011584 -0.2520332 0.00116958 1.011529 -0.2520224 0.000989673 1.011491 -0.252015 0.0008105481 1.011463 -0.2520094 0.0005589328 1.011435 -0.2520039 0.0003733666 1.011424 -0.2520017 0.003521431 1.017631 -0.2532222 0.008218453 1.017332 -0.2531634 -0.02406561 0.9702289 -0.2439012 -0.0243732 0.9714141 -0.2441343 -0.002116738 1.012223 -0.2521589 0.003382279 1.017765 -0.2532485 0.008320388 1.017404 -0.2531775 -0.002232068 1.01233 -0.2521799 0.003244778 1.017885 -0.2532721 0.008436709 1.017475 -0.2531915 -0.002332389 1.012434 -0.2522002 -0.002419296 1.012533 -0.2522197 0.003574841 1.016294 -0.2529593 -0.0003286209 1.014641 -0.2526343 0.003483275 1.016448 -0.2529896 0.003658463 1.016135 -0.2529281 0.003738233 1.015962 -0.2528941 0.003804287 1.015792 -0.2528606 0.00386112 1.015612 -0.2528251 0.003908563 1.015427 -0.2527889 0.003930521 1.01532 -0.2527678 0.003951961 1.015185 -0.2527413 0.003966649 1.015049 -0.2527146 0.003974142 1.014931 -0.2526913 0.003979071 1.014777 -0.2526609 0.003970082 1.014545 -0.2526153 0.003955033 1.014391 -0.2525851 0.003926203 1.014215 -0.2525505 0.003883141 1.014027 -0.2525136 0.003831277 1.013849 -0.2524784 0.003770867 1.013678 -0.2524448 0.0036956 1.013501 -0.25241 0.003615041 1.013339 -0.2523782 0.002701132 1.017298 -0.2531568 0.002597194 1.017374 -0.2531716 0.002797914 1.017223 -0.2531419 0.002887601 1.017146 -0.2531269 0.003020693 1.017022 -0.2531024 0.003151421 1.016885 -0.2530755 0.003277845 1.016738 -0.2530466 0.003384636 1.016596 -0.2530187 0.003082704 1.018013 -0.2532974 0.008569184 1.017542 -0.2532048 -0.002494549 1.012627 -0.2522383 0.002444217 1.017475 -0.2531916 -0.002559768 1.012717 -0.2522558 0.002929525 1.018123 -0.253319 0.008718877 1.017605 -0.2532172 0.002284804 1.01757 -0.2532102 -0.002616143 1.012801 -0.2522724 0.002778308 1.018222 -0.2533384 0.002102537 1.017666 -0.2532291 -0.002709997 1.012961 -0.2523039 -0.002778692 1.013099 -0.2523311 0.01053142 1.017587 -0.2532136 0.01357166 1.02917 -0.2554913 0.0100058 1.017687 -0.2532333 0.001925429 1.017748 -0.2532453 -0.002973617 1.012113 -0.2521373 -0.005253851 1.010757 -0.2518705 -0.003078157 1.012265 -0.252167 -0.002860282 1.011966 -0.2521083 -0.002732972 1.011817 -0.2520789 -0.002605324 1.011682 -0.2520525 -0.002467689 1.011553 -0.252027 -0.00231669 1.011425 -0.252002 -0.002169707 1.011314 -0.2519801 -0.002011284 1.011207 -0.251959 -0.001842213 1.011106 -0.2519392 -0.001682207 1.011023 -0.2519228 -0.001517563 1.010947 -0.2519079 -0.003726057 1.001129 -0.2499773 -0.004953654 1.000917 -0.2499355 -0.003175706 1.012424 -0.2521983 -0.003267128 1.012594 -0.2522317 -0.002829596 1.013217 -0.2523543 -0.003350313 1.01277 -0.2522664 0.00175621 1.017818 -0.2532589 -0.002867562 1.013317 -0.252374 -0.002909138 1.013445 -0.252399 -0.003424557 1.012952 -0.2523021 0.001580468 1.01788 -0.2532712 -0.002943707 1.013574 -0.2524244 0.001393064 1.017935 -0.2532821 -0.002967111 1.013683 -0.2524458 -0.002995287 1.013836 -0.252476 0.001206949 1.01798 -0.2532909 0.001027593 1.018014 -0.2532975 0.0008265977 1.018041 -0.2533029 0.0006441849 1.018057 -0.253306 -0.02462019 0.972613 -0.24437 0.000418174 1.018063 -0.2533072 0.0001667811 1.018053 -0.2533051 3.854769e-05 1.018042 -0.2533031 -8.322793e-05 1.018027 -0.2533002 -0.0002698805 1.017995 -0.2532938 -0.0004751202 1.017949 -0.2532847 -0.0006776508 1.017893 -0.2532737 -0.0008770705 1.017827 -0.2532608 -0.00107315 1.017752 -0.253246 -0.001265718 1.017668 -0.2532296 -0.001454259 1.017577 -0.2532115 0.01089804 1.029769 -0.255609 0.009385023 1.017735 -0.2532427 0.009540177 1.017736 -0.2532429 0.009281814 1.017729 -0.2532415 0.009176858 1.017717 -0.2532392 0.009887803 1.017705 -0.2532368 0.009773775 1.017719 -0.2532395 0.00966855 1.017728 -0.2532414 -0.001638094 1.017476 -0.2531918 -0.001816918 1.017367 -0.2531703 -0.001990627 1.01725 -0.2531474 -0.002154022 1.01713 -0.2531236 -0.002309303 1.017003 -0.2530987 -0.002585031 1.016755 -0.2530499 -0.009697761 1.00984 -0.2516902 -0.006168935 1.000644 -0.249882 -0.007368879 1.000313 -0.2498169 -0.01100307 1.00937 -0.2515979 -0.00985962 1.010595 -0.2518387 -0.003713236 1.014641 -0.2526343 -0.003200416 1.017327 -0.2531624 -0.01175628 1.009048 -0.2515345 -0.008550504 0.9999235 -0.2497403 -0.00971087 0.9994767 -0.2496524 -0.02480598 0.9738224 -0.2446078 -0.006841992 1.014358 -0.2525786 -0.006196158 1.011351 -0.2519874 0.008197325 1.030236 -0.2557009 0.009076883 1.017702 -0.2532362 0.008887915 1.017659 -0.2532278 0.002601698 1.018325 -0.2533587 -0.01656557 1.006996 -0.251131 -0.01084709 0.9989736 -0.2495535 -0.01195635 0.9984156 -0.2494438 -0.01672904 1.006927 -0.2511174 -0.01303588 0.9978041 -0.2493235 -0.01050545 1.013601 -0.2524299 -0.01509511 0.9964265 -0.2490526 -0.0207974 1.003967 -0.2505353 -0.014083 0.9971405 -0.249193 -0.02095769 1.003811 -0.2505047 -0.02065966 1.004113 -0.2505641 -0.02116451 1.003628 -0.2504687 -0.02052749 1.004264 -0.2505939 -0.01606969 0.9956639 -0.2489027 -0.02140512 1.003437 -0.2504312 -0.02040299 1.004422 -0.2506248 -0.02157256 1.003316 -0.2504074 -0.02028562 1.004584 -0.2506568 -0.02174368 1.0032 -0.2503846 -0.02018826 1.004736 -0.2506866 -0.02192516 1.003089 -0.2503627 -0.02007134 1.00494 -0.2507267 -0.02212659 1.002977 -0.2503407 -0.01700432 0.9948546 -0.2487435 -0.01998485 1.005109 -0.2507599 -0.02231526 1.002883 -0.2503222 -0.01990584 1.005288 -0.2507952 -0.01066571 1.014352 -0.2525773 -0.007516671 1.017503 -0.253197 -0.007002248 1.015108 -0.2527261 -0.02252359 1.002791 -0.2503041 -0.01983936 1.005464 -0.2508298 -0.02029845 0.991192 -0.2480233 -0.02709848 0.9983696 -0.2494347 -0.01954579 0.992167 -0.2482151 -0.02100065 0.9901815 -0.2478246 -0.02165063 0.9891378 -0.2476194 -0.0222468 0.9880636 -0.2474082 -0.02278765 0.9869616 -0.2471915 -0.02327184 0.9858345 -0.2469699 -0.02369818 0.9846852 -0.2467439 -0.02271251 1.002718 -0.2502897 -0.01789667 0.9940005 -0.2485756 -0.01978044 1.005649 -0.2508661 -0.02659848 0.9989624 -0.2495513 -0.01874453 0.9931039 -0.2483993 -0.02289594 1.002657 -0.2502777 -0.001768758 1.018371 -0.2533677 -0.006898082 1.018419 -0.2533772 -0.00158094 1.01846 -0.2533851 -0.001969414 1.018264 -0.2533468 -0.002170006 1.018145 -0.2533233 -0.002405989 1.017988 -0.2532925 -0.002596334 1.017849 -0.2532651 -0.002900645 1.017601 -0.2532162 -0.003052383 1.017466 -0.2531897 0.005476232 1.030571 -0.2557667 0.002415009 1.018423 -0.2533779 0.002242977 1.018503 -0.2533936 0.002065434 1.018575 -0.2534079 0.001884689 1.018639 -0.2534205 -0.0197306 1.005839 -0.2509034 -0.0231029 1.002598 -0.2502663 -0.01968853 1.006037 -0.2509423 -0.02329593 1.002554 -0.2502575 -0.01965851 1.006225 -0.2509794 -0.02353001 1.002512 -0.2502493 -0.01964355 1.006365 -0.2510069 -0.02104715 1.004869 -0.2507127 -0.02085254 1.005183 -0.2507746 -0.020942 1.005028 -0.250744 -0.0223594 1.003696 -0.2504821 -0.02253522 1.003604 -0.2504639 -0.02219547 1.003795 -0.2505015 -0.02077194 1.005344 -0.2508061 -0.02371557 1.002488 -0.2502445 -0.01963269 1.006505 -0.2510344 -0.02270255 1.003527 -0.2504489 -0.0228786 1.003458 -0.2504354 -0.02389879 1.002473 -0.2502416 -0.0206395 1.005672 -0.2508706 -0.02070097 1.005506 -0.250838 -0.02058324 1.005856 -0.2509069 -0.02115659 1.004721 -0.2506837 -0.01962704 1.006842 -0.2511007 -0.02411927 1.002465 -0.2502401 -0.02053862 1.006039 -0.2509427 -0.01963481 1.007024 -0.2511365 -0.0243095 1.002468 -0.2502406 -0.01965301 1.007212 -0.2511734 -0.02450894 1.002481 -0.2502431 -0.02324339 1.003348 -0.2504136 -0.02374043 1.003264 -0.2503972 -0.02305857 1.003399 -0.2504236 -0.02343056 1.003307 -0.2504057 -0.02355476 1.003287 -0.2504016 -0.0249301 0.9750395 -0.2448472 -0.01968081 1.007401 -0.2512106 -0.02393973 1.003251 -0.2503946 -0.02472957 1.002506 -0.2502481 -0.01971845 1.007592 -0.2512482 -0.02492545 1.002538 -0.2502545 -0.0251407 1.002586 -0.2502639 -0.02450774 1.00327 -0.2503982 -0.02460964 1.003282 -0.2504008 -0.02432409 1.003254 -0.2503953 -0.02046792 1.006969 -0.2511256 -0.02051763 1.007349 -0.2512004 -0.02048637 1.007159 -0.251163 -0.02046109 1.006776 -0.2510877 -0.0205595 1.00753 -0.251236 -0.01121218 1.016738 -0.2530467 -0.02061009 1.007704 -0.2512703 0.002741524 1.030772 -0.2558062 0.001667494 1.018705 -0.2534334 0.001486891 1.01875 -0.2534423 0.001290163 1.01879 -0.25345 0.001086213 1.018821 -0.2534563 0.0008369238 1.01885 -0.2534619 0.0007264376 1.018859 -0.2534636 -0.02074341 1.008047 -0.2513377 -0.02067366 1.007884 -0.2513055 -0.02046505 1.006594 -0.2510518 -0.02082543 1.008213 -0.2513702 -0.02091623 1.008372 -0.2514016 -0.02047923 1.006408 -0.2510154 -0.02101407 1.008524 -0.2514315 -0.02050487 1.006216 -0.2509776 -0.02127708 1.004574 -0.2506548 -0.02140641 1.004432 -0.2506269 -0.02499223 0.9762611 -0.2450874 -0.02499223 0.9774842 -0.2453279 -0.02153355 1.004307 -0.2506022 -0.02119038 1.008769 -0.2514797 -0.0216192 1.004229 -0.2505869 -0.02132978 1.008935 -0.2515123 -0.02951995 1.001334 -0.2500176 -0.01417615 1.016527 -0.2530051 -0.01137404 1.017495 -0.2531954 9.184166e-05 1.018859 -0.2534637 0.0003941356 1.018868 -0.2534655 -0.0001522997 1.018839 -0.2534597 -0.0003772779 1.018811 -0.2534542 0.0006157729 1.018864 -0.2534646 -0.02161127 1.009224 -0.2515691 -0.02188857 1.009453 -0.2516141 -0.02174731 1.009343 -0.2515925 -0.02220798 1.00966 -0.2516548 -0.02205035 1.009564 -0.251636 -0.02250246 1.00981 -0.2516842 -0.02237437 1.009749 -0.2516724 -0.0226796 1.009882 -0.2516985 -0.0249301 0.9787058 -0.2455681 -0.02302227 1.009991 -0.2517199 -0.02284177 1.009939 -0.2517097 -0.02320048 1.010031 -0.2517279 -0.02339537 1.010065 -0.2517344 -0.02362846 1.010087 -0.2517388 -0.0235092 1.010078 -0.251737 -0.02381406 1.010094 -0.2517401 -0.0005784255 1.018776 -0.2534474 -0.000772081 1.018734 -0.2534391 -0.0009981061 1.018674 -0.2534272 -0.00120462 1.018609 -0.2534144 -0.001373919 1.018547 -0.2534022 -0.02746922 1.006568 -0.2510468 -0.02493237 1.003336 -0.2504114 -0.02414206 1.003249 -0.2503941 -0.02472053 1.003299 -0.2504041 -0.02147762 1.009094 -0.2515436 -0.02394696 1.010092 -0.2517398 -0.02237393 1.010665 -0.2518524 -0.01990211 1.014083 -0.2525246 -0.0222062 1.0106 -0.2518396 -0.02254548 1.010722 -0.2518637 -0.02272038 1.010772 -0.2518736 -0.02289817 1.010815 -0.2518819 -0.02308948 1.010852 -0.2518892 -0.0209268 1.009739 -0.2516703 -0.02080364 1.009609 -0.2516448 -0.02106808 1.009873 -0.2516967 -0.02122486 1.010009 -0.2517234 -0.02137149 1.010124 -0.2517461 -0.02151821 1.010229 -0.2517668 -0.0216829 1.010335 -0.2517876 -0.02185188 1.010432 -0.2518066 -0.02202564 1.01052 -0.2518239 -0.0232929 1.010881 -0.251895 -0.02413679 1.010082 -0.2517378 -0.02744874 1.006962 -0.2511243 -0.02746384 1.006786 -0.2510897 -0.02431603 1.010063 -0.2517341 -0.02140249 1.009016 -0.2515282 -0.02351661 1.010904 -0.2518994 -0.02450362 1.010035 -0.2517285 -0.0237245 1.010915 -0.2519015 -0.02468697 1.009997 -0.2517211 -0.02742426 1.007152 -0.2511617 -0.02736203 1.007446 -0.2512195 -0.02740485 1.007261 -0.251183 -0.0282657 1.006568 -0.2510468 -0.02487406 1.009948 -0.2517114 -0.02393271 1.010916 -0.2519017 -0.02412226 1.010908 -0.2519001 -0.02717752 1.007969 -0.2513224 -0.02730777 1.007634 -0.2512565 -0.0272478 1.007803 -0.2512898 -0.02506366 1.009887 -0.2516994 -0.02534916 1.009772 -0.2516768 -0.02523418 1.009822 -0.2516867 -0.02171505 1.004147 -0.2505708 -0.02555148 1.009671 -0.251657 -0.02431784 1.01089 -0.2518967 -0.02709851 1.008133 -0.2513546 -0.0270104 1.008292 -0.2513859 -0.02586372 1.009484 -0.2516202 -0.02570919 1.009582 -0.2516395 -0.02679847 1.008608 -0.251448 -0.02690706 1.008457 -0.2514182 -0.02604775 1.009353 -0.2515944 -0.02451458 1.010863 -0.2518913 -0.02190352 1.003995 -0.2505409 -0.02617124 1.009255 -0.2515753 -0.02629154 1.009155 -0.2515554 -0.02668923 1.008747 -0.2514753 -0.02657108 1.008881 -0.2515016 -0.02642354 1.009032 -0.2515314 -0.03481322 1.001433 -0.250037 -0.03001995 1.000741 -0.249901 -0.02406561 0.9835164 -0.246514 -0.03422829 1.002126 -0.2501734 -0.03166418 1.005169 -0.2507717 -0.03043983 1.00159 -0.250068 -0.03107925 1.005862 -0.2509081 -0.027818 1.008483 -0.2514234 -0.02772054 1.008658 -0.2514578 -0.02790973 1.008299 -0.2513872 -0.02798389 1.00813 -0.2513539 -0.02804781 1.007961 -0.2513208 -0.02810744 1.007779 -0.2512849 -0.02815641 1.007601 -0.25125 -0.02819819 1.007416 -0.2512136 -0.02823037 1.007227 -0.2511764 -0.02825093 1.00705 -0.2511415 -0.02826416 1.006855 -0.2511032 -0.02826689 1.006711 -0.251075 -0.02480598 0.9799229 -0.2458074 -0.02462019 0.9811323 -0.2460452 -0.0243732 0.9823311 -0.246281 -0.01433481 1.016459 -0.2529918 -0.01918416 1.014388 -0.2525845 -0.02471377 1.010826 -0.251884 -0.02489634 1.010783 -0.2518757 -0.02507461 1.010732 -0.2518657 -0.02524994 1.010673 -0.2518541 -0.02545388 1.010594 -0.2518385 -0.02565622 1.010504 -0.2518208 -0.02583933 1.010412 -0.2518027 -0.02601506 1.010313 -0.2517833 -0.02619072 1.010204 -0.2517617 -0.0263568 1.01009 -0.2517395 -0.02652051 1.009974 -0.2517165 -0.02678057 1.009764 -0.2516753 -0.02696168 1.009602 -0.2516434 -0.02712182 1.009444 -0.2516123 -0.02725851 1.009294 -0.2515829 -0.02738787 1.009139 -0.2515524 -0.02751014 1.008978 -0.2515208 -0.02762479 1.008812 -0.2514881 -0.003596824 1.013537 -0.2524171 -0.003545366 1.013327 -0.2523758 -0.003485496 1.013125 -0.2523362 -0.00364253 1.013772 -0.2524634 -0.003675637 1.014003 -0.2525088 -0.003695759 1.014215 -0.2525506 0.009631524 1.013498 -0.2524096 0.009440763 1.01355 -0.2524197 0.009251573 1.013607 -0.2524309 0.008963666 1.013706 -0.2524505 0.008774997 1.013781 -0.2524652 0.008611082 1.013857 -0.25248 0.008442443 1.013946 -0.2524976 0.008343222 1.014005 -0.2525092 0.02707279 1.006373 -0.2510084 0.02243177 1.009862 -0.2516945 0.02211125 1.004822 -0.2507035 -0.01415372 1.014457 -0.2525981 -0.01995974 1.00833 -0.2513934 -0.02004068 1.008504 -0.2514275 -0.02014314 1.008699 -0.2514658 -0.02024372 1.00887 -0.2514994 -0.02031811 1.008985 -0.2515222 -0.02039922 1.009103 -0.2515453 -0.02056538 1.009329 -0.2515897 -0.01988956 1.008159 -0.2513597 -0.01982269 1.007971 -0.2513228 -0.01976589 1.007783 -0.2512857 -0.01675468 1.00891 -0.2515073 -0.009691806 0.939927 -0.2379427 -0.00975245 0.9397299 -0.237904 -0.009804608 0.9395306 -0.2378648 -0.009847873 0.9393293 -0.2378252 -0.00988669 0.9391064 -0.2377814 -0.009920757 0.9388826 -0.2377374 -0.009957291 0.9384365 -0.2376496 -0.009964037 0.9382129 -0.2376057 -0.001246147 0.9514081 -0.2452961 -6.71e-16 0.9513777 -0.2452901 -0.002489196 0.9514996 -0.2453141 -0.003726057 0.9516517 -0.245344 -0.004953654 0.9518641 -0.2453858 -0.006168935 0.9521362 -0.2454393 -0.007368879 0.9524675 -0.2455044 -0.008550504 0.9528571 -0.245581 -0.00971087 0.9533039 -0.2456689 -0.01084709 0.9538069 -0.2457678 -0.01195635 0.9543649 -0.2458775 -0.01303588 0.9549765 -0.2459978 -0.014083 0.9556401 -0.2461283 -0.01509511 0.9563541 -0.2462687 -0.01606969 0.9571166 -0.2464186 -0.01700432 0.957926 -0.2465777 -0.01789667 0.95878 -0.2467457 -0.01874453 0.9596766 -0.246922 -0.01954579 0.9606136 -0.2471062 -0.02029845 0.9615886 -0.2472979 -0.02100065 0.9625991 -0.2474967 -0.02165063 0.9636428 -0.2477019 -0.0222468 0.964717 -0.2479131 -0.02278765 0.965819 -0.2481298 -0.02327184 0.966946 -0.2483514 -0.02369818 0.9680954 -0.2485774 -0.02406561 0.9692642 -0.2488073 -0.0243732 0.9704495 -0.2490403 -0.02462019 0.9716483 -0.2492761 -0.02480598 0.9728577 -0.2495139 -0.0249301 0.9740748 -0.2497532 -0.02499223 0.9752964 -0.2499934 -0.02499223 0.9765195 -0.2502339 -0.0249301 0.9777411 -0.2504741 -0.02480598 0.9789581 -0.2507134 -0.02462019 0.9801675 -0.2509513 -0.0243732 0.9813664 -0.251187 -0.02406561 0.9825517 -0.2514201 -0.02369818 0.9837205 -0.2516499 -0.02327184 0.9848698 -0.2518759 -0.02278765 0.9859969 -0.2520975 -0.0222468 0.9870989 -0.2523142 -0.02165063 0.988173 -0.2525254 -0.02100065 0.9892167 -0.2527307 -0.02029845 0.9902273 -0.2529294 -0.01954579 0.9912023 -0.2531211 -0.01874453 0.9921392 -0.2533053 -0.01789667 0.9930358 -0.2534816 -0.01700432 0.9938899 -0.2536496 -0.01606969 0.9946992 -0.2538087 -0.01509511 0.9954618 -0.2539587 -0.014083 0.9961758 -0.2540991 -0.01303588 0.9968394 -0.2542296 -0.01195635 0.9974509 -0.2543498 -0.01084709 0.9980089 -0.2544595 -0.00971087 0.998512 -0.2545585 -0.008550504 0.9989588 -0.2546463 -0.007368879 0.9993484 -0.2547229 -0.006168935 0.9996796 -0.2547881 -0.004953654 0.9999518 -0.2548416 -0.003726057 1.000164 -0.2548833 -0.002489196 1.000316 -0.2549133 -0.001246147 1.000408 -0.2549312 -6.74e-16 1.000438 -0.2549372 0.025 0.9527283 -0.2384216 0.002741524 0.9233591 -0.2326466 0.005476232 0.9235601 -0.2326861 0.008197325 0.9238947 -0.2327519 0.01089804 0.924362 -0.2328438 0.01357166 0.9249608 -0.2329615 0.01621153 0.9256896 -0.2331048 0.01881111 0.9265466 -0.2332733 0.02136391 0.9275296 -0.2334667 0.02386361 0.9286364 -0.2336843 0.02630397 0.929864 -0.2339257 0.02867894 0.9312094 -0.2341902 0.0309826 0.9326693 -0.2344773 0.03320924 0.9342401 -0.2347862 0.03535332 0.9359177 -0.2351161 0.0374095 0.9376982 -0.2354662 0.03937268 0.9395771 -0.2358356 0.04123796 0.9415496 -0.2362235 0.04300073 0.9436109 -0.2366288 0.04465659 0.9457559 -0.2370506 0.04620143 0.9479792 -0.2374878 0.0476314 0.9502753 -0.2379393 0.04894295 0.9526384 -0.238404 0.05013282 0.9550628 -0.2388807 0.05119806 0.9575423 -0.2393683 0.05213601 0.9600709 -0.2398655 0.05294433 0.9626422 -0.2403711 0.05362104 0.9652498 -0.2408839 0.05416442 0.9678873 -0.2414025 0.05457316 0.9705481 -0.2419257 0.05484621 0.9732256 -0.2424522 0.05498291 0.9759131 -0.2429806 0.025 1.001789 -0.2480688 0.05498291 0.9786039 -0.2435098 0.05484621 0.9812914 -0.2440382 0.05457316 0.9839689 -0.2445647 0.05416442 0.9866297 -0.2450879 0.05362104 0.9892672 -0.2456066 0.05294433 0.9918749 -0.2461193 0.05213601 0.9944462 -0.2466249 0.05119806 0.9969747 -0.2471221 0.05013282 0.9994543 -0.2476097 0.04894295 1.001879 -0.2480864 0.0476314 1.004242 -0.2485511 0.04620143 1.006538 -0.2490026 0.04465659 1.008761 -0.2494398 0.04300073 1.010906 -0.2498616 0.04123796 1.012967 -0.2502669 0.03937268 1.01494 -0.2506548 -0.025 0.9527283 -0.2384216 0.0374095 1.016819 -0.2510242 0.03535332 1.018599 -0.2513743 0.03320924 1.020277 -0.2517042 0.0309826 1.021848 -0.2520131 0.02867894 1.023308 -0.2523002 0.01 1.011601 -0.2499982 0.01 1.001789 -0.2480688 0.009987569 1.01209 -0.2500943 0.009950308 1.012578 -0.2501903 0.02630397 1.024653 -0.2525647 0.009888309 1.013063 -0.2502857 0.009801724 1.013545 -0.2503805 0.02386361 1.025881 -0.2528061 0.009690773 1.014022 -0.2504743 0.009555728 1.014493 -0.2505669 0.009396926 1.014957 -0.2506581 0.02136391 1.026987 -0.2530237 0.009214762 1.015412 -0.2507476 0.009009688 1.015858 -0.2508353 0.01881111 1.02797 -0.253217 0.008782216 1.016294 -0.2509209 0.008532908 1.016717 -0.2510042 0.008262387 1.017128 -0.2510851 0.01621153 1.028828 -0.2533856 0.007971325 1.017525 -0.2511632 0.007660444 1.017908 -0.2512384 0.01357166 1.029556 -0.2535289 0.007330519 1.018275 -0.2513105 0.006982368 1.018625 -0.2513794 0.006616858 1.018958 -0.2514448 0.01089804 1.030155 -0.2536466 0.006234898 1.019272 -0.2515067 0.005837437 1.019568 -0.2515647 0.005425463 1.019843 -0.2516189 0.008197325 1.030622 -0.2537385 0.005 1.020098 -0.2516691 0.004562107 1.020332 -0.2517151 0.004112871 1.020545 -0.2517569 0.005476232 1.030957 -0.2538043 0.00365341 1.020735 -0.2517942 0.003184866 1.020902 -0.2518271 0.002708405 1.021046 -0.2518555 0.002225209 1.021167 -0.2518792 -0.025 1.001789 -0.2480688 -0.01 1.001789 -0.2480688 -0.01 1.011601 -0.2499982 -0.009987569 1.01209 -0.2500943 -0.009950308 1.012578 -0.2501903 0.002741524 1.031158 -0.2538438 0.001736482 1.021264 -0.2518983 0.001243437 1.021337 -0.2519126 0.0007473009 1.021386 -0.2519222 0.0002493069 1.02141 -0.251927 -0.0002493069 1.02141 -0.251927 -0.0007473009 1.021386 -0.2519222 -0.001243437 1.021337 -0.2519126 -0.001736482 1.021264 -0.2518983 -0.002225209 1.021167 -0.2518792 -0.002708405 1.021046 -0.2518555 -0.003184866 1.020902 -0.2518271 -0.00365341 1.020735 -0.2517942 -0.004112871 1.020545 -0.2517569 -0.004562107 1.020332 -0.2517151 -0.005 1.020098 -0.2516691 -0.005425463 1.019843 -0.2516189 -0.005837437 1.019568 -0.2515647 -0.006234898 1.019272 -0.2515067 -0.006616858 1.018958 -0.2514448 -0.006982368 1.018625 -0.2513794 -0.007330519 1.018275 -0.2513105 -0.007660444 1.017908 -0.2512384 -0.007971325 1.017525 -0.2511632 -0.008262387 1.017128 -0.2510851 -0.008532908 1.016717 -0.2510042 -0.008782216 1.016294 -0.2509209 -0.009009688 1.015858 -0.2508353 -0.009214762 1.015412 -0.2507476 -0.009396926 1.014957 -0.2506581 -0.009555728 1.014493 -0.2505669 -0.009690773 1.014022 -0.2504743 -0.009801724 1.013545 -0.2503805 -0.009888309 1.013063 -0.2502857 0.01789667 0.95878 -0.2467457 0.0149638 0.9600838 -0.2470021 0.01574907 0.9608353 -0.2471498 0.01700432 0.957926 -0.2465777 0.01649519 0.9616244 -0.247305 0.01874453 0.9596766 -0.246922 0.01954579 0.9606136 -0.2471062 0.01606969 0.9571166 -0.2464186 0.01414133 0.9593716 -0.246862 0.01720029 0.9624489 -0.2474671 0.0132837 0.9587005 -0.2467301 0.01509511 0.9563541 -0.2462687 0.01786264 0.9633069 -0.2476358 0.02029845 0.9615886 -0.2472979 0.01239304 0.9580722 -0.2466065 0.014083 0.9556401 -0.2461283 0.01848057 0.9641962 -0.2478107 0.02100065 0.9625991 -0.2474967 0.01147157 0.9574883 -0.2464917 0.01303588 0.9549765 -0.2459978 0.01905256 0.9651146 -0.2479913 0.02165063 0.9636428 -0.2477019 0.01052159 0.9569501 -0.2463858 0.01195635 0.9543649 -0.2458775 0.01957718 0.9660599 -0.2481772 0.0222468 0.964717 -0.2479131 0.02278765 0.965819 -0.2481298 0.009545443 0.956459 -0.2462893 0.01084709 0.9538069 -0.2457678 0.02005313 0.9670296 -0.2483679 0.008545566 0.9560164 -0.2462023 0.008550504 0.9528571 -0.245581 0.00971087 0.9533039 -0.2456689 0.02047922 0.9680214 -0.2485629 0.02327184 0.966946 -0.2483514 0.007524443 0.9556232 -0.2461249 0.0208544 0.9690329 -0.2487618 0.02369818 0.9680954 -0.2485774 0.006484614 0.9552803 -0.2460575 0.007368879 0.9524675 -0.2455044 0.02117773 0.9700614 -0.248964 0.02406561 0.9692642 -0.2488073 0.0243732 0.9704495 -0.2490403 0.005428663 0.9549888 -0.2460002 0.004953654 0.9518641 -0.2453858 0.006168935 0.9521362 -0.2454393 0.02144841 0.9711044 -0.2491691 0.004359215 0.9547493 -0.2459531 0.02166577 0.9721594 -0.2493766 0.02462019 0.9716483 -0.2492761 0.02480598 0.9728577 -0.2495139 0.00327893 0.9545624 -0.2459164 0.003726057 0.9516517 -0.245344 0.02182926 0.9732238 -0.2495859 0.0249301 0.9740748 -0.2497532 0.001246147 0.9514081 -0.2452961 0.002190493 0.9544286 -0.24589 0.002489196 0.9514996 -0.2453141 0.02193848 0.9742947 -0.2497965 0.001096609 0.9543481 -0.2458742 0.02199316 0.9753698 -0.2500078 0.02499223 0.9752964 -0.2499934 0.02499223 0.9765195 -0.2502339 -6.71e-16 0.9543213 -0.2458689 0.02199316 0.9764461 -0.2502195 -0.001096609 0.9543481 -0.2458742 0.02193848 0.9775211 -0.2504309 0.0249301 0.9777411 -0.2504741 -0.002190493 0.9544286 -0.24589 0.02182926 0.9785921 -0.2506415 0.02480598 0.9789581 -0.2507134 -0.00327893 0.9545624 -0.2459164 0.02166577 0.9796564 -0.2508508 0.02462019 0.9801675 -0.2509513 0.0243732 0.9813664 -0.251187 -0.004359215 0.9547493 -0.2459531 0.02144841 0.9807114 -0.2510582 -0.005428663 0.9549888 -0.2460002 0.02117773 0.9817545 -0.2512633 0.02406561 0.9825517 -0.2514201 -0.006484614 0.9552803 -0.2460575 0.0208544 0.982783 -0.2514656 0.02369818 0.9837205 -0.2516499 -0.007524443 0.9556232 -0.2461249 0.02047922 0.9837944 -0.2516644 0.02327184 0.9848698 -0.2518759 -0.008545566 0.9560164 -0.2462023 0.02005313 0.9847863 -0.2518595 0.02278765 0.9859969 -0.2520975 -0.009545443 0.956459 -0.2462893 0.01957718 0.985756 -0.2520502 0.0222468 0.9870989 -0.2523142 -0.01052159 0.9569501 -0.2463858 0.01905256 0.9867012 -0.252236 0.02165063 0.988173 -0.2525254 -0.01147157 0.9574883 -0.2464917 0.01848057 0.9876197 -0.2524166 0.02100065 0.9892167 -0.2527307 -0.01239304 0.9580722 -0.2466065 0.01786264 0.988509 -0.2525915 0.02029845 0.9902273 -0.2529294 -0.0132837 0.9587005 -0.2467301 0.01720029 0.9893669 -0.2527602 0.01954579 0.9912023 -0.2531211 -0.01414133 0.9593716 -0.246862 0.01649519 0.9901915 -0.2529223 0.01874453 0.9921392 -0.2533053 -0.0149638 0.9600838 -0.2470021 0.01574907 0.9909805 -0.2530775 0.01789667 0.9930358 -0.2534816 -0.01574907 0.9608353 -0.2471498 0.01700432 0.9938899 -0.2536496 0.0149638 0.9917321 -0.2532253 -0.01649519 0.9616244 -0.247305 0.01414133 0.9924442 -0.2533653 0.01606969 0.9946992 -0.2538087 -0.01720029 0.9624489 -0.2474671 0.0132837 0.9931154 -0.2534973 0.01509511 0.9954618 -0.2539587 -0.01786264 0.9633069 -0.2476358 -0.01848057 0.9641962 -0.2478107 0.014083 0.9961758 -0.2540991 0.01239304 0.9937437 -0.2536208 -0.01905256 0.9651146 -0.2479913 0.01303588 0.9968394 -0.2542296 0.01147157 0.9943276 -0.2537357 0.01052159 0.9948658 -0.2538415 -0.01957718 0.9660599 -0.2481772 0.01195635 0.9974509 -0.2543498 0.01084709 0.9980089 -0.2544595 0.009545443 0.9953568 -0.253938 -0.02005313 0.9670296 -0.2483679 -0.02047922 0.9680214 -0.2485629 0.00971087 0.998512 -0.2545585 0.008545566 0.9957995 -0.2540251 0.007524443 0.9961927 -0.2541024 0.008550504 0.9989588 -0.2546463 0.006484614 0.9965355 -0.2541698 -0.0208544 0.9690329 -0.2487618 -0.02117773 0.9700614 -0.248964 0.005428663 0.996827 -0.2542271 0.007368879 0.9993484 -0.2547229 0.006168935 0.9996796 -0.2547881 -0.02144841 0.9711044 -0.2491691 0.004359215 0.9970665 -0.2542742 0.004953654 0.9999518 -0.2548416 -0.02166577 0.9721594 -0.2493766 0.00327893 0.9972534 -0.254311 0.003726057 1.000164 -0.2548833 0.002190493 0.9973873 -0.2543373 -0.02182926 0.9732238 -0.2495859 -0.02193848 0.9742947 -0.2497965 0.002489196 1.000316 -0.2549133 0.001246147 1.000408 -0.2549312 0.001096609 0.9974677 -0.2543531 -0.02199316 0.9753698 -0.2500078 -0.001096609 0.9974677 -0.2543531 -6.74e-16 0.9974946 -0.2543584 -0.02199316 0.9764461 -0.2502195 -0.02193848 0.9775211 -0.2504309 -0.002190493 0.9973873 -0.2543373 -0.00327893 0.9972534 -0.254311 -0.02182926 0.9785921 -0.2506415 -0.02166577 0.9796564 -0.2508508 -0.004359215 0.9970665 -0.2542742 -0.02144841 0.9807114 -0.2510582 -0.005428663 0.996827 -0.2542271 -0.006484614 0.9965355 -0.2541698 -0.02117773 0.9817545 -0.2512633 -0.007524443 0.9961927 -0.2541024 -0.0208544 0.982783 -0.2514656 -0.02047922 0.9837944 -0.2516644 -0.008545566 0.9957995 -0.2540251 -0.02005313 0.9847863 -0.2518595 -0.009545443 0.9953568 -0.253938 -0.01957718 0.985756 -0.2520502 -0.01052159 0.9948658 -0.2538415 -0.01147157 0.9943276 -0.2537357 -0.01905256 0.9867012 -0.252236 -0.01848057 0.9876197 -0.2524166 -0.01239304 0.9937437 -0.2536208 -0.01786264 0.988509 -0.2525915 -0.0132837 0.9931154 -0.2534973 -0.01720029 0.9893669 -0.2527602 -0.01414133 0.9924442 -0.2533653 -0.01649519 0.9901915 -0.2529223 -0.01574907 0.9909805 -0.2530775 -0.0149638 0.9917321 -0.2532253 -0.001096609 0.9518399 -0.2586299 -6.71e-16 0.951813 -0.2586247 -0.002190493 0.9519203 -0.2586458 -0.00327893 0.9520541 -0.2586721 -0.004359215 0.9522411 -0.2587088 -0.005428663 0.9524806 -0.2587559 -0.006484614 0.9527721 -0.2588133 -0.007524443 0.9531149 -0.2588806 -0.008545566 0.9535081 -0.258958 -0.009545443 0.9539508 -0.259045 -0.01052159 0.9544418 -0.2591416 -0.01147157 0.95498 -0.2592474 -0.01239304 0.955564 -0.2593622 -0.0132837 0.9561923 -0.2594858 -0.01414133 0.9568633 -0.2596177 -0.0149638 0.9575756 -0.2597578 -0.01574907 0.9583271 -0.2599056 -0.01649519 0.9591161 -0.2600607 -0.01720029 0.9599406 -0.2602228 -0.01786264 0.9607986 -0.2603916 -0.01848057 0.9616879 -0.2605664 -0.01905256 0.9626064 -0.260747 -0.01957718 0.9635516 -0.2609329 -0.02005313 0.9645214 -0.2611236 -0.02047922 0.9655132 -0.2613186 -0.0208544 0.9665247 -0.2615175 -0.02117773 0.9675532 -0.2617198 -0.02144841 0.9685962 -0.2619249 -0.02166577 0.9696512 -0.2621323 -0.02182926 0.9707155 -0.2623416 -0.02193848 0.9717865 -0.2625522 -0.02199316 0.9728615 -0.2627636 -0.02199316 0.9739379 -0.2629752 -0.02193848 0.9750129 -0.2631866 -0.02182926 0.9760839 -0.2633972 -0.02166577 0.9771481 -0.2636065 -0.02144841 0.9782031 -0.2638139 -0.02117773 0.9792462 -0.264019 -0.0208544 0.9802747 -0.2642213 -0.02047922 0.9812861 -0.2644202 -0.02005313 0.982278 -0.2646152 -0.01957718 0.9832477 -0.2648059 -0.01905256 0.984193 -0.2649918 -0.01848057 0.9851115 -0.2651724 -0.01786264 0.9860007 -0.2653472 -0.01720029 0.9868587 -0.2655159 -0.01649519 0.9876832 -0.2656781 -0.01574907 0.9884722 -0.2658332 -0.0149638 0.9892238 -0.265981 -0.01414133 0.989936 -0.2661211 -0.0132837 0.9906071 -0.266253 -0.01239304 0.9912354 -0.2663766 -0.01147157 0.9918193 -0.2664914 -0.01052159 0.9923575 -0.2665972 -0.009545443 0.9928486 -0.2666938 -0.008545566 0.9932913 -0.2667808 -0.007524443 0.9936844 -0.2668581 -0.006484614 0.9940273 -0.2669255 -0.005428663 0.9943188 -0.2669829 -0.004359215 0.9945583 -0.26703 -0.00327893 0.9947452 -0.2670667 -0.002190493 0.994879 -0.267093 -0.001096609 0.9949595 -0.2671089 -6.74e-16 0.9949863 -0.2671141 0.0149638 0.9575756 -0.2597578 0.01700432 0.9554177 -0.2593335 0.01789667 0.9562717 -0.2595014 0.01574907 0.9583271 -0.2599056 0.01649519 0.9591161 -0.2600607 0.01874453 0.9571683 -0.2596777 0.01414133 0.9568633 -0.2596177 0.01509511 0.9538458 -0.2590244 0.01606969 0.9546084 -0.2591743 0.01720029 0.9599406 -0.2602228 0.01954579 0.9581053 -0.259862 0.02029845 0.9590803 -0.2600537 0.0132837 0.9561923 -0.2594858 0.01786264 0.9607986 -0.2603916 0.01239304 0.955564 -0.2593622 0.014083 0.9531318 -0.258884 0.01848057 0.9616879 -0.2605664 0.02100065 0.9600909 -0.2602524 0.02165063 0.9611346 -0.2604576 0.01147157 0.95498 -0.2592474 0.01195635 0.9518567 -0.2586332 0.01303588 0.9524683 -0.2587535 0.01905256 0.9626064 -0.260747 0.01052159 0.9544418 -0.2591416 0.01957718 0.9635516 -0.2609329 0.0222468 0.9622087 -0.2606689 0.02278765 0.9633107 -0.2608855 0.009545443 0.9539508 -0.259045 0.01084709 0.9512987 -0.2585235 0.02005313 0.9645214 -0.2611236 0.02327184 0.9644377 -0.2611071 0.008545566 0.9535081 -0.258958 0.00971087 0.9507957 -0.2584246 0.02047922 0.9655132 -0.2613186 0.007524443 0.9531149 -0.2588806 0.007368879 0.9499592 -0.2582601 0.008550504 0.9503488 -0.2583367 0.0208544 0.9665247 -0.2615175 0.02369818 0.9655871 -0.2613332 0.02406561 0.9667559 -0.261563 0.006484614 0.9527721 -0.2588133 0.02117773 0.9675532 -0.2617198 0.005428663 0.9524806 -0.2587559 0.004953654 0.9493558 -0.2581415 0.006168935 0.949628 -0.258195 0.02144841 0.9685962 -0.2619249 0.0243732 0.9679412 -0.2617961 0.02462019 0.9691401 -0.2620318 0.004359215 0.9522411 -0.2587088 0.02166577 0.9696512 -0.2621323 0.00327893 0.9520541 -0.2586721 0.002489196 0.9489913 -0.2580698 0.003726057 0.9491434 -0.2580997 0.02182926 0.9707155 -0.2623416 0.02480598 0.9703495 -0.2622696 0.002190493 0.9519203 -0.2586458 0.001246147 0.9488999 -0.2580518 0.02193848 0.9717865 -0.2625522 0.0249301 0.9715665 -0.2625089 0.02499223 0.9727881 -0.2627491 0.001096609 0.9518399 -0.2586299 0.02199316 0.9728615 -0.2627636 -6.71e-16 0.9488694 -0.2580458 0.02199316 0.9739379 -0.2629752 0.02499223 0.9740112 -0.2629897 0.0249301 0.9752328 -0.2632299 -0.001246147 0.9488999 -0.2580518 0.02193848 0.9750129 -0.2631866 -0.003726057 0.9491434 -0.2580997 -0.002489196 0.9489913 -0.2580698 0.02182926 0.9760839 -0.2633972 0.02480598 0.9764499 -0.2634692 0.02462019 0.9776593 -0.263707 0.02166577 0.9771481 -0.2636065 0.0243732 0.9788582 -0.2639427 -0.004953654 0.9493558 -0.2581415 0.02144841 0.9782031 -0.2638139 -0.007368879 0.9499592 -0.2582601 -0.006168935 0.949628 -0.258195 0.02117773 0.9792462 -0.264019 0.02406561 0.9800435 -0.2641758 0.0208544 0.9802747 -0.2642213 0.02369818 0.9812122 -0.2644056 -0.008550504 0.9503488 -0.2583367 0.02047922 0.9812861 -0.2644202 0.02327184 0.9823616 -0.2646317 -0.00971087 0.9507957 -0.2584246 -0.01084709 0.9512987 -0.2585235 0.02005313 0.982278 -0.2646152 0.02278765 0.9834886 -0.2648533 0.0222468 0.9845906 -0.2650699 0.01957718 0.9832477 -0.2648059 0.02165063 0.9856648 -0.2652812 -0.01195635 0.9518567 -0.2586332 -0.01303588 0.9524683 -0.2587535 0.01905256 0.984193 -0.2649918 0.01848057 0.9851115 -0.2651724 0.02100065 0.9867085 -0.2654864 -0.014083 0.9531318 -0.258884 0.01786264 0.9860007 -0.2653472 0.02029845 0.9877191 -0.2656851 -0.01509511 0.9538458 -0.2590244 0.01954579 0.988694 -0.2658768 0.01720029 0.9868587 -0.2655159 -0.01606969 0.9546084 -0.2591743 0.01649519 0.9876832 -0.2656781 0.01874453 0.989631 -0.2660611 -0.01700432 0.9554177 -0.2593335 0.01574907 0.9884722 -0.2658332 0.01789667 0.9905276 -0.2662374 -0.01789667 0.9562717 -0.2595014 0.0149638 0.9892238 -0.265981 0.01700432 0.9913817 -0.2664053 -0.01874453 0.9571683 -0.2596777 0.01414133 0.989936 -0.2661211 0.01606969 0.9921909 -0.2665645 -0.01954579 0.9581053 -0.259862 0.01509511 0.9929536 -0.2667144 0.0132837 0.9906071 -0.266253 -0.02029845 0.9590803 -0.2600537 0.014083 0.9936675 -0.2668548 0.01239304 0.9912354 -0.2663766 -0.02100065 0.9600909 -0.2602524 0.01303588 0.9943311 -0.2669853 0.01147157 0.9918193 -0.2664914 -0.02165063 0.9611346 -0.2604576 0.01195635 0.9949427 -0.2671056 0.01052159 0.9923575 -0.2665972 0.009545443 0.9928486 -0.2666938 -0.0222468 0.9622087 -0.2606689 0.01084709 0.9955007 -0.2672153 -0.02278765 0.9633107 -0.2608855 0.00971087 0.9960037 -0.2673142 0.008545566 0.9932913 -0.2667808 -0.02327184 0.9644377 -0.2611071 0.008550504 0.9964506 -0.2674021 0.007524443 0.9936844 -0.2668581 -0.02369818 0.9655871 -0.2613332 0.007368879 0.9968401 -0.2674787 0.006484614 0.9940273 -0.2669255 -0.02406561 0.9667559 -0.261563 0.006168935 0.9971714 -0.2675438 0.005428663 0.9943188 -0.2669829 -0.0243732 0.9679412 -0.2617961 0.004953654 0.9974435 -0.2675973 0.004359215 0.9945583 -0.26703 0.00327893 0.9947452 -0.2670667 -0.02462019 0.9691401 -0.2620318 0.003726057 0.9976559 -0.2676391 -0.02480598 0.9703495 -0.2622696 0.002489196 0.997808 -0.267669 0.002190493 0.994879 -0.267093 -0.0249301 0.9715665 -0.2625089 0.001246147 0.9978994 -0.267687 0.001096609 0.9949595 -0.2671089 -0.02499223 0.9727881 -0.2627491 -6.74e-16 0.9979299 -0.267693 -0.02499223 0.9740112 -0.2629897 -0.001246147 0.9978994 -0.267687 -0.0249301 0.9752328 -0.2632299 -0.002489196 0.997808 -0.267669 -0.02480598 0.9764499 -0.2634692 -0.003726057 0.9976559 -0.2676391 -0.02462019 0.9776593 -0.263707 -0.004953654 0.9974435 -0.2675973 -0.0243732 0.9788582 -0.2639427 -0.006168935 0.9971714 -0.2675438 -0.02406561 0.9800435 -0.2641758 -0.007368879 0.9968401 -0.2674787 -0.02369818 0.9812122 -0.2644056 -0.008550504 0.9964506 -0.2674021 -0.02327184 0.9823616 -0.2646317 -0.00971087 0.9960037 -0.2673142 -0.02278765 0.9834886 -0.2648533 -0.01084709 0.9955007 -0.2672153 -0.0222468 0.9845906 -0.2650699 -0.01195635 0.9949427 -0.2671056 -0.02165063 0.9856648 -0.2652812 -0.01303588 0.9943311 -0.2669853 -0.02100065 0.9867085 -0.2654864 -0.014083 0.9936675 -0.2668548 -0.02029845 0.9877191 -0.2656851 -0.01509511 0.9929536 -0.2667144 -0.01954579 0.988694 -0.2658768 -0.01606969 0.9921909 -0.2665645 -0.01874453 0.989631 -0.2660611 -0.01700432 0.9913817 -0.2664053 -0.01789667 0.9905276 -0.2662374 -0.001246147 0.9469705 -0.267864 -6.71e-16 0.94694 -0.2678579 -0.002489196 0.9470619 -0.2678819 -0.003726057 0.947214 -0.2679118 -0.004953654 0.9474264 -0.2679536 -0.006168935 0.9476985 -0.2680071 -0.007368879 0.9480298 -0.2680722 -0.008550504 0.9484194 -0.2681488 -0.00971087 0.9488662 -0.2682367 -0.01084709 0.9493693 -0.2683356 -0.01195635 0.9499272 -0.2684453 -0.01303588 0.9505388 -0.2685656 -0.014083 0.9512024 -0.2686961 -0.01509511 0.9519164 -0.2688365 -0.01606969 0.952679 -0.2689865 -0.01700432 0.9534883 -0.2691456 -0.01789667 0.9543423 -0.2693135 -0.01874453 0.955239 -0.2694898 -0.01954579 0.9561759 -0.2696741 -0.02029845 0.9571509 -0.2698658 -0.02100065 0.9581614 -0.2700645 -0.02165063 0.9592051 -0.2702697 -0.0222468 0.9602793 -0.270481 -0.02278765 0.9613813 -0.2706976 -0.02327184 0.9625084 -0.2709193 -0.02369818 0.9636577 -0.2711453 -0.02406561 0.9648265 -0.2713751 -0.0243732 0.9660118 -0.2716082 -0.02462019 0.9672106 -0.2718439 -0.02480598 0.9684201 -0.2720817 -0.0249301 0.9696371 -0.272321 -0.02499223 0.9708587 -0.2725612 -0.02499223 0.9720818 -0.2728018 -0.0249301 0.9733034 -0.273042 -0.02480598 0.9745204 -0.2732813 -0.02462019 0.9757299 -0.2735191 -0.0243732 0.9769288 -0.2737549 -0.02406561 0.978114 -0.2739879 -0.02369818 0.9792828 -0.2742177 -0.02327184 0.9804322 -0.2744438 -0.02278765 0.9815593 -0.2746654 -0.0222468 0.9826612 -0.274882 -0.02165063 0.9837354 -0.2750933 -0.02100065 0.9847791 -0.2752985 -0.02029845 0.9857896 -0.2754972 -0.01954579 0.9867646 -0.2756889 -0.01874453 0.9877016 -0.2758732 -0.01789667 0.9885982 -0.2760495 -0.01700432 0.9894522 -0.2762174 -0.01606969 0.9902615 -0.2763766 -0.01509511 0.9910241 -0.2765265 -0.014083 0.9917381 -0.2766669 -0.01303588 0.9924017 -0.2767974 -0.01195635 0.9930132 -0.2769177 -0.01084709 0.9935712 -0.2770274 -0.00971087 0.9940743 -0.2771263 -0.008550504 0.9945212 -0.2772142 -0.007368879 0.9949107 -0.2772908 -0.006168935 0.9952419 -0.2773559 -0.004953654 0.9955142 -0.2774094 -0.003726057 0.9957265 -0.2774512 -0.002489196 0.9958786 -0.2774811 -0.001246147 0.99597 -0.2774991 -6.74e-16 0.9960005 -0.2775051 0.01700432 0.9534883 -0.2691456 0.02720691 0.9426992 -0.267024 0.02863467 0.9440656 -0.2672927 0.01789667 0.9543423 -0.2693135 0.01874453 0.955239 -0.2694898 0.02999125 0.9455001 -0.2675748 0.01606969 0.952679 -0.2689865 0.0257115 0.9414042 -0.2667694 0.01954579 0.9561759 -0.2696741 0.03127326 0.9469993 -0.2678696 0.01509511 0.9519164 -0.2688365 0.0225328 0.9390417 -0.2663048 0.02415218 0.9401841 -0.2665295 0.02029845 0.9571509 -0.2698658 0.03247752 0.9485593 -0.2681764 0.014083 0.9512024 -0.2686961 0.02100065 0.9581614 -0.2700645 0.03360104 0.9501762 -0.2684943 0.01303588 0.9505388 -0.2685656 0.02085741 0.93798 -0.2660961 0.02165063 0.9592051 -0.2702697 0.03464102 0.9518461 -0.2688227 0.03559487 0.9535647 -0.2691606 0.01195635 0.9499272 -0.2684453 0.01735535 0.9361086 -0.2657281 0.01913016 0.9370015 -0.2659037 0.0222468 0.9602793 -0.270481 0.01084709 0.9493693 -0.2683356 0.01553739 0.9353038 -0.2655698 0.02278765 0.9613813 -0.2706976 0.03646024 0.9553279 -0.2695073 0.03723495 0.9571312 -0.2698619 0.00971087 0.9488662 -0.2682367 0.02327184 0.9625084 -0.2709193 0.008550504 0.9484194 -0.2681488 0.01179021 0.9339656 -0.2653067 0.01368081 0.9345888 -0.2654292 0.02369818 0.9636577 -0.2711453 0.0379171 0.9589702 -0.2702235 0.007368879 0.9480298 -0.2680722 0.009870296 0.9334355 -0.2652025 0.02406561 0.9648265 -0.2713751 0.03850497 0.9608402 -0.2705912 0.006168935 0.9476985 -0.2680071 0.0243732 0.9660118 -0.2716082 0.03899712 0.9627367 -0.2709641 0.004953654 0.9474264 -0.2679536 0.00596169 0.9326602 -0.26505 0.007925846 0.9330001 -0.2651168 0.02462019 0.9672106 -0.2718439 0.03939231 0.9646548 -0.2713413 0.03968957 0.96659 -0.2717219 0.003726057 0.947214 -0.2679118 0.02480598 0.9684201 -0.2720817 0.002489196 0.9470619 -0.2678819 0.003982714 0.9324169 -0.2650022 0.0249301 0.9696371 -0.272321 0.03988815 0.9685372 -0.2721048 0.001246147 0.9469705 -0.267864 0.001993835 0.9322706 -0.2649734 0.02499223 0.9708587 -0.2725612 0.03998757 0.9704918 -0.2724891 0.03998757 0.9724487 -0.2728739 -6.76e-16 0.9322219 -0.2649638 0.02499223 0.9720818 -0.2728018 0.03988815 0.9744033 -0.2732582 -0.001993835 0.9322706 -0.2649734 0.0249301 0.9733034 -0.273042 0.03968957 0.9763505 -0.2736411 -0.00596169 0.9326602 -0.26505 -0.003982714 0.9324169 -0.2650022 0.02480598 0.9745204 -0.2732813 0.03939231 0.9782856 -0.2740217 0.02462019 0.9757299 -0.2735191 -0.007925846 0.9330001 -0.2651168 0.0243732 0.9769288 -0.2737549 0.03899712 0.9802039 -0.2743988 -0.009870296 0.9334355 -0.2652025 0.02406561 0.978114 -0.2739879 0.03850497 0.9821003 -0.2747718 -0.01179021 0.9339656 -0.2653067 0.02369818 0.9792828 -0.2742177 0.0379171 0.9839703 -0.2751395 -0.01368081 0.9345888 -0.2654292 0.02327184 0.9804322 -0.2744438 0.03723495 0.9858093 -0.2755011 -0.01553739 0.9353038 -0.2655698 0.02278765 0.9815593 -0.2746654 0.03646024 0.9876126 -0.2758557 -0.01735535 0.9361086 -0.2657281 0.0222468 0.9826612 -0.274882 0.03559487 0.9893758 -0.2762024 -0.01913016 0.9370015 -0.2659037 0.02165063 0.9837354 -0.2750933 0.03464102 0.9910945 -0.2765403 -0.02085741 0.93798 -0.2660961 0.02100065 0.9847791 -0.2752985 0.03360104 0.9927643 -0.2768687 -0.0225328 0.9390417 -0.2663048 0.02029845 0.9857896 -0.2754972 0.03247752 0.9943813 -0.2771866 0.03127326 0.9959412 -0.2774934 -0.02415218 0.9401841 -0.2665295 0.01954579 0.9867646 -0.2756889 -0.0257115 0.9414042 -0.2667694 0.01874453 0.9877016 -0.2758732 0.02999125 0.9974404 -0.2777882 -0.02720691 0.9426992 -0.267024 0.02863467 0.9988749 -0.2780703 0.01789667 0.9885982 -0.2760495 -0.02863467 0.9440656 -0.2672927 0.02720691 1.000241 -0.278339 0.01700432 0.9894522 -0.2762174 0.01606969 0.9902615 -0.2763766 -0.02999125 0.9455001 -0.2675748 0.0257115 1.001536 -0.2785936 -0.03127326 0.9469993 -0.2678696 0.02415218 1.002756 -0.2788335 0.01509511 0.9910241 -0.2765265 -0.03247752 0.9485593 -0.2681764 0.0225328 1.003899 -0.2790582 0.014083 0.9917381 -0.2766669 0.01303588 0.9924017 -0.2767974 -0.03360104 0.9501762 -0.2684943 0.02085741 1.004961 -0.2792669 -0.03464102 0.9518461 -0.2688227 0.01913016 1.005939 -0.2794594 0.01195635 0.9930132 -0.2769177 -0.03559487 0.9535647 -0.2691606 0.01735535 1.006832 -0.2796349 0.01084709 0.9935712 -0.2770274 0.00971087 0.9940743 -0.2771263 -0.03646024 0.9553279 -0.2695073 0.01553739 1.007637 -0.2797932 -0.03723495 0.9571312 -0.2698619 0.01368081 1.008352 -0.2799337 0.008550504 0.9945212 -0.2772142 -0.0379171 0.9589702 -0.2702235 0.01179021 1.008975 -0.2800563 0.007368879 0.9949107 -0.2772908 -0.03850497 0.9608402 -0.2705912 0.009870296 1.009505 -0.2801605 0.006168935 0.9952419 -0.2773559 -0.03899712 0.9627367 -0.2709641 0.007925846 1.00994 -0.2802462 0.004953654 0.9955142 -0.2774094 -0.03939231 0.9646548 -0.2713413 0.00596169 1.01028 -0.280313 0.003726057 0.9957265 -0.2774512 -0.03968957 0.96659 -0.2717219 0.003982714 1.010524 -0.2803608 0.002489196 0.9958786 -0.2774811 -0.03988815 0.9685372 -0.2721048 0.001993835 1.01067 -0.2803896 0.001246147 0.99597 -0.2774991 -0.03998757 0.9704918 -0.2724891 -6.71e-16 1.010719 -0.2803992 -0.03998757 0.9724487 -0.2728739 -0.001993835 1.01067 -0.2803896 -0.03988815 0.9744033 -0.2732582 -0.003982714 1.010524 -0.2803608 -0.03968957 0.9763505 -0.2736411 -0.00596169 1.01028 -0.280313 -0.03939231 0.9782856 -0.2740217 -0.007925846 1.00994 -0.2802462 -0.03899712 0.9802039 -0.2743988 -0.009870296 1.009505 -0.2801605 -0.03850497 0.9821003 -0.2747718 -0.01179021 1.008975 -0.2800563 -0.0379171 0.9839703 -0.2751395 -0.01368081 1.008352 -0.2799337 -0.03723495 0.9858093 -0.2755011 -0.01553739 1.007637 -0.2797932 -0.03646024 0.9876126 -0.2758557 -0.01735535 1.006832 -0.2796349 -0.03559487 0.9893758 -0.2762024 -0.01913016 1.005939 -0.2794594 -0.03464102 0.9910945 -0.2765403 -0.02085741 1.004961 -0.2792669 -0.03360104 0.9927643 -0.2768687 -0.0225328 1.003899 -0.2790582 -0.03247752 0.9943813 -0.2771866 -0.02415218 1.002756 -0.2788335 -0.03127326 0.9959412 -0.2774934 -0.0257115 1.001536 -0.2785936 -0.02999125 0.9974404 -0.2777882 -0.02720691 1.000241 -0.278339 -0.02863467 0.9988749 -0.2780703 -6.71e-16 1.009368 -0.2872677 -0.001993835 1.009319 -0.2872581 -0.003982714 1.009173 -0.2872293 -0.00596169 1.00893 -0.2871815 -0.007925846 1.00859 -0.2871146 -0.009870296 1.008154 -0.287029 -0.01179021 1.007624 -0.2869248 -0.01368081 1.007001 -0.2868022 -0.01553739 1.006286 -0.2866616 -0.01735535 1.005481 -0.2865034 -0.01913016 1.004588 -0.2863278 -0.02085741 1.00361 -0.2861354 -0.0225328 1.002548 -0.2859266 -0.02415218 1.001406 -0.285702 -0.0257115 1.000186 -0.2854621 -0.02720691 0.9988908 -0.2852074 -0.02863467 0.9975244 -0.2849388 -0.02999125 0.9960898 -0.2846566 -0.03127326 0.9945906 -0.2843619 -0.03247752 0.9930307 -0.2840551 -0.03360104 0.9914138 -0.2837372 -0.03464102 0.9897438 -0.2834088 -0.03559487 0.9880252 -0.2830709 -0.03646024 0.986262 -0.2827242 -0.03723495 0.9844587 -0.2823696 -0.0379171 0.9826198 -0.282008 -0.03850497 0.9807497 -0.2816402 -0.03899712 0.9788533 -0.2812673 -0.03939231 0.9769351 -0.2808901 -0.03968957 0.9749999 -0.2805096 -0.03988815 0.9730527 -0.2801267 -0.03998757 0.9710981 -0.2797424 -0.03998757 0.9691412 -0.2793576 -0.03988815 0.9671866 -0.2789732 -0.03968957 0.9652394 -0.2785903 -0.03939231 0.9633043 -0.2782098 -0.03899712 0.961386 -0.2778326 -0.03850497 0.9594896 -0.2774597 -0.0379171 0.9576196 -0.277092 -0.03723495 0.9557806 -0.2767304 -0.03646024 0.9539773 -0.2763758 -0.03559487 0.9522141 -0.2760291 -0.03464102 0.9504955 -0.2756911 -0.03360104 0.9488256 -0.2753628 -0.03247752 0.9472087 -0.2750448 -0.03127326 0.9456487 -0.2747381 -0.02999125 0.9441495 -0.2744433 -0.02863467 0.942715 -0.2741612 -0.02720691 0.9413486 -0.2738925 -0.0257115 0.9400536 -0.2736379 -0.02415218 0.9388335 -0.2733979 -0.0225328 0.9376911 -0.2731733 -0.02085741 0.9366293 -0.2729645 -0.01913016 0.9356509 -0.2727721 -0.01735535 0.9347581 -0.2725966 -0.01553739 0.9339532 -0.2724383 -0.01368081 0.9332382 -0.2722977 -0.01179021 0.9326149 -0.2721752 -0.009870296 0.9320849 -0.2720709 -0.007925846 0.9316495 -0.2719853 -0.00596169 0.9313096 -0.2719185 -0.003982714 0.9310663 -0.2718706 -0.001993835 0.93092 -0.2718419 -6.76e-16 0.9308713 -0.2718323 -6.71e-16 1.001227 -0.2879964 -6.748139e-16 0.9381302 -0.2755892 -0.002242851 1.00115 -0.2879813 -0.004474774 1.00092 -0.287936 -0.006684897 1.000538 -0.2878609 -0.008862452 1.000005 -0.2877561 -0.01099683 0.9993245 -0.2876223 -0.01307763 0.9984996 -0.2874601 -0.001689091 0.9930044 -0.288363 -6.71e-16 0.9930623 -0.2883744 -0.01509472 0.9975342 -0.2872703 -0.003369953 0.9928311 -0.2883289 -0.01703827 0.9964332 -0.2870538 -0.005034397 0.9925431 -0.2882723 -0.01889881 0.9952018 -0.2868116 -0.006674314 0.9921418 -0.2881934 -0.02066728 0.9938461 -0.286545 -0.008281713 0.9916294 -0.2880926 -0.02233506 0.9923727 -0.2862553 -0.009848766 0.9910082 -0.2879705 -0.02389402 0.9907886 -0.2859438 -6.71e-16 0.9767217 -0.2880757 -0.001130005 0.98485 -0.2883932 -6.71e-16 0.9848887 -0.2884008 -0.01136784 0.9902812 -0.2878275 -0.02533658 0.9891018 -0.2856122 -0.002254504 0.9847341 -0.2883704 -0.01283152 0.989452 -0.2876645 -0.0266557 0.9873203 -0.2852618 -0.003368021 0.9845414 -0.2883325 -0.0142327 0.9885247 -0.2874821 -0.02784495 0.9854529 -0.2848946 -0.004465127 0.984273 -0.2882798 -0.01556453 0.9875037 -0.2872813 -0.02889855 0.9835085 -0.2845123 -0.005540481 0.9839302 -0.2882123 -0.01682053 0.986394 -0.2870631 -0.02981135 0.9814969 -0.2841167 -0.006588842 0.9835146 -0.2881306 -0.01799459 0.9852011 -0.2868286 -0.03057892 0.9794276 -0.2837098 -6.71e-16 0.9685761 -0.2873997 -0.000566627 0.9767023 -0.2880719 -0.007605103 0.9830282 -0.288035 -0.01908098 0.9839307 -0.2865788 -0.03119751 0.9773109 -0.2832936 -0.001130494 0.9766441 -0.2880605 -0.008584312 0.9824735 -0.2879259 -0.02007441 0.9825891 -0.286315 -0.03166411 0.975157 -0.2828701 -0.001688852 0.9765475 -0.2880415 -0.0095217 0.9818531 -0.2878039 -0.02097004 0.9811827 -0.2860384 -0.03197644 0.9729763 -0.2824413 -0.002238983 0.9764129 -0.288015 -0.0104127 0.98117 -0.2876696 -0.0217635 0.9797184 -0.2857505 -0.03213299 0.9707797 -0.2820093 -0.002778206 0.976241 -0.2879812 -0.01125297 0.9804277 -0.2875236 -0.02245093 0.9782034 -0.2854526 -0.03213299 0.9685776 -0.2815763 -0.003303894 0.9760326 -0.2879402 -0.01203841 0.9796296 -0.2873667 -0.02302899 0.9766451 -0.2851461 -0.03197644 0.9663809 -0.2811444 -0.003813485 0.9757887 -0.2878923 -0.01276521 0.9787797 -0.2871996 -0.02349485 0.975051 -0.2848327 -0.03166411 0.9642003 -0.2807156 -0.004304498 0.9755106 -0.2878376 -0.01342981 0.9778821 -0.2870231 -0.02384624 0.9734288 -0.2845137 -0.03119751 0.9620464 -0.2802921 -0.004774539 0.9751995 -0.2877764 -0.01402899 0.9769413 -0.2868381 -0.02408146 0.9717866 -0.2841908 -0.03057892 0.9599296 -0.2798758 -0.00522132 0.974857 -0.287709 -0.01455982 0.9759617 -0.2866454 -0.02419936 0.9701323 -0.2838655 -0.02981135 0.9578604 -0.2794689 -0.005642662 0.9744847 -0.2876359 -0.01501971 0.9749482 -0.2864461 -0.02419936 0.9684739 -0.2835394 -0.02889855 0.9558487 -0.2790734 -0.006036514 0.9740845 -0.2875572 -0.01540643 0.9739056 -0.2862411 -0.02408146 0.9668196 -0.2832141 -0.02784495 0.9539044 -0.278691 -0.006400957 0.9736584 -0.2874734 -0.0157181 0.9728392 -0.2860314 -0.02384624 0.9651774 -0.2828912 -0.0266557 0.952037 -0.2783238 -0.006734215 0.9732083 -0.2873849 -0.01595318 0.971754 -0.2858181 -0.02349485 0.9635553 -0.2825722 -0.02533658 0.9502555 -0.2779735 -0.007034665 0.9727365 -0.2872921 -0.01611054 0.9706553 -0.285602 -0.02302899 0.9619612 -0.2822588 -0.02389402 0.9485686 -0.2776418 -0.007300842 0.9722453 -0.2871955 -0.01618941 0.9695486 -0.2853844 -0.02245093 0.9604028 -0.2819523 -0.02233506 0.9469846 -0.2773304 -0.007531451 0.9717371 -0.2870956 -0.01618941 0.9684391 -0.2851662 -0.0217635 0.9588878 -0.2816544 -0.02066728 0.9455111 -0.2770406 -0.007725367 0.9712144 -0.2869928 -0.01611054 0.9673324 -0.2849486 -0.02097004 0.9574236 -0.2813665 -0.01889881 0.9441554 -0.276774 -0.007881646 0.9706796 -0.2868876 -0.01595318 0.9662337 -0.2847325 -0.02007441 0.9560172 -0.2810899 -0.01703827 0.942924 -0.2765319 -0.007999526 0.9701354 -0.2867806 -0.0157181 0.9651485 -0.2845192 -0.01908098 0.9546755 -0.2808261 -0.01509472 0.941823 -0.2763154 -0.008078433 0.9695845 -0.2866723 -0.01540643 0.964082 -0.2843094 -0.01799459 0.9534052 -0.2805763 -0.01307763 0.9408577 -0.2761256 -0.008117983 0.9690295 -0.2865631 -0.01501971 0.9630395 -0.2841045 -0.01682053 0.9522122 -0.2803418 -0.01099683 0.9400328 -0.2759634 -0.008117983 0.9684732 -0.2864538 -0.01455982 0.962026 -0.2839052 -0.01556453 0.9511026 -0.2801236 -0.008862452 0.9393524 -0.2758296 -0.008078433 0.9679182 -0.2863446 -0.01402899 0.9610464 -0.2837125 -0.0142327 0.9500816 -0.2799228 -0.006684897 0.9388196 -0.2757248 -0.007999526 0.9673673 -0.2862363 -0.01342981 0.9601055 -0.2835275 -0.01283152 0.9491542 -0.2797404 -0.004474774 0.9384372 -0.2756496 -0.007881646 0.9668232 -0.2861293 -0.01276521 0.9592079 -0.283351 -0.01136784 0.9483251 -0.2795774 -0.002242851 0.938207 -0.2756043 -0.007725367 0.9662884 -0.2860241 -0.01203841 0.9583581 -0.2831839 -0.009848766 0.9475981 -0.2794344 -0.007531451 0.9657656 -0.2859214 -0.01125297 0.95756 -0.283027 -0.008281713 0.9469769 -0.2793123 -0.007300842 0.9652574 -0.2858214 -0.0104127 0.9568176 -0.282881 -0.006674314 0.9464644 -0.2792115 -0.007034665 0.9647662 -0.2857248 -0.0095217 0.9561346 -0.2827467 -0.005034397 0.9460632 -0.2791326 -0.006734215 0.9642944 -0.285632 -0.008584312 0.9555142 -0.2826247 -0.003369953 0.9457752 -0.279076 -0.006400957 0.9638444 -0.2855435 -0.007605103 0.9549595 -0.2825156 -0.001689091 0.9456019 -0.2790419 -6.738613e-16 0.945544 -0.2790305 -0.006036514 0.9634182 -0.2854597 -0.006588842 0.9544731 -0.28242 -0.005642662 0.963018 -0.2853811 -0.005540481 0.9540576 -0.2823383 -0.00522132 0.9626458 -0.2853079 -0.004465127 0.9537147 -0.2822708 -0.004774539 0.9623033 -0.2852405 -0.003368021 0.9534463 -0.2822181 -0.004304498 0.9619922 -0.2851794 -0.002254504 0.9532537 -0.2821802 -0.003813485 0.961714 -0.2851247 -0.001130005 0.9531377 -0.2821574 -6.728995e-16 0.9530989 -0.2821498 -0.003303894 0.9614702 -0.2850767 -0.002778206 0.9612617 -0.2850357 -0.002238983 0.9610898 -0.2850019 -0.001688852 0.9609553 -0.2849755 -0.001130494 0.9608586 -0.2849565 -0.000566627 0.9608005 -0.284945 -6.719303e-16 0.9607811 -0.2849412 0.001993835 0.93092 -0.2718419 0.003982714 0.9310663 -0.2718706 0.00596169 0.9313096 -0.2719185 0.007925846 0.9316495 -0.2719853 0.009870296 0.9320849 -0.2720709 0.01179021 0.9326149 -0.2721752 0.01368081 0.9332382 -0.2722977 0.01553739 0.9339532 -0.2724383 0.01735535 0.9347581 -0.2725966 0.01913016 0.9356509 -0.2727721 0.02085741 0.9366293 -0.2729645 0.0225328 0.9376911 -0.2731733 0.02415218 0.9388335 -0.2733979 0.0257115 0.9400536 -0.2736379 0.02720691 0.9413486 -0.2738925 0.02863467 0.942715 -0.2741612 0.02999125 0.9441495 -0.2744433 0.03127326 0.9456487 -0.2747381 0.03247752 0.9472087 -0.2750448 0.03360104 0.9488256 -0.2753628 0.03464102 0.9504955 -0.2756911 0.03559487 0.9522141 -0.2760291 0.03646024 0.9539773 -0.2763758 0.03723495 0.9557806 -0.2767304 0.0379171 0.9576196 -0.277092 0.03850497 0.9594896 -0.2774597 0.03899712 0.961386 -0.2778326 0.03939231 0.9633043 -0.2782098 0.03968957 0.9652394 -0.2785903 0.03988815 0.9671866 -0.2789732 0.03998757 0.9691412 -0.2793576 0.03998757 0.9710981 -0.2797424 0.03988815 0.9730527 -0.2801267 0.03968957 0.9749999 -0.2805096 0.03939231 0.9769351 -0.2808901 0.03899712 0.9788533 -0.2812673 0.03850497 0.9807497 -0.2816402 0.0379171 0.9826198 -0.282008 0.03723495 0.9844587 -0.2823696 0.03646024 0.986262 -0.2827242 0.03559487 0.9880252 -0.2830709 0.03464102 0.9897438 -0.2834088 0.03360104 0.9914138 -0.2837372 0.03247752 0.9930307 -0.2840551 0.03127326 0.9945906 -0.2843619 0.02999125 0.9960898 -0.2846566 0.02863467 0.9975244 -0.2849388 0.02720691 0.9988908 -0.2852074 0.0257115 1.000186 -0.2854621 0.02415218 1.001406 -0.285702 0.0225328 1.002548 -0.2859266 0.02085741 1.00361 -0.2861354 0.01913016 1.004588 -0.2863278 0.01735535 1.005481 -0.2865034 0.01553739 1.006286 -0.2866616 0.01368081 1.007001 -0.2868022 0.01179021 1.007624 -0.2869248 0.009870296 1.008154 -0.287029 0.007925846 1.00859 -0.2871146 0.00596169 1.00893 -0.2871815 0.003982714 1.009173 -0.2872293 0.001993835 1.009319 -0.2872581 0.002242851 0.938207 -0.2756043 0.004474774 0.9384372 -0.2756496 0.006684897 0.9388196 -0.2757248 0.008862452 0.9393524 -0.2758296 0.01099683 0.9400328 -0.2759634 0.01307763 0.9408577 -0.2761256 0.001689091 0.9456019 -0.2790419 0.01509472 0.941823 -0.2763154 0.003369953 0.9457752 -0.279076 0.01703827 0.942924 -0.2765319 0.005034397 0.9460632 -0.2791326 0.01889881 0.9441554 -0.276774 0.006674314 0.9464644 -0.2792115 0.02066728 0.9455111 -0.2770406 0.008281713 0.9469769 -0.2793123 0.02233506 0.9469846 -0.2773304 0.009848766 0.9475981 -0.2794344 0.02389402 0.9485686 -0.2776418 0.001130005 0.9531377 -0.2821574 0.01136784 0.9483251 -0.2795774 0.02533658 0.9502555 -0.2779735 0.002254504 0.9532537 -0.2821802 0.01283152 0.9491542 -0.2797404 0.0266557 0.952037 -0.2783238 0.003368021 0.9534463 -0.2822181 0.0142327 0.9500816 -0.2799228 0.02784495 0.9539044 -0.278691 0.004465127 0.9537147 -0.2822708 0.01556453 0.9511026 -0.2801236 0.02889855 0.9558487 -0.2790734 0.005540481 0.9540576 -0.2823383 0.01682053 0.9522122 -0.2803418 0.02981135 0.9578604 -0.2794689 0.006588842 0.9544731 -0.28242 0.01799459 0.9534052 -0.2805763 0.03057892 0.9599296 -0.2798758 0.000566627 0.9608005 -0.284945 0.007605103 0.9549595 -0.2825156 0.01908098 0.9546755 -0.2808261 0.03119751 0.9620464 -0.2802921 0.001130494 0.9608586 -0.2849565 0.008584312 0.9555142 -0.2826247 0.02007441 0.9560172 -0.2810899 0.03166411 0.9642003 -0.2807156 0.001688852 0.9609553 -0.2849755 0.0095217 0.9561346 -0.2827467 0.02097004 0.9574236 -0.2813665 0.03197644 0.9663809 -0.2811444 0.002238983 0.9610898 -0.2850019 0.0104127 0.9568176 -0.282881 0.0217635 0.9588878 -0.2816544 0.03213299 0.9685776 -0.2815763 0.002778206 0.9612617 -0.2850357 0.01125297 0.95756 -0.283027 0.02245093 0.9604028 -0.2819523 0.03213299 0.9707797 -0.2820093 0.003303894 0.9614702 -0.2850767 0.01203841 0.9583581 -0.2831839 0.02302899 0.9619612 -0.2822588 0.03197644 0.9729763 -0.2824413 0.003813485 0.961714 -0.2851247 0.01276521 0.9592079 -0.283351 0.02349485 0.9635553 -0.2825722 0.03166411 0.975157 -0.2828701 0.004304498 0.9619922 -0.2851794 0.01342981 0.9601055 -0.2835275 0.02384624 0.9651774 -0.2828912 0.03119751 0.9773109 -0.2832936 0.004774539 0.9623033 -0.2852405 0.01402899 0.9610464 -0.2837125 0.02408146 0.9668196 -0.2832141 0.03057892 0.9794276 -0.2837098 0.00522132 0.9626458 -0.2853079 0.01455982 0.962026 -0.2839052 0.02419936 0.9684739 -0.2835394 0.02981135 0.9814969 -0.2841167 0.005642662 0.963018 -0.2853811 0.01501971 0.9630395 -0.2841045 0.02419936 0.9701323 -0.2838655 0.02889855 0.9835085 -0.2845123 0.006036514 0.9634182 -0.2854597 0.01540643 0.964082 -0.2843094 0.02408146 0.9717866 -0.2841908 0.02784495 0.9854529 -0.2848946 0.006400957 0.9638444 -0.2855435 0.0157181 0.9651485 -0.2845192 0.02384624 0.9734288 -0.2845137 0.0266557 0.9873203 -0.2852618 0.006734215 0.9642944 -0.285632 0.01595318 0.9662337 -0.2847325 0.02349485 0.975051 -0.2848327 0.02533658 0.9891018 -0.2856122 0.007034665 0.9647662 -0.2857248 0.01611054 0.9673324 -0.2849486 0.02302899 0.9766451 -0.2851461 0.02389402 0.9907886 -0.2859438 0.007300842 0.9652574 -0.2858214 0.01618941 0.9684391 -0.2851662 0.02245093 0.9782034 -0.2854526 0.02233506 0.9923727 -0.2862553 0.007531451 0.9657656 -0.2859214 0.01618941 0.9695486 -0.2853844 0.0217635 0.9797184 -0.2857505 0.02066728 0.9938461 -0.286545 0.007725367 0.9662884 -0.2860241 0.01611054 0.9706553 -0.285602 0.02097004 0.9811827 -0.2860384 0.01889881 0.9952018 -0.2868116 0.007881646 0.9668232 -0.2861293 0.01595318 0.971754 -0.2858181 0.02007441 0.9825891 -0.286315 0.01703827 0.9964332 -0.2870538 0.007999526 0.9673673 -0.2862363 0.0157181 0.9728392 -0.2860314 0.01908098 0.9839307 -0.2865788 0.01509472 0.9975342 -0.2872703 0.008078433 0.9679182 -0.2863446 0.01540643 0.9739056 -0.2862411 0.01799459 0.9852011 -0.2868286 0.01307763 0.9984996 -0.2874601 0.008117983 0.9684732 -0.2864538 0.01501971 0.9749482 -0.2864461 0.01682053 0.986394 -0.2870631 0.01099683 0.9993245 -0.2876223 0.008117983 0.9690295 -0.2865631 0.01455982 0.9759617 -0.2866454 0.01556453 0.9875037 -0.2872813 0.008862452 1.000005 -0.2877561 0.008078433 0.9695845 -0.2866723 0.01402899 0.9769413 -0.2868381 0.0142327 0.9885247 -0.2874821 0.006684897 1.000538 -0.2878609 0.007999526 0.9701354 -0.2867806 0.01342981 0.9778821 -0.2870231 0.01283152 0.989452 -0.2876645 0.004474774 1.00092 -0.287936 0.007881646 0.9706796 -0.2868876 0.01276521 0.9787797 -0.2871996 0.01136784 0.9902812 -0.2878275 0.002242851 1.00115 -0.2879813 0.007725367 0.9712144 -0.2869928 0.01203841 0.9796296 -0.2873667 0.009848766 0.9910082 -0.2879705 0.007531451 0.9717371 -0.2870956 0.01125297 0.9804277 -0.2875236 0.008281713 0.9916294 -0.2880926 0.007300842 0.9722453 -0.2871955 0.0104127 0.98117 -0.2876696 0.006674314 0.9921418 -0.2881934 0.007034665 0.9727365 -0.2872921 0.0095217 0.9818531 -0.2878039 0.005034397 0.9925431 -0.2882723 0.006734215 0.9732083 -0.2873849 0.008584312 0.9824735 -0.2879259 0.003369953 0.9928311 -0.2883289 0.006400957 0.9736584 -0.2874734 0.007605103 0.9830282 -0.288035 0.001689091 0.9930044 -0.288363 0.006036514 0.9740845 -0.2875572 0.006588842 0.9835146 -0.2881306 0.005642662 0.9744847 -0.2876359 0.005540481 0.9839302 -0.2882123 0.00522132 0.974857 -0.287709 0.004465127 0.984273 -0.2882798 0.004774539 0.9751995 -0.2877764 0.003368021 0.9845414 -0.2883325 0.004304498 0.9755106 -0.2878376 0.002254504 0.9847341 -0.2883704 0.003813485 0.9757887 -0.2878923 0.001130005 0.98485 -0.2883932 0.003303894 0.9760326 -0.2879402 0.002778206 0.976241 -0.2879812 0.002238983 0.9764129 -0.288015 0.001688852 0.9765475 -0.2880415 0.001130494 0.9766441 -0.2880605 0.000566627 0.9767023 -0.2880719 0.025 0.9791879 -0.2334331 0.025 0.9546577 -0.2286095 0.025 1.003718 -0.2382567 0.01 1.003718 -0.2382567 0.009888309 1.014993 -0.2404736 0.009987569 1.014019 -0.2402822 0.009950308 1.014507 -0.2403782 0.009801724 1.015475 -0.2405684 0.01 1.01353 -0.2401861 0.009690773 1.015952 -0.2406622 0.009009688 1.017788 -0.2410232 0.009555728 1.016422 -0.2407548 0.009396926 1.016886 -0.240846 0.009214762 1.017342 -0.2409355 0.008532908 1.018647 -0.2411921 0.008782216 1.018223 -0.2411088 0.007971325 1.019455 -0.2413511 0.008262387 1.019058 -0.2412729 0.007660444 1.019837 -0.2414263 0.007330519 1.020204 -0.2414984 -0.01 1.003718 -0.2382567 -0.025 0.9791879 -0.2334331 0.006234898 1.021202 -0.2416945 0.006982368 1.020554 -0.2415673 0.006616858 1.020887 -0.2416327 0.005837437 1.021497 -0.2417526 0.005 1.022028 -0.241857 0.005425463 1.021773 -0.2418068 0.004112871 1.022474 -0.2419447 0.004562107 1.022262 -0.241903 0.003184866 1.022831 -0.242015 0.00365341 1.022664 -0.2419821 0.0002493069 1.023339 -0.2421149 0.001243437 1.023266 -0.2421005 0.0007473009 1.023315 -0.2421101 -0.01 1.01353 -0.2401861 -0.009950308 1.014507 -0.2403782 0.002708405 1.022976 -0.2420434 0.002225209 1.023096 -0.2420671 0.001736482 1.023193 -0.2420862 -0.009987569 1.014019 -0.2402822 -0.001243437 1.023266 -0.2421005 -0.0002493069 1.023339 -0.2421149 -0.0007473009 1.023315 -0.2421101 -0.009888309 1.014993 -0.2404736 -0.001736482 1.023193 -0.2420862 -0.009555728 1.016422 -0.2407548 -0.009690773 1.015952 -0.2406622 -0.009801724 1.015475 -0.2405684 -0.003184866 1.022831 -0.242015 -0.002225209 1.023096 -0.2420671 -0.002708405 1.022976 -0.2420434 -0.00365341 1.022664 -0.2419821 -0.009214762 1.017342 -0.2409355 -0.009396926 1.016886 -0.240846 -0.004112871 1.022474 -0.2419447 -0.009009688 1.017788 -0.2410232 -0.004562107 1.022262 -0.241903 -0.008782216 1.018223 -0.2411088 -0.005425463 1.021773 -0.2418068 -0.005 1.022028 -0.241857 -0.006234898 1.021202 -0.2416945 -0.005837437 1.021497 -0.2417526 -0.007660444 1.019837 -0.2414263 -0.007971325 1.019455 -0.2413511 -0.008262387 1.019058 -0.2412729 -0.008532908 1.018647 -0.2411921 -0.006616858 1.020887 -0.2416327 -0.006982368 1.020554 -0.2415673 -0.007330519 1.020204 -0.2414984 -0.025 1.003718 -0.2382567 -0.025 0.9546577 -0.2286095 -0.03 0.9505794 -0.2278076 -0.03 0.9791879 -0.2334331 0.03 0.9505794 -0.2278076 0.03 0.9791879 -0.2334331 0.03 0.9509597 -0.2258735 0.03 0.9927946 -0.2345975 0.03 0.992647 -0.2340708 0.03 0.9929179 -0.2339704 0.014 0.9929179 -0.2339704 -0.014 0.9929179 -0.2339704 0.014 0.9931613 -0.2327326 -0.014 0.9931613 -0.2327326 -0.03 0.9927946 -0.2345975 -0.03 0.9929179 -0.2339704 -0.03 0.9509597 -0.2258735 -0.03 0.992647 -0.2340708 0.014 0.9509597 -0.2258735 -0.014 0.9509597 -0.2258735 0.014 0.9779682 -0.2311844 -0.014 0.9779682 -0.2311844 0.014 0.9790407 -0.229956 -0.014 0.9790407 -0.229956 -0.014 0.949152 -0.2088192 -0.014 0.9459906 -0.2248964 -0.014 1.006403 -0.2200769 -0.014 1.004517 -0.22967 -0.044 0.992647 -0.2340708 -0.044 1.004517 -0.22967 -0.044 0.9459906 -0.2248964 -0.044 0.949152 -0.2088192 -0.044 1.006403 -0.2200769 0.014 1.006403 -0.2200769 0.014 1.004517 -0.22967 0.014 0.949152 -0.2088192 0.014 0.9459906 -0.2248964 0.044 0.992647 -0.2340708 0.044 1.004517 -0.22967 0.044 0.9459906 -0.2248964 0.044 0.949152 -0.2088192 0.044 1.006403 -0.2200769 0.0283738 0.9969031 -0.2489425 0.0345613 1.001803 -0.249906 0.03170072 1.005281 -0.2505899 0.03109175 1.004798 -0.250495 0.03345553 1.001925 -0.2499301 0.03151963 1.000392 -0.2496286 0.02917508 1.003242 -0.2501889 0.02856931 1.002762 -0.2500946 0.03091386 0.9999127 -0.2495343 0.02848758 0.9979912 -0.2491565 0.02614303 1.00084 -0.2497168 0.02553245 1.000358 -0.2496218 0.02416895 1.001518 -0.2498499 0.02477311 1.001057 -0.2497593 0.02875709 1.00788 -0.251101 0.02865613 1.007957 -0.2511161 0.02211125 1.004861 -0.2505073 0.02359042 1.011827 -0.2518771 0.02348786 1.011905 -0.2518925 0.01771542 1.006447 -0.2508193 0.01833401 1.005976 -0.2507265 0.02243177 1.009901 -0.2514983 0.02115933 1.003817 -0.250302 0.02131798 1.003696 -0.2502782 0.02707279 1.006411 -0.2508122 0.01638112 1.007177 -0.2509626 0.01964074 1.01426 -0.2523556 0.01550292 1.016094 -0.2527161 0.01518241 1.015396 -0.2525789 0.01859907 1.013881 -0.2522811 0.01757984 1.011666 -0.2518454 0.01419202 1.013168 -0.2521407 0.01387151 1.012474 -0.2520043 0.01725933 1.010972 -0.2517091 0.01598209 1.008194 -0.2511627 0.01259426 1.009696 -0.251458 0.01227215 1.008997 -0.2513207 0.01087992 1.009467 -0.2514131 0.01285268 1.017058 -0.2529056 0.01131261 1.017443 -0.2529814 0.01053142 1.017626 -0.2530174 0.0100058 1.017726 -0.2530371 0.009887803 1.017744 -0.2530406 0.009773775 1.017758 -0.2530433 0.00966855 1.017767 -0.2530451 0.009540177 1.017775 -0.2530466 0.009385023 1.017774 -0.2530465 0.009281814 1.017768 -0.2530453 0.009176858 1.017756 -0.253043 0.009076883 1.017741 -0.2530399 0.008887915 1.017698 -0.2530316 0.008718877 1.017644 -0.253021 0.008569184 1.017581 -0.2530085 0.008436709 1.017513 -0.2529952 0.008320388 1.017442 -0.2529813 0.008218453 1.01737 -0.2529671 0.008128781 1.0173 -0.2529532 0.008050051 1.017231 -0.2529397 0.00791824 1.017092 -0.2529124 0.007819501 1.016967 -0.2528878 0.007745887 1.016857 -0.2528662 0.007691247 1.016761 -0.2528473 0.007609797 1.016596 -0.2528149 0.007544837 1.016425 -0.2527812 0.007492101 1.016249 -0.2527467 0.007447929 1.016037 -0.2527049 0.00742634 1.015894 -0.2526768 0.007416276 1.015777 -0.2526538 0.007413439 1.015662 -0.2526312 0.007417606 1.01555 -0.2526091 0.007428718 1.015435 -0.2525866 0.007446982 1.015318 -0.2525635 0.00747216 1.015201 -0.2525406 0.007503116 1.015091 -0.252519 0.007539494 1.014988 -0.2524987 0.007582151 1.014887 -0.2524789 0.007628677 1.014793 -0.2524603 0.007678258 1.014705 -0.2524431 0.007786714 1.014545 -0.2524117 0.00790077 1.014409 -0.2523849 0.008015945 1.014294 -0.2523622 0.008129186 1.014196 -0.252343 0.008238562 1.014113 -0.2523267 0.008343222 1.014043 -0.2523129 0.008442443 1.013984 -0.2523013 0.008611082 1.013895 -0.2522838 0.008774997 1.01382 -0.252269 0.008963666 1.013745 -0.2522543 0.009251573 1.013645 -0.2522347 0.009440763 1.013589 -0.2522235 0.009631524 1.013537 -0.2522133 0.005932806 1.010705 -0.2516564 0.006889536 1.010466 -0.2516095 0.01058184 1.013299 -0.2521666 0.01102415 1.013188 -0.2521447 0.01010748 1.009659 -0.2514508 0.01188633 1.016506 -0.2527971 0.01052415 1.016847 -0.2528642 0.01024432 1.016912 -0.252877 0.009961829 1.016964 -0.2528873 0.009782957 1.01699 -0.2528923 0.009591635 1.017005 -0.2528953 0.009402201 1.017001 -0.2528945 0.009299545 1.016989 -0.2528921 0.009189258 1.016965 -0.2528874 0.00907239 1.016927 -0.2528799 0.008950328 1.016872 -0.2528691 0.008825214 1.016797 -0.2528544 0.008699699 1.0167 -0.2528353 0.008576135 1.016579 -0.2528116 0.01121646 1.013927 -0.25229 0.008462683 1.01643 -0.2527822 0.008378646 1.01628 -0.2527527 0.008341053 1.016189 -0.2527348 0.008296588 1.016048 -0.2527071 0.009883126 1.014249 -0.2523534 0.008261029 1.015863 -0.2526707 0.008249775 1.015674 -0.2526336 0.009559498 1.014337 -0.2523707 0.00826817 1.015487 -0.2525967 0.009327199 1.014413 -0.2523857 0.008292059 1.015376 -0.2525749 0.009170854 1.014474 -0.2523975 0.008333134 1.015246 -0.2525494 0.00901758 1.014541 -0.2524108 0.008882089 1.014613 -0.2524249 0.008400879 1.015097 -0.2525201 0.008764368 1.014689 -0.2524399 0.00866421 1.01477 -0.2524557 0.00850904 1.014933 -0.2524878 0.008579624 1.014852 -0.2524718 0.01188633 1.016467 -0.2529933 0.01052415 1.016808 -0.2530604 0.008341053 1.01615 -0.2529311 0.008296588 1.016009 -0.2529034 0.008378646 1.016242 -0.252949 0.008462683 1.016391 -0.2529784 0.008576135 1.016541 -0.2530079 0.008699699 1.016662 -0.2530316 0.008825214 1.016759 -0.2530507 0.008950328 1.016833 -0.2530654 0.00907239 1.016888 -0.2530762 0.009189258 1.016926 -0.2530836 0.009299545 1.01695 -0.2530883 0.009402201 1.016962 -0.2530907 0.009591635 1.016966 -0.2530915 0.009782957 1.016951 -0.2530885 0.009961829 1.016926 -0.2530835 0.01024432 1.016873 -0.2530732 0.009559498 1.014299 -0.252567 0.009883126 1.014211 -0.2525496 0.009327199 1.014375 -0.2525819 0.009170854 1.014435 -0.2525938 0.00901758 1.014503 -0.2526071 0.008882089 1.014574 -0.2526212 0.008764368 1.014651 -0.2526362 0.00866421 1.014731 -0.252652 0.008579624 1.014813 -0.2526681 0.00850904 1.014894 -0.2526841 0.008400879 1.015058 -0.2527164 0.008333134 1.015207 -0.2527456 0.008292059 1.015337 -0.2527711 0.00826817 1.015448 -0.2527929 0.008249775 1.015636 -0.2528299 0.008261029 1.015824 -0.2528669 0.01121646 1.013888 -0.2524862 0.0003941356 1.018907 -0.2532692 9.184166e-05 1.018898 -0.2532675 -0.0001522997 1.018878 -0.2532635 -0.0003772779 1.018849 -0.2532579 -0.0005784255 1.018815 -0.2532512 -0.000772081 1.018772 -0.2532428 -0.0009981061 1.018712 -0.253231 -0.00120462 1.018647 -0.2532182 -0.001373919 1.018585 -0.253206 -0.00158094 1.018498 -0.2531889 -0.001768758 1.018409 -0.2531714 -0.001969414 1.018303 -0.2531505 -0.002170006 1.018184 -0.2531271 -0.002405989 1.018027 -0.2530963 -0.002596334 1.017888 -0.2530688 -0.002900645 1.017639 -0.25302 -0.003052383 1.017504 -0.2529935 -0.003200416 1.017366 -0.2529662 -0.002585031 1.016793 -0.2528537 -0.002309303 1.017041 -0.2529025 -0.002154022 1.017168 -0.2529274 -0.001990627 1.017289 -0.2529511 -0.001816918 1.017406 -0.2529741 -0.001638094 1.017515 -0.2529955 -0.001454259 1.017615 -0.2530153 -0.001265718 1.017707 -0.2530333 -0.00107315 1.01779 -0.2530497 -0.0008770705 1.017866 -0.2530645 -0.0006776508 1.017931 -0.2530775 -0.0004751202 1.017988 -0.2530885 -0.0002698805 1.018034 -0.2530976 -8.322793e-05 1.018066 -0.2531039 3.854769e-05 1.018081 -0.2531069 0.0001667811 1.018091 -0.2531089 0.000418174 1.018102 -0.2531109 0.0006441849 1.018096 -0.2531097 0.0008265977 1.01808 -0.2531066 0.001027593 1.018052 -0.2531012 0.001206949 1.018019 -0.2530947 0.001393064 1.017974 -0.2530858 0.001580468 1.017919 -0.2530749 0.00175621 1.017856 -0.2530627 0.001925429 1.017787 -0.2530491 0.002102537 1.017704 -0.2530328 0.002284804 1.017608 -0.2530139 0.002444217 1.017514 -0.2529954 0.002597194 1.017412 -0.2529754 0.002701132 1.017337 -0.2529606 0.002797914 1.017261 -0.2529457 0.002887601 1.017185 -0.2529307 0.003020693 1.01706 -0.2529061 0.003151421 1.016924 -0.2528793 0.003277845 1.016777 -0.2528504 0.003384636 1.016635 -0.2528225 0.003483275 1.016487 -0.2527934 0.003574841 1.016332 -0.252763 0.003658463 1.016174 -0.2527319 0.003738233 1.016001 -0.2526979 0.003804287 1.01583 -0.2526643 0.00386112 1.01565 -0.2526289 0.003908563 1.015466 -0.2525926 0.003930521 1.015359 -0.2525716 0.003951961 1.015224 -0.252545 0.003966649 1.015088 -0.2525183 0.003974142 1.014969 -0.252495 0.003979071 1.014815 -0.2524647 0.003970082 1.014583 -0.2524191 0.003955033 1.014429 -0.2523888 0.003926203 1.014253 -0.2523542 0.003883141 1.014066 -0.2523174 0.003831277 1.013887 -0.2522822 0.003770867 1.013716 -0.2522486 0.0036956 1.013539 -0.2522138 0.003615041 1.013377 -0.2521819 0.003525975 1.013221 -0.2521512 0.003419824 1.013054 -0.2521184 0.003349682 1.012954 -0.2520988 0.003233691 1.012806 -0.2520696 0.003107661 1.012661 -0.252041 0.002980844 1.012531 -0.2520155 0.002844344 1.012406 -0.2519909 0.002753223 1.012328 -0.2519757 0.002606053 1.012215 -0.2519535 0.002447202 1.012107 -0.2519321 0.0022784 1.012003 -0.2519117 0.002103904 1.011908 -0.2518931 0.001923004 1.011821 -0.251876 0.001738157 1.011743 -0.2518605 0.001563423 1.011679 -0.2518479 0.001383133 1.011623 -0.2518369 0.00116958 1.011568 -0.2518261 0.000989673 1.01153 -0.2518187 0.0008105481 1.011502 -0.2518131 0.0005589328 1.011474 -0.2518076 0.0003733666 1.011463 -0.2518055 0.0001874048 1.01146 -0.2518048 -0.000109737 1.01147 -0.2518068 -0.0003071333 1.011487 -0.2518103 -0.0005031477 1.011514 -0.2518156 -0.0006876556 1.011549 -0.2518225 -0.0008797777 1.011597 -0.2518319 -0.001058095 1.011653 -0.2518428 -0.001180743 1.011697 -0.2518516 -0.001296564 1.011744 -0.2518608 -0.001405738 1.011793 -0.2518705 -0.001508348 1.011845 -0.2518806 -0.001680183 1.011942 -0.2518997 -0.001833408 1.012042 -0.2519193 -0.001984584 1.012152 -0.2519411 -0.002116738 1.012262 -0.2519626 -0.002232068 1.012369 -0.2519837 -0.002332389 1.012472 -0.252004 -0.002419296 1.012571 -0.2520235 -0.002494549 1.012666 -0.252042 -0.002559768 1.012755 -0.2520596 -0.002616143 1.012839 -0.2520762 -0.002709997 1.012999 -0.2521076 -0.002778692 1.013138 -0.2521348 -0.002829596 1.013256 -0.2521581 -0.002867562 1.013356 -0.2521778 -0.002909138 1.013483 -0.2522028 -0.002943707 1.013612 -0.2522282 -0.002967111 1.013721 -0.2522496 -0.002995287 1.013875 -0.2522798 -0.0003286209 1.013875 -0.2522798 -0.0003286209 1.01468 -0.2524381 -0.003713236 1.01468 -0.2524381 -0.003695759 1.014254 -0.2523543 -0.003675637 1.014042 -0.2523126 -0.00364253 1.013811 -0.2522672 -0.003596824 1.013575 -0.2522209 -0.003545366 1.013365 -0.2521796 -0.003485496 1.013164 -0.25214 -0.003424557 1.01299 -0.2521059 -0.003350313 1.012809 -0.2520701 -0.003267128 1.012632 -0.2520354 -0.003175706 1.012462 -0.2520021 -0.003078157 1.012303 -0.2519707 -0.002973617 1.012152 -0.251941 -0.002860282 1.012005 -0.251912 -0.002732972 1.011855 -0.2518827 -0.002605324 1.011721 -0.2518563 -0.002467689 1.011591 -0.2518308 -0.00231669 1.011464 -0.2518057 -0.002169707 1.011353 -0.2517838 -0.002011284 1.011245 -0.2517628 -0.001842213 1.011145 -0.251743 -0.001682207 1.011061 -0.2517265 -0.001517563 1.010986 -0.2517117 -0.001347569 1.010918 -0.2516983 -0.001174648 1.010858 -0.2516866 -0.0009875512 1.010804 -0.2516759 -0.0008053792 1.01076 -0.2516674 -0.0005940949 1.01072 -0.2516594 -0.0003810456 1.01069 -0.2516535 -0.0001858726 1.010671 -0.2516499 3.185184e-05 1.01066 -0.2516477 0.0002499048 1.010654 -0.2516465 0.0005758305 1.010663 -0.2516483 0.0008683864 1.010686 -0.2516528 0.001080627 1.010712 -0.2516579 0.001314782 1.010753 -0.2516658 0.001517863 1.010796 -0.2516745 0.001703672 1.010846 -0.2516842 0.00191544 1.010913 -0.2516973 0.002108466 1.010983 -0.2517112 0.002278826 1.011055 -0.2517253 0.002445027 1.011135 -0.251741 0.002624944 1.011232 -0.2517601 0.002782649 1.011326 -0.2517787 0.002938111 1.01143 -0.251799 0.00309321 1.011544 -0.2518215 0.003243957 1.011667 -0.2518456 0.003393253 1.011801 -0.251872 0.003477315 1.011882 -0.251888 0.003558947 1.011966 -0.2519044 0.003716251 1.012139 -0.2519384 0.003916461 1.012391 -0.251988 0.004028337 1.012548 -0.2520188 0.004133159 1.012712 -0.2520512 0.004231771 1.012885 -0.2520851 0.004315177 1.013049 -0.2521173 0.004389691 1.013214 -0.2521499 0.004456074 1.013383 -0.2521831 0.004517955 1.013566 -0.2522191 0.004568799 1.013744 -0.2522541 0.004612332 1.013931 -0.2522908 0.004646883 1.014121 -0.2523282 0.004670374 1.014299 -0.2523632 0.004681217 1.014417 -0.2523864 0.004688793 1.014541 -0.2524108 0.00469702 1.014784 -0.2524585 0.004689155 1.015058 -0.2525124 0.004673445 1.015237 -0.2525477 0.004642134 1.015467 -0.2525928 0.004607968 1.015651 -0.2526291 0.004562918 1.015841 -0.2526664 0.004511099 1.016021 -0.2527018 0.004453423 1.016191 -0.2527352 0.004380482 1.016376 -0.2527716 0.004298969 1.016558 -0.2528073 0.004216975 1.01672 -0.2528392 0.004116462 1.016897 -0.252874 0.004007669 1.017069 -0.2529079 0.003889513 1.017239 -0.2529412 0.003772223 1.01739 -0.252971 0.00364679 1.017536 -0.2529997 0.003521431 1.017669 -0.2530259 0.003382279 1.017803 -0.2530523 0.003244778 1.017923 -0.2530759 0.003082704 1.018052 -0.2531011 0.002929525 1.018162 -0.2531228 0.002778308 1.01826 -0.2531421 0.002601698 1.018364 -0.2531625 0.002415009 1.018461 -0.2531817 0.002242977 1.018541 -0.2531974 0.002065434 1.018614 -0.2532117 0.001884689 1.018678 -0.2532242 0.001667494 1.018744 -0.2532372 0.001486891 1.018789 -0.253246 0.001290163 1.018828 -0.2532538 0.001086213 1.01886 -0.2532601 0.0008369238 1.018889 -0.2532657 0.0007264376 1.018897 -0.2532674 0.0006157729 1.018902 -0.2532684 -0.005253851 1.010795 -0.2516743 -0.006898082 1.018458 -0.253181 -0.01137404 1.017533 -0.2529992 -0.01121218 1.016777 -0.2528505 -0.007516671 1.017541 -0.2530007 -0.007002248 1.015146 -0.2525298 -0.01066571 1.01439 -0.2523811 -0.01050545 1.01364 -0.2522336 -0.006841992 1.014396 -0.2523823 -0.006196158 1.01139 -0.2517911 -0.00985962 1.010633 -0.2516424 -0.009697761 1.009879 -0.251494 -0.01175628 1.009087 -0.2513382 -0.01100307 1.009409 -0.2514016 -0.01417615 1.016565 -0.2528088 -0.01433481 1.016498 -0.2527955 -0.01675468 1.008948 -0.251311 -0.01918416 1.014427 -0.2523883 -0.01990211 1.014122 -0.2523283 -0.01672904 1.006965 -0.2509211 -0.01656557 1.007035 -0.2509347 -0.01415372 1.014496 -0.2524019 -0.02652051 1.010012 -0.2515203 -0.02678057 1.009803 -0.2514791 -0.02696168 1.00964 -0.2514471 -0.02712182 1.009482 -0.251416 -0.02725851 1.009333 -0.2513867 -0.02738787 1.009178 -0.2513561 -0.02751014 1.009017 -0.2513245 -0.02762479 1.008851 -0.2512919 -0.02772054 1.008697 -0.2512615 -0.027818 1.008522 -0.2512272 -0.02790973 1.008338 -0.251191 -0.02798389 1.008168 -0.2511577 -0.02804781 1.008 -0.2511245 -0.02810744 1.007818 -0.2510887 -0.02815641 1.00764 -0.2510538 -0.02819819 1.007455 -0.2510173 -0.02823037 1.007265 -0.2509801 -0.02825093 1.007088 -0.2509453 -0.02826416 1.006893 -0.250907 -0.02826689 1.00675 -0.2508788 -0.0282657 1.006606 -0.2508505 -0.02746922 1.006606 -0.2508505 -0.02746384 1.006825 -0.2508934 -0.02744874 1.007001 -0.2509281 -0.02742426 1.007191 -0.2509654 -0.02740485 1.007299 -0.2509868 -0.02736203 1.007485 -0.2510233 -0.02730777 1.007673 -0.2510602 -0.0272478 1.007842 -0.2510935 -0.02717752 1.008008 -0.2511261 -0.02709851 1.008172 -0.2511584 -0.0270104 1.008331 -0.2511897 -0.02690706 1.008495 -0.2512219 -0.02679847 1.008647 -0.2512518 -0.02668923 1.008785 -0.251279 -0.02657108 1.008919 -0.2513054 -0.02642354 1.009071 -0.2513351 -0.02629154 1.009193 -0.2513592 -0.02617124 1.009294 -0.251379 -0.02604775 1.009391 -0.2513981 -0.02586372 1.009522 -0.2514239 -0.02570919 1.009621 -0.2514433 -0.02555148 1.009709 -0.2514607 -0.02534916 1.00981 -0.2514805 -0.02523418 1.009861 -0.2514905 -0.02506366 1.009925 -0.2515032 -0.02487406 1.009986 -0.2515151 -0.02468697 1.010036 -0.2515248 -0.02450362 1.010073 -0.2515323 -0.02431603 1.010102 -0.2515379 -0.02413679 1.01012 -0.2515415 -0.02394696 1.010131 -0.2515436 -0.02381406 1.010132 -0.2515439 -0.02362846 1.010126 -0.2515426 -0.0235092 1.010116 -0.2515408 -0.02339537 1.010103 -0.2515381 -0.02320048 1.01007 -0.2515316 -0.02302227 1.01003 -0.2515237 -0.02284177 1.009978 -0.2515135 -0.0226796 1.009921 -0.2515023 -0.02250246 1.009848 -0.251488 -0.02237437 1.009788 -0.2514762 -0.02220798 1.009698 -0.2514586 -0.02205035 1.009603 -0.2514398 -0.02188857 1.009491 -0.2514178 -0.02174731 1.009381 -0.2513962 -0.02161127 1.009263 -0.2513729 -0.02147762 1.009133 -0.2513474 -0.02140249 1.009055 -0.251332 -0.02132978 1.008974 -0.2513161 -0.02119038 1.008808 -0.2512834 -0.02101407 1.008563 -0.2512353 -0.02091623 1.008411 -0.2512054 -0.02082543 1.008251 -0.251174 -0.02074341 1.008086 -0.2511415 -0.02067366 1.007922 -0.2511093 -0.02061009 1.007743 -0.251074 -0.0205595 1.007569 -0.2510398 -0.02051763 1.007388 -0.2510042 -0.02048637 1.007198 -0.2509668 -0.02046792 1.007007 -0.2509294 -0.02046109 1.006814 -0.2508914 -0.02046505 1.006632 -0.2508556 -0.02047923 1.006447 -0.2508192 -0.02050487 1.006255 -0.2507814 -0.02053862 1.006077 -0.2507465 -0.02058324 1.005895 -0.2507106 -0.0206395 1.005711 -0.2506744 -0.02070097 1.005545 -0.2506418 -0.02077194 1.005382 -0.2506098 -0.02085254 1.005222 -0.2505783 -0.020942 1.005067 -0.2505478 -0.02104715 1.004907 -0.2505164 -0.02115659 1.00476 -0.2504874 -0.02127708 1.004613 -0.2504585 -0.02140641 1.004471 -0.2504306 -0.02153355 1.004345 -0.2504059 -0.0216192 1.004267 -0.2503906 -0.02171505 1.004186 -0.2503745 -0.02190352 1.004034 -0.2503447 -0.02219547 1.003833 -0.2503053 -0.0223594 1.003735 -0.2502858 -0.02253522 1.003642 -0.2502677 -0.02270255 1.003566 -0.2502527 -0.0228786 1.003497 -0.2502391 -0.02305857 1.003437 -0.2502274 -0.02324339 1.003386 -0.2502174 -0.02343056 1.003346 -0.2502094 -0.02355476 1.003325 -0.2502053 -0.02374043 1.003303 -0.2502009 -0.02393973 1.00329 -0.2501984 -0.02414206 1.003287 -0.2501979 -0.02432409 1.003293 -0.250199 -0.02450774 1.003308 -0.250202 -0.02460964 1.003321 -0.2502045 -0.02472053 1.003338 -0.2502078 -0.02493237 1.003375 -0.2502151 -0.0251407 1.002625 -0.2500676 -0.02492545 1.002577 -0.2500582 -0.02472957 1.002545 -0.2500519 -0.02450894 1.002519 -0.2500469 -0.0243095 1.002506 -0.2500443 -0.02411927 1.002504 -0.2500439 -0.02389879 1.002512 -0.2500453 -0.02371557 1.002526 -0.2500482 -0.02353001 1.002551 -0.2500531 -0.02329593 1.002593 -0.2500613 -0.0231029 1.002637 -0.25007 -0.02289594 1.002695 -0.2500815 -0.02271251 1.002756 -0.2500935 -0.02252359 1.00283 -0.2501079 -0.02231526 1.002922 -0.250126 -0.02212659 1.003016 -0.2501445 -0.02192516 1.003127 -0.2501664 -0.02174368 1.003239 -0.2501884 -0.02157256 1.003355 -0.2502112 -0.02140512 1.003476 -0.2502349 -0.02116451 1.003667 -0.2502725 -0.02095769 1.00385 -0.2503085 -0.0207974 1.004005 -0.2503391 -0.02065966 1.004152 -0.2503679 -0.02052749 1.004303 -0.2503976 -0.02040299 1.00446 -0.2504286 -0.02028562 1.004623 -0.2504605 -0.02018826 1.004775 -0.2504904 -0.02007134 1.004978 -0.2505304 -0.01998485 1.005148 -0.2505637 -0.01990584 1.005327 -0.2505989 -0.01983936 1.005503 -0.2506335 -0.01978044 1.005688 -0.2506699 -0.0197306 1.005877 -0.2507072 -0.01968853 1.006075 -0.2507461 -0.01965851 1.006264 -0.2507832 -0.01964355 1.006404 -0.2508107 -0.01963269 1.006543 -0.2508382 -0.01962704 1.006881 -0.2509045 -0.01963481 1.007062 -0.2509402 -0.01965301 1.00725 -0.2509772 -0.01968081 1.007439 -0.2510143 -0.01971845 1.00763 -0.2510519 -0.01976589 1.007821 -0.2510895 -0.01982269 1.00801 -0.2511265 -0.01988956 1.008198 -0.2511635 -0.01995974 1.008369 -0.2511971 -0.02004068 1.008543 -0.2512313 -0.02014314 1.008737 -0.2512696 -0.02024372 1.008908 -0.2513032 -0.02031811 1.009024 -0.2513259 -0.02039922 1.009141 -0.251349 -0.02056538 1.009368 -0.2513935 -0.02080364 1.009648 -0.2514485 -0.0209268 1.009777 -0.251474 -0.02106808 1.009912 -0.2515005 -0.02122486 1.010047 -0.2515272 -0.02137149 1.010163 -0.2515499 -0.02151821 1.010268 -0.2515705 -0.0216829 1.010374 -0.2515914 -0.02185188 1.010471 -0.2516104 -0.02202564 1.010558 -0.2516276 -0.0222062 1.010638 -0.2516434 -0.02237393 1.010703 -0.2516561 -0.02254548 1.010761 -0.2516675 -0.02272038 1.010811 -0.2516773 -0.02289817 1.010854 -0.2516857 -0.02308948 1.01089 -0.2516929 -0.0232929 1.01092 -0.2516987 -0.02351661 1.010942 -0.2517031 -0.0237245 1.010953 -0.2517053 -0.02393271 1.010954 -0.2517055 -0.02412226 1.010946 -0.2517039 -0.02431784 1.010928 -0.2517004 -0.02451458 1.010901 -0.2516951 -0.02471377 1.010864 -0.2516878 -0.02489634 1.010822 -0.2516794 -0.02507461 1.010771 -0.2516695 -0.02524994 1.010712 -0.2516578 -0.02545388 1.010632 -0.2516422 -0.02565622 1.010543 -0.2516245 -0.02583933 1.010451 -0.2516065 -0.02601506 1.010352 -0.2515871 -0.02619072 1.010242 -0.2515655 -0.0263568 1.010129 -0.2515432 -0.02951995 1.001372 -0.2498213 -0.03107925 1.005901 -0.2507118 -0.03166418 1.005207 -0.2505755 -0.03043983 1.001629 -0.2498717 -0.03422829 1.002165 -0.2499772 -0.03481322 1.001471 -0.2498408 -0.03001995 1.000779 -0.2497047 -0.02709848 0.9984082 -0.2492385 -0.02659848 0.999001 -0.249355 0.02127143 0.9378682 -0.2373341 0.02145918 0.9379731 -0.2373547 0.02158017 0.9380498 -0.2373698 0.02173527 0.9381609 -0.2373916 0.02187987 0.9382784 -0.2374147 0.02197645 0.9383656 -0.2374319 0.02206531 0.9384529 -0.2374491 0.02214655 0.9385403 -0.2374662 0.0222205 0.9386274 -0.2374834 0.02234008 0.9387838 -0.2375141 0.02239736 0.9388671 -0.2375305 0.02249803 0.9390323 -0.237563 0.02257991 0.9391895 -0.2375939 0.02264646 0.9393376 -0.237623 0.02270018 0.9394762 -0.2376503 0.02275705 0.9396511 -0.2376846 0.02280775 0.9398401 -0.2377218 0.02285616 0.9400634 -0.2377657 0.02289509 0.9402951 -0.2378113 0.02292556 0.9405502 -0.2378614 0.02294443 0.9408158 -0.2379137 0.02295412 0.9410819 -0.237966 0.02196454 0.9411369 -0.2379768 0.02194509 0.9407277 -0.2378963 0.02192375 0.9405239 -0.2378563 0.02188928 0.9403024 -0.2378127 0.0218519 0.9401192 -0.2377767 0.02180293 0.9399334 -0.2377402 0.02176362 0.9398132 -0.2377165 0.02172245 0.9397048 -0.2376952 0.02168044 0.9396069 -0.237676 0.02159224 0.9394327 -0.2376417 0.02150609 0.9392946 -0.2376145 0.02142489 0.9391855 -0.2375931 0.02135099 0.9390992 -0.2375761 0.02121548 0.9389666 -0.23755 0.02106371 0.9388532 -0.2375278 0.02090084 0.9387546 -0.2375084 0.02072985 0.9386769 -0.2374931 0.02061296 0.9386319 -0.2374842 0.02051461 0.9386009 -0.2374781 0.020322 0.9385562 -0.2374693 0.02014229 0.9385322 -0.2374646 0.01997616 0.9385247 -0.2374632 0.01982377 0.9385296 -0.2374641 0.01968489 0.9385446 -0.2374671 0.01955898 0.9385676 -0.2374716 0.01944523 0.9385965 -0.2374773 0.01934299 0.9386296 -0.2374838 0.01916332 0.9387094 -0.2374995 0.0190223 0.9387925 -0.2375158 0.01891137 0.9388715 -0.2375314 0.01882445 0.938944 -0.2375456 0.01869051 0.9390768 -0.2375717 0.01857316 0.9392237 -0.2376006 0.01847496 0.9393837 -0.2376321 0.01840976 0.9395253 -0.2376599 0.01836924 0.9396319 -0.2376809 0.01833543 0.9397558 -0.2377052 0.01831581 0.9398611 -0.237726 0.01829823 0.9400385 -0.2377608 0.01830002 0.9402163 -0.2377958 0.0183147 0.9403939 -0.2378307 0.018353 0.9406219 -0.2378755 0.01839518 0.9408044 -0.2379114 0.0184588 0.9410326 -0.2379563 0.01856677 0.941355 -0.2380197 0.01873866 0.9418033 -0.2381078 0.01890528 0.9421887 -0.2381836 0.01908193 0.9425698 -0.2382586 0.01945896 0.9433954 -0.2384209 0.01962841 0.943816 -0.2385036 0.01971233 0.9440492 -0.2385495 0.0197475 0.9441597 -0.2385712 0.01977524 0.9442558 -0.2385901 0.01982111 0.9444666 -0.2386316 0.01984978 0.9447073 -0.2386789 0.01985884 0.9448686 -0.2387106 0.01985896 0.9449696 -0.2387305 0.01984694 0.9451543 -0.2387668 0.01982573 0.9453072 -0.2387968 0.01980177 0.9454336 -0.2388217 0.01977667 0.9455378 -0.2388422 0.0197234 0.9457086 -0.2388758 0.01965578 0.9458743 -0.2389084 0.01957672 0.9460351 -0.23894 0.01947052 0.946212 -0.2389748 0.01939371 0.9463259 -0.2389972 0.01932272 0.9464184 -0.2390154 0.01924328 0.9465108 -0.2390335 0.01915501 0.9466031 -0.2390517 0.01906327 0.9466892 -0.2390686 0.01897083 0.9467667 -0.2390838 0.01887819 0.9468362 -0.2390975 0.01878605 0.9468982 -0.2391097 0.01869496 0.9469534 -0.2391206 0.01860534 0.9470024 -0.2391302 0.01842778 0.9470853 -0.2391465 0.01825911 0.9471478 -0.2391588 0.01810026 0.9471923 -0.2391675 0.01795189 0.9472224 -0.2391734 0.01781438 0.9472413 -0.2391772 0.01768756 0.9472517 -0.2391792 0.01757095 0.9472557 -0.23918 0.01746398 0.9472549 -0.2391798 0.01726841 0.9472417 -0.2391772 0.01710674 0.947219 -0.2391728 0.01692686 0.9471817 -0.2391655 0.01682482 0.947155 -0.2391602 0.016696 0.9471145 -0.2391522 0.01657641 0.9470687 -0.2391432 0.01647593 0.9470245 -0.2391345 0.01633754 0.9469589 -0.2391216 0.01610649 0.9468243 -0.2390952 0.01595913 0.9467245 -0.2390755 0.01586827 0.9466541 -0.2390617 0.01578463 0.9465825 -0.2390476 0.01570777 0.9465105 -0.2390335 0.0156371 0.9464385 -0.2390193 0.01550954 0.9462935 -0.2389908 0.01540181 0.9461533 -0.2389632 0.01531164 0.9460189 -0.2389368 0.01523723 0.9458908 -0.2389116 0.0151565 0.9457264 -0.2388793 0.01507996 0.9455472 -0.238844 0.01501629 0.9453712 -0.2388094 0.01496016 0.9451863 -0.2387731 0.01489049 0.9449107 -0.2387189 0.01483163 0.9446257 -0.2386628 0.01478305 0.9443388 -0.2386064 0.01579266 0.9441757 -0.2385744 0.0158533 0.9445076 -0.2386396 0.01592405 0.944803 -0.2386977 0.01597293 0.9449787 -0.2387323 0.01601014 0.9450917 -0.2387545 0.01604878 0.9451938 -0.2387746 0.0160878 0.945286 -0.2387927 0.01617152 0.9454494 -0.2388248 0.01625586 0.9455776 -0.23885 0.01633543 0.9456779 -0.2388698 0.01640769 0.9457566 -0.2388852 0.01653913 0.9458773 -0.238909 0.01668383 0.9459819 -0.2389295 0.01683834 0.9460724 -0.2389473 0.01700975 0.9461486 -0.2389623 0.01712703 0.9461919 -0.2389708 0.01727015 0.9462294 -0.2389782 0.01740447 0.9462495 -0.2389821 0.01752885 0.9462553 -0.2389833 0.01764284 0.9462501 -0.2389823 0.01774652 0.9462366 -0.2389796 0.01793276 0.9461918 -0.2389708 0.01808173 0.9461351 -0.2389596 0.01819917 0.9460736 -0.2389476 0.01829118 0.9460127 -0.2389356 0.01843026 0.9458928 -0.238912 0.01854679 0.9457524 -0.2388844 0.01864523 0.9455988 -0.2388542 0.01871473 0.945452 -0.2388253 0.01875175 0.9453503 -0.2388053 0.01877797 0.9452548 -0.2387865 0.01881059 0.9450762 -0.2387514 0.01882207 0.9449255 -0.2387218 0.01881852 0.9447996 -0.238697 0.01880801 0.9446951 -0.2386765 0.01878773 0.9445643 -0.2386508 0.01876143 0.9444367 -0.2386257 0.01873365 0.9443286 -0.2386044 0.0186913 0.9441835 -0.2385759 0.01864434 0.9440622 -0.238552 0.01860411 0.9439669 -0.2385333 0.01836553 0.9434487 -0.2384314 0.01801422 0.9427251 -0.2382891 0.01773233 0.9421186 -0.2381698 0.0175671 0.9417123 -0.23809 0.01743291 0.9413293 -0.2380147 0.01735498 0.9410668 -0.237963 0.01730602 0.9408676 -0.2379238 0.01726585 0.9406603 -0.2378831 0.01723932 0.9404722 -0.2378461 0.01722567 0.9402914 -0.2378106 0.01722143 0.9400983 -0.2377726 0.01722777 0.9399128 -0.2377361 0.01724545 0.9397384 -0.2377018 0.01727447 0.9395632 -0.2376674 0.01729949 0.9394493 -0.237645 0.01735356 0.9392626 -0.2376082 0.01742373 0.939081 -0.2375726 0.01750941 0.938906 -0.2375381 0.01757846 0.9387874 -0.2375148 0.01763133 0.9387019 -0.237498 0.01772198 0.9385717 -0.2374724 0.01779987 0.9384736 -0.2374531 0.01788529 0.938377 -0.2374341 0.01797525 0.9382858 -0.2374162 0.01806933 0.9382 -0.2373993 0.01820971 0.9380863 -0.237377 0.01831883 0.9380082 -0.2373616 0.01842366 0.9379418 -0.2373485 0.01853157 0.9378813 -0.2373367 0.01870408 0.9377965 -0.23732 0.01880564 0.9377525 -0.2373113 0.01890458 0.9377141 -0.2373038 0.01907856 0.9376567 -0.2372925 0.01926063 0.9376082 -0.2372829 0.01942981 0.9375731 -0.237276 0.01958645 0.9375491 -0.2372713 0.01973104 0.937535 -0.2372686 0.0198641 0.9375289 -0.2372673 0.01998623 0.9375286 -0.2372673 0.02009809 0.9375328 -0.2372681 0.02020037 0.9375408 -0.2372697 0.02038674 0.9375659 -0.2372746 0.02054025 0.9375969 -0.2372807 0.02066665 0.9376292 -0.2372871 0.02085348 0.9376873 -0.2372985 0.0209605 0.9377267 -0.2373062 0.02106557 0.9377707 -0.2373149 0.00799912 0.9425768 -0.2382599 0.01018261 0.9430367 -0.2383504 0.009980289 0.9439684 -0.2385336 0.004623719 0.9428422 -0.2383121 0.004826043 0.9419105 -0.2381289 0.007003527 0.9423684 -0.238219 0.00889255 0.9337219 -0.2365188 0.009888143 0.9339302 -0.2365597 0.000447832 0.9376455 -0.2372903 0.0004790588 0.9379791 -0.2373559 0.0004887258 0.9381987 -0.2373991 0.0004883264 0.9384501 -0.2374485 0.0004775597 0.938676 -0.2374929 0.0004582594 0.9388786 -0.2375327 0.0004313288 0.9390804 -0.2375724 0.0003970806 0.9392813 -0.2376119 0.0003535905 0.9394802 -0.237651 0.0003019248 0.9396774 -0.2376898 0.0002438675 0.9398728 -0.2377283 0.0001777306 0.9400657 -0.2377662 0.0001029328 0.9402556 -0.2378035 2.108587e-05 0.9404426 -0.2378403 -6.761793e-05 0.9406266 -0.2378765 -0.0001636652 0.940807 -0.237912 -0.000266913 0.9409836 -0.2379467 -0.0003770918 0.941156 -0.2379806 -0.0004939996 0.9413242 -0.2380136 -0.0006178771 0.9414875 -0.2380457 -0.000749069 0.9416451 -0.2380768 -0.0008875814 0.9417966 -0.2381066 -0.001032466 0.9419423 -0.2381352 -0.001182312 0.9420831 -0.2381629 -0.001337752 0.9422179 -0.2381894 -0.001499185 0.9423457 -0.2382145 -0.001665405 0.9424675 -0.2382385 -0.001836088 0.9425832 -0.2382612 -0.002011528 0.9426918 -0.2382826 -0.002191354 0.9427933 -0.2383025 -0.00237522 0.9428876 -0.2383211 -0.002563073 0.9429739 -0.238338 -0.002754492 0.9430524 -0.2383535 -0.002948907 0.9431234 -0.2383674 -0.003145995 0.9431869 -0.2383799 -0.003345541 0.9432426 -0.2383909 -0.003547367 0.9432897 -0.2384001 -0.003751092 0.943328 -0.2384077 -0.003898053 0.9433506 -0.2384121 -0.004045357 0.9433712 -0.2384162 -0.004504015 0.9434081 -0.2384234 -0.004733925 0.9434161 -0.238425 -0.004985594 0.9434133 -0.2384245 -0.005244079 0.9433984 -0.2384215 -0.005501508 0.9433716 -0.2384162 -0.005757434 0.9433329 -0.2384086 -0.005985867 0.9432877 -0.2383997 -0.006189217 0.9432375 -0.2383899 -0.006389959 0.943178 -0.2383782 -0.006587926 0.9431099 -0.2383648 -0.006782956 0.9430342 -0.2383499 -0.006974632 0.9429507 -0.2383335 -0.007162431 0.9428591 -0.2383155 -0.007346041 0.9427597 -0.2382959 -0.00752543 0.9426531 -0.2382749 -0.007700572 0.9425399 -0.2382527 -0.007871374 0.9424205 -0.2382292 -0.008037709 0.9422952 -0.2382046 -0.008199265 0.9421639 -0.2381788 -0.008355496 0.9420267 -0.2381518 -0.008505875 0.9418832 -0.2381236 -0.008650034 0.9417338 -0.2380942 -0.008787662 0.9415785 -0.2380637 -0.008918492 0.9414177 -0.238032 -0.009042304 0.9412516 -0.2379994 -0.009158844 0.9410805 -0.2379657 -0.009267742 0.9409046 -0.2379311 -0.009368632 0.9407242 -0.2378957 -0.00946143 0.9405397 -0.2378594 -0.009546216 0.9403514 -0.2378224 -0.009623027 0.94016 -0.2377847 -0.009691806 0.9399656 -0.2377465 -0.00975245 0.9397685 -0.2377077 -0.009804608 0.9395692 -0.2376685 -0.009847873 0.9393679 -0.237629 -0.00988669 0.939145 -0.2375851 -0.009920757 0.9389211 -0.2375411 -0.009957291 0.9384751 -0.2374534 -0.009964037 0.9382515 -0.2374094 -0.009959336 0.9380068 -0.2373613 -0.009942119 0.9377556 -0.2373119 -0.009915915 0.9375304 -0.2372677 -0.009883172 0.937329 -0.2372281 -0.009841559 0.9371293 -0.2371888 -0.009791298 0.9369313 -0.2371499 -0.009732619 0.9367357 -0.2371114 -0.009665624 0.9365427 -0.2370734 -0.00959037 0.9363526 -0.237036 -0.009506995 0.9361658 -0.2369993 -0.009415701 0.9359825 -0.2369633 -0.00931671 0.9358032 -0.236928 -0.009210291 0.9356281 -0.2368936 -0.009096737 0.9354573 -0.23686 -0.008976639 0.9352909 -0.2368273 -0.008850803 0.9351285 -0.2367953 -0.008719747 0.9349702 -0.2367642 -0.008583041 0.9348167 -0.236734 -0.008440112 0.9346686 -0.2367049 -0.008290986 0.9345266 -0.236677 -0.00813623 0.9343904 -0.2366502 -0.007976283 0.9342601 -0.2366246 -0.007811091 0.9341364 -0.2366003 -0.007640539 0.93402 -0.2365774 -0.007464888 0.9339109 -0.2365559 -0.007284651 0.9338093 -0.2365359 -0.007100249 0.9337151 -0.2365174 -0.006911915 0.9336289 -0.2365005 -0.006719895 0.933551 -0.2364852 -0.00652464 0.9334811 -0.2364714 -0.006326677 0.9334188 -0.2364592 -0.00612642 0.933364 -0.2364484 -0.005924123 0.9333174 -0.2364392 -0.005651622 0.9332681 -0.2364295 -0.005377489 0.9332269 -0.2364214 -0.004923457 0.9331896 -0.2364141 -0.004695853 0.9331824 -0.2364127 -0.004446713 0.9331865 -0.2364135 -0.004190847 0.9332028 -0.2364167 -0.00393615 0.933231 -0.2364222 -0.003708461 0.9332672 -0.2364293 -0.003505209 0.9333088 -0.2364375 -0.00330393 0.9333589 -0.2364474 -0.003104971 0.9334171 -0.2364588 -0.002908568 0.9334832 -0.2364718 -0.002714949 0.9335568 -0.2364863 -0.002524598 0.9336382 -0.2365023 -0.002338179 0.9337278 -0.2365199 -0.002156104 0.9338257 -0.2365392 -0.001978193 0.9339308 -0.2365598 -0.001804224 0.9340421 -0.2365817 -0.001634396 0.9341592 -0.2366048 -0.001469144 0.9342825 -0.236629 -0.001308789 0.9344119 -0.2366544 -0.001153375 0.9345469 -0.236681 -0.001002936 0.9346874 -0.2367086 -0.0008579513 0.9348333 -0.2367373 -0.000719205 0.9349847 -0.2367671 -0.0005872626 0.935142 -0.236798 -0.0004621601 0.9353046 -0.23683 -0.0003439027 0.9354721 -0.2368629 -0.0002328696 0.9356443 -0.2368968 -0.0001296207 0.935821 -0.2369315 -3.451341e-05 0.9360021 -0.2369671 5.237977e-05 0.9361872 -0.2370035 0.0001310734 0.9363757 -0.2370406 0.000201853 0.9365672 -0.2370782 0.0002650295 0.9367614 -0.2371164 0.0003201789 0.9369578 -0.237155 0.0003662783 0.9371563 -0.2371941 0.0004105898 0.9374003 -0.2372421 -0.001685224 0.9354095 -0.2368506 -0.001829295 0.9352697 -0.2368231 -0.00154832 0.9355561 -0.2368794 -0.001981865 0.9351352 -0.2367967 -0.001431837 0.9356935 -0.2369064 -0.002145092 0.9350038 -0.2367708 -0.001322044 0.9358356 -0.2369344 -0.002330077 0.9348684 -0.2367442 -0.001218817 0.9359828 -0.2369633 -0.002507425 0.9347515 -0.2367212 -0.001122285 0.9361349 -0.2369932 -0.002672061 0.9346539 -0.236702 -0.001033759 0.9362895 -0.2370236 -0.002846828 0.9345609 -0.2366837 -0.0009461212 0.9364614 -0.2370574 -0.003027873 0.934475 -0.2366668 -0.0008732431 0.9366243 -0.2370895 -0.003199135 0.9344033 -0.2366528 -0.0008015443 0.9368091 -0.2371258 -0.003375551 0.9343392 -0.2366402 -0.000726635 0.9370349 -0.2371702 -0.003556698 0.934283 -0.2366291 -0.0006748842 0.9372204 -0.2372067 -0.00374007 0.9342349 -0.2366196 -0.0006327077 0.93741 -0.237244 -0.003917808 0.9341971 -0.2366122 -0.004112442 0.9341661 -0.2366061 -0.0005758058 0.9377654 -0.2373139 -0.00431497 0.9341447 -0.2366019 -0.0005574811 0.9379562 -0.2373514 -0.004524249 0.934132 -0.2365994 -0.0005442958 0.9381474 -0.237389 -0.004712842 0.9341292 -0.2365988 -0.0005397447 0.9383345 -0.2374258 -0.004835467 0.9341323 -0.2365994 -0.004970307 0.9341401 -0.236601 -0.0005442395 0.9385175 -0.2374617 -0.005227248 0.9341625 -0.2366054 -0.0005618901 0.9387681 -0.237511 -0.0005844223 0.93895 -0.2375468 -0.005502559 0.9342026 -0.2366133 -0.0006234287 0.9391666 -0.2375894 -0.005681523 0.9342381 -0.2366203 -0.0006678036 0.939363 -0.237628 -0.005904761 0.9342938 -0.2366312 -0.0007187234 0.9395419 -0.2376632 -0.00608311 0.9343473 -0.2366417 -0.0007853513 0.9397377 -0.2377017 -0.006269014 0.934413 -0.2366546 -0.0008582965 0.9399252 -0.2377386 -0.00647136 0.9344949 -0.2366707 -0.0009320418 0.9400889 -0.2377708 -0.006636511 0.9345709 -0.2366857 -0.001041055 0.9403024 -0.2378127 -0.006814153 0.9346631 -0.2367038 -0.001136388 0.9404673 -0.2378452 -0.00698698 0.9347637 -0.2367236 -0.001243738 0.9406318 -0.2378775 -0.007156872 0.9348736 -0.2367452 -0.001368212 0.9408038 -0.2379113 -0.007326313 0.9349943 -0.2367689 -0.007473835 0.9351093 -0.2367915 -0.001503086 0.9409725 -0.2379445 -0.007623669 0.9352383 -0.2368169 -0.001633495 0.9411188 -0.2379733 -0.00776831 0.9353762 -0.236844 -0.001785353 0.9412715 -0.2380033 -0.007906042 0.9355207 -0.2368725 -0.001944302 0.9414171 -0.2380319 -0.008038327 0.9356733 -0.2369025 -0.00209015 0.9415373 -0.2380556 -0.008153749 0.9358202 -0.2369314 -0.002292377 0.9416882 -0.2380852 -0.008256475 0.9359655 -0.2369599 -0.00836398 0.9361358 -0.2369934 -0.002464359 0.9418048 -0.2381082 -0.00263709 0.9419099 -0.2381288 -0.00281249 0.9420056 -0.2381476 -0.008464626 0.9363129 -0.2370282 -0.002992198 0.9420934 -0.2381649 -0.008549192 0.9364814 -0.2370614 -0.008627954 0.9366603 -0.2370966 -0.003157567 0.9421646 -0.2381789 -0.008699776 0.9368462 -0.2371331 -0.003342945 0.9422328 -0.2381923 -0.008758222 0.9370211 -0.2371675 -0.003575584 0.9423067 -0.2382068 -0.003752602 0.9423529 -0.2382159 -0.008807646 0.9371966 -0.237202 -0.008852971 0.9373937 -0.2372408 -0.003933641 0.9423898 -0.2382232 -0.008893021 0.9376112 -0.2372835 -0.004207617 0.9424316 -0.2382314 -0.008916225 0.9377939 -0.2373195 -0.004402195 0.9424496 -0.2382349 -0.008934345 0.9380457 -0.237369 -0.00893918 0.9382296 -0.2374051 -0.004597277 0.94246 -0.238237 -0.008934845 0.9384175 -0.2374421 -0.004802801 0.9424604 -0.2382371 -0.008921646 0.9386096 -0.2374799 -0.005005544 0.9424515 -0.2382353 -0.00520758 0.9424327 -0.2382316 -0.00890313 0.9388013 -0.2375175 -0.005402292 0.9424055 -0.2382263 -0.008861623 0.9390701 -0.2375704 -0.005586044 0.9423709 -0.2382195 -0.008826044 0.9392451 -0.2376048 -0.005762206 0.9423287 -0.2382112 -0.008769279 0.9394684 -0.2376487 -0.005977288 0.9422675 -0.2381991 -0.008708457 0.9396668 -0.2376877 -0.006151756 0.9422095 -0.2381877 -0.006342322 0.9421363 -0.2381733 -0.008644551 0.9398449 -0.2377228 -0.006566878 0.9420386 -0.2381541 -0.008575389 0.9400127 -0.2377558 -0.008498843 0.9401767 -0.237788 -0.006739936 0.9419537 -0.2381374 -0.008415668 0.9403351 -0.2378191 -0.006925128 0.9418517 -0.2381174 -0.008318555 0.9404991 -0.2378514 -0.007093596 0.941748 -0.238097 -0.008207304 0.9406677 -0.2378845 -0.007259358 0.9416347 -0.2380747 -0.007411997 0.9415193 -0.238052 -0.008074726 0.9408489 -0.2379202 -0.007958867 0.9409922 -0.2379484 -0.007551381 0.9414035 -0.2380293 -0.007830859 0.941135 -0.2379765 -0.007692101 0.9412748 -0.2380039 -0.008861623 0.9390316 -0.2377666 -0.00890313 0.9387627 -0.2377138 -0.008826044 0.9392065 -0.2378011 -0.008769279 0.9394299 -0.237845 -0.008708457 0.9396282 -0.237884 -0.008644551 0.9398063 -0.237919 -0.008575389 0.9399741 -0.237952 -0.008498843 0.9401381 -0.2379842 -0.008415668 0.9402964 -0.2380154 -0.008318555 0.9404605 -0.2380477 -0.008207304 0.940629 -0.2380808 -0.008074726 0.9408102 -0.2381164 -0.007958867 0.9409536 -0.2381446 -0.007830859 0.9410964 -0.2381727 -0.007692101 0.9412362 -0.2382002 -0.007551381 0.9413649 -0.2382255 -0.007411997 0.9414808 -0.2382483 -0.007259358 0.9415961 -0.238271 -0.007093596 0.9417095 -0.2382932 -0.006925128 0.941813 -0.2383136 -0.006739936 0.9419151 -0.2383337 -0.006566878 0.9420001 -0.2383504 -0.006342322 0.9420977 -0.2383696 -0.006151756 0.942171 -0.238384 -0.005977288 0.9422289 -0.2383954 -0.005762206 0.94229 -0.2384074 -0.005586044 0.9423323 -0.2384157 -0.005402292 0.9423669 -0.2384225 -0.00520758 0.9423941 -0.2384279 -0.005005544 0.9424128 -0.2384315 -0.004802801 0.9424219 -0.2384333 -0.004597277 0.9424214 -0.2384332 -0.004402195 0.942411 -0.2384312 -0.004207617 0.9423931 -0.2384277 -0.005502559 0.9341639 -0.2368095 -0.005227248 0.934124 -0.2368016 -0.005681523 0.9341995 -0.2368165 -0.005904761 0.9342552 -0.2368274 -0.00608311 0.9343087 -0.236838 -0.006269014 0.9343743 -0.2368509 -0.00647136 0.9344563 -0.236867 -0.006636511 0.9345323 -0.2368819 -0.006814153 0.9346245 -0.2369001 -0.00698698 0.9347252 -0.2369199 -0.007156872 0.934835 -0.2369415 -0.007326313 0.9349556 -0.2369652 -0.007473835 0.9350707 -0.2369878 -0.007623669 0.9351997 -0.2370132 -0.00776831 0.9353376 -0.2370403 -0.007906042 0.9354821 -0.2370687 -0.008038327 0.9356347 -0.2370987 -0.008153749 0.9357816 -0.2371276 -0.008256475 0.9359269 -0.2371562 -0.00836398 0.9360972 -0.2371897 -0.008464626 0.9362744 -0.2372245 -0.008549192 0.9364427 -0.2372576 -0.008627954 0.9366217 -0.2372928 -0.008699776 0.9368076 -0.2373293 -0.008758222 0.9369825 -0.2373637 -0.008807646 0.937158 -0.2373983 -0.008852971 0.9373552 -0.237437 -0.008893021 0.9375726 -0.2374798 -0.008916225 0.9377553 -0.2375157 -0.008934345 0.9380071 -0.2375652 -0.00893918 0.9381909 -0.2376014 -0.008934845 0.9383789 -0.2376383 -0.008921646 0.938571 -0.2376761 -0.0006327077 0.9373715 -0.2374402 -0.0005758058 0.9377268 -0.2375101 -0.0006748842 0.9371818 -0.2374029 -0.000726635 0.9369963 -0.2373665 -0.0008015443 0.9367706 -0.2373221 -0.0008732431 0.9365858 -0.2372857 -0.0009461212 0.9364228 -0.2372537 -0.001033759 0.9362509 -0.2372199 -0.001122285 0.9360963 -0.2371895 -0.001218817 0.9359442 -0.2371596 -0.001322044 0.9357971 -0.2371306 -0.001431837 0.9356548 -0.2371027 -0.00154832 0.9355175 -0.2370757 -0.001685224 0.9353709 -0.2370468 -0.001829295 0.9352311 -0.2370194 -0.001981865 0.9350966 -0.2369929 -0.002145092 0.9349653 -0.2369671 -0.002330077 0.9348298 -0.2369404 -0.002507425 0.9347129 -0.2369174 -0.002672061 0.9346154 -0.2368983 -0.002846828 0.9345223 -0.23688 -0.003027873 0.9344364 -0.2368631 -0.003199135 0.9343647 -0.236849 -0.003375551 0.9343007 -0.2368364 -0.003556698 0.9342444 -0.2368253 -0.00374007 0.9341964 -0.2368159 -0.003917808 0.9341585 -0.2368084 -0.004112442 0.9341276 -0.2368024 -0.00431497 0.9341061 -0.2367981 -0.004524249 0.9340934 -0.2367956 -0.004712842 0.9340905 -0.2367951 -0.004835467 0.9340937 -0.2367957 -0.004970307 0.9341016 -0.2367972 -0.003933641 0.9423511 -0.2384194 -0.003752602 0.9423143 -0.2384122 -0.003575584 0.9422681 -0.2384031 -0.003342945 0.9421943 -0.2383886 -0.003157567 0.942126 -0.2383751 -0.002992198 0.9420548 -0.2383611 -0.00281249 0.941967 -0.2383439 -0.00263709 0.9418713 -0.2383251 -0.002464359 0.9417662 -0.2383044 -0.002292377 0.9416496 -0.2382815 -0.00209015 0.9414987 -0.2382518 -0.001944302 0.9413785 -0.2382281 -0.001785353 0.9412329 -0.2381995 -0.001633495 0.9410803 -0.2381695 -0.001503086 0.940934 -0.2381407 -0.001368212 0.9407653 -0.2381076 -0.001243738 0.9405933 -0.2380737 -0.001136388 0.9404287 -0.2380414 -0.001041055 0.9402638 -0.238009 -0.0009320418 0.9400504 -0.237967 -0.0008582965 0.9398866 -0.2379348 -0.0007853513 0.9396992 -0.2378979 -0.0007187234 0.9395033 -0.2378594 -0.0006678036 0.9393244 -0.2378242 -0.0006234287 0.9391281 -0.2377856 -0.0005844223 0.9389114 -0.237743 -0.0005618901 0.9387296 -0.2377073 -0.0005442395 0.9384789 -0.237658 -0.0005397447 0.9382959 -0.237622 -0.0005442958 0.9381088 -0.2375852 -0.0005574811 0.9379176 -0.2375476 -0.01799136 0.93654 -0.2370729 -0.01342806 0.9452141 -0.2387785 -0.01518888 0.9461064 -0.238954 -0.01587644 0.9464449 -0.2390206 -0.01650536 0.9467288 -0.2390764 -0.01679274 0.9468468 -0.2390996 -0.01704356 0.9469377 -0.2391175 -0.01715784 0.9469736 -0.2391245 -0.01730026 0.9470106 -0.2391318 -0.01748702 0.9470475 -0.2391391 -0.01761259 0.947066 -0.2391427 -0.01774163 0.9470789 -0.2391452 -0.0178657 0.947086 -0.2391466 -0.01798476 0.9470868 -0.2391468 -0.01809879 0.947082 -0.2391458 -0.0182078 0.9470728 -0.239144 -0.01831177 0.9470598 -0.2391415 -0.0184107 0.9470428 -0.2391381 -0.01859795 0.946999 -0.2391295 -0.01876646 0.9469476 -0.2391194 -0.01891765 0.9468911 -0.2391083 -0.01905242 0.9468304 -0.2390964 -0.01917235 0.9467676 -0.239084 -0.01927885 0.9467041 -0.2390715 -0.01937302 0.9466407 -0.2390591 -0.01945636 0.9465784 -0.2390468 -0.0196017 0.9464554 -0.2390226 -0.01971373 0.9463434 -0.2390006 -0.01983129 0.9462097 -0.2389743 -0.01989516 0.94613 -0.2389586 -0.01999405 0.9459917 -0.2389315 -0.02008353 0.9458474 -0.2389031 -0.02016684 0.9456995 -0.238874 -0.02023247 0.9455663 -0.2388478 -0.02027797 0.9454676 -0.2388284 -0.0203418 0.9453086 -0.2387971 -0.02038161 0.9451903 -0.2387739 -0.02043327 0.9450036 -0.2387372 -0.02045726 0.9448948 -0.2387158 -0.02047457 0.9447895 -0.2386951 -0.0204858 0.9446877 -0.238675 -0.02049537 0.944492 -0.2386366 -0.02049053 0.9443124 -0.2386012 -0.02047165 0.9441488 -0.2385691 -0.02044196 0.9440006 -0.2385399 -0.02040639 0.9438667 -0.2385136 -0.02036764 0.9437457 -0.2384898 -0.02032629 0.9436367 -0.2384684 -0.02028284 0.943539 -0.2384492 -0.02019199 0.9433651 -0.238415 -0.0201056 0.9432261 -0.2383876 -0.01999708 0.943077 -0.2383583 -0.01987548 0.94293 -0.2383294 -0.0197746 0.942821 -0.238308 -0.01966743 0.942718 -0.2382877 -0.01955587 0.9426195 -0.2382684 -0.01939126 0.9424893 -0.2382428 -0.01921902 0.942369 -0.2382191 -0.01898348 0.9422169 -0.2381892 -0.01855077 0.9419603 -0.2381387 -0.01819294 0.9417627 -0.2380999 -0.01738439 0.9413399 -0.2380167 -0.01675338 0.9410195 -0.2379537 -0.01887478 0.9369862 -0.2371606 -0.01630667 0.9418687 -0.2381207 -0.01475418 0.944817 -0.2387005 -0.01781108 0.9426097 -0.2382664 -0.01807036 0.9427456 -0.2382931 -0.01826702 0.9428552 -0.2383147 -0.018488 0.9429897 -0.2383411 -0.01864416 0.9430952 -0.2383619 -0.01631668 0.9456091 -0.2388562 -0.01879345 0.9432062 -0.2383837 -0.01893889 0.94333 -0.2384081 -0.01662256 0.9457597 -0.2388858 -0.01906152 0.9434545 -0.2384325 -0.01916173 0.9435792 -0.2384571 -0.01924186 0.9437017 -0.2384812 -0.01677496 0.9458279 -0.2388992 -0.01693591 0.9458947 -0.2389124 -0.01930464 0.9438201 -0.2385044 -0.01720372 0.9459952 -0.2389321 -0.01935258 0.9439332 -0.2385267 -0.01938785 0.9440399 -0.2385476 -0.01738896 0.9460525 -0.2389434 -0.01749186 0.9460773 -0.2389483 -0.01941244 0.9441398 -0.2385673 -0.0176055 0.946098 -0.2389524 -0.01943986 0.9443263 -0.238604 -0.01773078 0.9461122 -0.2389552 -0.01944702 0.9444832 -0.2386348 -0.01786838 0.9461161 -0.2389559 -0.01801815 0.9461057 -0.2389539 -0.01944112 0.9446139 -0.2386605 -0.01942776 0.9447222 -0.2386818 -0.01817923 0.9460765 -0.2389481 -0.01938942 0.9449001 -0.2387168 -0.01834999 0.946025 -0.238938 -0.01932965 0.945072 -0.2387506 -0.01852823 0.9459477 -0.2389228 -0.01925338 0.9452376 -0.2387832 -0.01861737 0.9458996 -0.2389133 -0.01915769 0.9453962 -0.2388143 -0.01870719 0.9458441 -0.2389024 -0.01908589 0.9454966 -0.2388341 -0.01879276 0.9457835 -0.2388905 -0.01895388 0.9456439 -0.2388631 -0.01887513 0.9457167 -0.2388774 -0.01475418 0.9447784 -0.2388967 -0.01631668 0.9455705 -0.2390525 -0.01915769 0.9453576 -0.2390106 -0.01925338 0.945199 -0.2389794 -0.01908589 0.945458 -0.2390303 -0.01895388 0.9456053 -0.2390593 -0.01887513 0.9456782 -0.2390736 -0.01879276 0.9457449 -0.2390868 -0.01870719 0.9458055 -0.2390987 -0.01861737 0.945861 -0.2391096 -0.01852823 0.9459091 -0.239119 -0.01834999 0.9459864 -0.2391342 -0.01817923 0.9460379 -0.2391444 -0.01801815 0.9460671 -0.2391501 -0.01786838 0.9460776 -0.2391522 -0.01773078 0.9460737 -0.2391514 -0.0176055 0.9460594 -0.2391486 -0.01749186 0.9460387 -0.2391445 -0.01738896 0.9460139 -0.2391396 -0.01720372 0.9459566 -0.2391284 -0.01693591 0.9458561 -0.2391086 -0.01677496 0.9457893 -0.2390955 -0.01662256 0.9457211 -0.2390821 -0.01781108 0.942571 -0.2384627 -0.01807036 0.942707 -0.2384894 -0.01826702 0.9428165 -0.2385109 -0.018488 0.9429511 -0.2385374 -0.01864416 0.9430566 -0.2385581 -0.01879345 0.9431676 -0.23858 -0.01893889 0.9432913 -0.2386043 -0.01906152 0.9434158 -0.2386288 -0.01916173 0.9435406 -0.2386533 -0.01924186 0.9436631 -0.2386774 -0.01930464 0.9437816 -0.2387007 -0.01935258 0.9438945 -0.2387229 -0.01938785 0.9440013 -0.2387439 -0.01941244 0.9441011 -0.2387635 -0.01943986 0.9442877 -0.2388002 -0.01944702 0.9444446 -0.2388311 -0.01944112 0.9445753 -0.2388568 -0.01942776 0.9446836 -0.2388781 -0.01938942 0.9448616 -0.2389131 -0.01932965 0.9450333 -0.2389468 -0.01630667 0.9418301 -0.2383169</float_array>
          <technique_common>
            <accessor count="4211" source="#cubeverts-array0-array" stride="3">
              <param type="float" name="X"/>
              <param type="float" name="Y"/>
              <param type="float" name="Z"/>
            </accessor>
          </technique_common>
        </source>
        <source id="cubenormals-array0">
          <float_array count="25254" id="cubenormals-array0-array">-0.0249287 -0.9809013 0.1929022 -0.02492763 -0.9809016 0.1929007 -0.07473809 -0.9784623 0.192421 -0.07471744 -0.9784693 0.1923935 -0.1243456 -0.9735968 0.1914354 -0.1243456 -0.9735968 0.1914354 -0.1736562 -0.9663038 0.1900014 -0.1736561 -0.9663037 0.1900014 -0.2225156 -0.9566121 0.1880957 -0.2225156 -0.9566121 0.1880957 -0.2708509 -0.94453 0.1857495 -0.2708306 -0.9445412 0.1857223 -0.3184853 -0.9301127 0.1829142 -0.3184853 -0.9301127 0.1829142 -0.3653273 -0.9133898 0.1795971 -0.3653463 -0.9133771 0.179623 -0.456212 -0.8731471 0.1717114 -0.4112991 -0.8943699 0.1758851 -0.411281 -0.8943832 0.1758599 -0.4562129 -0.8731468 0.1717101 -0.4999937 -0.8497581 0.1670854 -0.5000092 -0.8497444 0.1671078 -0.5425435 -0.8242453 0.1620689 -0.5425435 -0.8242453 0.1620689 -0.5837518 -0.7966729 0.1566722 -0.5837374 -0.7966878 0.1566503 -0.6234813 -0.767149 0.1508422 -0.6234947 -0.7671341 0.1508631 -0.6616902 -0.7356905 0.1446566 -0.6616902 -0.7356905 0.1446566 -0.6982359 -0.702418 0.1381143 -0.6982359 -0.702418 0.1381143 -0.7330529 -0.6673924 0.1312274 -0.733053 -0.6673924 0.1312274 -0.7660394 -0.6307168 0.1240159 -0.7660394 -0.6307169 0.1240159 -0.7971325 -0.5924601 0.1164936 -0.7971325 -0.5924601 0.1164936 -0.8262365 -0.5527395 0.1086835 -0.8262435 -0.5527263 0.1086981 -0.8532917 -0.5116341 0.100617 -0.8532917 -0.5116341 0.100617 -0.8782213 -0.4692662 0.09228501 -0.8782213 -0.4692662 0.09228499 -0.9009698 -0.4257274 0.08372276 -0.9009698 -0.4257275 0.08372276 -0.9214763 -0.3811345 0.07495317 -0.9214728 -0.3811449 0.07494278 -0.9396921 -0.3355957 0.06598667 -0.9396948 -0.3355864 0.06599578 -0.9555727 -0.2892161 0.05687625 -0.9555727 -0.2892157 0.0568766 -0.9690763 -0.2421249 0.04760829 -0.9690776 -0.2421187 0.04761423 -0.9801729 -0.1944214 0.0382282 -0.980173 -0.1944211 0.03822844 -0.9888305 -0.1462445 0.02875561 -0.9888305 -0.1462447 0.02875542 -0.9950309 -0.09769658 0.01920978 -0.9950309 -0.09769658 0.01920979 -0.9987569 -0.04890933 0.009616894 -0.9987569 -0.04890933 0.009616896 -1 0 0 -1 0 0 -0.9987569 0.04890928 -0.009616884 -0.9987569 0.04890934 -0.009616823 -0.9950309 0.09769658 -0.01920978 -0.9950309 0.09769658 -0.01920979 -0.9888304 0.1462446 -0.02875564 -0.9888304 0.1462446 -0.02875563 -0.980173 0.1944211 -0.03822844 -0.980173 0.1944211 -0.03822844 -0.9690776 0.2421186 -0.04761458 -0.9690763 0.2421251 -0.04760833 -0.9555727 0.2892157 -0.05687661 -0.9555727 0.2892157 -0.0568766 -0.9396922 0.3355956 -0.06598715 -0.9396947 0.3355867 -0.06599586 -0.9214761 0.381135 -0.0749527 -0.921473 0.3811443 -0.07494329 -0.90097 0.4257271 -0.08372267 -0.9009698 0.4257275 -0.08372214 -0.8782212 0.4692666 -0.09228508 -0.8782211 0.4692666 -0.09228509 -0.853292 0.5116336 -0.1006169 -0.8532917 0.5116343 -0.1006162 -0.8262435 0.5527265 -0.1086973 -0.8262365 0.5527397 -0.1086827 -0.7971321 0.5924608 -0.1164929 -0.7971325 0.5924601 -0.1164936 -0.7660398 0.6307163 -0.1240158 -0.7660398 0.6307163 -0.1240158 -0.7330525 0.667393 -0.1312275 -0.7330525 0.667393 -0.1312275 -0.6982364 0.7024175 -0.1381142 -0.6982365 0.7024175 -0.1381142 -0.6616902 0.7356905 -0.1446566 -0.6616902 0.7356905 -0.1446566 -0.6234941 0.7671346 -0.1508632 -0.6234807 0.7671496 -0.1508423 -0.5837374 0.7966878 -0.1566503 -0.5837518 0.7966729 -0.1566721 -0.5425443 0.8242448 -0.1620688 -0.5425443 0.8242448 -0.1620688 -0.4999929 0.8497585 -0.1670854 -0.4999929 0.8497585 -0.1670854 -0.4562302 0.873143 -0.1716835 -0.4562302 0.873143 -0.1716835 -0.411281 0.8943832 -0.1758599 -0.411281 0.8943832 -0.1758599 -0.3653264 0.9133901 -0.1795971 -0.3653264 0.9133901 -0.1795972 -0.318505 0.9301116 -0.1828851 -0.318505 0.9301116 -0.1828851 -0.2708306 0.9445411 -0.1857223 -0.2708306 0.9445412 -0.1857223 -0.2225156 0.9566121 -0.1880957 -0.2225156 0.9566121 -0.1880957 -0.1736572 0.9663035 -0.1900013 -0.1736572 0.9663035 -0.1900013 -0.1243456 0.9735968 -0.1914354 -0.1243456 0.9735968 -0.1914354 -0.07471637 0.9784694 -0.1923935 -0.07471637 0.9784694 -0.1923935 -0.02494946 0.9809068 -0.1928713 -0.02495053 0.9809065 -0.1928727 -4.103026e-05 -0.1929763 -0.9812034 -2.858895e-06 -0.1929432 -0.9812099 -4.300765e-05 -0.1929779 -0.9812031 4.11577e-05 -0.192909 -0.9812167 2.464172e-06 -0.1929393 -0.9812107 1.800638e-05 -0.1929248 -0.9812135 7.987577e-06 -0.1929356 -0.9812114 2.02491e-05 -0.1929301 -0.9812125 1.813138e-06 -0.1929406 -0.9812105 -1.830857e-05 -0.1929558 -0.9812074 -9.394007e-06 -0.1929459 -0.9812094 -1.100942e-05 -0.1929568 -0.9812073 -8.927584e-06 -0.1929461 -0.9812093 1.995682e-05 -0.1929191 -0.9812147 5.928338e-06 -0.1929373 -0.9812111 1.02444e-05 -0.1929305 -0.9812124 1.108144e-05 -0.1929338 -0.9812117 -1.231478e-06 -0.1929417 -0.9812102 -5.134358e-05 -0.193001 -0.9811985 3.995037e-05 -0.1929295 -0.9812126 2.765588e-05 -0.192913 -0.9812159 -4.480437e-07 -0.1929433 -0.9812099 -1.550855e-05 -0.1929464 -0.9812093 -1.457641e-05 -0.1929464 -0.9812093 -2.153466e-06 -0.1929463 -0.9812093 3.175832e-05 -0.1929303 -0.9812124 6.811506e-06 -0.1929312 -0.9812123 -3.916485e-05 -0.1929562 -0.9812074 3.645606e-05 -0.1929274 -0.981213 -1.878441e-06 -0.1929422 -0.9812101 1.829077e-05 -0.1929127 -0.9812159 3.700792e-05 -0.1929378 -0.9812111 -1.777799e-05 -0.1929446 -0.9812097 -9.497854e-07 -0.1929442 -0.9812097 -2.793558e-05 -0.1929844 -0.9812018 -5.063706e-05 -0.1929491 -0.9812088 -0.000302468 -0.192627 -0.981272 -0.0001422584 -0.1928072 -0.9812366 1.145547e-06 -0.1929392 -0.9812108 3.17459e-05 -0.1929367 -0.9812112 3.732559e-05 -0.1929827 -0.9812021 -0.0001325429 -0.192785 -0.981241 0.0001112232 -0.1930799 -0.9811831 -5.452835e-05 -0.1928152 -0.981235 -3.195273e-05 -0.1929473 -0.9812092 8.402606e-07 -0.1929417 -0.9812102 -1.54189e-05 -0.1929769 -0.9812033 1.051522e-06 -0.1929409 -0.9812104 5.482818e-07 -0.1929452 -0.9812096 5.173397e-07 -0.1929405 -0.9812105 -6.769476e-07 -0.1929416 -0.9812102 -4.430053e-06 -0.1929422 -0.9812101 3.922929e-05 -0.1929431 -0.9812099 -1.211203e-05 -0.1929419 -0.9812102 -0.0001113621 -0.1929412 -0.9812103 0.0001340077 -0.192941 -0.9812103 -0.0002255663 -0.1935706 -0.9810864 -3.686092e-05 -0.1930635 -0.9811863 0.0001257177 -0.1927258 -0.9812526 4.001499e-05 -0.1928868 -0.981221 7.519261e-05 -0.1928147 -0.9812352 0.0001213361 -0.1928834 -0.9812216 0.0005285957 -0.192671 -0.9812633 -0.0005158397 -0.1930888 -0.9811811 -0.0005399252 -0.1930962 -0.9811797 1.32158e-06 -0.1929557 -0.9812074 -8.69767e-05 -0.1929742 -0.9812039 -0.0001234904 -0.1930047 -0.9811978 0.0001830061 -0.1928629 -0.9812257 8.010341e-06 -0.1929263 -0.9812132 1.379539e-05 -0.19293 -0.9812125 -5.753279e-05 -0.1929834 -0.981202 -4.311347e-05 -0.1929719 -0.9812043 -1.936848e-05 -0.1929525 -0.9812081 -2.497966e-05 -0.1929684 -0.981205 1.909131e-05 -0.1929163 -0.9812152 -4.967117e-05 -0.1929886 -0.981201 6.43002e-05 -0.1928809 -0.9812222 4.12901e-05 -0.1928942 -0.9812195 3.250313e-05 -0.1928324 -0.9812317 -2.90393e-05 -0.1930267 -0.9811935 -1.454906e-05 -0.1929552 -0.9812075 5.362062e-06 -0.1929365 -0.9812112 -1.047711e-05 -0.1929976 -0.9811992 2.484286e-05 -0.1928645 -0.9812254 -1.012492e-05 -0.1929789 -0.9812029 -3.277283e-06 -0.192959 -0.9812068 1.199851e-05 -0.1928884 -0.9812207 6.088032e-06 -0.1929095 -0.9812165 -7.340081e-06 -0.192977 -0.9812033 4.287467e-06 -0.1929318 -0.9812121 -5.244798e-06 -0.1929608 -0.9812065 -3.904459e-06 -0.1929489 -0.9812089 5.475043e-07 -0.1929361 -0.9812113 -1.889174e-06 -0.1929395 -0.9812107 -5.949299e-08 -0.1929344 -0.9812117 7.707587e-06 -0.1929526 -0.9812081 -8.979167e-06 -0.1929302 -0.9812125 -1.769561e-06 -0.1929403 -0.9812105 -2.005421e-07 -0.1929422 -0.9812102 3.796162e-07 -0.192943 -0.98121 -2.915707e-06 -0.1929442 -0.9812098 -3.794383e-07 -0.1929424 -0.9812101 4.367919e-05 -0.1930073 -0.9811974 4.365333e-06 -0.1929474 -0.9812091 -2.373583e-05 -0.1929035 -0.9812177 1.125852e-06 -0.1929439 -0.9812098 -1.875794e-05 -0.1929106 -0.9812164 6.212153e-06 -0.1929538 -0.9812078 -6.082837e-06 -0.1929318 -0.9812122 -1.443805e-05 -0.1929164 -0.9812152 6.808142e-05 -0.1930755 -0.9811839 -4.662257e-05 -0.1928472 -0.9812288 1.997056e-05 -0.1929836 -0.981202 -1.244697e-05 -0.1929153 -0.9812154 -1.023031e-05 -0.1929541 -0.9812077 -1.953976e-06 -0.1929453 -0.9812096 2.202782e-05 -0.1929251 -0.9812135 8.025848e-05 -0.1928817 -0.981222 -3.23098e-05 -0.1929613 -0.9812064 -7.425e-06 -0.1929438 -0.9812098 3.723539e-06 -0.1929425 -0.9812101 -9.373523e-07 -0.1929411 -0.9812104 4.357242e-06 -0.1929414 -0.9812103 -8.424679e-05 -0.1929964 -0.9811994 -7.433764e-06 -0.1929487 -0.9812088 6.810721e-05 -0.1928815 -0.981222 -2.089162e-05 -0.1929548 -0.9812077 -0.0001950507 -0.1930918 -0.9811807 9.785079e-05 -0.1928674 -0.9812249 -8.089658e-05 -0.1929987 -0.981199 -1.500657e-05 -0.1929517 -0.9812083 0.0001237674 -0.1928549 -0.9812273 4.969517e-07 -0.1929404 -0.9812105 -5.824033e-05 -0.1929799 -0.9812027 -4.867109e-06 -0.1929896 -0.9812008 -1.066601e-08 -0.1929445 -0.9812096 6.768559e-06 -0.1928893 -0.9812205 -7.443502e-07 -0.1929728 -0.981204 0.0003998077 -0.1926164 -0.981274 -0.0004585039 -0.1934281 -0.9811144 -2.626481e-05 -0.1929777 -0.9812032 5.203363e-05 -0.1928864 -0.9812211 1.348554e-05 -0.1929313 -0.9812122 -1.32759e-05 -0.1929556 -0.9812075 2.553282e-05 -0.1929287 -0.9812129 -3.003094e-06 -0.1929445 -0.9812097 -2.437796e-06 -0.1929548 -0.9812077 -4.482073e-05 -0.1930165 -0.9811956 5.388142e-05 -0.1928595 -0.9812264 0.0001710642 -0.1927003 -0.9812577 4.184297e-06 -0.1929322 -0.9812121 -1.081816e-07 -0.192942 -0.9812101 6.309543e-06 -0.1929106 -0.9812164 0 -0.1931042 -0.9811782 -6.311044e-05 -0.1924954 -0.981298 -3.395267e-05 -0.1930043 -0.981198 -1.22429e-05 -0.1929673 -0.9812052 -1.134114e-05 -0.192965 -0.9812056 1.721717e-05 -0.1928959 -0.9812192 -4.311613e-06 -0.1929571 -0.9812072 -1.576021e-05 -0.1929772 -0.9812032 2.259814e-05 -0.1928893 -0.9812205 3.259824e-05 -0.1928647 -0.9812254 4.042623e-06 -0.1929284 -0.9812129 -1.016225e-05 -0.192957 -0.9812072 -3.271758e-05 -0.1930101 -0.9811968 -2.229851e-05 -0.1929882 -0.9812011 3.253184e-05 -0.1928838 -0.9812217 2.131185e-05 -0.1928768 -0.981223 -1.38551e-05 -0.1929704 -0.9812046 -7.175662e-06 -0.192944 -0.9812098 -2.979278e-05 -0.1929816 -0.9812024 -2.095187e-05 -0.1929701 -0.9812046 -1.421579e-05 -0.1929715 -0.9812044 -3.236383e-05 -0.1929984 -0.981199 2.12371e-05 -0.1929052 -0.9812174 -7.616461e-06 -0.1929537 -0.9812078 -3.158485e-06 -0.1929442 -0.9812098 -1.646202e-06 -0.1929497 -0.9812087 3.373287e-05 -0.1928842 -0.9812216 1.68194e-06 -0.1929313 -0.9812123 -6.58743e-07 -0.192941 -0.9812104 -2.397275e-05 -0.1929857 -0.9812015 -1.095111e-05 -0.1929493 -0.9812087 2.532421e-05 -0.1929239 -0.9812137 -6.529874e-05 -0.1929828 -0.9812021 -7.300872e-06 -0.1929466 -0.9812093 1.668775e-05 -0.1929002 -0.9812184 -4.755269e-06 -0.1929532 -0.981208 -2.324965e-05 -0.1929959 -0.9811995 -2.989694e-07 -0.192946 -0.9812094 5.268458e-05 -0.1928368 -0.9812309 -2.27993e-05 -0.1929852 -0.9812016 7.635838e-07 -0.1929425 -0.9812101 -3.267607e-07 -0.1929423 -0.9812101 2.137087e-06 -0.1929471 -0.9812092 4.510363e-06 -0.1929474 -0.981209 5.202831e-06 -0.1929491 -0.9812087 -3.584271e-05 -0.1928411 -0.98123 2.287134e-05 -0.1930075 -0.9811973 -9.886281e-06 -0.1929056 -0.9812173 1.421279e-05 -0.192989 -0.981201 -1.238436e-05 -0.1928842 -0.9812215 5.510873e-06 -0.1929741 -0.9812039 2.682826e-06 -0.1929539 -0.9812078 -2.511338e-06 -0.1929422 -0.9812102 -8.425656e-07 -0.1929563 -0.9812074 4.817119e-07 -0.1929407 -0.9812105 -9.14426e-07 -0.192957 -0.9812072 2.906249e-06 -0.1929246 -0.9812136 -2.824825e-05 -0.1929497 -0.9812087 -2.918257e-07 -0.192948 -0.981209 3.421338e-05 -0.1929289 -0.9812128 -7.318786e-06 -0.1929932 -0.9812001 5.814958e-05 -0.1929203 -0.9812145 5.351984e-06 -0.1929211 -0.9812143 1.244586e-05 -0.1929376 -0.981211 -3.157069e-06 -0.1929434 -0.9812099 -8.490335e-06 -0.1929459 -0.9812095 1.357135e-05 -0.1928793 -0.9812225 -0.0001029946 -0.1929607 -0.9812065 -1.516665e-05 -0.1930106 -0.9811967 -1.280617e-05 -0.1929436 -0.9812098 9.35542e-06 -0.1929092 -0.9812166 0.0001045428 -0.1929193 -0.9812146 1.027645e-06 -0.1929406 -0.9812105 -5.261063e-05 -0.1929549 -0.9812075 1.332316e-05 -0.1928981 -0.9812188 2.573138e-05 -0.1929356 -0.9812114 -3.454623e-05 -0.1930503 -0.9811888 3.207701e-06 -0.1929414 -0.9812103 3.309675e-06 -0.1929414 -0.9812102 2.501666e-05 -0.1928751 -0.9812233 2.774071e-05 -0.1929407 -0.9812105 -2.064417e-06 -0.1929491 -0.9812087 -5.940522e-05 -0.1929452 -0.9812096 -8.806502e-06 -0.1929663 -0.9812053 1.497387e-05 -0.1929398 -0.9812106 2.247184e-06 -0.1929399 -0.9812105 -3.711358e-05 -0.1929446 -0.9812097 -3.326257e-06 -0.1929437 -0.9812099 1.336928e-06 -0.1929415 -0.9812102 4.52294e-06 -0.1929348 -0.9812116 2.200532e-05 -0.1929379 -0.9812109 -3.638057e-06 -0.1929414 -0.9812103 -1.075e-05 -0.1929295 -0.9812126 1.328769e-05 -0.1929434 -0.9812098 1.260153e-06 -0.1929423 -0.9812101 -1.810676e-05 -0.1929404 -0.9812105 9.509607e-07 -0.1929419 -0.9812102 1.234103e-05 -0.1929427 -0.9812101 4.168818e-07 -0.1929413 -0.9812103 -1.637857e-05 -0.1929196 -0.9812146 -1.933037e-05 -0.192941 -0.9812104 9.21784e-07 -0.1929412 -0.9812104 4.168832e-05 -0.1930001 -0.9811987 3.4466e-05 -0.1929505 -0.9812085 4.561934e-06 -0.1929446 -0.9812096 -5.395876e-06 -0.1929407 -0.9812104 -3.054655e-06 -0.1929323 -0.9812121 -9.886479e-06 -0.1929398 -0.9812106 -9.904204e-06 -0.1929201 -0.9812145 3.330361e-05 -0.1929483 -0.9812089 1.685911e-05 -0.1929723 -0.9812042 -4.518974e-06 -0.1929415 -0.9812104 -1.215887e-05 -0.1929095 -0.9812166 -4.477052e-06 -0.1929421 -0.9812102 2.912152e-05 -0.1929468 -0.9812092 2.485545e-06 -0.192945 -0.9812096 -2.86349e-05 -0.1929316 -0.9812123 6.872838e-06 -0.1929571 -0.9812072 -2.692883e-05 -0.1929327 -0.981212 7.515529e-06 -0.1929581 -0.981207 9.346142e-06 -0.1929649 -0.9812057 8.720031e-06 -0.1929462 -0.9812093 -1.359686e-06 -0.19294 -0.9812105 2.720537e-05 -0.1929525 -0.9812081 -1.427562e-05 -0.1929108 -0.9812163 1.506052e-05 -0.1929485 -0.9812089 -1.457885e-06 -0.1929433 -0.9812099 -3.722315e-07 -0.192943 -0.98121 -3.768223e-05 -0.1929319 -0.9812121 -1.760714e-08 -0.1929474 -0.9812091 -2.12877e-05 -0.1929312 -0.9812123 -1.671229e-06 -0.192942 -0.9812101 -0.0001226701 -0.1929524 -0.9812081 0.0001193365 -0.1929332 -0.9812119 -0.0001571727 -0.1929534 -0.981208 6.565328e-06 -0.1929425 -0.9812101 3.059208e-05 -0.1929391 -0.9812107 7.21449e-05 -0.1929334 -0.9812118 -1.216828e-05 -0.1929443 -0.9812096 5.969823e-06 -0.1929414 -0.9812103 0.0001301727 -0.1929378 -0.9812109 -4.761016e-06 -0.1929416 -0.9812102 -4.900156e-06 -0.1929435 -0.9812099 -6.166793e-05 -0.1929551 -0.9812075 6.020753e-05 -0.1929318 -0.9812122 -1.812126e-05 -0.1929326 -0.9812121 -1.021916e-05 -0.1929102 -0.9812164 -1.254757e-05 -0.1929427 -0.98121 7.872019e-05 -0.1929432 -0.9812099 -0.0001543568 -0.1929399 -0.9812106 1.994501e-06 -0.1929422 -0.9812101 1.858682e-06 -0.1929422 -0.9812101 -6.990627e-05 -0.1929617 -0.9812063 6.027938e-05 -0.192928 -0.981213 1.135421e-05 -0.1929401 -0.9812105 1.412031e-05 -0.1929495 -0.9812088 1.208076e-05 -0.1930065 -0.9811975 2.261012e-05 -0.1929427 -0.9812101 -4.787137e-05 -0.1929389 -0.9812107 3.023228e-07 -0.1929412 -0.9812103 7.803377e-07 -0.1929426 -0.98121 1.634072e-06 -0.1929422 -0.9812101 -7.853191e-06 -0.1929456 -0.9812095 5.278304e-05 -0.1929258 -0.9812134 4.703282e-05 -0.1929664 -0.9812053 -8.540657e-06 -0.1929019 -0.981218 -1.141587e-06 -0.1929432 -0.9812099 -8.986491e-07 -0.1929429 -0.9812099 -3.206108e-05 -0.1929553 -0.9812075 6.666734e-05 -0.1929133 -0.9812158 -5.350988e-05 -0.192963 -0.9812061 -7.722474e-06 -0.1929444 -0.9812096 2.601826e-06 -0.1929453 -0.9812095 2.641461e-05 -0.1929566 -0.9812073 4.668847e-06 -0.1929818 -0.9812024 -5.625051e-06 -0.1929501 -0.9812086 5.101982e-07 -0.1929416 -0.9812102 -4.32393e-05 -0.1929099 -0.9812165 -9.4263e-06 -0.192878 -0.9812227 7.15226e-05 -0.1929025 -0.981218 -6.505767e-05 -0.1929757 -0.9812036 -2.147775e-05 -0.192953 -0.981208 2.060299e-06 -0.1929409 -0.9812104 6.199897e-06 -0.1929391 -0.9812108 -1.834854e-05 -0.1929284 -0.9812128 -2.502003e-06 -0.1929417 -0.9812102 1.575178e-06 -0.1929398 -0.9812106 -1.269698e-06 -0.1929442 -0.9812098 9.856093e-07 -0.1929399 -0.9812106 3.471376e-05 -0.1929669 -0.9812053 7.208353e-06 -0.193057 -0.9811876 -4.205413e-06 -0.192944 -0.9812098 -3.436815e-08 -0.1929413 -0.9812103 -1.268579e-05 -0.192949 -0.9812089 7.235786e-05 -0.1928986 -0.9812187 -3.504781e-06 -0.1928838 -0.9812216 5.739719e-07 -0.1929408 -0.9812104 -9.931249e-05 -0.193015 -0.9811958 3.993368e-05 -0.1929118 -0.9812161 -1.113585e-05 -0.1929489 -0.9812089 -2.217215e-05 -0.1929566 -0.9812073 -3.479709e-06 -0.1929424 -0.9812101 -1.970722e-06 -0.1929464 -0.9812093 -1.055183e-06 -0.1929446 -0.9812097 1.333477e-07 -0.1929416 -0.9812102 1.106874e-05 -0.1929342 -0.9812117 2.176437e-06 -0.1929419 -0.9812102 1.594369e-06 -0.1929367 -0.9812112 -3.056659e-06 -0.1929426 -0.9812101 -1.055188e-06 -0.1929436 -0.9812099 1.243562e-06 -0.1929377 -0.981211 -4.729376e-06 -0.192943 -0.9812099 -3.941428e-06 -0.1929537 -0.9812079 7.015168e-07 -0.1929397 -0.9812106 1.106037e-05 -0.1929367 -0.9812112 5.220169e-07 -0.1929424 -0.9812101 1.122446e-06 -0.1929379 -0.9812109 7.536985e-08 -0.1929417 -0.9812102 -7.341138e-06 -0.1929422 -0.9812101 4.719262e-07 -0.1929395 -0.9812107 -4.00046e-07 -0.1929434 -0.9812099 9.148894e-07 -0.1929415 -0.9812102 -5.94697e-07 -0.1929449 -0.9812096 1.275491e-07 -0.1929407 -0.9812104 1.261004e-07 -0.1929407 -0.9812105 2.9137e-06 -0.192941 -0.9812104 -1.06725e-06 -0.1929424 -0.9812101 -4.217777e-06 -0.1929414 -0.9812102 1.195755e-09 -0.1929333 -0.9812119 -2.887975e-07 -0.1929447 -0.9812096 -2.080657e-06 -0.1929416 -0.9812102 -3.127151e-05 -0.1929352 -0.9812115 2.257322e-06 -0.1929433 -0.9812099 1.994089e-05 -0.1929479 -0.981209 -6.2317e-06 -0.1929408 -0.9812104 -1.64224e-07 -0.1929465 -0.9812093 6.073879e-06 -0.1929439 -0.9812098 -3.968886e-05 -0.1929369 -0.9812112 7.050219e-05 -0.1929563 -0.9812074 -2.357143e-05 -0.1929377 -0.981211 1.850041e-06 -0.1929423 -0.9812101 5.804645e-07 -0.1929418 -0.9812102 5.936654e-07 -0.1929418 -0.9812102 -7.962145e-07 -0.192942 -0.9812102 4.86101e-06 -0.1929745 -0.9812037 -5.880745e-06 -0.192906 -0.9812173 3.460314e-07 -0.1929549 -0.9812076 3.573217e-06 -0.1929868 -0.9812014 -3.945116e-06 -0.1928867 -0.981221 2.832901e-06 -0.1930235 -0.9811942 -7.25952e-07 -0.1928789 -0.9812226 -7.071026e-07 -0.1929351 -0.9812115 -1.174774e-06 -0.1929553 -0.9812075 2.127684e-07 -0.192925 -0.9812135 -1.669093e-06 -0.1929529 -0.981208 -5.412592e-06 -0.1929954 -0.9811997 7.786982e-06 -0.192873 -0.9812238 -2.062569e-06 -0.1929509 -0.9812084 -2.004877e-07 -0.1929451 -0.9812096 -1.264628e-07 -0.1929407 -0.9812105 -1.289985e-07 -0.1929407 -0.9812104 -1.567162e-05 -0.1929411 -0.9812104 5.991974e-05 -0.1929494 -0.9812087 -8.062495e-05 -0.1929308 -0.9812123 9.278952e-05 -0.1929565 -0.9812073 -2.906743e-06 -0.1929422 -0.9812102 1.013649e-06 -0.1929422 -0.9812102 4.627295e-06 -0.1929441 -0.9812098 -1.396664e-06 -0.1929333 -0.9812119 4.86085e-05 -0.1929464 -0.9812093 -2.335067e-05 -0.1929389 -0.9812108 -8.114881e-07 -0.1929412 -0.9812104 -2.795905e-05 -0.1929402 -0.9812104 5.755858e-07 -0.1929487 -0.9812089 1.261014e-07 -0.1929434 -0.9812099 -1.79728e-07 -0.1929417 -0.9812102 7.091211e-06 -0.1929429 -0.9812099 -4.727644e-06 -0.1929429 -0.98121 -7.634792e-06 -0.1929428 -0.98121 -6.636732e-06 -0.1929428 -0.98121 -3.238643e-06 -0.1929546 -0.9812077 4.847824e-07 -0.1929437 -0.9812099 1.778164e-06 -0.1929401 -0.9812105 -2.32613e-05 -0.1930043 -0.9811979 4.99218e-06 -0.1929369 -0.9812112 3.747901e-05 -0.1928648 -0.9812253 -1.801801e-05 -0.1929792 -0.9812028 -7.033847e-06 -0.1929582 -0.981207 4.067963e-06 -0.1929385 -0.9812109 -9.794298e-07 -0.1929468 -0.9812092 1.653692e-05 -0.1929199 -0.9812145 1.103292e-05 -0.1929278 -0.9812129 -8.742455e-07 -0.1929435 -0.9812099 -1.9761e-05 -0.1929667 -0.9812053 -3.641575e-05 -0.1929858 -0.9812016 7.520735e-05 -0.1928668 -0.9812249 -4.961566e-05 -0.1929909 -0.9812006 3.725047e-06 -0.1929414 -0.9812103 -1.354686e-05 -0.1929564 -0.9812073 4.620608e-05 -0.1929076 -0.9812169 -3.82828e-05 -0.1929725 -0.9812042 8.342654e-06 -0.1929448 -0.9812096 1.932388e-06 -0.1929493 -0.9812087 -2.289996e-06 -0.192939 -0.9812107 -1.098802e-05 -0.1929423 -0.9812101 -3.356407e-05 -0.1929427 -0.9812101 6.616726e-05 -0.1929429 -0.98121 -1.236491e-05 -0.1929424 -0.9812101 9.244053e-06 -0.1929451 -0.9812095 -3.349314e-05 -0.1929393 -0.9812107 2.779351e-08 -0.1929421 -0.9812102 7.840046e-07 -0.192942 -0.9812102 5.135305e-06 -0.1929416 -0.9812102 1.213892e-05 -0.1929421 -0.9812101 3.194813e-05 -0.1929417 -0.9812103 -7.923783e-06 -0.1929442 -0.9812098 -7.085792e-05 -0.1929499 -0.9812086 7.751139e-05 -0.1929327 -0.981212 -0.000112435 -0.1929579 -0.9812071 2.780245e-06 -0.1929434 -0.9812099 4.197027e-05 -0.192935 -0.9812115 -8.127391e-07 -0.1929418 -0.9812102 -1.52689e-06 -0.1929402 -0.9812105 -9.857088e-05 -0.1929591 -0.9812067 -1.289224e-06 -0.1929407 -0.9812104 6.864591e-05 -0.1930079 -0.9811972 -1.15699e-05 -0.1929356 -0.9812114 5.446441e-08 -0.1929402 -0.9812105 3.487669e-06 -0.1929425 -0.9812101 -2.808843e-06 -0.1929394 -0.9812107 2.534349e-07 -0.1929436 -0.9812099 2.119052e-05 -0.1929685 -0.9812049 -6.303135e-05 -0.1928628 -0.9812258 4.492126e-05 -0.1930002 -0.9811987 -3.059999e-05 -0.1929028 -0.9812179 -2.217596e-07 -0.1929416 -0.9812102 -1.684636e-05 -0.1929332 -0.9812119 4.413348e-06 -0.1929436 -0.9812099 2.105922e-06 -0.1929363 -0.9812113 -2.5202e-06 -0.1929507 -0.9812084 -5.383972e-07 -0.1929397 -0.9812106 -5.265006e-07 -0.1929391 -0.9812108 8.063534e-07 -0.1929471 -0.9812092 -2.041527e-06 -0.1929398 -0.9812106 -2.267559e-06 -0.1929395 -0.9812106 2.572309e-05 -0.1929543 -0.9812078 2.316119e-06 -0.1929429 -0.9812099 5.869626e-05 -0.192967 -0.9812053 -8.071089e-05 -0.1929056 -0.9812173 -2.232214e-06 -0.1929411 -0.9812103 -3.260591e-07 -0.192944 -0.9812098 6.994701e-08 -0.1929408 -0.9812104 -1.785224e-05 -0.1929374 -0.981211 6.707741e-06 -0.192945 -0.9812096 8.413113e-06 -0.1929457 -0.9812095 -5.52632e-06 -0.1929394 -0.9812107 -1.828941e-06 -0.1929415 -0.9812103 5.646683e-06 -0.1929465 -0.9812093 2.768342e-07 -0.1929422 -0.9812101 -3.251695e-07 -0.192944 -0.9812098 -8.996753e-06 -0.1929342 -0.9812117 1.255247e-06 -0.1929438 -0.9812098 1.306111e-05 -0.1929641 -0.9812059 2.467355e-06 -0.1929464 -0.9812093 1.724662e-05 -0.1929716 -0.9812043 -3.68252e-05 -0.1929304 -0.9812125 4.170811e-06 -0.1929449 -0.9812096 6.453868e-05 -0.1929672 -0.9812052 7.147337e-06 -0.1929454 -0.9812095 1.348485e-07 -0.1929439 -0.9812098 -1.46704e-06 -0.1929421 -0.9812101 1.825625e-05 -0.1929474 -0.981209 -2.497441e-06 -0.1929416 -0.9812102 -6.96211e-05 -0.1929221 -0.9812141 -6.049828e-07 -0.1929424 -0.9812101 4.055447e-06 -0.1929493 -0.9812088 7.01764e-05 -0.1929564 -0.9812073 -2.175423e-05 -0.1929378 -0.981211 5.826956e-06 -0.1929438 -0.9812098 -2.097983e-06 -0.1929424 -0.9812101 -7.0542e-07 -0.1929416 -0.9812102 1.812755e-05 -0.1929829 -0.9812021 -2.792199e-05 -0.1928779 -0.9812227 2.260729e-06 -0.1929452 -0.9812095 8.600376e-07 -0.1929424 -0.9812101 2.323885e-06 -0.1929422 -0.9812101 3.170568e-06 -0.1929395 -0.9812106 2.263904e-06 -0.1929383 -0.9812109 2.274148e-06 -0.1929383 -0.9812109 -1.920797e-07 -0.1929416 -0.9812102 -2.668644e-06 -0.1929398 -0.9812106 5.862012e-05 -0.1929512 -0.9812084 -2.050142e-05 -0.1929391 -0.9812108 1.990275e-05 -0.1929456 -0.9812094 4.743768e-06 -0.1929435 -0.9812099 -2.332049e-06 -0.1929395 -0.9812107 -3.469717e-06 -0.1929391 -0.9812107 4.430693e-06 -0.1929482 -0.981209 2.192664e-06 -0.1929506 -0.9812084 1.221036e-06 -0.1929419 -0.9812101 -0.0001332497 -0.1929282 -0.9812129 9.691503e-05 -0.1929532 -0.981208 -5.450681e-06 -0.1929413 -0.9812104 -1.010491e-05 -0.1929346 -0.9812117 -8.608055e-07 -0.1929407 -0.9812104 -1.877313e-05 -0.1928833 -0.9812217 1.826681e-05 -0.1930023 -0.9811983 -1.752122e-05 -0.1928852 -0.9812213 -1.837595e-06 -0.1929412 -0.9812102 -6.241211e-06 -0.1929414 -0.9812103 -3.480368e-05 -0.19294 -0.9812105 4.469467e-05 -0.1929447 -0.9812096 -1.109882e-06 -0.1929466 -0.9812093 2.144326e-06 -0.1929431 -0.9812099 3.05106e-06 -0.1929445 -0.9812096 -3.405659e-05 -0.1929085 -0.9812168 -8.658522e-05 -0.1929415 -0.9812102 0.0002966759 -0.1929483 -0.9812088 1.268275e-05 -0.1929426 -0.9812101 5.346786e-07 -0.1929442 -0.9812097 5.351019e-07 -0.1929463 -0.9812093 1.752991e-05 -0.1930295 -0.9811929 -6.18462e-07 -0.1929382 -0.9812109 -2.090367e-05 -0.1929414 -0.9812102 -7.037837e-05 -0.1929426 -0.98121 -2.143369e-06 -0.1929409 -0.9812104 1.322629e-05 -0.1929482 -0.981209 -8.024444e-06 -0.1929347 -0.9812115 2.855451e-05 -0.1929645 -0.9812058 -4.273151e-07 -0.192942 -0.9812101 -6.786374e-07 -0.1929415 -0.9812102 1.136709e-05 -0.193044 -0.9811901 -6.526091e-07 -0.1929407 -0.9812104 -3.044892e-06 -0.1929139 -0.9812157 -1.028895e-05 -0.192845 -0.9812292 8.989799e-07 -0.1929424 -0.98121 5.499459e-07 -0.192943 -0.9812099 6.824542e-06 -0.192946 -0.9812094 -1.902455e-06 -0.1929405 -0.9812105 -1.123815e-06 -0.1929418 -0.9812102 -3.297806e-06 -0.1929394 -0.9812107 -2.150448e-07 -0.1929414 -0.9812103 -6.603973e-07 -0.1929232 -0.9812139 -2.604924e-07 -0.1929447 -0.9812096 -2.51217e-06 -0.1929402 -0.9812105 -6.691208e-06 -0.1929371 -0.9812112 -5.665777e-07 -0.1929412 -0.9812104 -6.395457e-06 -0.1929384 -0.9812108 2.628331e-06 -0.1929443 -0.9812097 9.102443e-07 -0.1929429 -0.9812099 5.625051e-06 -0.1929501 -0.9812086 1.1097e-06 -0.1929432 -0.9812099 2.435277e-06 -0.1929439 -0.9812098 -1.794432e-07 -0.1929428 -0.98121 -5.101982e-07 -0.1929416 -0.9812102 3.860913e-07 -0.1929424 -0.9812101 7.944142e-06 -0.1929443 -0.9812097 -7.845361e-07 -0.1929417 -0.9812102 1.710595e-07 -0.1929432 -0.9812099 3.449088e-06 -0.1929371 -0.9812111 1.698063e-06 -0.1929419 -0.9812102 -6.051268e-06 -0.19294 -0.9812105 -7.845362e-07 -0.1929418 -0.9812103 1.287937e-06 -0.1929448 -0.9812096 -2.183296e-06 -0.1929415 -0.9812102 4.688253e-06 -0.1929435 -0.9812099 1.078375e-06 -0.1929443 -0.9812098 -4.846874e-07 -0.1929408 -0.9812105 -1.147901e-06 -0.1929395 -0.9812106 3.27312e-07 -0.1929391 -0.9812107 -3.205573e-06 -0.192941 -0.9812103 1.350403e-05 -0.1929427 -0.98121 1.050683e-06 -0.1929419 -0.9812102 -2.54553e-06 -0.1929416 -0.9812102 -2.189568e-06 -0.1929417 -0.9812102 1.970722e-06 -0.1929464 -0.9812093 -1.020396e-06 -0.1929399 -0.9812105 5.871002e-06 -0.1929382 -0.9812109 4.020512e-06 -0.1929407 -0.9812104 -1.745066e-06 -0.1929418 -0.9812102 -9.159306e-07 -0.192942 -0.9812101 2.064757e-07 -0.1929425 -0.9812101 1.652047e-06 -0.1929427 -0.9812099 -1.120047e-05 -0.1929333 -0.9812118 6.442808e-05 -0.1929792 -0.9812028 1.055183e-06 -0.1929446 -0.9812097 2.730852e-05 -0.1928864 -0.9812211 -3.79165e-05 -0.1930173 -0.9811953 3.015946e-06 -0.1929405 -0.9812105 2.463239e-05 -0.192904 -0.9812176 4.926129e-07 -0.1929473 -0.9812091 -2.051035e-05 -0.1930158 -0.9811956 -2.397857e-05 -0.1929763 -0.9812034 3.222195e-05 -0.1929116 -0.9812163 3.633417e-06 -0.1929198 -0.9812145 -1.069802e-05 -0.1929896 -0.9812008 -1.270574e-06 -0.1929449 -0.9812096 -1.160509e-05 -0.1929538 -0.9812078 9.405401e-06 -0.1928682 -0.9812247 9.049454e-06 -0.1929383 -0.9812108 1.475027e-05 -0.1928265 -0.9812329 2.286658e-05 -0.1929291 -0.9812127 -1.050951e-05 -0.1930802 -0.9811829 1.451422e-06 -0.192944 -0.9812098 -3.544883e-05 -0.1929636 -0.9812059 3.154444e-06 -0.1928996 -0.9812185 8.280998e-07 -0.1929426 -0.9812101 -1.661663e-05 -0.1928862 -0.9812211 -2.839815e-05 -0.1928318 -0.9812319 -7.443903e-07 -0.192942 -0.9812102 3.910196e-06 -0.1929433 -0.9812099 1.898745e-05 -0.1929416 -0.9812102 1.363805e-05 -0.1930031 -0.9811981 1.16232e-05 -0.1929933 -0.9812 -8.690421e-05 -0.19295 -0.9812086 -1.403495e-05 -0.1928833 -0.9812217 -4.195858e-06 -0.1929322 -0.9812121 3.805432e-05 -0.1929376 -0.9812111 6.535155e-06 -0.1929414 -0.9812102 1.623155e-05 -0.1930184 -0.9811951 -5.192306e-07 -0.1929348 -0.9812116 -4.197696e-05 -0.1929411 -0.9812103 1.12323e-05 -0.1929914 -0.9812005 1.499987e-05 -0.1930131 -0.9811962 -8.531517e-06 -0.1928917 -0.9812201 -3.873815e-06 -0.1929194 -0.9812146 6.999887e-05 -0.1929392 -0.9812108 7.514428e-06 -0.1929919 -0.9812003 -9.736415e-06 -0.192886 -0.9812212 -3.162632e-05 -0.1929431 -0.9812099 -3.265828e-06 -0.1929412 -0.9812104 -1.456044e-05 -0.1928149 -0.9812351 3.141857e-06 -0.1929703 -0.9812046 1.871182e-06 -0.1929415 -0.9812103 -1.3731e-06 -0.1929296 -0.9812126 5.557536e-06 -0.1930004 -0.9811987 9.512922e-07 -0.1929142 -0.9812156 1.861865e-05 -0.1929419 -0.9812102 1.817767e-06 -0.1929519 -0.9812083 7.141408e-06 -0.1930233 -0.9811941 1.957739e-05 -0.1929419 -0.9812101 -1.594369e-06 -0.1929367 -0.9812112 -1.333477e-07 -0.1929416 -0.9812102 2.572329e-06 -0.1929335 -0.9812119 8.756303e-07 -0.1929103 -0.9812164 3.394063e-06 -0.1929916 -0.9812004 -2.498114e-05 -0.1929428 -0.98121 3.27838e-06 -0.1929417 -0.9812102 -1.365855e-06 -0.1929209 -0.9812143 -3.017261e-06 -0.1928854 -0.9812213 1.681908e-05 -0.1929428 -0.9812099 3.258111e-06 -0.1929909 -0.9812006 2.806651e-06 -0.1929676 -0.9812051 -8.450826e-06 -0.1929412 -0.9812103 -3.782026e-06 -0.1929143 -0.9812156 -3.923195e-06 -0.1928892 -0.9812205 -1.412498e-05 -0.192941 -0.9812104 -6.558716e-06 -0.1929411 -0.9812103 1.529222e-06 -0.192981 -0.9812025 5.755271e-07 -0.1929332 -0.9812119 1.411569e-05 -0.1929443 -0.9812097 3.233204e-06 -0.1930106 -0.9811967 2.356102e-06 -0.1929558 -0.9812074 9.749178e-06 -0.1929437 -0.9812098 -1.459193e-06 -0.1929444 -0.9812097 -3.160079e-06 -0.1929395 -0.9812106 -5.812628e-06 -0.1929387 -0.9812108 -2.241871e-06 -0.1928799 -0.9812224 -3.471848e-06 -0.1929125 -0.9812159 -2.432909e-06 -0.1929965 -0.9811994 2.347176e-06 -0.1929525 -0.9812081 3.588112e-06 -0.1928439 -0.9812295 2.121453e-06 -0.1929411 -0.9812103 9.047936e-07 -0.1929848 -0.9812017 4.093341e-07 -0.192903 -0.9812178 -1.649078e-06 -0.1929575 -0.9812071 -2.068067e-07 -0.1929382 -0.9812109 -3.91146e-07 -0.1929429 -0.98121 1.083574e-05 -0.1927871 -0.9812406 2.20384e-05 -0.192936 -0.9812113 -3.981141e-05 -0.1929415 -0.9812102 1.542544e-05 -0.192941 -0.9812104 -9.064025e-06 -0.1929392 -0.9812106 -4.864169e-05 -0.1929334 -0.9812118 7.95214e-05 -0.1929632 -0.9812059 -1.823777e-05 -0.1929323 -0.9812121 -4.66864e-05 -0.1929216 -0.9812142 -1.940785e-05 -0.1929335 -0.9812118 9.602961e-06 -0.192948 -0.981209 6.13779e-06 -0.192946 -0.9812094 -1.91206e-05 -0.192929 -0.9812127 -1.066067e-05 -0.1929357 -0.9812114 -8.551505e-06 -0.1929812 -0.9812024 2.281116e-05 -0.1928432 -0.9812295 -4.874484e-06 -0.1929497 -0.9812086 -1.122594e-05 -0.1929701 -0.9812046 -7.575138e-06 -0.1929602 -0.9812067 -7.296625e-06 -0.1929595 -0.9812067 -3.183862e-07 -0.192945 -0.9812096 2.829936e-05 -0.1928901 -0.9812204 -8.005472e-06 -0.1929519 -0.9812083 8.207567e-06 -0.1929274 -0.981213 -3.561836e-05 -0.1929862 -0.9812015 3.252366e-05 -0.192905 -0.9812174 -8.574667e-06 -0.1929484 -0.981209 -8.385076e-06 -0.1929482 -0.981209 -6.475776e-06 -0.1929467 -0.9812092 -6.33196e-06 -0.1929465 -0.9812093 6.418271e-06 -0.1929386 -0.9812108 -1.96104e-05 -0.1929527 -0.9812081 1.365168e-05 -0.1929373 -0.9812111 -1.64216e-05 -0.192948 -0.981209 3.79555e-05 -0.1929328 -0.981212 -4.061736e-06 -0.1930169 -0.9811955 2.67282e-06 -0.1929361 -0.9812114 3.941428e-06 -0.1929537 -0.9812079 -6.82364e-07 -0.1929376 -0.981211 8.000879e-07 -0.1929437 -0.9812099 7.065824e-05 -0.193011 -0.9811966 2.911056e-06 -0.1929114 -0.9812161 -7.343624e-06 -0.1930217 -0.9811945 -1.256225e-05 -0.1929222 -0.981214 3.161805e-06 -0.1929101 -0.9812164 -5.742835e-06 -0.1930006 -0.9811987 1.264877e-05 -0.1929528 -0.9812081 -7.165099e-05 -0.1928369 -0.9812308 -1.291191e-05 -0.1929129 -0.981216 2.272337e-05 -0.1929939 -0.9812 -2.165394e-05 -0.1928799 -0.9812224 1.460154e-05 -0.1929873 -0.9812013 1.597049e-05 -0.1929921 -0.9812003 8.463369e-06 -0.1929608 -0.9812064 -3.72667e-06 -0.1929538 -0.9812078 -5.091601e-06 -0.1928905 -0.9812202 2.38954e-06 -0.1929357 -0.9812114 -8.615008e-06 -0.1928523 -0.9812279 6.501523e-06 -0.1930055 -0.9811976 4.635946e-06 -0.1929788 -0.9812028 3.251816e-06 -0.1929364 -0.9812112 4.113089e-06 -0.1928995 -0.9812185 6.702894e-07 -0.1929561 -0.9812074 7.571706e-06 -0.1928898 -0.9812204 -7.68709e-06 -0.1929907 -0.9812006 3.674243e-06 -0.1929333 -0.9812118 -9.210837e-06 -0.192986 -0.9812015 1.467514e-05 -0.1929049 -0.9812174 9.07774e-06 -0.1929212 -0.9812143 -4.780422e-05 -0.1928909 -0.9812202 5.516785e-05 -0.1930039 -0.981198 -3.162413e-05 -0.1929027 -0.9812179 3.707239e-05 -0.1929876 -0.9812012 -3.133564e-05 -0.1928949 -0.9812194 1.791886e-05 -0.1929685 -0.9812049 1.32063e-05 -0.1929607 -0.9812065 -1.262886e-05 -0.1929134 -0.9812157 5.999764e-07 -0.1929288 -0.9812127 5.392621e-06 -0.192883 -0.9812218 7.762662e-05 -0.1930674 -0.9811856 -2.141594e-05 -0.1929184 -0.9812149 -8.229011e-05 -0.1927916 -0.9812397 1.193734e-06 -0.1929273 -0.981213 -1.568351e-06 -0.1929532 -0.981208 1.475584e-06 -0.1929394 -0.9812106 2.05701e-05 -0.1929889 -0.9812009 -4.919823e-06 -0.1929931 -0.9812 5.588923e-05 -0.1929863 -0.9812015 2.135882e-05 -0.1929906 -0.9812006 -1.078839e-06 -0.1929318 -0.9812121 6.572845e-06 -0.1929432 -0.9812099 1.779414e-06 -0.192942 -0.9812101 3.375933e-06 -0.1929426 -0.98121 -6.098072e-05 -0.192896 -0.9812192 -3.612564e-06 -0.1929383 -0.9812109 1.642574e-06 -0.1929468 -0.9812092 3.124146e-06 -0.1929497 -0.9812087 -6.520758e-06 -0.1929276 -0.981213 -1.307532e-05 -0.1929095 -0.9812165 1.472831e-05 -0.1930032 -0.9811981 -1.035348e-05 -0.1928971 -0.981219 -9.299289e-06 -0.1929028 -0.9812179 1.351952e-05 -0.193061 -0.9811868 -8.01407e-06 -0.1928586 -0.9812265 -3.536309e-06 -0.1929165 -0.9812152 -4.829614e-07 -0.1929742 -0.9812039 8.791405e-07 -0.1929417 -0.9812102 2.162403e-06 -0.1929415 -0.9812103 -1.934221e-05 -0.1929191 -0.9812146 -1.503063e-06 -0.1929424 -0.9812101 -5.317662e-06 -0.1929359 -0.9812113 -2.362911e-05 -0.1928597 -0.9812264 6.855152e-06 -0.1929464 -0.9812093 5.868512e-05 -0.1929793 -0.9812028 7.083971e-06 -0.1929792 -0.9812029 3.579264e-07 -0.1929475 -0.981209 7.664326e-05 -0.1930099 -0.9811968 -4.417943e-05 -0.1929146 -0.9812156 -2.515247e-06 -0.1929293 -0.9812127 2.62534e-06 -0.192941 -0.9812104 1.163943e-05 -0.1930651 -0.9811859 0 -0.1928727 -0.9812238 3.355895e-05 -0.1929565 -0.9812073 -4.603955e-05 -0.1929213 -0.9812142 4.252801e-06 -0.1929408 -0.9812105 5.863235e-06 -0.1929414 -0.9812102 -1.122446e-06 -0.1929379 -0.9812109 -7.015168e-07 -0.1929397 -0.9812106 4.662239e-05 -0.1929525 -0.9812081 -6.448989e-05 -0.1929292 -0.9812127 1.623205e-05 -0.1929404 -0.9812105 -1.08756e-05 -0.1929376 -0.9812111 2.323912e-05 -0.19294 -0.9812106 1.433021e-05 -0.1929399 -0.9812105 -1.241927e-05 -0.192941 -0.9812104 3.309943e-05 -0.1929363 -0.9812113 -5.463286e-05 -0.1929509 -0.9812084 1.326967e-05 -0.1929353 -0.9812115 -3.562055e-06 -0.1929403 -0.9812105 0 -0.1929415 -0.9812103 -1.298919e-05 -0.1929402 -0.9812105 -8.16824e-05 -0.1929319 -0.9812122 0.0001473404 -0.1929615 -0.9812063 1.44823e-05 -0.1929425 -0.9812101 -4.316563e-05 -0.1929379 -0.981211 -1.807424e-05 -0.1929401 -0.9812106 2.953528e-05 -0.1929448 -0.9812096 2.849125e-05 -0.1929285 -0.9812128 -1.260468e-06 -0.1929416 -0.9812102 -2.168517e-05 -0.1929524 -0.9812081 2.107521e-05 -0.1929263 -0.9812132 -8.332395e-06 -0.1929468 -0.9812092 -2.216412e-05 -0.1929581 -0.981207 3.06214e-06 -0.1929415 -0.9812103 2.575856e-06 -0.1929418 -0.9812102 -4.428311e-06 -0.1929443 -0.9812097 -7.33131e-06 -0.192945 -0.9812096 -1.594641e-05 -0.1929219 -0.9812141 1.322192e-05 -0.1929421 -0.9812102 -4.097323e-06 -0.1929438 -0.9812098 5.707166e-06 -0.1929391 -0.9812107 -8.188664e-06 -0.1929437 -0.9812098 -4.719262e-07 -0.1929395 -0.9812107 -7.536985e-08 -0.1929417 -0.9812102 4.575952e-08 -0.1929443 -0.9812097 5.636037e-07 -0.1929422 -0.9812101 -6.146471e-07 -0.1929415 -0.9812103 -6.069892e-05 -0.1929456 -0.9812095 8.320058e-06 -0.1929419 -0.9812102 2.520917e-05 -0.1929529 -0.981208 1.234488e-06 -0.1929414 -0.9812103 1.45313e-06 -0.1929418 -0.9812102 -2.277572e-06 -0.192945 -0.9812096 6.666196e-06 -0.1929389 -0.9812107 -6.306118e-05 -0.1929748 -0.9812037 1.642434e-06 -0.19294 -0.9812105 4.00046e-07 -0.1929434 -0.9812099 4.067514e-08 -0.1929443 -0.9812097 7.330145e-06 -0.1929428 -0.9812099 2.398764e-07 -0.1929418 -0.9812102 1.472707e-05 -0.1929309 -0.9812123 -3.907301e-06 -0.1929457 -0.9812094 -6.117606e-06 -0.1929468 -0.9812092 3.555515e-06 -0.1929389 -0.9812108 8.367501e-06 -0.1929352 -0.9812115 4.206467e-06 -0.1929387 -0.9812108 -1.578279e-05 -0.1929558 -0.9812075 -5.844407e-06 -0.1929474 -0.981209 2.067368e-05 -0.1929272 -0.9812131 6.97366e-06 -0.1929337 -0.9812117 3.415459e-07 -0.1929406 -0.9812104 -8.170816e-06 -0.1929466 -0.9812093 5.07802e-05 -0.1930143 -0.9811959 -2.291307e-05 -0.192958 -0.981207 1.086325e-05 -0.1929536 -0.9812079 1.915412e-05 -0.1929259 -0.9812133 -1.145108e-05 -0.1929501 -0.9812086 -1.799656e-05 -0.1929069 -0.9812171 -3.020641e-05 -0.1929613 -0.9812064 -1.554169e-05 -0.1929111 -0.9812162 -1.35002e-06 -0.1929378 -0.981211 5.021357e-05 -0.1929101 -0.9812163 2.223735e-05 -0.1929816 -0.9812024 -5.706463e-06 -0.1929481 -0.981209 -7.168266e-07 -0.1929435 -0.9812099 1.076965e-05 -0.1929352 -0.9812115 -7.354688e-06 -0.1929456 -0.9812095 1.778024e-06 -0.1929414 -0.9812103 6.309081e-06 -0.1929398 -0.9812106 -1.080565e-05 -0.1929448 -0.9812096 -5.752539e-05 -0.1929825 -0.9812022 1.672133e-06 -0.1929411 -0.9812104 2.316222e-06 -0.1929408 -0.9812104 -3.611505e-06 -0.1929456 -0.9812095 3.058395e-06 -0.1929387 -0.9812108 2.397054e-06 -0.1929396 -0.9812106 8.400966e-06 -0.1929371 -0.9812111 1.528171e-06 -0.1929413 -0.9812103 -2.802406e-06 -0.1930295 -0.981193 -1.408237e-06 -0.1928881 -0.9812208 -7.084308e-06 -0.1930619 -0.9811865 3.385185e-06 -0.1928881 -0.9812208 2.559847e-06 -0.1928964 -0.9812192 -6.913588e-06 -0.1929652 -0.9812056 7.308416e-06 -0.1928983 -0.9812188 -1.140571e-05 -0.192971 -0.9812045 8.18821e-07 -0.1929419 -0.9812101 -3.381749e-05 -0.1929341 -0.9812118 3.788293e-06 -0.1929432 -0.9812099 -1.562817e-05 -0.1929382 -0.9812109 4.234915e-06 -0.1929436 -0.9812099 -5.320227e-06 -0.1929233 -0.9812138 3.579536e-05 -0.1929745 -0.9812037 8.652636e-06 -0.1929604 -0.9812065 2.993997e-06 -0.1929443 -0.9812097 8.314049e-06 -0.1929593 -0.9812068 -3.328308e-07 -0.192941 -0.9812104 -1.783987e-05 -0.1928541 -0.9812274 0.001223148 -0.193696 -0.9810608 0.0001172009 -0.1931829 -0.9811627 -0.0001511777 -0.1928776 -0.9812229 -2.126594e-05 -0.1929234 -0.9812139 9.122436e-06 -0.1929888 -0.9812009 0.0002869624 -0.1934732 -0.9811055 0.0002057253 -0.193325 -0.9811348 4.884237e-05 -0.1929785 -0.981203 0.0001466241 -0.1929715 -0.9812044 0.0001580113 -0.1929761 -0.9812035 -0.000134608 -0.1928794 -0.9812225 -0.0002067605 -0.1928467 -0.9812289 2.803395e-06 -0.1929469 -0.9812092 -3.25959e-05 -0.1929187 -0.9812148 -2.936986e-05 -0.1929306 -0.9812124 2.867374e-06 -0.192949 -0.9812087 -1.913043e-05 -0.1929276 -0.981213 5.199535e-06 -0.1928818 -0.981222 1.829732e-05 -0.1929514 -0.9812083 1.517271e-05 -0.1931031 -0.9811785 2.762753e-05 -0.1931743 -0.9811644 -0.0001630258 -0.1918579 -0.9814227 1.973023e-07 -0.1929449 -0.9812096 5.217917e-08 -0.1929407 -0.9812105 -5.899886e-06 -0.1929914 -0.9812004 9.253715e-05 -0.1934811 -0.981104 2.37027e-05 -0.1929542 -0.9812078 -1.753208e-06 -0.1929665 -0.9812054 -5.891161e-06 -0.1929394 -0.9812107 -1.431169e-05 -0.1929356 -0.9812114 -0.0004354029 -0.1972 -0.9803632 0 -0.1929348 -0.9812115 6.405625e-05 -0.1929352 -0.9812115 0.0003328753 -0.1928929 -0.9812198 1.025528e-06 -0.19294 -0.9812105 -0.0003263563 -0.1929842 -0.9812018 6.172471e-07 -0.1929426 -0.9812101 6.735871e-06 -0.192943 -0.9812099 1.356498e-05 -0.1929436 -0.9812099 -2.411396e-05 -0.1929398 -0.9812106 4.571287e-05 -0.192948 -0.981209 6.48801e-06 -0.1929427 -0.9812101 -4.41583e-05 -0.1929349 -0.9812115 -0.0007855179 -0.1932372 -0.9811518 -5.081748e-05 -0.1929533 -0.981208 0.0003142115 -0.1928257 -0.9812329 7.956192e-05 -0.1929215 -0.9812142 -5.035175e-05 -0.1929532 -0.9812079 -0.0001470125 -0.1929791 -0.9812029 0.0001724551 -0.1929014 -0.9812182 -8.423379e-05 -0.1929559 -0.9812074 5.573311e-05 -0.1929436 -0.9812098 -1.049745e-05 -0.1929394 -0.9812106 -5.408824e-06 -0.1929414 -0.9812103 -6.989064e-05 -0.1929581 -0.981207 3.356228e-07 -0.1929465 -0.9812093 -1.195755e-09 -0.1929333 -0.9812119 -1.261004e-07 -0.1929407 -0.9812105 -3.657893e-05 -0.1929392 -0.9812106 1.40222e-05 -0.1929416 -0.9812102 7.722363e-05 -0.1929459 -0.9812094 2.273606e-05 -0.1929436 -0.9812099 4.997229e-08 -0.1929411 -0.9812104 6.728968e-07 -0.1929439 -0.9812098 2.022815e-05 -0.1929411 -0.9812104 -6.211871e-05 -0.1929417 -0.9812102 3.545637e-05 -0.1929429 -0.98121 -1.084223e-06 -0.1929419 -0.9812102 -8.724366e-05 -0.192947 -0.9812092 4.923048e-05 -0.1929402 -0.9812105 -5.819215e-05 -0.1930701 -0.981185 -0.000392878 -0.1935427 -0.9810918 -0.0001362491 -0.1931614 -0.9811671 0.0004285028 -0.1920711 -0.9813809 0.0001341949 -0.1926289 -0.9812717 2.004877e-07 -0.1929451 -0.9812096 2.116157e-07 -0.1929447 -0.9812096 -9.285896e-05 -0.1931968 -0.98116 0.0001747419 -0.192386 -0.9813193 -0.0003249887 -0.1964096 -0.980522 0.0001153734 -0.1920584 -0.9813835 4.677815e-05 -0.1925657 -0.9812841 2.596923e-05 -0.1928497 -0.9812283 6.120307e-06 -0.1929523 -0.9812081 2.857058e-06 -0.1929416 -0.9812103 -4.187847e-05 -0.1929493 -0.9812087 2.062695e-05 -0.1929395 -0.9812107 4.67491e-05 -0.1929359 -0.9812114 -7.354711e-05 -0.1929505 -0.9812084 1.079119e-06 -0.1929419 -0.9812103 -1.144735e-06 -0.1929414 -0.9812103 2.298851e-07 -0.1929417 -0.9812102 -2.996878e-06 -0.1929436 -0.9812099 -1.094981e-05 -0.1929546 -0.9812077 2.876216e-05 -0.1929108 -0.9812163 -2.496692e-05 -0.1929627 -0.9812061 -1.209873e-06 -0.192941 -0.9812104 -0.0001356114 -0.1930536 -0.9811882 4.651751e-05 -0.1929061 -0.9812172 4.334468e-06 -0.1929393 -0.9812108 -2.452096e-05 -0.1930141 -0.981196 -7.560077e-05 -0.1932119 -0.981157 -6.264971e-05 -0.1929011 -0.9812182 3.431349e-05 -0.1929686 -0.9812049 3.18589e-05 -0.1929667 -0.9812053 -7.035135e-05 -0.192883 -0.9812218 1.846361e-05 -0.1929614 -0.9812064 -8.343538e-05 -0.192925 -0.9812135 5.587305e-05 -0.1929566 -0.9812073 -3.785583e-05 -0.1929316 -0.9812122 2.180574e-05 -0.1929503 -0.9812086 -5.248647e-05 -0.1929237 -0.9812138 3.815403e-05 -0.1929603 -0.9812066 -7.652493e-06 -0.1929393 -0.9812106 -4.242826e-06 -0.1929411 -0.9812103 4.033032e-05 -0.1929667 -0.9812053 1.979264e-05 -0.1929626 -0.9812061 -1.9515e-05 -0.1929963 -0.9811994 5.619174e-06 -0.192931 -0.9812123 4.757242e-06 -0.1929321 -0.9812121 0.002106694 -0.1930357 -0.9811895 7.280891e-05 -0.1927567 -0.9812466 0.0001556247 -0.1925231 -0.9812924 -7.606164e-05 -0.1931437 -0.9811705 -5.471511e-06 -0.1929369 -0.9812111 6.796046e-06 -0.1929327 -0.981212 2.859335e-05 -0.1929742 -0.9812039 -5.648557e-05 -0.1931084 -0.9811774 -0.0005484605 -0.1928506 -0.9812279 0.002427333 -0.1934563 -0.9811059 0 -0.1929416 -0.9812103 1.296103e-05 -0.1928969 -0.981219 -1.127317e-05 -0.1929279 -0.9812129 -1.469395e-05 -0.1929237 -0.9812138 -6.392869e-05 -0.1929342 -0.9812117 0.0005793425 -0.1931526 -0.9811686 -5.810587e-05 -0.1929141 -0.9812157 0.0003673095 -0.1937917 -0.9810426 1.264628e-07 -0.1929407 -0.9812105 -2.756986e-06 -0.1929436 -0.9812098 5.249104e-05 -0.1930551 -0.9811879 0.00012173 -0.1932057 -0.9811583 4.892536e-07 -0.1929414 -0.9812104 1.623101e-06 -0.1929351 -0.9812115 8.633944e-06 -0.1929535 -0.9812078 -0.0001623605 -0.1928269 -0.9812328 0.0002705026 -0.1933947 -0.981121 -7.853958e-06 -0.1929472 -0.9812091 -2.272166e-06 -0.1929433 -0.9812099 0.001219512 -0.1937483 -0.9810505 5.434866e-05 -0.1929649 -0.9812057 -0.0003554845 -0.1927308 -0.9812517 3.678014e-06 -0.1929385 -0.9812109 5.523191e-05 -0.1930155 -0.9811957 -4.476919e-06 -0.1929434 -0.9812099 -4.487032e-05 -0.1929772 -0.9812032 6.90634e-05 -0.1928862 -0.9812211 0.0004334504 -0.1933049 -0.9811386 -9.036967e-06 -0.1929496 -0.9812087 -1.952951e-05 -0.1929583 -0.981207 1.536855e-05 -0.1929294 -0.9812126 1.181245e-06 -0.1929422 -0.9812101 -1.062063e-06 -0.1929425 -0.9812101 -9.763287e-07 -0.1929423 -0.9812101 -5.572209e-06 -0.1929454 -0.9812095 5.264126e-05 -0.1929251 -0.9812135 -5.552064e-07 -0.1929426 -0.9812101 -3.483565e-06 -0.1929425 -0.9812101 1.237498e-06 -0.1929385 -0.9812108 3.853458e-06 -0.1929425 -0.9812101 -0.000109371 -0.1928103 -0.9812361 -4.668846e-07 -0.1929408 -0.9812105 5.658801e-05 -0.1930122 -0.9811963 -3.166527e-06 -0.1929337 -0.9812118 3.086284e-05 -0.192981 -0.9812025 1.415641e-06 -0.192937 -0.9812111 -1.240256e-05 -0.1929147 -0.9812155 2.623967e-05 -0.1929837 -0.981202 1.379643e-07 -0.1929312 -0.9812123 -9.788714e-06 -0.1929085 -0.9812168 -1.177534e-05 -0.192903 -0.9812179 1.975421e-05 -0.1930036 -0.9811981 1.396664e-06 -0.1929333 -0.9812119 1.289985e-07 -0.1929407 -0.9812104 -6.891123e-07 -0.1929428 -0.98121 -1.061884e-06 -0.1929486 -0.9812089 9.566316e-08 -0.1929434 -0.9812099 1.360723e-06 -0.1929421 -0.9812102 -9.207498e-07 -0.1929429 -0.9812101 -1.932388e-06 -0.1929493 -0.9812087 1.79728e-07 -0.1929417 -0.9812102 1.150568e-07 -0.192942 -0.9812102 3.511399e-07 -0.1929419 -0.9812102 -6.406548e-07 -0.1929438 -0.9812098 2.735921e-06 -0.1929336 -0.9812118 -3.347787e-06 -0.1929427 -0.9812101 -2.514198e-07 -0.1929413 -0.9812103 1.794747e-06 -0.1929445 -0.9812097 3.546428e-06 -0.1929407 -0.9812105 3.962452e-05 -0.1929262 -0.9812133 -1.744024e-06 -0.1929365 -0.9812112 4.564397e-07 -0.1929414 -0.9812103 -1.211134e-06 -0.1929424 -0.9812101 2.631841e-06 -0.1929507 -0.9812085 2.811763e-06 -0.1929407 -0.9812105 -1.704353e-06 -0.1929425 -0.9812101 8.825389e-07 -0.1929398 -0.9812106 3.032179e-06 -0.1929406 -0.9812105 8.854969e-07 -0.1929393 -0.9812107 -6.547764e-05 -0.1929633 -0.9812059 1.715453e-05 -0.1929372 -0.9812111 1.247066e-06 -0.1929411 -0.9812103 -4.56463e-07 -0.1929427 -0.9812101 -6.684644e-07 -0.1929472 -0.9812092 2.93251e-05 -0.1929255 -0.9812135 -4.51036e-05 -0.192965 -0.9812056 5.097982e-06 -0.1929393 -0.9812107 -2.519084e-05 -0.1929541 -0.9812078 3.563783e-05 -0.1929257 -0.9812133 -2.962175e-06 -0.1929432 -0.9812099 2.396049e-06 -0.19294 -0.9812106 -9.315373e-06 -0.192956 -0.9812074 3.751932e-06 -0.1929397 -0.9812106 -2.08103e-05 -0.1929574 -0.9812071 3.770291e-05 -0.1929166 -0.9812152 -2.047369e-05 -0.1929558 -0.9812074 8.315735e-06 -0.1929371 -0.9812111 2.748588e-06 -0.1929404 -0.9812104 1.387217e-06 -0.1929388 -0.9812108 1.484695e-06 -0.1929387 -0.9812108 -7.486466e-07 -0.1929426 -0.98121 2.001147e-08 -0.1929418 -0.9812102 -2.755476e-06 -0.1929445 -0.9812097 -3.675416e-05 -0.1929752 -0.9812037 3.102927e-05 -0.192916 -0.9812153 -1.875729e-06 -0.1929456 -0.9812095 -9.890797e-06 -0.1929556 -0.9812075 2.7439e-06 -0.19294 -0.9812105 -1.000072e-05 -0.1929557 -0.9812075 -3.451509e-07 -0.1929434 -0.9812099 -8.746925e-06 -0.1929538 -0.9812078 7.123321e-07 -0.1929416 -0.9812103 1.587281e-06 -0.1929389 -0.9812108 -3.726329e-06 -0.1929437 -0.9812098 -2.546989e-06 -0.192942 -0.9812102 -1.453928e-05 -0.1929351 -0.9812114 2.771697e-05 -0.1929624 -0.9812061 -7.412868e-05 -0.192889 -0.9812205 -2.21905e-05 -0.1929548 -0.9812077 5.507659e-05 -0.1929027 -0.9812179 -2.054332e-05 -0.1929558 -0.9812075 -3.534629e-05 -0.1929667 -0.9812053 -1.705851e-06 -0.1929394 -0.9812106 1.174835e-06 -0.1929412 -0.9812103 3.369753e-05 -0.1929844 -0.9812018 -4.981411e-05 -0.1928866 -0.981221 -1.579616e-05 -0.1929235 -0.9812138 5.252467e-05 -0.1929891 -0.9812009 -1.998387e-06 -0.1929412 -0.9812103 3.912347e-05 -0.1929744 -0.9812037 -0.0001000273 -0.1928719 -0.9812239 -1.609789e-05 -0.1929303 -0.9812124 4.432283e-06 -0.1929442 -0.9812098 4.848518e-06 -0.1929442 -0.9812098 -2.782409e-05 -0.1929512 -0.9812083 -1.407649e-06 -0.19294 -0.9812105 6.101993e-07 -0.1929429 -0.98121 -4.885842e-07 -0.192941 -0.9812104 2.545054e-07 -0.1929421 -0.9812102 -5.590095e-07 -0.192941 -0.9812104 3.296726e-06 -0.1929439 -0.9812098 8.440496e-06 -0.1929458 -0.9812094 -2.503414e-05 -0.1929446 -0.9812097 5.222718e-06 -0.192942 -0.9812102 -0 -0.1929353 -0.9812114 1.565423e-06 -0.192942 -0.9812101 5.714904e-06 -0.192941 -0.9812103 -1.377072e-05 -0.1929408 -0.9812104 -0.000119586 -0.1929382 -0.9812108 3.051296e-05 -0.1929448 -0.9812096 8.868636e-05 -0.1929484 -0.9812089 1.82141e-05 -0.1929429 -0.98121 -7.367056e-05 -0.192934 -0.9812118 4.61373e-05 -0.1929501 -0.9812086 -2.45441e-05 -0.193008 -0.9811972 -5.416565e-06 -0.1929608 -0.9812065 -9.292637e-06 -0.1929719 -0.9812043 2.062272e-05 -0.1928697 -0.9812244 -1.080925e-06 -0.1929428 -0.98121 -1.652631e-07 -0.1929419 -0.9812102 -2.624099e-06 -0.1929449 -0.9812096 3.904049e-07 -0.1929402 -0.9812105 1.084828e-06 -0.192944 -0.9812098 -5.772927e-06 -0.1929288 -0.9812128 -2.735958e-05 -0.1928782 -0.9812227 2.85686e-06 -0.1929526 -0.981208 2.121238e-05 -0.1930006 -0.9811987 -6.171058e-06 -0.1929243 -0.9812136 -6.373229e-06 -0.1929239 -0.9812137 8.440858e-06 -0.1929723 -0.9812042 -1.387022e-05 -0.1928829 -0.9812217 -4.270157e-06 -0.1929264 -0.9812132 -0.02490208 -0.9809055 0.1928844 -0.02490211 -0.9809055 0.1928844 -0.07475176 -0.9784644 0.1924044 -0.1243542 -0.9735935 0.1914466 -0.07475175 -0.9784644 0.1924044 -0.1243519 -0.9735936 0.1914472 -0.1736588 -0.966301 0.1900132 -0.17361 -0.9663118 0.1900027 -0.2225109 -0.9566132 0.1880957 -0.2225566 -0.9566008 0.1881052 -0.3184735 -0.9301199 0.182898 -0.2708182 -0.9445424 0.185734 -0.2708182 -0.9445424 0.185734 -0.3653717 -0.9133728 0.1795935 -0.3185166 -0.9301078 0.182884 -0.36533 -0.9133866 0.1796076 -0.4562027 -0.8731549 0.1716964 -0.4112885 -0.8943778 0.1758696 -0.4112885 -0.8943778 0.1758696 -0.4562027 -0.8731549 0.1716964 -0.5000095 -0.8497472 0.1670935 -0.5000095 -0.8497472 0.1670935 -0.5837464 -0.7966796 0.1566584 -0.5425354 -0.8242484 0.1620795 -0.5425354 -0.8242484 0.1620795 -0.5837464 -0.7966796 0.1566584 -0.6234769 -0.7671507 0.1508518 -0.6234769 -0.7671507 0.1508518 -0.6982287 -0.7024232 0.1381243 -0.6616912 -0.7356879 0.1446655 -0.6616899 -0.7356891 0.1446653 -0.7330522 -0.6673933 0.1312273 -0.6982545 -0.7024002 0.1381106 -0.7330522 -0.6673933 0.1312273 -0.7660421 -0.6307137 0.1240152 -0.7660421 -0.6307137 0.1240151 -0.7971303 -0.592463 0.116494 -0.7971478 -0.5924389 0.1164967 -0.8262326 -0.5527439 0.1086911 -0.8262327 -0.5527439 0.1086911 -0.8532979 -0.5116259 0.1006057 -0.8532849 -0.5116481 0.1006037 -0.8782205 -0.4692705 0.0922711 -0.9009693 -0.4257303 0.08371523 -0.8782315 -0.4692496 0.09227283 -0.9009693 -0.4257303 0.08371523 -0.9214773 -0.3811334 0.07494574 -0.92147 -0.3811512 0.0749445 -0.9396928 -0.3355939 0.06598672 -0.9396928 -0.3355939 0.06598671 -0.9555759 -0.2892066 0.05686933 -0.9555718 -0.2892206 0.05686848 -0.9690752 -0.2421293 0.04760907 -0.9690782 -0.2421174 0.04760976 -0.9801722 -0.1944248 0.0382291 -0.9801722 -0.1944248 0.0382291 -0.9888312 -0.1462399 0.02875649 -0.9888301 -0.1462472 0.02875611 -0.9950308 -0.09769654 0.01921096 -0.9950308 -0.09769654 0.01921096 -0.998757 -0.04890764 0.009617155 -0.998757 -0.04890764 0.009617154 -1 0 0 -1 0 0 -0.9987569 0.04890752 -0.009617131 -0.9987569 0.04890752 -0.009617131 -0.9950308 0.09769677 -0.01921101 -0.9950308 0.09769677 -0.01921101 -0.98883 0.1462469 -0.02875786 -0.9888301 0.1462469 -0.02875786 -0.9801723 0.1944239 -0.03823134 -0.9801723 0.1944239 -0.03823135 -0.9555717 0.2892199 -0.05687194 -0.9690781 0.242118 -0.04760987 -0.9690781 0.242118 -0.04760987 -0.9555717 0.2892199 -0.05687194 -0.9396931 0.3355924 -0.06599059 -0.9396931 0.3355923 -0.06599059 -0.9214773 0.3811334 -0.07494574 -0.9214773 0.3811334 -0.07494574 -0.9009693 0.4257303 -0.08371523 -0.9009693 0.4257303 -0.08371523 -0.8532973 0.5116269 -0.1006062 -0.8782205 0.4692693 -0.092277 -0.87822 0.4692704 -0.09227692 -0.8532979 0.5116259 -0.1006057 -0.8262327 0.5527439 -0.1086911 -0.8262326 0.5527439 -0.1086911 -0.7971311 0.5924605 -0.1165009 -0.7971311 0.5924605 -0.1165009 -0.7660412 0.6307133 -0.1240229 -0.7330523 0.6673917 -0.1312353 -0.7660411 0.6307133 -0.1240229 -0.7330523 0.6673917 -0.1312353 -0.6982545 0.7023985 -0.138119 -0.6982545 0.7023987 -0.1381191 -0.6616912 0.735688 -0.144665 -0.6235062 0.7671295 -0.1508381 -0.6616642 0.7357131 -0.1446608 -0.5837464 0.7966796 -0.1566584 -0.6234769 0.7671507 -0.1508518 -0.5837464 0.7966796 -0.1566584 -0.5000094 0.8497472 -0.1670935 -0.5425354 0.8242484 -0.1620795 -0.5425354 0.8242484 -0.1620795 -0.4562008 0.8731558 -0.1716966 -0.5000095 0.8497472 -0.1670935 -0.4562008 0.8731558 -0.1716966 -0.4112885 0.8943778 -0.1758696 -0.4112885 0.8943778 -0.1758696 -0.3653321 0.9133859 -0.1796074 -0.3653321 0.9133859 -0.1796074 -0.2708182 0.9445424 -0.185734 -0.3185167 0.9301056 -0.1828952 -0.3185166 0.9301056 -0.1828952 -0.2708182 0.9445424 -0.185734 -0.2225109 0.956611 -0.1881071 -0.2225109 0.956611 -0.1881071 -0.1736565 0.9663014 -0.1900127 -0.1736565 0.9663014 -0.1900127 -0.07470398 0.9784679 -0.1924051 -0.1243542 0.9735935 -0.1914466 -0.1243542 0.9735935 -0.1914466 -0.07475176 0.9784668 -0.1923927 -0.02495013 0.9809043 -0.1928842 -0.02490208 0.9809077 -0.1928726 -2.273568e-06 0.1929444 0.9812097 6.317249e-06 0.1929381 0.9812109 8.222273e-07 0.1929416 0.9812102 -5.131852e-06 0.1929448 0.9812096 -2.221475e-07 0.1929425 0.9812101 -1.152166e-06 0.192943 0.98121 4.771414e-07 0.1929424 0.9812101 5.421725e-06 0.1929413 0.9812104 -2.920036e-06 0.1929425 0.9812101 -5.347358e-06 0.1929426 0.9812101 6.410151e-06 0.1929432 0.9812099 -2.588755e-06 0.1929417 0.9812102 -3.461803e-06 0.1929415 0.9812102 5.536123e-06 0.1929453 0.9812095 -7.768556e-07 0.1929416 0.9812102 -1.275495e-06 0.1929412 0.9812103 1.097113e-06 0.1929437 0.9812099 -9.150548e-07 0.1929409 0.9812104 7.143445e-07 0.192944 0.9812098 -1.056443e-06 0.1929392 0.9812107 -4.934238e-07 0.1929416 0.9812103 -1.153342e-07 0.1929449 0.9812096 -1.366485e-07 0.1929395 0.9812107 -5.786902e-07 0.192944 0.9812098 -3.638134e-07 0.1929429 0.9812099 1.02606e-06 0.192938 0.9812109 -3.507716e-06 0.1929504 0.9812085 3.160774e-06 0.1929356 0.9812114 -4.350899e-06 0.1929495 0.9812087 1.309522e-06 0.1929406 0.9812105 1.257186e-06 0.1929405 0.9812105 -1.119616e-07 0.1929423 0.9812101 -2.690829e-06 0.1929393 0.9812107 2.707781e-06 0.192946 0.9812093 -1.309522e-06 0.1929406 0.9812105 6.290463e-07 0.1929436 0.9812099 -4.359682e-07 0.1929416 0.9812102 -1.527517e-06 0.1929393 0.9812108 2.345275e-07 0.192944 0.9812098 -5.002566e-07 0.1929414 0.9812102 -9.892219e-07 0.1929388 0.9812108 -3.774482e-07 0.1929452 0.9812095 -3.518047e-07 0.1929386 0.9812108 -6.157245e-07 0.1929409 0.9812104 -1.056465e-06 0.1929428 0.98121 -1.324151e-06 0.1929436 0.9812099 -2.217246e-06 0.1929453 0.9812095 2.052665e-06 0.1929393 0.9812107 7.768556e-07 0.1929416 0.9812102 -5.536123e-06 0.1929453 0.9812095 3.461803e-06 0.1929415 0.9812102 2.588755e-06 0.1929417 0.9812102 -6.410151e-06 0.1929432 0.9812099 5.347358e-06 0.1929426 0.9812101 2.920036e-06 0.1929425 0.9812101 -5.421725e-06 0.1929413 0.9812104 -4.771414e-07 0.1929424 0.9812101 1.152166e-06 0.192943 0.98121 2.221475e-07 0.1929425 0.9812101 5.131852e-06 0.1929448 0.9812096 -8.222273e-07 0.1929416 0.9812102 -6.317249e-06 0.1929381 0.9812109 2.273568e-06 0.1929444 0.9812097 -0 0.1929425 0.9812101 1.302068e-06 0.1929412 0.9812104 -2.958438e-06 0.1929446 0.9812097 -1.114808e-06 0.1929437 0.9812099 7.503721e-07 0.1929416 0.9812102 9.106554e-07 0.1929409 0.9812104 2.890666e-06 0.1929404 0.9812105 -7.274118e-07 0.192944 0.9812098 -1.315494e-06 0.1929421 0.9812101 1.060737e-06 0.1929391 0.9812107 -3.304068e-06 0.1929427 0.98121 4.913151e-07 0.1929416 0.9812102 1.153342e-07 0.1929449 0.9812096 0 0.1929407 0.9812105 8.998689e-06 0.192954 0.9812078 4.22131e-07 0.1929421 0.9812101 -2.215655e-07 0.1929432 0.9812099 3.387707e-06 0.1929461 0.9812094 4.68528e-06 0.1929368 0.9812112 2.489204e-06 0.1929396 0.9812106 8.136776e-07 0.1929421 0.9812101 1.367742e-07 0.1929395 0.9812107 -2.795318e-06 0.1929454 0.9812095 1.13067e-07 0.1929421 0.9812102 -1.630494e-05 0.192962 0.9812063 -1.479783e-06 0.1929431 0.9812099 2.834765e-05 0.1929145 0.9812155 7.445612e-06 0.1929356 0.9812114 5.786902e-07 0.192944 0.9812098 -1.332529e-05 0.1929536 0.9812079 -1.359228e-05 0.1929542 0.9812078 1.416119e-05 0.1929297 0.9812126 9.633202e-07 0.1929426 0.9812101 3.676031e-07 0.1929429 0.9812099 -4.27757e-06 0.1929444 0.9812097 -1.825028e-05 0.1929543 0.9812078 3.220697e-06 0.1929397 0.9812106 -1.018731e-06 0.192938 0.9812109 -3.23636e-06 0.1929431 0.9812099 4.047231e-06 0.1929399 0.9812106 2.724401e-05 0.1929271 0.981213 -1.905335e-05 0.1929541 0.9812078 3.52186e-06 0.1929504 0.9812085 1.403614e-07 0.192942 0.9812102 8.653434e-06 0.1929388 0.9812108 -2.953455e-06 0.1929436 0.9812099 1.625538e-06 0.1929416 0.9812102 -3.18121e-06 0.1929356 0.9812114 -9.405645e-07 0.1929428 0.98121 -3.535776e-07 0.1929426 0.98121 1.85175e-05 0.1929371 0.9812111 -1.040829e-05 0.1929469 0.9812092 4.324686e-06 0.1929495 0.9812087 -6.70397e-07 0.1929432 0.9812099 -1.410204e-05 0.192945 0.9812096 2.13063e-05 0.1929388 0.9812108 -1.096323e-05 0.1929459 0.9812094 -5.845118e-06 0.1929445 0.9812097 -0 0.1929407 0.9812105 -3.505683e-06 0.1929458 0.9812094 -9.079761e-06 0.192954 0.9812078 -1.284339e-06 0.1929406 0.9812105 1.138179e-06 0.1929427 0.98121 -2.267804e-06 0.192943 0.9812099 1.967792e-05 0.1929398 0.9812106 -5.62964e-07 0.1929428 0.98121 -1.196745e-06 0.1929406 0.9812104 6.573922e-06 0.1929424 0.9812101 -3.526934e-05 0.1929394 0.9812106 0 0.1929402 0.9812105 3.526934e-05 0.1929394 0.9812106 -2.273286e-06 0.1929393 0.9812107 3.867765e-07 0.1929423 0.9812101 -6.573922e-06 0.1929424 0.9812101 -1.967792e-05 0.1929398 0.9812106 2.267804e-06 0.192943 0.9812099 -1.138179e-06 0.1929427 0.98121 -2.768224e-06 0.1929462 0.9812093 5.845118e-06 0.1929445 0.9812097 1.096323e-05 0.1929459 0.9812094 -2.13063e-05 0.1929388 0.9812108 1.410204e-05 0.192945 0.9812096 5.62964e-07 0.1929428 0.98121 1.284339e-06 0.1929406 0.9812105 6.683655e-07 0.1929432 0.9812099 1.040829e-05 0.1929469 0.9812092 -1.85175e-05 0.1929371 0.9812111 3.535776e-07 0.1929426 0.98121 -6.028358e-07 0.1929435 0.9812099 9.405645e-07 0.1929428 0.98121 -1.625538e-06 0.1929416 0.9812102 2.953455e-06 0.1929436 0.9812099 -8.653434e-06 0.1929388 0.9812108 4.495922e-07 0.1929416 0.9812102 -1.403614e-07 0.1929419 0.9812102 1.905335e-05 0.1929541 0.9812078 -2.724401e-05 0.1929271 0.981213 -4.047231e-06 0.1929399 0.9812106 1.54166e-06 0.1929392 0.9812108 3.23636e-06 0.1929431 0.9812099 1.825028e-05 0.1929543 0.9812078 4.27757e-06 0.1929444 0.9812097 -2.345275e-07 0.192944 0.9812098 -3.220697e-06 0.1929397 0.9812106 -1.416119e-05 0.1929297 0.9812126 1.359228e-05 0.1929542 0.9812078 1.332529e-05 0.1929536 0.9812079 4.964668e-07 0.1929414 0.9812102 -9.690885e-07 0.1929426 0.9812101 -7.445617e-06 0.1929359 0.9812114 -2.840889e-05 0.1929145 0.9812156 9.892219e-07 0.1929388 0.9812108 1.479783e-06 0.1929431 0.9812099 1.64019e-05 0.192962 0.9812062 0 0.1929419 0.9812102 2.780833e-06 0.1929453 0.9812095 3.774482e-07 0.1929452 0.9812095 -2.49908e-06 0.1929396 0.9812106 -8.399262e-07 0.192942 0.9812102 -4.739127e-06 0.1929367 0.9812112 3.507087e-07 0.1929386 0.9812109 2.123336e-07 0.1929432 0.9812099 -4.22131e-07 0.1929421 0.9812101 6.157245e-07 0.1929409 0.9812104 3.304068e-06 0.1929427 0.98121 1.056465e-06 0.1929428 0.9812101 1.315494e-06 0.1929421 0.9812101 1.324151e-06 0.1929435 0.9812098 -2.881906e-06 0.1929403 0.9812105 2.234843e-06 0.1929453 0.9812095 -7.415442e-07 0.1929416 0.9812102 -2.052664e-06 0.1929393 0.9812108 2.967295e-06 0.1929446 0.9812097 4.891924e-07 -0.1929472 -0.9812092 2.798053e-06 -0.1929422 -0.9812102 7.554996e-06 -0.1929401 -0.9812105 5.596247e-06 -0.192941 -0.9812104 -2.981485e-06 -0.1929505 -0.9812085 3.116944e-06 -0.1929345 -0.9812117 -4.330269e-06 -0.1929487 -0.9812089 2.156024e-06 -0.1929356 -0.9812114 6.739534e-06 -0.1929315 -0.9812122 1.092166e-06 -0.1929411 -0.9812104 3.47575e-06 -0.1929401 -0.9812105 -6.196356e-06 -0.1929459 -0.9812094 -3.134431e-06 -0.1929442 -0.9812097 -6.77609e-07 -0.1929405 -0.9812104 -4.783199e-08 -0.192944 -0.9812098 1.331695e-06 -0.192943 -0.9812099 -2.047369e-06 -0.1929414 -0.9812102 -6.146341e-06 -0.192947 -0.9812092 5.978774e-07 -0.192943 -0.98121 5.899062e-07 -0.192943 -0.98121 -2.083509e-06 -0.1929446 -0.9812096 1.626257e-06 -0.19294 -0.9812105 2.627124e-06 -0.1929395 -0.9812106 -5.739772e-06 -0.1929464 -0.9812093 -2.152402e-06 -0.1929396 -0.9812106 -3.225008e-06 -0.1929425 -0.98121 -4.280933e-06 -0.1929438 -0.9812098 -2.635077e-06 -0.1929458 -0.9812094 1.007359e-05 -0.192937 -0.9812112 5.381064e-06 -0.1929454 -0.9812095 -9.087963e-07 -0.192948 -0.981209 -4.167123e-06 -0.1929491 -0.9812088 5.468713e-06 -0.1929394 -0.9812106 -1.424079e-05 -0.1929455 -0.9812095 7.160848e-06 -0.1929352 -0.9812115 4.77514e-06 -0.1929378 -0.981211 1.279106e-05 -0.1929358 -0.9812114 6.389352e-06 -0.192941 -0.9812104 3.492273e-06 -0.1929416 -0.9812102 -7.49361e-07 -0.1929468 -0.9812092 -2.391536e-07 -0.192945 -0.9812095 -5.616528e-06 -0.1929446 -0.9812096 2.650655e-06 -0.1929421 -0.9812101 -4.559937e-06 -0.1929439 -0.9812098 6.092288e-07 -0.1929518 -0.9812083 -8.624146e-06 -0.1929404 -0.9812105 4.171674e-06 -0.1929365 -0.9812112 2.965564e-06 -0.1929383 -0.9812109 1.056306e-06 -0.192949 -0.9812088 4.891858e-06 -0.1929377 -0.981211 -9.201452e-06 -0.1929462 -0.9812094 5.435282e-08 -0.1929446 -0.9812096 7.971805e-09 -0.192945 -0.9812096 2.732338e-06 -0.1929387 -0.9812108 1.247988e-05 -0.1929378 -0.981211 -1.014593e-06 -0.192945 -0.9812096 9.421332e-07 -0.1929483 -0.9812089 9.022597e-06 -0.1929407 -0.9812105 1.880843e-06 -0.192936 -0.9812114 3.061133e-06 -0.1929334 -0.9812118 2.732915e-06 -0.1929465 -0.9812093 6.112475e-06 -0.192944 -0.9812097 -6.112974e-06 -0.192944 -0.9812098 1.087059e-06 -0.192941 -0.9812104 2.228462e-06 -0.1929452 -0.9812095 -1.087059e-06 -0.192941 -0.9812104 1.987568e-06 -0.1929358 -0.9812114 -1.183794e-06 -0.1929451 -0.9812095 -2.732338e-06 -0.1929387 -0.9812108 -9.022597e-06 -0.1929407 -0.9812105 -1.498703e-06 -0.1929333 -0.9812119 -1.96467e-06 -0.1929349 -0.9812115 9.201452e-06 -0.1929462 -0.9812094 -1.312757e-05 -0.1929429 -0.98121 1.775541e-06 -0.1929392 -0.9812107 -5.661752e-08 -0.1929446 -0.9812096 -1.056306e-06 -0.1929489 -0.9812088 -8.848841e-07 -0.1929499 -0.9812086 -4.891858e-06 -0.1929377 -0.981211 -1.132373e-06 -0.1929495 -0.9812087 8.624146e-06 -0.1929404 -0.9812105 4.559937e-06 -0.1929439 -0.9812098 -2.650655e-06 -0.1929421 -0.9812101 -3.646323e-06 -0.1929387 -0.9812108 -3.013342e-06 -0.1929337 -0.9812118 5.616528e-06 -0.1929446 -0.9812096 3.300376e-06 -0.1929461 -0.9812093 2.731305e-06 -0.1929537 -0.9812079 -1.380563e-05 -0.1929388 -0.9812108 -5.484566e-06 -0.1929384 -0.9812109 -1.544551e-06 -0.1929492 -0.9812087 -1.159499e-06 -0.192933 -0.9812119 1.424079e-05 -0.1929455 -0.9812095 -5.381064e-06 -0.1929454 -0.9812095 9.087963e-07 -0.192948 -0.981209 -5.727792e-06 -0.1929395 -0.9812106 -5.752462e-06 -0.1929387 -0.9812108 -1.007359e-05 -0.192937 -0.9812112 -2.348708e-06 -0.1929417 -0.9812102 -1.861652e-06 -0.1929479 -0.981209 2.935122e-06 -0.1929431 -0.98121 4.544004e-06 -0.1929433 -0.9812099 -1.626257e-06 -0.19294 -0.9812105 -3.547502e-06 -0.192938 -0.9812109 -3.297497e-06 -0.1929399 -0.9812106 2.083509e-06 -0.1929446 -0.9812096 -5.978778e-07 -0.192943 -0.9812099 -5.978777e-07 -0.192943 -0.98121 7.445811e-06 -0.192945 -0.9812096 6.160179e-07 -0.1929437 -0.9812098 3.702989e-06 -0.1929415 -0.9812103 6.604116e-06 -0.1929539 -0.9812078 6.77609e-07 -0.1929405 -0.9812104 3.134431e-06 -0.1929442 -0.9812097 3.113017e-06 -0.19295 -0.9812086 -1.295443e-06 -0.1929347 -0.9812115 1.299412e-06 -0.1929381 -0.9812109 -9.457306e-06 -0.1929349 -0.9812115 -1.147954e-06 -0.1929386 -0.9812109 2.527433e-06 -0.1929493 -0.9812087 -6.776044e-06 -0.1929386 -0.9812109 8.51548e-06 -0.1929441 -0.9812097 -2.475293e-06 -0.1929382 -0.9812109 -3.279227e-06 -0.1929362 -0.9812113 -4.93722e-07 -0.1929472 -0.9812092 -2.798053e-06 -0.1929422 -0.9812102 -6.377411e-07 -0.1929401 -0.9812105 -8.995595e-06 -0.1929365 -0.9812112 -7.536879e-06 -0.1929401 -0.9812106 -5.596247e-06 -0.192941 -0.9812104 5.190815e-06 -0.1929477 -0.981209 2.008894e-06 -0.1929466 -0.9812093 2.981485e-06 -0.1929505 -0.9812085 -2.156024e-06 -0.1929356 -0.9812114 6.250359e-07 -0.192944 -0.9812098 -1.100138e-06 -0.1929411 -0.9812104 6.196356e-06 -0.1929459 -0.9812094 -3.47575e-06 -0.1929401 -0.9812105 -1.322635e-06 -0.192943 -0.9812099 -2.232132e-07 -0.1929418 -0.9812102 -1.002833e-05 -0.1929393 -0.9812107 4.783199e-08 -0.192944 -0.9812098 -5.978774e-07 -0.192943 -0.98121 4.719397e-06 -0.1929492 -0.9812087 1.224787e-05 -0.1929507 -0.9812085 -9.566037e-06 -0.1929376 -0.981211 -5.899062e-07 -0.192943 -0.98121 -2.645242e-06 -0.1929395 -0.9812106 -4.11347e-06 -0.1929443 -0.9812098 5.739772e-06 -0.1929464 -0.9812093 -8.290817e-06 -0.192942 -0.9812102 2.917004e-06 -0.1929431 -0.9812099 2.152402e-06 -0.1929396 -0.9812106 4.167123e-06 -0.1929491 -0.9812088 2.635077e-06 -0.1929458 -0.9812094 3.093097e-06 -0.1929432 -0.98121 2.065446e-06 -0.1929432 -0.9812099 -5.468713e-06 -0.1929394 -0.9812106 -1.195792e-05 -0.1929454 -0.9812095 7.301674e-06 -0.1929523 -0.9812081 7.525518e-06 -0.1929454 -0.9812095 -3.492273e-06 -0.1929416 -0.9812102 -5.849578e-06 -0.1929347 -0.9812115 -5.935075e-06 -0.1929383 -0.9812109 5.625587e-06 -0.1929447 -0.9812096 -6.409281e-06 -0.192941 -0.9812104 7.49361e-07 -0.1929468 -0.9812092 4.559937e-06 -0.1929439 -0.9812098 -6.092288e-07 -0.1929518 -0.9812083 2.391536e-07 -0.192945 -0.9812095 -5.883803e-06 -0.1929426 -0.98121 -2.646669e-06 -0.1929421 -0.9812101 -3.331452e-06 -0.1929363 -0.9812113 -3.714927e-06 -0.1929384 -0.9812108 8.377224e-06 -0.1929411 -0.9812103 -1.185127e-05 -0.1929381 -0.9812109 -2.455336e-06 -0.1929432 -0.9812099 3.94065e-07 -0.1929481 -0.981209 -5.435282e-08 -0.1929446 -0.9812096 -1.056306e-06 -0.192949 -0.9812088 -1.147941e-06 -0.1929438 -0.9812098 -1.1878e-06 -0.1929451 -0.9812096 -3.093059e-06 -0.1929436 -0.9812098 4.582636e-06 -0.1929413 -0.9812103 -2.998479e-06 -0.1929361 -0.9812114 -2.08161e-06 -0.1929334 -0.9812118 1.152759e-06 -0.192944 -0.9812098 6.186106e-06 -0.1929414 -0.9812103 -1.152759e-06 -0.192944 -0.9812098 -2.732915e-06 -0.1929465 -0.9812093 -2.228462e-06 -0.1929452 -0.9812095 -6.186106e-06 -0.1929414 -0.9812103 -2.219615e-06 -0.192945 -0.9812096 1.88424e-06 -0.192936 -0.9812114 -4.349393e-06 -0.1929443 -0.9812097 1.24401e-05 -0.1929427 -0.98121 2.901724e-06 -0.192941 -0.9812104 1.304494e-06 -0.1929349 -0.9812116 2.084634e-06 -0.1929333 -0.9812118 6.058576e-07 -0.1929398 -0.9812106 1.79365e-06 -0.1929449 -0.9812096 -4.703537e-07 -0.1929487 -0.9812089 -7.634458e-06 -0.1929452 -0.9812095 1.817573e-06 -0.1929396 -0.9812106 1.132373e-06 -0.1929495 -0.9812087 8.848841e-07 -0.1929499 -0.9812086 5.598437e-06 -0.1929414 -0.9812104 -5.766032e-06 -0.1929442 -0.9812098 2.869886e-06 -0.1929432 -0.98121 1.712181e-06 -0.1929383 -0.9812109 4.715336e-06 -0.1929341 -0.9812117 -9.502837e-06 -0.1929458 -0.9812094 -4.432364e-06 -0.1929443 -0.9812097 -7.493609e-07 -0.1929468 -0.9812092 1.159499e-06 -0.192933 -0.9812119 -5.625673e-06 -0.1929529 -0.981208 1.196245e-05 -0.1929454 -0.9812095 8.322661e-06 -0.1929467 -0.9812093 1.544551e-06 -0.1929492 -0.9812087 -7.525518e-06 -0.1929454 -0.9812095 6.042341e-06 -0.1929388 -0.9812108 5.464727e-06 -0.1929394 -0.9812106 -2.233036e-06 -0.1929428 -0.9812099 -2.965549e-06 -0.1929436 -0.9812099 4.304818e-06 -0.1929426 -0.98121 -3.533048e-07 -0.1929469 -0.9812092 -9.240184e-07 -0.1929469 -0.9812092 1.125105e-05 -0.1929404 -0.9812104 6.537e-06 -0.1929387 -0.9812108 4.137426e-06 -0.1929383 -0.9812109 5.978777e-07 -0.192943 -0.98121 2.636184e-06 -0.1929395 -0.9812106 2.646633e-06 -0.1929417 -0.9812102 -1.224787e-05 -0.1929507 -0.9812084 5.978778e-07 -0.192943 -0.9812099 -4.719397e-06 -0.1929492 -0.9812087 -4.783199e-08 -0.192944 -0.9812098 -1.076225e-05 -0.1929511 -0.9812084 2.232122e-06 -0.1929445 -0.9812097 7.745499e-06 -0.1929361 -0.9812113 -7.509524e-06 -0.1929467 -0.9812092 6.305074e-06 -0.1929384 -0.9812109 -6.250359e-07 -0.192944 -0.9812098 1.100138e-06 -0.1929411 -0.9812104 3.279227e-06 -0.1929362 -0.9812113 -5.951713e-06 -0.1929465 -0.9812093 4.153353e-06 -0.1929411 -0.9812104 -4.32121e-06 -0.1929487 -0.9812089 -2.774153e-06 -0.1929458 -0.9812094 2.475293e-06 -0.1929382 -0.9812109 6.540701e-06 -0.1929341 -0.9812117 2.806025e-06 -0.1929422 -0.9812102 -0.02495052 -0.9809047 0.1928816 -0.02495061 -0.9809047 0.1928816 -0.07473702 -0.9784661 0.1924021 -0.1243569 -0.9735937 0.191444 -0.0747372 -0.9784661 0.1924021 -0.1243058 -0.9735991 0.1914495 -0.1736341 -0.9663051 0.1900152 -0.1736869 -0.9662968 0.1900089 -0.2225173 -0.9566101 0.1881042 -0.2225146 -0.9566107 0.1881045 -0.2708335 -0.9445387 0.1857307 -0.3185133 -0.9301073 0.1828928 -0.270831 -0.9445394 0.1857307 -0.3184618 -0.9301233 0.1829006 -0.3653094 -0.913395 0.1796068 -0.3653568 -0.913376 0.1796074 -0.4112879 -0.8943786 0.175867 -0.4112925 -0.8943765 0.175867 -0.4562044 -0.8731545 0.171694 -0.4562001 -0.8731567 0.171694 -0.5000272 -0.8497376 0.1670894 -0.5000272 -0.8497376 0.1670894 -0.583738 -0.7966859 0.1566573 -0.5425199 -0.8242587 0.1620791 -0.542522 -0.8242575 0.1620791 -0.6235201 -0.7671173 0.1508432 -0.5837362 -0.7966871 0.1566577 -0.6234868 -0.7671427 0.1508519 -0.6982306 -0.7024217 0.1381217 -0.6616659 -0.7357102 0.1446674 -0.6616966 -0.735683 0.1446656 -0.7330733 -0.6673698 0.1312291 -0.6982319 -0.7024205 0.1381213 -0.7330481 -0.6673959 0.1312374 -0.7660428 -0.6307113 0.1240237 -0.7660438 -0.6307099 0.1240236 -0.7971491 -0.592437 0.1164975 -0.7971282 -0.5924646 0.1165 -0.8262301 -0.5527479 0.1086902 -0.8532975 -0.511627 0.1006044 -0.8262301 -0.5527479 0.1086903 -0.8532975 -0.511627 0.1006044 -0.878219 -0.4692722 0.09227591 -0.8782197 -0.4692711 0.09227558 -0.9009643 -0.4257404 0.08371588 -0.9009648 -0.4257394 0.08371577 -0.9214764 -0.3811357 0.07494508 -0.9214764 -0.3811356 0.07494507 -0.9396974 -0.3355806 0.0659873 -0.9555714 -0.2892212 0.05687136 -0.9396974 -0.3355806 0.0659873 -0.9690762 -0.2421251 0.04761057 -0.9555714 -0.2892212 0.05687136 -0.9690763 -0.2421251 0.04761057 -0.980172 -0.1944252 0.03823107 -0.9801719 -0.1944257 0.03823112 -0.9888313 -0.1462384 0.0287558 -0.9888313 -0.1462384 0.02875579 -0.9950306 -0.09769872 0.01921113 -0.9950306 -0.09769871 0.01921113 -0.9987569 -0.04890839 0.009617161 -0.9987569 -0.04890826 0.009617145 -1 0 0 -1 0 0 -0.9987569 0.04890839 -0.009617161 -0.9987569 0.04890826 -0.009617145 -0.9950306 0.09769899 -0.01921114 -0.9950306 0.09769871 -0.0192111 -0.9888313 0.1462382 -0.02875647 -0.98883 0.146247 -0.02875743 -0.9801722 0.1944245 -0.03823186 -0.9801722 0.1944245 -0.03823186 -0.969076 0.2421257 -0.04761069 -0.9690795 0.2421121 -0.04760921 -0.9555717 0.2892205 -0.05687128 -0.9555715 0.2892212 -0.05687136 -0.9396975 0.3355803 -0.06598892 -0.9396911 0.3355978 -0.06599075 -0.9009649 0.425739 -0.08371773 -0.9214761 0.3811363 -0.07494702 -0.9214764 0.3811353 -0.07494693 -0.9009746 0.4257194 -0.08371195 -0.8782197 0.4692711 -0.0922758 -0.8782191 0.4692722 -0.0922759 -0.8532975 0.511627 -0.1006044 -0.8532975 0.511627 -0.1006044 -0.8262301 0.5527479 -0.1086902 -0.8262309 0.5527467 -0.1086901 -0.7971272 0.5924659 -0.1165004 -0.7971272 0.5924659 -0.1165004 -0.7660449 0.6307092 -0.1240204 -0.766045 0.6307091 -0.1240204 -0.7330733 0.6673691 -0.1312323 -0.7330481 0.6673964 -0.1312345 -0.6982599 0.7023931 -0.1381194 -0.6982293 0.7024232 -0.1381217 -0.6616659 0.7357103 -0.1446671 -0.6616659 0.7357103 -0.1446671 -0.5837362 0.7966864 -0.1566612 -0.6235219 0.7671154 -0.1508463 -0.6234868 0.7671435 -0.150848 -0.5837723 0.7966618 -0.1566525 -0.5425218 0.8242576 -0.1620789 -0.5425219 0.8242575 -0.1620789 -0.5000252 0.8497387 -0.1670896 -0.5000231 0.84974 -0.1670896 -0.4112901 0.8943775 -0.1758672 -0.4562044 0.8731545 -0.171694 -0.4562044 0.8731544 -0.171694 -0.4112925 0.8943766 -0.1758668 -0.3184667 0.9301217 -0.1829003 -0.3653545 0.9133768 -0.1796075 -0.3653048 0.9133969 -0.1796069 -0.3185157 0.9301065 -0.1828928 -0.2225147 0.9566107 -0.1881043 -0.270831 0.9445394 -0.1857307 -0.2708335 0.9445387 -0.1857307 -0.2225146 0.9566107 -0.1881043 -0.1243542 0.973594 -0.191444 -0.1736366 0.9663055 -0.1900109 -0.1736339 0.966306 -0.1900107 -0.1243595 0.9735934 -0.1914435 -0.02495058 0.9809048 -0.1928814 -0.07473978 0.9784659 -0.1924018 -0.07473701 0.9784662 -0.1924016 -0.02495053 0.9809048 -0.1928814 -6.521062e-06 0.1929255 0.9812134 8.298012e-06 0.1929576 0.9812071 1.396666e-05 0.1929554 0.9812075 -8.334255e-07 0.1929484 0.9812089 1.119265e-05 0.1929449 0.9812096 6.792004e-06 0.1929413 0.9812103 3.057351e-06 0.1929342 0.9812117 -5.388869e-06 0.19293 0.9812126 4.544037e-07 0.1929372 0.9812111 -1.212089e-05 0.1929264 0.9812132 -8.78725e-07 0.1929412 0.9812103 4.393417e-06 0.1929509 0.9812084 -7.74097e-06 0.1929361 0.9812114 -9.247382e-06 0.1929339 0.9812117 -1.331695e-06 0.192943 0.9812099 1.068246e-05 0.1929511 0.9812084 -9.374765e-06 0.1929206 0.9812144 1.010822e-05 0.1929436 0.9812099 8.864768e-06 0.1929429 0.98121 1.333959e-05 0.192949 0.9812088 -4.855489e-06 0.1929455 0.9812095 3.233995e-06 0.1929426 0.98121 -1.902395e-07 0.1929535 0.9812079 6.823934e-06 0.1929593 0.9812068 -7.828379e-06 0.1929312 0.9812123 -8.832913e-06 0.192943 0.98121 -2.078143e-05 0.1929298 0.9812126 -7.478335e-06 0.1929357 0.9812114 -1.841085e-06 0.192948 0.981209 -6.058659e-06 0.1929345 0.9812117 1.247417e-05 0.1929531 0.981208 -1.739308e-06 0.1929516 0.9812083 3.411967e-06 0.1929416 0.9812103 1.07459e-05 0.1929442 0.9812097 5.1953e-06 0.1929392 0.9812108 2.734321e-06 0.1929477 0.981209 -8.161768e-06 0.1929355 0.9812114 -7.26404e-07 0.1929376 0.9812111 -1.818132e-05 0.1929426 0.9812101 -9.693215e-07 0.1929408 0.9812104 9.566162e-07 0.1929379 0.9812109 -5.707901e-06 0.1929363 0.9812112 1.732062e-05 0.1929533 0.9812079 -3.643277e-06 0.1929434 0.9812099 -4.187041e-06 0.1929411 0.9812104 1.98395e-06 0.1929511 0.9812084 -5.009515e-06 0.1929388 0.9812108 -8.062544e-07 0.1929221 0.981214 -1.116076e-06 0.1929436 0.9812098 -5.038322e-06 0.192943 0.98121 -1.559231e-05 0.1929367 0.9812112 5.407076e-06 0.192948 0.981209 3.143417e-06 0.1929441 0.9812097 -2.359658e-06 0.1929338 0.9812118 2.665819e-05 0.1929367 0.9812112 3.780632e-06 0.1929446 0.9812097 2.903691e-06 0.1929331 0.9812119 5.362908e-06 0.1929477 0.9812091 -8.680634e-06 0.1929357 0.9812114 -2.658199e-06 0.1929495 0.9812087 1.814411e-05 0.192944 0.9812098 -9.528762e-07 0.1929361 0.9812113 2.732915e-06 0.1929465 0.9812093 3.065617e-06 0.1929334 0.9812118 -3.107173e-06 0.1929318 0.9812121 -1.830324e-05 0.1929371 0.9812111 1.152759e-06 0.192944 0.9812098 -4.126294e-06 0.1929491 0.9812088 -9.56619e-08 0.1929341 0.9812117 2.359658e-06 0.1929338 0.9812118 8.680634e-06 0.1929357 0.9812114 -4.95946e-06 0.1929445 0.9812097 -5.407076e-06 0.192948 0.981209 -4.022184e-06 0.1929478 0.981209 -2.527948e-05 0.1929475 0.981209 1.929199e-06 0.1929501 0.9812086 5.720975e-06 0.192929 0.9812127 4.304768e-06 0.1929389 0.9812108 1.642399e-05 0.1929413 0.9812103 2.178677e-06 0.1929497 0.9812086 5.707901e-06 0.1929363 0.9812112 -9.566162e-07 0.1929379 0.9812109 5.009515e-06 0.1929388 0.9812108 3.012346e-06 0.1929337 0.9812118 4.031093e-06 0.1929418 0.9812102 -1.732062e-05 0.1929533 0.9812079 9.704538e-07 0.1929408 0.9812104 1.468827e-06 0.1929475 0.9812091 1.818132e-05 0.1929426 0.9812101 -3.411967e-06 0.1929416 0.9812103 2.429524e-06 0.1929447 0.9812096 2.546e-06 0.1929496 0.9812087 -1.17026e-05 0.1929419 0.9812102 -4.12631e-06 0.1929418 0.9812102 6.054673e-06 0.1929345 0.9812117 1.743838e-06 0.1929516 0.9812083 2.109541e-06 0.192938 0.9812109 5.707833e-06 0.1929302 0.9812125 -1.24787e-05 0.1929531 0.981208 1.077077e-05 0.1929256 0.9812134 -6.823934e-06 0.1929593 0.9812068 2.39702e-05 0.1929359 0.9812114 6.026791e-06 0.1929377 0.981211 -8.924473e-06 0.1929457 0.9812095 1.902395e-07 0.1929535 0.981208 -4.583724e-06 0.1929403 0.9812105 9.374765e-06 0.1929206 0.9812144 4.857754e-06 0.1929455 0.9812095 -7.429867e-06 0.192945 0.9812096 -1.495654e-05 0.1929465 0.9812092 -6.592818e-06 0.1929538 0.9812078 -3.329245e-06 0.1929399 0.9812105 9.789508e-06 0.1929346 0.9812116 7.120392e-06 0.1929353 0.9812114 3.47575e-06 0.1929401 0.9812105 6.296015e-06 0.1929384 0.9812109 -1.119265e-05 0.1929449 0.9812096 8.78725e-07 0.1929412 0.9812104 1.147954e-06 0.1929386 0.9812109 -2.531963e-06 0.1929493 0.9812087 -8.641447e-06 0.1929393 0.9812107 -9.692965e-07 0.1929365 0.9812112 -9.86113e-06 0.1929591 0.9812068 -3.827431e-06 0.1929441 0.9812098 -8.298011e-06 0.1929575 0.9812071 6.509104e-06 0.1929255 0.9812134 -7.971578e-07 0.19295 0.9812086 1.343231e-05 0.1929192 0.9812146 8.334255e-07 0.1929484 0.9812089 -1.396666e-05 0.1929554 0.9812075 -1.092987e-05 0.1929414 0.9812103 -1.403086e-05 0.1929473 0.9812091 7.401647e-06 0.1929316 0.9812123 9.847206e-06 0.1929245 0.9812136 -3.922088e-06 0.1929389 0.9812108 -1.558127e-06 0.1929383 0.9812109 -8.859417e-06 0.1929475 0.981209 3.47575e-06 0.1929401 0.9812105 7.509419e-06 0.1929315 0.9812123 1.601586e-05 0.1929293 0.9812126 -3.329245e-06 0.1929399 0.9812105 -6.592818e-06 0.1929539 0.9812078 -7.445811e-06 0.192945 0.9812096 -1.49656e-05 0.1929466 0.9812093 9.374766e-06 0.1929206 0.9812143 4.860018e-06 0.1929455 0.9812095 -1.011619e-05 0.1929436 0.9812099 2.572704e-05 0.1929383 0.9812109 1.35432e-06 0.1929513 0.9812084 -2.928333e-06 0.1929518 0.9812082 -4.081601e-06 0.1929607 0.9812065 8.816969e-06 0.192943 0.98121 7.478335e-06 0.1929357 0.9812114 7.830373e-06 0.1929312 0.9812123 9.765579e-06 0.1929426 0.9812101 -1.666851e-05 0.1929439 0.9812098 1.743838e-06 0.1929516 0.9812083 1.841085e-06 0.192948 0.981209 -2.040818e-05 0.1929455 0.9812095 1.507422e-05 0.1929454 0.9812095 -2.627116e-07 0.1929404 0.9812104 2.15989e-06 0.1929334 0.9812118 2.546e-06 0.1929496 0.9812087 8.66528e-06 0.1929477 0.981209 2.355287e-06 0.1929474 0.9812091 1.809543e-06 0.1929379 0.981211 -2.032833e-05 0.1929428 0.9812101 8.394386e-06 0.1929456 0.9812095 1.6397e-06 0.192952 0.9812082 4.524208e-07 0.1929426 0.9812101 5.870215e-06 0.1929425 0.98121 5.761516e-06 0.1929426 0.9812101 -1.010438e-05 0.1929402 0.9812105 8.085192e-07 0.1929221 0.981214 4.185049e-06 0.1929411 0.9812104 1.369159e-05 0.1929378 0.9812109 -4.881563e-06 0.1929439 0.9812098 -3.882424e-06 0.1929482 0.9812089 6.2778e-07 0.1929398 0.9812106 -1.597988e-05 0.1929357 0.9812114 -4.958463e-06 0.1929445 0.9812097 -4.022184e-06 0.1929478 0.981209 -7.044131e-06 0.1929348 0.9812116 8.986549e-06 0.1929396 0.9812106 3.105474e-06 0.1929318 0.9812121 2.658199e-06 0.1929495 0.9812087 -2.901699e-06 0.1929331 0.9812119 -8.767133e-06 0.1929405 0.9812105 1.159553e-06 0.192944 0.9812098 -1.159553e-06 0.192944 0.9812098 -2.732915e-06 0.1929465 0.9812093 8.767133e-06 0.1929405 0.9812105 4.126294e-06 0.1929491 0.9812088 -3.061133e-06 0.1929334 0.9812118 6.617717e-06 0.1929404 0.9812105 -8.479127e-06 0.1929333 0.9812118 5.362908e-06 0.1929476 0.9812091 3.778639e-06 0.1929446 0.9812097 9.765488e-08 0.1929341 0.9812117 1.514643e-05 0.1929421 0.9812102 -2.004293e-06 0.1929497 0.9812086 -5.720975e-06 0.192929 0.9812127 5.405082e-06 0.192948 0.981209 -1.369159e-05 0.1929378 0.981211 -5.761516e-06 0.1929426 0.9812101 -5.870215e-06 0.1929425 0.98121 -2.080664e-06 0.1929501 0.9812086 1.010438e-05 0.1929402 0.9812105 -9.693215e-07 0.1929408 0.9812104 -9.149243e-07 0.192941 0.9812103 -5.75563e-06 0.1929344 0.9812117 -5.731818e-06 0.1929363 0.9812113 1.732062e-05 0.1929533 0.981208 -2.429524e-06 0.1929447 0.9812096 -1.470819e-06 0.1929475 0.981209 -7.979707e-06 0.1929457 0.9812094 -3.116227e-06 0.1929497 0.9812086 -1.507422e-05 0.1929454 0.9812095 -2.546996e-06 0.1929496 0.9812087 2.040818e-05 0.1929455 0.9812095 3.188729e-06 0.1929495 0.9812087 -6.449202e-06 0.1929398 0.9812106 -6.054673e-06 0.1929345 0.9812117 1.250135e-05 0.1929531 0.981208 -5.707833e-06 0.1929302 0.9812125 -1.076171e-05 0.1929256 0.9812135 -8.816969e-06 0.192943 0.98121 -1.340731e-06 0.1929513 0.9812083 -2.572704e-05 0.1929383 0.9812109 -4.860018e-06 0.1929455 0.9812095 -1.811805e-07 0.1929535 0.9812079 6.823934e-06 0.1929593 0.9812068 1.010822e-05 0.1929436 0.9812099 -9.374766e-06 0.1929206 0.9812143 8.856797e-06 0.1929429 0.98121 1.333506e-05 0.192949 0.9812088 1.068246e-05 0.1929511 0.9812084 -1.322635e-06 0.192943 0.9812099 -1.402274e-05 0.1929266 0.9812132 -9.247382e-06 0.1929339 0.9812117 -6.286956e-06 0.1929384 0.9812109 -3.47575e-06 0.1929401 0.9812105 2.174155e-06 0.1929375 0.9812111 9.167874e-06 0.1929433 0.9812099 3.403893e-06 0.1929396 0.9812106 5.942654e-06 0.1929465 0.9812093 -4.14538e-06 0.192941 0.9812104 1.556149e-05 0.1929456 0.9812095 7.971577e-07 0.19295 0.9812086 -8.334255e-07 0.1929483 0.9812089 -1.34363e-05 0.1929192 0.9812146 1.396666e-05 0.1929554 0.9812075 -0.02495246 -0.9809043 0.1928841 -0.02490443 -0.9809066 0.1928785 -0.07470399 -0.9784691 0.1923992 -0.1243542 -0.9735935 0.1914466 -0.07475175 -0.9784644 0.1924044 -0.1243496 -0.9735939 0.1914472 -0.1736588 -0.966301 0.1900132 -0.1736076 -0.9663111 0.1900086 -0.2225131 -0.9566116 0.1881013 -0.2225589 -0.9566002 0.188105 -0.3184735 -0.9301198 0.1828979 -0.2708161 -0.944543 0.1857341 -0.270816 -0.944543 0.1857341 -0.3653757 -0.9133701 0.1795986 -0.3185167 -0.9301068 0.1828896 -0.36533 -0.9133865 0.1796081 -0.4562009 -0.8731558 0.1716966 -0.4112866 -0.8943787 0.1758698 -0.4112905 -0.8943769 0.17587 -0.4562008 -0.8731558 0.1716966 -0.5000113 -0.8497462 0.1670933 -0.5000113 -0.8497462 0.1670934 -0.5837448 -0.7966807 0.1566586 -0.5425354 -0.8242484 0.1620795 -0.5425354 -0.8242484 0.1620795 -0.5837449 -0.7966807 0.1566586 -0.6234783 -0.7671506 0.150847 -0.6235077 -0.7671266 0.1508471 -0.6982275 -0.7024244 0.1381246 -0.6616913 -0.7356879 0.1446655 -0.6616616 -0.7357145 0.1446657 -0.7330544 -0.6673902 0.1312309 -0.6982545 -0.7023994 0.1381148 -0.7330523 -0.6673924 0.1312317 -0.766043 -0.6307117 0.1240191 -0.7660609 -0.6306902 0.1240184 -0.7971303 -0.5924616 0.1165011 -0.7971303 -0.5924616 0.1165011 -0.8262319 -0.552745 0.1086913 -0.8262334 -0.5527428 0.1086912 -0.8532979 -0.5116259 0.100606 -0.8532966 -0.511628 0.1006061 -0.878221 -0.4692684 0.09227654 -0.9009687 -0.4257312 0.08371541 -0.878221 -0.4692684 0.09227653 -0.9009688 -0.4257312 0.0837154 -0.9214773 -0.3811334 0.07494573 -0.9214701 -0.3811508 0.07494678 -0.9396931 -0.3355928 0.06598858 -0.9396931 -0.3355928 0.06598858 -0.9555759 -0.2892066 0.05686933 -0.9555718 -0.2892202 0.05687021 -0.9690751 -0.2421295 0.04761063 -0.9690781 -0.242118 0.04760987 -0.9801742 -0.1944147 0.03822954 -0.9801723 -0.1944241 0.03823018 -0.98883 -0.146247 0.02875698 -0.9888311 -0.1462399 0.02875649 -0.9950308 -0.09769654 0.01921096 -0.9950303 -0.09770133 0.01921129 -0.998757 -0.04890764 0.009617155 -0.998757 -0.04890764 0.009617155 -1 0 0 -1 0 0 -0.998757 0.04890764 -0.009617155 -0.998757 0.04890764 -0.009617155 -0.9950308 0.09769654 -0.01921096 -0.9950308 0.09769654 -0.01921096 -0.98883 0.146247 -0.02875698 -0.9888311 0.1462399 -0.02875649 -0.9801723 0.1944241 -0.03823018 -0.9801723 0.1944241 -0.03823018 -0.9555718 0.2892199 -0.05687194 -0.9690781 0.242118 -0.04760987 -0.9690751 0.2421295 -0.04761063 -0.9555759 0.2892069 -0.0568676 -0.9396931 0.3355928 -0.06598858 -0.9396931 0.3355928 -0.06598858 -0.9214773 0.3811339 -0.07494345 -0.9214773 0.3811338 -0.07494345 -0.9009687 0.4257312 -0.08371541 -0.9009597 0.4257501 -0.08371647 -0.8532966 0.5116285 -0.1006033 -0.878221 0.4692689 -0.092274 -0.8782309 0.4692506 -0.09227303 -0.8532849 0.5116469 -0.1006098 -0.8262334 0.5527428 -0.1086909 -0.8262334 0.5527428 -0.1086909 -0.7971478 0.5924389 -0.1164967 -0.7971303 0.5924623 -0.1164976 -0.7660411 0.6307141 -0.1240191 -0.7330544 0.6673902 -0.1312309 -0.7660411 0.6307141 -0.1240191 -0.7330523 0.6673924 -0.1312317 -0.6982521 0.7024016 -0.1381157 -0.6982298 0.7024221 -0.1381237 -0.6616912 0.735688 -0.144665 -0.6235077 0.7671276 -0.1508425 -0.6616642 0.7357122 -0.1446652 -0.5837448 0.7966807 -0.1566586 -0.6234783 0.7671496 -0.1508516 -0.5837449 0.7966807 -0.1566586 -0.5000111 0.8497463 -0.1670934 -0.5425354 0.8242484 -0.1620795 -0.5425354 0.8242484 -0.1620795 -0.4562009 0.8731558 -0.1716966 -0.5000113 0.8497463 -0.1670934 -0.4562008 0.8731558 -0.1716966 -0.4112866 0.8943787 -0.1758698 -0.4112866 0.8943787 -0.1758698 -0.3653342 0.9133861 -0.1796018 -0.3653758 0.913369 -0.1796041 -0.270816 0.944543 -0.1857341 -0.3185166 0.9301056 -0.1828952 -0.3184735 0.930121 -0.1828924 -0.270816 0.944543 -0.1857341 -0.2225132 0.9566116 -0.1881013 -0.2225588 0.9566003 -0.188105 -0.1736542 0.9663019 -0.1900128 -0.1736076 0.9663111 -0.1900086 -0.07470398 0.9784679 -0.1924051 -0.1243542 0.9735935 -0.1914466 -0.1243542 0.9735935 -0.1914466 -0.07475176 0.9784656 -0.1923985 -0.02495242 0.9809043 -0.1928841 -0.02490444 0.9809066 -0.1928785 -1.594399e-06 0.192939 0.9812107 -6.823727e-07 0.1929401 0.9812105 6.632565e-06 0.192946 0.9812094 -2.52548e-06 0.1929382 0.9812109 -6.537136e-06 0.1929345 0.9812116 3.316269e-06 0.1929451 0.9812096 1.535061e-05 0.1929557 0.9812074 -5.931034e-06 0.1929357 0.9812114 6.759994e-07 0.1929429 0.98121 9.566179e-07 0.1929431 0.9812099 5.739747e-07 0.1929429 0.98121 -2.786974e-06 0.1929396 0.9812106 3.061162e-06 0.1929457 0.9812095 -1.111595e-05 0.1929364 0.9812112 -5.784484e-06 0.1929336 0.9812118 -4.942548e-06 0.1929346 0.9812116 5.701522e-06 0.1929477 0.981209 -3.826544e-07 0.1929428 0.98121 2.550946e-07 0.1929425 0.9812101 3.858394e-06 0.1929471 0.9812092 2.200266e-06 0.1929442 0.9812098 7.716709e-06 0.1929477 0.981209 2.423431e-06 0.1929436 0.9812099 3.82647e-07 0.1929424 0.9812101 8.201449e-06 0.1929585 0.9812069 -7.187455e-06 0.1929399 0.9812106 -1.785697e-06 0.1929425 0.9812101 -6.415744e-06 0.1929305 0.9812124 1.562478e-06 0.1929432 0.9812099 -3.20464e-06 0.1929328 0.981212 1.42664e-05 0.1929476 0.981209 -1.651763e-06 0.1929379 0.9812109 -1.020404e-05 0.1929388 0.9812108 -3.348195e-06 0.1929403 0.9812105 2.55099e-06 0.1929434 0.9812099 2.346906e-06 0.1929478 0.981209 -7.971971e-08 0.192943 0.98121 -5.937402e-06 0.1929397 0.9812106 1.173461e-05 0.1929451 0.9812096 1.18622e-06 0.1929467 0.9812093 2.168322e-06 0.192949 0.9812088 -7.353299e-06 0.1929419 0.9812102 -2.251236e-06 0.1929335 0.9812118 -3.308297e-06 0.1929307 0.9812124 -1.122436e-05 0.1929407 0.9812104 -2.550989e-07 0.1929429 0.98121 8.769076e-06 0.192946 0.9812094 1.065046e-06 0.1929495 0.9812087 1.419006e-06 0.1929506 0.9812084 5.580303e-07 0.1929458 0.9812095 9.932912e-06 0.1929421 0.9812101 2.821989e-07 0.1929394 0.9812107 1.275496e-07 0.1929428 0.9812101 -2.448632e-05 0.192937 0.9812111 2.158869e-06 0.1929541 0.9812078 -4.185204e-07 0.1929421 0.9812102 6.388661e-06 0.1929434 0.9812099 -4.336682e-06 0.1929414 0.9812102 -1.08734e-06 0.1929333 0.9812119 7.947015e-07 0.1929449 0.9812096 5.216618e-07 0.1929342 0.9812117 8.726365e-06 0.1929421 0.9812102 1.173458e-05 0.1929425 0.9812101 -8.346724e-07 0.1929465 0.9812093 -6.472014e-07 0.1929391 0.9812107 -8.716435e-06 0.1929424 0.9812101 -1.1607e-05 0.1929422 0.9812101 2.997358e-07 0.1929333 0.9812119 -8.051772e-07 0.1929478 0.981209 -6.49387e-06 0.192942 0.9812102 -1.275496e-07 0.1929428 0.9812101 4.20914e-06 0.1929423 0.9812101 -2.040784e-07 0.1929449 0.9812096 -3.188746e-07 0.1929459 0.9812094 2.448633e-05 0.192937 0.9812111 1.355193e-06 0.1929396 0.9812106 -9.932912e-06 0.1929421 0.9812101 1.122436e-05 0.1929407 0.9812104 -4.464267e-07 0.1929496 0.9812086 1.375125e-06 0.1929302 0.9812124 -9.052857e-06 0.1929448 0.9812096 5.101986e-07 0.1929436 0.9812098 -1.399913e-06 0.1929422 0.9812102 -1.765747e-06 0.1929447 0.9812096 7.35011e-06 0.1929419 0.9812102 -1.173461e-05 0.1929451 0.9812096 -2.311888e-07 0.1929402 0.9812105 3.06107e-07 0.1929374 0.9812111 5.937402e-06 0.1929397 0.9812106 1.020404e-05 0.1929388 0.9812108 -3.674968e-06 0.1929512 0.9812084 -2.799708e-06 0.1929477 0.981209 3.673442e-06 0.1929411 0.9812104 -2.806091e-06 0.1929428 0.9812101 1.498731e-06 0.1929383 0.9812109 1.651763e-06 0.1929378 0.9812109 -1.42664e-05 0.1929476 0.981209 1.785697e-06 0.1929425 0.9812101 -4.304785e-07 0.1929436 0.9812098 1.434998e-06 0.1929385 0.9812109 7.193833e-06 0.1929399 0.9812106 -2.423431e-06 0.1929436 0.9812099 2.487192e-06 0.1929401 0.9812105 7.07236e-06 0.1929293 0.9812127 -8.322568e-06 0.1929467 0.9812093 0 0.192943 0.98121 -2.423452e-06 0.192948 0.981209 -3.947744e-06 0.1929511 0.9812084 7.653085e-07 0.1929434 0.9812099 -6.269129e-06 0.1929468 0.9812092 4.400446e-06 0.1929342 0.9812117 -7.142868e-06 0.1929499 0.9812086 -6.396705e-06 0.192954 0.9812078 -9.566179e-07 0.1929431 0.9812099 1.111595e-05 0.1929364 0.9812112 9.304466e-06 0.1929328 0.9812119 -5.739735e-07 0.1929429 0.98121 -6.82379e-07 0.1929429 0.98121 6.218031e-06 0.1929359 0.9812114 3.227029e-06 0.1929403 0.9812105 -4.14535e-06 0.1929442 0.9812097 7.825389e-06 0.1929359 0.9812113 -4.551927e-06 0.1929479 0.981209 4.566284e-06 0.1929401 0.9812106 7.142596e-07 0.1929401 0.9812106 1.570483e-06 0.192939 0.9812107 7.716718e-06 0.192937 0.9812112 -5.510194e-06 0.1929471 0.9812092 -3.348158e-06 0.1929452 0.9812096 -5.867268e-06 0.1929467 0.9812092 1.326515e-06 0.1929372 0.9812111 -7.358137e-06 0.1929494 0.9812087 4.097513e-06 0.1929341 0.9812117 -1.234682e-05 0.1929582 0.981207 -1.116063e-07 0.1929435 0.9812099 -8.163274e-06 0.1929485 0.9812089 -2.495163e-06 0.1929461 0.9812093 5.816373e-06 0.1929336 0.9812119 1.887748e-06 0.1929389 0.9812108 -9.805333e-07 0.1929432 0.98121 1.112233e-05 0.1929365 0.9812112 -5.714277e-06 0.1929476 0.981209 4.950519e-06 0.1929346 0.9812116 -2.550946e-07 0.1929424 0.9812101 5.030215e-06 0.1929391 0.9812107 -1.005093e-05 0.1929576 0.9812071 -3.882309e-06 0.1929471 0.9812091 -5.468731e-06 0.1929455 0.9812095 -8.36721e-06 0.1929467 0.9812093 6.4285e-06 0.1929305 0.9812124 -1.060273e-06 0.1929448 0.9812096 1.071413e-05 0.1929365 0.9812112 6.326493e-06 0.1929382 0.9812109 7.550936e-06 0.1929376 0.981211 -1.562478e-06 0.1929431 0.9812099 1.251583e-06 0.1929412 0.9812103 1.658141e-06 0.1929378 0.9812109 3.196668e-06 0.1929328 0.981212 -2.774204e-06 0.1929428 0.98121 -1.061202e-05 0.1929449 0.9812096 -1.658139e-06 0.1929481 0.981209 -3.467809e-07 0.1929428 0.98121 1.295425e-06 0.1929407 0.9812104 -3.265287e-06 0.1929417 0.9812102 -1.973012e-06 0.192949 0.9812087 -1.492342e-06 0.1929466 0.9812092 6.530575e-06 0.1929393 0.9812107 2.351698e-06 0.19294 0.9812106 3.065157e-06 0.1929307 0.9812124 -1.058669e-06 0.1929495 0.9812087 2.640259e-06 0.1929336 0.9812118 -1.35521e-07 0.192941 0.9812104 -2.04078e-07 0.192941 0.9812104 -1.419006e-06 0.1929506 0.9812084 -9.69581e-06 0.1929429 0.98121 4.693854e-06 0.1929419 0.9812102 -5.585285e-07 0.1929458 0.9812095 -2.821989e-07 0.1929394 0.9812107 -1.953103e-07 0.1929426 0.9812101 1.020396e-06 0.1929426 0.98121 -5.129111e-07 0.1929543 0.9812078 -6.120858e-07 0.1929419 0.9812102 4.290851e-06 0.1929423 0.9812101 3.061196e-06 0.1929423 0.9812102 -8.346724e-07 0.1929465 0.9812093 -4.974339e-07 0.1929332 0.9812119 1.943157e-07 0.192945 0.9812096 -5.706857e-06 0.1929427 0.98121 -1.816302e-05 0.1929417 0.9812102 1.816302e-05 0.1929417 0.9812102 5.2216e-07 0.1929342 0.9812117 5.706857e-06 0.1929427 0.98121 -2.997358e-07 0.1929333 0.9812119 6.476996e-07 0.1929391 0.9812107 -3.061186e-06 0.1929425 0.9812101 -1.020396e-06 0.1929426 0.98121 -4.282889e-06 0.1929422 0.9812102 -4.94247e-07 0.1929395 0.9812107 2.040784e-07 0.192945 0.9812096 8.051772e-07 0.1929478 0.981209 1.933173e-07 0.1929426 0.9812101 -2.192263e-07 0.1929459 0.9812094 -4.489787e-06 0.1929401 0.9812105 2.04078e-07 0.192941 0.9812104 9.486532e-06 0.192944 0.9812098 -2.985416e-06 0.1929305 0.9812124 3.022945e-06 0.1929491 0.9812087 1.35521e-07 0.192941 0.9812104 1.071458e-06 0.1929422 0.9812101 1.969029e-06 0.1929446 0.9812096 -2.447355e-06 0.1929403 0.9812105 -6.326514e-06 0.1929388 0.9812108 4.464328e-07 0.1929401 0.9812105 2.806085e-06 0.1929477 0.981209 -6.632333e-07 0.1929375 0.981211 -1.167874e-06 0.1929403 0.9812105 3.265297e-06 0.1929423 0.9812102 3.674968e-06 0.1929512 0.9812084 3.017355e-06 0.1929423 0.9812101 9.999738e-06 0.1929459 0.9812094 -1.683652e-06 0.1929379 0.9812109 -1.45887e-06 0.1929383 0.9812109 -1.251583e-06 0.1929412 0.9812103 -7.550936e-06 0.1929376 0.981211 -6.326493e-06 0.1929382 0.9812109 -2.091903e-06 0.1929388 0.9812108 8.529868e-07 0.1929435 0.9812099 -1.071413e-05 0.1929365 0.9812112 -8.468988e-06 0.19293 0.9812125 -1.634211e-06 0.1929397 0.9812106 5.596294e-06 0.1929452 0.9812095 8.061065e-06 0.1929471 0.9812092 4.336774e-06 0.1929509 0.9812084 2.176325e-06 0.1929481 0.9812089 -5.030215e-06 0.1929391 0.9812107 5.714277e-06 0.1929476 0.981209 8.877566e-06 0.1929523 0.9812081 -5.954957e-06 0.1929352 0.9812115 -1.010194e-05 0.1929349 0.9812115 3.109006e-07 0.1929441 0.9812098 -3.265294e-06 0.1929403 0.9812105 -9.285333e-06 0.1929328 0.981212 7.134896e-06 0.1929499 0.9812086 7.449002e-06 0.1929496 0.9812087 6.058622e-07 0.1929429 0.98121 -6.233974e-06 0.1929359 0.9812114 3.265251e-06 0.1929451 0.9812096 7.350165e-06 0.1929495 0.9812087 3.979593e-06 0.1929487 0.9812089 -4.489752e-06 0.1929401 0.9812105 4.551927e-06 0.1929479 0.981209 -6.744147e-06 0.192936 0.9812114 -0.02492186 0.9809056 -0.192881 -0.07472672 0.9784669 -0.1924015 -0.02495187 0.9809032 -0.1928893 -0.07472668 0.9784669 -0.1924015 -0.1243483 0.9735948 -0.1914435 -0.1243483 0.9735948 -0.1914435 -0.1736577 0.9663003 -0.1900177 -0.1736286 0.9663069 -0.1900104 -0.2225006 0.956614 -0.1881044 -0.2225291 0.9566059 -0.1881113 -0.2708399 0.944537 -0.1857297 -0.318495 0.9301134 -0.1828934 -0.2708399 0.944537 -0.1857297 -0.318495 0.9301134 -0.1828934 -0.365342 0.9133826 -0.1796036 -0.365342 0.9133826 -0.1796036 -0.4112824 0.894381 -0.1758672 -0.4562199 0.8731468 -0.1716918 -0.4112824 0.894381 -0.1758672 -0.4999874 0.8497602 -0.1670932 -0.4562199 0.8731468 -0.1716918 -0.4999874 0.8497603 -0.1670932 -0.5425511 0.8242391 -0.1620748 -0.542551 0.8242391 -0.1620748 -0.5837509 0.7966769 -0.1566551 -0.623489 0.7671419 -0.1508474 -0.5837509 0.7966769 -0.1566551 -0.623489 0.7671419 -0.1508475 -0.661674 0.7357033 -0.1446655 -0.661674 0.7357033 -0.1446655 -0.6982409 0.702412 -0.1381193 -0.7330534 0.6673909 -0.1312328 -0.6982409 0.702412 -0.1381193 -0.7330534 0.6673909 -0.1312329 -0.7660458 0.6307082 -0.1240197 -0.7660458 0.6307082 -0.1240197 -0.7971268 0.5924665 -0.1165 -0.7971269 0.5924664 -0.1165 -0.8262401 0.5527336 -0.1086871 -0.8262401 0.5527336 -0.1086871 -0.8532889 0.5116408 -0.1006068 -0.8532971 0.5116267 -0.1006086 -0.8782251 0.4692605 -0.09227753 -0.8782183 0.4692737 -0.09227593 -0.900969 0.4257309 -0.08371387 -0.900969 0.4257309 -0.08371387 -0.9214742 0.3811411 -0.07494593 -0.9396942 0.3355893 -0.06598882 -0.9214741 0.3811412 -0.07494594 -0.9396946 0.3355885 -0.06598837 -0.9555739 0.2892129 -0.05687214 -0.955571 0.2892226 -0.05687122 -0.9690763 0.242125 -0.04761041 -0.9690781 0.2421175 -0.04761109 -0.9801729 0.1944207 -0.03823005 -0.9801729 0.1944207 -0.03823005 -0.9888309 0.1462411 -0.02875621 -0.9888309 0.1462411 -0.02875621 -0.9950307 0.09769724 -0.01921163 -0.9950305 0.09770033 -0.01921137 -0.9987569 0.04890945 -0.009617343 -0.998757 0.04890791 -0.009617472 -1 0 -0 -1 0 0 -0.9987569 -0.04890945 0.009617343 -0.9987569 -0.04890946 0.009617343 -0.9950308 -0.09769741 0.01921079 -0.9950308 -0.09769741 0.01921079 -0.9888309 -0.1462411 0.02875621 -0.9888309 -0.1462411 0.02875621 -0.9801731 -0.1944198 0.0382316 -0.9801719 -0.1944259 0.03823106 -0.969076 -0.2421257 0.04761054 -0.9555739 -0.2892134 0.05686966 -0.9690778 -0.2421182 0.04761123 -0.9555739 -0.2892134 0.05686966 -0.9396907 -0.3355988 0.06599069 -0.9396907 -0.3355988 0.06599069 -0.9214786 -0.3811305 0.07494386 -0.900969 -0.4257309 0.08371388 -0.9214786 -0.3811305 0.07494386 -0.900969 -0.4257309 0.08371387 -0.8782183 -0.4692737 0.09227593 -0.8782183 -0.4692737 0.09227592 -0.8532889 -0.5116408 0.1006068 -0.8532971 -0.5116267 0.1006086 -0.8262306 -0.5527464 0.1086946 -0.8262401 -0.5527336 0.1086871 -0.7971378 -0.5924523 0.1164972 -0.7971379 -0.5924523 0.1164972 -0.7660458 -0.6307082 0.1240197 -0.7660458 -0.6307082 0.1240197 -0.7330534 -0.6673909 0.1312328 -0.7330534 -0.6673909 0.1312329 -0.6982256 -0.7024268 0.1381222 -0.6982256 -0.7024268 0.1381221 -0.661691 -0.7356887 0.1446626 -0.6616909 -0.7356887 0.1446626 -0.623489 -0.7671419 0.1508474 -0.623489 -0.7671419 0.1508475 -0.5837509 -0.7966769 0.1566551 -0.5837509 -0.7966769 0.1566551 -0.542551 -0.8242391 0.1620748 -0.5425299 -0.8242511 0.1620845 -0.4999874 -0.8497588 0.1671004 -0.5000099 -0.8497475 0.1670907 -0.4562199 -0.8731468 0.1716918 -0.4562223 -0.8731458 0.1716908 -0.4112824 -0.8943812 0.1758665 -0.4112849 -0.89438 0.175867 -0.3653394 -0.9133836 0.1796038 -0.365342 -0.9133827 0.1796028 -0.318495 -0.9301118 0.1829014 -0.3184654 -0.9301233 0.1828946 -0.2708426 -0.9445347 0.1857376 -0.2708426 -0.9445347 0.1857376 -0.2225006 -0.956614 0.1881044 -0.1736549 -0.9663025 0.1900095 -0.2225291 -0.9566059 0.1881113 -0.1243484 -0.9735948 0.1914435 -0.1736548 -0.9663025 0.1900095 -0.07472672 -0.9784669 0.1924015 -0.1243483 -0.9735948 0.1914435 -0.07472668 -0.9784669 0.1924015 -0.02492186 -0.9809056 0.192881 -0.02492186 -0.9809056 0.192881 -0.006982785 0.08915862 -0.9959929 -0.006960503 -0.4596385 -0.8880789 -0.02092367 0.08880576 -0.9958292 -0.009740072 0.08848265 -0.9960301 -0.03481138 0.08732899 -0.9955711 -0.0291783 0.08701102 -0.9957799 -0.04852835 0.08475435 -0.9952194 -0.06229512 0.0825786 -0.9946357 -0.04851034 0.08475288 -0.9952205 -0.07584781 0.07930302 -0.9939608 -0.06751044 0.08038001 -0.9944754 -0.08909504 0.0749537 -0.9931988 -0.1022042 0.070272 -0.9922782 -0.08626012 0.07524388 -0.9934272 -0.1045872 0.06869873 -0.9921402 -0.1151806 0.06525575 -0.9911988 -0.008312066 0.04623958 -0.9988958 -0.008315724 0.04624034 -0.9988958 -0.1277075 0.05921353 -0.9900427 -0.1223218 0.06080187 -0.9906263 -0.02491524 0.04510261 -0.9986716 -0.0249043 0.04510115 -0.9986719 -0.1397138 0.05218348 -0.9888159 -0.1518819 0.04552057 -0.9873499 -0.139707 0.05218531 -0.9888168 -0.04137971 0.04283214 -0.998225 -0.04135939 0.04283082 -0.9982259 -0.1560309 0.04170436 -0.9868713 -0.1634834 0.03789102 -0.9858182 -0.05764226 0.03943603 -0.9975581 -0.05763636 0.03943605 -0.9975584 -0.1718761 0.03057425 -0.984644 -0.174414 0.02935866 -0.9842346 -0.1851028 0.02055826 -0.9825041 -0.07361423 0.03494071 -0.9966745 -0.07362139 0.03494019 -0.996674 -0.08925766 0.02935397 -0.995576 -0.195539 0.01149811 -0.9806286 -0.1867961 0.01829006 -0.9822284 -0.08925026 0.02935918 -0.9955764 -0.2052239 0.001604431 -0.9787138 -0.2007146 0.004915903 -0.9796374 -0.005357147 -0.03977467 -0.9991943 -0.006835171 0.003233302 -0.9999714 -0.006849797 0.003235314 -0.9999713 -0.0205128 0.002297857 -0.999787 -0.1044415 0.02272382 -0.9942715 -0.1044365 0.02272489 -0.9942719 -0.2140467 -0.009014925 -0.9767818 -0.2231623 -0.01937389 -0.9745888 -0.2140517 -0.00901844 -0.9767807 -0.02050555 0.00229989 -0.9997871 -0.1191181 0.01506468 -0.9927658 -0.1191269 0.01506217 -0.9927648 -0.2313883 -0.030418 -0.9723858 -0.2257453 -0.02434869 -0.973882 -0.03409284 0.000426205 -0.9994186 -0.03408372 0.0004262073 -0.9994189 -0.04747158 -0.00236598 -0.9988698 -0.1332207 0.006417979 -0.9910656 -0.1332223 0.006417414 -0.9910654 -0.2387006 -0.04211738 -0.9701795 -0.2456732 -0.05396749 -0.9678493 -0.2367463 -0.04012087 -0.9707428 -0.04746245 -0.002362003 -0.9988702 -0.1466829 -0.003178505 -0.9891785 -0.1466842 -0.00317911 -0.9891782 -0.2464868 -0.0566755 -0.9674875 -0.2523213 -0.06599478 -0.9653904 -0.06063927 -0.006069238 -0.9981413 -0.07351255 -0.0106667 -0.9972372 -0.06063805 -0.006069071 -0.9981413 -0.1594162 -0.01366212 -0.9871169 -0.171374 -0.02499276 -0.984889 -0.1594176 -0.01366285 -0.9871168 -0.2579639 -0.07852387 -0.9629583 -0.2549098 -0.07391854 -0.9641354 -0.07351226 -0.01066653 -0.9972373 -0.1713728 -0.02499075 -0.9848893 -0.2625699 -0.09148125 -0.9605666 -0.2675133 -0.1042691 -0.9578959 -0.2625713 -0.09148327 -0.960566 -0.003875933 -0.08271176 -0.9965659 -0.005364393 -0.03977567 -0.9991943 -0.08602852 -0.01613444 -0.9961619 -0.08601863 -0.01613165 -0.9961629 -0.182511 -0.03712861 -0.9825025 -0.1825037 -0.03712334 -0.9825041 -0.2682244 -0.1098138 -0.9570771 -0.2713971 -0.117421 -0.9552779 -0.01609737 -0.04051209 -0.9990494 -0.01607551 -0.0405121 -0.9990498 -0.01163672 -0.08324424 -0.9964613 -0.09812062 -0.02244356 -0.9949214 -0.09810894 -0.02243938 -0.9949226 -0.192746 -0.04998136 -0.9799749 -0.1927338 -0.04997125 -0.9799778 -0.2730631 -0.1283122 -0.9534005 -0.2741916 -0.1308405 -0.9527328 -0.2766162 -0.1443331 -0.9500796 -0.02669032 -0.04197589 -0.9987621 -0.01928152 -0.08429847 -0.996254 -0.0267325 -0.04197876 -0.9987609 -0.1208164 -0.03746838 -0.9919676 -0.1097266 -0.02956258 -0.993522 -0.109744 -0.02957019 -0.99352 -0.202047 -0.06351101 -0.9773144 -0.2020459 -0.06350998 -0.9773147 -0.2786642 -0.1578604 -0.9473259 -0.2764482 -0.1471514 -0.9496961 -0.03721098 -0.04416417 -0.998331 -0.03721088 -0.04416417 -0.9983311 -0.0268895 -0.08588522 -0.9959421 -0.1208099 -0.0374613 -0.9919685 -0.2176486 -0.09230433 -0.9716527 -0.2103622 -0.0776425 -0.9745355 -0.2103587 -0.07763869 -0.9745365 -0.2796029 -0.1715377 -0.9446677 -0.2794257 -0.1852491 -0.9421274 -0.2783546 -0.1661808 -0.9459929 -0.04754183 -0.0470723 -0.9977595 -0.04756182 -0.04707645 -0.9977583 -0.03438009 -0.08799273 -0.9955276 -0.1312973 -0.04609602 -0.9902708 -0.1313069 -0.04610188 -0.9902692 -0.141152 -0.05543054 -0.9884349 -0.2176493 -0.09230807 -0.9716522 -0.2795995 -0.1989222 -0.9392838 -0.2794223 -0.1852628 -0.9421257 -0.05763656 -0.05067777 -0.9970506 -0.05764059 -0.05067889 -0.9970502 -0.04165673 -0.09059143 -0.9950166 -0.141154 -0.05543328 -0.9884344 -0.2238767 -0.1074316 -0.9686783 -0.2290165 -0.1229531 -0.9656262 -0.2238767 -0.1074315 -0.9686784 -0.2783532 -0.204373 -0.9384834 -0.2786631 -0.2125819 -0.936566 -0.04872045 -0.09367733 -0.9944098 -0.06744943 -0.05496255 -0.9962077 -0.06742357 -0.05495333 -0.9962099 -0.1503368 -0.06544029 -0.9864666 -0.1503264 -0.06543171 -0.9864687 -0.2290159 -0.1229413 -0.9656278 -0.2764452 -0.2233999 -0.9347035 -0.2766131 -0.2261519 -0.9339917 -0.2741913 -0.2396285 -0.9313417 -0.05563085 -0.0972826 -0.9937007 -0.07691973 -0.05990702 -0.9952359 -0.07696249 -0.05992568 -0.9952315 -0.1587478 -0.07600801 -0.9843891 -0.158745 -0.07600534 -0.9843898 -0.2330412 -0.1387822 -0.962513 -0.2330377 -0.138775 -0.9625148 -0.2713968 -0.2530244 -0.9286132 -0.2730657 -0.2422148 -0.9310033 -0.06215464 -0.1012826 -0.9929143 -0.08600975 -0.06548034 -0.9941401 -0.08604454 -0.06549849 -0.9941359 -0.1664071 -0.08715143 -0.9821982 -0.1664155 -0.08716059 -0.982196 -0.1732651 -0.09880151 -0.9799069 -0.2359258 -0.1548544 -0.9593534 -0.2359286 -0.1548613 -0.9593517 -0.2675123 -0.2661994 -0.9260534 -0.2625743 -0.2790326 -0.9236859 -0.2682252 -0.2607436 -0.9273985 -0.09473029 -0.07169046 -0.9929183 -0.06846494 -0.1057811 -0.9920297 -0.09471853 -0.07168326 -0.9929199 -0.1732654 -0.09880242 -0.9799067 -0.2376633 -0.1710744 -0.9561641 -0.2382457 -0.1873923 -0.952955 -0.2376651 -0.1710803 -0.9561625 -0.2579741 -0.2919169 -0.9209962 -0.2625774 -0.279028 -0.9236864 -0.07437746 -0.110649 -0.9910725 -0.1029245 -0.0784395 -0.9915916 -0.1029408 -0.07845119 -0.991589 -0.1792679 -0.1108797 -0.9775319 -0.1792707 -0.1108838 -0.977531 -0.2382456 -0.1873924 -0.9529549 -0.2523208 -0.304451 -0.9185008 -0.2549096 -0.2966412 -0.9203396 -0.110668 -0.08577549 -0.990149 -0.1106879 -0.08579188 -0.9901454 -0.07999604 -0.1159729 -0.9900257 -0.1843982 -0.123335 -0.9750825 -0.1843923 -0.1233248 -0.9750849 -0.2376658 -0.2036889 -0.9497504 -0.2376657 -0.2036886 -0.9497505 -0.2456714 -0.3165161 -0.9162222 -0.2387012 -0.3283621 -0.9138928 -0.2464853 -0.3138723 -0.9169129 -0.1244633 -0.1019025 -0.9869776 -0.1178605 -0.0936135 -0.9886078 -0.08518019 -0.1216222 -0.9889147 -0.1178712 -0.09362359 -0.9886056 -0.188626 -0.13611 -0.972571 -0.1886338 -0.1361258 -0.9725673 -0.1919417 -0.1491587 -0.9700052 -0.2359256 -0.2199272 -0.9465576 -0.235926 -0.2199306 -0.9465566 -0.2313907 -0.3400178 -0.9115077 -0.2367404 -0.3304302 -0.9136575 -0.08995448 -0.1276182 -0.9877357 -0.124469 -0.1019123 -0.9869758 -0.1919412 -0.1491484 -0.9700069 -0.2330393 -0.2359886 -0.9433992 -0.2330392 -0.2359816 -0.943401 -0.2231547 -0.3510869 -0.9093624 -0.2257408 -0.3462093 -0.9105933 -0.130475 -0.1106494 -0.9852578 -0.1304682 -0.1106408 -0.9852597 -0.09429502 -0.1339324 -0.9864941 -0.1943243 -0.1624032 -0.9674003 -0.1943217 -0.1623953 -0.9674022 -0.2290161 -0.2518196 -0.9402865 -0.2290164 -0.2518131 -0.9402881 -0.2140559 -0.3614845 -0.907474 -0.2052122 -0.3720674 -0.9052369 -0.2140543 -0.3614877 -0.9074731 -0.1405545 -0.1292513 -0.9816 -0.09817351 -0.1405239 -0.9851979 -0.1358409 -0.1197718 -0.9834642 -0.1358462 -0.1197795 -0.9834625 -0.195757 -0.1757791 -0.9647699 -0.1957509 -0.1757547 -0.9647756 -0.1962293 -0.189197 -0.9621323 -0.2238771 -0.2673369 -0.9372354 -0.2238769 -0.2673389 -0.9372348 -0.1955456 -0.3819388 -0.9032633 -0.2007276 -0.3754634 -0.9048401 -0.1015892 -0.1473956 -0.9838466 -0.1405601 -0.1292683 -0.981597 -0.1445678 -0.1390013 -0.979683 -0.1962327 -0.1891771 -0.9621355 -0.2176461 -0.2824692 -0.9342598 -0.217646 -0.2824698 -0.9342597 -0.2103551 -0.2971374 -0.9313754 -0.1850997 -0.391045 -0.9015663 -0.1744156 -0.3998416 -0.8998365 -0.1867983 -0.3888344 -0.9021719 -0.1445659 -0.1389941 -0.9796844 -0.1044782 -0.1544116 -0.982467 -0.1957535 -0.2026414 -0.9594879 -0.1957511 -0.2026173 -0.9594935 -0.2103533 -0.2971394 -0.9313751 -0.1718652 -0.4011279 -0.8997548 -0.163482 -0.4083363 -0.898073 -0.1478935 -0.149043 -0.9777084 -0.1478934 -0.1490427 -0.9777085 -0.1068855 -0.1616812 -0.9810375 -0.1504866 -0.1592483 -0.9757016 -0.1943204 -0.2159978 -0.9568618 -0.1943199 -0.2159784 -0.9568663 -0.2020406 -0.3112669 -0.9285971 -0.2020398 -0.3112691 -0.9285965 -0.1560387 -0.4122597 -0.8976045 -0.1518924 -0.4159706 -0.896603 -0.1397037 -0.422704 -0.8954353 -0.1523542 -0.1696368 -0.9736588 -0.1504855 -0.1592382 -0.9757035 -0.1087559 -0.1690418 -0.9795902 -0.1919457 -0.229213 -0.9542632 -0.1919453 -0.2292224 -0.9542609 -0.1927463 -0.3247953 -0.9259357 -0.1825125 -0.3376479 -0.9234084 -0.1927543 -0.3247768 -0.9259405 -0.1397158 -0.4227004 -0.895435 -0.1277303 -0.4296615 -0.8939105 -0.1523548 -0.1696514 -0.9736562 -0.1101101 -0.1765777 -0.9781084 -0.1886314 -0.2422547 -0.9516989 -0.1886294 -0.2422718 -0.951695 -0.1825029 -0.337655 -0.9234077 -0.1151704 -0.4357018 -0.8926924 -0.1223111 -0.4313631 -0.893849 -0.1534778 -0.1801343 -0.9715947 -0.1534775 -0.1801321 -0.9715951 -0.1538514 -0.1906311 -0.9695305 -0.1109215 -0.1841529 -0.9766187 -0.1843982 -0.2550442 -0.9491837 -0.1844004 -0.2550323 -0.9491864 -0.1713864 -0.3497692 -0.9210257 -0.1713862 -0.3497694 -0.9210256 -0.1022113 -0.4407456 -0.8917937 -0.08909756 -0.445429 -0.890873 -0.104588 -0.4392411 -0.8922604 -0.1111905 -0.1917101 -0.9751328 -0.1538537 -0.1906095 -0.9695345 -0.179264 -0.2675063 -0.9467337 -0.1792592 -0.2675248 -0.9467295 -0.1594159 -0.3611095 -0.9187962 -0.1594107 -0.3611166 -0.9187943 -0.07583889 -0.4497442 -0.8899318 -0.08625062 -0.4457855 -0.8909748 -0.1534778 -0.2011729 -0.9674575 -0.1523591 -0.211646 -0.9653977 -0.1109185 -0.1993537 -0.9736299 -0.1534785 -0.201195 -0.9674529 -0.1664122 -0.2912265 -0.942069 -0.1732586 -0.2795908 -0.9443572 -0.173262 -0.279581 -0.9443594 -0.1466738 -0.3716003 -0.9167333 -0.1466717 -0.3716029 -0.9167326 -0.06750905 -0.4509348 -0.8900002 -0.06228407 -0.4530342 -0.8893148 -0.1101053 -0.2069453 -0.9721371 -0.152353 -0.2116704 -0.9653933 -0.1664192 -0.2912187 -0.9420702 -0.1332293 -0.3811868 -0.9148479 -0.1332325 -0.3811836 -0.9148488 -0.04853448 -0.4552657 -0.8890318 -0.03481137 -0.4577873 -0.8883799 -0.04853275 -0.4552665 -0.8890315 -0.1087605 -0.2144287 -0.9706655 -0.150491 -0.2220318 -0.9633557 -0.1504921 -0.2220213 -0.9633581 -0.1478895 -0.2322636 -0.9613441 -0.1587658 -0.3023514 -0.9398814 -0.1587641 -0.3023547 -0.9398805 -0.1191154 -0.3898405 -0.9131462 -0.1191235 -0.3898331 -0.9131483 -0.009743333 -0.4590213 -0.8883719 -0.02915374 -0.4575712 -0.8886949 -0.02093157 -0.4592443 -0.8880634 -0.1068815 -0.2218236 -0.9692114 -0.1478908 -0.2322605 -0.9613445 -0.1445781 -0.2422644 -0.9593775 -0.1503189 -0.3129599 -0.9377955 -0.1503182 -0.312961 -0.9377952 -0.1044443 -0.3974915 -0.9116424 -0.08925879 -0.4041297 -0.9103362 -0.1044323 -0.3975009 -0.9116397 -0.1445809 -0.2422586 -0.9593785 -0.1044912 -0.2290418 -0.9677921 -0.1411502 -0.3229516 -0.9358306 -0.1411619 -0.3229351 -0.9358345 -0.08924086 -0.4041326 -0.9103367 -0.1405438 -0.252065 -0.9574501 -0.1015729 -0.2361293 -0.9663984 -0.1405474 -0.2520544 -0.9574524 -0.1312982 -0.3322847 -0.9339955 -0.1313101 -0.3322701 -0.9339991 -0.07360763 -0.409718 -0.9092376 -0.07361834 -0.4097119 -0.9092395 -0.09816521 -0.2429844 -0.9650503 -0.1304777 -0.2706358 -0.9537987 -0.1358349 -0.2615383 -0.955587 -0.1358449 -0.2615143 -0.9555922 -0.1208093 -0.3409219 -0.9322968 -0.1208148 -0.3409161 -0.9322982 -0.05764122 -0.4142121 -0.9083534 -0.05764969 -0.414208 -0.9083547 -0.1304747 -0.2706396 -0.953798 -0.09429666 -0.2495593 -0.9637574 -0.1097371 -0.34881 -0.9307467 -0.1097126 -0.3488326 -0.930741 -0.04136155 -0.4176074 -0.9076857 -0.04138124 -0.4175994 -0.9076884 -0.1244754 -0.2793652 -0.9520824 -0.1178527 -0.2876826 -0.9504471 -0.1244684 -0.279377 -0.95208 -0.0899557 -0.2558741 -0.9625158 -0.09812717 -0.3559284 -0.9293471 -0.09810863 -0.3559433 -0.9293434 -0.02490055 -0.4198721 -0.9072416 -0.008315495 -0.4210127 -0.9070166 -0.02489013 -0.4198755 -0.9072404 -0.008309579 -0.4210117 -0.9070172 -0.08517074 -0.2618832 -0.961334 -0.1178476 -0.2876875 -0.9504461 -0.08602654 -0.362244 -0.9281049 -0.08601061 -0.362255 -0.928102 -0.07350284 -0.3677151 -0.9270291 -0.1029555 -0.3028248 -0.9474689 -0.1106968 -0.29548 -0.948914 -0.1106645 -0.2955202 -0.9489052 -0.08001128 -0.2675061 -0.9602284 -0.07350121 -0.3677154 -0.9270291 -0.06063579 -0.3723101 -0.9261255 -0.07438478 -0.2728373 -0.9591802 -0.1029301 -0.3028431 -0.9474658 -0.06063811 -0.3723097 -0.9261255 -0.08601192 -0.315808 -0.9449165 -0.06843803 -0.2777334 -0.9582173 -0.09470055 -0.3096187 -0.9461333 -0.09472112 -0.3095994 -0.9461374 -0.04749252 -0.3760084 -0.9253984 -0.04748426 -0.3760118 -0.9253973 -0.08605725 -0.3157841 -0.9449204 -0.06220039 -0.2821802 -0.9573429 -0.03407463 -0.3788087 -0.9248475 -0.03406556 -0.3788118 -0.9248466 -0.07694004 -0.3213759 -0.9438209 -0.06743384 -0.3263354 -0.9428457 -0.07695799 -0.3213632 -0.9438237 -0.05562469 -0.2862122 -0.9565503 -0.02050914 -0.3806789 -0.9244798 -0.00684364 -0.3816165 -0.9242954 -0.02049217 -0.3806835 -0.9244784 -0.006873291 -0.3816203 -0.9242936 -0.06739505 -0.3263495 -0.9428436 -0.0486956 -0.2898269 -0.9558395 -0.05764339 -0.3306096 -0.9420056 -0.05762764 -0.3306176 -0.9420037 -0.04754338 -0.3342191 -0.9412955 -0.0416603 -0.2929005 -0.9552349 -0.0475567 -0.3342162 -0.9412959 -0.03437551 -0.2955022 -0.9547234 -0.03723996 -0.3371181 -0.9407254 -0.03722818 -0.3371223 -0.9407246 -0.02690713 -0.2976035 -0.9543103 -0.02669797 -0.3393168 -0.9402932 -0.02671666 -0.3393117 -0.9402946 -0.01928806 -0.2991926 -0.9539978 -0.01606202 -0.3407818 -0.9400052 -0.005393137 -0.3415138 -0.9398614 -0.01161525 -0.3002506 -0.9537896 -0.003882439 -0.3007812 -0.9536852 -0.005370641 -0.3415124 -0.9398619 -0.01607546 -0.3407791 -0.940006 0.02492186 -0.9809056 0.192881 0.02492186 -0.9809056 0.192881 0.07472672 -0.9784669 0.1924015 0.07472669 -0.9784669 0.1924015 0.1243484 -0.9735948 0.1914435 0.1243483 -0.9735948 0.1914435 0.1736549 -0.9663025 0.1900095 0.2225006 -0.956614 0.1881044 0.1736548 -0.9663025 0.1900095 0.2225291 -0.956606 0.1881113 0.2708426 -0.9445347 0.1857376 0.2708426 -0.9445347 0.1857376 0.318495 -0.9301135 0.1828927 0.3184654 -0.9301216 0.1829033 0.3653394 -0.9133836 0.1796038 0.365342 -0.9133827 0.1796028 0.4112848 -0.8943802 0.1758662 0.4562199 -0.8731469 0.1716911 0.4112824 -0.894381 0.1758672 0.4999873 -0.8497603 0.1670932 0.4562223 -0.8731456 0.1716916 0.5000099 -0.849746 0.1670979 0.542551 -0.8242391 0.1620748 0.5837509 -0.7966769 0.1566551 0.5425299 -0.8242512 0.1620845 0.5837509 -0.7966769 0.1566551 0.623489 -0.7671419 0.1508474 0.6616909 -0.7356887 0.1446626 0.623489 -0.7671419 0.1508474 0.6616909 -0.7356887 0.1446626 0.6982256 -0.7024268 0.1381221 0.6982256 -0.7024267 0.1381221 0.7330534 -0.6673909 0.1312328 0.7330534 -0.6673909 0.1312329 0.7660459 -0.6307082 0.1240197 0.7660458 -0.6307082 0.1240197 0.7971378 -0.5924523 0.1164972 0.7971379 -0.5924523 0.1164972 0.8262305 -0.5527473 0.1086898 0.8262401 -0.5527326 0.1086919 0.8532971 -0.5116267 0.1006086 0.8532889 -0.5116407 0.1006068 0.8782183 -0.4692737 0.09227595 0.8782183 -0.4692737 0.09227594 0.900969 -0.4257309 0.08371388 0.900969 -0.4257309 0.08371388 0.9214786 -0.3811306 0.07494386 0.9214786 -0.3811306 0.07494386 0.9396907 -0.3355988 0.06599069 0.9396907 -0.3355988 0.06599069 0.9555739 -0.2892134 0.05686966 0.9555739 -0.2892134 0.05686966 0.9690761 -0.2421253 0.04761261 0.9801731 -0.1944198 0.0382316 0.9690779 -0.2421186 0.04760915 0.9801719 -0.1944259 0.03823106 0.9888309 -0.1462411 0.02875621 0.9888309 -0.1462411 0.02875621 0.9950308 -0.09769741 0.01921079 0.9950308 -0.09769741 0.01921079 0.9987569 -0.04890945 0.009617343 1 0 0 0.9987569 -0.04890946 0.009617341 1 0 0 0.9987569 0.04890937 -0.00961776 0.9950307 0.09769724 -0.01921163 0.998757 0.04890799 -0.009617054 0.9950305 0.09770032 -0.01921137 0.9888309 0.1462411 -0.02875621 0.9888309 0.1462411 -0.02875621 0.9801729 0.1944207 -0.03823005 0.9801729 0.1944207 -0.03823005 0.9690763 0.2421246 -0.04761247 0.9690781 0.2421179 -0.04760902 0.9555739 0.2892134 -0.05686942 0.955571 0.289222 -0.05687393 0.9396942 0.3355893 -0.06598882 0.9396946 0.3355885 -0.06598835 0.9214741 0.3811412 -0.07494594 0.921474 0.3811411 -0.07494593 0.900969 0.4257309 -0.08371388 0.8782183 0.4692737 -0.09227593 0.900969 0.4257309 -0.08371388 0.8782251 0.4692605 -0.09227753 0.8532889 0.5116399 -0.1006112 0.8532972 0.5116276 -0.1006042 0.8262401 0.5527336 -0.1086871 0.8262401 0.5527336 -0.1086871 0.7971268 0.5924665 -0.1165 0.7971269 0.5924664 -0.1165 0.7660458 0.6307082 -0.1240197 0.7660459 0.6307082 -0.1240197 0.7330534 0.6673909 -0.1312329 0.7330534 0.6673909 -0.1312328 0.6982409 0.702412 -0.1381193 0.6982409 0.702412 -0.1381192 0.661674 0.7357033 -0.1446655 0.661674 0.7357033 -0.1446655 0.623489 0.7671419 -0.1508475 0.623489 0.7671419 -0.1508475 0.5837509 0.7966769 -0.1566551 0.5837509 0.7966769 -0.1566551 0.542551 0.8242391 -0.1620748 0.542551 0.8242391 -0.1620748 0.4999874 0.8497603 -0.1670932 0.4999874 0.8497602 -0.1670932 0.4562199 0.8731468 -0.1716918 0.4562199 0.8731468 -0.1716918 0.4112824 0.894381 -0.1758672 0.4112824 0.894381 -0.1758672 0.365342 0.9133825 -0.1796036 0.365342 0.9133825 -0.1796036 0.318495 0.9301134 -0.1828934 0.318495 0.9301134 -0.1828934 0.2708399 0.944537 -0.1857297 0.2708399 0.944537 -0.1857297 0.2225006 0.956614 -0.1881044 0.2225291 0.956606 -0.1881113 0.1736577 0.9663019 -0.1900094 0.1736286 0.9663054 -0.1900187 0.1243484 0.9735948 -0.1914435 0.1243483 0.9735948 -0.1914435 0.07472672 0.9784669 -0.1924015 0.07472669 0.9784669 -0.1924015 0.02492189 0.980904 -0.1928894 0.02495187 0.9809049 -0.1928809 0.006960503 -0.4596385 -0.8880788 0.006982785 0.08915862 -0.9959929 0.02093157 -0.4592443 -0.8880634 0.009743299 -0.4590212 -0.8883719 0.03481137 -0.4577873 -0.8883799 0.02915374 -0.4575712 -0.8886949 0.04853456 -0.4552662 -0.8890316 0.06228407 -0.4530342 -0.8893147 0.04853268 -0.4552661 -0.8890318 0.0758389 -0.4497442 -0.8899318 0.06750906 -0.4509348 -0.8900002 0.08909756 -0.445429 -0.890873 0.1022113 -0.4407456 -0.8917937 0.08625062 -0.4457855 -0.8909748 0.104588 -0.4392411 -0.8922604 0.1151704 -0.4357018 -0.8926924 0.008315496 -0.4210127 -0.9070166 0.008309597 -0.4210117 -0.9070172 0.1277303 -0.4296615 -0.8939105 0.1223111 -0.4313631 -0.893849 0.02488991 -0.4198735 -0.9072412 0.02490085 -0.4198748 -0.9072403 0.04138124 -0.4175994 -0.9076884 0.1397036 -0.422704 -0.8954352 0.1518924 -0.4159706 -0.896603 0.1397158 -0.4227004 -0.895435 0.04136155 -0.4176074 -0.9076857 0.1560387 -0.4122598 -0.8976046 0.163482 -0.4083363 -0.898073 0.05764077 -0.4142104 -0.9083542 0.05765027 -0.4142102 -0.9083536 0.1744156 -0.3998416 -0.8998366 0.1850997 -0.391045 -0.9015663 0.1718652 -0.4011279 -0.8997548 0.07360688 -0.4097159 -0.9092386 0.07361935 -0.4097147 -0.9092382 0.08925746 -0.4041266 -0.9103377 0.1955456 -0.3819388 -0.9032633 0.1867983 -0.3888344 -0.9021719 0.1044323 -0.3975009 -0.9116397 0.08924263 -0.4041367 -0.9103347 0.2052122 -0.3720674 -0.9052369 0.2007276 -0.3754634 -0.9048401 0.006873408 -0.3816203 -0.9242936 0.00684364 -0.3816165 -0.9242954 0.1044443 -0.3974915 -0.9116424 0.2140537 -0.3614872 -0.9074734 0.2140566 -0.361485 -0.9074737 0.2231547 -0.3510869 -0.9093624 0.0204918 -0.3806801 -0.9244797 0.02050938 -0.3806811 -0.9244789 0.1191246 -0.3898348 -0.9131473 0.1191139 -0.3898382 -0.9131474 0.2313907 -0.3400178 -0.9115077 0.2257407 -0.3462093 -0.9105933 0.03407496 -0.3788105 -0.9248468 0.03406534 -0.3788106 -0.924847 0.1332331 -0.3811845 -0.9148483 0.1332288 -0.3811861 -0.9148482 0.2387012 -0.3283621 -0.9138928 0.2456714 -0.3165161 -0.9162222 0.2367404 -0.3304302 -0.9136575 0.04748397 -0.3760108 -0.9253979 0.04749296 -0.3760101 -0.9253978 0.06063587 -0.3723103 -0.9261254 0.1466713 -0.3716024 -0.9167329 0.1466744 -0.3716009 -0.9167329 0.2523208 -0.304451 -0.9185008 0.2464853 -0.3138723 -0.9169129 0.06063795 -0.3723093 -0.9261256 0.1713864 -0.3497692 -0.9210257 0.1594092 -0.361115 -0.9187952 0.159417 -0.3611107 -0.9187956 0.2549096 -0.2966412 -0.9203396 0.2579741 -0.2919169 -0.9209962 0.07350284 -0.3677151 -0.9270291 0.0735012 -0.3677154 -0.9270291 0.1713862 -0.3497694 -0.9210256 0.2625743 -0.2790326 -0.9236858 0.2675123 -0.2661994 -0.9260534 0.2625773 -0.279028 -0.9236864 0.005393138 -0.3415138 -0.9398614 0.003882333 -0.3007812 -0.9536852 0.005370704 -0.3415124 -0.9398619 0.08600889 -0.3622517 -0.9281035 0.08602768 -0.3622462 -0.9281039 0.09810863 -0.3559433 -0.9293434 0.1825029 -0.337655 -0.9234077 0.1825125 -0.3376479 -0.9234084 0.1927463 -0.3247953 -0.9259357 0.2713968 -0.2530243 -0.9286132 0.2682252 -0.2607436 -0.9273985 0.01606192 -0.3407809 -0.9400055 0.01607565 -0.3407808 -0.9400054 0.01161525 -0.3002506 -0.9537896 0.09812717 -0.3559284 -0.9293471 0.1927543 -0.3247768 -0.9259405 0.2741913 -0.2396285 -0.9313417 0.2766131 -0.2261519 -0.9339917 0.2730657 -0.2422148 -0.9310033 0.03723996 -0.3371181 -0.9407256 0.02669751 -0.3393143 -0.9402941 0.01928806 -0.2991926 -0.9539978 0.02671689 -0.3393129 -0.9402941 0.1097396 -0.3488135 -0.9307451 0.1097088 -0.3488274 -0.9307435 0.2020394 -0.3112689 -0.9285967 0.2020411 -0.3112671 -0.9285969 0.2786631 -0.2125819 -0.936566 0.2764452 -0.2233999 -0.9347035 0.03722819 -0.3371223 -0.9407246 0.02690713 -0.2976035 -0.9543103 0.1208087 -0.3409212 -0.9322972 0.1208158 -0.3409173 -0.9322977 0.2103551 -0.2971374 -0.9313754 0.217646 -0.2824698 -0.9342597 0.2103533 -0.2971394 -0.9313751 0.2795995 -0.1989222 -0.9392838 0.2783532 -0.204373 -0.9384834 0.04754339 -0.334219 -0.9412955 0.0475567 -0.3342162 -0.9412959 0.03437551 -0.2955022 -0.9547234 0.1312965 -0.332283 -0.9339964 0.1411619 -0.3229351 -0.9358345 0.1313127 -0.3322728 -0.9339977 0.2176461 -0.2824692 -0.9342597 0.2794257 -0.1852491 -0.9421274 0.2796029 -0.1715377 -0.9446677 0.2794223 -0.1852628 -0.9421257 0.05764429 -0.3306117 -0.9420048 0.05762719 -0.3306166 -0.9420042 0.06743261 -0.326333 -0.9428465 0.0416603 -0.2929005 -0.9552349 0.1411503 -0.3229516 -0.9358306 0.2238775 -0.267337 -0.9372352 0.2290161 -0.2518196 -0.9402865 0.2238764 -0.2673388 -0.9372349 0.2783546 -0.1661808 -0.9459929 0.2786642 -0.1578604 -0.9473259 0.0486956 -0.2898269 -0.9558395 0.0673975 -0.3263542 -0.9428416 0.1503181 -0.3129609 -0.9377953 0.1503191 -0.31296 -0.9377954 0.2290164 -0.2518131 -0.9402881 0.2766162 -0.1443331 -0.9500796 0.2741916 -0.1308405 -0.9527328 0.2764482 -0.1471514 -0.9496961 0.07693928 -0.3213746 -0.9438213 0.07695949 -0.3213657 -0.9438228 0.05562469 -0.2862122 -0.9565503 0.1587662 -0.3023517 -0.9398812 0.1587635 -0.3023544 -0.9398808 0.2330375 -0.2359883 -0.9433997 0.2330405 -0.2359819 -0.9434006 0.2713971 -0.117421 -0.9552779 0.2730631 -0.1283122 -0.9534005 0.06220039 -0.2821802 -0.9573429 0.08601191 -0.315808 -0.9449165 0.08605726 -0.3157841 -0.9449204 0.09472115 -0.3095994 -0.9461375 0.1664192 -0.2912187 -0.9420702 0.1664122 -0.2912265 -0.942069 0.1732587 -0.2795908 -0.9443572 0.235925 -0.2199305 -0.9465569 0.2359263 -0.2199272 -0.9465573 0.2376658 -0.2036889 -0.9497504 0.2675133 -0.1042691 -0.9578959 0.2682244 -0.1098138 -0.9570771 0.06843803 -0.2777334 -0.9582173 0.09470055 -0.3096187 -0.9461333 0.173262 -0.279581 -0.9443594 0.2376657 -0.2036886 -0.9497505 0.2625705 -0.09148099 -0.9605665 0.2579639 -0.07852386 -0.9629583 0.2625708 -0.0914835 -0.9605662 0.07438478 -0.2728373 -0.9591802 0.1029301 -0.3028431 -0.9474658 0.1029555 -0.3028248 -0.9474689 0.1792556 -0.2675233 -0.9467305 0.1792664 -0.2675073 -0.9467331 0.2382456 -0.1873924 -0.9529549 0.2382457 -0.1873923 -0.952955 0.2523213 -0.06599478 -0.9653904 0.2549098 -0.07391855 -0.9641354 0.1106619 -0.295518 -0.9489062 0.08001128 -0.2675061 -0.9602284 0.1107019 -0.2954847 -0.9489119 0.1844027 -0.255033 -0.9491858 0.1843966 -0.2550437 -0.9491842 0.2376639 -0.1710805 -0.9561628 0.2376649 -0.1710742 -0.9561637 0.2456732 -0.05396749 -0.9678492 0.2387006 -0.04211738 -0.9701795 0.2464868 -0.0566755 -0.9674875 0.1244754 -0.2793652 -0.9520824 0.1178527 -0.2876826 -0.9504471 0.08517074 -0.2618832 -0.961334 0.1178476 -0.2876875 -0.9504461 0.1919453 -0.2292224 -0.9542609 0.1886337 -0.2422553 -0.9516983 0.1886261 -0.242271 -0.9516959 0.2359273 -0.1548542 -0.9593531 0.2359266 -0.1548617 -0.9593521 0.2313883 -0.03041801 -0.9723858 0.2367463 -0.04012087 -0.9707428 0.1244684 -0.279377 -0.95208 0.0899557 -0.2558741 -0.9625158 0.1919457 -0.229213 -0.9542632 0.2330393 -0.1387745 -0.9625145 0.2330391 -0.1387828 -0.9625134 0.2231623 -0.01937389 -0.9745888 0.2257453 -0.02434869 -0.973882 0.1304777 -0.2706358 -0.9537987 0.09429666 -0.2495593 -0.9637574 0.1358449 -0.2615143 -0.9555922 0.1304747 -0.2706396 -0.953798 0.1943178 -0.2159975 -0.9568624 0.1943238 -0.2159788 -0.9568654 0.2290159 -0.1229414 -0.9656278 0.2290165 -0.1229531 -0.9656262 0.2238767 -0.1074317 -0.9686783 0.2140479 -0.009013828 -0.9767815 0.2052239 0.001604438 -0.9787138 0.2140506 -0.009019407 -0.976781 0.09816521 -0.2429844 -0.9650503 0.1358349 -0.2615383 -0.955587 0.1957485 -0.2026412 -0.9594889 0.1962321 -0.1891969 -0.9621317 0.1957544 -0.2026174 -0.9594928 0.2238767 -0.1074315 -0.9686784 0.2007146 0.004915909 -0.9796374 0.195539 0.01149811 -0.9806285 0.1405488 -0.2520549 -0.9574519 0.1015729 -0.2361293 -0.9663984 0.1405431 -0.2520647 -0.9574503 0.1962287 -0.1891773 -0.9621363 0.2176493 -0.09230806 -0.9716522 0.2176486 -0.09230433 -0.9716527 0.1867961 0.01829007 -0.9822284 0.1851028 0.02055826 -0.9825041 0.174414 0.02935866 -0.9842346 0.1044912 -0.2290418 -0.9677921 0.1445809 -0.2422586 -0.9593785 0.1445781 -0.2422644 -0.9593775 0.1957518 -0.1757796 -0.9647708 0.1957543 -0.1757543 -0.964775 0.2103609 -0.07764319 -0.9745356 0.2103596 -0.07763818 -0.9745364 0.1718761 0.03057426 -0.984644 0.1634834 0.03789102 -0.9858182 0.1478908 -0.2322605 -0.9613445 0.1504921 -0.2220213 -0.963358 0.1068815 -0.2218236 -0.9692114 0.1478895 -0.2322636 -0.9613439 0.1943232 -0.1624034 -0.9674005 0.1943234 -0.162395 -0.9674017 0.2020468 -0.06351118 -0.9773144 0.2020463 -0.06350975 -0.9773146 0.1518819 0.04552057 -0.9873499 0.1560309 0.04170437 -0.9868713 0.1504909 -0.2220318 -0.9633557 0.1087605 -0.2144287 -0.9706655 0.1919412 -0.1491484 -0.9700069 0.1919417 -0.1491587 -0.9700052 0.1927435 -0.04998332 -0.9799753 0.1825037 -0.03712334 -0.9825041 0.1927372 -0.04996864 -0.9799773 0.1397129 0.05218184 -0.9888163 0.1277075 0.05921353 -0.9900427 0.1397078 0.05218678 -0.9888166 0.1523591 -0.211646 -0.9653977 0.1101053 -0.2069453 -0.9721371 0.152353 -0.2116704 -0.9653933 0.1886283 -0.1361092 -0.9725706 0.1886303 -0.136127 -0.9725677 0.182511 -0.03712862 -0.9825025 0.1151806 0.06525574 -0.9911988 0.1223218 0.06080189 -0.9906264 0.1109185 -0.1993537 -0.9736299 0.153477 -0.201195 -0.9674531 0.1534809 -0.201173 -0.967457 0.1843945 -0.1233239 -0.9750845 0.1843967 -0.1233356 -0.9750827 0.171374 -0.02499275 -0.984889 0.1713728 -0.02499076 -0.9848893 0.1022042 0.070272 -0.9922782 0.08909504 0.07495371 -0.9931988 0.1045872 0.06869873 -0.9921402 0.1538537 -0.1906095 -0.9695345 0.1111905 -0.1917101 -0.9751328 0.1538514 -0.1906311 -0.9695305 0.1792685 -0.1108794 -0.9775319 0.1792697 -0.1108843 -0.9775311 0.1594164 -0.01366188 -0.9871169 0.1594173 -0.01366317 -0.9871167 0.08626012 0.07524388 -0.9934272 0.0758478 0.079303 -0.9939608 0.1534777 -0.1801343 -0.9715947 0.1109215 -0.1841529 -0.9766187 0.1534778 -0.1801321 -0.9715951 0.1664155 -0.08716058 -0.9821959 0.1732651 -0.09880151 -0.9799069 0.1732654 -0.09880242 -0.9799067 0.1466841 -0.003179351 -0.9891783 0.1466831 -0.003178186 -0.9891785 0.06229512 0.0825786 -0.9946357 0.06751044 0.08038 -0.9944754 0.1523548 -0.1696514 -0.9736562 0.1523542 -0.1696368 -0.9736588 0.1504873 -0.1592482 -0.9757016 0.1101101 -0.1765777 -0.9781084 0.1664071 -0.08715144 -0.9821982 0.1332221 0.00641713 -0.9910654 0.133221 0.00641836 -0.9910656 0.1191181 0.01506468 -0.9927658 0.04852755 0.08474962 -0.9952199 0.03481138 0.08732899 -0.9955711 0.04851105 0.08475707 -0.9952201 0.1087559 -0.1690418 -0.9795902 0.1504841 -0.1592385 -0.9757036 0.1587472 -0.07600848 -0.9843891 0.1587454 -0.07600501 -0.9843898 0.1503264 -0.06543171 -0.9864687 0.1191269 0.01506216 -0.9927648 0.009740048 0.08848265 -0.9960301 0.0291783 0.08701102 -0.9957799 0.02092367 0.08880576 -0.9958292 0.1445682 -0.1390011 -0.9796829 0.1068855 -0.1616812 -0.9810375 0.1478934 -0.149043 -0.9777084 0.1478934 -0.1490427 -0.9777085 0.1503368 -0.06544029 -0.9864666 0.1044371 0.02272614 -0.9942718 0.1044411 0.02272287 -0.9942715 0.1044782 -0.1544116 -0.982467 0.144565 -0.1389945 -0.9796844 0.1313069 -0.04610188 -0.9902692 0.1411521 -0.05543054 -0.9884349 0.1411539 -0.05543328 -0.9884344 0.07361423 0.03494071 -0.9966745 0.08925766 0.02935396 -0.995576 0.08925026 0.02935919 -0.9955764 0.1015892 -0.1473956 -0.9838466 0.1405545 -0.1292513 -0.9816 0.1405601 -0.1292683 -0.981597 0.1312973 -0.04609602 -0.9902708 0.0736214 0.0349402 -0.9966741 0.1358456 -0.1197798 -0.9834626 0.09817351 -0.1405239 -0.9851979 0.1358421 -0.1197712 -0.9834642 0.1208164 -0.03746838 -0.9919676 0.1097266 -0.02956258 -0.9935221 0.1208099 -0.0374613 -0.9919685 0.05764198 0.03943488 -0.9975582 0.04135939 0.04283082 -0.9982259 0.05763674 0.03943758 -0.9975584 0.09429502 -0.1339324 -0.9864941 0.1304689 -0.1106404 -0.9852597 0.1304737 -0.1106502 -0.9852579 0.109744 -0.02957019 -0.99352 0.04137971 0.04283214 -0.998225 0.1244633 -0.1019026 -0.9869776 0.08995448 -0.1276182 -0.9877357 0.124469 -0.1019123 -0.9869758 0.09811018 -0.02243716 -0.9949226 0.0981198 -0.02244504 -0.9949214 0.08601864 -0.01613165 -0.9961629 0.0249046 0.04510406 -0.9986718 0.008312067 0.04623958 -0.9988958 0.02491501 0.0451004 -0.9986717 0.008315718 0.04624034 -0.9988958 0.08518019 -0.1216222 -0.9889147 0.1178704 -0.09362425 -0.9886056 0.1178621 -0.09361219 -0.9886078 0.08602852 -0.01613444 -0.9961619 0.07351255 -0.01066666 -0.9972372 0.1106693 -0.08577424 -0.990149 0.07999604 -0.1159729 -0.9900257 0.1106853 -0.0857944 -0.9901454 0.07351223 -0.01066659 -0.9972373 0.1029263 -0.07843743 -0.9915916 0.07437746 -0.110649 -0.9910725 0.1029399 -0.07845223 -0.991589 0.06063813 -0.00606883 -0.9981413 0.06063922 -0.006069398 -0.9981413 0.06846494 -0.1057811 -0.9920297 0.09472912 -0.07169198 -0.9929182 0.0947191 -0.07168249 -0.9929199 0.03408372 0.0004262073 -0.9994189 0.04746245 -0.002362003 -0.9988702 0.04747158 -0.00236598 -0.9988698 0.08604305 -0.06550077 -0.9941359 0.08601275 -0.06547581 -0.9941402 0.06215464 -0.1012826 -0.9929143 0.03409284 0.000426205 -0.9994186 0.0769593 -0.05993128 -0.9952314 0.06744943 -0.05496255 -0.9962077 0.05563085 -0.0972826 -0.9937007 0.07692134 -0.05990421 -0.9952359 0.006849797 0.003235314 -0.9999713 0.0205128 0.002297857 -0.999787 0.02050555 0.002299891 -0.9997871 0.006835171 0.003233302 -0.9999714 0.06742357 -0.05495333 -0.9962099 0.04872045 -0.09367733 -0.9944098 0.05763666 -0.05067749 -0.9970506 0.05764039 -0.05067943 -0.9970503 0.04165673 -0.09059143 -0.9950166 0.04754226 -0.04707095 -0.9977595 0.04756096 -0.04707913 -0.9977583 0.03438009 -0.08799273 -0.9955276 0.03721088 -0.04416415 -0.9983311 0.03721097 -0.04416418 -0.998331 0.0268895 -0.08588522 -0.9959421 0.02669132 -0.04197016 -0.9987622 0.01928152 -0.08429847 -0.996254 0.02673199 -0.04198163 -0.9987606 0.01609706 -0.04051508 -0.9990493 0.01607567 -0.04051061 -0.9990498 0.005357148 -0.03977517 -0.9991943 0.01163672 -0.08324424 -0.9964613 0.003875971 -0.08271176 -0.9965659 0.005364438 -0.03977467 -0.9991943 0.02490444 0.9809054 -0.1928844 0.02495245 0.9809054 -0.1928783 0.07475176 0.9784656 -0.1923985 0.07470398 0.9784679 -0.1924051 0.1243542 0.9735935 -0.1914466 0.1243542 0.9735935 -0.1914466 0.1736076 0.96631 -0.1900143 0.1736543 0.966303 -0.190007 0.2225588 0.9566014 -0.1880993 0.2225131 0.9566105 -0.1881071 0.270816 0.944543 -0.1857341 0.270816 0.944543 -0.1857341 0.3185167 0.9301068 -0.1828896 0.3184735 0.9301199 -0.1828979 0.4112866 0.8943787 -0.1758698 0.3653341 0.9133851 -0.1796072 0.3653757 0.9133701 -0.1795986 0.4562008 0.8731558 -0.1716966 0.4112866 0.8943787 -0.1758698 0.4562008 0.8731558 -0.1716966 0.5425354 0.8242484 -0.1620795 0.5000111 0.8497463 -0.1670934 0.5000113 0.8497463 -0.1670934 0.5425354 0.8242484 -0.1620795 0.5837448 0.7966807 -0.1566586 0.5837449 0.7966806 -0.1566586 0.6616642 0.7357122 -0.1446652 0.6235077 0.7671276 -0.1508425 0.6234783 0.7671496 -0.1508516 0.6616912 0.735688 -0.144665 0.6982521 0.7024016 -0.1381157 0.6982298 0.7024221 -0.1381237 0.7330544 0.6673902 -0.1312309 0.7330523 0.6673924 -0.1312317 0.7660411 0.6307141 -0.1240191 0.7660411 0.6307141 -0.1240191 0.7971478 0.5924396 -0.1164931 0.7971303 0.5924616 -0.1165011 0.8262334 0.5527429 -0.1086909 0.8262334 0.5527428 -0.1086909 0.8532849 0.5116469 -0.1006098 0.878221 0.4692689 -0.092274 0.8532966 0.5116285 -0.1006033 0.878231 0.4692506 -0.09227303 0.9009597 0.4257496 -0.08371904 0.9009687 0.4257317 -0.08371285 0.9214773 0.3811339 -0.07494345 0.9214773 0.3811339 -0.07494345 0.9396931 0.3355927 -0.06598858 0.9396931 0.3355928 -0.06598858 0.9555759 0.2892069 -0.0568676 0.9555718 0.2892199 -0.05687194 0.9690781 0.2421183 -0.04760842 0.9690751 0.2421292 -0.04761208 0.9801723 0.1944241 -0.03823018 0.9801723 0.1944241 -0.03823018 0.98883 0.1462469 -0.02875786 0.988831 0.1462401 -0.02875562 0.9950308 0.09769654 -0.01921096 0.9950308 0.09769654 -0.01921096 1 0 0 0.998757 0.04890763 -0.009617154 0.998757 0.04890764 -0.009617155 1 -0 0 0.998757 -0.04890763 0.009617154 0.998757 -0.04890764 0.009617155 0.9950308 -0.09769664 0.01921037 0.9950303 -0.09770121 0.01921188 0.9801742 -0.1944147 0.03822954 0.98883 -0.1462469 0.02875786 0.988831 -0.1462401 0.02875562 0.9801723 -0.1944241 0.03823018 0.9690751 -0.2421292 0.04761208 0.969078 -0.2421183 0.04760842 0.9396931 -0.3355928 0.06598858 0.9555759 -0.2892069 0.0568676 0.9555717 -0.2892199 0.05687194 0.9396931 -0.3355928 0.06598858 0.92147 -0.3811503 0.07494906 0.9214773 -0.3811339 0.07494345 0.878221 -0.4692684 0.09227653 0.9009687 -0.4257312 0.08371541 0.9009688 -0.4257312 0.08371541 0.8532966 -0.511628 0.1006061 0.878221 -0.4692684 0.09227653 0.8532979 -0.5116259 0.100606 0.8262319 -0.552745 0.1086916 0.7971303 -0.5924616 0.1165011 0.8262334 -0.5527428 0.1086909 0.7971302 -0.5924616 0.1165011 0.7330544 -0.6673901 0.1312313 0.7660609 -0.6306908 0.124015 0.766043 -0.6307111 0.1240225 0.7330522 -0.6673926 0.1312313 0.6616913 -0.7356879 0.1446655 0.6982275 -0.7024244 0.1381246 0.6982545 -0.7023995 0.1381148 0.6616616 -0.7357145 0.1446657 0.6234783 -0.7671496 0.1508516 0.6235077 -0.7671276 0.1508425 0.5837448 -0.7966807 0.1566586 0.5837449 -0.7966806 0.1566586 0.5425355 -0.8242484 0.1620795 0.5425355 -0.8242484 0.1620795 0.4562008 -0.8731558 0.1716966 0.5000111 -0.8497463 0.1670934 0.5000113 -0.8497463 0.1670934 0.4112866 -0.8943787 0.1758698 0.4562008 -0.8731558 0.1716966 0.4112905 -0.8943768 0.17587 0.3184735 -0.9301209 0.1828924 0.3653757 -0.9133701 0.1795986 0.36533 -0.9133865 0.1796081 0.2708161 -0.944543 0.1857341 0.3185166 -0.9301056 0.1828952 0.270816 -0.944543 0.1857341 0.2225588 -0.9566014 0.1880993 0.2225132 -0.9566105 0.1881071 0.1736076 -0.9663098 0.1900149 0.1736588 -0.9663022 0.1900068 0.07475175 -0.9784644 0.1924044 0.1243542 -0.9735935 0.1914466 0.1243496 -0.9735939 0.1914472 0.07470399 -0.9784691 0.1923992 0.0249044 -0.9809054 0.1928844 0.02495246 -0.9809054 0.1928783 0.02495052 0.9809048 -0.1928814 0.02495058 0.9809048 -0.1928814 0.07473701 0.9784661 -0.1924019 0.07473982 0.9784659 -0.1924016 0.1243595 0.9735934 -0.1914435 0.1243542 0.973594 -0.191444 0.1736339 0.9663059 -0.190011 0.2225146 0.9566107 -0.1881043 0.1736364 0.9663055 -0.1900106 0.2225146 0.9566107 -0.1881043 0.2708336 0.9445387 -0.1857305 0.2708312 0.9445393 -0.1857309 0.3184667 0.9301217 -0.1829003 0.3185157 0.9301065 -0.1828928 0.4112902 0.8943775 -0.175867 0.3653544 0.9133777 -0.1796031 0.3653048 0.913396 -0.1796113 0.4562044 0.8731545 -0.171694 0.4112924 0.8943765 -0.175867 0.4562044 0.8731545 -0.171694 0.5000251 0.8497388 -0.1670894 0.5000231 0.8497399 -0.1670898 0.5837363 0.7966872 -0.1566575 0.542522 0.8242575 -0.1620789 0.542522 0.8242575 -0.1620789 0.5837723 0.796661 -0.1566562 0.6616659 0.7357103 -0.1446671 0.6235219 0.767116 -0.1508426 0.6234868 0.7671428 -0.1508517 0.6616659 0.7357103 -0.1446671 0.7330733 0.6673691 -0.1312323 0.6982292 0.7024225 -0.1381252 0.6982599 0.7023938 -0.1381159 0.7330481 0.6673964 -0.1312345 0.7660449 0.6307092 -0.1240204 0.7971272 0.5924659 -0.1165004 0.7660449 0.6307092 -0.1240204 0.7971272 0.5924659 -0.1165004 0.8262301 0.5527478 -0.1086904 0.8532975 0.511627 -0.1006044 0.826231 0.5527467 -0.10869 0.8532975 0.511627 -0.1006044 0.8782197 0.4692711 -0.09227569 0.878219 0.4692722 -0.09227602 0.9009746 0.4257194 -0.08371195 0.9009649 0.425739 -0.08371773 0.9214764 0.3811354 -0.07494684 0.921476 0.3811363 -0.07494711 0.9396911 0.3355975 -0.06599231 0.9555717 0.2892205 -0.05687128 0.9396975 0.3355806 -0.06598737 0.9555714 0.2892212 -0.05687136 0.969076 0.2421255 -0.04761185 0.9690796 0.2421123 -0.04760804 0.9801722 0.1944245 -0.03823186 0.9801722 0.1944245 -0.03823186 0.98883 0.1462469 -0.02875817 0.9950306 0.09769899 -0.01921114 0.9888313 0.1462384 -0.02875573 0.9950306 0.09769871 -0.0192111 0.9987569 0.04890839 -0.009617172 0.9987569 0.04890826 -0.009617135 1 0 0 1 -0 0 0.9987569 -0.04890839 0.009617172 0.9987569 -0.04890826 0.009617135 0.9888313 -0.1462384 0.0287558 0.9950306 -0.0976987 0.01921112 0.9950306 -0.0976987 0.01921113 0.9888313 -0.1462384 0.02875579 0.980172 -0.1944252 0.03823103 0.9801719 -0.1944257 0.03823117 0.9690762 -0.2421251 0.04761057 0.9690763 -0.2421251 0.04761057 0.9555714 -0.2892212 0.05687136 0.9555715 -0.2892212 0.05687136 0.9214764 -0.3811356 0.07494507 0.9396974 -0.3355806 0.0659873 0.9396974 -0.3355806 0.0659873 0.9214764 -0.3811357 0.07494508 0.9009649 -0.4257393 0.08371567 0.9009643 -0.4257403 0.08371597 0.878219 -0.4692722 0.09227591 0.8782197 -0.4692711 0.09227558 0.8532975 -0.511627 0.1006044 0.8532975 -0.511627 0.1006044 0.8262301 -0.5527478 0.1086902 0.8262301 -0.5527478 0.1086902 0.7971491 -0.5924376 0.1164947 0.7971281 -0.5924642 0.1165029 0.7660428 -0.6307112 0.1240238 0.766044 -0.6307098 0.1240234 0.7330481 -0.6673958 0.1312374 0.7330733 -0.6673698 0.1312291 0.6982306 -0.7024217 0.1381217 0.6982319 -0.7024205 0.1381213 0.6616966 -0.7356837 0.1446622 0.661666 -0.7357095 0.1446708 0.583738 -0.7966858 0.1566575 0.6235201 -0.7671173 0.1508432 0.6234868 -0.7671427 0.1508519 0.5837363 -0.7966871 0.1566575 0.5000272 -0.8497376 0.1670894 0.5425199 -0.8242587 0.1620793 0.542522 -0.8242575 0.1620789 0.5000272 -0.8497376 0.1670894 0.4562044 -0.8731546 0.1716936 0.4562001 -0.8731566 0.1716944 0.3653094 -0.913395 0.1796068 0.4112879 -0.8943785 0.1758674 0.4112925 -0.8943766 0.1758666 0.3653567 -0.913376 0.1796074 0.270831 -0.9445394 0.1857307 0.3185133 -0.9301073 0.1828928 0.3184618 -0.9301233 0.1829006 0.2708336 -0.9445387 0.1857307 0.1736339 -0.966306 0.1900107 0.2225173 -0.9566101 0.1881042 0.2225146 -0.9566107 0.1881045 0.1736869 -0.966296 0.1900134 0.1243569 -0.9735937 0.191444 0.1243058 -0.9735991 0.1914495 0.02495061 -0.9809047 0.1928816 0.07473706 -0.9784661 0.1924021 0.07473702 -0.9784661 0.1924021 0.02495052 -0.9809047 0.1928816 0.02490208 0.9809055 -0.1928844 0.02495011 0.9809066 -0.1928724 0.07475176 0.9784668 -0.1923927 0.07470398 0.9784679 -0.1924051 0.1243542 0.9735935 -0.1914466 0.1243542 0.9735935 -0.1914466 0.1736565 0.9663014 -0.1900126 0.1736565 0.9663014 -0.1900127 0.2225109 0.956611 -0.1881071 0.2225109 0.956611 -0.1881072 0.2708182 0.9445424 -0.185734 0.2708182 0.9445424 -0.185734 0.3185166 0.9301056 -0.1828952 0.3185167 0.9301056 -0.1828952 0.4112885 0.8943778 -0.1758696 0.3653321 0.9133858 -0.1796074 0.3653321 0.9133859 -0.1796074 0.4562008 0.8731558 -0.1716966 0.4112885 0.8943778 -0.1758696 0.4562008 0.8731558 -0.1716966 0.5425354 0.8242484 -0.1620795 0.5000094 0.8497472 -0.1670935 0.5000095 0.8497472 -0.1670935 0.5425354 0.8242484 -0.1620795 0.5837464 0.7966796 -0.1566584 0.5837464 0.7966795 -0.1566584 0.6616642 0.7357131 -0.1446608 0.6235062 0.7671295 -0.1508381 0.6234769 0.7671508 -0.1508518 0.6616912 0.735688 -0.144665 0.6982545 0.7023985 -0.138119 0.6982545 0.7023987 -0.1381191 0.7330523 0.6673917 -0.1312353 0.7330523 0.6673917 -0.1312353 0.7660411 0.6307134 -0.1240229 0.7660411 0.6307134 -0.1240229 0.7971311 0.5924605 -0.1165009 0.7971312 0.5924605 -0.1165009 0.8262327 0.5527439 -0.1086911 0.8262327 0.5527439 -0.1086911 0.8532979 0.5116259 -0.1006057 0.8782205 0.4692693 -0.092277 0.8532973 0.5116269 -0.1006062 0.87822 0.4692704 -0.09227692 0.9009693 0.4257303 -0.08371523 0.9009693 0.4257303 -0.08371523 0.9214773 0.3811334 -0.07494573 0.9214773 0.3811334 -0.07494573 0.9396931 0.3355924 -0.06599059 0.9396931 0.3355924 -0.06599059 0.9555717 0.2892199 -0.05687194 0.9555717 0.2892199 -0.05687194 0.9690781 0.242118 -0.04760987 0.9690779 0.242118 -0.04760987 0.9801723 0.1944239 -0.03823134 0.9801723 0.1944239 -0.03823134 0.98883 0.1462469 -0.02875786 0.9888301 0.1462469 -0.02875786 0.9950308 0.09769677 -0.01921101 0.9950308 0.09769677 -0.019211 1 0 -0 0.9987569 0.04890752 -0.009617131 0.9987571 0.04890752 -0.00961713 1 -0 0 0.998757 -0.04890764 0.009617155 0.998757 -0.04890763 0.009617154 0.9950308 -0.09769654 0.01921096 0.9950308 -0.09769654 0.01921096 0.9801722 -0.1944248 0.0382291 0.9888311 -0.1462403 0.02875474 0.9888301 -0.1462469 0.02875786 0.9801722 -0.1944248 0.0382291 0.9690752 -0.2421287 0.04761197 0.9690782 -0.242118 0.04760686 0.9396928 -0.3355939 0.06598671 0.9555759 -0.2892073 0.05686587 0.9555717 -0.2892199 0.05687194 0.9396928 -0.3355939 0.06598671 0.9214701 -0.3811503 0.07494906 0.9214774 -0.3811343 0.07494117 0.8782315 -0.4692496 0.09227283 0.9009693 -0.4257303 0.08371523 0.9009693 -0.4257303 0.08371523 0.8532849 -0.5116481 0.1006037 0.8782205 -0.4692705 0.0922711 0.8532979 -0.5116259 0.1006057 0.8262327 -0.5527439 0.1086911 0.7971478 -0.5924389 0.1164967 0.8262327 -0.5527439 0.1086911 0.7971303 -0.592463 0.116494 0.7330522 -0.6673933 0.1312273 0.7660421 -0.6307138 0.1240152 0.7660421 -0.6307137 0.1240151 0.7330522 -0.6673933 0.1312273 0.6616912 -0.7356879 0.1446655 0.6982287 -0.7024232 0.1381243 0.6982545 -0.7024002 0.1381106 0.6616899 -0.7356891 0.1446653 0.6234769 -0.7671507 0.1508518 0.6234769 -0.7671508 0.1508518 0.5837464 -0.7966796 0.1566584 0.5837464 -0.7966795 0.1566584 0.5425355 -0.8242484 0.1620795 0.5425354 -0.8242484 0.1620795 0.4562027 -0.8731549 0.1716964 0.5000094 -0.8497472 0.1670935 0.5000095 -0.8497472 0.1670935 0.4112885 -0.8943778 0.1758696 0.4562027 -0.8731549 0.1716964 0.4112885 -0.8943778 0.1758696 0.3184735 -0.9301221 0.1828868 0.3653717 -0.9133728 0.1795935 0.36533 -0.9133866 0.1796076 0.2708182 -0.9445424 0.185734 0.3185166 -0.9301056 0.1828952 0.2708182 -0.9445424 0.185734 0.2225565 -0.9566031 0.1880937 0.2225109 -0.956611 0.1881071 0.1736099 -0.9663095 0.1900148 0.1736588 -0.9663034 0.190001 0.07475175 -0.9784644 0.1924044 0.1243542 -0.9735935 0.1914466 0.1243519 -0.9735936 0.1914472 0.07475176 -0.9784644 0.1924044 0.02490211 -0.9809055 0.1928844 0.02490208 -0.9809055 0.1928844 0.02495053 0.9809068 -0.1928713 0.02494945 0.9809065 -0.1928727 0.07471638 0.9784694 -0.1923935 0.07471637 0.9784694 -0.1923935 0.1243456 0.9735968 -0.1914354 0.1243456 0.9735968 -0.1914354 0.1736572 0.9663035 -0.1900014 0.1736572 0.9663035 -0.1900013 0.2225156 0.9566121 -0.1880957 0.2225156 0.9566121 -0.1880957 0.2708306 0.9445411 -0.1857223 0.2708306 0.9445411 -0.1857223 0.318505 0.9301117 -0.1828851 0.318505 0.9301117 -0.182885 0.3653264 0.9133901 -0.1795971 0.3653264 0.9133901 -0.1795971 0.411281 0.8943832 -0.1758599 0.411281 0.8943832 -0.1758599 0.4562302 0.873143 -0.1716835 0.4562302 0.8731431 -0.1716835 0.4999929 0.8497585 -0.1670854 0.4999929 0.8497585 -0.1670854 0.5425443 0.8242448 -0.1620688 0.5425442 0.8242448 -0.1620688 0.5837374 0.7966831 -0.1566742 0.5837518 0.7966776 -0.1566483 0.623494 0.7671391 -0.1508402 0.6234807 0.767145 -0.1508653 0.6982364 0.7024175 -0.1381142 0.6616902 0.7356905 -0.1446566 0.6616902 0.7356905 -0.1446566 0.6982365 0.7024175 -0.1381142 0.7330525 0.667393 -0.1312275 0.7330524 0.667393 -0.1312275 0.7660398 0.6307163 -0.1240158 0.7660398 0.6307163 -0.1240158 0.7971321 0.5924607 -0.1164938 0.7971324 0.5924603 -0.1164928 0.8262435 0.5527297 -0.1086808 0.8262365 0.5527365 -0.1086993 0.853292 0.5116338 -0.1006161 0.8532917 0.5116341 -0.100617 0.8782211 0.4692666 -0.09228509 0.8782212 0.4692666 -0.09228508 0.9009698 0.4257275 -0.08372273 0.90097 0.4257272 -0.08372204 0.921473 0.3811423 -0.07495411 0.9214761 0.3811371 -0.07494184 0.9396946 0.3355887 -0.06598581 0.9396921 0.3355936 -0.06599719 0.9555727 0.2892157 -0.05687663 0.9555727 0.2892157 -0.05687661 0.9690776 0.24212 -0.04760733 0.9690763 0.2421237 -0.0476156 0.9801729 0.1944211 -0.03822844 0.980173 0.1944211 -0.03822844 0.9888304 0.1462446 -0.02875563 0.9888304 0.1462446 -0.02875564 0.9950309 0.09769657 -0.01920978 0.9950309 0.09769658 -0.01920978 0.9987569 0.04890929 -0.009616811 0.9987569 0.04890933 -0.009616896 1 0 0 1 -0 0 0.9987569 -0.04890933 0.009616893 0.9987569 -0.04890933 0.009616896 0.9950309 -0.09769657 0.01920978 0.9950309 -0.09769658 0.01920978 0.9888305 -0.1462445 0.0287554 0.9888304 -0.1462446 0.02875563 0.9801729 -0.1944213 0.03822848 0.980173 -0.1944212 0.03822815 0.9690763 -0.2421235 0.04761518 0.9690776 -0.24212 0.04760733 0.9555727 -0.2892161 0.05687668 0.9555728 -0.2892159 0.0568762 0.9396948 -0.3355884 0.06598523 0.9396921 -0.3355936 0.06599721 0.9214728 -0.3811426 0.07495477 0.9214762 -0.3811368 0.07494123 0.9009698 -0.4257275 0.08372275 0.9009698 -0.4257275 0.08372273 0.8782213 -0.4692662 0.09228499 0.8782213 -0.4692662 0.09228501 0.8532917 -0.5116341 0.1006169 0.8532917 -0.5116341 0.100617 0.8262365 -0.5527363 0.1087001 0.8262435 -0.5527295 0.1086816 0.7971325 -0.5924601 0.1164937 0.7971325 -0.5924601 0.1164936 0.7660394 -0.6307168 0.1240159 0.7660394 -0.6307169 0.1240159 0.7330529 -0.6673925 0.1312273 0.7330529 -0.6673924 0.1312274 0.6982359 -0.702418 0.1381143 0.6982359 -0.702418 0.1381143 0.6616902 -0.7356905 0.1446566 0.6616902 -0.7356905 0.1446566 0.6234813 -0.7671446 0.1508652 0.6234947 -0.7671386 0.1508401 0.5837518 -0.7966776 0.1566483 0.5837374 -0.7966831 0.1566742 0.5425435 -0.8242453 0.1620689 0.5425435 -0.8242453 0.1620688 0.4999937 -0.8497533 0.1671095 0.5000092 -0.8497492 0.1670836 0.456212 -0.8731471 0.1717114 0.4562129 -0.8731468 0.1717101 0.411299 -0.8943751 0.1758583 0.4112809 -0.8943779 0.1758867 0.3653273 -0.9133844 0.1796244 0.3653462 -0.9133824 0.1795957 0.3184853 -0.9301127 0.1829142 0.3184853 -0.9301127 0.1829142 0.2708508 -0.9445356 0.1857212 0.2708306 -0.9445356 0.1857506 0.2225156 -0.9566121 0.1880957 0.2225156 -0.9566121 0.1880957 0.1736561 -0.9663037 0.1900014 0.1736561 -0.9663037 0.1900014 0.1243456 -0.9735968 0.1914354 0.1243456 -0.9735968 0.1914354 0.07471744 -0.9784638 0.1924213 0.07473809 -0.9784678 0.1923932 0.02492763 -0.9809014 0.1929022 0.02492871 -0.9809016 0.1929008 1 0 0 1 0 0 1 -0 0 -0 0.1929424 0.9812101 0.0001948299 0.1929601 0.9812066 -0.0001092362 0.1929279 0.981213 -1.203392e-05 0.1929399 0.9812105 -5.92598e-05 0.1929328 0.981212 -8.033149e-06 0.19294 0.9812106 0.0004405389 0.1931127 0.9811765 0.0001700209 0.1930005 0.9811987 -1.12499e-05 0.1929387 0.9812108 -2.142844e-05 0.1929364 0.9812112 0.0004040508 0.1931639 0.9811664 -0.0003741296 0.1926837 0.9812609 -6.328596e-06 0.1929406 0.9812105 -0.0003072573 0.1927283 0.9812521 1.310624e-05 0.1929475 0.9812091 0 0.1929423 0.9812101 -0 0.1929423 0.9812101 -7.224624e-06 0.1929268 0.9812132 0.0007306618 0.1937469 0.9810513 -5.572679e-05 0.1928753 0.9812233 -9.920414e-06 0.1929262 0.9812133 0.0004933923 0.1936906 0.9810626 -3.142717e-05 0.1928997 0.9812185 4.825403e-05 0.1930518 0.9811886 1.268931e-06 0.1929443 0.9812098 -0.0001307867 0.1926144 0.9812745 -4.290205e-05 0.1923245 0.9813313 -0 0.1929419 0.9812102 0 0.1929419 0.9812102 2.231157e-07 0.1929426 0.9812101 0 0.1929382 0.9812109 1.762536e-07 0.1929427 0.9812099 -3.513187e-06 0.1929484 0.9812089 -4.495501e-06 0.1929496 0.9812087 2.000759e-05 0.1929163 0.9812152 0.000310793 0.192923 0.9812139 4.290205e-05 0.1923245 0.9813313 -2.16217e-05 0.192972 0.9812042 5.125151e-06 0.1929356 0.9812114 0 0.1929993 0.981199 4.318262e-06 0.1929426 0.9812101 -3.444449e-05 0.193337 0.9811324 -7.633417e-05 0.192963 0.981206 1.114252e-05 0.1929242 0.9812136 -4.807857e-06 0.1929798 0.9812028 -0.0005798997 0.1931585 0.9811674 6.836483e-05 0.1929269 0.9812131 4.441567e-05 0.1929342 0.9812117 5.364198e-05 0.1927939 0.9812393 -0.0001265755 0.1929815 0.9812024 -6.115608e-05 0.1931161 0.981176 -3.926104e-06 0.1929619 0.9812062 8.683805e-05 0.1929169 0.9812152 0.0003399688 0.1923526 0.9813259 0.0002309588 0.1926484 0.9812678 -7.609317e-06 0.1929598 0.9812066 -9.853752e-05 0.193098 0.9811794 0.000275807 0.192753 0.9812472 0.0003399574 0.192705 0.9812567 7.349906e-05 0.1928933 0.9812197 -9.1648e-06 0.1929485 0.9812089 5.040822e-05 0.1928337 0.9812314 1.062538e-06 0.1929427 0.98121 -2.975272e-05 0.192962 0.9812063 4.565304e-06 0.1929325 0.9812121 -2.051624e-05 0.1929535 0.9812079 -3.865395e-05 0.1930152 0.9811958 -0 0.1929424 0.9812101 0 0.9812098 -0.1929442 0 0.9812098 -0.1929442 1 -0 0 1 0 0 -0.9996892 0.02446089 -0.004809815 -0.9996892 0.02446379 -0.004810539 -0.9972036 0.07332838 -0.01441923 -0.9972036 0.07332838 -0.01441923 -0.99224 0.1220007 -0.02399012 -0.99224 0.1220007 -0.02399012 -0.9848074 0.1703869 -0.03350472 -0.9848074 0.1703869 -0.03350473 -0.9749294 0.2183336 -0.04293292 -0.9749294 0.2183336 -0.04293292 -0.9626223 0.2657579 -0.0522584 -0.9626223 0.2657579 -0.0522584 -0.9479228 0.3125153 -0.06145274 -0.9479228 0.3125154 -0.06145275 -0.9114961 0.40358 -0.07935975 -0.9308787 0.3584638 -0.07048811 -0.9308779 0.3584657 -0.07048838 -0.8898723 0.4476379 -0.08802033 -0.9115175 0.4035342 -0.07934809 -0.8898723 0.4476378 -0.08802031 -0.8400442 0.5323239 -0.1046757 -0.8660284 0.4906 -0.09647115 -0.8659983 0.4906516 -0.09647825 -0.8400442 0.5323238 -0.1046757 -0.8119248 0.572793 -0.1126335 -0.8119248 0.5727929 -0.1126335 -0.7497761 0.6492583 -0.1276696 -0.7818334 0.611772 -0.1202983 -0.7818332 0.611772 -0.1202983 -0.7497762 0.6492581 -0.1276696 -0.7158516 0.685133 -0.1347197 -0.7159101 0.6850732 -0.1347122 -0.6801674 0.7192835 -0.1414348 -0.6801673 0.7192835 -0.1414348 -0.6427535 0.7516791 -0.1478049 -0.6428242 0.7516201 -0.1477979 -0.6038072 0.7821521 -0.1538017 -0.6038072 0.7821521 -0.1538017 -0.5633665 0.8106825 -0.1594119 -0.5632845 0.8107384 -0.1594178 -0.4782959 0.8616972 -0.1694434 -0.5214576 0.8372439 -0.1646349 -0.5213703 0.8372972 -0.1646402 -0.4782913 0.8616996 -0.1694441 -0.4337915 0.8840841 -0.17384 -0.4338937 0.8840346 -0.1738361 -0.3884742 0.9041451 -0.1777903 -0.3883723 0.9041883 -0.1777932 -0.3420702 0.9220176 -0.181305 -0.3420647 0.9220197 -0.1813051 -0.2946769 0.9376421 -0.1843713 -0.294792 0.9376061 -0.1843703 -0.2467638 0.9508676 -0.1869718 -0.2467637 0.9508676 -0.1869718 -0.1981103 0.961763 -0.1891142 -0.1982258 0.961739 -0.1891155 -0.1490804 0.9702448 -0.1907881 -0.148963 0.9702632 -0.1907857 -0.09954976 0.9763368 -0.1919799 -0.09954952 0.9763368 -0.1919799 -0.04978381 0.9799942 -0.1926991 0 0.9812098 -0.1929442 -0.04990357 0.9799871 -0.1927038 0 0.9812098 -0.1929442 0.04978381 0.979993 -0.192705 0.04990363 0.9799883 -0.192698 0.09954977 0.9763368 -0.1919799 0.0995499 0.9763368 -0.1919799 0.1490803 0.9702459 -0.1907823 0.1982258 0.961739 -0.1891155 0.1489632 0.9702622 -0.1907915 0.1981103 0.961763 -0.1891143 0.2467637 0.9508676 -0.1869719 0.2467638 0.9508676 -0.1869718 0.2947921 0.9376072 -0.1843644 0.3420702 0.9220176 -0.181305 0.294677 0.937641 -0.1843772 0.3420647 0.9220197 -0.1813051 0.3884743 0.9041461 -0.1777849 0.3883723 0.9041873 -0.1777986 0.4782958 0.8616971 -0.1694436 0.4337913 0.8840831 -0.1738456 0.4338938 0.8840357 -0.1738305 0.5214576 0.8372439 -0.1646349 0.4782912 0.8616996 -0.1694438 0.5213703 0.8372972 -0.1646402 0.5633664 0.8106835 -0.159407 0.6038072 0.7821521 -0.1538017 0.5632843 0.8107375 -0.1594227 0.6038072 0.7821521 -0.1538017 0.6801674 0.7192835 -0.1414348 0.642824 0.7516212 -0.1477935 0.6427536 0.7516783 -0.1478093 0.6801673 0.7192835 -0.1414348 0.7159101 0.685074 -0.1347081 0.7497762 0.6492581 -0.1276695 0.7158516 0.685132 -0.1347238 0.7497762 0.6492581 -0.1276696 0.7818332 0.611772 -0.1202983 0.7818334 0.611772 -0.1202983 0.8119248 0.5727929 -0.1126335 0.8119248 0.5727929 -0.1126335 0.8400442 0.532324 -0.1046757 0.8400442 0.5323239 -0.1046757 0.8659983 0.490651 -0.09648118 0.8898724 0.4476377 -0.0880203 0.8660283 0.4906004 -0.09646818 0.8898723 0.4476378 -0.08802031 0.9114962 0.4035805 -0.07935719 0.9115175 0.4035336 -0.07935063 0.9308779 0.3584657 -0.0704885 0.9479228 0.3125153 -0.06145274 0.9308787 0.3584637 -0.07048798 0.9479228 0.3125154 -0.06145275 0.9626223 0.2657579 -0.0522584 0.9626223 0.2657579 -0.0522584 0.9749294 0.2183336 -0.04293292 0.9749294 0.2183336 -0.04293292 0.9848074 0.1703869 -0.03350472 0.9848074 0.1703869 -0.03350472 0.9972036 0.07332838 -0.01441923 0.99224 0.1220007 -0.02399011 0.99224 0.1220007 -0.02399012 0.9972036 0.07332839 -0.01441923 0.9996892 0.02446089 -0.004809815 0.9996892 0.02446379 -0.004810538 -1 -0 0 -1 0 -0 0 0.9812098 -0.1929442 0 0.9812098 -0.1929442 -1 0 0 -1 -0 0 -1 0 0 0 -0.9812098 0.1929442 0 -0.9812098 0.1929442 -1.661615e-06 -0.1929425 -0.9812101 0 -0.1929422 -0.9812101 0 -0.1929445 -0.9812097 0 -0.1929445 -0.9812096 0 -0.1929422 -0.9812101 1.661615e-06 -0.1929425 -0.9812101 1 -0 0 1 0 0 1 0 -0 1 0 0 0 0.9812018 -0.1929842 0 0.9812156 -0.1929142 0 0.9812156 -0.1929142 0 0.9812018 -0.1929842 0 0.9812019 -0.1929842 0 0.9812018 -0.1929842 -1 0 0 -1 -0 -0 -1 0 0 -1 0 0 0 -0.08526749 -0.996358 0 -0.08526749 -0.996358 0 -0.0852675 -0.9963581 0 -0.0852675 -0.9963581 0 -0.9812101 0.1929427 0 -0.9812101 0.1929427 0 -0.9812101 0.1929427 0 -0.98121 0.1929427 0 0.1929422 0.9812102 0 0.1929422 0.9812102 0 -0.7532817 0.657698 0 -0.7532817 0.657698 0 0.1929426 0.9812101 0 0.1929426 0.9812101 1 0 0 1 0 0 1 0 -0 1 0 0 1 0 -0 1 0 0 1 0 -0 0 0.3476383 -0.9376287 0 0.3476016 -0.9376423 0 0.3476383 -0.9376287 -7.876533e-07 0.3476374 -0.937629 0 -0.1929422 -0.9812102 0 -0.1929422 -0.9812101 -5.730369e-09 -0.1929421 -0.9812102 0 -0.1929421 -0.9812101 0 -0.9812101 0.1929425 0 -0.9812101 0.1929425 -0 0.192942 0.9812102 0 0.192942 0.9812102 0 0.9812091 -0.1929472 0 0.9812091 -0.1929472 -1 -0 0 -1 0 -0 -1 0 0 -1 0 0 -1 0 0 -1 0 0 -1 0 0 -1 0 0 -1 0 0 -1 0 0 0 0.3476016 -0.9376423 7.876533e-07 0.3476374 -0.937629 0 0.3476383 -0.9376287 0 0.3476383 -0.9376287 5.730369e-09 -0.1929421 -0.9812102 -0 -0.1929421 -0.9812101 -0 -0.1929422 -0.9812101 -0 -0.1929422 -0.9812102 0 -0.9812101 0.1929425 0 -0.9812101 0.1929425 -0 0.192942 0.9812102 0 0.192942 0.9812102 0 0.9812091 -0.1929472 0 0.9812091 -0.1929472 1 0 0 1 0 0 1 0 0 -0.6280336 0.7635299 -0.1503194 -0.6280289 0.7635785 -0.1500915 -0.7782196 -0.6162008 0.1211228 -0.7782196 -0.6162009 0.1211225 0.6284204 -0.7632685 0.1500306 0.6284204 -0.7632685 0.1500305 0.7780768 0.6163746 -0.121157 0.7780767 0.6163746 -0.1211566 0.6280676 -0.763548 0.1500852 0.6280676 -0.763548 0.1500855 -0.7780498 -0.6164075 0.1211631 -0.778056 -0.6163635 0.1213461 0.6279214 -0.7636188 0.1503368 0.627968 -0.7636268 0.150101 0.7780563 0.6163994 -0.1211616 0.7780563 0.6163994 -0.1211615 0.6280798 -0.7635382 0.1500839 0.6280682 -0.7635025 0.150314 -0.7780563 -0.616363 0.1213461 -0.77805 -0.6164072 0.121163 0.627421 -0.7640595 0.150186 0.627421 -0.7640595 0.150186 0.7782037 0.6162202 -0.1211265 0.7781985 0.6161902 -0.121312 7.41347e-07 -0.1929403 -0.9812105 1.685445e-06 -0.1929451 -0.9812095 1.468372e-05 -0.1929693 -0.9812048 5.724097e-06 -0.1929484 -0.9812089 4.685158e-07 -0.1929427 -0.9812101 -2.923664e-06 -0.1929444 -0.9812096 -5.662775e-06 -0.1929445 -0.9812097 -5.632011e-06 -0.1929445 -0.9812096 -1.929827e-06 -0.1929456 -0.9812095 -3.490776e-06 -0.1929474 -0.9812092 0.6136698 0.7747379 -0.1522849 0.6136209 0.7747295 -0.1525243 -0.8676767 0.4877659 -0.09602814 -0.8676749 0.4877977 -0.09588311 -0.6141263 -0.7743894 0.1522165 -0.6141263 -0.7743894 0.1522165 0.4342902 -0.8838601 0.1737338 0.4342901 -0.8838599 0.1737344 -0.978977 0.200141 -0.0393408 -0.978977 0.2001409 -0.03934035 -0.6155986 -0.7732632 0.1519951 -0.6155986 -0.7732632 0.1519951 0.693893 -0.7065578 0.1388836 0.693893 -0.7065578 0.1388833 0.6136612 0.7747444 -0.1522862 0.6136612 0.7747444 -0.1522863 -0.698522 0.7021526 -0.1380173 -0.6985219 0.7021527 -0.1380174 0.9795847 -0.1972573 0.03877353 0.9795847 -0.1972573 0.03877353 0.6139936 0.7744907 -0.1522364 0.6139936 0.7744907 -0.1522364 -0.4334097 0.884276 -0.1738158 -0.4334097 0.8842759 -0.1738161 0.8641823 -0.4937309 0.09704951 0.8641824 -0.4937309 0.09704936 3.15966e-06 -0.1929426 -0.9812101 -3.69067e-05 -0.1929123 -0.9812161 -1.673467e-05 -0.1929344 -0.9812117 2.519114e-05 -0.1929686 -0.981205 -5.52123e-06 -0.1929356 -0.9812114 -3.144874e-06 -0.1929392 -0.9812107 -6.040863e-06 -0.1929353 -0.9812115 6.68241e-06 -0.1929565 -0.9812073 -5.425436e-06 -0.1929417 -0.9812102 6.271924e-06 -0.1929424 -0.9812101 6.000767e-06 -0.1929544 -0.9812077 -0.9114105 0.4037723 -0.07936625 -0.9114103 0.4037723 -0.0793668 -0.411571 -0.8942655 0.1757797 -0.4115711 -0.8942655 0.1757797 0.9117703 -0.4029891 0.07921282 0.9117703 -0.4029891 0.07921285 0.4116462 0.8942321 -0.1757734 0.4116462 0.8942322 -0.1757732 0.9114481 -0.4036902 0.07935087 0.9114482 -0.4036902 0.07935065 -0.4116811 -0.8942167 0.1757701 -0.4116945 -0.8941582 0.1760367 0.9107135 -0.4052595 0.07978514 0.9107267 -0.4052549 0.07965822 0.4116945 0.8942108 -0.1757689 0.4116945 0.8942108 -0.175769 0.9115631 -0.4034403 0.07930169 0.9115631 -0.4034403 0.07930155 -0.4116944 -0.8942108 0.1757689 -0.4116944 -0.8942109 0.175769 0.9110005 -0.4046617 0.07954163 0.9110005 -0.4046617 0.07954162 0.4116102 0.8942481 -0.1757765 0.4116102 0.8942481 -0.1757763 1.708949e-06 -0.1929363 -0.9812113 3.132655e-07 -0.1929425 -0.9812101 -2.747884e-06 -0.192946 -0.9812093 6.800008e-07 -0.1929424 -0.9812101 -2.747884e-06 -0.192946 -0.9812095 1.619597e-06 -0.1929363 -0.9812113 1.258479e-05 -0.1929498 -0.9812086 1.216839e-06 -0.1929425 -0.9812101 5.498733e-06 -0.192931 -0.9812123 2.211726e-05 -0.1929571 -0.9812072 -0.9689862 0.2424752 -0.04766167 -0.9689866 0.2424591 -0.04773397 -0.2470416 -0.9507546 0.1871791 -0.2470433 -0.9507515 0.1871931 -0.2323455 -0.954312 0.1878941 -0.232342 -0.9543156 0.1878802 -0.1904195 -0.9632702 0.1893435 -0.1905273 -0.9631929 0.1896279 -0.1521264 -0.9697462 0.1909181 -0.1516363 -0.9698772 0.1906422 -0.1229047 -0.9737846 0.1914103 -0.123418 -0.9736648 0.1916896 -0.09065845 -0.9771832 0.1920783 -0.09065845 -0.9771832 0.1920783 -0.05996506 -0.9794003 0.1928187 -0.05950104 -0.9794853 0.1925308 0.004011693 -0.9811581 0.1931648 0.004397676 -0.9812143 0.1928707 0.06074732 -0.9794089 0.1925308 0.06077568 -0.97941 0.192516 0.1125026 -0.974937 0.19194 0.1130348 -0.9749324 0.1916508 0.1555012 -0.9692308 0.1908166 0.1555012 -0.9692308 0.1908166 0.2239299 -0.9563059 0.1879746 0.2236365 -0.9563157 0.188274 0.3096606 -0.9329939 0.1833923 0.3096606 -0.9329938 0.1833923 0.39477 -0.9014731 0.1774907 0.3950955 -0.9013914 0.1771804 0.4625223 -0.8699605 0.1710023 0.4621916 -0.8700759 0.1713089 0.5274613 -0.8336272 0.1638605 0.5274613 -0.8336272 0.1638605 0.5837002 -0.7967236 0.1566066 0.5837002 -0.7967236 0.1566066 0.6265898 -0.7647161 0.1503151 0.6265897 -0.7647161 0.1503151 0.6659787 -0.7319643 0.1438773 0.7312987 -0.669251 0.1315501 0.6659786 -0.7319643 0.1438773 0.7312987 -0.669251 0.1315501 0.790538 -0.6009141 0.1181176 0.790538 -0.6009141 0.1181176 0.8361427 -0.5382131 0.1057929 0.836136 -0.5382214 0.1058028 0.8728243 -0.4788697 0.09413552 0.8727031 -0.4790555 0.09431372 0.8995818 -0.4285264 0.08436584 0.8995818 -0.4285265 0.08436584 0.9373606 -0.3417995 0.06729153 0.9373996 -0.3417167 0.06716895 0.9591674 -0.2775283 0.05455188 0.9591931 -0.2774265 0.05461815 0.9797976 -0.1962248 0.03863164 0.9797976 -0.1962248 0.03863162 0.9891875 -0.1439024 0.02828593 0.9891787 -0.1439519 0.02834043 0.9964649 -0.08242917 0.01622818 0.9964684 -0.08239298 0.01619543 0.9997072 -0.02374064 0.004666537 0.9997069 -0.02375137 0.004676034 0.999338 0.03569682 -0.007016683 0.999338 0.03569682 -0.007016683 0.9955016 0.09296537 -0.01827358 0.9955016 0.09296537 -0.01827358 0.9885546 0.1480216 -0.02914391 0.9885665 0.1479548 -0.02908248 0.9782751 0.2034186 -0.03998462 0.9782528 0.203509 -0.04006881 0.9637662 0.2617244 -0.0515268 0.9638029 0.2616097 -0.05142286 0.9451965 0.3203528 -0.06306922 0.9451965 0.3203528 -0.06306922 0.9235842 0.3761748 -0.07405913 0.9236633 0.3760101 -0.07390976 0.899855 0.427999 -0.08412889 0.8997481 0.4281901 -0.08429962 0.8743411 0.4761715 -0.09374593 0.8744791 0.4759556 -0.09355539 0.8325037 0.5436171 -0.1068552 0.8325037 0.5436171 -0.1068551 0.7721463 0.6235136 -0.1225598 0.7721463 0.6235136 -0.1225599 0.7143246 0.6866747 -0.134975 0.7141463 0.6868128 -0.1352158 0.660401 0.7367705 -0.1450512 0.6606248 0.7366206 -0.1447925 0.6112428 0.7765829 -0.1526476 0.6112428 0.7765829 -0.1526477 0.5632739 0.810756 -0.1593648 0.5632739 0.810756 -0.1593648 0.5195668 0.8383869 -0.1647961 0.5191901 0.8385621 -0.1650913 0.4743986 0.8637304 -0.1700463 0.4741563 0.8639094 -0.1698128 0.4235283 0.8888739 -0.1747199 0.4235283 0.8888739 -0.1747199 0.3750274 0.909608 -0.1787955 0.3750273 0.9096079 -0.1787955 0.3327143 0.9253212 -0.1818841 0.3327143 0.9253212 -0.1818842 0.2929838 0.9381099 -0.1846897 0.2662226 0.9457573 -0.1861953 0.2932604 0.9380819 -0.1843924 0.2659414 0.9458892 -0.185927 0.6151909 -0.7735754 0.1520567 0.615191 -0.7735755 0.1520565 0.2467353 0.9508872 -0.1869095 0.2467353 0.9508873 -0.1869095 -0.6160682 0.772903 -0.1519239 -0.6160681 0.772903 -0.1519243 0.249115 0.9502896 -0.186792 0.249109 0.9502885 -0.1868063 0.9690152 -0.2423626 0.04764317 0.9690143 -0.2423527 0.04771301 0.2454373 0.9511546 -0.1872579 0.2453667 0.9512281 -0.1869765 9.270449e-07 -0.1929502 -0.9812085 1.291158e-05 -0.1929431 -0.9812099 -6.543954e-06 -0.1929184 -0.9812148 -4.164021e-05 -0.1929181 -0.9812149 2.391587e-05 -0.1929434 -0.9812099 -1.874221e-06 -0.1929507 -0.9812084 -3.590957e-05 -0.1929488 -0.9812088 -8.409221e-05 -0.1929347 -0.9812116 5.81067e-05 -0.1929538 -0.9812078 1.070174e-05 -0.1929543 -0.9812078 -1.870101e-05 -0.1929475 -0.9812091 -6.209732e-05 -0.1929433 -0.9812099 5.507833e-05 -0.1929357 -0.9812114 6.288877e-05 -0.1929371 -0.9812111 6.368137e-05 -0.1929371 -0.9812112 -9.830603e-05 -0.1929615 -0.9812063 -0.0001075376 -0.1929617 -0.9812062 -9.297827e-08 -0.1929452 -0.9812096 2.368009e-05 -0.1929385 -0.9812109 6.76096e-07 -0.1929417 -0.9812102 2.107213e-06 -0.1929411 -0.9812104 7.606347e-06 -0.1929398 -0.9812106 6.869598e-05 -0.1929108 -0.9812163 2.128166e-05 -0.1929245 -0.9812136 -1.562507e-05 -0.1929437 -0.9812098 1.563593e-05 -0.1929299 -0.9812126 -2.593568e-05 -0.1929516 -0.9812083 -4.252431e-05 -0.1929737 -0.9812039 -4.263144e-05 -0.1929699 -0.9812047 -3.074087e-05 -0.1929617 -0.9812063 7.720342e-05 -0.19286 -0.9812263 4.374085e-06 -0.1929459 -0.9812094 -9.259075e-06 -0.1929331 -0.9812119 6.451407e-06 -0.1929443 -0.9812098 -6.396566e-06 -0.192954 -0.9812078 -1.594761e-05 -0.192972 -0.9812043 7.040513e-05 -0.1928654 -0.9812253 6.169861e-06 -0.1929274 -0.981213 -6.067821e-05 -0.1930773 -0.9811835 -1.306124e-05 -0.1929777 -0.9812031 1.169859e-05 -0.1929198 -0.9812145 5.47167e-05 -0.1929652 -0.9812056 2.652436e-05 -0.1928775 -0.9812229 5.630217e-06 -0.1929454 -0.9812095 -2.12283e-05 -0.1929462 -0.9812093 -9.907995e-06 -0.1929572 -0.9812072 -3.131266e-05 -0.1929886 -0.981201 -1.073506e-05 -0.1929765 -0.9812034 -1.159845e-05 -0.1929127 -0.9812159 3.733236e-06 -0.1929116 -0.9812161 -4.285758e-07 -0.1930178 -0.9811953 -1.076488e-05 -0.1929196 -0.9812146 3.795759e-06 -0.1929475 -0.9812091 8.555189e-08 -0.1928349 -0.9812313 -1.579772e-05 -0.1929409 -0.9812104 -1.575776e-05 -0.1929409 -0.9812104 1.291233e-05 -0.1929854 -0.9812016 1.234963e-06 -0.1929103 -0.9812164 1.001266e-05 -0.193023 -0.9811943 -5.060396e-06 -0.1929425 -0.98121 -2.937375e-06 -0.1929434 -0.9812099 2.369128e-06 -0.1929028 -0.9812179 4.614668e-07 -0.1928938 -0.9812196 -2.229119e-05 -0.1929416 -0.9812102 1.614204e-05 -0.1929617 -0.9812062 9.871443e-06 -0.1930259 -0.9811937 -1.39881e-05 -0.192918 -0.9812149 -1.192246e-05 -0.1929235 -0.9812138 5.898168e-05 -0.1929735 -0.981204 2.361407e-05 -0.1929528 -0.981208 1.679845e-06 -0.1929939 -0.9812 -3.375228e-06 -0.1929441 -0.9812098 -1.766882e-05 -0.1929355 -0.9812115 -6.318676e-05 -0.1928016 -0.9812377 7.557518e-05 -0.1930813 -0.9811828 1.70966e-05 -0.1929938 -0.9812 -1.06864e-05 -0.192938 -0.9812109 -6.767853e-05 -0.1928996 -0.9812185 -1.805553e-05 -0.1929078 -0.9812168 -1.330901e-05 -0.1929235 -0.9812137 -1.197422e-05 -0.1929243 -0.9812136 3.195686e-05 -0.192963 -0.9812061 -2.706103e-05 -0.1928918 -0.98122 -7.329895e-06 -0.1929129 -0.9812159 -1.254759e-05 -0.1929352 -0.9812115 2.004097e-05 -0.1929644 -0.9812057 2.945446e-05 -0.192979 -0.981203 -1.181516e-05 -0.1929328 -0.981212 -9.181542e-06 -0.1929451 -0.9812096 7.511867e-06 -0.1929614 -0.9812064 6.143655e-06 -0.1929431 -0.9812099 -1.758676e-05 -0.1929422 -0.9812101 4.391134e-06 -0.1929452 -0.9812096 -1.395602e-06 -0.1929402 -0.9812105 0.2473366 0.9507341 -0.1868939 0.2473386 0.9507363 -0.1868798 -0.955308 0.2900612 -0.0570198 -0.955341 0.28994 -0.05708173 -0.9267643 0.3685902 -0.07245129 -0.9268486 0.3683643 -0.07252145 -0.8760209 0.4732179 -0.09301726 -0.8022545 0.5857731 -0.1151415 -0.8760208 0.473218 -0.09301727 -0.8022545 0.5857731 -0.1151415 -0.7054197 0.6954814 -0.1367061 -0.7054198 0.6954814 -0.1367061 -0.6189296 0.7706988 -0.1514911 -0.6189296 0.7706988 -0.151491 -0.5198592 0.8382124 -0.1647617 -0.4172625 0.8917225 -0.1752799 -0.5198592 0.8382124 -0.1647618 -0.4172626 0.8917225 -0.1752799 -0.3147435 0.9313548 -0.1830701 -0.3147435 0.9313548 -0.1830701 -0.2137745 0.9585409 -0.1884139 -0.1203289 0.9740943 -0.1914712 -0.2137745 0.9585409 -0.1884139 -0.02198444 0.9809867 -0.1928259 -0.1203289 0.9740943 -0.1914712 -0.02198444 0.9809867 -0.1928259 0.08069479 0.9780239 -0.1922436 0.08069479 0.9780239 -0.1922435 0.1428325 0.9711632 -0.190895 0.1428325 0.9711632 -0.190895 0.1864807 0.9640118 -0.1894893 0.1864807 0.9640118 -0.1894893 0.230159 0.9548782 -0.1877086 0.2301687 0.9548787 -0.1876941 -0.2677796 -0.9453897 0.1858289 -0.2677796 -0.9453896 0.1858289 -0.3164963 -0.9307279 0.1832364 -0.3162762 -0.9308549 0.1829719 -0.3648797 -0.9135731 0.1795749 -0.3651887 -0.9134003 0.179825 -0.409808 -0.8950447 0.1759329 -0.409808 -0.8950447 0.1759329 -0.4747653 -0.8635872 0.1697495 -0.4747654 -0.8635872 0.1697495 -0.5517378 -0.818358 0.1608591 -0.5517377 -0.818358 0.1608591 -0.6334162 -0.7592821 0.149247 -0.6334162 -0.7592821 0.149247 -0.7021656 -0.6986015 0.1375474 -0.7607446 -0.6368252 0.1253843 -0.7018974 -0.6989043 0.1373789 -0.7609879 -0.6365848 0.1251292 -0.8400052 -0.5323594 0.1048079 -0.8399168 -0.5325251 0.1046749 -0.9131058 -0.4000671 0.07863848 -0.9131657 -0.3999119 0.07873237 -0.9549963 -0.2910485 0.05720944 -0.9549963 -0.2910485 0.05720943 -0.9783621 -0.2030032 0.03996611 -0.9783399 -0.2031182 0.03992558 -0.9954104 -0.09390134 0.01845755 -0.9954132 -0.09386671 0.01847994 -0.9982858 0.0574288 -0.01128839 -0.9982858 0.05742881 -0.0112884 -0.9827532 0.1814497 -0.03566634 -0.9827538 0.1814464 -0.03566847 -0.2392626 -0.9527214 0.1872846 -0.2392646 -0.9527236 0.1872704 0.9690209 -0.2423416 0.04763547 0.9690207 -0.2423411 0.04763907 5.089195e-06 -0.1929422 -0.9812101 -1.439305e-05 -0.1929361 -0.9812113 2.67737e-06 -0.1929402 -0.9812105 -8.140381e-05 -0.1930289 -0.981193 4.437138e-05 -0.1929535 -0.9812079 5.811353e-06 -0.1929435 -0.9812098 -1.882763e-05 -0.1929655 -0.9812055 0.0001776552 -0.1928473 -0.9812288 -4.527477e-05 -0.192927 -0.9812131 6.205149e-07 -0.192938 -0.9812109 9.134219e-05 -0.1928918 -0.9812201 9.05198e-05 -0.1928923 -0.9812199 -0.0001801227 -0.1930663 -0.9811857 -9.660904e-05 -0.1930163 -0.9811956 2.725561e-05 -0.1929448 -0.9812096 -3.316385e-05 -0.1929307 -0.9812124 -1.679554e-05 -0.1929338 -0.9812118 1.19383e-05 -0.1929402 -0.9812105 3.947891e-05 -0.1929225 -0.981214 3.230828e-05 -0.1929227 -0.9812139 -6.16316e-07 -0.1929384 -0.9812108 -4.089664e-05 -0.1928933 -0.9812198 0.0001055496 -0.1930841 -0.9811822 6.72821e-05 -0.1931339 -0.9811724 -0.0001893799 -0.1922242 -0.981351 -0.0001268314 -0.192493 -0.9812983 -0.0004600781 -0.1926754 -0.9812624 -2.939274e-05 -0.1928849 -0.9812214 4.105071e-05 -0.1930596 -0.981187 1.008937e-05 -0.1929595 -0.9812068 5.86811e-05 -0.1930965 -0.9811797 3.53061e-05 -0.1930439 -0.9811901 6.6891e-05 -0.1930075 -0.9811972 0.03043633 -0.9807692 0.1927832 0.0302385 -0.9807174 0.193078 0.0835226 -0.9777925 0.192213 0.0832918 -0.9777567 0.1924951 0.1277935 -0.9731785 0.1912911 0.1277807 -0.9731774 0.1913058 0.1709438 -0.966724 0.1903231 0.1712285 -0.9667324 0.1900241 0.2184713 -0.9575207 0.1882134 0.218184 -0.9575275 0.1885125 0.2621284 -0.9469134 0.1861284 0.2621283 -0.9469134 0.1861283 0.305198 -0.9344086 0.1836704 0.3054484 -0.9342748 0.1839347 0.3500288 -0.9191505 0.1806712 0.3497381 -0.919203 0.1809674 0.3933759 -0.9020622 0.1775928 0.3936006 -0.9020209 0.1773041 0.4343501 -0.8838316 0.1737288 0.434117 -0.8838897 0.1740151 0.474951 -0.863489 0.1697302 0.4749509 -0.863489 0.1697302 0.518236 -0.8391796 0.1649519 0.518236 -0.8391796 0.1649519 0.5607059 -0.812468 0.1597014 0.5607059 -0.8124681 0.1597014 0.5979866 -0.7864569 0.1545885 0.5981485 -0.786292 0.1548007 0.6395537 -0.7543123 0.1482701 0.6394641 -0.7543409 0.1485104 0.671235 -0.7273269 0.1429657 0.671235 -0.7273269 0.1429657 0.6908577 -0.7094157 0.1394451 0.6907047 -0.7095173 0.1396857 0.6879263 0.7121113 -0.1401963 0.6879634 0.7121186 -0.1399764 -0.675972 0.7230906 -0.1421331 -0.675885 0.7231264 -0.142365 -0.6394106 0.7543847 -0.1485189 -0.6394106 0.7543847 -0.1485189 -0.6019256 0.7835122 -0.1542534 -0.6019256 0.7835122 -0.1542534 -0.5651476 0.809452 -0.1593603 -0.5651476 0.809452 -0.1593603 -0.5272959 0.8336788 -0.1641299 -0.5275013 0.8336028 -0.1638557 -0.4867956 0.8571146 -0.1684772 -0.4867956 0.8571146 -0.1684772 -0.4444931 0.8789629 -0.1727718 -0.4444931 0.8789629 -0.1727718 -0.4039524 0.8976039 -0.1764359 -0.4039407 0.8976064 -0.1764501 -0.3637629 0.9140017 -0.1796592 -0.3637751 0.9139944 -0.1796717 -0.3192442 0.9298788 -0.18278 -0.3192443 0.9298788 -0.18278 -0.2719082 0.9441988 -0.1858885 -0.2716446 0.9443275 -0.1856201 -0.223899 0.9562564 -0.1882623 -0.223899 0.9562564 -0.1882623 -0.1729882 0.9664308 -0.1899648 -0.1732947 0.9663209 -0.1902437 -0.1237058 0.9736842 -0.1914054 -0.08119893 0.9779809 -0.1922501 -0.1236821 0.9736899 -0.1913917 -0.08122166 0.9779819 -0.1922353 -0.0420305 0.9803568 -0.1927021 -0.04179292 0.9803088 -0.1929976 0.02669654 0.9808162 -0.1930975 0.02669654 0.9808162 -0.1930975 0.08796684 0.97742 -0.1921249 0.08764231 0.9773905 -0.1924231 0.1379353 0.9718445 -0.1910289 0.1379353 0.9718445 -0.1910289 0.1873628 0.963847 -0.1894569 0.1873628 0.963847 -0.1894569 0.2379553 0.9530393 -0.1873325 0.2379553 0.9530393 -0.1873325 0.2888584 0.939396 -0.1846507 0.2888584 0.939396 -0.1846507 0.3404506 0.9226079 -0.1813508 0.3404505 0.9226079 -0.1813508 0.3844828 0.9057992 -0.1780469 0.3844829 0.9057992 -0.1780469 0.4294532 0.8861325 -0.1741811 0.429204 0.8861966 -0.1744693 0.4732304 0.8643472 -0.1701677 0.473444 0.8642829 -0.1698995 0.5165465 0.8401795 -0.1651613 0.516558 0.840175 -0.1651475 0.5608522 0.8123709 -0.1596823 0.5608522 0.8123708 -0.1596823 0.593762 0.7895327 -0.1551931 0.5940621 0.7892689 -0.1553867 0.62326 0.7672862 -0.1510589 0.6235558 0.7671 -0.1507837 0.6547523 0.7416518 -0.1457815 0.6547522 0.7416518 -0.1457815 0.6911265 0.7091636 -0.1393955 0.6911265 0.7091636 -0.1393955 0.7285132 0.6721694 -0.1321238 0.7286605 0.6719763 -0.1322948 0.7644557 0.6325346 -0.1245298 0.7644556 0.6325345 -0.1245298 0.8044559 0.5828248 -0.1147432 0.8045735 0.5827029 -0.114538 0.8368432 0.5371639 -0.1055867 0.8369427 0.5369828 -0.1057181 0.8641688 0.4937249 -0.09720172 0.864252 0.4936135 -0.09702627 0.8878594 0.4514756 -0.08874351 0.8878594 0.4514756 -0.08874351 0.9110648 0.4044987 -0.07963538 0.9348489 0.3483588 -0.06858288 0.9111174 0.4044084 -0.07949183 0.9552348 0.2902938 -0.05706111 0.9348084 0.3484842 -0.06849919 0.9696157 0.2400399 -0.04718303 0.9552348 0.2902938 -0.05706111 0.9696165 0.2400357 -0.04718586 0.9803661 0.1934837 -0.03803178 0.980365 0.1934882 -0.03803562 0.9880661 0.1511378 -0.02970815 0.9880661 0.1511378 -0.02970815 0.9944159 0.1035443 -0.02038522 0.9944207 0.1035061 -0.0203455 0.9980838 0.0607161 -0.01193455 0.9980818 0.0607425 -0.01195864 0.9995086 0.03075783 -0.00604586 0.9995086 0.03075783 -0.00604586 0.9992772 -0.03730123 0.007332049 0.9992772 -0.03730066 0.00733251 0.9954342 -0.09365867 0.01840985 0.9873061 -0.1558466 0.03063371 0.9954339 -0.09366015 0.01841157 0.9755064 -0.2158279 0.04249096 0.9873145 -0.1557866 0.03067038 0.9755064 -0.2158279 0.04249096 0.9618644 -0.2683912 0.05275585 0.9618407 -0.2684569 0.05285228 0.9448206 -0.3214372 0.06318275 0.9448206 -0.3214373 0.06318273 0.9227944 -0.3780584 0.07431239 0.9227944 -0.3780584 0.07431241 0.8987081 -0.430313 0.08458373 0.8987081 -0.430313 0.0845837 0.8732475 -0.4781277 0.09398234 0.8732475 -0.4781277 0.09398234 0.8478776 -0.5202371 0.1022595 0.8478776 -0.5202371 0.1022595 0.8233643 -0.5568575 0.1094577 0.8233643 -0.5568575 0.1094577 0.7935811 -0.5970399 0.1173561 0.7934647 -0.5971535 0.1175642 0.761052 -0.6364733 0.1253052 0.7611817 -0.6363615 0.1250853 0.7220945 -0.6788053 0.1334282 0.7220944 -0.6788053 0.1334282 0.6831905 -0.7165291 0.1408433 0.6831821 -0.7165346 0.1408553 0.6535822 -0.7426426 0.1459876 0.6535822 -0.7426426 0.1459876 0.616196 -0.7728025 0.1519164 0.616385 -0.7726142 0.1521078 0.5720421 -0.8047761 0.1584397 0.5720421 -0.8047761 0.1584397 0.5297599 -0.8321736 0.1638336 0.5297599 -0.8321736 0.1638336 0.4848172 -0.858143 0.1689463 0.4845876 -0.8583184 0.1687139 0.4402565 -0.8810135 0.1731749 0.4402565 -0.8810135 0.1731749 0.3979455 -0.9001836 0.176943 0.3979454 -0.9001836 0.176943 0.3498505 -0.9191618 0.1809593 0.3010394 -0.9356514 0.1842057 0.3501323 -0.9191126 0.1806638 0.3007513 -0.9357957 0.183943 0.253319 -0.949219 0.1865816 0.2092859 -0.9594349 0.1889027 0.2535854 -0.9490919 0.1868663 0.2089593 -0.9595626 0.1886148 0.1594177 -0.9686752 0.1904059 0.1594177 -0.9686752 0.1904059 0.1122595 -0.9750215 0.1916534 0.1125045 -0.974934 0.1919544 0.06023523 -0.9794421 0.1925223 0.05989847 -0.9794015 0.1928339 0.01773059 -0.9810118 0.193136 0.01805248 -0.9810638 0.1928411 -0.03473393 -0.980574 0.1930498 -0.03473393 -0.980574 0.1930498 -0.09007633 -0.977235 0.1920885 -0.09037602 -0.9771508 0.1923759 -0.1401416 -0.9715406 0.1909692 -0.1401416 -0.9715406 0.1909692 -0.1890312 -0.9635335 0.1893952 -0.1890312 -0.9635335 0.1893953 -0.2460262 -0.9510642 0.1869443 -0.2460262 -0.9510642 0.1869443 -0.302568 -0.9351766 0.1841122 -0.3022771 -0.9353223 0.18385 -0.3467987 -0.9203286 0.1809028 -0.3472015 -0.9201282 0.1811496 -0.3825681 -0.9065794 0.1782002 -0.3825681 -0.9065794 0.1782002 -0.4169225 -0.891873 0.1753231 -0.4169022 -0.8918847 0.1753118 -0.4533472 -0.8745957 0.1719268 -0.4533269 -0.8746083 0.1719159 -0.5007308 -0.8493503 0.1669511 -0.5009567 -0.849172 0.1671801 -0.5516018 -0.8183979 0.1611215 -0.551375 -0.8185934 0.1609054 -0.5987862 -0.7858709 0.1544733 -0.5987862 -0.7858709 0.1544733 -0.6453933 -0.7495082 0.1473258 -0.6453933 -0.7495082 0.1473258 -0.6868078 -0.7131919 0.1401873 -0.6866083 -0.7133347 0.1404372 -0.7238523 -0.6769603 0.1332761 -0.7238523 -0.6769603 0.1332761 -0.7582611 -0.6396722 0.125935 -0.7580701 -0.6399278 0.1257863 -0.7877427 -0.6044382 0.1188103 -0.7879286 -0.6041693 0.1189454 -0.8131859 -0.5710426 0.1124236 -0.8130048 -0.5713245 0.1123014 -0.8356826 -0.5389006 0.1059281 -0.8356912 -0.5388861 0.1059334 -0.8667421 -0.4893904 0.09620366 -0.8668174 -0.4892347 0.09631773 -0.8990032 -0.4296939 0.08459567 -0.8990032 -0.4296939 0.08459568 -0.9210215 -0.3821982 0.07512613 -0.921091 -0.3820145 0.07520884 -0.9372748 -0.3420452 0.06723874 -0.9372715 -0.3420548 0.06723541 -0.9522641 -0.2995436 0.05887926 -0.9522661 -0.2995365 0.05888246 -0.9672285 -0.2491401 0.04897178 -0.9672285 -0.2491401 0.04897178 -0.9783831 -0.2029179 0.03988621 -0.9783831 -0.2029179 0.03988621 -0.9842017 -0.1737161 0.03420288 -0.9841893 -0.1737943 0.03416159 0 0.9811632 -0.1931808 0 0.9811632 -0.1931808 -1 0 0 -1 -0 0 0 -0.9812238 0.1928726 0 -0.9812238 0.1928726 0.9991906 0.03947196 -0.007758736 0.9991906 0.03947196 -0.007758737 0.9957001 0.09089608 -0.01786683 0.9957001 0.09089607 -0.01786683 0.990248 0.1366999 -0.02687019 0.990248 0.1367 -0.02687018 0.9823605 0.1834749 -0.03612149 0.9823691 0.1834416 -0.03605787 0.9722648 0.2294912 -0.04510954 0.9722499 0.2295384 -0.0451902 0.9600026 0.2747337 -0.05400255 0.9600026 0.2747337 -0.05400255 0.945442 0.3196547 -0.06293179 0.9454759 0.3195768 -0.06281705 0.9281816 0.3651403 -0.07177317 0.92814 0.3652205 -0.07190251 0.9076008 0.4119514 -0.08097451 0.9076008 0.4119514 -0.0809745 0.884127 0.4584735 -0.09011906 0.884127 0.4584735 -0.09011906 0.8570848 0.5055023 -0.09936322 0.8570848 0.5055023 -0.09936319 0.8276154 0.5507567 -0.1082585 0.8276154 0.5507567 -0.1082585 0.7980515 0.591275 -0.1162229 0.7980514 0.591275 -0.1162229 0.7669377 0.6296724 -0.1237704 0.7669378 0.6296724 -0.1237705 0.7314159 0.6691276 -0.1315259 0.7314159 0.6691276 -0.1315259 0.6926752 0.7077073 -0.1391093 0.6926752 0.7077073 -0.1391092 0.6521099 0.7438897 -0.1462214 0.65211 0.7438897 -0.1462214 0.6112559 0.7765728 -0.1526457 0.6112559 0.7765728 -0.1526457 0.5674145 0.8079714 -0.1588175 0.5674145 0.8079714 -0.1588175 0.5187083 0.8388985 -0.1648966 0.5187083 0.8388985 -0.1648966 0.4700774 0.8660529 -0.1702342 0.4700774 0.8660529 -0.1702342 0.4231109 0.8890653 -0.1747576 0.4231109 0.8890653 -0.1747576 0.3766063 0.9089796 -0.178672 0.3766063 0.9089796 -0.178672 0.3306755 0.9259701 -0.1822997 0.3309665 0.9259245 -0.1820027 0.2843148 0.9407297 -0.1849129 0.2840327 0.9407564 -0.1852108 0.2374863 0.9531519 -0.1873546 0.2374863 0.9531519 -0.1873546 0.1907407 0.963209 -0.1893315 0.1907407 0.963209 -0.1893315 0.1424758 0.9712137 -0.1909049 0.1424758 0.9712137 -0.1909049 0.09611774 0.9766808 -0.1919795 0.09611774 0.9766808 -0.1919795 0.05250009 0.9798707 -0.1926066 0.05250009 0.9798707 -0.1926066 0.02709445 0.9808636 -0.1928017 0.02709445 0.9808636 -0.1928017 -0.02766268 0.9808483 -0.1927987 -0.02766267 0.9808483 -0.1927987 -0.07906608 0.978152 -0.1922687 -0.07906608 0.978152 -0.1922687 -0.1253091 0.9734895 -0.1913523 -0.1253091 0.9734895 -0.1913523 -0.1724506 0.9665233 -0.189983 -0.1724506 0.9665233 -0.189983 -0.2150692 0.958262 -0.1883591 -0.2150692 0.958262 -0.1883591 -0.2620325 0.9469389 -0.1861334 -0.2620325 0.9469389 -0.1861334 -0.3064335 0.9339641 -0.1838735 -0.3061896 0.9340962 -0.183609 -0.3490897 0.9194402 -0.1810141 -0.3942855 0.9016798 -0.1775175 -0.3490897 0.9194402 -0.1810141 -0.3942855 0.9016798 -0.1775175 -0.4394136 0.8814185 -0.1732545 -0.4396747 0.8812412 -0.1734937 -0.4817256 0.859868 -0.1690185 -0.4817256 0.859868 -0.1690184 -0.5211261 0.8374546 -0.1646128 -0.5211261 0.8374546 -0.1646128 -0.5612938 0.8120771 -0.1596245 -0.6008096 0.7843826 -0.1541808 -0.5612938 0.8120771 -0.1596245 -0.6006123 0.7844819 -0.1544443 -0.6383997 0.7552084 -0.1486811 -0.6383997 0.7552084 -0.1486811 -0.6752064 0.7237364 -0.1424851 -0.6750454 0.7239236 -0.1422968 -0.7022399 0.6985728 -0.1373137 -0.7022399 0.6985728 -0.1373137 -0.7224024 0.6784897 -0.1333662 -0.7226448 0.6782012 -0.1335204 -0.7457813 0.6536438 -0.1286857 -0.7456687 0.653806 -0.1285142 -0.7886162 0.6033404 -0.1185946 -0.8196166 0.5621222 -0.1106674 -0.7885467 0.6033924 -0.1187924 -0.8478034 0.5203534 -0.1022824 -0.8197172 0.562014 -0.1104713 -0.8478034 0.5203534 -0.1022824 -0.8722163 0.4799365 -0.09433785 -0.8721452 0.4800326 -0.09450606 -0.8945175 0.4386394 -0.08622038 -0.9150121 0.3958517 -0.07780991 -0.8945817 0.4384876 -0.08632694 -0.932927 0.3532842 -0.06955256 -0.9149593 0.3959459 -0.07795156 -0.9329691 0.353198 -0.06942574 -0.9490796 0.3091204 -0.06076645 -0.949078 0.3091257 -0.06076275 -0.9630311 0.2643318 -0.05195793 -0.9630323 0.2643271 -0.05196105 -0.9747347 0.2191721 -0.04308118 -0.9747346 0.2191721 -0.04308119 -0.9844717 0.1722472 -0.03385748 -0.9844717 0.1722472 -0.03385748 -0.9917341 0.1258933 -0.02478515 -0.9917287 0.1259415 -0.02475548 -0.9959589 0.0881241 -0.01732196 -0.9959629 0.08807538 -0.01733977 -0.998207 0.05873238 -0.01154463 -0.998207 0.05873238 -0.01154463 -0.9994472 0.03262116 -0.006422268 -0.9994469 0.03263098 -0.006414051 -0.9996045 -0.02758976 0.005431714 -0.9996044 -0.02759729 0.005424613 -0.9963283 -0.08400238 0.01653791 -0.996326 -0.08403466 0.01651813 -0.9911624 -0.1301564 0.02562445 -0.9911624 -0.1301564 0.02562445 -0.9838914 -0.1754005 0.03453185 -0.9838914 -0.1754005 0.03453185 -0.9738277 -0.2230071 0.04390436 -0.9738277 -0.2230071 0.04390438 -0.962413 -0.2664908 0.05238229 -0.9624361 -0.2663946 0.05244624 -0.9487993 -0.3099486 0.06092451 -0.9487993 -0.3099486 0.0609245 -0.9326785 -0.3539363 0.06957087 -0.9326785 -0.3539363 0.06957086 -0.9151547 -0.3955341 0.07774748 -0.9152028 -0.3954037 0.07784481 -0.8955498 -0.436581 0.08595156 -0.8954854 -0.4367338 0.08584582 -0.8737661 -0.4772145 0.09380286 -0.8737661 -0.4772145 0.09380285 -0.8502437 -0.5165056 0.101526 -0.8502437 -0.5165057 0.101526 -0.8252859 -0.554112 0.108918 -0.8253816 -0.5539404 0.1090651 -0.7959272 -0.5939886 0.1169502 -0.7958083 -0.5941787 0.1167937 -0.7648352 -0.6321298 0.1242535 -0.7648352 -0.6321298 0.1242535 -0.7347687 -0.6655816 0.1308289 -0.7349177 -0.6653839 0.130997 -0.7005291 -0.7001835 0.1378481 -0.7003727 -0.7003754 0.1376681 -0.6643917 -0.7333516 0.14415 -0.6645734 -0.7331498 0.1443383 -0.6286116 -0.7630718 0.1502292 -0.6284378 -0.7632546 0.1500278 -0.5909677 -0.7915486 0.1555894 -0.5909677 -0.7915486 0.1555894 -0.5528869 -0.817611 0.1607123 -0.5528869 -0.817611 0.1607123 -0.5123699 -0.8425908 0.1658845 -0.5121551 -0.8427662 0.1656569 -0.4702124 -0.8659823 0.1702203 -0.4704328 -0.865816 0.1704569 -0.4286132 -0.886524 0.174258 -0.3845557 -0.9057694 0.178041 -0.4286132 -0.886524 0.1742581 -0.3845427 -0.9057721 0.1780554 -0.3384076 -0.9233313 0.181493 -0.3384212 -0.9233238 0.1815057 -0.2952375 -0.9374847 0.1842751 -0.2949969 -0.9375024 0.1845701 -0.2469917 -0.9508231 0.1868969 -0.2472934 -0.9506916 0.1871667 -0.1998267 -0.9614337 0.1889825 -0.1998267 -0.9614337 0.1889825 -0.1578128 -0.9688711 0.1907458 -0.1575301 -0.9689724 0.1904644 -0.1160001 -0.9745997 0.1915705 -0.07801007 -0.9782336 0.1922848 -0.1162355 -0.9745153 0.191857 -0.07801007 -0.9782336 0.1922848 -0.04826665 -0.9800802 0.1926478 -0.04826665 -0.9800802 0.1926478 -0.01937133 -0.9810396 0.1928363 -0.01937133 -0.9810396 0.1928363 -4.484994e-05 -0.1928941 -0.9812196 4.166243e-05 -0.1929573 -0.9812072 5.287822e-05 -0.1929714 -0.9812043 -4.900321e-06 -0.1929467 -0.9812092 -7.923639e-07 -0.1929498 -0.9812086 -1.571757e-05 -0.1929171 -0.9812151 -3.063337e-05 -0.1929016 -0.9812181 -2.398491e-05 -0.1929376 -0.981211 -1.594631e-05 -0.1929479 -0.981209 1.440178e-05 -0.1929714 -0.9812044 2.358944e-05 -0.1929491 -0.9812088 -2.790317e-06 -0.1929255 -0.9812134 9.173195e-06 -0.1929388 -0.9812108 2.224036e-05 -0.1929483 -0.9812089 -9.345116e-06 -0.1929481 -0.981209 -3.35369e-05 -0.1929146 -0.9812155 1.976114e-05 -0.1929566 -0.9812073 -2.548158e-05 -0.192924 -0.9812137 9.28082e-06 -0.1929901 -0.9812006 2.629885e-06 -0.1929802 -0.9812026 -1.777262e-05 -0.192914 -0.9812157 7.115124e-05 -0.1929788 -0.981203 1.856098e-05 -0.1929398 -0.9812106 -3.605149e-05 -0.1928526 -0.9812278 -4.523675e-05 -0.1929029 -0.9812179 2.025517e-05 -0.1929506 -0.9812085 -2.540628e-05 -0.1928923 -0.9812199 3.415915e-05 -0.1929881 -0.9812011 -1.427992e-05 -0.1929369 -0.9812111 1.507251e-06 -0.1929479 -0.981209 -1.131537e-05 -0.1929408 -0.9812104 -1.350043e-06 -0.1929572 -0.9812071 5.588211e-05 -0.1929684 -0.981205 -6.961014e-05 -0.1929191 -0.9812147 6.165105e-05 -0.1929723 -0.9812042 1.765063e-05 -0.1929758 -0.9812035 -8.961964e-06 -0.1929296 -0.9812126 -4.710909e-05 -0.1929224 -0.981214 -4.166868e-05 -0.1929245 -0.9812136 3.203287e-06 -0.1929675 -0.9812051 -1.327314e-06 -0.1929514 -0.9812083 2.172419e-05 -0.1929903 -0.9812006 6.167115e-06 -0.1929294 -0.9812126 7.620873e-05 -0.1929535 -0.9812079 3.075889e-06 -0.192884 -0.9812216 3.131875e-06 -0.1928843 -0.9812215 3.348227e-06 -0.1930234 -0.9811941 3.535645e-05 -0.1929489 -0.9812088 -2.186531e-05 -0.1929289 -0.9812127 9.256724e-06 -0.1929908 -0.9812006 -1.020197e-05 -0.1929376 -0.9812111 -4.712715e-05 -0.1929264 -0.9812133 -1.044285e-05 -0.1929383 -0.9812108 -1.747926e-06 -0.192889 -0.9812207 8.144201e-06 -0.192934 -0.9812117 4.380684e-06 -0.1929394 -0.9812107 5.227801e-05 -0.1929547 -0.9812077 3.120056e-06 -0.1929554 -0.9812075 -2.673316e-06 -0.1929104 -0.9812164 -5.976424e-05 -0.1929533 -0.981208 -4.595007e-05 -0.1929566 -0.9812073 -8.743382e-05 -0.1929525 -0.981208 -3.181626e-06 -0.1929791 -0.9812028 4.902995e-05 -0.1929485 -0.9812088 4.653662e-05 -0.1929479 -0.9812089 1.810024e-05 -0.1928876 -0.9812209 1.587524e-05 -0.192924 -0.9812137 1.58923e-06 -0.1928741 -0.9812235 -7.252745e-06 -0.192992 -0.9812003 -7.656941e-06 -0.1930151 -0.9811957 -1.848132e-05 -0.19295 -0.9812086 -1.673102e-05 -0.1929504 -0.9812084 4.651999e-05 -0.192931 -0.9812123 0.0001326311 -0.1929365 -0.9812112 -8.415691e-06 -0.1930192 -0.981195 -1.061633e-05 -0.192933 -0.9812119 -1.308435e-05 -0.1929459 -0.9812093 -2.840402e-05 -0.1929633 -0.9812059 -0.0001293316 -0.1929716 -0.9812043 1.868761e-06 -0.1929335 -0.9812118 1.017377e-05 -0.1928905 -0.9812203 -5.101529e-05 -0.1929677 -0.9812051 -3.503252e-05 -0.1929657 -0.9812055 5.491317e-06 -0.19292 -0.9812145 3.409202e-06 -0.1929304 -0.9812125 1.732153e-05 -0.1929424 -0.9812101 1.494001e-05 -0.1929426 -0.9812101 -2.872645e-07 -0.1929319 -0.9812121 2.097561e-06 -0.1929205 -0.9812143 1.949502e-05 -0.1929354 -0.9812115 4.344666e-05 -0.1929329 -0.981212 -3.816547e-05 -0.1930298 -0.9811928 -2.725258e-05 -0.1929786 -0.981203 -1.008435e-05 -0.1929364 -0.9812112 3.147759e-05 -0.1929307 -0.9812124 -2.997364e-05 -0.1929884 -0.9812011 3.065175e-05 -0.1928641 -0.9812254 2.107772e-05 -0.192908 -0.9812169 -1.145204e-05 -0.1929309 -0.9812124 -3.067563e-06 -0.1929278 -0.9812129 1.245361e-05 -0.1929273 -0.981213 2.897746e-05 -0.1929104 -0.9812164 2.055965e-05 -0.1929275 -0.981213 1.415639e-05 -0.1929364 -0.9812112 -5.245784e-05 -0.1929619 -0.9812062 -2.416732e-05 -0.1929716 -0.9812044 -8.641305e-06 -0.1929404 -0.9812105 5.594614e-05 -0.1928656 -0.9812252 -2.656445e-06 -0.1929599 -0.9812067 2.525784e-05 -0.1929366 -0.9812112 -3.939879e-07 -0.1929464 -0.9812093 -4.215193e-05 -0.1929981 -0.9811991 -6.335643e-05 -0.1929708 -0.9812045 3.078717e-05 -0.1929327 -0.981212 -7.79387e-06 -0.1929437 -0.9812098 2.406302e-05 -0.1929215 -0.9812142 3.004249e-05 -0.1929267 -0.9812132 -5.354041e-05 -0.1929632 -0.981206 -9.098417e-06 -0.1929587 -0.9812069 -2.111495e-06 -0.1929461 -0.9812093 -8.403439e-06 -0.1929633 -0.981206 -1.247449e-05 -0.1929655 -0.9812055 1.381671e-05 -0.1929304 -0.9812124 4.953815e-05 -0.1929041 -0.9812176 4.750089e-05 -0.1929065 -0.9812171 2.481564e-05 -0.192931 -0.9812124 1.312575e-06 -0.1929468 -0.9812092 -3.27942e-05 -0.1929867 -0.9812014 1.01492e-05 -0.1929396 -0.9812106 -5.338511e-07 -0.1929559 -0.9812074 -6.057939e-05 -0.1930065 -0.9811974 -3.497935e-06 -0.1929426 -0.98121 3.194523e-05 -0.192925 -0.9812135 -1.092183e-05 -0.1929478 -0.981209 -3.164905e-06 -0.1929392 -0.9812106 1.461841e-05 -0.1929518 -0.9812082 -6.228321e-05 -0.1930005 -0.9811987 1.048577e-05 -0.1929297 -0.9812126 9.840906e-06 -0.19293 -0.9812126 -3.004815e-05 -0.1929586 -0.981207 7.202804e-06 -0.1929425 -0.98121 3.814512e-05 -0.1929195 -0.9812146 3.944264e-05 -0.1929189 -0.9812147 3.257074e-06 -0.1929454 -0.9812095 -5.754049e-05 -0.1929726 -0.9812042 -3.019796e-06 -0.192961 -0.9812064 2.202729e-05 -0.1929493 -0.9812087 -6.832163e-05 -0.1929678 -0.981205 6.391045e-05 -0.1929093 -0.9812165 4.767644e-05 -0.192912 -0.981216 -8.337254e-05 -0.192964 -0.9812058 9.384904e-06 -0.1929495 -0.9812087 3.778426e-05 -0.1929371 -0.9812111 -9.849676e-06 -0.1929453 -0.9812095 -3.981252e-05 -0.1929574 -0.9812072 -1.912866e-05 -0.1929551 -0.9812076 6.863603e-05 -0.1929262 -0.9812133 2.537791e-05 -0.1929291 -0.9812127 -3.093949e-05 -0.1929505 -0.9812085 -3.349813e-05 -0.1929505 -0.9812085 0 -0.1929499 -0.9812086 2.260444e-06 -0.1929418 -0.9812102 -2.525891e-05 -0.1929377 -0.981211 2.21379e-05 -0.1929349 -0.9812115 1.929933e-05 -0.1929344 -0.9812117 -1.871801e-05 -0.192966 -0.9812054 1.928671e-05 -0.1929354 -0.9812115 -1.257087e-05 -0.1929551 -0.9812075 1.944363e-05 -0.1929459 -0.9812093 -2.37992e-05 -0.1929314 -0.9812123 -1.205854e-06 -0.1929105 -0.9812164 1.483521e-05 -0.1929453 -0.9812096 1.579368e-05 -0.1929456 -0.9812095 7.720259e-06 -0.1929974 -0.9811993 -2.149994e-06 -0.193068 -0.9811854 -4.253478e-05 -0.1929002 -0.9812184 -9.622494e-06 -0.1929423 -0.9812101 -8.71185e-06 -0.1929427 -0.9812101 -1.324652e-05 -0.1928809 -0.9812222 6.407326e-06 -0.1929269 -0.9812132 -1.371341e-05 -0.1929417 -0.9812102 -4.742945e-05 -0.1929286 -0.9812127 1.397662e-05 -0.1929662 -0.9812053 3.247776e-05 -0.1931138 -0.9811764 -5.246157e-05 -0.1928508 -0.9812281 1.688294e-05 -0.1929526 -0.9812081 -4.411178e-05 -0.1929291 -0.9812127 5.33363e-06 -0.1929274 -0.981213 1.161614e-05 -0.192941 -0.9812104 6.785698e-05 -0.1929588 -0.9812069 7.166834e-05 -0.1929603 -0.9812065 -3.693004e-06 -0.1929331 -0.981212 1.856864e-05 -0.1929704 -0.9812046 -4.643141e-05 -0.192921 -0.9812143 1.077942e-05 -0.192947 -0.9812091 -5.205617e-05 -0.1928712 -0.9812241 1.219829e-06 -0.192949 -0.9812089 9.263417e-05 -0.1929871 -0.9812013 -1.045836e-05 -0.1929311 -0.9812124 -3.374159e-05 -0.1929266 -0.9812132 9.57637e-05 -0.1931117 -0.9811767 -4.969422e-05 -0.1929354 -0.9812115 -0.0001097006 -0.1928965 -0.9812191 -3.457908e-05 -0.1928848 -0.9812214 5.780348e-06 -0.1929294 -0.9812126 -3.346763e-05 -0.192897 -0.981219 6.549564e-05 -0.192977 -0.9812033 -1.129888e-06 -0.1929367 -0.9812112 -1.481953e-05 -0.1929032 -0.9812178 4.154897e-05 -0.192975 -0.9812037 4.302702e-05 -0.1929508 -0.9812084 -1.212446e-05 -0.1929068 -0.9812171 1.369655e-05 -0.1929519 -0.9812082 6.081542e-06 -0.1929435 -0.9812098 -8.456548e-06 -0.1929328 -0.981212 -2.681023e-05 -0.192918 -0.9812149 -6.712126e-05 -0.1928728 -0.9812238 9.323853e-06 -0.1929446 -0.9812097 5.187433e-05 -0.1929608 -0.9812064 -1.171387e-05 -0.1929081 -0.9812168 6.622778e-05 -0.1930161 -0.9811956 -2.068796e-05 -0.1929405 -0.9812104 0 -0.19295 -0.9812086 -0.9785458 -0.2021489 0.03980096 -0.9785454 -0.2021629 0.03973779 0.2060144 -0.9601756 0.188735 0.2060144 -0.9601755 0.1887352 0.9786574 0.2016403 -0.03963511 0.9786574 0.2016403 -0.03963508 -0.2062265 0.9601318 -0.1887265 -0.2062273 0.9601288 -0.1887407 0.9785019 0.202365 -0.03978061 0.9785019 0.2023653 -0.03977759 0.2059022 -0.9601986 0.1887399 0.2059022 -0.9601987 0.1887398 0.9787237 0.2013301 -0.03957413 0.9787237 0.2013301 -0.03957411 -0.2059022 0.9601987 -0.1887396 -0.2059022 0.9601987 -0.1887398 0.978501 0.20237 -0.03977861 0.978501 0.20237 -0.0397785 0.2059022 -0.9601986 0.1887398 0.2059022 -0.9601986 0.1887398 0.9785735 0.2020317 -0.03971198 0.9785703 0.2020348 -0.03977546 -0.205745 0.9601746 -0.1890338 -0.2057455 0.9601717 -0.1890478 -2.1546e-06 -0.192934 -0.9812118 -1.710255e-06 -0.192935 -0.9812115 6.019894e-08 -0.1929443 -0.9812097 -9.002342e-06 -0.1929461 -0.9812093 6.019894e-08 -0.1929443 -0.9812097 -2.072921e-06 -0.1929445 -0.9812096 1.897069e-05 -0.1929396 -0.9812106 -2.112372e-06 -0.1929259 -0.9812133 5.653326e-06 -0.1929399 -0.9812106 2.262218e-05 -0.1929397 -0.9812106 -0.3997691 0.8994054 -0.1767901 -0.3998303 0.8993262 -0.1770542 -0.9169744 -0.3914325 0.07706199 -0.9169731 -0.3914582 0.0769463 0.3984365 -0.8999745 0.1769019 0.3981452 -0.9000456 0.1771958 0.9539301 -0.294378 0.05795558 0.9539307 -0.2943935 0.05786693 -0.9169521 -0.3915057 0.07695574 -0.9169536 -0.3914791 0.07707217 0.3973747 -0.9003733 0.1772603 0.3973747 -0.9003733 0.1772603 0.9169731 0.3914351 -0.07706367 0.9169744 0.3914555 -0.07694577 -0.3959333 0.9010375 -0.1771109 -0.3959333 0.9010375 -0.1771109 -0.9532027 0.2966555 -0.05831107 -0.9532027 0.2966556 -0.05831158 0.9170363 0.3913158 -0.07691789 0.9170363 0.3913157 -0.0769183 -7.530575e-05 -0.1929462 -0.9812093 -8.157652e-06 -0.1929453 -0.9812095 2.183305e-06 -0.1929393 -0.9812107 9.314751e-06 -0.1929387 -0.9812108 5.003365e-06 -0.1929413 -0.9812104 -2.775066e-05 -0.1929417 -0.9812102 -6.026306e-06 -0.1929398 -0.9812106 -6.210924e-06 -0.1929396 -0.9812106 0.6345986 -0.7582862 0.149287 0.6347049 -0.7582452 0.1490431 0.6746395 -0.7242878 0.1423684 0.6746395 -0.7242878 0.1423684 0.7092338 -0.6916958 0.1361771 0.7093648 -0.6916072 0.1359446 0.7437591 -0.6558968 0.1289252 0.7436282 -0.6560011 0.1291497 0.7743596 -0.6208287 0.1222252 0.7744769 -0.6207244 0.1220116 0.8015482 -0.5867034 0.1153243 0.8014433 -0.5868065 0.1155271 0.8279342 -0.5502611 0.1083407 0.8280308 -0.5501551 0.1081403 0.8540352 -0.5104476 0.1003352 0.8539428 -0.5105649 0.1005249 0.8772176 -0.4710786 0.09259674 0.8772176 -0.4710786 0.09259674 0.8983799 -0.4309469 0.08484235 0.8984352 -0.4308613 0.08469152 0.9188866 -0.387114 0.07609239 0.918837 -0.3872046 0.07623061 0.9371142 -0.3424695 0.06731692 0.9371142 -0.3424695 0.06731693 0.9521324 -0.2999464 0.05895843 0.9521324 -0.2999463 0.05895843 0.965278 -0.2563202 0.05038313 0.965278 -0.2563202 0.05038313 0.9764417 -0.2117297 0.04161827 0.9764418 -0.2117297 0.04161827 0.9863474 -0.1615858 0.03176184 0.9863474 -0.1615858 0.03176184 0.9935867 -0.1109503 0.02180875 0.9935867 -0.1109503 0.02180875 0.9977878 -0.06523139 0.01282209 0.9977878 -0.06523138 0.01282209 0.9998255 -0.01833086 0.003603174 0.9998254 -0.01833729 0.003610141 0.9999666 0.008013849 -0.001577721 0.9999667 0.008011039 -0.001574676 0 0.9812238 -0.1928725 0 0.9812238 -0.1928725 -0.9997069 0.02375598 -0.004669553 -0.999707 0.02374819 -0.004675407 -0.9964758 0.08230527 -0.01617819 -0.9964782 0.08227316 -0.01619747 -0.9921092 0.1230227 -0.02418173 -0.9921092 0.1230227 -0.02418173 -0.9849709 0.169477 -0.03331296 -0.9849709 0.169477 -0.03331296 -0.9752899 0.2167809 -0.04261116 -0.9752899 0.2167809 -0.04261117 -0.9622033 0.2672031 -0.05260541 -0.962181 0.2672961 -0.0525406 -0.9445058 0.3223269 -0.06335763 -0.9445411 0.3222081 -0.06343448 -0.9233926 0.3766273 -0.07414822 -0.9233445 0.3767632 -0.07405781 -0.9040292 0.4194446 -0.08244739 -0.9040883 0.4192971 -0.08254879 -0.8787537 0.4683141 -0.09205333 -0.8787537 0.4683141 -0.09205333 -0.8506488 0.515863 -0.1013997 -0.8506488 0.515863 -0.1013997 -0.8183793 0.5638883 -0.1108397 -0.8183793 0.5638883 -0.1108397 -0.790809 0.6005709 -0.1180502 -0.790809 0.6005709 -0.1180502 -0.7564874 0.6417286 -0.1261403 -0.7564874 0.6417286 -0.1261403 -0.7228149 0.6780267 -0.133486 -0.7226809 0.6782041 -0.13331 -0.6865874 0.7133541 -0.1404411 -0.686413 0.7135577 -0.1402592 -0.6499581 0.7457008 -0.1465774 -0.6499581 0.7457008 -0.1465774 -0.6253642 0.7656814 -0.1505048 -0.6253642 0.7656814 -0.1505048 -0.5878861 0.7937548 -0.1560231 -0.5445607 0.8229735 -0.1617664 -0.5878861 0.7937548 -0.156023 -0.4969747 0.8514717 -0.167368 -0.5445607 0.8229735 -0.1617664 -0.4969747 0.8514717 -0.167368 -0.4526177 0.8749618 -0.1719853 -0.4524078 0.8750148 -0.1722679 -0.4092557 0.895288 -0.1759807 -0.359748 0.9155304 -0.1799596 -0.4096512 0.895061 -0.1762145 -0.3108846 0.9326019 -0.1833153 -0.359748 0.9155304 -0.1799596 -0.2597484 0.9475446 -0.1862524 -0.3108846 0.9326019 -0.1833153 -0.2597485 0.9475446 -0.1862524 -0.2058446 0.9601541 -0.1890296 -0.1533436 0.9695617 -0.1908818 -0.2055385 0.9602737 -0.1887545 -0.1533436 0.9695617 -0.1908818 -0.1045715 0.9757867 -0.1921073 -0.1049001 0.9758102 -0.1918084 -0.05562677 0.9797044 -0.1925739 -0.05562677 0.9797044 -0.1925739 -0.01031196 0.9811717 -0.1928623 -0.01031196 0.9811717 -0.1928623 0.03485344 0.9806276 -0.1927554 0.03517553 0.9805588 -0.1930468 0.07954164 0.9780572 -0.1925543 0.08003904 0.9780758 -0.1922538 0.118842 0.97427 -0.1915057 0.118842 0.97427 -0.1915057 0.1701487 0.966916 -0.1900602 0.1701487 0.966916 -0.1900602 0.2254626 0.9559591 -0.1879064 0.2254626 0.9559591 -0.1879064 0.2802057 0.941916 -0.1851461 0.2802057 0.941916 -0.1851461 0.3382181 0.9233981 -0.1815062 0.3382181 0.9233981 -0.1815062 0.3855752 0.9053521 -0.177959 0.3855752 0.9053521 -0.177959 0.4311441 0.8853416 -0.1740256 0.4311441 0.8853416 -0.1740256 0.4811194 0.8601949 -0.1690827 0.4808768 0.8602748 -0.169366 0.5252 0.8349515 -0.1643805 0.5252 0.8349515 -0.1643805 0.5754461 0.8024838 -0.1577388 0.6211694 0.7689618 -0.1511496 0.5752435 0.8025763 -0.1580067 0.6213834 0.7687479 -0.1513584 0.6641871 0.733528 -0.1441959 0.7035198 0.6973298 -0.1370801 0.664003 0.7336451 -0.1444471 0.7035198 0.6973298 -0.1370801 0.7286398 0.6719977 -0.1322991 0.7489147 0.6501858 -0.1280048 0.7288832 0.6717812 -0.1320578 0.7486749 0.6504899 -0.1278624 0.7721329 0.6235295 -0.122563 0.7721329 0.6235295 -0.122563 0.8166782 0.5662577 -0.1113054 0.8166751 0.5662605 -0.1113147 0.8455555 0.523863 -0.1029722 0.845551 0.5238686 -0.1029813 0.873389 0.4778789 -0.09393343 0.873389 0.4778789 -0.09393343 0.8989059 0.4299149 -0.08450548 0.9226654 0.3783617 -0.07437202 0.8989059 0.4299149 -0.08450548 0.9226654 0.3783617 -0.07437202 0.9445211 0.3222836 -0.06334911 0.9445211 0.3222836 -0.06334911 0.9617405 0.2688183 -0.0528398 0.9617405 0.2688183 -0.0528398 0.975221 0.217079 -0.04266975 0.975221 0.217079 -0.04266975 0.9872277 0.1563152 -0.03077444 0.9872355 0.1562773 -0.03071837 0.9954966 0.09301286 -0.01831184 0.9954993 0.09298985 -0.01827839 0.9993969 0.03407246 -0.006697394 0.9993969 0.03407246 -0.006697394 0.9997723 -0.02094023 0.004116079 0.9997723 -0.02094023 0.004116079 0.9971904 -0.07350259 0.01444791 0.9971904 -0.07350259 0.01444791 0.9915386 -0.1273748 0.0250372 0.9915386 -0.1273748 0.0250372 0.9830715 -0.1797822 0.03533856 0.9830715 -0.1797821 0.03533856 0.9722816 -0.229423 0.04509613 0.9722987 -0.2293395 0.04515105 0.9579891 -0.2814029 0.055401 0.9579891 -0.2814029 0.05540099 0.939737 -0.335459 0.06604325 0.9397759 -0.3353738 0.06592217 0.9191979 -0.386402 0.07595243 0.9192494 -0.3862613 0.0760449 0.8966979 -0.4343062 0.08550373 0.8966334 -0.4344599 0.08539885 0.8704397 -0.4830319 0.09494632 0.8704397 -0.4830319 0.09494632 0.839621 -0.5329741 0.1047631 0.839621 -0.5329741 0.1047631 0.8087174 -0.5771533 0.1134471 0.8087174 -0.5771532 0.1134471 0.7789357 -0.6153292 0.1209511 0.7789356 -0.6153292 0.1209511 0.7452809 -0.6542317 0.1285979 0.7452809 -0.6542317 0.1285979 0.7095423 -0.691432 0.1359101 0.7095423 -0.691432 0.1359101 0.6799902 -0.7194541 0.1414182 0.6799902 -0.7194541 0.1414182 0.6562037 -0.7404156 0.1455385 0.6562037 -0.7404156 0.1455385 0.6344661 -0.7583929 0.149308 0.6346129 -0.7583193 0.1490577 0.5733002 -0.8039139 0.1582699 0.5733001 -0.8039139 0.15827 0.5234385 -0.8360651 0.1643397 0.5232124 -0.836152 0.1646168 0.4721799 -0.864951 0.1700176 0.4721799 -0.864951 0.1700176 0.4211117 -0.8899786 0.1749371 0.4211117 -0.8899786 0.1749371 0.3710937 -0.9111599 0.1791005 0.3710937 -0.9111599 0.1791006 0.3208055 -0.9293613 0.1826783 0.3208055 -0.9293613 0.1826783 0.2693672 -0.9449554 0.1857435 0.2693672 -0.9449554 0.1857435 0.2148555 -0.9583054 0.1883823 0.2148701 -0.958305 0.1883675 0.1683597 -0.9672175 0.1901194 0.168337 -0.9672185 0.1901344 0.1220433 -0.9738889 0.1914308 0.1220433 -0.9738889 0.1914308 0.06601156 -0.9790837 0.1924519 0.06601156 -0.9790837 0.1924519 0.01353203 -0.9810762 0.1931487 0.01382794 -0.98113 0.1928541 -0.03312359 -0.9806276 0.1930604 -0.03312359 -0.9806276 0.1930604 -0.08370366 -0.9777804 0.1921957 -0.08402631 -0.9776961 0.1924832 -0.1271729 -0.9732569 0.1913065 -0.1271729 -0.9732569 0.1913065 -0.1535196 -0.969592 0.1905862 -0.1535196 -0.969592 0.1905862 -0.1754858 -0.9659972 0.1898795 -0.1754858 -0.9659972 0.1898795 0.9648104 -0.2580093 0.05071521 0.9648104 -0.2580093 0.05071516 0.221497 0.9568513 -0.1880818 0.1653719 0.9677137 -0.190217 0.221497 0.9568513 -0.1880818 0.1656652 0.9676083 -0.1904972 0.1162086 0.9745185 -0.1918576 0.0659797 0.9790856 -0.1924523 0.1159427 0.9746064 -0.1915718 0.01340172 0.9811357 -0.1928552 0.0659797 0.9790856 -0.1924523 0.01340172 0.9811357 -0.1928552 -0.03523976 0.9806144 -0.1927527 -0.08121555 0.9779249 -0.1925282 -0.03496864 0.980566 -0.1930482 -0.08153918 0.9779566 -0.1922303 -0.1342138 0.9723461 -0.1911275 -0.1342138 0.9723461 -0.1911275 -0.1790759 0.9653625 -0.1897548 -0.1788323 0.9653492 -0.1900524 -0.2278047 0.955368 -0.1880874 -0.2278047 0.955368 -0.1880874 -0.2753628 0.9432901 -0.1854162 -0.3217175 0.9290577 -0.1826186 -0.2756199 0.9431622 -0.1856844 -0.3217175 0.9290577 -0.1826186 -0.367479 0.9125694 -0.1793776 -0.3672239 0.9126144 -0.1796703 -0.4105712 0.8947053 -0.1758799 -0.4107784 0.8945636 -0.1761166 -0.4524913 0.8750222 -0.1720106 -0.4524803 0.8750303 -0.1719988 -0.4919977 0.8542501 -0.1679142 -0.4919977 0.8542501 -0.1679142 -0.5311633 0.831361 -0.163415 -0.531364 0.8311886 -0.1636396 -0.5679042 0.8075924 -0.1589942 -0.567709 0.8077722 -0.1587783 -0.5925304 0.790423 -0.1553681 -0.5927265 0.7902326 -0.1555886 -0.6289055 0.7628365 -0.1501946 -0.6287827 0.762981 -0.149974 -0.6699113 0.728458 -0.1434146 -0.6697928 0.7286058 -0.1432171 -0.7035487 0.6973019 -0.1370746 -0.703676 0.697139 -0.1372487 -0.7348196 0.6655275 -0.1308182 -0.7348263 0.6655185 -0.1308267 -0.7591242 0.6387236 -0.1255496 -0.7591242 0.6387235 -0.1255496 -0.7898919 0.6017317 -0.1182783 -0.7898919 0.6017317 -0.1182783 -0.8161541 0.5669848 -0.1114484 -0.8161541 0.5669848 -0.1114484 -0.8461591 0.5229238 -0.1027876 -0.8461591 0.5229238 -0.1027876 -0.8712125 0.4816888 -0.09468231 -0.8712125 0.4816888 -0.09468231 -0.8938652 0.4399178 -0.08647166 -0.8938652 0.4399177 -0.08647169 -0.9177989 0.3895893 -0.0765849 -0.9177966 0.3895957 -0.0765802 -0.9376757 0.3409667 -0.06712756 -0.9376397 0.341081 -0.0670492 -0.9544784 0.2926624 -0.05761769 -0.9544784 0.2926624 -0.0576177 -0.968266 0.2452292 -0.04820305 -0.9682847 0.2451435 -0.04826244 -0.9789343 0.2003416 -0.03937979 -0.9789343 0.2003416 -0.03937979 -0.9880497 0.1512418 -0.02972859 -0.9880497 0.1512419 -0.02972859 -0.9945165 0.1026161 -0.02017056 -0.9945167 0.1026137 -0.02017166 -0.9971098 0.07454804 -0.01465455 -0.9971097 0.07454979 -0.01465375 -0.9998648 0.01613067 -0.003170697 -0.9998648 0.01613067 -0.003170697 -0.9991216 -0.04111647 0.008081987 -0.9991216 -0.04111647 0.008081987 -0.9955164 -0.09281326 0.01824509 -0.9955162 -0.09281494 0.01824401 -0.9897376 -0.1402138 0.02756089 -0.9897379 -0.1402113 0.02756254 -0.9818399 -0.1861383 0.03664584 -0.981829 -0.1862044 0.03660094 -0.9715512 -0.2323828 0.04567793 -0.971568 -0.2323017 0.04573423 -0.9589906 -0.278116 0.05466739 -0.9589906 -0.278116 0.05466738 -0.9441052 -0.3234548 0.06357934 -0.9441052 -0.3234549 0.06357934 -0.9275787 -0.3665911 0.07217235 -0.927534 -0.3667211 0.07208389 -0.9095025 -0.4078932 0.0801768 -0.9095557 -0.4077551 0.0802765 -0.8885946 -0.4500808 0.08846936 -0.8885946 -0.4500808 0.08846933 -0.8659058 -0.4907862 0.09662318 -0.8658313 -0.4909417 0.09650112 -0.8456856 -0.5236302 0.1030893 -0.8456856 -0.5236301 0.1030893 -0.8280737 -0.5500605 0.1082928 -0.8280737 -0.5500605 0.1082928 -0.8111608 -0.5738425 0.1127963 -0.8112329 -0.5737106 0.1129488 -0.7675151 -0.6289949 0.1236373 -0.7313132 -0.6692358 0.1315472 -0.7675151 -0.6289948 0.1236373 -0.696574 -0.7040133 0.1383832 -0.7313132 -0.6692358 0.1315472 -0.696574 -0.7040133 0.1383832 -0.6614622 -0.7358967 0.1446502 -0.6263523 -0.7649034 0.1503519 -0.6614622 -0.7358967 0.1446503 -0.5894184 -0.7926599 0.1558078 -0.6263523 -0.7649034 0.1503519 -0.5483276 -0.8205617 0.1612923 -0.5894184 -0.7926599 0.1558078 -0.5483276 -0.8205617 0.1612923 -0.5034742 -0.8477875 0.1666439 -0.5034742 -0.8477875 0.1666439 -0.4577005 -0.8724124 0.1714842 -0.4577005 -0.8724124 0.1714842 -0.4116121 -0.8942472 0.1757761 -0.411361 -0.8943059 0.1760658 -0.3667571 -0.9127952 0.1797059 -0.3670445 -0.9127377 0.1794107 -0.3238471 -0.9283451 0.1824785 -0.3238471 -0.9283451 0.1824785 -0.2809121 -0.9417133 0.1851062 -0.2806093 -0.9417448 0.1854053 -0.2369109 -0.9532335 0.1876672 -0.2372198 -0.9532157 0.1873672 -0.1917968 -0.9630072 0.1892918 -0.1917968 -0.9630072 0.1892918 -0.1464132 -0.9706497 0.1907941 -0.1464132 -0.9706497 0.1907941 -0.1009677 -0.9762094 0.1918869 -0.1009677 -0.9762094 0.1918869 -0.05378793 -0.9798034 0.1925934 -0.05407474 -0.9797305 0.1928837 -0.005375342 -0.9811519 0.1931635 -0.005087717 -0.9812111 0.1928701 0.04327828 -0.9803045 0.1926918 0.04327828 -0.9803045 0.1926918 0.09184302 -0.9770766 0.1920574 0.09184303 -0.9770766 0.1920574 0.1399322 -0.9715696 0.1909749 0.1396367 -0.9715533 0.1912738 0.1856531 -0.9641656 0.1895195 0.1853678 -0.9641616 0.1898186 0.2310416 -0.9546758 0.1876542 0.2310416 -0.9546758 0.1876542 0.2784984 -0.9423478 0.185524 0.278796 -0.9423186 0.1852252 0.3251043 -0.927922 0.1823954 0.3248154 -0.9279647 0.1826924 0.3690825 -0.9119461 0.1792551 0.3690825 -0.9119461 0.1792551 0.4125151 -0.893844 0.1757106 0.4125261 -0.8938417 0.1756965 0.4554631 -0.8735391 0.1717057 0.4554518 -0.8735422 0.1717197 0.4962885 -0.8518068 0.1676988 0.4965115 -0.8517318 0.1674192 0.5368665 -0.8278264 0.1627202 0.5366617 -0.8279054 0.1629933 0.5709869 -0.8055447 0.1583405 0.5709869 -0.8055447 0.1583405 0.5877789 -0.7937846 0.1562757 0.5879725 -0.7936932 0.1560109 -4.540827e-05 -0.1928902 -0.9812204 3.904452e-05 -0.1929736 -0.981204 8.831615e-06 -0.1929348 -0.9812116 2.165848e-05 -0.1929747 -0.9812037 2.316144e-05 -0.1929691 -0.9812048 -9.149016e-06 -0.1929448 -0.9812095 -2.548271e-05 -0.1929178 -0.9812149 -1.665711e-05 -0.1929287 -0.9812127 1.357325e-05 -0.1929512 -0.9812083 -2.589174e-06 -0.1929338 -0.9812118 1.954033e-05 -0.192953 -0.981208 -4.089201e-05 -0.1929082 -0.9812168 1.665197e-05 -0.1929497 -0.9812087 3.736751e-05 -0.1929615 -0.9812064 -1.841131e-05 -0.1929185 -0.9812148 4.480531e-05 -0.1929757 -0.9812035 2.122038e-05 -0.1929415 -0.9812103 -1.58581e-05 -0.1929035 -0.9812177 -8.867989e-06 -0.1929414 -0.9812102 -1.289614e-05 -0.1929384 -0.9812109 -1.243498e-05 -0.192903 -0.9812178 4.694309e-05 -0.1929803 -0.9812026 -3.778463e-06 -0.1929402 -0.9812105 8.263493e-06 -0.192949 -0.9812089 -2.802917e-05 -0.1928917 -0.9812201 -1.998521e-06 -0.1929268 -0.9812131 -1.006092e-05 -0.1929345 -0.9812117 3.712764e-06 -0.1929434 -0.9812099 3.828699e-06 -0.1929742 -0.9812038 1.634945e-05 -0.1929928 -0.9812002 2.082205e-06 -0.1929389 -0.9812108 -5.661375e-06 -0.192934 -0.9812118 4.03418e-05 -0.1929513 -0.9812083 6.305729e-06 -0.1929568 -0.9812073 -2.406769e-06 -0.192933 -0.981212 -1.10788e-05 -0.1929196 -0.9812145 -5.96852e-07 -0.192945 -0.9812096 -2.619476e-05 -0.1929357 -0.9812114 7.35784e-06 -0.1929667 -0.9812053 7.494902e-06 -0.192967 -0.9812052 -1.743516e-05 -0.1929365 -0.9812112 -1.559188e-05 -0.1929372 -0.9812111 3.326774e-07 -0.1928929 -0.9812199 1.290084e-05 -0.1929309 -0.9812124 2.315941e-05 -0.1929379 -0.981211 4.28701e-05 -0.1929452 -0.9812095 1.539786e-05 -0.1929636 -0.9812059 -2.370385e-06 -0.1929074 -0.981217 -3.797282e-05 -0.1929299 -0.9812125 2.143381e-05 -0.1929521 -0.9812081 3.196417e-06 -0.192994 -0.9812 -2.074416e-05 -0.1929172 -0.981215 -5.308033e-06 -0.1929349 -0.9812115 9.581173e-05 -0.1929611 -0.9812064 -2.677372e-05 -0.1929512 -0.9812084 -0.0001411592 -0.1929361 -0.9812114 -2.336873e-05 -0.1928774 -0.9812229 1.178666e-06 -0.1929491 -0.9812088 1.850046e-06 -0.1929588 -0.9812069 9.689524e-05 -0.1929373 -0.981211 4.530964e-05 -0.1929319 -0.9812121 3.023074e-06 -0.1929373 -0.9812111 3.820165e-06 -0.1929469 -0.9812092 -7.833034e-05 -0.1929491 -0.9812087 -1.359362e-05 -0.1929502 -0.9812086 1.268527e-06 -0.1929544 -0.9812077 -2.207202e-05 -0.1929519 -0.9812082 8.615085e-06 -0.1929525 -0.9812081 -1.912562e-05 -0.1929573 -0.9812072 -1.516728e-05 -0.192884 -0.9812216 -2.640382e-06 -0.1929898 -0.9812008 -1.429319e-05 -0.1929484 -0.9812089 2.772198e-05 -0.1929483 -0.9812089 -1.023903e-06 -0.1928791 -0.9812225 -1.375007e-07 -0.192958 -0.9812071 -1.017232e-05 -0.1929432 -0.9812099 8.456444e-06 -0.192943 -0.98121 -3.054024e-06 -0.1929708 -0.9812045 -3.023501e-06 -0.192958 -0.981207 1.918203e-05 -0.192946 -0.9812094 -2.715287e-05 -0.1929578 -0.981207 -2.666869e-05 -0.1929474 -0.9812091 -1.298386e-05 -0.1929967 -0.9811994 -1.500965e-06 -0.1929397 -0.9812106 -1.264751e-05 -0.1929812 -0.9812024 1.16895e-05 -0.1929353 -0.9812115 2.274999e-05 -0.1929326 -0.981212 2.856147e-05 -0.1928376 -0.9812307 3.460593e-06 -0.1929306 -0.9812124 4.08889e-06 -0.1929368 -0.9812111 1.243736e-05 -0.1929349 -0.9812116 -1.98536e-05 -0.1929897 -0.9812008 1.787891e-05 -0.1928573 -0.9812269 3.429308e-05 -0.1929227 -0.981214 2.66399e-05 -0.1929248 -0.9812135 -1.134459e-05 -0.1929749 -0.9812037 6.073606e-06 -0.1929187 -0.9812148 -2.251954e-05 -0.1929709 -0.9812045 -9.705166e-05 -0.193001 -0.9811986 2.254825e-05 -0.1928912 -0.9812202 3.624883e-06 -0.1929496 -0.9812087 -5.120394e-05 -0.1929604 -0.9812065 3.618879e-05 -0.1929277 -0.981213 -1.977929e-05 -0.1929707 -0.9812045 -3.150275e-05 -0.1929998 -0.9811988 -2.669166e-06 -0.1929266 -0.9812132 2.030862e-05 -0.1929174 -0.981215 1.112192e-05 -0.1929267 -0.9812132 8.089975e-06 -0.1929345 -0.9812117 -1.026706e-05 -0.19296 -0.9812067 -2.363326e-05 -0.1929501 -0.9812086 4.135202e-05 -0.1929217 -0.9812142 -1.554996e-05 -0.1929643 -0.9812058 3.596322e-06 -0.1929389 -0.9812108 9.586982e-06 -0.1929466 -0.9812093 -7.424385e-05 -0.1929804 -0.9812027 2.677343e-05 -0.1929207 -0.9812143 -5.395729e-05 -0.1929655 -0.9812056 4.758255e-05 -0.1928939 -0.9812196 4.043353e-05 -0.1929214 -0.9812142 -1.129455e-05 -0.1929386 -0.9812108 7.018491e-05 -0.192887 -0.981221 -7.027522e-05 -0.1930129 -0.9811962 -6.454046e-06 -0.1929686 -0.9812049 -3.273419e-07 -0.1929415 -0.9812103 -2.633989e-05 -0.192979 -0.9812029 4.946264e-05 -0.1929166 -0.9812151 3.164642e-05 -0.192926 -0.9812134 3.181576e-06 -0.1929503 -0.9812085 -3.385384e-05 -0.1929858 -0.9812015 1.120082e-05 -0.1929122 -0.981216 -4.841472e-06 -0.1929273 -0.981213 -7.230618e-06 -0.1929312 -0.9812123 -4.919144e-05 -0.1929647 -0.9812057 1.597105e-05 -0.1929373 -0.9812111 -2.226697e-05 -0.1929462 -0.9812093 -2.738618e-05 -0.192955 -0.9812076 -7.965369e-07 -0.1929231 -0.9812139 -9.51779e-06 -0.1929272 -0.9812131 1.840317e-05 -0.1929061 -0.9812172 1.258234e-05 -0.1929168 -0.9812151 -5.281714e-05 -0.1929814 -0.9812024 3.216063e-06 -0.1929273 -0.9812131 -2.959598e-05 -0.192991 -0.9812005 2.755402e-05 -0.1929247 -0.9812136 2.175648e-05 -0.1929268 -0.9812131 1.442077e-05 -0.1929211 -0.9812142 -1.248164e-05 -0.1929715 -0.9812043 -1.512165e-05 -0.1929405 -0.9812104 2.096795e-05 -0.1929292 -0.9812127 4.086294e-05 -0.192891 -0.9812202 1.757363e-07 -0.1929715 -0.9812043 2.541094e-05 -0.192915 -0.9812155 2.310068e-05 -0.1929157 -0.9812153 -1.837772e-05 -0.1929938 -0.9811999 4.762568e-05 -0.1929369 -0.9812112 -5.505438e-05 -0.1929609 -0.9812064 1.2905e-05 -0.1929269 -0.9812132 2.284636e-05 -0.1928787 -0.9812226 -2.543249e-06 -0.1929339 -0.9812117 -1.520127e-05 -0.1929957 -0.9811996 -7.758323e-06 -0.1929639 -0.9812059 -2.980456e-06 -0.1929628 -0.981206 -3.486658e-06 -0.1929702 -0.9812047 3.614215e-06 -0.1929324 -0.9812121 -2.514503e-05 -0.1929616 -0.9812064 1.374064e-05 -0.1929533 -0.9812079 1.456982e-06 -0.1929371 -0.9812111 5.216082e-06 -0.1929186 -0.9812148 5.660423e-05 -0.1929467 -0.9812092 -2.477271e-05 -0.1929614 -0.9812063 5.228196e-06 -0.1929185 -0.9812148 -1.866465e-05 -0.1930361 -0.9811917 -8.754585e-05 -0.1929846 -0.9812018 8.765563e-06 -0.192968 -0.9812051 1.327542e-06 -0.1929796 -0.9812028 7.108258e-06 -0.1929196 -0.9812146 -2.740583e-05 -0.1929403 -0.9812105 4.944019e-05 -0.1929379 -0.9812109 2.894085e-06 -0.1929315 -0.9812122 5.576387e-05 -0.1929358 -0.9812114 -1.948848e-05 -0.1929382 -0.9812109 5.396157e-06 -0.1929094 -0.9812165 7.827444e-06 -0.1929272 -0.9812131 -1.747966e-05 -0.1929566 -0.9812074 -1.751569e-06 -0.1929341 -0.9812117 2.910069e-06 -0.1929823 -0.9812022 0 -0.1929247 -0.9812136 -2.896131e-05 -0.1929433 -0.9812099 2.207147e-05 -0.1929546 -0.9812077 -2.426559e-05 -0.1929421 -0.9812102 -1.95673e-05 -0.1929431 -0.98121 -4.692572e-06 -0.1929359 -0.9812114 1.896486e-05 -0.1929413 -0.9812103 0.0001167593 -0.1929762 -0.9812035 -0.0001178168 -0.1929413 -0.9812103 -2.75675e-05 -0.1929359 -0.9812114 4.040912e-05 -0.1929398 -0.9812106 5.353749e-05 -0.1929432 -0.9812099 -1.531877e-05 -0.1929403 -0.9812105 -0.9473918 -0.3140664 0.06173403 -0.947393 -0.3140444 0.06182725 0.770353 -0.6256087 0.1231662 0.7703795 -0.6256142 0.1229728 0.9480152 0.3122497 -0.06137706 0.9480153 0.3122498 -0.06137684 -0.1427663 -0.9711726 0.1908969 -0.1427816 -0.9711131 0.1911872 0.770353 -0.6256087 0.1231662 0.7703795 -0.6256142 0.1229728 0.1455446 0.9707755 -0.1908187 0.1455447 0.9707755 -0.1908188 0.6373976 0.7560673 -0.1486153 0.6373883 0.7560304 -0.1488429 -0.7704053 0.6255468 -0.1231541 -0.7703742 0.6256204 -0.122974 -0.6373976 -0.7560674 0.1486147 -0.6373976 -0.7560673 0.1486151 -2.813959e-06 -0.1929449 -0.9812096 -2.528051e-06 -0.1929527 -0.981208 -1.302973e-06 -0.1929474 -0.981209 2.27955e-06 -0.1929504 -0.9812085 -1.327093e-05 -0.1929569 -0.9812073 -7.284496e-06 -0.1929413 -0.9812104 5.427348e-06 -0.1929395 -0.9812106 -0.4951115 0.8525161 -0.1675733 -0.4951115 0.8525161 -0.1675733 -0.5424696 0.8243021 -0.1620275 -0.5424696 0.8243021 -0.1620275 -0.5897895 0.7923942 -0.1557556 -0.5897895 0.7923942 -0.1557556 -0.6376005 0.7559004 -0.1485938 -0.6375912 0.7559102 -0.1485842 -0.6772051 0.7219788 -0.1419145 -0.6772173 0.7219657 -0.141923 -0.7077025 0.693245 -0.1362665 -0.7077025 0.6932451 -0.1362665 -0.738646 0.6614366 -0.1300141 -0.738646 0.6614366 -0.1300141 -0.7682824 0.6280922 -0.1234598 -0.7682824 0.6280923 -0.1234598 -0.7998682 0.5889067 -0.1157574 -0.7998682 0.5889068 -0.1157574 -0.829004 0.5487084 -0.108035 -0.8288119 0.5490215 -0.1079174 -0.8583891 0.5033671 -0.09894347 -0.8584732 0.5031976 -0.09907439 -0.8904165 0.4466007 -0.08778529 -0.8904165 0.4466007 -0.0877853 -0.9149655 0.3959553 -0.07783027 -0.9149654 0.3959553 -0.07783028 -0.9347066 0.3487469 -0.06855083 -0.9347066 0.3487469 -0.06855083 -0.952673 0.2982891 -0.05863269 -0.952673 0.2982891 -0.05863269 -0.9670615 0.2497637 -0.04909436 -0.9670809 0.2496764 -0.04915485 -0.9781116 0.204162 -0.04019425 -0.9781122 0.2041589 -0.04019675 -0.9866873 0.1595652 -0.03141671 -0.9866807 0.159614 -0.03137668 -0.9931982 0.11425 -0.02245909 -0.9932011 0.1142189 -0.02248676 -0.9975796 0.06822468 -0.01343168 -0.9975796 0.06822468 -0.01343168 -0.9993615 0.03505848 -0.006902113 -0.9993615 0.03505848 -0.006902113 -0.05660625 -0.9795928 0.1928566 -0.05654602 -0.9796538 0.192564 0.9989141 -0.04571582 0.008986049 0.9989141 -0.04571581 0.008986049 0.9947641 -0.1002785 0.01971108 0.9947641 -0.1002785 0.01971107 0.9885455 -0.1480899 0.02910903 0.9885455 -0.1480899 0.02910904 0.9805307 -0.192679 0.03787361 0.9805307 -0.192679 0.03787361 0.9681479 -0.2456777 0.0482912 0.9521712 -0.2998276 0.0589351 0.9681479 -0.2456777 0.0482912 0.9521712 -0.2998276 0.0589351 0.9371163 -0.3424638 0.06731579 0.9371164 -0.3424638 0.06731579 0.9215179 -0.3810444 0.07489932 0.9215179 -0.3810444 0.07489932 0.8955764 -0.436554 0.08581049 0.8955764 -0.436554 0.08581049 0.8530551 -0.5120231 0.1006449 0.8530551 -0.5120231 0.1006449 0.8074763 -0.5788223 0.113784 0.7654067 -0.6314617 0.1241318 0.8074837 -0.578814 0.1137735 0.765396 -0.6314759 0.124125 0.7063905 -0.6945322 0.1365195 0.7063904 -0.6945322 0.1365195 0.6056542 -0.7807872 0.1534741 0.6056542 -0.7807872 0.1534741 0.5249535 -0.8351499 0.1641598 0.5249535 -0.8351499 0.1641597 0.4204938 -0.8902598 0.1749924 0.4204938 -0.8902598 0.1749924 0.3651293 -0.9134232 0.1798295 0.3655426 -0.9133179 0.1795247 0.3059015 -0.934187 0.1836268 0.3053758 -0.9342976 0.1839391 0.2303647 -0.9547769 0.187971 0.2306512 -0.9547666 0.1876721 0.1347876 -0.9722697 0.1911125 0.1344634 -0.9722556 0.1914121 0.04563403 -0.9801438 0.1929651 0.0459934 -0.9801854 0.1926684 -0.0326389 -0.9806432 0.1930634 -0.03263891 -0.9806432 0.1930634 -0.1090878 -0.975368 0.1917215 -0.1095113 -0.9752648 0.1920046 -0.1835543 -0.9645523 0.1895956 -0.1835543 -0.9645523 0.1895955 -0.2504237 -0.9499584 0.1867269 -0.3137048 -0.9316922 0.1831364 -0.2504237 -0.9499584 0.1867269 -0.3136801 -0.9316975 0.1831517 -0.4119994 -0.8940756 0.1757424 -0.4120118 -0.8940674 0.1757545 -0.515274 -0.8409338 0.1652967 -0.515274 -0.8409338 0.1652967 -0.5869689 -0.7944081 0.1561514 -0.5869689 -0.7944081 0.1561514 -0.6480373 -0.7473085 0.1468934 -0.6480373 -0.7473085 0.1468934 -0.7108263 -0.6901611 0.1356603 -0.7108339 -0.6901516 0.135669 -0.7868198 -0.6055927 0.1190465 -0.7869338 -0.6054161 0.1191909 -0.8565999 -0.5062633 0.09967023 -0.8565999 -0.5062632 0.0996702 -0.9114518 -0.4036584 0.07946995 -0.9113879 -0.4038213 0.07937644 -0.9369123 -0.3430009 0.06742137 -0.9369123 -0.3430009 0.06742136 -0.9659769 -0.2537573 0.04995828 -0.9659463 -0.2538846 0.04990438 -0.9837145 -0.1763527 0.03471931 -0.9837145 -0.1763527 0.03471931 -0.9953011 -0.09500409 0.01870386 -0.9953011 -0.0950041 0.01870386 -0.9999509 0.009718543 -0.001910457 -0.999951 0.009714947 -0.001912623 -0.9967297 0.07929078 -0.01558565 -0.9967298 0.07928928 -0.01558657 -0.9866821 0.1596066 -0.03137279 -0.975256 0.2169273 -0.04263994 -0.9866821 0.1596066 -0.03137279 -0.9752408 0.216981 -0.04271797 -0.964543 0.2589551 -0.05098158 -0.9645602 0.2589083 -0.05089185 -0.950019 0.3063304 -0.0602133 -0.950019 0.3063304 -0.0602133 -0.9359545 0.3455095 -0.06791446 -0.9359545 0.3455094 -0.06791446 -0.9206084 0.3831552 -0.07531426 -0.9206085 0.3831552 -0.07531422 -0.9102753 0.40623 -0.07984988 -0.9102753 0.40623 -0.07984989 -0.912554 0.4012778 -0.07887635 -0.9125648 0.4012304 -0.07899193 -0.9299842 0.3606762 -0.07100786 -0.9299842 0.3606762 -0.0710079 -0.9429308 0.3267366 -0.06422441 -0.9545112 0.2925766 -0.0575098 -0.9429571 0.3266442 -0.06430783 -0.9621763 0.2673115 -0.0525477 -0.954509 0.2925827 -0.05751548 -0.9621785 0.2673048 -0.0525423 -0.9779591 0.2048644 -0.04033253 -0.9779472 0.2049311 -0.04028191 -0.9932394 0.1138974 -0.02242346 -0.9984838 0.05401311 -0.01061699 -0.9932427 0.1138766 -0.02238396 -0.9984838 0.05401311 -0.01061699 -0.9999993 0.001199767 -0.0002362033 -0.9979647 -0.06256845 0.01231812 -0.9999993 0.001200536 -0.0002359813 -0.997966 -0.06255231 0.01229549 -0.9908613 -0.1323445 0.02605523 -0.9908543 -0.1324023 0.02602542 -0.9831531 -0.1793416 0.03530774 -0.9831531 -0.1793416 0.03530774 -0.9732014 -0.2256229 0.04442279 -0.9732 -0.2256294 0.04442063 -0.9561878 -0.287257 0.05646416 -0.9284021 -0.3646002 0.07166701 -0.9562174 -0.2871443 0.05653573 -0.900622 -0.4264179 0.08395071 -0.9283567 -0.3646902 0.07179812 -0.9006842 -0.4263167 0.08379819 -0.861517 -0.4981956 0.09792695 -0.8615907 -0.4980434 0.09805193 -0.8341031 -0.5412515 0.1063902 -0.8342339 -0.5410256 0.106514 -0.7987391 -0.5903804 0.1160471 -0.7987391 -0.5903804 0.1160471 -0.7643756 -0.6326631 0.124368 -0.7643656 -0.6326765 0.1243609 -0.7291405 -0.6715143 0.131995 -0.7291512 -0.6715011 0.1320027 -0.6912976 -0.7089612 0.1395762 -0.6910512 -0.7092342 0.1394094 -0.649678 -0.7459357 0.1466236 -0.6499624 -0.7456532 0.1467999 -0.607179 -0.7796003 0.1534832 -0.6068545 -0.7798893 0.1532976 -0.5655999 -0.8091955 0.1590581 -0.5659642 -0.8089025 0.1592521 -0.5257313 -0.8346787 0.1640672 -0.5257313 -0.8346788 0.1640672 -0.4868471 -0.8570864 0.1684717 -0.4868471 -0.8570864 0.1684717 -0.4296049 -0.8860617 0.1741672 -0.4296049 -0.8860617 0.1741672 -0.3529805 -0.918063 0.1804575 -0.3529805 -0.918063 0.1804575 -0.2745101 -0.9435294 0.1854632 -0.2748618 -0.9433725 0.1857402 -0.2020219 -0.9609326 0.1891976 -0.2020032 -0.9609391 0.1891842 -0.1392969 -0.9716002 0.1912831 -0.138874 -0.9717158 0.1910036 -0.08359208 -0.9777896 0.1921975 -0.08359209 -0.9777896 0.1921975 -0.03518731 -0.9806162 0.1927531 -0.03518731 -0.9806162 0.1927531 0.00814054 -0.9811913 0.1928661 0.00814054 -0.9811913 0.1928661 0.0685427 -0.9789161 0.1924189 0.0685427 -0.9789161 0.1924189 0.1416752 -0.9713264 0.1909271 0.1416752 -0.9713264 0.1909271 0.206731 -0.9600273 0.1887061 0.206731 -0.9600273 0.1887061 0.2579394 -0.9480202 0.1863459 0.25741 -0.9481029 0.1866571 0.305321 -0.9343699 0.1836628 0.3049195 -0.9344411 0.1839674 0.3634422 -0.9140707 0.179957 0.4094764 -0.895138 0.1762297 0.363847 -0.9139695 0.1796528 0.4347196 -0.8836567 0.1736944 0.4090237 -0.89539 0.1760008 0.4347196 -0.8836567 0.1736944 0.5106485 -0.843646 0.1658298 0.5106485 -0.843646 0.1658298 0.5680031 -0.8075731 0.1587392 0.5680031 -0.8075731 0.1587392 0.6196252 -0.7701606 0.1513853 0.6196252 -0.7701606 0.1513853 0.6573727 -0.7394165 0.1453421 0.6573728 -0.7394165 0.1453421 0.6906239 -0.7096349 0.1394881 0.6906239 -0.7096349 0.1394881 0.7200805 -0.6808619 0.1338324 0.7200804 -0.6808619 0.1338324 0.7570412 -0.6410994 0.1260166 0.7570412 -0.6410994 0.1260166 0.7984644 -0.5907362 0.1161261 0.7984704 -0.5907302 0.1161159 0.8352684 -0.5395185 0.1060495 0.835263 -0.539525 0.106059 0.8688098 -0.4858491 0.09550007 0.8688098 -0.4858491 0.09550007 0.9008436 -0.4259672 0.08386198 0.9009042 -0.4258687 0.08371013 0.922326 -0.3791575 0.07452842 0.9222808 -0.3792409 0.07466277 0.942408 -0.3281856 0.06450924 0.942408 -0.3281856 0.06450924 0.9583799 -0.2801355 0.05506435 0.9583799 -0.2801355 0.05506437 0.9705799 -0.2362442 0.0465104 0.9705919 -0.2362106 0.04643034 0.9800743 -0.1948902 0.03836885 0.9800823 -0.1948631 0.03830292 0.9864749 -0.1608345 0.03161414 0.9864749 -0.1608345 0.03161416 0.1624976 0.9681823 -0.1903091 0.1624976 0.9681823 -0.1903091 -0.98431 0.173135 -0.03403196 -0.9843154 0.1730951 -0.03407797 -0.973484 0.2244594 -0.04412391 -0.9734936 0.2244066 -0.04417988 -0.9646785 0.2584841 -0.05080848 -0.9646795 0.2584794 -0.0508115 -0.9516103 0.3015371 -0.05927112 -0.9516104 0.3015371 -0.05927112 -0.9373995 0.3417169 -0.06716899 -0.9373995 0.3417169 -0.06716899 -0.923563 0.376247 -0.07395633 -0.923563 0.376247 -0.07395633 -0.8934283 0.4407713 -0.08663943 -0.8934283 0.4407713 -0.08663943 -0.8401307 0.5321671 -0.1047782 -0.8400118 0.5323808 -0.1046465 -0.7890336 0.6028132 -0.1185001 -0.7892079 0.6025578 -0.1186374 -0.7431321 0.6565807 -0.1290596 -0.7431443 0.6565655 -0.1290667 -0.683205 0.7165157 -0.1408407 -0.6832051 0.7165158 -0.1408407 -0.5934089 0.7897882 -0.1552433 -0.5934089 0.7897882 -0.1552433 -0.5126231 0.8424922 -0.165603 -0.512623 0.8424922 -0.165603 -0.4125501 0.893831 -0.1756943 -0.4125501 0.893831 -0.1756943 -0.35197 0.9183825 -0.1808059 -0.3515511 0.918591 -0.1805612 -0.258239 0.9479417 -0.1863305 -0.2586162 0.9477869 -0.1865949 -0.1506302 0.9700282 -0.1906719 -0.1506302 0.9700282 -0.1906719 -0.04743931 0.9800614 -0.1929489 -0.04695945 0.9801414 -0.1926598 0.0468622 0.9800881 -0.1929541 0.0468622 0.9800881 -0.1929541 0.1314415 0.9727107 -0.1911992 0.1308787 0.9727264 -0.1915048 0.238096 0.9530054 -0.1873258 0.238096 0.9530054 -0.1873258 0.3616698 0.9148012 -0.1798163 0.3616698 0.9148011 -0.1798163 0.4706113 0.8657736 -0.1701793 0.4706112 0.8657736 -0.1701793 0.5593109 0.8133454 -0.1601268 0.5596815 0.8131478 -0.159835 0.6599593 0.7371948 -0.1449054 0.7753347 0.6196924 -0.1218088 0.6597766 0.7373088 -0.1451571 0.7753347 0.6196924 -0.1218088 0.8466837 0.5221058 -0.1026268 0.8466837 0.5221058 -0.1026268 0.9069158 0.4134011 -0.08125947 0.9069803 0.4132407 -0.08135647 0.9417111 0.3301058 -0.06488667 0.9655764 0.2552356 -0.05016995 0.9416496 0.3302556 -0.06501883 0.9843217 0.1730606 -0.03407118 0.9656166 0.2550743 -0.05021757 0.9843116 0.173126 -0.0340302 0.9972166 0.07315507 -0.01440235 0.9972188 0.07313101 -0.01437487 0.9996197 -0.0270596 0.005318924 0.9951602 -0.09642111 0.01895284 0.9996193 -0.02707063 0.005329511 0.9951658 -0.09635881 0.01897204 0.9886277 -0.1475604 0.02900496 0.9886171 -0.1476193 0.0290647 0.9801474 -0.1945474 0.03824087 0.9696416 -0.2399392 0.04716323 0.9801474 -0.1945474 0.03824086 0.9613516 -0.270138 0.05318321 0.9696731 -0.2398025 0.04721095 0.9613222 -0.270255 0.05312221 0.9348611 -0.3483478 0.06847236 0.9238355 -0.3755802 0.07394207 0.9349182 -0.3481799 0.06854766 0.9238355 -0.3755802 0.07394207 0.911319 -0.403947 0.07952679 0.9113015 -0.4040089 0.07941329 0.9028028 -0.4219789 0.08295199 0.9028034 -0.4219787 0.08294547 0.909866 -0.4071108 0.08002926 0.9098516 -0.4071191 0.08015127 0.9287745 -0.3636857 0.07148724 0.9287562 -0.3637096 0.07160513 0.9456788 -0.3189983 0.06270335 0.9456788 -0.3189983 0.06270335 0.9600964 -0.2744182 0.05394054 0.9600964 -0.2744182 0.05394052 0.9721459 -0.2299623 0.04527367 0.9721617 -0.2299118 0.04519222 0.9823964 -0.1833008 0.0360302 0.9823866 -0.1833402 0.03609495 0.9905549 -0.1345422 0.02644606 0.9905549 -0.1345422 0.02644606 0.9972674 -0.07248526 0.01427048 0.9997682 -0.02112349 0.004158671 0.9972692 -0.07246611 0.01424417 0.9997681 -0.02113116 0.004153609 0.9994388 0.03287007 -0.006461048 0.9994388 0.03287007 -0.006461048 0.9950928 0.09708837 -0.01908401 0.9950928 0.09708837 -0.01908401 0.9870458 0.1574268 -0.03094433 0.9775567 0.2067166 -0.04063289 0.9870458 0.1574268 -0.03094433 0.9775567 0.2067166 -0.04063289 0.9619178 0.2681911 -0.05279992 0.9619403 0.2681288 -0.05270429 0.9350272 0.3479185 -0.06838799 0.934989 0.3479965 -0.06851155 0.9013779 0.4249028 -0.08352028 0.9013779 0.4249028 -0.08352028 0.8682914 0.4867406 -0.09567531 0.8682914 0.4867406 -0.09567531 0.8549843 0.5089155 -0.1000341 0.8549843 0.5089155 -0.1000341 0.8256673 0.5535322 -0.1089762 0.8257858 0.5533944 -0.108777 0.7890226 0.6028288 -0.118494 0.7888442 0.603018 -0.1187187 0.7551519 0.6432411 -0.1264376 0.7551519 0.6432411 -0.1264376 0.718522 0.6824051 -0.134348 0.7187458 0.6822184 -0.1340991 0.6808382 0.7186815 -0.1412664 0.6805881 0.7188672 -0.1415265 0.6366143 0.7567025 -0.1487399 0.5894612 0.7926294 -0.1558018 0.6366143 0.7567025 -0.1487399 0.5894612 0.7926294 -0.1558018 0.5423802 0.8243586 -0.1620386 0.5423802 0.8243586 -0.1620386 0.4956397 0.8522205 -0.1675153 0.4956397 0.8522205 -0.1675152 0.4480739 0.8772107 -0.1724274 0.4480738 0.8772107 -0.1724274 0.4039837 0.8975904 -0.1764333 0.4039615 0.8975974 -0.1764484 0.3677513 0.9124612 -0.1793703 0.3677752 0.9124545 -0.179355 0.318877 0.9300001 -0.1828038 0.318877 0.9300001 -0.1828038 0.2618043 0.9469997 -0.1861454 0.2618043 0.9469997 -0.1861454 0.207196 0.9599308 -0.1886871 0.207196 0.9599308 -0.1886871 0.153802 0.9695489 -0.1905777 0.153802 0.9695489 -0.1905777 0.098901 0.9764131 -0.1919269 0.098901 0.9764131 -0.1919269 0.04715319 0.9801323 -0.192658 0.04715319 0.9801323 -0.192658 0.002033785 0.9812217 -0.1928721 0.002033785 0.9812217 -0.1928721 -0.03833526 0.9805026 -0.1927308 -0.07880529 0.9781722 -0.1922727 -0.03833526 0.9805026 -0.1927308 -0.1359071 0.9721196 -0.191083 -0.07880529 0.9781722 -0.1922727 -0.1355946 0.9721043 -0.1913823 -0.2016168 0.9610739 -0.1889118 -0.2019833 0.9609432 -0.189185 -0.2524008 0.9494545 -0.1866279 -0.2524008 0.9494545 -0.1866279 -0.3021476 0.9353625 -0.1838579 -0.3510338 0.9187814 -0.1805987 -0.3021476 0.9353625 -0.1838579 -0.3510338 0.9187814 -0.1805987 -0.3925843 0.9024473 -0.177388 -0.3925843 0.9024472 -0.177388 -0.4345957 0.8837154 -0.173706 -0.4345957 0.8837154 -0.173706 -3.142394e-05 -0.1929305 -0.9812124 -7.782064e-05 -0.192885 -0.9812214 7.884926e-06 -0.1929487 -0.9812089 -8.681091e-06 -0.1929344 -0.9812117 -1.367267e-05 -0.1929309 -0.9812124 1.286707e-05 -0.1929543 -0.9812077 2.423763e-05 -0.1929916 -0.9812005 2.051436e-05 -0.1929862 -0.9812015 2.464122e-06 -0.1929662 -0.9812055 -1.657292e-05 -0.1929493 -0.9812087 2.20283e-05 -0.1929526 -0.9812081 5.202108e-05 -0.1929689 -0.9812049 4.928641e-06 -0.192941 -0.9812104 -1.246703e-05 -0.1929155 -0.9812154 -2.038581e-05 -0.1929053 -0.9812173 -1.103574e-05 -0.1929419 -0.9812102 -7.730668e-06 -0.1929438 -0.9812098 -1.023946e-05 -0.1929233 -0.9812139 6.80843e-06 -0.1929598 -0.9812066 1.41784e-05 -0.1929703 -0.9812046 2.497486e-05 -0.1929545 -0.9812077 -4.669189e-05 -0.1929163 -0.9812152 7.336848e-05 -0.1929558 -0.9812075 1.240095e-06 -0.192944 -0.9812098 -1.811905e-05 -0.1928934 -0.9812197 2.960379e-05 -0.1930932 -0.9811804 -4.682038e-06 -0.1929498 -0.9812086 8.051988e-06 -0.19302 -0.9811949 -9.352662e-05 -0.1929156 -0.9812154 1.908354e-05 -0.1929382 -0.9812109 -2.562112e-05 -0.1929398 -0.9812106 5.89455e-05 -0.1929442 -0.9812098 1.124879e-05 -0.1929421 -0.9812101 2.545306e-05 -0.1929386 -0.9812108 -1.10149e-05 -0.192828 -0.9812325 8.960898e-06 -0.1929125 -0.981216 1.77674e-06 -0.1929522 -0.9812081 -8.478511e-05 -0.1929487 -0.9812089 1.718116e-05 -0.1930174 -0.9811953 3.490014e-08 -0.1929797 -0.9812027 -1.941498e-06 -0.192935 -0.9812115 -8.138059e-06 -0.1929415 -0.9812103 8.714305e-05 -0.1929469 -0.9812092 9.411826e-06 -0.1929564 -0.9812073 5.008893e-06 -0.1928926 -0.9812199 -2.492854e-05 -0.1929437 -0.9812098 5.537864e-05 -0.1929436 -0.9812099 -3.160955e-05 -0.1929574 -0.9812072 7.888127e-06 -0.1929728 -0.981204 7.267141e-06 -0.1929215 -0.9812142 5.696663e-06 -0.1929614 -0.9812064 1.129559e-05 -0.1929044 -0.9812176 -2.504277e-05 -0.1929551 -0.9812076 -3.670894e-05 -0.1929574 -0.9812071 2.949641e-05 -0.1929373 -0.9812111 7.251535e-06 -0.1929566 -0.9812073 3.092637e-05 -0.1928289 -0.9812325 7.490428e-05 -0.192917 -0.9812151 -1.058287e-05 -0.1929437 -0.9812099 2.920966e-05 -0.1929256 -0.9812134 -3.914764e-05 -0.193069 -0.9811851 -2.380107e-05 -0.1929803 -0.9812026 2.805087e-06 -0.1929775 -0.9812031 -2.645717e-05 -0.1929583 -0.981207 -2.002563e-05 -0.192956 -0.9812074 5.453787e-06 -0.1928817 -0.981222 -5.809192e-06 -0.1929641 -0.9812059 -1.169439e-05 -0.1929786 -0.981203 4.670575e-06 -0.1929366 -0.9812112 -8.044781e-07 -0.1929402 -0.9812105 3.412724e-05 -0.1929265 -0.9812132 1.140432e-05 -0.1929399 -0.9812105 1.229854e-05 -0.1929497 -0.9812087 -5.333422e-06 -0.192944 -0.9812098 -9.097441e-06 -0.1929686 -0.981205 -1.253713e-05 -0.1929492 -0.9812087 -5.473764e-06 -0.1929446 -0.9812096 6.216192e-05 -0.1928871 -0.981221 1.714832e-06 -0.1928868 -0.9812211 4.202225e-06 -0.1929782 -0.9812031 -9.539524e-05 -0.193019 -0.981195 4.615307e-06 -0.1929464 -0.9812093 3.245506e-05 -0.1929048 -0.9812175 -9.031757e-06 -0.1929572 -0.9812072 -8.827162e-06 -0.1929299 -0.9812125 5.899695e-05 -0.1928759 -0.9812232 -1.57055e-06 -0.192994 -0.9811999 3.335379e-06 -0.192909 -0.9812166 -5.94542e-05 -0.1929976 -0.9811993 -1.749283e-05 -0.1929435 -0.9812099 8.552587e-06 -0.192924 -0.9812137 7.452261e-06 -0.1928888 -0.9812206 -3.210811e-06 -0.1929994 -0.9811988 7.335881e-06 -0.1929481 -0.981209 3.892392e-05 -0.192899 -0.9812186 1.579718e-05 -0.1928617 -0.9812259 8.13734e-06 -0.1929068 -0.9812171 -1.681606e-05 -0.1929596 -0.9812067 -4.686411e-05 -0.1930215 -0.9811946 -2.609094e-05 -0.1930104 -0.9811967 -1.776922e-05 -0.1929762 -0.9812035 4.521155e-05 -0.1928377 -0.9812306 2.355079e-05 -0.1929209 -0.9812143 1.74173e-05 -0.1929336 -0.9812118 -1.839084e-05 -0.1929694 -0.9812047 -5.511422e-06 -0.1929432 -0.98121 -4.720089e-05 -0.1930178 -0.9811952 -1.071468e-05 -0.1929383 -0.9812109 9.592089e-06 -0.1929315 -0.9812122 1.426453e-05 -0.1929426 -0.9812101 1.452571e-05 -0.1929409 -0.9812104 1.007863e-05 -0.1929371 -0.9812111 -2.324779e-05 -0.1929895 -0.9812008 3.002228e-05 -0.1928825 -0.9812218 3.540843e-06 -0.1929282 -0.9812129 2.280629e-05 -0.1928774 -0.9812229 6.61268e-06 -0.1929376 -0.981211 4.000094e-05 -0.192908 -0.9812168 4.545679e-05 -0.1929006 -0.9812183 1.128461e-05 -0.192913 -0.9812158 -8.14519e-06 -0.1929796 -0.9812028 -3.512322e-05 -0.192985 -0.9812017 -4.869191e-05 -0.1930036 -0.981198 -3.367023e-05 -0.1929835 -0.981202 -9.225999e-06 -0.1929821 -0.9812022 1.062287e-05 -0.1928888 -0.9812207 4.859547e-06 -0.1929518 -0.9812082 7.747237e-05 -0.1928633 -0.9812256 -5.186166e-06 -0.1929272 -0.9812131 -1.235779e-05 -0.1929934 -0.9812 -1.737441e-06 -0.1929669 -0.9812052 -2.256804e-06 -0.1929351 -0.9812115 -3.479642e-06 -0.1929389 -0.9812108 -2.199099e-05 -0.1929622 -0.9812062 -4.281545e-05 -0.1929751 -0.9812036 1.705079e-05 -0.1929257 -0.9812134 1.274376e-05 -0.1929357 -0.9812115 1.6993e-05 -0.1929003 -0.9812183 -1.119598e-05 -0.1929432 -0.9812099 1.796325e-05 -0.1929306 -0.9812124 -9.916476e-06 -0.1929593 -0.9812068 -8.643948e-08 -0.1929328 -0.981212 -8.233791e-06 -0.1929521 -0.9812081 -7.529871e-06 -0.1929481 -0.9812089 5.673504e-06 -0.1929428 -0.98121 8.059887e-06 -0.1929413 -0.9812103 -3.455159e-05 -0.1929565 -0.9812073 1.669568e-05 -0.1929257 -0.9812134 1.289796e-05 -0.1929383 -0.9812108 1.066099e-05 -0.1929336 -0.9812118 3.808808e-05 -0.1929234 -0.9812138 7.693069e-05 -0.1929139 -0.9812157 7.674542e-06 -0.1929475 -0.9812091 -1.505315e-05 -0.1929468 -0.9812092 -3.399797e-05 -0.1929496 -0.9812086 -7.891224e-06 -0.1930069 -0.9811974 -1.292552e-06 -0.1928973 -0.981219 -1.516329e-05 -0.1929429 -0.98121 6.404213e-06 -0.1928657 -0.9812252 3.016688e-06 -0.1929581 -0.981207 -4.095814e-05 -0.1929486 -0.9812089 9.854998e-06 -0.1929454 -0.9812095 -5.649222e-06 -0.1929909 -0.9812005 3.262511e-06 -0.1928731 -0.9812238 2.182306e-05 -0.1929425 -0.9812101 3.672661e-05 -0.1929416 -0.9812102 -3.882803e-06 -0.1929399 -0.9812106 -1.860833e-05 -0.1929604 -0.9812065 3.610573e-05 -0.1929352 -0.9812115 -1.790841e-05 -0.1929357 -0.9812114 7.583893e-06 -0.1929385 -0.9812109 -1.130595e-06 -0.1930059 -0.9811976 -1.380912e-05 -0.1928943 -0.9812195 -4.95857e-05 -0.1929407 -0.9812105 -5.088158e-07 -0.1929951 -0.9811997 -4.024925e-06 -0.1929663 -0.9812053 3.129049e-05 -0.1929479 -0.981209 3.125492e-05 -0.1929479 -0.981209 -3.038279e-06 -0.1929463 -0.9812093 -3.119843e-05 -0.192942 -0.9812102 -3.717628e-05 -0.1929405 -0.9812105 2.880301e-05 -0.1929943 -0.9811999 -1.479829e-05 -0.1928476 -0.9812287 -5.463864e-06 -0.1929444 -0.9812097 -5.061089e-06 -0.1929445 -0.9812097 2.517758e-05 -0.192975 -0.9812037 -8.946171e-06 -0.192864 -0.9812256 3.684514e-05 -0.192952 -0.9812082 0.0001187323 -0.1929827 -0.9812021 1.707694e-05 -0.1930108 -0.9811966 -2.177692e-05 -0.1929078 -0.9812168 -1.416344e-05 -0.192948 -0.981209 2.917413e-05 -0.1929679 -0.981205 -1.823775e-05 -0.1929399 -0.9812105 -3.012448e-05 -0.1928756 -0.9812233 1.7523e-05 -0.1929774 -0.9812032 -1.45023e-05 -0.1929413 -0.9812103 5.425048e-06 -0.1929369 -0.9812112 -2.350206e-05 -0.192937 -0.9812112 -9.844312e-06 -0.192947 -0.9812092 1.769978e-05 -0.192973 -0.9812041 4.206358e-05 -0.1930082 -0.9811972 2.942462e-05 -0.1929674 -0.9812052 5.696511e-06 -0.1929466 -0.9812092 -7.786896e-05 -0.1928947 -0.9812195 -9.437497e-06 -0.1929537 -0.9812078 1.575732e-05 -0.1929641 -0.9812058 0.0001032377 -0.1930282 -0.9811932 -1.889513e-05 -0.1929231 -0.9812139 -5.693311e-05 -0.1928727 -0.9812238 -7.256876e-05 -0.1928573 -0.9812268 -1.965864e-05 -0.1929226 -0.981214 -2.892962e-05 -0.1929192 -0.9812146 -7.306606e-05 -0.1928704 -0.9812242 6.452515e-05 -0.1930228 -0.9811943 1.45527e-05 -0.1929793 -0.9812028 -0.2098786 0.9593695 -0.1885769 -0.2099042 0.9593076 -0.188863 -0.9780445 -0.2044716 0.0402552 -0.9780418 -0.204496 0.0401964 0.2095313 -0.9594426 0.1885911 0.2095209 -0.9593883 0.1888789 0.9780418 0.2044839 -0.04025763 0.9780444 0.2044836 -0.04019397 -0.2095781 0.9594327 -0.1885892 -0.2095781 0.9594327 -0.1885892 0.9777859 0.2056703 -0.0404266 0.977786 0.2056702 -0.0404272 -0.2085543 0.9596475 -0.1886314 -0.2085543 0.9596475 -0.1886314 -0.9777862 -0.2056689 0.0404263 -0.9777862 -0.2056689 0.04042695 -7.484417e-06 -0.1929432 -0.9812099 6.453853e-06 -0.1929583 -0.981207 4.112509e-06 -0.1929421 -0.9812101 -2.374348e-06 -0.192948 -0.981209 -1.805606e-07 -0.1929493 -0.9812087 1.4167e-06 -0.1929297 -0.9812126 -0.9958091 0.08973973 -0.01763954 -0.9958091 0.08973973 -0.01763953 -0.9990685 0.04234261 -0.008323001 -0.9990685 0.04234261 -0.008323 -0.9999988 -0.001530198 0.0003007808 -0.9999988 -0.001530198 0.0003007808 -0.9989082 -0.04583937 0.009010335 -0.9989082 -0.04583937 0.009010333 -0.9956613 -0.09130404 0.01794702 -0.9956613 -0.09130405 0.01794702 -0.9915393 -0.1273696 0.02503618 -0.9915393 -0.1273696 0.02503618 -0.9862763 -0.1620029 0.03184382 -0.9862842 -0.1619472 0.03188324 -0.9777666 -0.2057467 0.04050624 -0.9777666 -0.2057467 0.04050624 -0.9685102 -0.2442846 0.04809335 -0.9684924 -0.2443673 0.04803363 -0.9600472 -0.2745841 0.05397316 -0.9600472 -0.2745841 0.05397315 -0.9477887 -0.3129112 0.06150686 -0.9477887 -0.3129112 0.06150685 -0.9327495 -0.3537562 0.06953546 -0.9327495 -0.3537562 0.06953547 -0.9189053 -0.3870713 0.076084 -0.9189053 -0.3870713 0.07608398 -0.9039323 -0.4196455 0.08248687 -0.9039323 -0.4196455 0.08248688 -0.8863621 -0.4542992 0.08929855 -0.8863621 -0.4542992 0.08929853 -0.8673767 -0.488308 0.09598338 -0.8673767 -0.488308 0.0959834 -0.8472393 -0.5212373 0.1024561 -0.8472392 -0.5212374 0.1024561 -0.8260855 -0.5529635 0.1086923 -0.8260855 -0.5529635 0.1086923 -0.8022246 -0.5858125 0.1151492 -0.8021218 -0.5859136 0.1153513 -0.7745915 -0.6205867 0.1219845 -0.774707 -0.6204114 0.122143 -0.7443501 -0.6552511 0.1287983 -0.7443501 -0.6552511 0.1287983 -0.7157174 -0.6852769 0.1347003 -0.7157174 -0.6852769 0.1347003 -0.6916619 -0.7086609 0.1392967 -0.6916619 -0.7086609 0.1392967 -0.6621425 -0.7353075 0.1445344 -0.6621425 -0.7353075 0.1445344 -0.6279565 -0.7636337 0.150114 -0.6279479 -0.7636427 0.1501041 -0.5984392 -0.7861254 0.1545234 -0.5984483 -0.7861164 0.1545336 -0.5682634 -0.8073967 0.1587045 -0.5682634 -0.8073968 0.1587045 -0.5337113 -0.8297884 0.1631059 -0.5337113 -0.8297884 0.1631059 -0.4986351 -0.8505365 0.1671842 -0.4986352 -0.8505365 0.1671842 -0.4629896 -0.8697212 0.1709552 -0.4630007 -0.8697129 0.1709669 -0.4242851 -0.8885237 0.1746647 -0.4242734 -0.8885317 0.1746527 -0.3853351 -0.9054505 0.1779783 -0.3853351 -0.9054505 0.1779783 -0.3490014 -0.9195266 0.1807452 -0.3490014 -0.9195266 0.1807452 -0.3118822 -0.9322811 0.1832522 -0.3118822 -0.9322811 0.1832522 -0.2734543 -0.9438244 0.1855212 -0.2734543 -0.9438244 0.1855212 -0.2314697 -0.9545759 0.1876345 -0.2314697 -0.9545759 0.1876345 -0.1880411 -0.96372 0.1894319 -0.1883195 -0.9636109 0.1897102 -0.1551157 -0.9692903 0.1908283 -0.1547228 -0.9694079 0.19055 -0.1409077 -0.9714339 0.1909482 -0.1413021 -0.9713215 0.1912282 -0.08177085 -0.9778802 0.1925195 -0.08164159 -0.9779482 0.1922287 -0.03542037 -0.9805503 0.1930451 -0.03516037 -0.9806171 0.1927533 0.01111714 -0.9811631 0.1928606 0.01087922 -0.981108 0.1931549 0.05861828 -0.9795365 0.1925409 0.05861828 -0.9795365 0.1925409 0.105734 -0.975666 0.1920835 0.1059627 -0.9756997 0.1917867 0.1520655 -0.9697555 0.1909199 0.1520544 -0.9697544 0.1909345 0.1977952 -0.9617788 0.1893642 0.1980542 -0.9617867 0.1890519 0.2438617 -0.9516007 0.1870497 0.2438485 -0.9516011 0.1870644 0.289214 -0.939288 0.1846439 0.2892011 -0.9392945 0.1846308 0.3306425 -0.9260359 0.1820246 0.3306426 -0.9260359 0.1820246 0.368289 -0.912255 0.1793158 0.3680422 -0.9122971 0.1796078 0.4057635 -0.8967643 0.1765498 0.4057635 -0.8967643 0.1765498 0.4447085 -0.8788062 0.1730143 0.4449376 -0.8787463 0.1727292 0.4831891 -0.8590772 0.168863 0.4831783 -0.8590805 0.1688768 0.5181357 -0.8392369 0.164976 0.5181254 -0.8392453 0.1649648 0.550148 -0.8193878 0.1610615 0.5501481 -0.8193878 0.1610615 0.5802009 -0.7991807 0.1570896 0.5802009 -0.7991807 0.1570896 0.6089762 -0.7782954 0.1529843 0.6089763 -0.7782955 0.1529843 0.6376712 -0.7558452 0.1485714 0.6376712 -0.7558452 0.1485714 0.6670895 -0.7309896 0.1436857 0.6670895 -0.7309896 0.1436857 0.6970223 -0.703586 0.1382992 0.6970223 -0.703586 0.1382992 0.7263327 -0.6744376 0.1325696 0.7263328 -0.6744376 0.1325696 0.7545546 -0.6439157 0.1265702 0.7545546 -0.6439157 0.1265701 0.7815573 -0.6121202 0.1203203 0.7815574 -0.6121202 0.1203203 0.8071085 -0.5793159 0.1138811 0.8071134 -0.5793111 0.1138713 0.8313876 -0.5452272 0.1073412 0.8314713 -0.5451346 0.1071617 0.8546727 -0.5094191 0.1001331 0.8545957 -0.5095134 0.1003101 0.8767006 -0.4720043 0.09277871 0.8767006 -0.4720043 0.0927787 0.8967506 -0.4342272 0.08535312 0.8967506 -0.4342272 0.08535311 0.9146476 -0.3966619 0.07796916 0.9146476 -0.3966619 0.07796916 0.9305072 -0.3593965 0.07064412 0.9305072 -0.3593965 0.07064414 0.944692 -0.3218012 0.06325428 0.9446919 -0.3218012 0.06325429 0.9573159 -0.2836162 0.05574853 0.9573159 -0.2836162 0.05574853 0.9685876 -0.2440034 0.0479621 0.9685876 -0.2440034 0.0479621 0.9784652 -0.202536 0.03981113 0.9784652 -0.2025361 0.03981115 0.9857206 -0.1652274 0.03247763 0.9857206 -0.1652274 0.03247764 0.9890303 -0.1449393 0.02848973 0.9890303 -0.1449393 0.02848973 0.9967862 -0.07860326 0.01545049 0.9967862 -0.07860354 0.01545177 0.999562 -0.02903738 0.005716714 0.9995622 -0.02903176 0.005707021 0.9998223 0.01849147 -0.003640496 0.9998223 0.01849147 -0.003640497 0.9977475 0.065821 -0.01293799 0.9977465 0.06583245 -0.01296072 0.9935429 0.111327 -0.0218828 0.9935429 0.111327 -0.0218828 0.9875091 0.1546036 -0.03038938 0.9875091 0.1546036 -0.03038938 0.979745 0.196489 -0.03862252 0.979745 0.196489 -0.03862252 0.9703344 0.2372274 -0.0466302 0.9703344 0.2372274 -0.04663019 0.9593106 0.2770514 -0.05445815 0.9593117 0.2770469 -0.05446148 0.9466259 0.3162812 -0.0621741 0.9466245 0.3162864 -0.06217028 0.9321664 0.3552325 -0.06982566 0.9321287 0.355307 -0.06995081 0.9159819 0.393663 -0.0775021 0.9160283 0.3935823 -0.07736381 0.8983819 0.4309684 -0.08471257 0.8983819 0.4309684 -0.08471256 0.8792964 0.4673324 -0.09186038 0.8792964 0.4673325 -0.09186038 0.8589683 0.5024148 -0.09875628 0.8589683 0.5024148 -0.09875628 0.8375076 0.5361658 -0.1053905 0.8375076 0.5361658 -0.1053905 0.8161533 0.5669858 -0.1114486 0.8160571 0.5670858 -0.1116446 0.795861 0.5940757 -0.1169582 0.7959667 0.5939746 -0.1167536 0.7762202 0.6186243 -0.1215988 0.7762202 0.6186243 -0.1215988 0.753141 0.6455071 -0.1268829 0.7532657 0.645329 -0.1270487 0.7258933 0.6748532 -0.1328612 0.7257569 0.6750341 -0.1326869 0.6965019 0.704082 -0.1383967 0.6965019 0.704082 -0.1383966 0.6676283 0.7305158 -0.1435926 0.6676284 0.7305159 -0.1435926 0.6387975 0.7549269 -0.1484024 0.6388059 0.7549222 -0.14839 0.6067405 0.7799726 -0.1533259 0.6067315 0.7799815 -0.1533157 0.5711972 0.8054012 -0.1583123 0.5713912 0.8052212 -0.1585273 0.5347469 0.8291461 -0.1629796 0.5345412 0.829225 -0.163253 0.4982347 0.8507625 -0.1672286 0.4982347 0.8507625 -0.1672287 0.461466 0.8705005 -0.1711084 0.461466 0.8705005 -0.1711084 0.4229007 0.8891615 -0.1747765 0.4229007 0.8891615 -0.1747765 0.3820099 0.9068061 -0.1782448 0.382256 0.9066528 -0.1784966 0.3426897 0.9217551 -0.1814699 0.3429439 0.9217184 -0.1811759 0.305483 0.9343189 -0.1836528 0.305483 0.9343189 -0.1836528 0.2684082 0.9452181 -0.1857952 0.2684081 0.9452181 -0.1857951 0.2284105 0.9552851 -0.187774 0.2284105 0.9552851 -0.1877739 0.181816 0.9648694 -0.1896579 0.181607 0.9648504 -0.1899542 0.1509681 0.9699206 -0.1909524 0.1511791 0.969946 -0.1906557 0.08341365 0.9778043 -0.1922004 0.08341365 0.9778042 -0.1922004 0.03223497 0.9807139 -0.1927723 0.03223496 0.9807139 -0.1927723 -0.01672944 0.9810865 -0.1928456 -0.01672944 0.9810865 -0.1928456 -0.06453031 0.9791787 -0.1924705 -0.06453031 0.9791787 -0.1924706 -0.1121174 0.9750372 -0.1916565 -0.1121174 0.9750372 -0.1916565 -0.159928 0.9685942 -0.19039 -0.1601809 0.9684969 -0.1906721 -0.2046027 0.9604095 -0.1890799 -0.2043263 0.9605228 -0.1888035 -0.2453792 0.951225 -0.1869759 -0.2456503 0.9511017 -0.1872474 -0.285553 0.9403131 -0.1851235 -0.2858179 0.940291 -0.1848267 -0.3241794 0.9282334 -0.1824566 -0.3244375 0.9280919 -0.1827174 -0.3615384 0.9147972 -0.1801 -0.3615508 0.9147898 -0.1801126 -0.3996205 0.8994133 -0.1770851 -0.3996085 0.899421 -0.1770729 -0.4401238 0.8810254 -0.1734512 -0.4399026 0.8811811 -0.1732213 -0.4803247 0.8606198 -0.1691794 -0.4803357 0.8606164 -0.1691656 -0.5155952 0.8407443 -0.1652595 -0.5158069 0.8405697 -0.1654865 -0.5460668 0.8219637 -0.1618235 -0.5460668 0.8219637 -0.1618235 -0.5752431 0.8025767 -0.1580067 -0.5752431 0.8025767 -0.1580067 -0.6052594 0.7810359 -0.1537659 -0.6050766 0.7812183 -0.1535588 -0.6351748 0.7578663 -0.1489687 -0.6351748 0.7578663 -0.1489687 -0.6630511 0.7345188 -0.1443794 -0.6630511 0.7345188 -0.1443794 -0.6894443 0.7107384 -0.139705 -0.689293 0.7108378 -0.1399457 -0.7157782 0.6851755 -0.1348935 -0.7159188 0.6850744 -0.1346604 -0.7437834 0.6558703 -0.12892 -0.7437834 0.6558704 -0.12892 -0.7720938 0.6235762 -0.1225722 -0.7720938 0.6235762 -0.1225722 -0.7981057 0.5912043 -0.116209 -0.7981057 0.5912043 -0.1162091 -0.8219903 0.5588085 -0.1098412 -0.8219903 0.5588085 -0.1098412 -0.8450387 0.5246653 -0.1031299 -0.8450387 0.5246653 -0.1031299 -0.8675994 0.4878983 -0.09605463 -0.867528 0.4880493 -0.09593258 -0.888914 0.4494731 -0.08834991 -0.8889746 0.4493315 -0.08846184 -0.9082395 0.4105938 -0.08070768 -0.9081889 0.4106772 -0.08085178 -0.9253584 0.3719745 -0.07312221 -0.9253978 0.3718593 -0.07320953 -0.9400713 0.3345747 -0.06577019 -0.9401032 0.3344697 -0.06584848 -0.9526213 0.2984303 -0.05875324 -0.9526227 0.2984254 -0.05875685 -0.9640796 0.2606105 -0.05131148 -0.9641009 0.2605506 -0.05121466 -0.9750175 0.2179574 -0.04284241 -0.9750175 0.2179574 -0.04284242 -0.9844793 0.1722058 -0.03384934 -0.9844866 0.1721555 -0.03389298 -0.9890853 0.1445694 -0.02846199 -0.9890801 0.1446118 -0.02842536 -4.58292e-05 -0.1929909 -0.9812005 5.688996e-05 -0.1928975 -0.9812189 -1.267328e-05 -0.1929676 -0.9812051 4.08413e-05 -0.1929193 -0.9812146 -2.790815e-05 -0.1929661 -0.9812054 1.02411e-05 -0.192931 -0.9812123 -1.794877e-05 -0.1929706 -0.9812045 3.160668e-05 -0.1929262 -0.9812133 2.604794e-05 -0.192909 -0.9812167 -7.929243e-06 -0.1929419 -0.9812102 4.157387e-05 -0.1929205 -0.9812144 9.35004e-06 -0.1929495 -0.9812087 -1.136443e-05 -0.1929469 -0.9812092 -3.594208e-05 -0.192972 -0.9812043 9.918226e-06 -0.1929348 -0.9812115 -2.973262e-05 -0.1929723 -0.9812042 -3.950522e-05 -0.1929775 -0.9812032 1.003376e-05 -0.1929243 -0.9812136 -3.379157e-05 -0.1929645 -0.9812057 -6.887936e-06 -0.1929478 -0.981209 9.311851e-07 -0.1929404 -0.9812105 4.459664e-05 -0.1928673 -0.9812248 2.676189e-05 -0.1928875 -0.9812208 5.549682e-05 -0.1929184 -0.9812148 -2.144029e-06 -0.192953 -0.981208 -3.08483e-05 -0.192988 -0.9812011 -2.177229e-06 -0.1929538 -0.9812078 -7.335684e-06 -0.1929633 -0.981206 -2.554838e-05 -0.192947 -0.9812092 -2.373787e-05 -0.1929459 -0.9812094 1.45247e-05 -0.1928902 -0.9812204 1.654108e-05 -0.1928863 -0.9812212 3.097601e-05 -0.192928 -0.9812129 1.723147e-05 -0.1929359 -0.9812114 -2.567407e-05 -0.193019 -0.981195 -1.527991e-05 -0.1929979 -0.9811991 -3.839035e-05 -0.1929696 -0.9812047 3.091911e-05 -0.1929314 -0.9812123 4.942342e-06 -0.1929298 -0.9812126 -1.14811e-05 -0.1929639 -0.9812059 -4.171312e-06 -0.1929592 -0.9812068 5.789572e-05 -0.1929266 -0.9812132 -4.085306e-06 -0.1929403 -0.9812105 -2.142383e-06 -0.1929335 -0.9812118 8.232149e-06 -0.1929167 -0.9812152 -3.070698e-05 -0.1929451 -0.9812095 -6.059158e-05 -0.1929601 -0.9812066 -8.946363e-07 -0.1929172 -0.9812151 -1.405544e-05 -0.1929652 -0.9812056 -4.113013e-05 -0.1929477 -0.981209 -3.24658e-06 -0.1929384 -0.9812109 -3.220695e-07 -0.192937 -0.9812111 2.659562e-06 -0.1928935 -0.9812196 -1.335494e-05 -0.1929542 -0.9812077 1.36662e-05 -0.1929417 -0.9812102 -9.687307e-06 -0.1929467 -0.9812092 4.356485e-05 -0.1929422 -0.9812102 2.308998e-05 -0.1929459 -0.9812094 1.900054e-06 -0.1929716 -0.9812043 -1.40917e-06 -0.1929802 -0.9812027 -9.864522e-06 -0.1929433 -0.9812099 1.281535e-05 -0.1929405 -0.9812105 1.047044e-05 -0.1929314 -0.9812122 8.976139e-07 -0.1929613 -0.9812064 -1.35338e-05 -0.192937 -0.9812112 -1.816199e-05 -0.1929373 -0.9812111 7.072885e-06 -0.1929425 -0.9812101 1.029226e-05 -0.1929237 -0.9812137 -2.594218e-06 -0.19294 -0.9812105 -4.080382e-06 -0.1929419 -0.9812102 4.000639e-06 -0.192883 -0.9812217 -1.38603e-05 -0.1929402 -0.9812105 1.250259e-05 -0.1929365 -0.9812112 5.95286e-05 -0.1929407 -0.9812105 -1.935608e-05 -0.1929445 -0.9812097 -1.91001e-06 -0.1929414 -0.9812103 -2.731261e-06 -0.1929535 -0.9812079 -3.811455e-05 -0.1929364 -0.9812112 6.781996e-06 -0.1929175 -0.981215 1.644451e-05 -0.1930033 -0.9811981 2.216857e-06 -0.192967 -0.9812052 -9.079768e-06 -0.1928904 -0.9812203 -1.226943e-06 -0.1929493 -0.9812087 -7.524843e-06 -0.1929436 -0.9812099 1.289621e-06 -0.1929425 -0.9812101 7.555162e-07 -0.1929314 -0.9812123 -1.519486e-06 -0.1929119 -0.9812161 3.660036e-05 -0.192947 -0.9812092 1.807113e-05 -0.1929475 -0.9812091 6.256132e-06 -0.1929735 -0.981204 1.509622e-06 -0.1929337 -0.9812118 3.472369e-05 -0.1929427 -0.9812101 -7.885136e-06 -0.1929329 -0.981212 -1.9776e-05 -0.1929327 -0.981212 6.558224e-06 -0.1929753 -0.9812036 6.367893e-06 -0.1929739 -0.9812039 -1.02867e-06 -0.1929302 -0.9812125 1.874821e-05 -0.1929352 -0.9812115 -9.933898e-06 -0.1929087 -0.9812167 2.837524e-06 -0.1929449 -0.9812096 -5.454712e-06 -0.1929416 -0.9812102 -2.151091e-05 -0.1929208 -0.9812143 -1.865841e-05 -0.1929216 -0.9812142 1.341174e-05 -0.1929543 -0.9812077 2.040381e-05 -0.1929739 -0.9812039 2.667753e-05 -0.1929463 -0.9812093 3.129657e-05 -0.1929474 -0.9812091 9.425018e-06 -0.1929648 -0.9812057 -8.347415e-06 -0.1929187 -0.9812148 -2.246022e-05 -0.1929237 -0.9812137 -1.503091e-05 -0.1929258 -0.9812133 1.025339e-06 -0.1929388 -0.9812108 1.069753e-05 -0.1929668 -0.9812053 2.537087e-05 -0.1929553 -0.9812076 9.204916e-06 -0.1929468 -0.9812092 3.74577e-05 -0.192955 -0.9812075 -7.611859e-06 -0.1929244 -0.9812137 -1.28304e-05 -0.19291 -0.9812164 5.19651e-06 -0.1929392 -0.9812107 -3.196817e-05 -0.1929176 -0.9812149 2.196973e-06 -0.1929361 -0.9812113 7.416248e-07 -0.1929468 -0.9812092 -2.260711e-05 -0.1929097 -0.9812165 1.393935e-05 -0.1929556 -0.9812075 1.095684e-05 -0.1929539 -0.9812078 -2.635119e-05 -0.1928906 -0.9812203 2.223289e-05 -0.1929693 -0.9812047 5.103634e-05 -0.1929544 -0.9812077 -5.508492e-05 -0.1928966 -0.9812191 2.366433e-05 -0.192931 -0.9812123 -6.671855e-05 -0.1928795 -0.9812224 1.411888e-05 -0.1929626 -0.9812061 -3.468387e-05 -0.1928819 -0.9812219 1.498677e-05 -0.192952 -0.9812082 1.272965e-05 -0.1929507 -0.9812084 3.441808e-05 -0.1929869 -0.9812014 3.010556e-05 -0.1929799 -0.9812027 3.886207e-05 -0.1929743 -0.9812039 -2.809396e-05 -0.1929206 -0.9812143 1.724872e-05 -0.1929445 -0.9812097 -7.789463e-06 -0.1929349 -0.9812115 -1.267593e-05 -0.1929171 -0.9812151 2.057403e-05 -0.1929656 -0.9812055 2.270281e-05 -0.1929667 -0.9812053 -2.19188e-07 -0.1929507 -0.9812084 4.381764e-07 -0.1929461 -0.9812094 -3.768326e-05 -0.1929094 -0.9812166 -1.691434e-05 -0.1929214 -0.9812142 3.443698e-05 -0.192962 -0.9812062 -1.315731e-05 -0.1929249 -0.9812136 5.529884e-05 -0.1929842 -0.9812019 3.414831e-05 -0.1929928 -0.9812002 -5.581717e-05 -0.192906 -0.9812172 -4.83288e-05 -0.1928986 -0.9812187 -2.143478e-05 -0.1929389 -0.9812108 -9.159666e-06 -0.1929602 -0.9812066 -1.050056e-05 -0.1929089 -0.9812167 4.023019e-05 -0.1929896 -0.9812008 3.76982e-05 -0.1929744 -0.9812038 -4.028251e-05 -0.1929361 -0.9812113 -2.492182e-05 -0.1928939 -0.9812196 -4.372429e-06 -0.1929417 -0.9812102 -2.956125e-05 -0.1929293 -0.9812127 -5.659198e-06 -0.1929477 -0.981209 4.276589e-05 -0.1929712 -0.9812045 2.661712e-05 -0.1929766 -0.9812034 2.257611e-05 -0.1929655 -0.9812055 3.435651e-05 -0.1929649 -0.9812056 -6.238416e-06 -0.1929454 -0.9812095 1.068697e-05 -0.1929464 -0.9812093 1.118999e-05 -0.1929477 -0.981209 -5.948933e-05 -0.1929056 -0.9812173 -1.80252e-06 -0.192926 -0.9812133 1.83971e-05 -0.192985 -0.9812017 -7.914449e-06 -0.1929367 -0.9812112 2.170103e-05 -0.1929438 -0.9812098 -2.774941e-05 -0.1929061 -0.9812173 -3.292133e-05 -0.1928905 -0.9812203 -7.4628e-06 -0.1929306 -0.9812124 -3.511961e-05 -0.1929248 -0.9812135 2.211779e-05 -0.1929861 -0.9812015 1.057281e-06 -0.1929215 -0.9812142 1.452885e-05 -0.1929522 -0.9812081 6.830478e-05 -0.1929629 -0.9812061 1.559695e-05 -0.1929481 -0.9812089 -3.259458e-05 -0.1929323 -0.9812121 -2.270926e-05 -0.1929347 -0.9812116 1.503233e-05 -0.1929463 -0.9812093 1.919959e-05 -0.1929924 -0.9812003 -1.539479e-05 -0.1929399 -0.9812106 -9.989048e-06 -0.1928882 -0.9812207 -8.922709e-06 -0.192904 -0.9812176 -6.623921e-06 -0.1929438 -0.9812098 3.200763e-06 -0.1929438 -0.9812098 1.290723e-05 -0.192975 -0.9812037 1.354768e-05 -0.1929848 -0.9812017 2.286537e-05 -0.1929455 -0.9812094 -2.689866e-06 -0.1929445 -0.9812096 6.662753e-06 -0.1929539 -0.9812078 4.759516e-06 -0.1929307 -0.9812124 1.482737e-05 -0.1929428 -0.9812101 -1.842085e-05 -0.1929373 -0.9812111 -1.827772e-06 -0.1929131 -0.9812159 -2.119202e-06 -0.1929056 -0.9812173 3.9714e-06 -0.1929524 -0.9812081 3.071684e-06 -0.1929295 -0.9812126 3.853425e-05 -0.1929391 -0.9812108 -2.532643e-06 -0.1929432 -0.9812099 -1.943079e-06 -0.1929263 -0.9812132 -2.66994e-06 -0.1929589 -0.9812069 -2.206076e-06 -0.1929352 -0.9812115 -3.684447e-05 -0.1929399 -0.9812106 3.994811e-06 -0.1929987 -0.981199 4.065008e-06 -0.1929975 -0.9811993 2.350029e-05 -0.1929441 -0.9812098 -2.739164e-05 -0.1929535 -0.9812079 -4.062622e-06 -0.192954 -0.9812078 1.956415e-05 -0.1929482 -0.9812089 -3.838994e-06 -0.1929389 -0.9812108 8.174482e-06 -0.1929019 -0.9812181 -5.250557e-05 -0.1929509 -0.9812084 7.66311e-08 -0.192935 -0.9812116 5.277721e-06 -0.1929255 -0.9812135 -5.475605e-06 -0.1929551 -0.9812075 4.986699e-05 -0.1929301 -0.9812125 -9.603018e-07 -0.1929488 -0.9812088 -2.115935e-06 -0.1929215 -0.9812142 -3.182232e-06 -0.1929249 -0.9812135 2.262233e-05 -0.1929335 -0.9812118 -2.286131e-05 -0.1929526 -0.9812081 1.272422e-06 -0.1929577 -0.9812071 -1.113777e-05 -0.1929937 -0.9812 -4.420447e-06 -0.192949 -0.9812088 3.688431e-05 -0.1929303 -0.9812125 1.05147e-05 -0.1929249 -0.9812135 1.804878e-06 -0.1929524 -0.9812081 3.368094e-05 -0.1929319 -0.9812122 -6.417189e-06 -0.1929494 -0.9812087 1.3993e-05 -0.1928905 -0.9812203 -7.650688e-05 -0.1929754 -0.9812036 -6.987786e-07 -0.1929401 -0.9812106 1.191333e-06 -0.1929311 -0.9812123 1.363207e-06 -0.1929308 -0.9812123 -5.713703e-05 -0.1929707 -0.9812045 2.671366e-05 -0.1929311 -0.9812123 -1.553363e-05 -0.1929813 -0.9812024 -2.581757e-05 -0.192999 -0.981199 -2.467627e-06 -0.1929372 -0.9812111 4.786541e-05 -0.1928359 -0.981231 1.257555e-05 -0.192893 -0.9812198 5.126491e-05 -0.192914 -0.9812157 -5.086492e-06 -0.1929534 -0.9812079 1.272277e-05 -0.1929402 -0.9812105 -1.608888e-06 -0.1929622 -0.9812062 2.266814e-05 -0.192941 -0.9812104 2.452022e-05 -0.1929397 -0.9812106 1.066177e-05 -0.1929451 -0.9812096 -2.40934e-05 -0.1929952 -0.9811997 -5.48985e-05 -0.192975 -0.9812037 -2.980225e-05 -0.192957 -0.9812071 -5.332677e-06 -0.1929529 -0.9812081 2.93977e-05 -0.1929046 -0.9812175 6.891995e-05 -0.1929116 -0.9812161 4.611888e-05 -0.1929284 -0.9812128 6.152682e-07 -0.1929684 -0.981205 -2.922985e-05 -0.1929638 -0.9812059 -2.63971e-05 -0.1929617 -0.9812064 2.107718e-05 -0.1929402 -0.9812105 -2.568015e-05 -0.1929829 -0.9812021 -1.043984e-05 -0.1929538 -0.9812078 -1.6257e-05 -0.1929695 -0.9812048 -3.876435e-06 -0.1929578 -0.981207 6.158302e-06 -0.192941 -0.9812104 4.881941e-05 -0.1928907 -0.9812202 3.744647e-06 -0.1929474 -0.9812091 -2.250078e-05 -0.192971 -0.9812045 -8.885844e-06 -0.1929381 -0.9812109 -1.491173e-05 -0.1929456 -0.9812095 1.06107e-05 -0.1929274 -0.981213 1.596624e-05 -0.1929194 -0.9812146 7.931446e-06 -0.1929297 -0.9812126 -0.9887205 0.1469603 -0.028887 -0.9887207 0.1469583 -0.02888886 -0.9806616 0.1920371 -0.03774744 -0.9806622 0.1920335 -0.03774967 -0.970295 0.2373827 -0.04666071 -0.970295 0.2373827 -0.04666073 -0.9575993 0.2826939 -0.05556724 -0.9575993 0.2826939 -0.05556723 -0.9432459 0.3258595 -0.06405201 -0.9432459 0.3258595 -0.06405201 -0.9270454 0.367909 -0.07231738 -0.9270454 0.367909 -0.07231738 -0.9091865 0.4085468 -0.08043236 -0.90913 0.4086919 -0.08033381 -0.8889309 0.4494146 -0.08847818 -0.8889309 0.4494145 -0.08847816 -0.8647307 0.4927769 -0.09701509 -0.8647307 0.4927769 -0.09701509 -0.8392961 0.5334352 -0.1050196 -0.8392961 0.5334351 -0.1050197 -0.8123592 0.5721743 -0.1126464 -0.8123592 0.5721743 -0.1126464 -0.7835631 0.6096104 -0.1200166 -0.7834391 0.6097997 -0.1198642 -0.7509223 0.6479909 -0.1273712 -0.750929 0.6479816 -0.1273793 -0.7163257 0.6846628 -0.13459 -0.7163185 0.6846719 -0.1345814 -0.6819029 0.7177089 -0.1410752 -0.6819029 0.7177089 -0.1410752 -0.6463264 0.7487338 -0.1471735 -0.6463264 0.7487338 -0.1471735 -0.6102069 0.7773669 -0.1528018 -0.6102069 0.7773668 -0.1528018 -0.5717256 0.8050401 -0.1582413 -0.5717256 0.8050401 -0.1582413 -0.5309786 0.8314745 -0.1634373 -0.5311948 0.8312926 -0.1636601 -0.4896574 0.8554933 -0.1684246 -0.489443 0.8556617 -0.1681917 -0.4474596 0.8775125 -0.1724867 -0.4474596 0.8775125 -0.1724867 -0.4051941 0.8970121 -0.1765986 -0.4049903 0.8971536 -0.1763474 -0.3647332 0.9136294 -0.179586 -0.3649868 0.913478 -0.1798403 -0.3204966 0.9294639 -0.1826985 -0.3204966 0.9294639 -0.1826985 -0.2785945 0.9423205 -0.1855187 -0.2783478 0.9424462 -0.1852503 -0.2373615 0.9531818 -0.1873605 -0.2376731 0.9530509 -0.1876312 -0.1885015 0.9635766 -0.1897034 -0.1881927 0.9636914 -0.1894263 -0.1407468 0.9714564 -0.1909526 -0.1410452 0.9713575 -0.1912353 -0.09440158 0.9768418 -0.1920112 -0.0941091 0.9768115 -0.192309 -0.04506099 0.9802271 -0.1926766 -0.04535548 0.9801563 -0.1929676 0.002111379 0.9812188 -0.1928866 0.002125699 0.9812216 -0.1928721 0.05445188 0.979768 -0.1925864 0.05443687 0.979766 -0.192601 0.09357146 0.9769188 -0.1920263 0.09357146 0.9769188 -0.1920263 -0.1464051 -0.9706509 0.1907943 -0.1466157 -0.9705631 0.1910789 -0.1982782 -0.9617425 0.1890432 -0.1985932 -0.9616231 0.1893189 -0.2462907 -0.9509982 0.1869313 -0.2462907 -0.9509982 0.1869313 -0.2925033 -0.9383096 0.1844372 -0.2925033 -0.9383096 0.1844372 -0.3387414 -0.9231591 0.1817463 -0.338473 -0.9233083 0.1814885 -0.3813754 -0.9070631 0.1782953 -0.3816092 -0.9069151 0.1785483 -0.4245634 -0.8883983 0.1746265 -0.4245634 -0.8883983 0.1746265 -0.4676781 -0.8673027 0.1704799 -0.467678 -0.8673027 0.1704798 -0.5103836 -0.8438004 0.1658602 -0.5103836 -0.8438004 0.1658601 -0.5502925 -0.8192943 0.1610432 -0.5502925 -0.8192943 0.1610432 -0.5871841 -0.794255 0.1561214 -0.5873715 -0.7940748 0.1563329 -0.6222165 -0.7681011 0.1512193 -0.6220217 -0.7682982 0.1510192 -0.6596284 -0.7374799 0.1449614 -0.6596284 -0.7374799 0.1449614 -0.6968136 -0.7037849 0.1383382 -0.6968137 -0.7037849 0.1383383 -0.7304323 -0.6701612 0.1317291 -0.7304323 -0.6701612 0.1317291 -0.76169 -0.6357756 0.1249701 -0.76169 -0.6357756 0.1249701 -0.7919877 -0.5990736 0.1177559 -0.7919934 -0.5990645 0.1177632 -0.8216975 -0.5592213 0.1099309 -0.8216921 -0.5592304 0.1099241 -0.8501104 -0.5167169 0.1015675 -0.8501104 -0.5167168 0.1015676 -0.8734195 -0.4778251 0.0939229 -0.8734195 -0.4778251 0.09392286 -0.8970773 -0.4335515 0.08535513 -0.8970161 -0.4336987 0.08524923 -0.918005 -0.3891228 0.07648724 -0.9180524 -0.3889922 0.07658254 -0.9350728 -0.3478 0.06836471 -0.9350728 -0.3478 0.06836472 -0.9502377 -0.3056586 0.06017631 -0.9502067 -0.3057693 0.060103 -0.9638689 -0.2613754 0.0513768 -0.9638918 -0.2612788 0.05143908 -0.975486 -0.2159298 0.04244386 -0.975486 -0.2159298 0.04244386 -0.9840628 -0.1744824 0.03429683 -0.9840628 -0.1744824 0.03429684 -0.992322 -0.1213598 0.02385487 -0.992322 -0.1213598 0.02385488 -0.9975159 -0.06911975 0.0135864 -0.9975159 -0.06911975 0.0135864 -0.9996674 -0.02530393 0.004981693 -0.9996672 -0.0253135 0.004975705 -0.9997439 0.02220532 -0.004364751 -0.9977347 0.06600849 -0.01297484 -0.9997441 0.02219708 -0.004370034 -0.9955392 0.09257718 -0.01819727 -0.9977347 0.06600849 -0.01297484 -0.9955392 0.09257718 -0.01819727 0.9878804 -0.1523022 0.02993701 0.9878804 -0.1523022 0.02993702 0.9770063 -0.2091945 0.04118502 0.9770201 -0.209145 0.04111022 0.9645104 -0.2590868 0.05092695 0.9644892 -0.2591479 0.05101956 0.9508764 -0.3037583 0.05970772 0.9508764 -0.3037583 0.05970773 0.934579 -0.3490758 0.0686155 0.9156657 -0.3943936 0.07752329 0.934579 -0.3490758 0.06861547 0.8943776 -0.4388879 0.08640574 0.9157192 -0.3942511 0.0776179 0.8943164 -0.4390338 0.08629791 0.8718213 -0.4805988 0.09461755 0.8719007 -0.4804883 0.09444632 0.8487632 -0.5188144 0.1021412 0.8488548 -0.5187005 0.1019574 0.8237363 -0.5563275 0.1093535 0.8237363 -0.5563275 0.1093535 0.7969859 -0.5926571 0.1164946 0.797106 -0.5924667 0.1166414 0.7686262 -0.6276501 0.1235682 0.7687607 -0.6275284 0.123349 0.7372963 -0.6628849 0.1302988 0.7371614 -0.6629903 0.1305257 0.7030867 -0.6977113 0.1373614 0.7032361 -0.6976073 0.137124 0.6683883 -0.7298466 0.143461 0.6683882 -0.7298466 0.143461 0.6341226 -0.7587141 0.1491353 0.6341226 -0.7587141 0.1491353 0.5980381 -0.7864192 0.1545811 0.5980381 -0.7864192 0.1545811 0.557777 -0.8144069 0.1600824 0.557777 -0.8144069 0.1600825 0.5168663 -0.8399925 0.1651117 0.5168663 -0.8399925 0.1651117 0.4768071 -0.8625035 0.1695365 0.4768071 -0.8625035 0.1695365 0.4354769 -0.8832976 0.1736238 0.4354769 -0.8832976 0.1736238 0.3922322 -0.9025921 0.1774302 0.347198 -0.920181 0.1808878 0.3922456 -0.9025891 0.1774159 0.3471843 -0.9201887 0.1808753 0.3018502 -0.935455 0.1838761 0.3018502 -0.935455 0.1838761 0.2579349 -0.9480215 0.1863462 0.2579349 -0.9480215 0.1863462 0.2117257 -0.9589221 0.1887871 0.2120402 -0.9589117 0.1884868 0.1602467 -0.9685434 0.19038 0.1599508 -0.9685335 0.1906793 0.107488 -0.975539 0.1917551 0.107488 -0.975539 0.1917551 0.06141329 -0.9793717 0.1925085 0.06141329 -0.9793717 0.1925085 0.01550074 -0.9810482 0.1931431 -0.0258593 -0.9808379 0.1931017 0.01581818 -0.981101 0.1928484 -0.05941618 -0.9794903 0.1925318 -0.0263472 -0.9808832 0.1928056 -0.05941618 -0.9794903 0.1925318 -0.08849254 -0.9773743 0.1921159 -0.08849254 -0.9773743 0.1921159 0.1541104 0.9695018 -0.1905684 0.1538996 0.9694769 -0.1908651 0.2032002 0.9607527 -0.1888487 0.2028897 0.9607594 -0.1891488 0.2570638 0.9482492 -0.186391 0.2570638 0.9482492 -0.1863909 0.3078272 0.9335778 -0.1835071 0.3078272 0.9335778 -0.1835071 0.3515183 0.9186031 -0.1805636 0.3515183 0.9186031 -0.1805636 0.4016573 0.898595 -0.1766308 0.4016573 0.898595 -0.1766308 0.4455998 0.8784233 -0.1726657 0.4455998 0.8784233 -0.1726657 0.485999 0.8574993 -0.1688195 0.4862269 0.8574254 -0.1685383 0.5267996 0.8339809 -0.1641893 0.5270124 0.8339005 -0.1639142 0.5685863 0.8071778 -0.1586615 0.5683924 0.8072618 -0.1589291 0.6052688 0.7810289 -0.1537645 0.6054181 0.7809634 -0.1535087 0.6432876 0.7512491 -0.147668 0.6432876 0.7512491 -0.147668 0.6823279 0.7173199 -0.1409987 0.6823279 0.71732 -0.1409988 0.7155973 0.6853976 -0.134724 0.7155973 0.6853976 -0.134724 0.7527207 0.6459789 -0.1269757 0.7527207 0.6459789 -0.1269757 0.7867903 0.6056313 -0.1190449 0.7867903 0.6056313 -0.1190449 0.8153487 0.5680993 -0.1116675 0.8153487 0.5680993 -0.1116674 0.8422209 0.5290098 -0.1039839 0.8422209 0.5290098 -0.1039839 0.8698249 0.484097 -0.09515567 0.8698213 0.484102 -0.09516407 0.8940144 0.4396245 -0.08642074 0.8940168 0.4396211 -0.08641335 0.9146821 0.396585 -0.07795405 0.9146821 0.396585 -0.07795402 0.9342078 0.3500313 -0.06880328 0.9342078 0.3500313 -0.06880329 0.9485543 0.3106697 -0.06106626 0.9485543 0.3106697 -0.06106627 0.9631186 0.2640096 -0.05197669 0.9631415 0.2639446 -0.05188179 0.9762982 0.212366 -0.04174336 0.9762846 0.2124141 -0.04181887 0.9847463 0.1707289 -0.03355903 0.9847463 0.1707289 -0.03355903 0.9926932 0.1183998 -0.02327306 0.9926932 0.1183998 -0.02327306 0.9976206 0.06764784 -0.01329708 0.9976206 0.06764784 -0.01329708 0.9997099 0.023635 -0.004645773 0.9997152 -0.02341601 0.004602727 0.9997099 0.023635 -0.004645771 0.9977191 -0.06623543 0.01301945 0.9997152 -0.02341601 0.004602727 0.9977191 -0.06623543 0.01301945 0.9955889 -0.092061 0.01809581 0.9955889 -0.092061 0.01809581 -0.0002342084 -0.192834 -0.9812314 0.0001626898 -0.1930214 -0.9811946 0.0002104259 -0.1930432 -0.9811903 -0.0003343629 -0.1927784 -0.9812424 0.0003275547 -0.1931191 -0.9811752 -0.000107373 -0.1928825 -0.9812219 9.311011e-05 -0.1929976 -0.9811992 4.907217e-05 -0.1929709 -0.9812045 0.0002958753 -0.1930788 -0.9811832 0.0009049024 -0.1951432 -0.9807743 -0.0001104903 -0.1928696 -0.9812244 -7.766856e-05 -0.1928891 -0.9812205 -0.001486827 -0.1925787 -0.9812804 0.0001099177 -0.1930023 -0.9811983 -6.199894e-06 -0.1929361 -0.9812113 -0.0002308101 -0.1916469 -0.9814639 -4.985986e-05 -0.192764 -0.9812452 0.0001095363 -0.1934872 -0.9811028 -4.730431e-05 -0.1926035 -0.9812766 1.817377e-05 -0.1930051 -0.9811978 -3.02235e-05 -0.1928377 -0.9812307 -1.748633e-05 -0.1928739 -0.9812235 -3.819272e-06 -0.1889897 -0.9819791 2.797371e-05 -0.1929756 -0.9812035 3.262161e-05 -0.1930543 -0.9811881 -6.919827e-07 -0.192938 -0.9812109 6.992682e-06 -0.1929678 -0.981205 2.047496e-05 -0.1930259 -0.9811937 -7.936404e-06 -0.1940527 -0.9809911 -6.214033e-06 -0.192932 -0.9812122 1.223601e-05 -0.1929858 -0.9812015 0.001498571 -0.1929178 -0.9812137 -3.501077e-05 -0.1929021 -0.981218 1.349167e-05 -0.1929624 -0.9812061 -0.0006917851 -0.1930316 -0.9811923 -0.0004749645 -0.1929993 -0.9811988 -0.001409003 -0.1932981 -0.9811391 -0.0001690016 -0.1929951 -0.9811997 -0.0001002015 -0.1933168 -0.9811364 -0.001128158 -0.1934041 -0.9811186 -0.000546458 -0.1940377 -0.9809939 -0.0001366463 -0.1932082 -0.9811578 8.416092e-05 -0.1928006 -0.9812379 -0.001565603 -0.1938782 -0.9810243 0.0004681259 -0.1926743 -0.9812626 0.0003590928 -0.1927347 -0.9812508 -2.708652e-05 -0.1929614 -0.9812064 -0.0009192183 -0.1939961 -0.9810019 -0.0002676345 -0.1932322 -0.981153 -6.404279e-05 -0.1929808 -0.9812025 -0.0007858849 -0.1936803 -0.9810644 0.0007937308 -0.192244 -0.9813468 5.85359e-06 -0.1929429 -0.98121 -8.183919e-06 -0.1929513 -0.9812084 6.98893e-05 -0.1928968 -0.9812191 0.0004442395 -0.1924838 -0.9813 -4.586576e-05 -0.1929684 -0.9812049 -0.0005856975 -0.1933633 -0.9811271 -0.0001313323 -0.1930168 -0.9811954 0.0003616434 -0.1926827 -0.981261 0.0001324068 -0.192866 -0.9812251 4.530972e-05 -0.1929531 -0.981208 0.001523497 -0.1922836 -0.9813382 -0.0002250308 -0.1930841 -0.9811822 -3.69763e-05 -0.1929752 -0.9812036 0.0001818869 -0.1928106 -0.981236 -2.069946e-05 -0.1929652 -0.9812056 -3.976878e-05 -0.1930115 -0.9811965 0.001059232 -0.1926457 -0.9812678 0.000770634 -0.1927313 -0.9812513 -3.251755e-05 -0.19296 -0.9812066 3.278166e-06 -0.1929381 -0.9812109 0.0003904205 -0.1913718 -0.9815176 -2.5624e-06 -0.193004 -0.981198 0.0008361935 -0.192829 -0.981232 7.355464e-06 -0.1929055 -0.9812173 -1.775464e-05 -0.1929307 -0.9812124 -5.06145e-05 -0.1931783 -0.9811636 1.634365e-06 -0.1929252 -0.9812135 -3.833441e-05 -0.1930511 -0.9811887 6.413039e-06 -0.1929216 -0.9812142 -5.596934e-05 -0.1929874 -0.9812012 -2.799403e-05 -0.1929644 -0.9812058 3.280591e-05 -0.1929214 -0.9812142 0.0005224941 -0.1928767 -0.9812229 3.657888e-05 -0.1929142 -0.9812155 -8.039787e-07 -0.1929406 -0.9812105 -1.136394e-06 -0.1929397 -0.9812106 3.90157e-05 -0.1915496 -0.9814829 -1.918718e-05 -0.1929558 -0.9812075 0.002429766 -0.1929521 -0.9812052 4.953911e-05 -0.1929062 -0.9812172 -6.648912e-05 -0.1929929 -0.9812002 -3.093912e-07 -0.1929461 -0.9812093 3.320235e-06 -0.1929014 -0.9812181 9.546626e-07 -0.1929178 -0.9812149 3.169493e-06 -0.1929028 -0.9812179 3.512455e-07 -0.192923 -0.9812139 2.254345e-06 -0.1928548 -0.9812273 8.02563e-06 -0.1929173 -0.9812151 -0.0006364871 -0.1900216 -0.9817797 0.0001574465 -0.1936027 -0.9810801 -0.0001057296 -0.1922522 -0.9813456 3.763983e-05 -0.1931027 -0.9811786 -2.210126e-05 -0.1930746 -0.9811841 -9.263902e-07 -0.1929451 -0.9812096 0.0004481844 -0.1941338 -0.980975 6.153406e-07 -0.1929353 -0.9812115 -4.074333e-07 -0.1929443 -0.9812097 9.830177e-05 -0.1930235 -0.9811941 3.121968e-05 -0.192965 -0.9812056 -3.30642e-05 -0.1929149 -0.9812154 -3.379173e-05 -0.1929118 -0.9812161 -2.133552e-05 -0.1929217 -0.9812141 0.0001678676 -0.193079 -0.9811832 -0.0009974468 -0.192435 -0.9813092 -0.001167422 -0.1923434 -0.981327 -8.423394e-05 -0.1929012 -0.9812182 0.0005648753 -0.1932333 -0.9811527 -0.0003089828 -0.1926292 -0.9812715 0.0004427984 -0.1931674 -0.9811657 -1.708377e-05 -0.1929336 -0.9812118 0.0001745089 -0.1931092 -0.9811772 0.0002364368 -0.1931675 -0.9811658 -0.0002323193 -0.1926991 -0.9812579 -9.111597e-05 -0.1928108 -0.981236 0.001199685 -0.1942236 -0.9809566 0.0001275404 -0.1930417 -0.9811906 -0.001031196 -0.1920395 -0.9813866 -0.8885937 0.4500827 -0.08846955 -0.8885949 0.4500539 -0.08860403 -0.4589117 -0.8717483 0.1716245 -0.4588878 -0.8718117 0.1713661 -0.4484623 -0.8770196 0.1723898 -0.4484623 -0.8770196 0.1723898 -0.4179887 -0.891395 0.1752155 -0.4179887 -0.891395 0.1752154 -0.3859774 -0.9051871 0.1779265 -0.3859774 -0.9051871 0.1779265 -0.3466114 -0.9203966 0.1809161 -0.3466114 -0.9203966 0.1809161 -0.3048471 -0.9345189 0.1836921 -0.3048471 -0.9345189 0.1836921 -0.2554612 -0.9486662 0.1864729 -0.2554612 -0.9486662 0.1864729 -0.1978552 -0.9618263 0.1890597 -0.1978552 -0.9618263 0.1890597 -0.1484209 -0.9703561 0.1907363 -0.1484209 -0.9703561 0.1907363 -0.1011934 -0.976187 0.1918825 -0.1011934 -0.976187 0.1918825 -0.05805279 -0.9795113 0.1928406 -0.05757252 -0.9795963 0.1925526 -0.00681115 -0.981201 0.1928681 -0.007314143 -0.9811398 0.1931612 0.0430511 -0.9803141 0.1926937 0.0430511 -0.9803141 0.1926937 0.08528499 -0.9776488 0.1921698 0.08528499 -0.9776488 0.1921698 0.1264286 -0.9733502 0.1913249 0.1264286 -0.9733502 0.1913249 0.172186 -0.9665118 0.1902813 0.1727646 -0.9664693 0.1899724 0.2323051 -0.9543805 0.1875961 0.2320108 -0.9543931 0.1878955 0.2968207 -0.9369481 0.184461 0.2971301 -0.9369088 0.1841619 0.3556763 -0.9170067 0.180535 0.3556763 -0.9170068 0.180535 0.4170144 -0.8917817 0.1755689 0.417348 -0.8916839 0.1752723 0.4711824 -0.8654745 0.1701205 0.4708397 -0.8656031 0.170415 0.5191599 -0.8385802 0.1650949 0.5191599 -0.8385802 0.1650949 0.5659093 -0.8089395 0.1592594 0.5658919 -0.8089489 0.1592736 0.6053367 -0.780976 0.153766 0.6057166 -0.7807406 0.1534649 0.6532763 -0.7429038 0.1460276 0.6532763 -0.7429037 0.1460276 0.7136707 -0.6873289 0.1351036 0.7136707 -0.6873289 0.1351036 0.757225 -0.6408904 0.1259755 0.757225 -0.6408904 0.1259755 0.7861111 -0.60648 0.1192117 0.7858894 -0.6067206 0.1194477 0.8185186 -0.5636603 0.1109702 0.8186333 -0.5635331 0.1107699 0.854371 -0.5099062 0.1002288 0.854371 -0.5099062 0.1002288 0.875111 -0.4748358 0.09333527 0.8751111 -0.4748358 0.09333527 0.9002962 -0.427105 0.08395315 0.9002962 -0.427105 0.08395315 0.9112088 -0.40421 0.07945282 0.930407 -0.3596457 0.07069312 0.9112088 -0.4042099 0.07945282 0.9495595 -0.3076991 0.06048234 0.930407 -0.3596457 0.07069312 0.9650748 -0.2570553 0.05052764 0.9495595 -0.3076991 0.06048234 0.9773952 -0.2074509 0.04077723 0.9650748 -0.2570553 0.05052764 0.9872267 -0.1563304 0.03072882 0.9773952 -0.2074509 0.04077723 0.994194 -0.1055756 0.02078674 0.9872414 -0.1562316 0.03076037 0.9988502 -0.04704157 0.009246643 0.9941871 -0.1056454 0.02076601 0.9996508 0.02592772 -0.005096436 0.9988502 -0.04704157 0.009246643 0.9936501 0.1104013 -0.02170085 0.9996508 0.02592772 -0.005096436 0.9812084 0.1893171 -0.03727167 0.9936547 0.1103557 -0.0217262 0.9811939 0.1894006 -0.03722919 0.9676865 0.2474216 -0.048634 0.9540247 0.2941 -0.05780926 0.9676865 0.2474216 -0.048634 0.9540247 0.2941 -0.05780926 0.9371217 0.3424499 -0.06731307 0.9371832 0.3422676 -0.06738368 0.9164879 0.3925276 -0.07727857 0.9165761 0.3923524 -0.07712206 0.8899392 0.4475157 -0.08796518 0.8899392 0.4475157 -0.08796515 0.8537303 0.5109385 -0.1004317 0.8537351 0.5109292 -0.1004377 0.8137901 0.5702453 -0.112098 0.8137954 0.5702396 -0.1120882 0.7763796 0.6184316 -0.1215609 0.7763796 0.6184316 -0.1215609 0.7403424 0.6596079 -0.1296547 0.7403424 0.6596079 -0.1296547 0.6998128 0.700914 -0.1377739 0.699609 0.7010685 -0.1380224 0.6689362 0.7293202 -0.1435844 0.6689253 0.7293277 -0.143597 0.6275666 0.7638971 -0.1504034 0.6275752 0.7638927 -0.1503908 0.5800953 0.7992075 -0.1573434 0.5800953 0.7992074 -0.1573434 0.5495909 0.8197476 -0.1611323 0.5494426 0.8197951 -0.1613965 0.5172257 0.8397794 -0.1650698 0.5172257 0.8397794 -0.1650698 0.4905082 0.8550743 -0.1680762 0.4905082 0.8550743 -0.1680762 0.4703027 0.8659351 -0.170211 0.4703027 0.8659351 -0.170211 0.459562 0.8714697 -0.1712989 0.4595621 0.8714697 -0.1712989 0.8886398 -0.4499951 0.08845232 0.888637 -0.4499737 0.08858825 0.4576545 0.8723843 -0.17175 0.4577021 0.8724116 -0.1714841 -6.536171e-06 -0.1929401 -0.9812106 3.822621e-06 -0.1929534 -0.981208 -8.554744e-06 -0.1929331 -0.9812119 1.565309e-05 -0.1929332 -0.9812119 -3.320336e-06 -0.1929394 -0.9812106 -2.097804e-05 -0.1929173 -0.9812151 -2.258483e-05 -0.1929156 -0.9812154 1.406916e-05 -0.1929372 -0.9812111 1.510545e-05 -0.1929375 -0.9812111 -1.475747e-06 -0.1929558 -0.9812074 2.595006e-05 -0.1929492 -0.9812087 -9.164825e-06 -0.1929283 -0.9812129 -5.939617e-06 -0.1929295 -0.9812126 -6.250036e-06 -0.1929574 -0.9812072 -3.927868e-06 -0.192939 -0.9812108 2.035182e-05 -0.1929508 -0.9812084 1.612755e-05 -0.192955 -0.9812076 -2.746101e-06 -0.1929314 -0.9812123 -3.269317e-05 -0.1929064 -0.9812172 -8.970823e-06 -0.1929514 -0.9812083 1.719032e-05 -0.1929647 -0.9812056 -3.162446e-05 -0.1929076 -0.9812169 1.262246e-05 -0.1929426 -0.98121 2.178807e-05 -0.1929526 -0.981208 6.49642e-05 -0.1930171 -0.9811954 -3.69825e-06 -0.1929444 -0.9812097 -2.41174e-05 -0.1929117 -0.9812161 -1.74583e-06 -0.1929449 -0.9812096 -3.856941e-05 -0.1929273 -0.981213 3.841174e-05 -0.1929495 -0.9812087 2.532111e-05 -0.1929693 -0.9812048 1.28634e-05 -0.1929475 -0.9812092 7.686588e-06 -0.1929408 -0.9812104 -2.268718e-05 -0.1929367 -0.9812112 -1.858986e-05 -0.1929373 -0.9812111 -1.636213e-05 -0.1928956 -0.9812192 -2.548867e-05 -0.192865 -0.9812254 -7.249557e-06 -0.1929065 -0.9812171 8.12006e-06 -0.192955 -0.9812075 3.15848e-05 -0.1929526 -0.9812081 6.044003e-07 -0.1929475 -0.9812091 2.651292e-06 -0.1929428 -0.9812101 5.993512e-05 -0.1929632 -0.981206 8.916876e-05 -0.1929703 -0.9812046 1.157844e-05 -0.1929715 -0.9812045 1.645308e-05 -0.1929991 -0.9811989 -8.162901e-05 -0.192909 -0.9812166 -5.102523e-05 -0.192915 -0.9812155 9.20139e-06 -0.1929736 -0.981204 7.98831e-06 -0.192965 -0.9812056 2.852877e-05 -0.1929407 -0.9812105 -3.078403e-05 -0.1929336 -0.9812118 -2.24853e-05 -0.1928747 -0.9812233 -3.70671e-05 -0.192932 -0.9812121 6.009731e-06 -0.1930342 -0.9811921 4.470186e-06 -0.1929223 -0.981214 4.994579e-06 -0.192937 -0.9812111 7.21317e-05 -0.1929362 -0.9812112 -3.188986e-06 -0.1928772 -0.9812229 -2.78056e-05 -0.1929236 -0.9812138 9.757213e-05 -0.1929239 -0.9812137 -7.131458e-05 -0.1929434 -0.9812099 3.950221e-06 -0.1929425 -0.9812101 -4.099707e-06 -0.1929818 -0.9812024 1.820786e-05 -0.1929464 -0.9812093 9.174794e-06 -0.1928986 -0.9812187 5.7498e-06 -0.192918 -0.9812149 -1.944235e-06 -0.192948 -0.981209 -1.722042e-06 -0.1929479 -0.981209 4.340189e-06 -0.1929709 -0.9812045 -6.603248e-05 -0.1929497 -0.9812087 -6.270318e-06 -0.1929754 -0.9812036 1.824105e-05 -0.1928911 -0.9812202 -5.043002e-05 -0.1929477 -0.9812091 -2.386822e-06 -0.1929377 -0.981211 -1.134795e-05 -0.1929489 -0.9812087 3.854929e-05 -0.1929271 -0.9812131 1.006906e-05 -0.1929345 -0.9812117 -2.600053e-05 -0.1930154 -0.9811957 5.138211e-05 -0.1929127 -0.981216 -5.874361e-05 -0.1929605 -0.9812065 6.629103e-06 -0.1929486 -0.9812089 -1.272719e-05 -0.1929634 -0.9812059 4.156178e-05 -0.192868 -0.9812248 4.433097e-05 -0.1929143 -0.9812157 3.463712e-06 -0.192917 -0.9812151 5.357938e-05 -0.1929106 -0.9812163 -2.589491e-05 -0.1929561 -0.9812074 2.65128e-05 -0.1929166 -0.9812152 -4.668115e-05 -0.1930125 -0.9811963 -6.342748e-05 -0.192973 -0.981204 -3.265979e-05 -0.192954 -0.9812078 -1.631816e-05 -0.19298 -0.9812027 1.762382e-05 -0.1929342 -0.9812117 -8.432017e-07 -0.1929386 -0.9812108 2.252679e-05 -0.1929237 -0.9812138 2.803296e-05 -0.1929194 -0.9812146 1.716056e-05 -0.1929209 -0.9812143 -8.030996e-06 -0.1929411 -0.9812104 4.013727e-05 -0.1928926 -0.9812199 3.085567e-05 -0.1929174 -0.981215 -5.593413e-05 -0.1929873 -0.9812013 -3.661373e-05 -0.1929838 -0.9812019 -1.610693e-05 -0.1929613 -0.9812064 2.186917e-05 -0.1929227 -0.981214 3.692512e-05 -0.1929111 -0.9812163 6.17203e-06 -0.1929452 -0.9812095 -4.002079e-05 -0.1929312 -0.9812123 0.4590164 0.8716952 -0.1716143 0.4590164 0.8716952 -0.1716143 -0.8604597 0.4999515 -0.09827209 -0.8604599 0.4999515 -0.09827209 -0.8187431 0.5633463 -0.1109084 -0.8185852 0.5636004 -0.1107831 -0.7509046 0.6480108 -0.1273751 -0.7510352 0.6478268 -0.1275405 -0.6858323 0.714095 -0.1403648 -0.6858323 0.714095 -0.1403648 -0.6369305 0.7564462 -0.1486895 -0.6369305 0.7564462 -0.1486895 -0.5848672 0.7958992 -0.1564445 -0.5848672 0.7958991 -0.1564445 -0.5331751 0.8301203 -0.1631711 -0.5331751 0.8301202 -0.1631711 -0.4818538 0.8597989 -0.1690049 -0.4818538 0.8597989 -0.1690049 -0.4041172 0.8975325 -0.1764219 -0.4041172 0.8975325 -0.1764219 -0.2938778 0.937896 -0.1843559 -0.2938777 0.9378959 -0.1843558 -0.181525 0.9649221 -0.1896682 -0.181525 0.9649221 -0.1896682 -0.07127054 0.9787258 -0.1923965 -0.07125103 0.97873 -0.1923823 0.0289341 0.980813 -0.1927918 0.02891274 0.9808108 -0.1928063 0.1149178 0.9747232 -0.1915947 0.1149178 0.9747232 -0.1915947 0.182981 0.9646573 -0.1896162 0.1829564 0.9646589 -0.1896312 0.2383447 0.9529428 -0.1873281 0.2383709 0.9529392 -0.1873128 0.3007316 0.9358019 -0.1839443 0.3007316 0.9358019 -0.1839443 0.3572907 0.9164564 -0.1801417 0.3572907 0.9164564 -0.1801417 0.3894245 0.9037645 -0.1776469 0.3894245 0.9037645 -0.1776469 0.4148456 0.8928075 -0.1754932 0.4148456 0.8928075 -0.1754932 0.4485643 0.8769694 -0.17238 0.4484245 0.8769865 -0.1726561 -0.4712264 -0.8654005 0.1703752 -0.4712264 -0.8654005 0.1703751 -0.4937294 -0.8532372 0.1679804 -0.4937294 -0.8532372 0.1679805 -0.5271969 -0.8337882 0.1638921 -0.5273632 -0.8336379 0.1641219 -0.5669957 -0.8082544 0.1588731 -0.5669957 -0.8082544 0.1588731 -0.6040168 -0.7820075 0.1537139 -0.6040168 -0.7820075 0.1537139 -0.6552282 -0.7412032 0.1459239 -0.6550506 -0.7413979 0.1457316 -0.719105 -0.6818137 0.1342316 -0.7191049 -0.6818137 0.1342316 -0.7852455 -0.6075585 0.1194237 -0.8416813 -0.529836 0.1041463 -0.7853874 -0.6073464 0.1195709 -0.8416813 -0.529836 0.1041463 -0.8871299 -0.4528542 0.08901451 -0.8871299 -0.4528542 0.08901451 -0.9232492 -0.3769656 0.07421483 -0.9231783 -0.3771549 0.07413478 -0.9512172 -0.302729 0.05950539 -0.9512671 -0.3025604 0.05956635 -0.9720436 -0.2303782 0.04535554 -0.972012 -0.2305198 0.04531173 -0.9897657 -0.1400143 0.02756522 -0.9897593 -0.1400657 0.02753178 -0.9990003 -0.043864 0.008622049 -0.9990003 -0.043864 0.008622049 -0.9990209 0.04340878 -0.008532571 -0.9990209 0.04340878 -0.008532571 -0.9927557 0.1178949 -0.0231738 -0.9927557 0.1178949 -0.0231738 -0.9783772 0.202945 -0.03989153 -0.9783772 0.202945 -0.03989153 -0.9463506 0.3170741 -0.06232512 -0.9463844 0.3169583 -0.06240093 -0.9113789 0.4038168 -0.07950114 -0.9113241 0.4039596 -0.07940362 -0.4486179 -0.8769404 0.1723875 -0.4486449 -0.876878 0.1726347 0.8884231 -0.4503801 0.0886679 0.8884267 -0.4503986 0.0885387 8.742652e-06 -0.1929505 -0.9812084 -2.872551e-05 -0.1929268 -0.9812132 2.032389e-06 -0.1929416 -0.9812102 8.532675e-06 -0.1929467 -0.9812093 -8.207919e-06 -0.192939 -0.9812108 -1.847842e-05 -0.1929352 -0.9812115 3.352383e-05 -0.1929604 -0.9812065 -1.15522e-05 -0.1929375 -0.981211 -3.727041e-05 -0.1929244 -0.9812137 1.982753e-05 -0.1929515 -0.9812083 4.721465e-05 -0.1929665 -0.9812053 -2.081813e-05 -0.1929321 -0.9812121 3.036839e-05 -0.1929561 -0.9812074 -9.064807e-05 -0.1930003 -0.9811987 -0.0001899614 -0.1930325 -0.9811924 -0.00327612 -0.1938923 -0.9810174 -0.0001268212 -0.1929979 -0.9811991 8.862668e-05 -0.1929079 -0.9812168 -0.0001589695 -0.1929966 -0.9811994 0.0002609607 -0.1928684 -0.9812246 3.183241e-05 -0.1929211 -0.9812143 -1.650349e-05 -0.1929416 -0.9812102 7.650266e-05 -0.1929066 -0.9812171 4.844488e-05 -0.1932146 -0.9811565 -2.793723e-05 -0.1926384 -0.9812698 -2.013768e-05 -0.1928437 -0.9812295 1.075485e-06 -0.1929886 -0.9812011 -8.92972e-05 -0.1929626 -0.9812061 -0.0001596727 -0.1929436 -0.9812098 5.236482e-06 -0.1929422 -0.9812101 -3.197191e-05 -0.1927276 -0.9812523 3.793175e-05 -0.1931407 -0.981171 -2.157889e-05 -0.1928911 -0.9812202 2.596248e-05 -0.1930485 -0.9811893 -2.311652e-05 -0.1928877 -0.9812208 -1.909958e-05 -0.1928217 -0.9812338 2.524264e-05 -0.1930442 -0.98119 -1.197274e-05 -0.1928651 -0.9812253 -1.849049e-06 -0.1929429 -0.98121 3.347286e-05 -0.1930934 -0.9811803 0.001338901 -0.1940258 -0.9809955 0.0003733077 -0.193261 -0.9811473</float_array>
          <technique_common>
            <accessor count="8418" source="#cubenormals-array0-array" stride="3">
              <param type="float" name="X"/>
              <param type="float" name="Y"/>
              <param type="float" name="Z"/>
            </accessor>
          </technique_common>
        </source>
        <vertices id="cubeverts-array0-vertices">
          <input semantic="POSITION" source="#cubeverts-array0"/>
        </vertices>
        <triangles count="8418" material="ref_Emergency_Button_shape">
          <input offset="0" semantic="VERTEX" source="#cubeverts-array0-vertices"/>
          <input offset="1" semantic="NORMAL" source="#cubenormals-array0"/>
          <p>0 0 1 0 2 0 0 1 2 1 3 1 4 2 0 2 3 2 4 3 3 3 5 3 6 4 4 4 5 4 6 5 5 5 7 5 8 6 6 6 7 6 8 7 7 7 9 7 10 8 8 8 9 8 10 9 9 9 11 9 12 10 11 10 13 10 12 11 10 11 11 11 14 12 13 12 15 12 14 13 12 13 13 13 16 14 15 14 17 14 16 15 14 15 15 15 18 16 19 16 20 16 18 17 17 17 19 17 18 18 16 18 17 18 21 19 18 19 20 19 22 20 20 20 23 20 22 21 21 21 20 21 24 22 23 22 25 22 24 23 22 23 23 23 26 24 25 24 27 24 26 25 24 25 25 25 28 26 27 26 29 26 28 27 26 27 27 27 30 28 29 28 31 28 30 29 28 29 29 29 32 30 31 30 33 30 32 31 30 31 31 31 34 32 33 32 35 32 34 33 32 33 33 33 36 34 34 34 35 34 36 35 35 35 37 35 38 36 36 36 37 36 38 37 37 37 39 37 40 38 38 38 39 38 40 39 39 39 41 39 42 40 40 40 41 40 42 41 41 41 43 41 44 42 42 42 43 42 44 43 43 43 45 43 46 44 44 44 45 44 46 45 45 45 47 45 48 46 46 46 47 46 48 47 47 47 49 47 50 48 48 48 49 48 50 49 49 49 51 49 52 50 51 50 53 50 52 51 50 51 51 51 54 52 53 52 55 52 54 53 52 53 53 53 56 54 55 54 57 54 56 55 54 55 55 55 58 56 57 56 59 56 58 57 56 57 57 57 60 58 59 58 61 58 60 59 58 59 59 59 62 60 61 60 63 60 62 61 60 61 61 61 64 62 63 62 65 62 64 63 62 63 63 63 66 64 65 64 67 64 66 65 64 65 65 65 68 66 67 66 69 66 68 67 66 67 67 67 70 68 69 68 71 68 70 69 68 69 69 69 72 70 71 70 73 70 72 71 70 71 71 71 74 72 73 72 75 72 74 73 72 73 73 73 76 74 75 74 77 74 76 75 74 75 75 75 78 76 77 76 79 76 78 77 76 77 77 77 80 78 79 78 81 78 80 79 78 79 79 79 82 80 81 80 83 80 82 81 80 81 81 81 84 82 83 82 85 82 84 83 82 83 83 83 86 84 84 84 85 84 86 85 85 85 87 85 88 86 86 86 87 86 88 87 87 87 89 87 90 88 88 88 89 88 90 89 89 89 91 89 92 90 90 90 91 90 92 91 91 91 93 91 94 92 92 92 93 92 94 93 93 93 95 93 96 94 95 94 97 94 96 95 94 95 95 95 98 96 97 96 99 96 98 97 96 97 97 97 100 98 99 98 101 98 100 99 98 99 99 99 102 100 101 100 103 100 102 101 100 101 101 101 104 102 103 102 105 102 104 103 102 103 103 103 106 104 105 104 107 104 106 105 104 105 105 105 108 106 107 106 109 106 108 107 106 107 107 107 110 108 109 108 111 108 110 109 108 109 109 109 112 110 111 110 113 110 112 111 110 111 111 111 114 112 113 112 115 112 114 113 112 113 113 113 116 114 115 114 117 114 116 115 114 115 115 115 118 116 117 116 119 116 118 117 116 117 117 117 120 118 119 118 121 118 120 119 118 119 119 119 122 120 121 120 123 120 122 121 120 121 121 121 124 122 123 122 125 122 124 123 122 123 123 123 126 124 125 124 127 124 126 125 124 125 125 125 128 126 129 126 130 126 130 127 131 127 128 127 129 128 132 128 130 128 132 129 133 129 130 129 134 130 135 130 130 130 130 131 135 131 131 131 133 132 136 132 130 132 134 133 137 133 135 133 130 134 138 134 139 134 136 135 138 135 130 135 134 136 140 136 137 136 138 137 141 137 139 137 134 138 142 138 140 138 141 139 143 139 139 139 134 140 144 140 142 140 143 141 145 141 139 141 134 142 146 142 144 142 147 143 146 143 134 143 145 144 148 144 139 144 147 145 149 145 146 145 148 146 150 146 139 146 139 147 150 147 151 147 147 148 152 148 149 148 147 149 153 149 152 149 150 150 154 150 151 150 147 151 155 151 153 151 154 152 156 152 151 152 147 153 157 153 155 153 147 154 158 154 157 154 159 155 158 155 147 155 156 156 160 156 151 156 159 157 161 157 158 157 159 158 162 158 161 158 151 159 163 159 164 159 160 160 163 160 151 160 159 161 165 161 162 161 166 162 167 162 168 162 169 163 167 163 166 163 163 164 170 164 164 164 159 165 171 165 165 165 167 166 172 166 168 166 173 167 172 167 174 167 168 168 172 168 173 168 175 169 172 169 167 169 159 170 176 170 171 170 164 171 177 171 178 171 170 172 177 172 164 172 178 173 177 173 179 173 179 174 177 174 180 174 180 175 177 175 181 175 182 176 183 176 159 176 159 177 183 177 176 177 182 178 184 178 183 178 182 179 185 179 184 179 182 180 186 180 185 180 182 181 187 181 186 181 188 182 189 182 190 182 190 183 191 183 192 183 189 184 191 184 190 184 191 185 193 185 192 185 193 186 194 186 192 186 195 187 196 187 197 187 198 188 196 188 195 188 199 189 200 189 196 189 200 190 201 190 196 190 196 191 202 191 197 191 201 192 202 192 196 192 197 193 202 193 194 193 202 194 203 194 194 194 204 195 203 195 205 195 194 196 203 196 192 196 206 197 203 197 204 197 192 198 203 198 206 198 203 199 207 199 205 199 208 200 207 200 209 200 210 201 207 201 208 201 211 202 207 202 210 202 205 203 207 203 211 203 209 204 212 204 172 204 213 205 212 205 214 205 174 206 212 206 213 206 207 207 212 207 209 207 172 208 212 208 174 208 215 209 216 209 217 209 218 210 216 210 215 210 214 211 216 211 218 211 212 212 216 212 214 212 216 213 219 213 217 213 217 214 219 214 220 214 221 215 222 215 223 215 220 216 222 216 221 216 219 217 222 217 220 217 223 218 224 218 225 218 222 219 224 219 223 219 224 220 226 220 225 220 226 221 227 221 225 221 228 222 229 222 230 222 231 223 229 223 228 223 232 224 229 224 231 224 182 225 229 225 187 225 233 226 229 226 234 226 234 227 229 227 235 227 235 228 229 228 182 228 236 229 229 229 232 229 237 230 229 230 236 230 238 231 229 231 237 231 239 232 229 232 238 232 240 233 229 233 239 233 241 234 229 234 240 234 242 235 229 235 241 235 243 236 229 236 242 236 244 237 229 237 243 237 245 238 229 238 244 238 246 239 229 239 245 239 187 240 229 240 246 240 227 241 247 241 225 241 247 242 248 242 225 242 248 243 249 243 225 243 249 244 250 244 225 244 250 245 251 245 225 245 233 246 252 246 229 246 253 247 252 247 254 247 254 248 252 248 255 248 255 249 252 249 233 249 251 250 256 250 225 250 225 251 256 251 177 251 256 252 257 252 177 252 257 253 258 253 177 253 258 254 259 254 177 254 259 255 260 255 177 255 260 256 261 256 177 256 261 257 262 257 177 257 262 258 263 258 177 258 177 259 264 259 181 259 263 260 264 260 177 260 264 261 265 261 181 261 181 262 266 262 267 262 265 263 266 263 181 263 266 264 268 264 267 264 269 265 270 265 271 265 269 266 272 266 270 266 269 267 273 267 272 267 269 268 274 268 273 268 275 269 276 269 277 269 278 270 276 270 275 270 279 271 276 271 278 271 280 272 276 272 279 272 277 273 276 273 281 273 269 274 282 274 274 274 283 275 282 275 269 275 283 276 284 276 282 276 276 277 285 277 281 277 281 278 285 278 286 278 285 279 287 279 286 279 288 280 289 280 290 280 284 281 289 281 288 281 283 282 289 282 284 282 286 283 291 283 292 283 287 284 291 284 286 284 292 285 293 285 294 285 294 286 293 286 295 286 291 287 293 287 292 287 296 288 297 288 283 288 283 289 297 289 289 289 293 290 298 290 295 290 296 291 299 291 297 291 300 292 299 292 296 292 301 293 299 293 300 293 302 294 299 294 301 294 298 295 303 295 295 295 295 296 303 296 304 296 305 297 306 297 302 297 307 298 306 298 305 298 302 299 306 299 299 299 303 300 308 300 304 300 309 301 310 301 307 301 307 302 310 302 306 302 304 303 311 303 312 303 308 304 311 304 304 304 309 305 313 305 310 305 312 306 313 306 309 306 311 307 314 307 312 307 312 308 315 308 313 308 314 309 315 309 312 309 316 310 317 310 280 310 318 311 317 311 316 311 319 312 317 312 318 312 280 313 317 313 276 313 320 314 321 314 319 314 322 315 321 315 320 315 323 316 321 316 322 316 324 317 321 317 323 317 325 318 321 318 324 318 230 319 321 319 325 319 319 320 321 320 317 320 229 321 321 321 230 321 321 322 326 322 317 322 327 323 326 323 328 323 329 324 326 324 327 324 330 325 326 325 329 325 331 326 326 326 330 326 332 327 326 327 331 327 333 328 326 328 332 328 334 329 326 329 333 329 335 330 326 330 334 330 317 331 326 331 335 331 229 332 336 332 321 332 337 333 338 333 252 333 253 334 339 334 252 334 252 335 339 335 337 335 338 336 340 336 252 336 253 337 341 337 339 337 340 338 342 338 252 338 253 339 343 339 341 339 342 340 344 340 252 340 253 341 345 341 343 341 344 342 346 342 252 342 253 343 347 343 345 343 1 344 348 344 253 344 253 345 348 345 347 345 346 346 349 346 252 346 1 347 350 347 348 347 349 348 351 348 252 348 1 349 352 349 350 349 351 350 353 350 252 350 1 351 354 351 352 351 353 352 355 352 252 352 1 353 356 353 354 353 355 354 357 354 252 354 1 355 358 355 356 355 357 356 359 356 252 356 0 357 360 357 1 357 1 358 360 358 358 358 359 359 361 359 252 359 0 360 362 360 360 360 361 361 363 361 252 361 0 362 364 362 362 362 363 363 365 363 252 363 0 364 366 364 364 364 365 365 367 365 252 365 0 366 368 366 366 366 252 367 369 367 370 367 252 368 371 368 369 368 367 369 371 369 252 369 0 370 372 370 368 370 4 371 372 371 0 371 371 372 373 372 369 372 4 373 374 373 372 373 373 374 375 374 369 374 4 375 376 375 374 375 375 376 377 376 369 376 4 377 378 377 376 377 377 378 379 378 369 378 379 379 380 379 369 379 4 380 381 380 378 380 6 381 381 381 4 381 380 382 382 382 369 382 6 383 383 383 381 383 382 384 384 384 369 384 6 385 385 385 383 385 384 386 386 386 369 386 6 387 387 387 385 387 386 388 388 388 369 388 6 389 389 389 387 389 388 390 390 390 369 390 6 391 391 391 389 391 390 392 392 392 369 392 8 393 393 393 6 393 6 394 393 394 391 394 392 395 394 395 369 395 8 396 395 396 393 396 394 397 396 397 369 397 8 398 397 398 395 398 369 399 398 399 399 399 396 400 398 400 369 400 8 401 400 401 397 401 398 402 401 402 399 402 8 403 402 403 400 403 401 404 403 404 399 404 8 405 404 405 402 405 403 406 405 406 399 406 10 407 406 407 8 407 8 408 406 408 404 408 405 409 407 409 399 409 10 410 408 410 406 410 407 411 409 411 399 411 410 412 411 412 412 412 413 413 411 413 410 413 414 414 411 414 413 414 414 415 415 415 411 415 416 416 415 416 414 416 417 417 415 417 416 417 418 418 415 418 417 418 411 419 419 419 412 419 420 420 419 420 421 420 412 421 419 421 420 421 418 422 422 422 415 422 423 423 422 423 418 423 424 424 422 424 423 424 10 425 425 425 408 425 409 426 426 426 399 426 419 427 427 427 421 427 428 428 427 428 429 428 421 429 427 429 428 429 424 430 430 430 422 430 431 431 430 431 424 431 432 432 430 432 431 432 433 433 430 433 432 433 434 434 430 434 433 434 10 435 435 435 425 435 426 436 436 436 399 436 427 437 437 437 429 437 429 438 437 438 268 438 268 439 437 439 267 439 434 440 438 440 430 440 439 441 438 441 434 441 440 442 438 442 439 442 441 443 438 443 440 443 10 444 442 444 435 444 436 445 443 445 399 445 437 446 444 446 267 446 267 447 444 447 445 447 446 448 447 448 441 448 448 449 447 449 446 449 449 450 447 450 448 450 441 451 447 451 438 451 12 452 450 452 10 452 10 453 450 453 442 453 443 454 451 454 399 454 444 455 452 455 445 455 445 456 452 456 453 456 12 457 454 457 450 457 451 458 455 458 399 458 456 459 457 459 449 459 458 460 457 460 456 460 459 461 457 461 458 461 449 462 457 462 447 462 460 463 457 463 459 463 12 464 461 464 454 464 455 465 462 465 399 465 452 466 463 466 453 466 453 467 463 467 464 467 464 468 463 468 465 468 12 469 466 469 461 469 462 470 467 470 399 470 460 471 468 471 457 471 469 472 468 472 460 472 470 473 468 473 469 473 471 474 468 474 470 474 467 475 472 475 399 475 463 476 473 476 465 476 474 477 475 477 471 477 476 478 475 478 474 478 477 479 475 479 476 479 328 480 475 480 477 480 471 481 475 481 468 481 473 482 478 482 465 482 465 483 478 483 479 483 479 484 478 484 480 484 328 485 481 485 475 485 326 486 481 486 328 486 478 487 482 487 480 487 326 488 483 488 481 488 480 489 484 489 485 489 482 490 484 490 480 490 326 491 486 491 483 491 484 492 487 492 485 492 485 493 487 493 488 493 326 494 489 494 486 494 399 495 489 495 326 495 487 496 490 496 488 496 488 497 490 497 491 497 399 498 492 498 489 498 490 499 493 499 491 499 491 500 493 500 494 500 399 501 495 501 492 501 493 502 496 502 494 502 494 503 496 503 497 503 497 504 496 504 498 504 399 505 499 505 495 505 472 506 499 506 399 506 500 507 499 507 472 507 496 508 501 508 498 508 498 509 501 509 502 509 503 510 504 510 500 510 505 511 504 511 503 511 506 512 504 512 505 512 507 513 504 513 506 513 500 514 504 514 499 514 501 515 508 515 502 515 507 516 509 516 504 516 510 517 509 517 507 517 511 518 509 518 510 518 512 519 509 519 511 519 18 520 513 520 16 520 16 521 513 521 14 521 14 522 513 522 12 522 12 523 513 523 466 523 514 524 513 524 515 524 516 525 513 525 514 525 517 526 513 526 516 526 518 527 513 527 517 527 519 528 513 528 518 528 520 529 513 529 519 529 521 530 513 530 520 530 522 531 513 531 521 531 523 532 513 532 522 532 524 533 513 533 523 533 525 534 513 534 524 534 526 535 513 535 525 535 527 536 513 536 526 536 466 537 513 537 527 537 508 538 528 538 502 538 502 539 528 539 529 539 529 540 528 540 530 540 531 541 532 541 512 541 533 542 532 542 531 542 534 543 532 543 533 543 535 544 532 544 534 544 512 545 532 545 509 545 21 546 536 546 18 546 18 547 536 547 513 547 528 548 537 548 530 548 538 549 539 549 540 549 541 550 539 550 538 550 535 551 539 551 532 551 540 552 539 552 535 552 537 553 542 553 530 553 530 554 542 554 543 554 543 555 542 555 544 555 541 556 545 556 539 556 546 557 545 557 541 557 547 558 545 558 546 558 548 559 545 559 547 559 549 560 550 560 551 560 552 561 550 561 549 561 553 562 550 562 552 562 554 563 550 563 553 563 555 564 550 564 554 564 556 565 550 565 555 565 557 566 550 566 556 566 558 567 550 567 557 567 559 568 550 568 558 568 560 569 550 569 559 569 561 570 550 570 560 570 562 571 550 571 561 571 563 572 550 572 562 572 564 573 550 573 563 573 565 574 550 574 564 574 566 575 550 575 565 575 567 576 550 576 566 576 568 577 550 577 567 577 569 578 550 578 568 578 570 579 550 579 569 579 571 580 550 580 570 580 536 581 572 581 573 581 542 582 574 582 544 582 21 583 22 583 536 583 575 584 576 584 548 584 577 585 576 585 575 585 578 586 576 586 577 586 548 587 576 587 545 587 536 588 579 588 572 588 536 589 580 589 579 589 551 590 581 590 578 590 550 591 581 591 551 591 578 592 581 592 576 592 536 593 582 593 580 593 536 594 583 594 582 594 536 595 584 595 583 595 536 596 585 596 584 596 536 597 586 597 585 597 536 598 587 598 586 598 550 599 588 599 581 599 536 600 589 600 587 600 536 601 590 601 589 601 22 602 24 602 536 602 536 603 591 603 590 603 24 604 591 604 536 604 24 605 592 605 591 605 550 606 593 606 588 606 594 607 593 607 550 607 594 608 595 608 593 608 596 609 595 609 594 609 24 610 26 610 592 610 597 611 26 611 598 611 599 612 26 612 597 612 600 613 26 613 599 613 592 614 26 614 600 614 601 615 602 615 596 615 603 616 602 616 601 616 596 617 602 617 595 617 604 618 605 618 606 618 606 619 605 619 607 619 607 620 605 620 608 620 608 621 605 621 609 621 609 622 605 622 610 622 610 623 605 623 611 623 605 624 612 624 611 624 613 625 614 625 615 625 616 626 614 626 603 626 617 627 614 627 616 627 615 628 614 628 617 628 603 629 614 629 602 629 618 630 619 630 604 630 604 631 619 631 605 631 620 632 619 632 574 632 621 633 619 633 620 633 622 634 619 634 621 634 623 635 619 635 622 635 624 636 619 636 623 636 625 637 619 637 624 637 574 638 619 638 544 638 544 639 619 639 618 639 625 640 626 640 619 640 26 641 28 641 598 641 627 642 28 642 628 642 629 643 28 643 627 643 598 644 28 644 629 644 630 645 631 645 613 645 632 646 631 646 630 646 633 647 631 647 632 647 613 648 631 648 614 648 626 649 634 649 619 649 635 650 636 650 633 650 637 651 636 651 635 651 638 652 636 652 637 652 639 653 636 653 638 653 633 654 636 654 631 654 634 655 640 655 619 655 641 656 642 656 639 656 643 657 642 657 641 657 644 658 642 658 643 658 639 659 642 659 636 659 28 660 30 660 628 660 645 661 30 661 646 661 628 662 30 662 645 662 612 663 647 663 648 663 605 664 647 664 612 664 649 665 650 665 651 665 651 666 650 666 652 666 653 667 654 667 655 667 653 668 656 668 654 668 640 669 657 669 619 669 658 670 657 670 640 670 659 671 660 671 644 671 661 672 660 672 659 672 662 673 660 673 661 673 644 674 660 674 642 674 647 675 663 675 648 675 658 676 664 676 657 676 664 677 665 677 657 677 657 678 665 678 656 678 666 679 667 679 662 679 668 680 667 680 666 680 669 681 667 681 668 681 662 682 667 682 660 682 664 683 670 683 665 683 30 684 32 684 646 684 671 685 32 685 672 685 673 686 32 686 671 686 646 687 32 687 673 687 664 688 674 688 670 688 669 689 675 689 667 689 676 690 675 690 669 690 677 691 675 691 676 691 652 692 678 692 647 692 647 693 678 693 663 693 678 694 679 694 663 694 678 695 680 695 679 695 681 696 682 696 677 696 683 697 682 697 681 697 677 698 682 698 675 698 32 699 34 699 672 699 684 700 34 700 685 700 686 701 34 701 684 701 672 702 34 702 686 702 683 703 687 703 682 703 688 704 687 704 683 704 674 705 689 705 670 705 690 706 689 706 674 706 691 707 689 707 690 707 691 708 692 708 689 708 691 709 693 709 692 709 680 710 694 710 679 710 695 711 36 711 696 711 34 712 36 712 685 712 697 713 36 713 695 713 685 714 36 714 697 714 680 715 698 715 694 715 693 716 699 716 692 716 700 717 699 717 693 717 701 718 699 718 700 718 680 719 702 719 698 719 701 720 703 720 699 720 688 721 38 721 687 721 696 722 38 722 688 722 36 723 38 723 696 723 702 724 704 724 698 724 705 725 704 725 702 725 701 726 706 726 703 726 707 727 706 727 701 727 708 728 706 728 707 728 38 729 40 729 687 729 709 730 40 730 710 730 687 731 40 731 709 731 705 732 711 732 704 732 705 733 712 733 711 733 40 734 42 734 710 734 708 735 713 735 706 735 714 736 713 736 708 736 715 737 716 737 717 737 712 738 718 738 711 738 713 739 719 739 716 739 714 740 719 740 713 740 720 741 719 741 714 741 716 742 721 742 717 742 722 743 723 743 724 743 720 744 725 744 719 744 726 745 725 745 720 745 42 746 44 746 710 746 727 747 44 747 728 747 710 748 44 748 727 748 723 749 729 749 724 749 712 750 730 750 718 750 725 751 731 751 732 751 726 752 733 752 725 752 734 753 733 753 726 753 735 754 733 754 734 754 728 755 46 755 736 755 44 756 46 756 728 756 729 757 737 757 738 757 723 758 737 758 729 758 735 759 739 759 733 759 740 760 739 760 735 760 738 761 741 761 712 761 712 762 741 762 730 762 739 763 742 763 743 763 739 764 744 764 742 764 46 765 48 765 736 765 739 766 745 766 746 766 746 767 747 767 739 767 739 768 748 768 745 768 747 769 749 769 739 769 739 770 750 770 748 770 739 771 751 771 750 771 749 772 752 772 739 772 752 773 753 773 739 773 739 774 754 774 751 774 739 775 755 775 754 775 753 776 756 776 739 776 756 777 757 777 739 777 739 778 758 778 755 778 757 779 759 779 739 779 739 780 760 780 758 780 759 781 761 781 739 781 739 782 762 782 760 782 739 783 763 783 744 783 761 784 763 784 739 784 739 785 764 785 762 785 740 786 764 786 739 786 744 787 765 787 766 787 763 788 765 788 744 788 738 789 767 789 741 789 737 790 767 790 738 790 740 791 768 791 764 791 765 792 769 792 766 792 766 793 769 793 770 793 740 794 771 794 768 794 770 795 772 795 773 795 769 796 772 796 770 796 740 797 774 797 771 797 775 798 774 798 740 798 773 799 776 799 777 799 772 800 776 800 773 800 775 801 778 801 774 801 777 802 779 802 780 802 776 803 779 803 777 803 780 804 781 804 782 804 779 805 781 805 780 805 775 806 783 806 778 806 782 807 784 807 785 807 781 808 784 808 782 808 775 809 786 809 783 809 787 810 786 810 775 810 785 811 788 811 789 811 784 812 788 812 785 812 787 813 790 813 786 813 791 814 792 814 793 814 789 815 792 815 791 815 788 816 792 816 789 816 787 817 794 817 790 817 792 818 795 818 793 818 793 819 795 819 796 819 787 820 797 820 794 820 736 821 50 821 798 821 48 822 50 822 736 822 799 823 800 823 801 823 796 824 800 824 799 824 795 825 800 825 796 825 787 826 802 826 797 826 803 827 802 827 787 827 801 828 804 828 805 828 800 829 804 829 801 829 803 830 806 830 802 830 805 831 807 831 808 831 804 832 807 832 805 832 803 833 809 833 806 833 808 834 810 834 811 834 807 835 810 835 808 835 803 836 812 836 809 836 813 837 812 837 803 837 810 838 814 838 811 838 811 839 814 839 815 839 813 840 816 840 812 840 815 841 817 841 818 841 814 842 817 842 815 842 813 843 819 843 816 843 817 844 820 844 818 844 737 845 821 845 767 845 822 846 821 846 737 846 820 847 823 847 818 847 818 848 823 848 824 848 823 849 825 849 824 849 826 850 825 850 827 850 824 851 825 851 826 851 825 852 828 852 827 852 827 853 828 853 829 853 828 854 830 854 829 854 830 855 831 855 829 855 829 856 831 856 832 856 831 857 833 857 832 857 832 858 833 858 834 858 835 859 836 859 837 859 838 860 836 860 835 860 839 861 836 861 838 861 840 862 836 862 839 862 841 863 836 863 840 863 842 864 836 864 841 864 843 865 836 865 842 865 844 866 836 866 843 866 845 867 836 867 844 867 846 868 836 868 845 868 847 869 836 869 846 869 848 870 836 870 847 870 849 871 836 871 848 871 850 872 836 872 851 872 852 873 836 873 850 873 853 874 836 874 852 874 854 875 836 875 853 875 855 876 836 876 854 876 856 877 836 877 855 877 857 878 836 878 856 878 858 879 836 879 857 879 859 880 836 880 858 880 860 881 836 881 859 881 861 882 836 882 860 882 862 883 836 883 861 883 863 884 836 884 862 884 864 885 836 885 863 885 865 886 836 886 864 886 866 887 836 887 865 887 867 888 836 888 866 888 868 889 836 889 867 889 869 890 836 890 868 890 870 891 836 891 869 891 837 892 836 892 870 892 834 893 871 893 872 893 833 894 871 894 834 894 873 895 52 895 874 895 798 896 52 896 873 896 50 897 52 897 798 897 849 898 875 898 836 898 871 899 876 899 872 899 872 900 876 900 877 900 875 901 878 901 836 901 877 902 879 902 880 902 876 903 879 903 877 903 878 904 881 904 836 904 881 905 882 905 836 905 883 906 884 906 885 906 886 907 884 907 883 907 887 908 884 908 886 908 888 909 884 909 887 909 889 910 884 910 888 910 890 911 884 911 889 911 836 912 884 912 851 912 891 913 884 913 890 913 892 914 884 914 891 914 893 915 884 915 892 915 894 916 884 916 893 916 895 917 884 917 894 917 896 918 884 918 895 918 897 919 884 919 896 919 898 920 884 920 897 920 899 921 884 921 898 921 900 922 884 922 899 922 901 923 884 923 900 923 902 924 884 924 901 924 903 925 884 925 902 925 851 926 884 926 903 926 904 927 884 927 905 927 906 928 884 928 904 928 907 929 884 929 906 929 908 930 884 930 907 930 909 931 884 931 908 931 910 932 884 932 909 932 911 933 884 933 910 933 885 934 884 934 911 934 880 935 912 935 913 935 879 936 912 936 880 936 882 937 914 937 836 937 884 938 915 938 905 938 914 939 916 939 836 939 913 940 917 940 918 940 912 941 917 941 913 941 884 942 919 942 915 942 916 943 920 943 836 943 917 944 921 944 918 944 884 945 922 945 919 945 920 946 923 946 836 946 923 947 924 947 836 947 925 948 926 948 822 948 927 949 926 949 925 949 822 950 926 950 821 950 884 951 928 951 922 951 929 952 930 952 931 952 932 953 930 953 929 953 933 954 930 954 932 954 934 955 930 955 933 955 935 956 930 956 934 956 936 957 930 957 935 957 937 958 930 958 936 958 938 959 930 959 937 959 939 960 930 960 938 960 940 961 930 961 939 961 941 962 930 962 940 962 819 963 930 963 941 963 942 964 930 964 813 964 943 965 930 965 942 965 944 966 930 966 945 966 813 967 930 967 819 967 931 968 930 968 944 968 924 969 946 969 836 969 930 970 947 970 945 970 884 971 948 971 928 971 946 972 949 972 836 972 949 973 950 973 836 973 930 974 951 974 947 974 884 975 952 975 948 975 950 976 953 976 836 976 884 977 954 977 952 977 953 978 955 978 836 978 955 979 956 979 836 979 884 980 957 980 954 980 884 981 958 981 957 981 884 982 959 982 958 982 884 983 960 983 959 983 874 984 54 984 961 984 52 985 54 985 874 985 884 986 962 986 960 986 884 987 963 987 962 987 884 988 964 988 963 988 884 989 965 989 964 989 884 990 966 990 965 990 884 991 967 991 966 991 884 992 968 992 967 992 884 993 969 993 968 993 884 994 970 994 969 994 884 995 971 995 970 995 884 996 972 996 971 996 927 997 973 997 926 997 974 998 973 998 975 998 976 999 973 999 974 999 977 1000 973 1000 976 1000 978 1001 973 1001 927 1001 979 1002 973 1002 978 1002 980 1003 973 1003 979 1003 975 1004 973 1004 980 1004 884 1005 981 1005 972 1005 884 1006 982 1006 981 1006 884 1007 983 1007 982 1007 884 1008 984 1008 983 1008 884 1009 985 1009 984 1009 884 1010 986 1010 985 1010 943 1011 987 1011 930 1011 988 1012 987 1012 943 1012 989 1013 987 1013 988 1013 989 1014 990 1014 987 1014 990 1015 991 1015 987 1015 992 1016 993 1016 986 1016 989 1017 994 1017 990 1017 995 1018 994 1018 989 1018 996 1019 994 1019 995 1019 961 1020 56 1020 997 1020 54 1021 56 1021 961 1021 991 1022 998 1022 999 1022 921 1023 1000 1023 918 1023 1001 1024 1000 1024 977 1024 1002 1025 1000 1025 1001 1025 918 1026 1000 1026 1002 1026 1003 1027 1000 1027 921 1027 977 1028 1000 1028 973 1028 996 1029 1004 1029 994 1029 1005 1030 1004 1030 996 1030 1006 1031 1004 1031 1005 1031 1006 1032 1007 1032 1004 1032 1008 1033 1007 1033 1006 1033 56 1034 58 1034 997 1034 991 1035 1009 1035 998 1035 990 1036 1009 1036 991 1036 1010 1037 1011 1037 1012 1037 1010 1038 1013 1038 1011 1038 1011 1039 1014 1039 1012 1039 1010 1040 1015 1040 1013 1040 1014 1041 1016 1041 1012 1041 1017 1042 1018 1042 1010 1042 1010 1043 1018 1043 1015 1043 1016 1044 1019 1044 1012 1044 1012 1045 1019 1045 1008 1045 1017 1046 1020 1046 1018 1046 1019 1047 1021 1047 1008 1047 1008 1048 1021 1048 1007 1048 1017 1049 1022 1049 1020 1049 1021 1050 1023 1050 1007 1050 1017 1051 1024 1051 1022 1051 1023 1052 1025 1052 1007 1052 1017 1053 1026 1053 1024 1053 1027 1054 1026 1054 1017 1054 1025 1055 1028 1055 1007 1055 1027 1056 1029 1056 1026 1056 1028 1057 1030 1057 1007 1057 1031 1058 1032 1058 1033 1058 1027 1059 1034 1059 1029 1059 1030 1060 1035 1060 1007 1060 1036 1061 1037 1061 1038 1061 1039 1062 1037 1062 1036 1062 1040 1063 1037 1063 1039 1063 1041 1064 1037 1064 1040 1064 1042 1065 1037 1065 1041 1065 1043 1066 1037 1066 1042 1066 1044 1067 1037 1067 1043 1067 1027 1068 1045 1068 1034 1068 1046 1069 1045 1069 1027 1069 1035 1070 1047 1070 1007 1070 1037 1071 1048 1071 1038 1071 1049 1072 1048 1072 1046 1072 1038 1073 1048 1073 1049 1073 1046 1074 1050 1074 1045 1074 1048 1075 1050 1075 1046 1075 1051 1076 1052 1076 1053 1076 1054 1077 1052 1077 1051 1077 1055 1078 1052 1078 1054 1078 1056 1079 1052 1079 1055 1079 1057 1080 1052 1080 1056 1080 1058 1081 1052 1081 1057 1081 1059 1082 1052 1082 1058 1082 993 1083 1052 1083 1059 1083 1003 1084 1060 1084 1000 1084 1061 1085 1060 1085 1003 1085 1062 1086 1060 1086 1061 1086 1063 1087 1060 1087 1062 1087 1064 1088 1060 1088 1063 1088 1047 1089 1065 1089 1007 1089 1048 1090 1066 1090 1050 1090 1065 1091 1067 1091 1007 1091 1048 1092 1068 1092 1066 1092 1067 1093 1069 1093 1007 1093 1048 1094 1070 1094 1068 1094 1069 1095 1071 1095 1007 1095 1072 1096 1073 1096 1074 1096 1075 1097 1076 1097 1077 1097 1072 1098 1078 1098 1073 1098 1048 1099 1079 1099 1070 1099 1071 1100 1080 1100 1007 1100 1076 1101 1081 1101 1077 1101 1081 1102 1082 1102 1077 1102 1048 1103 1083 1103 1079 1103 1078 1104 1084 1104 1085 1104 1078 1105 1086 1105 1084 1105 1087 1106 1086 1106 1072 1106 1072 1107 1086 1107 1078 1107 1080 1108 1088 1108 1007 1108 1048 1109 1089 1109 1083 1109 1087 1110 1090 1110 1086 1110 1088 1111 1091 1111 1007 1111 1048 1112 1092 1112 1089 1112 1091 1113 1093 1113 1007 1113 1048 1114 1094 1114 1092 1114 1095 1115 1096 1115 1097 1115 1098 1116 1096 1116 1095 1116 1099 1117 1096 1117 1098 1117 997 1118 60 1118 1100 1118 58 1119 60 1119 997 1119 1093 1120 1101 1120 1007 1120 1096 1121 1102 1121 1097 1121 1048 1122 1103 1122 1094 1122 1101 1123 1104 1123 1007 1123 1048 1124 1105 1124 1103 1124 1048 1125 1106 1125 1105 1125 1107 1126 1108 1126 1109 1126 1110 1127 1111 1127 1112 1127 1113 1128 1114 1128 1110 1128 1110 1129 1114 1129 1111 1129 1031 1130 1115 1130 1032 1130 1113 1131 1116 1131 1114 1131 1064 1132 1117 1132 1060 1132 1118 1133 1117 1133 1064 1133 1119 1134 1117 1134 1118 1134 1120 1135 1117 1135 1119 1135 1121 1136 1117 1136 1120 1136 1122 1137 1117 1137 1121 1137 1123 1138 1117 1138 1122 1138 1116 1139 1124 1139 1125 1139 1126 1140 1127 1140 1113 1140 1116 1141 1127 1141 1124 1141 1113 1142 1127 1142 1116 1142 1126 1143 1128 1143 1127 1143 1129 1144 1130 1144 1126 1144 1131 1145 1130 1145 1129 1145 1090 1146 1130 1146 1131 1146 1132 1147 1130 1147 1087 1147 1133 1148 1130 1148 1132 1148 1087 1149 1130 1149 1090 1149 1126 1150 1130 1150 1128 1150 1134 1151 62 1151 1135 1151 1100 1152 62 1152 1134 1152 60 1153 62 1153 1100 1153 1136 1154 1137 1154 1133 1154 1133 1155 1137 1155 1130 1155 1138 1156 1139 1156 1136 1156 1136 1157 1139 1157 1137 1157 1048 1158 1140 1158 1106 1158 1115 1159 1141 1159 1142 1159 1143 1160 126 1160 1144 1160 1145 1161 126 1161 1143 1161 1146 1162 126 1162 1145 1162 1123 1163 126 1163 1117 1163 1147 1164 126 1164 1123 1164 1144 1165 126 1165 1147 1165 1148 1166 1149 1166 1150 1166 1149 1167 1151 1167 1152 1167 1148 1168 1151 1168 1149 1168 1151 1169 1153 1169 1154 1169 1151 1170 1155 1170 1153 1170 1135 1171 64 1171 1156 1171 62 1172 64 1172 1135 1172 1155 1173 1157 1173 1158 1173 1155 1174 1159 1174 1157 1174 1160 1175 1161 1175 1162 1175 1159 1176 1161 1176 1160 1176 1159 1177 1163 1177 1161 1177 1151 1178 1163 1178 1155 1178 1155 1179 1163 1179 1159 1179 1164 1180 124 1180 1146 1180 1165 1181 124 1181 1164 1181 1166 1182 124 1182 1165 1182 1167 1183 124 1183 1166 1183 1168 1184 124 1184 1167 1184 1146 1185 124 1185 126 1185 1102 1186 1169 1186 1097 1186 1140 1187 1169 1187 1106 1187 1106 1188 1169 1188 1170 1188 1097 1189 1169 1189 1082 1189 1171 1190 1169 1190 1102 1190 1109 1191 1169 1191 1171 1191 1108 1192 1169 1192 1109 1192 1172 1193 1169 1193 1108 1193 1170 1194 1169 1194 1172 1194 1173 1195 1174 1195 1148 1195 1148 1196 1174 1196 1151 1196 1151 1197 1174 1197 1163 1197 1175 1198 1176 1198 1177 1198 1178 1199 1176 1199 1175 1199 1179 1200 1176 1200 1178 1200 1180 1201 1176 1201 1179 1201 1181 1202 1176 1202 1180 1202 1182 1203 1176 1203 1183 1203 1184 1204 1176 1204 1182 1204 1185 1205 1176 1205 1184 1205 1186 1206 1176 1206 1185 1206 1187 1207 1176 1207 1186 1207 1188 1208 1176 1208 1187 1208 1189 1209 1176 1209 1188 1209 1190 1210 1176 1210 1189 1210 1177 1211 1176 1211 1190 1211 1181 1212 1191 1212 1176 1212 1173 1213 1192 1213 1174 1213 1169 1214 1193 1214 1082 1214 1082 1215 1193 1215 1077 1215 1194 1216 1193 1216 1169 1216 1173 1217 1195 1217 1192 1217 1196 1218 1195 1218 1173 1218 1139 1219 1195 1219 1196 1219 1191 1220 1197 1220 1176 1220 1139 1221 1198 1221 1195 1221 1197 1222 1199 1222 1176 1222 1139 1223 1200 1223 1198 1223 1201 1224 1202 1224 1193 1224 1203 1225 1202 1225 1201 1225 1140 1226 1204 1226 1169 1226 1139 1227 1205 1227 1200 1227 1199 1228 1206 1228 1176 1228 1206 1229 1207 1229 1176 1229 1202 1230 1208 1230 1193 1230 1209 1231 1208 1231 1202 1231 1210 1232 1208 1232 1209 1232 1211 1233 1212 1233 1213 1233 64 1234 66 1234 1156 1234 1214 1235 1215 1235 1138 1235 1205 1236 1215 1236 1211 1236 1211 1237 1215 1237 1212 1237 1138 1238 1215 1238 1139 1238 1139 1239 1215 1239 1205 1239 1207 1240 1216 1240 1176 1240 1217 1241 1218 1241 1208 1241 1215 1242 1219 1242 1220 1242 1214 1243 1219 1243 1215 1243 1193 1244 1221 1244 1077 1244 1222 1245 1221 1245 1218 1245 1208 1246 1221 1246 1193 1246 1218 1247 1221 1247 1208 1247 1214 1248 1223 1248 1219 1248 1216 1249 1224 1249 1176 1249 1225 1250 1226 1250 1214 1250 1214 1251 1226 1251 1223 1251 1225 1252 1227 1252 1226 1252 1228 1253 1229 1253 1221 1253 1221 1254 1229 1254 1077 1254 1229 1255 1230 1255 1077 1255 1225 1256 1230 1256 1227 1256 1077 1257 1230 1257 1225 1257 1044 1258 1231 1258 1037 1258 1037 1259 1231 1259 1232 1259 1233 1260 1231 1260 1044 1260 1053 1261 122 1261 1168 1261 1168 1262 122 1262 124 1262 1052 1263 122 1263 1053 1263 1234 1264 1235 1264 1236 1264 1140 1265 1237 1265 1204 1265 1238 1266 1237 1266 1239 1266 1240 1267 1237 1267 1238 1267 1241 1268 1237 1268 1240 1268 1242 1269 1237 1269 1241 1269 1243 1270 1237 1270 1242 1270 1244 1271 1237 1271 1243 1271 1245 1272 1237 1272 1244 1272 1246 1273 1237 1273 1245 1273 1247 1274 1237 1274 1246 1274 1248 1275 1237 1275 1247 1275 1249 1276 1237 1276 1248 1276 1204 1277 1237 1277 1249 1277 1156 1278 68 1278 1250 1278 66 1279 68 1279 1156 1279 1052 1280 120 1280 122 1280 1250 1281 70 1281 1251 1281 68 1282 70 1282 1250 1282 1142 1283 118 1283 1052 1283 1052 1284 118 1284 120 1284 1251 1285 72 1285 1252 1285 70 1286 72 1286 1251 1286 1142 1287 116 1287 118 1287 1233 1288 74 1288 1231 1288 72 1289 74 1289 1252 1289 1252 1290 74 1290 1233 1290 1142 1291 114 1291 116 1291 1141 1292 114 1292 1142 1292 74 1293 76 1293 1231 1293 1141 1294 112 1294 114 1294 1253 1295 112 1295 1141 1295 76 1296 78 1296 1231 1296 1253 1297 110 1297 112 1297 1254 1298 110 1298 1253 1298 78 1299 80 1299 1231 1299 1176 1300 108 1300 1254 1300 1254 1301 108 1301 110 1301 80 1302 82 1302 1231 1302 1176 1303 106 1303 108 1303 82 1304 84 1304 1231 1304 1255 1305 104 1305 1224 1305 1256 1306 104 1306 1255 1306 1224 1307 104 1307 1176 1307 1176 1308 104 1308 106 1308 84 1309 86 1309 1231 1309 1257 1310 102 1310 1256 1310 1258 1311 102 1311 1257 1311 1259 1312 102 1312 1258 1312 1260 1313 102 1313 1259 1313 1261 1314 102 1314 1260 1314 1256 1315 102 1315 104 1315 86 1316 88 1316 1231 1316 1231 1317 88 1317 1234 1317 1262 1318 100 1318 1261 1318 1263 1319 100 1319 1262 1319 1264 1320 100 1320 1263 1320 1265 1321 100 1321 1264 1321 1266 1322 100 1322 1265 1322 1261 1323 100 1323 102 1323 88 1324 90 1324 1234 1324 1234 1325 90 1325 1235 1325 1266 1326 98 1326 100 1326 1267 1327 98 1327 1266 1327 1268 1328 98 1328 1267 1328 1269 1329 98 1329 1268 1329 1270 1330 98 1330 1269 1330 90 1331 92 1331 1235 1331 1235 1332 92 1332 1237 1332 1237 1333 96 1333 1239 1333 1271 1334 96 1334 1270 1334 1272 1335 96 1335 1271 1335 1239 1336 96 1336 1272 1336 1270 1337 96 1337 98 1337 92 1338 94 1338 1237 1338 1237 1339 94 1339 96 1339 930 1340 1052 1340 1273 1340 930 1341 1273 1341 1274 1341 930 1342 1274 1342 1275 1342 930 1343 1275 1343 951 1343 1273 1344 1052 1344 1276 1344 1276 1345 1052 1345 1277 1345 1277 1346 1052 1346 1278 1346 1278 1347 1052 1347 992 1347 992 1348 1052 1348 993 1348 733 1349 731 1349 725 1349 1279 1350 739 1350 1280 1350 1280 1351 739 1351 1281 1351 1281 1352 739 1352 1282 1352 1282 1353 739 1353 1283 1353 1283 1354 739 1354 1284 1354 1284 1355 739 1355 1285 1355 1285 1356 739 1356 1286 1356 1286 1357 739 1357 743 1357 719 1358 737 1358 716 1358 716 1359 737 1359 721 1359 721 1360 737 1360 723 1360 689 1361 1287 1361 670 1361 1288 1362 692 1362 699 1362 705 1363 703 1363 706 1363 705 1364 706 1364 712 1364 1289 1365 702 1365 680 1365 665 1366 678 1366 656 1366 656 1367 678 1367 654 1367 654 1368 678 1368 650 1368 650 1369 678 1369 652 1369 884 1370 992 1370 986 1370 1004 1371 1290 1371 994 1371 1176 1372 1007 1372 1291 1372 1176 1373 1291 1373 1292 1373 1176 1374 1292 1374 1293 1374 1176 1375 1293 1375 1294 1375 1176 1376 1294 1376 1295 1376 1176 1377 1295 1377 1296 1377 1176 1378 1296 1378 1297 1378 1176 1379 1297 1379 1183 1379 1291 1380 1007 1380 1298 1380 1298 1381 1007 1381 1299 1381 1299 1382 1007 1382 1300 1382 1300 1383 1007 1383 1104 1383 1253 1384 1301 1384 1254 1384 990 1385 1141 1385 1009 1385 1009 1386 1141 1386 1031 1386 1031 1387 1141 1387 1115 1387 513 1388 550 1388 571 1388 513 1389 571 1389 1302 1389 513 1390 1302 1390 1303 1390 513 1391 1303 1391 1304 1391 513 1392 1304 1392 1305 1392 513 1393 1305 1393 1306 1393 513 1394 1306 1394 1307 1394 513 1395 1307 1395 1308 1395 513 1396 1308 1396 1309 1396 513 1397 1309 1397 515 1397 1310 1398 1311 1398 504 1398 1310 1399 504 1399 509 1399 1312 1400 1310 1400 509 1400 1312 1401 532 1401 539 1401 1312 1402 509 1402 532 1402 1313 1403 1312 1403 539 1403 1314 1404 1313 1404 539 1404 1314 1405 539 1405 545 1405 1315 1406 1314 1406 545 1406 1315 1407 545 1407 576 1407 1316 1408 581 1408 588 1408 1316 1409 576 1409 581 1409 1316 1410 1315 1410 576 1410 1317 1411 588 1411 593 1411 1317 1412 1316 1412 588 1412 1318 1413 1317 1413 593 1413 1319 1414 595 1414 602 1414 1319 1415 593 1415 595 1415 1319 1416 1318 1416 593 1416 1320 1417 1319 1417 602 1417 1321 1418 602 1418 614 1418 1321 1419 1320 1419 602 1419 1322 1420 631 1420 636 1420 1322 1421 614 1421 631 1421 1322 1422 1321 1422 614 1422 1323 1423 1322 1423 636 1423 1324 1424 636 1424 642 1424 1324 1425 1323 1425 636 1425 1325 1426 660 1426 667 1426 1325 1427 642 1427 660 1427 1325 1428 1324 1428 642 1428 1326 1429 667 1429 675 1429 1326 1430 1325 1430 667 1430 1327 1431 1326 1431 675 1431 1328 1432 1327 1432 675 1432 1328 1433 675 1433 682 1433 1329 1434 1328 1434 682 1434 1329 1435 682 1435 687 1435 1330 1436 1329 1436 687 1436 1330 1437 687 1437 709 1437 1331 1438 1330 1438 709 1438 1331 1439 709 1439 710 1439 1332 1440 1331 1440 710 1440 1332 1441 727 1441 728 1441 1332 1442 710 1442 727 1442 1333 1443 1332 1443 728 1443 1334 1444 1333 1444 728 1444 1334 1445 728 1445 736 1445 1335 1446 1334 1446 736 1446 1335 1447 736 1447 798 1447 1336 1448 798 1448 873 1448 1336 1449 1335 1449 798 1449 1337 1450 873 1450 874 1450 1337 1451 1336 1451 873 1451 1338 1452 874 1452 961 1452 1338 1453 1337 1453 874 1453 1339 1454 961 1454 997 1454 1339 1455 1338 1455 961 1455 1340 1456 997 1456 1100 1456 1340 1457 1339 1457 997 1457 1341 1458 1100 1458 1134 1458 1341 1459 1340 1459 1100 1459 1342 1460 1134 1460 1135 1460 1342 1461 1341 1461 1134 1461 1343 1462 1135 1462 1156 1462 1343 1463 1342 1463 1135 1463 1344 1464 1156 1464 1250 1464 1344 1465 1343 1465 1156 1465 1345 1466 1250 1466 1251 1466 1345 1467 1344 1467 1250 1467 1346 1468 1251 1468 1252 1468 1346 1469 1345 1469 1251 1469 1347 1470 1233 1470 1044 1470 1347 1471 1252 1471 1233 1471 1347 1472 1346 1472 1252 1472 1348 1473 1347 1473 1044 1473 1349 1474 1044 1474 1043 1474 1349 1475 1348 1475 1044 1475 1350 1476 1043 1476 1042 1476 1350 1477 1349 1477 1043 1477 1351 1478 1042 1478 1041 1478 1351 1479 1350 1479 1042 1479 1352 1480 1040 1480 1039 1480 1352 1481 1041 1481 1040 1481 1352 1482 1351 1482 1041 1482 1353 1483 1352 1483 1039 1483 1354 1484 1039 1484 1036 1484 1354 1485 1353 1485 1039 1485 1355 1486 1354 1486 1036 1486 1355 1487 1036 1487 1038 1487 1356 1488 1355 1488 1038 1488 1356 1489 1049 1489 1046 1489 1356 1490 1038 1490 1049 1490 1357 1491 1356 1491 1046 1491 1357 1492 1046 1492 1027 1492 1358 1493 1357 1493 1027 1493 1359 1494 1358 1494 1027 1494 1359 1495 1017 1495 1010 1495 1359 1496 1027 1496 1017 1496 1360 1497 1010 1497 1012 1497 1360 1498 1359 1498 1010 1498 1361 1499 1360 1499 1012 1499 1362 1500 1008 1500 1006 1500 1362 1501 1012 1501 1008 1501 1362 1502 1361 1502 1012 1502 1363 1503 1006 1503 1005 1503 1363 1504 1362 1504 1006 1504 1364 1505 1363 1505 1005 1505 1365 1506 1005 1506 996 1506 1365 1507 1364 1507 1005 1507 1366 1508 996 1508 995 1508 1366 1509 1365 1509 996 1509 1367 1510 989 1510 988 1510 1367 1511 995 1511 989 1511 1367 1512 1366 1512 995 1512 1368 1513 1367 1513 988 1513 1369 1514 988 1514 943 1514 1369 1515 1368 1515 988 1515 1370 1516 943 1516 942 1516 1370 1517 1369 1517 943 1517 1371 1518 813 1518 803 1518 1371 1519 942 1519 813 1519 1371 1520 1370 1520 942 1520 1372 1521 1371 1521 803 1521 1373 1522 803 1522 787 1522 1373 1523 1372 1523 803 1523 1374 1524 2 1524 1375 1524 1374 1525 1375 1525 1376 1525 1374 1526 1376 1526 1377 1526 1374 1527 1377 1527 1378 1527 1374 1528 1378 1528 1379 1528 1374 1529 1379 1529 1380 1529 1374 1530 1380 1530 1381 1530 1374 1531 1381 1531 1382 1531 1374 1532 1382 1532 1383 1532 1374 1533 1383 1533 1384 1533 1374 1534 1384 1534 1385 1534 1374 1535 1385 1535 1386 1535 1374 1536 1386 1536 1387 1536 1374 1537 1387 1537 1388 1537 1374 1538 1388 1538 1389 1538 1374 1539 1389 1539 1390 1539 1374 1540 1390 1540 1391 1540 1374 1541 1391 1541 1392 1541 1374 1542 1392 1542 1393 1542 1374 1543 1393 1543 1394 1543 1374 1544 1394 1544 1395 1544 1374 1545 1395 1545 1396 1545 1374 1546 1396 1546 1397 1546 1374 1547 1397 1547 1398 1547 1374 1548 1398 1548 1399 1548 1374 1549 1399 1549 1400 1549 1374 1550 1400 1550 1401 1550 1374 1551 1401 1551 1402 1551 1374 1552 1402 1552 1403 1552 1374 1553 1403 1553 1404 1553 1374 1554 1404 1554 1405 1554 1406 1555 1374 1555 1405 1555 1406 1556 1405 1556 1407 1556 1406 1557 1407 1557 1408 1557 1406 1558 1408 1558 1409 1558 1406 1559 1409 1559 1410 1559 1406 1560 1410 1560 1411 1560 1406 1561 1411 1561 1412 1561 1406 1562 1412 1562 1413 1562 1406 1563 1413 1563 1414 1563 1406 1564 1414 1564 1415 1564 1406 1565 1415 1565 1416 1565 1406 1566 1416 1566 1417 1566 1406 1567 1417 1567 1418 1567 1406 1568 1418 1568 1419 1568 1406 1569 1419 1569 1420 1569 1406 1570 1420 1570 1421 1570 1406 1571 1421 1571 1422 1571 1423 1572 31 1572 29 1572 1423 1573 29 1573 27 1573 1423 1574 27 1574 25 1574 1423 1575 25 1575 23 1575 1423 1576 23 1576 20 1576 1423 1577 20 1577 19 1577 1423 1578 19 1578 17 1578 1423 1579 17 1579 15 1579 1423 1580 15 1580 13 1580 1423 1581 13 1581 11 1581 1423 1582 11 1582 9 1582 1423 1583 9 1583 7 1583 1423 1584 7 1584 5 1584 1423 1585 5 1585 3 1585 1423 1586 3 1586 2 1586 1423 1587 2 1587 1374 1587 33 1588 31 1588 1423 1588 1424 1589 1406 1589 1422 1589 35 1590 33 1590 1423 1590 1425 1591 1406 1591 1424 1591 37 1592 35 1592 1423 1592 1426 1593 1406 1593 1425 1593 39 1594 37 1594 1423 1594 1427 1595 1406 1595 1426 1595 41 1596 39 1596 1423 1596 1428 1597 1406 1597 1427 1597 43 1598 41 1598 1423 1598 45 1599 43 1599 1423 1599 1429 1600 1430 1600 1406 1600 1431 1601 1429 1601 1406 1601 1432 1602 1406 1602 1428 1602 1432 1603 1428 1603 1433 1603 1432 1604 1431 1604 1406 1604 1434 1605 1432 1605 1433 1605 1435 1606 1433 1606 1436 1606 1435 1607 1434 1607 1433 1607 47 1608 45 1608 1423 1608 1437 1609 1435 1609 1436 1609 1438 1610 1437 1610 1436 1610 1439 1611 1438 1611 1436 1611 1440 1612 1439 1612 1436 1612 1441 1613 1439 1613 1440 1613 1442 1614 1441 1614 1440 1614 49 1615 47 1615 1423 1615 1443 1616 1444 1616 1442 1616 1443 1617 1445 1617 1444 1617 1443 1618 1446 1618 1445 1618 1443 1619 1442 1619 1440 1619 51 1620 49 1620 1423 1620 1447 1621 1448 1621 1446 1621 1447 1622 1449 1622 1448 1622 1447 1623 1446 1623 1443 1623 53 1624 51 1624 1423 1624 1450 1625 1449 1625 1447 1625 1450 1626 1451 1626 1449 1626 1450 1627 1452 1627 1451 1627 1450 1628 1453 1628 1452 1628 55 1629 53 1629 1423 1629 1454 1630 1453 1630 1450 1630 1454 1631 1455 1631 1453 1631 1454 1632 1456 1632 1455 1632 1454 1633 1457 1633 1456 1633 57 1634 55 1634 1423 1634 1458 1635 1457 1635 1454 1635 1458 1636 1459 1636 1457 1636 1458 1637 1460 1637 1459 1637 1458 1638 1461 1638 1460 1638 59 1639 57 1639 1423 1639 1462 1640 1461 1640 1458 1640 1462 1641 1463 1641 1461 1641 1462 1642 1464 1642 1463 1642 1462 1643 1465 1643 1464 1643 1462 1644 1466 1644 1465 1644 1467 1645 1468 1645 1469 1645 1467 1646 1470 1646 1471 1646 1467 1647 1469 1647 1470 1647 61 1648 59 1648 1423 1648 1472 1649 1473 1649 1466 1649 1472 1650 1474 1650 1473 1650 1472 1651 1475 1651 1474 1651 1472 1652 1466 1652 1462 1652 63 1653 61 1653 1423 1653 127 1654 1475 1654 1472 1654 127 1655 1476 1655 1475 1655 127 1656 1477 1656 1476 1656 127 1657 1478 1657 1477 1657 65 1658 63 1658 1423 1658 65 1659 1423 1659 1467 1659 125 1660 1478 1660 127 1660 125 1661 1479 1661 1478 1661 125 1662 1480 1662 1479 1662 125 1663 1481 1663 1480 1663 67 1664 65 1664 1467 1664 123 1665 1482 1665 1481 1665 123 1666 1483 1666 1482 1666 123 1667 1484 1667 1483 1667 123 1668 1485 1668 1484 1668 123 1669 1481 1669 125 1669 69 1670 67 1670 1467 1670 121 1671 1485 1671 123 1671 121 1672 1486 1672 1485 1672 121 1673 1487 1673 1486 1673 121 1674 1488 1674 1487 1674 71 1675 69 1675 1467 1675 119 1676 1488 1676 121 1676 119 1677 1489 1677 1488 1677 119 1678 1490 1678 1489 1678 119 1679 1491 1679 1490 1679 73 1680 71 1680 1467 1680 117 1681 1491 1681 119 1681 117 1682 1492 1682 1491 1682 117 1683 1493 1683 1492 1683 117 1684 1494 1684 1493 1684 75 1685 73 1685 1467 1685 115 1686 1494 1686 117 1686 115 1687 1495 1687 1494 1687 115 1688 1496 1688 1495 1688 77 1689 75 1689 1467 1689 113 1690 1496 1690 115 1690 113 1691 1497 1691 1496 1691 113 1692 1498 1692 1497 1692 113 1693 1499 1693 1498 1693 79 1694 77 1694 1467 1694 111 1695 1499 1695 113 1695 111 1696 1500 1696 1499 1696 111 1697 1501 1697 1500 1697 81 1698 79 1698 1467 1698 109 1699 1501 1699 111 1699 109 1700 1502 1700 1501 1700 109 1701 1503 1701 1502 1701 109 1702 1504 1702 1503 1702 83 1703 81 1703 1467 1703 107 1704 1504 1704 109 1704 107 1705 1505 1705 1504 1705 107 1706 1471 1706 1505 1706 85 1707 83 1707 1467 1707 105 1708 1471 1708 107 1708 105 1709 1467 1709 1471 1709 87 1710 85 1710 1467 1710 103 1711 1467 1711 105 1711 89 1712 87 1712 1467 1712 101 1713 1467 1713 103 1713 91 1714 89 1714 1467 1714 99 1715 1467 1715 101 1715 93 1716 91 1716 1467 1716 97 1717 1467 1717 99 1717 95 1718 93 1718 1467 1718 95 1719 1467 1719 97 1719 1506 1720 1507 1720 1508 1720 1509 1721 1507 1721 1506 1721 1508 1722 1510 1722 1506 1722 1506 1723 1510 1723 1511 1723 1511 1724 1510 1724 1512 1724 1513 1725 1514 1725 1509 1725 1509 1726 1514 1726 1507 1726 1510 1727 1515 1727 1512 1727 1513 1728 1516 1728 1514 1728 1517 1729 1516 1729 1513 1729 1512 1730 1518 1730 1519 1730 1515 1731 1518 1731 1512 1731 1517 1732 1520 1732 1516 1732 1521 1733 1520 1733 1517 1733 1519 1734 1522 1734 1523 1734 1518 1735 1522 1735 1519 1735 1521 1736 1524 1736 1520 1736 1525 1737 1524 1737 1521 1737 1522 1738 1526 1738 1523 1738 1523 1739 1526 1739 1527 1739 1525 1740 1528 1740 1524 1740 1529 1741 1528 1741 1525 1741 1526 1742 1530 1742 1527 1742 1527 1743 1530 1743 1531 1743 1531 1744 1530 1744 1532 1744 1529 1745 1533 1745 1528 1745 1534 1746 1533 1746 1529 1746 1530 1747 1535 1747 1532 1747 1534 1748 1536 1748 1533 1748 1537 1749 1536 1749 1538 1749 1538 1750 1536 1750 1534 1750 1535 1751 1539 1751 1532 1751 1532 1752 1539 1752 1540 1752 1537 1753 1541 1753 1536 1753 1539 1754 1542 1754 1540 1754 1540 1755 1542 1755 1543 1755 1537 1756 1544 1756 1541 1756 1545 1757 1544 1757 1537 1757 1542 1758 1546 1758 1543 1758 1543 1759 1546 1759 1547 1759 1547 1760 1546 1760 1548 1760 1545 1761 1549 1761 1544 1761 1550 1762 1549 1762 1551 1762 1551 1763 1549 1763 1545 1763 1546 1764 1552 1764 1548 1764 1550 1765 1553 1765 1549 1765 1552 1766 1554 1766 1548 1766 1548 1767 1554 1767 1555 1767 1555 1768 1554 1768 1556 1768 1550 1769 1557 1769 1553 1769 1558 1770 1557 1770 1550 1770 1554 1771 1559 1771 1556 1771 1556 1772 1559 1772 1560 1772 1561 1773 1562 1773 1563 1773 1563 1774 1562 1774 1558 1774 1558 1775 1562 1775 1557 1775 1559 1776 1564 1776 1560 1776 1561 1777 1565 1777 1562 1777 1564 1778 1566 1778 1560 1778 1560 1779 1566 1779 1567 1779 1567 1780 1566 1780 1568 1780 1310 1781 1569 1781 1311 1781 1311 1782 1569 1782 1561 1782 1561 1783 1569 1783 1565 1783 1566 1784 1570 1784 1568 1784 1310 1785 1571 1785 1569 1785 1570 1786 1572 1786 1568 1786 1568 1787 1572 1787 1573 1787 1312 1788 1574 1788 1310 1788 1310 1789 1574 1789 1571 1789 1573 1790 1575 1790 1576 1790 1572 1791 1575 1791 1573 1791 1314 1792 1577 1792 1313 1792 1313 1793 1577 1793 1312 1793 1312 1794 1577 1794 1574 1794 1575 1795 1578 1795 1576 1795 1576 1796 1578 1796 1579 1796 1579 1797 1578 1797 1580 1797 1314 1798 1581 1798 1577 1798 1578 1799 1582 1799 1580 1799 1314 1800 1583 1800 1581 1800 1316 1801 1583 1801 1315 1801 1315 1802 1583 1802 1314 1802 1582 1803 1584 1803 1580 1803 1580 1804 1584 1804 1585 1804 1316 1805 1586 1805 1583 1805 1585 1806 1587 1806 1588 1806 1584 1807 1587 1807 1585 1807 1316 1808 1589 1808 1586 1808 1317 1809 1589 1809 1316 1809 1588 1810 1590 1810 1591 1810 1587 1811 1590 1811 1588 1811 1317 1812 1592 1812 1589 1812 1318 1813 1592 1813 1317 1813 1318 1814 1319 1814 1592 1814 1591 1815 1593 1815 1594 1815 1590 1816 1593 1816 1591 1816 1319 1817 1595 1817 1592 1817 1594 1818 1596 1818 1597 1818 1593 1819 1596 1819 1594 1819 1319 1820 1598 1820 1595 1820 1320 1821 1598 1821 1319 1821 1320 1822 1321 1822 1598 1822 1597 1823 1599 1823 1600 1823 1596 1824 1599 1824 1597 1824 1321 1825 1601 1825 1598 1825 1600 1826 1602 1826 1603 1826 1599 1827 1602 1827 1600 1827 1322 1828 1604 1828 1321 1828 1321 1829 1604 1829 1601 1829 1603 1830 1605 1830 1606 1830 1602 1831 1605 1831 1603 1831 1322 1832 1323 1832 1604 1832 1323 1833 1607 1833 1604 1833 1606 1834 1608 1834 1609 1834 1605 1835 1608 1835 1606 1835 1324 1836 1610 1836 1323 1836 1323 1837 1610 1837 1607 1837 1609 1838 1611 1838 1612 1838 1608 1839 1611 1839 1609 1839 1325 1840 1613 1840 1324 1840 1324 1841 1613 1841 1610 1841 1612 1842 1614 1842 1615 1842 1611 1843 1614 1843 1612 1843 1613 1844 1326 1844 1616 1844 1325 1845 1326 1845 1613 1845 1614 1846 1617 1846 1615 1846 1618 1847 1617 1847 1614 1847 1326 1848 1619 1848 1616 1848 1326 1849 1327 1849 1619 1849 1620 1850 1621 1850 1618 1850 1618 1851 1621 1851 1617 1851 1327 1852 1328 1852 1619 1852 1619 1853 1328 1853 1622 1853 1620 1854 1623 1854 1621 1854 1623 1855 1624 1855 1621 1855 1328 1856 1625 1856 1622 1856 1328 1857 1329 1857 1625 1857 1329 1858 1626 1858 1625 1858 1623 1859 1627 1859 1624 1859 1628 1860 1627 1860 1623 1860 1329 1861 1330 1861 1626 1861 1330 1862 1629 1862 1626 1862 1628 1863 1630 1863 1627 1863 1631 1864 1630 1864 1628 1864 1631 1865 1632 1865 1630 1865 1330 1866 1331 1866 1629 1866 1331 1867 1633 1867 1629 1867 1632 1868 1634 1868 1630 1868 1331 1869 1332 1869 1633 1869 1632 1870 1635 1870 1634 1870 1636 1871 1635 1871 1632 1871 1332 1872 1333 1872 1633 1872 1637 1873 1333 1873 1638 1873 1633 1874 1333 1874 1637 1874 1636 1875 1639 1875 1635 1875 1640 1876 1639 1876 1636 1876 1333 1877 1334 1877 1638 1877 1641 1878 1642 1878 1640 1878 1643 1879 1642 1879 1641 1879 1640 1880 1642 1880 1639 1880 1644 1881 1335 1881 1645 1881 1638 1882 1335 1882 1644 1882 1334 1883 1335 1883 1638 1883 1646 1884 1647 1884 1643 1884 1643 1885 1647 1885 1642 1885 1335 1886 1336 1886 1645 1886 1646 1887 1648 1887 1647 1887 1645 1888 1337 1888 1649 1888 1336 1889 1337 1889 1645 1889 1650 1890 1651 1890 1646 1890 1646 1891 1651 1891 1648 1891 1649 1892 1338 1892 1652 1892 1337 1893 1338 1893 1649 1893 1653 1894 1654 1894 1650 1894 1655 1895 1654 1895 1653 1895 1650 1896 1654 1896 1651 1896 1656 1897 1339 1897 1657 1897 1652 1898 1339 1898 1656 1898 1338 1899 1339 1899 1652 1899 1655 1900 1658 1900 1654 1900 1339 1901 1340 1901 1657 1901 1655 1902 1659 1902 1658 1902 1660 1903 1659 1903 1655 1903 1657 1904 1341 1904 1661 1904 1340 1905 1341 1905 1657 1905 1662 1906 1373 1906 1663 1906 1660 1907 1373 1907 1659 1907 1663 1908 1373 1908 1660 1908 1341 1909 1342 1909 1661 1909 1661 1910 1342 1910 1664 1910 1662 1911 1372 1911 1373 1911 1342 1912 1343 1912 1664 1912 1664 1913 1343 1913 1665 1913 1666 1914 1371 1914 1662 1914 1667 1915 1371 1915 1666 1915 1662 1916 1371 1916 1372 1916 1665 1917 1344 1917 1668 1917 1343 1918 1344 1918 1665 1918 1667 1919 1370 1919 1371 1919 1668 1920 1345 1920 1669 1920 1344 1921 1345 1921 1668 1921 1670 1922 1369 1922 1667 1922 1667 1923 1369 1923 1370 1923 1669 1924 1346 1924 1671 1924 1345 1925 1346 1925 1669 1925 1672 1926 1368 1926 1670 1926 1673 1927 1368 1927 1672 1927 1670 1928 1368 1928 1369 1928 1671 1929 1347 1929 1674 1929 1346 1930 1347 1930 1671 1930 1675 1931 1367 1931 1673 1931 1673 1932 1367 1932 1368 1932 1347 1933 1348 1933 1674 1933 1676 1934 1348 1934 1677 1934 1674 1935 1348 1935 1676 1935 1678 1936 1366 1936 1675 1936 1675 1937 1366 1937 1367 1937 1348 1938 1349 1938 1677 1938 1678 1939 1365 1939 1366 1939 1677 1940 1350 1940 1679 1940 1349 1941 1350 1941 1677 1941 1680 1942 1364 1942 1678 1942 1678 1943 1364 1943 1365 1943 1350 1944 1351 1944 1679 1944 1679 1945 1351 1945 1681 1945 1682 1946 1363 1946 1680 1946 1683 1947 1363 1947 1682 1947 1680 1948 1363 1948 1364 1948 1351 1949 1352 1949 1681 1949 1684 1950 1352 1950 1685 1950 1681 1951 1352 1951 1684 1951 1683 1952 1362 1952 1363 1952 1686 1953 1362 1953 1683 1953 1352 1954 1353 1954 1685 1954 1686 1955 1361 1955 1362 1955 1353 1956 1354 1956 1685 1956 1685 1957 1354 1957 1687 1957 1686 1958 1360 1958 1361 1958 1688 1959 1360 1959 1686 1959 1354 1960 1355 1960 1687 1960 1687 1961 1355 1961 1689 1961 1690 1962 1359 1962 1688 1962 1688 1963 1359 1963 1360 1963 1691 1964 1356 1964 1692 1964 1689 1965 1356 1965 1691 1965 1355 1966 1356 1966 1689 1966 1693 1967 1358 1967 1690 1967 1690 1968 1358 1968 1359 1968 1356 1969 1357 1969 1692 1969 1692 1970 1357 1970 1693 1970 1693 1971 1357 1971 1358 1971 1694 1972 1695 1972 1569 1972 1694 1973 1569 1973 1571 1973 1696 1974 1694 1974 1571 1974 1696 1975 1574 1975 1577 1975 1696 1976 1571 1976 1574 1976 1697 1977 1696 1977 1577 1977 1697 1978 1577 1978 1581 1978 1698 1979 1697 1979 1581 1979 1698 1980 1581 1980 1583 1980 1699 1981 1698 1981 1583 1981 1700 1982 1699 1982 1583 1982 1700 1983 1586 1983 1589 1983 1700 1984 1583 1984 1586 1984 1701 1985 1700 1985 1589 1985 1702 1986 1589 1986 1592 1986 1702 1987 1701 1987 1589 1987 1703 1988 1592 1988 1595 1988 1703 1989 1702 1989 1592 1989 1704 1990 1595 1990 1598 1990 1704 1991 1703 1991 1595 1991 1705 1992 1598 1992 1601 1992 1705 1993 1704 1993 1598 1993 1706 1994 1604 1994 1607 1994 1706 1995 1601 1995 1604 1995 1706 1996 1705 1996 1601 1996 1707 1997 1607 1997 1610 1997 1707 1998 1706 1998 1607 1998 1708 1999 1707 1999 1610 1999 1709 2000 1613 2000 1616 2000 1709 2001 1610 2001 1613 2001 1709 2002 1708 2002 1610 2002 1710 2003 1616 2003 1619 2003 1710 2004 1709 2004 1616 2004 1711 2005 1710 2005 1619 2005 1712 2006 1711 2006 1619 2006 1712 2007 1619 2007 1622 2007 1713 2008 1712 2008 1622 2008 1713 2009 1622 2009 1625 2009 1714 2010 1713 2010 1625 2010 1714 2011 1626 2011 1629 2011 1714 2012 1625 2012 1626 2012 1715 2013 1714 2013 1629 2013 1715 2014 1629 2014 1633 2014 1716 2015 1715 2015 1633 2015 1717 2016 1716 2016 1633 2016 1717 2017 1633 2017 1637 2017 1718 2018 1717 2018 1637 2018 1718 2019 1637 2019 1638 2019 1719 2020 1718 2020 1638 2020 1719 2021 1644 2021 1645 2021 1719 2022 1638 2022 1644 2022 1720 2023 1645 2023 1649 2023 1720 2024 1719 2024 1645 2024 1721 2025 1720 2025 1649 2025 1722 2026 1649 2026 1652 2026 1722 2027 1721 2027 1649 2027 1723 2028 1652 2028 1656 2028 1723 2029 1722 2029 1652 2029 1724 2030 1656 2030 1657 2030 1724 2031 1723 2031 1656 2031 1725 2032 1657 2032 1661 2032 1725 2033 1724 2033 1657 2033 1726 2034 1661 2034 1664 2034 1726 2035 1725 2035 1661 2035 1727 2036 1664 2036 1665 2036 1727 2037 1726 2037 1664 2037 1728 2038 1665 2038 1668 2038 1728 2039 1727 2039 1665 2039 1729 2040 1668 2040 1669 2040 1729 2041 1728 2041 1668 2041 1730 2042 1669 2042 1671 2042 1730 2043 1729 2043 1669 2043 1731 2044 1671 2044 1674 2044 1731 2045 1730 2045 1671 2045 1732 2046 1674 2046 1676 2046 1732 2047 1731 2047 1674 2047 1733 2048 1676 2048 1677 2048 1733 2049 1732 2049 1676 2049 1734 2050 1679 2050 1681 2050 1734 2051 1677 2051 1679 2051 1734 2052 1733 2052 1677 2052 1735 2053 1734 2053 1681 2053 1736 2054 1735 2054 1681 2054 1736 2055 1681 2055 1684 2055 1737 2056 1736 2056 1684 2056 1737 2057 1684 2057 1685 2057 1738 2058 1737 2058 1685 2058 1738 2059 1685 2059 1687 2059 1739 2060 1738 2060 1687 2060 1739 2061 1687 2061 1689 2061 1740 2062 1739 2062 1689 2062 1740 2063 1689 2063 1691 2063 1741 2064 1691 2064 1692 2064 1741 2065 1740 2065 1691 2065 1742 2066 1741 2066 1692 2066 1742 2067 1692 2067 1693 2067 1743 2068 1693 2068 1690 2068 1743 2069 1742 2069 1693 2069 1744 2070 1688 2070 1686 2070 1744 2071 1690 2071 1688 2071 1744 2072 1743 2072 1690 2072 1745 2073 1744 2073 1686 2073 1746 2074 1686 2074 1683 2074 1746 2075 1745 2075 1686 2075 1747 2076 1683 2076 1682 2076 1747 2077 1746 2077 1683 2077 1748 2078 1680 2078 1678 2078 1748 2079 1682 2079 1680 2079 1748 2080 1747 2080 1682 2080 1749 2081 1748 2081 1678 2081 1750 2082 1675 2082 1673 2082 1750 2083 1678 2083 1675 2083 1750 2084 1749 2084 1678 2084 1751 2085 1750 2085 1673 2085 1752 2086 1672 2086 1670 2086 1752 2087 1673 2087 1672 2087 1752 2088 1751 2088 1673 2088 1753 2089 1752 2089 1670 2089 1754 2090 1667 2090 1666 2090 1754 2091 1670 2091 1667 2091 1754 2092 1753 2092 1670 2092 1755 2093 1754 2093 1666 2093 1756 2094 1662 2094 1663 2094 1756 2095 1666 2095 1662 2095 1756 2096 1755 2096 1666 2096 1757 2097 1756 2097 1663 2097 1758 2098 1759 2098 1760 2098 1758 2099 1760 2099 1761 2099 1762 2100 1760 2100 1763 2100 1762 2101 1761 2101 1760 2101 1764 2102 1765 2102 1766 2102 1764 2103 1766 2103 1759 2103 1764 2104 1759 2104 1758 2104 1767 2105 1763 2105 1768 2105 1767 2106 1768 2106 1769 2106 1767 2107 1762 2107 1763 2107 1770 2108 1765 2108 1764 2108 1771 2109 1767 2109 1769 2109 1772 2110 1765 2110 1770 2110 1772 2111 1773 2111 1765 2111 1774 2112 1771 2112 1769 2112 1774 2113 1769 2113 1775 2113 1774 2114 1775 2114 1776 2114 1777 2115 1778 2115 1779 2115 1777 2116 1779 2116 1773 2116 1777 2117 1773 2117 1772 2117 1780 2118 1774 2118 1776 2118 1781 2119 1778 2119 1777 2119 1782 2120 1780 2120 1776 2120 1782 2121 1776 2121 1783 2121 1782 2122 1783 2122 1784 2122 1785 2123 1786 2123 1778 2123 1785 2124 1778 2124 1781 2124 1787 2125 1782 2125 1784 2125 1787 2126 1784 2126 1788 2126 1789 2127 1790 2127 1786 2127 1789 2128 1786 2128 1785 2128 1791 2129 1787 2129 1788 2129 1792 2130 1793 2130 1794 2130 1792 2131 1794 2131 1790 2131 1792 2132 1790 2132 1789 2132 1795 2133 1788 2133 1796 2133 1795 2134 1791 2134 1788 2134 1795 2135 1796 2135 1797 2135 1798 2136 1793 2136 1792 2136 1799 2137 1795 2137 1797 2137 1800 2138 1801 2138 1802 2138 1800 2139 1802 2139 1793 2139 1800 2140 1793 2140 1798 2140 1803 2141 1797 2141 1804 2141 1803 2142 1804 2142 1805 2142 1803 2143 1799 2143 1797 2143 1806 2144 1801 2144 1800 2144 1807 2145 1803 2145 1805 2145 1808 2146 1809 2146 1810 2146 1808 2147 1810 2147 1801 2147 1808 2148 1801 2148 1806 2148 1811 2149 1805 2149 1812 2149 1811 2150 1807 2150 1805 2150 1813 2151 1814 2151 1809 2151 1813 2152 1809 2152 1808 2152 1815 2153 1812 2153 1816 2153 1815 2154 1816 2154 1817 2154 1815 2155 1811 2155 1812 2155 1818 2156 1814 2156 1813 2156 1819 2157 1815 2157 1817 2157 1695 2158 1820 2158 1814 2158 1695 2159 1814 2159 1818 2159 1821 2160 1817 2160 1822 2160 1821 2161 1822 2161 1823 2161 1821 2162 1819 2162 1817 2162 1694 2163 1824 2163 1820 2163 1694 2164 1820 2164 1695 2164 1825 2165 1821 2165 1823 2165 1696 2166 1826 2166 1827 2166 1696 2167 1827 2167 1824 2167 1696 2168 1824 2168 1694 2168 1828 2169 1823 2169 1829 2169 1828 2170 1829 2170 1830 2170 1828 2171 1825 2171 1823 2171 1697 2172 1826 2172 1696 2172 1831 2173 1830 2173 1832 2173 1831 2174 1828 2174 1830 2174 1698 2175 1833 2175 1826 2175 1698 2176 1826 2176 1697 2176 1834 2177 1831 2177 1832 2177 1699 2178 1835 2178 1836 2178 1699 2179 1836 2179 1833 2179 1699 2180 1833 2180 1698 2180 1837 2181 1832 2181 1838 2181 1837 2182 1834 2182 1832 2182 1700 2183 1835 2183 1699 2183 1839 2184 1837 2184 1838 2184 1839 2185 1838 2185 1840 2185 1701 2186 1835 2186 1700 2186 1701 2187 1841 2187 1835 2187 1842 2188 1839 2188 1840 2188 1842 2189 1840 2189 1843 2189 1702 2190 1844 2190 1841 2190 1702 2191 1841 2191 1701 2191 1845 2192 1844 2192 1702 2192 1846 2193 1842 2193 1843 2193 1846 2194 1843 2194 1847 2194 1848 2195 1846 2195 1847 2195 1703 2196 1845 2196 1702 2196 1849 2197 1846 2197 1848 2197 1850 2198 1849 2198 1848 2198 1704 2199 1845 2199 1703 2199 1704 2200 1851 2200 1845 2200 1852 2201 1851 2201 1704 2201 1853 2202 1849 2202 1850 2202 1705 2203 1852 2203 1704 2203 1854 2204 1850 2204 1855 2204 1854 2205 1853 2205 1850 2205 1706 2206 1856 2206 1852 2206 1706 2207 1852 2207 1705 2207 1857 2208 1855 2208 1858 2208 1857 2209 1854 2209 1855 2209 1707 2210 1859 2210 1856 2210 1707 2211 1856 2211 1706 2211 1860 2212 1857 2212 1858 2212 1861 2213 1857 2213 1860 2213 1708 2214 1862 2214 1859 2214 1708 2215 1859 2215 1707 2215 1863 2216 1860 2216 1864 2216 1863 2217 1861 2217 1860 2217 1709 2218 1865 2218 1862 2218 1709 2219 1862 2219 1708 2219 1866 2220 1864 2220 1867 2220 1866 2221 1863 2221 1864 2221 1868 2222 1709 2222 1710 2222 1868 2223 1865 2223 1709 2223 1869 2224 1866 2224 1867 2224 1870 2225 1869 2225 1867 2225 1711 2226 1868 2226 1710 2226 1871 2227 1868 2227 1711 2227 1872 2228 1869 2228 1870 2228 1873 2229 1872 2229 1870 2229 1874 2230 1871 2230 1711 2230 1874 2231 1711 2231 1712 2231 1875 2232 1872 2232 1873 2232 1875 2233 1876 2233 1872 2233 1713 2234 1874 2234 1712 2234 1877 2235 1874 2235 1713 2235 1878 2236 1876 2236 1875 2236 1878 2237 1879 2237 1876 2237 1880 2238 1713 2238 1714 2238 1880 2239 1877 2239 1713 2239 1881 2240 1879 2240 1878 2240 1881 2241 1882 2241 1879 2241 1883 2242 1880 2242 1714 2242 1883 2243 1714 2243 1715 2243 1884 2244 1882 2244 1881 2244 1884 2245 1885 2245 1882 2245 1886 2246 1885 2246 1884 2246 1887 2247 1715 2247 1716 2247 1887 2248 1883 2248 1715 2248 1888 2249 1886 2249 1884 2249 1889 2250 1716 2250 1717 2250 1889 2251 1887 2251 1716 2251 1890 2252 1886 2252 1888 2252 1890 2253 1891 2253 1886 2253 1892 2254 1717 2254 1718 2254 1892 2255 1889 2255 1717 2255 1893 2256 1891 2256 1890 2256 1893 2257 1894 2257 1891 2257 1895 2258 1719 2258 1720 2258 1895 2259 1718 2259 1719 2259 1895 2260 1892 2260 1718 2260 1896 2261 1894 2261 1893 2261 1896 2262 1897 2262 1894 2262 1898 2263 1895 2263 1720 2263 1899 2264 1900 2264 1897 2264 1899 2265 1897 2265 1896 2265 1901 2266 1720 2266 1721 2266 1901 2267 1898 2267 1720 2267 1902 2268 1903 2268 1900 2268 1902 2269 1904 2269 1903 2269 1902 2270 1900 2270 1899 2270 1905 2271 1721 2271 1722 2271 1905 2272 1901 2272 1721 2272 1906 2273 1904 2273 1902 2273 1907 2274 1722 2274 1723 2274 1907 2275 1905 2275 1722 2275 1908 2276 1904 2276 1906 2276 1908 2277 1909 2277 1904 2277 1910 2278 1907 2278 1723 2278 1910 2279 1723 2279 1724 2279 1911 2280 1909 2280 1908 2280 1911 2281 1912 2281 1909 2281 1913 2282 1725 2282 1726 2282 1913 2283 1724 2283 1725 2283 1913 2284 1910 2284 1724 2284 1914 2285 1912 2285 1911 2285 1914 2286 1757 2286 1912 2286 1914 2287 1756 2287 1757 2287 1915 2288 1913 2288 1726 2288 1916 2289 1756 2289 1914 2289 1917 2290 1726 2290 1727 2290 1917 2291 1915 2291 1726 2291 1918 2292 1756 2292 1916 2292 1918 2293 1755 2293 1756 2293 1919 2294 1727 2294 1728 2294 1919 2295 1917 2295 1727 2295 1920 2296 1755 2296 1918 2296 1920 2297 1754 2297 1755 2297 1921 2298 1729 2298 1730 2298 1921 2299 1728 2299 1729 2299 1921 2300 1919 2300 1728 2300 1922 2301 1754 2301 1920 2301 1922 2302 1753 2302 1754 2302 1922 2303 1752 2303 1753 2303 1923 2304 1921 2304 1730 2304 1924 2305 1752 2305 1922 2305 1925 2306 1731 2306 1732 2306 1925 2307 1730 2307 1731 2307 1925 2308 1923 2308 1730 2308 1926 2309 1752 2309 1924 2309 1926 2310 1751 2310 1752 2310 1927 2311 1732 2311 1733 2311 1927 2312 1925 2312 1732 2312 1928 2313 1751 2313 1926 2313 1928 2314 1750 2314 1751 2314 1928 2315 1749 2315 1750 2315 1929 2316 1927 2316 1733 2316 1930 2317 1749 2317 1928 2317 1931 2318 1733 2318 1734 2318 1931 2319 1929 2319 1733 2319 1932 2320 1749 2320 1930 2320 1932 2321 1748 2321 1749 2321 1933 2322 1931 2322 1734 2322 1933 2323 1734 2323 1735 2323 1934 2324 1748 2324 1932 2324 1934 2325 1747 2325 1748 2325 1934 2326 1746 2326 1747 2326 1935 2327 1736 2327 1737 2327 1935 2328 1735 2328 1736 2328 1935 2329 1933 2329 1735 2329 1936 2330 1746 2330 1934 2330 1937 2331 1935 2331 1737 2331 1938 2332 1746 2332 1936 2332 1938 2333 1745 2333 1746 2333 1939 2334 1937 2334 1737 2334 1939 2335 1737 2335 1738 2335 1940 2336 1744 2336 1745 2336 1940 2337 1745 2337 1938 2337 1941 2338 1738 2338 1739 2338 1941 2339 1939 2339 1738 2339 1942 2340 1743 2340 1744 2340 1942 2341 1742 2341 1743 2341 1942 2342 1744 2342 1940 2342 1943 2343 1739 2343 1740 2343 1943 2344 1941 2344 1739 2344 1944 2345 1742 2345 1942 2345 1945 2346 1741 2346 1742 2346 1945 2347 1740 2347 1741 2347 1945 2348 1742 2348 1944 2348 1945 2349 1943 2349 1740 2349 1946 2350 1947 2350 1820 2350 1946 2351 1820 2351 1824 2351 1948 2352 1946 2352 1824 2352 1948 2353 1827 2353 1826 2353 1948 2354 1824 2354 1827 2354 1949 2355 1948 2355 1826 2355 1950 2356 1949 2356 1826 2356 1950 2357 1826 2357 1833 2357 1951 2358 1950 2358 1833 2358 1951 2359 1833 2359 1836 2359 1952 2360 1835 2360 1841 2360 1952 2361 1836 2361 1835 2361 1952 2362 1951 2362 1836 2362 1953 2363 1841 2363 1844 2363 1953 2364 1952 2364 1841 2364 1954 2365 1953 2365 1844 2365 1955 2366 1845 2366 1851 2366 1955 2367 1844 2367 1845 2367 1955 2368 1954 2368 1844 2368 1956 2369 1955 2369 1851 2369 1957 2370 1851 2370 1852 2370 1957 2371 1956 2371 1851 2371 1958 2372 1856 2372 1859 2372 1958 2373 1852 2373 1856 2373 1958 2374 1957 2374 1852 2374 1959 2375 1958 2375 1859 2375 1960 2376 1859 2376 1862 2376 1960 2377 1959 2377 1859 2377 1961 2378 1865 2378 1868 2378 1961 2379 1862 2379 1865 2379 1961 2380 1960 2380 1862 2380 1962 2381 1868 2381 1871 2381 1962 2382 1961 2382 1868 2382 1963 2383 1962 2383 1871 2383 1964 2384 1963 2384 1871 2384 1964 2385 1871 2385 1874 2385 1965 2386 1964 2386 1874 2386 1965 2387 1874 2387 1877 2387 1966 2388 1965 2388 1877 2388 1966 2389 1877 2389 1880 2389 1967 2390 1966 2390 1880 2390 1967 2391 1880 2391 1883 2391 1968 2392 1967 2392 1883 2392 1968 2393 1887 2393 1889 2393 1968 2394 1883 2394 1887 2394 1969 2395 1968 2395 1889 2395 1970 2396 1969 2396 1889 2396 1970 2397 1889 2397 1892 2397 1971 2398 1970 2398 1892 2398 1971 2399 1892 2399 1895 2399 1972 2400 1895 2400 1898 2400 1972 2401 1971 2401 1895 2401 1973 2402 1898 2402 1901 2402 1973 2403 1972 2403 1898 2403 1974 2404 1901 2404 1905 2404 1974 2405 1973 2405 1901 2405 1975 2406 1905 2406 1907 2406 1975 2407 1974 2407 1905 2407 1976 2408 1907 2408 1910 2408 1976 2409 1975 2409 1907 2409 1977 2410 1910 2410 1913 2410 1977 2411 1976 2411 1910 2411 1978 2412 1913 2412 1915 2412 1978 2413 1977 2413 1913 2413 1979 2414 1915 2414 1917 2414 1979 2415 1978 2415 1915 2415 1980 2416 1917 2416 1919 2416 1980 2417 1979 2417 1917 2417 1981 2418 1919 2418 1921 2418 1981 2419 1980 2419 1919 2419 1982 2420 1921 2420 1923 2420 1982 2421 1981 2421 1921 2421 1983 2422 1925 2422 1927 2422 1983 2423 1923 2423 1925 2423 1983 2424 1982 2424 1923 2424 1984 2425 1983 2425 1927 2425 1985 2426 1927 2426 1929 2426 1985 2427 1984 2427 1927 2427 1986 2428 1929 2428 1931 2428 1986 2429 1985 2429 1929 2429 1987 2430 1931 2430 1933 2430 1987 2431 1986 2431 1931 2431 1988 2432 1935 2432 1937 2432 1988 2433 1933 2433 1935 2433 1988 2434 1987 2434 1933 2434 1989 2435 1988 2435 1937 2435 1990 2436 1937 2436 1939 2436 1990 2437 1989 2437 1937 2437 1991 2438 1990 2438 1939 2438 1991 2439 1939 2439 1941 2439 1992 2440 1991 2440 1941 2440 1992 2441 1943 2441 1945 2441 1992 2442 1941 2442 1943 2442 1993 2443 1992 2443 1945 2443 1993 2444 1945 2444 1944 2444 1994 2445 1993 2445 1944 2445 1995 2446 1994 2446 1944 2446 1995 2447 1942 2447 1940 2447 1995 2448 1944 2448 1942 2448 1996 2449 1940 2449 1938 2449 1996 2450 1995 2450 1940 2450 1997 2451 1996 2451 1938 2451 1998 2452 1936 2452 1934 2452 1998 2453 1938 2453 1936 2453 1998 2454 1997 2454 1938 2454 1999 2455 1934 2455 1932 2455 1999 2456 1998 2456 1934 2456 2000 2457 1999 2457 1932 2457 2001 2458 1932 2458 1930 2458 2001 2459 2000 2459 1932 2459 2002 2460 1930 2460 1928 2460 2002 2461 2001 2461 1930 2461 2003 2462 1926 2462 1924 2462 2003 2463 1928 2463 1926 2463 2003 2464 2002 2464 1928 2464 2004 2465 2003 2465 1924 2465 2005 2466 1924 2466 1922 2466 2005 2467 2004 2467 1924 2467 2006 2468 1922 2468 1920 2468 2006 2469 2005 2469 1922 2469 2007 2470 1918 2470 1916 2470 2007 2471 1920 2471 1918 2471 2007 2472 2006 2472 1920 2472 2008 2473 2007 2473 1916 2473 2009 2474 1916 2474 1914 2474 2009 2475 2008 2475 1916 2475 2010 2476 2011 2476 2012 2476 2010 2477 2012 2477 2013 2477 2014 2478 2012 2478 2015 2478 2014 2479 2013 2479 2012 2479 2016 2480 2011 2480 2010 2480 2016 2481 2017 2481 2011 2481 2018 2482 2014 2482 2015 2482 2018 2483 2015 2483 2019 2483 2020 2484 2017 2484 2016 2484 2020 2485 2021 2485 2022 2485 2020 2486 2022 2486 2017 2486 2023 2487 2018 2487 2019 2487 2023 2488 2019 2488 2024 2488 2025 2489 2021 2489 2020 2489 2026 2490 2023 2490 2024 2490 2026 2491 2024 2491 2027 2491 2028 2492 2021 2492 2025 2492 2028 2493 2029 2493 2021 2493 2030 2494 2026 2494 2027 2494 2030 2495 2027 2495 2031 2495 2030 2496 2031 2496 2032 2496 2033 2497 2029 2497 2028 2497 2033 2498 2034 2498 2035 2498 2033 2499 2035 2499 2029 2499 2036 2500 2030 2500 2032 2500 2037 2501 2034 2501 2033 2501 2037 2502 2038 2502 2034 2502 2039 2503 2036 2503 2032 2503 2039 2504 2032 2504 2040 2504 2039 2505 2040 2505 2041 2505 2042 2506 2038 2506 2037 2506 2043 2507 2039 2507 2041 2507 2044 2508 2045 2508 2046 2508 2044 2509 2038 2509 2042 2509 2044 2510 2046 2510 2038 2510 2047 2511 2043 2511 2041 2511 2047 2512 2041 2512 2048 2512 2049 2513 2045 2513 2044 2513 2049 2514 2050 2514 2045 2514 2051 2515 2047 2515 2048 2515 2051 2516 2048 2516 2052 2516 2053 2517 2050 2517 2049 2517 2054 2518 2051 2518 2052 2518 2054 2519 2052 2519 2055 2519 2056 2520 2057 2520 2058 2520 2056 2521 2058 2521 2050 2521 2056 2522 2050 2522 2053 2522 2059 2523 2054 2523 2055 2523 2059 2524 2055 2524 2060 2524 2059 2525 2060 2525 2061 2525 2062 2526 2057 2526 2056 2526 2063 2527 2059 2527 2061 2527 2064 2528 2065 2528 2057 2528 2064 2529 2057 2529 2062 2529 2066 2530 2063 2530 2061 2530 2066 2531 2061 2531 2067 2531 2068 2532 2065 2532 2064 2532 2068 2533 2069 2533 2065 2533 2070 2534 2066 2534 2067 2534 2070 2535 2067 2535 2071 2535 2070 2536 2071 2536 2072 2536 1947 2537 2069 2537 2068 2537 1947 2538 2073 2538 2069 2538 2074 2539 2070 2539 2072 2539 2074 2540 2072 2540 2075 2540 1946 2541 2073 2541 1947 2541 1946 2542 2076 2542 2073 2542 2077 2543 2074 2543 2075 2543 2077 2544 2075 2544 2078 2544 1948 2545 2076 2545 1946 2545 1948 2546 2079 2546 2080 2546 1948 2547 2080 2547 2076 2547 2081 2548 2077 2548 2078 2548 2081 2549 2078 2549 2082 2549 1949 2550 2079 2550 1948 2550 2083 2551 2081 2551 2082 2551 1950 2552 2079 2552 1949 2552 1950 2553 2084 2553 2079 2553 2085 2554 2083 2554 2082 2554 2085 2555 2082 2555 2086 2555 1951 2556 2084 2556 1950 2556 1951 2557 2087 2557 2084 2557 2088 2558 2085 2558 2086 2558 2088 2559 2086 2559 2089 2559 1952 2560 2087 2560 1951 2560 1952 2561 2090 2561 2087 2561 2091 2562 2089 2562 2092 2562 2091 2563 2088 2563 2089 2563 1953 2564 2090 2564 1952 2564 1953 2565 2093 2565 2090 2565 2094 2566 2092 2566 2095 2566 2094 2567 2091 2567 2092 2567 1954 2568 2093 2568 1953 2568 1954 2569 2096 2569 2093 2569 2097 2570 2095 2570 2098 2570 2097 2571 2094 2571 2095 2571 1955 2572 2096 2572 1954 2572 1955 2573 2099 2573 2096 2573 2100 2574 2098 2574 2101 2574 2100 2575 2097 2575 2098 2575 1956 2576 2099 2576 1955 2576 1956 2577 2102 2577 2099 2577 2103 2578 2101 2578 2104 2578 2103 2579 2100 2579 2101 2579 1957 2580 2102 2580 1956 2580 1957 2581 2105 2581 2102 2581 2106 2582 2104 2582 2107 2582 2106 2583 2103 2583 2104 2583 1958 2584 2108 2584 2105 2584 1958 2585 2105 2585 1957 2585 2109 2586 2107 2586 2110 2586 2109 2587 2110 2587 2111 2587 2109 2588 2106 2588 2107 2588 1959 2589 2112 2589 2108 2589 1959 2590 2108 2590 1958 2590 2113 2591 2109 2591 2111 2591 1960 2592 2114 2592 2112 2592 1960 2593 2112 2593 1959 2593 2115 2594 2111 2594 2116 2594 2115 2595 2113 2595 2111 2595 1961 2596 2117 2596 2114 2596 1961 2597 2114 2597 1960 2597 2118 2598 2115 2598 2116 2598 2119 2599 2115 2599 2118 2599 2120 2600 1961 2600 1962 2600 2120 2601 2117 2601 1961 2601 2121 2602 2119 2602 2118 2602 2121 2603 2122 2603 2119 2603 2123 2604 2122 2604 2121 2604 2124 2605 2120 2605 1962 2605 2124 2606 1962 2606 1963 2606 2125 2607 2123 2607 2121 2607 2126 2608 2124 2608 1963 2608 2126 2609 1963 2609 1964 2609 2127 2610 2123 2610 2125 2610 2127 2611 2128 2611 2123 2611 2129 2612 2126 2612 1964 2612 2129 2613 1965 2613 1966 2613 2129 2614 1964 2614 1965 2614 2130 2615 2128 2615 2127 2615 2130 2616 2131 2616 2128 2616 2130 2617 2132 2617 2131 2617 2133 2618 2129 2618 1966 2618 2133 2619 1966 2619 1967 2619 2134 2620 2132 2620 2130 2620 2135 2621 1967 2621 1968 2621 2135 2622 2133 2622 1967 2622 2136 2623 2132 2623 2134 2623 2136 2624 2137 2624 2132 2624 2138 2625 1968 2625 1969 2625 2138 2626 2135 2626 1968 2626 2139 2627 2137 2627 2136 2627 2139 2628 2140 2628 2137 2628 2139 2629 2141 2629 2140 2629 2142 2630 2138 2630 1969 2630 2143 2631 2141 2631 2139 2631 2144 2632 1969 2632 1970 2632 2144 2633 2142 2633 1969 2633 2145 2634 2141 2634 2143 2634 2145 2635 2146 2635 2141 2635 2147 2636 1970 2636 1971 2636 2147 2637 2144 2637 1970 2637 2148 2638 2146 2638 2145 2638 2148 2639 2149 2639 2146 2639 2150 2640 2147 2640 1971 2640 2150 2641 1971 2641 1972 2641 2151 2642 2152 2642 2149 2642 2151 2643 2149 2643 2148 2643 2153 2644 2150 2644 1972 2644 2153 2645 1973 2645 1974 2645 2153 2646 1972 2646 1973 2646 2154 2647 2152 2647 2151 2647 2154 2648 2155 2648 2152 2648 2156 2649 2153 2649 1974 2649 2157 2650 2155 2650 2154 2650 2157 2651 2158 2651 2155 2651 2159 2652 2156 2652 1974 2652 2159 2653 1974 2653 1975 2653 2160 2654 2158 2654 2157 2654 2160 2655 2161 2655 2158 2655 2162 2656 1975 2656 1976 2656 2162 2657 2159 2657 1975 2657 2163 2658 2161 2658 2160 2658 2163 2659 2164 2659 2161 2659 2165 2660 1977 2660 1978 2660 2165 2661 1976 2661 1977 2661 2165 2662 2162 2662 1976 2662 2166 2663 2164 2663 2163 2663 2166 2664 2009 2664 2164 2664 2166 2665 2008 2665 2009 2665 2167 2666 2165 2666 1978 2666 2168 2667 2008 2667 2166 2667 2169 2668 1978 2668 1979 2668 2169 2669 2167 2669 1978 2669 2170 2670 2007 2670 2008 2670 2170 2671 2006 2671 2007 2671 2170 2672 2008 2672 2168 2672 2171 2673 1980 2673 1981 2673 2171 2674 1979 2674 1980 2674 2171 2675 2169 2675 1979 2675 2172 2676 2006 2676 2170 2676 2173 2677 2171 2677 1981 2677 2174 2678 2005 2678 2006 2678 2174 2679 2004 2679 2005 2679 2174 2680 2006 2680 2172 2680 2175 2681 2173 2681 1981 2681 2175 2682 1981 2682 1982 2682 2176 2683 2004 2683 2174 2683 2177 2684 1982 2684 1983 2684 2177 2685 2175 2685 1982 2685 2178 2686 2004 2686 2176 2686 2178 2687 2003 2687 2004 2687 2179 2688 2177 2688 1983 2688 2179 2689 1984 2689 1985 2689 2179 2690 1983 2690 1984 2690 2180 2691 2003 2691 2178 2691 2180 2692 2002 2692 2003 2692 2181 2693 2179 2693 1985 2693 2182 2694 2002 2694 2180 2694 2182 2695 2001 2695 2002 2695 2183 2696 1985 2696 1986 2696 2183 2697 2181 2697 1985 2697 2184 2698 2001 2698 2182 2698 2184 2699 2000 2699 2001 2699 2184 2700 1999 2700 2000 2700 2185 2701 1986 2701 1987 2701 2185 2702 2183 2702 1986 2702 2186 2703 1999 2703 2184 2703 2187 2704 1987 2704 1988 2704 2187 2705 2185 2705 1987 2705 2188 2706 1999 2706 2186 2706 2188 2707 1998 2707 1999 2707 2189 2708 1988 2708 1989 2708 2189 2709 2187 2709 1988 2709 2190 2710 1998 2710 2188 2710 2190 2711 1997 2711 1998 2711 2191 2712 1989 2712 1990 2712 2191 2713 2189 2713 1989 2713 2192 2714 1996 2714 1997 2714 2192 2715 1997 2715 2190 2715 2193 2716 1991 2716 1992 2716 2193 2717 1990 2717 1991 2717 2193 2718 2191 2718 1990 2718 2194 2719 1995 2719 1996 2719 2194 2720 1996 2720 2192 2720 2195 2721 2193 2721 1992 2721 2196 2722 1994 2722 1995 2722 2196 2723 1995 2723 2194 2723 2197 2724 1993 2724 1994 2724 2197 2725 1992 2725 1993 2725 2197 2726 2195 2726 1992 2726 2197 2727 1994 2727 2196 2727 2168 2728 2198 2728 2199 2728 2168 2729 2199 2729 2200 2729 2168 2730 2166 2730 2198 2730 2170 2731 2168 2731 2200 2731 2172 2732 2200 2732 2201 2732 2172 2733 2170 2733 2200 2733 2174 2734 2201 2734 2202 2734 2174 2735 2172 2735 2201 2735 2176 2736 2202 2736 2203 2736 2176 2737 2174 2737 2202 2737 2178 2738 2203 2738 2204 2738 2178 2739 2204 2739 2205 2739 2178 2740 2176 2740 2203 2740 2180 2741 2178 2741 2205 2741 2182 2742 2205 2742 2206 2742 2182 2743 2180 2743 2205 2743 2184 2744 2206 2744 2207 2744 2184 2745 2207 2745 2208 2745 2184 2746 2182 2746 2206 2746 2186 2747 2208 2747 2209 2747 2186 2748 2184 2748 2208 2748 2188 2749 2186 2749 2209 2749 2190 2750 2209 2750 2210 2750 2190 2751 2188 2751 2209 2751 2192 2752 2210 2752 2211 2752 2192 2753 2211 2753 2212 2753 2192 2754 2190 2754 2210 2754 2194 2755 2192 2755 2212 2755 2196 2756 2212 2756 2213 2756 2196 2757 2194 2757 2212 2757 2197 2758 2213 2758 2214 2758 2197 2759 2214 2759 2215 2759 2197 2760 2196 2760 2213 2760 2195 2761 2197 2761 2215 2761 2193 2762 2195 2762 2215 2762 2193 2763 2215 2763 2216 2763 2191 2764 2193 2764 2216 2764 2191 2765 2216 2765 2217 2765 2189 2766 2191 2766 2217 2766 2189 2767 2217 2767 2218 2767 2187 2768 2189 2768 2218 2768 2187 2769 2218 2769 2219 2769 2185 2770 2187 2770 2219 2770 2185 2771 2219 2771 2220 2771 2183 2772 2220 2772 2221 2772 2183 2773 2185 2773 2220 2773 2181 2774 2221 2774 2222 2774 2181 2775 2222 2775 2223 2775 2181 2776 2183 2776 2221 2776 2179 2777 2181 2777 2223 2777 2177 2778 2223 2778 2224 2778 2177 2779 2179 2779 2223 2779 2175 2780 2224 2780 2225 2780 2175 2781 2177 2781 2224 2781 2173 2782 2225 2782 2226 2782 2173 2783 2175 2783 2225 2783 2171 2784 2226 2784 2227 2784 2171 2785 2173 2785 2226 2785 2169 2786 2227 2786 2228 2786 2169 2787 2171 2787 2227 2787 2167 2788 2228 2788 2229 2788 2167 2789 2169 2789 2228 2789 2165 2790 2229 2790 2230 2790 2165 2791 2167 2791 2229 2791 2162 2792 2230 2792 2231 2792 2162 2793 2165 2793 2230 2793 2159 2794 2231 2794 2232 2794 2159 2795 2162 2795 2231 2795 2156 2796 2232 2796 2233 2796 2156 2797 2159 2797 2232 2797 2153 2798 2233 2798 2234 2798 2153 2799 2156 2799 2233 2799 2150 2800 2234 2800 2235 2800 2150 2801 2235 2801 2236 2801 2150 2802 2153 2802 2234 2802 2147 2803 2150 2803 2236 2803 2144 2804 2236 2804 2237 2804 2144 2805 2147 2805 2236 2805 2142 2806 2237 2806 2238 2806 2142 2807 2238 2807 2239 2807 2142 2808 2144 2808 2237 2808 2138 2809 2142 2809 2239 2809 2135 2810 2239 2810 2240 2810 2135 2811 2138 2811 2239 2811 2133 2812 2135 2812 2240 2812 2133 2813 2240 2813 2241 2813 2133 2814 2241 2814 2242 2814 2129 2815 2133 2815 2242 2815 2126 2816 2129 2816 2242 2816 2126 2817 2242 2817 2243 2817 2124 2818 2126 2818 2243 2818 2124 2819 2243 2819 2244 2819 2120 2820 2124 2820 2244 2820 2120 2821 2244 2821 2245 2821 2117 2822 2120 2822 2245 2822 2117 2823 2245 2823 2246 2823 2117 2824 2246 2824 2247 2824 2114 2825 2117 2825 2247 2825 2112 2826 2114 2826 2247 2826 2112 2827 2247 2827 2248 2827 2108 2828 2112 2828 2248 2828 2108 2829 2248 2829 2249 2829 2108 2830 2249 2830 2250 2830 2105 2831 2108 2831 2250 2831 2105 2832 2250 2832 2251 2832 2102 2833 2105 2833 2251 2833 2102 2834 2251 2834 2252 2834 2099 2835 2102 2835 2252 2835 2096 2836 2099 2836 2252 2836 2096 2837 2252 2837 2253 2837 2096 2838 2253 2838 2254 2838 2093 2839 2096 2839 2254 2839 2090 2840 2254 2840 2255 2840 2090 2841 2093 2841 2254 2841 2087 2842 2255 2842 2256 2842 2087 2843 2090 2843 2255 2843 2084 2844 2256 2844 2257 2844 2084 2845 2257 2845 2258 2845 2084 2846 2087 2846 2256 2846 2079 2847 2258 2847 2259 2847 2079 2848 2084 2848 2258 2848 2080 2849 2259 2849 2260 2849 2080 2850 2079 2850 2259 2850 2076 2851 2080 2851 2260 2851 2073 2852 2260 2852 2261 2852 2073 2853 2076 2853 2260 2853 2198 2854 2262 2854 2199 2854 2260 2855 2263 2855 2261 2855 2199 2856 2264 2856 2200 2856 2262 2857 2264 2857 2199 2857 2200 2858 2265 2858 2201 2858 2264 2859 2265 2859 2200 2859 2201 2860 2266 2860 2202 2860 2202 2861 2266 2861 2203 2861 2265 2862 2266 2862 2201 2862 2203 2863 2267 2863 2204 2863 2266 2864 2267 2864 2203 2864 2204 2865 2268 2865 2205 2865 2205 2866 2268 2866 2206 2866 2267 2867 2268 2867 2204 2867 2268 2868 2269 2868 2206 2868 2206 2869 2269 2869 2207 2869 2262 2870 2270 2870 2264 2870 2271 2871 2270 2871 2262 2871 2207 2872 2272 2872 2208 2872 2269 2873 2272 2873 2207 2873 2264 2874 2273 2874 2265 2874 2270 2875 2273 2875 2264 2875 2208 2876 2274 2876 2209 2876 2209 2877 2274 2877 2210 2877 2272 2878 2274 2878 2208 2878 2273 2879 2275 2879 2265 2879 2265 2880 2275 2880 2266 2880 2274 2881 2276 2881 2210 2881 2210 2882 2276 2882 2211 2882 2266 2883 2277 2883 2267 2883 2275 2884 2277 2884 2266 2884 2276 2885 2278 2885 2211 2885 2211 2886 2278 2886 2212 2886 2212 2887 2278 2887 2213 2887 2267 2888 2279 2888 2268 2888 2277 2889 2279 2889 2267 2889 2268 2890 2279 2890 2269 2890 2213 2891 2280 2891 2214 2891 2278 2892 2280 2892 2213 2892 2279 2893 2281 2893 2269 2893 2214 2894 2282 2894 2215 2894 2280 2895 2282 2895 2214 2895 2283 2896 2284 2896 2285 2896 2285 2897 2284 2897 2271 2897 2271 2898 2284 2898 2270 2898 2270 2899 2284 2899 2273 2899 2269 2900 2286 2900 2272 2900 2281 2901 2286 2901 2269 2901 2215 2902 2287 2902 2216 2902 2216 2903 2287 2903 2217 2903 2282 2904 2287 2904 2215 2904 2284 2905 2288 2905 2273 2905 2272 2906 2289 2906 2274 2906 2286 2907 2289 2907 2272 2907 2217 2908 2290 2908 2218 2908 2287 2909 2290 2909 2217 2909 2288 2910 2291 2910 2273 2910 2273 2911 2291 2911 2275 2911 2275 2912 2291 2912 2277 2912 2289 2913 2292 2913 2274 2913 2274 2914 2292 2914 2276 2914 2218 2915 2293 2915 2219 2915 2219 2916 2293 2916 2220 2916 2290 2917 2293 2917 2218 2917 2291 2918 2294 2918 2277 2918 2292 2919 2295 2919 2276 2919 2276 2920 2295 2920 2278 2920 2293 2921 2296 2921 2220 2921 2220 2922 2296 2922 2221 2922 2277 2923 2297 2923 2279 2923 2279 2924 2297 2924 2281 2924 2294 2925 2297 2925 2277 2925 2278 2926 2298 2926 2280 2926 2280 2927 2298 2927 2282 2927 2295 2928 2298 2928 2278 2928 2221 2929 2299 2929 2222 2929 2296 2930 2299 2930 2221 2930 2297 2931 2300 2931 2281 2931 2298 2932 2301 2932 2282 2932 2222 2933 2302 2933 2223 2933 2223 2934 2302 2934 2224 2934 2299 2935 2302 2935 2222 2935 2303 2936 2304 2936 2283 2936 2283 2937 2304 2937 2284 2937 2300 2938 2305 2938 2281 2938 2281 2939 2305 2939 2286 2939 2301 2940 2306 2940 2282 2940 2282 2941 2306 2941 2287 2941 2302 2942 2307 2942 2224 2942 2224 2943 2307 2943 2225 2943 2304 2944 2308 2944 2284 2944 2284 2945 2308 2945 2288 2945 2303 2946 2308 2946 2304 2946 2286 2947 2309 2947 2289 2947 2305 2948 2309 2948 2286 2948 2287 2949 2310 2949 2290 2949 2306 2950 2310 2950 2287 2950 2307 2951 2311 2951 2225 2951 2225 2952 2311 2952 2226 2952 2226 2953 2311 2953 2227 2953 2308 2954 2312 2954 2288 2954 2303 2955 2312 2955 2308 2955 2288 2956 2312 2956 2291 2956 2292 2957 2313 2957 2295 2957 2289 2958 2313 2958 2292 2958 2309 2959 2313 2959 2289 2959 2290 2960 2314 2960 2293 2960 2310 2961 2314 2961 2290 2961 2227 2962 2315 2962 2228 2962 2311 2963 2315 2963 2227 2963 2291 2964 2316 2964 2294 2964 2312 2965 2316 2965 2291 2965 2303 2966 2316 2966 2312 2966 2313 2967 2317 2967 2295 2967 2296 2968 2318 2968 2299 2968 2314 2969 2318 2969 2293 2969 2293 2970 2318 2970 2296 2970 2228 2971 2319 2971 2229 2971 2229 2972 2319 2972 2230 2972 2315 2973 2319 2973 2228 2973 2294 2974 2320 2974 2297 2974 2316 2975 2320 2975 2294 2975 2303 2976 2320 2976 2316 2976 2317 2977 2321 2977 2295 2977 2295 2978 2321 2978 2298 2978 2298 2979 2321 2979 2301 2979 2318 2980 2322 2980 2299 2980 2230 2981 2323 2981 2231 2981 2319 2982 2323 2982 2230 2982 2297 2983 2324 2983 2300 2983 2320 2984 2324 2984 2297 2984 2303 2985 2324 2985 2320 2985 2321 2986 2325 2986 2301 2986 2299 2987 2326 2987 2302 2987 2302 2988 2326 2988 2307 2988 2322 2989 2326 2989 2299 2989 2323 2990 2327 2990 2231 2990 2231 2991 2327 2991 2232 2991 2303 2992 2328 2992 2324 2992 2300 2993 2328 2993 2305 2993 2324 2994 2328 2994 2300 2994 2325 2995 2329 2995 2301 2995 2301 2996 2329 2996 2306 2996 2326 2997 2330 2997 2307 2997 2327 2998 2331 2998 2232 2998 2232 2999 2331 2999 2233 2999 2233 3000 2331 3000 2234 3000 2303 3001 2332 3001 2328 3001 2305 3002 2332 3002 2309 3002 2328 3003 2332 3003 2305 3003 2329 3004 2333 3004 2306 3004 2306 3005 2333 3005 2310 3005 2330 3006 2334 3006 2307 3006 2307 3007 2334 3007 2311 3007 2234 3008 2335 3008 2235 3008 2331 3009 2335 3009 2234 3009 2303 3010 2336 3010 2332 3010 2332 3011 2336 3011 2309 3011 2309 3012 2336 3012 2313 3012 2333 3013 2337 3013 2310 3013 2310 3014 2337 3014 2314 3014 2314 3015 2337 3015 2318 3015 2311 3016 2338 3016 2315 3016 2334 3017 2338 3017 2311 3017 2235 3018 2339 3018 2236 3018 2236 3019 2339 3019 2237 3019 2335 3020 2339 3020 2235 3020 2336 3021 2340 3021 2313 3021 2303 3022 2340 3022 2336 3022 2313 3023 2340 3023 2317 3023 2337 3024 2341 3024 2318 3024 2338 3025 2342 3025 2315 3025 2319 3026 2342 3026 2323 3026 2315 3027 2342 3027 2319 3027 2237 3028 2343 3028 2238 3028 2339 3029 2343 3029 2237 3029 2303 3030 2344 3030 2340 3030 2340 3031 2344 3031 2317 3031 2317 3032 2344 3032 2321 3032 2318 3033 2345 3033 2322 3033 2341 3034 2345 3034 2318 3034 2342 3035 2346 3035 2323 3035 2238 3036 2347 3036 2239 3036 2343 3037 2347 3037 2238 3037 2321 3038 2348 3038 2325 3038 2344 3039 2348 3039 2321 3039 2303 3040 2348 3040 2344 3040 2322 3041 2349 3041 2326 3041 2345 3042 2349 3042 2322 3042 2323 3043 2350 3043 2327 3043 2346 3044 2350 3044 2323 3044 2239 3045 2351 3045 2240 3045 2240 3046 2351 3046 2241 3046 2347 3047 2351 3047 2239 3047 2329 3048 2352 3048 2333 3048 2348 3049 2352 3049 2325 3049 2303 3050 2352 3050 2348 3050 2325 3051 2352 3051 2329 3051 2326 3052 2353 3052 2330 3052 2349 3053 2353 3053 2326 3053 2330 3054 2353 3054 2334 3054 2327 3055 2354 3055 2331 3055 2350 3056 2354 3056 2327 3056 2241 3057 2355 3057 2242 3057 2351 3058 2355 3058 2241 3058 2303 3059 2356 3059 2352 3059 2352 3060 2356 3060 2333 3060 2353 3061 2357 3061 2334 3061 2354 3062 2358 3062 2331 3062 2331 3063 2358 3063 2335 3063 2242 3064 2359 3064 2243 3064 2355 3065 2359 3065 2242 3065 2356 3066 2360 3066 2333 3066 2333 3067 2360 3067 2337 3067 2303 3068 2360 3068 2356 3068 2334 3069 2361 3069 2338 3069 2357 3070 2361 3070 2334 3070 2335 3071 2362 3071 2339 3071 2358 3072 2362 3072 2335 3072 2243 3073 2363 3073 2244 3073 2244 3074 2363 3074 2245 3074 2359 3075 2363 3075 2243 3075 2341 3076 2364 3076 2345 3076 2303 3077 2364 3077 2360 3077 2360 3078 2364 3078 2337 3078 2337 3079 2364 3079 2341 3079 2361 3080 2365 3080 2338 3080 2338 3081 2365 3081 2342 3081 2342 3082 2365 3082 2346 3082 2339 3083 2366 3083 2343 3083 2362 3084 2366 3084 2339 3084 2245 3085 2367 3085 2246 3085 2363 3086 2367 3086 2245 3086 2303 3087 2368 3087 2364 3087 2364 3088 2368 3088 2345 3088 2345 3089 2368 3089 2349 3089 2365 3090 2369 3090 2346 3090 2366 3091 2370 3091 2343 3091 2343 3092 2370 3092 2347 3092 2347 3093 2370 3093 2351 3093 2246 3094 2371 3094 2247 3094 2247 3095 2371 3095 2248 3095 2367 3096 2371 3096 2246 3096 2368 3097 2372 3097 2349 3097 2303 3098 2372 3098 2368 3098 2369 3099 2373 3099 2346 3099 2346 3100 2373 3100 2350 3100 2370 3101 2374 3101 2351 3101 2371 3102 2375 3102 2248 3102 2248 3103 2375 3103 2249 3103 2372 3104 2376 3104 2349 3104 2349 3105 2376 3105 2353 3105 2303 3106 2376 3106 2372 3106 2353 3107 2376 3107 2357 3107 2350 3108 2377 3108 2354 3108 2373 3109 2377 3109 2350 3109 2374 3110 2378 3110 2351 3110 2351 3111 2378 3111 2355 3111 2375 3112 2379 3112 2249 3112 2249 3113 2379 3113 2250 3113 2250 3114 2379 3114 2251 3114 2357 3115 2380 3115 2361 3115 2376 3116 2380 3116 2357 3116 2303 3117 2380 3117 2376 3117 2377 3118 2381 3118 2354 3118 2354 3119 2381 3119 2358 3119 2355 3120 2382 3120 2359 3120 2359 3121 2382 3121 2363 3121 2378 3122 2382 3122 2355 3122 2379 3123 2383 3123 2251 3123 2251 3124 2383 3124 2252 3124 2380 3125 2384 3125 2361 3125 2303 3126 2384 3126 2380 3126 2358 3127 2385 3127 2362 3127 2381 3128 2385 3128 2358 3128 2382 3129 2386 3129 2363 3129 2252 3130 2387 3130 2253 3130 2383 3131 2387 3131 2252 3131 2361 3132 2388 3132 2365 3132 2384 3133 2388 3133 2361 3133 2365 3134 2388 3134 2369 3134 2303 3135 2388 3135 2384 3135 2362 3136 2389 3136 2366 3136 2385 3137 2389 3137 2362 3137 2363 3138 2390 3138 2367 3138 2386 3139 2390 3139 2363 3139 2253 3140 2391 3140 2254 3140 2254 3141 2391 3141 2255 3141 2387 3142 2391 3142 2253 3142 2303 3143 2392 3143 2388 3143 2388 3144 2392 3144 2369 3144 2366 3145 2393 3145 2370 3145 2389 3146 2393 3146 2366 3146 2367 3147 2394 3147 2371 3147 2390 3148 2394 3148 2367 3148 2255 3149 2395 3149 2256 3149 2391 3150 2395 3150 2255 3150 2392 3151 2396 3151 2369 3151 2373 3152 2396 3152 2377 3152 2303 3153 2396 3153 2392 3153 2369 3154 2396 3154 2373 3154 2374 3155 2397 3155 2378 3155 2370 3156 2397 3156 2374 3156 2393 3157 2397 3157 2370 3157 2394 3158 2398 3158 2371 3158 2371 3159 2398 3159 2375 3159 2395 3160 2399 3160 2256 3160 2256 3161 2399 3161 2257 3161 2303 3162 2400 3162 2396 3162 2396 3163 2400 3163 2377 3163 2397 3164 2401 3164 2378 3164 2375 3165 2402 3165 2379 3165 2398 3166 2402 3166 2375 3166 2257 3167 2403 3167 2258 3167 2258 3168 2403 3168 2259 3168 2399 3169 2403 3169 2257 3169 2303 3170 2404 3170 2400 3170 2400 3171 2404 3171 2377 3171 2377 3172 2404 3172 2381 3172 2381 3173 2404 3173 2385 3173 2378 3174 2405 3174 2382 3174 2401 3175 2405 3175 2378 3175 2402 3176 2406 3176 2379 3176 2379 3177 2406 3177 2383 3177 2260 3178 2407 3178 2263 3178 2403 3179 2407 3179 2259 3179 2259 3180 2407 3180 2260 3180 2303 3181 2408 3181 2404 3181 2404 3182 2408 3182 2385 3182 2385 3183 2408 3183 2389 3183 2405 3184 2409 3184 2382 3184 2382 3185 2409 3185 2386 3185 2406 3186 2410 3186 2383 3186 2387 3187 2410 3187 2391 3187 2383 3188 2410 3188 2387 3188 2408 3189 2411 3189 2389 3189 2303 3190 2411 3190 2408 3190 2409 3191 2412 3191 2386 3191 2386 3192 2412 3192 2390 3192 2410 3193 2413 3193 2391 3193 2389 3194 2414 3194 2393 3194 2303 3195 2414 3195 2411 3195 2411 3196 2414 3196 2389 3196 2390 3197 2415 3197 2394 3197 2412 3198 2415 3198 2390 3198 2391 3199 2416 3199 2395 3199 2413 3200 2416 3200 2391 3200 2303 3201 2417 3201 2414 3201 2397 3202 2417 3202 2401 3202 2414 3203 2417 3203 2393 3203 2393 3204 2417 3204 2397 3204 2394 3205 2418 3205 2398 3205 2415 3206 2418 3206 2394 3206 2395 3207 2419 3207 2399 3207 2416 3208 2419 3208 2395 3208 2417 3209 2420 3209 2401 3209 2303 3210 2420 3210 2417 3210 2398 3211 2421 3211 2402 3211 2418 3212 2421 3212 2398 3212 2419 3213 2422 3213 2399 3213 2399 3214 2422 3214 2403 3214 2401 3215 2423 3215 2405 3215 2405 3216 2423 3216 2409 3216 2420 3217 2423 3217 2401 3217 2303 3218 2423 3218 2420 3218 2421 3219 2424 3219 2402 3219 2402 3220 2424 3220 2406 3220 2422 3221 2425 3221 2403 3221 2407 3222 2425 3222 2263 3222 2403 3223 2425 3223 2407 3223 2263 3224 2425 3224 2426 3224 2303 3225 2427 3225 2423 3225 2423 3226 2427 3226 2409 3226 2406 3227 2428 3227 2410 3227 2424 3228 2428 3228 2406 3228 2410 3229 2428 3229 2413 3229 2412 3230 2429 3230 2415 3230 2427 3231 2429 3231 2409 3231 2409 3232 2429 3232 2412 3232 2303 3233 2429 3233 2427 3233 2428 3234 2430 3234 2413 3234 2413 3235 2430 3235 2416 3235 2303 3236 2431 3236 2429 3236 2429 3237 2431 3237 2415 3237 2430 3238 2432 3238 2416 3238 2418 3239 2433 3239 2421 3239 2303 3240 2433 3240 2431 3240 2431 3241 2433 3241 2415 3241 2415 3242 2433 3242 2418 3242 2432 3243 2434 3243 2416 3243 2416 3244 2434 3244 2419 3244 2433 3245 2435 3245 2421 3245 2303 3246 2435 3246 2433 3246 2434 3247 2436 3247 2419 3247 2419 3248 2436 3248 2422 3248 2421 3249 2437 3249 2424 3249 2424 3250 2437 3250 2428 3250 2435 3251 2437 3251 2421 3251 2303 3252 2437 3252 2435 3252 2422 3253 2438 3253 2425 3253 2425 3254 2438 3254 2426 3254 2436 3255 2438 3255 2422 3255 2426 3256 2438 3256 2439 3256 2437 3257 2440 3257 2428 3257 2303 3258 2440 3258 2437 3258 2440 3259 2441 3259 2428 3259 2428 3260 2441 3260 2430 3260 2430 3261 2441 3261 2432 3261 2303 3262 2441 3262 2440 3262 2441 3263 2442 3263 2432 3263 2303 3264 2442 3264 2441 3264 2432 3265 2443 3265 2434 3265 2442 3266 2443 3266 2432 3266 2303 3267 2443 3267 2442 3267 2443 3268 2444 3268 2434 3268 2434 3269 2444 3269 2436 3269 2303 3270 2444 3270 2443 3270 2436 3271 2445 3271 2438 3271 2438 3272 2445 3272 2439 3272 2303 3273 2445 3273 2444 3273 2446 3274 2445 3274 2303 3274 2439 3275 2445 3275 2446 3275 2444 3276 2445 3276 2436 3276 2069 3277 2073 3277 2261 3277 2069 3278 2261 3278 2447 3278 2065 3279 2447 3279 2448 3279 2065 3280 2069 3280 2447 3280 2057 3281 2448 3281 2449 3281 2057 3282 2065 3282 2448 3282 2058 3283 2449 3283 2450 3283 2058 3284 2450 3284 2451 3284 2058 3285 2057 3285 2449 3285 2050 3286 2058 3286 2451 3286 2045 3287 2451 3287 2452 3287 2045 3288 2050 3288 2451 3288 2046 3289 2452 3289 2453 3289 2046 3290 2045 3290 2452 3290 2038 3291 2453 3291 2454 3291 2038 3292 2046 3292 2453 3292 2034 3293 2454 3293 2455 3293 2034 3294 2455 3294 2456 3294 2034 3295 2038 3295 2454 3295 2035 3296 2456 3296 2457 3296 2035 3297 2034 3297 2456 3297 2029 3298 2035 3298 2457 3298 2021 3299 2457 3299 2458 3299 2021 3300 2458 3300 2459 3300 2021 3301 2029 3301 2457 3301 2022 3302 2021 3302 2459 3302 2017 3303 2459 3303 2460 3303 2017 3304 2460 3304 2461 3304 2017 3305 2022 3305 2459 3305 2011 3306 2017 3306 2461 3306 2012 3307 2461 3307 2462 3307 2012 3308 2011 3308 2461 3308 2015 3309 2462 3309 2463 3309 2015 3310 2012 3310 2462 3310 2019 3311 2463 3311 2464 3311 2019 3312 2015 3312 2463 3312 2024 3313 2019 3313 2464 3313 2024 3314 2464 3314 2465 3314 2024 3315 2465 3315 2466 3315 2027 3316 2024 3316 2466 3316 2027 3317 2466 3317 2467 3317 2031 3318 2027 3318 2467 3318 2032 3319 2031 3319 2467 3319 2032 3320 2467 3320 2468 3320 2040 3321 2468 3321 2469 3321 2040 3322 2032 3322 2468 3322 2041 3323 2469 3323 2470 3323 2041 3324 2040 3324 2469 3324 2048 3325 2470 3325 2471 3325 2048 3326 2041 3326 2470 3326 2052 3327 2471 3327 2472 3327 2052 3328 2048 3328 2471 3328 2055 3329 2472 3329 2473 3329 2055 3330 2473 3330 2474 3330 2055 3331 2052 3331 2472 3331 2060 3332 2055 3332 2474 3332 2061 3333 2474 3333 2475 3333 2061 3334 2060 3334 2474 3334 2067 3335 2475 3335 2476 3335 2067 3336 2061 3336 2475 3336 2071 3337 2476 3337 2477 3337 2071 3338 2477 3338 2478 3338 2071 3339 2067 3339 2476 3339 2072 3340 2071 3340 2478 3340 2075 3341 2478 3341 2479 3341 2075 3342 2479 3342 2480 3342 2075 3343 2072 3343 2478 3343 2078 3344 2075 3344 2480 3344 2082 3345 2480 3345 2481 3345 2082 3346 2078 3346 2480 3346 2086 3347 2481 3347 2482 3347 2086 3348 2082 3348 2481 3348 2089 3349 2482 3349 2483 3349 2089 3350 2086 3350 2482 3350 2092 3351 2483 3351 2484 3351 2092 3352 2089 3352 2483 3352 2095 3353 2484 3353 2485 3353 2095 3354 2092 3354 2484 3354 2098 3355 2485 3355 2486 3355 2098 3356 2095 3356 2485 3356 2101 3357 2486 3357 2487 3357 2101 3358 2487 3358 2488 3358 2101 3359 2098 3359 2486 3359 2104 3360 2101 3360 2488 3360 2107 3361 2104 3361 2488 3361 2107 3362 2488 3362 2489 3362 2110 3363 2107 3363 2489 3363 2110 3364 2489 3364 2490 3364 2111 3365 2110 3365 2490 3365 2111 3366 2490 3366 2491 3366 2116 3367 2111 3367 2491 3367 2116 3368 2491 3368 2492 3368 2118 3369 2116 3369 2492 3369 2118 3370 2492 3370 2493 3370 2121 3371 2118 3371 2493 3371 2121 3372 2493 3372 2494 3372 2125 3373 2121 3373 2494 3373 2125 3374 2494 3374 2495 3374 2125 3375 2495 3375 2496 3375 2127 3376 2125 3376 2496 3376 2130 3377 2127 3377 2496 3377 2130 3378 2496 3378 2497 3378 2134 3379 2130 3379 2497 3379 2134 3380 2497 3380 2498 3380 2136 3381 2134 3381 2498 3381 2136 3382 2498 3382 2499 3382 2136 3383 2499 3383 2500 3383 2139 3384 2136 3384 2500 3384 2143 3385 2139 3385 2500 3385 2143 3386 2500 3386 2501 3386 2145 3387 2143 3387 2501 3387 2145 3388 2501 3388 2502 3388 2145 3389 2502 3389 2503 3389 2148 3390 2145 3390 2503 3390 2151 3391 2148 3391 2503 3391 2151 3392 2503 3392 2504 3392 2151 3393 2504 3393 2505 3393 2154 3394 2151 3394 2505 3394 2157 3395 2505 3395 2506 3395 2157 3396 2154 3396 2505 3396 2160 3397 2506 3397 2507 3397 2160 3398 2157 3398 2506 3398 2163 3399 2507 3399 2508 3399 2163 3400 2160 3400 2507 3400 2166 3401 2508 3401 2198 3401 2166 3402 2163 3402 2508 3402 2261 3403 2263 3403 2447 3403 2508 3404 2262 3404 2198 3404 2447 3405 2509 3405 2448 3405 2263 3406 2509 3406 2447 3406 2448 3407 2510 3407 2449 3407 2509 3408 2510 3408 2448 3408 2449 3409 2511 3409 2450 3409 2450 3410 2511 3410 2451 3410 2510 3411 2511 3411 2449 3411 2451 3412 2512 3412 2452 3412 2511 3413 2512 3413 2451 3413 2452 3414 2513 3414 2453 3414 2453 3415 2513 3415 2454 3415 2512 3416 2513 3416 2452 3416 2513 3417 2514 3417 2454 3417 2454 3418 2514 3418 2455 3418 2263 3419 2515 3419 2509 3419 2426 3420 2515 3420 2263 3420 2455 3421 2516 3421 2456 3421 2514 3422 2516 3422 2455 3422 2509 3423 2517 3423 2510 3423 2515 3424 2517 3424 2509 3424 2510 3425 2517 3425 2511 3425 2456 3426 2518 3426 2457 3426 2457 3427 2518 3427 2458 3427 2516 3428 2518 3428 2456 3428 2517 3429 2519 3429 2511 3429 2518 3430 2520 3430 2458 3430 2458 3431 2520 3431 2459 3431 2511 3432 2521 3432 2512 3432 2519 3433 2521 3433 2511 3433 2459 3434 2522 3434 2460 3434 2460 3435 2522 3435 2461 3435 2520 3436 2522 3436 2459 3436 2512 3437 2523 3437 2513 3437 2521 3438 2523 3438 2512 3438 2513 3439 2523 3439 2514 3439 2461 3440 2524 3440 2462 3440 2522 3441 2524 3441 2461 3441 2514 3442 2525 3442 2516 3442 2523 3443 2525 3443 2514 3443 2462 3444 2526 3444 2463 3444 2524 3445 2526 3445 2462 3445 2439 3446 2527 3446 2426 3446 2426 3447 2527 3447 2515 3447 2525 3448 2528 3448 2516 3448 2526 3449 2529 3449 2463 3449 2463 3450 2529 3450 2464 3450 2464 3451 2529 3451 2465 3451 2527 3452 2530 3452 2515 3452 2515 3453 2530 3453 2517 3453 2516 3454 2531 3454 2518 3454 2528 3455 2531 3455 2516 3455 2465 3456 2532 3456 2466 3456 2529 3457 2532 3457 2465 3457 2530 3458 2533 3458 2517 3458 2517 3459 2533 3459 2519 3459 2531 3460 2534 3460 2518 3460 2518 3461 2534 3461 2520 3461 2466 3462 2535 3462 2467 3462 2467 3463 2535 3463 2468 3463 2532 3464 2535 3464 2466 3464 2519 3465 2536 3465 2521 3465 2533 3466 2536 3466 2519 3466 2521 3467 2536 3467 2523 3467 2520 3468 2537 3468 2522 3468 2534 3469 2537 3469 2520 3469 2468 3470 2538 3470 2469 3470 2535 3471 2538 3471 2468 3471 2536 3472 2539 3472 2523 3472 2524 3473 2540 3473 2526 3473 2537 3474 2540 3474 2522 3474 2522 3475 2540 3475 2524 3475 2538 3476 2541 3476 2469 3476 2469 3477 2541 3477 2470 3477 2523 3478 2542 3478 2525 3478 2539 3479 2542 3479 2523 3479 2540 3480 2543 3480 2526 3480 2470 3481 2544 3481 2471 3481 2471 3482 2544 3482 2472 3482 2541 3483 2544 3483 2470 3483 2439 3484 2545 3484 2527 3484 2303 3485 2545 3485 2446 3485 2446 3486 2545 3486 2439 3486 2542 3487 2546 3487 2525 3487 2525 3488 2546 3488 2528 3488 2528 3489 2546 3489 2531 3489 2543 3490 2547 3490 2526 3490 2526 3491 2547 3491 2529 3491 2529 3492 2547 3492 2532 3492 2472 3493 2548 3493 2473 3493 2544 3494 2548 3494 2472 3494 2527 3495 2549 3495 2530 3495 2545 3496 2549 3496 2527 3496 2303 3497 2549 3497 2545 3497 2546 3498 2550 3498 2531 3498 2547 3499 2551 3499 2532 3499 2473 3500 2552 3500 2474 3500 2474 3501 2552 3501 2475 3501 2548 3502 2552 3502 2473 3502 2533 3503 2553 3503 2536 3503 2549 3504 2553 3504 2530 3504 2303 3505 2553 3505 2549 3505 2530 3506 2553 3506 2533 3506 2531 3507 2554 3507 2534 3507 2550 3508 2554 3508 2531 3508 2532 3509 2555 3509 2535 3509 2551 3510 2555 3510 2532 3510 2475 3511 2556 3511 2476 3511 2552 3512 2556 3512 2475 3512 2553 3513 2557 3513 2536 3513 2303 3514 2557 3514 2553 3514 2534 3515 2558 3515 2537 3515 2554 3516 2558 3516 2534 3516 2535 3517 2559 3517 2538 3517 2538 3518 2559 3518 2541 3518 2555 3519 2559 3519 2535 3519 2476 3520 2560 3520 2477 3520 2556 3521 2560 3521 2476 3521 2536 3522 2561 3522 2539 3522 2557 3523 2561 3523 2536 3523 2303 3524 2561 3524 2557 3524 2537 3525 2562 3525 2540 3525 2540 3526 2562 3526 2543 3526 2558 3527 2562 3527 2537 3527 2559 3528 2563 3528 2541 3528 2477 3529 2564 3529 2478 3529 2478 3530 2564 3530 2479 3530 2560 3531 2564 3531 2477 3531 2561 3532 2565 3532 2539 3532 2539 3533 2565 3533 2542 3533 2542 3534 2565 3534 2546 3534 2303 3535 2565 3535 2561 3535 2562 3536 2566 3536 2543 3536 2541 3537 2567 3537 2544 3537 2544 3538 2567 3538 2548 3538 2563 3539 2567 3539 2541 3539 2564 3540 2568 3540 2479 3540 2479 3541 2568 3541 2480 3541 2303 3542 2569 3542 2565 3542 2565 3543 2569 3543 2546 3543 2543 3544 2570 3544 2547 3544 2566 3545 2570 3545 2543 3545 2567 3546 2571 3546 2548 3546 2480 3547 2572 3547 2481 3547 2481 3548 2572 3548 2482 3548 2568 3549 2572 3549 2480 3549 2546 3550 2573 3550 2550 3550 2569 3551 2573 3551 2546 3551 2303 3552 2573 3552 2569 3552 2547 3553 2574 3553 2551 3553 2570 3554 2574 3554 2547 3554 2571 3555 2575 3555 2548 3555 2548 3556 2575 3556 2552 3556 2482 3557 2576 3557 2483 3557 2572 3558 2576 3558 2482 3558 2303 3559 2577 3559 2573 3559 2550 3560 2577 3560 2554 3560 2573 3561 2577 3561 2550 3561 2554 3562 2577 3562 2558 3562 2574 3563 2578 3563 2551 3563 2551 3564 2578 3564 2555 3564 2555 3565 2578 3565 2559 3565 2575 3566 2579 3566 2552 3566 2552 3567 2579 3567 2556 3567 2556 3568 2579 3568 2560 3568 2483 3569 2580 3569 2484 3569 2576 3570 2580 3570 2483 3570 2303 3571 2581 3571 2577 3571 2577 3572 2581 3572 2558 3572 2578 3573 2582 3573 2559 3573 2579 3574 2583 3574 2560 3574 2484 3575 2584 3575 2485 3575 2485 3576 2584 3576 2486 3576 2580 3577 2584 3577 2484 3577 2303 3578 2585 3578 2581 3578 2581 3579 2585 3579 2558 3579 2558 3580 2585 3580 2562 3580 2582 3581 2586 3581 2559 3581 2559 3582 2586 3582 2563 3582 2583 3583 2587 3583 2560 3583 2560 3584 2587 3584 2564 3584 2486 3585 2588 3585 2487 3585 2584 3586 2588 3586 2486 3586 2562 3587 2589 3587 2566 3587 2303 3588 2589 3588 2585 3588 2585 3589 2589 3589 2562 3589 2586 3590 2590 3590 2563 3590 2563 3591 2590 3591 2567 3591 2564 3592 2591 3592 2568 3592 2587 3593 2591 3593 2564 3593 2487 3594 2592 3594 2488 3594 2488 3595 2592 3595 2489 3595 2588 3596 2592 3596 2487 3596 2570 3597 2593 3597 2574 3597 2566 3598 2593 3598 2570 3598 2303 3599 2593 3599 2589 3599 2589 3600 2593 3600 2566 3600 2571 3601 2594 3601 2575 3601 2567 3602 2594 3602 2571 3602 2590 3603 2594 3603 2567 3603 2568 3604 2595 3604 2572 3604 2591 3605 2595 3605 2568 3605 2489 3606 2596 3606 2490 3606 2592 3607 2596 3607 2489 3607 2593 3608 2597 3608 2574 3608 2303 3609 2597 3609 2593 3609 2594 3610 2598 3610 2575 3610 2572 3611 2599 3611 2576 3611 2595 3612 2599 3612 2572 3612 2490 3613 2600 3613 2491 3613 2596 3614 2600 3614 2490 3614 2574 3615 2601 3615 2578 3615 2303 3616 2601 3616 2597 3616 2578 3617 2601 3617 2582 3617 2597 3618 2601 3618 2574 3618 2575 3619 2602 3619 2579 3619 2598 3620 2602 3620 2575 3620 2599 3621 2603 3621 2576 3621 2576 3622 2603 3622 2580 3622 2580 3623 2603 3623 2584 3623 2491 3624 2604 3624 2492 3624 2492 3625 2604 3625 2493 3625 2600 3626 2604 3626 2491 3626 2303 3627 2605 3627 2601 3627 2601 3628 2605 3628 2582 3628 2602 3629 2606 3629 2579 3629 2583 3630 2606 3630 2587 3630 2579 3631 2606 3631 2583 3631 2603 3632 2607 3632 2584 3632 2604 3633 2608 3633 2493 3633 2493 3634 2608 3634 2494 3634 2605 3635 2609 3635 2582 3635 2303 3636 2609 3636 2605 3636 2582 3637 2609 3637 2586 3637 2606 3638 2610 3638 2587 3638 2607 3639 2611 3639 2584 3639 2584 3640 2611 3640 2588 3640 2608 3641 2612 3641 2494 3641 2494 3642 2612 3642 2495 3642 2495 3643 2612 3643 2496 3643 2303 3644 2613 3644 2609 3644 2609 3645 2613 3645 2586 3645 2586 3646 2613 3646 2590 3646 2610 3647 2614 3647 2587 3647 2587 3648 2614 3648 2591 3648 2611 3649 2615 3649 2588 3649 2588 3650 2615 3650 2592 3650 2612 3651 2616 3651 2496 3651 2496 3652 2616 3652 2497 3652 2613 3653 2617 3653 2590 3653 2594 3654 2617 3654 2598 3654 2303 3655 2617 3655 2613 3655 2590 3656 2617 3656 2594 3656 2591 3657 2618 3657 2595 3657 2614 3658 2618 3658 2591 3658 2592 3659 2619 3659 2596 3659 2615 3660 2619 3660 2592 3660 2497 3661 2620 3661 2498 3661 2616 3662 2620 3662 2497 3662 2617 3663 2621 3663 2598 3663 2303 3664 2621 3664 2617 3664 2618 3665 2622 3665 2595 3665 2595 3666 2622 3666 2599 3666 2596 3667 2623 3667 2600 3667 2600 3668 2623 3668 2604 3668 2619 3669 2623 3669 2596 3669 2498 3670 2624 3670 2499 3670 2499 3671 2624 3671 2500 3671 2620 3672 2624 3672 2498 3672 2598 3673 2625 3673 2602 3673 2303 3674 2625 3674 2621 3674 2621 3675 2625 3675 2598 3675 2599 3676 2626 3676 2603 3676 2622 3677 2626 3677 2599 3677 2623 3678 2627 3678 2604 3678 2500 3679 2628 3679 2501 3679 2624 3680 2628 3680 2500 3680 2303 3681 2629 3681 2625 3681 2602 3682 2629 3682 2606 3682 2625 3683 2629 3683 2602 3683 2626 3684 2630 3684 2603 3684 2603 3685 2630 3685 2607 3685 2604 3686 2631 3686 2608 3686 2627 3687 2631 3687 2604 3687 2501 3688 2632 3688 2502 3688 2502 3689 2632 3689 2503 3689 2628 3690 2632 3690 2501 3690 2629 3691 2633 3691 2606 3691 2303 3692 2633 3692 2629 3692 2606 3693 2633 3693 2610 3693 2607 3694 2634 3694 2611 3694 2630 3695 2634 3695 2607 3695 2608 3696 2635 3696 2612 3696 2631 3697 2635 3697 2608 3697 2632 3698 2636 3698 2503 3698 2503 3699 2636 3699 2504 3699 2610 3700 2637 3700 2614 3700 2303 3701 2637 3701 2633 3701 2633 3702 2637 3702 2610 3702 2615 3703 2638 3703 2619 3703 2611 3704 2638 3704 2615 3704 2634 3705 2638 3705 2611 3705 2612 3706 2639 3706 2616 3706 2635 3707 2639 3707 2612 3707 2504 3708 2640 3708 2505 3708 2636 3709 2640 3709 2504 3709 2637 3710 2641 3710 2614 3710 2614 3711 2641 3711 2618 3711 2618 3712 2641 3712 2622 3712 2303 3713 2641 3713 2637 3713 2638 3714 2642 3714 2619 3714 2616 3715 2643 3715 2620 3715 2639 3716 2643 3716 2616 3716 2620 3717 2643 3717 2624 3717 2505 3718 2644 3718 2506 3718 2506 3719 2644 3719 2507 3719 2640 3720 2644 3720 2505 3720 2303 3721 2645 3721 2641 3721 2641 3722 2645 3722 2622 3722 2642 3723 2646 3723 2619 3723 2619 3724 2646 3724 2623 3724 2623 3725 2646 3725 2627 3725 2643 3726 2647 3726 2624 3726 2508 3727 2648 3727 2262 3727 2644 3728 2648 3728 2507 3728 2507 3729 2648 3729 2508 3729 2626 3730 2649 3730 2630 3730 2303 3731 2649 3731 2645 3731 2645 3732 2649 3732 2622 3732 2622 3733 2649 3733 2626 3733 2646 3734 2650 3734 2627 3734 2647 3735 2651 3735 2624 3735 2624 3736 2651 3736 2628 3736 2303 3737 2652 3737 2649 3737 2649 3738 2652 3738 2630 3738 2631 3739 2653 3739 2635 3739 2627 3740 2653 3740 2631 3740 2650 3741 2653 3741 2627 3741 2632 3742 2654 3742 2636 3742 2628 3743 2654 3743 2632 3743 2651 3744 2654 3744 2628 3744 2303 3745 2655 3745 2652 3745 2630 3746 2655 3746 2634 3746 2652 3747 2655 3747 2630 3747 2653 3748 2656 3748 2635 3748 2654 3749 2657 3749 2636 3749 2634 3750 2658 3750 2638 3750 2303 3751 2658 3751 2655 3751 2655 3752 2658 3752 2634 3752 2635 3753 2659 3753 2639 3753 2639 3754 2659 3754 2643 3754 2656 3755 2659 3755 2635 3755 2636 3756 2660 3756 2640 3756 2640 3757 2660 3757 2644 3757 2657 3758 2660 3758 2636 3758 2303 3759 2661 3759 2658 3759 2638 3760 2661 3760 2642 3760 2658 3761 2661 3761 2638 3761 2659 3762 2662 3762 2643 3762 2660 3763 2663 3763 2644 3763 2642 3764 2664 3764 2646 3764 2303 3765 2664 3765 2661 3765 2661 3766 2664 3766 2642 3766 2662 3767 2665 3767 2643 3767 2643 3768 2665 3768 2647 3768 2647 3769 2665 3769 2651 3769 2663 3770 2666 3770 2644 3770 2648 3771 2666 3771 2262 3771 2644 3772 2666 3772 2648 3772 2262 3773 2666 3773 2271 3773 2303 3774 2667 3774 2664 3774 2646 3775 2667 3775 2650 3775 2664 3776 2667 3776 2646 3776 2665 3777 2668 3777 2651 3777 2651 3778 2668 3778 2654 3778 2650 3779 2669 3779 2653 3779 2303 3780 2669 3780 2667 3780 2667 3781 2669 3781 2650 3781 2668 3782 2670 3782 2654 3782 2669 3783 2671 3783 2653 3783 2303 3784 2671 3784 2669 3784 2653 3785 2671 3785 2656 3785 2670 3786 2672 3786 2654 3786 2654 3787 2672 3787 2657 3787 2303 3788 2673 3788 2671 3788 2671 3789 2673 3789 2656 3789 2656 3790 2673 3790 2659 3790 2660 3791 2674 3791 2663 3791 2672 3792 2674 3792 2657 3792 2657 3793 2674 3793 2660 3793 2659 3794 2675 3794 2662 3794 2673 3795 2675 3795 2659 3795 2303 3796 2675 3796 2673 3796 2674 3797 2676 3797 2663 3797 2675 3798 2677 3798 2662 3798 2665 3799 2677 3799 2668 3799 2303 3800 2677 3800 2675 3800 2662 3801 2677 3801 2665 3801 2666 3802 2678 3802 2271 3802 2663 3803 2678 3803 2666 3803 2676 3804 2678 3804 2663 3804 2271 3805 2678 3805 2285 3805 2677 3806 2679 3806 2668 3806 2303 3807 2679 3807 2677 3807 2668 3808 2680 3808 2670 3808 2679 3809 2680 3809 2668 3809 2303 3810 2680 3810 2679 3810 2670 3811 2681 3811 2672 3811 2680 3812 2681 3812 2670 3812 2303 3813 2681 3813 2680 3813 2681 3814 2682 3814 2672 3814 2672 3815 2682 3815 2674 3815 2303 3816 2682 3816 2681 3816 2682 3817 2683 3817 2674 3817 2303 3818 2683 3818 2682 3818 2674 3819 2683 3819 2676 3819 2683 3820 2684 3820 2676 3820 2676 3821 2684 3821 2678 3821 2678 3822 2684 3822 2285 3822 2303 3823 2684 3823 2683 3823 2283 3824 2684 3824 2303 3824 2285 3825 2684 3825 2283 3825 2164 3826 2009 3826 1914 3826 2164 3827 1914 3827 1911 3827 2161 3828 2164 3828 1911 3828 2161 3829 1911 3829 1908 3829 2158 3830 2161 3830 1908 3830 2158 3831 1908 3831 1906 3831 2155 3832 2158 3832 1906 3832 2155 3833 1906 3833 1902 3833 2152 3834 2155 3834 1902 3834 2152 3835 1902 3835 1899 3835 2149 3836 1899 3836 1896 3836 2149 3837 2152 3837 1899 3837 2146 3838 1896 3838 1893 3838 2146 3839 2149 3839 1896 3839 2141 3840 1890 3840 1888 3840 2141 3841 1893 3841 1890 3841 2141 3842 2146 3842 1893 3842 2140 3843 1888 3843 1884 3843 2140 3844 2141 3844 1888 3844 2137 3845 2140 3845 1884 3845 2132 3846 1881 3846 1878 3846 2132 3847 1884 3847 1881 3847 2132 3848 2137 3848 1884 3848 2131 3849 2132 3849 1878 3849 2128 3850 1878 3850 1875 3850 2128 3851 2131 3851 1878 3851 2123 3852 1873 3852 1870 3852 2123 3853 1875 3853 1873 3853 2123 3854 2128 3854 1875 3854 2122 3855 2123 3855 1870 3855 2119 3856 1870 3856 1867 3856 2119 3857 2122 3857 1870 3857 2115 3858 1867 3858 1864 3858 2115 3859 2119 3859 1867 3859 2113 3860 2115 3860 1864 3860 2113 3861 1864 3861 1860 3861 2109 3862 2113 3862 1860 3862 2109 3863 1860 3863 1858 3863 2106 3864 2109 3864 1858 3864 2106 3865 1858 3865 1855 3865 2103 3866 2106 3866 1855 3866 2103 3867 1850 3867 1848 3867 2103 3868 1855 3868 1850 3868 2100 3869 2103 3869 1848 3869 2097 3870 2100 3870 1848 3870 2097 3871 1848 3871 1847 3871 2094 3872 2097 3872 1847 3872 2094 3873 1847 3873 1843 3873 2091 3874 2094 3874 1843 3874 2091 3875 1843 3875 1840 3875 2088 3876 2091 3876 1840 3876 2088 3877 1840 3877 1838 3877 2085 3878 1838 3878 1832 3878 2085 3879 2088 3879 1838 3879 2083 3880 1832 3880 1830 3880 2083 3881 2085 3881 1832 3881 2081 3882 1830 3882 1829 3882 2081 3883 2083 3883 1830 3883 2077 3884 1829 3884 1823 3884 2077 3885 2081 3885 1829 3885 2074 3886 1822 3886 1817 3886 2074 3887 1823 3887 1822 3887 2074 3888 2077 3888 1823 3888 2070 3889 2074 3889 1817 3889 2066 3890 1817 3890 1816 3890 2066 3891 2070 3891 1817 3891 2063 3892 1816 3892 1812 3892 2063 3893 2066 3893 1816 3893 2059 3894 1805 3894 1804 3894 2059 3895 1812 3895 1805 3895 2059 3896 2063 3896 1812 3896 2054 3897 2059 3897 1804 3897 2051 3898 1804 3898 1797 3898 2051 3899 2054 3899 1804 3899 2047 3900 1796 3900 1788 3900 2047 3901 1797 3901 1796 3901 2047 3902 2051 3902 1797 3902 2043 3903 2047 3903 1788 3903 2039 3904 1788 3904 1784 3904 2039 3905 2043 3905 1788 3905 2036 3906 1783 3906 1776 3906 2036 3907 1784 3907 1783 3907 2036 3908 2039 3908 1784 3908 2030 3909 1776 3909 1775 3909 2030 3910 2036 3910 1776 3910 2026 3911 2030 3911 1775 3911 2023 3912 2026 3912 1775 3912 2023 3913 1769 3913 1768 3913 2023 3914 1775 3914 1769 3914 2018 3915 2023 3915 1768 3915 2014 3916 1763 3916 1760 3916 2014 3917 1768 3917 1763 3917 2014 3918 2018 3918 1768 3918 2013 3919 2014 3919 1760 3919 2010 3920 1759 3920 1766 3920 2010 3921 1760 3921 1759 3921 2010 3922 2013 3922 1760 3922 2016 3923 2010 3923 1766 3923 2020 3924 1766 3924 1765 3924 2020 3925 2016 3925 1766 3925 2025 3926 1765 3926 1773 3926 2025 3927 2020 3927 1765 3927 2028 3928 1773 3928 1779 3928 2028 3929 2025 3929 1773 3929 2033 3930 1778 3930 1786 3930 2033 3931 1779 3931 1778 3931 2033 3932 2028 3932 1779 3932 2037 3933 1786 3933 1790 3933 2037 3934 2033 3934 1786 3934 2042 3935 2037 3935 1790 3935 2044 3936 1794 3936 1793 3936 2044 3937 1790 3937 1794 3937 2044 3938 2042 3938 1790 3938 2049 3939 1793 3939 1802 3939 2049 3940 2044 3940 1793 3940 2053 3941 2049 3941 1802 3941 2056 3942 1802 3942 1801 3942 2056 3943 2053 3943 1802 3943 2062 3944 1801 3944 1810 3944 2062 3945 2056 3945 1801 3945 2064 3946 1809 3946 1814 3946 2064 3947 1810 3947 1809 3947 2064 3948 2062 3948 1810 3948 2068 3949 2064 3949 1814 3949 1947 3950 1814 3950 1820 3950 1947 3951 2068 3951 1814 3951 1912 3952 1757 3952 1663 3952 1912 3953 1663 3953 1660 3953 1909 3954 1912 3954 1660 3954 1909 3955 1660 3955 1655 3955 1904 3956 1909 3956 1655 3956 1904 3957 1655 3957 1653 3957 1903 3958 1904 3958 1653 3958 1903 3959 1650 3959 1646 3959 1903 3960 1653 3960 1650 3960 1900 3961 1903 3961 1646 3961 1897 3962 1900 3962 1646 3962 1897 3963 1646 3963 1643 3963 1894 3964 1643 3964 1641 3964 1894 3965 1897 3965 1643 3965 1891 3966 1640 3966 1636 3966 1891 3967 1641 3967 1640 3967 1891 3968 1894 3968 1641 3968 1886 3969 1636 3969 1632 3969 1886 3970 1891 3970 1636 3970 1885 3971 1886 3971 1632 3971 1882 3972 1632 3972 1631 3972 1882 3973 1885 3973 1632 3973 1879 3974 1628 3974 1623 3974 1879 3975 1631 3975 1628 3975 1879 3976 1882 3976 1631 3976 1876 3977 1879 3977 1623 3977 1872 3978 1620 3978 1618 3978 1872 3979 1623 3979 1620 3979 1872 3980 1876 3980 1623 3980 1869 3981 1872 3981 1618 3981 1866 3982 1614 3982 1611 3982 1866 3983 1618 3983 1614 3983 1866 3984 1869 3984 1618 3984 1863 3985 1866 3985 1611 3985 1861 3986 1863 3986 1611 3986 1861 3987 1608 3987 1605 3987 1861 3988 1611 3988 1608 3988 1857 3989 1861 3989 1605 3989 1854 3990 1857 3990 1605 3990 1854 3991 1602 3991 1599 3991 1854 3992 1605 3992 1602 3992 1853 3993 1854 3993 1599 3993 1849 3994 1853 3994 1599 3994 1849 3995 1599 3995 1596 3995 1846 3996 1849 3996 1596 3996 1846 3997 1596 3997 1593 3997 1842 3998 1846 3998 1593 3998 1842 3999 1593 3999 1590 3999 1839 4000 1842 4000 1590 4000 1839 4001 1587 4001 1584 4001 1839 4002 1590 4002 1587 4002 1837 4003 1839 4003 1584 4003 1834 4004 1584 4004 1582 4004 1834 4005 1837 4005 1584 4005 1831 4006 1582 4006 1578 4006 1831 4007 1834 4007 1582 4007 1828 4008 1831 4008 1578 4008 1828 4009 1575 4009 1572 4009 1828 4010 1578 4010 1575 4010 1825 4011 1828 4011 1572 4011 1821 4012 1572 4012 1570 4012 1821 4013 1825 4013 1572 4013 1819 4014 1570 4014 1566 4014 1819 4015 1821 4015 1570 4015 1815 4016 1566 4016 1564 4016 1815 4017 1819 4017 1566 4017 1811 4018 1559 4018 1554 4018 1811 4019 1564 4019 1559 4019 1811 4020 1815 4020 1564 4020 1807 4021 1811 4021 1554 4021 1803 4022 1554 4022 1552 4022 1803 4023 1807 4023 1554 4023 1799 4024 1552 4024 1546 4024 1799 4025 1803 4025 1552 4025 1795 4026 1546 4026 1542 4026 1795 4027 1799 4027 1546 4027 1791 4028 1539 4028 1535 4028 1791 4029 1542 4029 1539 4029 1791 4030 1795 4030 1542 4030 1787 4031 1791 4031 1535 4031 1782 4032 1535 4032 1530 4032 1782 4033 1787 4033 1535 4033 1780 4034 1530 4034 1526 4034 1780 4035 1782 4035 1530 4035 1774 4036 1780 4036 1526 4036 1774 4037 1526 4037 1522 4037 1771 4038 1774 4038 1522 4038 1771 4039 1522 4039 1518 4039 1767 4040 1771 4040 1518 4040 1767 4041 1518 4041 1515 4041 1762 4042 1767 4042 1515 4042 1762 4043 1515 4043 1510 4043 1761 4044 1762 4044 1510 4044 1761 4045 1510 4045 1508 4045 1758 4046 1508 4046 1507 4046 1758 4047 1761 4047 1508 4047 1764 4048 1758 4048 1507 4048 1764 4049 1507 4049 1514 4049 1770 4050 1516 4050 1520 4050 1770 4051 1514 4051 1516 4051 1770 4052 1764 4052 1514 4052 1772 4053 1770 4053 1520 4053 1777 4054 1524 4054 1528 4054 1777 4055 1520 4055 1524 4055 1777 4056 1772 4056 1520 4056 1781 4057 1777 4057 1528 4057 1785 4058 1528 4058 1533 4058 1785 4059 1781 4059 1528 4059 1789 4060 1536 4060 1541 4060 1789 4061 1533 4061 1536 4061 1789 4062 1785 4062 1533 4062 1792 4063 1789 4063 1541 4063 1798 4064 1544 4064 1549 4064 1798 4065 1541 4065 1544 4065 1798 4066 1792 4066 1541 4066 1800 4067 1798 4067 1549 4067 1806 4068 1553 4068 1557 4068 1806 4069 1549 4069 1553 4069 1806 4070 1800 4070 1549 4070 1808 4071 1806 4071 1557 4071 1813 4072 1557 4072 1562 4072 1813 4073 1808 4073 1557 4073 1818 4074 1565 4074 1569 4074 1818 4075 1562 4075 1565 4075 1818 4076 1813 4076 1562 4076 1695 4077 1818 4077 1569 4077 1659 4078 1373 4078 787 4078 1659 4079 787 4079 775 4079 1658 4080 1659 4080 775 4080 1658 4081 775 4081 740 4081 1654 4082 1658 4082 740 4082 1654 4083 740 4083 735 4083 1651 4084 1654 4084 735 4084 1651 4085 735 4085 734 4085 1648 4086 1651 4086 734 4086 1648 4087 734 4087 726 4087 1647 4088 726 4088 720 4088 1647 4089 1648 4089 726 4089 1642 4090 720 4090 714 4090 1642 4091 1647 4091 720 4091 1639 4092 708 4092 707 4092 1639 4093 714 4093 708 4093 1639 4094 1642 4094 714 4094 1635 4095 707 4095 701 4095 1635 4096 1639 4096 707 4096 1634 4097 1635 4097 701 4097 1630 4098 700 4098 693 4098 1630 4099 701 4099 700 4099 1630 4100 1634 4100 701 4100 1627 4101 1630 4101 693 4101 1624 4102 693 4102 691 4102 1624 4103 1627 4103 693 4103 1621 4104 690 4104 674 4104 1621 4105 691 4105 690 4105 1621 4106 1624 4106 691 4106 1617 4107 1621 4107 674 4107 1615 4108 674 4108 664 4108 1615 4109 1617 4109 674 4109 1612 4110 664 4110 658 4110 1612 4111 1615 4111 664 4111 1609 4112 1612 4112 658 4112 1609 4113 658 4113 640 4113 1606 4114 1609 4114 640 4114 1606 4115 640 4115 634 4115 1603 4116 1606 4116 634 4116 1603 4117 634 4117 626 4117 1600 4118 1603 4118 626 4118 1600 4119 625 4119 624 4119 1600 4120 626 4120 625 4120 1597 4121 1600 4121 624 4121 1594 4122 1597 4122 624 4122 1594 4123 624 4123 623 4123 1591 4124 1594 4124 623 4124 1591 4125 623 4125 622 4125 1588 4126 1591 4126 622 4126 1588 4127 622 4127 621 4127 1585 4128 1588 4128 621 4128 1585 4129 621 4129 620 4129 1580 4130 620 4130 574 4130 1580 4131 1585 4131 620 4131 1579 4132 574 4132 542 4132 1579 4133 1580 4133 574 4133 1576 4134 542 4134 537 4134 1576 4135 1579 4135 542 4135 1573 4136 537 4136 528 4136 1573 4137 1576 4137 537 4137 1568 4138 508 4138 501 4138 1568 4139 528 4139 508 4139 1568 4140 1573 4140 528 4140 1567 4141 1568 4141 501 4141 1560 4142 501 4142 496 4142 1560 4143 1567 4143 501 4143 1556 4144 496 4144 493 4144 1556 4145 1560 4145 496 4145 1555 4146 490 4146 487 4146 1555 4147 493 4147 490 4147 1555 4148 1556 4148 493 4148 1548 4149 1555 4149 487 4149 1547 4150 487 4150 484 4150 1547 4151 1548 4151 487 4151 1543 4152 482 4152 478 4152 1543 4153 484 4153 482 4153 1543 4154 1547 4154 484 4154 1540 4155 1543 4155 478 4155 1532 4156 478 4156 473 4156 1532 4157 1540 4157 478 4157 1531 4158 463 4158 452 4158 1531 4159 473 4159 463 4159 1531 4160 1532 4160 473 4160 1527 4161 452 4161 444 4161 1527 4162 1531 4162 452 4162 1523 4163 1527 4163 444 4163 1519 4164 1523 4164 444 4164 1519 4165 437 4165 427 4165 1519 4166 444 4166 437 4166 1512 4167 1519 4167 427 4167 1511 4168 419 4168 411 4168 1511 4169 427 4169 419 4169 1511 4170 1512 4170 427 4170 1506 4171 1511 4171 411 4171 1509 4172 415 4172 422 4172 1509 4173 411 4173 415 4173 1509 4174 1506 4174 411 4174 1513 4175 1509 4175 422 4175 1517 4176 422 4176 430 4176 1517 4177 1513 4177 422 4177 1521 4178 430 4178 438 4178 1521 4179 1517 4179 430 4179 1525 4180 438 4180 447 4180 1525 4181 1521 4181 438 4181 1529 4182 457 4182 468 4182 1529 4183 447 4183 457 4183 1529 4184 1525 4184 447 4184 1534 4185 468 4185 475 4185 1534 4186 1529 4186 468 4186 1538 4187 1534 4187 475 4187 1537 4188 481 4188 483 4188 1537 4189 475 4189 481 4189 1537 4190 1538 4190 475 4190 1545 4191 483 4191 486 4191 1545 4192 1537 4192 483 4192 1551 4193 1545 4193 486 4193 1550 4194 486 4194 489 4194 1550 4195 1551 4195 486 4195 1558 4196 489 4196 492 4196 1558 4197 1550 4197 489 4197 1563 4198 495 4198 499 4198 1563 4199 492 4199 495 4199 1563 4200 1558 4200 492 4200 1561 4201 1563 4201 499 4201 1311 4202 499 4202 504 4202 1311 4203 1561 4203 499 4203 1117 4204 126 4204 127 4204 1117 4205 127 4205 1472 4205 1060 4206 1117 4206 1472 4206 1060 4207 1472 4207 1462 4207 1000 4208 1060 4208 1462 4208 1000 4209 1462 4209 1458 4209 973 4210 1000 4210 1458 4210 973 4211 1458 4211 1454 4211 926 4212 973 4212 1454 4212 926 4213 1454 4213 1450 4213 821 4214 1450 4214 1447 4214 821 4215 926 4215 1450 4215 767 4216 1447 4216 1443 4216 767 4217 821 4217 1447 4217 741 4218 1443 4218 1440 4218 741 4219 767 4219 1443 4219 730 4220 1440 4220 1436 4220 730 4221 741 4221 1440 4221 718 4222 1436 4222 1433 4222 718 4223 730 4223 1436 4223 711 4224 1433 4224 1428 4224 711 4225 718 4225 1433 4225 704 4226 1428 4226 1427 4226 704 4227 711 4227 1428 4227 698 4228 1427 4228 1426 4228 698 4229 704 4229 1427 4229 694 4230 1426 4230 1425 4230 694 4231 698 4231 1426 4231 679 4232 1424 4232 1422 4232 679 4233 1425 4233 1424 4233 679 4234 694 4234 1425 4234 663 4235 679 4235 1422 4235 648 4236 663 4236 1422 4236 648 4237 1422 4237 1421 4237 612 4238 648 4238 1421 4238 612 4239 1421 4239 1420 4239 611 4240 612 4240 1420 4240 611 4241 1420 4241 1419 4241 610 4242 611 4242 1419 4242 610 4243 1419 4243 1418 4243 609 4244 610 4244 1418 4244 609 4245 1418 4245 1417 4245 608 4246 609 4246 1417 4246 608 4247 1417 4247 1416 4247 607 4248 608 4248 1416 4248 607 4249 1416 4249 1415 4249 606 4250 607 4250 1415 4250 606 4251 1415 4251 1414 4251 604 4252 606 4252 1414 4252 604 4253 1414 4253 1413 4253 618 4254 604 4254 1413 4254 618 4255 1413 4255 1412 4255 544 4256 1412 4256 1411 4256 544 4257 618 4257 1412 4257 543 4258 1411 4258 1410 4258 543 4259 544 4259 1411 4259 530 4260 543 4260 1410 4260 530 4261 1410 4261 1409 4261 529 4262 1409 4262 1408 4262 529 4263 530 4263 1409 4263 502 4264 1408 4264 1407 4264 502 4265 529 4265 1408 4265 498 4266 1407 4266 1405 4266 498 4267 502 4267 1407 4267 497 4268 1405 4268 1404 4268 497 4269 498 4269 1405 4269 494 4270 1404 4270 1403 4270 494 4271 497 4271 1404 4271 491 4272 1403 4272 1402 4272 491 4273 494 4273 1403 4273 488 4274 1402 4274 1401 4274 488 4275 491 4275 1402 4275 485 4276 1401 4276 1400 4276 485 4277 488 4277 1401 4277 480 4278 1400 4278 1399 4278 480 4279 485 4279 1400 4279 479 4280 1399 4280 1398 4280 479 4281 480 4281 1399 4281 465 4282 1398 4282 1397 4282 465 4283 479 4283 1398 4283 464 4284 1397 4284 1396 4284 464 4285 465 4285 1397 4285 453 4286 1396 4286 1395 4286 453 4287 464 4287 1396 4287 445 4288 453 4288 1395 4288 445 4289 1395 4289 1394 4289 267 4290 445 4290 1394 4290 267 4291 1394 4291 1393 4291 181 4292 267 4292 1393 4292 181 4293 1393 4293 1392 4293 180 4294 181 4294 1392 4294 180 4295 1392 4295 1391 4295 179 4296 180 4296 1391 4296 179 4297 1391 4297 1390 4297 178 4298 1390 4298 1389 4298 178 4299 179 4299 1390 4299 164 4300 178 4300 1389 4300 164 4301 1389 4301 1388 4301 151 4302 1388 4302 1387 4302 151 4303 164 4303 1388 4303 139 4304 1387 4304 1386 4304 139 4305 151 4305 1387 4305 130 4306 1386 4306 1385 4306 130 4307 139 4307 1386 4307 134 4308 1385 4308 1384 4308 134 4309 130 4309 1385 4309 147 4310 1384 4310 1383 4310 147 4311 134 4311 1384 4311 159 4312 1383 4312 1382 4312 159 4313 147 4313 1383 4313 182 4314 1382 4314 1381 4314 182 4315 159 4315 1382 4315 235 4316 1381 4316 1380 4316 235 4317 182 4317 1381 4317 234 4318 1380 4318 1379 4318 234 4319 235 4319 1380 4319 233 4320 1379 4320 1378 4320 233 4321 234 4321 1379 4321 255 4322 1378 4322 1377 4322 255 4323 233 4323 1378 4323 254 4324 1377 4324 1376 4324 254 4325 255 4325 1377 4325 253 4326 1376 4326 1375 4326 253 4327 254 4327 1376 4327 1 4328 1375 4328 2 4328 1 4329 253 4329 1375 4329 1374 4330 2685 4330 2686 4330 2685 4331 1406 4331 2687 4331 1374 4332 1406 4332 2685 4332 2688 4333 2685 4333 2687 4333 2689 4334 2690 4334 2691 4334 2692 4335 2693 4335 2690 4335 2692 4336 2690 4336 2689 4336 2694 4337 2693 4337 2692 4337 2695 4338 2694 4338 2696 4338 2695 4339 2696 4339 2697 4339 2695 4340 2697 4340 2698 4340 2695 4341 2693 4341 2694 4341 2699 4342 2693 4342 2695 4342 2699 4343 2695 4343 2700 4343 2701 4344 2699 4344 2702 4344 2703 4345 2693 4345 2699 4345 2703 4346 2699 4346 2701 4346 2704 4347 2693 4347 2703 4347 2705 4348 2706 4348 2685 4348 2705 4349 2685 4349 2688 4349 2707 4350 2704 4350 2708 4350 2707 4351 2708 4351 2709 4351 2710 4352 2704 4352 2707 4352 2711 4353 2704 4353 2710 4353 2711 4354 2710 4354 2712 4354 2713 4355 2704 4355 2711 4355 2713 4356 2711 4356 2714 4356 2715 4357 2704 4357 2713 4357 2715 4358 2713 4358 2716 4358 2717 4359 2718 4359 2719 4359 2720 4360 2688 4360 2693 4360 2720 4361 2705 4361 2688 4361 2721 4362 2693 4362 2704 4362 2721 4363 2720 4363 2693 4363 2721 4364 2704 4364 2715 4364 2721 4365 2715 4365 2722 4365 2721 4366 2722 4366 2723 4366 2721 4367 2723 4367 2724 4367 2721 4368 2725 4368 2720 4368 2726 4369 2727 4369 2728 4369 2729 4370 2724 4370 2718 4370 2729 4371 2721 4371 2724 4371 2730 4372 2717 4372 2727 4372 2730 4373 2718 4373 2717 4373 2730 4374 2727 4374 2726 4374 2731 4375 2732 4375 2733 4375 2734 4376 2735 4376 2736 4376 2737 4377 2735 4377 2734 4377 2738 4378 2739 4378 2731 4378 2738 4379 2731 4379 2733 4379 2738 4380 2733 4380 2729 4380 2740 4381 2735 4381 2737 4381 2741 4382 2738 4382 2729 4382 2742 4383 2730 4383 2735 4383 2742 4384 2735 4384 2740 4384 2743 4385 2741 4385 2729 4385 2744 4386 2742 4386 2745 4386 2746 4387 2744 4387 2747 4387 2746 4388 2730 4388 2742 4388 2746 4389 2742 4389 2744 4389 2748 4390 2749 4390 2750 4390 2748 4391 2750 4391 2751 4391 2748 4392 2751 4392 2743 4392 2748 4393 2743 4393 2729 4393 2752 4394 2730 4394 2746 4394 2753 4395 2729 4395 2718 4395 2753 4396 2754 4396 2748 4396 2753 4397 2718 4397 2730 4397 2753 4398 2748 4398 2729 4398 2753 4399 2730 4399 2752 4399 2755 4400 2706 4400 2705 4400 1406 4401 1430 4401 2687 4401 1430 4402 2688 4402 2687 4402 1430 4403 1429 4403 2688 4403 2688 4404 1429 4404 2693 4404 1469 4405 2720 4405 2725 4405 1470 4406 1469 4406 2725 4406 1471 4407 2725 4407 2721 4407 1471 4408 1470 4408 2725 4408 1505 4409 2721 4409 2729 4409 1505 4410 1471 4410 2721 4410 1504 4411 2729 4411 2733 4411 1504 4412 1505 4412 2729 4412 1503 4413 2733 4413 2732 4413 1503 4414 1504 4414 2733 4414 1502 4415 2732 4415 2731 4415 1502 4416 1503 4416 2732 4416 1501 4417 2731 4417 2739 4417 1501 4418 1502 4418 2731 4418 1500 4419 2738 4419 2741 4419 1500 4420 2739 4420 2738 4420 1500 4421 1501 4421 2739 4421 1499 4422 2741 4422 2743 4422 1499 4423 1500 4423 2741 4423 1498 4424 1499 4424 2743 4424 1497 4425 2751 4425 2750 4425 1497 4426 2743 4426 2751 4426 1497 4427 1498 4427 2743 4427 1496 4428 1497 4428 2750 4428 1495 4429 2750 4429 2749 4429 1495 4430 1496 4430 2750 4430 1494 4431 2748 4431 2754 4431 1494 4432 2749 4432 2748 4432 1494 4433 1495 4433 2749 4433 1493 4434 1494 4434 2754 4434 1492 4435 2754 4435 2753 4435 1492 4436 1493 4436 2754 4436 1491 4437 2753 4437 2752 4437 1491 4438 1492 4438 2753 4438 1490 4439 1491 4439 2752 4439 1490 4440 2752 4440 2746 4440 1489 4441 2746 4441 2747 4441 1489 4442 1490 4442 2746 4442 1488 4443 1489 4443 2747 4443 1488 4444 2747 4444 2744 4444 1487 4445 2745 4445 2742 4445 1487 4446 2744 4446 2745 4446 1487 4447 1488 4447 2744 4447 1486 4448 1487 4448 2742 4448 1485 4449 2742 4449 2740 4449 1485 4450 1486 4450 2742 4450 1484 4451 2740 4451 2737 4451 1484 4452 1485 4452 2740 4452 1483 4453 2737 4453 2734 4453 1483 4454 1484 4454 2737 4454 1482 4455 2734 4455 2736 4455 1482 4456 1483 4456 2734 4456 1481 4457 2736 4457 2735 4457 1481 4458 1482 4458 2736 4458 1480 4459 1481 4459 2735 4459 1480 4460 2735 4460 2730 4460 1479 4461 1480 4461 2730 4461 1479 4462 2730 4462 2726 4462 1478 4463 1479 4463 2726 4463 1478 4464 2726 4464 2728 4464 1477 4465 1478 4465 2728 4465 1477 4466 2727 4466 2717 4466 1477 4467 2728 4467 2727 4467 1476 4468 1477 4468 2717 4468 1475 4469 1476 4469 2717 4469 1475 4470 2717 4470 2719 4470 1474 4471 1475 4471 2719 4471 1474 4472 2719 4472 2718 4472 1473 4473 1474 4473 2718 4473 1473 4474 2724 4474 2723 4474 1473 4475 2718 4475 2724 4475 1466 4476 1473 4476 2723 4476 1465 4477 1466 4477 2723 4477 1465 4478 2723 4478 2722 4478 1464 4479 1465 4479 2722 4479 1464 4480 2715 4480 2716 4480 1464 4481 2722 4481 2715 4481 1463 4482 1464 4482 2716 4482 1461 4483 2716 4483 2713 4483 1461 4484 1463 4484 2716 4484 1460 4485 2714 4485 2711 4485 1460 4486 2713 4486 2714 4486 1460 4487 1461 4487 2713 4487 1459 4488 2711 4488 2712 4488 1459 4489 1460 4489 2711 4489 1457 4490 1459 4490 2712 4490 1456 4491 1457 4491 2712 4491 1456 4492 2710 4492 2707 4492 1456 4493 2712 4493 2710 4493 1455 4494 1456 4494 2707 4494 1453 4495 2709 4495 2708 4495 1453 4496 2707 4496 2709 4496 1453 4497 1455 4497 2707 4497 1452 4498 1453 4498 2708 4498 1451 4499 1452 4499 2708 4499 1451 4500 2704 4500 2703 4500 1451 4501 2708 4501 2704 4501 1449 4502 1451 4502 2703 4502 1448 4503 1449 4503 2703 4503 1448 4504 2703 4504 2701 4504 1446 4505 1448 4505 2701 4505 1446 4506 2701 4506 2702 4506 1445 4507 1446 4507 2702 4507 1445 4508 2702 4508 2699 4508 1444 4509 1445 4509 2699 4509 1444 4510 2700 4510 2695 4510 1444 4511 2699 4511 2700 4511 1442 4512 1444 4512 2695 4512 1442 4513 2695 4513 2698 4513 1441 4514 1442 4514 2698 4514 1439 4515 1441 4515 2698 4515 1439 4516 2697 4516 2696 4516 1439 4517 2698 4517 2697 4517 1438 4518 1439 4518 2696 4518 1438 4519 2696 4519 2694 4519 1437 4520 1438 4520 2694 4520 1435 4521 1437 4521 2694 4521 1435 4522 2694 4522 2692 4522 1434 4523 2692 4523 2689 4523 1434 4524 1435 4524 2692 4524 1432 4525 2691 4525 2690 4525 1432 4526 2689 4526 2691 4526 1432 4527 1434 4527 2689 4527 1431 4528 1432 4528 2690 4528 1429 4529 2690 4529 2693 4529 1429 4530 1431 4530 2690 4530 2720 4531 1469 4531 2705 4531 2705 4532 1469 4532 1468 4532 1468 4533 1467 4533 2705 4533 1467 4534 2755 4534 2705 4534 1467 4535 2706 4535 2755 4535 2706 4536 1423 4536 2756 4536 1467 4537 1423 4537 2706 4537 2756 4538 1423 4538 2686 4538 2686 4539 1423 4539 1374 4539 2757 4540 2758 4540 2756 4540 2758 4541 2706 4541 2756 4541 2756 4542 2686 4542 2757 4542 2686 4543 2759 4543 2757 4543 2685 4544 2760 4544 2686 4544 2686 4545 2760 4545 2759 4545 2759 4546 2760 4546 2761 4546 2762 4547 2763 4547 2760 4547 2762 4548 2764 4548 2763 4548 2763 4549 2761 4549 2760 4549 2762 4550 2765 4550 2764 4550 2765 4551 2766 4551 2767 4551 2766 4552 2768 4552 2767 4552 2769 4553 2770 4553 2766 4553 2762 4554 2769 4554 2766 4554 2762 4555 2766 4555 2765 4555 2758 4556 2757 4556 2771 4556 2772 4557 2769 4557 2758 4557 2770 4558 2769 4558 2772 4558 2771 4559 2772 4559 2758 4559 2685 4560 2762 4560 2760 4560 2758 4561 2769 4561 2706 4561 2706 4562 2769 4562 2685 4562 2685 4563 2769 4563 2762 4563 2761 4564 2773 4564 2759 4564 2771 4565 2757 4565 2774 4565 2757 4566 2759 4566 2774 4566 2774 4567 2759 4567 2773 4567 2775 4568 2776 4568 2773 4568 2773 4569 2776 4569 2774 4569 2777 4570 2778 4570 2775 4570 2778 4571 2776 4571 2775 4571 2767 4572 2768 4572 2777 4572 2777 4573 2768 4573 2778 4573 2774 4574 2779 4574 2780 4574 2778 4575 2779 4575 2774 4575 2776 4576 2778 4576 2774 4576 2781 4577 2779 4577 2778 4577 2768 4578 2781 4578 2778 4578 2782 4579 2768 4579 2766 4579 2782 4580 2781 4580 2768 4580 2766 4581 2770 4581 2782 4581 2772 4582 2783 4582 2770 4582 2770 4583 2784 4583 2782 4583 2783 4584 2784 4584 2770 4584 2771 4585 2780 4585 2785 4585 2771 4586 2774 4586 2780 4586 2785 4587 2783 4587 2771 4587 2783 4588 2772 4588 2771 4588 2786 4589 2785 4589 2779 4589 2779 4590 2785 4590 2780 4590 2787 4591 2786 4591 2781 4591 2781 4592 2786 4592 2779 4592 2784 4593 2787 4593 2782 4593 2782 4594 2787 4594 2781 4594 2787 4595 2783 4595 2786 4595 2786 4596 2783 4596 2785 4596 2787 4597 2784 4597 2783 4597 2767 4598 2788 4598 2789 4598 2765 4599 2767 4599 2789 4599 2777 4600 2788 4600 2767 4600 2790 4601 2788 4601 2777 4601 2773 4602 2777 4602 2775 4602 2773 4603 2790 4603 2777 4603 2791 4604 2790 4604 2773 4604 2763 4605 2764 4605 2792 4605 2792 4606 2764 4606 2793 4606 2765 4607 2789 4607 2764 4607 2764 4608 2789 4608 2793 4608 2794 4609 2761 4609 2792 4609 2792 4610 2761 4610 2763 4610 2761 4611 2791 4611 2773 4611 2794 4612 2791 4612 2761 4612 2790 4613 2791 4613 2795 4613 2795 4614 2791 4614 2794 4614 2788 4615 2795 4615 2796 4615 2788 4616 2790 4616 2795 4616 2789 4617 2788 4617 2793 4617 2793 4618 2788 4618 2796 4618 2796 4619 2792 4619 2793 4619 2796 4620 2795 4620 2792 4620 2795 4621 2794 4621 2792 4621 605 4622 619 4622 2797 4622 605 4623 2797 4623 2798 4623 647 4624 605 4624 2798 4624 647 4625 2798 4625 2799 4625 652 4626 647 4626 2799 4626 652 4627 2799 4627 2800 4627 651 4628 652 4628 2800 4628 651 4629 2800 4629 2801 4629 649 4630 651 4630 2801 4630 649 4631 2801 4631 2802 4631 650 4632 649 4632 2802 4632 650 4633 2802 4633 2803 4633 654 4634 650 4634 2803 4634 654 4635 2803 4635 2804 4635 655 4636 654 4636 2804 4636 655 4637 2804 4637 2805 4637 653 4638 655 4638 2805 4638 653 4639 2805 4639 2806 4639 656 4640 653 4640 2806 4640 656 4641 2806 4641 2807 4641 657 4642 656 4642 2807 4642 657 4643 2807 4643 2808 4643 619 4644 657 4644 2808 4644 619 4645 2808 4645 2797 4645 2802 4646 2801 4646 2798 4646 2805 4647 2798 4647 2797 4647 2805 4648 2802 4648 2798 4648 2806 4649 2805 4649 2797 4649 2799 4650 2798 4650 2801 4650 2800 4651 2799 4651 2801 4651 2803 4652 2802 4652 2805 4652 2804 4653 2803 4653 2805 4653 2808 4654 2807 4654 2806 4654 2808 4655 2806 4655 2797 4655 665 4656 670 4656 2809 4656 665 4657 2809 4657 2810 4657 678 4658 665 4658 2810 4658 678 4659 2810 4659 2811 4659 680 4660 678 4660 2811 4660 680 4661 2811 4661 2812 4661 1289 4662 680 4662 2812 4662 1289 4663 2812 4663 2813 4663 702 4664 1289 4664 2813 4664 702 4665 2813 4665 2814 4665 705 4666 702 4666 2814 4666 705 4667 2814 4667 2815 4667 2816 4668 705 4668 2815 4668 703 4669 705 4669 2816 4669 699 4670 703 4670 2816 4670 699 4671 2816 4671 2817 4671 1288 4672 699 4672 2817 4672 1288 4673 2817 4673 2818 4673 692 4674 1288 4674 2818 4674 692 4675 2818 4675 2819 4675 689 4676 692 4676 2819 4676 689 4677 2819 4677 2820 4677 1287 4678 689 4678 2820 4678 1287 4679 2820 4679 2821 4679 670 4680 1287 4680 2821 4680 670 4681 2821 4681 2809 4681 2821 4682 2810 4682 2809 4682 2821 4683 2812 4683 2811 4683 2821 4684 2811 4684 2810 4684 2813 4685 2820 4685 2819 4685 2815 4686 2814 4686 2818 4686 2816 4687 2818 4687 2817 4687 2816 4688 2815 4688 2818 4688 2821 4689 2820 4689 2813 4689 2819 4690 2818 4690 2813 4690 2814 4691 2813 4691 2818 4691 2813 4692 2812 4692 2821 4692 712 4693 706 4693 2822 4693 712 4694 2822 4694 2823 4694 738 4695 712 4695 2823 4695 738 4696 2823 4696 2824 4696 729 4697 738 4697 2824 4697 729 4698 2824 4698 2825 4698 724 4699 729 4699 2825 4699 724 4700 2825 4700 2826 4700 722 4701 724 4701 2826 4701 722 4702 2826 4702 2827 4702 723 4703 722 4703 2827 4703 723 4704 2827 4704 2828 4704 721 4705 723 4705 2828 4705 721 4706 2828 4706 2829 4706 717 4707 721 4707 2829 4707 717 4708 2829 4708 2830 4708 715 4709 717 4709 2830 4709 715 4710 2830 4710 2831 4710 716 4711 715 4711 2831 4711 716 4712 2831 4712 2832 4712 713 4713 716 4713 2832 4713 713 4714 2832 4714 2833 4714 706 4715 713 4715 2833 4715 706 4716 2833 4716 2822 4716 2832 4717 2831 4717 2833 4717 2833 4718 2831 4718 2822 4718 2828 4719 2830 4719 2829 4719 2831 4720 2830 4720 2822 4720 2828 4721 2827 4721 2830 4721 2824 4722 2826 4722 2825 4722 2826 4723 2823 4723 2827 4723 2830 4724 2823 4724 2822 4724 2824 4725 2823 4725 2826 4725 2827 4726 2823 4726 2830 4726 737 4727 719 4727 2834 4727 737 4728 2834 4728 2835 4728 822 4729 737 4729 2835 4729 822 4730 2835 4730 2836 4730 925 4731 822 4731 2836 4731 925 4732 2836 4732 2837 4732 927 4733 2837 4733 2838 4733 927 4734 925 4734 2837 4734 978 4735 2838 4735 2839 4735 978 4736 927 4736 2838 4736 979 4737 2839 4737 2840 4737 979 4738 978 4738 2839 4738 980 4739 2840 4739 2841 4739 980 4740 979 4740 2840 4740 975 4741 2841 4741 2842 4741 975 4742 980 4742 2841 4742 974 4743 975 4743 2842 4743 974 4744 2842 4744 2843 4744 976 4745 2843 4745 2844 4745 976 4746 974 4746 2843 4746 977 4747 2844 4747 2845 4747 977 4748 976 4748 2844 4748 1001 4749 2845 4749 2846 4749 1001 4750 977 4750 2845 4750 1002 4751 2846 4751 2847 4751 1002 4752 1001 4752 2846 4752 918 4753 2847 4753 2848 4753 918 4754 1002 4754 2847 4754 913 4755 2848 4755 2849 4755 913 4756 918 4756 2848 4756 880 4757 2849 4757 2850 4757 880 4758 913 4758 2849 4758 877 4759 2850 4759 2851 4759 877 4760 880 4760 2850 4760 872 4761 2851 4761 2852 4761 872 4762 877 4762 2851 4762 834 4763 2852 4763 2853 4763 834 4764 872 4764 2852 4764 832 4765 2853 4765 2854 4765 832 4766 2854 4766 2855 4766 832 4767 834 4767 2853 4767 829 4768 832 4768 2855 4768 827 4769 2855 4769 2856 4769 827 4770 829 4770 2855 4770 826 4771 827 4771 2856 4771 826 4772 2856 4772 2857 4772 824 4773 826 4773 2857 4773 824 4774 2857 4774 2858 4774 818 4775 824 4775 2858 4775 818 4776 2858 4776 2859 4776 815 4777 818 4777 2859 4777 815 4778 2859 4778 2860 4778 815 4779 2860 4779 2861 4779 811 4780 815 4780 2861 4780 808 4781 811 4781 2861 4781 808 4782 2861 4782 2862 4782 805 4783 2862 4783 2863 4783 805 4784 808 4784 2862 4784 801 4785 2863 4785 2864 4785 801 4786 805 4786 2863 4786 799 4787 2864 4787 2865 4787 799 4788 801 4788 2864 4788 796 4789 2865 4789 2866 4789 796 4790 799 4790 2865 4790 793 4791 2866 4791 2867 4791 793 4792 796 4792 2866 4792 791 4793 2867 4793 2868 4793 791 4794 793 4794 2867 4794 789 4795 2868 4795 2869 4795 789 4796 791 4796 2868 4796 785 4797 2869 4797 2870 4797 785 4798 789 4798 2869 4798 782 4799 2870 4799 2871 4799 782 4800 785 4800 2870 4800 780 4801 782 4801 2871 4801 780 4802 2871 4802 2872 4802 777 4803 780 4803 2872 4803 777 4804 2872 4804 2873 4804 773 4805 777 4805 2873 4805 773 4806 2873 4806 2874 4806 770 4807 773 4807 2874 4807 770 4808 2874 4808 2875 4808 766 4809 770 4809 2875 4809 766 4810 2875 4810 2876 4810 744 4811 766 4811 2876 4811 744 4812 2876 4812 2877 4812 742 4813 744 4813 2877 4813 742 4814 2877 4814 2878 4814 743 4815 742 4815 2878 4815 743 4816 2878 4816 2879 4816 1286 4817 743 4817 2879 4817 1286 4818 2879 4818 2880 4818 1285 4819 1286 4819 2880 4819 1285 4820 2880 4820 2881 4820 1285 4821 2881 4821 2882 4821 1284 4822 1285 4822 2882 4822 1283 4823 1284 4823 2882 4823 1283 4824 2882 4824 2883 4824 1282 4825 1283 4825 2883 4825 1282 4826 2883 4826 2884 4826 1281 4827 2884 4827 2885 4827 1281 4828 1282 4828 2884 4828 1280 4829 2885 4829 2886 4829 1280 4830 2886 4830 2887 4830 1280 4831 1281 4831 2885 4831 1279 4832 1280 4832 2887 4832 739 4833 1279 4833 2887 4833 739 4834 2887 4834 2888 4834 733 4835 739 4835 2888 4835 733 4836 2888 4836 2889 4836 731 4837 733 4837 2889 4837 731 4838 2889 4838 2890 4838 732 4839 731 4839 2890 4839 732 4840 2890 4840 2891 4840 725 4841 732 4841 2891 4841 725 4842 2891 4842 2892 4842 2834 4843 725 4843 2892 4843 719 4844 725 4844 2834 4844 2893 4845 2836 4845 2835 4845 2894 4846 2836 4846 2893 4846 2894 4847 2837 4847 2836 4847 2895 4848 2837 4848 2894 4848 2895 4849 2838 4849 2837 4849 2896 4850 2838 4850 2895 4850 2897 4851 2838 4851 2896 4851 2897 4852 2839 4852 2838 4852 2897 4853 2840 4853 2839 4853 2898 4854 2840 4854 2897 4854 2898 4855 2841 4855 2840 4855 2898 4856 2842 4856 2841 4856 2899 4857 2842 4857 2898 4857 2899 4858 2843 4858 2842 4858 2899 4859 2844 4859 2843 4859 2900 4860 2844 4860 2899 4860 2900 4861 2845 4861 2844 4861 2900 4862 2846 4862 2845 4862 2901 4863 2846 4863 2900 4863 2901 4864 2847 4864 2846 4864 2902 4865 2847 4865 2901 4865 2902 4866 2848 4866 2847 4866 2903 4867 2848 4867 2902 4867 2903 4868 2849 4868 2848 4868 2903 4869 2850 4869 2849 4869 2904 4870 2851 4870 2850 4870 2904 4871 2850 4871 2903 4871 2852 4872 2851 4872 2904 4872 2905 4873 2853 4873 2852 4873 2905 4874 2852 4874 2904 4874 2854 4875 2853 4875 2905 4875 2906 4876 2854 4876 2905 4876 2907 4877 2893 4877 2835 4877 2855 4878 2854 4878 2906 4878 2856 4879 2906 4879 2908 4879 2856 4880 2855 4880 2906 4880 2857 4881 2856 4881 2908 4881 2858 4882 2908 4882 2909 4882 2858 4883 2857 4883 2908 4883 2859 4884 2909 4884 2910 4884 2859 4885 2858 4885 2909 4885 2891 4886 2907 4886 2835 4886 2860 4887 2910 4887 2911 4887 2860 4888 2859 4888 2910 4888 2890 4889 2907 4889 2891 4889 2890 4890 2912 4890 2907 4890 2861 4891 2860 4891 2911 4891 2862 4892 2911 4892 2913 4892 2862 4893 2861 4893 2911 4893 2863 4894 2862 4894 2913 4894 2864 4895 2863 4895 2913 4895 2864 4896 2913 4896 2914 4896 2887 4897 2912 4897 2890 4897 2865 4898 2864 4898 2914 4898 2886 4899 2912 4899 2887 4899 2886 4900 2915 4900 2912 4900 2866 4901 2914 4901 2916 4901 2866 4902 2865 4902 2914 4902 2867 4903 2866 4903 2916 4903 2885 4904 2915 4904 2886 4904 2885 4905 2917 4905 2915 4905 2868 4906 2867 4906 2916 4906 2868 4907 2916 4907 2918 4907 2884 4908 2917 4908 2885 4908 2884 4909 2919 4909 2917 4909 2869 4910 2868 4910 2918 4910 2870 4911 2869 4911 2918 4911 2870 4912 2918 4912 2920 4912 2883 4913 2919 4913 2884 4913 2883 4914 2921 4914 2919 4914 2871 4915 2870 4915 2920 4915 2882 4916 2921 4916 2883 4916 2882 4917 2922 4917 2921 4917 2872 4918 2871 4918 2920 4918 2873 4919 2872 4919 2920 4919 2873 4920 2920 4920 2923 4920 2881 4921 2922 4921 2882 4921 2881 4922 2924 4922 2922 4922 2874 4923 2873 4923 2923 4923 2880 4924 2924 4924 2881 4924 2879 4925 2924 4925 2880 4925 2879 4926 2925 4926 2924 4926 2875 4927 2874 4927 2923 4927 2875 4928 2923 4928 2926 4928 2878 4929 2925 4929 2879 4929 2878 4930 2927 4930 2925 4930 2876 4931 2875 4931 2926 4931 2876 4932 2926 4932 2927 4932 2877 4933 2927 4933 2878 4933 2877 4934 2876 4934 2927 4934 2834 4935 2891 4935 2835 4935 2892 4936 2891 4936 2834 4936 2890 4937 2889 4937 2887 4937 2888 4938 2887 4938 2889 4938 2928 4939 2929 4939 2894 4939 2928 4940 2894 4940 2893 4940 2930 4941 2931 4941 2911 4941 2930 4942 2911 4942 2910 4942 2932 4943 2910 4943 2909 4943 2932 4944 2930 4944 2910 4944 2933 4945 2909 4945 2908 4945 2933 4946 2908 4946 2906 4946 2933 4947 2932 4947 2909 4947 2934 4948 2933 4948 2906 4948 2935 4949 2906 4949 2905 4949 2935 4950 2934 4950 2906 4950 2936 4951 2905 4951 2904 4951 2936 4952 2935 4952 2905 4952 2937 4953 2904 4953 2903 4953 2937 4954 2903 4954 2902 4954 2937 4955 2936 4955 2904 4955 2938 4956 2937 4956 2902 4956 2939 4957 2902 4957 2901 4957 2939 4958 2938 4958 2902 4958 2940 4959 2901 4959 2900 4959 2940 4960 2900 4960 2899 4960 2940 4961 2939 4961 2901 4961 2941 4962 2899 4962 2898 4962 2941 4963 2940 4963 2899 4963 2942 4964 2941 4964 2898 4964 2943 4965 2898 4965 2897 4965 2943 4966 2942 4966 2898 4966 2944 4967 2897 4967 2896 4967 2944 4968 2943 4968 2897 4968 2945 4969 2896 4969 2895 4969 2945 4970 2944 4970 2896 4970 2929 4971 2895 4971 2894 4971 2929 4972 2945 4972 2895 4972 2946 4973 2947 4973 2912 4973 2946 4974 2912 4974 2915 4974 2948 4975 2915 4975 2917 4975 2948 4976 2946 4976 2915 4976 2949 4977 2917 4977 2919 4977 2949 4978 2948 4978 2917 4978 2950 4979 2919 4979 2921 4979 2950 4980 2949 4980 2919 4980 2951 4981 2921 4981 2922 4981 2951 4982 2950 4982 2921 4982 2952 4983 2922 4983 2924 4983 2952 4984 2951 4984 2922 4984 2953 4985 2924 4985 2925 4985 2953 4986 2952 4986 2924 4986 2954 4987 2925 4987 2927 4987 2954 4988 2927 4988 2926 4988 2954 4989 2953 4989 2925 4989 2955 4990 2954 4990 2926 4990 2956 4991 2926 4991 2923 4991 2956 4992 2955 4992 2926 4992 2957 4993 2923 4993 2920 4993 2957 4994 2956 4994 2923 4994 2958 4995 2920 4995 2918 4995 2958 4996 2957 4996 2920 4996 2959 4997 2918 4997 2916 4997 2959 4998 2958 4998 2918 4998 2960 4999 2916 4999 2914 4999 2960 5000 2959 5000 2916 5000 2961 5001 2914 5001 2913 5001 2961 5002 2960 5002 2914 5002 2931 5003 2961 5003 2913 5003 2931 5004 2913 5004 2911 5004 2912 5005 2962 5005 2907 5005 2947 5006 2962 5006 2912 5006 2962 5007 2928 5007 2893 5007 2962 5008 2893 5008 2907 5008 2947 5009 2928 5009 2962 5009 2946 5010 2929 5010 2947 5010 2947 5011 2929 5011 2928 5011 2955 5012 2956 5012 2954 5012 2948 5013 2945 5013 2946 5013 2946 5014 2945 5014 2929 5014 2954 5015 2957 5015 2953 5015 2956 5016 2957 5016 2954 5016 2949 5017 2944 5017 2948 5017 2948 5018 2944 5018 2945 5018 2953 5019 2958 5019 2952 5019 2957 5020 2958 5020 2953 5020 2952 5021 2959 5021 2951 5021 2958 5022 2959 5022 2952 5022 2950 5023 2943 5023 2949 5023 2949 5024 2943 5024 2944 5024 2951 5025 2942 5025 2950 5025 2950 5026 2942 5026 2943 5026 2960 5027 2961 5027 2959 5027 2959 5028 2961 5028 2951 5028 2951 5029 2961 5029 2942 5029 2961 5030 2931 5030 2942 5030 2931 5031 2930 5031 2942 5031 2940 5032 2938 5032 2939 5032 2941 5033 2938 5033 2940 5033 2941 5034 2937 5034 2938 5034 2932 5035 2933 5035 2930 5035 2930 5036 2933 5036 2942 5036 2941 5037 2936 5037 2937 5037 2933 5038 2935 5038 2942 5038 2942 5039 2935 5039 2941 5039 2941 5040 2935 5040 2936 5040 2933 5041 2934 5041 2935 5041 1143 5042 1144 5042 2963 5042 1143 5043 2963 5043 2964 5043 1145 5044 2964 5044 2965 5044 1145 5045 1143 5045 2964 5045 1146 5046 2965 5046 2966 5046 1146 5047 1145 5047 2965 5047 1164 5048 2966 5048 2967 5048 1164 5049 1146 5049 2966 5049 1165 5050 2967 5050 2968 5050 1165 5051 1164 5051 2967 5051 1166 5052 2968 5052 2969 5052 1166 5053 1165 5053 2968 5053 2970 5054 1166 5054 2969 5054 1167 5055 1166 5055 2970 5055 1168 5056 2970 5056 2971 5056 1168 5057 1167 5057 2970 5057 1053 5058 2971 5058 2972 5058 1053 5059 1168 5059 2971 5059 1051 5060 2972 5060 2973 5060 1051 5061 1053 5061 2972 5061 1054 5062 2973 5062 2974 5062 1054 5063 1051 5063 2973 5063 1055 5064 2974 5064 2975 5064 1055 5065 1054 5065 2974 5065 1056 5066 2975 5066 2976 5066 1056 5067 1055 5067 2975 5067 2977 5068 1056 5068 2976 5068 1057 5069 1056 5069 2977 5069 1058 5070 2977 5070 2978 5070 1058 5071 1057 5071 2977 5071 1059 5072 1058 5072 2978 5072 1059 5073 2978 5073 2979 5073 993 5074 1059 5074 2979 5074 993 5075 2979 5075 2980 5075 986 5076 993 5076 2980 5076 986 5077 2980 5077 2981 5077 2982 5078 986 5078 2981 5078 985 5079 986 5079 2982 5079 2983 5080 985 5080 2982 5080 984 5081 985 5081 2983 5081 2984 5082 984 5082 2983 5082 983 5083 984 5083 2984 5083 982 5084 2984 5084 2985 5084 982 5085 983 5085 2984 5085 2986 5086 982 5086 2985 5086 981 5087 982 5087 2986 5087 2987 5088 981 5088 2986 5088 972 5089 981 5089 2987 5089 2988 5090 972 5090 2987 5090 971 5091 972 5091 2988 5091 2989 5092 971 5092 2988 5092 970 5093 971 5093 2989 5093 969 5094 2989 5094 2990 5094 969 5095 970 5095 2989 5095 968 5096 2990 5096 2991 5096 968 5097 969 5097 2990 5097 967 5098 2991 5098 2992 5098 967 5099 968 5099 2991 5099 2993 5100 967 5100 2992 5100 966 5101 967 5101 2993 5101 965 5102 2993 5102 2994 5102 965 5103 966 5103 2993 5103 964 5104 2994 5104 2995 5104 964 5105 2995 5105 2996 5105 964 5106 965 5106 2994 5106 963 5107 964 5107 2996 5107 2997 5108 963 5108 2996 5108 962 5109 963 5109 2997 5109 960 5110 962 5110 2997 5110 960 5111 2997 5111 2998 5111 959 5112 2998 5112 2999 5112 959 5113 960 5113 2998 5113 958 5114 2999 5114 3000 5114 958 5115 959 5115 2999 5115 957 5116 3000 5116 3001 5116 957 5117 958 5117 3000 5117 954 5118 3001 5118 3002 5118 954 5119 957 5119 3001 5119 952 5120 3002 5120 3003 5120 952 5121 954 5121 3002 5121 948 5122 3003 5122 3004 5122 948 5123 952 5123 3003 5123 928 5124 3004 5124 3005 5124 928 5125 948 5125 3004 5125 922 5126 928 5126 3005 5126 922 5127 3005 5127 3006 5127 919 5128 922 5128 3006 5128 919 5129 3006 5129 3007 5129 915 5130 919 5130 3007 5130 915 5131 3007 5131 3008 5131 905 5132 915 5132 3008 5132 905 5133 3008 5133 3009 5133 905 5134 3009 5134 3010 5134 904 5135 905 5135 3010 5135 906 5136 904 5136 3010 5136 906 5137 3010 5137 3011 5137 907 5138 906 5138 3011 5138 907 5139 3011 5139 3012 5139 907 5140 3012 5140 3013 5140 908 5141 907 5141 3013 5141 908 5142 3013 5142 3014 5142 909 5143 908 5143 3014 5143 910 5144 909 5144 3014 5144 910 5145 3014 5145 3015 5145 911 5146 910 5146 3015 5146 911 5147 3015 5147 3016 5147 911 5148 3016 5148 3017 5148 885 5149 911 5149 3017 5149 883 5150 885 5150 3017 5150 883 5151 3017 5151 3018 5151 883 5152 3018 5152 3019 5152 886 5153 883 5153 3019 5153 887 5154 3019 5154 3020 5154 887 5155 3020 5155 3021 5155 887 5156 886 5156 3019 5156 888 5157 3021 5157 3022 5157 888 5158 887 5158 3021 5158 889 5159 3022 5159 3023 5159 889 5160 888 5160 3022 5160 890 5161 889 5161 3023 5161 891 5162 3023 5162 3024 5162 891 5163 890 5163 3023 5163 892 5164 3024 5164 3025 5164 892 5165 891 5165 3024 5165 893 5166 3025 5166 3026 5166 893 5167 892 5167 3025 5167 894 5168 3026 5168 3027 5168 894 5169 893 5169 3026 5169 895 5170 3027 5170 3028 5170 895 5171 894 5171 3027 5171 3029 5172 895 5172 3028 5172 896 5173 895 5173 3029 5173 897 5174 3029 5174 3030 5174 897 5175 3030 5175 3031 5175 897 5176 896 5176 3029 5176 898 5177 3031 5177 3032 5177 898 5178 897 5178 3031 5178 899 5179 898 5179 3032 5179 900 5180 3032 5180 3033 5180 900 5181 899 5181 3032 5181 901 5182 3033 5182 3034 5182 901 5183 900 5183 3033 5183 902 5184 3034 5184 3035 5184 902 5185 901 5185 3034 5185 903 5186 3035 5186 3036 5186 903 5187 902 5187 3035 5187 851 5188 903 5188 3036 5188 851 5189 3036 5189 3037 5189 3038 5190 851 5190 3037 5190 850 5191 851 5191 3038 5191 850 5192 3038 5192 3039 5192 852 5193 850 5193 3039 5193 853 5194 852 5194 3039 5194 853 5195 3039 5195 3040 5195 854 5196 853 5196 3040 5196 854 5197 3040 5197 3041 5197 855 5198 854 5198 3041 5198 855 5199 3041 5199 3042 5199 856 5200 855 5200 3042 5200 856 5201 3042 5201 3043 5201 857 5202 856 5202 3043 5202 857 5203 3043 5203 3044 5203 857 5204 3044 5204 3045 5204 858 5205 857 5205 3045 5205 859 5206 858 5206 3045 5206 859 5207 3045 5207 3046 5207 859 5208 3046 5208 3047 5208 860 5209 859 5209 3047 5209 860 5210 3047 5210 3048 5210 861 5211 860 5211 3048 5211 862 5212 861 5212 3048 5212 862 5213 3048 5213 3049 5213 3050 5214 862 5214 3049 5214 863 5215 862 5215 3050 5215 864 5216 3050 5216 3051 5216 864 5217 3051 5217 3052 5217 864 5218 863 5218 3050 5218 865 5219 864 5219 3052 5219 3053 5220 865 5220 3052 5220 866 5221 3053 5221 3054 5221 866 5222 865 5222 3053 5222 867 5223 866 5223 3054 5223 868 5224 3054 5224 3055 5224 868 5225 867 5225 3054 5225 3056 5226 868 5226 3055 5226 869 5227 868 5227 3056 5227 870 5228 3056 5228 3057 5228 870 5229 869 5229 3056 5229 837 5230 3057 5230 3058 5230 837 5231 870 5231 3057 5231 835 5232 837 5232 3058 5232 835 5233 3058 5233 3059 5233 838 5234 3059 5234 3060 5234 838 5235 835 5235 3059 5235 839 5236 3060 5236 3061 5236 839 5237 838 5237 3060 5237 840 5238 3061 5238 3062 5238 840 5239 839 5239 3061 5239 841 5240 3062 5240 3063 5240 841 5241 840 5241 3062 5241 842 5242 3063 5242 3064 5242 842 5243 841 5243 3063 5243 843 5244 3064 5244 3065 5244 843 5245 842 5245 3064 5245 844 5246 3065 5246 3066 5246 844 5247 843 5247 3065 5247 845 5248 3066 5248 3067 5248 845 5249 844 5249 3066 5249 846 5250 845 5250 3067 5250 846 5251 3067 5251 3068 5251 847 5252 846 5252 3068 5252 847 5253 3068 5253 3069 5253 848 5254 847 5254 3069 5254 848 5255 3069 5255 3070 5255 848 5256 3070 5256 3071 5256 849 5257 848 5257 3071 5257 875 5258 849 5258 3071 5258 875 5259 3071 5259 3072 5259 875 5260 3072 5260 3073 5260 878 5261 875 5261 3073 5261 881 5262 878 5262 3073 5262 881 5263 3073 5263 3074 5263 882 5264 881 5264 3074 5264 882 5265 3074 5265 3075 5265 914 5266 882 5266 3075 5266 914 5267 3075 5267 3076 5267 916 5268 914 5268 3076 5268 916 5269 3076 5269 3077 5269 920 5270 916 5270 3077 5270 920 5271 3077 5271 3078 5271 923 5272 920 5272 3078 5272 923 5273 3078 5273 3079 5273 924 5274 3079 5274 3080 5274 924 5275 923 5275 3079 5275 946 5276 3080 5276 3081 5276 946 5277 924 5277 3080 5277 949 5278 3081 5278 3082 5278 949 5279 946 5279 3081 5279 950 5280 3082 5280 3083 5280 950 5281 949 5281 3082 5281 953 5282 3083 5282 3084 5282 953 5283 950 5283 3083 5283 955 5284 3084 5284 3085 5284 955 5285 953 5285 3084 5285 956 5286 3085 5286 3086 5286 956 5287 955 5287 3085 5287 956 5288 3086 5288 3087 5288 956 5289 3087 5289 836 5289 3088 5290 884 5290 836 5290 3088 5291 836 5291 3087 5291 3089 5292 992 5292 884 5292 3089 5293 884 5293 3088 5293 1278 5294 992 5294 3089 5294 1278 5295 3089 5295 3090 5295 1277 5296 3090 5296 3091 5296 1277 5297 1278 5297 3090 5297 1276 5298 3091 5298 3092 5298 1276 5299 1277 5299 3091 5299 1273 5300 3092 5300 3093 5300 1273 5301 1276 5301 3092 5301 1274 5302 3093 5302 3094 5302 1274 5303 1273 5303 3093 5303 1275 5304 3094 5304 3095 5304 1275 5305 1274 5305 3094 5305 951 5306 3095 5306 3096 5306 951 5307 1275 5307 3095 5307 947 5308 3096 5308 3097 5308 947 5309 951 5309 3096 5309 945 5310 947 5310 3097 5310 945 5311 3097 5311 3098 5311 944 5312 945 5312 3098 5312 944 5313 3098 5313 3099 5313 931 5314 944 5314 3099 5314 931 5315 3099 5315 3100 5315 929 5316 931 5316 3100 5316 929 5317 3100 5317 3101 5317 932 5318 929 5318 3101 5318 932 5319 3101 5319 3102 5319 933 5320 932 5320 3102 5320 933 5321 3102 5321 3103 5321 934 5322 933 5322 3103 5322 934 5323 3103 5323 3104 5323 935 5324 934 5324 3104 5324 935 5325 3104 5325 3105 5325 936 5326 935 5326 3105 5326 936 5327 3105 5327 3106 5327 937 5328 936 5328 3106 5328 937 5329 3106 5329 3107 5329 937 5330 3107 5330 3108 5330 938 5331 937 5331 3108 5331 938 5332 3108 5332 3109 5332 939 5333 938 5333 3109 5333 939 5334 3109 5334 3110 5334 940 5335 939 5335 3110 5335 941 5336 3110 5336 3111 5336 941 5337 940 5337 3110 5337 941 5338 3111 5338 3112 5338 819 5339 941 5339 3112 5339 816 5340 3112 5340 3113 5340 816 5341 819 5341 3112 5341 812 5342 3113 5342 3114 5342 812 5343 816 5343 3113 5343 809 5344 3114 5344 3115 5344 809 5345 812 5345 3114 5345 3116 5346 809 5346 3115 5346 806 5347 809 5347 3116 5347 802 5348 3116 5348 3117 5348 802 5349 806 5349 3116 5349 797 5350 3117 5350 3118 5350 797 5351 802 5351 3117 5351 3119 5352 797 5352 3118 5352 794 5353 797 5353 3119 5353 790 5354 3119 5354 3120 5354 790 5355 794 5355 3119 5355 786 5356 790 5356 3120 5356 786 5357 3120 5357 3121 5357 783 5358 3121 5358 3122 5358 783 5359 786 5359 3121 5359 778 5360 3122 5360 3123 5360 778 5361 783 5361 3122 5361 774 5362 3123 5362 3124 5362 774 5363 778 5363 3123 5363 771 5364 3124 5364 3125 5364 771 5365 774 5365 3124 5365 768 5366 3125 5366 3126 5366 768 5367 771 5367 3125 5367 764 5368 3126 5368 3127 5368 764 5369 768 5369 3126 5369 762 5370 3127 5370 3128 5370 762 5371 3128 5371 3129 5371 762 5372 764 5372 3127 5372 760 5373 762 5373 3129 5373 758 5374 3129 5374 3130 5374 758 5375 760 5375 3129 5375 755 5376 3130 5376 3131 5376 755 5377 758 5377 3130 5377 754 5378 3131 5378 3132 5378 754 5379 755 5379 3131 5379 751 5380 3132 5380 3133 5380 751 5381 3133 5381 3134 5381 751 5382 754 5382 3132 5382 750 5383 751 5383 3134 5383 748 5384 750 5384 3134 5384 748 5385 3134 5385 3135 5385 745 5386 748 5386 3135 5386 745 5387 3135 5387 3136 5387 746 5388 745 5388 3136 5388 746 5389 3136 5389 3137 5389 747 5390 746 5390 3137 5390 747 5391 3137 5391 3138 5391 749 5392 747 5392 3138 5392 749 5393 3138 5393 3139 5393 3140 5394 749 5394 3139 5394 752 5395 3140 5395 3141 5395 752 5396 749 5396 3140 5396 753 5397 3141 5397 3142 5397 753 5398 752 5398 3141 5398 756 5399 753 5399 3142 5399 3143 5400 756 5400 3142 5400 757 5401 756 5401 3143 5401 759 5402 3143 5402 3144 5402 759 5403 3144 5403 3145 5403 759 5404 757 5404 3143 5404 761 5405 3145 5405 3146 5405 761 5406 759 5406 3145 5406 763 5407 761 5407 3146 5407 765 5408 3146 5408 3147 5408 765 5409 763 5409 3146 5409 769 5410 3147 5410 3148 5410 769 5411 765 5411 3147 5411 772 5412 3148 5412 3149 5412 772 5413 769 5413 3148 5413 776 5414 3149 5414 3150 5414 776 5415 772 5415 3149 5415 779 5416 3150 5416 3151 5416 779 5417 776 5417 3150 5417 781 5418 3151 5418 3152 5418 781 5419 779 5419 3151 5419 784 5420 3152 5420 3153 5420 784 5421 781 5421 3152 5421 788 5422 3153 5422 3154 5422 788 5423 784 5423 3153 5423 792 5424 788 5424 3154 5424 792 5425 3154 5425 3155 5425 795 5426 3155 5426 3156 5426 795 5427 792 5427 3155 5427 800 5428 3156 5428 3157 5428 800 5429 795 5429 3156 5429 804 5430 3157 5430 3158 5430 804 5431 800 5431 3157 5431 807 5432 3158 5432 3159 5432 807 5433 804 5433 3158 5433 810 5434 3159 5434 3160 5434 810 5435 807 5435 3159 5435 814 5436 810 5436 3160 5436 814 5437 3160 5437 3161 5437 817 5438 814 5438 3161 5438 817 5439 3161 5439 3162 5439 820 5440 817 5440 3162 5440 820 5441 3162 5441 3163 5441 823 5442 820 5442 3163 5442 823 5443 3163 5443 3164 5443 825 5444 823 5444 3164 5444 825 5445 3164 5445 3165 5445 828 5446 825 5446 3165 5446 828 5447 3165 5447 3166 5447 830 5448 828 5448 3166 5448 830 5449 3166 5449 3167 5449 831 5450 830 5450 3167 5450 831 5451 3167 5451 3168 5451 833 5452 831 5452 3168 5452 833 5453 3168 5453 3169 5453 871 5454 833 5454 3169 5454 871 5455 3169 5455 3170 5455 876 5456 871 5456 3170 5456 876 5457 3170 5457 3171 5457 879 5458 876 5458 3171 5458 879 5459 3171 5459 3172 5459 912 5460 879 5460 3172 5460 912 5461 3172 5461 3173 5461 917 5462 3173 5462 3174 5462 917 5463 912 5463 3173 5463 917 5464 3174 5464 3175 5464 921 5465 917 5465 3175 5465 1003 5466 3175 5466 3176 5466 1003 5467 921 5467 3175 5467 1061 5468 3176 5468 3177 5468 1061 5469 1003 5469 3176 5469 1062 5470 3177 5470 3178 5470 1062 5471 3178 5471 3179 5471 1062 5472 1061 5472 3177 5472 1063 5473 1062 5473 3179 5473 1064 5474 3179 5474 3180 5474 1064 5475 1063 5475 3179 5475 3181 5476 1064 5476 3180 5476 1118 5477 1064 5477 3181 5477 1119 5478 3181 5478 3182 5478 1119 5479 1118 5479 3181 5479 1120 5480 3182 5480 3183 5480 1120 5481 1119 5481 3182 5481 1121 5482 3183 5482 3184 5482 1121 5483 1120 5483 3183 5483 1122 5484 3184 5484 3185 5484 1122 5485 3185 5485 3186 5485 1122 5486 1121 5486 3184 5486 1123 5487 1122 5487 3186 5487 1147 5488 1123 5488 3186 5488 1147 5489 3186 5489 3187 5489 2963 5490 1147 5490 3187 5490 1144 5491 1147 5491 2963 5491 3013 5492 3170 5492 3169 5492 3012 5493 3171 5493 3170 5493 3012 5494 3170 5494 3013 5494 3014 5495 3169 5495 3168 5495 3014 5496 3013 5496 3169 5496 3011 5497 3172 5497 3171 5497 3011 5498 3171 5498 3012 5498 3015 5499 3167 5499 3166 5499 3015 5500 3168 5500 3167 5500 3015 5501 3014 5501 3168 5501 3010 5502 3173 5502 3172 5502 3010 5503 3172 5503 3011 5503 3009 5504 3174 5504 3173 5504 3009 5505 3173 5505 3010 5505 3016 5506 3166 5506 3165 5506 3016 5507 3015 5507 3166 5507 3008 5508 3175 5508 3174 5508 3008 5509 3174 5509 3009 5509 3017 5510 3165 5510 3164 5510 3017 5511 3016 5511 3165 5511 3007 5512 3176 5512 3175 5512 3007 5513 3175 5513 3008 5513 3018 5514 3164 5514 3163 5514 3018 5515 3017 5515 3164 5515 3006 5516 3176 5516 3007 5516 3006 5517 3177 5517 3176 5517 3019 5518 3163 5518 3162 5518 3019 5519 3018 5519 3163 5519 3005 5520 3177 5520 3006 5520 3005 5521 3178 5521 3177 5521 3020 5522 3019 5522 3162 5522 3020 5523 3162 5523 3161 5523 3004 5524 3179 5524 3178 5524 3004 5525 3180 5525 3179 5525 3004 5526 3178 5526 3005 5526 3021 5527 3161 5527 3160 5527 3021 5528 3020 5528 3161 5528 3003 5529 3180 5529 3004 5529 3003 5530 3181 5530 3180 5530 3022 5531 3159 5531 3158 5531 3022 5532 3160 5532 3159 5532 3022 5533 3021 5533 3160 5533 3002 5534 3181 5534 3003 5534 3002 5535 3182 5535 3181 5535 3023 5536 3022 5536 3158 5536 3023 5537 3158 5537 3157 5537 3024 5538 3023 5538 3157 5538 3001 5539 3182 5539 3002 5539 3001 5540 3183 5540 3182 5540 3025 5541 3157 5541 3156 5541 3025 5542 3024 5542 3157 5542 3000 5543 3183 5543 3001 5543 3000 5544 3184 5544 3183 5544 3026 5545 3156 5545 3155 5545 3026 5546 3025 5546 3156 5546 2999 5547 3184 5547 3000 5547 2999 5548 3185 5548 3184 5548 3027 5549 3155 5549 3154 5549 3027 5550 3026 5550 3155 5550 2998 5551 3185 5551 2999 5551 2998 5552 3186 5552 3185 5552 2998 5553 3187 5553 3186 5553 3028 5554 3027 5554 3154 5554 2997 5555 2963 5555 3187 5555 2997 5556 3187 5556 2998 5556 3029 5557 3153 5557 3152 5557 3029 5558 3154 5558 3153 5558 3029 5559 3028 5559 3154 5559 3030 5560 3029 5560 3152 5560 3030 5561 3152 5561 3151 5561 2996 5562 2964 5562 2963 5562 2996 5563 2963 5563 2997 5563 2995 5564 2965 5564 2964 5564 2995 5565 2964 5565 2996 5565 3031 5566 3030 5566 3151 5566 3031 5567 3150 5567 3149 5567 3031 5568 3151 5568 3150 5568 2994 5569 2966 5569 2965 5569 2994 5570 2965 5570 2995 5570 3032 5571 3149 5571 3148 5571 3032 5572 3031 5572 3149 5572 2993 5573 2967 5573 2966 5573 2993 5574 2966 5574 2994 5574 3033 5575 3148 5575 3147 5575 3033 5576 3032 5576 3148 5576 2992 5577 2968 5577 2967 5577 2992 5578 2967 5578 2993 5578 3034 5579 3033 5579 3147 5579 3034 5580 3147 5580 3146 5580 2991 5581 2969 5581 2968 5581 2991 5582 2968 5582 2992 5582 3035 5583 3146 5583 3145 5583 3035 5584 3034 5584 3146 5584 2990 5585 2970 5585 2969 5585 2990 5586 2969 5586 2991 5586 3036 5587 3144 5587 3143 5587 3036 5588 3145 5588 3144 5588 3036 5589 3035 5589 3145 5589 2989 5590 2971 5590 2970 5590 2989 5591 2972 5591 2971 5591 2989 5592 2970 5592 2990 5592 3037 5593 3143 5593 3142 5593 3037 5594 3036 5594 3143 5594 2988 5595 2973 5595 2972 5595 2988 5596 2972 5596 2989 5596 3038 5597 3037 5597 3142 5597 3038 5598 3142 5598 3141 5598 3039 5599 3038 5599 3141 5599 3140 5600 3039 5600 3141 5600 2987 5601 2974 5601 2973 5601 2987 5602 2973 5602 2988 5602 3040 5603 3039 5603 3140 5603 2986 5604 2975 5604 2974 5604 2986 5605 2974 5605 2987 5605 3139 5606 3040 5606 3140 5606 3041 5607 3040 5607 3139 5607 2985 5608 2976 5608 2975 5608 2985 5609 2975 5609 2986 5609 3042 5610 3041 5610 3139 5610 3042 5611 3139 5611 3138 5611 2984 5612 2977 5612 2976 5612 2984 5613 2976 5613 2985 5613 3137 5614 3042 5614 3138 5614 3043 5615 3042 5615 3137 5615 3136 5616 3043 5616 3137 5616 2983 5617 2977 5617 2984 5617 3044 5618 3043 5618 3136 5618 3135 5619 3044 5619 3136 5619 2978 5620 2977 5620 2983 5620 2982 5621 2978 5621 2983 5621 3045 5622 3044 5622 3135 5622 3134 5623 3045 5623 3135 5623 2979 5624 2978 5624 2982 5624 3046 5625 3045 5625 3134 5625 3133 5626 3046 5626 3134 5626 2981 5627 2979 5627 2982 5627 2980 5628 2979 5628 2981 5628 3132 5629 3046 5629 3133 5629 3132 5630 3047 5630 3046 5630 3131 5631 3047 5631 3132 5631 3131 5632 3048 5632 3047 5632 3130 5633 3048 5633 3131 5633 3130 5634 3049 5634 3048 5634 3129 5635 3049 5635 3130 5635 3128 5636 3049 5636 3129 5636 3128 5637 3050 5637 3049 5637 3127 5638 3050 5638 3128 5638 3127 5639 3051 5639 3050 5639 3126 5640 3051 5640 3127 5640 3126 5641 3052 5641 3051 5641 3125 5642 3052 5642 3126 5642 3125 5643 3053 5643 3052 5643 3124 5644 3053 5644 3125 5644 3124 5645 3054 5645 3053 5645 3123 5646 3054 5646 3124 5646 3123 5647 3055 5647 3054 5647 3122 5648 3055 5648 3123 5648 3122 5649 3056 5649 3055 5649 3121 5650 3056 5650 3122 5650 3121 5651 3057 5651 3056 5651 3086 5652 3088 5652 3087 5652 3120 5653 3057 5653 3121 5653 3120 5654 3058 5654 3057 5654 3119 5655 3059 5655 3058 5655 3119 5656 3058 5656 3120 5656 3090 5657 3089 5657 3086 5657 3118 5658 3059 5658 3119 5658 3091 5659 3090 5659 3086 5659 3117 5660 3060 5660 3059 5660 3117 5661 3059 5661 3118 5661 3092 5662 3091 5662 3086 5662 3116 5663 3061 5663 3060 5663 3116 5664 3060 5664 3117 5664 3093 5665 3092 5665 3086 5665 3093 5666 3085 5666 3084 5666 3093 5667 3086 5667 3085 5667 3115 5668 3062 5668 3061 5668 3115 5669 3061 5669 3116 5669 3094 5670 3093 5670 3084 5670 3094 5671 3084 5671 3083 5671 3114 5672 3062 5672 3115 5672 3114 5673 3063 5673 3062 5673 3095 5674 3094 5674 3083 5674 3095 5675 3082 5675 3081 5675 3095 5676 3083 5676 3082 5676 3113 5677 3064 5677 3063 5677 3113 5678 3063 5678 3114 5678 3096 5679 3095 5679 3081 5679 3096 5680 3081 5680 3080 5680 3112 5681 3065 5681 3064 5681 3112 5682 3064 5682 3113 5682 3097 5683 3080 5683 3079 5683 3097 5684 3096 5684 3080 5684 3111 5685 3066 5685 3065 5685 3111 5686 3065 5686 3112 5686 3098 5687 3079 5687 3078 5687 3098 5688 3097 5688 3079 5688 3110 5689 3067 5689 3066 5689 3110 5690 3066 5690 3111 5690 3099 5691 3098 5691 3078 5691 3099 5692 3078 5692 3077 5692 3109 5693 3067 5693 3110 5693 3109 5694 3068 5694 3067 5694 3100 5695 3077 5695 3076 5695 3100 5696 3099 5696 3077 5696 3108 5697 3069 5697 3068 5697 3108 5698 3068 5698 3109 5698 3101 5699 3100 5699 3076 5699 3101 5700 3075 5700 3074 5700 3101 5701 3076 5701 3075 5701 3107 5702 3070 5702 3069 5702 3107 5703 3069 5703 3108 5703 3102 5704 3074 5704 3073 5704 3102 5705 3101 5705 3074 5705 3106 5706 3071 5706 3070 5706 3106 5707 3070 5707 3107 5707 3103 5708 3073 5708 3072 5708 3103 5709 3102 5709 3073 5709 3105 5710 3071 5710 3106 5710 3104 5711 3071 5711 3105 5711 3104 5712 3072 5712 3071 5712 3104 5713 3103 5713 3072 5713 3089 5714 3088 5714 3086 5714 1052 5715 930 5715 3188 5715 1052 5716 3188 5716 3189 5716 1142 5717 1052 5717 3189 5717 1142 5718 3189 5718 3190 5718 1115 5719 1142 5719 3190 5719 1115 5720 3190 5720 3191 5720 1032 5721 1115 5721 3191 5721 1032 5722 3191 5722 3192 5722 1033 5723 1032 5723 3192 5723 1033 5724 3192 5724 3193 5724 1031 5725 1033 5725 3193 5725 1031 5726 3193 5726 3194 5726 1009 5727 1031 5727 3194 5727 1009 5728 3194 5728 3195 5728 998 5729 1009 5729 3195 5729 998 5730 3195 5730 3196 5730 999 5731 998 5731 3196 5731 999 5732 3196 5732 3197 5732 991 5733 999 5733 3197 5733 991 5734 3197 5734 3198 5734 987 5735 991 5735 3198 5735 987 5736 3198 5736 3199 5736 930 5737 987 5737 3199 5737 930 5738 3199 5738 3188 5738 3198 5739 3197 5739 3199 5739 3197 5740 3188 5740 3199 5740 3194 5741 3196 5741 3195 5741 3197 5742 3196 5742 3188 5742 3194 5743 3193 5743 3196 5743 3190 5744 3192 5744 3191 5744 3192 5745 3189 5745 3193 5745 3190 5746 3189 5746 3192 5746 3196 5747 3189 5747 3188 5747 3193 5748 3189 5748 3196 5748 990 5749 994 5749 3200 5749 990 5750 3200 5750 3201 5750 1141 5751 990 5751 3201 5751 1141 5752 3201 5752 3202 5752 1253 5753 1141 5753 3202 5753 1253 5754 3202 5754 3203 5754 1301 5755 1253 5755 3203 5755 1301 5756 3203 5756 3204 5756 1254 5757 1301 5757 3204 5757 1254 5758 3204 5758 3205 5758 1176 5759 1254 5759 3205 5759 1176 5760 3205 5760 3206 5760 1007 5761 1176 5761 3206 5761 1007 5762 3206 5762 3207 5762 1004 5763 1007 5763 3207 5763 1004 5764 3207 5764 3208 5764 1290 5765 1004 5765 3208 5765 1290 5766 3208 5766 3209 5766 994 5767 1290 5767 3209 5767 994 5768 3209 5768 3200 5768 3207 5769 3204 5769 3208 5769 3207 5770 3206 5770 3204 5770 3206 5771 3205 5771 3204 5771 3200 5772 3209 5772 3201 5772 3209 5773 3202 5773 3201 5773 3203 5774 3202 5774 3209 5774 3204 5775 3203 5775 3209 5775 3209 5776 3208 5776 3204 5776 1266 5777 1265 5777 3210 5777 1266 5778 3210 5778 3211 5778 1267 5779 3211 5779 3212 5779 1267 5780 1266 5780 3211 5780 1268 5781 3212 5781 3213 5781 1268 5782 1267 5782 3212 5782 1269 5783 3213 5783 3214 5783 1269 5784 1268 5784 3213 5784 1270 5785 3214 5785 3215 5785 1270 5786 1269 5786 3214 5786 1271 5787 3215 5787 3216 5787 1271 5788 1270 5788 3215 5788 1272 5789 3216 5789 3217 5789 1272 5790 1271 5790 3216 5790 1239 5791 3217 5791 3218 5791 1239 5792 1272 5792 3217 5792 3219 5793 1239 5793 3218 5793 1238 5794 1239 5794 3219 5794 1240 5795 3219 5795 3220 5795 1240 5796 1238 5796 3219 5796 1241 5797 3220 5797 3221 5797 1241 5798 1240 5798 3220 5798 1242 5799 3221 5799 3222 5799 1242 5800 1241 5800 3221 5800 1243 5801 3222 5801 3223 5801 1243 5802 1242 5802 3222 5802 1244 5803 1243 5803 3223 5803 1244 5804 3223 5804 3224 5804 1245 5805 1244 5805 3224 5805 1245 5806 3224 5806 3225 5806 1246 5807 1245 5807 3225 5807 1246 5808 3225 5808 3226 5808 1247 5809 1246 5809 3226 5809 1247 5810 3226 5810 3227 5810 1248 5811 1247 5811 3227 5811 1248 5812 3227 5812 3228 5812 1249 5813 1248 5813 3228 5813 1249 5814 3228 5814 3229 5814 1204 5815 1249 5815 3229 5815 1204 5816 3229 5816 3230 5816 1204 5817 3230 5817 3231 5817 1204 5818 3231 5818 1169 5818 1194 5819 1169 5819 3231 5819 1194 5820 3231 5820 3232 5820 1193 5821 3232 5821 3233 5821 1193 5822 1194 5822 3232 5822 1201 5823 3233 5823 3234 5823 1201 5824 1193 5824 3233 5824 1203 5825 3234 5825 3235 5825 1203 5826 1201 5826 3234 5826 1202 5827 3235 5827 3236 5827 1202 5828 1203 5828 3235 5828 1209 5829 3236 5829 3237 5829 1209 5830 1202 5830 3236 5830 1210 5831 3237 5831 3238 5831 1210 5832 1209 5832 3237 5832 1208 5833 3238 5833 3239 5833 1208 5834 1210 5834 3238 5834 1217 5835 3239 5835 3240 5835 1217 5836 1208 5836 3239 5836 1218 5837 3240 5837 3241 5837 1218 5838 1217 5838 3240 5838 1222 5839 3241 5839 3242 5839 1222 5840 1218 5840 3241 5840 1221 5841 3242 5841 3243 5841 1221 5842 1222 5842 3242 5842 1228 5843 3243 5843 3244 5843 1228 5844 1221 5844 3243 5844 1229 5845 3244 5845 3245 5845 1229 5846 1228 5846 3244 5846 1230 5847 3245 5847 3246 5847 1230 5848 1229 5848 3245 5848 1227 5849 1230 5849 3246 5849 1227 5850 3246 5850 3247 5850 1226 5851 1227 5851 3247 5851 1226 5852 3247 5852 3248 5852 1226 5853 3248 5853 3249 5853 1223 5854 1226 5854 3249 5854 3250 5855 1223 5855 3249 5855 1219 5856 3250 5856 3251 5856 1219 5857 1223 5857 3250 5857 1220 5858 3251 5858 3252 5858 1220 5859 1219 5859 3251 5859 1215 5860 1220 5860 3252 5860 3253 5861 1215 5861 3252 5861 1212 5862 1215 5862 3253 5862 1213 5863 3253 5863 3254 5863 1213 5864 3254 5864 3255 5864 1213 5865 1212 5865 3253 5865 1211 5866 3255 5866 3256 5866 1211 5867 1213 5867 3255 5867 1205 5868 3256 5868 3257 5868 1205 5869 1211 5869 3256 5869 1200 5870 1205 5870 3257 5870 1198 5871 3257 5871 3258 5871 1198 5872 3258 5872 3259 5872 1198 5873 1200 5873 3257 5873 1195 5874 1198 5874 3259 5874 1195 5875 3259 5875 3260 5875 1192 5876 1195 5876 3260 5876 1174 5877 1192 5877 3260 5877 1174 5878 3260 5878 3261 5878 1174 5879 3261 5879 3262 5879 1163 5880 1174 5880 3262 5880 1163 5881 3262 5881 3263 5881 1161 5882 1163 5882 3263 5882 1162 5883 1161 5883 3263 5883 1162 5884 3263 5884 3264 5884 1162 5885 3264 5885 3265 5885 1160 5886 1162 5886 3265 5886 1159 5887 1160 5887 3265 5887 1159 5888 3265 5888 3266 5888 1157 5889 1159 5889 3266 5889 1157 5890 3266 5890 3267 5890 1157 5891 3267 5891 3268 5891 1158 5892 1157 5892 3268 5892 1155 5893 1158 5893 3268 5893 1155 5894 3268 5894 3269 5894 1153 5895 3269 5895 3270 5895 1153 5896 1155 5896 3269 5896 1154 5897 3270 5897 3271 5897 1154 5898 1153 5898 3270 5898 1151 5899 1154 5899 3271 5899 1151 5900 3271 5900 3272 5900 1151 5901 3272 5901 3273 5901 1152 5902 1151 5902 3273 5902 1149 5903 3273 5903 3274 5903 1149 5904 3274 5904 3275 5904 1149 5905 1152 5905 3273 5905 1150 5906 1149 5906 3275 5906 1148 5907 3275 5907 3276 5907 1148 5908 3276 5908 3277 5908 1148 5909 1150 5909 3275 5909 1173 5910 1148 5910 3277 5910 1196 5911 3277 5911 3278 5911 1196 5912 3278 5912 3279 5912 1196 5913 1173 5913 3277 5913 1139 5914 1196 5914 3279 5914 1137 5915 3279 5915 3280 5915 1137 5916 1139 5916 3279 5916 1130 5917 1137 5917 3280 5917 1130 5918 3280 5918 3281 5918 1128 5919 3281 5919 3282 5919 1128 5920 1130 5920 3281 5920 1127 5921 3282 5921 3283 5921 1127 5922 1128 5922 3282 5922 1124 5923 3283 5923 3284 5923 1124 5924 3284 5924 3285 5924 1124 5925 1127 5925 3283 5925 1125 5926 1124 5926 3285 5926 1116 5927 3285 5927 3286 5927 1116 5928 1125 5928 3285 5928 1114 5929 3286 5929 3287 5929 1114 5930 1116 5930 3286 5930 1111 5931 3287 5931 3288 5931 1111 5932 1114 5932 3287 5932 1112 5933 3288 5933 3289 5933 1112 5934 1111 5934 3288 5934 1110 5935 1112 5935 3289 5935 1110 5936 3289 5936 3290 5936 1113 5937 1110 5937 3290 5937 1113 5938 3290 5938 3291 5938 1126 5939 1113 5939 3291 5939 1126 5940 3291 5940 3292 5940 1129 5941 1126 5941 3292 5941 1129 5942 3292 5942 3293 5942 1131 5943 1129 5943 3293 5943 1131 5944 3293 5944 3294 5944 1090 5945 1131 5945 3294 5945 1090 5946 3294 5946 3295 5946 1090 5947 3295 5947 3296 5947 1086 5948 1090 5948 3296 5948 1084 5949 1086 5949 3296 5949 1084 5950 3296 5950 3297 5950 1085 5951 1084 5951 3297 5951 1085 5952 3297 5952 3298 5952 1085 5953 3298 5953 3299 5953 1078 5954 1085 5954 3299 5954 1078 5955 3299 5955 3300 5955 1073 5956 1078 5956 3300 5956 1073 5957 3300 5957 3301 5957 1074 5958 1073 5958 3301 5958 1072 5959 1074 5959 3301 5959 1072 5960 3301 5960 3302 5960 1087 5961 1072 5961 3302 5961 1087 5962 3302 5962 3303 5962 1132 5963 3303 5963 3304 5963 1132 5964 1087 5964 3303 5964 1133 5965 3304 5965 3305 5965 1133 5966 1132 5966 3304 5966 1136 5967 3305 5967 3306 5967 1136 5968 1133 5968 3305 5968 1138 5969 3306 5969 3307 5969 1138 5970 1136 5970 3306 5970 1214 5971 3307 5971 3308 5971 1214 5972 1138 5972 3307 5972 1225 5973 3308 5973 3309 5973 1225 5974 1214 5974 3308 5974 1077 5975 1225 5975 3309 5975 1077 5976 3309 5976 3310 5976 1075 5977 3310 5977 3311 5977 1075 5978 1077 5978 3310 5978 1076 5979 3311 5979 3312 5979 1076 5980 1075 5980 3311 5980 1081 5981 3312 5981 3313 5981 1081 5982 1076 5982 3312 5982 1082 5983 3313 5983 3314 5983 1082 5984 1081 5984 3313 5984 1097 5985 3314 5985 3315 5985 1097 5986 1082 5986 3314 5986 1095 5987 3315 5987 3316 5987 1095 5988 1097 5988 3315 5988 1098 5989 3316 5989 3317 5989 1098 5990 1095 5990 3316 5990 1099 5991 3317 5991 3318 5991 1099 5992 1098 5992 3317 5992 1096 5993 3318 5993 3319 5993 1096 5994 1099 5994 3318 5994 1102 5995 3319 5995 3320 5995 1102 5996 1096 5996 3319 5996 1171 5997 3320 5997 3321 5997 1171 5998 1102 5998 3320 5998 1109 5999 3321 5999 3322 5999 1109 6000 1171 6000 3321 6000 1107 6001 3322 6001 3323 6001 1107 6002 1109 6002 3322 6002 1108 6003 3323 6003 3324 6003 1108 6004 1107 6004 3323 6004 1172 6005 1108 6005 3324 6005 1172 6006 3324 6006 3325 6006 1170 6007 1172 6007 3325 6007 1170 6008 3325 6008 3326 6008 1106 6009 1170 6009 3326 6009 1106 6010 3326 6010 3327 6010 3328 6011 1106 6011 3327 6011 1105 6012 3328 6012 3329 6012 1105 6013 1106 6013 3328 6013 1103 6014 1105 6014 3329 6014 3330 6015 1103 6015 3329 6015 1094 6016 3330 6016 3331 6016 1094 6017 1103 6017 3330 6017 1092 6018 3331 6018 3332 6018 1092 6019 1094 6019 3331 6019 1089 6020 1092 6020 3332 6020 3333 6021 1089 6021 3332 6021 1083 6022 3333 6022 3334 6022 1083 6023 1089 6023 3333 6023 1079 6024 1083 6024 3334 6024 1070 6025 3334 6025 3335 6025 1070 6026 1079 6026 3334 6026 3336 6027 1070 6027 3335 6027 1068 6028 1070 6028 3336 6028 1066 6029 3336 6029 3337 6029 1066 6030 1068 6030 3336 6030 1050 6031 3337 6031 3338 6031 1050 6032 3338 6032 3339 6032 1050 6033 1066 6033 3337 6033 1045 6034 1050 6034 3339 6034 3340 6035 1045 6035 3339 6035 1034 6036 1045 6036 3340 6036 1029 6037 3340 6037 3341 6037 1029 6038 1034 6038 3340 6038 1026 6039 1029 6039 3341 6039 1026 6040 3341 6040 3342 6040 1024 6041 1026 6041 3342 6041 1024 6042 3342 6042 3343 6042 1022 6043 1024 6043 3343 6043 1022 6044 3343 6044 3344 6044 1020 6045 1022 6045 3344 6045 1020 6046 3344 6046 3345 6046 1018 6047 1020 6047 3345 6047 1018 6048 3345 6048 3346 6048 1015 6049 1018 6049 3346 6049 1015 6050 3346 6050 3347 6050 1013 6051 3347 6051 3348 6051 1013 6052 1015 6052 3347 6052 1011 6053 3348 6053 3349 6053 1011 6054 1013 6054 3348 6054 1014 6055 3349 6055 3350 6055 1014 6056 1011 6056 3349 6056 1016 6057 3350 6057 3351 6057 1016 6058 1014 6058 3350 6058 1019 6059 3351 6059 3352 6059 1019 6060 1016 6060 3351 6060 1021 6061 3352 6061 3353 6061 1021 6062 1019 6062 3352 6062 1023 6063 3353 6063 3354 6063 1023 6064 1021 6064 3353 6064 1025 6065 3354 6065 3355 6065 1025 6066 1023 6066 3354 6066 1028 6067 3355 6067 3356 6067 1028 6068 1025 6068 3355 6068 1030 6069 3356 6069 3357 6069 1030 6070 1028 6070 3356 6070 1035 6071 3357 6071 3358 6071 1035 6072 1030 6072 3357 6072 1047 6073 3358 6073 3359 6073 1047 6074 1035 6074 3358 6074 1065 6075 3359 6075 3360 6075 1065 6076 1047 6076 3359 6076 1067 6077 3360 6077 3361 6077 1067 6078 1065 6078 3360 6078 1069 6079 1067 6079 3361 6079 1069 6080 3361 6080 3362 6080 1071 6081 1069 6081 3362 6081 1071 6082 3362 6082 3363 6082 1080 6083 1071 6083 3363 6083 1080 6084 3363 6084 3364 6084 1088 6085 1080 6085 3364 6085 1088 6086 3364 6086 3365 6086 1091 6087 3365 6087 3366 6087 1091 6088 1088 6088 3365 6088 1093 6089 3366 6089 3367 6089 1093 6090 1091 6090 3366 6090 1101 6091 3367 6091 3368 6091 1101 6092 1093 6092 3367 6092 1104 6093 3368 6093 3369 6093 1104 6094 1101 6094 3368 6094 1300 6095 3369 6095 3370 6095 1300 6096 1104 6096 3369 6096 1299 6097 3370 6097 3371 6097 1299 6098 1300 6098 3370 6098 1298 6099 3371 6099 3372 6099 1298 6100 1299 6100 3371 6100 1291 6101 3372 6101 3373 6101 1291 6102 1298 6102 3372 6102 1292 6103 3373 6103 3374 6103 1292 6104 1291 6104 3373 6104 1293 6105 3374 6105 3375 6105 1293 6106 1292 6106 3374 6106 1294 6107 3375 6107 3376 6107 1294 6108 1293 6108 3375 6108 1295 6109 3376 6109 3377 6109 1295 6110 1294 6110 3376 6110 1296 6111 3377 6111 3378 6111 1296 6112 1295 6112 3377 6112 1297 6113 3378 6113 3379 6113 1297 6114 1296 6114 3378 6114 3380 6115 1297 6115 3379 6115 1183 6116 3380 6116 3381 6116 1183 6117 1297 6117 3380 6117 1182 6118 3381 6118 3382 6118 1182 6119 1183 6119 3381 6119 1184 6120 1182 6120 3382 6120 3383 6121 1184 6121 3382 6121 1185 6122 3383 6122 3384 6122 1185 6123 1184 6123 3383 6123 1186 6124 3384 6124 3385 6124 1186 6125 1185 6125 3384 6125 1187 6126 3385 6126 3386 6126 1187 6127 1186 6127 3385 6127 1188 6128 1187 6128 3386 6128 1188 6129 3386 6129 3387 6129 1189 6130 1188 6130 3387 6130 1189 6131 3387 6131 3388 6131 1190 6132 1189 6132 3388 6132 1190 6133 3388 6133 3389 6133 1177 6134 1190 6134 3389 6134 1177 6135 3389 6135 3390 6135 1175 6136 1177 6136 3390 6136 1175 6137 3390 6137 3391 6137 1178 6138 1175 6138 3391 6138 1178 6139 3391 6139 3392 6139 1179 6140 1178 6140 3392 6140 1179 6141 3392 6141 3393 6141 1180 6142 1179 6142 3393 6142 1181 6143 1180 6143 3393 6143 1181 6144 3393 6144 3394 6144 3395 6145 1181 6145 3394 6145 1191 6146 1181 6146 3395 6146 1197 6147 1191 6147 3395 6147 1197 6148 3395 6148 3396 6148 1199 6149 1197 6149 3396 6149 1199 6150 3396 6150 3397 6150 1206 6151 1199 6151 3397 6151 1206 6152 3397 6152 3398 6152 1206 6153 3398 6153 3399 6153 1207 6154 1206 6154 3399 6154 1216 6155 3399 6155 3400 6155 1216 6156 1207 6156 3399 6156 1224 6157 1216 6157 3400 6157 1224 6158 3400 6158 3401 6158 1255 6159 3401 6159 3402 6159 1255 6160 1224 6160 3401 6160 1256 6161 3402 6161 3403 6161 1256 6162 1255 6162 3402 6162 1257 6163 3403 6163 3404 6163 1257 6164 1256 6164 3403 6164 1258 6165 3404 6165 3405 6165 1258 6166 1257 6166 3404 6166 1259 6167 3405 6167 3406 6167 1259 6168 1258 6168 3405 6168 1260 6169 3406 6169 3407 6169 1260 6170 1259 6170 3406 6170 1261 6171 3407 6171 3408 6171 1261 6172 1260 6172 3407 6172 1262 6173 3408 6173 3409 6173 1262 6174 1261 6174 3408 6174 1263 6175 3409 6175 3410 6175 1263 6176 1262 6176 3409 6176 1264 6177 3410 6177 3411 6177 1264 6178 1263 6178 3410 6178 1265 6179 3411 6179 3210 6179 1265 6180 1264 6180 3411 6180 3277 6181 3381 6181 3380 6181 3276 6182 3382 6182 3381 6182 3276 6183 3381 6183 3277 6183 3278 6184 3277 6184 3380 6184 3279 6185 3380 6185 3379 6185 3279 6186 3278 6186 3380 6186 3275 6187 3383 6187 3382 6187 3275 6188 3382 6188 3276 6188 3280 6189 3279 6189 3379 6189 3280 6190 3379 6190 3378 6190 3274 6191 3384 6191 3383 6191 3274 6192 3385 6192 3384 6192 3274 6193 3383 6193 3275 6193 3273 6194 3386 6194 3385 6194 3273 6195 3385 6195 3274 6195 3281 6196 3377 6196 3376 6196 3281 6197 3378 6197 3377 6197 3281 6198 3280 6198 3378 6198 3272 6199 3387 6199 3386 6199 3272 6200 3386 6200 3273 6200 3282 6201 3376 6201 3375 6201 3282 6202 3281 6202 3376 6202 3271 6203 3388 6203 3387 6203 3271 6204 3387 6204 3272 6204 3283 6205 3375 6205 3374 6205 3283 6206 3282 6206 3375 6206 3270 6207 3389 6207 3388 6207 3270 6208 3388 6208 3271 6208 3284 6209 3283 6209 3374 6209 3284 6210 3374 6210 3373 6210 3269 6211 3389 6211 3270 6211 3269 6212 3390 6212 3389 6212 3269 6213 3391 6213 3390 6213 3285 6214 3372 6214 3371 6214 3285 6215 3373 6215 3372 6215 3285 6216 3284 6216 3373 6216 3268 6217 3391 6217 3269 6217 3268 6218 3392 6218 3391 6218 3286 6219 3285 6219 3371 6219 3286 6220 3371 6220 3370 6220 3267 6221 3393 6221 3392 6221 3267 6222 3392 6222 3268 6222 3287 6223 3286 6223 3370 6223 3287 6224 3370 6224 3369 6224 3266 6225 3394 6225 3393 6225 3266 6226 3393 6226 3267 6226 3288 6227 3287 6227 3369 6227 3288 6228 3369 6228 3368 6228 3265 6229 3394 6229 3266 6229 3265 6230 3395 6230 3394 6230 3289 6231 3288 6231 3368 6231 3289 6232 3368 6232 3367 6232 3264 6233 3396 6233 3395 6233 3264 6234 3395 6234 3265 6234 3263 6235 3397 6235 3396 6235 3263 6236 3396 6236 3264 6236 3290 6237 3289 6237 3367 6237 3290 6238 3366 6238 3365 6238 3290 6239 3367 6239 3366 6239 3262 6240 3397 6240 3263 6240 3262 6241 3398 6241 3397 6241 3291 6242 3290 6242 3365 6242 3291 6243 3365 6243 3364 6243 3261 6244 3398 6244 3262 6244 3261 6245 3399 6245 3398 6245 3292 6246 3291 6246 3364 6246 3260 6247 3399 6247 3261 6247 3260 6248 3400 6248 3399 6248 3293 6249 3363 6249 3362 6249 3293 6250 3364 6250 3363 6250 3293 6251 3292 6251 3364 6251 3259 6252 3401 6252 3400 6252 3259 6253 3400 6253 3260 6253 3294 6254 3293 6254 3362 6254 3294 6255 3362 6255 3361 6255 3258 6256 3402 6256 3401 6256 3258 6257 3401 6257 3259 6257 3295 6258 3294 6258 3361 6258 3295 6259 3361 6259 3360 6259 3257 6260 3403 6260 3402 6260 3257 6261 3404 6261 3403 6261 3257 6262 3402 6262 3258 6262 3296 6263 3295 6263 3360 6263 3296 6264 3359 6264 3358 6264 3296 6265 3360 6265 3359 6265 3256 6266 3405 6266 3404 6266 3256 6267 3404 6267 3257 6267 3297 6268 3358 6268 3357 6268 3297 6269 3296 6269 3358 6269 3255 6270 3406 6270 3405 6270 3255 6271 3405 6271 3256 6271 3298 6272 3357 6272 3356 6272 3298 6273 3297 6273 3357 6273 3254 6274 3407 6274 3406 6274 3254 6275 3406 6275 3255 6275 3299 6276 3298 6276 3356 6276 3299 6277 3356 6277 3355 6277 3253 6278 3408 6278 3407 6278 3253 6279 3407 6279 3254 6279 3300 6280 3299 6280 3355 6280 3300 6281 3355 6281 3354 6281 3252 6282 3409 6282 3408 6282 3252 6283 3408 6283 3253 6283 3301 6284 3354 6284 3353 6284 3301 6285 3300 6285 3354 6285 3251 6286 3409 6286 3252 6286 3251 6287 3410 6287 3409 6287 3302 6288 3301 6288 3353 6288 3302 6289 3353 6289 3352 6289 3351 6290 3302 6290 3352 6290 3250 6291 3410 6291 3251 6291 3250 6292 3411 6292 3410 6292 3303 6293 3302 6293 3351 6293 3350 6294 3303 6294 3351 6294 3249 6295 3411 6295 3250 6295 3249 6296 3210 6296 3411 6296 3304 6297 3303 6297 3350 6297 3248 6298 3210 6298 3249 6298 3349 6299 3304 6299 3350 6299 3211 6300 3210 6300 3248 6300 3305 6301 3304 6301 3349 6301 3247 6302 3211 6302 3248 6302 3348 6303 3305 6303 3349 6303 3306 6304 3305 6304 3348 6304 3212 6305 3211 6305 3247 6305 3246 6306 3212 6306 3247 6306 3347 6307 3307 6307 3306 6307 3347 6308 3306 6308 3348 6308 3308 6309 3307 6309 3347 6309 3213 6310 3212 6310 3246 6310 3245 6311 3213 6311 3246 6311 3214 6312 3213 6312 3245 6312 3214 6313 3245 6313 3244 6313 3346 6314 3309 6314 3308 6314 3346 6315 3308 6315 3347 6315 3215 6316 3214 6316 3244 6316 3215 6317 3244 6317 3243 6317 3345 6318 3309 6318 3346 6318 3310 6319 3309 6319 3345 6319 3216 6320 3215 6320 3243 6320 3216 6321 3243 6321 3242 6321 3344 6322 3310 6322 3345 6322 3217 6323 3216 6323 3242 6323 3217 6324 3242 6324 3241 6324 3343 6325 3311 6325 3310 6325 3343 6326 3310 6326 3344 6326 3218 6327 3241 6327 3240 6327 3218 6328 3217 6328 3241 6328 3342 6329 3312 6329 3311 6329 3342 6330 3311 6330 3343 6330 3219 6331 3218 6331 3240 6331 3219 6332 3240 6332 3239 6332 3341 6333 3312 6333 3342 6333 3341 6334 3313 6334 3312 6334 3220 6335 3219 6335 3239 6335 3340 6336 3314 6336 3313 6336 3340 6337 3313 6337 3341 6337 3221 6338 3220 6338 3239 6338 3221 6339 3239 6339 3238 6339 3222 6340 3221 6340 3238 6340 3222 6341 3238 6341 3237 6341 3339 6342 3315 6342 3314 6342 3339 6343 3314 6343 3340 6343 3223 6344 3222 6344 3237 6344 3223 6345 3237 6345 3236 6345 3338 6346 3316 6346 3315 6346 3338 6347 3315 6347 3339 6347 3224 6348 3223 6348 3236 6348 3224 6349 3236 6349 3235 6349 3337 6350 3317 6350 3316 6350 3337 6351 3316 6351 3338 6351 3225 6352 3224 6352 3235 6352 3225 6353 3235 6353 3234 6353 3336 6354 3318 6354 3317 6354 3336 6355 3317 6355 3337 6355 3226 6356 3225 6356 3234 6356 3226 6357 3234 6357 3233 6357 3335 6358 3319 6358 3318 6358 3335 6359 3318 6359 3336 6359 3227 6360 3226 6360 3233 6360 3334 6361 3320 6361 3319 6361 3334 6362 3319 6362 3335 6362 3228 6363 3227 6363 3233 6363 3228 6364 3233 6364 3232 6364 3333 6365 3320 6365 3334 6365 3229 6366 3232 6366 3231 6366 3229 6367 3228 6367 3232 6367 3230 6368 3229 6368 3231 6368 3332 6369 3321 6369 3320 6369 3332 6370 3320 6370 3333 6370 3331 6371 3322 6371 3321 6371 3331 6372 3321 6372 3332 6372 3330 6373 3323 6373 3322 6373 3330 6374 3322 6374 3331 6374 3329 6375 3324 6375 3323 6375 3329 6376 3325 6376 3324 6376 3329 6377 3323 6377 3330 6377 3328 6378 3326 6378 3325 6378 3328 6379 3325 6379 3329 6379 3327 6380 3326 6380 3328 6380 1237 6381 1140 6381 3412 6381 1237 6382 3412 6382 3413 6382 1235 6383 1237 6383 3413 6383 1235 6384 3413 6384 3414 6384 1236 6385 1235 6385 3414 6385 1236 6386 3414 6386 3415 6386 1234 6387 1236 6387 3415 6387 1234 6388 3415 6388 3416 6388 1231 6389 1234 6389 3416 6389 1231 6390 3416 6390 3417 6390 1232 6391 1231 6391 3417 6391 1232 6392 3417 6392 3418 6392 1037 6393 1232 6393 3418 6393 1037 6394 3418 6394 3419 6394 1048 6395 1037 6395 3419 6395 1048 6396 3419 6396 3420 6396 1140 6397 1048 6397 3420 6397 1140 6398 3420 6398 3412 6398 3416 6399 3415 6399 3417 6399 3417 6400 3415 6400 3418 6400 3418 6401 3412 6401 3419 6401 3415 6402 3412 6402 3418 6402 3412 6403 3420 6403 3419 6403 3414 6404 3413 6404 3415 6404 3415 6405 3413 6405 3412 6405 140 6406 142 6406 3421 6406 140 6407 3421 6407 3422 6407 137 6408 3422 6408 3423 6408 137 6409 140 6409 3422 6409 135 6410 3423 6410 3424 6410 135 6411 137 6411 3423 6411 131 6412 3424 6412 3425 6412 131 6413 135 6413 3424 6413 128 6414 3425 6414 3426 6414 128 6415 131 6415 3425 6415 129 6416 3426 6416 3427 6416 129 6417 128 6417 3426 6417 132 6418 3427 6418 3428 6418 132 6419 129 6419 3427 6419 133 6420 3428 6420 3429 6420 133 6421 132 6421 3428 6421 136 6422 3429 6422 3430 6422 136 6423 133 6423 3429 6423 138 6424 3430 6424 3431 6424 138 6425 136 6425 3430 6425 141 6426 3431 6426 3432 6426 141 6427 138 6427 3431 6427 143 6428 3432 6428 3433 6428 143 6429 141 6429 3432 6429 145 6430 3433 6430 3434 6430 145 6431 143 6431 3433 6431 148 6432 145 6432 3434 6432 148 6433 3434 6433 3435 6433 148 6434 3435 6434 3436 6434 150 6435 148 6435 3436 6435 154 6436 150 6436 3436 6436 154 6437 3436 6437 3437 6437 156 6438 154 6438 3437 6438 156 6439 3437 6439 3438 6439 160 6440 156 6440 3438 6440 160 6441 3438 6441 3439 6441 163 6442 160 6442 3439 6442 163 6443 3439 6443 3440 6443 170 6444 163 6444 3440 6444 170 6445 3440 6445 3441 6445 177 6446 170 6446 3441 6446 177 6447 3441 6447 3442 6447 225 6448 177 6448 3442 6448 225 6449 3442 6449 3443 6449 223 6450 225 6450 3443 6450 223 6451 3443 6451 3444 6451 221 6452 3444 6452 3445 6452 221 6453 223 6453 3444 6453 220 6454 3445 6454 3446 6454 220 6455 221 6455 3445 6455 217 6456 3446 6456 3447 6456 217 6457 220 6457 3446 6457 215 6458 3447 6458 3448 6458 215 6459 3448 6459 3449 6459 215 6460 217 6460 3447 6460 218 6461 215 6461 3449 6461 214 6462 3449 6462 3450 6462 214 6463 218 6463 3449 6463 213 6464 3450 6464 3451 6464 213 6465 214 6465 3450 6465 174 6466 3451 6466 3452 6466 174 6467 213 6467 3451 6467 173 6468 3452 6468 3453 6468 173 6469 174 6469 3452 6469 168 6470 3453 6470 3454 6470 168 6471 3454 6471 3455 6471 168 6472 173 6472 3453 6472 166 6473 168 6473 3455 6473 169 6474 3455 6474 3456 6474 169 6475 166 6475 3455 6475 167 6476 3456 6476 3457 6476 167 6477 169 6477 3456 6477 175 6478 3457 6478 3458 6478 175 6479 167 6479 3457 6479 172 6480 175 6480 3458 6480 172 6481 3458 6481 3459 6481 209 6482 3459 6482 3460 6482 209 6483 172 6483 3459 6483 208 6484 3460 6484 3461 6484 208 6485 209 6485 3460 6485 210 6486 3461 6486 3462 6486 210 6487 208 6487 3461 6487 211 6488 3462 6488 3463 6488 211 6489 210 6489 3462 6489 205 6490 3463 6490 3464 6490 205 6491 211 6491 3463 6491 204 6492 3464 6492 3465 6492 204 6493 205 6493 3464 6493 206 6494 3465 6494 3466 6494 206 6495 204 6495 3465 6495 192 6496 3466 6496 3467 6496 192 6497 206 6497 3466 6497 190 6498 3467 6498 3468 6498 190 6499 3468 6499 3469 6499 190 6500 192 6500 3467 6500 188 6501 190 6501 3469 6501 189 6502 3469 6502 3470 6502 189 6503 188 6503 3469 6503 191 6504 3470 6504 3471 6504 191 6505 189 6505 3470 6505 193 6506 3471 6506 3472 6506 193 6507 191 6507 3471 6507 194 6508 193 6508 3472 6508 194 6509 3472 6509 3473 6509 197 6510 194 6510 3473 6510 197 6511 3473 6511 3474 6511 195 6512 197 6512 3474 6512 195 6513 3474 6513 3475 6513 198 6514 195 6514 3475 6514 198 6515 3475 6515 3476 6515 196 6516 198 6516 3476 6516 196 6517 3476 6517 3477 6517 199 6518 3477 6518 3478 6518 199 6519 196 6519 3477 6519 200 6520 3478 6520 3479 6520 200 6521 199 6521 3478 6521 201 6522 3479 6522 3480 6522 201 6523 200 6523 3479 6523 202 6524 3480 6524 3481 6524 202 6525 201 6525 3480 6525 203 6526 3481 6526 3482 6526 203 6527 202 6527 3481 6527 207 6528 3482 6528 3483 6528 207 6529 203 6529 3482 6529 3484 6530 207 6530 3483 6530 212 6531 3484 6531 3485 6531 212 6532 207 6532 3484 6532 216 6533 212 6533 3485 6533 3486 6534 216 6534 3485 6534 219 6535 216 6535 3486 6535 3487 6536 219 6536 3486 6536 222 6537 219 6537 3487 6537 3488 6538 222 6538 3487 6538 224 6539 222 6539 3488 6539 3489 6540 224 6540 3488 6540 226 6541 224 6541 3489 6541 3490 6542 226 6542 3489 6542 227 6543 226 6543 3490 6543 247 6544 227 6544 3490 6544 247 6545 3490 6545 3491 6545 248 6546 3491 6546 3492 6546 248 6547 247 6547 3491 6547 249 6548 3492 6548 3493 6548 249 6549 3493 6549 3494 6549 249 6550 248 6550 3492 6550 250 6551 3494 6551 3495 6551 250 6552 249 6552 3494 6552 251 6553 250 6553 3495 6553 256 6554 3495 6554 3496 6554 256 6555 251 6555 3495 6555 3497 6556 256 6556 3496 6556 257 6557 3497 6557 3498 6557 257 6558 256 6558 3497 6558 258 6559 257 6559 3498 6559 259 6560 3498 6560 3499 6560 259 6561 3499 6561 3500 6561 259 6562 258 6562 3498 6562 260 6563 259 6563 3500 6563 261 6564 3500 6564 3501 6564 261 6565 260 6565 3500 6565 262 6566 3501 6566 3502 6566 262 6567 261 6567 3501 6567 263 6568 3502 6568 3503 6568 263 6569 262 6569 3502 6569 264 6570 3503 6570 3504 6570 264 6571 3504 6571 3505 6571 264 6572 263 6572 3503 6572 265 6573 3505 6573 3506 6573 265 6574 264 6574 3505 6574 266 6575 265 6575 3506 6575 268 6576 266 6576 3506 6576 268 6577 3506 6577 3507 6577 429 6578 3507 6578 3508 6578 429 6579 268 6579 3507 6579 428 6580 3508 6580 3509 6580 428 6581 429 6581 3508 6581 421 6582 3509 6582 3510 6582 421 6583 428 6583 3509 6583 420 6584 3510 6584 3511 6584 420 6585 421 6585 3510 6585 412 6586 3511 6586 3512 6586 412 6587 420 6587 3511 6587 410 6588 3512 6588 3513 6588 410 6589 412 6589 3512 6589 413 6590 3513 6590 3514 6590 413 6591 410 6591 3513 6591 414 6592 3514 6592 3515 6592 414 6593 413 6593 3514 6593 416 6594 3515 6594 3516 6594 416 6595 414 6595 3515 6595 417 6596 416 6596 3516 6596 417 6597 3516 6597 3517 6597 418 6598 417 6598 3517 6598 418 6599 3517 6599 3518 6599 423 6600 418 6600 3518 6600 423 6601 3518 6601 3519 6601 424 6602 423 6602 3519 6602 424 6603 3519 6603 3520 6603 431 6604 424 6604 3520 6604 431 6605 3520 6605 3521 6605 432 6606 431 6606 3521 6606 432 6607 3521 6607 3522 6607 433 6608 432 6608 3522 6608 433 6609 3522 6609 3523 6609 434 6610 433 6610 3523 6610 434 6611 3523 6611 3524 6611 439 6612 434 6612 3524 6612 439 6613 3524 6613 3525 6613 440 6614 439 6614 3525 6614 440 6615 3525 6615 3526 6615 441 6616 440 6616 3526 6616 441 6617 3526 6617 3527 6617 446 6618 441 6618 3527 6618 446 6619 3527 6619 3528 6619 448 6620 446 6620 3528 6620 448 6621 3528 6621 3529 6621 449 6622 3529 6622 3530 6622 449 6623 448 6623 3529 6623 456 6624 3530 6624 3531 6624 456 6625 3531 6625 3532 6625 456 6626 449 6626 3530 6626 458 6627 3532 6627 3533 6627 458 6628 456 6628 3532 6628 459 6629 458 6629 3533 6629 460 6630 459 6630 3533 6630 460 6631 3533 6631 3534 6631 469 6632 3534 6632 3535 6632 469 6633 460 6633 3534 6633 470 6634 3535 6634 3536 6634 470 6635 469 6635 3535 6635 471 6636 3536 6636 3537 6636 471 6637 470 6637 3536 6637 474 6638 3537 6638 3538 6638 474 6639 471 6639 3537 6639 476 6640 3538 6640 3539 6640 476 6641 474 6641 3538 6641 477 6642 3539 6642 3540 6642 477 6643 476 6643 3539 6643 328 6644 3540 6644 3541 6644 328 6645 477 6645 3540 6645 327 6646 3541 6646 3542 6646 327 6647 328 6647 3541 6647 329 6648 3542 6648 3543 6648 329 6649 327 6649 3542 6649 330 6650 3543 6650 3544 6650 330 6651 329 6651 3543 6651 331 6652 3544 6652 3545 6652 331 6653 330 6653 3544 6653 332 6654 3545 6654 3546 6654 332 6655 331 6655 3545 6655 333 6656 3546 6656 3547 6656 333 6657 332 6657 3546 6657 334 6658 3547 6658 3548 6658 334 6659 333 6659 3547 6659 335 6660 334 6660 3548 6660 335 6661 3548 6661 3549 6661 317 6662 335 6662 3549 6662 317 6663 3549 6663 3550 6663 276 6664 317 6664 3550 6664 276 6665 3550 6665 3551 6665 285 6666 276 6666 3551 6666 285 6667 3551 6667 3552 6667 287 6668 3552 6668 3553 6668 287 6669 285 6669 3552 6669 291 6670 3553 6670 3554 6670 291 6671 287 6671 3553 6671 293 6672 3554 6672 3555 6672 293 6673 291 6673 3554 6673 298 6674 3555 6674 3556 6674 298 6675 293 6675 3555 6675 303 6676 3556 6676 3557 6676 303 6677 298 6677 3556 6677 308 6678 3557 6678 3558 6678 308 6679 303 6679 3557 6679 311 6680 3558 6680 3559 6680 311 6681 308 6681 3558 6681 314 6682 3559 6682 3560 6682 314 6683 311 6683 3559 6683 315 6684 3560 6684 3561 6684 315 6685 314 6685 3560 6685 313 6686 3561 6686 3562 6686 313 6687 315 6687 3561 6687 310 6688 3562 6688 3563 6688 310 6689 313 6689 3562 6689 306 6690 3563 6690 3564 6690 306 6691 310 6691 3563 6691 299 6692 306 6692 3564 6692 299 6693 3564 6693 3565 6693 297 6694 3565 6694 3566 6694 297 6695 299 6695 3565 6695 289 6696 3566 6696 3567 6696 289 6697 297 6697 3566 6697 290 6698 3567 6698 3568 6698 290 6699 289 6699 3567 6699 288 6700 3568 6700 3569 6700 288 6701 290 6701 3568 6701 284 6702 3569 6702 3570 6702 284 6703 288 6703 3569 6703 282 6704 3570 6704 3571 6704 282 6705 284 6705 3570 6705 274 6706 3571 6706 3572 6706 274 6707 282 6707 3571 6707 273 6708 3572 6708 3573 6708 273 6709 274 6709 3572 6709 272 6710 3573 6710 3574 6710 272 6711 273 6711 3573 6711 270 6712 3574 6712 3575 6712 270 6713 272 6713 3574 6713 271 6714 3575 6714 3576 6714 271 6715 3576 6715 3577 6715 271 6716 270 6716 3575 6716 269 6717 271 6717 3577 6717 283 6718 3577 6718 3578 6718 283 6719 269 6719 3577 6719 283 6720 3578 6720 3579 6720 296 6721 283 6721 3579 6721 300 6722 3579 6722 3580 6722 300 6723 3580 6723 3581 6723 300 6724 296 6724 3579 6724 301 6725 3581 6725 3582 6725 301 6726 300 6726 3581 6726 302 6727 301 6727 3582 6727 305 6728 3582 6728 3583 6728 305 6729 302 6729 3582 6729 307 6730 3583 6730 3584 6730 307 6731 3584 6731 3585 6731 307 6732 305 6732 3583 6732 309 6733 307 6733 3585 6733 312 6734 3585 6734 3586 6734 312 6735 309 6735 3585 6735 304 6736 3586 6736 3587 6736 304 6737 3587 6737 3588 6737 304 6738 312 6738 3586 6738 295 6739 3588 6739 3589 6739 295 6740 304 6740 3588 6740 294 6741 295 6741 3589 6741 294 6742 3589 6742 3590 6742 292 6743 3590 6743 3591 6743 292 6744 294 6744 3590 6744 286 6745 292 6745 3591 6745 3592 6746 286 6746 3591 6746 281 6747 286 6747 3592 6747 277 6748 3592 6748 3593 6748 277 6749 281 6749 3592 6749 275 6750 277 6750 3593 6750 275 6751 3593 6751 3594 6751 278 6752 3594 6752 3595 6752 278 6753 275 6753 3594 6753 279 6754 3595 6754 3596 6754 279 6755 278 6755 3595 6755 280 6756 3596 6756 3597 6756 280 6757 279 6757 3596 6757 316 6758 3597 6758 3598 6758 316 6759 280 6759 3597 6759 318 6760 3598 6760 3599 6760 318 6761 316 6761 3598 6761 319 6762 3599 6762 3600 6762 319 6763 318 6763 3599 6763 320 6764 3600 6764 3601 6764 320 6765 3601 6765 3602 6765 320 6766 319 6766 3600 6766 322 6767 320 6767 3602 6767 323 6768 3602 6768 3603 6768 323 6769 322 6769 3602 6769 324 6770 3603 6770 3604 6770 324 6771 323 6771 3603 6771 325 6772 3604 6772 3605 6772 325 6773 3605 6773 3606 6773 325 6774 324 6774 3604 6774 230 6775 325 6775 3606 6775 228 6776 3606 6776 3607 6776 228 6777 230 6777 3606 6777 231 6778 3607 6778 3608 6778 231 6779 228 6779 3607 6779 232 6780 231 6780 3608 6780 232 6781 3608 6781 3609 6781 236 6782 232 6782 3609 6782 236 6783 3609 6783 3610 6783 237 6784 3610 6784 3611 6784 237 6785 236 6785 3610 6785 238 6786 3611 6786 3612 6786 238 6787 237 6787 3611 6787 239 6788 3612 6788 3613 6788 239 6789 238 6789 3612 6789 240 6790 3613 6790 3614 6790 240 6791 239 6791 3613 6791 241 6792 3614 6792 3615 6792 241 6793 240 6793 3614 6793 242 6794 3615 6794 3616 6794 242 6795 241 6795 3615 6795 243 6796 3616 6796 3617 6796 243 6797 3617 6797 3618 6797 243 6798 242 6798 3616 6798 244 6799 243 6799 3618 6799 245 6800 244 6800 3618 6800 245 6801 3618 6801 3619 6801 246 6802 245 6802 3619 6802 246 6803 3619 6803 3620 6803 187 6804 246 6804 3620 6804 187 6805 3620 6805 3621 6805 186 6806 187 6806 3621 6806 186 6807 3621 6807 3622 6807 185 6808 186 6808 3622 6808 185 6809 3622 6809 3623 6809 185 6810 3623 6810 3624 6810 184 6811 185 6811 3624 6811 183 6812 184 6812 3624 6812 183 6813 3624 6813 3625 6813 176 6814 183 6814 3625 6814 176 6815 3625 6815 3626 6815 176 6816 3626 6816 3627 6816 171 6817 176 6817 3627 6817 165 6818 171 6818 3627 6818 165 6819 3627 6819 3628 6819 162 6820 165 6820 3628 6820 162 6821 3628 6821 3629 6821 162 6822 3629 6822 3630 6822 161 6823 162 6823 3630 6823 161 6824 3630 6824 3631 6824 158 6825 3631 6825 3632 6825 158 6826 161 6826 3631 6826 157 6827 3632 6827 3633 6827 157 6828 158 6828 3632 6828 155 6829 157 6829 3633 6829 153 6830 3633 6830 3634 6830 153 6831 155 6831 3633 6831 152 6832 3634 6832 3635 6832 152 6833 153 6833 3634 6833 149 6834 3635 6834 3636 6834 149 6835 3636 6835 3637 6835 149 6836 152 6836 3635 6836 146 6837 149 6837 3637 6837 144 6838 3637 6838 3638 6838 144 6839 146 6839 3637 6839 142 6840 3638 6840 3421 6840 142 6841 144 6841 3638 6841 3576 6842 3511 6842 3510 6842 3576 6843 3512 6843 3511 6843 3575 6844 3513 6844 3512 6844 3575 6845 3514 6845 3513 6845 3575 6846 3515 6846 3514 6846 3575 6847 3512 6847 3576 6847 3577 6848 3508 6848 3507 6848 3577 6849 3509 6849 3508 6849 3577 6850 3510 6850 3509 6850 3577 6851 3576 6851 3510 6851 3574 6852 3516 6852 3515 6852 3574 6853 3517 6853 3516 6853 3574 6854 3515 6854 3575 6854 3578 6855 3507 6855 3506 6855 3578 6856 3577 6856 3507 6856 3573 6857 3518 6857 3517 6857 3573 6858 3517 6858 3574 6858 3579 6859 3505 6859 3504 6859 3579 6860 3506 6860 3505 6860 3579 6861 3578 6861 3506 6861 3572 6862 3518 6862 3573 6862 3572 6863 3519 6863 3518 6863 3572 6864 3520 6864 3519 6864 3580 6865 3504 6865 3503 6865 3580 6866 3579 6866 3504 6866 3581 6867 3580 6867 3503 6867 3581 6868 3502 6868 3501 6868 3581 6869 3503 6869 3502 6869 3571 6870 3521 6870 3520 6870 3571 6871 3522 6871 3521 6871 3571 6872 3520 6872 3572 6872 3570 6873 3523 6873 3522 6873 3570 6874 3524 6874 3523 6874 3570 6875 3522 6875 3571 6875 3582 6876 3581 6876 3501 6876 3582 6877 3501 6877 3500 6877 3569 6878 3525 6878 3524 6878 3569 6879 3524 6879 3570 6879 3583 6880 3582 6880 3500 6880 3583 6881 3499 6881 3498 6881 3583 6882 3500 6882 3499 6882 3568 6883 3526 6883 3525 6883 3568 6884 3525 6884 3569 6884 3584 6885 3498 6885 3497 6885 3584 6886 3583 6886 3498 6886 3567 6887 3526 6887 3568 6887 3567 6888 3527 6888 3526 6888 3567 6889 3528 6889 3527 6889 3585 6890 3584 6890 3497 6890 3585 6891 3497 6891 3496 6891 3586 6892 3496 6892 3495 6892 3586 6893 3585 6893 3496 6893 3566 6894 3528 6894 3567 6894 3566 6895 3529 6895 3528 6895 3566 6896 3530 6896 3529 6896 3587 6897 3586 6897 3495 6897 3587 6898 3495 6898 3494 6898 3565 6899 3530 6899 3566 6899 3565 6900 3531 6900 3530 6900 3565 6901 3532 6901 3531 6901 3588 6902 3587 6902 3494 6902 3588 6903 3494 6903 3493 6903 3443 6904 3442 6904 3441 6904 3564 6905 3532 6905 3565 6905 3564 6906 3533 6906 3532 6906 3589 6907 3588 6907 3493 6907 3589 6908 3493 6908 3492 6908 3590 6909 3589 6909 3492 6909 3563 6910 3534 6910 3533 6910 3563 6911 3535 6911 3534 6911 3563 6912 3533 6912 3564 6912 3444 6913 3441 6913 3440 6913 3444 6914 3443 6914 3441 6914 3591 6915 3492 6915 3491 6915 3591 6916 3590 6916 3492 6916 3562 6917 3536 6917 3535 6917 3562 6918 3535 6918 3563 6918 3537 6919 3536 6919 3562 6919 3445 6920 3440 6920 3439 6920 3445 6921 3444 6921 3440 6921 3561 6922 3538 6922 3537 6922 3561 6923 3537 6923 3562 6923 3539 6924 3538 6924 3561 6924 3446 6925 3439 6925 3438 6925 3446 6926 3445 6926 3439 6926 3560 6927 3539 6927 3561 6927 3447 6928 3438 6928 3437 6928 3447 6929 3446 6929 3438 6929 3540 6930 3560 6930 3559 6930 3540 6931 3539 6931 3560 6931 3592 6932 3591 6932 3491 6932 3448 6933 3437 6933 3436 6933 3448 6934 3447 6934 3437 6934 3490 6935 3592 6935 3491 6935 3541 6936 3540 6936 3559 6936 3449 6937 3448 6937 3436 6937 3449 6938 3436 6938 3435 6938 3542 6939 3559 6939 3558 6939 3542 6940 3541 6940 3559 6940 3450 6941 3435 6941 3434 6941 3450 6942 3449 6942 3435 6942 3451 6943 3450 6943 3434 6943 3451 6944 3433 6944 3432 6944 3451 6945 3434 6945 3433 6945 3543 6946 3558 6946 3557 6946 3543 6947 3542 6947 3558 6947 3452 6948 3451 6948 3432 6948 3452 6949 3432 6949 3431 6949 3544 6950 3543 6950 3557 6950 3593 6951 3592 6951 3490 6951 3593 6952 3490 6952 3489 6952 3453 6953 3430 6953 3429 6953 3453 6954 3431 6954 3430 6954 3453 6955 3452 6955 3431 6955 3545 6956 3556 6956 3555 6956 3545 6957 3557 6957 3556 6957 3545 6958 3544 6958 3557 6958 3454 6959 3429 6959 3428 6959 3454 6960 3453 6960 3429 6960 3546 6961 3545 6961 3555 6961 3546 6962 3555 6962 3554 6962 3455 6963 3428 6963 3427 6963 3455 6964 3454 6964 3428 6964 3426 6965 3455 6965 3427 6965 3547 6966 3546 6966 3554 6966 3547 6967 3554 6967 3553 6967 3456 6968 3455 6968 3426 6968 3425 6969 3456 6969 3426 6969 3548 6970 3547 6970 3553 6970 3548 6971 3553 6971 3552 6971 3594 6972 3593 6972 3489 6972 3594 6973 3488 6973 3487 6973 3594 6974 3489 6974 3488 6974 3424 6975 3457 6975 3456 6975 3424 6976 3456 6976 3425 6976 3423 6977 3457 6977 3424 6977 3549 6978 3548 6978 3552 6978 3549 6979 3552 6979 3551 6979 3422 6980 3457 6980 3423 6980 3422 6981 3458 6981 3457 6981 3595 6982 3487 6982 3486 6982 3595 6983 3594 6983 3487 6983 3550 6984 3549 6984 3551 6984 3421 6985 3458 6985 3422 6985 3421 6986 3459 6986 3458 6986 3638 6987 3459 6987 3421 6987 3638 6988 3460 6988 3459 6988 3596 6989 3595 6989 3486 6989 3596 6990 3486 6990 3485 6990 3637 6991 3460 6991 3638 6991 3636 6992 3460 6992 3637 6992 3636 6993 3461 6993 3460 6993 3597 6994 3596 6994 3485 6994 3635 6995 3461 6995 3636 6995 3635 6996 3462 6996 3461 6996 3598 6997 3597 6997 3485 6997 3598 6998 3485 6998 3484 6998 3634 6999 3462 6999 3635 6999 3599 7000 3598 7000 3484 7000 3599 7001 3484 7001 3483 7001 3633 7002 3462 7002 3634 7002 3633 7003 3463 7003 3462 7003 3600 7004 3599 7004 3483 7004 3600 7005 3483 7005 3482 7005 3632 7006 3463 7006 3633 7006 3631 7007 3463 7007 3632 7007 3631 7008 3464 7008 3463 7008 3601 7009 3600 7009 3482 7009 3630 7010 3464 7010 3631 7010 3629 7011 3464 7011 3630 7011 3629 7012 3465 7012 3464 7012 3602 7013 3482 7013 3481 7013 3602 7014 3601 7014 3482 7014 3628 7015 3465 7015 3629 7015 3603 7016 3602 7016 3481 7016 3603 7017 3481 7017 3480 7017 3627 7018 3466 7018 3465 7018 3627 7019 3465 7019 3628 7019 3604 7020 3603 7020 3480 7020 3626 7021 3466 7021 3627 7021 3626 7022 3467 7022 3466 7022 3605 7023 3480 7023 3479 7023 3605 7024 3604 7024 3480 7024 3625 7025 3468 7025 3467 7025 3625 7026 3467 7026 3626 7026 3606 7027 3605 7027 3479 7027 3606 7028 3479 7028 3478 7028 3624 7029 3468 7029 3625 7029 3624 7030 3469 7030 3468 7030 3607 7031 3606 7031 3478 7031 3607 7032 3478 7032 3477 7032 3623 7033 3469 7033 3624 7033 3622 7034 3469 7034 3623 7034 3622 7035 3470 7035 3469 7035 3608 7036 3607 7036 3477 7036 3608 7037 3477 7037 3476 7037 3621 7038 3470 7038 3622 7038 3609 7039 3608 7039 3476 7039 3620 7040 3470 7040 3621 7040 3620 7041 3471 7041 3470 7041 3610 7042 3476 7042 3475 7042 3610 7043 3609 7043 3476 7043 3619 7044 3471 7044 3620 7044 3611 7045 3610 7045 3475 7045 3618 7046 3471 7046 3619 7046 3618 7047 3472 7047 3471 7047 3612 7048 3611 7048 3475 7048 3617 7049 3472 7049 3618 7049 3617 7050 3473 7050 3472 7050 3613 7051 3612 7051 3475 7051 3613 7052 3475 7052 3474 7052 3616 7053 3473 7053 3617 7053 3614 7054 3613 7054 3474 7054 3615 7055 3473 7055 3616 7055 3615 7056 3614 7056 3474 7056 3615 7057 3474 7057 3473 7057 321 7058 336 7058 3639 7058 321 7059 3639 7059 3640 7059 326 7060 321 7060 3640 7060 326 7061 3640 7061 3641 7061 399 7062 326 7062 3641 7062 399 7063 3641 7063 3642 7063 369 7064 399 7064 3642 7064 369 7065 3642 7065 3643 7065 370 7066 369 7066 3643 7066 370 7067 3643 7067 3644 7067 252 7068 370 7068 3644 7068 252 7069 3644 7069 3645 7069 229 7070 252 7070 3645 7070 229 7071 3645 7071 3646 7071 336 7072 229 7072 3646 7072 336 7073 3646 7073 3639 7073 3639 7074 3646 7074 3645 7074 3639 7075 3641 7075 3640 7075 3644 7076 3639 7076 3645 7076 3642 7077 3644 7077 3643 7077 3642 7078 3641 7078 3639 7078 3642 7079 3639 7079 3644 7079 373 7080 371 7080 3647 7080 373 7081 3647 7081 3648 7081 375 7082 3648 7082 3649 7082 375 7083 373 7083 3648 7083 377 7084 3649 7084 3650 7084 377 7085 375 7085 3649 7085 379 7086 3650 7086 3651 7086 379 7087 377 7087 3650 7087 380 7088 379 7088 3651 7088 380 7089 3651 7089 3652 7089 382 7090 380 7090 3652 7090 382 7091 3652 7091 3653 7091 384 7092 382 7092 3653 7092 384 7093 3653 7093 3654 7093 386 7094 384 7094 3654 7094 386 7095 3654 7095 3655 7095 388 7096 386 7096 3655 7096 388 7097 3655 7097 3656 7097 390 7098 388 7098 3656 7098 390 7099 3656 7099 3657 7099 3658 7100 390 7100 3657 7100 392 7101 390 7101 3658 7101 394 7102 392 7102 3658 7102 394 7103 3658 7103 3659 7103 396 7104 394 7104 3659 7104 396 7105 3659 7105 3660 7105 398 7106 396 7106 3660 7106 398 7107 3660 7107 3661 7107 3662 7108 398 7108 3661 7108 401 7109 398 7109 3662 7109 3663 7110 401 7110 3662 7110 403 7111 401 7111 3663 7111 405 7112 403 7112 3663 7112 405 7113 3663 7113 3664 7113 3665 7114 405 7114 3664 7114 407 7115 405 7115 3665 7115 3666 7116 407 7116 3665 7116 409 7117 407 7117 3666 7117 426 7118 3666 7118 3667 7118 426 7119 409 7119 3666 7119 3668 7120 426 7120 3667 7120 436 7121 426 7121 3668 7121 443 7122 3668 7122 3669 7122 443 7123 436 7123 3668 7123 451 7124 3669 7124 3670 7124 451 7125 443 7125 3669 7125 455 7126 3670 7126 3671 7126 455 7127 451 7127 3670 7127 462 7128 3671 7128 3672 7128 462 7129 455 7129 3671 7129 467 7130 3672 7130 3673 7130 467 7131 462 7131 3672 7131 472 7132 3673 7132 3674 7132 472 7133 467 7133 3673 7133 500 7134 3674 7134 3675 7134 500 7135 472 7135 3674 7135 503 7136 3675 7136 3676 7136 503 7137 500 7137 3675 7137 505 7138 503 7138 3676 7138 505 7139 3676 7139 3677 7139 506 7140 505 7140 3677 7140 506 7141 3677 7141 3678 7141 507 7142 506 7142 3678 7142 507 7143 3678 7143 3679 7143 510 7144 507 7144 3679 7144 510 7145 3679 7145 3680 7145 511 7146 510 7146 3680 7146 511 7147 3680 7147 3681 7147 512 7148 511 7148 3681 7148 512 7149 3681 7149 3682 7149 531 7150 512 7150 3682 7150 531 7151 3682 7151 3683 7151 533 7152 531 7152 3683 7152 533 7153 3683 7153 3684 7153 534 7154 533 7154 3684 7154 534 7155 3684 7155 3685 7155 535 7156 534 7156 3685 7156 535 7157 3685 7157 3686 7157 540 7158 535 7158 3686 7158 540 7159 3686 7159 3687 7159 538 7160 3687 7160 3688 7160 538 7161 540 7161 3687 7161 541 7162 3688 7162 3689 7162 541 7163 538 7163 3688 7163 546 7164 3689 7164 3690 7164 546 7165 541 7165 3689 7165 547 7166 3690 7166 3691 7166 547 7167 546 7167 3690 7167 548 7168 547 7168 3691 7168 548 7169 3691 7169 3692 7169 575 7170 548 7170 3692 7170 575 7171 3692 7171 3693 7171 577 7172 575 7172 3693 7172 577 7173 3693 7173 3694 7173 3695 7174 577 7174 3694 7174 578 7175 577 7175 3695 7175 551 7176 578 7176 3695 7176 551 7177 3695 7177 3696 7177 549 7178 551 7178 3696 7178 549 7179 3696 7179 3697 7179 552 7180 549 7180 3697 7180 552 7181 3697 7181 3698 7181 553 7182 552 7182 3698 7182 553 7183 3698 7183 3699 7183 554 7184 553 7184 3699 7184 554 7185 3699 7185 3700 7185 3701 7186 554 7186 3700 7186 555 7187 554 7187 3701 7187 556 7188 555 7188 3701 7188 556 7189 3701 7189 3702 7189 557 7190 556 7190 3702 7190 557 7191 3702 7191 3703 7191 558 7192 557 7192 3703 7192 558 7193 3703 7193 3704 7193 3705 7194 558 7194 3704 7194 559 7195 558 7195 3705 7195 560 7196 3705 7196 3706 7196 560 7197 559 7197 3705 7197 561 7198 3706 7198 3707 7198 561 7199 560 7199 3706 7199 562 7200 3707 7200 3708 7200 562 7201 561 7201 3707 7201 563 7202 3708 7202 3709 7202 563 7203 562 7203 3708 7203 3710 7204 563 7204 3709 7204 564 7205 563 7205 3710 7205 565 7206 3710 7206 3711 7206 565 7207 564 7207 3710 7207 566 7208 3711 7208 3712 7208 566 7209 565 7209 3711 7209 567 7210 3712 7210 3713 7210 567 7211 566 7211 3712 7211 568 7212 3713 7212 3714 7212 568 7213 567 7213 3713 7213 3715 7214 568 7214 3714 7214 569 7215 568 7215 3715 7215 570 7216 3715 7216 3716 7216 570 7217 569 7217 3715 7217 571 7218 570 7218 3716 7218 571 7219 3716 7219 3717 7219 3718 7220 571 7220 3717 7220 1302 7221 571 7221 3718 7221 1303 7222 1302 7222 3718 7222 1303 7223 3718 7223 3719 7223 1304 7224 1303 7224 3719 7224 1304 7225 3719 7225 3720 7225 3721 7226 1304 7226 3720 7226 1305 7227 1304 7227 3721 7227 1306 7228 1305 7228 3721 7228 1306 7229 3721 7229 3722 7229 1307 7230 1306 7230 3722 7230 1307 7231 3722 7231 3723 7231 1308 7232 1307 7232 3723 7232 1308 7233 3723 7233 3724 7233 1309 7234 3724 7234 3725 7234 1309 7235 1308 7235 3724 7235 515 7236 3725 7236 3726 7236 515 7237 1309 7237 3725 7237 514 7238 3726 7238 3727 7238 514 7239 515 7239 3726 7239 3728 7240 514 7240 3727 7240 516 7241 514 7241 3728 7241 517 7242 516 7242 3728 7242 517 7243 3728 7243 3729 7243 518 7244 517 7244 3729 7244 518 7245 3729 7245 3730 7245 519 7246 518 7246 3730 7246 519 7247 3730 7247 3731 7247 3732 7248 519 7248 3731 7248 520 7249 519 7249 3732 7249 3733 7250 520 7250 3732 7250 521 7251 520 7251 3733 7251 522 7252 521 7252 3733 7252 522 7253 3733 7253 3734 7253 523 7254 522 7254 3734 7254 523 7255 3734 7255 3735 7255 524 7256 523 7256 3735 7256 524 7257 3735 7257 3736 7257 525 7258 524 7258 3736 7258 525 7259 3736 7259 3737 7259 3738 7260 525 7260 3737 7260 526 7261 525 7261 3738 7261 527 7262 526 7262 3738 7262 527 7263 3738 7263 3739 7263 466 7264 527 7264 3739 7264 466 7265 3739 7265 3740 7265 461 7266 466 7266 3740 7266 461 7267 3740 7267 3741 7267 454 7268 461 7268 3741 7268 454 7269 3741 7269 3742 7269 3743 7270 454 7270 3742 7270 450 7271 454 7271 3743 7271 3744 7272 450 7272 3743 7272 442 7273 450 7273 3744 7273 435 7274 3744 7274 3745 7274 435 7275 442 7275 3744 7275 425 7276 3745 7276 3746 7276 425 7277 435 7277 3745 7277 408 7278 3746 7278 3747 7278 408 7279 425 7279 3746 7279 3748 7280 408 7280 3747 7280 406 7281 408 7281 3748 7281 3749 7282 406 7282 3748 7282 404 7283 406 7283 3749 7283 402 7284 3749 7284 3750 7284 402 7285 404 7285 3749 7285 3751 7286 402 7286 3750 7286 400 7287 402 7287 3751 7287 397 7288 3751 7288 3752 7288 397 7289 400 7289 3751 7289 395 7290 3752 7290 3753 7290 395 7291 397 7291 3752 7291 3754 7292 395 7292 3753 7292 393 7293 395 7293 3754 7293 391 7294 393 7294 3754 7294 391 7295 3754 7295 3755 7295 389 7296 391 7296 3755 7296 389 7297 3755 7297 3756 7297 3757 7298 389 7298 3756 7298 387 7299 389 7299 3757 7299 3758 7300 387 7300 3757 7300 385 7301 387 7301 3758 7301 383 7302 385 7302 3758 7302 383 7303 3758 7303 3759 7303 381 7304 383 7304 3759 7304 381 7305 3759 7305 3760 7305 378 7306 381 7306 3760 7306 378 7307 3760 7307 3761 7307 376 7308 3761 7308 3762 7308 376 7309 378 7309 3761 7309 374 7310 3762 7310 3763 7310 374 7311 376 7311 3762 7311 372 7312 3763 7312 3764 7312 372 7313 374 7313 3763 7313 3765 7314 372 7314 3764 7314 368 7315 372 7315 3765 7315 366 7316 368 7316 3765 7316 366 7317 3765 7317 3766 7317 364 7318 366 7318 3766 7318 364 7319 3766 7319 3767 7319 362 7320 364 7320 3767 7320 362 7321 3767 7321 3768 7321 3769 7322 362 7322 3768 7322 360 7323 362 7323 3769 7323 358 7324 360 7324 3769 7324 358 7325 3769 7325 3770 7325 356 7326 358 7326 3770 7326 356 7327 3770 7327 3771 7327 354 7328 356 7328 3771 7328 354 7329 3771 7329 3772 7329 352 7330 354 7330 3772 7330 352 7331 3772 7331 3773 7331 3774 7332 352 7332 3773 7332 350 7333 352 7333 3774 7333 348 7334 350 7334 3774 7334 348 7335 3774 7335 3775 7335 3776 7336 348 7336 3775 7336 347 7337 348 7337 3776 7337 345 7338 347 7338 3776 7338 345 7339 3776 7339 3777 7339 343 7340 345 7340 3777 7340 343 7341 3777 7341 3778 7341 341 7342 343 7342 3778 7342 341 7343 3778 7343 3779 7343 339 7344 3779 7344 3780 7344 339 7345 341 7345 3779 7345 3781 7346 339 7346 3780 7346 337 7347 339 7347 3781 7347 3782 7348 337 7348 3781 7348 338 7349 337 7349 3782 7349 340 7350 3782 7350 3783 7350 340 7351 338 7351 3782 7351 3784 7352 340 7352 3783 7352 342 7353 340 7353 3784 7353 344 7354 3784 7354 3785 7354 344 7355 342 7355 3784 7355 3786 7356 344 7356 3785 7356 346 7357 344 7357 3786 7357 3787 7358 346 7358 3786 7358 349 7359 346 7359 3787 7359 351 7360 3787 7360 3788 7360 351 7361 349 7361 3787 7361 353 7362 3788 7362 3789 7362 353 7363 351 7363 3788 7363 3790 7364 353 7364 3789 7364 355 7365 353 7365 3790 7365 357 7366 3790 7366 3791 7366 357 7367 355 7367 3790 7367 359 7368 357 7368 3791 7368 359 7369 3791 7369 3792 7369 361 7370 359 7370 3792 7370 361 7371 3792 7371 3793 7371 3794 7372 361 7372 3793 7372 363 7373 361 7373 3794 7373 365 7374 363 7374 3794 7374 365 7375 3794 7375 3795 7375 367 7376 365 7376 3795 7376 367 7377 3795 7377 3796 7377 371 7378 367 7378 3796 7378 371 7379 3796 7379 3647 7379 3797 7380 3782 7380 3781 7380 3798 7381 3797 7381 3781 7381 3798 7382 3780 7382 3779 7382 3798 7383 3781 7383 3780 7383 3799 7384 3782 7384 3797 7384 3799 7385 3783 7385 3782 7385 3800 7386 3798 7386 3779 7386 3800 7387 3779 7387 3778 7387 3801 7388 3783 7388 3799 7388 3801 7389 3784 7389 3783 7389 3802 7390 3800 7390 3778 7390 3802 7391 3778 7391 3777 7391 3803 7392 3784 7392 3801 7392 3803 7393 3785 7393 3784 7393 3804 7394 3777 7394 3776 7394 3804 7395 3802 7395 3777 7395 3805 7396 3785 7396 3803 7396 3805 7397 3786 7397 3785 7397 3806 7398 3775 7398 3774 7398 3806 7399 3776 7399 3775 7399 3806 7400 3804 7400 3776 7400 3807 7401 3786 7401 3805 7401 3807 7402 3787 7402 3786 7402 3808 7403 3774 7403 3773 7403 3808 7404 3806 7404 3774 7404 3809 7405 3787 7405 3807 7405 3809 7406 3788 7406 3787 7406 3809 7407 3789 7407 3788 7407 3810 7408 3773 7408 3772 7408 3810 7409 3808 7409 3773 7409 3811 7410 3789 7410 3809 7410 3811 7411 3790 7411 3789 7411 3812 7412 3810 7412 3772 7412 3812 7413 3772 7413 3771 7413 3813 7414 3791 7414 3790 7414 3813 7415 3790 7415 3811 7415 3814 7416 3771 7416 3770 7416 3814 7417 3812 7417 3771 7417 3815 7418 3792 7418 3791 7418 3815 7419 3791 7419 3813 7419 3816 7420 3814 7420 3770 7420 3816 7421 3770 7421 3769 7421 3817 7422 3793 7422 3792 7422 3817 7423 3794 7423 3793 7423 3817 7424 3792 7424 3815 7424 3818 7425 3769 7425 3768 7425 3818 7426 3816 7426 3769 7426 3819 7427 3794 7427 3817 7427 3819 7428 3795 7428 3794 7428 3820 7429 3767 7429 3766 7429 3820 7430 3768 7430 3767 7430 3820 7431 3818 7431 3768 7431 3821 7432 3796 7432 3795 7432 3821 7433 3795 7433 3819 7433 3822 7434 3766 7434 3765 7434 3822 7435 3820 7435 3766 7435 3823 7436 3822 7436 3765 7436 3823 7437 3765 7437 3764 7437 3824 7438 3796 7438 3821 7438 3824 7439 3647 7439 3796 7439 3825 7440 3823 7440 3764 7440 3825 7441 3764 7441 3763 7441 3826 7442 3648 7442 3647 7442 3826 7443 3647 7443 3824 7443 3827 7444 3825 7444 3763 7444 3827 7445 3763 7445 3762 7445 3828 7446 3649 7446 3648 7446 3828 7447 3648 7447 3826 7447 3829 7448 3827 7448 3762 7448 3830 7449 3650 7449 3649 7449 3830 7450 3649 7450 3828 7450 3831 7451 3829 7451 3762 7451 3831 7452 3762 7452 3761 7452 3832 7453 3831 7453 3761 7453 3832 7454 3761 7454 3760 7454 3833 7455 3651 7455 3650 7455 3833 7456 3650 7456 3830 7456 3834 7457 3832 7457 3760 7457 3835 7458 3652 7458 3651 7458 3835 7459 3653 7459 3652 7459 3835 7460 3651 7460 3833 7460 3836 7461 3654 7461 3653 7461 3836 7462 3653 7462 3835 7462 3837 7463 3760 7463 3759 7463 3837 7464 3834 7464 3760 7464 3838 7465 3655 7465 3654 7465 3838 7466 3654 7466 3836 7466 3839 7467 3759 7467 3758 7467 3839 7468 3837 7468 3759 7468 3840 7469 3656 7469 3655 7469 3840 7470 3655 7470 3838 7470 3841 7471 3757 7471 3756 7471 3841 7472 3758 7472 3757 7472 3841 7473 3839 7473 3758 7473 3842 7474 3657 7474 3656 7474 3842 7475 3656 7475 3840 7475 3843 7476 3756 7476 3755 7476 3843 7477 3841 7477 3756 7477 3844 7478 3658 7478 3657 7478 3844 7479 3659 7479 3658 7479 3844 7480 3657 7480 3842 7480 3845 7481 3755 7481 3754 7481 3845 7482 3843 7482 3755 7482 3846 7483 3660 7483 3659 7483 3846 7484 3659 7484 3844 7484 3847 7485 3754 7485 3753 7485 3847 7486 3845 7486 3754 7486 3848 7487 3661 7487 3660 7487 3848 7488 3660 7488 3846 7488 3849 7489 3753 7489 3752 7489 3849 7490 3847 7490 3753 7490 3850 7491 3662 7491 3661 7491 3850 7492 3661 7492 3848 7492 3851 7493 3751 7493 3750 7493 3851 7494 3752 7494 3751 7494 3851 7495 3849 7495 3752 7495 3852 7496 3662 7496 3850 7496 3852 7497 3663 7497 3662 7497 3852 7498 3664 7498 3663 7498 3853 7499 3750 7499 3749 7499 3853 7500 3851 7500 3750 7500 3854 7501 3665 7501 3664 7501 3854 7502 3664 7502 3852 7502 3855 7503 3749 7503 3748 7503 3855 7504 3853 7504 3749 7504 3856 7505 3666 7505 3665 7505 3856 7506 3665 7506 3854 7506 3857 7507 3748 7507 3747 7507 3857 7508 3855 7508 3748 7508 3858 7509 3857 7509 3747 7509 3858 7510 3747 7510 3746 7510 3859 7511 3667 7511 3666 7511 3859 7512 3666 7512 3856 7512 3860 7513 3858 7513 3746 7513 3860 7514 3746 7514 3745 7514 3861 7515 3668 7515 3667 7515 3861 7516 3667 7516 3859 7516 3744 7517 3860 7517 3745 7517 3669 7518 3668 7518 3861 7518 3862 7519 3860 7519 3744 7519 3863 7520 3669 7520 3861 7520 3743 7521 3862 7521 3744 7521 3670 7522 3669 7522 3863 7522 3864 7523 3862 7523 3743 7523 3865 7524 3670 7524 3863 7524 3742 7525 3864 7525 3743 7525 3671 7526 3670 7526 3865 7526 3866 7527 3864 7527 3742 7527 3867 7528 3671 7528 3865 7528 3741 7529 3866 7529 3742 7529 3672 7530 3671 7530 3867 7530 3868 7531 3866 7531 3741 7531 3869 7532 3672 7532 3867 7532 3740 7533 3870 7533 3868 7533 3740 7534 3868 7534 3741 7534 3673 7535 3672 7535 3869 7535 3739 7536 3871 7536 3870 7536 3739 7537 3870 7537 3740 7537 3674 7538 3869 7538 3872 7538 3674 7539 3673 7539 3869 7539 3738 7540 3871 7540 3739 7540 3675 7541 3674 7541 3872 7541 3675 7542 3872 7542 3873 7542 3676 7543 3675 7543 3873 7543 3676 7544 3873 7544 3874 7544 3737 7545 3871 7545 3738 7545 3737 7546 3875 7546 3871 7546 3677 7547 3676 7547 3874 7547 3677 7548 3874 7548 3876 7548 3736 7549 3875 7549 3737 7549 3736 7550 3877 7550 3875 7550 3678 7551 3677 7551 3876 7551 3735 7552 3877 7552 3736 7552 3735 7553 3878 7553 3877 7553 3679 7554 3876 7554 3879 7554 3679 7555 3678 7555 3876 7555 3734 7556 3878 7556 3735 7556 3734 7557 3880 7557 3878 7557 3680 7558 3879 7558 3881 7558 3680 7559 3679 7559 3879 7559 3733 7560 3880 7560 3734 7560 3733 7561 3882 7561 3880 7561 3681 7562 3881 7562 3883 7562 3681 7563 3680 7563 3881 7563 3732 7564 3882 7564 3733 7564 3682 7565 3883 7565 3884 7565 3682 7566 3681 7566 3883 7566 3731 7567 3882 7567 3732 7567 3731 7568 3885 7568 3882 7568 3683 7569 3682 7569 3884 7569 3730 7570 3885 7570 3731 7570 3730 7571 3886 7571 3885 7571 3684 7572 3884 7572 3887 7572 3684 7573 3683 7573 3884 7573 3729 7574 3888 7574 3886 7574 3729 7575 3886 7575 3730 7575 3685 7576 3887 7576 3889 7576 3685 7577 3684 7577 3887 7577 3728 7578 3888 7578 3729 7578 3728 7579 3890 7579 3888 7579 3686 7580 3685 7580 3889 7580 3686 7581 3889 7581 3891 7581 3727 7582 3892 7582 3890 7582 3727 7583 3890 7583 3728 7583 3726 7584 3893 7584 3892 7584 3726 7585 3892 7585 3727 7585 3687 7586 3891 7586 3894 7586 3687 7587 3686 7587 3891 7587 3725 7588 3893 7588 3726 7588 3725 7589 3895 7589 3893 7589 3688 7590 3687 7590 3894 7590 3688 7591 3894 7591 3896 7591 3724 7592 3895 7592 3725 7592 3724 7593 3897 7593 3895 7593 3689 7594 3688 7594 3896 7594 3689 7595 3896 7595 3898 7595 3690 7596 3689 7596 3898 7596 3690 7597 3898 7597 3899 7597 3723 7598 3897 7598 3724 7598 3723 7599 3900 7599 3897 7599 3691 7600 3690 7600 3899 7600 3691 7601 3899 7601 3901 7601 3722 7602 3900 7602 3723 7602 3722 7603 3902 7603 3900 7603 3692 7604 3691 7604 3901 7604 3692 7605 3901 7605 3903 7605 3721 7606 3904 7606 3902 7606 3721 7607 3902 7607 3722 7607 3693 7608 3903 7608 3905 7608 3693 7609 3692 7609 3903 7609 3720 7610 3906 7610 3904 7610 3720 7611 3904 7611 3721 7611 3694 7612 3905 7612 3907 7612 3694 7613 3693 7613 3905 7613 3719 7614 3908 7614 3906 7614 3719 7615 3906 7615 3720 7615 3695 7616 3907 7616 3909 7616 3695 7617 3694 7617 3907 7617 3718 7618 3908 7618 3719 7618 3696 7619 3909 7619 3910 7619 3696 7620 3695 7620 3909 7620 3717 7621 3908 7621 3718 7621 3717 7622 3911 7622 3908 7622 3697 7623 3696 7623 3910 7623 3697 7624 3910 7624 3912 7624 3716 7625 3911 7625 3717 7625 3716 7626 3913 7626 3911 7626 3698 7627 3697 7627 3912 7627 3715 7628 3914 7628 3913 7628 3715 7629 3913 7629 3716 7629 3699 7630 3698 7630 3912 7630 3699 7631 3912 7631 3915 7631 3714 7632 3916 7632 3914 7632 3714 7633 3914 7633 3715 7633 3700 7634 3699 7634 3915 7634 3700 7635 3915 7635 3917 7635 3713 7636 3916 7636 3714 7636 3713 7637 3918 7637 3916 7637 3701 7638 3700 7638 3917 7638 3701 7639 3917 7639 3919 7639 3712 7640 3918 7640 3713 7640 3712 7641 3920 7641 3918 7641 3702 7642 3701 7642 3919 7642 3702 7643 3919 7643 3921 7643 3711 7644 3920 7644 3712 7644 3703 7645 3702 7645 3921 7645 3703 7646 3921 7646 3922 7646 3710 7647 3920 7647 3711 7647 3710 7648 3923 7648 3920 7648 3704 7649 3703 7649 3922 7649 3709 7650 3923 7650 3710 7650 3709 7651 3924 7651 3923 7651 3705 7652 3704 7652 3922 7652 3705 7653 3922 7653 3925 7653 3708 7654 3924 7654 3709 7654 3708 7655 3926 7655 3924 7655 3706 7656 3705 7656 3925 7656 3706 7657 3925 7657 3927 7657 3707 7658 3926 7658 3708 7658 3707 7659 3706 7659 3927 7659 3707 7660 3927 7660 3926 7660 3928 7661 3929 7661 3900 7661 3928 7662 3900 7662 3902 7662 3930 7663 3902 7663 3904 7663 3930 7664 3928 7664 3902 7664 3931 7665 3904 7665 3906 7665 3931 7666 3930 7666 3904 7666 3932 7667 3906 7667 3908 7667 3932 7668 3931 7668 3906 7668 3933 7669 3908 7669 3911 7669 3933 7670 3932 7670 3908 7670 3934 7671 3911 7671 3913 7671 3934 7672 3933 7672 3911 7672 3935 7673 3913 7673 3914 7673 3935 7674 3934 7674 3913 7674 3936 7675 3935 7675 3914 7675 3936 7676 3914 7676 3916 7676 3937 7677 3936 7677 3916 7677 3937 7678 3916 7678 3918 7678 3938 7679 3937 7679 3918 7679 3938 7680 3918 7680 3920 7680 3939 7681 3938 7681 3920 7681 3939 7682 3920 7682 3923 7682 3940 7683 3939 7683 3923 7683 3940 7684 3923 7684 3924 7684 3941 7685 3940 7685 3924 7685 3941 7686 3924 7686 3926 7686 3942 7687 3941 7687 3926 7687 3942 7688 3926 7688 3927 7688 3943 7689 3942 7689 3927 7689 3943 7690 3927 7690 3925 7690 3944 7691 3943 7691 3925 7691 3944 7692 3925 7692 3922 7692 3945 7693 3944 7693 3922 7693 3945 7694 3922 7694 3921 7694 3946 7695 3945 7695 3921 7695 3946 7696 3921 7696 3919 7696 3947 7697 3946 7697 3919 7697 3947 7698 3919 7698 3917 7698 3948 7699 3947 7699 3917 7699 3948 7700 3917 7700 3915 7700 3949 7701 3915 7701 3912 7701 3949 7702 3948 7702 3915 7702 3950 7703 3912 7703 3910 7703 3950 7704 3949 7704 3912 7704 3951 7705 3910 7705 3909 7705 3951 7706 3950 7706 3910 7706 3952 7707 3909 7707 3907 7707 3952 7708 3951 7708 3909 7708 3953 7709 3907 7709 3905 7709 3953 7710 3952 7710 3907 7710 3954 7711 3905 7711 3903 7711 3954 7712 3953 7712 3905 7712 3955 7713 3903 7713 3901 7713 3955 7714 3954 7714 3903 7714 3956 7715 3901 7715 3899 7715 3956 7716 3955 7716 3901 7716 3898 7717 3956 7717 3899 7717 3957 7718 3956 7718 3898 7718 3958 7719 3898 7719 3896 7719 3958 7720 3957 7720 3898 7720 3959 7721 3896 7721 3894 7721 3959 7722 3958 7722 3896 7722 3960 7723 3894 7723 3891 7723 3960 7724 3959 7724 3894 7724 3961 7725 3960 7725 3891 7725 3961 7726 3891 7726 3889 7726 3962 7727 3963 7727 3834 7727 3962 7728 3834 7728 3837 7728 3964 7729 3837 7729 3839 7729 3964 7730 3962 7730 3837 7730 3965 7731 3839 7731 3841 7731 3965 7732 3964 7732 3839 7732 3966 7733 3841 7733 3843 7733 3966 7734 3965 7734 3841 7734 3967 7735 3843 7735 3845 7735 3967 7736 3966 7736 3843 7736 3968 7737 3845 7737 3847 7737 3968 7738 3967 7738 3845 7738 3969 7739 3847 7739 3849 7739 3969 7740 3968 7740 3847 7740 3970 7741 3969 7741 3849 7741 3970 7742 3849 7742 3851 7742 3971 7743 3970 7743 3851 7743 3971 7744 3851 7744 3853 7744 3972 7745 3971 7745 3853 7745 3972 7746 3853 7746 3855 7746 3973 7747 3972 7747 3855 7747 3973 7748 3855 7748 3857 7748 3974 7749 3973 7749 3857 7749 3974 7750 3857 7750 3858 7750 3975 7751 3974 7751 3858 7751 3975 7752 3858 7752 3860 7752 3976 7753 3975 7753 3860 7753 3976 7754 3860 7754 3862 7754 3977 7755 3976 7755 3862 7755 3977 7756 3862 7756 3864 7756 3866 7757 3977 7757 3864 7757 3978 7758 3977 7758 3866 7758 3979 7759 3978 7759 3866 7759 3979 7760 3866 7760 3868 7760 3980 7761 3979 7761 3868 7761 3980 7762 3868 7762 3870 7762 3981 7763 3980 7763 3870 7763 3981 7764 3870 7764 3871 7764 3875 7765 3981 7765 3871 7765 3982 7766 3981 7766 3875 7766 3983 7767 3875 7767 3877 7767 3983 7768 3982 7768 3875 7768 3984 7769 3877 7769 3878 7769 3984 7770 3983 7770 3877 7770 3985 7771 3878 7771 3880 7771 3985 7772 3984 7772 3878 7772 3986 7773 3880 7773 3882 7773 3986 7774 3985 7774 3880 7774 3987 7775 3882 7775 3885 7775 3987 7776 3986 7776 3882 7776 3988 7777 3885 7777 3886 7777 3988 7778 3987 7778 3885 7778 3989 7779 3886 7779 3888 7779 3989 7780 3988 7780 3886 7780 3990 7781 3888 7781 3890 7781 3990 7782 3989 7782 3888 7782 3892 7783 3990 7783 3890 7783 3991 7784 3990 7784 3892 7784 3992 7785 3892 7785 3893 7785 3992 7786 3991 7786 3892 7786 3993 7787 3893 7787 3895 7787 3993 7788 3895 7788 3897 7788 3993 7789 3992 7789 3893 7789 3994 7790 3897 7790 3900 7790 3994 7791 3993 7791 3897 7791 3929 7792 3994 7792 3900 7792 3995 7793 3996 7793 3824 7793 3995 7794 3824 7794 3821 7794 3997 7795 3821 7795 3819 7795 3997 7796 3995 7796 3821 7796 3998 7797 3819 7797 3817 7797 3998 7798 3997 7798 3819 7798 3999 7799 3817 7799 3815 7799 3999 7800 3998 7800 3817 7800 3813 7801 3999 7801 3815 7801 4000 7802 3813 7802 3811 7802 4000 7803 3999 7803 3813 7803 4001 7804 3811 7804 3809 7804 4001 7805 4000 7805 3811 7805 4002 7806 4001 7806 3809 7806 4003 7807 3809 7807 3807 7807 4003 7808 4002 7808 3809 7808 4004 7809 4003 7809 3807 7809 4004 7810 3807 7810 3805 7810 4005 7811 4004 7811 3805 7811 4005 7812 3805 7812 3803 7812 4005 7813 3803 7813 3801 7813 4006 7814 4005 7814 3801 7814 4007 7815 4006 7815 3801 7815 4007 7816 3801 7816 3799 7816 4008 7817 4007 7817 3799 7817 4008 7818 3799 7818 3797 7818 4009 7819 4008 7819 3797 7819 4009 7820 3797 7820 3798 7820 4010 7821 4009 7821 3798 7821 4010 7822 3798 7822 3800 7822 4011 7823 4010 7823 3800 7823 4011 7824 3800 7824 3802 7824 4012 7825 4011 7825 3802 7825 4012 7826 3802 7826 3804 7826 4013 7827 4012 7827 3804 7827 4013 7828 3804 7828 3806 7828 4014 7829 4013 7829 3806 7829 4014 7830 3806 7830 3808 7830 4015 7831 4014 7831 3808 7831 4015 7832 3808 7832 3810 7832 4016 7833 4015 7833 3810 7833 4016 7834 3810 7834 3812 7834 4017 7835 3812 7835 3814 7835 4017 7836 3814 7836 3816 7836 4017 7837 4016 7837 3812 7837 4018 7838 4017 7838 3816 7838 4019 7839 3816 7839 3818 7839 4019 7840 4018 7840 3816 7840 4020 7841 3818 7841 3820 7841 4020 7842 4019 7842 3818 7842 4021 7843 3820 7843 3822 7843 4021 7844 4020 7844 3820 7844 4022 7845 3822 7845 3823 7845 4022 7846 4021 7846 3822 7846 4023 7847 3823 7847 3825 7847 4023 7848 4022 7848 3823 7848 4024 7849 3825 7849 3827 7849 4024 7850 4023 7850 3825 7850 4025 7851 3827 7851 3829 7851 4025 7852 3829 7852 3831 7852 4025 7853 4024 7853 3827 7853 4026 7854 3831 7854 3832 7854 4026 7855 4025 7855 3831 7855 4027 7856 4026 7856 3832 7856 3963 7857 4027 7857 3832 7857 3963 7858 3832 7858 3834 7858 4028 7859 3961 7859 3889 7859 4028 7860 3889 7860 3887 7860 4029 7861 3887 7861 3884 7861 4029 7862 4028 7862 3887 7862 4030 7863 3884 7863 3883 7863 4030 7864 4029 7864 3884 7864 4031 7865 3883 7865 3881 7865 4031 7866 4030 7866 3883 7866 4032 7867 3881 7867 3879 7867 4032 7868 4031 7868 3881 7868 4033 7869 3879 7869 3876 7869 4033 7870 4032 7870 3879 7870 4034 7871 3876 7871 3874 7871 4034 7872 4033 7872 3876 7872 4035 7873 3874 7873 3873 7873 4035 7874 4034 7874 3874 7874 4036 7875 4035 7875 3873 7875 4036 7876 3873 7876 3872 7876 4037 7877 4036 7877 3872 7877 4037 7878 3872 7878 3869 7878 4038 7879 4037 7879 3869 7879 4038 7880 3869 7880 3867 7880 4039 7881 4038 7881 3867 7881 4039 7882 3867 7882 3865 7882 4040 7883 4039 7883 3865 7883 4040 7884 3865 7884 3863 7884 4041 7885 4040 7885 3863 7885 4041 7886 3863 7886 3861 7886 4042 7887 4041 7887 3861 7887 4042 7888 3861 7888 3859 7888 4043 7889 4042 7889 3859 7889 4043 7890 3859 7890 3856 7890 4044 7891 4043 7891 3856 7891 4044 7892 3856 7892 3854 7892 4045 7893 4044 7893 3854 7893 4045 7894 3854 7894 3852 7894 4046 7895 4045 7895 3852 7895 4046 7896 3852 7896 3850 7896 4047 7897 4046 7897 3850 7897 4047 7898 3850 7898 3848 7898 4048 7899 3848 7899 3846 7899 4048 7900 4047 7900 3848 7900 3844 7901 4048 7901 3846 7901 4049 7902 4048 7902 3844 7902 4050 7903 3844 7903 3842 7903 4050 7904 4049 7904 3844 7904 4051 7905 3842 7905 3840 7905 4051 7906 4050 7906 3842 7906 4052 7907 3840 7907 3838 7907 4052 7908 4051 7908 3840 7908 4053 7909 3838 7909 3836 7909 4053 7910 4052 7910 3838 7910 4054 7911 3836 7911 3835 7911 4054 7912 4053 7912 3836 7912 4055 7913 3835 7913 3833 7913 4055 7914 4054 7914 3835 7914 4056 7915 3833 7915 3830 7915 4056 7916 3830 7916 3828 7916 4056 7917 4055 7917 3833 7917 4057 7918 3828 7918 3826 7918 4057 7919 4056 7919 3828 7919 4058 7920 4057 7920 3826 7920 3996 7921 3826 7921 3824 7921 3996 7922 4058 7922 3826 7922 4002 7923 4000 7923 4001 7923 4003 7924 3999 7924 4002 7924 4004 7925 3999 7925 4003 7925 4005 7926 3999 7926 4004 7926 4006 7927 3999 7927 4005 7927 4007 7928 3999 7928 4006 7928 4008 7929 3999 7929 4007 7929 4009 7930 3999 7930 4008 7930 4002 7931 3999 7931 4000 7931 4017 7932 4018 7932 4016 7932 4010 7933 3998 7933 4009 7933 4009 7934 3998 7934 3999 7934 3998 7935 3995 7935 3997 7935 4011 7936 3995 7936 4010 7936 4010 7937 3995 7937 3998 7937 4021 7938 4022 7938 4020 7938 4016 7939 4023 7939 4015 7939 4019 7940 4023 7940 4018 7940 4022 7941 4023 7941 4020 7941 4020 7942 4023 7942 4019 7942 4018 7943 4023 7943 4016 7943 4023 7944 4024 7944 4015 7944 4025 7945 4026 7945 4024 7945 3995 7946 4027 7946 3996 7946 4012 7947 4027 7947 4011 7947 4013 7948 4027 7948 4012 7948 4014 7949 4027 7949 4013 7949 4015 7950 4027 7950 4014 7950 4026 7951 4027 7951 4024 7951 4011 7952 4027 7952 3995 7952 4024 7953 4027 7953 4015 7953 4057 7954 4055 7954 4056 7954 4027 7955 3963 7955 3996 7955 3996 7956 3963 7956 4058 7956 4054 7957 4052 7957 4053 7957 4055 7958 4052 7958 4054 7958 4052 7959 4050 7959 4051 7959 4052 7960 4049 7960 4050 7960 3966 7961 3967 7961 3965 7961 4049 7962 4047 7962 4048 7962 3969 7963 3970 7963 3968 7963 3968 7964 3971 7964 3967 7964 3970 7965 3971 7965 3968 7965 4046 7966 4044 7966 4045 7966 4047 7967 4044 7967 4046 7967 4047 7968 4043 7968 4044 7968 4049 7969 4043 7969 4047 7969 3974 7970 3975 7970 3973 7970 3975 7971 3976 7971 3973 7971 4049 7972 4040 7972 4043 7972 4042 7973 4040 7973 4041 7973 4043 7974 4040 7974 4042 7974 4055 7975 4038 7975 4052 7975 4052 7976 4038 7976 4049 7976 4049 7977 4038 7977 4040 7977 4040 7978 4038 7978 4039 7978 4055 7979 4037 7979 4038 7979 3979 7980 3980 7980 3978 7980 3978 7981 3981 7981 3977 7981 3980 7982 3981 7982 3978 7982 3977 7983 3984 7983 3976 7983 3982 7984 3984 7984 3981 7984 3983 7985 3984 7985 3982 7985 3981 7986 3984 7986 3977 7986 3976 7987 3984 7987 3973 7987 3984 7988 3985 7988 3973 7988 4033 7989 4031 7989 4032 7989 4034 7990 4031 7990 4033 7990 3986 7991 3987 7991 3985 7991 3987 7992 3988 7992 3985 7992 3973 7993 3988 7993 3972 7993 3985 7994 3988 7994 3973 7994 4030 7995 4028 7995 4029 7995 4031 7996 4028 7996 4030 7996 3989 7997 3990 7997 3988 7997 4034 7998 3960 7998 4031 7998 4028 7999 3960 7999 3961 7999 4031 8000 3960 8000 4028 8000 4035 8001 3960 8001 4034 8001 4036 8002 3960 8002 4035 8002 4037 8003 3960 8003 4036 8003 3964 8004 3991 8004 3962 8004 3965 8005 3991 8005 3964 8005 3972 8006 3991 8006 3971 8006 3990 8007 3991 8007 3988 8007 3967 8008 3991 8008 3965 8008 3971 8009 3991 8009 3967 8009 3988 8010 3991 8010 3972 8010 3960 8011 3958 8011 3959 8011 3991 8012 3993 8012 3962 8012 3992 8013 3993 8013 3991 8013 3962 8014 3994 8014 3963 8014 3993 8015 3994 8015 3962 8015 3963 8016 3994 8016 4058 8016 3994 8017 3929 8017 4058 8017 4057 8018 3928 8018 4055 8018 3929 8019 3928 8019 4058 8019 4058 8020 3928 8020 4057 8020 3960 8021 3953 8021 3958 8021 4037 8022 3953 8022 3960 8022 3955 8023 3953 8023 3954 8023 3956 8024 3953 8024 3955 8024 3957 8025 3953 8025 3956 8025 3958 8026 3953 8026 3957 8026 4037 8027 3952 8027 3953 8027 3928 8028 3950 8028 4055 8028 3952 8029 3950 8029 3951 8029 4037 8030 3950 8030 3952 8030 4055 8031 3950 8031 4037 8031 3930 8032 3950 8032 3928 8032 3931 8033 3949 8033 3930 8033 3930 8034 3949 8034 3950 8034 3932 8035 3948 8035 3931 8035 3931 8036 3948 8036 3949 8036 3932 8037 3947 8037 3948 8037 3935 8038 3937 8038 3934 8038 3936 8039 3937 8039 3935 8039 3933 8040 3938 8040 3932 8040 3934 8041 3938 8041 3933 8041 3947 8042 3938 8042 3946 8042 3937 8043 3938 8043 3934 8043 3932 8044 3938 8044 3947 8044 3938 8045 3945 8045 3946 8045 3938 8046 3939 8046 3945 8046 3939 8047 3944 8047 3945 8047 3940 8048 3941 8048 3939 8048 3944 8049 3942 8049 3943 8049 3939 8050 3942 8050 3944 8050 3941 8051 3942 8051 3939 8051 550 8052 513 8052 4059 8052 550 8053 4059 8053 4060 8053 594 8054 550 8054 4060 8054 594 8055 4060 8055 4061 8055 596 8056 594 8056 4061 8056 596 8057 4061 8057 4062 8057 601 8058 4062 8058 4063 8058 601 8059 596 8059 4062 8059 603 8060 4063 8060 4064 8060 603 8061 601 8061 4063 8061 616 8062 4064 8062 4065 8062 616 8063 603 8063 4064 8063 617 8064 4065 8064 4066 8064 617 8065 616 8065 4065 8065 615 8066 4066 8066 4067 8066 615 8067 617 8067 4066 8067 613 8068 615 8068 4067 8068 613 8069 4067 8069 4068 8069 630 8070 4068 8070 4069 8070 630 8071 613 8071 4068 8071 632 8072 4069 8072 4070 8072 632 8073 630 8073 4069 8073 633 8074 4070 8074 4071 8074 633 8075 632 8075 4070 8075 635 8076 4071 8076 4072 8076 635 8077 633 8077 4071 8077 637 8078 4072 8078 4073 8078 637 8079 635 8079 4072 8079 638 8080 4073 8080 4074 8080 638 8081 637 8081 4073 8081 639 8082 4074 8082 4075 8082 639 8083 638 8083 4074 8083 641 8084 4075 8084 4076 8084 641 8085 639 8085 4075 8085 643 8086 4076 8086 4077 8086 643 8087 641 8087 4076 8087 644 8088 4077 8088 4078 8088 644 8089 643 8089 4077 8089 659 8090 644 8090 4078 8090 659 8091 4078 8091 4079 8091 661 8092 659 8092 4079 8092 661 8093 4079 8093 4080 8093 662 8094 661 8094 4080 8094 662 8095 4080 8095 4081 8095 666 8096 662 8096 4081 8096 666 8097 4081 8097 4082 8097 668 8098 666 8098 4082 8098 668 8099 4082 8099 4083 8099 669 8100 668 8100 4083 8100 669 8101 4083 8101 4084 8101 676 8102 669 8102 4084 8102 676 8103 4084 8103 4085 8103 677 8104 676 8104 4085 8104 677 8105 4085 8105 4086 8105 681 8106 677 8106 4086 8106 681 8107 4086 8107 4087 8107 683 8108 681 8108 4087 8108 683 8109 4087 8109 4088 8109 688 8110 683 8110 4088 8110 688 8111 4088 8111 4089 8111 696 8112 688 8112 4089 8112 696 8113 4089 8113 4090 8113 695 8114 696 8114 4090 8114 695 8115 4090 8115 4091 8115 697 8116 695 8116 4091 8116 697 8117 4091 8117 4092 8117 685 8118 4092 8118 4093 8118 685 8119 4093 8119 4094 8119 685 8120 697 8120 4092 8120 684 8121 4094 8121 4095 8121 684 8122 685 8122 4094 8122 686 8123 4095 8123 4096 8123 686 8124 684 8124 4095 8124 672 8125 4096 8125 4097 8125 672 8126 686 8126 4096 8126 671 8127 4097 8127 4098 8127 671 8128 672 8128 4097 8128 673 8129 4098 8129 4099 8129 673 8130 671 8130 4098 8130 646 8131 4099 8131 4100 8131 646 8132 673 8132 4099 8132 645 8133 4100 8133 4101 8133 645 8134 646 8134 4100 8134 628 8135 4101 8135 4102 8135 628 8136 645 8136 4101 8136 627 8137 4102 8137 4103 8137 627 8138 628 8138 4102 8138 629 8139 627 8139 4103 8139 598 8140 4103 8140 4104 8140 598 8141 4104 8141 4105 8141 598 8142 629 8142 4103 8142 597 8143 598 8143 4105 8143 597 8144 4105 8144 4106 8144 599 8145 597 8145 4106 8145 600 8146 599 8146 4106 8146 600 8147 4106 8147 4107 8147 592 8148 600 8148 4107 8148 592 8149 4107 8149 4108 8149 592 8150 4108 8150 4109 8150 591 8151 592 8151 4109 8151 590 8152 591 8152 4109 8152 590 8153 4109 8153 4110 8153 589 8154 590 8154 4110 8154 589 8155 4110 8155 4111 8155 587 8156 589 8156 4111 8156 587 8157 4111 8157 4112 8157 586 8158 587 8158 4112 8158 586 8159 4112 8159 4113 8159 585 8160 586 8160 4113 8160 585 8161 4113 8161 4114 8161 584 8162 585 8162 4114 8162 584 8163 4114 8163 4115 8163 583 8164 4115 8164 4116 8164 583 8165 584 8165 4115 8165 582 8166 4116 8166 4117 8166 582 8167 583 8167 4116 8167 580 8168 4117 8168 4118 8168 580 8169 582 8169 4117 8169 579 8170 4118 8170 4119 8170 579 8171 580 8171 4118 8171 572 8172 4119 8172 4120 8172 572 8173 579 8173 4119 8173 573 8174 572 8174 4120 8174 573 8175 4120 8175 4121 8175 536 8176 573 8176 4121 8176 536 8177 4121 8177 4122 8177 513 8178 536 8178 4122 8178 513 8179 4122 8179 4059 8179 4121 8180 4059 8180 4122 8180 4120 8181 4123 8181 4121 8181 4124 8182 4060 8182 4123 8182 4125 8183 4120 8183 4119 8183 4125 8184 4123 8184 4120 8184 4118 8185 4125 8185 4119 8185 4126 8186 4125 8186 4118 8186 4127 8187 4126 8187 4118 8187 4117 8188 4127 8188 4118 8188 4061 8189 4060 8189 4124 8189 4128 8190 4127 8190 4117 8190 4129 8191 4117 8191 4116 8191 4129 8192 4128 8192 4117 8192 4130 8193 4061 8193 4124 8193 4131 8194 4116 8194 4115 8194 4131 8195 4129 8195 4116 8195 4114 8196 4131 8196 4115 8196 4132 8197 4131 8197 4114 8197 4113 8198 4132 8198 4114 8198 4062 8199 4061 8199 4130 8199 4133 8200 4062 8200 4130 8200 4134 8201 4132 8201 4113 8201 4112 8202 4134 8202 4113 8202 4111 8203 4134 8203 4112 8203 4111 8204 4135 8204 4134 8204 4110 8205 4135 8205 4111 8205 4110 8206 4136 8206 4135 8206 4063 8207 4062 8207 4133 8207 4063 8208 4137 8208 4138 8208 4063 8209 4133 8209 4137 8209 4109 8210 4136 8210 4110 8210 4109 8211 4139 8211 4136 8211 4108 8212 4139 8212 4109 8212 4064 8213 4138 8213 4140 8213 4064 8214 4063 8214 4138 8214 4107 8215 4139 8215 4108 8215 4107 8216 4141 8216 4139 8216 4106 8217 4141 8217 4107 8217 4106 8218 4142 8218 4141 8218 4065 8219 4140 8219 4143 8219 4065 8220 4064 8220 4140 8220 4105 8221 4142 8221 4106 8221 4066 8222 4065 8222 4143 8222 4066 8223 4143 8223 4144 8223 4104 8224 4142 8224 4105 8224 4104 8225 4145 8225 4142 8225 4067 8226 4066 8226 4144 8226 4067 8227 4144 8227 4146 8227 4103 8228 4145 8228 4104 8228 4103 8229 4147 8229 4145 8229 4068 8230 4067 8230 4146 8230 4068 8231 4146 8231 4148 8231 4102 8232 4147 8232 4103 8232 4069 8233 4068 8233 4148 8233 4101 8234 4147 8234 4102 8234 4101 8235 4149 8235 4147 8235 4070 8236 4069 8236 4148 8236 4070 8237 4148 8237 4150 8237 4100 8238 4149 8238 4101 8238 4071 8239 4070 8239 4150 8239 4072 8240 4071 8240 4150 8240 4072 8241 4150 8241 4151 8241 4099 8242 4152 8242 4149 8242 4099 8243 4149 8243 4100 8243 4073 8244 4072 8244 4151 8244 4098 8245 4153 8245 4152 8245 4098 8246 4152 8246 4099 8246 4074 8247 4073 8247 4151 8247 4074 8248 4151 8248 4154 8248 4097 8249 4153 8249 4098 8249 4075 8250 4074 8250 4154 8250 4096 8251 4155 8251 4153 8251 4096 8252 4153 8252 4097 8252 4076 8253 4075 8253 4154 8253 4095 8254 4155 8254 4096 8254 4077 8255 4154 8255 4156 8255 4077 8256 4076 8256 4154 8256 4094 8257 4157 8257 4155 8257 4094 8258 4155 8258 4095 8258 4078 8259 4156 8259 4158 8259 4078 8260 4077 8260 4156 8260 4093 8261 4157 8261 4094 8261 4092 8262 4159 8262 4157 8262 4092 8263 4157 8263 4093 8263 4079 8264 4078 8264 4158 8264 4091 8265 4159 8265 4092 8265 4080 8266 4079 8266 4158 8266 4080 8267 4158 8267 4160 8267 4090 8268 4161 8268 4159 8268 4090 8269 4159 8269 4091 8269 4081 8270 4080 8270 4160 8270 4081 8271 4160 8271 4162 8271 4089 8272 4163 8272 4161 8272 4089 8273 4161 8273 4090 8273 4082 8274 4081 8274 4162 8274 4083 8275 4082 8275 4162 8275 4083 8276 4162 8276 4164 8276 4088 8277 4163 8277 4089 8277 4087 8278 4165 8278 4163 8278 4087 8279 4163 8279 4088 8279 4084 8280 4083 8280 4164 8280 4084 8281 4164 8281 4166 8281 4086 8282 4165 8282 4087 8282 4085 8283 4084 8283 4166 8283 4085 8284 4165 8284 4086 8284 4085 8285 4166 8285 4165 8285 4060 8286 4059 8286 4123 8286 4123 8287 4059 8287 4121 8287 4167 8288 4168 8288 4130 8288 4167 8289 4130 8289 4124 8289 4169 8290 4170 8290 4159 8290 4169 8291 4159 8291 4161 8291 4171 8292 4161 8292 4163 8292 4171 8293 4169 8293 4161 8293 4172 8294 4163 8294 4165 8294 4172 8295 4171 8295 4163 8295 4173 8296 4165 8296 4166 8296 4173 8297 4172 8297 4165 8297 4174 8298 4166 8298 4164 8298 4174 8299 4173 8299 4166 8299 4175 8300 4164 8300 4162 8300 4175 8301 4174 8301 4164 8301 4176 8302 4162 8302 4160 8302 4176 8303 4175 8303 4162 8303 4177 8304 4160 8304 4158 8304 4177 8305 4176 8305 4160 8305 4178 8306 4158 8306 4156 8306 4178 8307 4177 8307 4158 8307 4179 8308 4156 8308 4154 8308 4179 8309 4178 8309 4156 8309 4180 8310 4154 8310 4151 8310 4180 8311 4179 8311 4154 8311 4181 8312 4151 8312 4150 8312 4181 8313 4180 8313 4151 8313 4182 8314 4150 8314 4148 8314 4182 8315 4181 8315 4150 8315 4183 8316 4182 8316 4148 8316 4183 8317 4148 8317 4146 8317 4184 8318 4183 8318 4146 8318 4184 8319 4146 8319 4144 8319 4185 8320 4184 8320 4144 8320 4185 8321 4144 8321 4143 8321 4186 8322 4185 8322 4143 8322 4186 8323 4143 8323 4140 8323 4187 8324 4140 8324 4138 8324 4187 8325 4186 8325 4140 8325 4188 8326 4187 8326 4138 8326 4188 8327 4138 8327 4137 8327 4189 8328 4188 8328 4137 8328 4189 8329 4137 8329 4133 8329 4168 8330 4189 8330 4133 8330 4168 8331 4133 8331 4130 8331 4126 8332 4190 8332 4125 8332 4191 8333 4190 8333 4126 8333 4127 8334 4191 8334 4126 8334 4192 8335 4191 8335 4127 8335 4193 8336 4127 8336 4128 8336 4193 8337 4192 8337 4127 8337 4194 8338 4128 8338 4129 8338 4194 8339 4193 8339 4128 8339 4195 8340 4129 8340 4131 8340 4195 8341 4194 8341 4129 8341 4196 8342 4131 8342 4132 8342 4196 8343 4195 8343 4131 8343 4197 8344 4132 8344 4134 8344 4197 8345 4196 8345 4132 8345 4198 8346 4134 8346 4135 8346 4198 8347 4135 8347 4136 8347 4198 8348 4197 8348 4134 8348 4199 8349 4198 8349 4136 8349 4200 8350 4136 8350 4139 8350 4200 8351 4199 8351 4136 8351 4201 8352 4139 8352 4141 8352 4201 8353 4200 8353 4139 8353 4202 8354 4141 8354 4142 8354 4202 8355 4201 8355 4141 8355 4203 8356 4142 8356 4145 8356 4203 8357 4202 8357 4142 8357 4204 8358 4203 8358 4145 8358 4204 8359 4145 8359 4147 8359 4204 8360 4147 8360 4149 8360 4205 8361 4204 8361 4149 8361 4206 8362 4205 8362 4149 8362 4206 8363 4149 8363 4152 8363 4207 8364 4206 8364 4152 8364 4207 8365 4152 8365 4153 8365 4208 8366 4207 8366 4153 8366 4208 8367 4153 8367 4155 8367 4209 8368 4208 8368 4155 8368 4209 8369 4155 8369 4157 8369 4170 8370 4209 8370 4157 8370 4170 8371 4157 8371 4159 8371 4190 8372 4210 8372 4123 8372 4190 8373 4123 8373 4125 8373 4210 8374 4167 8374 4124 8374 4210 8375 4124 8375 4123 8375 4210 8376 4190 8376 4167 8376 4191 8377 4168 8377 4190 8377 4190 8378 4168 8378 4167 8378 4192 8379 4189 8379 4191 8379 4191 8380 4189 8380 4168 8380 4193 8381 4188 8381 4192 8381 4192 8382 4188 8382 4189 8382 4194 8383 4187 8383 4193 8383 4193 8384 4187 8384 4188 8384 4195 8385 4186 8385 4194 8385 4196 8386 4186 8386 4195 8386 4194 8387 4186 8387 4187 8387 4196 8388 4185 8388 4186 8388 4200 8389 4203 8389 4199 8389 4201 8390 4203 8390 4200 8390 4202 8391 4203 8391 4201 8391 4197 8392 4204 8392 4196 8392 4198 8393 4204 8393 4197 8393 4199 8394 4204 8394 4198 8394 4203 8395 4204 8395 4199 8395 4204 8396 4205 8396 4196 8396 4205 8397 4206 8397 4196 8397 4206 8398 4207 8398 4196 8398 4181 8399 4179 8399 4180 8399 4182 8400 4179 8400 4181 8400 4183 8401 4178 8401 4182 8401 4182 8402 4178 8402 4179 8402 4207 8403 4209 8403 4196 8403 4208 8404 4209 8404 4207 8404 4196 8405 4209 8405 4185 8405 4183 8406 4177 8406 4178 8406 4184 8407 4177 8407 4183 8407 4209 8408 4170 8408 4185 8408 4184 8409 4176 8409 4177 8409 4170 8410 4169 8410 4185 8410 4185 8411 4175 8411 4184 8411 4184 8412 4175 8412 4176 8412 4185 8413 4174 8413 4175 8413 4169 8414 4173 8414 4185 8414 4185 8415 4173 8415 4174 8415 4171 8416 4172 8416 4169 8416 4169 8417 4172 8417 4173 8417</p>
        </triangles>
      </mesh>
    </geometry>
  </library_geometries>
  <library_materials>
    <material id="mat_Emergency_Button_shape" name="Emergency_Button_shape">
      <instance_effect url="#effect_Emergency_Button_shape"/>
    </material>
  </library_materials>
  <library_visual_scenes>
    <visual_scene id="myscene">
      <node id="node0" name="node0">
        <instance_geometry url="#geometry0">
          <bind_material>
            <technique_common>
              <instance_material symbol="ref_Emergency_Button_shape" target="#mat_Emergency_Button_shape"/>
            </technique_common>
          </bind_material>
        </instance_geometry>
      </node>
    </visual_scene>
  </library_visual_scenes>
  <scene>
    <instance_visual_scene url="#myscene"/>
  </scene>
</COLLADA>
