<COLLADA xmlns="http://www.collada.org/2005/11/COLLADASchema" version="1.4.1">
  <asset>
    <contributor/>
    <created>2026-07-22T21:26:33.627652</created>
    <modified>2026-07-22T21:26:33.627657</modified>
    <unit name="meter" meter="1.0"/>
    <up_axis>Z_UP</up_axis>
  </asset>
  <library_effects>
    <effect id="effect_formed_hex_screw_am_B18_2_3_2M___Formed_hex_screw__M12_x_1_75_x_50___30WN_shape" name="effect_formed_hex_screw_am_B18_2_3_2M___Formed_hex_screw__M12_x_1_75_x_50___30WN_shape">
      <profile_COMMON>
        <technique sid="common">
          <phong>
            <emission>
              <color>0.0 0.0 0.0 1.0</color>
            </emission>
            <ambient>
              <color>0.0 0.0 0.0 1.0</color>
            </ambient>
            <diffuse>
              <color>0.800000011920929 0.800000011920929 0.9019607901573181 1.0</color>
            </diffuse>
            <specular>
              <color>1 1 1 1.0</color>
            </specular>
            <shininess>
              <float>0.0</float>
            </shininess>
            <reflective>
              <color>0.0 0.0 0.0 1.0</color>
            </reflective>
            <reflectivity>
              <float>0.0</float>
            </reflectivity>
            <transparent>
              <color>0.0 0.0 0.0 1.0</color>
            </transparent>
            <transparency>
              <float>1.0</float>
            </transparency>
          </phong>
        </technique>
        <extra>
          <technique profile="GOOGLEEARTH">
            <double_sided>0</double_sided>
          </technique>
        </extra>
      </profile_COMMON>
    </effect>
  </library_effects>
  <library_geometries>
    <geometry id="geometry0" name="formed_hex_screw_am_B18_2_3_2M___Formed_hex_screw__M12_x_1_75_x_50___30WN_shape">
      <mesh>
        <source id="cubeverts-array0">
          <float_array count="3717" id="cubeverts-array0-array">0.02135649 0.01164836 -0.1355706 -0.02765934 0.01164836 -0.1341645 -0.02765127 0.0117496 -0.1338831 0.02136456 0.0117496 -0.1352892 -0.02764306 0.01183669 -0.133597 0.02137277 0.01183669 -0.1350031 -0.02763474 0.0119094 -0.1333069 0.02138109 0.0119094 -0.134713 -0.02762633 0.01196755 -0.1330135 0.02138951 0.01196755 -0.1344197 -0.02761784 0.012011 -0.1327177 0.021398 0.012011 -0.1341238 -0.0276093 0.01203965 -0.13242 0.02140654 0.01203965 -0.1338261 -0.02760073 0.01205342 -0.1321213 0.02141511 0.01205342 -0.1335274 -0.02759215 0.01205227 -0.1318222 0.02142369 0.01205227 -0.1332283 -0.02758359 0.01203621 -0.1315236 0.02143225 0.01203621 -0.1329297 -0.02757505 0.01200528 -0.1312262 0.02144078 0.01200528 -0.1326323 -0.02756657 0.01195956 -0.1309306 0.02144926 0.01195956 -0.1323368 -0.02755817 0.01189915 -0.1306378 0.02145766 0.01189915 -0.1320439 -0.02754987 0.01182422 -0.1303483 0.02146597 0.01182422 -0.1317544 -0.02754168 0.01173494 -0.1300628 0.02147416 0.01173494 -0.1314689 -0.02753363 0.01163154 -0.1297822 0.02148221 0.01163154 -0.1311883 -0.02752574 0.01151428 -0.1295071 0.0214901 0.01151428 -0.1309132 0.02149781 0.01138344 -0.1306443 -0.02751802 0.01138344 -0.1292382 -0.0275105 0.01123936 -0.1289761 0.02150533 0.01123936 -0.1303822 -0.0275032 0.01108238 -0.1287215 0.02151263 0.01108238 -0.1301276 -0.02749613 0.01091291 -0.1284751 0.0215197 0.01091291 -0.1298812 -0.02748931 0.01073136 -0.1282374 0.02152652 0.01073136 -0.1296435 -0.02748276 0.01053818 -0.128009 0.02153307 0.01053818 -0.1294152 -0.0274765 0.01033385 -0.1277906 0.02153934 0.01033385 -0.1291967 -0.02747053 0.01011889 -0.1275826 0.02154531 0.01011889 -0.1289888 -0.02746488 0.009893818 -0.1273856 0.02155096 0.009893818 -0.1287917 -0.02745955 0.009659205 -0.1272001 0.02155628 0.009659205 -0.1286062 -0.02745457 0.009415631 -0.1270264 0.02156126 0.009415631 -0.1284326 -0.02744995 0.009163701 -0.1268652 0.02156589 0.009163701 -0.1282713 -0.02744569 0.008904042 -0.1267166 0.02157015 0.008904042 -0.1281227 -0.0274418 0.008637299 -0.1265812 0.02157403 0.008637299 -0.1279873 -0.0274383 0.008364135 -0.1264593 0.02157753 0.008364135 -0.1278654 -0.0274352 0.00808523 -0.1263511 0.02158064 0.00808523 -0.1277572 -0.0274325 0.007801277 -0.1262569 0.02158334 0.007801277 -0.127663 -0.02743021 0.007512981 -0.126177 0.02158563 0.007512981 -0.1275832 -0.02742833 0.007221061 -0.1261116 0.02158751 0.007221061 -0.1275177 0.02158896 0.00692624 -0.1274669 -0.02742687 0.00692624 -0.1260608 -0.02742584 0.006629253 -0.1260248 0.02159 0.006629253 -0.1274309 -0.02742523 0.006330838 -0.1260036 0.0215906 0.006330838 -0.1274097 -0.02742505 0.006031736 -0.1259973 0.02159079 0.006031736 -0.1274034 -0.0274253 0.005732692 -0.1260059 0.02159054 0.005732692 -0.127412 0.02158986 0.005434448 -0.1274355 -0.02742597 0.005434448 -0.1260294 -0.02742707 0.005137746 -0.1260677 0.02158876 0.005137746 -0.1274738 -0.02742859 0.004843325 -0.1261207 0.02158724 0.004843325 -0.1275269 0.0215853 0.004551915 -0.1275945 -0.02743053 0.004551915 -0.1261884 -0.02743289 0.004264241 -0.1262705 0.02158295 0.004264241 -0.1276766 -0.02743565 0.003981019 -0.1263668 0.02158018 0.003981019 -0.1277729 0.02157702 0.003702952 -0.1278833 -0.02743882 0.003702952 -0.1264771 -0.02744238 0.003430732 -0.1266012 0.02157346 0.003430732 -0.1280073 0.02156952 0.003165036 -0.1281447 -0.02744632 0.003165036 -0.1267386 -0.02745064 0.002906525 -0.1268891 0.0215652 0.002906525 -0.1282953 0.02156052 0.00265584 -0.1284585 -0.02745532 0.00265584 -0.1270524 -0.02746035 0.002413605 -0.1272279 0.02155548 0.002413605 -0.128634 -0.02746573 0.002180423 -0.1274152 0.02155011 0.002180423 -0.1288213 -0.02747143 0.001956874 -0.1276139 0.02154441 0.001956874 -0.1290201 -0.02747744 0.001743512 -0.1278236 0.02153839 0.001743512 -0.1292297 0.02153208 0.001540869 -0.1294497 -0.02748375 0.001540869 -0.1280435 -0.02749035 0.001349447 -0.1282734 0.02152549 0.001349447 -0.1296795 -0.0274972 0.001169724 -0.1285124 0.02151863 0.001169724 -0.1299185 -0.02750431 0.001002146 -0.1287602 0.02151153 0.001002146 -0.1301663 -0.02751165 0.0008471296 -0.1290159 0.02150419 0.0008471296 -0.130422 -0.0275192 0.0007050601 -0.1292791 0.02149664 0.0007050601 -0.1306852 -0.02752694 0.0005762907 -0.129549 0.0214889 0.0005762907 -0.1309552 0.02148098 0.0004611416 -0.1312312 -0.02753486 0.0004611416 -0.129825 -0.02828077 0.01121514 -0.133415 -0.02861295 0.01074965 -0.1337882 -0.02860617 0.01083463 -0.133552 -0.02859928 0.01090772 -0.1333119 -0.0285923 0.01096875 -0.1330684 -0.02796205 0.01152466 -0.1335105 -0.02826607 0.01133136 -0.1329024 -0.02858523 0.01101756 -0.1328222 -0.02857811 0.01105403 -0.1325739 -0.02794646 0.01164785 -0.1329672 -0.02825111 0.01139677 -0.132381 -0.02857094 0.01107808 -0.132324 -0.02856375 0.01108963 -0.1320733 -0.02793061 0.01171718 -0.1324145 -0.02823604 0.01141072 -0.1318557 -0.02855655 0.01108867 -0.1318223 -0.02854936 0.01107519 -0.1315717 -0.02791463 0.01173198 -0.1318576 -0.028221 0.0113731 -0.1313315 -0.0285422 0.01104923 -0.131322 -0.02853508 0.01101085 -0.131074 -0.02789869 0.0116921 -0.131302 -0.02820614 0.01128426 -0.1308135 -0.02852803 0.01096015 -0.1308281 -0.02852106 0.01089726 -0.1305851 -0.02788294 0.01159793 -0.130753 -0.02819161 0.01114505 -0.1303067 -0.02851419 0.01082233 -0.1303456 -0.02850743 0.01073554 -0.13011 -0.02786753 0.01145037 -0.1302158 -0.02817753 0.01095683 -0.129816 -0.02850081 0.01063712 -0.1298791 -0.02849433 0.0105273 -0.1296534 -0.02785261 0.01125085 -0.1296957 -0.02816405 0.01072139 -0.1293461 -0.02848802 0.01040636 -0.1294334 -0.02848189 0.01027461 -0.1292198 -0.02783832 0.0110013 -0.1291976 -0.0281513 0.01044101 -0.1289016 -0.02847596 0.01013236 -0.1290129 -0.02847023 0.009979981 -0.1288134 -0.02782481 0.0107041 -0.1287264 -0.02813939 0.01011839 -0.1284866 -0.02846474 0.00981784 -0.1286218 -0.02845948 0.009646342 -0.1284384 -0.02781219 0.01036213 -0.1282865 -0.02812845 0.009756633 -0.1281053 -0.02845447 0.009465916 -0.1282639 -0.02844973 0.009277008 -0.1280985 -0.02780059 0.009978672 -0.1278823 -0.02811859 0.009359225 -0.1277612 -0.02844526 0.00908009 -0.1279428 -0.02844108 0.008875649 -0.127797 -0.02779013 0.009557428 -0.1275176 -0.02810988 0.008929995 -0.1274578 -0.02843719 0.008664197 -0.1276617 -0.02843362 0.008446256 -0.127537 -0.0277809 0.009102451 -0.127196 -0.02810242 0.008473073 -0.1271978 -0.02843036 0.008222369 -0.1274233 -0.02842742 0.007993094 -0.127321 -0.027773 0.008618124 -0.1269204 -0.02809628 0.007992861 -0.1269839 -0.02842482 0.007759 -0.1272302 -0.02776649 0.008109109 -0.1266937 -0.02809153 0.007493985 -0.1268181 -0.02842255 0.007520669 -0.1271512 -0.02842063 0.007278693 -0.1270841 -0.02776145 0.00758031 -0.1265179 -0.0280882 0.006981248 -0.1267019 -0.02841905 0.007033674 -0.1270292 -0.02841783 0.006786221 -0.1269866 -0.02775792 0.007036819 -0.1263947 -0.02808632 0.006459589 -0.1266365 -0.02841696 0.00653695 -0.1269563 -0.02841645 0.00628648 -0.1269385 -0.02775593 0.006483871 -0.1263254 -0.02808592 0.00593403 -0.1266226 -0.0284163 0.006035434 -0.1269332 -0.0284165 0.005784436 -0.1269404 -0.02775551 0.005926789 -0.1263106 -0.028087 0.005409634 -0.1266602 -0.02841707 0.00553411 -0.1269602 -0.02841799 0.005285079 -0.1269923 -0.02775665 0.00537094 -0.1263505 -0.02808955 0.004891451 -0.126749 -0.02841927 0.005037961 -0.1270368 -0.0284209 0.00479337 -0.1270936 -0.02775935 0.004821676 -0.1264446 -0.02809354 0.004384471 -0.1268881 -0.02842288 0.004551916 -0.1271626 -0.0284252 0.004314198 -0.1272434 -0.02776358 0.004284287 -0.1265921 -0.02809893 0.003893577 -0.1270763 -0.02842785 0.004080808 -0.127336 -0.02843084 0.003852325 -0.1274401 -0.0277693 0.00376395 -0.1267916 -0.02810569 0.003423496 -0.1273116 -0.02843415 0.003629317 -0.1275555 -0.02843777 0.00341234 -0.1276818 -0.02777646 0.003265673 -0.127041 -0.02811373 0.002978756 -0.1275919 -0.0284417 0.003201932 -0.1278188 -0.02844593 0.002998616 -0.1279661 -0.02778498 0.002794257 -0.1273381 -0.02812298 0.002563639 -0.1279144 -0.02845044 0.002802899 -0.1281233 -0.02845522 0.002615266 -0.1282901 -0.02779479 0.002354242 -0.1276799 -0.02813335 0.002182143 -0.128276 -0.02846027 0.002436184 -0.1284661 -0.02846557 0.002266099 -0.1286507 -0.02780578 0.001949864 -0.1280632 -0.02814475 0.001837943 -0.1286732 -0.0284711 0.002105433 -0.1288436 -0.02847686 0.001954585 -0.1290443 -0.02781786 0.001585019 -0.1284843 -0.02815705 0.001534353 -0.1291023 -0.02848282 0.001813931 -0.1292522 -0.02848898 0.001683821 -0.1294669 -0.02783091 0.001263219 -0.1289391 -0.02817016 0.001274297 -0.129559 -0.02849532 0.001564577 -0.1296878 -0.02850182 0.001456497 -0.1299143 -0.02850846 0.001359848 -0.130146 -0.0278448 0.000987565 -0.1294232 0.02192513 0.01444517 -0.1366726 0.02132537 0.01444517 -0.1366554 0.02133748 0.01459703 -0.1362333 0.02193723 0.01459703 -0.1362505 0.02134979 0.01472766 -0.1358042 0.02194954 0.01472766 -0.1358214 0.02136227 0.01483672 -0.1353691 0.02196203 0.01483672 -0.1353863 0.0213749 0.01492395 -0.1349291 0.02197465 0.01492395 -0.1349463 0.02138763 0.01498913 -0.1344853 0.02198738 0.01498913 -0.1345025 0.02140044 0.0150321 -0.1340387 0.02200019 0.0150321 -0.134056 0.02141329 0.01505275 -0.1335907 0.02201304 0.01505275 -0.1336079 0.02142616 0.01505103 -0.1331421 0.02202591 0.01505103 -0.1331593 0.02143901 0.01502694 -0.1326942 0.02203876 0.01502694 -0.1327114 0.02145181 0.01498055 -0.132248 0.02205156 0.01498055 -0.1322652 0.02146453 0.01491196 -0.1318047 0.02206428 0.01491196 -0.1318219 0.02147713 0.01482136 -0.1313654 0.02207688 0.01482136 -0.1313826 0.02208934 0.01470896 -0.1309483 0.02148959 0.01470896 -0.1309311 0.02210162 0.01457504 -0.1305202 0.02150187 0.01457504 -0.130503 0.0221137 0.01441994 -0.1300993 0.02151394 0.01441994 -0.130082 0.02152578 0.01424405 -0.1296694 0.02212553 0.01424405 -0.1296866 0.02213711 0.01404779 -0.1292832 0.02153735 0.01404779 -0.129266 0.02214838 0.01383166 -0.1288901 0.02154863 0.01383166 -0.1288729 0.02215934 0.0135962 -0.1285082 0.02155958 0.0135962 -0.128491 0.02216994 0.01334199 -0.1281386 0.02157019 0.01334199 -0.1281214 0.02218017 0.01306966 -0.127782 0.02158042 0.01306966 -0.1277648 0.02218999 0.01277989 -0.1274395 0.02159024 0.01277989 -0.1274223 0.02219939 0.0124734 -0.1271119 0.02159964 0.0124734 -0.1270947 0.02220834 0.01215095 -0.1267999 0.02160859 0.01215095 -0.1267827 0.02221682 0.01181335 -0.1265044 0.02161707 0.01181335 -0.1264872 0.02222481 0.01146143 -0.126226 0.02162505 0.01146143 -0.1262088 0.02163252 0.01109607 -0.1259484 0.02223228 0.01109607 -0.1259656 0.02163946 0.01071818 -0.1257065 0.02223922 0.01071818 -0.1257237 0.02224561 0.01032869 -0.1255009 0.02164585 0.01032869 -0.1254837 0.02165168 0.009928573 -0.1252806 0.02225144 0.009928573 -0.1252978 0.02225668 0.009518827 -0.1251149 0.02165693 0.009518827 -0.1250976 0.02166158 0.00910047 -0.1249354 0.02226134 0.00910047 -0.1249526 0.02226539 0.00867454 -0.1248113 0.02166564 0.00867454 -0.1247941 0.02226883 0.008242097 -0.1246915 0.02166907 0.008242097 -0.1246743 0.02167189 0.007804215 -0.1245762 0.02227164 0.007804215 -0.1245934 0.02227383 0.007361985 -0.1245172 0.02167407 0.007361985 -0.1245 0.02227538 0.006916504 -0.1244631 0.02167563 0.006916504 -0.1244459 0.02227629 0.006468882 -0.1244313 0.02167654 0.006468882 -0.1244141 0.02227656 0.006020229 -0.1244218 0.02167681 0.006020229 -0.1244046 0.02227619 0.005571662 -0.1244347 0.02167644 0.005571662 -0.1244175 0.02227518 0.005124297 -0.12447 0.02167543 0.005124297 -0.1244528 0.02227353 0.004679244 -0.1245275 0.02167378 0.004679244 -0.1245103 0.02227125 0.004237611 -0.124607 0.0216715 0.004237611 -0.1245898 0.02166858 0.003800496 -0.1246913 0.02226834 0.003800496 -0.1247085 0.02226481 0.003368986 -0.1248317 0.02166505 0.003368986 -0.1248145 0.02226066 0.002944152 -0.1249762 0.02166091 0.002944152 -0.124959 0.02225591 0.002527052 -0.1251417 0.02165616 0.002527052 -0.1251245 0.02225058 0.002118723 -0.1253277 0.02165082 0.002118723 -0.1253105 0.02224466 0.001720179 -0.1255339 0.02164491 0.001720179 -0.1255167 0.02163843 0.001332411 -0.1257425 0.02223819 0.001332411 -0.1257597 0.02223116 0.0009563844 -0.1260045 0.02163141 0.0009563844 -0.1259873 0.02222361 0.0005930327 -0.1262677 0.02162386 0.0005930327 -0.1262505 0.02221555 0.0002432597 -0.1265487 0.0216158 0.0002432597 -0.1265315 0.02160724 -9.206496e-05 -0.1268296 0.022207 -9.206496e-05 -0.1268468 0.02219798 -0.0004121077 -0.1271613 0.02159822 -0.0004121077 -0.1271441 0.02218851 -0.0007160728 -0.1274913 0.02158876 -0.0007160728 -0.1274741 0.02217862 -0.001003205 -0.127836 0.02157887 -0.001003205 -0.1278188 0.02216833 -0.001272789 -0.1281946 0.02156858 -0.001272789 -0.1281774 0.02155792 -0.001524156 -0.128549 0.02215767 -0.001524156 -0.1285662 0.02214667 -0.001756681 -0.1289498 0.02154692 -0.001756681 -0.1289326 0.02153559 -0.001969786 -0.1293274 0.02213534 -0.001969786 -0.1293446 0.02212373 -0.00216294 -0.1297495 0.02152398 -0.00216294 -0.1297323 0.02211185 -0.002335663 -0.1301635 0.0215121 -0.002335663 -0.1301463 0.02926204 -0.001186303 -0.1306084 0.02925144 -0.001319184 -0.1309777 0.02829243 -0.001186303 -0.1305806 0.02828184 -0.001319184 -0.1309499 0.02924067 -0.001433482 -0.1313532 0.02827107 -0.001433482 -0.1313254 0.02922975 -0.001528913 -0.1317339 0.02826015 -0.001528913 -0.1317061 0.0292187 -0.00160524 -0.132119 0.0282491 -0.00160524 -0.1320911 0.02920756 -0.001662273 -0.1325073 0.02823796 -0.001662273 -0.1324795 0.02919635 -0.00169987 -0.132898 0.02822675 -0.00169987 -0.1328702 0.02918511 -0.001717938 -0.1332901 0.02821551 -0.001717938 -0.1332623 0.02820425 -0.001716432 -0.1336547 0.02917385 -0.001716432 -0.1336826 0.0291626 -0.001695355 -0.1340745 0.028193 -0.001695355 -0.1340467 0.0291514 -0.001654761 -0.1344649 0.0281818 -0.001654761 -0.1344371 0.02817068 -0.001594749 -0.134825 0.02914028 -0.001594749 -0.1348528 0.02912925 -0.00151547 -0.1352372 0.02815965 -0.00151547 -0.1352094 0.02911835 -0.001417119 -0.1356172 0.02814875 -0.001417119 -0.1355894 0.0291076 -0.001299943 -0.1359918 0.028138 -0.001299943 -0.135964 0.02812744 -0.001164231 -0.1363323 0.02909704 -0.001164231 -0.1363601 0.02811708 -0.001010322 -0.1366934 0.02908668 -0.001010322 -0.1367212 0.02907655 -0.0008385985 -0.1370741 0.02810695 -0.0008385985 -0.1370463 0.02906668 -0.0006494868 -0.1374181 0.02809708 -0.0006494868 -0.1373903 0.0290571 -0.0004434572 -0.1377523 0.0280875 -0.0004434572 -0.1377244 0.02807822 -0.000221022 -0.1380479 0.02904782 -0.000221022 -0.1380757 0.02806927 1.726573e-05 -0.1383598 0.02903887 1.726573e-05 -0.1383877 0.02806067 0.0002708136 -0.1386595 0.02903027 0.0002708136 -0.1386874 0.02805245 0.0005389913 -0.1389462 0.02902205 0.0005389913 -0.1389741 0.02901422 0.000821132 -0.139247 0.02804462 0.000821132 -0.1392192 0.0290068 0.001116534 -0.1395056 0.0280372 0.001116534 -0.1394778 0.02803021 0.001424464 -0.1397213 0.02899981 0.001424464 -0.1397491 0.02802368 0.001744155 -0.1399492 0.02899328 0.001744155 -0.139977 0.02898721 0.002074813 -0.1401887 0.0280176 0.002074813 -0.1401609 0.02801201 0.002415616 -0.1403559 0.02898161 0.002415616 -0.1403837 0.02800691 0.002765716 -0.1405336 0.02897651 0.002765716 -0.1405614 0.02800232 0.003124243 -0.1406936 0.02897192 0.003124243 -0.1407214 0.02799825 0.003490306 -0.1408356 0.02896785 0.003490306 -0.1408634 0.0289643 0.003862995 -0.140987 0.0279947 0.003862995 -0.1409592 0.0279917 0.004241382 -0.1410641 0.0289613 0.004241382 -0.1410919 0.02895883 0.004624528 -0.1411777 0.02798923 0.004624528 -0.1411499 0.02895692 0.00501148 -0.1412444 0.02798732 0.00501148 -0.1412166 0.02895556 0.005401276 -0.1412917 0.02798596 0.005401276 -0.1412639 0.02895477 0.005792945 -0.1413195 0.02798516 0.005792945 -0.1412917 0.02895453 0.006185517 -0.1413278 0.02798493 0.006185517 -0.1413 0.02895485 0.006578012 -0.1413165 0.02798525 0.006578012 -0.1412887 0.02895574 0.006969458 -0.1412857 0.02798613 0.006969458 -0.1412579 0.02895718 0.007358879 -0.1412354 0.02798758 0.007358879 -0.1412076 0.02895918 0.007745307 -0.1411658 0.02798957 0.007745307 -0.141138 0.02896172 0.008127783 -0.141077 0.02799212 0.008127783 -0.1410491 0.02799521 0.008505355 -0.1409414 0.02896482 0.008505355 -0.1409692 0.02896844 0.008877084 -0.1408428 0.02799884 0.008877084 -0.140815 0.02800299 0.009242046 -0.1406702 0.0289726 0.009242046 -0.140698 0.02897727 0.009599335 -0.1405352 0.02800766 0.009599335 -0.1405074 0.02898244 0.00994806 -0.1403548 0.02801284 0.00994806 -0.140327 0.02898811 0.01028736 -0.1401572 0.02801851 0.01028736 -0.1401294 0.02899425 0.01061638 -0.139943 0.02802465 0.01061638 -0.1399152 0.02900086 0.01093431 -0.1397127 0.02803126 0.01093431 -0.1396849 0.02900792 0.01124037 -0.1394668 0.02803831 0.01124037 -0.139439 0.0290154 0.01153377 -0.1392059 0.0280458 0.01153377 -0.1391781 0.02902329 0.01181381 -0.1389308 0.02805369 0.01181381 -0.138903 0.02903157 0.01207978 -0.1386421 0.02806197 0.01207978 -0.1386143 0.02904023 0.01233102 -0.1383404 0.02807063 0.01233102 -0.1383126 0.02904923 0.01256691 -0.1380267 0.02807963 0.01256691 -0.1379989 0.02905856 0.01278685 -0.1377015 0.02808895 0.01278685 -0.1376737 0.02906819 0.01299031 -0.1373658 0.02809858 0.01299031 -0.137338 0.02907809 0.01317678 -0.1370204 0.02810849 0.01317678 -0.1369926 0.02908826 0.01334579 -0.1366661 0.02811866 0.01334579 -0.1366383 0.02909865 0.01349692 -0.1363039 0.02812905 0.01349692 -0.1362761 0.02864985 0.009814351 -0.1239159 0.0222963 0.009814351 -0.1237336 0.02887628 0.00897217 -0.1240527 0.02906965 0.008125296 -0.1241893 0.02922572 0.007273126 -0.1243256 0.02933068 0.006501136 -0.124448 0.02939415 0.005801945 -0.124558 0.0294226 0.005242046 -0.1246455 0.02943059 0.004679244 -0.1247328 0.02941104 0.003972597 -0.1248415 0.02938289 0.003537455 -0.1249081 0.0293327 0.003011828 -0.1249879 0.02926571 0.002489032 -0.1250669 0.02918275 0.00196885 -0.125145 0.02908476 0.001451133 -0.1252223 0.02225076 -0.0004558632 -0.1253213 0.02893238 0.0007644042 -0.1253242 0.02877663 0.0001529116 -0.1254143 0.0286043 -0.0004558632 -0.1255035 0.02841757 0.01632497 -0.1320127 0.02206403 0.01632497 -0.1318304 0.02866679 0.01579108 -0.1313553 0.02888307 0.01525422 -0.1306933 0.02906219 0.014714 -0.1300261 0.02918803 0.01422461 -0.1294206 0.02927042 0.01378137 -0.1288713 0.02931401 0.01342644 -0.1284307 0.02933722 0.01306966 -0.1279874 0.02933679 0.01262169 -0.1274298 0.02932041 0.01234584 -0.127086 0.02928444 0.01201263 -0.1266702 0.02923159 0.01168121 -0.1262562 0.02916271 0.01135145 -0.1258438 0.02907872 0.01102326 -0.1254329 0.02894491 0.01058792 -0.1248872 0.02880571 0.01020027 -0.1244007 0.02813976 0.01256537 -0.1416971 0.02178622 0.01256537 -0.1415149 0.02839252 0.01287356 -0.1409099 0.02861339 0.01318484 -0.1401137 0.02879682 0.0134979 -0.1393119 0.02892584 0.01378062 -0.1385867 0.02901091 0.01403612 -0.1379305 0.02905667 0.0142403 -0.1374054 0.02908218 0.01444517 -0.136878 0.02908489 0.01470379 -0.1362113 0.02907035 0.01486378 -0.1357984 0.02903633 0.01505767 -0.1352976 0.0289853 0.01525005 -0.1348002 0.02891828 0.01544095 -0.1343061 0.02883632 0.01563047 -0.1338152 0.02870561 0.01588117 -0.1331651 0.02856965 0.01610382 -0.1325872 0.02809421 0.002295151 -0.1432848 0.02174067 0.002295151 -0.1431025 0.02832812 0.003137333 -0.1431612 0.028529 0.003984207 -0.1430359 0.02176344 0.007430258 -0.1423087 0.02869263 0.004836376 -0.1429088 0.02880443 0.005608367 -0.1427925 0.02887411 0.006307558 -0.1426864 0.02890752 0.006867456 -0.1426007 0.0289205 0.007430258 -0.142514 0.02890721 0.008136906 -0.1424043 0.02888293 0.008572047 -0.1423363 0.0288374 0.009097674 -0.1422536 0.02877504 0.009620471 -0.142171 0.0286967 0.01014065 -0.1420882 0.0286033 0.01065837 -0.1420055 0.02845701 0.0113451 -0.141895 0.02830669 0.01195659 -0.1417961 0.02832648 -0.004215463 -0.135188 0.02197294 -0.004215463 -0.1350057 0.02853761 -0.003681578 -0.1358585 0.02871558 -0.003144717 -0.1365318 0.02185681 -0.000960156 -0.1390541 0.02885616 -0.0026045 -0.1372083 0.02894708 -0.002115111 -0.13782 0.02899784 -0.001671872 -0.1383731 0.02901611 -0.001316934 -0.1388154 0.02901386 -0.000960156 -0.1392594 0.02898146 -0.0005121902 -0.1398161 0.02894541 -0.0002363398 -0.1401584 0.02888566 9.687178e-05 -0.1405714 0.02880916 0.0004282891 -0.1409817 0.02871675 0.0007580489 -0.1413895 0.02860934 0.001086246 -0.1417949 0.02844448 0.001521585 -0.142332 0.02827761 0.00190923 -0.1428097 0.02878991 -0.003611602 -0.1336445 0.02861221 -0.003863848 -0.1342897 0.02847414 -0.004040251 -0.1347405 0.0290562 -0.001222948 -0.1274941 0.02917379 -0.001536516 -0.1283059 0.02924489 -0.001835193 -0.1290779 0.02926571 -0.001995132 -0.1294908 0.02927436 -0.002165608 -0.1299306 0.02926891 -0.002335663 -0.1303688 0.02923359 -0.002592823 -0.1310308 0.02916662 -0.002848924 -0.1316891 0.02906939 -0.003104011 -0.1323439 0.02894324 -0.003358156 -0.1329955 0.02886781 -0.0008572156 -0.1265458 0.02902409 -0.001232485 -0.1389029 0.02903469 -0.001486696 -0.1385332 0.02904565 -0.001722159 -0.1381514 0.02905693 -0.001938287 -0.1377583 0.0290685 -0.002134542 -0.1373549 0.02908034 -0.002310438 -0.1369422 0.02909241 -0.002465537 -0.1365213 0.02910469 -0.002599453 -0.1360932 0.02911715 -0.002711854 -0.1356589 0.02915527 -0.002917437 -0.1343301 0.02916812 -0.002941525 -0.1338822 0.02918099 -0.002943246 -0.1334336 0.02919384 -0.002922597 -0.1329855 0.02920665 -0.002879628 -0.132539 0.02921938 -0.002814448 -0.1320952 0.02923201 -0.002727217 -0.1316552 0.02924449 -0.002618153 -0.1312201 0.0292568 -0.002487527 -0.1307909 0.02871827 -0.003446124 -0.1355472 0.02912976 -0.002802459 -0.1352195 0.02874441 -0.003587148 -0.1346357 0.02914247 -0.002871043 -0.1347762 0.02891885 0.006985206 -0.1425715 0.02891784 0.00653784 -0.1426067 0.02891747 0.006089273 -0.1426196 0.02891774 0.005640621 -0.1426102 0.02891865 0.005192998 -0.1425784 0.0289202 0.004747518 -0.1425243 0.02892239 0.004305287 -0.1424481 0.02892521 0.003867406 -0.1423499 0.02892864 0.003434963 -0.1422301 0.0289426 0.00218093 -0.1417437 0.02894842 0.001780815 -0.1415406 0.02895481 0.001391326 -0.1413178 0.02896176 0.001013432 -0.1410759 0.02896923 0.0006480703 -0.1408154 0.02897721 0.0002961509 -0.1405371 0.02898569 -4.145174e-05 -0.1402416 0.02899464 -0.0003638983 -0.1399296 0.02900404 -0.000670387 -0.1396019 0.02851009 0.002981082 -0.1428042 0.0289327 0.003009033 -0.1420889 0.02851966 0.002120857 -0.1424705 0.02893735 0.002590675 -0.1419266 0.0290703 0.01427244 -0.137292 0.02905869 0.01407929 -0.1376969 0.02904736 0.01386618 -0.1380916 0.02903636 0.01363366 -0.1384753 0.0290257 0.01338229 -0.1388469 0.02901541 0.01311271 -0.1392055 0.02900552 0.01282557 -0.1395502 0.02899606 0.01252161 -0.1398802 0.02898704 0.01220157 -0.1401946 0.02896287 0.01115312 -0.141037 0.02895585 0.01077709 -0.1412818 0.02894937 0.01038932 -0.1415076 0.02894346 0.00999078 -0.1417137 0.02893812 0.00958245 -0.1418998 0.02893337 0.00916535 -0.1420653 0.02892923 0.008740517 -0.1422098 0.02892569 0.008309007 -0.1423329 0.02892278 0.007871891 -0.1424344 0.02856561 0.01248196 -0.1408688 0.02897848 0.01186624 -0.1404927 0.02854903 0.01176276 -0.1414466 0.02897042 0.01151647 -0.1407737 0.029327 0.01334199 -0.1283439 0.02931639 0.0135962 -0.1287135 0.02930544 0.01383166 -0.1290954 0.02929416 0.01404779 -0.1294885 0.02928259 0.01424405 -0.1298919 0.02927075 0.01441994 -0.1303046 0.02925868 0.01457504 -0.1307255 0.0292464 0.01470896 -0.1311536 0.02923394 0.01482136 -0.1315879 0.02919582 0.01502694 -0.1329167 0.02918297 0.01505103 -0.1333646 0.0291701 0.01505275 -0.1338132 0.02915725 0.0150321 -0.1342613 0.02914444 0.01498913 -0.1347078 0.0291317 0.01492395 -0.1351516 0.02911908 0.01483672 -0.1355916 0.0291066 0.01472766 -0.1360267 0.02909429 0.01459703 -0.1364559 0.02882931 0.01555563 -0.1316765 0.02922133 0.01491196 -0.1320272 0.02920862 0.01498055 -0.1324705 0.02880316 0.01569665 -0.132588 0.02943224 0.005124297 -0.1246753 0.02943325 0.005571662 -0.1246401 0.02943362 0.006020229 -0.1246272 0.02943335 0.006468882 -0.1246366 0.02943244 0.006916504 -0.1246684 0.02943088 0.007361985 -0.1247225 0.0294287 0.007804215 -0.1247987 0.02942588 0.008242097 -0.1248968 0.02942245 0.00867454 -0.1250167 0.02940849 0.009928573 -0.1255031 0.02940266 0.01032869 -0.1257062 0.02939627 0.01071818 -0.125929 0.02938933 0.01109607 -0.1261709 0.02938186 0.01146143 -0.1264314 0.02937388 0.01181335 -0.1267097 0.0293654 0.01215095 -0.1270052 0.02935645 0.0124734 -0.1273172 0.02934705 0.01277989 -0.1276448 0.02903749 0.00912842 -0.1244196 0.02941839 0.00910047 -0.1251579 0.02941374 0.009518827 -0.1253202 0.02902791 0.009988646 -0.1247532 0.02928078 -0.00216294 -0.1299548 0.0292924 -0.001969786 -0.1295499 0.02930372 -0.001756681 -0.1291552 0.02931473 -0.001524156 -0.1287715 0.02932539 -0.001272789 -0.1283999 0.02933568 -0.001003205 -0.1280413 0.02934557 -0.0007160728 -0.1276966 0.02935503 -0.0004121077 -0.1273666 0.02936405 -9.206496e-05 -0.1270522 0.02938822 0.0009563844 -0.1262098 0.02939524 0.001332411 -0.125965 0.02940172 0.001720179 -0.1257392 0.02940763 0.002118723 -0.125533 0.02941297 0.002527052 -0.125347 0.02941772 0.002944152 -0.1251815 0.02942186 0.003368986 -0.125037 0.02942539 0.003800496 -0.1249139 0.02942831 0.004237611 -0.1248124 0.02898197 -0.0003724553 -0.1263549 0.0293726 0.0002432597 -0.1267541 0.02938067 0.0005930327 -0.126473 0.02899854 0.0003467465 -0.1257771 0.0283229 -0.0006796938 -0.1295186 0.02831299 -0.0008661601 -0.129864 0.02830283 -0.00103517 -0.1302183 0.02834186 -0.0002562883 -0.1288578 0.02833253 -0.0004762346 -0.1291829 0.02835951 0.0002308386 -0.1282424 0.02835086 -2.040176e-05 -0.128544 0.02837569 0.0007768455 -0.1276785 0.02836779 0.000496808 -0.1279536 0.02839022 0.001376306 -0.1271718 0.02838317 0.001070255 -0.1274176 0.02840298 0.002023262 -0.1267272 0.02839683 0.001694239 -0.1269414 0.02842264 0.003433536 -0.1260417 0.02841849 0.003068573 -0.1261864 0.02841382 0.002711285 -0.1263493 0.02840864 0.002362559 -0.1265296 0.02842627 0.003805265 -0.1259152 0.0284339 0.004951741 -0.125649 0.02843191 0.004565312 -0.1257187 0.02842936 0.004182837 -0.1258075 0.02843552 0.006909344 -0.1255927 0.02843632 0.006517673 -0.1255649 0.02843656 0.006125103 -0.1255566 0.02843623 0.005732607 -0.1255679 0.02843535 0.005341162 -0.1255987 0.02842678 0.008447624 -0.1258974 0.02842979 0.008069237 -0.1257926 0.02843225 0.007686091 -0.1257067 0.02843416 0.007299139 -0.12564 0.02813964 0.0136298 -0.1359067 0.02840947 0.009895003 -0.1265008 0.02841457 0.009544904 -0.1263231 0.02841916 0.009186377 -0.126163 0.02842323 0.008820313 -0.126021 0.02820598 0.01402856 -0.1335944 0.02818352 0.01397289 -0.1343772 0.02819473 0.01401049 -0.1339865 0.02837687 0.01148949 -0.1276374 0.02838428 0.01119409 -0.1273788 0.02839127 0.01088616 -0.1271353 0.02839781 0.01056646 -0.1269074 0.02821724 0.01402705 -0.1332019 0.02815042 0.0137441 -0.1355312 0.02816134 0.01383953 -0.1351505 0.02817238 0.01391586 -0.1347655 0.02836903 0.01177163 -0.1279104 0.02840388 0.01023581 -0.1266957 0.02836081 0.01203981 -0.1281971 0.02834326 0.01253164 -0.1288087 0.02835221 0.01229335 -0.1284968 0.02826184 0.01382609 -0.1316472 0.02822848 0.01400597 -0.13281 0.02823968 0.01396538 -0.1324196 0.02825081 0.01390537 -0.1320317 0.02833398 0.01275408 -0.1291322 0.02827274 0.01372774 -0.1312673 0.02831453 0.01314922 -0.1298103 0.0283244 0.01296011 -0.1294663 0.02829405 0.01347485 -0.1305244 0.02828348 0.01361056 -0.1308927 0.02830441 0.01332094 -0.1301633 0.02910925 0.0136298 -0.1359345 0.02912002 0.0137441 -0.135559 0.02913094 0.01383953 -0.1351783 0.02914198 0.01391586 -0.1347933 0.02915312 0.01397289 -0.134405 0.02916433 0.01401049 -0.1340143 0.02917558 0.01402856 -0.1336222 0.02918684 0.01402705 -0.1332297 0.02919808 0.01400597 -0.1328378 0.02920928 0.01396538 -0.1324474 0.02922041 0.01390537 -0.1320595 0.02923144 0.01382609 -0.1316751 0.02924234 0.01372774 -0.1312951 0.02925308 0.01361056 -0.1309205 0.02926365 0.01347485 -0.1305522 0.02927401 0.01332094 -0.1301911 0.02928413 0.01314922 -0.1298381 0.029294 0.01296011 -0.1294941 0.02930359 0.01275408 -0.12916 0.02931286 0.01253164 -0.1288365 0.02932181 0.01229335 -0.1285246 0.02933041 0.01203981 -0.1282249 0.02933863 0.01177163 -0.1279382 0.02934647 0.01148949 -0.1276652 0.02935388 0.01119409 -0.1274066 0.02936087 0.01088616 -0.1271631 0.02936741 0.01056646 -0.1269352 0.02937348 0.01023581 -0.1267235 0.02937907 0.009895003 -0.1265286 0.02938417 0.009544904 -0.1263509 0.02938876 0.009186377 -0.1261908 0.02939284 0.008820313 -0.1260488 0.02939638 0.008447624 -0.1259252 0.02939939 0.008069237 -0.1258204 0.02940185 0.007686091 -0.1257345 0.02940376 0.007299139 -0.1256678 0.02940512 0.006909344 -0.1256205 0.02940592 0.006517673 -0.1255927 0.02940616 0.006125103 -0.1255844 0.02940583 0.005732607 -0.1255957 0.02940495 0.005341162 -0.1256265 0.02940351 0.004951741 -0.1256768 0.02940151 0.004565312 -0.1257465 0.02939896 0.004182837 -0.1258353 0.02939587 0.003805265 -0.125943 0.02939224 0.003433536 -0.1260695 0.02938809 0.003068573 -0.1262143 0.02938342 0.002711285 -0.1263771 0.02937824 0.002362559 -0.1265575 0.02937258 0.002023262 -0.126755 0.02936643 0.001694239 -0.1269692 0.02935983 0.001376306 -0.1271996 0.02935277 0.001070255 -0.1274455 0.02934529 0.0007768455 -0.1277063 0.02933739 0.000496808 -0.1279814 0.02932911 0.0002308386 -0.1282702 0.02932046 -2.040176e-05 -0.1285718 0.02931146 -0.0002562883 -0.1288856 0.02930213 -0.0004762346 -0.1292107 0.0292925 -0.0006796938 -0.1295464 0.02928259 -0.0008661601 -0.1298918 0.02927243 -0.00103517 -0.1302461 0.0217864 0.00999078 -0.1415084 0.02178106 0.00958245 -0.1416945 0.02177632 0.00916535 -0.14186 0.02179231 0.01038932 -0.1413023 0.02177217 0.008740517 -0.1420045 0.02179879 0.01077709 -0.1410765 0.02180581 0.01115312 -0.1408317 0.02181337 0.01151647 -0.1405684 0.02182143 0.01186624 -0.1402874 0.02182998 0.01220157 -0.1399893 0.021839 0.01252161 -0.1396749 0.02184847 0.01282557 -0.1393449 0.02185836 0.01311271 -0.1390002 0.02186864 0.01338229 -0.1386416 0.0218793 0.01363366 -0.13827 0.02189031 0.01386618 -0.1378863 0.02191325 0.01427244 -0.1370867 0.02190163 0.01407929 -0.1374915 0.02176573 0.007871891 -0.1422291 0.02176864 0.008309007 -0.1421276 0.02176534 0.004305287 -0.1422428 0.02176315 0.004747518 -0.142319 0.0217616 0.005192998 -0.142373 0.02176068 0.005640621 -0.1424048 0.02176041 0.006089273 -0.1424143 0.02176815 0.003867406 -0.1421446 0.02177159 0.003434963 -0.1420248 0.02177564 0.003009033 -0.1418836 0.02178029 0.002590675 -0.1417213 0.02178554 0.00218093 -0.1415384 0.02179137 0.001780815 -0.1413353 0.02179776 0.001391326 -0.1411125 0.0218047 0.001013432 -0.1408705 0.02181217 0.0006480703 -0.1406101 0.02182016 0.0002961509 -0.1403318 0.02182863 -4.145174e-05 -0.1400363 0.0217618 0.006985206 -0.1423662 0.02176078 0.00653784 -0.1424014 0.02184698 -0.000670387 -0.1393966 0.02183758 -0.0003638983 -0.1397243 0.02198542 -0.002871043 -0.1345709 0.0219727 -0.002802459 -0.1350142 0.0219601 -0.002711854 -0.1354536 0.02194764 -0.002599453 -0.1358878 0.02193536 -0.002465537 -0.136316 0.02192328 -0.002310438 -0.1367369 0.02191144 -0.002134542 -0.1371496 0.02189987 -0.001938287 -0.137553 0.02188859 -0.001722159 -0.1379461 0.02199821 -0.002917437 -0.1341248 0.02201106 -0.002941525 -0.1336768 0.02202393 -0.002943246 -0.1332283 0.02203679 -0.002922597 -0.1327802 0.0220496 -0.002879628 -0.1323337 0.02206233 -0.002814448 -0.1318899 0.02207495 -0.002727217 -0.1314499 0.02186703 -0.001232485 -0.1386976 0.02187764 -0.001486696 -0.1383279 0.02209974 -0.002487527 -0.1305856 0.02208743 -0.002618153 -0.1310147 0.02149999 -0.002487527 -0.1305684 0.02148768 -0.002618153 -0.1309975 0.0214752 -0.002727217 -0.1314327 0.02146257 -0.002814448 -0.1318727 0.02144984 -0.002879628 -0.1323165 0.02143703 -0.002922597 -0.132763 0.02142418 -0.002943246 -0.1332111 0.02141131 -0.002941525 -0.1336597 0.02139846 -0.002917437 -0.1341076 0.02138566 -0.002871043 -0.1345537 0.02137295 -0.002802459 -0.134997 0.02136034 -0.002711854 -0.1354364 0.02134789 -0.002599453 -0.1358706 0.0213356 -0.002465537 -0.1362988 0.02132353 -0.002310438 -0.1367197 0.02131169 -0.002134542 -0.1371324 0.02130012 -0.001938287 -0.1375358 0.02128884 -0.001722159 -0.1379289 0.02127789 -0.001486696 -0.1383107 0.02126728 -0.001232485 -0.1386804 0.02125706 -0.000960156 -0.1390369 0.02124723 -0.000670387 -0.1393794 0.02123783 -0.0003638983 -0.1397071 0.02122888 -4.145174e-05 -0.140019 0.0212204 0.0002961509 -0.1403146 0.02121242 0.0006480703 -0.1405929 0.02120495 0.001013432 -0.1408533 0.02119801 0.001391326 -0.1410953 0.02119161 0.001780815 -0.1413181 0.02118579 0.00218093 -0.1415212 0.02118054 0.002590675 -0.1417041 0.02117589 0.003009033 -0.1418664 0.02117183 0.003434963 -0.1420076 0.0211684 0.003867406 -0.1421274 0.02116558 0.004305287 -0.1422256 0.02116339 0.004747518 -0.1423018 0.02116184 0.005192998 -0.1423558 0.02116093 0.005640621 -0.1423876 0.02116066 0.006089273 -0.1423971 0.02116103 0.00653784 -0.1423842 0.02116204 0.006985206 -0.142349 0.02116369 0.007430258 -0.1422915 0.02116597 0.007871891 -0.1422119 0.02116888 0.008309007 -0.1421104 0.02117242 0.008740517 -0.1419873 0.02117656 0.00916535 -0.1418428 0.02118131 0.00958245 -0.1416773 0.02118665 0.00999078 -0.1414912 0.02119256 0.01038932 -0.141285 0.02119904 0.01077709 -0.1410593 0.02120606 0.01115312 -0.1408145 0.02121361 0.01151647 -0.1405512 0.02122167 0.01186624 -0.1402702 0.02123023 0.01220157 -0.1399721 0.02123925 0.01252161 -0.1396577 0.02124871 0.01282557 -0.1393277 0.0212586 0.01311271 -0.1389829 0.02126889 0.01338229 -0.1386243 0.02127955 0.01363366 -0.1382527 0.02129056 0.01386618 -0.1378691 0.02130188 0.01407929 -0.1374743 0.0213135 0.01427244 -0.1370694 -0.02861398 0.001373963 -0.1338242 -0.02860722 0.001287176 -0.1335886 -0.0286206 0.001472386 -0.1340551 -0.02863339 0.001703138 -0.1345008 -0.02862708 0.001582202 -0.1342808 -0.02860035 0.001212243 -0.1333491 -0.02863952 0.001834892 -0.1347144 -0.02859338 0.001149349 -0.1331061 -0.02857921 0.001060273 -0.1326122 -0.02857205 0.001034313 -0.1323625 -0.02858632 0.00109865 -0.1328602 -0.02866193 0.00246316 -0.1354958 -0.02867168 0.002832494 -0.1358357 -0.02866694 0.002643587 -0.1356703 -0.02867615 0.003029413 -0.1359914 -0.02864545 0.001977138 -0.1349213 -0.02865117 0.002129521 -0.1351208 -0.02865667 0.002291663 -0.1353124 -0.02855046 0.001031426 -0.1316102 -0.0285433 0.001055469 -0.1313603 -0.02855766 0.001019872 -0.1318609 -0.02856486 0.001020835 -0.1321119 -0.02853617 0.001091941 -0.131112 -0.02868779 0.003663247 -0.1363972 -0.02868033 0.003233853 -0.1361372 -0.02868421 0.003445306 -0.1362726 -0.02852213 0.001201779 -0.1306223 -0.02851524 0.001274872 -0.1303822 -0.02852911 0.001140752 -0.1308658 -0.02869105 0.003887133 -0.1365109 -0.02869659 0.004350502 -0.136704 -0.02869399 0.004116408 -0.1366132 -0.02870445 0.005572552 -0.1369779 -0.02869886 0.004588834 -0.1367831 -0.02870078 0.00483081 -0.1368501 -0.02870236 0.005075829 -0.136905 -0.02870358 0.005323281 -0.1369476 -0.0287049 0.006325067 -0.1369938 -0.02870214 0.007071542 -0.1368974 -0.02870434 0.006575392 -0.1369741 -0.02870341 0.006824424 -0.1369419 -0.02870496 0.005823022 -0.1369957 -0.02870511 0.006074069 -0.137001 -0.02870051 0.007316132 -0.1368406 -0.02869057 0.008257177 -0.1364941 -0.02869853 0.007557586 -0.1367717 -0.02869621 0.007795304 -0.1366908 -0.02869356 0.008028695 -0.1365982 -0.02867971 0.008907571 -0.1361154 -0.02868726 0.008480186 -0.1363788 -0.02868364 0.008697163 -0.1362524 -0.02867548 0.009110887 -0.1359681 -0.02867097 0.009306603 -0.1358109 -0.02865031 0.01000407 -0.1350906 -0.02866619 0.009494236 -0.1356441 -0.02866114 0.009673318 -0.1354681 -0.02865584 0.009843404 -0.1352835 -0.02864455 0.01015492 -0.1348899 -0.02863243 0.01042568 -0.1344673 -0.02861959 0.01065301 -0.1340199 -0.02862609 0.01054493 -0.1342464 -0.02863859 0.01029557 -0.134682 -0.02819823 0.0008943611 -0.1305377 -0.02787456 0.0005848404 -0.1304606 -0.02754293 0.0003598991 -0.1301064 -0.02755114 0.0002728149 -0.1303925 -0.02755946 0.0002001055 -0.1306826 -0.02821293 0.0007781402 -0.1310502 -0.02789014 0.0004616486 -0.1310039 -0.02756787 0.0001419517 -0.130976 -0.02757636 9.849806e-05 -0.1312718 -0.02822789 0.000712736 -0.1315717 -0.027906 0.0003923214 -0.1315566 -0.0275849 6.985259e-05 -0.1315695 -0.02759347 5.608651e-05 -0.1318682 -0.02824296 0.0006987783 -0.132097 -0.02792197 0.0003775265 -0.1321134 -0.02760205 5.723407e-05 -0.1321673 -0.02761061 7.329239e-05 -0.1324659 -0.028258 0.0007364015 -0.1326212 -0.02793791 0.0004174064 -0.1326691 -0.02761915 0.0001042216 -0.1327633 -0.02762763 0.0001499447 -0.1330589 -0.02827286 0.0008252434 -0.1331391 -0.02795366 0.000511577 -0.1332181 -0.02763603 0.0002103481 -0.1333517 -0.02764433 0.0002852816 -0.1336413 -0.0282874 0.0009644482 -0.1336459 -0.02796907 0.0006591314 -0.1337553 -0.02765252 0.000374559 -0.1339267 -0.02766057 0.0004779581 -0.1342073 -0.02830148 0.001152676 -0.1341366 -0.02798399 0.0008586486 -0.1342754 -0.02766846 0.0005952221 -0.1344824 -0.02767618 0.0007260593 -0.1347513 -0.02831495 0.001388112 -0.1346065 -0.02799828 0.001108207 -0.1347735 -0.0276837 0.0008701445 -0.1350134 -0.027691 0.001027119 -0.135268 -0.02832771 0.001668492 -0.1350511 -0.0280118 0.001405403 -0.1352447 -0.02769807 0.001196594 -0.1355144 -0.02770489 0.001378146 -0.1357521 -0.02833961 0.001991113 -0.135466 -0.02802441 0.001747376 -0.1356845 -0.02771144 0.001571326 -0.1359805 -0.0277177 0.001775652 -0.1361989 -0.02835055 0.002352869 -0.1358473 -0.02803601 0.00213083 -0.1360887 -0.02772367 0.001990616 -0.1364069 -0.02772932 0.002215684 -0.1366039 -0.02836042 0.002750277 -0.1361914 -0.02804647 0.002552074 -0.1364534 -0.02773465 0.002450297 -0.1367894 -0.02773963 0.002693871 -0.1369631 -0.02836913 0.003179508 -0.1364949 -0.0280557 0.003007051 -0.1367751 -0.02774425 0.002945801 -0.1371243 -0.02774851 0.003205461 -0.1372729 -0.02837658 0.00363643 -0.1367548 -0.0280636 0.003491379 -0.1370506 -0.0277524 0.003472204 -0.1374083 -0.0277559 0.003745367 -0.1375302 -0.02838272 0.004116641 -0.1369687 -0.02807011 0.004000393 -0.1372774 -0.027759 0.004024272 -0.1376384 -0.02838748 0.004615518 -0.1371346 -0.02807515 0.004529192 -0.1374532 -0.0277617 0.004308226 -0.1377326 -0.02776399 0.004596521 -0.1378125 -0.02839081 0.005128254 -0.1372508 -0.02807868 0.005072683 -0.1375763 -0.02776733 0.005183262 -0.1379287 -0.02776587 0.004888442 -0.1378779 -0.02839268 0.005649914 -0.1373161 -0.02808067 0.005625632 -0.1376456 -0.02776836 0.005480249 -0.1379647 -0.02776897 0.005778665 -0.1379859 -0.02839309 0.006175473 -0.1373301 -0.0280811 0.006182714 -0.1376604 -0.02776915 0.006077766 -0.1379922 -0.0277689 0.006376811 -0.1379836 -0.02839201 0.006699869 -0.1372925 -0.02807995 0.006738563 -0.1376206 -0.02776823 0.006675055 -0.1379601 -0.02776713 0.006971756 -0.1379218 -0.02838946 0.007218051 -0.1372037 -0.02807725 0.007287827 -0.1375264 -0.02776561 0.007266178 -0.1378688 -0.02776367 0.007557588 -0.1378011 -0.02838547 0.007725031 -0.1370645 -0.02807302 0.007825215 -0.1373789 -0.02776131 0.007845262 -0.137719 -0.02775855 0.008128484 -0.1376227 -0.02838007 0.008215925 -0.1368764 -0.0280673 0.008345552 -0.1371795 -0.02775538 0.00840655 -0.1375124 -0.02775183 0.00867877 -0.1373883 -0.02837332 0.008686007 -0.136641 -0.02806014 0.008843829 -0.1369301 -0.02774788 0.008944467 -0.1372509 -0.02774356 0.009202978 -0.1371004 -0.02836528 0.009130747 -0.1363608 -0.02805162 0.009315245 -0.136633 -0.02773888 0.009453663 -0.1369371 -0.02773385 0.009695897 -0.1367617 -0.02835603 0.009545863 -0.1360383 -0.02804182 0.00975526 -0.1362911 -0.02772847 0.009929079 -0.1365743 -0.02772277 0.01015263 -0.1363756 -0.02834566 0.009927359 -0.1356767 -0.02803082 0.01015964 -0.1359079 -0.02771676 0.01036599 -0.136166 -0.02771045 0.01056863 -0.135946 -0.02833426 0.01027156 -0.1352794 -0.02801874 0.01052448 -0.1354868 -0.02770386 0.01076006 -0.1357161 -0.027697 0.01093978 -0.1354771 -0.02832195 0.01057515 -0.1348504 -0.0280057 0.01084628 -0.135032 -0.02768989 0.01110736 -0.1352293 -0.02768255 0.01126237 -0.1349736 -0.02830885 0.01083521 -0.1343936 -0.02799181 0.01112194 -0.1345479 -0.027675 0.01140444 -0.1347104 -0.02766726 0.01153321 -0.1344405 0.02147291 0.0003598991 -0.1315126 0.0214647 0.0002728149 -0.1317986 0.02145638 0.0002001055 -0.1320887 0.02144796 0.0001419517 -0.1323821 0.02143947 9.849806e-05 -0.1326779 0.02143093 6.985259e-05 -0.1329756 0.02142237 5.608651e-05 -0.1332743 0.02141379 5.723407e-05 -0.1335734 0.02140522 7.329239e-05 -0.133872 0.02139669 0.0001042216 -0.1341694 0.02138821 0.0001499447 -0.134465 0.02137981 0.0002103481 -0.1347579 0.0213715 0.0002852816 -0.1350474 0.02136331 0.000374559 -0.1353328 0.02135526 0.0004779581 -0.1356134 0.02134737 0.0005952221 -0.1358885 0.02133966 0.0007260593 -0.1361575 0.02133214 0.0008701445 -0.1364195 0.02132484 0.001027119 -0.1366741 0.02131777 0.001196594 -0.1369205 0.02131095 0.001378146 -0.1371582 0.0213044 0.001571326 -0.1373866 0.02129813 0.001775652 -0.137605 0.02129217 0.001990616 -0.137813 0.02128651 0.002215684 -0.13801 0.02128119 0.002450297 -0.1381956 0.02127621 0.002693871 -0.1383692 0.02127158 0.002945801 -0.1385305 0.02126732 0.003205461 -0.138679 0.02126344 0.003472204 -0.1388144 0.02125994 0.003745367 -0.1389363 0.02125684 0.004024272 -0.1390445 0.02125414 0.004308226 -0.1391387 0.02125184 0.004596521 -0.1392186 0.02124997 0.004888442 -0.139284 0.02124851 0.005183262 -0.1393348 0.02124747 0.005480249 -0.1393708 0.02124687 0.005778665 -0.139392 0.02124669 0.006077766 -0.1393984 0.02124693 0.006376811 -0.1393898 0.02124761 0.006675055 -0.1393663 0.0212487 0.006971756 -0.1393279 0.02125023 0.007266178 -0.1392749 0.02125217 0.007557588 -0.1392072 0.02125452 0.007845262 -0.1391251 0.02125729 0.008128484 -0.1390288 0.02126045 0.00840655 -0.1389185 0.02126401 0.00867877 -0.1387944 0.02126795 0.008944467 -0.138657 0.02127227 0.009202978 -0.1385065 0.02127695 0.009453663 -0.1383433 0.02128199 0.009695897 -0.1381678 0.02128736 0.009929079 -0.1379804 0.02129306 0.01015263 -0.1377817 0.02129908 0.01036599 -0.1375721 0.02130539 0.01056863 -0.1373521 0.02131198 0.01076006 -0.1371223 0.02131884 0.01093978 -0.1368832 0.02132594 0.01110736 -0.1366355 0.02133328 0.01126237 -0.1363797 0.02134083 0.01140444 -0.1361165 0.02134858 0.01153321 -0.1358466</float_array>
          <technique_common>
            <accessor count="1239" source="#cubeverts-array0-array" stride="3">
              <param type="float" name="X"/>
              <param type="float" name="Y"/>
              <param type="float" name="Z"/>
            </accessor>
          </technique_common>
        </source>
        <source id="cubenormals-array0">
          <float_array count="7422" id="cubenormals-array0-array">-0.009704517 0.9409929 -0.3382872 -0.008346842 0.9566978 -0.2909635 -0.009703948 0.9409987 -0.338271 -0.006968995 0.9700181 -0.2429329 -0.008346841 0.9566978 -0.2909634 -0.005574208 0.9809244 -0.1943098 -0.006969412 0.970015 -0.2429449 -0.004165051 0.989395 -0.14519 -0.005573869 0.9809263 -0.1943001 -0.002745542 0.9954058 -0.09570716 -0.00416505 0.989395 -0.1451899 -0.001319537 0.9989406 -0.04599739 -0.002745712 0.9954053 -0.09571204 0.0001100571 0.9999926 0.003836491 -0.001319455 0.9989408 -0.04599504 0.001539145 0.9985585 0.05365323 0.0001100571 0.9999926 0.003836492 0.002964611 0.9946413 0.1033437 0.001539145 0.9985585 0.05365324 0.004382515 0.988252 0.1527706 0.002964613 0.9946413 0.1033438 0.005789471 0.9794064 0.2018158 0.004382517 0.9882519 0.1527707 0.007182561 0.9681215 0.2503777 0.00578947 0.9794064 0.2018158 0.008556857 0.9544387 0.2982844 0.007182558 0.9681216 0.2503776 0.009910977 0.9383709 0.3454879 0.008556859 0.9544387 0.2982845 0.01123966 0.9199799 0.3918044 0.009910982 0.9383708 0.345488 0.01123965 0.9199799 0.3918043 0.01254049 0.8993011 0.4371502 0.01254049 0.8993011 0.4371503 0.01381078 0.876375 0.4814314 0.01381078 0.8763749 0.4814315 0.01504573 0.8512894 0.5244806 0.01504573 0.8512893 0.5244808 0.01624428 0.8240657 0.5662611 0.01624427 0.8240659 0.566261 0.01740164 0.7948124 0.6066056 0.01740164 0.7948122 0.6066059 0.01851589 0.7635802 0.6454475 0.01851589 0.7635803 0.6454474 0.0195847 0.7304314 0.6827052 0.02060404 0.695492 0.7182384 0.01958471 0.730431 0.6827057 0.02157276 0.6588063 0.7520032 0.02060451 0.6954789 0.7182511 0.02248745 0.6204891 0.7838926 0.02157228 0.6588209 0.7519905 0.02334673 0.5806174 0.8138417 0.02248793 0.6204735 0.783905 0.02414729 0.5393298 0.8417483 0.02334672 0.5806177 0.8138416 0.02488859 0.4966583 0.8675892 0.02414729 0.5393296 0.8417485 0.02556716 0.4527943 0.8912483 0.02488814 0.4966773 0.8675783 0.02618253 0.407791 0.9126998 0.02556715 0.4527947 0.8912482 0.02673289 0.3617678 0.9318849 0.02618253 0.407791 0.9126998 0.02721674 0.3148501 0.9487512 0.0267329 0.3617676 0.9318849 0.02763298 0.2671413 0.9632611 0.02721673 0.3148502 0.9487511 0.02798034 0.2187947 0.9753697 0.02763298 0.2671415 0.963261 0.02798065 0.2187703 0.9753752 0.02825839 0.1698625 0.9850625 0.028466 0.1205467 0.9922994 0.02825842 0.1698873 0.9850582 0.0286031 0.07089926 0.9970733 0.02846624 0.1205213 0.9923025 0.02866888 0.02109912 0.9993662 0.0286031 0.07089934 0.9970733 0.02866339 -0.0287779 0.9991748 0.02866888 0.02109885 0.9993662 0.02866326 -0.02875272 0.9991755 0.0285865 -0.07855363 0.9965 0.02843868 -0.1281491 0.9913471 0.0285865 -0.07855303 0.9965 0.02822022 -0.1774146 0.9837316 0.02843868 -0.1281493 0.9913471 0.02822024 -0.1774391 0.9837272 0.02793173 -0.2262456 0.9736698 0.02793141 -0.2262703 0.973664 0.02757349 -0.2745149 0.9611874 0.02757344 -0.2745392 0.9611805 0.02714683 -0.3221213 0.9463091 0.02714683 -0.3221209 0.9463093 0.02665265 -0.3689105 0.9290827 0.02665266 -0.36891 0.9290829 0.02609222 -0.4147819 0.9095467 0.02609236 -0.414761 0.9095562 0.02546665 -0.4596308 0.8877449 0.02546665 -0.4596308 0.8877449 0.02477829 -0.5033124 0.8637492 0.02477829 -0.5033125 0.8637491 0.024028 -0.5457636 0.8375946 0.02402799 -0.5457639 0.8375945 0.0232179 -0.5868602 0.8093553 0.02321767 -0.5868773 0.8093429 0.02235046 -0.6264848 0.7791131 0.02235046 -0.6264848 0.7791131 0.02142734 -0.664553 0.7469338 0.02142734 -0.6645531 0.7469338 0.02045066 -0.7009797 0.7128881 0.02045066 -0.7009795 0.7128882 0.01942329 -0.7356542 0.6770787 0.01942375 -0.7356427 0.6770911 0.01834784 -0.7684977 0.6395894 0.01722612 -0.799449 0.6004871 0.01834784 -0.7684977 0.6395894 0.01606231 -0.8283924 0.5599179 0.01722611 -0.799449 0.600487 0.01485829 -0.8552837 0.5179469 0.0160623 -0.8283926 0.5599177 0.01361754 -0.8800449 0.4746953 0.01485829 -0.8552839 0.5179466 0.01234254 -0.9026276 0.4302454 0.01361708 -0.8800563 0.4746741 0.01234254 -0.9026276 0.4302453 0.01103665 -0.9229642 0.3847277 0.01103729 -0.9229566 0.3847458 -0.6993106 0.6787661 -0.2241458 -0.7128285 0.6763804 -0.1854323 -0.7113999 0.686241 -0.151603 -0.7127925 0.6713756 -0.2029329 -0.7127933 0.6713754 -0.2029306 -0.7277853 0.6516945 -0.213595 -0.7123762 0.6768173 -0.1855762 -0.7118833 0.68577 -0.1514646 -0.7110744 0.6933066 -0.1170438 -0.7091666 0.7001984 -0.08249202 -0.7041523 0.6965588 -0.1377514 -0.7108777 0.690026 -0.1360771 -0.7101933 0.6941748 -0.1172471 -0.7101635 0.699208 -0.08231772 -0.7108755 0.6900278 -0.1360803 -0.7186351 0.6823323 -0.1341127 -0.7092682 0.7033473 -0.04734129 -0.7068873 0.707219 -0.01231066 -0.7022025 0.7086508 -0.06874331 -0.7089155 0.7020351 -0.06771755 -0.7166671 0.6942363 -0.06651702 -0.7079877 0.7046259 -0.04749581 -0.7084322 0.7056735 -0.01219682 -0.7089127 0.7020375 -0.06772133 -0.7074293 0.7064095 0.02301041 -0.7045849 0.7072257 0.0582399 -0.7002387 0.7139078 0.001121541 -0.7146568 0.6994727 0.001917458 -0.7069283 0.7072836 0.001488226 -0.7069293 0.7072827 0.001489508 -0.7057769 0.7080619 0.02296236 -0.7067093 0.7051071 0.05818937 -0.7055784 0.7024649 0.09328578 -0.702275 0.7002153 0.128485 -0.6982864 0.7122733 0.07115295 -0.7049381 0.7057189 0.07087484 -0.7126276 0.697987 0.07054049 -0.7035787 0.7044475 0.09343823 -0.7050098 0.6975247 0.128142 -0.7049368 0.7057203 0.07087339 -0.7037306 0.6915615 0.162806 -0.6999755 0.6862564 0.1977031 -0.6963624 0.7037652 0.140691 -0.7105933 0.6897963 0.1387019 -0.7029601 0.6973584 0.1397799 -0.7029613 0.6973569 0.1397811 -0.701421 0.6938105 0.1632046 -0.7033656 0.682996 0.1969596 -0.701914 0.6737981 0.2308957 -0.6977167 0.6654714 0.2652154 -0.694482 0.688475 0.2090383 -0.7010178 0.6822812 0.2075245 -0.701018 0.6822811 0.2075243 -0.6993144 0.6762609 0.2315828 -0.7017836 0.6616859 0.2639538 -0.7085779 0.6749747 0.2057341 -0.700141 0.6493628 0.2968678 -0.6955054 0.6380627 0.330376 -0.6926692 0.6665435 0.2755525 -0.6991257 0.6606337 0.2734708 -0.6991261 0.6606333 0.2734711 -0.7065956 0.653663 0.2710117 -0.6972806 0.6519675 0.2978897 -0.7002833 0.6338205 0.3284433 -0.6984396 0.6184898 0.3600729 -0.693374 0.604292 0.3925095 -0.6909466 0.6381844 0.3395782 -0.6973038 0.6326255 0.3369753 -0.7046686 0.6260622 0.3338987 -0.6973042 0.6326249 0.3369756 -0.6953378 0.6211672 0.3614646 -0.6988838 0.5996728 0.3898128 -0.6968095 0.5815098 0.4198843 -0.6913155 0.5644978 0.4510266 -0.6893229 0.6036741 0.400514 -0.7028058 0.5924363 0.393806 -0.6955696 0.5985212 0.3974361 -0.6955746 0.5985135 0.3974386 -0.6935104 0.5841755 0.4216423 -0.6976122 0.5595829 0.4474419 -0.6952894 0.5387457 0.475737 -0.6893848 0.519066 0.5052911 -0.6878169 0.5633624 0.4577454 -0.6939456 0.55865 0.4542573 -0.7010299 0.5531037 0.4501479 -0.6918153 0.5413613 0.4778281 -0.6964843 0.5139577 0.5007564 -0.6939452 0.5586504 0.4542572 -0.6938831 0.4906585 0.5270489 -0.6875626 0.468412 0.5548403 -0.6864485 0.5176308 0.5107316 -0.6993631 0.508425 0.5023896 -0.6924232 0.5134168 0.5069057 -0.6902697 0.4931317 0.5294797 -0.6924355 0.5133976 0.5069082 -0.6955083 0.4632871 0.5492114 -0.6926071 0.4377135 0.5733257 -0.6858791 0.4130631 0.5991234 -0.6852348 0.4669113 0.5589696 -0.6910467 0.4632192 0.5548716 -0.6910465 0.4632192 0.5548719 -0.6978167 0.458844 0.5500126 -0.6888844 0.4399807 0.5760689 -0.6947005 0.4080518 0.5923555 -0.6841784 0.4117168 0.6019877 -0.691467 0.3804458 0.6141127 -0.6843335 0.3535525 0.6377212 -0.6898279 0.4085558 0.5976786 -0.6898179 0.408571 0.5976796 -0.69639 0.4048326 0.5925804 -0.6876655 0.3824534 0.6171269 -0.6940666 0.348823 0.629757 -0.6832985 0.3525912 0.6393611 -0.6904862 0.3194109 0.6490034 -0.6829488 0.2904508 0.6702382 -0.6887595 0.349977 0.6349225 -0.6951007 0.3468944 0.6296818 -0.6887614 0.3499779 0.6349199 -0.6866274 0.3211055 0.652253 -0.693611 0.2862267 0.6610432 -0.6826088 0.2900919 0.6707398 -0.6896783 0.2551876 0.67766 -0.6878629 0.2880184 0.6662507 -0.6878579 0.2880258 0.6662527 -0.6857935 0.2565497 0.6810797 -0.6939706 0.2855774 0.6609465 -0.6822264 0.2242531 0.6959006 -0.689035 0.1884488 0.6997984 -0.6818833 0.2248888 0.6960318 -0.6871376 0.2232876 0.6913643 -0.6871381 0.223287 0.691364 -0.6932546 0.2213943 0.6858445 -0.6928871 0.2209913 0.6863456 -0.6851639 0.1894476 0.7033207 -0.6821318 0.1557446 0.7144508 -0.6885692 0.1198186 0.7152035 -0.6811307 0.1575747 0.7150043 -0.6866031 0.1564074 0.7100091 -0.6865981 0.1564028 0.710015 -0.6929679 0.1550223 0.7041048 -0.6918969 0.1536686 0.7054535 -0.684753 0.1204539 0.7187517 -0.6805856 0.08869679 0.72728 -0.6822248 0.08576305 0.726095 -0.6882876 0.05000304 0.7237126 -0.6911055 0.08471892 0.7177715 -0.6845501 0.05027321 0.7272301 -0.6928585 0.0872141 0.7157799 -0.6862535 0.0880195 0.7220171 -0.6862558 0.08801659 0.7220153 -0.6825198 0.0149966 0.7307133 -0.6881997 -0.02028405 0.7252377 -0.6802509 0.01893648 0.7327347 -0.6905178 0.01483669 0.7231632 -0.6845537 -0.02040675 0.7286767 -0.6929185 0.01861364 0.7207757 -0.6861092 0.01878655 0.727256 -0.6861055 0.01879099 0.7272594 -0.6829735 -0.05581208 0.7283077 -0.6882812 -0.09042324 0.7197864 -0.6801227 -0.05105452 0.7313184 -0.6901516 -0.05526992 0.7215511 -0.6847833 -0.09085596 0.7230608 -0.6861582 -0.05063824 0.7256876 -0.6861541 -0.0506338 0.7256919 -0.6931472 -0.05014307 0.7190498 -0.6802055 -0.1205588 0.7230395 -0.68364 -0.1260092 0.7188588 -0.6885686 -0.1596652 0.7073757 -0.6863978 -0.1195593 0.7173308 -0.6900038 -0.124906 0.7129468 -0.6852304 -0.1603988 0.7104445 -0.6863899 -0.1195516 0.7173398 -0.6935626 -0.1183714 0.7106047 -0.6844761 -0.1948813 0.7025054 -0.6890222 -0.2273252 0.6881655 -0.6805049 -0.1889603 0.7079598 -0.690074 -0.1933757 0.6974266 -0.6858971 -0.2283125 0.6909548 -0.6868234 -0.1873472 0.702264 -0.6941529 -0.1854404 0.6955312 -0.6868223 -0.1873464 0.7022651 -0.6854968 -0.2617528 0.6793965 -0.6896605 -0.2927723 0.6623088 -0.6809967 -0.2555374 0.6862537 -0.6949178 -0.2506779 0.6739806 -0.6903392 -0.2600058 0.6751511 -0.6867571 -0.2939427 0.6648024 -0.6874439 -0.2533082 0.680629 -0.6874458 -0.2533097 0.6806265 -0.6816984 -0.3196816 0.6580965 -0.6866831 -0.3259513 0.6497862 -0.6904607 -0.3553159 0.6300908 -0.6908102 -0.3241092 0.6463238 -0.6878198 -0.3566181 0.6322401 -0.68825 -0.3168481 0.6526248 -0.6882491 -0.3168476 0.652626 -0.695838 -0.3135026 0.6461623 -0.6880339 -0.3868629 0.6139596 -0.6914241 -0.4143831 0.5917935 -0.6825814 -0.3807489 0.6237891 -0.6892231 -0.3773243 0.6185451 -0.6914817 -0.3850271 0.6112342 -0.6890751 -0.4157331 0.5935838 -0.6969163 -0.3732844 0.612345 -0.6892278 -0.3773264 0.6185386 -0.683654 -0.4381655 0.5836337 -0.6895466 -0.4438929 0.5722627 -0.6925417 -0.4693504 0.5478103 -0.6923268 -0.4421832 0.5702259 -0.6905012 -0.4706658 0.5492555 -0.6981379 -0.429466 0.5728548 -0.690369 -0.4341755 0.5786902 -0.6903669 -0.4341748 0.5786932 -0.6848971 -0.4913688 0.5380266 -0.6911789 -0.4964579 0.5251678 -0.6937773 -0.5196822 0.4986016 -0.6916665 -0.486846 0.5334587 -0.6916722 -0.486847 0.5334506 -0.6933565 -0.4949779 0.5236924 -0.692103 -0.5208941 0.4996626 -0.6995023 -0.4815117 0.5280558 -0.6862835 -0.5398254 0.4874459 -0.6929724 -0.5440811 0.4730381 -0.6951622 -0.5648701 0.4446023 -0.7009875 -0.5289126 0.4784015 -0.6931037 -0.5348156 0.4833006 -0.6945417 -0.5428796 0.4721161 -0.6938522 -0.5659101 0.4453256 -0.6931106 -0.5348158 0.4832905 -0.6878285 -0.5830951 0.4323101 -0.694852 -0.5862599 0.4165092 -0.6966337 -0.604507 0.3863584 -0.6946717 -0.5776504 0.4286621 -0.7025844 -0.5712311 0.4243467 -0.6958688 -0.5854264 0.4159835 -0.6957346 -0.6052633 0.3867941 -0.6946775 -0.5776498 0.4286535 -0.6894994 -0.6207261 0.3732153 -0.6968367 -0.6225878 0.3560944 -0.6982028 -0.6381553 0.3244545 -0.6843557 -0.6657485 0.2973822 -0.7042769 -0.6080549 0.3664193 -0.6973323 -0.6221573 0.3558761 -0.6977421 -0.6385646 0.3246402 -0.7134189 -0.639208 0.2871353 -0.6963567 -0.6149116 0.3700961 -0.6981301 -0.6462593 0.3081612 -0.698131 -0.6462576 0.3081629 -0.6963528 -0.6149126 0.3701017 -0.009699243 0.9409981 -0.3382729 -0.009708185 0.9409942 -0.3382836 -0.008350361 0.9566959 -0.2909699 -0.008342666 0.9566987 -0.2909606 -0.006965719 0.9700169 -0.2429379 -0.006965741 0.9700168 -0.242938 -0.005571219 0.9809259 -0.1943024 -0.005576326 0.9809245 -0.1943088 -0.004166759 0.9893947 -0.145192 -0.004162928 0.9893954 -0.1451872 -0.002744273 0.9954054 -0.09570986 -0.001319997 0.9989408 -0.04599553 -0.002746809 0.9954053 -0.09571306 0.0001100397 0.9999927 0.003834366 -0.001319992 0.9989407 -0.04599551 0.001538456 0.9985583 0.05365537 0.0001099388 0.9999927 0.003834239 0.002963059 0.9946417 0.10334 0.001538456 0.9985583 0.05365537 0.004384252 0.9882519 0.1527706 0.002965776 0.9946412 0.1033434 0.005791965 0.979405 0.2018221 0.004384267 0.9882519 0.1527706 0.005791946 0.9794051 0.2018221 0.007178885 0.9681231 0.2503716 0.007184997 0.9681253 0.2503632 0.008560552 0.9544356 0.2982941 0.00855324 0.9544326 0.298304 0.01124414 0.9199799 0.3918042 0.009914619 0.9383749 0.3454768 0.009914625 0.9383749 0.3454769 0.0112441 0.9199799 0.3918042 0.01254562 0.8992982 0.4371559 0.01254566 0.8992983 0.4371559 0.01381614 0.876378 0.4814257 0.01381609 0.8763779 0.4814258 0.0150517 0.8512893 0.5244806 0.01503879 0.85128 0.5244962 0.01623631 0.8240663 0.5662606 0.01625028 0.8240772 0.5662442 0.01740859 0.7948123 0.6066056 0.01740106 0.794806 0.6066141 0.01851528 0.7635726 0.6454565 0.01851533 0.7635728 0.6454564 0.0195836 0.7304395 0.6826966 0.01958359 0.7304395 0.6826966 0.02060327 0.6954865 0.7182437 0.02060328 0.6954865 0.7182437 0.02157176 0.6588027 0.7520064 0.02157172 0.6588027 0.7520064 0.02334557 0.5806175 0.8138417 0.02248636 0.6204939 0.7838888 0.02248627 0.6204939 0.7838889 0.02334557 0.5806175 0.8138417 0.02414632 0.5393175 0.8417562 0.02414624 0.5393177 0.8417562 0.02556594 0.4527951 0.891248 0.02488697 0.4966773 0.8675784 0.02488697 0.4966773 0.8675784 0.02556594 0.4527951 0.8912479 0.02673164 0.3617673 0.9318851 0.0261813 0.4077914 0.9126997 0.0261813 0.4077914 0.9126997 0.02673173 0.3617672 0.9318852 0.02721553 0.3148419 0.9487539 0.02721561 0.314842 0.9487538 0.02797912 0.2187781 0.9753733 0.02763161 0.2671498 0.9632588 0.02763161 0.2671498 0.9632588 0.02797912 0.2187781 0.9753733 0.02825698 0.1698791 0.9850598 0.02825698 0.1698791 0.9850597 0.02847739 0.1205381 0.9923003 0.02846474 0.1205212 0.9923026 0.02860171 0.07089083 0.9970739 0.02861435 0.07090773 0.9970723 0.02866737 0.02110729 0.9993661 0.02866746 0.02110741 0.9993661 0.02866188 -0.0287781 0.9991748 0.02866188 -0.0287781 0.9991748 0.02858518 -0.07854456 0.9965008 0.02858517 -0.07854457 0.9965007 0.0284374 -0.1281575 0.991346 0.02843732 -0.1281577 0.9913461 0.02821898 -0.1774143 0.9837317 0.02793024 -0.2262619 0.973666 0.02821898 -0.1774143 0.9837317 0.02793015 -0.2262617 0.973666 0.02757206 -0.2745315 0.9611827 0.02757205 -0.2745315 0.9611827 0.0271454 -0.322121 0.9463093 0.02714549 -0.3221208 0.9463092 0.02665132 -0.3689106 0.9290828 0.02665134 -0.3689106 0.9290828 0.02609093 -0.414782 0.9095467 0.02609091 -0.414782 0.9095467 0.0247772 -0.5033126 0.8637491 0.02546573 -0.4596172 0.8877519 0.02546574 -0.4596173 0.8877519 0.02478789 -0.5033252 0.8637415 0.02402664 -0.5457758 0.8375868 0.02403749 -0.5457639 0.8375942 0.02322751 -0.5868438 0.8093669 0.02321692 -0.586855 0.8093591 0.02142597 -0.6645625 0.7469255 0.02234929 -0.6264848 0.7791132 0.02235951 -0.6264744 0.7791213 0.02142604 -0.6645624 0.7469254 0.02044965 -0.7009797 0.712888 0.02044965 -0.7009797 0.712888 0.01942249 -0.7356505 0.6770827 0.01942253 -0.7356505 0.6770828 0.0183468 -0.7685045 0.6395813 0.01834675 -0.7685046 0.6395813 0.01605465 -0.8283876 0.5599254 0.01721767 -0.7994488 0.6004874 0.01722561 -0.7994426 0.6004953 0.01606843 -0.8283982 0.5599092 0.01362273 -0.8800487 0.4746881 0.01486418 -0.8552837 0.5179467 0.01486418 -0.8552837 0.5179467 0.01362277 -0.8800486 0.4746881 0.01234729 -0.9026278 0.4302449 0.01234731 -0.9026277 0.430245 0.01103142 -0.9229615 0.3847342 0.01104155 -0.9229565 0.384746 -0.009705057 0.9409932 -0.3382862 -0.009699386 0.9409977 -0.338274 -0.008342908 0.956697 -0.2909658 -0.008347778 0.9566938 -0.2909765 -0.006969471 0.9700179 -0.2429332 -0.00696949 0.970018 -0.2429333 -0.005574399 0.9809253 -0.1943051 -0.005574403 0.9809253 -0.1943051 -0.004165281 0.9893953 -0.1451879 -0.004165282 0.9893953 -0.1451879 -0.002745894 0.9954052 -0.09571279 -0.002745895 0.9954052 -0.0957128 -0.001319531 0.9989408 -0.0459945 -0.001319531 0.9989408 -0.0459945 0.0001099967 0.9999927 0.00383412 0.0001099966 0.9999927 0.00383412 0.001539264 0.9985585 0.05365367 0.001539266 0.9985585 0.05365367 0.002964848 0.9946411 0.1033448 0.002963106 0.9946415 0.1033409 0.00438052 0.9882514 0.1527742 0.004382748 0.9882523 0.1527683 0.005790018 0.9794054 0.2018207 0.005790002 0.9794055 0.2018207 0.00718276 0.9681243 0.2503674 0.007182764 0.9681243 0.2503674 0.008557947 0.954433 0.2983024 0.009911235 0.9383761 0.3454735 0.008557967 0.954433 0.2983024 0.009911249 0.9383761 0.3454735 0.0112406 0.9199775 0.3918101 0.01124059 0.9199775 0.39181 0.0125417 0.8992953 0.4371621 0.01253439 0.8993027 0.437147 0.0138038 0.8763819 0.4814189 0.01381185 0.876373 0.4814351 0.01504666 0.8512918 0.5244768 0.01504662 0.8512918 0.5244768 0.0162453 0.8240677 0.5662584 0.01624533 0.8240677 0.5662583 0.01740273 0.7948155 0.6066017 0.01740273 0.7948154 0.6066017 0.01851749 0.7635708 0.6454585 0.01851749 0.7635708 0.6454585 0.01958576 0.7304409 0.6826949 0.01958575 0.7304409 0.682695 0.02060606 0.6954705 0.7182591 0.02060607 0.6954705 0.7182591 0.02157375 0.6588218 0.7519895 0.02157375 0.6588219 0.7519895 0.02248939 0.6204727 0.7839056 0.02248938 0.6204727 0.7839056 0.02334818 0.5806192 0.8138404 0.02334818 0.5806192 0.8138404 0.02414889 0.5393267 0.8417503 0.02414884 0.5393268 0.8417502 0.02488976 0.4966805 0.8675765 0.02488976 0.4966805 0.8675765 0.02556892 0.4527916 0.8912497 0.02556891 0.4527916 0.8912497 0.0261845 0.407775 0.9127069 0.02618455 0.4077752 0.9127068 0.02673461 0.3617799 0.9318801 0.02673457 0.3617798 0.9318802 0.0272185 0.3148574 0.9487486 0.02721855 0.3148573 0.9487487 0.02763477 0.2671565 0.9632568 0.02761991 0.2671205 0.9632672 0.02796694 0.2187942 0.9753701 0.02798247 0.2187574 0.975378 0.02826023 0.1698884 0.985058 0.02826017 0.1698885 0.985058 0.02846808 0.1205165 0.9923031 0.02846808 0.1205165 0.9923031 0.02860485 0.07091027 0.9970724 0.02860491 0.07091014 0.9970724 0.02867071 0.02110966 0.999366 0.02867065 0.0211098 0.999366 0.02866523 -0.02876843 0.999175 0.02866523 -0.02876843 0.999175 0.02858839 -0.07856856 0.9964986 0.02858845 -0.07856871 0.9964987 0.0284407 -0.1281362 0.9913487 0.02844064 -0.1281361 0.9913487 0.02822209 -0.177431 0.9837285 0.02822204 -0.1774309 0.9837286 0.02793336 -0.2262593 0.9736665 0.02793342 -0.2262594 0.9736665 0.02757518 -0.2745426 0.9611794 0.02757518 -0.2745426 0.9611794 0.02713396 -0.3220927 0.9463192 0.02663951 -0.3689315 0.9290747 0.0271485 -0.3221276 0.9463069 0.02665449 -0.3688979 0.9290877 0.02609397 -0.4147719 0.9095513 0.02609402 -0.414772 0.9095511 0.02546841 -0.4596314 0.8877445 0.02546836 -0.4596313 0.8877446 0.02476669 -0.5032973 0.8637583 0.02477978 -0.5033263 0.8637411 0.02402941 -0.5457778 0.8375854 0.02401674 -0.5457505 0.8376035 0.02320716 -0.5868418 0.809369 0.02321936 -0.5868673 0.8093501 0.02235179 -0.6264878 0.7791106 0.02234012 -0.6264643 0.7791299 0.02141689 -0.6645539 0.7469333 0.02142809 -0.6645755 0.7469137 0.02044081 -0.7009766 0.7128913 0.02044081 -0.7009766 0.7128913 0.01942405 -0.735673 0.6770582 0.01941392 -0.7356551 0.6770779 0.01834889 -0.7685041 0.6395818 0.0183489 -0.768504 0.6395818 0.01722799 -0.7994313 0.6005104 0.01722798 -0.7994313 0.6005104 0.01606307 -0.8284 0.5599065 0.0160631 -0.8284001 0.5599065 0.01485933 -0.855283 0.5179481 0.01485933 -0.855283 0.5179481 0.01361835 -0.8800466 0.4746919 0.01361836 -0.8800466 0.4746919 0.01234329 -0.9026273 0.4302458 0.01234326 -0.9026273 0.4302459 0.01103776 -0.9229591 0.3847397 0.01103773 -0.9229591 0.3847397 0.02833747 -0.1528361 0.9878451 0.0283373 -0.1528374 0.987845 0.02833911 -0.1528361 0.9878451 0.0283361 -0.1528281 0.9878465 0.02833936 -0.1528407 0.9878445 0.02833831 -0.152834 0.9878455 0.02833834 -0.1528344 0.9878454 0.02833836 -0.1528301 0.9878461 0.02833851 -0.1528286 0.9878463 0.02833608 -0.1528431 0.9878441 0.02833744 -0.1528376 0.9878449 0.02834176 -0.1528242 0.9878469 0.02833885 -0.1528314 0.9878459 0.02833813 -0.1528342 0.9878455 0.02833734 -0.1528337 0.9878456 0.02833811 -0.1528379 0.9878449 0.0283375 -0.1528312 0.9878459 0.02833749 -0.1528342 0.9878455 0.0179646 0.7794392 0.6262202 0.01796268 0.779428 0.6262342 0.01796221 0.7794372 0.6262228 0.01796264 0.7794365 0.6262237 0.0179672 0.7794265 0.6262361 0.01796232 0.7794432 0.6262152 0.01796479 0.7794281 0.6262341 0.01796448 0.7794369 0.6262231 0.0179637 0.7794307 0.6262308 0.01796433 0.7794335 0.6262273 0.01796493 0.7794353 0.6262252 0.0179653 0.779436 0.6262242 0.01796222 0.7794309 0.6262307 0.01796491 0.7794341 0.6262266 0.0179644 0.7794346 0.6262259 0.01796355 0.7794371 0.6262229 0.01796401 0.7794346 0.6262259 0.01796461 0.7794341 0.6262265 -0.01037391 0.9322681 -0.3616195 -0.0103746 0.9322705 -0.3616132 -0.01037537 0.9322671 -0.3616218 -0.01037309 0.9322691 -0.3616166 -0.01037367 0.9322685 -0.3616185 -0.01037382 0.9322681 -0.3616191 -0.01037428 0.9322666 -0.3616233 -0.01037404 0.93227 -0.3616146 -0.01037297 0.9322647 -0.3616282 -0.01037458 0.932269 -0.3616171 -0.01037511 0.9322699 -0.3616147 -0.01037175 0.9322657 -0.3616256 -0.01037436 0.9322683 -0.3616189 -0.01037335 0.9322685 -0.3616183 -0.01037328 0.932269 -0.361617 -0.01037332 0.932269 -0.3616172 -0.01037399 0.9322669 -0.3616225 -0.0103741 0.932268 -0.3616195 -0.02833863 0.1528439 -0.9878439 -0.02833712 0.1528319 -0.9878459 -0.02833647 0.1528365 -0.9878451 -0.02833956 0.1528286 -0.9878463 -0.02834012 0.1528265 -0.9878466 -0.02833544 0.1528547 -0.9878424 -0.0283373 0.1528328 -0.9878458 -0.02833728 0.1528353 -0.9878452 -0.02833483 0.15281 -0.9878492 -0.02834257 0.1528584 -0.9878416 -0.02833639 0.1528323 -0.9878458 -0.02833194 0.1528182 -0.9878481 -0.028339 0.152836 -0.9878451 -0.02833769 0.1528342 -0.9878455 -0.02833835 0.1528334 -0.9878456 -0.02833706 0.1528401 -0.9878446 -0.02833872 0.1528235 -0.9878471 -0.02833811 0.1528342 -0.9878455 -0.01796496 -0.7794292 -0.6262327 -0.01796381 -0.7794339 -0.6262268 -0.01796683 -0.7794372 -0.6262226 -0.01796423 -0.7794327 -0.6262285 -0.01796409 -0.7794323 -0.6262289 -0.01796578 -0.77944 -0.6262191 -0.01796524 -0.7794341 -0.6262265 -0.01796538 -0.7794305 -0.6262311 -0.01796519 -0.7794315 -0.6262299 -0.01796303 -0.7794387 -0.6262209 -0.0179637 -0.7794371 -0.6262228 -0.01796887 -0.7794276 -0.6262346 -0.01796416 -0.7794347 -0.6262259 -0.01796397 -0.7794336 -0.6262273 -0.01796598 -0.7794393 -0.6262201 -0.01796397 -0.7794315 -0.6262298 -0.01796466 -0.7794375 -0.6262223 -0.01796409 -0.7794348 -0.6262258 0.01037382 -0.9322686 0.3616182 0.0103729 -0.9322658 0.3616254 0.01037365 -0.9322714 0.3616107 0.01037566 -0.9322698 0.3616148 0.0103735 -0.9322671 0.3616219 0.01037491 -0.9322702 0.361614 0.01037327 -0.9322646 0.3616286 0.01037396 -0.9322709 0.361612 0.01037413 -0.9322686 0.361618 0.01037469 -0.932267 0.3616222 0.01037442 -0.9322674 0.361621 0.01037305 -0.932269 0.3616172 0.01037285 -0.9322691 0.3616168 0.01037379 -0.9322685 0.3616184 0.01037342 -0.9322689 0.3616174 0.0103741 -0.9322675 0.3616207 0.01037361 -0.9322681 0.3616194 0.7937453 -0.4721764 -0.3834291 0.8795529 -0.379886 -0.2864843 0.834964 -0.4455174 -0.3230314 0.8654356 -0.4149926 -0.2807178 0.8576699 -0.4398088 -0.2664028 0.8452248 -0.4522004 -0.2847981 0.8597082 -0.4491775 -0.2431903 0.8614385 -0.4578107 -0.219848 0.8536173 -0.4612196 -0.2421034 0.857833 -0.4737606 -0.1991821 0.8622996 -0.4757338 -0.1735417 0.8581699 -0.4730398 -0.1994437 0.8581746 -0.490475 -0.1515604 0.8617002 -0.5047602 -0.05186404 0.8664527 -0.4985411 -0.02676734 0.8667842 -0.49868 -0.001887102 0.8641255 -0.5032185 -0.007628081 0.8663044 -0.4989789 0.02316843 0.8637158 -0.5031425 0.0290267 0.8698236 -0.4911024 0.04717258 0.8702041 -0.4874504 0.07167276 0.8604165 -0.5049096 0.06891899 0.8649403 -0.4921064 0.09853663 0.8422779 -0.5257747 0.1188644 0.8868183 -0.4485652 0.1110971 0.7417743 -0.6375471 0.2080978 0.8596268 -0.4956522 -0.1239783 0.8690212 -0.4724367 -0.1469886 0.8636413 -0.4882432 -0.1254689 0.8681943 -0.4868798 -0.09584766 0.8585833 -0.4895604 -0.152202 0.8608807 -0.4985142 -0.1018223 0.8650492 -0.4958388 -0.0763792 0.8742101 -0.4827513 -0.05203845 0.8637206 -0.4991977 -0.06919743 0.8645306 -0.4923327 -0.1009723 0.86088 -0.4985153 -0.1018241 0.8616306 -0.5048643 -0.05200657 0.7866991 0.07622543 -0.6126125 0.8736926 0.03623223 -0.4851273 0.8281878 0.03616313 -0.5592829 0.8588339 0.01401035 -0.5120626 0.8502186 -0.01058136 -0.5263234 0.8377622 -0.0005654271 -0.5460351 0.8516905 -0.03540859 -0.5228474 0.852865 -0.05999337 -0.5186733 0.8452778 -0.04222969 -0.5326557 0.8485719 -0.08575007 -0.5220848 0.8526188 -0.1090571 -0.5110261 0.8489278 -0.08517579 -0.5216002 0.8478185 -0.1353314 -0.5127272 0.8535408 -0.2259075 -0.4695038 0.8530729 -0.2484635 -0.4588382 0.852007 -0.246915 -0.4616462 0.8530483 -0.2701416 -0.4464665 0.8543313 -0.2899908 -0.4313044 0.8536245 -0.2705083 -0.445141 0.8526793 -0.2945872 -0.4314584 0.8556248 -0.3090033 -0.4152388 0.8511595 -0.3193115 -0.4166146 0.8580635 -0.3258762 -0.3969027 0.8471752 -0.3469143 -0.4024237 0.8633342 -0.3383056 -0.3744373 0.8423572 -0.3728094 -0.3891625 0.8744854 -0.3414647 -0.3444958 0.7224614 -0.5174958 -0.4585277 0.8487371 -0.161843 -0.5034404 0.8590323 -0.1305543 -0.494994 0.8529604 -0.15696 -0.4978174 0.8482532 -0.1343419 -0.5122684 0.8496071 -0.1824919 -0.4948379 0.853476 -0.2032848 -0.4798479 0.8535137 -0.2166009 -0.4739183 0.8517524 -0.1942529 -0.4866042 0.8496068 -0.1824917 -0.4948382 0.8558143 -0.178766 -0.4854116 0.8513827 -0.2171573 -0.4774832 0.7988337 0.5466853 -0.2509975 0.8810387 0.4166332 -0.2240261 0.8369319 0.4815139 -0.2601716 0.8661376 0.4290033 -0.2564407 0.8573268 0.4289592 -0.2845782 0.8450287 0.4520883 -0.2855567 0.8577533 0.4140382 -0.3046825 0.8584994 0.3977715 -0.3236613 0.8515429 0.4191671 -0.3149184 0.8534105 0.3882064 -0.3478307 0.8568118 0.3667791 -0.3624179 0.8538975 0.3880108 -0.3468525 0.8513156 0.3552908 -0.3860443 0.8543068 0.2722896 -0.4427396 0.8531284 0.2517849 -0.4569203 0.8521395 0.2550233 -0.4569699 0.8523906 0.2302309 -0.4694933 0.8529626 0.207151 -0.4791067 0.8529361 0.228892 -0.4691572 0.8511922 0.2050184 -0.4831555 0.8535435 0.1837195 -0.4875559 0.8488381 0.1798629 -0.497115 0.8552927 0.1593499 -0.4930333 0.8439718 0.1538847 -0.5138394 0.8599644 0.1335252 -0.4925773 0.838364 0.1295423 -0.5294947 0.8706011 0.105759 -0.4804882 0.7160348 0.1202219 -0.6876342 0.8515324 0.334007 -0.4041435 0.8624582 0.3421013 -0.3730047 0.8558444 0.3312859 -0.3972153 0.851877 0.3553942 -0.3847084 0.8518146 0.3160287 -0.417777 0.854952 0.2925519 -0.4283347 0.8545769 0.2807586 -0.43689 0.8535531 0.3029592 -0.4238665 0.8518157 0.3160256 -0.4177772 0.8579814 0.3095703 -0.4099196 0.8524817 0.2836227 -0.4391279 0.8142927 0.4723111 0.3374164 0.8945113 0.3799202 0.2356057 0.8521224 0.4455023 0.2746184 0.8801004 0.4149965 0.2306539 0.8715314 0.4398088 0.2167979 0.8601547 0.4522071 0.2358867 0.8722355 0.4491772 0.1935073 0.8726213 0.4578163 0.1701069 0.8660894 0.4612249 0.1927709 0.8678353 0.4737718 0.1496737 0.8708303 0.4757332 0.1238248 0.8681924 0.4730392 0.1499196 0.8654526 0.4904728 0.1021189 0.867092 0.4981444 0.001913914 0.86568 0.5000729 -0.02291658 0.8646703 0.5019525 -0.01972241 0.8646325 0.5001211 -0.047849 0.8649286 0.499551 -0.04844911 0.8627321 0.5003785 -0.07290194 0.8644775 0.4970758 -0.07479462 0.864623 0.4929292 -0.09719991 0.860182 0.4991068 -0.1047824 0.865876 0.4853887 -0.1210647 0.8547695 0.5009113 -0.135856 0.8699539 0.4718736 -0.1432318 0.848791 0.5023925 -0.1647894 0.8799177 0.4469163 -0.1612781 0.7287993 0.6373704 -0.250221 0.86532 0.4956532 0.07449299 0.8760196 0.4724346 0.09692923 0.8653017 0.498515 0.0523055 0.8694134 0.488244 0.07575116 0.8658956 0.4895616 0.1027335 0.8711893 0.4883366 0.05056208 0.8674097 0.4974392 0.01243161 0.8668683 0.4970777 0.03811955 0.8680055 0.4958383 0.02665958 0.8655149 0.5006932 0.01379239 0.8653018 0.4985148 0.05230569 0.8207505 -0.07617336 0.5661858 0.9001516 -0.03621934 0.4340684 0.8588912 -0.03614845 0.5108808 0.886741 -0.01402855 0.4620534 0.8789909 0.01059104 0.4767208 0.8676491 0.0005444294 0.4971768 0.8802609 0.03541492 0.4731665 0.8811935 0.05997941 0.4689356 0.8744259 0.04223049 0.4833177 0.8770975 0.08576947 0.4725924 0.8805131 0.1090482 0.4613079 0.8774355 0.08517655 0.4720719 0.8758148 0.135342 0.4632829 0.8790504 0.2259068 0.4198053 0.8779745 0.2484639 0.4091778 0.8770689 0.2469115 0.4120495 0.8772455 0.2701417 0.396817 0.8776568 0.2899816 0.3816139 0.87774 0.2705047 0.3954739 0.8760094 0.2945978 0.3818634 0.8780191 0.3090053 0.3655108 0.8736392 0.3193154 0.3671406 0.879402 0.3258797 0.3470657 0.8688477 0.346918 0.3532019 0.8833821 0.3383061 0.3243226 0.8633029 0.3727792 0.3402114 0.8928223 0.3414276 0.2937613 0.7476685 0.5174031 0.4162761 0.8762065 0.1618487 0.4539464 0.8860018 0.1305552 0.4449226 0.8800947 0.1569519 0.4481065 0.8765748 0.1824923 0.4453236 0.8762255 0.1343451 0.4627963 0.8822353 0.1787631 0.435551 0.8792817 0.2166022 0.4242017 0.8782502 0.1942435 0.4369739 0.8795794 0.2032877 0.4301329 0.877354 0.2171602 0.4278921 0.8765754 0.1824906 0.4453232 0.8601413 -0.479032 0.1751723 0.8790209 -0.4396342 0.18451 0.867005 -0.4586243 0.1948488 0.8760712 -0.4343624 0.2093523 0.8711957 -0.4414004 0.2149039 0.8742638 -0.4258637 0.2330298 0.8749197 -0.412389 0.2538719 0.8628756 -0.4395368 0.2495058 0.8723485 -0.4024734 0.2775304 0.8759416 -0.3827355 0.2936661 0.8701289 -0.4040796 0.2821263 0.8726085 -0.3714575 0.3171337 0.8765678 -0.3496427 0.3307248 0.8727863 -0.3714478 0.3166552 0.8782841 -0.2722881 0.3930346 0.877919 -0.2517905 0.407259 0.8769364 -0.2550227 0.4073648 0.8779052 -0.2302232 0.4198569 0.8790268 -0.2071552 0.4294167 0.8784286 -0.2288889 0.4194914 0.8774909 -0.2050221 0.4335615 0.8800911 -0.1837195 0.4378206 0.8759436 -0.1798648 0.4476288 0.8821571 -0.1593399 0.4431813 0.8720527 -0.1538766 0.4645923 0.8867891 -0.1335314 0.4424641 0.8673441 -0.1295499 0.4805529 0.8967189 -0.1057651 0.4297779 0.7541245 -0.1202411 0.6456302 0.8704197 -0.3437439 0.3524336 0.8772084 -0.3312905 0.3474942 0.8743644 -0.3160269 0.3682578 0.875402 -0.3410388 0.342584 0.8800692 -0.3095702 0.3600619 0.8782189 -0.2807586 0.3871772 0.8764497 -0.3029629 0.3742317 0.8781008 -0.2925484 0.3786217 0.8762543 -0.2836241 0.3895325 0.8743634 -0.3160261 0.3682609 0.9995895 9.523279e-05 -0.02864989 0.9995883 -5.830294e-05 -0.02869368 0.9995888 7.285708e-06 -0.02867321 0.999589 1.261707e-05 -0.02866663 0.9995871 -9.181609e-05 -0.02873456 0.9995887 -1.272347e-05 -0.0286782 0.999589 7.469973e-06 -0.02866978 0.9995887 -1.582547e-06 -0.02867635 0.9995891 1.430984e-05 -0.02866397 0.9995879 -3.339171e-05 -0.02870644 0.9995888 1.189808e-05 -0.02867503 0.9995888 2.544884e-05 -0.02867464 0.9995887 -3.298797e-05 -0.02867857 0.9995888 3.754113e-06 -0.02867475 0.9995894 1.832002e-05 -0.02865312 0.9995899 3.187579e-05 -0.02863687 0.9995888 -4.771362e-07 -0.02867508 0.9995895 1.985439e-05 -0.02865136 0.9995888 -5.895424e-07 -0.02867588 0.9995887 2.550653e-07 -0.02867508 0.9995889 1.685225e-06 -0.02867318 0.9995882 -1.193614e-05 -0.02869561 0.999589 -2.411754e-05 -0.02866724 0.9995883 4.690765e-05 -0.02869233 0.9995887 1.634769e-05 -0.02867922 0.9995891 -3.836272e-05 -0.02866405 0.9995861 -3.376179e-05 -0.02876629 0.9995888 -3.23907e-07 -0.02867379 0.9995889 1.15723e-06 -0.02866928 0.9995877 7.72124e-05 -0.02871501 0.9995892 -3.388097e-05 -0.02865869 0.9995896 9.678591e-06 -0.02864594 0.9995887 -7.069632e-07 -0.02867723 0.9995888 -2.334222e-06 -0.02867369 0.9995885 1.544912e-05 -0.02868507 0.9995888 6.297997e-07 -0.02867527 0.9995888 -1.822606e-07 -0.02867495 0.99959 -5.180095e-05 -0.02863411 0.999586 -5.07912e-06 -0.02877395 0.9995902 4.05712e-06 -0.02862604 0.9995875 -2.532812e-06 -0.02871871 0.9995888 -1.643683e-06 -0.0286743 0.9995882 1.993466e-05 -0.02869519 0.9995915 -3.596841e-06 -0.02857946 0.9995885 6.541277e-06 -0.02868162 0.9995915 -1.527832e-05 -0.02857902 0.9995887 -4.516177e-08 -0.02867539 0.9995882 2.591631e-06 -0.02869452 0.999589 -6.999655e-08 -0.02866892 0.9995889 -2.458557e-06 -0.02867103 0.9995855 7.87347e-05 -0.02878909 0.9995888 -2.317067e-06 -0.02867239 0.9995876 1.603958e-05 -0.02871669 0.9995894 -7.110622e-06 -0.02865385 0.9995912 -3.444732e-05 -0.02859258 0.9995889 -1.111837e-06 -0.02867079 0.9995877 1.865777e-05 -0.02871407 0.9995859 4.905788e-05 -0.02877699 0.9995888 -3.603636e-07 -0.02867544 0.9995891 -6.121661e-06 -0.02866318 0.9995884 8.11274e-06 -0.02868856 0.9995888 -8.977801e-07 -0.02867398 0.999589 -2.98533e-06 -0.02866908 0.9995888 -5.784721e-07 -0.0286735 0.9995867 1.501332e-05 -0.02874695 0.9995897 -6.919133e-06 -0.02864062 0.9995885 2.946443e-06 -0.02868307 0.9995888 -1.263521e-08 -0.02867518 0.9995889 -3.126487e-06 -0.02866877 0.9995889 -2.423537e-06 -0.02867245 0.9995888 -3.011617e-08 -0.028675 0.9995888 3.057291e-08 -0.0286754 0.9995856 -5.316032e-06 -0.02878517 0.9995904 2.376925e-06 -0.02861822 0.9995881 7.323034e-07 -0.02869614 0.999588 7.589982e-07 -0.02870309 0.9995896 -3.467187e-05 -0.02864836 0.9995889 -2.267358e-06 -0.02867321 0.9995888 1.209101e-07 -0.02867505 0.9995887 1.099615e-07 -0.02867511 0.9995893 -2.21479e-05 -0.02865831 0.9995888 -9.392467e-08 -0.02867564 0.9995888 2.015658e-07 -0.02867475 0.9995843 -3.742474e-05 -0.02882861 0.9995888 1.142029e-06 -0.0286748 0.99959 -9.131598e-05 -0.02863468 0.9995888 -4.04272e-08 -0.02867542 0.999589 3.036496e-06 -0.02866635 0.9995879 -1.554346e-05 -0.02870644 0.9995897 1.469436e-05 -0.02864305 0.9995878 -1.465448e-05 -0.02870878 0.9995884 -4.315382e-06 -0.02868849 0.9995888 -6.374187e-05 -0.02867275 0.9995894 1.759798e-05 -0.02865393 0.9995881 -2.126248e-05 -0.02870063 0.9995888 -9.030513e-06 -0.02867417 0.9995888 6.370665e-06 -0.02867603 0.9995889 -1.527715e-05 -0.02867394 0.9995887 4.128769e-05 -0.02867796 0.9995888 -1.586473e-08 -0.02867547 0.9995888 -4.830631e-10 -0.02867514 0.9995888 3.751915e-08 -0.02867549 0.9995888 -4.887689e-05 -0.02867381 0.9995881 -1.924876e-05 -0.02869809 0.9995889 5.644351e-06 -0.0286682 0.9995888 1.202559e-06 -0.02867381 0.9995888 2.478416e-06 -0.02867213 0.9995888 -4.635277e-07 -0.02867584 0.9995875 -5.478972e-05 -0.02871812 0.9995887 -2.493524e-05 -0.02867846 0.9995891 5.118277e-05 -0.02866668 0.999589 3.126415e-05 -0.02867028 0.9995884 -1.656976e-05 -0.02868745 0.9995888 3.23539e-06 -0.02867482 0.9995878 -6.245751e-05 -0.02871213 0.9995887 -5.382246e-06 -0.02867888 0.9995888 4.84612e-07 -0.02867325 0.9995888 1.584691e-07 -0.02867476 0.9995887 -3.668108e-07 -0.02867565 0.9995888 1.186815e-07 -0.02867493 0.9995888 -1.03255e-05 -0.02867692 0.9995888 -4.755039e-08 -0.02867522 0.9995886 -8.045053e-06 -0.02868073 0.9995888 1.791986e-06 -0.02867432 0.009704645 -0.9409981 0.3382725 0.009704638 -0.9409981 0.3382725 0.008347523 -0.9566965 0.2909676 0.008347547 -0.9566965 0.2909676 0.006969437 -0.9700184 0.2429315 0.006965876 -0.9700161 0.2429408 0.005571377 -0.9809251 0.1943064 0.005571376 -0.9809251 0.1943064 0.004163133 -0.9893947 0.1451927 0.004165245 -0.9893954 0.1451871 0.002745817 -0.9954055 0.09571031 0.002745822 -0.9954055 0.09571029 0.001319539 -0.9989408 0.04599477 0.001319539 -0.9989408 0.04599478 -0.000109975 -0.9999927 -0.003833364 -0.0001099751 -0.9999927 -0.003833364 -0.001539298 -0.9985583 -0.05365484 -0.001539299 -0.9985583 -0.05365484 -0.00296477 -0.9946414 -0.103342 -0.002964768 -0.9946414 -0.103342 -0.004382775 -0.9882522 -0.1527689 -0.004382771 -0.9882522 -0.1527689 -0.005789979 -0.9794056 -0.2018195 -0.007183049 -0.9681216 -0.2503774 -0.005789979 -0.9794056 -0.2018195 -0.007183048 -0.9681216 -0.2503774 -0.008557621 -0.9544368 -0.2982906 -0.008557628 -0.9544368 -0.2982906 -0.009906176 -0.9383713 -0.3454868 -0.011234 -0.9199837 -0.3917958 -0.009911269 -0.9383759 -0.3454741 -0.0125417 -0.8992948 -0.4371629 -0.01124056 -0.9199777 -0.3918095 -0.01254173 -0.8992949 -0.437163 -0.01381137 -0.8763821 -0.4814185 -0.01381138 -0.8763821 -0.4814186 -0.01504717 -0.8512807 -0.5244947 -0.01504716 -0.8512807 -0.5244947 -0.0162448 -0.8240804 -0.5662399 -0.0162448 -0.8240804 -0.5662399 -0.01740328 -0.7948009 -0.6066206 -0.01740326 -0.7948009 -0.6066206 -0.01851694 -0.7635872 -0.6454391 -0.01850734 -0.7635711 -0.6454586 -0.01957528 -0.7304327 -0.6827042 -0.01958546 -0.7304508 -0.6826845 -0.02060578 -0.6954806 -0.7182493 -0.02060579 -0.6954806 -0.7182493 -0.02157403 -0.6588106 -0.7519994 -0.02157404 -0.6588106 -0.7519993 -0.02248912 -0.620484 -0.7838966 -0.02248913 -0.620484 -0.7838966 -0.02334817 -0.5806196 -0.81384 -0.02334812 -0.5806195 -0.8138402 -0.02414884 -0.5393267 -0.8417503 -0.02414888 -0.5393268 -0.8417502 -0.02489006 -0.4966653 -0.8675852 -0.02489006 -0.4966653 -0.8675852 -0.02556896 -0.4527923 -0.8912493 -0.02556174 -0.4528078 -0.8912417 -0.02617717 -0.4077912 -0.9126999 -0.02618455 -0.4077751 -0.9127069 -0.02673461 -0.3617799 -0.9318801 -0.02672748 -0.3617631 -0.9318868 -0.02721126 -0.3148394 -0.9487548 -0.0272185 -0.3148568 -0.9487489 -0.02763486 -0.2671386 -0.9632618 -0.0276272 -0.2671565 -0.963257 -0.02797473 -0.218776 -0.975374 -0.02798229 -0.2187945 -0.9753697 -0.02826032 -0.1698695 -0.9850612 -0.02826032 -0.1698695 -0.9850612 -0.02846795 -0.1205356 -0.9923007 -0.02860489 -0.07089087 -0.9970738 -0.02846801 -0.1205358 -0.9923007 -0.02859707 -0.07091006 -0.9970728 -0.02867065 -0.02110969 -0.999366 -0.02866517 0.02876829 -0.999175 -0.02866286 -0.02109041 -0.9993666 -0.02866523 0.02876843 -0.999175 -0.02858062 0.07856871 -0.9964989 -0.02858849 0.07854941 -0.9965002 -0.02844064 0.1281362 -0.9913487 -0.02843283 0.1281552 -0.9913464 -0.02822203 0.177431 -0.9837286 -0.02822208 0.1774308 -0.9837285 -0.02793342 0.2262593 -0.9736665 -0.02793336 0.2262594 -0.9736664 -0.02757527 0.2745247 -0.9611846 -0.02757532 0.2745248 -0.9611846 -0.0271485 0.3221275 -0.946307 -0.0271485 0.3221275 -0.9463069 -0.02665444 0.3688979 -0.9290878 -0.0266545 0.3688978 -0.9290878 -0.0260938 0.4147882 -0.9095438 -0.02609375 0.4147883 -0.9095438 -0.02546865 0.4596152 -0.8877529 -0.02546865 0.4596152 -0.8877529 -0.02477291 0.5033272 -0.8637407 -0.02478001 0.5033126 -0.8637491 -0.02402964 0.5457638 -0.8375944 -0.02402277 0.5457775 -0.8375856 -0.02321319 0.5868551 -0.8093591 -0.02321988 0.5868423 -0.8093683 -0.0223521 0.6264759 -0.7791203 -0.02234566 0.6264877 -0.7791108 -0.02142255 0.6645638 -0.7469245 -0.02142871 0.6645529 -0.7469338 -0.02045204 0.7009771 -0.7128904 -0.02044616 0.700987 -0.7128808 -0.01942462 0.735655 -0.6770779 -0.01942461 0.735655 -0.6770778 -0.01834885 0.7685046 -0.6395812 -0.01834888 0.7685045 -0.6395813 -0.01722744 0.7994454 -0.6004917 -0.01722741 0.7994455 -0.6004916 -0.01606363 0.8283874 -0.5599253 -0.01606364 0.8283874 -0.5599253 -0.01485939 0.8552825 -0.5179489 -0.01485938 0.8552825 -0.5179489 -0.01361786 0.8800563 -0.4746741 -0.01361787 0.8800563 -0.4746741 -0.01234328 0.9026267 -0.4302472 -0.01103771 0.9229596 -0.3847387 -0.01234332 0.9026267 -0.4302472 -0.01103773 0.9229595 -0.3847386 0.9995888 6.510733e-07 -0.02867412 0.9995888 -7.019086e-08 -0.02867553 0.9995887 -2.227446e-06 -0.02867625 0.9995888 -9.148973e-07 -0.02867424 0.9995888 -1.785924e-06 -0.02867481 0.9995888 2.351886e-06 -0.02867399 0.9995888 1.368541e-06 -0.02867436 0.9995887 -2.583655e-06 -0.02867648 0.9995888 2.493825e-06 -0.02867343 0.9995888 2.581357e-07 -0.02867534 0.9995887 1.389653e-06 -0.02867484 0.9995887 -1.218954e-06 -0.02867623 0.9995888 2.153001e-07 -0.02867545 0.9995887 -2.366282e-06 -0.02867726 0.9995887 -1.031088e-06 -0.0286766 0.9995888 1.772015e-06 -0.02867574 0.9995888 3.278678e-06 -0.02867501 0.9995888 1.378305e-06 -0.0286732 0.9995888 1.680891e-06 -0.02867304 0.9995888 -2.686674e-06 -0.02867618 0.9995888 1.762823e-07 -0.02867496 0.9995887 -2.928857e-06 -0.02867854 0.9995887 -1.191331e-06 -0.02867748 0.9995888 -1.008668e-06 -0.02867599 0.9995888 2.005529e-06 -0.02867486 0.9995888 8.435774e-07 -0.0286747 0.9995888 9.865219e-07 -0.0286746 0.9995888 -8.56936e-07 -0.02867598 0.9995888 -3.508615e-07 -0.02867582 0.9995888 1.337172e-06 -0.02867465 0.9995888 4.163582e-07 -0.02867533 0.9995887 -3.09279e-07 -0.02867566 0.9995888 -8.228419e-07 -0.02867581 0.9995888 2.583725e-06 -0.02867261 0.9995888 -1.04268e-06 -0.02867559 0.9995887 1.850228e-06 -0.02867582 0.9995888 3.020227e-06 -0.02867556 0.9995888 -1.339562e-06 -0.02867613 0.9995888 1.067803e-06 -0.02867396 0.9995887 -1.10085e-06 -0.02867453 0.9995888 -2.89977e-06 -0.02867486 0.9995888 -7.496327e-08 -0.02867558 0.9995888 6.13289e-07 -0.0286749 0.9995888 2.756397e-06 -0.02867516 0.9995887 -1.493352e-06 -0.02867573 0.9995887 -1.220302e-06 -0.02867831 0.9995888 1.675458e-06 -0.02867513 0.9995887 3.48073e-07 -0.02867611 0.9995887 3.887438e-07 -0.02867611 0.9995887 1.205588e-06 -0.02867643 0.9995887 -4.222857e-07 -0.02867839 0.9995887 -3.014729e-06 -0.02867525 0.9995887 -5.002483e-07 -0.02867514 0.9995887 6.17619e-07 -0.02867498 0.9995888 2.089607e-06 -0.02867302 0.9995888 5.975863e-07 -0.02867546 0.9995888 3.315971e-06 -0.02867546 0.9995888 -3.928372e-08 -0.02867663 0.9995888 1.906647e-06 -0.02867376 0.9995887 -8.276907e-07 -0.02867479 0.9995887 1.696186e-06 -0.0286749 0.9995887 9.406045e-08 -0.02867728 0.9995887 -2.834322e-07 -0.0286779 0.9995888 -2.655988e-06 -0.02867394 0.9995889 -3.089437e-06 -0.02867391 0.9995888 1.166393e-06 -0.02867403 0.9995888 3.295885e-07 -0.02867558 0.9995888 3.078937e-06 -0.02867666 0.9995887 3.656417e-06 -0.02867674 0.9995888 4.825048e-07 -0.02867398 0.9995888 1.318406e-06 -0.02867222 0.9995888 2.867333e-07 -0.02867529 0.9995888 -3.613152e-06 -0.02867461 0.9995887 -2.668817e-07 -0.02867525 0.9995888 4.995017e-07 -0.02867341 0.9995888 -1.415203e-08 -0.02867633 0.9995887 1.54892e-06 -0.02867728 0.9995887 -7.781361e-07 -0.02867616 0.9995888 2.093765e-07 -0.0286757 0.9995887 -2.256782e-07 -0.02867692 0.9995888 -3.633847e-07 -0.02867376 0.9995889 -2.68578e-06 -0.02867221 0.9995887 3.919908e-07 -0.02867799 0.9995887 8.69053e-07 -0.02867639 0.9995888 1.832902e-06 -0.02867662 0.9995888 -8.564147e-07 -0.02867467 0.9995888 5.530171e-07 -0.02867406 0.9995888 6.596802e-07 -0.02867362 0.9995888 4.525096e-07 -0.02867654 0.9995887 6.63536e-07 -0.02867671 0.9995888 1.069117e-06 -0.02867574 0.9995887 7.685412e-07 -0.02867735 0.9995888 -8.996983e-07 -0.02867425 0.9995887 -5.68241e-08 -0.02867498 0.9995887 -4.640272e-07 -0.02867584 0.9995888 -1.709116e-07 -0.02867362 0.9995888 -1.100418e-06 -0.02867317 0.9995888 6.293823e-07 -0.02867481 0.9995887 -6.161872e-08 -0.02867713 0.9995888 2.431085e-07 -0.0286732 0.9995888 5.629626e-07 -0.02867468 0.9995888 -8.843575e-07 -0.02867319 0.9995889 -2.006527e-07 -0.02867203 0.9995888 -2.428247e-07 -0.02867388 0.9995887 1.03334e-06 -0.02867731 0.9995888 1.186925e-06 -0.02867749 0.9995888 2.884815e-07 -0.02867507 0.9995888 3.39312e-07 -0.02867666 0.9995888 1.00784e-07 -0.02867485 0.9995888 -1.20797e-06 -0.02867325 0.9995887 3.390884e-07 -0.02867666 0.9995887 4.117543e-07 -0.02867748 0.9995888 2.349451e-07 -0.02867724 0.9995887 7.354503e-07 -0.02867791 0.9995887 -5.783011e-07 -0.02867581 0.9995887 -7.591128e-07 -0.02867455 0.9995888 -8.432475e-07 -0.02867285 0.9995888 -1.27467e-06 -0.02867379 0.9995888 -6.619098e-07 -0.02867312 0.9995888 -7.72045e-07 -0.0286727 0.9995888 -8.147001e-07 -0.02867606 0.9995888 1.621917e-07 -0.02867734 0.9995888 1.836508e-07 -0.02867424 0.9995888 6.720152e-07 -0.02867649 0.9995889 -1.142299e-06 -0.02867237 0.9995887 1.631875e-06 -0.0286756 0.9995887 5.460401e-07 -0.02867627 0.9995888 5.140365e-07 -0.02867607 0.9995888 1.053291e-06 -0.02867381 0.9995888 -8.613366e-07 -0.02867184 0.9995887 7.440352e-07 -0.02867652 0.9995887 8.154591e-07 -0.0286771 0.9995887 1.286481e-06 -0.02867711 0.9995887 1.139793e-06 -0.02867697 0.9995888 -3.948763e-07 -0.02867445 0.9995888 -3.770951e-07 -0.02867468 0.9995888 -5.34839e-07 -0.02867397 0.9995888 7.854313e-08 -0.02867447 0.9995888 -1.24605e-06 -0.02867251 0.9995888 -1.171915e-06 -0.02867481 0.9995888 3.080594e-07 -0.02867584 0.9995888 5.489689e-07 -0.02867601 0.9995887 -4.627322e-07 -0.02867682 0.9995887 -4.623194e-07 -0.02867682 0.9995888 1.029799e-06 -0.02867554 0.9995888 -4.400814e-07 -0.02867461 0.9995889 -1.088051e-06 -0.02867037 0.9995888 -1.308205e-06 -0.02867404 0.9995888 -3.735039e-06 -0.02867353 0.9995887 1.725749e-06 -0.02867655 0.9995887 1.01315e-06 -0.0286779 0.9995887 9.623267e-07 -0.02867837 0.9995887 -9.063033e-07 -0.02867681 0.9995887 -1.310239e-06 -0.02867662 0.9995887 5.415158e-07 -0.02867598 0.9995887 5.711646e-07 -0.02867579 0.9995887 1.102828e-06 -0.02867707 0.9995888 -1.668987e-06 -0.02867595 0.9995888 -2.587915e-07 -0.02867474 0.9995888 7.279917e-08 -0.0286731 0.9995888 -2.492604e-07 -0.02867435 0.9995888 -2.310122e-06 -0.02867365 0.9995888 5.635271e-07 -0.0286746 0.9995887 -9.162748e-09 -0.02867686 0.9995888 1.249566e-06 -0.02867463 0.9995888 -4.603069e-07 -0.02867416 0.9995888 -1.704751e-07 -0.02867511 0.9995888 4.532877e-07 -0.02867306 0.9995888 2.172859e-06 -0.02867614 0.9995888 3.542529e-06 -0.02867644 0.9995888 -9.036397e-07 -0.02867668 0.9995887 -1.822645e-07 -0.02867466 0.9995888 -3.345298e-06 -0.02867324 0.9995888 2.768742e-07 -0.02867544 0.9995888 -1.653353e-06 -0.0286735 0.9995889 7.432146e-07 -0.02867217 0.9995888 -8.928075e-07 -0.02867613 0.9995888 3.996768e-07 -0.02867561 0.9995888 -3.12443e-07 -0.02867523 0.9995888 6.222408e-07 -0.02867401 0.9995887 -1.248098e-06 -0.02867797 0.9995888 3.98369e-07 -0.0286761 0.9995888 -1.076548e-06 -0.02867543 0.9995888 -1.222147e-06 -0.02867774 0.9995889 1.666852e-06 -0.02867233 0.9995888 1.183652e-06 -0.02867632 0.9995888 -1.040063e-06 -0.02867547 0.9995888 1.51504e-06 -0.02867327 0.9995887 -4.141414e-07 -0.02867649 0.9995887 1.781738e-06 -0.02867641 0.9995887 1.035707e-06 -0.02867618 0.9995888 -2.087822e-07 -0.02867551 0.9995887 -1.477436e-06 -0.0286774 0.9995888 -3.323987e-07 -0.02867465 0.9995888 -2.699265e-07 -0.02867466 0.9995888 -1.15983e-06 -0.02867617 0.9995888 9.739183e-07 -0.02867331 0.9995888 -2.123468e-06 -0.02867383 0.9995888 -1.194979e-06 -0.028674 0.9995888 7.047926e-07 -0.02867418 0.9995888 9.440569e-07 -0.02867389 0.9995888 1.04418e-06 -0.02867536 0.9995887 -1.988379e-08 -0.02867522 0.9995887 7.053591e-07 -0.02867454 0.9995888 -2.289656e-07 -0.02867557 0.9995888 2.247363e-06 -0.02867473 0.9995888 -3.32713e-07 -0.02867456 0.9995888 7.40799e-07 -0.02867511 0.9995888 -5.86732e-07 -0.02867642 0.9995888 -2.942172e-06 -0.02867546 0.9995888 3.796129e-06 -0.02867551 0.9995887 -1.347479e-06 -0.0286781 0.9995887 -2.066837e-07 -0.02867709 0.9995888 2.408322e-06 -0.02867579 0.9995887 -1.693755e-06 -0.028676 0.9995888 1.743892e-06 -0.02867238 0.9995888 1.743893e-06 -0.02867238 0.9995888 -8.687246e-07 -0.02867421 0.9995888 -1.690431e-06 -0.0286743 0.9995888 2.0079e-07 -0.02867492 0.9995888 -1.083987e-06 -0.02867584 0.9995888 -1.492175e-06 -0.02867502 0.9995888 6.372177e-07 -0.02867466 0.9995887 -2.272504e-06 -0.02867759 0.9995888 1.236832e-06 -0.02867537 0.9995888 -3.940729e-07 -0.02867527 0.9995888 2.534885e-06 -0.02867461 0.9995888 2.167903e-06 -0.02867413 0.9995888 1.067558e-07 -0.02867529 0.9995888 -2.69278e-06 -0.02867614 0.9995888 2.606787e-06 -0.02867462 0.9995887 -9.46176e-07 -0.02867655 0.9995887 -2.494713e-06 -0.02867731 0.9995887 -5.093861e-08 -0.02867645 0.9995887 3.335796e-06 -0.02867525 0.9995888 2.059193e-07 -0.0286744 0.9995888 7.127982e-07 -0.02867418 0.9995888 -2.173007e-06 -0.02867492 0.9995888 -2.270548e-06 -0.02867496 0.9995888 -6.606669e-07 -0.02867513 0.9995888 -2.396217e-08 -0.0286749 0.9995887 -1.754593e-06 -0.02867602 0.9995888 5.657564e-07 -0.0286749 0.9995888 8.065937e-07 -0.02867495 0.9995888 -1.107479e-06 -0.02867552 0.9995888 3.363706e-06 -0.02867463 0.9995887 1.168987e-06 -0.02867584 0.9995888 -4.222763e-07 -0.02867591 0.9995887 1.334115e-06 -0.02867549 0.9995887 -5.692597e-07 -0.0286751 0.9995888 -1.79273e-06 -0.02867587 0.9995888 1.698593e-06 -0.02867524 -0.9995887 -5.672524e-07 0.02867797 -0.9995889 -2.06117e-07 0.02867197 -0.9995887 -1.933045e-07 0.0286771 -0.9995888 -8.45366e-07 0.02867043 -0.9995888 1.900089e-07 0.02867465 -0.9995887 1.819823e-06 0.02867801 -0.9995888 -1.814897e-06 0.02867399 -0.9995888 1.813818e-06 0.02867605 -0.9995888 -1.408845e-06 0.02867528 -0.9995888 -6.101e-07 0.0286753 -0.9995888 1.731436e-06 0.02867503 -0.9995887 -5.319146e-06 0.02867656 -0.9995888 1.565324e-06 0.02867459 -0.9995884 -2.436134e-06 0.02869022 -0.9995895 3.657894e-06 0.02865022 -0.9995888 7.81318e-07 0.02867021 -0.9995883 -1.912304e-06 0.02869121 -0.9995893 5.041926e-05 0.02865566 -0.9995884 -3.314404e-05 0.02868783 -0.999589 1.99843e-05 0.02866784 -0.9995888 -3.576087e-06 0.02867628 -0.9995887 2.276861e-06 0.02867643 -0.9995888 1.175143e-06 0.02867571 -0.9995888 -3.770036e-06 0.02867288 -0.9995888 -1.324051e-06 0.02867399 -0.9995888 -1.495353e-06 0.02867394 -0.9995888 4.204229e-07 0.02867408 -0.9995888 2.534882e-06 0.02867363 -0.9995887 -3.393424e-06 0.0286771 -0.9995888 8.187343e-07 0.02867264 -0.9995888 -1.882227e-07 0.0286743 -0.9995888 1.509743e-07 0.02867351 -0.9995888 2.155187e-07 0.0286733 -0.9995889 1.218847e-06 0.02866932 -0.9995907 1.030485e-05 0.02860787 -0.9995891 1.077064e-06 0.02866661 -0.9995887 -7.178798e-07 0.02867746 -0.9995884 -2.3075e-06 0.02868621 -0.9995875 5.639022e-05 0.02872057 -0.9995888 -2.722334e-06 0.02867289 -0.9995887 3.096614e-06 0.02867739 -0.9995889 -6.309454e-06 0.02867029 -0.9995888 1.565271e-06 0.02867448 -0.9995888 5.473835e-06 0.02867248 -0.9995887 -4.063308e-06 0.02867803 -0.9995889 4.166727e-06 0.02867214 -0.9995887 3.151358e-07 0.02867584 -0.9995887 -1.379922e-06 0.02867833 -0.9995888 7.112598e-08 0.02867385 -0.9995887 8.858862e-08 0.02867674 -0.9995888 -1.373275e-06 0.02867184 -0.9995887 6.490673e-07 0.02867554 -0.9995888 1.120525e-06 0.02867618 -0.9995887 2.315516e-06 0.02867748 -0.9995888 -1.889918e-06 0.02867341 -0.9995866 9.265114e-05 0.02874966 -0.9995893 -2.07825e-05 0.02865811 -0.999589 -8.902013e-06 0.02866789 -0.9995887 7.292907e-06 0.0286816 -0.9995893 4.9236e-05 0.02865612 -0.9995885 -2.032357e-05 0.02868327 -0.9995888 8.601548e-06 0.02867171 -0.9995887 -4.494616e-06 0.0286772 -0.9995887 -9.905229e-08 0.02868081 -0.9995887 1.864901e-07 0.02867607 -0.999589 -1.291646e-07 0.02866879 -0.9995889 5.767059e-07 0.02867222 -0.9995888 5.301636e-07 0.02867554 -0.9995888 2.788328e-07 0.02867451 -0.9995888 -1.891887e-07 0.02867354 -0.9995888 1.68991e-06 0.02867563 -0.9995888 -1.319822e-06 0.02867392 -0.9995888 4.520027e-06 0.02867531 -0.9995888 -4.867807e-07 0.02867519 -0.9995888 1.860584e-06 0.0286749 -0.9995888 -4.035696e-06 0.02867619 -0.9995888 1.511967e-06 0.02867461 -0.9995888 -3.576086e-06 0.02867628 -0.999589 1.704894e-05 0.0286685 -0.999589 1.828509e-05 0.028668 -0.9995887 -6.651793e-06 0.02867739 -0.9995893 3.139221e-06 0.02865647 -0.9995879 -4.276907e-06 0.02870528 -0.999589 1.297253e-06 0.02866659 -0.9995888 3.909597e-07 0.02867491 -0.9995888 4.059072e-07 0.02867488 -0.9995885 -1.594088e-06 0.02868279 -0.9995889 1.107432e-06 0.02866983 -0.9995887 -2.275758e-07 0.02867635 -0.9995888 1.546295e-06 0.02867344 -0.9995888 -7.958104e-08 0.02867516 -0.9995888 -1.180416e-06 0.0286758 -0.9995888 9.81987e-07 0.02867534 -0.9995888 -8.51178e-07 0.02867521 -0.9995888 -5.857613e-07 0.02867528 -0.9995887 5.000607e-06 0.02867782 -0.999589 -6.780358e-06 0.02867106 -0.9995888 6.314264e-07 0.02867595 -0.9995886 1.064719e-05 0.02868317 -0.9995864 -1.275029e-05 0.02875689 -0.9995889 7.148382e-07 0.0286712 -0.9995886 -8.017645e-07 0.02868037 -0.9995903 -6.664209e-05 0.02862226 -0.9995878 3.992614e-05 0.02870689 -0.9995891 -1.674586e-05 0.0286622 -0.9995888 7.1126e-08 0.02867385 -0.9995887 8.858864e-08 0.02867674 -0.9995889 -1.047376e-06 0.02867293 -0.9995887 2.583168e-06 0.02867958 -0.9995889 -5.068548e-06 0.02866937 -0.9995887 2.319386e-06 0.02867749 -0.9995888 -1.885472e-06 0.02867344 -0.9995885 7.303689e-06 0.02868163 -0.9995888 2.642637e-07 0.02867325 -0.9995887 -1.427381e-06 0.02867574 -0.9995888 -3.095945e-06 0.02867734 -0.9995888 2.296958e-06 0.02867348 -0.9995887 -5.094987e-06 0.02867777 -0.9995888 1.54748e-06 0.02867446 -0.9995888 -6.158112e-07 0.02867543 -0.9995894 -2.628015e-05 0.02865421 -0.9995886 7.961421e-06 0.02868186 -0.9995889 -3.942709e-06 0.02867208 -0.999588 -7.586679e-05 0.02870405 -0.999589 1.415647e-05 0.02866939 -0.9995888 7.913496e-06 0.02867192 0.009699218 -0.9409984 0.338272 0.009699248 -0.9409984 0.338272 0.008343005 -0.9566954 0.2909715 0.008342979 -0.9566954 0.2909716 0.006965719 -0.9700169 0.2429379 0.00696572 -0.9700169 0.242938 0.005571386 -0.9809246 0.1943089 0.00557614 -0.9809258 0.1943023 0.004166589 -0.9893956 0.145186 0.004166589 -0.9893956 0.145186 0.002746769 -0.9954053 0.095712 0.001319967 -0.9989409 0.04599449 0.002746778 -0.9954054 0.095712 -0.0001099422 -0.9999927 -0.00383437 0.001318838 -0.9989407 0.04599609 -0.001538426 -0.9985584 -0.05365432 -0.0001099426 -0.9999927 -0.003834369 -0.002963189 -0.9946412 -0.1033445 -0.001538426 -0.9985584 -0.05365432 -0.004384281 -0.9882519 -0.1527711 -0.002965716 -0.9946416 -0.1033409 -0.005791903 -0.9794055 -0.2018206 -0.004384268 -0.9882519 -0.1527711 -0.007185028 -0.9681252 -0.2503637 -0.005791921 -0.9794055 -0.2018206 -0.008553219 -0.9544325 -0.2983039 -0.007178879 -0.9681231 -0.2503721 -0.009914619 -0.9383749 -0.3454768 -0.008560551 -0.9544356 -0.2982941 -0.01124412 -0.9199797 -0.3918046 -0.009914589 -0.9383748 -0.3454769 -0.01254563 -0.8992981 -0.4371561 -0.01124412 -0.9199797 -0.3918046 -0.01254563 -0.8992981 -0.4371561 -0.01381606 -0.8763785 -0.4814247 -0.0138161 -0.8763786 -0.4814247 -0.01505175 -0.8512891 -0.524481 -0.0150388 -0.8512798 -0.5244967 -0.0162363 -0.8240662 -0.5662608 -0.01625029 -0.8240772 -0.5662444 -0.01740834 -0.7948189 -0.6065968 -0.01739339 -0.7948065 -0.6066137 -0.01850712 -0.7635729 -0.6454564 -0.01850712 -0.7635729 -0.6454564 -0.01957494 -0.7304386 -0.6826977 -0.01957488 -0.7304386 -0.6826978 -0.02059432 -0.6954781 -0.7182521 -0.02061215 -0.6954957 -0.7182345 -0.02158135 -0.6588027 -0.7520062 -0.02158128 -0.6588026 -0.7520061 -0.02249626 -0.6204937 -0.7838888 -0.02333493 -0.5806287 -0.8138341 -0.0224768 -0.6204727 -0.7839059 -0.02413583 -0.5393062 -0.8417638 -0.023335 -0.5806287 -0.813834 -0.02415671 -0.5393302 -0.8417478 -0.024898 -0.4966766 -0.8675784 -0.02557726 -0.4527954 -0.8912475 -0.024898 -0.4966766 -0.8675784 -0.02619298 -0.4077912 -0.9126995 -0.02557734 -0.4527955 -0.8912474 -0.02674357 -0.3617675 -0.9318847 -0.02619298 -0.4077912 -0.9126995 -0.02722753 -0.3148573 -0.9487484 -0.02674357 -0.3617675 -0.9318847 -0.02761958 -0.267134 -0.9632635 -0.0272037 -0.3148267 -0.9487593 -0.02799142 -0.2187944 -0.9753695 -0.02764373 -0.2671655 -0.9632542 -0.02824463 -0.1698459 -0.9850658 -0.02796683 -0.2187621 -0.9753773 -0.0282695 -0.1698789 -0.9850594 -0.02858894 -0.07089081 -0.9970742 -0.02845202 -0.1205548 -0.9922988 -0.02847735 -0.1205213 -0.9923022 -0.02868017 -0.02109042 -0.9993661 -0.02861431 -0.07092476 -0.9970711 -0.02867461 0.02874411 -0.9991755 -0.02868008 -0.0210903 -0.9993661 -0.02864918 0.02877807 -0.9991752 -0.02859776 0.07857835 -0.9964977 -0.02857251 0.07854458 -0.9965011 -0.02823139 0.1774307 -0.9837283 -0.02845006 0.1281411 -0.9913478 -0.02844997 0.128141 -0.9913478 -0.02794272 0.2262453 -0.9736695 -0.02823139 0.1774308 -0.9837283 -0.0275844 0.2745163 -0.9611866 -0.02794263 0.2262454 -0.9736695 -0.02755979 0.2745476 -0.9611785 -0.02666315 0.3689106 -0.9290825 -0.02715737 0.3221361 -0.9463038 -0.02713361 0.3221056 -0.9463148 -0.02666315 0.3689106 -0.9290825 -0.02610268 0.4147675 -0.9095529 -0.02607911 0.4147958 -0.9095407 -0.02545455 0.4596043 -0.887759 -0.02478818 0.5033124 -0.8637488 -0.02547681 0.4596311 -0.8877444 -0.02401629 0.5457637 -0.8375949 -0.0247658 0.5033377 -0.8637347 -0.02401629 0.5457637 -0.8375949 -0.02233945 0.6264852 -0.779113 -0.0232067 0.5868549 -0.8093595 -0.02320668 0.5868549 -0.8093595 -0.02141673 0.6645524 -0.7469347 -0.02233938 0.6264853 -0.779113 -0.02044059 0.7009798 -0.7128881 -0.0214168 0.6645524 -0.7469348 -0.02044052 0.7009798 -0.7128881 -0.01835489 0.768504 -0.6395816 -0.0194306 0.7356667 -0.677065 -0.01941386 0.7356511 -0.6770824 -0.01723341 0.7994366 -0.6005033 -0.01835489 0.768504 -0.6395816 -0.01723346 0.7994366 -0.6005033 -0.01606841 0.8283985 -0.5599085 -0.01606846 0.8283987 -0.5599084 -0.01362281 0.8800479 -0.4746895 -0.01486422 0.8552838 -0.5179467 -0.01486418 0.8552837 -0.5179467 -0.01234729 0.9026282 -0.4302438 -0.01362281 0.8800479 -0.4746895 -0.01234729 0.9026282 -0.4302438 -0.01103176 0.9229565 -0.3847463 -0.01104124 0.9229615 -0.3847339 -0.9995897 -7.536334e-05 0.0286434 -0.9995878 6.548654e-05 0.02870759 -0.9995889 -3.339876e-06 0.02867198 -0.999588 6.254992e-05 0.02870201 -0.999589 -1.637243e-05 0.02866844 -0.9995892 -3.211394e-05 0.02866122 -0.9995883 0.0001366094 0.02869104 -0.9995875 3.883394e-05 0.02871897 -0.9995888 -2.845263e-08 0.02867475 -0.9995892 -1.678076e-05 0.02865828 -0.999588 2.593898e-05 0.02870241 -0.9995894 -2.07888e-05 0.02865169 -0.9995879 2.529222e-05 0.02870429 -0.9995888 4.72648e-05 0.02867243 -0.9995887 5.783258e-06 0.02867538 -0.9995887 -1.831131e-05 0.02867649 -0.9995888 1.400619e-05 0.02867521 -0.9995887 -1.005329e-05 0.02867632 -0.9995885 8.757479e-06 0.02868158 -0.9995885 6.500683e-06 0.02868544 -0.9995892 -8.144704e-06 0.02866125 -0.9995888 1.666992e-08 0.02867491 -0.9995888 -7.91333e-07 0.02867406 -0.999588 -0.00010909 0.02870379 -0.9995888 -6.326265e-06 0.02867532 -0.9995877 1.307556e-05 0.02871453 -0.9995877 -9.514853e-05 0.02871449 -0.9995883 -4.964618e-05 0.02869417 -0.9995889 1.475067e-05 0.02867003 -0.9995896 6.039681e-05 0.02864965 -0.9995892 -4.390894e-06 0.02866176 -0.9995899 -8.261344e-06 0.02863681 -0.9995874 9.461478e-06 0.02872622 -0.9995883 4.009232e-06 0.0286946 -0.9995893 -1.547385e-06 0.02865678 -0.9995883 4.631467e-06 0.0286943 -0.9995874 -6.397219e-05 0.02872449 -0.9995906 9.858378e-05 0.02860859 -0.999589 4.035598e-06 0.02867013 -0.9995891 1.247439e-05 0.02866199 -0.9995887 -2.792254e-06 0.02867711 -0.9995881 -2.147906e-05 0.02870106 -0.999589 8.464607e-06 0.02866567 -0.9995888 -2.220197e-07 0.02867515 -0.9995888 -1.302901e-06 0.02867582 -0.9995908 9.410625e-06 0.02860327 -0.9995927 1.908894e-05 0.02854069 -0.9995887 -5.59976e-06 0.02867724 -0.9995888 -1.388221e-06 0.02867475 -0.9995888 4.851452e-06 0.02867654 -0.9995888 -2.866602e-07 0.02867502 -0.9995889 -3.550187e-07 0.02867502 -0.9995871 -7.715556e-06 0.02873577 -0.9995871 -7.671791e-06 0.02873549 -0.9995862 -5.341546e-05 0.0287669 -0.9995888 2.720848e-06 0.02867587 -0.9995888 1.16634e-07 0.02867523 -0.9995876 -1.46314e-05 0.02871526 -0.9995877 -1.323867e-05 0.02871176 -0.9995898 1.806653e-05 0.02863834 -0.9995911 2.861078e-05 0.02859151 -0.9995915 3.257516e-05 0.02857883 -0.9995893 1.017792e-05 0.02865571 -0.9995887 -4.63605e-06 0.02867972 -0.9995885 -4.033781e-06 0.02868639 -0.9995896 1.528702e-05 0.02864699 -0.9995892 4.663947e-06 0.02865857 -0.9995877 -1.080555e-05 0.02871274 -0.9995886 -2.064159e-06 0.02868246 -0.9995888 5.167678e-07 0.02867248 -0.9995896 5.85609e-06 0.02864837 -0.9995852 -1.574588e-07 0.02879902 -0.9995888 3.249815e-07 0.02867315 -0.9995887 8.662699e-08 0.02867681 -0.999588 -2.744393e-05 0.02870215 -0.9995921 0.000134007 0.02856085 -0.9995886 -3.288312e-06 0.02867981 -0.9995888 2.260815e-06 0.02867469 -0.9995909 -8.457908e-06 0.02859988 -0.9995899 -4.798489e-06 0.02863791 -0.9995888 -1.824607e-07 0.02867591 -0.9995895 4.924598e-05 0.02864702 -0.9995888 -8.493686e-07 0.02867136 -0.9995888 -1.242429e-07 0.02867513 -0.9995888 -1.183358e-07 0.02867506 -0.9995847 4.286948e-05 0.02881498 -0.9995873 -0.0001064809 0.02872615 -0.999589 1.408035e-05 0.02866863 -0.9995888 2.085052e-06 0.02867472 -0.9995885 -1.562347e-05 0.02868262 -0.9995877 -0.0001140942 0.02871326 -0.999589 -1.14745e-06 0.02866622 -0.9995887 -5.736645e-06 0.02867788 -0.9995878 1.958615e-05 0.02870968 -0.9995888 3.314804e-06 0.02867389 -0.9995887 -1.51143e-05 0.02867707 -0.9995888 2.544856e-06 0.02867417 -0.9995888 -3.912234e-07 0.02867518 -0.9995882 1.302069e-05 0.02869676 -0.9995868 4.949561e-05 0.02874567 -0.999588 1.847494e-05 0.02870441 -0.9995891 -6.018876e-06 0.02866535 -0.9995887 -6.460917e-05 0.02867557 -0.9995887 -2.412197e-05 0.02867572 -0.9995885 0.0002620336 0.02868395 -0.9995863 8.80763e-05 0.02876141 -0.9995887 1.544484e-06 0.02867641 -0.9995888 -2.129707e-05 0.02867465 -0.9995894 -2.285684e-05 0.02865122 -0.9995888 -1.915444e-05 0.02867466 -0.999588 3.179774e-05 0.02870491 -0.9995888 1.396829e-06 0.02867483 -0.9995887 1.787113e-05 0.02867572 -0.9995888 6.777182e-07 0.0286748 -0.9995888 1.492124e-07 0.0286751 -0.9995891 -1.081552e-05 0.02866509 -0.9995888 -5.051361e-07 0.02867552 -0.9995887 -2.583727e-06 0.02867593 -0.9995886 1.194209e-05 0.02868045 -0.9995902 -7.321763e-05 0.02862446 -0.9995883 6.030971e-05 0.02869338 -0.9995891 -2.862071e-05 0.02866317 -0.9995891 -3.103953e-05 0.02866229 -0.9995897 -7.145367e-05 0.02864101 -0.6853153 -0.6787617 0.2638665 -0.7010301 -0.6763766 0.2259902 -0.7015426 -0.6862373 0.1921366 -0.6999871 -0.6713744 0.2434631 -0.6999849 -0.6713749 0.2434686 -0.7143351 -0.6517061 0.25496 -0.7005655 -0.6768148 0.2261188 -0.7020296 -0.6857697 0.1920266 -0.703197 -0.693305 0.1576144 -0.7032725 -0.7001976 0.1230093 -0.6950999 -0.6965567 0.1778903 -0.7019035 -0.6900305 0.1766056 -0.7019034 -0.6900304 0.1766056 -0.7023078 -0.6941708 0.1577676 -0.70428 -0.6992053 0.1228889 -0.7097675 -0.6823308 0.1750853 -0.6971069 -0.7086513 0.1088822 -0.7053879 -0.7033476 0.08792061 -0.7050193 -0.7072187 0.05281484 -0.7038654 -0.7020371 0.1082477 -0.7116758 -0.6942355 0.1074932 -0.7038664 -0.7020362 0.1082464 -0.704102 -0.7046242 0.08800644 -0.7065697 -0.7056716 0.05278978 -0.7075835 -0.7064108 0.0175876 -0.7067634 -0.7072272 -0.01775481 -0.6991517 -0.7139076 0.03902329 -0.7058514 -0.7072833 0.0390398 -0.7135938 -0.6994702 0.03905432 -0.7058517 -0.707283 0.03903949 -0.7059333 -0.7080614 0.01753099 -0.7088827 -0.7051072 -0.01758324 -0.7097629 -0.7024678 -0.05268418 -0.7084822 -0.7002188 -0.08801521 -0.7012155 -0.7122748 -0.03100812 -0.7078418 -0.7057188 -0.03034672 -0.7154978 -0.6979888 -0.02957226 -0.7077792 -0.704447 -0.05294289 -0.7111993 -0.697522 -0.08751408 -0.7078424 -0.7057181 -0.03034738 -0.7119068 -0.6915613 -0.1221952 -0.7101583 -0.6862554 -0.1572538 -0.703281 -0.7037674 -0.1005348 -0.7173768 -0.6897963 -0.09773248 -0.7098195 -0.6973568 -0.09924604 -0.7098209 -0.6973552 -0.09924736 -0.7096196 -0.6938127 -0.1227358 -0.7134939 -0.6830036 -0.1563089 -0.7139962 -0.6737998 -0.1902717 -0.7117727 -0.6654701 -0.2247871 -0.7053253 -0.6884732 -0.1688815 -0.7117642 -0.6822788 -0.1669953 -0.7114359 -0.6762624 -0.191123 -0.7157545 -0.661694 -0.2232861 -0.7117648 -0.682278 -0.1669958 -0.7192051 -0.6749761 -0.1647766 -0.7073293 -0.6665413 -0.2353887 -0.7160117 -0.649359 -0.2562423 -0.7133051 -0.6380598 -0.2899576 -0.7136564 -0.660628 -0.2329491 -0.7209704 -0.6536598 -0.2300663 -0.7136481 -0.6606389 -0.2329432 -0.7132116 -0.651964 -0.2574337 -0.7179599 -0.6338215 -0.2877569 -0.7179275 -0.6184948 -0.3194437 -0.7147288 -0.6042961 -0.3521205 -0.7092756 -0.6381817 -0.2994197 -0.7154692 -0.6326264 -0.2964584 -0.7154778 -0.6326233 -0.2964448 -0.7226508 -0.626063 -0.292952 -0.7149164 -0.6211681 -0.3210056 -0.7200823 -0.5996721 -0.3491059 -0.7197366 -0.5815084 -0.3792455 -0.7160371 -0.5644959 -0.4106523 -0.711149 -0.6036795 -0.3603305 -0.724228 -0.5924336 -0.3528687 -0.7172127 -0.5985175 -0.356907 -0.7172084 -0.5985239 -0.3569052 -0.7165433 -0.5841722 -0.3811935 -0.7221168 -0.5595829 -0.4067117 -0.7214213 -0.5387437 -0.4350936 -0.7172168 -0.5190466 -0.464963 -0.7129296 -0.5633605 -0.41756 -0.7188385 -0.5586559 -0.4137327 -0.718837 -0.558656 -0.4137354 -0.7256862 -0.5530998 -0.4092189 -0.718073 -0.5413563 -0.4373838 -0.7240472 -0.5139611 -0.4599996 -0.7229518 -0.4906825 -0.4863861 -0.7182307 -0.4684176 -0.5145187 -0.7146059 -0.5176158 -0.4705448 -0.7270165 -0.5084254 -0.4614659 -0.719493 -0.4931354 -0.4890267 -0.7258586 -0.4632708 -0.5084382 -0.7203494 -0.5134034 -0.4663838 -0.7203467 -0.5134072 -0.4663834 -0.7217246 -0.463215 -0.5143399 -0.7243294 -0.4377057 -0.532692 -0.7190933 -0.4130663 -0.5588212 -0.716143 -0.4669166 -0.5187757 -0.7217302 -0.4632164 -0.5143307 -0.7207685 -0.4399756 -0.5356438 -0.7275019 -0.4080797 -0.5515543 -0.7281973 -0.4588503 -0.5091022 -0.7255344 -0.38046 -0.5734544 -0.7197637 -0.3535551 -0.5974438 -0.7175641 -0.4117241 -0.5617696 -0.7229607 -0.4085609 -0.5571407 -0.7229587 -0.408564 -0.557141 -0.7292165 -0.4048321 -0.5516831 -0.7219071 -0.3824338 -0.57671 -0.729013 -0.3488447 -0.5889376 -0.7188231 -0.3525926 -0.5991426 -0.7265565 -0.3193908 -0.6083627 -0.7202566 -0.2904656 -0.6299684 -0.7240297 -0.3499737 -0.5943899 -0.724031 -0.3499744 -0.5943879 -0.7300524 -0.3468947 -0.5888019 -0.7228861 -0.3211034 -0.6118238 -0.7303613 -0.2862277 -0.6201985 -0.7273825 -0.2551943 -0.637017 -0.7199302 -0.2900886 -0.630515 -0.7249303 -0.2880143 -0.6257187 -0.7249292 -0.288016 -0.6257192 -0.7307156 -0.2855767 -0.620081 -0.7237081 -0.2565575 -0.6406441 -0.7210014 -0.2242514 -0.6556433 -0.7280259 -0.1884273 -0.659146 -0.7206558 -0.2249071 -0.6557988 -0.7256363 -0.2233045 -0.6508356 -0.7314319 -0.2213941 -0.6449745 -0.7256499 -0.2232848 -0.6508273 -0.7311032 -0.2210025 -0.6454812 -0.724359 -0.1894263 -0.6628889 -0.7219691 -0.1557448 -0.6741692 -0.7284395 -0.119816 -0.6745517 -0.7210084 -0.157562 -0.6747749 -0.724826 -0.1204548 -0.67832 -0.7261716 -0.1564048 -0.6694867 -0.7321894 -0.155025 -0.6632237 -0.7261775 -0.1563965 -0.6694822 -0.7311958 -0.1536689 -0.6646342 -0.7211647 -0.08870696 -0.6870609 -0.7227401 -0.0857606 -0.6857784 -0.7286487 -0.05004847 -0.6830565 -0.7310918 -0.08470323 -0.6770008 -0.7250952 -0.05029302 -0.6868098 -0.7265217 -0.08802925 -0.6814815 -0.7327454 -0.08722541 -0.6748895 -0.7265236 -0.0880267 -0.6814798 -0.7211297 -0.01892729 -0.6925415 -0.7232747 -0.01499526 -0.6903976 -0.728637 0.02032516 -0.6845984 -0.7308251 -0.01482053 -0.6824038 -0.7251958 0.02036785 -0.6882414 -0.7330878 -0.01860223 -0.6798795 -0.7266757 -0.01877713 -0.6867239 -0.7266743 -0.01877906 -0.6867256 -0.7236091 0.05581685 -0.6879494 -0.7284184 0.09041957 -0.6791399 -0.7266306 0.05063714 -0.6851598 -0.7209322 0.05105311 -0.6911225 -0.7303786 0.05529361 -0.6808008 -0.7251124 0.09083492 -0.6826134 -0.726628 0.0506404 -0.6851621 -0.7332357 0.05014905 -0.6781228 -0.7205383 0.1205705 -0.6828523 -0.7237089 0.1259889 -0.6785074 -0.727975 0.1596716 -0.6667514 -0.7263897 0.1195626 -0.6768034 -0.7297508 0.1249044 -0.6722073 -0.7248389 0.1604159 -0.6699815 -0.733169 0.1183706 -0.6696653 -0.7263881 0.1195609 -0.6768054 -0.7199621 0.1889515 -0.6677963 -0.7236206 0.1948828 -0.6621132 -0.7273389 0.2273437 -0.6475284 -0.7289186 0.1933705 -0.6567233 -0.7243767 0.228315 -0.6505004 -0.7259573 0.1873367 -0.6617332 -0.7328835 0.1854325 -0.6545966 -0.7259557 0.1873352 -0.6617355 -0.7192252 0.2555268 -0.6460814 -0.7233184 0.2617326 -0.6389887 -0.7264978 0.292773 -0.6216791 -0.7279063 0.2600043 -0.6344684 -0.7237362 0.2939473 -0.6243404 -0.7253302 0.2533032 -0.6401043 -0.732409 0.250679 -0.6330379 -0.7253351 0.253307 -0.6400973 -0.7227922 0.3259388 -0.6093729 -0.7254391 0.355351 -0.5894606 -0.7183056 0.3196878 -0.6179295 -0.7267172 0.3241102 -0.6056687 -0.7229238 0.356625 -0.5917768 -0.73173 0.3134982 -0.6052191 -0.7245275 0.3168415 -0.6121039 -0.7245414 0.3168504 -0.6120831 -0.7220966 0.386851 -0.573518 -0.7242122 0.4143926 -0.5511765 -0.7172234 0.3807458 -0.5836294 -0.7253736 0.3850356 -0.5705967 -0.7219616 0.4157232 -0.5531235 -0.7235627 0.3773212 -0.5780014 -0.7235578 0.3773187 -0.5780092 -0.7308647 0.3732897 -0.5713945 -0.7159876 0.438173 -0.5434761 -0.7212073 0.4438878 -0.5318118 -0.7227972 0.4693587 -0.5072146 -0.7224138 0.4341808 -0.5381501 -0.7224123 0.4341803 -0.5381523 -0.723886 0.4421795 -0.5295908 -0.7208611 0.4706604 -0.5087613 -0.7298322 0.4294749 -0.5318799 -0.714611 0.4913595 -0.4978926 -0.7201517 0.4964546 -0.4846797 -0.7212227 0.5196818 -0.458005 -0.728627 0.4815 -0.487094 -0.7222335 0.4949823 -0.4830853 -0.7196044 0.5209007 -0.4591645 -0.7211151 0.4868333 -0.4929364 -0.7211182 0.4868339 -0.4929314 -0.7130968 0.5398368 -0.447291 -0.7189417 0.5440869 -0.4325415 -0.7194984 0.5648776 -0.4040239 -0.7272583 0.5289218 -0.4374209 -0.7196741 0.5348225 -0.4427575 -0.7196779 0.5348225 -0.442751 -0.7204667 0.5428807 -0.4315189 -0.7182424 0.56591 -0.4048133 -0.7114779 0.5830897 -0.3921804 -0.7175896 0.5862575 -0.3759886 -0.7176396 0.6045027 -0.3457886 -0.7181021 0.5776477 -0.3881398 -0.7181069 0.5776471 -0.3881319 -0.7257562 0.5712302 -0.3833719 -0.718571 0.5854281 -0.375406 -0.716764 0.6052594 -0.3462809 -0.7097585 0.6207323 -0.333068 -0.7161004 0.622593 -0.3155601 -0.7156511 0.6381565 -0.2839012 -0.7002725 0.6657541 -0.2576624 -0.7164223 0.6149185 -0.3295666 -0.7165878 0.6221598 -0.3153078 -0.7152065 0.6385609 -0.2841118 -0.7287099 0.6392045 -0.2457631 -0.7241281 0.6080527 -0.3254389 -0.7146478 0.6462573 -0.267638 -0.7146484 0.6462561 -0.267639 -0.7164243 0.6149158 -0.3295676 0.009703982 -0.9409983 0.3382722 0.009703981 -0.9409983 0.3382722 0.008347196 -0.956694 0.2909758 0.008347198 -0.956694 0.2909759 0.006969016 -0.9700179 0.2429337 0.006969017 -0.9700179 0.2429337 0.00557412 -0.9809245 0.1943089 0.005574121 -0.9809245 0.1943089 0.004164881 -0.9893959 0.1451841 0.004164882 -0.9893959 0.1451841 0.002745677 -0.9954053 0.09571187 0.002745677 -0.9954053 0.09571187 0.001319502 -0.9989407 0.04599666 0.001319502 -0.9989407 0.04599667 -0.000109994 -0.9999927 -0.003834251 -0.0001099872 -0.9999927 -0.003834056 -0.001539196 -0.9985584 -0.05365443 -0.001539196 -0.9985584 -0.05365442 -0.002964426 -0.994642 -0.1033372 -0.002964608 -0.9946414 -0.1033425 -0.00438253 -0.9882519 -0.1527711 -0.004382533 -0.9882519 -0.1527712 -0.005789809 -0.9794039 -0.2018276 -0.005789808 -0.9794039 -0.2018276 -0.007182164 -0.9681251 -0.2503639 -0.007182162 -0.9681252 -0.2503638 -0.008557279 -0.954434 -0.2982991 -0.008557281 -0.954434 -0.2982992 -0.009911074 -0.938371 -0.3454875 -0.009910498 -0.938377 -0.3454711 -0.01123979 -0.9199798 -0.3918049 -0.01123979 -0.9199797 -0.3918047 -0.01254047 -0.8993014 -0.4371495 -0.01254118 -0.8992915 -0.4371698 -0.01381095 -0.8763745 -0.4814322 -0.01381018 -0.8763865 -0.4814105 -0.01504656 -0.851275 -0.5245039 -0.01504574 -0.8512892 -0.5244809 -0.01624359 -0.8240824 -0.5662369 -0.01624445 -0.8240659 -0.5662609 -0.01740181 -0.7948129 -0.6066051 -0.01740181 -0.7948129 -0.6066051 -0.01851683 -0.7635586 -0.6454731 -0.0185159 -0.7635798 -0.645448 -0.01958492 -0.7304312 -0.6827053 -0.01958399 -0.7304546 -0.6826804 -0.0206037 -0.6955042 -0.7182266 -0.02060465 -0.6954781 -0.7182519 -0.02157298 -0.6587929 -0.7520149 -0.02157298 -0.6587932 -0.7520148 -0.02248807 -0.6204726 -0.7839056 -0.02248712 -0.620504 -0.7838808 -0.02334591 -0.5806512 -0.8138176 -0.02334685 -0.5806177 -0.8138416 -0.02414807 -0.5392941 -0.8417712 -0.02414715 -0.5393299 -0.8417482 -0.02488841 -0.4966771 -0.8675785 -0.02488842 -0.496677 -0.8675786 -0.02556743 -0.4527949 -0.891248 -0.02556742 -0.4527954 -0.8912478 -0.02618254 -0.4077909 -0.9126999 -0.02618336 -0.4077488 -0.9127187 -0.0267329 -0.3617676 -0.931885 -0.0267329 -0.3617673 -0.9318851 -0.02721651 -0.314873 -0.9487435 -0.02721652 -0.3148727 -0.9487436 -0.02763347 -0.2671181 -0.9632675 -0.02763279 -0.2671656 -0.9632544 -0.02798034 -0.2187947 -0.9753696 -0.02798096 -0.218746 -0.9753805 -0.0282584 -0.1698625 -0.9850625 -0.0282584 -0.1698625 -0.9850625 -0.0284664 -0.1205211 -0.9923025 -0.02846591 -0.1205715 -0.9922964 -0.0286029 -0.07092399 -0.9970716 -0.02860331 -0.07087386 -0.9970751 -0.02866905 -0.02107316 -0.9993668 -0.02866871 -0.02112436 -0.9993657 -0.02866327 0.02872697 -0.9991762 -0.02866355 0.02877819 -0.9991747 -0.02858644 0.07857832 -0.996498 -0.02858644 0.07857824 -0.996498 -0.02843877 0.1281243 -0.9913503 -0.02843877 0.1281243 -0.9913503 -0.02822022 0.1774144 -0.9837316 -0.02822022 0.1774146 -0.9837316 -0.02793125 0.2262937 -0.9736585 -0.02793125 0.2262936 -0.9736586 -0.02757349 0.2745161 -0.9611871 -0.02757349 0.2745153 -0.9611873 -0.02714668 0.322121 -0.9463093 -0.02714668 0.3221208 -0.9463093 -0.02665251 0.3689106 -0.9290827 -0.02665251 0.3689104 -0.9290827 -0.02609208 0.4147819 -0.9095467 -0.02609208 0.4147819 -0.9095467 -0.02546667 0.4596299 -0.8877453 -0.02546667 0.4596296 -0.8877455 -0.02477829 0.5033127 -0.863749 -0.02477829 0.5033128 -0.863749 -0.024028 0.5457637 -0.8375944 -0.024028 0.5457637 -0.8375945 -0.02321823 0.5868443 -0.8093668 -0.02321824 0.5868438 -0.8093672 -0.02235034 0.6264848 -0.7791132 -0.02235034 0.6264848 -0.7791131 -0.02142722 0.6645529 -0.746934 -0.02142723 0.6645528 -0.746934 -0.02045055 0.7009798 -0.7128879 -0.02045055 0.7009798 -0.7128878 -0.01942292 0.7356662 -0.6770658 -0.01942292 0.735666 -0.6770659 -0.01834786 0.7684972 -0.6395901 -0.01834786 0.768497 -0.6395902 -0.0172261 0.7994494 -0.6004865 -0.0172261 0.7994494 -0.6004865 -0.01606227 0.8283933 -0.5599165 -0.01606227 0.8283933 -0.5599165 -0.01485832 0.855283 -0.5179479 -0.01485832 0.8552833 -0.5179476 -0.01361756 0.8800446 -0.4746959 -0.01361756 0.8800445 -0.474696 -0.01234237 0.9026282 -0.430244 -0.01234237 0.9026283 -0.430244 -0.0110368 0.9229637 -0.3847289 -0.0110372 0.9229561 -0.384747 -0.9995888 -9.189823e-07 0.02867473 -0.9995887 3.100145e-07 0.02867506 -0.9995888 -3.171087e-06 0.02867336 -0.9995887 3.985924e-07 0.02867553 -0.9995888 -1.476038e-06 0.0286745 -0.9995887 3.848876e-06 0.02867747 -0.9995887 1.339717e-06 0.02867609 -0.9995888 -1.284345e-06 0.02867463 -0.9995888 1.092497e-06 0.02867579 -0.9995888 -3.770033e-06 0.0286722 -0.9995888 1.882241e-07 0.02867464 -0.9995887 3.908438e-06 0.02867648 -0.9995888 1.939513e-06 0.02867564 -0.9995888 -7.086074e-07 0.02867428 -0.9995888 1.828957e-06 0.02867602 -0.9995888 -1.550091e-06 0.02867478 -0.9995888 1.085218e-06 0.02867575 -0.9995888 -2.225476e-06 0.02867371 -0.9995887 2.771491e-06 0.02867753 -0.9995888 -1.882245e-07 0.02867502 -0.9995888 2.828574e-07 0.02867516 -0.9995888 -3.717083e-06 0.02867218 -0.9995887 1.77153e-06 0.02867682 -0.9995887 2.015112e-06 0.02867573 -0.9995888 -1.645244e-06 0.02867478 -0.9995888 -5.259193e-07 0.02867437 -0.9995888 3.664163e-07 0.02867522 -0.9995887 -2.712292e-06 0.02867524 -0.9995887 -6.200319e-07 0.02867567 -0.9995888 -9.300347e-07 0.02867427 -0.9995888 8.034112e-07 0.02867606 -0.9995887 3.100177e-07 0.02867539 -0.9995888 3.577468e-06 0.0286759 -0.9995888 3.145093e-07 0.02867601 -0.9995887 4.041286e-07 0.02867611 -0.9995887 -3.033734e-06 0.02867507 -0.9995888 7.635842e-08 0.02867539 -0.9995887 1.721725e-06 0.02867717 -0.9995888 -1.639028e-06 0.02867293 -0.9995887 1.151494e-06 0.02867514 -0.9995888 -1.484214e-06 0.028675 -0.9995888 -1.96526e-06 0.02867183 -0.9995887 1.234166e-06 0.02867632 -0.9995887 1.417216e-06 0.02867507 -0.9995888 1.903432e-06 0.02867507 -0.9995887 1.525176e-06 0.02867816 -0.9995888 1.97221e-07 0.02867609 -0.9995887 -5.31458e-07 0.0286753 -0.9995888 -3.736813e-08 0.02867528 -0.9995888 -5.563709e-07 0.0286741 -0.9995888 6.518671e-07 0.02867621 -0.9995887 5.314566e-07 0.02867524 -0.9995888 -9.435483e-07 0.02867538 -0.9995887 5.840469e-07 0.02867645 -0.9995888 -3.778401e-07 0.02867455 -0.9995887 -3.144465e-06 0.02867606 -0.9995888 -2.175649e-06 0.02867592 -0.9995887 5.82317e-07 0.02867645 -0.9995888 8.303974e-07 0.0286748 -0.9995888 1.310985e-06 0.02867471 -0.9995888 -1.359115e-06 0.02867261 -0.9995887 3.819829e-07 0.0286771 -0.9995888 -2.989499e-07 0.02867447 -0.9995887 -1.350785e-06 0.02867536 -0.9995888 7.234862e-07 0.02867484 -0.9995888 -5.568857e-07 0.02867293 -0.9995888 6.753941e-07 0.02867467 -0.9995888 -7.266135e-07 0.0286751 -0.9995887 7.854192e-07 0.02867804 -0.9995888 -3.930611e-07 0.02867379 -0.9995888 7.784847e-08 0.02867484 -0.9995887 -2.689467e-06 0.02867628 -0.9995888 3.343757e-06 0.0286741 -0.9995888 6.451384e-07 0.02867689 -0.9995889 -6.518571e-07 0.02867111 -0.9995888 -1.733467e-07 0.02867601 -0.9995887 -1.660806e-07 0.02867601 -0.9995887 -2.393941e-07 0.02867571 -0.9995888 -3.809354e-07 0.02867489 -0.9995887 -2.147995e-06 0.02867634 -0.9995888 4.533972e-06 0.02867315 -0.9995887 -1.64476e-07 0.02867632 -0.9995888 -2.395238e-07 0.02867571 -0.9995887 -3.133747e-06 0.02867701 -0.9995888 1.062911e-06 0.02867474 -0.9995888 -2.430673e-07 0.0286736 -0.9995888 -1.318275e-07 0.02867516 -0.9995888 4.758124e-06 0.02867197 -0.9995888 6.753884e-07 0.02867444 -0.9995887 -2.785751e-07 0.02867735 -0.9995888 -3.333844e-07 0.02867476 -0.9995887 -4.88698e-06 0.02867907 -0.9995887 -9.300535e-07 0.02867639 -0.9995887 -2.78575e-07 0.02867735 -0.9995888 3.100202e-07 0.02867526 -0.9995888 3.145182e-07 0.02867525 -0.9995888 1.806113e-07 0.02867324 -0.9995888 -2.249002e-08 0.02867582 -0.9995888 -1.729569e-07 0.02867369 -0.9995888 2.262787e-06 0.02867327 -0.9995887 -1.328638e-07 0.02867526 -0.9995889 5.524825e-07 0.02867164 -0.9995887 -1.721702e-06 0.02867655 -0.9995888 7.079348e-07 0.02867432 -0.9995887 -7.214109e-08 0.02867813 -0.9995888 -9.212262e-09 0.02867599 -0.9995888 -9.549581e-07 0.0286756 -0.9995888 8.912832e-07 0.02867372 -0.9995887 -3.806043e-07 0.02867749 -0.9995889 7.677735e-07 0.02867255 -0.9995888 6.370613e-07 0.02867419 -0.9995888 1.62761e-06 0.02867353 -0.9995887 -1.65661e-06 0.02867724 -0.9995887 -1.350474e-06 0.02867994 -0.9995887 -1.677391e-06 0.02867733 -0.9995889 2.761162e-06 0.0286718 -0.9995888 1.238678e-07 0.02867436 -0.9995887 -8.251807e-08 0.0286755 -0.9995888 1.035243e-06 0.02867332 -0.9995887 -8.98892e-07 0.02867599 -0.9995887 -8.303932e-09 0.02867575 -0.9995888 7.406317e-07 0.02867255 -0.9995888 6.920021e-07 0.02867466 -0.9995887 -1.014158e-06 0.02867728 -0.9995888 -8.42856e-07 0.02867614 -0.9995888 1.309264e-06 0.02867244 -0.9995888 -1.245603e-07 0.02867645 -0.9995887 -1.238682e-07 0.02867645 -0.9995889 1.875625e-06 0.02867141 -0.9995887 -1.775673e-06 0.02867819 -0.9995888 -3.404591e-07 0.02867598 -0.9995887 -3.148578e-07 0.02867564 -0.9995888 -7.172683e-07 0.02867683 -0.9995888 1.035242e-06 0.02867332 -0.9995889 2.001313e-06 0.02867198 -0.9995888 8.013184e-07 0.0286724 -0.9995888 -3.460104e-08 0.02867533 -0.9995887 3.875264e-07 0.02867476 -0.9995888 -3.321566e-07 0.02867566 -0.9995887 -7.757148e-07 0.02867638 -0.9995887 -5.618987e-07 0.028676 -0.9995887 -2.632408e-06 0.02867834 -0.9995889 1.44974e-07 0.02867242 -0.9995888 -1.022464e-07 0.02867553 -0.9995889 3.545798e-06 0.02867102 -0.9995888 2.006819e-07 0.02867443 -0.9995887 -5.561962e-07 0.02867805 -0.9995888 -4.933106e-07 0.02867591 -0.9995887 -2.441357e-06 0.02867808 -0.9995887 -1.231764e-06 0.02867696 -0.9995888 1.062928e-06 0.02867413 -0.9995888 -2.694124e-07 0.02867418 -0.9995887 -1.918055e-07 0.02867797 -0.9995888 3.155565e-07 0.02867525 -0.9995887 8.996017e-08 0.02867548 -0.9995887 -2.249002e-08 0.02867582 -0.9995887 -2.365238e-07 0.02867589 -0.9995888 -1.730218e-07 0.02867368 -0.9995888 6.214157e-07 0.02867487 -0.9995888 1.215766e-07 0.0286731 -0.9995888 2.142441e-06 0.02867347 -0.9995888 1.195756e-06 0.02867413 -0.9995887 2.006751e-07 0.02867686 -0.9995888 8.79728e-08 0.0286762 -0.9995888 -1.561177e-06 0.02867662 -0.9995887 -2.5424e-06 0.02867722 -0.9995888 -1.377096e-07 0.02867303 -0.9995888 2.132381e-07 0.02867416 -0.9995888 3.295688e-07 0.02867512 -0.9995887 -3.138936e-06 0.02867701 -0.9995888 6.31109e-07 0.02867498 -0.9995888 2.242055e-07 0.02867465 -0.9995888 4.912445e-07 0.0286762 -0.9995888 4.151977e-06 0.02867256 -0.9995888 1.777059e-06 0.02867369 -0.9995887 4.91331e-07 0.0286762 -0.9995888 3.248884e-07 0.02867546 -0.9995887 -5.245373e-07 0.02867539 -0.9995887 -5.314574e-07 0.02867539 -0.9995888 1.2456e-07 0.02867382 -0.9995887 7.733333e-07 0.02867616 -0.9995887 -7.072246e-07 0.02867548 -0.9995888 -2.707104e-06 0.02867622 -0.9995887 1.054622e-06 0.02867779 -0.9995888 6.532489e-07 0.0286746 -0.9995888 6.477122e-07 0.0286746 -0.9995888 -5.563666e-07 0.02867293 -0.9995888 -4.152084e-09 0.02867435 -0.9995888 -5.563664e-07 0.02867293 -0.9995888 7.473624e-07 0.0286749 -0.9995887 -1.325875e-06 0.02867543 -0.9995887 3.044761e-07 0.02867547 -0.9995888 6.311071e-07 0.02867499 -0.9995887 -2.889803e-06 0.02867607 -0.9995888 3.930578e-07 0.02867504 -0.9995887 7.141408e-07 0.0286764 -0.9995887 7.141408e-07 0.02867639 -0.9995888 1.285047e-06 0.02867432 -0.9995888 -4.70562e-07 0.02867405 -0.9995888 -1.046279e-06 0.02867326 -0.9995888 -1.044923e-07 0.02867467 -0.9995888 -3.653775e-07 0.02867469 -0.9995888 -4.027461e-07 0.02867437 -0.9995887 7.22451e-07 0.02867573 -0.9995887 9.217491e-07 0.02867604 -0.9995888 3.328523e-07 0.02867456 -0.9995888 5.978879e-07 0.02867455 -0.9995887 9.466746e-07 0.02867617 -0.9995889 -2.582518e-06 0.02867123 -0.9995887 -3.351707e-06 0.02867512 -0.9995888 4.318088e-07 0.02867513 -0.9995887 6.089538e-07 0.02867679 -0.9995887 1.826911e-06 0.02867833 -0.9995887 1.138862e-06 0.02867506 -0.9995888 -7.639701e-07 0.02867497 -0.9995888 -6.643211e-07 0.02867496 -0.9995888 -1.904388e-06 0.02867252 -0.9995888 1.743881e-06 0.02867668 -0.9995888 1.697087e-06 0.02867462 -0.9995887 2.705746e-06 0.02867802 -0.9995888 -6.35776e-07 0.02867461 -0.9995888 4.318098e-06 0.02867537 -0.9995888 -4.068955e-06 0.02867192 -0.9995888 -6.740071e-07 0.02867453 -0.9995887 4.027457e-07 0.02867516 -0.9995888 -1.926535e-06 0.02867468 -0.9995888 -1.963886e-06 0.02867391 -0.9995888 1.992969e-07 0.0286754 -0.9995888 -2.606075e-06 0.02867461 -0.9995888 3.853067e-06 0.02867628 -0.9995887 1.197159e-06 0.02867624 -0.9995888 1.195775e-06 0.02867624 -0.9995887 1.83381e-07 0.02867571 -0.9995887 -5.14847e-07 0.02867549 -0.9995888 -5.632929e-07 0.0286749 -0.9995887 1.893282e-06 0.02867625 -0.9995888 -3.537526e-06 0.02867397 -0.9995887 2.024101e-06 0.02867601 -0.9995888 -4.041261e-07 0.02867467 -0.9995888 -3.803241e-06 0.028673 -0.9995888 -5.224612e-07 0.02867475 -0.9995888 1.22899e-06 0.02867549 -0.9995887 1.299584e-06 0.02867615 -0.9995887 1.295431e-06 0.02867615 -0.9995888 -8.331696e-07 0.02867485 -0.9995888 1.09613e-06 0.02867579 -0.9995887 5.176184e-07 0.02867573 -0.9995888 -1.943135e-06 0.02867481 -0.9995887 3.992845e-07 0.02867553 -0.9995888 -1.583302e-06 0.028675 -0.9995888 -1.478114e-06 0.0286745 -0.9995888 3.20538e-06 0.0286765</float_array>
          <technique_common>
            <accessor count="2474" source="#cubenormals-array0-array" stride="3">
              <param type="float" name="X"/>
              <param type="float" name="Y"/>
              <param type="float" name="Z"/>
            </accessor>
          </technique_common>
        </source>
        <vertices id="cubeverts-array0-vertices">
          <input semantic="POSITION" source="#cubeverts-array0"/>
        </vertices>
        <triangles count="2474" material="ref_formed_hex_screw_am_B18_2_3_2M___Formed_hex_screw__M12_x_1_75_x_50___30WN_shape">
          <input offset="0" semantic="VERTEX" source="#cubeverts-array0-vertices"/>
          <input offset="1" semantic="NORMAL" source="#cubenormals-array0"/>
          <p>0 0 1 0 2 0 3 1 2 1 4 1 3 2 0 2 2 2 5 3 4 3 6 3 5 4 3 4 4 4 7 5 6 5 8 5 7 6 5 6 6 6 9 7 8 7 10 7 9 8 7 8 8 8 11 9 10 9 12 9 11 10 9 10 10 10 13 11 12 11 14 11 13 12 11 12 12 12 15 13 14 13 16 13 15 14 13 14 14 14 17 15 16 15 18 15 17 16 15 16 16 16 19 17 18 17 20 17 19 18 17 18 18 18 21 19 20 19 22 19 21 20 19 20 20 20 23 21 22 21 24 21 23 22 21 22 22 22 25 23 24 23 26 23 25 24 23 24 24 24 27 25 26 25 28 25 27 26 25 26 26 26 29 27 28 27 30 27 29 28 27 28 28 28 31 29 30 29 32 29 31 30 29 30 30 30 33 31 31 31 32 31 34 32 33 32 32 32 34 33 32 33 35 33 34 34 35 34 36 34 37 35 34 35 36 35 37 36 36 36 38 36 39 37 37 37 38 37 39 38 38 38 40 38 41 39 39 39 40 39 41 40 40 40 42 40 43 41 41 41 42 41 43 42 42 42 44 42 45 43 43 43 44 43 45 44 44 44 46 44 47 45 46 45 48 45 47 46 45 46 46 46 49 47 48 47 50 47 49 48 47 48 48 48 51 49 50 49 52 49 51 50 49 50 50 50 53 51 52 51 54 51 53 52 51 52 52 52 55 53 54 53 56 53 55 54 53 54 54 54 57 55 56 55 58 55 57 56 55 56 56 56 59 57 58 57 60 57 59 58 57 58 58 58 61 59 60 59 62 59 61 60 59 60 60 60 63 61 62 61 64 61 63 62 61 62 62 62 65 63 64 63 66 63 65 64 63 64 64 64 67 65 66 65 68 65 67 66 65 66 66 66 69 67 68 67 70 67 69 68 67 68 68 68 71 69 69 69 70 69 72 70 70 70 73 70 72 71 73 71 74 71 72 72 71 72 70 72 75 73 74 73 76 73 75 74 72 74 74 74 77 75 76 75 78 75 77 76 75 76 76 76 79 77 78 77 80 77 79 78 77 78 78 78 81 79 79 79 80 79 82 80 80 80 83 80 82 81 83 81 84 81 82 82 81 82 80 82 85 83 84 83 86 83 85 84 82 84 84 84 87 85 85 85 86 85 88 86 87 86 86 86 88 87 86 87 89 87 88 88 89 88 90 88 91 89 88 89 90 89 91 90 90 90 92 90 93 91 91 91 92 91 94 92 93 92 92 92 94 93 92 93 95 93 94 94 95 94 96 94 97 95 94 95 96 95 98 96 97 96 96 96 98 97 96 97 99 97 98 98 99 98 100 98 101 99 98 99 100 99 102 100 101 100 100 100 102 101 100 101 103 101 102 102 103 102 104 102 105 103 102 103 104 103 105 104 104 104 106 104 107 105 105 105 106 105 107 106 106 106 108 106 109 107 107 107 108 107 109 108 108 108 110 108 111 109 109 109 110 109 112 110 110 110 113 110 112 111 111 111 110 111 112 112 113 112 114 112 115 113 114 113 116 113 115 114 112 114 114 114 117 115 116 115 118 115 117 116 115 116 116 116 119 117 118 117 120 117 119 118 117 118 118 118 121 119 120 119 122 119 121 120 119 120 120 120 123 121 122 121 124 121 123 122 121 122 122 122 125 123 123 123 124 123 126 124 124 124 127 124 126 125 125 125 124 125 128 126 129 126 130 126 128 127 130 127 131 127 128 128 131 128 132 128 133 129 1 129 129 129 133 130 129 130 128 130 133 131 2 131 1 131 133 132 4 132 2 132 133 133 6 133 4 133 134 134 132 134 135 134 134 135 135 135 136 135 134 136 128 136 132 136 137 137 128 137 134 137 137 138 8 138 6 138 137 139 10 139 8 139 137 140 133 140 128 140 137 141 6 141 133 141 138 142 136 142 139 142 138 143 139 143 140 143 138 144 134 144 136 144 141 145 137 145 134 145 141 146 10 146 137 146 141 147 12 147 10 147 141 148 14 148 12 148 141 149 134 149 138 149 142 150 140 150 143 150 142 151 143 151 144 151 142 152 138 152 140 152 145 153 14 153 141 153 145 154 141 154 138 154 145 155 138 155 142 155 145 156 16 156 14 156 145 157 18 157 16 157 146 158 144 158 147 158 146 159 147 159 148 159 146 160 142 160 144 160 149 161 145 161 142 161 149 162 18 162 145 162 149 163 20 163 18 163 149 164 22 164 20 164 149 165 142 165 146 165 150 166 148 166 151 166 150 167 151 167 152 167 150 168 146 168 148 168 153 169 22 169 149 169 153 170 149 170 146 170 153 171 146 171 150 171 153 172 24 172 22 172 153 173 26 173 24 173 154 174 152 174 155 174 154 175 155 175 156 175 154 176 150 176 152 176 154 177 153 177 150 177 157 178 153 178 154 178 157 179 28 179 26 179 157 180 30 180 28 180 157 181 26 181 153 181 158 182 156 182 159 182 158 183 159 183 160 183 158 184 154 184 156 184 161 185 154 185 158 185 161 186 157 186 154 186 161 187 30 187 157 187 161 188 32 188 30 188 161 189 35 189 32 189 162 190 160 190 163 190 162 191 163 191 164 191 162 192 158 192 160 192 165 193 158 193 162 193 165 194 35 194 161 194 165 195 161 195 158 195 165 196 36 196 35 196 165 197 38 197 36 197 166 198 164 198 167 198 166 199 167 199 168 199 166 200 162 200 164 200 169 201 38 201 165 201 169 202 165 202 162 202 169 203 162 203 166 203 169 204 40 204 38 204 169 205 42 205 40 205 170 206 168 206 171 206 170 207 171 207 172 207 170 208 166 208 168 208 173 209 166 209 170 209 173 210 42 210 169 210 173 211 44 211 42 211 173 212 46 212 44 212 173 213 169 213 166 213 174 214 172 214 175 214 174 215 175 215 176 215 174 216 170 216 172 216 177 217 46 217 173 217 177 218 170 218 174 218 177 219 48 219 46 219 177 220 173 220 170 220 177 221 50 221 48 221 178 222 176 222 179 222 178 223 179 223 180 223 178 224 174 224 176 224 178 225 177 225 174 225 181 226 177 226 178 226 181 227 50 227 177 227 181 228 52 228 50 228 181 229 54 229 52 229 182 230 178 230 180 230 182 231 180 231 183 231 182 232 183 232 184 232 185 233 178 233 182 233 185 234 181 234 178 234 185 235 54 235 181 235 185 236 56 236 54 236 185 237 58 237 56 237 186 238 182 238 184 238 186 239 184 239 187 239 186 240 187 240 188 240 186 241 185 241 182 241 189 242 58 242 185 242 189 243 185 243 186 243 189 244 60 244 58 244 189 245 62 245 60 245 190 246 186 246 188 246 190 247 188 247 191 247 192 248 189 248 186 248 192 249 186 249 190 249 192 250 64 250 62 250 192 251 62 251 189 251 193 252 191 252 194 252 193 253 194 253 195 253 193 254 190 254 191 254 196 255 192 255 190 255 196 256 190 256 193 256 196 257 64 257 192 257 196 258 66 258 64 258 196 259 68 259 66 259 197 260 195 260 198 260 197 261 198 261 199 261 197 262 193 262 195 262 197 263 196 263 193 263 200 264 196 264 197 264 200 265 68 265 196 265 200 266 70 266 68 266 200 267 73 267 70 267 201 268 197 268 199 268 201 269 199 269 202 269 201 270 202 270 203 270 204 271 74 271 73 271 204 272 76 272 74 272 204 273 73 273 200 273 204 274 200 274 197 274 204 275 197 275 201 275 205 276 203 276 206 276 205 277 206 277 207 277 205 278 201 278 203 278 208 279 78 279 76 279 208 280 80 280 78 280 208 281 76 281 204 281 208 282 201 282 205 282 208 283 204 283 201 283 209 284 207 284 210 284 209 285 210 285 211 285 209 286 205 286 207 286 212 287 83 287 80 287 212 288 84 288 83 288 212 289 205 289 209 289 212 290 208 290 205 290 212 291 80 291 208 291 213 292 209 292 211 292 213 293 211 293 214 293 213 294 214 294 215 294 216 295 212 295 209 295 216 296 86 296 84 296 216 297 89 297 86 297 216 298 209 298 213 298 216 299 84 299 212 299 217 300 215 300 218 300 217 301 218 301 219 301 217 302 213 302 215 302 220 303 90 303 89 303 220 304 92 304 90 304 220 305 213 305 217 305 220 306 89 306 216 306 220 307 216 307 213 307 221 308 219 308 222 308 221 309 222 309 223 309 221 310 217 310 219 310 224 311 92 311 220 311 224 312 95 312 92 312 224 313 96 313 95 313 224 314 220 314 217 314 224 315 217 315 221 315 225 316 221 316 223 316 225 317 223 317 226 317 225 318 226 318 227 318 228 319 99 319 96 319 228 320 100 320 99 320 228 321 221 321 225 321 228 322 224 322 221 322 228 323 96 323 224 323 229 324 227 324 230 324 229 325 230 325 231 325 229 326 225 326 227 326 232 327 225 327 229 327 232 328 103 328 100 328 232 329 104 329 103 329 232 330 100 330 228 330 232 331 228 331 225 331 233 332 229 332 231 332 233 333 231 333 234 333 233 334 234 334 235 334 236 335 106 335 104 335 236 336 108 336 106 336 236 337 104 337 232 337 236 338 229 338 233 338 236 339 232 339 229 339 237 340 233 340 235 340 237 341 235 341 238 341 237 342 238 342 239 342 240 343 236 343 233 343 240 344 233 344 237 344 240 345 110 345 108 345 240 346 113 346 110 346 240 347 108 347 236 347 241 348 237 348 239 348 241 349 239 349 242 349 241 350 242 350 243 350 244 351 113 351 240 351 244 352 237 352 241 352 244 353 114 353 113 353 244 354 116 354 114 354 244 355 240 355 237 355 245 356 241 356 243 356 245 357 243 357 246 357 245 358 246 358 247 358 248 359 244 359 241 359 248 360 116 360 244 360 248 361 118 361 116 361 248 362 120 362 118 362 248 363 241 363 245 363 249 364 245 364 247 364 249 365 247 365 250 365 249 366 250 366 251 366 249 367 251 367 252 367 253 368 120 368 248 368 253 369 122 369 120 369 253 370 124 370 122 370 253 371 127 371 124 371 253 372 248 372 245 372 253 373 249 373 252 373 253 374 252 374 127 374 253 375 245 375 249 375 254 376 255 376 256 376 257 377 254 377 256 377 257 378 256 378 258 378 259 379 257 379 258 379 259 380 258 380 260 380 261 381 259 381 260 381 261 382 260 382 262 382 263 383 261 383 262 383 263 384 262 384 264 384 265 385 263 385 264 385 265 386 264 386 266 386 267 387 266 387 268 387 267 388 265 388 266 388 269 389 268 389 270 389 269 390 267 390 268 390 271 391 270 391 272 391 271 392 269 392 270 392 273 393 272 393 274 393 273 394 271 394 272 394 275 395 274 395 276 395 275 396 273 396 274 396 277 397 276 397 278 397 277 398 275 398 276 398 279 399 277 399 278 399 280 400 278 400 281 400 280 401 279 401 278 401 282 402 281 402 283 402 282 403 280 403 281 403 284 404 285 404 286 404 284 405 283 405 285 405 284 406 282 406 283 406 287 407 284 407 286 407 288 408 287 408 286 408 288 409 286 409 289 409 290 410 288 410 289 410 290 411 289 411 291 411 292 412 290 412 291 412 292 413 291 413 293 413 294 414 292 414 293 414 294 415 293 415 295 415 296 416 294 416 295 416 296 417 295 417 297 417 298 418 296 418 297 418 298 419 297 419 299 419 300 420 298 420 299 420 300 421 299 421 301 421 302 422 300 422 301 422 302 423 301 423 303 423 304 424 302 424 303 424 304 425 303 425 305 425 306 426 307 426 308 426 306 427 305 427 307 427 306 428 304 428 305 428 309 429 306 429 308 429 309 430 308 430 310 430 311 431 309 431 310 431 312 432 313 432 314 432 312 433 310 433 313 433 312 434 311 434 310 434 315 435 312 435 314 435 316 436 317 436 318 436 316 437 314 437 317 437 316 438 315 438 314 438 319 439 316 439 318 439 320 440 318 440 321 440 320 441 319 441 318 441 322 442 323 442 324 442 322 443 321 443 323 443 322 444 320 444 321 444 325 445 322 445 324 445 326 446 324 446 327 446 326 447 325 447 324 447 328 448 327 448 329 448 328 449 326 449 327 449 330 450 329 450 331 450 330 451 328 451 329 451 332 452 331 452 333 452 332 453 330 453 331 453 334 454 333 454 335 454 334 455 332 455 333 455 336 456 335 456 337 456 336 457 334 457 335 457 338 458 337 458 339 458 338 459 336 459 337 459 340 460 338 460 339 460 340 461 341 461 342 461 340 462 339 462 341 462 343 463 340 463 342 463 344 464 343 464 342 464 344 465 342 465 345 465 346 466 344 466 345 466 346 467 345 467 347 467 348 468 346 468 347 468 348 469 347 469 349 469 350 470 349 470 351 470 350 471 348 471 349 471 352 472 353 472 354 472 352 473 351 473 353 473 352 474 350 474 351 474 355 475 352 475 354 475 356 476 354 476 357 476 356 477 355 477 354 477 358 478 357 478 359 478 358 479 356 479 357 479 360 480 361 480 362 480 360 481 359 481 361 481 360 482 358 482 359 482 363 483 360 483 362 483 364 484 362 484 365 484 364 485 363 485 362 485 366 486 365 486 367 486 366 487 364 487 365 487 368 488 367 488 369 488 368 489 366 489 367 489 370 490 371 490 372 490 370 491 369 491 371 491 370 492 368 492 369 492 373 493 370 493 372 493 374 494 375 494 376 494 374 495 372 495 375 495 374 496 373 496 372 496 377 497 374 497 376 497 378 498 376 498 379 498 378 499 377 499 376 499 380 500 379 500 381 500 380 501 378 501 379 501 382 502 383 502 384 502 384 503 383 503 385 503 383 504 386 504 385 504 385 505 386 505 387 505 386 506 388 506 387 506 387 507 388 507 389 507 388 508 390 508 389 508 389 509 390 509 391 509 390 510 392 510 391 510 391 511 392 511 393 511 392 512 394 512 393 512 393 513 394 513 395 513 394 514 396 514 395 514 395 515 396 515 397 515 397 516 396 516 398 516 396 517 399 517 398 517 399 518 400 518 398 518 398 519 400 519 401 519 400 520 402 520 401 520 401 521 402 521 403 521 403 522 402 522 404 522 402 523 405 523 404 523 404 524 406 524 407 524 405 525 406 525 404 525 407 526 408 526 409 526 406 527 408 527 407 527 409 528 410 528 411 528 411 529 410 529 412 529 408 530 410 530 409 530 410 531 413 531 412 531 412 532 413 532 414 532 413 533 415 533 414 533 415 534 416 534 414 534 414 535 416 535 417 535 416 536 418 536 417 536 417 537 418 537 419 537 418 538 420 538 419 538 419 539 420 539 421 539 421 540 420 540 422 540 420 541 423 541 422 541 422 542 423 542 424 542 423 543 425 543 424 543 424 544 425 544 426 544 425 545 427 545 426 545 426 546 427 546 428 546 427 547 429 547 428 547 429 548 430 548 428 548 428 549 430 549 431 549 430 550 432 550 431 550 431 551 432 551 433 551 433 552 432 552 434 552 432 553 435 553 434 553 434 554 435 554 436 554 435 555 437 555 436 555 437 556 438 556 436 556 436 557 438 557 439 557 439 558 438 558 440 558 438 559 441 559 440 559 440 560 441 560 442 560 441 561 443 561 442 561 442 562 443 562 444 562 443 563 445 563 444 563 444 564 445 564 446 564 445 565 447 565 446 565 447 566 448 566 446 566 446 567 448 567 449 567 449 568 448 568 450 568 448 569 451 569 450 569 451 570 452 570 450 570 450 571 452 571 453 571 453 572 454 572 455 572 452 573 454 573 453 573 455 574 456 574 457 574 454 575 456 575 455 575 457 576 458 576 459 576 456 577 458 577 457 577 459 578 460 578 461 578 458 579 460 579 459 579 461 580 462 580 463 580 460 581 462 581 461 581 463 582 464 582 465 582 462 583 464 583 463 583 465 584 466 584 467 584 464 585 466 585 465 585 466 586 468 586 467 586 467 587 468 587 469 587 468 588 470 588 469 588 469 589 470 589 471 589 471 590 470 590 472 590 470 591 473 591 472 591 472 592 474 592 475 592 475 593 474 593 476 593 473 594 474 594 472 594 474 595 477 595 476 595 476 596 478 596 479 596 477 597 478 597 476 597 479 598 480 598 481 598 478 599 480 599 479 599 481 600 482 600 483 600 480 601 482 601 481 601 483 602 484 602 485 602 482 603 484 603 483 603 485 604 486 604 487 604 484 605 486 605 485 605 487 606 488 606 489 606 486 607 488 607 487 607 489 608 490 608 491 608 488 609 490 609 489 609 491 610 492 610 493 610 490 611 492 611 491 611 493 612 494 612 495 612 492 613 494 613 493 613 495 614 496 614 497 614 494 615 496 615 495 615 497 616 498 616 499 616 496 617 498 617 497 617 499 618 500 618 501 618 498 619 500 619 499 619 501 620 502 620 503 620 500 621 502 621 501 621 503 622 504 622 505 622 502 623 504 623 503 623 505 624 506 624 507 624 504 625 506 625 505 625 506 626 508 626 507 626 507 627 508 627 509 627 510 628 511 628 512 628 512 629 511 629 513 629 513 630 338 630 514 630 514 631 338 631 515 631 515 632 338 632 516 632 516 633 338 633 517 633 517 634 338 634 518 634 518 635 338 635 519 635 519 636 338 636 520 636 520 637 338 637 521 637 521 638 338 638 522 638 522 639 338 639 523 639 523 640 338 640 524 640 511 641 338 641 513 641 524 642 525 642 526 642 526 643 525 643 527 643 527 644 525 644 528 644 338 645 525 645 524 645 529 646 530 646 531 646 531 647 530 647 532 647 532 648 296 648 533 648 533 649 296 649 534 649 534 650 296 650 535 650 535 651 296 651 536 651 536 652 296 652 537 652 537 653 296 653 538 653 538 654 296 654 539 654 539 655 296 655 540 655 540 656 296 656 541 656 541 657 296 657 542 657 542 658 296 658 543 658 530 659 296 659 532 659 543 660 511 660 544 660 544 661 511 661 545 661 545 662 511 662 510 662 296 663 511 663 543 663 546 664 547 664 548 664 548 665 547 665 549 665 549 666 254 666 550 666 550 667 254 667 551 667 551 668 254 668 552 668 552 669 254 669 553 669 553 670 254 670 554 670 554 671 254 671 555 671 555 672 254 672 556 672 556 673 254 673 557 673 557 674 254 674 558 674 558 675 254 675 559 675 559 676 254 676 560 676 547 677 254 677 549 677 560 678 530 678 561 678 561 679 530 679 562 679 562 680 530 680 529 680 254 681 530 681 560 681 563 682 564 682 565 682 565 683 564 683 566 683 566 684 567 684 568 684 568 685 567 685 569 685 569 686 567 686 570 686 570 687 567 687 571 687 571 688 567 688 572 688 572 689 567 689 573 689 573 690 567 690 574 690 574 691 567 691 575 691 575 692 567 692 576 692 576 693 567 693 577 693 577 694 567 694 578 694 564 695 567 695 566 695 578 696 547 696 579 696 579 697 547 697 580 697 580 698 547 698 546 698 567 699 547 699 578 699 581 700 582 700 583 700 583 701 582 701 584 701 584 702 585 702 586 702 586 703 585 703 587 703 587 704 585 704 588 704 588 705 585 705 589 705 589 706 585 706 590 706 590 707 585 707 591 707 591 708 585 708 592 708 592 709 585 709 593 709 593 710 585 710 594 710 594 711 585 711 595 711 595 712 585 712 596 712 582 713 585 713 584 713 596 714 564 714 597 714 597 715 564 715 598 715 598 716 564 716 563 716 585 717 564 717 596 717 599 718 582 718 600 718 600 719 582 719 601 719 601 720 582 720 581 720 602 721 380 721 603 721 603 722 380 722 604 722 604 723 380 723 605 723 605 724 380 724 606 724 606 725 380 725 607 725 607 726 380 726 608 726 608 727 380 727 609 727 609 728 380 728 610 728 610 729 380 729 611 729 611 730 380 730 599 730 599 731 380 731 582 731 528 732 525 732 612 732 612 733 525 733 602 733 602 734 525 734 380 734 589 735 590 735 613 735 614 736 589 736 613 736 588 737 589 737 614 737 615 738 588 738 614 738 587 739 615 739 616 739 587 740 588 740 615 740 617 741 587 741 616 741 586 742 617 742 618 742 586 743 587 743 617 743 619 744 586 744 618 744 584 745 619 745 620 745 584 746 586 746 619 746 621 747 584 747 620 747 599 748 622 748 623 748 599 749 623 749 624 749 611 750 624 750 625 750 611 751 599 751 624 751 626 752 611 752 625 752 610 753 611 753 626 753 627 754 610 754 626 754 609 755 627 755 628 755 609 756 610 756 627 756 629 757 609 757 628 757 608 758 609 758 629 758 630 759 608 759 629 759 607 760 608 760 630 760 631 761 581 761 583 761 631 762 583 762 584 762 631 763 621 763 632 763 631 764 601 764 581 764 631 765 584 765 621 765 633 766 632 766 634 766 633 767 634 767 622 767 633 768 599 768 600 768 633 769 600 769 601 769 633 770 601 770 631 770 633 771 631 771 632 771 633 772 622 772 599 772 571 773 572 773 635 773 636 774 571 774 635 774 570 775 571 775 636 775 637 776 570 776 636 776 569 777 637 777 638 777 569 778 570 778 637 778 639 779 569 779 638 779 568 780 639 780 640 780 568 781 569 781 639 781 641 782 568 782 640 782 566 783 641 783 642 783 566 784 568 784 641 784 643 785 566 785 642 785 597 786 644 786 645 786 596 787 645 787 646 787 596 788 597 788 645 788 595 789 646 789 647 789 595 790 647 790 648 790 595 791 596 791 646 791 594 792 595 792 648 792 649 793 594 793 648 793 593 794 594 794 649 794 650 795 593 795 649 795 592 796 593 796 650 796 651 797 592 797 650 797 591 798 592 798 651 798 652 799 591 799 651 799 590 800 591 800 652 800 653 801 563 801 565 801 653 802 565 802 566 802 653 803 643 803 654 803 653 804 566 804 643 804 655 805 654 805 656 805 655 806 656 806 644 806 655 807 597 807 598 807 655 808 598 808 563 808 655 809 653 809 654 809 655 810 563 810 653 810 655 811 644 811 597 811 553 812 554 812 657 812 658 813 553 813 657 813 552 814 553 814 658 814 659 815 552 815 658 815 551 816 659 816 660 816 551 817 552 817 659 817 661 818 551 818 660 818 550 819 661 819 662 819 550 820 551 820 661 820 663 821 550 821 662 821 549 822 663 822 664 822 549 823 550 823 663 823 665 824 549 824 664 824 579 825 666 825 667 825 578 826 667 826 668 826 578 827 579 827 667 827 577 828 668 828 669 828 577 829 669 829 670 829 577 830 578 830 668 830 576 831 577 831 670 831 671 832 576 832 670 832 575 833 576 833 671 833 672 834 575 834 671 834 574 835 575 835 672 835 673 836 574 836 672 836 573 837 574 837 673 837 674 838 573 838 673 838 572 839 573 839 674 839 675 840 546 840 548 840 675 841 548 841 549 841 675 842 665 842 676 842 675 843 549 843 665 843 677 844 676 844 678 844 677 845 678 845 666 845 677 846 579 846 580 846 677 847 580 847 546 847 677 848 675 848 676 848 677 849 546 849 675 849 677 850 666 850 579 850 536 851 537 851 679 851 680 852 536 852 679 852 535 853 536 853 680 853 681 854 535 854 680 854 534 855 681 855 682 855 534 856 535 856 681 856 683 857 534 857 682 857 533 858 683 858 684 858 533 859 534 859 683 859 685 860 533 860 684 860 532 861 685 861 686 861 532 862 533 862 685 862 687 863 532 863 686 863 561 864 688 864 689 864 560 865 689 865 690 865 560 866 561 866 689 866 559 867 690 867 691 867 559 868 560 868 690 868 558 869 691 869 692 869 558 870 559 870 691 870 693 871 558 871 692 871 557 872 558 872 693 872 694 873 557 873 693 873 556 874 557 874 694 874 695 875 556 875 694 875 555 876 556 876 695 876 696 877 555 877 695 877 554 878 555 878 696 878 697 879 529 879 531 879 697 880 531 880 532 880 697 881 698 881 699 881 697 882 687 882 698 882 697 883 532 883 687 883 700 884 529 884 697 884 700 885 561 885 562 885 700 886 562 886 529 886 700 887 699 887 688 887 700 888 688 888 561 888 700 889 697 889 699 889 517 890 518 890 701 890 702 891 517 891 701 891 516 892 517 892 702 892 703 893 516 893 702 893 515 894 703 894 704 894 515 895 516 895 703 895 705 896 515 896 704 896 514 897 705 897 706 897 514 898 515 898 705 898 707 899 514 899 706 899 513 900 707 900 708 900 513 901 514 901 707 901 709 902 513 902 708 902 544 903 710 903 711 903 543 904 711 904 712 904 543 905 544 905 711 905 542 906 712 906 713 906 542 907 713 907 714 907 542 908 543 908 712 908 541 909 542 909 714 909 715 910 541 910 714 910 540 911 541 911 715 911 716 912 540 912 715 912 539 913 540 913 716 913 717 914 539 914 716 914 538 915 539 915 717 915 718 916 538 916 717 916 537 917 538 917 718 917 719 918 510 918 512 918 719 919 512 919 513 919 719 920 709 920 720 920 719 921 720 921 721 921 719 922 513 922 709 922 722 923 510 923 719 923 722 924 544 924 545 924 722 925 545 925 510 925 722 926 721 926 710 926 722 927 710 927 544 927 722 928 719 928 721 928 606 929 607 929 723 929 724 930 606 930 723 930 605 931 606 931 724 931 725 932 605 932 724 932 604 933 605 933 725 933 726 934 604 934 725 934 603 935 726 935 727 935 603 936 604 936 726 936 728 937 603 937 727 937 602 938 728 938 729 938 602 939 603 939 728 939 730 940 602 940 729 940 612 941 730 941 731 941 612 942 602 942 730 942 526 943 732 943 733 943 524 944 733 944 734 944 524 945 526 945 733 945 523 946 734 946 735 946 523 947 735 947 736 947 523 948 524 948 734 948 522 949 523 949 736 949 737 950 522 950 736 950 521 951 522 951 737 951 738 952 521 952 737 952 520 953 521 953 738 953 739 954 520 954 738 954 519 955 520 955 739 955 740 956 519 956 739 956 518 957 519 957 740 957 741 958 528 958 612 958 741 959 731 959 742 959 741 960 742 960 743 960 741 961 612 961 731 961 744 962 528 962 741 962 744 963 526 963 527 963 744 964 527 964 528 964 744 965 743 965 732 965 744 966 732 966 526 966 744 967 741 967 743 967 407 968 409 968 411 968 407 969 411 969 412 969 407 970 412 970 414 970 422 971 417 971 419 971 422 972 419 972 421 972 401 973 403 973 404 973 428 974 417 974 422 974 428 975 414 975 417 975 428 976 422 976 424 976 428 977 424 977 426 977 397 978 401 978 404 978 397 979 398 979 401 979 397 980 404 980 407 980 395 981 397 981 407 981 434 982 428 982 431 982 434 983 431 983 433 983 393 984 395 984 407 984 436 985 428 985 434 985 440 986 407 986 414 986 440 987 414 987 428 987 440 988 428 988 436 988 440 989 436 989 439 989 387 990 389 990 391 990 384 991 385 991 387 991 384 992 391 992 393 992 384 993 387 993 391 993 449 994 444 994 446 994 450 995 442 995 444 995 450 996 444 996 449 996 745 997 746 997 747 997 745 998 747 998 384 998 453 999 442 999 450 999 453 1000 440 1000 442 1000 748 1001 745 1001 384 1001 748 1002 749 1002 745 1002 748 1003 384 1003 393 1003 750 1004 748 1004 393 1004 750 1005 751 1005 748 1005 461 1006 457 1006 459 1006 461 1007 453 1007 455 1007 461 1008 455 1008 457 1008 752 1009 750 1009 393 1009 752 1010 753 1010 750 1010 465 1011 461 1011 463 1011 754 1012 755 1012 752 1012 469 1013 465 1013 467 1013 469 1014 440 1014 453 1014 469 1015 461 1015 465 1015 469 1016 453 1016 461 1016 756 1017 754 1017 752 1017 756 1018 757 1018 754 1018 472 1019 469 1019 471 1019 476 1020 472 1020 475 1020 476 1021 469 1021 472 1021 758 1022 759 1022 760 1022 758 1023 760 1023 761 1023 758 1024 761 1024 756 1024 481 1025 476 1025 479 1025 481 1026 469 1026 476 1026 762 1027 758 1027 756 1027 485 1028 481 1028 483 1028 485 1029 469 1029 481 1029 487 1030 469 1030 485 1030 763 1031 756 1031 752 1031 763 1032 764 1032 765 1032 763 1033 765 1033 762 1033 763 1034 762 1034 756 1034 489 1035 440 1035 469 1035 489 1036 469 1036 487 1036 493 1037 489 1037 491 1037 493 1038 440 1038 489 1038 493 1039 407 1039 440 1039 766 1040 767 1040 768 1040 766 1041 768 1041 769 1041 766 1042 769 1042 770 1042 766 1043 770 1043 763 1043 499 1044 495 1044 497 1044 501 1045 493 1045 495 1045 501 1046 393 1046 407 1046 501 1047 407 1047 493 1047 501 1048 495 1048 499 1048 503 1049 393 1049 501 1049 505 1050 393 1050 503 1050 771 1051 772 1051 773 1051 771 1052 773 1052 774 1052 509 1053 505 1053 507 1053 775 1054 505 1054 509 1054 776 1055 771 1055 774 1055 776 1056 777 1056 778 1056 776 1057 778 1057 779 1057 776 1058 779 1058 771 1058 776 1059 774 1059 766 1059 780 1060 781 1060 782 1060 783 1061 784 1061 785 1061 783 1062 785 1062 786 1062 787 1063 775 1063 788 1063 787 1064 788 1064 789 1064 787 1065 789 1065 790 1065 787 1066 790 1066 781 1066 787 1067 393 1067 505 1067 787 1068 752 1068 393 1068 787 1069 505 1069 775 1069 787 1070 781 1070 780 1070 791 1071 783 1071 786 1071 791 1072 786 1072 792 1072 791 1073 792 1073 776 1073 793 1074 791 1074 776 1074 793 1075 776 1075 766 1075 794 1076 795 1076 793 1076 796 1077 787 1077 797 1077 796 1078 797 1078 798 1078 796 1079 798 1079 799 1079 800 1080 794 1080 793 1080 801 1081 787 1081 796 1081 802 1082 803 1082 800 1082 802 1083 800 1083 793 1083 804 1084 801 1084 805 1084 804 1085 752 1085 787 1085 804 1086 793 1086 766 1086 804 1087 763 1087 752 1087 804 1088 787 1088 801 1088 804 1089 766 1089 763 1089 806 1090 802 1090 793 1090 806 1091 793 1091 804 1091 508 1092 807 1092 509 1092 509 1093 807 1093 775 1093 807 1094 808 1094 775 1094 775 1095 808 1095 788 1095 808 1096 809 1096 788 1096 788 1097 809 1097 789 1097 809 1098 810 1098 789 1098 789 1099 810 1099 790 1099 810 1100 811 1100 790 1100 790 1101 811 1101 781 1101 811 1102 812 1102 781 1102 781 1103 812 1103 782 1103 812 1104 813 1104 782 1104 782 1105 813 1105 780 1105 780 1106 813 1106 787 1106 813 1107 814 1107 787 1107 814 1108 815 1108 787 1108 787 1109 815 1109 797 1109 797 1110 816 1110 798 1110 815 1111 816 1111 797 1111 798 1112 817 1112 799 1112 816 1113 817 1113 798 1113 799 1114 818 1114 796 1114 796 1115 818 1115 801 1115 817 1116 818 1116 799 1116 818 1117 819 1117 801 1117 801 1118 820 1118 805 1118 819 1119 820 1119 801 1119 805 1120 821 1120 804 1120 804 1121 821 1121 806 1121 820 1122 821 1122 805 1122 806 1123 822 1123 802 1123 821 1124 822 1124 806 1124 822 1125 823 1125 802 1125 823 1126 824 1126 802 1126 802 1127 824 1127 803 1127 824 1128 825 1128 803 1128 803 1129 825 1129 800 1129 825 1130 826 1130 800 1130 800 1131 826 1131 794 1131 794 1132 826 1132 795 1132 826 1133 827 1133 795 1133 827 1134 828 1134 795 1134 795 1135 828 1135 793 1135 828 1136 829 1136 793 1136 793 1137 829 1137 791 1137 791 1138 829 1138 783 1138 829 1139 830 1139 783 1139 830 1140 831 1140 783 1140 783 1141 831 1141 784 1141 784 1142 831 1142 785 1142 831 1143 832 1143 785 1143 832 1144 833 1144 785 1144 785 1145 833 1145 786 1145 833 1146 834 1146 786 1146 786 1147 834 1147 792 1147 834 1148 835 1148 792 1148 792 1149 835 1149 776 1149 776 1150 835 1150 777 1150 835 1151 836 1151 777 1151 777 1152 836 1152 778 1152 836 1153 837 1153 778 1153 837 1154 838 1154 778 1154 778 1155 838 1155 779 1155 838 1156 839 1156 779 1156 779 1157 839 1157 771 1157 771 1158 839 1158 772 1158 839 1159 840 1159 772 1159 840 1160 841 1160 772 1160 772 1161 841 1161 773 1161 841 1162 842 1162 773 1162 773 1163 842 1163 774 1163 774 1164 843 1164 766 1164 766 1165 843 1165 767 1165 842 1166 843 1166 774 1166 843 1167 844 1167 767 1167 767 1168 845 1168 768 1168 768 1169 845 1169 769 1169 844 1170 845 1170 767 1170 845 1171 846 1171 769 1171 769 1172 847 1172 770 1172 846 1173 847 1173 769 1173 770 1174 848 1174 763 1174 847 1175 848 1175 770 1175 848 1176 849 1176 763 1176 763 1177 849 1177 764 1177 849 1178 850 1178 764 1178 764 1179 850 1179 765 1179 765 1180 850 1180 762 1180 850 1181 851 1181 762 1181 762 1182 852 1182 758 1182 851 1183 852 1183 762 1183 758 1184 853 1184 759 1184 852 1185 853 1185 758 1185 759 1186 854 1186 760 1186 853 1187 854 1187 759 1187 760 1188 855 1188 761 1188 854 1189 855 1189 760 1189 761 1190 856 1190 756 1190 855 1191 856 1191 761 1191 756 1192 857 1192 757 1192 856 1193 857 1193 756 1193 757 1194 858 1194 754 1194 857 1195 858 1195 757 1195 754 1196 859 1196 755 1196 858 1197 859 1197 754 1197 755 1198 860 1198 752 1198 859 1199 860 1199 755 1199 752 1200 861 1200 753 1200 860 1201 861 1201 752 1201 753 1202 862 1202 750 1202 861 1203 862 1203 753 1203 750 1204 863 1204 751 1204 862 1205 863 1205 750 1205 751 1206 864 1206 748 1206 863 1207 864 1207 751 1207 748 1208 865 1208 749 1208 864 1209 865 1209 748 1209 749 1210 866 1210 745 1210 865 1211 866 1211 749 1211 745 1212 867 1212 746 1212 866 1213 867 1213 745 1213 746 1214 868 1214 747 1214 747 1215 868 1215 384 1215 867 1216 868 1216 746 1216 868 1217 382 1217 384 1217 669 1218 477 1218 670 1218 668 1219 478 1219 669 1219 669 1220 478 1220 477 1220 670 1221 474 1221 671 1221 477 1222 474 1222 670 1222 667 1223 480 1223 668 1223 668 1224 480 1224 478 1224 671 1225 473 1225 672 1225 474 1226 473 1226 671 1226 666 1227 482 1227 667 1227 667 1228 482 1228 480 1228 473 1229 470 1229 672 1229 672 1230 470 1230 673 1230 678 1231 484 1231 666 1231 666 1232 484 1232 482 1232 673 1233 468 1233 674 1233 470 1234 468 1234 673 1234 678 1235 486 1235 484 1235 676 1236 486 1236 678 1236 468 1237 466 1237 674 1237 674 1238 466 1238 572 1238 676 1239 488 1239 486 1239 665 1240 488 1240 676 1240 572 1241 464 1241 635 1241 466 1242 464 1242 572 1242 664 1243 490 1243 665 1243 665 1244 490 1244 488 1244 464 1245 462 1245 635 1245 635 1246 462 1246 636 1246 663 1247 492 1247 664 1247 664 1248 492 1248 490 1248 636 1249 460 1249 637 1249 462 1250 460 1250 636 1250 663 1251 494 1251 492 1251 662 1252 494 1252 663 1252 460 1253 458 1253 637 1253 637 1254 458 1254 638 1254 662 1255 496 1255 494 1255 661 1256 496 1256 662 1256 638 1257 456 1257 639 1257 458 1258 456 1258 638 1258 660 1259 498 1259 661 1259 661 1260 498 1260 496 1260 456 1261 454 1261 639 1261 639 1262 454 1262 640 1262 660 1263 500 1263 498 1263 659 1264 500 1264 660 1264 454 1265 452 1265 640 1265 640 1266 452 1266 641 1266 659 1267 502 1267 500 1267 658 1268 502 1268 659 1268 452 1269 451 1269 641 1269 641 1270 451 1270 642 1270 658 1271 504 1271 502 1271 657 1272 504 1272 658 1272 451 1273 448 1273 642 1273 642 1274 448 1274 643 1274 554 1275 506 1275 657 1275 657 1276 506 1276 504 1276 643 1277 447 1277 654 1277 448 1278 447 1278 643 1278 696 1279 508 1279 554 1279 554 1280 508 1280 506 1280 654 1281 445 1281 656 1281 447 1282 445 1282 654 1282 695 1283 807 1283 696 1283 696 1284 807 1284 508 1284 656 1285 443 1285 644 1285 445 1286 443 1286 656 1286 694 1287 808 1287 695 1287 695 1288 808 1288 807 1288 443 1289 441 1289 644 1289 644 1290 441 1290 645 1290 693 1291 809 1291 694 1291 694 1292 809 1292 808 1292 645 1293 438 1293 646 1293 646 1294 438 1294 647 1294 441 1295 438 1295 645 1295 692 1296 810 1296 693 1296 693 1297 810 1297 809 1297 647 1298 437 1298 648 1298 438 1299 437 1299 647 1299 692 1300 811 1300 810 1300 691 1301 811 1301 692 1301 437 1302 435 1302 648 1302 648 1303 435 1303 649 1303 691 1304 812 1304 811 1304 690 1305 812 1305 691 1305 435 1306 432 1306 649 1306 649 1307 432 1307 650 1307 690 1308 813 1308 812 1308 689 1309 813 1309 690 1309 432 1310 430 1310 650 1310 650 1311 430 1311 651 1311 688 1312 814 1312 689 1312 689 1313 814 1313 813 1313 430 1314 429 1314 651 1314 651 1315 429 1315 652 1315 688 1316 815 1316 814 1316 699 1317 815 1317 688 1317 429 1318 427 1318 652 1318 652 1319 427 1319 590 1319 699 1320 816 1320 815 1320 699 1321 698 1321 816 1321 427 1322 425 1322 590 1322 425 1323 613 1323 590 1323 698 1324 817 1324 816 1324 698 1325 687 1325 817 1325 425 1326 423 1326 613 1326 423 1327 614 1327 613 1327 687 1328 818 1328 817 1328 687 1329 686 1329 818 1329 423 1330 420 1330 614 1330 420 1331 615 1331 614 1331 686 1332 819 1332 818 1332 686 1333 685 1333 819 1333 420 1334 418 1334 615 1334 685 1335 820 1335 819 1335 418 1336 616 1336 615 1336 418 1337 416 1337 616 1337 685 1338 684 1338 820 1338 684 1339 821 1339 820 1339 416 1340 617 1340 616 1340 416 1341 415 1341 617 1341 684 1342 683 1342 821 1342 683 1343 822 1343 821 1343 415 1344 618 1344 617 1344 415 1345 413 1345 618 1345 683 1346 682 1346 822 1346 682 1347 823 1347 822 1347 413 1348 619 1348 618 1348 413 1349 410 1349 619 1349 823 1350 681 1350 824 1350 682 1351 681 1351 823 1351 410 1352 620 1352 619 1352 408 1353 620 1353 410 1353 824 1354 680 1354 825 1354 681 1355 680 1355 824 1355 408 1356 621 1356 620 1356 406 1357 621 1357 408 1357 825 1358 679 1358 826 1358 680 1359 679 1359 825 1359 406 1360 632 1360 621 1360 405 1361 632 1361 406 1361 826 1362 537 1362 827 1362 679 1363 537 1363 826 1363 402 1364 634 1364 405 1364 405 1365 634 1365 632 1365 827 1366 718 1366 828 1366 537 1367 718 1367 827 1367 400 1368 622 1368 402 1368 402 1369 622 1369 634 1369 828 1370 717 1370 829 1370 718 1371 717 1371 828 1371 399 1372 623 1372 400 1372 400 1373 623 1373 622 1373 829 1374 716 1374 830 1374 717 1375 716 1375 829 1375 396 1376 624 1376 399 1376 399 1377 624 1377 623 1377 830 1378 715 1378 831 1378 716 1379 715 1379 830 1379 394 1380 625 1380 396 1380 396 1381 625 1381 624 1381 831 1382 714 1382 832 1382 715 1383 714 1383 831 1383 392 1384 626 1384 394 1384 394 1385 626 1385 625 1385 832 1386 713 1386 833 1386 714 1387 713 1387 832 1387 390 1388 627 1388 392 1388 392 1389 627 1389 626 1389 833 1390 712 1390 834 1390 834 1391 712 1391 835 1391 713 1392 712 1392 833 1392 388 1393 628 1393 390 1393 390 1394 628 1394 627 1394 712 1395 711 1395 835 1395 835 1396 711 1396 836 1396 388 1397 629 1397 628 1397 386 1398 629 1398 388 1398 711 1399 710 1399 836 1399 836 1400 710 1400 837 1400 386 1401 630 1401 629 1401 383 1402 630 1402 386 1402 837 1403 721 1403 838 1403 710 1404 721 1404 837 1404 383 1405 607 1405 630 1405 382 1406 607 1406 383 1406 838 1407 720 1407 839 1407 721 1408 720 1408 838 1408 382 1409 723 1409 607 1409 868 1410 723 1410 382 1410 839 1411 709 1411 840 1411 720 1412 709 1412 839 1412 868 1413 724 1413 723 1413 867 1414 724 1414 868 1414 840 1415 708 1415 841 1415 709 1416 708 1416 840 1416 867 1417 725 1417 724 1417 866 1418 725 1418 867 1418 841 1419 707 1419 842 1419 708 1420 707 1420 841 1420 866 1421 726 1421 725 1421 865 1422 726 1422 866 1422 842 1423 706 1423 843 1423 707 1424 706 1424 842 1424 864 1425 727 1425 865 1425 865 1426 727 1426 726 1426 843 1427 705 1427 844 1427 706 1428 705 1428 843 1428 863 1429 728 1429 864 1429 864 1430 728 1430 727 1430 844 1431 704 1431 845 1431 705 1432 704 1432 844 1432 862 1433 729 1433 863 1433 863 1434 729 1434 728 1434 845 1435 703 1435 846 1435 704 1436 703 1436 845 1436 862 1437 730 1437 729 1437 861 1438 730 1438 862 1438 846 1439 702 1439 847 1439 703 1440 702 1440 846 1440 861 1441 731 1441 730 1441 860 1442 731 1442 861 1442 702 1443 701 1443 847 1443 847 1444 701 1444 848 1444 860 1445 742 1445 731 1445 859 1446 742 1446 860 1446 848 1447 518 1447 849 1447 701 1448 518 1448 848 1448 859 1449 743 1449 742 1449 858 1450 743 1450 859 1450 518 1451 740 1451 849 1451 849 1452 740 1452 850 1452 858 1453 732 1453 743 1453 857 1454 732 1454 858 1454 850 1455 739 1455 851 1455 740 1456 739 1456 850 1456 856 1457 733 1457 857 1457 857 1458 733 1458 732 1458 851 1459 738 1459 852 1459 739 1460 738 1460 851 1460 855 1461 734 1461 856 1461 856 1462 734 1462 733 1462 852 1463 737 1463 853 1463 738 1464 737 1464 852 1464 855 1465 735 1465 734 1465 854 1466 735 1466 855 1466 737 1467 736 1467 853 1467 853 1468 736 1468 854 1468 854 1469 736 1469 735 1469 525 1470 346 1470 348 1470 525 1471 348 1471 350 1471 525 1472 350 1472 352 1472 525 1473 352 1473 355 1473 525 1474 355 1474 356 1474 525 1475 356 1475 358 1475 525 1476 358 1476 360 1476 525 1477 360 1477 363 1477 525 1478 363 1478 364 1478 525 1479 364 1479 366 1479 525 1480 366 1480 368 1480 525 1481 368 1481 370 1481 525 1482 370 1482 373 1482 525 1483 338 1483 340 1483 525 1484 340 1484 343 1484 525 1485 343 1485 344 1485 525 1486 344 1486 346 1486 380 1487 525 1487 378 1487 378 1488 525 1488 377 1488 377 1489 525 1489 374 1489 374 1490 525 1490 373 1490 511 1491 304 1491 306 1491 511 1492 306 1492 309 1492 511 1493 309 1493 311 1493 511 1494 311 1494 312 1494 511 1495 312 1495 315 1495 511 1496 315 1496 316 1496 511 1497 316 1497 319 1497 511 1498 319 1498 320 1498 511 1499 320 1499 322 1499 325 1500 511 1500 322 1500 326 1501 511 1501 325 1501 328 1502 511 1502 326 1502 330 1503 511 1503 328 1503 338 1504 511 1504 336 1504 336 1505 511 1505 334 1505 334 1506 511 1506 332 1506 332 1507 511 1507 330 1507 511 1508 296 1508 298 1508 511 1509 298 1509 300 1509 511 1510 300 1510 302 1510 511 1511 302 1511 304 1511 530 1512 263 1512 265 1512 530 1513 265 1513 267 1513 530 1514 267 1514 269 1514 530 1515 269 1515 271 1515 530 1516 271 1516 273 1516 275 1517 530 1517 273 1517 277 1518 530 1518 275 1518 279 1519 530 1519 277 1519 280 1520 530 1520 279 1520 282 1521 530 1521 280 1521 284 1522 530 1522 282 1522 287 1523 530 1523 284 1523 288 1524 530 1524 287 1524 296 1525 530 1525 294 1525 294 1526 530 1526 292 1526 292 1527 530 1527 290 1527 290 1528 530 1528 288 1528 530 1529 254 1529 257 1529 530 1530 257 1530 259 1530 530 1531 259 1531 261 1531 530 1532 261 1532 263 1532 869 1533 547 1533 870 1533 871 1534 870 1534 547 1534 872 1535 547 1535 869 1535 873 1536 871 1536 547 1536 874 1537 547 1537 872 1537 875 1538 547 1538 874 1538 876 1539 547 1539 875 1539 877 1540 547 1540 876 1540 878 1541 547 1541 877 1541 879 1542 547 1542 878 1542 880 1543 547 1543 879 1543 881 1544 547 1544 880 1544 882 1545 547 1545 881 1545 883 1546 547 1546 882 1546 884 1547 547 1547 883 1547 254 1548 547 1548 885 1548 885 1549 547 1549 886 1549 886 1550 547 1550 884 1550 547 1551 567 1551 887 1551 547 1552 887 1552 888 1552 547 1553 888 1553 873 1553 564 1554 889 1554 890 1554 564 1555 890 1555 891 1555 564 1556 891 1556 892 1556 564 1557 892 1557 893 1557 894 1558 889 1558 564 1558 895 1559 894 1559 564 1559 896 1560 895 1560 564 1560 897 1561 896 1561 564 1561 898 1562 897 1562 564 1562 899 1563 898 1563 564 1563 900 1564 899 1564 564 1564 901 1565 900 1565 564 1565 902 1566 901 1566 564 1566 903 1567 902 1567 564 1567 904 1568 903 1568 564 1568 567 1569 564 1569 905 1569 905 1570 564 1570 906 1570 906 1571 564 1571 893 1571 564 1572 585 1572 907 1572 564 1573 907 1573 908 1573 564 1574 908 1574 904 1574 582 1575 909 1575 910 1575 582 1576 910 1576 911 1576 582 1577 911 1577 912 1577 582 1578 912 1578 913 1578 582 1579 913 1579 914 1579 582 1580 914 1580 915 1580 582 1581 915 1581 916 1581 582 1582 916 1582 917 1582 918 1583 909 1583 582 1583 919 1584 918 1584 582 1584 920 1585 919 1585 582 1585 921 1586 920 1586 582 1586 922 1587 921 1587 582 1587 923 1588 922 1588 582 1588 924 1589 923 1589 582 1589 585 1590 582 1590 925 1590 925 1591 582 1591 926 1591 926 1592 582 1592 917 1592 582 1593 380 1593 927 1593 582 1594 927 1594 928 1594 582 1595 928 1595 924 1595 380 1596 381 1596 929 1596 927 1597 380 1597 929 1597 927 1598 929 1598 930 1598 928 1599 927 1599 930 1599 928 1600 930 1600 931 1600 924 1601 928 1601 931 1601 924 1602 931 1602 932 1602 923 1603 924 1603 932 1603 923 1604 932 1604 933 1604 922 1605 923 1605 933 1605 922 1606 933 1606 934 1606 921 1607 934 1607 935 1607 921 1608 922 1608 934 1608 920 1609 935 1609 936 1609 920 1610 921 1610 935 1610 919 1611 936 1611 937 1611 919 1612 920 1612 936 1612 918 1613 937 1613 938 1613 918 1614 919 1614 937 1614 909 1615 938 1615 939 1615 909 1616 918 1616 938 1616 910 1617 939 1617 940 1617 910 1618 909 1618 939 1618 911 1619 940 1619 941 1619 911 1620 910 1620 940 1620 912 1621 941 1621 942 1621 912 1622 911 1622 941 1622 913 1623 942 1623 943 1623 913 1624 912 1624 942 1624 914 1625 943 1625 944 1625 914 1626 913 1626 943 1626 915 1627 944 1627 945 1627 915 1628 914 1628 944 1628 916 1629 915 1629 945 1629 916 1630 945 1630 946 1630 917 1631 916 1631 946 1631 917 1632 946 1632 947 1632 926 1633 917 1633 947 1633 926 1634 947 1634 948 1634 925 1635 926 1635 948 1635 925 1636 948 1636 949 1636 585 1637 925 1637 949 1637 585 1638 949 1638 950 1638 907 1639 585 1639 950 1639 907 1640 950 1640 951 1640 908 1641 907 1641 951 1641 908 1642 951 1642 952 1642 904 1643 908 1643 952 1643 904 1644 952 1644 953 1644 903 1645 904 1645 953 1645 903 1646 953 1646 954 1646 902 1647 954 1647 955 1647 902 1648 903 1648 954 1648 901 1649 955 1649 956 1649 901 1650 902 1650 955 1650 900 1651 901 1651 956 1651 900 1652 956 1652 957 1652 899 1653 957 1653 958 1653 899 1654 900 1654 957 1654 898 1655 958 1655 959 1655 898 1656 899 1656 958 1656 897 1657 959 1657 960 1657 897 1658 898 1658 959 1658 896 1659 960 1659 961 1659 896 1660 897 1660 960 1660 895 1661 961 1661 962 1661 895 1662 896 1662 961 1662 894 1663 962 1663 963 1663 894 1664 895 1664 962 1664 889 1665 963 1665 964 1665 889 1666 894 1666 963 1666 890 1667 889 1667 964 1667 891 1668 965 1668 966 1668 891 1669 964 1669 965 1669 891 1670 890 1670 964 1670 892 1671 966 1671 967 1671 892 1672 891 1672 966 1672 893 1673 967 1673 968 1673 893 1674 892 1674 967 1674 906 1675 893 1675 968 1675 905 1676 968 1676 969 1676 905 1677 906 1677 968 1677 567 1678 970 1678 971 1678 567 1679 969 1679 970 1679 567 1680 905 1680 969 1680 887 1681 971 1681 972 1681 887 1682 567 1682 971 1682 888 1683 972 1683 973 1683 888 1684 887 1684 972 1684 873 1685 888 1685 973 1685 871 1686 974 1686 975 1686 871 1687 973 1687 974 1687 871 1688 873 1688 973 1688 870 1689 871 1689 975 1689 870 1690 975 1690 976 1690 869 1691 870 1691 976 1691 872 1692 869 1692 976 1692 872 1693 977 1693 978 1693 872 1694 976 1694 977 1694 874 1695 978 1695 979 1695 874 1696 872 1696 978 1696 875 1697 874 1697 979 1697 876 1698 980 1698 981 1698 876 1699 979 1699 980 1699 876 1700 875 1700 979 1700 877 1701 981 1701 982 1701 877 1702 876 1702 981 1702 878 1703 982 1703 983 1703 878 1704 877 1704 982 1704 879 1705 878 1705 983 1705 880 1706 984 1706 985 1706 880 1707 983 1707 984 1707 880 1708 879 1708 983 1708 881 1709 985 1709 986 1709 881 1710 880 1710 985 1710 882 1711 881 1711 986 1711 883 1712 986 1712 987 1712 883 1713 882 1713 986 1713 884 1714 988 1714 989 1714 884 1715 987 1715 988 1715 884 1716 883 1716 987 1716 886 1717 989 1717 990 1717 886 1718 884 1718 989 1718 885 1719 886 1719 990 1719 254 1720 990 1720 255 1720 254 1721 885 1721 990 1721 991 1722 992 1722 993 1722 993 1723 994 1723 995 1723 992 1724 994 1724 993 1724 992 1725 996 1725 994 1725 996 1726 997 1726 994 1726 996 1727 998 1727 997 1727 999 1728 1000 1728 1001 1728 1002 1729 1003 1729 1004 1729 997 1730 1005 1730 1006 1730 1006 1731 1005 1731 1007 1731 1007 1732 1005 1732 1008 1732 1008 1733 1005 1733 1002 1733 1002 1734 1005 1734 1003 1734 1009 1735 1010 1735 1011 1735 1011 1736 1010 1736 1012 1736 1012 1737 1010 1737 1000 1737 1000 1738 1013 1738 1001 1738 1010 1739 1013 1739 1000 1739 1001 1740 1014 1740 998 1740 1005 1741 1014 1741 1015 1741 1015 1742 1014 1742 1016 1742 998 1743 1014 1743 997 1743 997 1744 1014 1744 1005 1744 1017 1745 1018 1745 1019 1745 1019 1746 1018 1746 1013 1746 1020 1747 1021 1747 1022 1747 252 1748 250 1748 1018 1748 251 1749 250 1749 252 1749 1018 1750 247 1750 1013 1750 250 1751 247 1751 1018 1751 1014 1752 1023 1752 1020 1752 1021 1753 1023 1753 1024 1753 1024 1754 1023 1754 1025 1754 1025 1755 1023 1755 1026 1755 1026 1756 1023 1756 1027 1756 1020 1757 1023 1757 1021 1757 243 1758 242 1758 246 1758 246 1759 242 1759 247 1759 238 1760 235 1760 239 1760 239 1761 235 1761 242 1761 242 1762 231 1762 247 1762 234 1763 231 1763 235 1763 235 1764 231 1764 242 1764 1013 1765 231 1765 1001 1765 247 1766 231 1766 1013 1766 1028 1767 1029 1767 1030 1767 1030 1768 1029 1768 1031 1768 231 1769 230 1769 1001 1769 1023 1770 230 1770 1032 1770 1032 1771 230 1771 1033 1771 1001 1772 230 1772 1014 1772 1014 1773 230 1773 1023 1773 1028 1774 1034 1774 1029 1774 1033 1775 1034 1775 1028 1775 227 1776 226 1776 230 1776 230 1777 226 1777 1033 1777 1033 1778 1035 1778 1034 1778 1034 1779 1035 1779 1036 1779 1036 1780 1035 1780 1037 1780 1037 1781 1035 1781 1038 1781 218 1782 215 1782 219 1782 219 1783 215 1783 222 1783 1035 1784 1039 1784 1040 1784 1040 1785 1039 1785 1041 1785 215 1786 214 1786 222 1786 1035 1787 1042 1787 1039 1787 214 1788 211 1788 222 1788 211 1789 210 1789 222 1789 222 1790 207 1790 223 1790 223 1791 207 1791 226 1791 210 1792 207 1792 222 1792 206 1793 203 1793 207 1793 207 1794 203 1794 226 1794 1043 1795 1044 1795 1045 1795 1045 1796 1044 1796 1046 1796 1046 1797 1044 1797 1047 1797 1042 1798 1048 1798 1043 1798 1043 1799 1048 1799 1044 1799 202 1800 199 1800 203 1800 199 1801 198 1801 203 1801 198 1802 195 1802 203 1802 1049 1803 1050 1803 1051 1803 195 1804 191 1804 203 1804 226 1805 191 1805 1033 1805 203 1806 191 1806 226 1806 194 1807 191 1807 195 1807 1049 1808 129 1808 1050 1808 1052 1809 129 1809 1049 1809 1052 1810 131 1810 129 1810 1048 1811 131 1811 1052 1811 129 1812 131 1812 130 1812 187 1813 184 1813 188 1813 1048 1814 132 1814 131 1814 184 1815 183 1815 188 1815 1048 1816 136 1816 132 1816 132 1817 136 1817 135 1817 1042 1818 136 1818 1048 1818 191 1819 176 1819 1033 1819 183 1820 176 1820 188 1820 179 1821 176 1821 180 1821 180 1822 176 1822 183 1822 188 1823 176 1823 191 1823 136 1824 144 1824 139 1824 139 1825 144 1825 140 1825 140 1826 144 1826 143 1826 172 1827 171 1827 175 1827 175 1828 171 1828 176 1828 136 1829 147 1829 144 1829 171 1830 168 1830 176 1830 136 1831 148 1831 147 1831 168 1832 167 1832 176 1832 1042 1833 151 1833 136 1833 136 1834 151 1834 148 1834 176 1835 163 1835 1033 1835 1033 1836 163 1836 1035 1836 167 1837 163 1837 176 1837 1042 1838 163 1838 151 1838 1035 1839 163 1839 1042 1839 151 1840 163 1840 152 1840 164 1841 163 1841 167 1841 152 1842 156 1842 155 1842 163 1843 159 1843 152 1843 152 1844 159 1844 156 1844 160 1845 159 1845 163 1845 1053 1846 252 1846 1018 1846 1053 1847 1018 1847 1017 1847 1053 1848 1017 1848 1019 1848 1054 1849 127 1849 252 1849 1054 1850 252 1850 1053 1850 1054 1851 1055 1851 127 1851 1054 1852 1056 1852 1055 1852 1054 1853 1057 1853 1056 1853 1058 1854 1019 1854 1013 1854 1058 1855 1013 1855 1010 1855 1058 1856 1053 1856 1019 1856 1059 1857 1053 1857 1058 1857 1059 1858 1054 1858 1053 1858 1059 1859 1060 1859 1057 1859 1059 1860 1061 1860 1060 1860 1059 1861 1057 1861 1054 1861 1062 1862 1058 1862 1010 1862 1062 1863 1010 1863 1009 1863 1062 1864 1009 1864 1011 1864 1063 1865 1059 1865 1058 1865 1063 1866 1061 1866 1059 1866 1063 1867 1058 1867 1062 1867 1063 1868 1064 1868 1061 1868 1063 1869 1065 1869 1064 1869 1066 1870 1011 1870 1012 1870 1066 1871 1012 1871 1000 1871 1066 1872 1062 1872 1011 1872 1067 1873 1063 1873 1062 1873 1067 1874 1065 1874 1063 1874 1067 1875 1062 1875 1066 1875 1067 1876 1068 1876 1065 1876 1067 1877 1069 1877 1068 1877 1070 1878 1000 1878 999 1878 1070 1879 999 1879 1001 1879 1070 1880 1066 1880 1000 1880 1071 1881 1067 1881 1066 1881 1071 1882 1069 1882 1067 1882 1071 1883 1072 1883 1069 1883 1071 1884 1073 1884 1072 1884 1071 1885 1066 1885 1070 1885 1074 1886 1001 1886 998 1886 1074 1887 998 1887 996 1887 1074 1888 1070 1888 1001 1888 1075 1889 1073 1889 1071 1889 1075 1890 1071 1890 1070 1890 1075 1891 1070 1891 1074 1891 1075 1892 1076 1892 1073 1892 1075 1893 1077 1893 1076 1893 1078 1894 996 1894 992 1894 1078 1895 992 1895 991 1895 1078 1896 1074 1896 996 1896 1079 1897 1074 1897 1078 1897 1079 1898 1080 1898 1077 1898 1079 1899 1081 1899 1080 1899 1079 1900 1075 1900 1074 1900 1079 1901 1077 1901 1075 1901 1082 1902 1078 1902 991 1902 1082 1903 991 1903 993 1903 1082 1904 993 1904 995 1904 1083 1905 1079 1905 1078 1905 1083 1906 1081 1906 1079 1906 1083 1907 1078 1907 1082 1907 1083 1908 1084 1908 1081 1908 1083 1909 1085 1909 1084 1909 1086 1910 995 1910 994 1910 1086 1911 994 1911 997 1911 1086 1912 1082 1912 995 1912 1086 1913 1083 1913 1082 1913 1087 1914 1083 1914 1086 1914 1087 1915 1085 1915 1083 1915 1087 1916 1088 1916 1085 1916 1087 1917 1089 1917 1088 1917 1090 1918 997 1918 1006 1918 1090 1919 1006 1919 1007 1919 1090 1920 1086 1920 997 1920 1091 1921 1089 1921 1087 1921 1091 1922 1087 1922 1086 1922 1091 1923 1086 1923 1090 1923 1091 1924 1092 1924 1089 1924 1091 1925 1093 1925 1092 1925 1094 1926 1007 1926 1008 1926 1094 1927 1008 1927 1002 1927 1094 1928 1090 1928 1007 1928 1094 1929 1091 1929 1090 1929 1095 1930 1091 1930 1094 1930 1095 1931 1093 1931 1091 1931 1095 1932 1096 1932 1093 1932 1095 1933 1097 1933 1096 1933 1098 1934 1002 1934 1004 1934 1098 1935 1004 1935 1003 1935 1098 1936 1094 1936 1002 1936 1099 1937 1097 1937 1095 1937 1099 1938 1100 1938 1097 1938 1099 1939 1101 1939 1100 1939 1099 1940 1094 1940 1098 1940 1099 1941 1095 1941 1094 1941 1102 1942 1099 1942 1098 1942 1102 1943 1003 1943 1005 1943 1102 1944 1005 1944 1015 1944 1102 1945 1098 1945 1003 1945 1103 1946 1099 1946 1102 1946 1103 1947 1104 1947 1101 1947 1103 1948 1105 1948 1104 1948 1103 1949 1101 1949 1099 1949 1106 1950 1015 1950 1016 1950 1106 1951 1016 1951 1014 1951 1106 1952 1102 1952 1015 1952 1107 1953 1102 1953 1106 1953 1107 1954 1103 1954 1102 1954 1107 1955 1105 1955 1103 1955 1107 1956 1108 1956 1105 1956 1107 1957 1109 1957 1108 1957 1110 1958 1106 1958 1014 1958 1110 1959 1014 1959 1020 1959 1110 1960 1020 1960 1022 1960 1110 1961 1107 1961 1106 1961 1111 1962 1107 1962 1110 1962 1111 1963 1109 1963 1107 1963 1111 1964 1112 1964 1109 1964 1111 1965 1113 1965 1112 1965 1114 1966 1022 1966 1021 1966 1114 1967 1110 1967 1022 1967 1115 1968 1111 1968 1110 1968 1115 1969 1110 1969 1114 1969 1115 1970 1113 1970 1111 1970 1115 1971 1116 1971 1113 1971 1117 1972 1021 1972 1024 1972 1117 1973 1024 1973 1025 1973 1117 1974 1114 1974 1021 1974 1118 1975 1114 1975 1117 1975 1118 1976 1116 1976 1115 1976 1118 1977 1115 1977 1114 1977 1118 1978 1119 1978 1116 1978 1118 1979 1120 1979 1119 1979 1121 1980 1025 1980 1026 1980 1121 1981 1026 1981 1027 1981 1121 1982 1117 1982 1025 1982 1122 1983 1123 1983 1124 1983 1122 1984 1118 1984 1117 1984 1122 1985 1120 1985 1118 1985 1122 1986 1117 1986 1121 1986 1122 1987 1124 1987 1120 1987 1125 1988 1121 1988 1027 1988 1125 1989 1027 1989 1023 1989 1125 1990 1023 1990 1032 1990 1126 1991 1127 1991 1123 1991 1126 1992 1128 1992 1127 1992 1126 1993 1122 1993 1121 1993 1126 1994 1123 1994 1122 1994 1126 1995 1121 1995 1125 1995 1129 1996 1125 1996 1032 1996 1129 1997 1032 1997 1033 1997 1129 1998 1033 1998 1028 1998 1130 1999 1131 1999 1128 1999 1130 2000 1132 2000 1131 2000 1130 2001 1128 2001 1126 2001 1130 2002 1125 2002 1129 2002 1130 2003 1126 2003 1125 2003 1133 2004 1028 2004 1030 2004 1133 2005 1030 2005 1031 2005 1133 2006 1130 2006 1129 2006 1133 2007 1129 2007 1028 2007 1134 2008 1135 2008 1132 2008 1134 2009 1136 2009 1135 2009 1134 2010 1130 2010 1133 2010 1134 2011 1132 2011 1130 2011 1137 2012 1133 2012 1031 2012 1137 2013 1031 2013 1029 2013 1137 2014 1029 2014 1034 2014 1138 2015 1133 2015 1137 2015 1138 2016 1139 2016 1136 2016 1138 2017 1140 2017 1139 2017 1138 2018 1136 2018 1134 2018 1138 2019 1134 2019 1133 2019 1141 2020 1137 2020 1034 2020 1141 2021 1034 2021 1036 2021 1141 2022 1036 2022 1037 2022 1142 2023 1143 2023 1140 2023 1142 2024 1144 2024 1143 2024 1142 2025 1138 2025 1137 2025 1142 2026 1140 2026 1138 2026 1142 2027 1137 2027 1141 2027 1145 2028 1141 2028 1037 2028 1145 2029 1037 2029 1038 2029 1145 2030 1038 2030 1035 2030 1146 2031 1147 2031 1144 2031 1146 2032 1148 2032 1147 2032 1146 2033 1141 2033 1145 2033 1146 2034 1144 2034 1142 2034 1146 2035 1142 2035 1141 2035 1149 2036 1035 2036 1040 2036 1149 2037 1040 2037 1041 2037 1149 2038 1145 2038 1035 2038 1150 2039 1151 2039 1148 2039 1150 2040 1152 2040 1151 2040 1150 2041 1148 2041 1146 2041 1150 2042 1146 2042 1145 2042 1150 2043 1145 2043 1149 2043 1153 2044 1041 2044 1039 2044 1153 2045 1039 2045 1042 2045 1153 2046 1149 2046 1041 2046 1154 2047 1155 2047 1152 2047 1154 2048 1156 2048 1155 2048 1154 2049 1150 2049 1149 2049 1154 2050 1149 2050 1153 2050 1154 2051 1152 2051 1150 2051 1157 2052 1153 2052 1042 2052 1157 2053 1042 2053 1043 2053 1157 2054 1043 2054 1045 2054 1158 2055 1154 2055 1153 2055 1158 2056 1153 2056 1157 2056 1158 2057 1159 2057 1156 2057 1158 2058 1160 2058 1159 2058 1158 2059 1156 2059 1154 2059 1161 2060 1157 2060 1045 2060 1161 2061 1045 2061 1046 2061 1161 2062 1046 2062 1047 2062 1162 2063 1160 2063 1158 2063 1162 2064 1163 2064 1160 2064 1162 2065 1164 2065 1163 2065 1162 2066 1158 2066 1157 2066 1162 2067 1157 2067 1161 2067 1165 2068 1161 2068 1047 2068 1165 2069 1047 2069 1044 2069 1165 2070 1044 2070 1048 2070 1166 2071 1164 2071 1162 2071 1166 2072 1161 2072 1165 2072 1166 2073 1162 2073 1161 2073 1166 2074 1167 2074 1164 2074 1166 2075 1168 2075 1167 2075 1169 2076 1165 2076 1048 2076 1169 2077 1048 2077 1052 2077 1169 2078 1052 2078 1049 2078 1170 2079 1165 2079 1169 2079 1170 2080 1166 2080 1165 2080 1170 2081 1168 2081 1166 2081 1170 2082 1171 2082 1168 2082 1170 2083 1172 2083 1171 2083 1173 2084 1169 2084 1049 2084 1173 2085 1049 2085 1051 2085 1173 2086 1051 2086 1050 2086 1173 2087 1050 2087 129 2087 1173 2088 1170 2088 1169 2088 1174 2089 1175 2089 1172 2089 1174 2090 1176 2090 1175 2090 1174 2091 1 2091 1176 2091 1174 2092 1172 2092 1170 2092 1174 2093 1173 2093 129 2093 1174 2094 129 2094 1 2094 1174 2095 1170 2095 1173 2095 1177 2096 126 2096 127 2096 1177 2097 127 2097 1055 2097 1178 2098 1055 2098 1056 2098 1178 2099 1177 2099 1055 2099 1179 2100 1056 2100 1057 2100 1179 2101 1178 2101 1056 2101 1180 2102 1057 2102 1060 2102 1180 2103 1179 2103 1057 2103 1181 2104 1060 2104 1061 2104 1181 2105 1180 2105 1060 2105 1182 2106 1061 2106 1064 2106 1182 2107 1181 2107 1061 2107 1183 2108 1064 2108 1065 2108 1183 2109 1182 2109 1064 2109 1184 2110 1065 2110 1068 2110 1184 2111 1183 2111 1065 2111 1185 2112 1068 2112 1069 2112 1185 2113 1184 2113 1068 2113 1186 2114 1069 2114 1072 2114 1186 2115 1185 2115 1069 2115 1187 2116 1072 2116 1073 2116 1187 2117 1186 2117 1072 2117 1188 2118 1073 2118 1076 2118 1188 2119 1187 2119 1073 2119 1189 2120 1076 2120 1077 2120 1189 2121 1188 2121 1076 2121 1190 2122 1077 2122 1080 2122 1190 2123 1189 2123 1077 2123 1191 2124 1080 2124 1081 2124 1191 2125 1190 2125 1080 2125 1192 2126 1081 2126 1084 2126 1192 2127 1191 2127 1081 2127 1193 2128 1084 2128 1085 2128 1193 2129 1192 2129 1084 2129 1194 2130 1085 2130 1088 2130 1194 2131 1193 2131 1085 2131 1195 2132 1194 2132 1088 2132 1195 2133 1088 2133 1089 2133 1196 2134 1195 2134 1089 2134 1196 2135 1089 2135 1092 2135 1197 2136 1196 2136 1092 2136 1197 2137 1092 2137 1093 2137 1198 2138 1197 2138 1093 2138 1198 2139 1093 2139 1096 2139 1199 2140 1096 2140 1097 2140 1199 2141 1198 2141 1096 2141 1200 2142 1097 2142 1100 2142 1200 2143 1199 2143 1097 2143 1201 2144 1100 2144 1101 2144 1201 2145 1200 2145 1100 2145 1202 2146 1101 2146 1104 2146 1202 2147 1201 2147 1101 2147 1203 2148 1104 2148 1105 2148 1203 2149 1202 2149 1104 2149 1204 2150 1105 2150 1108 2150 1204 2151 1203 2151 1105 2151 1205 2152 1108 2152 1109 2152 1205 2153 1204 2153 1108 2153 1206 2154 1109 2154 1112 2154 1206 2155 1205 2155 1109 2155 1207 2156 1112 2156 1113 2156 1207 2157 1206 2157 1112 2157 1208 2158 1113 2158 1116 2158 1208 2159 1207 2159 1113 2159 1209 2160 1116 2160 1119 2160 1209 2161 1208 2161 1116 2161 1210 2162 1119 2162 1120 2162 1210 2163 1209 2163 1119 2163 1211 2164 1120 2164 1124 2164 1211 2165 1210 2165 1120 2165 1212 2166 1124 2166 1123 2166 1212 2167 1211 2167 1124 2167 1213 2168 1123 2168 1127 2168 1213 2169 1212 2169 1123 2169 1214 2170 1127 2170 1128 2170 1214 2171 1213 2171 1127 2171 1215 2172 1128 2172 1131 2172 1215 2173 1214 2173 1128 2173 1216 2174 1131 2174 1132 2174 1216 2175 1215 2175 1131 2175 1217 2176 1132 2176 1135 2176 1217 2177 1216 2177 1132 2177 1218 2178 1135 2178 1136 2178 1218 2179 1217 2179 1135 2179 1219 2180 1218 2180 1136 2180 1219 2181 1136 2181 1139 2181 1220 2182 1219 2182 1139 2182 1220 2183 1139 2183 1140 2183 1221 2184 1220 2184 1140 2184 1221 2185 1140 2185 1143 2185 1222 2186 1221 2186 1143 2186 1222 2187 1143 2187 1144 2187 1223 2188 1222 2188 1144 2188 1223 2189 1144 2189 1147 2189 1224 2190 1223 2190 1147 2190 1224 2191 1147 2191 1148 2191 1225 2192 1224 2192 1148 2192 1225 2193 1148 2193 1151 2193 1226 2194 1225 2194 1151 2194 1226 2195 1151 2195 1152 2195 1227 2196 1226 2196 1152 2196 1227 2197 1152 2197 1155 2197 1228 2198 1227 2198 1155 2198 1228 2199 1155 2199 1156 2199 1229 2200 1228 2200 1156 2200 1229 2201 1156 2201 1159 2201 1230 2202 1229 2202 1159 2202 1230 2203 1159 2203 1160 2203 1231 2204 1230 2204 1160 2204 1231 2205 1160 2205 1163 2205 1232 2206 1231 2206 1163 2206 1232 2207 1163 2207 1164 2207 1233 2208 1164 2208 1167 2208 1233 2209 1232 2209 1164 2209 1234 2210 1167 2210 1168 2210 1234 2211 1233 2211 1167 2211 1235 2212 1168 2212 1171 2212 1235 2213 1234 2213 1168 2213 1236 2214 1171 2214 1172 2214 1236 2215 1235 2215 1171 2215 1237 2216 1172 2216 1175 2216 1237 2217 1236 2217 1172 2217 1238 2218 1175 2218 1176 2218 1238 2219 1237 2219 1175 2219 0 2220 1176 2220 1 2220 0 2221 1238 2221 1176 2221 1223 2222 976 2222 975 2222 1224 2223 977 2223 976 2223 1224 2224 976 2224 1223 2224 1222 2225 975 2225 974 2225 1222 2226 1223 2226 975 2226 1225 2227 977 2227 1224 2227 1225 2228 978 2228 977 2228 1221 2229 974 2229 973 2229 1221 2230 1222 2230 974 2230 1226 2231 978 2231 1225 2231 1226 2232 979 2232 978 2232 1220 2233 973 2233 972 2233 1220 2234 1221 2234 973 2234 1227 2235 980 2235 979 2235 1227 2236 979 2236 1226 2236 1219 2237 972 2237 971 2237 1219 2238 1220 2238 972 2238 1228 2239 981 2239 980 2239 1228 2240 980 2240 1227 2240 1218 2241 971 2241 970 2241 1218 2242 1219 2242 971 2242 1229 2243 981 2243 1228 2243 1229 2244 982 2244 981 2244 1217 2245 970 2245 969 2245 1217 2246 1218 2246 970 2246 1230 2247 983 2247 982 2247 1230 2248 982 2248 1229 2248 1216 2249 1217 2249 969 2249 1216 2250 969 2250 968 2250 1231 2251 984 2251 983 2251 1231 2252 983 2252 1230 2252 1215 2253 968 2253 967 2253 1215 2254 1216 2254 968 2254 1232 2255 984 2255 1231 2255 1232 2256 985 2256 984 2256 1214 2257 967 2257 966 2257 1214 2258 1215 2258 967 2258 1233 2259 986 2259 985 2259 1233 2260 985 2260 1232 2260 1213 2261 966 2261 965 2261 1213 2262 1214 2262 966 2262 1234 2263 987 2263 986 2263 1234 2264 986 2264 1233 2264 1212 2265 965 2265 964 2265 1212 2266 1213 2266 965 2266 1235 2267 988 2267 987 2267 1235 2268 987 2268 1234 2268 1211 2269 964 2269 963 2269 1211 2270 1212 2270 964 2270 1236 2271 989 2271 988 2271 1236 2272 988 2272 1235 2272 1210 2273 963 2273 962 2273 1210 2274 1211 2274 963 2274 1237 2275 990 2275 989 2275 1237 2276 989 2276 1236 2276 1209 2277 962 2277 961 2277 1209 2278 1210 2278 962 2278 1238 2279 990 2279 1237 2279 1208 2280 961 2280 960 2280 1208 2281 1209 2281 961 2281 0 2282 255 2282 990 2282 0 2283 256 2283 255 2283 0 2284 990 2284 1238 2284 1207 2285 960 2285 959 2285 1207 2286 1208 2286 960 2286 3 2287 256 2287 0 2287 1206 2288 959 2288 958 2288 1206 2289 1207 2289 959 2289 5 2290 260 2290 258 2290 5 2291 258 2291 256 2291 5 2292 256 2292 3 2292 1205 2293 1206 2293 958 2293 1205 2294 958 2294 957 2294 7 2295 260 2295 5 2295 7 2296 262 2296 260 2296 1204 2297 1205 2297 957 2297 1204 2298 957 2298 956 2298 9 2299 264 2299 262 2299 9 2300 262 2300 7 2300 1203 2301 956 2301 955 2301 1203 2302 1204 2302 956 2302 11 2303 266 2303 264 2303 11 2304 264 2304 9 2304 1202 2305 1203 2305 955 2305 1202 2306 955 2306 954 2306 13 2307 268 2307 266 2307 13 2308 266 2308 11 2308 1201 2309 1202 2309 954 2309 1201 2310 954 2310 953 2310 15 2311 270 2311 268 2311 15 2312 268 2312 13 2312 1200 2313 1201 2313 953 2313 1200 2314 953 2314 952 2314 17 2315 270 2315 15 2315 1199 2316 952 2316 951 2316 1199 2317 1200 2317 952 2317 19 2318 274 2318 272 2318 19 2319 272 2319 270 2319 19 2320 270 2320 17 2320 1198 2321 1199 2321 951 2321 1198 2322 951 2322 950 2322 21 2323 274 2323 19 2323 1197 2324 950 2324 949 2324 1197 2325 1198 2325 950 2325 23 2326 276 2326 274 2326 23 2327 274 2327 21 2327 1196 2328 1197 2328 949 2328 1196 2329 949 2329 948 2329 25 2330 281 2330 278 2330 25 2331 278 2331 276 2331 25 2332 276 2332 23 2332 1195 2333 948 2333 947 2333 1195 2334 1196 2334 948 2334 27 2335 281 2335 25 2335 1194 2336 947 2336 946 2336 1194 2337 1195 2337 947 2337 29 2338 283 2338 281 2338 29 2339 281 2339 27 2339 1193 2340 946 2340 945 2340 1193 2341 1194 2341 946 2341 31 2342 285 2342 283 2342 31 2343 283 2343 29 2343 1192 2344 945 2344 944 2344 1192 2345 1193 2345 945 2345 286 2346 31 2346 33 2346 286 2347 285 2347 31 2347 1191 2348 1192 2348 944 2348 943 2349 1191 2349 944 2349 1190 2350 1191 2350 943 2350 289 2351 286 2351 33 2351 289 2352 33 2352 34 2352 942 2353 1190 2353 943 2353 1189 2354 1190 2354 942 2354 291 2355 289 2355 34 2355 291 2356 34 2356 37 2356 941 2357 1188 2357 1189 2357 941 2358 1189 2358 942 2358 293 2359 291 2359 37 2359 293 2360 37 2360 39 2360 940 2361 1188 2361 941 2361 295 2362 293 2362 39 2362 295 2363 39 2363 41 2363 939 2364 1188 2364 940 2364 939 2365 1187 2365 1188 2365 297 2366 41 2366 43 2366 297 2367 295 2367 41 2367 938 2368 1187 2368 939 2368 938 2369 1186 2369 1187 2369 299 2370 43 2370 45 2370 299 2371 297 2371 43 2371 299 2372 45 2372 47 2372 937 2373 1186 2373 938 2373 937 2374 1185 2374 1186 2374 301 2375 47 2375 49 2375 301 2376 299 2376 47 2376 936 2377 1185 2377 937 2377 936 2378 1183 2378 1184 2378 936 2379 1184 2379 1185 2379 303 2380 301 2380 49 2380 935 2381 1183 2381 936 2381 305 2382 303 2382 49 2382 305 2383 49 2383 51 2383 934 2384 1183 2384 935 2384 934 2385 1182 2385 1183 2385 307 2386 51 2386 53 2386 307 2387 305 2387 51 2387 933 2388 1182 2388 934 2388 933 2389 1180 2389 1181 2389 933 2390 1181 2390 1182 2390 308 2391 53 2391 55 2391 308 2392 307 2392 53 2392 932 2393 1180 2393 933 2393 932 2394 1179 2394 1180 2394 310 2395 55 2395 57 2395 310 2396 308 2396 55 2396 931 2397 1179 2397 932 2397 931 2398 1178 2398 1179 2398 313 2399 310 2399 57 2399 313 2400 57 2400 59 2400 930 2401 1178 2401 931 2401 930 2402 1177 2402 1178 2402 314 2403 313 2403 59 2403 314 2404 59 2404 61 2404 929 2405 1177 2405 930 2405 317 2406 314 2406 61 2406 317 2407 61 2407 63 2407 381 2408 1177 2408 929 2408 381 2409 125 2409 126 2409 381 2410 126 2410 1177 2410 318 2411 63 2411 65 2411 318 2412 317 2412 63 2412 379 2413 125 2413 381 2413 321 2414 65 2414 67 2414 321 2415 67 2415 69 2415 321 2416 318 2416 65 2416 376 2417 123 2417 125 2417 376 2418 125 2418 379 2418 323 2419 321 2419 69 2419 375 2420 123 2420 376 2420 375 2421 121 2421 123 2421 324 2422 323 2422 69 2422 324 2423 69 2423 71 2423 372 2424 121 2424 375 2424 372 2425 117 2425 119 2425 372 2426 119 2426 121 2426 327 2427 324 2427 71 2427 327 2428 71 2428 72 2428 371 2429 117 2429 372 2429 371 2430 115 2430 117 2430 329 2431 327 2431 72 2431 329 2432 72 2432 75 2432 369 2433 115 2433 371 2433 369 2434 112 2434 115 2434 331 2435 329 2435 75 2435 331 2436 75 2436 77 2436 331 2437 77 2437 79 2437 367 2438 112 2438 369 2438 367 2439 111 2439 112 2439 333 2440 331 2440 79 2440 365 2441 111 2441 367 2441 335 2442 333 2442 79 2442 335 2443 79 2443 81 2443 362 2444 109 2444 111 2444 362 2445 111 2445 365 2445 337 2446 335 2446 81 2446 337 2447 81 2447 82 2447 361 2448 109 2448 362 2448 361 2449 107 2449 109 2449 339 2450 337 2450 82 2450 339 2451 82 2451 85 2451 359 2452 107 2452 361 2452 359 2453 105 2453 107 2453 341 2454 339 2454 85 2454 341 2455 85 2455 87 2455 357 2456 105 2456 359 2456 357 2457 102 2457 105 2457 342 2458 87 2458 88 2458 342 2459 341 2459 87 2459 354 2460 102 2460 357 2460 354 2461 101 2461 102 2461 345 2462 342 2462 88 2462 345 2463 88 2463 91 2463 353 2464 101 2464 354 2464 353 2465 98 2465 101 2465 347 2466 345 2466 91 2466 347 2467 91 2467 93 2467 351 2468 98 2468 353 2468 351 2469 97 2469 98 2469 349 2470 347 2470 93 2470 349 2471 97 2471 351 2471 349 2472 93 2472 94 2472 349 2473 94 2473 97 2473</p>
        </triangles>
      </mesh>
    </geometry>
  </library_geometries>
  <library_materials>
    <material id="mat_formed_hex_screw_am_B18_2_3_2M___Formed_hex_screw__M12_x_1_75_x_50___30WN_shape" name="formed_hex_screw_am_B18_2_3_2M___Formed_hex_screw__M12_x_1_75_x_50___30WN_shape">
      <instance_effect url="#effect_formed_hex_screw_am_B18_2_3_2M___Formed_hex_screw__M12_x_1_75_x_50___30WN_shape"/>
    </material>
  </library_materials>
  <library_visual_scenes>
    <visual_scene id="myscene">
      <node id="node0" name="node0">
        <instance_geometry url="#geometry0">
          <bind_material>
            <technique_common>
              <instance_material symbol="ref_formed_hex_screw_am_B18_2_3_2M___Formed_hex_screw__M12_x_1_75_x_50___30WN_shape" target="#mat_formed_hex_screw_am_B18_2_3_2M___Formed_hex_screw__M12_x_1_75_x_50___30WN_shape"/>
            </technique_common>
          </bind_material>
        </instance_geometry>
      </node>
    </visual_scene>
  </library_visual_scenes>
  <scene>
    <instance_visual_scene url="#myscene"/>
  </scene>
</COLLADA>
