<COLLADA xmlns="http://www.collada.org/2005/11/COLLADASchema" version="1.4.1">
  <asset>
    <contributor/>
    <created>2026-07-22T21:26:33.806817</created>
    <modified>2026-07-22T21:26:33.806822</modified>
    <unit name="meter" meter="1.0"/>
    <up_axis>Z_UP</up_axis>
  </asset>
  <library_effects>
    <effect id="effect_formed_hex_screw_am_B18_2_3_2M___Formed_hex_screw__M14_x_2_0_x_16___16WN_shape" name="effect_formed_hex_screw_am_B18_2_3_2M___Formed_hex_screw__M14_x_2_0_x_16___16WN_shape">
      <profile_COMMON>
        <technique sid="common">
          <phong>
            <emission>
              <color>0.0 0.0 0.0 1.0</color>
            </emission>
            <ambient>
              <color>0.0 0.0 0.0 1.0</color>
            </ambient>
            <diffuse>
              <color>0.800000011920929 0.800000011920929 0.9019607901573181 1.0</color>
            </diffuse>
            <specular>
              <color>1 1 1 1.0</color>
            </specular>
            <shininess>
              <float>0.0</float>
            </shininess>
            <reflective>
              <color>0.0 0.0 0.0 1.0</color>
            </reflective>
            <reflectivity>
              <float>0.0</float>
            </reflectivity>
            <transparent>
              <color>0.0 0.0 0.0 1.0</color>
            </transparent>
            <transparency>
              <float>1.0</float>
            </transparency>
          </phong>
        </technique>
        <extra>
          <technique profile="GOOGLEEARTH">
            <double_sided>0</double_sided>
          </technique>
        </extra>
      </profile_COMMON>
    </effect>
  </library_effects>
  <library_geometries>
    <geometry id="geometry0" name="formed_hex_screw_am_B18_2_3_2M___Formed_hex_screw__M14_x_2_0_x_16___16WN_shape">
      <mesh>
        <source id="cubeverts-array0">
          <float_array count="3717" id="cubeverts-array0-array">2.018385e-18 0.06582475 -0.1644103 5.326517e-18 0.05092625 -0.1644103 0.0003489212 0.05092625 -0.164419 0.0003489212 0.06582475 -0.164419 0.0006969749 0.05092625 -0.1644451 0.0006969749 0.06582475 -0.1644451 0.001043296 0.05092625 -0.1644885 0.001043296 0.06582475 -0.1644885 0.001387023 0.05092625 -0.1645491 0.001387023 0.06582475 -0.1645491 0.001727302 0.05092625 -0.1646268 0.001727302 0.06582475 -0.1646268 0.002063286 0.05092625 -0.1647213 0.002063286 0.06582475 -0.1647213 0.002394141 0.05092625 -0.1648325 0.002394141 0.06582475 -0.1648325 0.002719043 0.05092625 -0.16496 0.002719043 0.06582475 -0.16496 0.003037186 0.05092625 -0.1651035 0.003037186 0.06582475 -0.1651035 0.003347778 0.05092625 -0.1652628 0.003347778 0.06582475 -0.1652628 0.003650046 0.05092625 -0.1654373 0.003650046 0.06582475 -0.1654373 0.00394324 0.05092625 -0.1656266 0.00394324 0.06582475 -0.1656266 0.004226631 0.05092625 -0.1658304 0.004226631 0.06582475 -0.1658304 0.004499513 0.05092625 -0.166048 0.004499513 0.06582475 -0.166048 0.004761209 0.05092625 -0.1662789 0.004761209 0.06582475 -0.1662789 0.005011068 0.05092625 -0.1665227 0.005011068 0.06582475 -0.1665227 0.005248468 0.05092625 -0.1667785 0.005248468 0.06582475 -0.1667785 0.00547282 0.05092625 -0.1670459 0.00547282 0.06582475 -0.1670459 0.005683566 0.05092625 -0.1673241 0.005683566 0.06582475 -0.1673241 0.005880181 0.05092625 -0.1676125 0.005880181 0.06582475 -0.1676125 0.006062178 0.05092625 -0.1679103 0.006062178 0.06582475 -0.1679103 0.006229103 0.05092625 -0.1682168 0.006229103 0.06582475 -0.1682168 0.006380541 0.05092625 -0.1685313 0.006380541 0.06582475 -0.1685313 0.006516116 0.05092625 -0.1688529 0.006516116 0.06582475 -0.1688529 0.006635491 0.05092625 -0.1691809 0.006635491 0.06582475 -0.1691809 0.00673837 0.05092625 -0.1695144 0.00673837 0.06582475 -0.1695144 0.006824495 0.05092625 -0.1698527 0.006824495 0.06582475 -0.1698527 0.006893654 0.05092625 -0.1701948 0.006893654 0.06582475 -0.1701948 0.006945674 0.05092625 -0.1705399 0.006945674 0.06582475 -0.1705399 0.006980427 0.05092625 -0.1708872 0.006980427 0.06582475 -0.1708872 0.006997824 0.05092625 -0.1712358 0.006997824 0.06582475 -0.1712358 0.006997824 0.06582475 -0.1715848 0.006997824 0.05092625 -0.1715848 0.006980427 0.05092625 -0.1719334 0.006980427 0.06582475 -0.1719334 0.006945674 0.05092625 -0.1722807 0.006945674 0.06582475 -0.1722807 0.006893654 0.05092625 -0.1726259 0.006893654 0.06582475 -0.1726259 0.006824495 0.05092625 -0.172968 0.006824495 0.06582475 -0.172968 0.00673837 0.05092625 -0.1733062 0.00673837 0.06582475 -0.1733062 0.006635491 0.05092625 -0.1736397 0.006635491 0.06582475 -0.1736397 0.006516116 0.05092625 -0.1739677 0.006516116 0.06582475 -0.1739677 0.006380541 0.05092625 -0.1742893 0.006380541 0.06582475 -0.1742893 0.006229103 0.05092625 -0.1746038 0.006229103 0.06582475 -0.1746038 0.006062178 0.05092625 -0.1749103 0.006062178 0.06582475 -0.1749103 0.005880181 0.05092625 -0.1752081 0.005880181 0.06582475 -0.1752081 0.005683566 0.05092625 -0.1754965 0.005683566 0.06582475 -0.1754965 0.00547282 0.06582475 -0.1757747 0.00547282 0.05092625 -0.1757747 0.005248468 0.05092625 -0.1760421 0.005248468 0.06582475 -0.1760421 0.005011068 0.05092625 -0.176298 0.005011068 0.06582475 -0.176298 0.004761209 0.06582475 -0.1765417 0.004761209 0.05092625 -0.1765417 0.004499513 0.05092625 -0.1767726 0.004499513 0.06582475 -0.1767726 0.004226631 0.06582475 -0.1769902 0.004226631 0.05092625 -0.1769902 0.00394324 0.05092625 -0.177194 0.00394324 0.06582475 -0.177194 0.003650046 0.05092625 -0.1773833 0.003650046 0.06582475 -0.1773833 0.003347778 0.06582475 -0.1775579 0.003347778 0.05092625 -0.1775579 0.003037186 0.05092625 -0.1777171 0.003037186 0.06582475 -0.1777171 0.002719043 0.06582475 -0.1778606 0.002719043 0.05092625 -0.1778606 0.002394141 0.06582475 -0.1779882 0.002394141 0.05092625 -0.1779882 0.002063286 0.05092625 -0.1780993 0.002063286 0.06582475 -0.1780993 0.001727302 0.06582475 -0.1781938 0.001727302 0.05092625 -0.1781938 0.001387023 0.06582475 -0.1782715 0.001387023 0.05092625 -0.1782715 0.001043296 0.06582475 -0.1783321 0.001043296 0.05092625 -0.1783321 0.0006969749 0.05092625 -0.1783755 0.0006969749 0.06582475 -0.1783755 0.0003489212 0.05092625 -0.1784016 0.0003489212 0.06582475 -0.1784016 6.326517e-18 0.05092625 -0.1784103 3.018385e-18 0.06582475 -0.1784103 0.0006141427 0.05019192 -0.1651748 5.571099e-18 0.04982475 -0.1655118 0.0002940159 0.04982475 -0.1655191 0.000587301 0.04982475 -0.1655411 0.0008791258 0.04982475 -0.1655777 0.0006501313 0.05055909 -0.1648094 0.001222371 0.05019192 -0.165265 0.001168765 0.04982475 -0.1656288 0.001455498 0.04982475 -0.1656942 0.001294002 0.05055909 -0.1649049 0.001818827 0.05019192 -0.1654144 0.001738613 0.04982475 -0.1657739 0.002017406 0.04982475 -0.1658675 0.00192541 0.05055909 -0.1650631 0.002397767 0.05019192 -0.1656216 0.002291183 0.04982475 -0.165975 0.002559263 0.04982475 -0.1660959 0.002538275 0.05055909 -0.1652824 0.002953615 0.05019192 -0.1658845 0.002820981 0.04982475 -0.1662301 0.003075686 0.04982475 -0.1663772 0.003126696 0.05055909 -0.1655607 0.003481018 0.05019192 -0.1662006 0.003322743 0.04982475 -0.1665367 0.00356154 0.04982475 -0.1667084 0.003685005 0.05055909 -0.1658953 0.003974897 0.05019192 -0.1665669 0.003791483 0.04982475 -0.1668918 0.004011999 0.04982475 -0.1670864 0.004207825 0.05055909 -0.1662831 0.004430495 0.05019192 -0.1669798 0.00422254 0.04982475 -0.1672918 0.004422585 0.04982475 -0.1675074 0.004690122 0.05055909 -0.1667202 0.004843426 0.05019192 -0.1674354 0.004611633 0.04982475 -0.1677327 0.004789217 0.04982475 -0.1679671 0.00512725 0.05055909 -0.1672025 0.005209712 0.05019192 -0.1679293 0.004954893 0.04982475 -0.1682101 0.005108251 0.04982475 -0.1684611 0.005514999 0.05055909 -0.1677253 0.005525825 0.05019192 -0.1684567 0.005248909 0.04982475 -0.1687194 0.005376517 0.04982475 -0.1689843 0.005849637 0.05055909 -0.1682836 0.005788721 0.05019192 -0.1690125 0.005490759 0.04982475 -0.1692553 0.00559135 0.04982475 -0.1695317 0.006127939 0.05055909 -0.168872 0.005995869 0.05019192 -0.1695915 0.005678039 0.04982475 -0.1698128 0.005750612 0.04982475 -0.1700978 0.006347226 0.05055909 -0.1694849 0.006145274 0.05019192 -0.1701879 0.005808888 0.04982475 -0.170386 0.005852723 0.04982475 -0.1706769 0.006505385 0.05055909 -0.1701163 0.006235496 0.05019192 -0.1707962 0.005882007 0.04982475 -0.1709695 0.005896667 0.04982475 -0.1712633 0.006600894 0.05055909 -0.1707602 0.006265666 0.05019192 -0.1714103 0.005896667 0.04982475 -0.1715574 0.006632833 0.05055909 -0.1714103 0.006235496 0.05019192 -0.1720245 0.005882007 0.04982475 -0.1718511 0.005852723 0.04982475 -0.1721438 0.006600894 0.05055909 -0.1720604 0.006145274 0.05019192 -0.1726327 0.005808888 0.04982475 -0.1724346 0.005750612 0.04982475 -0.1727229 0.006505385 0.05055909 -0.1727043 0.005995869 0.05019192 -0.1732291 0.005678039 0.04982475 -0.1730079 0.00559135 0.04982475 -0.1732889 0.006347226 0.05055909 -0.1733357 0.005788721 0.05019192 -0.1738081 0.005490759 0.04982475 -0.1735653 0.005376517 0.04982475 -0.1738363 0.006127939 0.05055909 -0.1739486 0.005525825 0.05019192 -0.1743639 0.005248909 0.04982475 -0.1741013 0.005108251 0.04982475 -0.1743596 0.005849637 0.05055909 -0.174537 0.005209712 0.05019192 -0.1748913 0.004954893 0.04982475 -0.1746105 0.004789217 0.04982475 -0.1748535 0.005514999 0.05055909 -0.1750953 0.004843426 0.05019192 -0.1753852 0.004611633 0.04982475 -0.175088 0.004422585 0.04982475 -0.1753133 0.00512725 0.05055909 -0.1756181 0.004430495 0.05019192 -0.1758408 0.00422254 0.04982475 -0.1755289 0.004011999 0.04982475 -0.1757342 0.004690122 0.05055909 -0.1761004 0.003974897 0.05019192 -0.1762537 0.003791483 0.04982475 -0.1759288 0.00356154 0.04982475 -0.1761122 0.004207825 0.05055909 -0.1765376 0.003481018 0.05019192 -0.17662 0.003322743 0.04982475 -0.1762839 0.003075686 0.04982475 -0.1764435 0.003685005 0.05055909 -0.1769253 0.002953615 0.05019192 -0.1769361 0.002820981 0.04982475 -0.1765905 0.002559263 0.04982475 -0.1767247 0.003126696 0.05055909 -0.1772599 0.002397767 0.05019192 -0.177199 0.002291183 0.04982475 -0.1768456 0.002017406 0.04982475 -0.1769531 0.002538275 0.05055909 -0.1775383 0.001818827 0.05019192 -0.1774062 0.001738613 0.04982475 -0.1770468 0.001455498 0.04982475 -0.1771264 0.00192541 0.05055909 -0.1777575 0.001222371 0.05019192 -0.1775556 0.001168765 0.04982475 -0.1771919 0.0008791258 0.04982475 -0.1772429 0.001294002 0.05055909 -0.1779157 0.0006141427 0.05019192 -0.1776458 0.000587301 0.04982475 -0.1772795 0.0002940159 0.04982475 -0.1773015 6.571099e-18 0.04982475 -0.1773088 0.0006501313 0.05055909 -0.1780112 1.885159e-18 0.06642475 -0.1609103 2.018385e-18 0.06582475 -0.1609103 0.0005233818 0.06582475 -0.1609234 0.0005233818 0.06642475 -0.1609234 0.001045462 0.06582475 -0.1609625 0.001045462 0.06642475 -0.1609625 0.001564944 0.06582475 -0.1610276 0.001564944 0.06642475 -0.1610276 0.002080534 0.06582475 -0.1611185 0.002080534 0.06642475 -0.1611185 0.002590953 0.06582475 -0.161235 0.002590953 0.06642475 -0.161235 0.003094929 0.06582475 -0.1613768 0.003094929 0.06642475 -0.1613768 0.003591212 0.06582475 -0.1615435 0.003591212 0.06642475 -0.1615435 0.004078566 0.06582475 -0.1617348 0.004078566 0.06642475 -0.1617348 0.004555779 0.06582475 -0.1619501 0.004555779 0.06642475 -0.1619501 0.005021667 0.06582475 -0.162189 0.005021667 0.06642475 -0.162189 0.00547507 0.06582475 -0.1624508 0.00547507 0.06642475 -0.1624508 0.005914861 0.06642475 -0.1627348 0.005914861 0.06582475 -0.1627348 0.006339946 0.06582475 -0.1630404 0.006339946 0.06642475 -0.1630404 0.00674927 0.06642475 -0.1633669 0.00674927 0.06582475 -0.1633669 0.007141814 0.06582475 -0.1637133 0.007141814 0.06642475 -0.1637133 0.007516602 0.06642475 -0.1640788 0.007516602 0.06582475 -0.1640788 0.007872703 0.06642475 -0.1644626 0.007872703 0.06582475 -0.1644626 0.00820923 0.06582475 -0.1648637 0.00820923 0.06642475 -0.1648637 0.008525349 0.06642475 -0.165281 0.008525349 0.06582475 -0.165281 0.008820272 0.06642475 -0.1657136 0.008820272 0.06582475 -0.1657136 0.009093266 0.06642475 -0.1661603 0.009093266 0.06582475 -0.1661603 0.009343654 0.06642475 -0.1666201 0.009343654 0.06582475 -0.1666201 0.009570811 0.06642475 -0.1670918 0.009570811 0.06582475 -0.1670918 0.009774175 0.06582475 -0.1675742 0.009774175 0.06642475 -0.1675742 0.009953238 0.06642475 -0.1680662 0.009953238 0.06582475 -0.1680662 0.01010755 0.06582475 -0.1685665 0.01010755 0.06642475 -0.1685665 0.01023674 0.06582475 -0.1690738 0.01023674 0.06642475 -0.1690738 0.01034048 0.06642475 -0.169587 0.01034048 0.06582475 -0.169587 0.01041851 0.06642475 -0.1701047 0.01041851 0.06582475 -0.1701047 0.01047064 0.06642475 -0.1706256 0.01047064 0.06582475 -0.1706256 0.01049674 0.06582475 -0.1711485 0.01049674 0.06642475 -0.1711485 0.01049674 0.06582475 -0.1716721 0.01049674 0.06642475 -0.1716721 0.01047064 0.06642475 -0.172195 0.01047064 0.06582475 -0.172195 0.01041851 0.06642475 -0.1727159 0.01041851 0.06582475 -0.1727159 0.01034048 0.06642475 -0.1732336 0.01034048 0.06582475 -0.1732336 0.01023674 0.06642475 -0.1737468 0.01023674 0.06582475 -0.1737468 0.01010755 0.06582475 -0.1742541 0.01010755 0.06642475 -0.1742541 0.009953238 0.06582475 -0.1747544 0.009953238 0.06642475 -0.1747544 0.009774175 0.06642475 -0.1752464 0.009774175 0.06582475 -0.1752464 0.009570811 0.06642475 -0.1757288 0.009570811 0.06582475 -0.1757288 0.009343654 0.06582475 -0.1762005 0.009343654 0.06642475 -0.1762005 0.009093266 0.06582475 -0.1766603 0.009093266 0.06642475 -0.1766603 0.008820272 0.06642475 -0.177107 0.008820272 0.06582475 -0.177107 0.008525349 0.06642475 -0.1775396 0.008525349 0.06582475 -0.1775396 0.00820923 0.06642475 -0.177957 0.00820923 0.06582475 -0.177957 0.007872703 0.06642475 -0.178358 0.007872703 0.06582475 -0.178358 0.007516602 0.06642475 -0.1787418 0.007516602 0.06582475 -0.1787418 0.007141814 0.06642475 -0.1791074 0.007141814 0.06582475 -0.1791074 0.00674927 0.06642475 -0.1794538 0.00674927 0.06582475 -0.1794538 0.006339946 0.06642475 -0.1797802 0.006339946 0.06582475 -0.1797802 0.005914861 0.06642475 -0.1800858 0.005914861 0.06582475 -0.1800858 0.00547507 0.06642475 -0.1803699 0.00547507 0.06582475 -0.1803699 0.005021667 0.06642475 -0.1806316 0.005021667 0.06582475 -0.1806316 0.004555779 0.06582475 -0.1808705 0.004555779 0.06642475 -0.1808705 0.004078566 0.06642475 -0.1810858 0.004078566 0.06582475 -0.1810858 0.003591212 0.06642475 -0.1812771 0.003591212 0.06582475 -0.1812771 0.003094929 0.06642475 -0.1814438 0.003094929 0.06582475 -0.1814438 0.002590953 0.06642475 -0.1815856 0.002590953 0.06582475 -0.1815856 0.002080534 0.06582475 -0.1817021 0.002080534 0.06642475 -0.1817021 0.001564944 0.06642475 -0.181793 0.001564944 0.06582475 -0.181793 0.001045462 0.06642475 -0.1818581 0.001045462 0.06582475 -0.1818581 0.0005233818 0.06642475 -0.1818973 0.0005233818 0.06582475 -0.1818973 3.885159e-18 0.06642475 -0.1819103 3.018385e-18 0.06582475 -0.1819103 0.0001923766 0.07491475 -0.1805646 -0.0002655825 0.07491475 -0.1805532 0.0001923766 0.0737785 -0.1805646 -0.0002655825 0.0737785 -0.1805532 -0.000722403 0.07491475 -0.180519 -0.000722403 0.0737785 -0.180519 -0.001176949 0.07491475 -0.180462 -0.001176949 0.0737785 -0.180462 -0.001628091 0.07491475 -0.1803824 -0.001628091 0.0737785 -0.1803824 -0.002074707 0.07491475 -0.1802805 -0.002074707 0.0737785 -0.1802805 -0.002515687 0.07491475 -0.1801564 -0.002515687 0.0737785 -0.1801564 -0.002949934 0.07491475 -0.1800105 -0.002949934 0.0737785 -0.1800105 -0.003376368 0.0737785 -0.1798432 -0.003376368 0.07491475 -0.1798432 -0.00379393 0.07491475 -0.1796548 -0.00379393 0.0737785 -0.1796548 -0.004201582 0.0737785 -0.1794458 -0.004201582 0.07491475 -0.1794458 -0.00459831 0.07491475 -0.1792167 -0.00459831 0.0737785 -0.1792167 -0.004983127 0.07491475 -0.1789682 -0.004983127 0.0737785 -0.1789682 -0.005355076 0.07491475 -0.1787008 -0.005355076 0.0737785 -0.1787008 -0.005713234 0.07491475 -0.1784151 -0.005713234 0.0737785 -0.1784151 -0.00605671 0.07491475 -0.178112 -0.00605671 0.0737785 -0.178112 -0.00638465 0.07491475 -0.1777921 -0.00638465 0.0737785 -0.1777921 -0.006696238 0.07491475 -0.1774563 -0.006696238 0.0737785 -0.1774563 -0.0069907 0.07491475 -0.1771054 -0.0069907 0.0737785 -0.1771054 -0.007267304 0.07491475 -0.1767402 -0.007267304 0.0737785 -0.1767402 -0.007525362 0.0737785 -0.1763617 -0.007525362 0.07491475 -0.1763617 -0.007764232 0.07491475 -0.1759709 -0.007764232 0.0737785 -0.1759709 -0.007983321 0.0737785 -0.1755685 -0.007983321 0.07491475 -0.1755685 -0.008182083 0.07491475 -0.1751558 -0.008182083 0.0737785 -0.1751558 -0.008360026 0.07491475 -0.1747337 -0.008360026 0.0737785 -0.1747337 -0.008516706 0.07491475 -0.1743032 -0.008516706 0.0737785 -0.1743032 -0.008651733 0.07491475 -0.1738654 -0.008651733 0.0737785 -0.1738654 -0.008764773 0.0737785 -0.1734215 -0.008764773 0.07491475 -0.1734215 -0.008855545 0.07491475 -0.1729725 -0.008855545 0.0737785 -0.1729725 -0.008923821 0.07491475 -0.1725195 -0.008923821 0.0737785 -0.1725195 -0.008969433 0.07491475 -0.1720637 -0.008969433 0.0737785 -0.1720637 -0.008992268 0.07491475 -0.1716062 -0.008992268 0.0737785 -0.1716062 -0.008992268 0.07491475 -0.1711481 -0.008992268 0.0737785 -0.1711481 -0.008969433 0.07491475 -0.1706905 -0.008969433 0.0737785 -0.1706905 -0.008923821 0.07491475 -0.1702347 -0.008923821 0.0737785 -0.1702347 -0.008855545 0.07491475 -0.1697817 -0.008855545 0.0737785 -0.1697817 -0.008764773 0.07491475 -0.1693327 -0.008764773 0.0737785 -0.1693327 -0.008651733 0.07491475 -0.1688887 -0.008651733 0.0737785 -0.1688887 -0.008516706 0.07491475 -0.168451 -0.008516706 0.0737785 -0.168451 -0.008360026 0.07491475 -0.1680205 -0.008360026 0.0737785 -0.1680205 -0.008182083 0.0737785 -0.1675984 -0.008182083 0.07491475 -0.1675984 -0.007983321 0.0737785 -0.1671857 -0.007983321 0.07491475 -0.1671857 -0.007764232 0.07491475 -0.1667834 -0.007764232 0.0737785 -0.1667834 -0.007525362 0.07491475 -0.1663925 -0.007525362 0.0737785 -0.1663925 -0.007267304 0.07491475 -0.166014 -0.007267304 0.0737785 -0.166014 -0.0069907 0.07491475 -0.1656488 -0.0069907 0.0737785 -0.1656488 -0.006696238 0.0737785 -0.1652979 -0.006696238 0.07491475 -0.1652979 -0.00638465 0.07491475 -0.1649621 -0.00638465 0.0737785 -0.1649621 -0.00605671 0.07491475 -0.1646422 -0.00605671 0.0737785 -0.1646422 -0.005713234 0.07491475 -0.1643391 -0.005713234 0.0737785 -0.1643391 -0.005355076 0.07491475 -0.1640535 -0.005355076 0.0737785 -0.1640535 -0.004983127 0.07491475 -0.163786 -0.004983127 0.0737785 -0.163786 -0.00459831 0.07491475 -0.1635375 -0.00459831 0.0737785 -0.1635375 -0.004201582 0.07491475 -0.1633084 -0.004201582 0.0737785 -0.1633084 -0.00379393 0.07491475 -0.1630994 -0.00379393 0.0737785 -0.1630994 -0.003376368 0.07491475 -0.162911 -0.003376368 0.0737785 -0.162911 -0.002949934 0.0737785 -0.1627437 -0.002949934 0.07491475 -0.1627437 -0.002515687 0.07491475 -0.1625978 -0.002515687 0.0737785 -0.1625978 -0.002074707 0.07491475 -0.1624737 -0.002074707 0.0737785 -0.1624737 -0.001628091 0.0737785 -0.1623718 -0.001628091 0.07491475 -0.1623718 -0.001176949 0.0737785 -0.1622922 -0.001176949 0.07491475 -0.1622922 -0.000722403 0.07491475 -0.1622353 -0.000722403 0.0737785 -0.1622353 -0.0002655825 0.0737785 -0.162201 -0.0002655825 0.07491475 -0.162201 0.0001923766 0.07491475 -0.1621896 0.0001923766 0.0737785 -0.1621896 0.01212436 0.07397693 -0.1714103 0.01212436 0.06642475 -0.1714103 0.01162724 0.07424557 -0.1722713 0.01112736 0.07447565 -0.1731372 0.01062435 0.07466222 -0.1740084 0.01016867 0.07478871 -0.1747977 0.009755961 0.07486641 -0.1755125 0.00942547 0.07490251 -0.1760849 0.009093266 0.07491475 -0.1766603 0.008676156 0.07489558 -0.1773828 0.008419306 0.07486499 -0.1778277 0.008109045 0.07480914 -0.178365 0.007800455 0.07473365 -0.1788995 0.007493408 0.07463952 -0.1794314 0.007187816 0.07452783 -0.1799606 0.006062178 0.06642475 -0.1819103 0.006782463 0.07435353 -0.1806627 0.006421518 0.07417491 -0.1812879 0.006062178 0.07397693 -0.1819103 0.006062178 0.07397693 -0.1609103 0.006062178 0.06642475 -0.1609103 0.006559291 0.07424557 -0.1617713 0.007059174 0.07447565 -0.1626372 0.007562181 0.07466222 -0.1635084 0.008017862 0.07478871 -0.1642977 0.008430573 0.07486641 -0.1650125 0.008761063 0.07490251 -0.1655849 0.009093266 0.07491475 -0.1661603 0.009510378 0.07489558 -0.1668828 0.009767228 0.07486499 -0.1673277 0.01007749 0.07480914 -0.167865 0.01038608 0.07473365 -0.1683995 0.01069313 0.07463952 -0.1689314 0.01099872 0.07452783 -0.1694606 0.01140407 0.07435353 -0.1701627 0.01176502 0.07417491 -0.1707879 -0.006062178 0.07397693 -0.1609103 -0.006062178 0.06642475 -0.1609103 -0.005068378 0.07424533 -0.1609103 -0.004064422 0.0744763 -0.1609103 -0.003054716 0.07466341 -0.1609103 -0.002142867 0.07478962 -0.1609103 -0.001318937 0.07486686 -0.1609103 -0.0006605324 0.07490265 -0.1609103 2e-18 0.07491475 -0.1609103 0.0008336878 0.07489563 -0.1609103 0.001349491 0.07486488 -0.1609103 0.001974928 0.07480845 -0.1609103 0.002595485 0.07473228 -0.1609103 0.003211228 0.07463758 -0.1609103 0.003822478 0.07452557 -0.1609103 0.004631029 0.07435138 -0.1609103 0.005349026 0.07417348 -0.1609103 -0.01212436 0.07397693 -0.1714103 -0.01212436 0.06642475 -0.1714103 -0.01162724 0.07424557 -0.1705493 -0.01112736 0.07447565 -0.1696835 -0.009093266 0.06642475 -0.1661603 -0.01062435 0.07466222 -0.1688122 -0.01016867 0.07478871 -0.168023 -0.009755961 0.07486641 -0.1673081 -0.00942547 0.07490251 -0.1667357 -0.009093266 0.07491475 -0.1661603 -0.008676156 0.07489558 -0.1654379 -0.008419306 0.07486499 -0.164993 -0.008109045 0.07480914 -0.1644556 -0.007800455 0.07473365 -0.1639211 -0.007493408 0.07463952 -0.1633893 -0.007187816 0.07452783 -0.16286 -0.006782463 0.07435353 -0.1621579 -0.006421518 0.07417491 -0.1615327 -0.006062178 0.07397693 -0.1819103 -0.006062178 0.06642475 -0.1819103 -0.006559291 0.07424557 -0.1810493 -0.007059174 0.07447565 -0.1801835 -0.009093266 0.06642475 -0.1766603 -0.007562181 0.07466222 -0.1793122 -0.008017862 0.07478871 -0.178523 -0.008430573 0.07486641 -0.1778081 -0.008761063 0.07490251 -0.1772357 -0.009093266 0.07491475 -0.1766603 -0.009510378 0.07489558 -0.1759379 -0.009767228 0.07486499 -0.175493 -0.01007749 0.07480914 -0.1749556 -0.01038608 0.07473365 -0.1744211 -0.01069313 0.07463952 -0.1738893 -0.01099872 0.07452783 -0.17336 -0.01140407 0.07435353 -0.1726579 -0.01176502 0.07417491 -0.1720327 0.004767895 0.07431909 -0.1819103 0.00358837 0.07457053 -0.1819103 0.002576985 0.07473484 -0.1819103 0.001613538 0.07484359 -0.1819103 0.001097724 0.07488168 -0.1819103 0.0005481794 0.07490646 -0.1819103 2e-18 0.07491475 -0.1819103 -0.0008291611 0.07489571 -0.1819103 -0.001654995 0.07483966 -0.1819103 -0.002477645 0.07474818 -0.1819103 -0.003297334 0.07462285 -0.1819103 -0.004114793 0.07446574 -0.1819103 -0.004928335 0.07428007 -0.1819103 -0.005497214 0.07413413 -0.1819103 -0.008820272 0.07491475 -0.177107 -0.008525349 0.07491475 -0.1775396 -0.00820923 0.07491475 -0.177957 -0.007872703 0.07491475 -0.178358 -0.007516602 0.07491475 -0.1787418 -0.007141814 0.07491475 -0.1791074 -0.00674927 0.07491475 -0.1794538 -0.006339946 0.07491475 -0.1797802 -0.005914861 0.07491475 -0.1800858 -0.004555779 0.07491475 -0.1808705 -0.004078566 0.07491475 -0.1810858 -0.003591212 0.07491475 -0.1812771 -0.003094929 0.07491475 -0.1814438 -0.002590953 0.07491475 -0.1815856 -0.002080534 0.07491475 -0.1817021 -0.001564944 0.07491475 -0.181793 -0.001045462 0.07491475 -0.1818581 -0.0005233818 0.07491475 -0.1818973 -0.006115825 0.07444584 -0.1809267 -0.00547507 0.07491475 -0.1803699 -0.005021667 0.07491475 -0.1806316 -0.00518354 0.07444584 -0.181465 -0.009343654 0.07491475 -0.1666201 -0.009570811 0.07491475 -0.1670918 -0.009774175 0.07491475 -0.1675742 -0.009953238 0.07491475 -0.1680662 -0.01010755 0.07491475 -0.1685665 -0.01023674 0.07491475 -0.1690738 -0.01034048 0.07491475 -0.169587 -0.01041851 0.07491475 -0.1701047 -0.01047064 0.07491475 -0.1706256 -0.01047064 0.07491475 -0.172195 -0.01041851 0.07491475 -0.1727159 -0.01034048 0.07491475 -0.1732336 -0.01023674 0.07491475 -0.1737468 -0.01010755 0.07491475 -0.1742541 -0.009953238 0.07491475 -0.1747544 -0.009774175 0.07491475 -0.1752464 -0.009570811 0.07491475 -0.1757288 -0.009343654 0.07491475 -0.1762005 -0.01129937 0.07444584 -0.1708721 -0.01049674 0.07491475 -0.1711485 -0.01049674 0.07491475 -0.1716721 -0.01129937 0.07444584 -0.1719486 -0.0005233818 0.07491475 -0.1609234 -0.001045462 0.07491475 -0.1609625 -0.001564944 0.07491475 -0.1610276 -0.002080534 0.07491475 -0.1611185 -0.002590953 0.07491475 -0.161235 -0.003094929 0.07491475 -0.1613768 -0.003591212 0.07491475 -0.1615435 -0.004078566 0.07491475 -0.1617348 -0.004555779 0.07491475 -0.1619501 -0.005914861 0.07491475 -0.1627348 -0.006339946 0.07491475 -0.1630404 -0.00674927 0.07491475 -0.1633669 -0.007141814 0.07491475 -0.1637133 -0.007516602 0.07491475 -0.1640788 -0.007872703 0.07491475 -0.1644626 -0.00820923 0.07491475 -0.1648637 -0.008525349 0.07491475 -0.165281 -0.008820272 0.07491475 -0.1657136 -0.00518354 0.07444584 -0.1613557 -0.005021667 0.07491475 -0.162189 -0.00547507 0.07491475 -0.1624508 -0.006115825 0.07444584 -0.1618939 0.008820272 0.07491475 -0.1657136 0.008525349 0.07491475 -0.165281 0.00820923 0.07491475 -0.1648637 0.007872703 0.07491475 -0.1644626 0.007516602 0.07491475 -0.1640788 0.007141814 0.07491475 -0.1637133 0.00674927 0.07491475 -0.1633669 0.006339946 0.07491475 -0.1630404 0.005914861 0.07491475 -0.1627348 0.004555779 0.07491475 -0.1619501 0.004078566 0.07491475 -0.1617348 0.003591212 0.07491475 -0.1615435 0.003094929 0.07491475 -0.1613768 0.002590953 0.07491475 -0.161235 0.002080534 0.07491475 -0.1611185 0.001564944 0.07491475 -0.1610276 0.001045462 0.07491475 -0.1609625 0.0005233818 0.07491475 -0.1609234 0.006115825 0.07444584 -0.1618939 0.00547507 0.07491475 -0.1624508 0.005021667 0.07491475 -0.162189 0.00518354 0.07444584 -0.1613557 0.009343654 0.07491475 -0.1762005 0.009570811 0.07491475 -0.1757288 0.009774175 0.07491475 -0.1752464 0.009953238 0.07491475 -0.1747544 0.01010755 0.07491475 -0.1742541 0.01023674 0.07491475 -0.1737468 0.01034048 0.07491475 -0.1732336 0.01041851 0.07491475 -0.1727159 0.01047064 0.07491475 -0.172195 0.01047064 0.07491475 -0.1706256 0.01041851 0.07491475 -0.1701047 0.01034048 0.07491475 -0.169587 0.01023674 0.07491475 -0.1690738 0.01010755 0.07491475 -0.1685665 0.009953238 0.07491475 -0.1680662 0.009774175 0.07491475 -0.1675742 0.009570811 0.07491475 -0.1670918 0.009343654 0.07491475 -0.1666201 0.01129937 0.07444584 -0.1719486 0.01049674 0.07491475 -0.1716721 0.01049674 0.07491475 -0.1711485 0.01129937 0.07444584 -0.1708721 0.0005233818 0.07491475 -0.1818973 0.001045462 0.07491475 -0.1818581 0.001564944 0.07491475 -0.181793 0.002080534 0.07491475 -0.1817021 0.002590953 0.07491475 -0.1815856 0.003094929 0.07491475 -0.1814438 0.003591212 0.07491475 -0.1812771 0.004078566 0.07491475 -0.1810858 0.004555779 0.07491475 -0.1808705 0.005914861 0.07491475 -0.1800858 0.006339946 0.07491475 -0.1797802 0.00674927 0.07491475 -0.1794538 0.007141814 0.07491475 -0.1791074 0.007516602 0.07491475 -0.1787418 0.007872703 0.07491475 -0.178358 0.00820923 0.07491475 -0.177957 0.008525349 0.07491475 -0.1775396 0.008820272 0.07491475 -0.177107 0.00518354 0.07444584 -0.181465 0.005021667 0.07491475 -0.1806316 0.006115825 0.07444584 -0.1809267 0.00547507 0.07491475 -0.1803699 0.0006503357 0.0737785 -0.1805532 0.002012844 0.0737785 -0.1803824 0.001561702 0.0737785 -0.180462 0.001107156 0.0737785 -0.180519 0.00245946 0.0737785 -0.1802805 0.003761121 0.0737785 -0.1798432 0.003334687 0.0737785 -0.1800105 0.00290044 0.0737785 -0.1801564 0.004178683 0.0737785 -0.1796548 0.004983063 0.0737785 -0.1792167 0.004586335 0.0737785 -0.1794458 0.006097988 0.0737785 -0.1784151 0.00573983 0.0737785 -0.1787008 0.00536788 0.0737785 -0.1789682 0.006441463 0.0737785 -0.178112 0.007375453 0.0737785 -0.1771054 0.007080991 0.0737785 -0.1774563 0.006769403 0.0737785 -0.1777921 0.007652057 0.0737785 -0.1767402 0.008566836 0.0737785 -0.1751558 0.008368073 0.0737785 -0.1755685 0.008148985 0.0737785 -0.1759709 0.008901459 0.0737785 -0.1743032 0.00874478 0.0737785 -0.1747337 0.007910115 0.0737785 -0.1763617 0.009149527 0.0737785 -0.1734215 0.009036487 0.0737785 -0.1738654 0.009308575 0.0737785 -0.1725195 0.009240298 0.0737785 -0.1729725 0.009354186 0.0737785 -0.1720637 0.0006503357 0.0737785 -0.162201 0.001561702 0.0737785 -0.1622922 0.001107156 0.0737785 -0.1622353 0.009240298 0.0737785 -0.1697817 0.009308575 0.0737785 -0.1702347 0.009354186 0.0737785 -0.1706905 0.009377021 0.0737785 -0.1711481 0.002012844 0.0737785 -0.1623718 0.009149527 0.0737785 -0.1693327 0.009377021 0.0737785 -0.1716062 0.008901459 0.0737785 -0.168451 0.009036487 0.0737785 -0.1688887 0.003761121 0.0737785 -0.162911 0.00245946 0.0737785 -0.1624737 0.00290044 0.0737785 -0.1625978 0.003334687 0.0737785 -0.1627437 0.008566836 0.0737785 -0.1675984 0.00874478 0.0737785 -0.1680205 0.004586335 0.0737785 -0.1633084 0.004178683 0.0737785 -0.1630994 0.004983063 0.0737785 -0.1635375 0.007910115 0.0737785 -0.1663925 0.008148985 0.0737785 -0.1667834 0.008368073 0.0737785 -0.1671857 0.00536788 0.0737785 -0.163786 0.007652057 0.0737785 -0.166014 0.006441463 0.0737785 -0.1646422 0.00573983 0.0737785 -0.1640535 0.006097988 0.0737785 -0.1643391 0.006769403 0.0737785 -0.1649621 0.007080991 0.0737785 -0.1652979 0.007375453 0.0737785 -0.1656488 0.0006503357 0.07491475 -0.162201 0.001107156 0.07491475 -0.1622353 0.001561702 0.07491475 -0.1622922 0.002012844 0.07491475 -0.1623718 0.00245946 0.07491475 -0.1624737 0.00290044 0.07491475 -0.1625978 0.003334687 0.07491475 -0.1627437 0.003761121 0.07491475 -0.162911 0.004178683 0.07491475 -0.1630994 0.004586335 0.07491475 -0.1633084 0.004983063 0.07491475 -0.1635375 0.00536788 0.07491475 -0.163786 0.00573983 0.07491475 -0.1640535 0.006097988 0.07491475 -0.1643391 0.006441463 0.07491475 -0.1646422 0.006769403 0.07491475 -0.1649621 0.007080991 0.07491475 -0.1652979 0.007375453 0.07491475 -0.1656488 0.007652057 0.07491475 -0.166014 0.007910115 0.07491475 -0.1663925 0.008148985 0.07491475 -0.1667834 0.008368073 0.07491475 -0.1671857 0.008566836 0.07491475 -0.1675984 0.00874478 0.07491475 -0.1680205 0.008901459 0.07491475 -0.168451 0.009036487 0.07491475 -0.1688887 0.009149527 0.07491475 -0.1693327 0.009240298 0.07491475 -0.1697817 0.009308575 0.07491475 -0.1702347 0.009354186 0.07491475 -0.1706905 0.009377021 0.07491475 -0.1711481 0.009377021 0.07491475 -0.1716062 0.009354186 0.07491475 -0.1720637 0.009308575 0.07491475 -0.1725195 0.009240298 0.07491475 -0.1729725 0.009149527 0.07491475 -0.1734215 0.009036487 0.07491475 -0.1738654 0.008901459 0.07491475 -0.1743032 0.00874478 0.07491475 -0.1747337 0.008566836 0.07491475 -0.1751558 0.008368073 0.07491475 -0.1755685 0.008148985 0.07491475 -0.1759709 0.007910115 0.07491475 -0.1763617 0.007652057 0.07491475 -0.1767402 0.007375453 0.07491475 -0.1771054 0.007080991 0.07491475 -0.1774563 0.006769403 0.07491475 -0.1777921 0.006441463 0.07491475 -0.178112 0.006097988 0.07491475 -0.1784151 0.00573983 0.07491475 -0.1787008 0.00536788 0.07491475 -0.1789682 0.004983063 0.07491475 -0.1792167 0.004586335 0.07491475 -0.1794458 0.004178683 0.07491475 -0.1796548 0.003761121 0.07491475 -0.1798432 0.003334687 0.07491475 -0.1800105 0.00290044 0.07491475 -0.1801564 0.00245946 0.07491475 -0.1802805 0.002012844 0.07491475 -0.1803824 0.001561702 0.07491475 -0.180462 0.001107156 0.07491475 -0.180519 0.0006503357 0.07491475 -0.1805532 -0.007141814 0.06642475 -0.1637133 -0.007516602 0.06642475 -0.1640788 -0.007872703 0.06642475 -0.1644626 -0.00674927 0.06642475 -0.1633669 -0.00820923 0.06642475 -0.1648637 -0.006339946 0.06642475 -0.1630404 -0.005914861 0.06642475 -0.1627348 -0.00547507 0.06642475 -0.1624508 -0.005021667 0.06642475 -0.162189 -0.004555779 0.06642475 -0.1619501 -0.004078566 0.06642475 -0.1617348 -0.003591212 0.06642475 -0.1615435 -0.003094929 0.06642475 -0.1613768 -0.002590953 0.06642475 -0.161235 -0.002080534 0.06642475 -0.1611185 -0.001564944 0.06642475 -0.1610276 -0.0005233818 0.06642475 -0.1609234 -0.001045462 0.06642475 -0.1609625 -0.008820272 0.06642475 -0.1657136 -0.008525349 0.06642475 -0.165281 -0.01034048 0.06642475 -0.169587 -0.01023674 0.06642475 -0.1690738 -0.01010755 0.06642475 -0.1685665 -0.009953238 0.06642475 -0.1680662 -0.009774175 0.06642475 -0.1675742 -0.01041851 0.06642475 -0.1701047 -0.01047064 0.06642475 -0.1706256 -0.01049674 0.06642475 -0.1711485 -0.01049674 0.06642475 -0.1716721 -0.01047064 0.06642475 -0.172195 -0.01041851 0.06642475 -0.1727159 -0.01034048 0.06642475 -0.1732336 -0.01023674 0.06642475 -0.1737468 -0.01010755 0.06642475 -0.1742541 -0.009953238 0.06642475 -0.1747544 -0.009774175 0.06642475 -0.1752464 -0.009343654 0.06642475 -0.1666201 -0.009570811 0.06642475 -0.1670918 -0.009343654 0.06642475 -0.1762005 -0.009570811 0.06642475 -0.1757288 -0.005021667 0.06642475 -0.1806316 -0.00547507 0.06642475 -0.1803699 -0.005914861 0.06642475 -0.1800858 -0.006339946 0.06642475 -0.1797802 -0.00674927 0.06642475 -0.1794538 -0.007141814 0.06642475 -0.1791074 -0.007516602 0.06642475 -0.1787418 -0.007872703 0.06642475 -0.178358 -0.00820923 0.06642475 -0.177957 -0.004555779 0.06642475 -0.1808705 -0.004078566 0.06642475 -0.1810858 -0.003591212 0.06642475 -0.1812771 -0.003094929 0.06642475 -0.1814438 -0.002590953 0.06642475 -0.1815856 -0.002080534 0.06642475 -0.1817021 -0.001564944 0.06642475 -0.181793 -0.008820272 0.06642475 -0.177107 -0.008525349 0.06642475 -0.1775396 -0.0005233818 0.06642475 -0.1818973 -0.001045462 0.06642475 -0.1818581 -0.0005233818 0.06582475 -0.1818973 -0.001045462 0.06582475 -0.1818581 -0.001564944 0.06582475 -0.181793 -0.002080534 0.06582475 -0.1817021 -0.002590953 0.06582475 -0.1815856 -0.003094929 0.06582475 -0.1814438 -0.003591212 0.06582475 -0.1812771 -0.004078566 0.06582475 -0.1810858 -0.004555779 0.06582475 -0.1808705 -0.005021667 0.06582475 -0.1806316 -0.00547507 0.06582475 -0.1803699 -0.005914861 0.06582475 -0.1800858 -0.006339946 0.06582475 -0.1797802 -0.00674927 0.06582475 -0.1794538 -0.007141814 0.06582475 -0.1791074 -0.007516602 0.06582475 -0.1787418 -0.007872703 0.06582475 -0.178358 -0.00820923 0.06582475 -0.177957 -0.008525349 0.06582475 -0.1775396 -0.008820272 0.06582475 -0.177107 -0.009093266 0.06582475 -0.1766603 -0.009343654 0.06582475 -0.1762005 -0.009570811 0.06582475 -0.1757288 -0.009774175 0.06582475 -0.1752464 -0.009953238 0.06582475 -0.1747544 -0.01010755 0.06582475 -0.1742541 -0.01023674 0.06582475 -0.1737468 -0.01034048 0.06582475 -0.1732336 -0.01041851 0.06582475 -0.1727159 -0.01047064 0.06582475 -0.172195 -0.01049674 0.06582475 -0.1716721 -0.01049674 0.06582475 -0.1711485 -0.01047064 0.06582475 -0.1706256 -0.01041851 0.06582475 -0.1701047 -0.01034048 0.06582475 -0.169587 -0.01023674 0.06582475 -0.1690738 -0.01010755 0.06582475 -0.1685665 -0.009953238 0.06582475 -0.1680662 -0.009774175 0.06582475 -0.1675742 -0.009570811 0.06582475 -0.1670918 -0.009343654 0.06582475 -0.1666201 -0.009093266 0.06582475 -0.1661603 -0.008820272 0.06582475 -0.1657136 -0.008525349 0.06582475 -0.165281 -0.00820923 0.06582475 -0.1648637 -0.007872703 0.06582475 -0.1644626 -0.007516602 0.06582475 -0.1640788 -0.007141814 0.06582475 -0.1637133 -0.00674927 0.06582475 -0.1633669 -0.006339946 0.06582475 -0.1630404 -0.005914861 0.06582475 -0.1627348 -0.00547507 0.06582475 -0.1624508 -0.005021667 0.06582475 -0.162189 -0.004555779 0.06582475 -0.1619501 -0.004078566 0.06582475 -0.1617348 -0.003591212 0.06582475 -0.1615435 -0.003094929 0.06582475 -0.1613768 -0.002590953 0.06582475 -0.161235 -0.002080534 0.06582475 -0.1611185 -0.001564944 0.06582475 -0.1610276 -0.001045462 0.06582475 -0.1609625 -0.0005233818 0.06582475 -0.1609234 -0.004611633 0.04982475 -0.175088 -0.004954893 0.04982475 -0.1746105 -0.004789217 0.04982475 -0.1748535 -0.003322743 0.04982475 -0.1762839 -0.003075686 0.04982475 -0.1764435 -0.00356154 0.04982475 -0.1761122 -0.003791483 0.04982475 -0.1759288 -0.004011999 0.04982475 -0.1757342 -0.00422254 0.04982475 -0.1755289 -0.005108251 0.04982475 -0.1743596 -0.004422585 0.04982475 -0.1753133 -0.002820981 0.04982475 -0.1765905 -0.002559263 0.04982475 -0.1767247 -0.00559135 0.04982475 -0.1732889 -0.005248909 0.04982475 -0.1741013 -0.005376517 0.04982475 -0.1738363 -0.005490759 0.04982475 -0.1735653 -0.005808888 0.04982475 -0.1724346 -0.005678039 0.04982475 -0.1730079 -0.005750612 0.04982475 -0.1727229 -0.001168765 0.04982475 -0.1771919 -0.0008791258 0.04982475 -0.1772429 -0.001455498 0.04982475 -0.1771264 -0.001738613 0.04982475 -0.1770468 -0.005852723 0.04982475 -0.1721438 -0.000587301 0.04982475 -0.1772795 -0.002017406 0.04982475 -0.1769531 -0.005882007 0.04982475 -0.1718511 -0.005896667 0.04982475 -0.1712633 -0.005896667 0.04982475 -0.1715574 -0.0002940159 0.04982475 -0.1773015 -0.005882007 0.04982475 -0.1709695 -0.005678039 0.04982475 -0.1698128 -0.005852723 0.04982475 -0.1706769 -0.005808888 0.04982475 -0.170386 -0.005750612 0.04982475 -0.1700978 -0.005248909 0.04982475 -0.1687194 -0.00559135 0.04982475 -0.1695317 -0.005490759 0.04982475 -0.1692553 -0.005376517 0.04982475 -0.1689843 -0.005108251 0.04982475 -0.1684611 -0.002291183 0.04982475 -0.1768456 -0.004422585 0.04982475 -0.1675074 -0.004954893 0.04982475 -0.1682101 -0.004789217 0.04982475 -0.1679671 -0.004611633 0.04982475 -0.1677327 -0.004011999 0.04982475 -0.1670864 -0.00422254 0.04982475 -0.1672918 -0.00356154 0.04982475 -0.1667084 -0.002820981 0.04982475 -0.1662301 -0.003322743 0.04982475 -0.1665367 -0.003075686 0.04982475 -0.1663772 -0.003791483 0.04982475 -0.1668918 -0.001738613 0.04982475 -0.1657739 -0.002559263 0.04982475 -0.1660959 -0.002291183 0.04982475 -0.165975 -0.002017406 0.04982475 -0.1658675 -0.001168765 0.04982475 -0.1656288 -0.001455498 0.04982475 -0.1656942 -0.000587301 0.04982475 -0.1655411 -0.0008791258 0.04982475 -0.1655777 -0.0002940159 0.04982475 -0.1655191 -0.0006141427 0.05019192 -0.1776458 -0.0006501313 0.05055909 -0.1780112 -0.0003489212 0.05092625 -0.1784016 -0.0006969749 0.05092625 -0.1783755 -0.001043296 0.05092625 -0.1783321 -0.001222371 0.05019192 -0.1775556 -0.001294002 0.05055909 -0.1779157 -0.001387023 0.05092625 -0.1782715 -0.001727302 0.05092625 -0.1781938 -0.001818827 0.05019192 -0.1774062 -0.00192541 0.05055909 -0.1777575 -0.002063286 0.05092625 -0.1780993 -0.002394141 0.05092625 -0.1779882 -0.002397767 0.05019192 -0.177199 -0.002538275 0.05055909 -0.1775383 -0.002719043 0.05092625 -0.1778606 -0.003037186 0.05092625 -0.1777171 -0.002953615 0.05019192 -0.1769361 -0.003126696 0.05055909 -0.1772599 -0.003347778 0.05092625 -0.1775579 -0.003650046 0.05092625 -0.1773833 -0.003481018 0.05019192 -0.17662 -0.003685005 0.05055909 -0.1769253 -0.00394324 0.05092625 -0.177194 -0.004226631 0.05092625 -0.1769902 -0.003974897 0.05019192 -0.1762537 -0.004207825 0.05055909 -0.1765376 -0.004499513 0.05092625 -0.1767726 -0.004761209 0.05092625 -0.1765417 -0.004430495 0.05019192 -0.1758408 -0.004690122 0.05055909 -0.1761004 -0.005011068 0.05092625 -0.176298 -0.005248468 0.05092625 -0.1760421 -0.004843426 0.05019192 -0.1753852 -0.00512725 0.05055909 -0.1756181 -0.00547282 0.05092625 -0.1757747 -0.005683566 0.05092625 -0.1754965 -0.005209712 0.05019192 -0.1748913 -0.005514999 0.05055909 -0.1750953 -0.005880181 0.05092625 -0.1752081 -0.006062178 0.05092625 -0.1749103 -0.005525825 0.05019192 -0.1743639 -0.005849637 0.05055909 -0.174537 -0.006229103 0.05092625 -0.1746038 -0.006380541 0.05092625 -0.1742893 -0.005788721 0.05019192 -0.1738081 -0.006127939 0.05055909 -0.1739486 -0.006516116 0.05092625 -0.1739677 -0.006635491 0.05092625 -0.1736397 -0.005995869 0.05019192 -0.1732291 -0.006347226 0.05055909 -0.1733357 -0.00673837 0.05092625 -0.1733062 -0.006824495 0.05092625 -0.172968 -0.006145274 0.05019192 -0.1726327 -0.006505385 0.05055909 -0.1727043 -0.006893654 0.05092625 -0.1726259 -0.006945674 0.05092625 -0.1722807 -0.006235496 0.05019192 -0.1720245 -0.006600894 0.05055909 -0.1720604 -0.006980427 0.05092625 -0.1719334 -0.006997824 0.05092625 -0.1715848 -0.006265666 0.05019192 -0.1714103 -0.006632833 0.05055909 -0.1714103 -0.006997824 0.05092625 -0.1712358 -0.006235496 0.05019192 -0.1707962 -0.006600894 0.05055909 -0.1707602 -0.006980427 0.05092625 -0.1708872 -0.006945674 0.05092625 -0.1705399 -0.006145274 0.05019192 -0.1701879 -0.006505385 0.05055909 -0.1701163 -0.006824495 0.05092625 -0.1698527 -0.006893654 0.05092625 -0.1701948 -0.005995869 0.05019192 -0.1695915 -0.006347226 0.05055909 -0.1694849 -0.00673837 0.05092625 -0.1695144 -0.006635491 0.05092625 -0.1691809 -0.005788721 0.05019192 -0.1690125 -0.006127939 0.05055909 -0.168872 -0.006516116 0.05092625 -0.1688529 -0.006380541 0.05092625 -0.1685313 -0.005525825 0.05019192 -0.1684567 -0.005849637 0.05055909 -0.1682836 -0.006229103 0.05092625 -0.1682168 -0.006062178 0.05092625 -0.1679103 -0.005209712 0.05019192 -0.1679293 -0.005514999 0.05055909 -0.1677253 -0.005880181 0.05092625 -0.1676125 -0.005683566 0.05092625 -0.1673241 -0.004843426 0.05019192 -0.1674354 -0.00512725 0.05055909 -0.1672025 -0.00547282 0.05092625 -0.1670459 -0.005248468 0.05092625 -0.1667785 -0.004430495 0.05019192 -0.1669798 -0.004690122 0.05055909 -0.1667202 -0.005011068 0.05092625 -0.1665227 -0.004761209 0.05092625 -0.1662789 -0.003974897 0.05019192 -0.1665669 -0.004207825 0.05055909 -0.1662831 -0.004499513 0.05092625 -0.166048 -0.004226631 0.05092625 -0.1658304 -0.003481018 0.05019192 -0.1662006 -0.003685005 0.05055909 -0.1658953 -0.00394324 0.05092625 -0.1656266 -0.003650046 0.05092625 -0.1654373 -0.002953615 0.05019192 -0.1658845 -0.003126696 0.05055909 -0.1655607 -0.003347778 0.05092625 -0.1652628 -0.003037186 0.05092625 -0.1651035 -0.002397767 0.05019192 -0.1656216 -0.002538275 0.05055909 -0.1652824 -0.002719043 0.05092625 -0.16496 -0.002394141 0.05092625 -0.1648325 -0.001818827 0.05019192 -0.1654144 -0.00192541 0.05055909 -0.1650631 -0.002063286 0.05092625 -0.1647213 -0.001727302 0.05092625 -0.1646268 -0.001222371 0.05019192 -0.165265 -0.001294002 0.05055909 -0.1649049 -0.001387023 0.05092625 -0.1645491 -0.001043296 0.05092625 -0.1644885 -0.0006141427 0.05019192 -0.1651748 -0.0006501313 0.05055909 -0.1648094 -0.0006969749 0.05092625 -0.1644451 -0.0003489212 0.05092625 -0.164419 -0.0003489212 0.06582475 -0.1784016 -0.0006969749 0.06582475 -0.1783755 -0.001043296 0.06582475 -0.1783321 -0.001387023 0.06582475 -0.1782715 -0.001727302 0.06582475 -0.1781938 -0.002063286 0.06582475 -0.1780993 -0.002394141 0.06582475 -0.1779882 -0.002719043 0.06582475 -0.1778606 -0.003037186 0.06582475 -0.1777171 -0.003347778 0.06582475 -0.1775579 -0.003650046 0.06582475 -0.1773833 -0.00394324 0.06582475 -0.177194 -0.004226631 0.06582475 -0.1769902 -0.004499513 0.06582475 -0.1767726 -0.004761209 0.06582475 -0.1765417 -0.005011068 0.06582475 -0.176298 -0.005248468 0.06582475 -0.1760421 -0.00547282 0.06582475 -0.1757747 -0.005683566 0.06582475 -0.1754965 -0.005880181 0.06582475 -0.1752081 -0.006062178 0.06582475 -0.1749103 -0.006229103 0.06582475 -0.1746038 -0.006380541 0.06582475 -0.1742893 -0.006516116 0.06582475 -0.1739677 -0.006635491 0.06582475 -0.1736397 -0.00673837 0.06582475 -0.1733062 -0.006824495 0.06582475 -0.172968 -0.006893654 0.06582475 -0.1726259 -0.006945674 0.06582475 -0.1722807 -0.006980427 0.06582475 -0.1719334 -0.006997824 0.06582475 -0.1715848 -0.006997824 0.06582475 -0.1712358 -0.006980427 0.06582475 -0.1708872 -0.006945674 0.06582475 -0.1705399 -0.006893654 0.06582475 -0.1701948 -0.006824495 0.06582475 -0.1698527 -0.00673837 0.06582475 -0.1695144 -0.006635491 0.06582475 -0.1691809 -0.006516116 0.06582475 -0.1688529 -0.006380541 0.06582475 -0.1685313 -0.006229103 0.06582475 -0.1682168 -0.006062178 0.06582475 -0.1679103 -0.005880181 0.06582475 -0.1676125 -0.005683566 0.06582475 -0.1673241 -0.00547282 0.06582475 -0.1670459 -0.005248468 0.06582475 -0.1667785 -0.005011068 0.06582475 -0.1665227 -0.004761209 0.06582475 -0.1662789 -0.004499513 0.06582475 -0.166048 -0.004226631 0.06582475 -0.1658304 -0.00394324 0.06582475 -0.1656266 -0.003650046 0.06582475 -0.1654373 -0.003347778 0.06582475 -0.1652628 -0.003037186 0.06582475 -0.1651035 -0.002719043 0.06582475 -0.16496 -0.002394141 0.06582475 -0.1648325 -0.002063286 0.06582475 -0.1647213 -0.001727302 0.06582475 -0.1646268 -0.001387023 0.06582475 -0.1645491 -0.001043296 0.06582475 -0.1644885 -0.0006969749 0.06582475 -0.1644451 -0.0003489212 0.06582475 -0.164419</float_array>
          <technique_common>
            <accessor count="1239" source="#cubeverts-array0-array" stride="3">
              <param type="float" name="X"/>
              <param type="float" name="Y"/>
              <param type="float" name="Z"/>
            </accessor>
          </technique_common>
        </source>
        <source id="cubenormals-array0">
          <float_array count="7422" id="cubenormals-array0-array">0.02491912 5.533155e-18 0.9996895 0.07475718 0 0.9972017 0.02491912 0 0.9996895 0.1243334 0 0.9922405 0.07475718 0 0.9972017 0.1736469 0 0.9848079 0.1243334 0 0.9922405 0.2225231 0 0.9749274 0.1736469 0 0.9848079 0.2708321 0 0.9626266 0.2225231 0 0.9749274 0.3184841 0 0.9479281 0.2708321 0 0.9626266 0.3653481 0 0.930871 0.3184841 0 0.9479281 0.4112948 0 0.9115024 0.3653481 0 0.930871 0.4561979 0 0.8898783 0.4112948 0 0.9115024 0.4999999 0 0.8660254 0.4561979 0 0.8898783 0.5425706 0 0.8400102 0.4999999 0 0.8660254 0.5837278 0 0.8119494 0.5425706 0 0.8400102 0.6234974 0 0.7818254 0.5837278 0 0.8119494 0.6616758 0 0.74979 0.6234974 0 0.7818254 0.6982484 0 0.7158555 0.6616758 0 0.74979 0.7330551 0 0.6801692 0.6982484 0 0.7158555 0.7660354 0 0.6427985 0.7330551 0 0.6801692 0.7660354 0 0.6427985 0.7971384 0 0.6037966 0.7971384 0 0.6037966 0.8262335 0 0.5633277 0.8262335 0 0.5633277 0.8532888 0 0.5214388 0.8532888 0 0.5214388 0.8782269 0 0.4782441 0.8782269 0 0.4782441 0.9009626 0 0.4338967 0.9214771 0 0.3884326 0.9009626 0 0.4338967 0.9396949 0 0.3420138 0.9214771 0 0.3884326 0.9555734 0 0.2947532 0.9396949 0 0.3420138 0.9690757 0 0.2467638 0.9555734 0 0.2947532 0.9801733 0 0.1981421 0.9690757 0 0.2467638 0.9888303 0 0.1490454 0.9801733 0 0.1981421 0.9950309 0 0.09956566 0.9888303 0 0.1490454 0.9987569 0 0.04984631 0.9950309 0 0.09956566 0.9987569 0 0.04984631 1 0 0 0.9987571 0 -0.04984413 1 0 -0 0.9950306 0 -0.09957001 0.9987571 0 -0.04984413 0.9888313 0 -0.1490389 0.9950306 0 -0.09957001 0.9801716 0 -0.1981506 0.9888313 0 -0.1490389 0.9690783 0 -0.2467533 0.9801716 0 -0.1981506 0.9555734 0 -0.2947532 0.9690783 0 -0.2467533 0.9396898 0 -0.3420278 0.9555734 0 -0.2947532 0.9214771 0 -0.3884326 0.9396898 0 -0.3420278 0.9009708 0 -0.4338796 0.9214771 0 -0.3884326 0.8782169 0 -0.4782625 0.9009708 0 -0.4338796 0.8532888 0 -0.5214388 0.8782169 0 -0.4782625 0.8532888 0 -0.5214388 0.8262474 0 -0.5633073 0.8262474 0 -0.5633073 0.7971224 0 -0.6038176 0.7971224 0 -0.6038176 0.7660534 0 -0.6427769 0.7660534 0 -0.6427769 0.7330551 0 -0.6801692 0.7330551 0 -0.6801692 0.698226 0 -0.7158774 0.698226 0 -0.7158774 0.6617004 0 -0.7497683 0.6617004 0 -0.7497683 0.6234707 0 -0.7818467 0.6234707 0 -0.7818467 0.5837566 0 -0.8119286 0.5837566 0 -0.8119286 0.5425398 0 -0.8400301 0.5425398 0 -0.8400301 0.4999999 0 -0.8660254 0.4999999 0 -0.8660254 0.4561979 0 -0.8898783 0.4561979 0 -0.8898783 0.4112948 0 -0.9115024 0.4112948 0 -0.9115024 0.3653481 0 -0.930871 0.3653481 0 -0.930871 0.3184841 0 -0.9479281 0.3184841 0 -0.9479281 0.2708321 0 -0.9626266 0.2708321 0 -0.9626266 0.2225231 0 -0.9749274 0.2225231 0 -0.9749274 0.1736469 0 -0.9848079 0.1243765 0 -0.9922351 0.1736469 0 -0.9848079 0.07471371 0 -0.997205 0.1243765 0 -0.9922351 0.02491912 0 -0.9996895 0.07471371 0 -0.997205 0.02491912 5.533155e-18 -0.9996895 0.01800879 -0.692259 0.7214244 0.05281915 -0.7072219 0.7050159 0.08797996 -0.7067525 0.701969 0.03472136 -0.7066816 0.7066792 0.03472329 -0.7066824 0.7066784 0.01724977 -0.7216776 0.6920143 0.05288748 -0.7067567 0.7054771 0.08789883 -0.7072526 0.7014752 0.1227305 -0.7074359 0.6960401 0.1574814 -0.7064977 0.6899715 0.1048269 -0.6997433 0.7066617 0.1038188 -0.7066894 0.6998655 0.1228869 -0.7065306 0.6969314 0.1572548 -0.7075235 0.6889712 0.1038117 -0.7066824 0.6998737 0.1026294 -0.7146593 0.6919027 0.1913584 -0.7076339 0.6801737 0.225494 -0.7062256 0.6711169 0.1735704 -0.699773 0.6929581 0.1719121 -0.7066891 0.6863211 0.1699644 -0.7146243 0.6785456 0.1917199 -0.7063206 0.6814359 0.2249781 -0.7078098 0.6696193 0.171909 -0.7066858 0.6863254 0.258081 -0.7078178 0.6575623 0.29129 -0.7059419 0.6455976 0.2406542 -0.6998146 0.6725661 0.2356825 -0.7145858 0.6586508 0.2383711 -0.7066854 0.6661644 0.2383665 -0.7066793 0.6661725 0.2586942 -0.7061363 0.6591274 0.2904117 -0.7081208 0.6436039 0.3221826 -0.7079798 0.6284608 0.3543088 -0.7056308 0.613637 0.3053881 -0.6998678 0.6456959 0.3025071 -0.7066792 0.6396044 0.299115 -0.7145157 0.6324536 0.3231089 -0.7059469 0.6302695 0.3528914 -0.7084283 0.6112258 0.3024954 -0.7066872 0.6396012 0.3830696 -0.708135 0.5931293 0.4137998 -0.7053185 0.5755829 0.3671737 -0.6999438 0.6125863 0.3597193 -0.7144383 0.6001499 0.3637437 -0.706687 0.6068642 0.3637437 -0.7066871 0.6068639 0.3843744 -0.705779 0.5950903 0.4117955 -0.7087517 0.5727962 0.44015 -0.7082828 0.5519089 0.4692807 -0.704995 0.5317497 0.4253897 -0.7000246 0.5735931 0.4214725 -0.7066705 0.5683113 0.4417931 -0.7056382 0.5539799 0.4665487 -0.7091064 0.5286781 0.4214779 -0.7066864 0.5682876 0.4168716 -0.7143444 0.5620767 0.4795021 -0.7001351 0.529045 0.4928151 -0.7084059 0.5052666 0.5201377 -0.7046467 0.4826281 0.47515 -0.7066715 0.5242592 0.4700244 -0.7142319 0.5186037 0.4751518 -0.7066808 0.5242453 0.494857 -0.705498 0.5073354 0.5166167 -0.709461 0.4793456 0.5405945 -0.7085109 0.4536186 0.5659116 -0.7042772 0.4286463 0.528968 -0.7002425 0.4794303 0.5187017 -0.7140973 0.4701207 0.5242487 -0.7066773 0.4751531 0.5429853 -0.7053841 0.4556318 0.5614725 -0.7098429 0.4252901 0.5242488 -0.7066805 0.4751482 0.5829926 -0.708606 0.3974886 0.6060938 -0.7038997 0.3703719 0.5682989 -0.7066775 0.4214775 0.5733121 -0.7003728 0.4251955 0.5623981 -0.7139596 0.4170971 0.5683032 -0.7066746 0.4214765 0.585735 -0.7052872 0.3993553 0.6006842 -0.710236 0.3670739 0.6196094 -0.7086881 0.33741 0.6402973 -0.7035128 0.3083654 0.6121114 -0.700511 0.366884 0.6068735 -0.7066785 0.3637446 0.6068744 -0.7066752 0.3637495 0.6007045 -0.7138047 0.3600513 0.6226717 -0.7051985 0.3390798 0.6338814 -0.7106357 0.3052725 0.6500643 -0.7087494 0.2740268 0.6682154 -0.7030944 0.2432002 0.6449873 -0.7006652 0.3050567 0.6332647 -0.7136313 0.2995098 0.6396056 -0.7066764 0.3025114 0.6533967 -0.7051328 0.2754279 0.6607267 -0.7110624 0.2404798 0.6396048 -0.7066784 0.3025084 0.6740687 -0.7088007 0.2079256 0.689514 -0.7026708 0.1755681 0.6716248 -0.7008369 0.2403075 0.6661772 -0.7066768 0.2383607 0.6661761 -0.7066787 0.238358 0.6597577 -0.7134379 0.2360638 0.6776278 -0.7050756 0.209019 0.680963 -0.7114929 0.1733992 0.6913843 -0.7088387 0.1397696 0.7039952 -0.7022328 0.1061127 0.6917677 -0.7010217 0.1732804 0.6863307 -0.7066787 0.171917 0.6863315 -0.7066775 0.1719187 0.6799219 -0.7132322 0.1703117 0.6951101 -0.7050369 0.1405165 0.6943948 -0.7119418 0.1046654 0.7052312 -0.7012172 0.1046105 0.7018451 -0.7088591 0.07022934 0.7115129 -0.7017753 0.03550912 0.6998774 -0.706678 0.1038163 0.6935679 -0.7130068 0.1028826 0.6998752 -0.70668 0.1038183 0.7056715 -0.7050119 0.07061158 0.7008971 -0.7124041 0.03498062 0.711879 -0.7014309 0.03497279 0.7053417 -0.7088675 0 0.7066817 -0.7066794 0.03471719 0.7066819 -0.7066791 0.03471747 0.7005563 -0.7127667 0.03441627 0.7092032 -0.7050042 0 0.7115117 -0.7017764 -0.0355109 0.7018436 -0.7088606 -0.07022919 0.7118796 -0.7014303 -0.03497195 0.7066819 -0.7066792 -0.03471661 0.7066824 -0.7066786 -0.03471722 0.7005563 -0.7127667 -0.03441627 0.7008961 -0.7124051 -0.03497904 0.7056705 -0.7050127 -0.07061458 0.703993 -0.702235 -0.1061124 0.6913841 -0.7088404 -0.1397622 0.705229 -0.7012194 -0.1046101 0.6998776 -0.7066779 -0.1038162 0.6935688 -0.7130063 -0.1028804 0.6998774 -0.706678 -0.1038163 0.6943946 -0.7119426 -0.1046607 0.6951101 -0.7050357 -0.1405228 0.6917677 -0.7010216 -0.1732804 0.6895066 -0.7026762 -0.1755756 0.6740694 -0.7088033 -0.2079145 0.6809635 -0.7114941 -0.1733916 0.6776278 -0.7050756 -0.209019 0.6799253 -0.7132287 -0.1703125 0.6863303 -0.7066787 -0.1719184 0.6863318 -0.7066775 -0.1719173 0.6682091 -0.7030966 -0.2432113 0.6500643 -0.7087494 -0.2740268 0.6716243 -0.7008353 -0.2403137 0.6661743 -0.7066787 -0.2383636 0.6607293 -0.7110558 -0.2404919 0.653402 -0.705127 -0.2754301 0.6597577 -0.7134379 -0.2360638 0.6661725 -0.7066818 -0.238359 0.6403123 -0.7035037 -0.3083549 0.6196051 -0.7086834 -0.3374276 0.6449873 -0.7006652 -0.3050567 0.6338797 -0.7106438 -0.3052568 0.6226605 -0.7052031 -0.3390906 0.639598 -0.7066826 -0.302513 0.6396037 -0.7066785 -0.3025105 0.6332656 -0.713627 -0.299518 0.6068736 -0.7066784 -0.3637446 0.6121114 -0.700511 -0.366884 0.6060938 -0.7038997 -0.3703719 0.5830063 -0.7086035 -0.397473 0.6006907 -0.7102285 -0.3670778 0.5857494 -0.7052814 -0.399344 0.6068724 -0.7066825 -0.3637384 0.6007109 -0.7138023 -0.3600454 0.5658959 -0.7042801 -0.4286622 0.5405945 -0.7085109 -0.4536186 0.5733193 -0.7003638 -0.4252008 0.5614629 -0.7098408 -0.4253062 0.5429959 -0.7053869 -0.4556148 0.56239 -0.7139625 -0.4171032 0.5682904 -0.7066832 -0.4214794 0.5682989 -0.7066775 -0.4214775 0.528968 -0.7002424 -0.4794303 0.5201377 -0.7046467 -0.4826281 0.4928356 -0.7084035 -0.5052501 0.5242487 -0.7066773 -0.4751531 0.5166094 -0.7094709 -0.4793389 0.4948357 -0.7055058 -0.5073453 0.5242488 -0.7066804 -0.4751482 0.5186945 -0.7141069 -0.4701141 0.4692581 -0.7049979 -0.5317657 0.44015 -0.7082828 -0.5519089 0.4795094 -0.7001239 -0.5290532 0.4665647 -0.7091084 -0.5286613 0.4417758 -0.7056354 -0.553997 0.4700361 -0.7142279 -0.5185986 0.475153 -0.7066808 -0.5242442 0.4751508 -0.7066822 -0.5242442 0.4137928 -0.7053304 -0.5755731 0.3830899 -0.7081453 -0.593104 0.4253983 -0.7000296 -0.5735808 0.4214767 -0.7066826 -0.5682931 0.4214741 -0.7066749 -0.5683047 0.4118078 -0.7087654 -0.5727705 0.3843472 -0.7057888 -0.5950961 0.4168652 -0.7143374 -0.5620903 0.3671737 -0.6999439 -0.6125864 0.3542736 -0.7056462 -0.6136397 0.3221766 -0.7079929 -0.6284492 0.3597193 -0.7144383 -0.6001499 0.3528914 -0.7084283 -0.6112258 0.3231089 -0.7059469 -0.6302695 0.3637501 -0.7066745 -0.6068748 0.3637503 -0.7066743 -0.6068748 0.3053824 -0.6998815 -0.6456836 0.2913214 -0.7059397 -0.6455858 0.258081 -0.7078178 -0.6575623 0.3025093 -0.7066741 -0.639609 0.2991308 -0.7145103 -0.6324522 0.2904172 -0.7081075 -0.6436161 0.2586992 -0.7061225 -0.6591401 0.3025125 -0.7066791 -0.6396021 0.2406406 -0.6998082 -0.6725776 0.2254604 -0.7062274 -0.6711262 0.1913927 -0.707633 -0.680165 0.2383584 -0.7066791 -0.6661755 0.2383487 -0.706686 -0.6661718 0.2356705 -0.7145783 -0.6586632 0.2249781 -0.7078098 -0.6696193 0.1917199 -0.7063206 -0.6814359 0.1735889 -0.6997651 -0.6929614 0.1574814 -0.7064977 -0.6899715 0.1227305 -0.7074359 -0.6960401 0.1699644 -0.7146243 -0.6785456 0.1572548 -0.7075235 -0.6889712 0.1228869 -0.7065306 -0.6969314 0.1719129 -0.7066858 -0.6863244 0.1719283 -0.7066746 -0.6863321 0.1048269 -0.6997432 -0.7066617 0.08794189 -0.706768 -0.7019581 0.05285453 -0.7072365 -0.7049986 0.01797176 -0.6922424 -0.7214411 0.08792745 -0.7072672 -0.7014569 0.05285569 -0.7067705 -0.7054656 0.103822 -0.7066676 -0.699887 0.01724977 -0.7216776 -0.6920143 0.1038128 -0.7066747 -0.6998813 0.03468683 -0.7066668 -0.7066957 0.03472136 -0.7066816 -0.7066792 0.1026294 -0.7146593 -0.6919027 0.02494825 5.539642e-18 0.9996888 0.02494825 0 0.9996888 0.07472821 0 0.9972039 0.07472821 0 0.9972039 0.1243334 0 0.9922405 0.1243334 0 0.9922405 0.1736469 0 0.984808 0.1736469 0 0.984808 0.2225232 0 0.9749274 0.2225232 0 0.9749274 0.2708456 0 0.9626228 0.3184708 0 0.9479326 0.2708456 0 0.9626228 0.3653606 0 0.9308661 0.3184708 0 0.9479326 0.4112707 0 0.9115132 0.3653606 0 0.9308661 0.4562095 0 0.8898724 0.4112707 0 0.9115132 0.500011 0 0.866019 0.4562095 0 0.8898724 0.500011 0 0.866019 0.5837469 0 0.8119357 0.5425397 0 0.8400303 0.5425397 0 0.8400303 0.5837469 0 0.8119357 0.6616841 0 0.7497828 0.6234974 0 0.7818254 0.6234974 0 0.7818254 0.6616841 0 0.7497828 0.6982335 0 0.7158701 0.6982335 0 0.7158701 0.7660354 0 0.6427984 0.7330553 0 0.6801689 0.7330553 0 0.6801689 0.7660354 0 0.6427984 0.7971388 0 0.603796 0.7971388 0 0.603796 0.8262374 0 0.5633221 0.8262374 0 0.5633221 0.8532891 0 0.521438 0.8532891 0 0.521438 0.8782238 0 0.4782499 0.8782238 0 0.4782499 0.9009678 0 0.4338858 0.9214768 0 0.3884333 0.9009678 0 0.4338858 0.9214768 0 0.3884333 0.9396932 0 0.3420185 0.9555714 0 0.2947597 0.9396932 0 0.3420185 0.9690772 0 0.2467577 0.9555714 0 0.2947597 0.9690772 0 0.2467577 0.9801727 0 0.1981453 0.9801727 0 0.1981453 0.9888312 0 0.1490402 0.9888312 0 0.1490402 0.998757 0 0.04984459 0.9950305 0 0.09957045 0.9950305 0 0.09957045 1 0 0 0.998757 0 0.04984459 1 0 -0 0.9987569 0 -0.04984603 0.9987569 0 -0.04984603 0.9950309 0 -0.09956756 0.9950309 0 -0.09956756 0.9888305 0 -0.1490445 0.9888305 0 -0.1490445 0.9690772 0 -0.2467577 0.9801727 0 -0.1981453 0.9801727 0 -0.1981453 0.9555739 0 -0.2947515 0.9690772 0 -0.2467577 0.9555739 0 -0.2947515 0.9396932 0 -0.3420185 0.9396932 0 -0.3420185 0.9009734 0 -0.4338743 0.9214724 0 -0.3884438 0.9214724 0 -0.3884438 0.8782171 0 -0.4782621 0.9009734 0 -0.4338743 0.8782171 0 -0.4782621 0.8532891 0 -0.521438 0.8532891 0 -0.521438 0.8262466 0 -0.5633086 0.8262466 0 -0.5633086 0.7971283 0 -0.60381 0.7971283 0 -0.60381 0.7660474 0 -0.6427841 0.7660474 0 -0.6427841 0.7330553 0 -0.6801689 0.7330553 0 -0.6801689 0.6982335 0 -0.7158701 0.6982335 0 -0.7158701 0.6616841 0 -0.7497828 0.6616841 0 -0.7497828 0.6234796 0 -0.7818397 0.6234796 0 -0.7818397 0.5837469 0 -0.8119357 0.5837469 0 -0.8119357 0.5425602 0 -0.840017 0.5425602 0 -0.840017 0.4562095 0 -0.8898724 0.4999892 0 -0.8660316 0.4999892 0 -0.8660316 0.4562095 0 -0.8898724 0.4112949 0 -0.9115024 0.4112949 0 -0.9115024 0.3653353 0 -0.930876 0.3653353 0 -0.930876 0.318497 0 -0.9479239 0.318497 0 -0.9479239 0.2225232 0 -0.9749274 0.2708186 0 -0.9626304 0.2708186 0 -0.9626304 0.2225232 0 -0.9749274 0.1736469 0 -0.984808 0.1736469 0 -0.984808 0.1243621 0 -0.9922369 0.1243621 0 -0.9922369 0.07472821 0 -0.9972039 0.07472821 0 -0.9972039 0.02491912 -3.599881e-17 -0.9996895 0.02491912 0 -0.9996895 0.02494825 0 0.9996887 0.02494825 0 0.9996887 0.07471164 0 0.9972053 0.07471164 0 0.9972053 0.1243416 0 0.9922395 0.1243416 0 0.9922395 0.1736711 0 0.9848037 0.1736711 0 0.9848037 0.2225034 0 0.9749319 0.2225034 0 0.9749319 0.2708649 0 0.9626173 0.2708649 0 0.9626173 0.3184671 0 0.947934 0.3184671 0 0.947934 0.3653608 -0 0.930866 0.3653608 0 0.930866 0.4112672 0 0.9115149 0.4112672 0 0.9115149 0.4562259 -0 0.889864 0.4562259 0 0.889864 0.4999982 0 0.8660264 0.4999982 0 0.8660264 0.5425369 0 0.840032 0.5425369 0 0.840032 0.5837389 0 0.8119414 0.5837389 0 0.8119414 0.6235001 0 0.7818233 0.6235001 0 0.7818233 0.6616817 0 0.7497849 0.6616817 0 0.7497849 0.6982439 0 0.7158599 0.6982439 0 0.7158599 0.7330402 0 0.6801854 0.7330402 0 0.6801854 0.7660539 0 0.6427763 0.7660539 0 0.6427763 0.797125 0 0.6038144 0.797125 0 0.6038144 0.8262447 -0 0.5633113 0.8262447 0 0.5633113 0.8532854 0 0.5214441 0.8532854 0 0.5214441 0.8782207 -0 0.4782556 0.8782207 0 0.4782556 0.9009691 0 0.4338832 0.9009691 0 0.4338832 0.9214773 0 0.3884323 0.9214773 0 0.3884323 0.9396948 0 0.3420142 0.9396948 0 0.3420142 0.9555718 0 0.2947586 0.9555718 0 0.2947586 0.9690778 -0 0.2467557 0.9690778 0 0.2467557 0.9801725 0 0.1981467 0.9801725 0 0.1981467 0.988831 0 0.1490412 0.988831 0 0.1490412 0.9950311 0 0.09956597 0.9950311 0 0.09956597 0.9987568 0 0.0498479 0.9987568 0 0.0498479 1 0 -0 1 0 0 0.9987569 0 -0.04984625 0.9987569 0 -0.04984625 0.9950311 0 -0.09956597 0.9950311 0 -0.09956597 0.988831 0 -0.1490412 0.988831 0 -0.1490412 0.9801725 0 -0.1981467 0.9801725 0 -0.1981467 0.9690778 0 -0.2467557 0.9690778 0 -0.2467557 0.9555718 0 -0.2947586 0.9555718 0 -0.2947586 0.9396948 0 -0.3420142 0.9214722 0 -0.3884442 0.9396948 0 -0.3420142 0.9009691 0 -0.4338832 0.9214722 0 -0.3884442 0.9009691 0 -0.4338832 0.8782207 0 -0.4782556 0.8782207 0 -0.4782556 0.8532944 0 -0.5214294 0.8532944 0 -0.5214294 0.8262341 0 -0.5633268 0.8262341 0 -0.5633268 0.7971371 0 -0.6037984 0.7971371 0 -0.6037984 0.7660401 0 -0.6427927 0.7660401 0 -0.6427927 0.7330555 0 -0.6801687 0.7330555 0 -0.6801687 0.6982439 0 -0.7158599 0.6982439 0 -0.7158599 0.6616817 0 -0.7497849 0.6616817 0 -0.7497849 0.6234797 0 -0.7818395 0.6234797 0 -0.7818395 0.5837608 0 -0.8119256 0.5837608 0 -0.8119256 0.5425369 0 -0.840032 0.5425369 0 -0.840032 0.4999982 0 -0.8660264 0.4999982 0 -0.8660264 0.4562259 0 -0.889864 0.4562259 0 -0.889864 0.4112672 0 -0.9115149 0.3653608 0 -0.930866 0.4112672 0 -0.9115149 0.3653608 0 -0.930866 0.3184671 0 -0.947934 0.3184671 0 -0.947934 0.2708341 0 -0.962626 0.2225351 0 -0.9749247 0.2708341 0 -0.962626 0.1736388 0 -0.9848093 0.2225351 0 -0.9749247 0.1736388 0 -0.9848093 0.1243416 0 -0.9922395 0.07474476 0 -0.9972028 0.1243416 0 -0.9922395 0.07474476 0 -0.9972028 0.02491496 0 -0.9996896 0.02491496 0 -0.9996896 0.8660252 0 -0.5000003 0.8660273 5.261339e-07 -0.4999968 0.8660245 5.921239e-07 -0.5000017 0.8660246 4.832001e-07 -0.5000014 0.8660285 -1.52574e-06 -0.4999946 0.8660219 5.189858e-07 -0.500006 0.8660253 0 -0.5000002 0.8660259 0 -0.4999993 0.866029 6.400244e-07 -0.4999936 0.8660241 -9.592636e-07 -0.5000023 0.8660217 -2.071471e-06 -0.5000064 0.8660292 2.59786e-06 -0.4999934 0.8660239 -1.562689e-06 -0.5000026 0.8660254 -4.005724e-07 -0.5 0.8660237 8.877801e-07 -0.5000031 0.8660284 -8.668463e-07 -0.4999947 0.8660237 0 -0.5000029 0.8660255 -1.164857e-07 -0.5 0.8660249 0 0.5000011 0.8660274 -6.321459e-07 0.4999968 0.8660245 -6.863254e-07 0.5000017 0.866025 -2.567002e-07 0.5000007 0.866028 1.272854e-06 0.4999955 0.8660226 -4.183664e-07 0.5000049 0.8660253 0 0.5000002 0.8660253 0 0.5000001 0.866029 -7.353472e-07 0.4999936 0.8660241 8.638982e-07 0.5000023 0.8660221 1.813938e-06 0.5000058 0.8660289 -2.441764e-06 0.499994 0.8660242 1.219119e-06 0.5000021 0.8660254 2.931018e-07 0.5 0.8660237 -9.456787e-07 0.5000032 0.8660284 8.123276e-07 0.4999947 0.866024 0 0.5000023 0.8660255 7.765711e-08 0.5 -0 0 1 -0 0 1 -0 0 1 -0 0 1 -0 0 1 -0 0 1 -0 0 1 0 0 1 0 0 1 0 0 1 0 0 1 0 0 1 0 0 1 0 0 1 0 0 1 0 0 1 0 0 1 0 0 1 -0.8660252 0 0.5000003 -0.8660233 -4.750975e-07 0.5000036 -0.866028 -2.045494e-06 0.4999955 -0.8660246 4.832001e-07 0.5000014 -0.866024 7.923857e-07 0.5000024 -0.8660277 -3.81288e-07 0.499996 -0.8660253 0 0.5000002 -0.8660259 0 0.4999993 -0.8660216 -8.170734e-07 0.5000064 -0.866024 -6.731675e-08 0.5000023 -0.8660277 1.634749e-06 0.4999961 -0.8660232 -1.092684e-06 0.5000036 -0.8660296 3.84569e-06 0.4999927 -0.8660254 5.471234e-07 0.5 -0.8660237 8.877801e-07 0.5000031 -0.8660229 1.139461e-06 0.5000043 -0.8660291 0 0.4999937 -0.8660255 -1.164857e-07 0.5 -0.8660249 -0 -0.5000011 -0.8660234 3.651576e-07 -0.5000036 -0.866028 1.951293e-06 -0.4999955 -0.866025 -2.567002e-07 -0.5000007 -0.8660235 -1.045274e-06 -0.5000033 -0.8660283 4.766104e-07 -0.4999949 -0.8660253 0 -0.5000002 -0.8660253 -0 -0.5000001 -0.8660216 7.183437e-07 -0.5000064 -0.866024 -2.804865e-08 -0.5000023 -0.866028 -1.892279e-06 -0.4999955 -0.8660229 1.237632e-06 -0.5000042 -0.8660299 -4.178172e-06 -0.4999922 -0.8660254 -6.54594e-07 -0.5 -0.8660237 -9.456787e-07 -0.5000032 -0.8660229 -1.193981e-06 -0.5000043 -0.8660294 0 -0.4999931 -0.8660255 7.765711e-08 -0.5 -0 -0 -1 -0 -0 -1 -0 0 -1 -0 0 -1 -0 0 -1 -0 0 -1 -0 0 -1 0 -0 -1 0 -0 -1 0 -0 -1 0 -0 -1 0 -0 -1 0 0 -1 0 0 -1 0 0 -1 0 0 -1 0 0 -1 -0.5069984 0.8043399 -0.3098226 -0.3809261 0.8873836 -0.2597032 -0.439903 0.8438696 -0.3071959 -0.3885934 0.8731276 -0.2943524 -0.3844475 0.8649496 -0.3225867 -0.4063966 0.8530415 -0.327356 -0.3661518 0.8663213 -0.3397357 -0.3474643 0.8673875 -0.3562409 -0.369657 0.860204 -0.3512874 -0.3340706 0.8631899 -0.3785498 -0.3107671 0.8669242 -0.3897001 -0.3340443 0.8635387 -0.3777768 -0.2957342 0.8621731 -0.4113377 -0.207906 0.8628318 -0.4607564 -0.1821364 0.8668634 -0.4640843 -0.1589978 0.8664794 -0.4732157 -0.1660548 0.8639881 -0.4753424 -0.135757 0.8652829 -0.4825512 -0.1318786 0.8625316 -0.4885153 -0.1104494 0.8681224 -0.4839054 -0.08628681 0.8678024 -0.4893604 -0.09542611 0.858098 -0.504541 -0.06308451 0.8617904 -0.5033268 -0.05691313 0.8385041 -0.5419149 -0.03503708 0.8832723 -0.4675493 -0.0168843 0.7354639 -0.6773536 -0.2718637 0.8628263 -0.42617 -0.2846586 0.8728786 -0.3962985 -0.2704706 0.866885 -0.4187553 -0.2522161 0.863445 -0.4368636 -0.242244 0.8705844 -0.4282529 -0.2959882 0.8625966 -0.4102657 -0.2274237 0.8668855 -0.4436078 -0.1997711 0.8753328 -0.4403225 -0.2219873 0.8653435 -0.4493355 -0.2490957 0.8670666 -0.4314474 -0.2522189 0.8634475 -0.436857 -0.2080693 0.8627697 -0.4607989 -0.5217903 0.8043597 0.2841487 -0.4153444 0.8874012 0.2000204 -0.4859763 0.8438823 0.2273535 -0.4492178 0.8731242 0.1893604 -0.4715831 0.8649559 0.1716412 -0.4866987 0.8530393 0.1882771 -0.4772861 0.866327 0.1472258 -0.4822394 0.8673909 0.1227934 -0.4890445 0.860209 0.1444849 -0.4948629 0.8631935 0.1000383 -0.4928762 0.8669223 0.07428809 -0.4941886 0.8635381 0.1003977 -0.5041016 0.86217 0.0504443 -0.4964333 0.8666524 -0.0496755 -0.4946609 0.8658819 -0.07455927 -0.4967517 0.8648942 -0.07208223 -0.490969 0.8655049 -0.09925111 -0.4839899 0.8663521 -0.1232391 -0.489856 0.8660405 -0.1000746 -0.4858396 0.864706 -0.1274495 -0.4758624 0.8671851 -0.1467821 -0.4809985 0.8627564 -0.1558577 -0.4648173 0.8690935 -0.1691787 -0.4778601 0.8583714 -0.1866767 -0.4482095 0.8737331 -0.1889413 -0.4749485 0.8532093 -0.2155408 -0.4211607 0.8840191 -0.2028149 -0.5952435 0.7352591 -0.3241595 -0.5050011 0.8628292 0.022353 -0.4855277 0.8728821 0.04837198 -0.4978899 0.8668842 0.02484799 -0.504441 0.8634462 0 -0.5032986 0.8625942 0.05120169 -0.4978901 0.8668841 -0.02484872 -0.497178 0.8667533 -0.03940517 -0.500963 0.8653561 -0.01396245 -0.504441 0.8634462 0 -0.4941415 0.8693815 0 -0.5007604 0.8647243 -0.03861229 -0.01476581 0.8060427 0.5916732 -0.03447096 0.8872523 0.4599948 -0.04588469 0.8441216 0.5341845 -0.06060681 0.8731488 0.4836715 -0.08708826 0.8651432 0.4939057 -0.07995272 0.8528672 0.5159701 -0.1112191 0.8661357 0.4872774 -0.1347632 0.8674269 0.478967 -0.1190603 0.8602247 0.4958207 -0.160876 0.8630307 0.4788495 -0.1821556 0.8668531 0.4640961 -0.1600218 0.8634897 0.4783079 -0.2084473 0.8620418 0.4619887 -0.2912389 0.8666521 0.4050852 -0.3119005 0.8658849 0.3911029 -0.3107978 0.8648944 0.3941604 -0.3314397 0.8655032 0.3755687 -0.3487235 0.8663503 0.3575318 -0.3315977 0.8660432 0.3741821 -0.3532924 0.864705 0.3570288 -0.3650514 0.867185 0.3387147 -0.3754807 0.8627557 0.3386249 -0.3789243 0.8690886 0.3179643 -0.4006139 0.858359 0.3205124 -0.3877487 0.873722 0.2937019 -0.4241357 0.8532078 0.3035545 -0.3861883 0.8840427 0.2633002 -0.5781804 0.7354397 0.3533214 -0.2330138 0.8627691 0.4487025 -0.2007895 0.8727909 0.4448817 -0.2274266 0.866882 0.4436134 -0.252229 0.8634428 0.4368604 -0.2071641 0.862559 0.4616005 -0.2704619 0.8668835 0.4187641 -0.2827152 0.8667511 0.4108706 -0.2625825 0.8653548 0.4268625 -0.2522203 0.8634459 0.4368594 -0.2470688 0.8693832 0.4279369 -0.283819 0.8647234 0.4143673 0.5069984 0.8043399 0.3098226 0.3808927 0.8874019 0.2596896 0.4398753 0.8438865 0.3071892 0.3886149 0.8731161 0.2943579 0.3844277 0.8649601 0.3225823 0.4064197 0.8530286 0.327361 0.3661387 0.8663315 0.3397236 0.3474579 0.8673928 0.3562343 0.3696457 0.8602111 0.351282 0.334064 0.8631957 0.3785423 0.3107775 0.8669229 0.3896949 0.3340381 0.8635397 0.3777801 0.2957378 0.8621695 0.4113428 0.2051657 0.8666837 0.4547156 0.1827091 0.8659798 0.4655066 0.1863226 0.8648837 0.4661115 0.1594418 0.8656508 0.4745808 0.1586919 0.8659608 0.4742665 0.1361507 0.8644683 0.4838983 0.1332355 0.8662698 0.481482 0.1108611 0.8670621 0.485709 0.1059 0.8628322 0.4942729 0.08592163 0.8690032 0.4872894 0.07744862 0.8583238 0.5072297 0.06047285 0.8737494 0.4826024 0.05086137 0.8532521 0.5190125 0.03488934 0.884319 0.4655778 0.01688379 0.7362107 0.6765417 0.2718529 0.8628321 0.4261655 0.2846508 0.8728855 0.3962888 0.2522255 0.8634469 0.4368544 0.2704619 0.8668835 0.4187641 0.2959919 0.8625932 0.4102703 0.2470688 0.8693832 0.4279369 0.2147377 0.8666995 0.450244 0.2385245 0.8654227 0.4406242 0.2274266 0.866882 0.4436134 0.2171361 0.8647636 0.452809 0.252222 0.8634439 0.4368623 0.521975 0.8042008 -0.2842587 0.4154144 0.8873623 -0.2000477 0.4859506 0.8438998 -0.2273436 0.4492044 0.8731311 -0.1893607 0.4715915 0.8649507 -0.1716443 0.4867047 0.853036 -0.1882769 0.4772944 0.8663228 -0.1472238 0.4822394 0.8673909 -0.1227934 0.4890445 0.860209 -0.1444849 0.4948629 0.8631935 -0.1000383 0.4928752 0.8669227 -0.07429012 0.4941871 0.8635388 -0.1003985 0.5041022 0.8621696 -0.05044288 0.4964328 0.8666527 0.0496769 0.4946613 0.8658819 0.07455713 0.4967508 0.8648947 0.07208161 0.4909713 0.8655034 0.09925159 0.4839927 0.8663503 0.1232398 0.4898556 0.8660405 0.1000772 0.485841 0.8647057 0.1274467 0.4758604 0.8671855 0.146786 0.4809955 0.8627577 0.1558602 0.4648173 0.8690935 0.1691787 0.4778601 0.8583714 0.1866767 0.4482215 0.8737271 0.1889404 0.4749675 0.8531975 0.2155453 0.4211335 0.8840336 0.2028084 0.5950682 0.7354478 0.3240533 0.5050011 0.8628292 -0.022353 0.4855281 0.8728819 -0.04837143 0.4978901 0.8668841 -0.02484872 0.504441 0.8634462 0 0.5032985 0.8625944 -0.05120101 0.4941415 0.8693815 0 0.4971789 0.8667527 0.03940495 0.5009633 0.8653559 0.013963 0.4978899 0.8668842 0.02484799 0.5007604 0.8647243 0.03861229 0.504441 0.8634462 0 0.0129232 0.8550134 -0.5184447 0.03638639 0.8734484 -0.4855551 0.03883047 0.8611321 -0.506896 0.06138149 0.8697057 -0.489739 0.06385982 0.8647059 -0.4982026 0.08646339 0.8672193 -0.490362 0.1107729 0.8672897 -0.4853225 0.09655021 0.8553712 -0.5089383 0.1363387 0.864035 -0.4846188 0.1586206 0.8671608 -0.472093 0.1399862 0.8616806 -0.4877606 0.1844708 0.8631569 -0.4700326 0.2051496 0.8667231 -0.4546479 0.1840411 0.863345 -0.4698556 0.2912389 0.8666521 -0.4050852 0.3118959 0.8658808 -0.3911155 0.3107978 0.8648944 -0.3941604 0.3314397 0.8655032 -0.3755687 0.3487235 0.8663503 -0.3575318 0.3315966 0.8660396 -0.3741915 0.3533089 0.8646991 -0.357027 0.3650604 0.8671778 -0.3387231 0.3754792 0.862753 -0.3386333 0.3789259 0.8690919 -0.3179536 0.4005862 0.8583772 -0.3204983 0.3877264 0.8737339 -0.2936957 0.4241742 0.8531851 -0.3035647 0.3862349 0.8840158 -0.2633226 0.5781804 0.7354397 -0.3533214 0.2273414 0.8599524 -0.4569438 0.2274237 0.8668855 -0.4436078 0.2192672 0.8652196 -0.4509068 0.2470718 0.8693798 -0.427942 0.2827223 0.8667515 -0.4108648 0.2625749 0.8653542 -0.4268684 0.2522161 0.863445 -0.4368636 0.2704706 0.866885 -0.4187553 0.2838255 0.8647251 -0.4143592 0.2522189 0.8634475 -0.436857 0 1 0 0 1 0 0 1 0 0 1 0 0 1 0 0 1 0 0 1 0 0 1 0 0 1 0 0 1 0 0 1 0 0 1 0 0 1 0 0 1 0 0 1 0 0 1 0 0 1 0 0 1 0 0 1 0 0 1 0 0 1 0 0 1 0 0 1 0 0 1 0 0 1 0 0 1 0 0 1 0 0 1 0 0 1 0 0 1 0 0 1 0 0 1 0 0 1 0 0 1 0 0 1 0 0 1 0 0 1 0 0 1 0 0 1 0 0 1 0 0 1 0 0 1 0 0 1 0 0 1 0 0 1 0 0 1 0 0 1 0 0 1 0 0 1 0 0 1 0 0 1 0 0 1 0 0 1 0 0 1 0 0 1 0 0 1 0 0 1 0 0 1 0 0 1 0 0 1 0 0 1 0 0 1 0 0 1 0 0 1 0 0 1 0 0 1 0 0 1 0 0 1 0 0 1 0 0 1 0 0 1 0 0 1 0 0 1 0 0 1 0 0 1 0 0 1 0 0 1 0 0 1 0 0 1 0 0 1 0 0 1 0 0 1 0 0 1 0 0 1 0 0 1 0 0 1 0 0 1 0 0 1 0 0 1 0 0 1 0 0 1 0 0 1 0 0 1 0 0 1 0 0 1 0 0 1 0 0 1 0 0 1 0 0 1 0 0 1 0 0 1 0 0 1 0 0 1 0 0 1 0 0 1 0 0 1 0 0 1 0 0 1 0 0 1 0 0 1 0 0 1 0 0 1 0 0 1 0 0 1 0 0 1 0 0 1 0 0 1 0 0 1 0 0 1 0 0 1 0 0 1 0 0 1 0 0 1 0 0 1 0 -0.02491496 -0 -0.9996896 -0.02491496 0 -0.9996896 -0.07474477 -0 -0.9972028 -0.07474477 0 -0.9972028 -0.1243416 -0 -0.9922395 -0.1243416 0 -0.9922395 -0.1736388 -0 -0.9848093 -0.1736388 0 -0.9848093 -0.2225351 -0 -0.9749247 -0.2225351 0 -0.9749247 -0.2708341 -0 -0.962626 -0.2708341 0 -0.962626 -0.3184671 -0 -0.947934 -0.3184671 0 -0.947934 -0.3653608 0 -0.930866 -0.3653608 0 -0.930866 -0.4112673 -0 -0.9115148 -0.4112673 0 -0.9115148 -0.4562257 0 -0.8898641 -0.4999982 0 -0.8660264 -0.4562257 0 -0.8898641 -0.4999982 0 -0.8660264 -0.5425369 0 -0.840032 -0.5425369 -0 -0.840032 -0.5837608 0 -0.8119256 -0.5837608 -0 -0.8119256 -0.6234797 0 -0.7818395 -0.6616817 0 -0.7497849 -0.6234797 -0 -0.7818395 -0.6616817 0 -0.7497849 -0.6982439 0 -0.7158599 -0.6982439 0 -0.7158599 -0.7330555 -0 -0.6801687 -0.7330555 0 -0.6801687 -0.7660401 0 -0.6427927 -0.7660401 0 -0.6427927 -0.7971371 0 -0.6037984 -0.7971371 -0 -0.6037984 -0.8262341 -0 -0.5633268 -0.8262341 0 -0.5633268 -0.8532944 0 -0.5214294 -0.8532944 0 -0.5214294 -0.8782212 0 -0.4782548 -0.8782212 0 -0.4782548 -0.9009687 -0 -0.4338841 -0.9009687 0 -0.4338841 -0.9214722 -0 -0.3884442 -0.9214722 0 -0.3884442 -0.9396948 -0 -0.3420142 -0.9396948 0 -0.3420142 -0.9555718 0 -0.2947586 -0.9555718 0 -0.2947586 -0.9690778 -0 -0.2467557 -0.9690778 0 -0.2467557 -0.9801725 -0 -0.1981467 -0.9801725 0 -0.1981467 -0.988831 -0 -0.1490412 -0.988831 0 -0.1490412 -0.9950311 -0 -0.09956597 -0.9950311 0 -0.09956597 -0.9987569 -0 -0.04984625 -0.9987569 0 -0.04984625 -1 -0 -0 -1 0 0 -0.9987568 0 0.0498479 -0.9987568 0 0.0498479 -0.9950311 0 0.09956597 -0.9950311 0 0.09956597 -0.988831 0 0.1490412 -0.988831 0 0.1490412 -0.9801725 0 0.1981467 -0.9801725 0 0.1981467 -0.9690778 0 0.2467557 -0.9690778 0 0.2467557 -0.9555718 0 0.2947586 -0.9396948 0 0.3420142 -0.9555718 0 0.2947586 -0.9396948 0 0.3420142 -0.9214773 0 0.3884323 -0.9214773 0 0.3884323 -0.9009687 0 0.4338841 -0.9009687 0 0.4338841 -0.8782212 0 0.4782548 -0.8782212 0 0.4782548 -0.8532854 0 0.5214441 -0.8532854 0 0.5214441 -0.8262447 0 0.5633113 -0.8262447 0 0.5633113 -0.797125 0 0.6038144 -0.797125 0 0.6038144 -0.7660539 0 0.6427763 -0.7660539 0 0.6427763 -0.7330402 0 0.6801854 -0.7330402 0 0.6801854 -0.6982439 0 0.7158599 -0.6982439 0 0.7158599 -0.6616817 0 0.7497849 -0.6235001 0 0.7818233 -0.6616817 0 0.7497849 -0.6235001 0 0.7818233 -0.5837389 0 0.8119414 -0.5425369 0 0.840032 -0.5837389 0 0.8119414 -0.5425369 0 0.840032 -0.4999982 0 0.8660264 -0.4999982 0 0.8660264 -0.4562257 0 0.8898641 -0.4562257 0 0.8898641 -0.4112673 0 0.9115148 -0.3653608 0 0.930866 -0.4112673 0 0.9115148 -0.3653608 0 0.930866 -0.3184671 0 0.947934 -0.3184671 0 0.947934 -0.2708649 0 0.9626173 -0.2225034 0 0.9749319 -0.2708649 0 0.9626173 -0.2225034 0 0.9749319 -0.1736711 0 0.9848037 -0.1736711 0 0.9848037 -0.1243416 0 0.9922395 -0.1243416 0 0.9922395 -0.07471164 0 0.9972051 -0.07471164 0 0.9972051 -0.02494825 0 0.9996887 -0.02494825 0 0.9996887 0 1 0 0 1 0 0 1 0 0 1 0 0 1 0 0 1 0 0 1 0 0 1 0 0 1 0 0 1 0 0 1 0 0 1 0 0 1 0 0 1 0 0 1 0 0 1 0 0 1 0 0 1 0 0 1 0 0 1 0 0 1 0 0 1 0 0 1 0 0 1 0 0 1 0 0 1 0 0 1 0 0 1 0 0 1 0 0 1 0 0 1 0 0 1 0 0 1 0 0 1 0 0 1 0 0 1 0 0 1 0 0 1 0 0 1 0 0 1 0 0 1 0 0 1 0 0 1 0 0 1 0 0 1 0 0 1 0 0 1 0 0 1 0 0 1 0 0 1 0 0 1 0 0 1 0 0 1 0 0 1 0 0 1 0 0 1 0 0 1 0 0 1 0 0 1 0 0 1 0 0 1 0 0 1 0 0 1 0 0 1 0 0 1 0 0 1 0 0 1 0 0 1 0 0 1 0 0 1 0 0 1 0 0 1 0 0 1 0 0 1 0 0 1 0 0 1 0 0 1 0 -0 1 0 0 1 0 0 1 0 0 1 0 -0 1 0 0 1 0 0 1 0 0 1 0 -0 1 0 0 1 0 0 1 0 0 1 0 -0 1 0 0 1 0 0 1 0 0 1 0 -0 1 0 0 1 0 0 1 0 0 1 0 -0 1 0 0 1 0 0 1 0 0 1 0 -0 1 0 0 1 0 0 1 0 0 1 0 0 1 0 0 1 0 0 1 0 0 1 0 0 1 0 0 1 0 0 1 0 0 1 0 0 1 0 0 1 0 0 1 0 0 1 0 0 1 0 0 1 0 0 1 0 0 1 0 0 1 0 0 1 0 0 1 0 0 1 0 0 1 0 0 1 0 0 1 0 0 1 0 0 1 0 0 1 0 0 1 0 -0 1 0 0 1 0 0 1 0 0 1 0 -0 1 0 0 1 0 0 1 0 0 1 0 -0 1 0 0 1 0 0 1 0 0 1 0 -0 1 0 0 1 0 0 1 0 0 1 0 -0 1 0 0 1 0 0 1 0 0 1 0 -0 1 0 0 1 0 0 1 0 0 1 0 -0 1 0 0 1 0 0 1 0 0 1 0 0 1 0 0 1 0 0 1 0 0 1 0 0 1 0 0 1 0 0 1 0 0 1 0 0 1 0 0 1 0 0 1 0 0 1 0 0 1 0 -0 1 0 0 1 0 0 1 0 0 1 0 0 1 0 -0 1 0 0 1 0 0 1 0 0 1 0 -0 1 0 0 1 0 0 1 0 0 1 0 0 1 0 0 1 0 0 1 0 0 1 0 0 1 0 0 1 0 0 1 0 0 1 0 0 1 0 0 1 0 0 1 0 0 1 0 0 1 0 0 1 0 0 1 0 0 1 0 0 1 0 0 1 0 0 1 0 0 1 0 0 1 0 0 1 0 0 1 0 0 1 0 0 1 0 0 1 0 0 1 0 0 1 0 0 1 0 0 1 0 0 1 0 0 1 0 0 1 0 0 1 0 0 1 0 0 1 0 0 1 0 0 1 0 0 1 0 0 1 0 0 1 0 0 1 0 0 1 0 0 1 0 0 1 0 0 1 0 0 1 0 0 1 0 0 1 0 0 1 0 0 1 0 0 1 0 0 1 0 0 1 0 0 1 0 0 1 0 0 1 0 0 1 0 0 1 0 0 1 0 0 1 0 0 1 0 0 1 0 0 1 0 0 1 0 0 1 0 0 -1 0 0 -1 0 0 -1 0 0 -1 0 0 -1 0 0 -1 0 0 -1 0 0 -1 0 0 -1 0 0 -1 0 0 -1 0 0 -1 0 0 -1 0 0 -1 0 0 -1 0 0 -1 0 0 -1 0 0 -1 0 0 -1 0 0 -1 0 0 -1 0 0 -1 0 0 -1 0 0 -1 0 0 -1 0 0 -1 0 0 -1 0 -0 -1 0 0 -1 0 0 -1 0 0 -1 0 0 -1 0 0 -1 0 0 -1 0 0 -1 0 0 -1 0 0 -1 0 0 -1 0 0 -1 0 0 -1 0 0 -1 0 0 -1 0 0 -1 0 0 -1 0 0 -1 0 0 -1 0 0 -1 0 0 -1 0 0 -1 0 0 -1 0 0 -1 0 0 -1 0 0 -1 0 0 -1 0 0 -1 0 0 -1 0 0 -1 0 0 -1 0 0 -1 0 -0 -1 0 0 -1 0 0 -1 0 0 -1 0 -0 -1 0 0 -1 0 -0 -1 0 0 -1 0 -0 -1 0 -0 -1 0 -0 -1 0 -0 -1 0 -0 -1 0 -0 -1 0 -0 -1 0 -0 -1 0 -0 -1 0 -0 -1 0 -0 -1 0 -0 -1 0 -0 -1 0 -0 -1 0 0 -1 0 0 -1 0 0 -1 0 0 -1 0 0 -1 0 0 -1 0 0 -1 0 -0 -1 0 -0 -1 0 -0 -1 0 0 -1 0 0 -1 0 0 -1 0 0 -1 0 0 -1 0 0 -1 0 0 -1 0 0 -1 0 0 -1 0 0 -1 0 0 -1 0 0 -1 0 0 -1 0 0 -1 0 0 -1 0 0 -1 0 0 -1 0 0 -1 0 0 -1 0 0 -1 0 0 -1 0 0 -1 0 -0 -1 0 -0 -1 0 -0 -1 0 -0 -1 0 -0 -1 0 -0 -1 0 -0 -1 0 0 -1 0 0 -1 0 0 -1 0 0 -1 0 0 -1 0 0 -1 0 -0.02491912 3.599881e-17 -0.9996895 -0.02491912 -0 -0.9996895 -0.07472821 -0 -0.9972039 -0.07472821 -0 -0.9972039 -0.1243621 -0 -0.9922369 -0.1243621 -0 -0.9922369 -0.1736469 -0 -0.984808 -0.1736469 -0 -0.984808 -0.2225232 -0 -0.9749274 -0.2225232 -0 -0.9749274 -0.2708186 -0 -0.9626304 -0.318497 -0 -0.9479239 -0.2708186 -0 -0.9626304 -0.3653353 -0 -0.930876 -0.318497 -0 -0.9479239 -0.4112949 -0 -0.9115024 -0.3653353 -0 -0.930876 -0.4562095 -0 -0.8898724 -0.4112949 -0 -0.9115024 -0.4999892 -0 -0.8660316 -0.4562095 -0 -0.8898724 -0.5425602 -0 -0.840017 -0.4999892 -0 -0.8660316 -0.5837469 -0 -0.8119357 -0.5425602 -0 -0.840017 -0.6234796 -0 -0.7818397 -0.5837469 -0 -0.8119357 -0.6616841 -0 -0.7497828 -0.6234796 -0 -0.7818397 -0.6982335 -0 -0.7158701 -0.6616841 -0 -0.7497828 -0.7330553 -0 -0.6801689 -0.6982335 -0 -0.7158701 -0.7330553 -0 -0.6801689 -0.7660474 -0 -0.6427841 -0.7660474 -0 -0.6427841 -0.7971283 -0 -0.60381 -0.7971283 -0 -0.60381 -0.8262466 -0 -0.5633086 -0.8262466 -0 -0.5633086 -0.8532891 -0 -0.521438 -0.8532891 -0 -0.521438 -0.8782171 -0 -0.4782621 -0.8782171 -0 -0.4782621 -0.9009734 -0 -0.4338743 -0.9009734 -0 -0.4338743 -0.9214724 -0 -0.3884438 -0.9214724 -0 -0.3884438 -0.9396932 -0 -0.3420185 -0.9396932 -0 -0.3420185 -0.9555739 -0 -0.2947515 -0.9690772 -0 -0.2467577 -0.9555739 -0 -0.2947515 -0.9801727 -0 -0.1981453 -0.9690772 -0 -0.2467577 -0.9801727 -0 -0.1981453 -0.9888305 -0 -0.1490445 -0.9950309 -0 -0.09956756 -0.9888305 -0 -0.1490445 -0.9987569 -0 -0.04984603 -0.9950309 -0 -0.09956756 -1 0 0 -0.9987569 -0 -0.04984603 -0.998757 0 0.04984459 -1 -0 -0 -0.9950305 0 0.09957045 -0.998757 0 0.04984459 -0.9888312 0 0.1490402 -0.9950305 0 0.09957045 -0.9801727 0 0.1981453 -0.9888312 0 0.1490402 -0.9690772 0 0.2467577 -0.9801727 0 0.1981453 -0.9555714 0 0.2947597 -0.9690772 0 0.2467577 -0.9396932 0 0.3420185 -0.9555714 0 0.2947597 -0.9214768 0 0.3884333 -0.9396932 0 0.3420185 -0.9009678 0 0.4338858 -0.9214768 0 0.3884333 -0.9009678 0 0.4338858 -0.8782238 0 0.4782499 -0.8532891 0 0.521438 -0.8782238 0 0.4782499 -0.8532891 0 0.521438 -0.8262374 0 0.5633221 -0.8262374 0 0.5633221 -0.7971388 0 0.603796 -0.7660354 0 0.6427984 -0.7971388 0 0.603796 -0.7660354 0 0.6427984 -0.7330553 0 0.6801689 -0.6982335 0 0.7158701 -0.7330553 0 0.6801689 -0.6616841 0 0.7497828 -0.6982335 0 0.7158701 -0.6616841 0 0.7497828 -0.5837469 0 0.8119357 -0.6234974 0 0.7818254 -0.6234974 0 0.7818254 -0.5425397 0 0.8400303 -0.5837469 0 0.8119357 -0.5425397 0 0.8400303 -0.500011 0 0.866019 -0.500011 0 0.866019 -0.4562095 0 0.8898724 -0.4562095 0 0.8898724 -0.4112707 0 0.9115132 -0.4112707 0 0.9115132 -0.3653606 0 0.9308661 -0.3653606 0 0.9308661 -0.2708456 0 0.9626228 -0.3184708 0 0.9479326 -0.3184708 0 0.9479326 -0.2708456 0 0.9626228 -0.1736469 0 0.984808 -0.2225232 0 0.9749274 -0.2225232 0 0.9749274 -0.1736469 0 0.984808 -0.07472821 0 0.9972039 -0.1243334 0 0.9922405 -0.1243334 0 0.9922405 -0.02494825 0 0.9996888 -0.07472821 0 0.9972039 -0.02494825 -5.539642e-18 0.9996888 0 -1 0 0 -1 0 0 -1 0 0 -1 0 0 -1 0 0 -1 0 0 -1 0 0 -1 0 0 -1 0 0 -1 0 0 -1 0 0 -1 0 0 -1 0 0 -1 0 0 -1 0 0 -1 0 0 -1 0 0 -1 0 0 -1 0 0 -1 0 0 -1 0 0 -1 0 -0 -1 0 -0 -1 0 0 -1 0 0 -1 0 0 -1 0 -0 -1 0 -0 -1 0 -0 -1 0 -0 -1 0 0 -1 0 0 -1 0 0 -1 0 0 -1 0 0 -1 0 -0 -1 0 0 -1 0 0 -1 0 -0 -1 0 -0 -1 0 0 -1 0 0 -1 0 0 -1 0 -0 -1 0 -0 -1 0 -0 -1 0 0 -1 0 0 -1 0 0 -1 0 0 -1 0 0 -1 0 0 -1 0 0 -1 0 0 -1 0 -0 -1 0 0 -1 0 0 -1 0 -0 -1 0 -0 -1 0 -0 -1 0 -0 -1 0 0 -1 0 -0 -1 0 0 -1 0 0 -1 0 0 -1 0 0 -1 0 -0 -1 0 0 -1 0 0 -1 0 0 -1 0 0 -1 0 0 -1 0 -0 -1 0 0 -1 0 0 -1 0 0 -1 0 0 -1 0 -0 -1 0 0 -1 0 0 -1 0 0 -1 0 -0 -1 0 0 -1 0 -0 -1 0 -0 -1 -0 0 -1 0 0 -1 0 0 -1 0 0 -1 0 0 -1 0 -0 -1 0 -0 -1 -0 -0 -1 0 0 -1 0 0 -1 0 -0 -1 -0 0 -1 0 -0 -1 -0 -0 -1 -0 0 -1 0 -0 -1 0 0 -1 0 0 -1 0 0 -1 0 -0 -1 -0 -0 -1 -0 -0 -1 -0 0 -1 0 -0 -1 -0 0 -1 0 -0 -1 -0 0 -1 0 -0 -1 -0 -0 -1 -0 0 -1 0 0 -1 0 0 -1 0 0 -1 0 0 -1 0 0 -1 0 0 -1 0 -0 -1 -0 -0.01797176 -0.6922424 -0.7214411 -0.05285453 -0.7072365 -0.7049986 -0.08794189 -0.706768 -0.7019581 -0.03472136 -0.7066816 -0.7066792 -0.03468683 -0.7066668 -0.7066957 -0.01724977 -0.7216776 -0.6920143 -0.05285569 -0.7067705 -0.7054656 -0.08792745 -0.7072672 -0.7014569 -0.1227305 -0.7074359 -0.6960401 -0.1574814 -0.7064977 -0.6899715 -0.1048269 -0.6997433 -0.7066617 -0.1038209 -0.7066748 -0.6998799 -0.1038138 -0.7066678 -0.6998881 -0.1228869 -0.7065306 -0.6969314 -0.1572548 -0.7075235 -0.6889712 -0.1026294 -0.7146593 -0.6919027 -0.173589 -0.6997652 -0.6929615 -0.1913927 -0.707633 -0.680165 -0.2254604 -0.7062274 -0.6711262 -0.1719156 -0.7066749 -0.686335 -0.1699644 -0.7146243 -0.6785456 -0.1719254 -0.7066861 -0.6863208 -0.1917199 -0.7063206 -0.6814359 -0.2249781 -0.7078098 -0.6696193 -0.258081 -0.7078178 -0.6575623 -0.2913214 -0.7059397 -0.6455858 -0.2383487 -0.7066859 -0.6661718 -0.2406406 -0.6998082 -0.6725776 -0.2356705 -0.7145783 -0.6586632 -0.2383584 -0.7066791 -0.6661755 -0.2586992 -0.7061225 -0.6591401 -0.2904172 -0.7081075 -0.6436161 -0.3221766 -0.7079929 -0.6284492 -0.3542736 -0.7056462 -0.6136397 -0.3053824 -0.6998815 -0.6456836 -0.3025125 -0.706679 -0.6396021 -0.2991308 -0.7145103 -0.6324522 -0.3231089 -0.7059469 -0.6302695 -0.3528914 -0.7084283 -0.6112258 -0.3025094 -0.7066742 -0.6396091 -0.3830899 -0.7081453 -0.593104 -0.4137928 -0.7053304 -0.5755731 -0.3671737 -0.6999438 -0.6125863 -0.3597193 -0.7144383 -0.6001499 -0.3637502 -0.7066743 -0.6068749 -0.3637502 -0.7066746 -0.6068747 -0.3843472 -0.7057888 -0.5950961 -0.4118078 -0.7087654 -0.5727705 -0.44015 -0.7082828 -0.5519089 -0.4692581 -0.7049979 -0.5317657 -0.4253983 -0.7000296 -0.5735808 -0.4214767 -0.7066826 -0.5682932 -0.4417758 -0.7056354 -0.553997 -0.4665647 -0.7091084 -0.5286613 -0.4214741 -0.7066748 -0.5683047 -0.4168652 -0.7143373 -0.5620903 -0.4928356 -0.7084035 -0.5052501 -0.5201377 -0.7046467 -0.4826281 -0.4795094 -0.7001239 -0.5290532 -0.4751518 -0.7066808 -0.5242453 -0.475152 -0.7066821 -0.5242431 -0.4700361 -0.7142279 -0.5185986 -0.4948357 -0.7055058 -0.5073453 -0.5166094 -0.7094709 -0.4793389 -0.5405945 -0.7085109 -0.4536186 -0.5658959 -0.7042801 -0.4286622 -0.528968 -0.7002425 -0.4794303 -0.5242487 -0.7066773 -0.4751531 -0.5186946 -0.7141069 -0.4701141 -0.5429959 -0.7053869 -0.4556148 -0.5242488 -0.7066805 -0.4751482 -0.5614629 -0.7098408 -0.4253062 -0.5830063 -0.7086035 -0.397473 -0.6060938 -0.7038997 -0.3703719 -0.5733192 -0.7003638 -0.4252008 -0.56239 -0.7139625 -0.4171032 -0.5682949 -0.7066777 -0.4214827 -0.5682942 -0.7066833 -0.421474 -0.5857494 -0.7052814 -0.399344 -0.6006907 -0.7102285 -0.3670778 -0.6196051 -0.7086834 -0.3374276 -0.6403123 -0.7035037 -0.3083549 -0.6121114 -0.700511 -0.366884 -0.6068699 -0.7066826 -0.3637424 -0.6068759 -0.7066786 -0.3637404 -0.6007109 -0.7138023 -0.3600453 -0.6226605 -0.7052031 -0.3390906 -0.6338797 -0.7106438 -0.3052568 -0.6500643 -0.7087494 -0.2740268 -0.6682091 -0.7030966 -0.2432113 -0.6449873 -0.7006652 -0.3050567 -0.6395999 -0.7066827 -0.3025087 -0.6332656 -0.7136271 -0.299518 -0.653402 -0.705127 -0.2754301 -0.6607293 -0.7110558 -0.2404919 -0.6396016 -0.7066786 -0.3025147 -0.6740694 -0.7088033 -0.2079145 -0.6895066 -0.7026762 -0.1755756 -0.6716243 -0.7008353 -0.2403137 -0.6661725 -0.7066818 -0.238359 -0.6661742 -0.7066786 -0.2383636 -0.6597577 -0.7134379 -0.2360638 -0.6776278 -0.7050756 -0.209019 -0.6809635 -0.7114941 -0.1733916 -0.6913841 -0.7088404 -0.1397622 -0.703993 -0.702235 -0.1061124 -0.6917677 -0.7010217 -0.1732804 -0.6863315 -0.7066775 -0.1719187 -0.6863307 -0.7066787 -0.171917 -0.6799253 -0.7132287 -0.1703125 -0.6951101 -0.7050357 -0.1405228 -0.6943946 -0.7119426 -0.1046607 -0.7018436 -0.7088606 -0.07022919 -0.7115117 -0.7017764 -0.0355109 -0.705229 -0.7012194 -0.1046101 -0.6998774 -0.706678 -0.1038161 -0.6998776 -0.7066779 -0.1038163 -0.6935688 -0.7130063 -0.1028803 -0.7056705 -0.7050127 -0.07061458 -0.7008961 -0.7124051 -0.03497904 -0.7053417 -0.7088675 0 -0.7118796 -0.7014303 -0.03497195 -0.7066824 -0.7066786 -0.03471664 -0.7005563 -0.7127667 -0.03441627 -0.7066819 -0.7066791 -0.0347172 -0.7092032 -0.7050042 0 -0.7115129 -0.7017753 0.03550912 -0.7018451 -0.7088591 0.07022934 -0.711879 -0.7014309 0.03497279 -0.7066819 -0.7066791 0.0347172 -0.7066817 -0.7066794 0.03471746 -0.7005563 -0.7127667 0.03441627 -0.7008971 -0.7124041 0.03498062 -0.7056715 -0.7050119 0.07061158 -0.7039952 -0.7022328 0.1061127 -0.6913843 -0.7088387 0.1397696 -0.7052312 -0.7012172 0.1046105 -0.6951101 -0.7050369 0.1405165 -0.6998752 -0.70668 0.1038183 -0.6998774 -0.706678 0.1038163 -0.6935679 -0.7130068 0.1028826 -0.6943948 -0.7119418 0.1046654 -0.6863315 -0.7066774 0.1719187 -0.689514 -0.7026708 0.1755681 -0.6740687 -0.7088007 0.2079256 -0.6917677 -0.7010216 0.1732804 -0.680963 -0.7114929 0.1733992 -0.6776278 -0.7050756 0.209019 -0.6799219 -0.7132322 0.1703117 -0.6863307 -0.7066787 0.171917 -0.6716248 -0.700837 0.2403075 -0.6682154 -0.7030944 0.2432002 -0.6500643 -0.7087494 0.2740268 -0.6607267 -0.7110624 0.2404798 -0.6533967 -0.7051328 0.2754279 -0.6661779 -0.7066768 0.2383586 -0.6597577 -0.7134379 0.2360638 -0.6661754 -0.7066787 0.2383601 -0.6402973 -0.7035128 0.3083654 -0.6196094 -0.7086881 0.33741 -0.6449873 -0.7006652 0.3050567 -0.6338814 -0.7106357 0.3052725 -0.6226717 -0.7051985 0.3390798 -0.6332648 -0.7136313 0.2995098 -0.6396037 -0.7066785 0.3025105 -0.6396065 -0.7066764 0.3025092 -0.6121114 -0.700511 0.366884 -0.6060938 -0.7038997 0.3703719 -0.5829926 -0.708606 0.3974886 -0.6006842 -0.710236 0.3670739 -0.6068764 -0.7066751 0.3637463 -0.585735 -0.7052872 0.3993553 -0.6068717 -0.7066783 0.3637479 -0.6007045 -0.7138047 0.3600513 -0.5659116 -0.7042772 0.4286463 -0.5405945 -0.7085109 0.4536186 -0.5733121 -0.7003728 0.4251955 -0.5614725 -0.7098429 0.4252901 -0.5429853 -0.7053841 0.4556318 -0.5683032 -0.7066746 0.4214765 -0.5623981 -0.7139596 0.4170971 -0.5682989 -0.7066775 0.4214775 -0.528968 -0.7002424 0.4794303 -0.5201377 -0.7046467 0.4826281 -0.4928151 -0.7084059 0.5052666 -0.5166167 -0.709461 0.4793456 -0.494857 -0.705498 0.5073354 -0.5242463 -0.7066806 0.4751509 -0.5187017 -0.7140973 0.4701207 -0.5242512 -0.7066774 0.4751503 -0.4692807 -0.704995 0.5317497 -0.44015 -0.7082828 0.5519089 -0.4795021 -0.7001351 0.529045 -0.4665487 -0.7091064 0.5286781 -0.4417931 -0.7056382 0.5539799 -0.4700244 -0.7142318 0.5186037 -0.4751441 -0.7066804 0.5242527 -0.4751581 -0.7066713 0.5242522 -0.4137998 -0.7053185 0.5755829 -0.3830696 -0.708135 0.5931293 -0.4253897 -0.7000246 0.5735931 -0.4214726 -0.7066705 0.5683113 -0.4117955 -0.7087517 0.5727962 -0.3843744 -0.705779 0.5950903 -0.4214779 -0.7066864 0.5682876 -0.4168716 -0.7143444 0.5620767 -0.3671737 -0.6999439 0.6125864 -0.3543088 -0.7056308 0.613637 -0.3221826 -0.7079798 0.6284608 -0.3637436 -0.7066872 0.606864 -0.3637438 -0.706687 0.606864 -0.3528914 -0.7084283 0.6112258 -0.3231089 -0.7059469 0.6302695 -0.3597193 -0.7144383 0.6001499 -0.3053881 -0.6998678 0.6456959 -0.29129 -0.7059419 0.6455976 -0.258081 -0.7078178 0.6575623 -0.299115 -0.7145157 0.6324536 -0.2904117 -0.7081208 0.6436039 -0.2586942 -0.7061363 0.6591274 -0.3024955 -0.7066872 0.6396012 -0.3025071 -0.7066792 0.6396044 -0.2406542 -0.6998146 0.6725661 -0.225494 -0.7062256 0.6711169 -0.1913584 -0.7076339 0.6801737 -0.2356825 -0.7145858 0.6586508 -0.238373 -0.7066796 0.6661699 -0.2249781 -0.7078098 0.6696193 -0.1917199 -0.7063206 0.6814359 -0.2383644 -0.7066856 0.6661666 -0.1735704 -0.6997731 0.6929581 -0.1574814 -0.7064977 0.6899715 -0.1227305 -0.7074359 0.6960401 -0.1699644 -0.7146243 0.6785456 -0.1572548 -0.7075235 0.6889712 -0.1719129 -0.7066858 0.6863244 -0.1228869 -0.7065306 0.6969314 -0.1719082 -0.7066893 0.686322 -0.1048269 -0.6997432 0.7066617 -0.08797996 -0.7067525 0.701969 -0.05281915 -0.7072219 0.7050159 -0.01800879 -0.692259 0.7214244 -0.1038107 -0.7066892 0.699867 -0.08789883 -0.7072526 0.7014752 -0.05288748 -0.7067567 0.7054771 -0.1038199 -0.7066821 0.6998727 -0.01724977 -0.7216776 0.6920143 -0.1026294 -0.7146593 0.6919027 -0.03472329 -0.7066824 0.7066784 -0.03472136 -0.7066816 0.7066792 -0.02491912 0 -0.9996895 -0.02491912 -0 -0.9996895 -0.07471371 -0 -0.997205 -0.07471371 0 -0.997205 -0.1243765 -0 -0.9922351 -0.1243765 0 -0.9922351 -0.1736469 -0 -0.9848079 -0.1736469 0 -0.9848079 -0.2225231 -0 -0.9749274 -0.2225231 0 -0.9749274 -0.2708321 -0 -0.9626266 -0.2708321 0 -0.9626266 -0.3184841 -0 -0.9479281 -0.3184841 0 -0.9479281 -0.3653481 -0 -0.930871 -0.3653481 0 -0.930871 -0.4112948 -0 -0.9115024 -0.4112948 0 -0.9115024 -0.4561979 -0 -0.8898783 -0.4561979 0 -0.8898783 -0.4999999 -0 -0.8660254 -0.4999999 0 -0.8660254 -0.5425398 -0 -0.8400301 -0.5425398 0 -0.8400301 -0.5837566 -0 -0.8119286 -0.5837566 0 -0.8119286 -0.6234707 -0 -0.7818467 -0.6234707 0 -0.7818467 -0.6617004 -0 -0.7497683 -0.6617004 0 -0.7497683 -0.698226 -0 -0.7158774 -0.698226 0 -0.7158774 -0.7330551 -0 -0.6801692 -0.7330551 0 -0.6801692 -0.7660534 -0 -0.6427769 -0.7660534 0 -0.6427769 -0.7971224 0 -0.6038176 -0.7971224 -0 -0.6038176 -0.8262474 0 -0.5633073 -0.8262474 -0 -0.5633073 -0.8532888 0 -0.5214388 -0.8532888 -0 -0.5214388 -0.8782169 0 -0.4782625 -0.8782169 -0 -0.4782625 -0.9009708 -0 -0.4338796 -0.9009708 0 -0.4338796 -0.9214771 -0 -0.3884326 -0.9214771 0 -0.3884326 -0.9396898 -0 -0.3420278 -0.9396898 0 -0.3420278 -0.9555734 -0 -0.2947532 -0.9555734 0 -0.2947532 -0.9690783 -0 -0.2467533 -0.9690783 0 -0.2467533 -0.9801716 -0 -0.1981506 -0.9801716 0 -0.1981506 -0.9888313 -0 -0.1490389 -0.9888313 0 -0.1490389 -0.9950306 -0 -0.09957001 -0.9950306 0 -0.09957001 -0.9987571 -0 -0.04984413 -0.9987571 0 -0.04984413 -1 -0 0 -1 0 -0 -0.9987569 0 0.04984631 -0.9987569 0 0.04984631 -0.9950309 0 0.09956566 -0.9950309 0 0.09956566 -0.9888303 0 0.1490454 -0.9888303 0 0.1490454 -0.9801733 0 0.1981421 -0.9801733 0 0.1981421 -0.9690757 0 0.2467638 -0.9690757 0 0.2467638 -0.9555734 0 0.2947532 -0.9555734 0 0.2947532 -0.9396949 0 0.3420138 -0.9396949 0 0.3420138 -0.9214771 0 0.3884326 -0.9214771 0 0.3884326 -0.9009626 0 0.4338967 -0.9009626 0 0.4338967 -0.8782269 0 0.4782441 -0.8782269 0 0.4782441 -0.8532888 0 0.5214388 -0.8532888 0 0.5214388 -0.8262335 0 0.5633277 -0.8262335 0 0.5633277 -0.7971384 0 0.6037966 -0.7971384 0 0.6037966 -0.7660354 0 0.6427985 -0.7660354 0 0.6427985 -0.7330551 0 0.6801692 -0.7330551 0 0.6801692 -0.6982484 0 0.7158555 -0.6982484 0 0.7158555 -0.6616758 0 0.74979 -0.6616758 0 0.74979 -0.6234974 0 0.7818254 -0.6234974 0 0.7818254 -0.5837278 0 0.8119494 -0.5837278 0 0.8119494 -0.5425706 0 0.8400102 -0.5425706 0 0.8400102 -0.4999999 0 0.8660254 -0.4999999 0 0.8660254 -0.4561979 0 0.8898783 -0.4561979 0 0.8898783 -0.4112948 0 0.9115024 -0.4112948 0 0.9115024 -0.3653481 0 0.930871 -0.3653481 0 0.930871 -0.3184841 0 0.9479281 -0.3184841 0 0.9479281 -0.2708321 0 0.9626266 -0.2708321 0 0.9626266 -0.2225231 0 0.9749274 -0.2225231 0 0.9749274 -0.1736469 0 0.9848079 -0.1736469 0 0.9848079 -0.1243334 0 0.9922405 -0.1243334 0 0.9922405 -0.07475718 0 0.9972017 -0.07475718 0 0.9972017 -0.02491912 -5.533155e-18 0.9996895 -0.02491912 0 0.9996895 0 -1 0 0 -1 0 -0 -1 0 0 -1 0 0 -1 0 0 -1 0 -0 -1 0 0 -1 0 0 -1 0 0 -1 0 -0 -1 0 0 -1 0 0 -1 0 0 -1 0 -0 -1 0 0 -1 0 0 -1 0 0 -1 0 -0 -1 0 0 -1 0 0 -1 0 0 -1 0 -0 -1 0 0 -1 0 0 -1 0 0 -1 0 -0 -1 0 0 -1 0 0 -1 0 0 -1 0 -0 -1 0 0 -1 0 0 -1 0 0 -1 0 -0 -1 0 0 -1 0 0 -1 0 0 -1 0 -0 -1 0 0 -1 0 0 -1 0 0 -1 0 -0 -1 0 0 -1 0 0 -1 0 0 -1 0 -0 -1 0 0 -1 0 0 -1 0 0 -1 0 -0 -1 0 0 -1 0 0 -1 0 0 -1 0 -0 -1 0 0 -1 0 0 -1 0 0 -1 0 -0 -1 0 0 -1 0 0 -1 0 -0 -1 0 -0 -1 0 0 -1 0 0 -1 0 0 -1 0 0 -1 0 -0 -1 0 0 -1 0 0 -1 0 0 -1 0 0 -1 0 -0 -1 0 0 -1 0 0 -1 0 -0 -1 0 0 -1 0 0 -1 0 0 -1 0 -0 -1 0 0 -1 0 0 -1 0 0 -1 0 0 -1 0 -0 -1 0 0 -1 0 -0 -1 0 0 -1 0 0 -1 0 0 -1 0 -0 -1 0 0 -1 0 0 -1 0 0 -1 0 0 -1 0 -0 -1 0 0 -1 0 0 -1 0 0 -1 0 -0 -1 0 0 -1 0 0 -1 0 -0 -1 0 0 -1 0 0 -1 0 0 -1 0 -0 -1 0 0 -1 0 0 -1 0 0 -1 0 0 -1 0 -0 -1 0 0 -1 0 0 -1 0 0 -1 0 -0 -1 0 0 -1 0 0 -1 0 0 -1 0 -0 -1 0 -0 -1 0 0 -1 0 0 -1 0 -0 -1 0 -0 -1 0 0 -1 0 -0 -1 0 0 -1 0 0 -1 0 -0 -1 0 -0 -1 0 0 -1 0 -0 -1 0 -0 -1 0 0 -1 0 0 -1 0 -0 -1 0 0 -1 0 0 -1 0 0 -1 0 0 -1 0 -0 -1 0 0 -1 0 0 -1 0 0 -1 0 -0 -1 0 0 -1 0 0 -1 0 0 -1 0 0 -1 0 -0 -1 0 0 -1 0 0 -1 0 0 -1 0 -0 -1 0 0 -1 0 0 -1 0 0 -1 0 -0 -1 0 0 -1 0 0 -1 0 0 -1 0 -0 -1 0 0 -1 0 0 -1 0 -0 -1 0 0 -1 0 0 -1 0 0 -1 0 0 -1 0 -0 -1 0 0 -1 0 0 -1 0 -0 -1 0 0 -1 0 0 -1 0 0 -1 0 -0 -1 0 0 -1 0 0 -1 0 0 -1 0 0 -1 0 -0 -1 0 0 -1 0 0 -1 0 0 -1 0 -0 -1 0 0 -1 0 0 -1 0 -0 -1 0 0 -1 0 0 -1 0 0 -1 0 -0 -1 0 0 -1 0 -0 -1 0 0 -1 0 0 -1 0 -0 -1 0 0 -1 0 0 -1 0 0 -1 0 -0 -1 0 0 -1 0 0 -1 0 0 -1 0 -0 -1 0 0 -1 0 0 -1 0 0 -1 0 -0 -1 0 0 -1 0 0 -1 0 0 -1 0 0 -1 0 -0 -1 0 0 -1 0 0 -1 0 0 -1 0 -0 -1 0 0 -1 0 0 -1 0 0 -1 0 -0 -1 0 0 -1 0 0 -1 0 0 -1 0 -0 -1 0 0 -1 0 0 -1 0 0 -1 0 -0 -1 0 0 -1 0 0 -1 0 0 -1 0 -0 -1 0 0 -1 0 0 -1 0 0 -1 0 -0 -1 0 0 -1 0 0 -1 0 -0 -1 0 0 -1 0 0 -1 0 0 -1 0 0 -1 0 -0 -1 0 0 -1 0 -0 -1 0 0 -1 0 0 -1 0</float_array>
          <technique_common>
            <accessor count="2474" source="#cubenormals-array0-array" stride="3">
              <param type="float" name="X"/>
              <param type="float" name="Y"/>
              <param type="float" name="Z"/>
            </accessor>
          </technique_common>
        </source>
        <vertices id="cubeverts-array0-vertices">
          <input semantic="POSITION" source="#cubeverts-array0"/>
        </vertices>
        <triangles count="2474" material="ref_formed_hex_screw_am_B18_2_3_2M___Formed_hex_screw__M14_x_2_0_x_16___16WN_shape">
          <input offset="0" semantic="VERTEX" source="#cubeverts-array0-vertices"/>
          <input offset="1" semantic="NORMAL" source="#cubenormals-array0"/>
          <p>0 0 1 0 2 0 3 1 2 1 4 1 3 2 0 2 2 2 5 3 4 3 6 3 5 4 3 4 4 4 7 5 6 5 8 5 7 6 5 6 6 6 9 7 8 7 10 7 9 8 7 8 8 8 11 9 10 9 12 9 11 10 9 10 10 10 13 11 12 11 14 11 13 12 11 12 12 12 15 13 14 13 16 13 15 14 13 14 14 14 17 15 16 15 18 15 17 16 15 16 16 16 19 17 18 17 20 17 19 18 17 18 18 18 21 19 20 19 22 19 21 20 19 20 20 20 23 21 22 21 24 21 23 22 21 22 22 22 25 23 24 23 26 23 25 24 23 24 24 24 27 25 26 25 28 25 27 26 25 26 26 26 29 27 28 27 30 27 29 28 27 28 28 28 31 29 30 29 32 29 31 30 29 30 30 30 33 31 32 31 34 31 33 32 31 32 32 32 35 33 34 33 36 33 35 34 33 34 34 34 37 35 35 35 36 35 37 36 36 36 38 36 39 37 37 37 38 37 39 38 38 38 40 38 41 39 39 39 40 39 41 40 40 40 42 40 43 41 41 41 42 41 43 42 42 42 44 42 45 43 43 43 44 43 45 44 44 44 46 44 47 45 46 45 48 45 47 46 45 46 46 46 49 47 48 47 50 47 49 48 47 48 48 48 51 49 50 49 52 49 51 50 49 50 50 50 53 51 52 51 54 51 53 52 51 52 52 52 55 53 54 53 56 53 55 54 53 54 54 54 57 55 56 55 58 55 57 56 55 56 56 56 59 57 58 57 60 57 59 58 57 58 58 58 61 59 60 59 62 59 61 60 59 60 60 60 63 61 61 61 62 61 64 62 62 62 65 62 64 63 65 63 66 63 64 64 63 64 62 64 67 65 66 65 68 65 67 66 64 66 66 66 69 67 68 67 70 67 69 68 67 68 68 68 71 69 70 69 72 69 71 70 69 70 70 70 73 71 72 71 74 71 73 72 71 72 72 72 75 73 74 73 76 73 75 74 73 74 74 74 77 75 76 75 78 75 77 76 75 76 76 76 79 77 78 77 80 77 79 78 77 78 78 78 81 79 80 79 82 79 81 80 79 80 80 80 83 81 82 81 84 81 83 82 81 82 82 82 85 83 84 83 86 83 85 84 83 84 84 84 87 85 85 85 86 85 87 86 86 86 88 86 89 87 87 87 88 87 90 88 89 88 88 88 90 89 88 89 91 89 90 90 91 90 92 90 93 91 90 91 92 91 93 92 92 92 94 92 95 93 93 93 94 93 96 94 95 94 94 94 96 95 94 95 97 95 96 96 97 96 98 96 99 97 96 97 98 97 100 98 99 98 98 98 100 99 98 99 101 99 100 100 101 100 102 100 103 101 100 101 102 101 103 102 102 102 104 102 105 103 103 103 104 103 106 104 105 104 104 104 106 105 104 105 107 105 106 106 107 106 108 106 109 107 106 107 108 107 110 108 109 108 108 108 110 109 108 109 111 109 112 110 111 110 113 110 112 111 110 111 111 111 112 112 113 112 114 112 115 113 112 113 114 113 116 114 115 114 114 114 116 115 114 115 117 115 118 116 117 116 119 116 118 117 116 117 117 117 120 118 119 118 121 118 120 119 121 119 122 119 120 120 118 120 119 120 123 121 122 121 124 121 123 122 120 122 122 122 125 123 124 123 126 123 125 124 123 124 124 124 127 125 125 125 126 125 128 126 129 126 130 126 128 127 130 127 131 127 128 128 131 128 132 128 133 129 1 129 129 129 133 130 129 130 128 130 133 131 2 131 1 131 133 132 4 132 2 132 133 133 6 133 4 133 134 134 132 134 135 134 134 135 135 135 136 135 134 136 128 136 132 136 137 137 128 137 134 137 137 138 8 138 6 138 137 139 10 139 8 139 137 140 133 140 128 140 137 141 6 141 133 141 138 142 136 142 139 142 138 143 139 143 140 143 138 144 134 144 136 144 141 145 137 145 134 145 141 146 10 146 137 146 141 147 12 147 10 147 141 148 14 148 12 148 141 149 134 149 138 149 142 150 140 150 143 150 142 151 143 151 144 151 142 152 138 152 140 152 145 153 14 153 141 153 145 154 141 154 138 154 145 155 138 155 142 155 145 156 16 156 14 156 145 157 18 157 16 157 146 158 144 158 147 158 146 159 147 159 148 159 146 160 142 160 144 160 146 161 145 161 142 161 149 162 18 162 145 162 149 163 20 163 18 163 149 164 22 164 20 164 149 165 145 165 146 165 150 166 148 166 151 166 150 167 151 167 152 167 150 168 146 168 148 168 153 169 22 169 149 169 153 170 149 170 146 170 153 171 146 171 150 171 153 172 24 172 22 172 153 173 26 173 24 173 154 174 152 174 155 174 154 175 155 175 156 175 154 176 150 176 152 176 157 177 150 177 154 177 157 178 28 178 26 178 157 179 30 179 28 179 157 180 153 180 150 180 157 181 26 181 153 181 158 182 154 182 156 182 158 183 156 183 159 183 158 184 159 184 160 184 161 185 157 185 154 185 161 186 30 186 157 186 161 187 154 187 158 187 161 188 32 188 30 188 161 189 34 189 32 189 162 190 160 190 163 190 162 191 163 191 164 191 162 192 158 192 160 192 165 193 34 193 161 193 165 194 158 194 162 194 165 195 36 195 34 195 165 196 38 196 36 196 165 197 161 197 158 197 166 198 164 198 167 198 166 199 167 199 168 199 166 200 165 200 162 200 166 201 162 201 164 201 169 202 38 202 165 202 169 203 165 203 166 203 169 204 40 204 38 204 169 205 42 205 40 205 170 206 168 206 171 206 170 207 171 207 172 207 170 208 166 208 168 208 173 209 166 209 170 209 173 210 169 210 166 210 173 211 42 211 169 211 173 212 44 212 42 212 173 213 46 213 44 213 174 214 172 214 175 214 174 215 175 215 176 215 174 216 170 216 172 216 177 217 46 217 173 217 177 218 170 218 174 218 177 219 48 219 46 219 177 220 50 220 48 220 177 221 173 221 170 221 178 222 176 222 179 222 178 223 179 223 180 223 178 224 174 224 176 224 181 225 177 225 174 225 181 226 174 226 178 226 181 227 50 227 177 227 181 228 52 228 50 228 181 229 54 229 52 229 182 230 180 230 183 230 182 231 183 231 184 231 182 232 178 232 180 232 185 233 181 233 178 233 185 234 178 234 182 234 185 235 54 235 181 235 185 236 56 236 54 236 185 237 58 237 56 237 186 238 182 238 184 238 186 239 184 239 187 239 186 240 187 240 188 240 186 241 185 241 182 241 189 242 58 242 185 242 189 243 185 243 186 243 189 244 60 244 58 244 189 245 62 245 60 245 190 246 186 246 188 246 190 247 188 247 191 247 192 248 189 248 186 248 192 249 186 249 190 249 192 250 62 250 189 250 192 251 65 251 62 251 193 252 191 252 194 252 193 253 194 253 195 253 193 254 190 254 191 254 193 255 192 255 190 255 196 256 192 256 193 256 196 257 65 257 192 257 196 258 66 258 65 258 196 259 68 259 66 259 197 260 195 260 198 260 197 261 198 261 199 261 197 262 193 262 195 262 200 263 196 263 193 263 200 264 68 264 196 264 200 265 193 265 197 265 200 266 70 266 68 266 200 267 72 267 70 267 201 268 197 268 199 268 201 269 199 269 202 269 201 270 202 270 203 270 204 271 74 271 72 271 204 272 76 272 74 272 204 273 72 273 200 273 204 274 197 274 201 274 204 275 200 275 197 275 205 276 203 276 206 276 205 277 206 277 207 277 205 278 201 278 203 278 205 279 204 279 201 279 208 280 78 280 76 280 208 281 80 281 78 281 208 282 76 282 204 282 208 283 204 283 205 283 209 284 207 284 210 284 209 285 210 285 211 285 209 286 205 286 207 286 212 287 82 287 80 287 212 288 84 288 82 288 212 289 208 289 205 289 212 290 205 290 209 290 212 291 80 291 208 291 213 292 212 292 209 292 213 293 209 293 211 293 213 294 211 294 214 294 213 295 214 295 215 295 216 296 86 296 84 296 216 297 88 297 86 297 216 298 212 298 213 298 216 299 84 299 212 299 217 300 215 300 218 300 217 301 218 301 219 301 217 302 213 302 215 302 220 303 91 303 88 303 220 304 92 304 91 304 220 305 88 305 216 305 220 306 216 306 213 306 220 307 213 307 217 307 221 308 217 308 219 308 221 309 219 309 222 309 221 310 222 310 223 310 221 311 220 311 217 311 224 312 94 312 92 312 224 313 97 313 94 313 224 314 220 314 221 314 224 315 92 315 220 315 225 316 223 316 226 316 225 317 226 317 227 317 225 318 221 318 223 318 228 319 98 319 97 319 228 320 101 320 98 320 228 321 97 321 224 321 228 322 224 322 221 322 228 323 221 323 225 323 229 324 227 324 230 324 229 325 230 325 231 325 229 326 225 326 227 326 229 327 228 327 225 327 232 328 228 328 229 328 232 329 102 329 101 329 232 330 104 330 102 330 232 331 101 331 228 331 233 332 229 332 231 332 233 333 231 333 234 333 233 334 234 334 235 334 236 335 104 335 232 335 236 336 107 336 104 336 236 337 108 337 107 337 236 338 232 338 229 338 236 339 229 339 233 339 237 340 233 340 235 340 237 341 235 341 238 341 237 342 238 342 239 342 237 343 236 343 233 343 240 344 108 344 236 344 240 345 111 345 108 345 240 346 113 346 111 346 240 347 236 347 237 347 241 348 237 348 239 348 241 349 239 349 242 349 241 350 242 350 243 350 244 351 240 351 237 351 244 352 237 352 241 352 244 353 113 353 240 353 244 354 114 354 113 354 244 355 117 355 114 355 245 356 241 356 243 356 245 357 243 357 246 357 245 358 246 358 247 358 248 359 117 359 244 359 248 360 119 360 117 360 248 361 121 361 119 361 248 362 244 362 241 362 248 363 241 363 245 363 249 364 245 364 247 364 249 365 247 365 250 365 249 366 250 366 251 366 249 367 251 367 252 367 253 368 122 368 121 368 253 369 124 369 122 369 253 370 245 370 249 370 253 371 126 371 124 371 253 372 248 372 245 372 253 373 249 373 252 373 253 374 252 374 126 374 253 375 121 375 248 375 254 376 255 376 256 376 257 377 254 377 256 377 257 378 256 378 258 378 259 379 257 379 258 379 259 380 258 380 260 380 261 381 259 381 260 381 261 382 260 382 262 382 263 383 261 383 262 383 263 384 262 384 264 384 265 385 263 385 264 385 265 386 264 386 266 386 267 387 266 387 268 387 267 388 265 388 266 388 269 389 268 389 270 389 269 390 267 390 268 390 271 391 270 391 272 391 271 392 269 392 270 392 273 393 272 393 274 393 273 394 271 394 272 394 275 395 274 395 276 395 275 396 273 396 274 396 277 397 275 397 276 397 278 398 279 398 280 398 278 399 276 399 279 399 278 400 277 400 276 400 281 401 278 401 280 401 282 402 283 402 284 402 282 403 280 403 283 403 282 404 281 404 280 404 285 405 282 405 284 405 286 406 284 406 287 406 286 407 285 407 284 407 288 408 289 408 290 408 288 409 287 409 289 409 288 410 286 410 287 410 291 411 288 411 290 411 292 412 291 412 290 412 292 413 290 413 293 413 294 414 292 414 293 414 294 415 293 415 295 415 296 416 294 416 295 416 296 417 295 417 297 417 298 418 296 418 297 418 298 419 297 419 299 419 300 420 298 420 299 420 300 421 301 421 302 421 300 422 299 422 301 422 303 423 300 423 302 423 304 424 303 424 302 424 304 425 305 425 306 425 304 426 302 426 305 426 307 427 306 427 308 427 307 428 304 428 306 428 309 429 307 429 308 429 310 430 308 430 311 430 310 431 309 431 308 431 312 432 311 432 313 432 312 433 310 433 311 433 314 434 315 434 316 434 314 435 313 435 315 435 314 436 312 436 313 436 317 437 316 437 318 437 317 438 314 438 316 438 319 439 317 439 318 439 320 440 318 440 321 440 320 441 319 441 318 441 322 442 321 442 323 442 322 443 320 443 321 443 324 444 323 444 325 444 324 445 322 445 323 445 326 446 327 446 328 446 326 447 325 447 327 447 326 448 324 448 325 448 329 449 328 449 330 449 329 450 326 450 328 450 331 451 329 451 330 451 332 452 330 452 333 452 332 453 331 453 330 453 334 454 335 454 336 454 334 455 333 455 335 455 334 456 332 456 333 456 337 457 336 457 338 457 337 458 334 458 336 458 339 459 337 459 338 459 340 460 339 460 338 460 340 461 338 461 341 461 342 462 340 462 341 462 342 463 341 463 343 463 344 464 342 464 343 464 344 465 343 465 345 465 346 466 344 466 345 466 346 467 345 467 347 467 348 468 346 468 347 468 348 469 347 469 349 469 350 470 349 470 351 470 350 471 348 471 349 471 352 472 351 472 353 472 352 473 350 473 351 473 354 474 353 474 355 474 354 475 352 475 353 475 356 476 355 476 357 476 356 477 354 477 355 477 358 478 357 478 359 478 358 479 356 479 357 479 360 480 361 480 362 480 360 481 359 481 361 481 360 482 358 482 359 482 363 483 360 483 362 483 364 484 362 484 365 484 364 485 363 485 362 485 366 486 365 486 367 486 366 487 364 487 365 487 368 488 367 488 369 488 368 489 366 489 367 489 370 490 371 490 372 490 370 491 369 491 371 491 370 492 368 492 369 492 373 493 370 493 372 493 374 494 372 494 375 494 374 495 373 495 372 495 376 496 375 496 377 496 376 497 374 497 375 497 378 498 377 498 379 498 378 499 376 499 377 499 380 500 379 500 381 500 380 501 378 501 379 501 382 502 383 502 384 502 384 503 383 503 385 503 383 504 386 504 385 504 385 505 386 505 387 505 386 506 388 506 387 506 387 507 388 507 389 507 388 508 390 508 389 508 389 509 390 509 391 509 390 510 392 510 391 510 391 511 392 511 393 511 392 512 394 512 393 512 393 513 394 513 395 513 394 514 396 514 395 514 395 515 396 515 397 515 397 516 396 516 398 516 396 517 399 517 398 517 399 518 400 518 398 518 398 519 400 519 401 519 401 520 400 520 402 520 400 521 403 521 402 521 403 522 404 522 402 522 402 523 404 523 405 523 405 524 406 524 407 524 404 525 406 525 405 525 407 526 408 526 409 526 406 527 408 527 407 527 409 528 410 528 411 528 408 529 410 529 409 529 411 530 412 530 413 530 410 531 412 531 411 531 413 532 414 532 415 532 412 533 414 533 413 533 415 534 416 534 417 534 414 535 416 535 415 535 416 536 418 536 417 536 417 537 418 537 419 537 418 538 420 538 419 538 419 539 420 539 421 539 421 540 420 540 422 540 420 541 423 541 422 541 423 542 424 542 422 542 422 543 424 543 425 543 425 544 424 544 426 544 424 545 427 545 426 545 427 546 428 546 426 546 426 547 428 547 429 547 428 548 430 548 429 548 429 549 430 549 431 549 430 550 432 550 431 550 431 551 432 551 433 551 432 552 434 552 433 552 433 553 434 553 435 553 435 554 434 554 436 554 434 555 437 555 436 555 437 556 438 556 436 556 436 557 438 557 439 557 438 558 440 558 439 558 439 559 440 559 441 559 440 560 442 560 441 560 441 561 442 561 443 561 442 562 444 562 443 562 443 563 444 563 445 563 444 564 446 564 445 564 445 565 446 565 447 565 446 566 448 566 447 566 447 567 448 567 449 567 448 568 450 568 449 568 449 569 450 569 451 569 450 570 452 570 451 570 451 571 452 571 453 571 453 572 454 572 455 572 452 573 454 573 453 573 455 574 456 574 457 574 454 575 456 575 455 575 457 576 458 576 459 576 456 577 458 577 457 577 459 578 460 578 461 578 461 579 460 579 462 579 458 580 460 580 459 580 462 581 463 581 464 581 460 582 463 582 462 582 463 583 465 583 464 583 464 584 466 584 467 584 465 585 466 585 464 585 466 586 468 586 467 586 467 587 468 587 469 587 468 588 470 588 469 588 469 589 470 589 471 589 470 590 472 590 471 590 471 591 472 591 473 591 473 592 472 592 474 592 472 593 475 593 474 593 474 594 476 594 477 594 475 595 476 595 474 595 477 596 478 596 479 596 476 597 478 597 477 597 479 598 480 598 481 598 478 599 480 599 479 599 481 600 482 600 483 600 480 601 482 601 481 601 483 602 484 602 485 602 482 603 484 603 483 603 485 604 486 604 487 604 484 605 486 605 485 605 487 606 488 606 489 606 486 607 488 607 487 607 489 608 490 608 491 608 488 609 490 609 489 609 491 610 492 610 493 610 493 611 492 611 494 611 490 612 492 612 491 612 492 613 495 613 494 613 494 614 496 614 497 614 495 615 496 615 494 615 497 616 498 616 499 616 499 617 498 617 500 617 496 618 498 618 497 618 500 619 501 619 502 619 498 620 501 620 500 620 501 621 503 621 502 621 502 622 504 622 505 622 505 623 504 623 506 623 503 624 504 624 502 624 504 625 507 625 506 625 506 626 508 626 509 626 507 627 508 627 506 627 510 628 511 628 512 628 512 629 511 629 513 629 513 630 339 630 514 630 514 631 339 631 515 631 515 632 339 632 516 632 516 633 339 633 517 633 517 634 339 634 518 634 518 635 339 635 519 635 519 636 339 636 520 636 520 637 339 637 521 637 521 638 339 638 522 638 522 639 339 639 523 639 523 640 339 640 524 640 511 641 339 641 513 641 524 642 525 642 526 642 526 643 525 643 527 643 527 644 525 644 528 644 339 645 525 645 524 645 529 646 530 646 531 646 531 647 530 647 532 647 532 648 296 648 533 648 533 649 296 649 534 649 534 650 296 650 535 650 535 651 296 651 536 651 536 652 296 652 537 652 537 653 296 653 538 653 538 654 296 654 539 654 539 655 296 655 540 655 540 656 296 656 541 656 541 657 296 657 542 657 542 658 296 658 543 658 530 659 296 659 532 659 543 660 511 660 544 660 544 661 511 661 545 661 545 662 511 662 510 662 296 663 511 663 543 663 546 664 547 664 548 664 548 665 547 665 549 665 549 666 254 666 550 666 550 667 254 667 551 667 551 668 254 668 552 668 552 669 254 669 553 669 553 670 254 670 554 670 554 671 254 671 555 671 555 672 254 672 556 672 556 673 254 673 557 673 557 674 254 674 558 674 558 675 254 675 559 675 559 676 254 676 560 676 547 677 254 677 549 677 560 678 530 678 561 678 561 679 530 679 562 679 562 680 530 680 529 680 254 681 530 681 560 681 563 682 564 682 565 682 565 683 564 683 566 683 566 684 567 684 568 684 568 685 567 685 569 685 569 686 567 686 570 686 570 687 567 687 571 687 571 688 567 688 572 688 572 689 567 689 573 689 573 690 567 690 574 690 574 691 567 691 575 691 575 692 567 692 576 692 576 693 567 693 577 693 577 694 567 694 578 694 564 695 567 695 566 695 578 696 547 696 579 696 579 697 547 697 580 697 580 698 547 698 546 698 567 699 547 699 578 699 581 700 582 700 583 700 583 701 582 701 584 701 584 702 585 702 586 702 586 703 585 703 587 703 587 704 585 704 588 704 588 705 585 705 589 705 589 706 585 706 590 706 590 707 585 707 591 707 591 708 585 708 592 708 592 709 585 709 593 709 593 710 585 710 594 710 594 711 585 711 595 711 595 712 585 712 596 712 582 713 585 713 584 713 596 714 564 714 597 714 597 715 564 715 598 715 598 716 564 716 563 716 585 717 564 717 596 717 528 718 525 718 599 718 599 719 525 719 600 719 600 720 380 720 601 720 601 721 380 721 602 721 602 722 380 722 603 722 603 723 380 723 604 723 604 724 380 724 605 724 605 725 380 725 606 725 606 726 380 726 607 726 607 727 380 727 608 727 608 728 380 728 609 728 609 729 380 729 610 729 525 730 380 730 600 730 610 731 582 731 611 731 611 732 582 732 612 732 612 733 582 733 581 733 380 734 582 734 610 734 589 735 590 735 613 735 614 736 589 736 613 736 588 737 589 737 614 737 615 738 588 738 614 738 587 739 615 739 616 739 587 740 588 740 615 740 617 741 587 741 616 741 586 742 617 742 618 742 586 743 587 743 617 743 619 744 586 744 618 744 584 745 619 745 620 745 584 746 586 746 619 746 621 747 584 747 620 747 610 748 622 748 623 748 610 749 623 749 624 749 609 750 624 750 625 750 609 751 610 751 624 751 626 752 609 752 625 752 608 753 609 753 626 753 627 754 608 754 626 754 607 755 627 755 628 755 607 756 608 756 627 756 629 757 607 757 628 757 606 758 607 758 629 758 630 759 606 759 629 759 605 760 606 760 630 760 631 761 581 761 583 761 631 762 583 762 584 762 631 763 621 763 632 763 631 764 632 764 633 764 631 765 612 765 581 765 631 766 584 766 621 766 634 767 633 767 622 767 634 768 610 768 611 768 634 769 611 769 612 769 634 770 612 770 631 770 634 771 631 771 633 771 634 772 622 772 610 772 571 773 572 773 635 773 636 774 571 774 635 774 570 775 571 775 636 775 637 776 570 776 636 776 569 777 637 777 638 777 569 778 570 778 637 778 639 779 569 779 638 779 568 780 639 780 640 780 568 781 569 781 639 781 641 782 568 782 640 782 566 783 641 783 642 783 566 784 568 784 641 784 643 785 566 785 642 785 597 786 644 786 645 786 596 787 645 787 646 787 596 788 597 788 645 788 595 789 646 789 647 789 595 790 647 790 648 790 595 791 596 791 646 791 594 792 595 792 648 792 649 793 594 793 648 793 593 794 594 794 649 794 650 795 593 795 649 795 592 796 593 796 650 796 651 797 592 797 650 797 591 798 592 798 651 798 652 799 591 799 651 799 590 800 591 800 652 800 653 801 563 801 565 801 653 802 565 802 566 802 653 803 643 803 654 803 653 804 654 804 655 804 653 805 566 805 643 805 656 806 655 806 644 806 656 807 597 807 598 807 656 808 598 808 563 808 656 809 653 809 655 809 656 810 563 810 653 810 656 811 644 811 597 811 553 812 554 812 657 812 658 813 553 813 657 813 552 814 553 814 658 814 659 815 552 815 658 815 551 816 659 816 660 816 551 817 552 817 659 817 661 818 551 818 660 818 550 819 661 819 662 819 550 820 551 820 661 820 663 821 550 821 662 821 549 822 663 822 664 822 549 823 550 823 663 823 665 824 549 824 664 824 579 825 666 825 667 825 578 826 667 826 668 826 578 827 579 827 667 827 577 828 668 828 669 828 577 829 669 829 670 829 577 830 578 830 668 830 576 831 577 831 670 831 671 832 576 832 670 832 575 833 576 833 671 833 672 834 575 834 671 834 574 835 575 835 672 835 673 836 574 836 672 836 573 837 574 837 673 837 674 838 573 838 673 838 572 839 573 839 674 839 675 840 546 840 548 840 675 841 548 841 549 841 675 842 665 842 676 842 675 843 676 843 677 843 675 844 549 844 665 844 678 845 677 845 666 845 678 846 579 846 580 846 678 847 580 847 546 847 678 848 675 848 677 848 678 849 546 849 675 849 678 850 666 850 579 850 536 851 537 851 679 851 680 852 536 852 679 852 535 853 536 853 680 853 681 854 535 854 680 854 534 855 681 855 682 855 534 856 535 856 681 856 683 857 534 857 682 857 533 858 683 858 684 858 533 859 534 859 683 859 685 860 533 860 684 860 532 861 685 861 686 861 532 862 533 862 685 862 687 863 532 863 686 863 561 864 688 864 689 864 560 865 689 865 690 865 560 866 561 866 689 866 559 867 690 867 691 867 559 868 560 868 690 868 558 869 691 869 692 869 558 870 559 870 691 870 693 871 558 871 692 871 557 872 558 872 693 872 694 873 557 873 693 873 556 874 557 874 694 874 695 875 556 875 694 875 555 876 556 876 695 876 696 877 555 877 695 877 554 878 555 878 696 878 697 879 529 879 531 879 697 880 531 880 532 880 697 881 698 881 699 881 697 882 687 882 698 882 697 883 532 883 687 883 700 884 529 884 697 884 700 885 561 885 562 885 700 886 562 886 529 886 700 887 699 887 688 887 700 888 688 888 561 888 700 889 697 889 699 889 517 890 518 890 701 890 702 891 517 891 701 891 516 892 517 892 702 892 703 893 516 893 702 893 515 894 703 894 704 894 515 895 516 895 703 895 705 896 515 896 704 896 514 897 705 897 706 897 514 898 515 898 705 898 707 899 514 899 706 899 513 900 707 900 708 900 513 901 514 901 707 901 709 902 513 902 708 902 544 903 710 903 711 903 543 904 711 904 712 904 543 905 544 905 711 905 542 906 712 906 713 906 542 907 713 907 714 907 542 908 543 908 712 908 541 909 542 909 714 909 715 910 541 910 714 910 540 911 541 911 715 911 716 912 540 912 715 912 539 913 540 913 716 913 717 914 539 914 716 914 538 915 539 915 717 915 718 916 538 916 717 916 537 917 538 917 718 917 719 918 510 918 512 918 719 919 512 919 513 919 719 920 709 920 720 920 719 921 720 921 721 921 719 922 513 922 709 922 722 923 510 923 719 923 722 924 544 924 545 924 722 925 545 925 510 925 722 926 721 926 710 926 722 927 710 927 544 927 722 928 719 928 721 928 604 929 605 929 723 929 724 930 604 930 723 930 603 931 604 931 724 931 725 932 603 932 724 932 602 933 603 933 725 933 726 934 602 934 725 934 601 935 726 935 727 935 601 936 602 936 726 936 728 937 601 937 727 937 600 938 728 938 729 938 600 939 601 939 728 939 730 940 600 940 729 940 599 941 730 941 731 941 599 942 600 942 730 942 526 943 732 943 733 943 524 944 733 944 734 944 524 945 526 945 733 945 523 946 734 946 735 946 523 947 735 947 736 947 523 948 524 948 734 948 522 949 523 949 736 949 737 950 522 950 736 950 521 951 522 951 737 951 738 952 521 952 737 952 520 953 521 953 738 953 739 954 520 954 738 954 519 955 520 955 739 955 740 956 519 956 739 956 518 957 519 957 740 957 741 958 528 958 599 958 741 959 731 959 742 959 741 960 599 960 731 960 743 961 528 961 741 961 743 962 526 962 527 962 743 963 527 963 528 963 743 964 742 964 744 964 743 965 744 965 732 965 743 966 732 966 526 966 743 967 741 967 742 967 419 968 415 968 417 968 421 969 415 969 419 969 407 970 409 970 411 970 407 971 411 971 413 971 407 972 413 972 415 972 402 973 405 973 407 973 426 974 407 974 415 974 426 975 415 975 421 975 426 976 421 976 422 976 426 977 422 977 425 977 401 978 402 978 407 978 431 979 426 979 429 979 433 980 426 980 431 980 389 981 391 981 393 981 441 982 433 982 435 982 441 983 435 983 436 983 441 984 436 984 439 984 443 985 433 985 441 985 385 986 401 986 407 986 385 987 387 987 389 987 385 988 393 988 395 988 385 989 395 989 397 989 385 990 397 990 398 990 385 991 398 991 401 991 385 992 389 992 393 992 447 993 443 993 445 993 745 994 407 994 426 994 745 995 384 995 385 995 745 996 426 996 433 996 745 997 385 997 407 997 449 998 443 998 447 998 453 999 433 999 443 999 453 1000 449 1000 451 1000 453 1001 443 1001 449 1001 746 1002 747 1002 748 1002 455 1003 433 1003 453 1003 749 1004 746 1004 748 1004 749 1005 748 1005 745 1005 461 1006 457 1006 459 1006 750 1007 749 1007 745 1007 750 1008 751 1008 752 1008 750 1009 752 1009 749 1009 753 1010 433 1010 455 1010 753 1011 457 1011 461 1011 753 1012 750 1012 745 1012 753 1013 745 1013 433 1013 753 1014 455 1014 457 1014 754 1015 755 1015 753 1015 471 1016 462 1016 464 1016 471 1017 464 1017 467 1017 471 1018 467 1018 469 1018 756 1019 757 1019 758 1019 756 1020 758 1020 754 1020 759 1021 756 1021 754 1021 477 1022 471 1022 473 1022 477 1023 473 1023 474 1023 477 1024 462 1024 471 1024 479 1025 461 1025 462 1025 479 1026 462 1026 477 1026 760 1027 761 1027 762 1027 760 1028 762 1028 759 1028 763 1029 759 1029 754 1029 763 1030 760 1030 759 1030 485 1031 479 1031 481 1031 485 1032 481 1032 483 1032 485 1033 461 1033 479 1033 489 1034 485 1034 487 1034 489 1035 461 1035 485 1035 491 1036 461 1036 489 1036 764 1037 765 1037 766 1037 767 1038 763 1038 754 1038 767 1039 768 1039 764 1039 767 1040 766 1040 769 1040 767 1041 769 1041 763 1041 767 1042 764 1042 766 1042 497 1043 491 1043 493 1043 497 1044 493 1044 494 1044 770 1045 753 1045 461 1045 770 1046 754 1046 753 1046 770 1047 771 1047 767 1047 770 1048 767 1048 754 1048 500 1049 497 1049 499 1049 772 1050 773 1050 770 1050 774 1051 772 1051 770 1051 509 1052 505 1052 506 1052 775 1053 505 1053 509 1053 775 1054 502 1054 505 1054 776 1055 775 1055 777 1055 776 1056 502 1056 775 1056 776 1057 500 1057 502 1057 778 1058 779 1058 780 1058 778 1059 780 1059 781 1059 782 1060 500 1060 776 1060 782 1061 497 1061 500 1061 783 1062 778 1062 781 1062 783 1063 781 1063 784 1063 785 1064 786 1064 783 1064 785 1065 784 1065 774 1065 785 1066 783 1066 784 1066 787 1067 782 1067 788 1067 787 1068 788 1068 789 1068 787 1069 789 1069 790 1069 791 1070 774 1070 770 1070 791 1071 792 1071 785 1071 791 1072 785 1072 774 1072 791 1073 461 1073 491 1073 791 1074 491 1074 497 1074 791 1075 770 1075 461 1075 793 1076 787 1076 794 1076 793 1077 782 1077 787 1077 795 1078 782 1078 793 1078 796 1079 797 1079 798 1079 796 1080 798 1080 791 1080 796 1081 791 1081 497 1081 799 1082 782 1082 795 1082 800 1083 497 1083 782 1083 800 1084 796 1084 497 1084 801 1085 799 1085 802 1085 801 1086 802 1086 803 1086 801 1087 782 1087 799 1087 804 1088 805 1088 806 1088 804 1089 806 1089 800 1089 804 1090 800 1090 782 1090 804 1091 782 1091 801 1091 508 1092 807 1092 509 1092 509 1093 807 1093 775 1093 807 1094 808 1094 775 1094 775 1095 808 1095 777 1095 808 1096 809 1096 777 1096 777 1097 809 1097 776 1097 809 1098 810 1098 776 1098 776 1099 810 1099 782 1099 810 1100 811 1100 782 1100 782 1101 811 1101 788 1101 811 1102 812 1102 788 1102 788 1103 812 1103 789 1103 812 1104 813 1104 789 1104 789 1105 813 1105 790 1105 790 1106 813 1106 787 1106 813 1107 814 1107 787 1107 814 1108 815 1108 787 1108 787 1109 815 1109 794 1109 794 1110 815 1110 793 1110 793 1111 816 1111 795 1111 815 1112 816 1112 793 1112 816 1113 817 1113 795 1113 795 1114 818 1114 799 1114 817 1115 818 1115 795 1115 799 1116 819 1116 802 1116 818 1117 819 1117 799 1117 802 1118 820 1118 803 1118 803 1119 820 1119 801 1119 819 1120 820 1120 802 1120 820 1121 821 1121 801 1121 801 1122 821 1122 804 1122 821 1123 822 1123 804 1123 822 1124 823 1124 804 1124 804 1125 823 1125 805 1125 805 1126 823 1126 806 1126 823 1127 824 1127 806 1127 806 1128 825 1128 800 1128 824 1129 825 1129 806 1129 825 1130 826 1130 800 1130 800 1131 826 1131 796 1131 796 1132 826 1132 797 1132 826 1133 827 1133 797 1133 797 1134 827 1134 798 1134 827 1135 828 1135 798 1135 828 1136 829 1136 798 1136 798 1137 829 1137 791 1137 829 1138 830 1138 791 1138 791 1139 830 1139 792 1139 830 1140 831 1140 792 1140 792 1141 831 1141 785 1141 785 1142 831 1142 786 1142 831 1143 832 1143 786 1143 832 1144 833 1144 786 1144 786 1145 833 1145 783 1145 833 1146 834 1146 783 1146 783 1147 834 1147 778 1147 834 1148 835 1148 778 1148 778 1149 835 1149 779 1149 835 1150 836 1150 779 1150 779 1151 836 1151 780 1151 836 1152 837 1152 780 1152 780 1153 837 1153 781 1153 837 1154 838 1154 781 1154 781 1155 838 1155 784 1155 838 1156 839 1156 784 1156 784 1157 839 1157 774 1157 839 1158 840 1158 774 1158 774 1159 840 1159 772 1159 840 1160 841 1160 772 1160 772 1161 841 1161 773 1161 841 1162 842 1162 773 1162 773 1163 842 1163 770 1163 770 1164 843 1164 771 1164 842 1165 843 1165 770 1165 771 1166 844 1166 767 1166 767 1167 844 1167 768 1167 843 1168 844 1168 771 1168 844 1169 845 1169 768 1169 768 1170 846 1170 764 1170 845 1171 846 1171 768 1171 764 1172 847 1172 765 1172 846 1173 847 1173 764 1173 765 1174 848 1174 766 1174 847 1175 848 1175 765 1175 848 1176 849 1176 766 1176 766 1177 849 1177 769 1177 849 1178 850 1178 769 1178 769 1179 850 1179 763 1179 763 1180 851 1180 760 1180 850 1181 851 1181 763 1181 760 1182 852 1182 761 1182 851 1183 852 1183 760 1183 761 1184 853 1184 762 1184 852 1185 853 1185 761 1185 762 1186 854 1186 759 1186 853 1187 854 1187 762 1187 759 1188 855 1188 756 1188 756 1189 855 1189 757 1189 854 1190 855 1190 759 1190 855 1191 856 1191 757 1191 757 1192 857 1192 758 1192 758 1193 857 1193 754 1193 856 1194 857 1194 757 1194 857 1195 858 1195 754 1195 754 1196 859 1196 755 1196 858 1197 859 1197 754 1197 755 1198 860 1198 753 1198 859 1199 860 1199 755 1199 753 1200 861 1200 750 1200 750 1201 861 1201 751 1201 860 1202 861 1202 753 1202 861 1203 862 1203 751 1203 751 1204 863 1204 752 1204 862 1205 863 1205 751 1205 752 1206 864 1206 749 1206 749 1207 864 1207 746 1207 863 1208 864 1208 752 1208 864 1209 865 1209 746 1209 746 1210 866 1210 747 1210 865 1211 866 1211 746 1211 747 1212 867 1212 748 1212 866 1213 867 1213 747 1213 748 1214 868 1214 745 1214 867 1215 868 1215 748 1215 745 1216 382 1216 384 1216 868 1217 382 1217 745 1217 669 1218 476 1218 670 1218 668 1219 478 1219 669 1219 669 1220 478 1220 476 1220 670 1221 475 1221 671 1221 476 1222 475 1222 670 1222 667 1223 480 1223 668 1223 668 1224 480 1224 478 1224 671 1225 472 1225 672 1225 475 1226 472 1226 671 1226 666 1227 482 1227 667 1227 667 1228 482 1228 480 1228 472 1229 470 1229 672 1229 672 1230 470 1230 673 1230 666 1231 484 1231 482 1231 677 1232 484 1232 666 1232 673 1233 468 1233 674 1233 470 1234 468 1234 673 1234 676 1235 486 1235 677 1235 677 1236 486 1236 484 1236 674 1237 466 1237 572 1237 468 1238 466 1238 674 1238 676 1239 488 1239 486 1239 665 1240 488 1240 676 1240 572 1241 465 1241 635 1241 466 1242 465 1242 572 1242 665 1243 490 1243 488 1243 664 1244 490 1244 665 1244 465 1245 463 1245 635 1245 635 1246 463 1246 636 1246 664 1247 492 1247 490 1247 663 1248 492 1248 664 1248 463 1249 460 1249 636 1249 636 1250 460 1250 637 1250 663 1251 495 1251 492 1251 662 1252 495 1252 663 1252 637 1253 458 1253 638 1253 460 1254 458 1254 637 1254 661 1255 496 1255 662 1255 662 1256 496 1256 495 1256 458 1257 456 1257 638 1257 638 1258 456 1258 639 1258 661 1259 498 1259 496 1259 660 1260 498 1260 661 1260 456 1261 454 1261 639 1261 639 1262 454 1262 640 1262 659 1263 501 1263 660 1263 660 1264 501 1264 498 1264 454 1265 452 1265 640 1265 640 1266 452 1266 641 1266 658 1267 503 1267 659 1267 659 1268 503 1268 501 1268 452 1269 450 1269 641 1269 641 1270 450 1270 642 1270 657 1271 504 1271 658 1271 658 1272 504 1272 503 1272 450 1273 448 1273 642 1273 642 1274 448 1274 643 1274 554 1275 507 1275 657 1275 657 1276 507 1276 504 1276 643 1277 446 1277 654 1277 448 1278 446 1278 643 1278 696 1279 508 1279 554 1279 554 1280 508 1280 507 1280 446 1281 444 1281 654 1281 654 1282 444 1282 655 1282 695 1283 807 1283 696 1283 696 1284 807 1284 508 1284 444 1285 442 1285 655 1285 655 1286 442 1286 644 1286 694 1287 808 1287 695 1287 695 1288 808 1288 807 1288 644 1289 440 1289 645 1289 442 1290 440 1290 644 1290 693 1291 809 1291 694 1291 694 1292 809 1292 808 1292 440 1293 438 1293 645 1293 645 1294 438 1294 646 1294 646 1295 438 1295 647 1295 692 1296 810 1296 693 1296 693 1297 810 1297 809 1297 438 1298 437 1298 647 1298 647 1299 437 1299 648 1299 692 1300 811 1300 810 1300 691 1301 811 1301 692 1301 437 1302 434 1302 648 1302 648 1303 434 1303 649 1303 691 1304 812 1304 811 1304 690 1305 812 1305 691 1305 434 1306 432 1306 649 1306 649 1307 432 1307 650 1307 689 1308 813 1308 690 1308 690 1309 813 1309 812 1309 432 1310 430 1310 650 1310 650 1311 430 1311 651 1311 688 1312 814 1312 689 1312 689 1313 814 1313 813 1313 430 1314 428 1314 651 1314 651 1315 428 1315 652 1315 699 1316 815 1316 688 1316 688 1317 815 1317 814 1317 428 1318 427 1318 652 1318 652 1319 427 1319 590 1319 699 1320 816 1320 815 1320 699 1321 698 1321 816 1321 427 1322 424 1322 590 1322 424 1323 613 1323 590 1323 698 1324 817 1324 816 1324 698 1325 687 1325 817 1325 424 1326 423 1326 613 1326 423 1327 614 1327 613 1327 687 1328 818 1328 817 1328 687 1329 686 1329 818 1329 423 1330 420 1330 614 1330 420 1331 615 1331 614 1331 686 1332 819 1332 818 1332 420 1333 418 1333 615 1333 686 1334 685 1334 819 1334 685 1335 820 1335 819 1335 418 1336 616 1336 615 1336 418 1337 416 1337 616 1337 685 1338 684 1338 820 1338 684 1339 821 1339 820 1339 416 1340 617 1340 616 1340 416 1341 414 1341 617 1341 684 1342 683 1342 821 1342 683 1343 822 1343 821 1343 414 1344 618 1344 617 1344 414 1345 412 1345 618 1345 683 1346 682 1346 822 1346 682 1347 823 1347 822 1347 412 1348 619 1348 618 1348 410 1349 619 1349 412 1349 823 1350 681 1350 824 1350 682 1351 681 1351 823 1351 410 1352 620 1352 619 1352 408 1353 620 1353 410 1353 824 1354 680 1354 825 1354 681 1355 680 1355 824 1355 408 1356 621 1356 620 1356 406 1357 621 1357 408 1357 825 1358 679 1358 826 1358 680 1359 679 1359 825 1359 406 1360 632 1360 621 1360 404 1361 632 1361 406 1361 826 1362 537 1362 827 1362 679 1363 537 1363 826 1363 403 1364 633 1364 404 1364 404 1365 633 1365 632 1365 827 1366 718 1366 828 1366 537 1367 718 1367 827 1367 400 1368 622 1368 403 1368 403 1369 622 1369 633 1369 828 1370 717 1370 829 1370 718 1371 717 1371 828 1371 399 1372 623 1372 400 1372 400 1373 623 1373 622 1373 829 1374 716 1374 830 1374 717 1375 716 1375 829 1375 396 1376 624 1376 399 1376 399 1377 624 1377 623 1377 830 1378 715 1378 831 1378 716 1379 715 1379 830 1379 394 1380 625 1380 396 1380 396 1381 625 1381 624 1381 831 1382 714 1382 832 1382 715 1383 714 1383 831 1383 392 1384 626 1384 394 1384 394 1385 626 1385 625 1385 832 1386 713 1386 833 1386 714 1387 713 1387 832 1387 390 1388 627 1388 392 1388 392 1389 627 1389 626 1389 833 1390 712 1390 834 1390 834 1391 712 1391 835 1391 713 1392 712 1392 833 1392 388 1393 628 1393 390 1393 390 1394 628 1394 627 1394 712 1395 711 1395 835 1395 835 1396 711 1396 836 1396 388 1397 629 1397 628 1397 386 1398 629 1398 388 1398 711 1399 710 1399 836 1399 836 1400 710 1400 837 1400 386 1401 630 1401 629 1401 383 1402 630 1402 386 1402 837 1403 721 1403 838 1403 710 1404 721 1404 837 1404 382 1405 605 1405 383 1405 383 1406 605 1406 630 1406 838 1407 720 1407 839 1407 721 1408 720 1408 838 1408 382 1409 723 1409 605 1409 868 1410 723 1410 382 1410 839 1411 709 1411 840 1411 720 1412 709 1412 839 1412 867 1413 724 1413 868 1413 868 1414 724 1414 723 1414 840 1415 708 1415 841 1415 709 1416 708 1416 840 1416 866 1417 725 1417 867 1417 867 1418 725 1418 724 1418 841 1419 707 1419 842 1419 708 1420 707 1420 841 1420 866 1421 726 1421 725 1421 865 1422 726 1422 866 1422 842 1423 706 1423 843 1423 707 1424 706 1424 842 1424 865 1425 727 1425 726 1425 864 1426 727 1426 865 1426 843 1427 705 1427 844 1427 706 1428 705 1428 843 1428 863 1429 728 1429 864 1429 864 1430 728 1430 727 1430 844 1431 704 1431 845 1431 705 1432 704 1432 844 1432 862 1433 729 1433 863 1433 863 1434 729 1434 728 1434 845 1435 703 1435 846 1435 704 1436 703 1436 845 1436 862 1437 730 1437 729 1437 861 1438 730 1438 862 1438 846 1439 702 1439 847 1439 703 1440 702 1440 846 1440 861 1441 731 1441 730 1441 860 1442 731 1442 861 1442 702 1443 701 1443 847 1443 847 1444 701 1444 848 1444 860 1445 742 1445 731 1445 859 1446 742 1446 860 1446 848 1447 518 1447 849 1447 701 1448 518 1448 848 1448 859 1449 744 1449 742 1449 858 1450 744 1450 859 1450 518 1451 740 1451 849 1451 849 1452 740 1452 850 1452 858 1453 732 1453 744 1453 857 1454 732 1454 858 1454 850 1455 739 1455 851 1455 740 1456 739 1456 850 1456 857 1457 733 1457 732 1457 856 1458 733 1458 857 1458 851 1459 738 1459 852 1459 739 1460 738 1460 851 1460 856 1461 734 1461 733 1461 855 1462 734 1462 856 1462 738 1463 737 1463 852 1463 852 1464 737 1464 853 1464 855 1465 735 1465 734 1465 854 1466 735 1466 855 1466 737 1467 736 1467 853 1467 853 1468 736 1468 854 1468 854 1469 736 1469 735 1469 525 1470 346 1470 348 1470 525 1471 348 1471 350 1471 525 1472 350 1472 352 1472 525 1473 352 1473 354 1473 525 1474 354 1474 356 1474 525 1475 356 1475 358 1475 525 1476 358 1476 360 1476 525 1477 360 1477 363 1477 525 1478 363 1478 364 1478 525 1479 364 1479 366 1479 525 1480 366 1480 368 1480 525 1481 368 1481 370 1481 525 1482 370 1482 373 1482 525 1483 339 1483 340 1483 525 1484 340 1484 342 1484 525 1485 342 1485 344 1485 525 1486 344 1486 346 1486 380 1487 525 1487 378 1487 378 1488 525 1488 376 1488 376 1489 525 1489 374 1489 374 1490 525 1490 373 1490 511 1491 304 1491 307 1491 511 1492 307 1492 309 1492 511 1493 309 1493 310 1493 511 1494 310 1494 312 1494 511 1495 312 1495 314 1495 511 1496 314 1496 317 1496 511 1497 317 1497 319 1497 511 1498 319 1498 320 1498 511 1499 320 1499 322 1499 324 1500 511 1500 322 1500 326 1501 511 1501 324 1501 329 1502 511 1502 326 1502 331 1503 511 1503 329 1503 339 1504 511 1504 337 1504 337 1505 511 1505 334 1505 334 1506 511 1506 332 1506 332 1507 511 1507 331 1507 511 1508 296 1508 298 1508 511 1509 298 1509 300 1509 511 1510 300 1510 303 1510 511 1511 303 1511 304 1511 530 1512 263 1512 265 1512 530 1513 265 1513 267 1513 530 1514 267 1514 269 1514 530 1515 269 1515 271 1515 530 1516 271 1516 273 1516 275 1517 530 1517 273 1517 277 1518 530 1518 275 1518 278 1519 530 1519 277 1519 281 1520 530 1520 278 1520 282 1521 530 1521 281 1521 285 1522 530 1522 282 1522 286 1523 530 1523 285 1523 288 1524 530 1524 286 1524 296 1525 530 1525 294 1525 294 1526 530 1526 292 1526 292 1527 530 1527 291 1527 291 1528 530 1528 288 1528 530 1529 254 1529 257 1529 530 1530 257 1530 259 1530 530 1531 259 1531 261 1531 530 1532 261 1532 263 1532 869 1533 547 1533 870 1533 871 1534 870 1534 547 1534 872 1535 547 1535 869 1535 873 1536 871 1536 547 1536 874 1537 547 1537 872 1537 875 1538 547 1538 874 1538 876 1539 547 1539 875 1539 877 1540 547 1540 876 1540 878 1541 547 1541 877 1541 879 1542 547 1542 878 1542 880 1543 547 1543 879 1543 881 1544 547 1544 880 1544 882 1545 547 1545 881 1545 883 1546 547 1546 882 1546 884 1547 547 1547 883 1547 254 1548 547 1548 885 1548 885 1549 547 1549 886 1549 886 1550 547 1550 884 1550 547 1551 567 1551 887 1551 547 1552 887 1552 888 1552 547 1553 888 1553 873 1553 564 1554 889 1554 890 1554 564 1555 890 1555 891 1555 564 1556 891 1556 892 1556 564 1557 892 1557 893 1557 894 1558 889 1558 564 1558 895 1559 894 1559 564 1559 896 1560 895 1560 564 1560 897 1561 896 1561 564 1561 898 1562 897 1562 564 1562 899 1563 898 1563 564 1563 900 1564 899 1564 564 1564 901 1565 900 1565 564 1565 902 1566 901 1566 564 1566 903 1567 902 1567 564 1567 904 1568 903 1568 564 1568 567 1569 564 1569 905 1569 905 1570 564 1570 906 1570 906 1571 564 1571 893 1571 564 1572 585 1572 907 1572 564 1573 907 1573 908 1573 564 1574 908 1574 904 1574 582 1575 909 1575 910 1575 582 1576 910 1576 911 1576 582 1577 911 1577 912 1577 582 1578 912 1578 913 1578 582 1579 913 1579 914 1579 582 1580 914 1580 915 1580 582 1581 915 1581 916 1581 582 1582 916 1582 917 1582 918 1583 909 1583 582 1583 919 1584 918 1584 582 1584 920 1585 919 1585 582 1585 921 1586 920 1586 582 1586 922 1587 921 1587 582 1587 923 1588 922 1588 582 1588 924 1589 923 1589 582 1589 585 1590 582 1590 925 1590 925 1591 582 1591 926 1591 926 1592 582 1592 917 1592 582 1593 380 1593 927 1593 582 1594 927 1594 928 1594 582 1595 928 1595 924 1595 380 1596 381 1596 929 1596 927 1597 380 1597 929 1597 927 1598 929 1598 930 1598 928 1599 927 1599 930 1599 928 1600 930 1600 931 1600 924 1601 928 1601 931 1601 924 1602 931 1602 932 1602 923 1603 924 1603 932 1603 923 1604 932 1604 933 1604 922 1605 923 1605 933 1605 922 1606 933 1606 934 1606 921 1607 934 1607 935 1607 921 1608 922 1608 934 1608 920 1609 935 1609 936 1609 920 1610 921 1610 935 1610 919 1611 936 1611 937 1611 919 1612 920 1612 936 1612 918 1613 937 1613 938 1613 918 1614 919 1614 937 1614 909 1615 938 1615 939 1615 909 1616 918 1616 938 1616 910 1617 939 1617 940 1617 910 1618 909 1618 939 1618 911 1619 940 1619 941 1619 911 1620 910 1620 940 1620 912 1621 941 1621 942 1621 912 1622 911 1622 941 1622 913 1623 942 1623 943 1623 913 1624 912 1624 942 1624 914 1625 943 1625 944 1625 914 1626 913 1626 943 1626 915 1627 944 1627 945 1627 915 1628 914 1628 944 1628 916 1629 915 1629 945 1629 916 1630 945 1630 946 1630 917 1631 916 1631 946 1631 917 1632 946 1632 947 1632 926 1633 917 1633 947 1633 926 1634 947 1634 948 1634 925 1635 926 1635 948 1635 925 1636 948 1636 949 1636 585 1637 925 1637 949 1637 585 1638 949 1638 950 1638 907 1639 585 1639 950 1639 907 1640 950 1640 951 1640 908 1641 907 1641 951 1641 908 1642 951 1642 952 1642 904 1643 908 1643 952 1643 904 1644 952 1644 953 1644 903 1645 904 1645 953 1645 903 1646 953 1646 954 1646 902 1647 954 1647 955 1647 902 1648 903 1648 954 1648 901 1649 955 1649 956 1649 901 1650 902 1650 955 1650 900 1651 901 1651 956 1651 900 1652 956 1652 957 1652 899 1653 957 1653 958 1653 899 1654 900 1654 957 1654 898 1655 958 1655 959 1655 898 1656 899 1656 958 1656 897 1657 959 1657 960 1657 897 1658 898 1658 959 1658 896 1659 960 1659 961 1659 896 1660 897 1660 960 1660 895 1661 961 1661 962 1661 895 1662 896 1662 961 1662 894 1663 962 1663 963 1663 894 1664 895 1664 962 1664 889 1665 963 1665 964 1665 889 1666 894 1666 963 1666 890 1667 964 1667 965 1667 890 1668 889 1668 964 1668 891 1669 965 1669 966 1669 891 1670 890 1670 965 1670 892 1671 966 1671 967 1671 892 1672 891 1672 966 1672 893 1673 967 1673 968 1673 893 1674 892 1674 967 1674 906 1675 968 1675 969 1675 906 1676 893 1676 968 1676 905 1677 906 1677 969 1677 567 1678 905 1678 969 1678 567 1679 970 1679 971 1679 567 1680 969 1680 970 1680 887 1681 567 1681 971 1681 888 1682 887 1682 971 1682 888 1683 971 1683 972 1683 873 1684 888 1684 972 1684 873 1685 973 1685 974 1685 873 1686 972 1686 973 1686 871 1687 873 1687 974 1687 870 1688 871 1688 974 1688 870 1689 975 1689 976 1689 870 1690 974 1690 975 1690 869 1691 976 1691 977 1691 869 1692 870 1692 976 1692 872 1693 869 1693 977 1693 874 1694 978 1694 979 1694 874 1695 977 1695 978 1695 874 1696 872 1696 977 1696 875 1697 979 1697 980 1697 875 1698 874 1698 979 1698 876 1699 875 1699 980 1699 877 1700 980 1700 981 1700 877 1701 876 1701 980 1701 878 1702 981 1702 982 1702 878 1703 877 1703 981 1703 879 1704 982 1704 983 1704 879 1705 878 1705 982 1705 880 1706 983 1706 984 1706 880 1707 879 1707 983 1707 881 1708 985 1708 986 1708 881 1709 984 1709 985 1709 881 1710 880 1710 984 1710 882 1711 881 1711 986 1711 883 1712 987 1712 988 1712 883 1713 986 1713 987 1713 883 1714 882 1714 986 1714 884 1715 883 1715 988 1715 886 1716 989 1716 990 1716 886 1717 988 1717 989 1717 886 1718 884 1718 988 1718 885 1719 990 1719 255 1719 885 1720 886 1720 990 1720 254 1721 885 1721 255 1721 991 1722 992 1722 993 1722 994 1723 995 1723 996 1723 996 1724 995 1724 997 1724 997 1725 995 1725 998 1725 998 1726 995 1726 999 1726 999 1727 1000 1727 1001 1727 1001 1728 1000 1728 991 1728 991 1729 1000 1729 992 1729 1002 1730 1003 1730 995 1730 1000 1731 1004 1731 1005 1731 1005 1732 1004 1732 1006 1732 1006 1733 1004 1733 1007 1733 1004 1734 1008 1734 1009 1734 1009 1735 1008 1735 1010 1735 1011 1736 1012 1736 1013 1736 1013 1737 1012 1737 1014 1737 1004 1738 1015 1738 1008 1738 1014 1739 1016 1739 1017 1739 1012 1740 1016 1740 1014 1740 1018 1741 1019 1741 1020 1741 252 1742 247 1742 1021 1742 1021 1743 247 1743 1016 1743 250 1744 247 1744 251 1744 251 1745 247 1745 252 1745 1022 1746 1023 1746 1024 1746 1024 1747 1023 1747 1025 1747 1025 1748 1023 1748 1026 1748 247 1749 242 1749 1016 1749 243 1750 242 1750 246 1750 246 1751 242 1751 247 1751 239 1752 238 1752 242 1752 1023 1753 1027 1753 1028 1753 1028 1754 1027 1754 1029 1754 1029 1755 1027 1755 1030 1755 1023 1756 1031 1756 1027 1756 1022 1757 1031 1757 1023 1757 238 1758 231 1758 242 1758 1017 1759 231 1759 1032 1759 1032 1760 231 1760 1003 1760 234 1761 231 1761 235 1761 235 1762 231 1762 238 1762 1003 1763 231 1763 995 1763 995 1764 231 1764 999 1764 1016 1765 231 1765 1017 1765 242 1766 231 1766 1016 1766 227 1767 226 1767 230 1767 230 1768 226 1768 231 1768 1015 1769 226 1769 1018 1769 231 1770 226 1770 999 1770 999 1771 226 1771 1000 1771 1000 1772 226 1772 1004 1772 1004 1773 226 1773 1015 1773 1031 1774 1033 1774 1034 1774 1034 1775 1033 1775 1035 1775 1035 1776 1033 1776 1036 1776 223 1777 222 1777 226 1777 1031 1778 1037 1778 1033 1778 1033 1779 1037 1779 1038 1779 222 1780 219 1780 226 1780 214 1781 211 1781 215 1781 215 1782 211 1782 218 1782 218 1783 211 1783 219 1783 1019 1784 211 1784 1022 1784 219 1785 211 1785 226 1785 226 1786 211 1786 1018 1786 1018 1787 211 1787 1019 1787 1039 1788 1040 1788 1041 1788 1041 1789 1040 1789 1042 1789 210 1790 207 1790 211 1790 1022 1791 206 1791 1031 1791 1037 1792 206 1792 1043 1792 1043 1793 206 1793 1039 1793 1031 1794 206 1794 1037 1794 211 1795 206 1795 1022 1795 207 1796 206 1796 211 1796 206 1797 203 1797 1039 1797 1040 1798 1044 1798 1045 1798 1045 1799 1044 1799 1046 1799 1046 1800 1044 1800 1047 1800 202 1801 199 1801 203 1801 203 1802 199 1802 1039 1802 1044 1803 1048 1803 1049 1803 1048 1804 1050 1804 1051 1804 194 1805 191 1805 195 1805 1050 1806 129 1806 1052 1806 191 1807 187 1807 195 1807 188 1808 187 1808 191 1808 1048 1809 132 1809 1050 1809 1050 1810 132 1810 129 1810 129 1811 132 1811 130 1811 130 1812 132 1812 131 1812 1044 1813 132 1813 1048 1813 187 1814 183 1814 195 1814 184 1815 183 1815 187 1815 195 1816 183 1816 198 1816 1044 1817 135 1817 132 1817 1040 1818 135 1818 1044 1818 180 1819 179 1819 183 1819 135 1820 139 1820 136 1820 183 1821 176 1821 198 1821 179 1822 176 1822 183 1822 199 1823 176 1823 1039 1823 198 1824 176 1824 199 1824 135 1825 143 1825 139 1825 139 1826 143 1826 140 1826 135 1827 144 1827 143 1827 171 1828 168 1828 172 1828 172 1829 168 1829 175 1829 175 1830 168 1830 176 1830 144 1831 148 1831 147 1831 168 1832 167 1832 176 1832 144 1833 151 1833 148 1833 167 1834 164 1834 176 1834 144 1835 152 1835 151 1835 164 1836 160 1836 176 1836 163 1837 160 1837 164 1837 152 1838 156 1838 155 1838 1040 1839 159 1839 135 1839 152 1840 159 1840 156 1840 135 1841 159 1841 144 1841 176 1842 159 1842 1039 1842 144 1843 159 1843 152 1843 1039 1844 159 1844 1040 1844 160 1845 159 1845 176 1845 1053 1846 252 1846 1021 1846 1053 1847 1021 1847 1016 1847 1053 1848 1016 1848 1012 1848 1054 1849 126 1849 252 1849 1054 1850 252 1850 1053 1850 1054 1851 1055 1851 126 1851 1054 1852 1056 1852 1055 1852 1054 1853 1057 1853 1056 1853 1058 1854 1012 1854 1011 1854 1058 1855 1011 1855 1013 1855 1058 1856 1053 1856 1012 1856 1059 1857 1053 1857 1058 1857 1059 1858 1054 1858 1053 1858 1059 1859 1060 1859 1057 1859 1059 1860 1061 1860 1060 1860 1059 1861 1057 1861 1054 1861 1062 1862 1058 1862 1013 1862 1062 1863 1013 1863 1014 1863 1062 1864 1014 1864 1017 1864 1063 1865 1059 1865 1058 1865 1063 1866 1061 1866 1059 1866 1063 1867 1058 1867 1062 1867 1063 1868 1064 1868 1061 1868 1063 1869 1065 1869 1064 1869 1066 1870 1017 1870 1032 1870 1066 1871 1032 1871 1003 1871 1066 1872 1063 1872 1062 1872 1066 1873 1062 1873 1017 1873 1067 1874 1065 1874 1063 1874 1067 1875 1063 1875 1066 1875 1067 1876 1068 1876 1065 1876 1067 1877 1069 1877 1068 1877 1070 1878 1003 1878 1002 1878 1070 1879 1002 1879 995 1879 1070 1880 1066 1880 1003 1880 1071 1881 1067 1881 1066 1881 1071 1882 1069 1882 1067 1882 1071 1883 1072 1883 1069 1883 1071 1884 1073 1884 1072 1884 1071 1885 1066 1885 1070 1885 1074 1886 995 1886 994 1886 1074 1887 994 1887 996 1887 1074 1888 1070 1888 995 1888 1075 1889 1073 1889 1071 1889 1075 1890 1071 1890 1070 1890 1075 1891 1070 1891 1074 1891 1075 1892 1076 1892 1073 1892 1075 1893 1077 1893 1076 1893 1078 1894 996 1894 997 1894 1078 1895 997 1895 998 1895 1078 1896 1074 1896 996 1896 1079 1897 1074 1897 1078 1897 1079 1898 1080 1898 1077 1898 1079 1899 1081 1899 1080 1899 1079 1900 1075 1900 1074 1900 1079 1901 1077 1901 1075 1901 1082 1902 998 1902 999 1902 1082 1903 999 1903 1001 1903 1082 1904 1078 1904 998 1904 1083 1905 1078 1905 1082 1905 1083 1906 1079 1906 1078 1906 1083 1907 1081 1907 1079 1907 1083 1908 1084 1908 1081 1908 1083 1909 1085 1909 1084 1909 1086 1910 1001 1910 991 1910 1086 1911 991 1911 993 1911 1086 1912 1082 1912 1001 1912 1087 1913 1082 1913 1086 1913 1087 1914 1085 1914 1083 1914 1087 1915 1088 1915 1085 1915 1087 1916 1083 1916 1082 1916 1087 1917 1089 1917 1088 1917 1090 1918 993 1918 992 1918 1090 1919 992 1919 1000 1919 1090 1920 1086 1920 993 1920 1091 1921 1089 1921 1087 1921 1091 1922 1087 1922 1086 1922 1091 1923 1086 1923 1090 1923 1091 1924 1092 1924 1089 1924 1091 1925 1093 1925 1092 1925 1094 1926 1000 1926 1005 1926 1094 1927 1005 1927 1006 1927 1094 1928 1090 1928 1000 1928 1094 1929 1091 1929 1090 1929 1095 1930 1091 1930 1094 1930 1095 1931 1093 1931 1091 1931 1095 1932 1096 1932 1093 1932 1095 1933 1097 1933 1096 1933 1098 1934 1006 1934 1007 1934 1098 1935 1007 1935 1004 1935 1098 1936 1094 1936 1006 1936 1099 1937 1094 1937 1098 1937 1099 1938 1097 1938 1095 1938 1099 1939 1100 1939 1097 1939 1099 1940 1101 1940 1100 1940 1099 1941 1095 1941 1094 1941 1102 1942 1004 1942 1009 1942 1102 1943 1009 1943 1010 1943 1102 1944 1098 1944 1004 1944 1103 1945 1099 1945 1098 1945 1103 1946 1098 1946 1102 1946 1103 1947 1101 1947 1099 1947 1103 1948 1104 1948 1101 1948 1103 1949 1105 1949 1104 1949 1106 1950 1010 1950 1008 1950 1106 1951 1008 1951 1015 1951 1106 1952 1102 1952 1010 1952 1107 1953 1102 1953 1106 1953 1107 1954 1103 1954 1102 1954 1107 1955 1105 1955 1103 1955 1107 1956 1108 1956 1105 1956 1107 1957 1109 1957 1108 1957 1110 1958 1015 1958 1018 1958 1110 1959 1018 1959 1020 1959 1110 1960 1106 1960 1015 1960 1111 1961 1107 1961 1106 1961 1111 1962 1106 1962 1110 1962 1111 1963 1109 1963 1107 1963 1111 1964 1112 1964 1109 1964 1111 1965 1113 1965 1112 1965 1114 1966 1020 1966 1019 1966 1114 1967 1110 1967 1020 1967 1114 1968 1111 1968 1110 1968 1115 1969 1113 1969 1111 1969 1115 1970 1111 1970 1114 1970 1115 1971 1116 1971 1113 1971 1117 1972 1019 1972 1022 1972 1117 1973 1022 1973 1024 1973 1117 1974 1114 1974 1019 1974 1118 1975 1115 1975 1114 1975 1118 1976 1114 1976 1117 1976 1118 1977 1116 1977 1115 1977 1118 1978 1119 1978 1116 1978 1118 1979 1120 1979 1119 1979 1121 1980 1024 1980 1025 1980 1121 1981 1025 1981 1026 1981 1121 1982 1117 1982 1024 1982 1122 1983 1123 1983 1124 1983 1122 1984 1118 1984 1117 1984 1122 1985 1117 1985 1121 1985 1122 1986 1120 1986 1118 1986 1122 1987 1124 1987 1120 1987 1125 1988 1122 1988 1121 1988 1125 1989 1026 1989 1023 1989 1125 1990 1023 1990 1028 1990 1125 1991 1121 1991 1026 1991 1126 1992 1127 1992 1123 1992 1126 1993 1128 1993 1127 1993 1126 1994 1123 1994 1122 1994 1126 1995 1122 1995 1125 1995 1129 1996 1125 1996 1028 1996 1129 1997 1028 1997 1029 1997 1129 1998 1029 1998 1030 1998 1130 1999 1131 1999 1128 1999 1130 2000 1132 2000 1131 2000 1130 2001 1125 2001 1129 2001 1130 2002 1128 2002 1126 2002 1130 2003 1126 2003 1125 2003 1133 2004 1030 2004 1027 2004 1133 2005 1027 2005 1031 2005 1133 2006 1129 2006 1030 2006 1134 2007 1135 2007 1132 2007 1134 2008 1136 2008 1135 2008 1134 2009 1132 2009 1130 2009 1134 2010 1129 2010 1133 2010 1134 2011 1130 2011 1129 2011 1137 2012 1133 2012 1031 2012 1137 2013 1031 2013 1034 2013 1137 2014 1034 2014 1035 2014 1138 2015 1139 2015 1136 2015 1138 2016 1133 2016 1137 2016 1138 2017 1140 2017 1139 2017 1138 2018 1134 2018 1133 2018 1138 2019 1136 2019 1134 2019 1141 2020 1035 2020 1036 2020 1141 2021 1036 2021 1033 2021 1141 2022 1137 2022 1035 2022 1142 2023 1143 2023 1140 2023 1142 2024 1144 2024 1143 2024 1142 2025 1138 2025 1137 2025 1142 2026 1140 2026 1138 2026 1142 2027 1137 2027 1141 2027 1145 2028 1141 2028 1033 2028 1145 2029 1033 2029 1038 2029 1145 2030 1038 2030 1037 2030 1146 2031 1147 2031 1144 2031 1146 2032 1148 2032 1147 2032 1146 2033 1141 2033 1145 2033 1146 2034 1144 2034 1142 2034 1146 2035 1142 2035 1141 2035 1149 2036 1037 2036 1043 2036 1149 2037 1043 2037 1039 2037 1149 2038 1145 2038 1037 2038 1150 2039 1151 2039 1148 2039 1150 2040 1152 2040 1151 2040 1150 2041 1148 2041 1146 2041 1150 2042 1146 2042 1145 2042 1150 2043 1145 2043 1149 2043 1153 2044 1039 2044 1041 2044 1153 2045 1041 2045 1042 2045 1153 2046 1149 2046 1039 2046 1153 2047 1150 2047 1149 2047 1154 2048 1155 2048 1152 2048 1154 2049 1156 2049 1155 2049 1154 2050 1150 2050 1153 2050 1154 2051 1152 2051 1150 2051 1157 2052 1153 2052 1042 2052 1157 2053 1042 2053 1040 2053 1157 2054 1040 2054 1045 2054 1158 2055 1154 2055 1153 2055 1158 2056 1153 2056 1157 2056 1158 2057 1159 2057 1156 2057 1158 2058 1160 2058 1159 2058 1158 2059 1156 2059 1154 2059 1161 2060 1157 2060 1045 2060 1161 2061 1045 2061 1046 2061 1161 2062 1046 2062 1047 2062 1162 2063 1160 2063 1158 2063 1162 2064 1163 2064 1160 2064 1162 2065 1164 2065 1163 2065 1162 2066 1158 2066 1157 2066 1162 2067 1157 2067 1161 2067 1165 2068 1161 2068 1047 2068 1165 2069 1047 2069 1044 2069 1165 2070 1044 2070 1049 2070 1166 2071 1164 2071 1162 2071 1166 2072 1162 2072 1161 2072 1166 2073 1167 2073 1164 2073 1166 2074 1168 2074 1167 2074 1166 2075 1161 2075 1165 2075 1169 2076 1165 2076 1049 2076 1169 2077 1049 2077 1048 2077 1169 2078 1048 2078 1051 2078 1170 2079 1168 2079 1166 2079 1170 2080 1171 2080 1168 2080 1170 2081 1166 2081 1165 2081 1170 2082 1172 2082 1171 2082 1170 2083 1165 2083 1169 2083 1173 2084 1169 2084 1051 2084 1173 2085 1051 2085 1050 2085 1173 2086 1050 2086 1052 2086 1173 2087 1052 2087 129 2087 1174 2088 1170 2088 1169 2088 1174 2089 1175 2089 1172 2089 1174 2090 1176 2090 1175 2090 1174 2091 1169 2091 1173 2091 1174 2092 1 2092 1176 2092 1174 2093 1172 2093 1170 2093 1174 2094 1173 2094 129 2094 1174 2095 129 2095 1 2095 1177 2096 127 2096 126 2096 1177 2097 126 2097 1055 2097 1178 2098 1055 2098 1056 2098 1178 2099 1177 2099 1055 2099 1179 2100 1056 2100 1057 2100 1179 2101 1178 2101 1056 2101 1180 2102 1057 2102 1060 2102 1180 2103 1179 2103 1057 2103 1181 2104 1060 2104 1061 2104 1181 2105 1180 2105 1060 2105 1182 2106 1061 2106 1064 2106 1182 2107 1181 2107 1061 2107 1183 2108 1064 2108 1065 2108 1183 2109 1182 2109 1064 2109 1184 2110 1065 2110 1068 2110 1184 2111 1183 2111 1065 2111 1185 2112 1068 2112 1069 2112 1185 2113 1184 2113 1068 2113 1186 2114 1069 2114 1072 2114 1186 2115 1185 2115 1069 2115 1187 2116 1072 2116 1073 2116 1187 2117 1186 2117 1072 2117 1188 2118 1073 2118 1076 2118 1188 2119 1187 2119 1073 2119 1189 2120 1076 2120 1077 2120 1189 2121 1188 2121 1076 2121 1190 2122 1077 2122 1080 2122 1190 2123 1189 2123 1077 2123 1191 2124 1080 2124 1081 2124 1191 2125 1190 2125 1080 2125 1192 2126 1081 2126 1084 2126 1192 2127 1191 2127 1081 2127 1193 2128 1084 2128 1085 2128 1193 2129 1192 2129 1084 2129 1194 2130 1085 2130 1088 2130 1194 2131 1193 2131 1085 2131 1195 2132 1194 2132 1088 2132 1195 2133 1088 2133 1089 2133 1196 2134 1195 2134 1089 2134 1196 2135 1089 2135 1092 2135 1197 2136 1196 2136 1092 2136 1197 2137 1092 2137 1093 2137 1198 2138 1197 2138 1093 2138 1198 2139 1093 2139 1096 2139 1199 2140 1096 2140 1097 2140 1199 2141 1198 2141 1096 2141 1200 2142 1097 2142 1100 2142 1200 2143 1199 2143 1097 2143 1201 2144 1100 2144 1101 2144 1201 2145 1200 2145 1100 2145 1202 2146 1101 2146 1104 2146 1202 2147 1201 2147 1101 2147 1203 2148 1104 2148 1105 2148 1203 2149 1202 2149 1104 2149 1204 2150 1105 2150 1108 2150 1204 2151 1203 2151 1105 2151 1205 2152 1108 2152 1109 2152 1205 2153 1204 2153 1108 2153 1206 2154 1109 2154 1112 2154 1206 2155 1205 2155 1109 2155 1207 2156 1112 2156 1113 2156 1207 2157 1206 2157 1112 2157 1208 2158 1113 2158 1116 2158 1208 2159 1207 2159 1113 2159 1209 2160 1116 2160 1119 2160 1209 2161 1208 2161 1116 2161 1210 2162 1119 2162 1120 2162 1210 2163 1209 2163 1119 2163 1211 2164 1120 2164 1124 2164 1211 2165 1210 2165 1120 2165 1212 2166 1124 2166 1123 2166 1212 2167 1211 2167 1124 2167 1213 2168 1123 2168 1127 2168 1213 2169 1212 2169 1123 2169 1214 2170 1127 2170 1128 2170 1214 2171 1213 2171 1127 2171 1215 2172 1128 2172 1131 2172 1215 2173 1214 2173 1128 2173 1216 2174 1131 2174 1132 2174 1216 2175 1215 2175 1131 2175 1217 2176 1132 2176 1135 2176 1217 2177 1216 2177 1132 2177 1218 2178 1135 2178 1136 2178 1218 2179 1217 2179 1135 2179 1219 2180 1218 2180 1136 2180 1219 2181 1136 2181 1139 2181 1220 2182 1219 2182 1139 2182 1220 2183 1139 2183 1140 2183 1221 2184 1220 2184 1140 2184 1221 2185 1140 2185 1143 2185 1222 2186 1221 2186 1143 2186 1222 2187 1143 2187 1144 2187 1223 2188 1222 2188 1144 2188 1223 2189 1144 2189 1147 2189 1224 2190 1223 2190 1147 2190 1224 2191 1147 2191 1148 2191 1225 2192 1224 2192 1148 2192 1225 2193 1148 2193 1151 2193 1226 2194 1225 2194 1151 2194 1226 2195 1151 2195 1152 2195 1227 2196 1226 2196 1152 2196 1227 2197 1152 2197 1155 2197 1228 2198 1227 2198 1155 2198 1228 2199 1155 2199 1156 2199 1229 2200 1228 2200 1156 2200 1229 2201 1156 2201 1159 2201 1230 2202 1229 2202 1159 2202 1230 2203 1159 2203 1160 2203 1231 2204 1230 2204 1160 2204 1231 2205 1160 2205 1163 2205 1232 2206 1231 2206 1163 2206 1232 2207 1163 2207 1164 2207 1233 2208 1164 2208 1167 2208 1233 2209 1232 2209 1164 2209 1234 2210 1167 2210 1168 2210 1234 2211 1233 2211 1167 2211 1235 2212 1168 2212 1171 2212 1235 2213 1234 2213 1168 2213 1236 2214 1171 2214 1172 2214 1236 2215 1235 2215 1171 2215 1237 2216 1172 2216 1175 2216 1237 2217 1236 2217 1172 2217 1238 2218 1175 2218 1176 2218 1238 2219 1237 2219 1175 2219 0 2220 1176 2220 1 2220 0 2221 1238 2221 1176 2221 1224 2222 977 2222 976 2222 1224 2223 976 2223 975 2223 1224 2224 975 2224 1223 2224 1222 2225 975 2225 974 2225 1222 2226 1223 2226 975 2226 1225 2227 978 2227 977 2227 1225 2228 977 2228 1224 2228 1221 2229 974 2229 973 2229 1221 2230 1222 2230 974 2230 1226 2231 979 2231 978 2231 1226 2232 978 2232 1225 2232 1220 2233 973 2233 972 2233 1220 2234 1221 2234 973 2234 1227 2235 980 2235 979 2235 1227 2236 979 2236 1226 2236 1219 2237 972 2237 971 2237 1219 2238 1220 2238 972 2238 1228 2239 981 2239 980 2239 1228 2240 980 2240 1227 2240 1218 2241 971 2241 970 2241 1218 2242 1219 2242 971 2242 1229 2243 982 2243 981 2243 1229 2244 981 2244 1228 2244 1217 2245 970 2245 969 2245 1217 2246 1218 2246 970 2246 1230 2247 983 2247 982 2247 1230 2248 982 2248 1229 2248 1216 2249 969 2249 968 2249 1216 2250 1217 2250 969 2250 1231 2251 984 2251 983 2251 1231 2252 983 2252 1230 2252 1215 2253 968 2253 967 2253 1215 2254 1216 2254 968 2254 1232 2255 985 2255 984 2255 1232 2256 984 2256 1231 2256 1214 2257 967 2257 966 2257 1214 2258 1215 2258 967 2258 1233 2259 986 2259 985 2259 1233 2260 985 2260 1232 2260 1213 2261 966 2261 965 2261 1213 2262 1214 2262 966 2262 1234 2263 987 2263 986 2263 1234 2264 986 2264 1233 2264 1212 2265 965 2265 964 2265 1212 2266 1213 2266 965 2266 1235 2267 988 2267 987 2267 1235 2268 987 2268 1234 2268 1211 2269 964 2269 963 2269 1211 2270 1212 2270 964 2270 1236 2271 989 2271 988 2271 1236 2272 988 2272 1235 2272 1210 2273 963 2273 962 2273 1210 2274 1211 2274 963 2274 1237 2275 990 2275 989 2275 1237 2276 989 2276 1236 2276 1209 2277 962 2277 961 2277 1209 2278 1210 2278 962 2278 1238 2279 255 2279 990 2279 1238 2280 990 2280 1237 2280 1208 2281 1209 2281 961 2281 1208 2282 961 2282 960 2282 0 2283 255 2283 1238 2283 1207 2284 960 2284 959 2284 1207 2285 1208 2285 960 2285 3 2286 258 2286 256 2286 3 2287 256 2287 255 2287 3 2288 255 2288 0 2288 1206 2289 959 2289 958 2289 1206 2290 1207 2290 959 2290 5 2291 260 2291 258 2291 5 2292 258 2292 3 2292 1205 2293 1206 2293 958 2293 1205 2294 958 2294 957 2294 7 2295 260 2295 5 2295 1204 2296 957 2296 956 2296 1204 2297 1205 2297 957 2297 9 2298 264 2298 262 2298 9 2299 262 2299 260 2299 9 2300 260 2300 7 2300 1203 2301 1204 2301 956 2301 1203 2302 956 2302 955 2302 11 2303 266 2303 264 2303 11 2304 264 2304 9 2304 1202 2305 955 2305 954 2305 1202 2306 1203 2306 955 2306 13 2307 266 2307 11 2307 1201 2308 1202 2308 954 2308 1201 2309 954 2309 953 2309 15 2310 268 2310 266 2310 15 2311 266 2311 13 2311 1200 2312 1201 2312 953 2312 1200 2313 953 2313 952 2313 17 2314 268 2314 15 2314 17 2315 272 2315 270 2315 17 2316 270 2316 268 2316 1199 2317 1200 2317 952 2317 1199 2318 952 2318 951 2318 19 2319 272 2319 17 2319 1198 2320 951 2320 950 2320 1198 2321 1199 2321 951 2321 21 2322 274 2322 272 2322 21 2323 272 2323 19 2323 1197 2324 1198 2324 950 2324 1197 2325 950 2325 949 2325 23 2326 274 2326 21 2326 23 2327 276 2327 274 2327 1196 2328 1197 2328 949 2328 1196 2329 949 2329 948 2329 25 2330 280 2330 279 2330 25 2331 279 2331 276 2331 25 2332 276 2332 23 2332 1195 2333 1196 2333 948 2333 1195 2334 948 2334 947 2334 27 2335 280 2335 25 2335 1194 2336 947 2336 946 2336 1194 2337 1195 2337 947 2337 29 2338 283 2338 280 2338 29 2339 280 2339 27 2339 1193 2340 946 2340 945 2340 1193 2341 1194 2341 946 2341 284 2342 283 2342 29 2342 31 2343 284 2343 29 2343 1192 2344 945 2344 944 2344 1192 2345 1193 2345 945 2345 287 2346 284 2346 31 2346 287 2347 31 2347 33 2347 1191 2348 1192 2348 944 2348 943 2349 1191 2349 944 2349 35 2350 287 2350 33 2350 1190 2351 1191 2351 943 2351 289 2352 287 2352 35 2352 942 2353 1190 2353 943 2353 1189 2354 1190 2354 942 2354 290 2355 289 2355 35 2355 290 2356 35 2356 37 2356 941 2357 1189 2357 942 2357 293 2358 290 2358 37 2358 293 2359 37 2359 39 2359 940 2360 1188 2360 1189 2360 940 2361 1189 2361 941 2361 940 2362 1187 2362 1188 2362 295 2363 293 2363 39 2363 295 2364 39 2364 41 2364 295 2365 41 2365 43 2365 939 2366 1187 2366 940 2366 297 2367 295 2367 43 2367 938 2368 1187 2368 939 2368 938 2369 1185 2369 1186 2369 938 2370 1186 2370 1187 2370 299 2371 43 2371 45 2371 299 2372 297 2372 43 2372 937 2373 1185 2373 938 2373 937 2374 1184 2374 1185 2374 301 2375 45 2375 47 2375 301 2376 299 2376 45 2376 936 2377 1184 2377 937 2377 936 2378 1183 2378 1184 2378 302 2379 47 2379 49 2379 302 2380 301 2380 47 2380 935 2381 1183 2381 936 2381 935 2382 1182 2382 1183 2382 305 2383 49 2383 51 2383 305 2384 302 2384 49 2384 934 2385 1182 2385 935 2385 306 2386 51 2386 53 2386 306 2387 305 2387 51 2387 933 2388 1182 2388 934 2388 933 2389 1180 2389 1181 2389 933 2390 1181 2390 1182 2390 308 2391 53 2391 55 2391 308 2392 306 2392 53 2392 932 2393 1180 2393 933 2393 932 2394 1179 2394 1180 2394 311 2395 308 2395 55 2395 311 2396 55 2396 57 2396 931 2397 1179 2397 932 2397 931 2398 1178 2398 1179 2398 313 2399 311 2399 57 2399 313 2400 57 2400 59 2400 930 2401 1178 2401 931 2401 930 2402 1177 2402 1178 2402 315 2403 313 2403 59 2403 315 2404 59 2404 61 2404 315 2405 61 2405 63 2405 929 2406 1177 2406 930 2406 929 2407 127 2407 1177 2407 316 2408 315 2408 63 2408 381 2409 127 2409 929 2409 318 2410 63 2410 64 2410 318 2411 64 2411 67 2411 318 2412 316 2412 63 2412 379 2413 123 2413 125 2413 379 2414 125 2414 127 2414 379 2415 127 2415 381 2415 321 2416 318 2416 67 2416 377 2417 123 2417 379 2417 323 2418 67 2418 69 2418 323 2419 321 2419 67 2419 375 2420 123 2420 377 2420 375 2421 120 2421 123 2421 325 2422 323 2422 69 2422 325 2423 69 2423 71 2423 372 2424 120 2424 375 2424 372 2425 118 2425 120 2425 327 2426 325 2426 71 2426 327 2427 71 2427 73 2427 371 2428 118 2428 372 2428 371 2429 116 2429 118 2429 328 2430 327 2430 73 2430 328 2431 73 2431 75 2431 369 2432 116 2432 371 2432 369 2433 112 2433 115 2433 369 2434 115 2434 116 2434 330 2435 75 2435 77 2435 330 2436 328 2436 75 2436 367 2437 112 2437 369 2437 367 2438 110 2438 112 2438 333 2439 330 2439 77 2439 333 2440 77 2440 79 2440 365 2441 110 2441 367 2441 365 2442 109 2442 110 2442 335 2443 333 2443 79 2443 335 2444 79 2444 81 2444 362 2445 109 2445 365 2445 362 2446 106 2446 109 2446 336 2447 335 2447 81 2447 336 2448 81 2448 83 2448 361 2449 106 2449 362 2449 361 2450 105 2450 106 2450 338 2451 336 2451 83 2451 338 2452 83 2452 85 2452 359 2453 105 2453 361 2453 359 2454 103 2454 105 2454 341 2455 85 2455 87 2455 341 2456 338 2456 85 2456 357 2457 103 2457 359 2457 357 2458 100 2458 103 2458 343 2459 341 2459 87 2459 343 2460 87 2460 89 2460 355 2461 100 2461 357 2461 345 2462 89 2462 90 2462 345 2463 343 2463 89 2463 353 2464 100 2464 355 2464 353 2465 96 2465 99 2465 353 2466 99 2466 100 2466 347 2467 345 2467 90 2467 347 2468 90 2468 93 2468 351 2469 96 2469 353 2469 349 2470 347 2470 93 2470 349 2471 96 2471 351 2471 349 2472 93 2472 95 2472 349 2473 95 2473 96 2473</p>
        </triangles>
      </mesh>
    </geometry>
  </library_geometries>
  <library_materials>
    <material id="mat_formed_hex_screw_am_B18_2_3_2M___Formed_hex_screw__M14_x_2_0_x_16___16WN_shape" name="formed_hex_screw_am_B18_2_3_2M___Formed_hex_screw__M14_x_2_0_x_16___16WN_shape">
      <instance_effect url="#effect_formed_hex_screw_am_B18_2_3_2M___Formed_hex_screw__M14_x_2_0_x_16___16WN_shape"/>
    </material>
  </library_materials>
  <library_visual_scenes>
    <visual_scene id="myscene">
      <node id="node0" name="node0">
        <instance_geometry url="#geometry0">
          <bind_material>
            <technique_common>
              <instance_material symbol="ref_formed_hex_screw_am_B18_2_3_2M___Formed_hex_screw__M14_x_2_0_x_16___16WN_shape" target="#mat_formed_hex_screw_am_B18_2_3_2M___Formed_hex_screw__M14_x_2_0_x_16___16WN_shape"/>
            </technique_common>
          </bind_material>
        </instance_geometry>
      </node>
    </visual_scene>
  </library_visual_scenes>
  <scene>
    <instance_visual_scene url="#myscene"/>
  </scene>
</COLLADA>
