<COLLADA xmlns="http://www.collada.org/2005/11/COLLADASchema" version="1.4.1">
  <asset>
    <contributor/>
    <created>2026-07-22T21:26:33.693341</created>
    <modified>2026-07-22T21:26:33.693346</modified>
    <unit name="meter" meter="1.0"/>
    <up_axis>Z_UP</up_axis>
  </asset>
  <library_effects>
    <effect id="effect_hex_nut_jam_am_B18_2_4_5M___Hex_jam_nut___M12_x_1_75___D_N_shape" name="effect_hex_nut_jam_am_B18_2_4_5M___Hex_jam_nut___M12_x_1_75___D_N_shape">
      <profile_COMMON>
        <technique sid="common">
          <phong>
            <emission>
              <color>0.0 0.0 0.0 1.0</color>
            </emission>
            <ambient>
              <color>0.0 0.0 0.0 1.0</color>
            </ambient>
            <diffuse>
              <color>0.800000011920929 0.800000011920929 0.9019607901573181 1.0</color>
            </diffuse>
            <specular>
              <color>1 1 1 1.0</color>
            </specular>
            <shininess>
              <float>0.0</float>
            </shininess>
            <reflective>
              <color>0.0 0.0 0.0 1.0</color>
            </reflective>
            <reflectivity>
              <float>0.0</float>
            </reflectivity>
            <transparent>
              <color>0.0 0.0 0.0 1.0</color>
            </transparent>
            <transparency>
              <float>1.0</float>
            </transparency>
          </phong>
        </technique>
        <extra>
          <technique profile="GOOGLEEARTH">
            <double_sided>0</double_sided>
          </technique>
        </extra>
      </profile_COMMON>
    </effect>
  </library_effects>
  <library_geometries>
    <geometry id="geometry0" name="hex_nut_jam_am_B18_2_4_5M___Hex_jam_nut___M12_x_1_75___D_N_shape">
      <mesh>
        <source id="cubeverts-array0">
          <float_array count="3618" id="cubeverts-array0-array">-0.02500464 0.006054751 -0.1260667 -0.02500486 0.005755676 -0.1260741 -0.02503004 0.006054751 -0.1260659 -0.02503025 0.005755676 -0.1260734 -0.0250055 0.005457344 -0.1260965 -0.02503089 0.005457344 -0.1260957 -0.02500657 0.005160498 -0.1261336 -0.02503196 0.005160498 -0.1261329 -0.02500806 0.004865874 -0.1261856 -0.02503345 0.004865874 -0.1261848 -0.02500997 0.004574207 -0.1262521 -0.02503535 0.004574207 -0.1262514 -0.02501229 0.00428622 -0.1263331 -0.02503768 0.00428622 -0.1263324 -0.02501502 0.00400263 -0.1264284 -0.02504041 0.00400263 -0.1264276 -0.02501815 0.003724143 -0.1265376 -0.02504354 0.003724143 -0.1265369 -0.02502168 0.003451449 -0.1266606 -0.02504707 0.003451449 -0.1266599 -0.0250256 0.003185227 -0.126797 -0.02505099 0.003185227 -0.1267963 -0.02502989 0.00292614 -0.1269465 -0.02505528 0.00292614 -0.1269458 -0.02505993 0.002674831 -0.1271081 -0.02503454 0.002674831 -0.1271088 -0.02506494 0.002431925 -0.1272826 -0.02503955 0.002431925 -0.1272834 -0.02507029 0.002198026 -0.1274691 -0.0250449 0.002198026 -0.1274698 -0.02505057 0.001973715 -0.1276677 -0.02507596 0.001973715 -0.127667 -0.02508195 0.00175955 -0.1278758 -0.02505656 0.00175955 -0.1278765 -0.02508824 0.001556064 -0.128095 -0.02506285 0.001556064 -0.1280957 -0.02509481 0.001363762 -0.1283241 -0.02506942 0.001363762 -0.1283248 -0.02507626 0.001183123 -0.1285632 -0.02510165 0.001183123 -0.1285624 -0.02510874 0.001014596 -0.1288095 -0.02508335 0.001014596 -0.1288102 -0.02511606 0.0008585988 -0.1290647 -0.02509067 0.0008585988 -0.1290654 -0.02512359 0.0007155204 -0.1293273 -0.0250982 0.0007155204 -0.129328 -0.02513132 0.0005857161 -0.1295968 -0.02510593 0.0005857161 -0.1295975 -0.02511384 0.0004695088 -0.129873 -0.02513923 0.0004695088 -0.1298723 -0.02514729 0.0003671872 -0.1301533 -0.0251219 0.0003671872 -0.1301541 -0.0251301 0.0002790058 -0.1304398 -0.02515549 0.0002790058 -0.1304391 -0.0251638 0.0002051838 -0.1307289 -0.02513841 0.0002051838 -0.1307296 -0.02517221 0.0001459047 -0.131022 -0.02514682 0.0001459047 -0.1310227 -0.02518069 0.000101316 -0.1313177 -0.0251553 0.000101316 -0.1313184 -0.02518923 7.152847e-05 -0.1316153 -0.02516384 7.152847e-05 -0.131616 -0.0251978 5.661616e-05 -0.1319139 -0.02517241 5.661616e-05 -0.1319147 -0.02518098 5.661616e-05 -0.1322137 -0.02520638 5.661616e-05 -0.132213 -0.02518955 7.152847e-05 -0.1325124 -0.02521494 7.152847e-05 -0.1325117 -0.02522348 0.000101316 -0.1328092 -0.02519809 0.000101316 -0.1328099 -0.02523196 0.0001459047 -0.1331049 -0.02520657 0.0001459047 -0.1331057 -0.02524037 0.0002051838 -0.133398 -0.02521498 0.0002051838 -0.1333988 -0.02524868 0.0002790058 -0.1336878 -0.0252233 0.0002790058 -0.1336886 -0.02525688 0.0003671872 -0.1339736 -0.02523149 0.0003671872 -0.1339743 -0.02526494 0.0004695088 -0.1342546 -0.02523955 0.0004695088 -0.1342553 -0.02527285 0.0005857161 -0.1345302 -0.02524746 0.0005857161 -0.1345309 -0.02528058 0.0007155204 -0.1347996 -0.02525519 0.0007155204 -0.1348003 -0.02528811 0.0008585988 -0.1350622 -0.02526272 0.0008585988 -0.135063 -0.02529543 0.001014596 -0.1353174 -0.02527004 0.001014596 -0.1353181 -0.02527713 0.001183123 -0.1355652 -0.02530252 0.001183123 -0.1355645 -0.02530936 0.001363762 -0.1358029 -0.02528397 0.001363762 -0.1358036 -0.02529054 0.001556064 -0.1360327 -0.02531593 0.001556064 -0.1360319 -0.02532222 0.00175955 -0.1362512 -0.02529683 0.00175955 -0.1362519 -0.02532821 0.001973715 -0.13646 -0.02530282 0.001973715 -0.1364607 -0.02533389 0.002198026 -0.1366578 -0.02530849 0.002198026 -0.1366586 -0.02531384 0.002431925 -0.136845 -0.02533923 0.002431925 -0.1368443 -0.02531885 0.002674831 -0.1370196 -0.02534424 0.002674831 -0.1370188 -0.0253489 0.00292614 -0.1371811 -0.02532351 0.00292614 -0.1371818 -0.02535318 0.003185227 -0.1373306 -0.0253278 0.003185227 -0.1373313 -0.02533171 0.003451449 -0.1374678 -0.0253571 0.003451449 -0.137467 -0.02536063 0.003724143 -0.13759 -0.02533524 0.003724143 -0.1375908 -0.02536376 0.00400263 -0.1376993 -0.02533837 0.00400263 -0.1377 -0.0253411 0.00428622 -0.1377953 -0.02536649 0.00428622 -0.1377945 -0.02534343 0.004574207 -0.1378763 -0.02536882 0.004574207 -0.1378755 -0.02537073 0.004865874 -0.1379421 -0.02534534 0.004865874 -0.1379428 -0.02534682 0.005160498 -0.1379947 -0.02537222 0.005160498 -0.137994 -0.02534789 0.005457344 -0.1380319 -0.02537328 0.005457344 -0.1380312 -0.02537392 0.005755676 -0.1380535 -0.02534853 0.005755676 -0.1380543 -0.02534875 0.006054751 -0.1380617 -0.02537414 0.006054751 -0.138061 -0.02469229 0.005546955 -0.1371548 -0.02502011 0.005510756 -0.1375942 -0.02469138 0.005294636 -0.1371232 -0.02469283 0.005800537 -0.1371738 -0.02469301 0.006054751 -0.1371802 -0.02469011 0.005044206 -0.1370791 -0.02501782 0.004972 -0.1375143 -0.02468849 0.004796288 -0.1370225 -0.02501403 0.004443671 -0.137382 -0.02468651 0.0045515 -0.1369537 -0.02468419 0.004310449 -0.1368727 -0.02500876 0.003930858 -0.1371986 -0.02468153 0.004073734 -0.1367798 -0.02467853 0.003841944 -0.1366753 -0.0246752 0.003615656 -0.1365593 -0.02500209 0.003438499 -0.1369659 -0.02467156 0.003395432 -0.1364323 -0.02499406 0.002971336 -0.136686 -0.0246676 0.003181819 -0.1362943 -0.02466334 0.002975349 -0.136146 -0.0246588 0.002776535 -0.1359875 -0.02498475 0.002533869 -0.1363617 -0.02465397 0.00258587 -0.1358193 -0.02464888 0.00240383 -0.1356418 -0.02497427 0.002130309 -0.135996 -0.02464354 0.002230867 -0.1354555 -0.02463795 0.002067411 -0.1352607 -0.02496269 0.001764543 -0.1355927 -0.02463214 0.001913867 -0.1350581 -0.02462611 0.001770619 -0.1348481 -0.02495015 0.001440095 -0.1351554 -0.02461989 0.001638022 -0.1346312 -0.02461349 0.001516405 -0.134408 -0.02493675 0.001160088 -0.1346884 -0.02460692 0.001406071 -0.134179 -0.0246002 0.001307295 -0.1339447 -0.02492264 0.0009272199 -0.1341962 -0.02459335 0.001220322 -0.1337059 -0.02458638 0.001145368 -0.133463 -0.02490793 0.0007437324 -0.1336836 -0.02457931 0.001082619 -0.1332166 -0.02489278 0.000611393 -0.1331555 -0.02457216 0.001032232 -0.1329675 -0.02456495 0.0009943313 -0.1327162 -0.02487733 0.000531476 -0.132617 -0.0245577 0.0009690119 -0.1324632 -0.02455042 0.0009563364 -0.1322094 -0.02486173 0.0005047513 -0.1320732 -0.02454312 0.0009563364 -0.1319552 -0.02484613 0.000531476 -0.1315294 -0.02453584 0.0009690119 -0.1317013 -0.02452858 0.0009943313 -0.1314484 -0.02483068 0.000611393 -0.1309909 -0.02452137 0.001032232 -0.131197 -0.02451423 0.001082619 -0.1309479 -0.02481553 0.0007437324 -0.1304628 -0.02450716 0.001145368 -0.1307015 -0.02450019 0.001220322 -0.1304586 -0.02480083 0.0009272199 -0.1299502 -0.02449334 0.001307295 -0.1302198 -0.02448662 0.001406071 -0.1299855 -0.02478671 0.001160088 -0.129458 -0.02448005 0.001516405 -0.1297565 -0.02447365 0.001638022 -0.1295333 -0.02477332 0.001440095 -0.1289911 -0.02446742 0.001770619 -0.1293164 -0.0244614 0.001913867 -0.1291064 -0.02476077 0.001764543 -0.1285538 -0.02445559 0.002067411 -0.1289038 -0.02445 0.002230867 -0.128709 -0.0247492 0.002130309 -0.1281504 -0.02444466 0.00240383 -0.1285227 -0.02443956 0.00258587 -0.1283452 -0.02473871 0.002533869 -0.1277848 -0.02443474 0.002776535 -0.128177 -0.02443019 0.002975349 -0.1280186 -0.02472941 0.002971336 -0.1274605 -0.02442594 0.003181819 -0.1278702 -0.02442198 0.003395432 -0.1277323 -0.02472138 0.003438499 -0.1271806 -0.02441833 0.003615656 -0.1276052 -0.02441501 0.003841944 -0.1274892 -0.0247147 0.003930858 -0.1269478 -0.02441201 0.004073734 -0.1273847 -0.02440934 0.004310449 -0.1272918 -0.02470944 0.004443671 -0.1267644 -0.02440702 0.0045515 -0.1272108 -0.02440505 0.004796288 -0.127142 -0.02470564 0.004972 -0.1266321 -0.02440343 0.005044206 -0.1270854 -0.02440216 0.005294636 -0.1270413 -0.02440052 0.006054751 -0.1269844 -0.02470335 0.005510756 -0.1265522 -0.02440071 0.005800537 -0.1269907 -0.02440125 0.005546955 -0.1270097 -0.01903271 0.005755676 -0.1262454 -0.01936114 0.005510756 -0.1267055 -0.0190325 0.006054751 -0.126238 -0.01903336 0.005457344 -0.1262678 -0.01903442 0.005160498 -0.126305 -0.01968896 0.005546955 -0.1271449 -0.01968987 0.005294636 -0.1271765 -0.01968842 0.005800537 -0.1271259 -0.01968824 0.006054751 -0.1271195 -0.01903591 0.004865874 -0.1263569 -0.01936343 0.004972 -0.1267854 -0.01903782 0.004574207 -0.1264234 -0.01969114 0.005044206 -0.1272206 -0.01969276 0.004796288 -0.1272772 -0.01936722 0.004443671 -0.1269176 -0.01904015 0.00428622 -0.1265044 -0.01904288 0.00400263 -0.1265997 -0.01969473 0.0045515 -0.127346 -0.01969706 0.004310449 -0.127427 -0.01904601 0.003724143 -0.1267089 -0.01937248 0.003930858 -0.1271011 -0.01904954 0.003451449 -0.1268319 -0.01969972 0.004073734 -0.1275198 -0.01970272 0.003841944 -0.1276244 -0.01905345 0.003185227 -0.1269683 -0.01937916 0.003438499 -0.1273338 -0.01905774 0.00292614 -0.1271179 -0.01970605 0.003615656 -0.1277403 -0.01970969 0.003395432 -0.1278674 -0.01938719 0.002971336 -0.1276137 -0.0190624 0.002674831 -0.1272801 -0.01906741 0.002431925 -0.1274547 -0.01971365 0.003181819 -0.1280054 -0.01971791 0.002975349 -0.1281537 -0.01972245 0.002776535 -0.1283122 -0.01939649 0.002533869 -0.127938 -0.01972728 0.00258587 -0.1284804 -0.01907275 0.002198026 -0.1276411 -0.01907843 0.001973715 -0.127839 -0.01973237 0.00240383 -0.1286579 -0.01940698 0.002130309 -0.1283036 -0.01973771 0.002230867 -0.1288442 -0.01908442 0.00175955 -0.1280478 -0.01909071 0.001556064 -0.128267 -0.0197433 0.002067411 -0.1290389 -0.01941855 0.001764543 -0.128707 -0.01974911 0.001913867 -0.1292416 -0.01909728 0.001363762 -0.1284961 -0.01910412 0.001183123 -0.1287345 -0.0194311 0.001440095 -0.1291443 -0.01975514 0.001770619 -0.1294516 -0.01976136 0.001638022 -0.1296685 -0.01911121 0.001014596 -0.1289816 -0.01911853 0.0008585988 -0.1292367 -0.01976776 0.001516405 -0.1298917 -0.01944449 0.001160088 -0.1296113 -0.01977433 0.001406071 -0.1301207 -0.01912606 0.0007155204 -0.1294994 -0.01913379 0.0005857161 -0.1297688 -0.01978105 0.001307295 -0.130355 -0.01945861 0.0009272199 -0.1301035 -0.0197879 0.001220322 -0.1305938 -0.0191417 0.0004695088 -0.1300444 -0.01914976 0.0003671872 -0.1303254 -0.01979487 0.001145368 -0.1308367 -0.01947332 0.0007437324 -0.1306161 -0.01980194 0.001082619 -0.1310831 -0.01915796 0.0002790058 -0.1306111 -0.01916627 0.0002051838 -0.1309009 -0.01948847 0.000611393 -0.1311442 -0.01980909 0.001032232 -0.1313322 -0.01917468 0.0001459047 -0.131194 -0.01918316 0.000101316 -0.1314897 -0.0198163 0.0009943313 -0.1315835 -0.01950392 0.000531476 -0.1316827 -0.0191917 7.152847e-05 -0.1317873 -0.01920026 5.661616e-05 -0.132086 -0.01982355 0.0009690119 -0.1318365 -0.01983084 0.0009563364 -0.1320903 -0.01920884 5.661616e-05 -0.132385 -0.01951952 0.0005047513 -0.1322265 -0.01983813 0.0009563364 -0.1323445 -0.01921741 7.152847e-05 -0.1326837 -0.01953512 0.000531476 -0.1327702 -0.01922595 0.000101316 -0.1329813 -0.01984541 0.0009690119 -0.1325984 -0.01985266 0.0009943313 -0.1328513 -0.01923443 0.0001459047 -0.133277 -0.01955056 0.000611393 -0.1333088 -0.01924284 0.0002051838 -0.1335701 -0.01985987 0.001032232 -0.1331027 -0.01986702 0.001082619 -0.1333518 -0.01925115 0.0002790058 -0.1338599 -0.01956571 0.0007437324 -0.1338369 -0.01925935 0.0003671872 -0.1341456 -0.01987409 0.001145368 -0.1335982 -0.01988106 0.001220322 -0.133841 -0.01926741 0.0004695088 -0.1344267 -0.01958042 0.0009272199 -0.1343495 -0.01927531 0.0005857161 -0.1347022 -0.01988791 0.001307295 -0.1340799 -0.01989463 0.001406071 -0.1343141 -0.01959454 0.001160088 -0.1348416 -0.01928304 0.0007155204 -0.1349716 -0.01929058 0.0008585988 -0.1352343 -0.0199012 0.001516405 -0.1345432 -0.0199076 0.001638022 -0.1347664 -0.01960793 0.001440095 -0.1353086 -0.0192979 0.001014596 -0.1354894 -0.01930499 0.001183123 -0.1357365 -0.01991382 0.001770619 -0.1349833 -0.01991985 0.001913867 -0.1351933 -0.01962048 0.001764543 -0.1357459 -0.01931182 0.001363762 -0.1359749 -0.0193184 0.001556064 -0.136204 -0.01992566 0.002067411 -0.1353959 -0.01993125 0.002230867 -0.1355907 -0.01963205 0.002130309 -0.1361493 -0.01932469 0.00175955 -0.1364232 -0.01933068 0.001973715 -0.136632 -0.01993659 0.00240383 -0.135777 -0.01994168 0.00258587 -0.1359545 -0.01964254 0.002533869 -0.1365149 -0.01933635 0.002198026 -0.1368299 -0.0193417 0.002431925 -0.1370163 -0.01994651 0.002776535 -0.1361227 -0.01995106 0.002975349 -0.1362811 -0.01965184 0.002971336 -0.1368392 -0.01934671 0.002674831 -0.1371909 -0.01935136 0.00292614 -0.1373531 -0.01995531 0.003181819 -0.1364295 -0.01995927 0.003395432 -0.1365674 -0.01965987 0.003438499 -0.1371191 -0.01935565 0.003185227 -0.1375027 -0.01935957 0.003451449 -0.1376391 -0.01996292 0.003615656 -0.1366945 -0.01996624 0.003841944 -0.1368105 -0.01936309 0.003724143 -0.1377621 -0.01966655 0.003930858 -0.1373519 -0.01936623 0.00400263 -0.1378714 -0.01996924 0.004073734 -0.136915 -0.0199719 0.004310449 -0.1370079 -0.01936896 0.00428622 -0.1379666 -0.01967181 0.004443671 -0.1375353 -0.01937128 0.004574207 -0.1380476 -0.01997423 0.0045515 -0.1370889 -0.0199762 0.004796288 -0.1371577 -0.01967561 0.004972 -0.1376676 -0.01937319 0.004865874 -0.1381141 -0.01937468 0.005160498 -0.1381661 -0.01997783 0.005044206 -0.1372143 -0.01997909 0.005294636 -0.1372584 -0.01998072 0.006054751 -0.1373153 -0.0196779 0.005510756 -0.1377475 -0.0193766 0.006054751 -0.138233 -0.01937575 0.005457344 -0.1382032 -0.01937639 0.005755676 -0.1382256 -0.01998054 0.005800537 -0.137309 -0.01998 0.005546955 -0.13729 -0.01998054 0.006308965 -0.137309 -0.02469283 0.006308965 -0.1371738 -0.01998 0.006562547 -0.13729 -0.02469229 0.006562547 -0.1371548 -0.01997909 0.006814867 -0.1372584 -0.02469138 0.006814867 -0.1371232 -0.01997783 0.007065297 -0.1372143 -0.02469011 0.007065297 -0.1370791 -0.0199762 0.007313214 -0.1371577 -0.02468849 0.007313214 -0.1370225 -0.01997423 0.007558002 -0.1370889 -0.02468651 0.007558002 -0.1369537 -0.0199719 0.007799054 -0.1370079 -0.02468419 0.007799054 -0.1368727 -0.01996924 0.008035769 -0.136915 -0.02468153 0.008035769 -0.1367798 -0.01996624 0.008267558 -0.1368105 -0.02467853 0.008267558 -0.1366753 -0.01996292 0.008493847 -0.1366945 -0.0246752 0.008493847 -0.1365593 -0.01995927 0.00871407 -0.1365674 -0.02467156 0.00871407 -0.1364323 -0.01995531 0.008927684 -0.1364295 -0.0246676 0.008927684 -0.1362943 -0.01995106 0.009134153 -0.1362811 -0.02466334 0.009134153 -0.136146 -0.01994651 0.009332968 -0.1361227 -0.0246588 0.009332968 -0.1359875 -0.01994168 0.009523632 -0.1359545 -0.02465397 0.009523632 -0.1358193 -0.01993659 0.009705672 -0.135777 -0.02464888 0.009705672 -0.1356418 -0.01993125 0.009878635 -0.1355907 -0.02464354 0.009878635 -0.1354555 -0.01992566 0.01004209 -0.1353959 -0.02463795 0.01004209 -0.1352607 -0.01991985 0.01019563 -0.1351933 -0.02463214 0.01019563 -0.1350581 -0.01991382 0.01033888 -0.1349833 -0.02462611 0.01033888 -0.1348481 -0.0199076 0.01047148 -0.1347664 -0.02461989 0.01047148 -0.1346312 -0.0199012 0.0105931 -0.1345432 -0.02461349 0.0105931 -0.134408 -0.01989463 0.01070343 -0.1343141 -0.02460692 0.01070343 -0.134179 -0.01988791 0.01080221 -0.1340799 -0.0246002 0.01080221 -0.1339447 -0.01988106 0.01088918 -0.133841 -0.02459335 0.01088918 -0.1337059 -0.01987409 0.01096414 -0.1335982 -0.02458638 0.01096414 -0.133463 -0.01986702 0.01102688 -0.1333518 -0.02457931 0.01102688 -0.1332166 -0.01985987 0.01107727 -0.1331027 -0.02457216 0.01107727 -0.1329675 -0.01985266 0.01111517 -0.1328513 -0.02456495 0.01111517 -0.1327162 -0.01984541 0.01114049 -0.1325984 -0.0245577 0.01114049 -0.1324632 -0.01983813 0.01115317 -0.1323445 -0.02455042 0.01115317 -0.1322094 -0.01983084 0.01115317 -0.1320903 -0.02454312 0.01115317 -0.1319552 -0.01982355 0.01114049 -0.1318365 -0.02453584 0.01114049 -0.1317013 -0.0198163 0.01111517 -0.1315835 -0.02452858 0.01111517 -0.1314484 -0.01980909 0.01107727 -0.1313322 -0.02452137 0.01107727 -0.131197 -0.01980194 0.01102688 -0.1310831 -0.02451423 0.01102688 -0.1309479 -0.01979487 0.01096414 -0.1308367 -0.02450716 0.01096414 -0.1307015 -0.0197879 0.01088918 -0.1305938 -0.02450019 0.01088918 -0.1304586 -0.01978105 0.01080221 -0.130355 -0.02449334 0.01080221 -0.1302198 -0.01977433 0.01070343 -0.1301207 -0.02448662 0.01070343 -0.1299855 -0.01976776 0.0105931 -0.1298917 -0.02448005 0.0105931 -0.1297565 -0.01976136 0.01047148 -0.1296685 -0.02447365 0.01047148 -0.1295333 -0.01975514 0.01033888 -0.1294516 -0.02446742 0.01033888 -0.1293164 -0.01974911 0.01019563 -0.1292416 -0.0244614 0.01019563 -0.1291064 -0.0197433 0.01004209 -0.1290389 -0.02445559 0.01004209 -0.1289038 -0.01973771 0.009878635 -0.1288442 -0.02445 0.009878635 -0.128709 -0.01973237 0.009705672 -0.1286579 -0.02444466 0.009705672 -0.1285227 -0.01972728 0.009523632 -0.1284804 -0.02443956 0.009523632 -0.1283452 -0.01972245 0.009332968 -0.1283122 -0.02443474 0.009332968 -0.128177 -0.01971791 0.009134153 -0.1281537 -0.02443019 0.009134153 -0.1280186 -0.01971365 0.008927684 -0.1280054 -0.02442594 0.008927684 -0.1278702 -0.01970969 0.00871407 -0.1278674 -0.02442198 0.00871407 -0.1277323 -0.01970605 0.008493847 -0.1277403 -0.02441833 0.008493847 -0.1276052 -0.01970272 0.008267558 -0.1276244 -0.02441501 0.008267558 -0.1274892 -0.01969972 0.008035769 -0.1275198 -0.02441201 0.008035769 -0.1273847 -0.01969706 0.007799054 -0.127427 -0.02440934 0.007799054 -0.1272918 -0.01969473 0.007558002 -0.127346 -0.02440702 0.007558002 -0.1272108 -0.01969276 0.007313214 -0.1272772 -0.02440505 0.007313214 -0.127142 -0.01969114 0.007065297 -0.1272206 -0.02440343 0.007065297 -0.1270854 -0.01968987 0.006814867 -0.1271765 -0.02440216 0.006814867 -0.1270413 -0.01968896 0.006562547 -0.1271449 -0.02440125 0.006562547 -0.1270097 -0.01968842 0.006308965 -0.1271259 -0.02440071 0.006308965 -0.1269907 -0.01982314 0.01613905 -0.1316841 -0.02000807 0.01644706 -0.1322125 -0.02439857 0.01644706 -0.1320865 -0.0245529 0.01613905 -0.1315484 -0.01965474 0.01582967 -0.1311528 -0.02469057 0.01582967 -0.1310083 -0.01948814 0.01548222 -0.1305555 -0.02482265 0.01548222 -0.1304025 -0.01937944 0.01522029 -0.1301048 -0.02490534 0.01522029 -0.1299463 -0.01928572 0.0149571 -0.1296514 -0.02497292 0.0149571 -0.1294883 -0.0192079 0.0146926 -0.1291954 -0.02502446 0.0146926 -0.1290285 -0.0250591 0.01442666 -0.1285667 -0.01914684 0.01442666 -0.1287363 -0.01910969 0.0142065 -0.1283559 -0.02507438 0.0142065 -0.1281848 -0.01907551 0.01384898 -0.1277374 -0.02507305 0.01384898 -0.1275653 -0.02504842 0.01356423 -0.1270726 -0.01907186 0.01356423 -0.1272441 -0.01908872 0.01328096 -0.1267527 -0.02500342 0.01328096 -0.1265831 -0.01913772 0.01292721 -0.1261384 -0.02491928 0.01292721 -0.1259725 -0.01922671 0.01253662 -0.125459 -0.02479149 0.01253662 -0.1252994 -0.01936514 0.01210547 -0.124708 -0.02461024 0.01210547 -0.1245575 -0.01954099 0.011677 -0.1239605 -0.02439183 0.011677 -0.1238213 -0.02414049 0.0112509 -0.1230902 -0.01974999 0.0112509 -0.1232162 -0.02008122 0.01155891 -0.1406804 -0.02026615 0.0112509 -0.1412088 -0.02465664 0.0112509 -0.1410828 -0.02481098 0.01155891 -0.1405447 -0.01991282 0.01186829 -0.1401491 -0.02494865 0.01186829 -0.1400046 -0.01974622 0.01221574 -0.1395518 -0.02508073 0.01221574 -0.1393988 -0.01963751 0.01247767 -0.1391011 -0.02516342 0.01247767 -0.1389426 -0.0195438 0.01274086 -0.1386478 -0.02523099 0.01274086 -0.1384846 -0.01946598 0.01300536 -0.1381917 -0.02528253 0.01300536 -0.1380248 -0.01940492 0.0132713 -0.1377326 -0.02531718 0.0132713 -0.137563 -0.01936777 0.01349146 -0.1373522 -0.02533246 0.01349146 -0.1371811 -0.01933359 0.01384898 -0.1367337 -0.02533112 0.01384898 -0.1365616 -0.01932994 0.01413373 -0.1362404 -0.02530649 0.01413373 -0.1360689 -0.0193468 0.014417 -0.135749 -0.0252615 0.014417 -0.1355794 -0.02517735 0.01477075 -0.1349688 -0.0193958 0.01477075 -0.1351347 -0.01948478 0.01516134 -0.1344553 -0.02504957 0.01516134 -0.1342957 -0.01962321 0.01559249 -0.1337043 -0.02486831 0.01559249 -0.1335538 -0.01979906 0.01602096 -0.1329568 -0.0246499 0.01602096 -0.1328176 -0.02488646 0.001709842 -0.1410762 -0.02003633 0.001709842 -0.1412153 -0.02465664 0.0008585988 -0.1410828 -0.02026615 0.0008585988 -0.1412088 -0.02508442 0.002570609 -0.1410705 -0.01983838 0.002570609 -0.141221 -0.02524488 0.003436791 -0.1410659 -0.01967791 0.003436791 -0.1412256 -0.02535305 0.004218893 -0.1410628 -0.01956974 0.004218893 -0.1412287 -0.02541919 0.004925138 -0.1410609 -0.0195036 0.004925138 -0.1412306 -0.02544981 0.005489181 -0.1410601 -0.01947298 0.005489181 -0.1412315 -0.02546016 0.006054751 -0.1410598 -0.01946263 0.006054751 -0.1412318 -0.02544349 0.006768336 -0.1410602 -0.01947931 0.006768336 -0.1412313 -0.02539458 0.007483053 -0.1410616 -0.01952821 0.007483053 -0.1412299 -0.02531513 0.008194809 -0.1410639 -0.01960766 0.008194809 -0.1412276 -0.02520685 0.008899648 -0.141067 -0.01971594 0.008899648 -0.1412245 -0.02507238 0.009597032 -0.1410709 -0.01985041 0.009597032 -0.1412207 -0.02491434 0.01028801 -0.1410754 -0.02000845 0.01028801 -0.1412162 -0.02479031 0.01077076 -0.141079 -0.02013249 0.01077076 -0.1412126 -0.01985374 -0.004029548 -0.1327506 -0.02000807 -0.004337554 -0.1322125 -0.02439857 -0.004337554 -0.1320865 -0.0245835 -0.004029548 -0.1326149 -0.01971607 -0.003720167 -0.1332906 -0.0247519 -0.003720167 -0.1331462 -0.01958398 -0.003372721 -0.1338965 -0.0249185 -0.003372721 -0.1337434 -0.0195013 -0.003110785 -0.1343527 -0.0250272 -0.003110785 -0.1341942 -0.01943372 -0.002847602 -0.1348107 -0.02512092 -0.002847602 -0.1346475 -0.01938218 -0.002583096 -0.1352705 -0.02519873 -0.002583096 -0.1351036 -0.01934753 -0.002317158 -0.1357323 -0.0252598 -0.002317158 -0.1355627 -0.02529695 -0.002097001 -0.1359431 -0.01933225 -0.002097001 -0.1361142 -0.02533112 -0.001739477 -0.1365616 -0.01933359 -0.001739477 -0.1367337 -0.01935822 -0.001454731 -0.1372263 -0.02533478 -0.001454731 -0.1370549 -0.01940322 -0.001171454 -0.1377159 -0.02531792 -0.001171454 -0.1375462 -0.01948736 -0.0008177024 -0.1383265 -0.02526892 -0.0008177024 -0.1381606 -0.01961514 -0.0004271185 -0.1389996 -0.02517993 -0.0004271185 -0.13884 -0.0197964 4.031308e-06 -0.1397415 -0.0250415 4.031308e-06 -0.139591 -0.02001481 0.0004325022 -0.1404776 -0.02486565 0.0004325022 -0.1403385 -0.01959566 0.0005505929 -0.1237543 -0.01974999 0.0008585988 -0.1232162 -0.02414049 0.0008585988 -0.1230902 -0.02432542 0.0005505929 -0.1236186 -0.01945799 0.000241212 -0.1242943 -0.02449382 0.000241212 -0.1241499 -0.01932591 -0.0001062341 -0.1249002 -0.02466042 -0.0001062341 -0.1247471 -0.01924322 -0.0003681698 -0.1253564 -0.02476912 -0.0003681698 -0.1251979 -0.01917565 -0.0006313527 -0.1258144 -0.02486284 -0.0006313527 -0.1256512 -0.01912411 -0.0008958585 -0.1262742 -0.02494066 -0.0008958585 -0.1261073 -0.02500172 -0.001161796 -0.1265664 -0.01908946 -0.001161796 -0.126736 -0.01907418 -0.001381954 -0.1271179 -0.02503887 -0.001381954 -0.1269468 -0.01907551 -0.001739477 -0.1277374 -0.02507305 -0.001739477 -0.1275653 -0.01910014 -0.002024224 -0.1282301 -0.0250767 -0.002024224 -0.1280586 -0.01914514 -0.002307501 -0.1287196 -0.02505984 -0.002307501 -0.1285499 -0.01922928 -0.002661252 -0.1293302 -0.02501084 -0.002661252 -0.1291643 -0.01935707 -0.003051836 -0.1300033 -0.02492186 -0.003051836 -0.1298437 -0.01953833 -0.003482986 -0.1307452 -0.02478342 -0.003482986 -0.1305947 -0.01975674 -0.003911457 -0.1314813 -0.02460758 -0.003911457 -0.1313422 -0.02437031 0.001709842 -0.1230836 -0.01952018 0.001709842 -0.1232228 -0.02456826 0.002570609 -0.1230779 -0.01932222 0.002570609 -0.1232284 -0.02472873 0.003436791 -0.1230733 -0.01916176 0.003436791 -0.123233 -0.0248369 0.004218893 -0.1230702 -0.01905359 0.004218893 -0.1232361 -0.01898745 0.004925138 -0.123238 -0.02490304 0.004925138 -0.1230683 -0.01895683 0.005489181 -0.1232389 -0.02493366 0.005489181 -0.1230675 -0.01894648 0.006054751 -0.1232392 -0.02494401 0.006054751 -0.1230672 -0.01896315 0.006768336 -0.1232387 -0.02492733 0.006768336 -0.1230676 -0.01901206 0.007483053 -0.1232373 -0.02487843 0.007483053 -0.123069 -0.01909151 0.008194809 -0.123235 -0.02479897 0.008194809 -0.1230713 -0.01919979 0.008899648 -0.1232319 -0.0246907 0.008899648 -0.1230744 -0.01933426 0.009597032 -0.1232281 -0.02455623 0.009597032 -0.1230783 -0.0194923 0.01028801 -0.1232235 -0.02439819 0.01028801 -0.1230828 -0.01961633 0.01077076 -0.12322 -0.02427415 0.01077076 -0.1230864 -0.01939374 -6.680338e-05 -0.1388303 -0.01938475 -0.0003880504 -0.1385171 -0.01940225 0.0002696628 -0.1391271 -0.01937532 -0.0006932796 -0.1381882 -0.01941027 0.0006205116 -0.1394068 -0.01936546 -0.0009817321 -0.1378446 -0.01941779 0.0009848707 -0.1396686 -0.0193552 -0.001252691 -0.137487 -0.01942477 0.001361834 -0.139912 -0.01934457 -0.001505482 -0.1371164 -0.0194312 0.001750465 -0.1401362 -0.01943707 0.002149798 -0.1403409 -0.01932229 -0.001954095 -0.1363397 -0.01944236 0.002558838 -0.1405254 -0.0193107 -0.002148801 -0.1359356 -0.01944707 0.00297657 -0.1406893 -0.01929884 -0.002323112 -0.1355222 -0.01945116 0.003401955 -0.1408321 -0.01928675 -0.002476595 -0.1351007 -0.01945465 0.003833935 -0.1409536 -0.01927445 -0.002608867 -0.1346721 -0.01945751 0.004271436 -0.1410534 -0.01926198 -0.0027196 -0.1342374 -0.01945975 0.004713371 -0.1411313 -0.01924937 -0.002808518 -0.1337977 -0.01946135 0.005158641 -0.1411871 -0.01923664 -0.002875401 -0.1333541 -0.01946231 0.005606138 -0.1412206 -0.01922384 -0.002920083 -0.1329078 -0.01921099 -0.002942451 -0.1324598 -0.01919812 -0.002942451 -0.1320112 -0.01946231 0.006503364 -0.1412206 -0.01937639 0.006353827 -0.1382256 -0.01946135 0.006950862 -0.1411871 -0.01918527 -0.002920083 -0.1315632 -0.01937575 0.006652158 -0.1382032 -0.01917246 -0.002875401 -0.1311169 -0.01945975 0.007396132 -0.1411313 -0.01937468 0.006949005 -0.1381661 -0.01915974 -0.002808518 -0.1306733 -0.01937319 0.007243628 -0.1381141 -0.01945751 0.007838067 -0.1410534 -0.01914713 -0.0027196 -0.1302336 -0.01937128 0.007535295 -0.1380476 -0.01945465 0.008275568 -0.1409536 -0.01913465 -0.002608867 -0.129799 -0.01945116 0.008707548 -0.1408321 -0.01936896 0.007823282 -0.1379666 -0.01912236 -0.002476595 -0.1293703 -0.01944707 0.009132933 -0.1406893 -0.01936623 0.008106873 -0.1378714 -0.01911027 -0.002323112 -0.1289488 -0.01944236 0.009550664 -0.1405254 -0.01936309 0.00838536 -0.1377621 -0.01909841 -0.002148801 -0.1285354 -0.01935957 0.008658053 -0.1376391 -0.01943707 0.009959705 -0.1403409 -0.0194312 0.01035904 -0.1401362 -0.01908681 -0.001954095 -0.1281313 -0.01935565 0.008924275 -0.1375027 -0.01935136 0.009183362 -0.1373531 -0.01942477 0.01074767 -0.139912 -0.01941779 0.01112463 -0.1396686 -0.01906454 -0.001505482 -0.1273546 -0.01941027 0.01148899 -0.1394068 -0.01934671 0.009434671 -0.1371909 -0.0190539 -0.001252691 -0.126984 -0.0193417 0.009677578 -0.1370163 -0.01904364 -0.0009817321 -0.1266264 -0.01940225 0.01183984 -0.1391271 -0.01933635 0.009911477 -0.1368299 -0.01903379 -0.0006932796 -0.1262828 -0.01939374 0.01217631 -0.1388303 -0.01933068 0.01013579 -0.136632 -0.01902435 -0.0003880504 -0.125954 -0.01938475 0.01249755 -0.1385171 -0.01932469 0.01034995 -0.1364232 -0.01901537 -6.680338e-05 -0.1256408 -0.0193184 0.01055344 -0.136204 -0.01937532 0.01280278 -0.1381882 -0.01900686 0.0002696628 -0.1253439 -0.01936546 0.01309123 -0.1378446 -0.01931182 0.01074574 -0.1359749 -0.01930499 0.01092638 -0.1357365 -0.01899883 0.0006205116 -0.1250643 -0.0193552 0.01336219 -0.137487 -0.01899132 0.0009848707 -0.1248024 -0.01934457 0.01361498 -0.1371164 -0.0192979 0.01109491 -0.1354894 -0.01929058 0.0112509 -0.1352343 -0.01898434 0.001361834 -0.1245591 -0.01897791 0.001750465 -0.1243348 -0.01932229 0.0140636 -0.1363397 -0.01928304 0.01139398 -0.1349716 -0.01927531 0.01152379 -0.1347022 -0.01897203 0.002149798 -0.1241301 -0.0193107 0.0142583 -0.1359356 -0.01896674 0.002558838 -0.1239456 -0.01929884 0.01443262 -0.1355222 -0.01926741 0.01163999 -0.1344267 -0.01896204 0.00297657 -0.1237818 -0.01928675 0.0145861 -0.1351007 -0.01925935 0.01174232 -0.1341456 -0.01895794 0.003401955 -0.1236389 -0.01927445 0.01471837 -0.1346721 -0.01925115 0.0118305 -0.1338599 -0.01895446 0.003833935 -0.1235174 -0.01926198 0.0148291 -0.1342374 -0.01924284 0.01190432 -0.1335701 -0.01895159 0.004271436 -0.1234176 -0.01924937 0.01491802 -0.1337977 -0.01923443 0.0119636 -0.133277 -0.01894936 0.004713371 -0.1233397 -0.01923664 0.0149849 -0.1333541 -0.01922595 0.01200819 -0.1329813 -0.01921741 0.01203797 -0.1326837 -0.01894776 0.005158641 -0.1232839 -0.01922384 0.01502959 -0.1329078 -0.01920884 0.01205289 -0.132385 -0.0189468 0.005606138 -0.1232504 -0.01921099 0.01505195 -0.1324598 -0.01903271 0.006353827 -0.1262454 -0.01919812 0.01505195 -0.1320112 -0.01920026 0.01205289 -0.132086 -0.0189468 0.006503364 -0.1232504 -0.01918527 0.01502959 -0.1315632 -0.0191917 0.01203797 -0.1317873 -0.01918316 0.01200819 -0.1314897 -0.01903442 0.006949005 -0.126305 -0.01894776 0.006950862 -0.1232839 -0.01903336 0.006652158 -0.1262678 -0.01917246 0.0149849 -0.1311169 -0.01917468 0.0119636 -0.131194 -0.01894936 0.007396132 -0.1233397 -0.01915974 0.01491802 -0.1306733 -0.01895159 0.007838067 -0.1234176 -0.01903782 0.007535295 -0.1264234 -0.01903591 0.007243628 -0.1263569 -0.01914713 0.0148291 -0.1302336 -0.01916627 0.01190432 -0.1309009 -0.01915796 0.0118305 -0.1306111 -0.01895446 0.008275568 -0.1235174 -0.01913465 0.01471837 -0.129799 -0.01895794 0.008707548 -0.1236389 -0.01904288 0.008106873 -0.1265997 -0.01904015 0.007823282 -0.1265044 -0.01912236 0.0145861 -0.1293703 -0.01914976 0.01174232 -0.1303254 -0.01896204 0.009132933 -0.1237818 -0.01904601 0.00838536 -0.1267089 -0.01911027 0.01443262 -0.1289488 -0.0191417 0.01163999 -0.1300444 -0.01896674 0.009550664 -0.1239456 -0.01909841 0.0142583 -0.1285354 -0.01913379 0.01152379 -0.1297688 -0.01897203 0.009959705 -0.1241301 -0.01904954 0.008658053 -0.1268319 -0.01908681 0.0140636 -0.1281313 -0.01912606 0.01139398 -0.1294994 -0.01897791 0.01035904 -0.1243348 -0.01905774 0.009183362 -0.1271179 -0.01905345 0.008924275 -0.1269683 -0.01911853 0.0112509 -0.1292367 -0.01911121 0.01109491 -0.1289816 -0.01898434 0.01074767 -0.1245591 -0.01906454 0.01361498 -0.1273546 -0.01899132 0.01112463 -0.1248024 -0.01906741 0.009677578 -0.1274547 -0.0190624 0.009434671 -0.1272801 -0.0190539 0.01336219 -0.126984 -0.01910412 0.01092638 -0.1287345 -0.01909728 0.01074574 -0.1284961 -0.01907275 0.009911477 -0.1276411 -0.01899883 0.01148899 -0.1250643 -0.01904364 0.01309123 -0.1266264 -0.01900686 0.01183984 -0.1253439 -0.01903379 0.01280278 -0.1262828 -0.01909071 0.01055344 -0.128267 -0.01901537 0.01217631 -0.1256408 -0.01908442 0.01034995 -0.1280478 -0.01907843 0.01013579 -0.127839 -0.01902435 0.01249755 -0.125954 -0.02538228 -0.0003880504 -0.138345 -0.02539127 -6.680338e-05 -0.1386582 -0.02539978 0.0002696628 -0.138955 -0.02537285 -0.0006932796 -0.1380162 -0.02540781 0.0006205116 -0.1392347 -0.02536299 -0.0009817321 -0.1376726 -0.02535274 -0.001252691 -0.137315 -0.02541532 0.0009848707 -0.1394966 -0.0254223 0.001361834 -0.1397399 -0.0253421 -0.001505482 -0.1369444 -0.02531982 -0.001954095 -0.1361677 -0.02542873 0.001750465 -0.1399642 -0.0254346 0.002149798 -0.1401688 -0.02530823 -0.002148801 -0.1357635 -0.0254399 0.002558838 -0.1403533 -0.0254446 0.00297657 -0.1405172 -0.02529637 -0.002323112 -0.1353502 -0.02528428 -0.002476595 -0.1349287 -0.0254487 0.003401955 -0.1406601 -0.02545218 0.003833935 -0.1407816 -0.02527198 -0.002608867 -0.1345 -0.02525951 -0.0027196 -0.1340653 -0.02545505 0.004271436 -0.1408814 -0.0252469 -0.002808518 -0.1336257 -0.02545728 0.004713371 -0.1409593 -0.02523418 -0.002875401 -0.1331821 -0.02545888 0.005158641 -0.141015 -0.02522137 -0.002920083 -0.1327357 -0.02545984 0.005606138 -0.1410486 -0.02520852 -0.002942451 -0.1322877 -0.02519565 -0.002942451 -0.1318392 -0.0251828 -0.002920083 -0.1313912 -0.02537392 0.006353827 -0.1380535 -0.02545984 0.006503364 -0.1410486 -0.02545888 0.006950862 -0.141015 -0.02537328 0.006652158 -0.1380312 -0.02517 -0.002875401 -0.1309448 -0.02537222 0.006949005 -0.137994 -0.02545728 0.007396132 -0.1409593 -0.02515727 -0.002808518 -0.1305013 -0.02537073 0.007243628 -0.1379421 -0.02545505 0.007838067 -0.1408814 -0.02514466 -0.0027196 -0.1300616 -0.02536882 0.007535295 -0.1378755 -0.02545218 0.008275568 -0.1407816 -0.02513219 -0.002608867 -0.1296269 -0.02511989 -0.002476595 -0.1291983 -0.02536649 0.007823282 -0.1377945 -0.0254487 0.008707548 -0.1406601 -0.02536376 0.008106873 -0.1376993 -0.0254446 0.009132933 -0.1405172 -0.0251078 -0.002323112 -0.1287767 -0.02509594 -0.002148801 -0.1283634 -0.02536063 0.00838536 -0.13759 -0.0254399 0.009550664 -0.1403533 -0.0254346 0.009959705 -0.1401688 -0.0253571 0.008658053 -0.137467 -0.02508435 -0.001954095 -0.1279593 -0.02535318 0.008924275 -0.1373306 -0.02542873 0.01035904 -0.1399642 -0.0253489 0.009183362 -0.1371811 -0.0254223 0.01074767 -0.1397399 -0.02506207 -0.001505482 -0.1271825 -0.02505144 -0.001252691 -0.1268119 -0.02534424 0.009434671 -0.1370188 -0.02541532 0.01112463 -0.1394966 -0.02533923 0.009677578 -0.1368443 -0.02540781 0.01148899 -0.1392347 -0.02539978 0.01183984 -0.138955 -0.02504118 -0.0009817321 -0.1264544 -0.02533389 0.009911477 -0.1366578 -0.02503132 -0.0006932796 -0.1261107 -0.02532821 0.01013579 -0.13646 -0.02539127 0.01217631 -0.1386582 -0.02502189 -0.0003880504 -0.1257819 -0.02532222 0.01034995 -0.1362512 -0.02538228 0.01249755 -0.138345 -0.0250129 -6.680338e-05 -0.1254687 -0.02537285 0.01280278 -0.1380162 -0.02531593 0.01055344 -0.1360319 -0.02500439 0.0002696628 -0.1251719 -0.02536299 0.01309123 -0.1376726 -0.02530936 0.01074574 -0.1358029 -0.02499636 0.0006205116 -0.1248922 -0.02535274 0.01336219 -0.137315 -0.02530252 0.01092638 -0.1355645 -0.02498885 0.0009848707 -0.1246304 -0.0253421 0.01361498 -0.1369444 -0.02529543 0.01109491 -0.1353174 -0.02498187 0.001361834 -0.124387 -0.02528811 0.0112509 -0.1350622 -0.02497544 0.001750465 -0.1241627 -0.02531982 0.0140636 -0.1361677 -0.02528058 0.01139398 -0.1347996 -0.02496957 0.002149798 -0.1239581 -0.02530823 0.0142583 -0.1357635 -0.02527285 0.01152379 -0.1345302 -0.02496427 0.002558838 -0.1237736 -0.02529637 0.01443262 -0.1353502 -0.02526494 0.01163999 -0.1342546 -0.02495957 0.00297657 -0.1236097 -0.02528428 0.0145861 -0.1349287 -0.02525688 0.01174232 -0.1339736 -0.02495547 0.003401955 -0.1234668 -0.02527198 0.01471837 -0.1345 -0.02524868 0.0118305 -0.1336878 -0.02495199 0.003833935 -0.1233454 -0.02525951 0.0148291 -0.1340653 -0.02524037 0.01190432 -0.133398 -0.02494913 0.004271436 -0.1232455 -0.0252469 0.01491802 -0.1336257 -0.02523196 0.0119636 -0.1331049 -0.02494689 0.004713371 -0.1231676 -0.02523418 0.0149849 -0.1331821 -0.02522348 0.01200819 -0.1328092 -0.02494529 0.005158641 -0.1231119 -0.02522137 0.01502959 -0.1327357 -0.02521494 0.01203797 -0.1325117 -0.02494433 0.005606138 -0.1230783 -0.02520852 0.01505195 -0.1322877 -0.02520638 0.01205289 -0.132213 -0.02519565 0.01505195 -0.1318392 -0.0251978 0.01205289 -0.1319139 -0.02494433 0.006503364 -0.1230783 -0.02503089 0.006652158 -0.1260957 -0.02503025 0.006353827 -0.1260734 -0.0251828 0.01502959 -0.1313912 -0.02518923 0.01203797 -0.1316153 -0.02518069 0.01200819 -0.1313177 -0.02494529 0.006950862 -0.1231119 -0.02503196 0.006949005 -0.1261329 -0.02517 0.0149849 -0.1309448 -0.02494689 0.007396132 -0.1231676 -0.02515727 0.01491802 -0.1305013 -0.02517221 0.0119636 -0.131022 -0.02494913 0.007838067 -0.1232455 -0.02503535 0.007535295 -0.1262514 -0.02503345 0.007243628 -0.1261848 -0.02514466 0.0148291 -0.1300616 -0.0251638 0.01190432 -0.1307289 -0.02515549 0.0118305 -0.1304391 -0.02495199 0.008275568 -0.1233454 -0.02503768 0.007823282 -0.1263324 -0.02513219 0.01471837 -0.1296269 -0.02495547 0.008707548 -0.1234668 -0.02511989 0.0145861 -0.1291983 -0.02514729 0.01174232 -0.1301533 -0.02495957 0.009132933 -0.1236097 -0.02504041 0.008106873 -0.1264276 -0.0251078 0.01443262 -0.1287767 -0.02513923 0.01163999 -0.1298723 -0.02496427 0.009550664 -0.1237736 -0.02504354 0.00838536 -0.1265369 -0.02509594 0.0142583 -0.1283634 -0.02513132 0.01152379 -0.1295968 -0.02496957 0.009959705 -0.1239581 -0.02505099 0.008924275 -0.1267963 -0.02504707 0.008658053 -0.1266599 -0.02508435 0.0140636 -0.1279593 -0.02512359 0.01139398 -0.1293273 -0.02497544 0.01035904 -0.1241627 -0.02511606 0.0112509 -0.1290647 -0.02498187 0.01074767 -0.124387 -0.02505993 0.009434671 -0.1271081 -0.02505528 0.009183362 -0.1269458 -0.02506207 0.01361498 -0.1271825 -0.02510874 0.01109491 -0.1288095 -0.02498885 0.01112463 -0.1246304 -0.02506494 0.009677578 -0.1272826 -0.02505144 0.01336219 -0.1268119 -0.02510165 0.01092638 -0.1285624 -0.02499636 0.01148899 -0.1248922 -0.02504118 0.01309123 -0.1264544 -0.02509481 0.01074574 -0.1283241 -0.02500439 0.01183984 -0.1251719 -0.02507029 0.009911477 -0.1274691 -0.02503132 0.01280278 -0.1261107 -0.02508824 0.01055344 -0.128095 -0.0250129 0.01217631 -0.1254687 -0.02508195 0.01034995 -0.1278758 -0.02507596 0.01013579 -0.127667 -0.02502189 0.01249755 -0.1257819 -0.02456643 0.01129689 -0.1239214 -0.0245532 0.01049779 -0.1234602 -0.02481356 0.01573992 -0.1325361 -0.0247871 0.01573992 -0.1316138 -0.02504746 0.01049779 -0.1406897 -0.02503423 0.01129689 -0.1402285 -0.02503423 0.0008126155 -0.1402285 -0.02504746 0.001611717 -0.1406897 -0.0247871 -0.003630419 -0.1316138 -0.02481356 -0.003630419 -0.1325361 -0.0245532 0.001611717 -0.1234602 -0.02456643 0.0008126155 -0.1239214 -0.01937241 0.0008126155 -0.1240704 -0.01935918 0.001611717 -0.1236092 -0.01961954 -0.003630419 -0.1326852 -0.01959308 -0.003630419 -0.1317628 -0.01985344 0.001611717 -0.1408387 -0.01984021 0.0008126155 -0.1403775 -0.01984021 0.01129689 -0.1403775 -0.01985344 0.01049779 -0.1408387 -0.01959308 0.01573992 -0.1317628 -0.01961954 0.01573992 -0.1326852 -0.01935918 0.01049779 -0.1236092 -0.01937241 0.01129689 -0.1240704 -0.0196779 0.006598746 -0.1377475 -0.01967561 0.007137503 -0.1376676 -0.01967181 0.007665831 -0.1375353 -0.01966655 0.008178644 -0.1373519 -0.01965987 0.008671003 -0.1371191 -0.01965184 0.009138166 -0.1368392 -0.01964254 0.009575634 -0.1365149 -0.01963205 0.009979194 -0.1361493 -0.01962048 0.01034496 -0.1357459 -0.01960793 0.01066941 -0.1353086 -0.01959454 0.01094941 -0.1348416 -0.01958042 0.01118228 -0.1343495 -0.01956571 0.01136577 -0.1338369 -0.01955056 0.01149811 -0.1333088 -0.01953512 0.01157803 -0.1327702 -0.01951952 0.01160475 -0.1322265 -0.01950392 0.01157803 -0.1316827 -0.01948847 0.01149811 -0.1311442 -0.01947332 0.01136577 -0.1306161 -0.01945861 0.01118228 -0.1301035 -0.01944449 0.01094941 -0.1296113 -0.0194311 0.01066941 -0.1291443 -0.01941855 0.01034496 -0.128707 -0.01940698 0.009979194 -0.1283036 -0.01939649 0.009575634 -0.127938 -0.01938719 0.009138166 -0.1276137 -0.01937916 0.008671003 -0.1273338 -0.01937248 0.008178644 -0.1271011 -0.01936722 0.007665831 -0.1269176 -0.01936343 0.007137503 -0.1267854 -0.01936114 0.006598746 -0.1267055 -0.02470335 0.006598746 -0.1265522 -0.02500657 0.006949005 -0.1261336 -0.0250055 0.006652158 -0.1260965 -0.02500486 0.006353827 -0.1260741 -0.02470564 0.007137503 -0.1266321 -0.02500997 0.007535295 -0.1262521 -0.02500806 0.007243628 -0.1261856 -0.02470944 0.007665831 -0.1267644 -0.02501502 0.008106873 -0.1264284 -0.02501229 0.007823282 -0.1263331 -0.0247147 0.008178644 -0.1269478 -0.02502168 0.008658053 -0.1266606 -0.02501815 0.00838536 -0.1265376 -0.02472138 0.008671003 -0.1271806 -0.02502989 0.009183362 -0.1269465 -0.0250256 0.008924275 -0.126797 -0.02472941 0.009138166 -0.1274605 -0.02503955 0.009677578 -0.1272834 -0.02503454 0.009434671 -0.1271088 -0.02473871 0.009575634 -0.1277848 -0.02505057 0.01013579 -0.1276677 -0.0250449 0.009911477 -0.1274698 -0.0247492 0.009979194 -0.1281504 -0.02506285 0.01055344 -0.1280957 -0.02505656 0.01034995 -0.1278765 -0.02476077 0.01034496 -0.1285538 -0.02507626 0.01092638 -0.1285632 -0.02506942 0.01074574 -0.1283248 -0.02477332 0.01066941 -0.1289911 -0.02509067 0.0112509 -0.1290654 -0.02508335 0.01109491 -0.1288102 -0.02478671 0.01094941 -0.129458 -0.02510593 0.01152379 -0.1295975 -0.0250982 0.01139398 -0.129328 -0.02480083 0.01118228 -0.1299502 -0.0251219 0.01174232 -0.1301541 -0.02511384 0.01163999 -0.129873 -0.02481553 0.01136577 -0.1304628 -0.02513841 0.01190432 -0.1307296 -0.0251301 0.0118305 -0.1304398 -0.0251553 0.01200819 -0.1313184 -0.02483068 0.01149811 -0.1309909 -0.02514682 0.0119636 -0.1310227 -0.02484613 0.01157803 -0.1315294 -0.02517241 0.01205289 -0.1319147 -0.02516384 0.01203797 -0.131616 -0.02518098 0.01205289 -0.1322137 -0.02486173 0.01160475 -0.1320732 -0.02519809 0.01200819 -0.1328099 -0.02487733 0.01157803 -0.132617 -0.02518955 0.01203797 -0.1325124 -0.02489278 0.01149811 -0.1331555 -0.02521498 0.01190432 -0.1333988 -0.02520657 0.0119636 -0.1331057 -0.02523149 0.01174232 -0.1339743 -0.02490793 0.01136577 -0.1336836 -0.0252233 0.0118305 -0.1336886 -0.02524746 0.01152379 -0.1345309 -0.02492264 0.01118228 -0.1341962 -0.02523955 0.01163999 -0.1342553 -0.02493675 0.01094941 -0.1346884 -0.02526272 0.0112509 -0.135063 -0.02525519 0.01139398 -0.1348003 -0.02495015 0.01066941 -0.1351554 -0.02527713 0.01092638 -0.1355652 -0.02527004 0.01109491 -0.1353181 -0.02529054 0.01055344 -0.1360327 -0.02496269 0.01034496 -0.1355927 -0.02528397 0.01074574 -0.1358036 -0.02497427 0.009979194 -0.135996 -0.02530282 0.01013579 -0.1364607 -0.02529683 0.01034995 -0.1362519 -0.02531384 0.009677578 -0.136845 -0.02498475 0.009575634 -0.1363617 -0.02530849 0.009911477 -0.1366586 -0.02532351 0.009183362 -0.1371818 -0.02499406 0.009138166 -0.136686 -0.02531885 0.009434671 -0.1370196 -0.02533171 0.008658053 -0.1374678 -0.02500209 0.008671003 -0.1369659 -0.0253278 0.008924275 -0.1373313 -0.02533837 0.008106873 -0.1377 -0.02500876 0.008178644 -0.1371986 -0.02533524 0.00838536 -0.1375908 -0.02534343 0.007535295 -0.1378763 -0.02501403 0.007665831 -0.137382 -0.0253411 0.007823282 -0.1377953 -0.02534682 0.006949005 -0.1379947 -0.02501782 0.007137503 -0.1375143 -0.02534534 0.007243628 -0.1379428 -0.02502011 0.006598746 -0.1375942 -0.02534853 0.006353827 -0.1380543 -0.02534789 0.006652158 -0.1380319</float_array>
          <technique_common>
            <accessor count="1206" source="#cubeverts-array0-array" stride="3">
              <param type="float" name="X"/>
              <param type="float" name="Y"/>
              <param type="float" name="Z"/>
            </accessor>
          </technique_common>
        </source>
        <source id="cubenormals-array0">
          <float_array count="7236" id="cubenormals-array0-array">-0.02852517 0.02495115 -0.9992816 -0.02882518 0.02492568 -0.9992736 -0.02875354 0.07472632 -0.9967895 -0.02875569 0.07472614 -0.9967894 -0.02861251 0.1243479 -0.991826 -0.02861245 0.1243479 -0.991826 -0.02839829 0.1736384 -0.9844 -0.02839825 0.1736384 -0.9844 -0.02811334 0.2225202 -0.9745227 -0.02782042 0.2225444 -0.9745255 -0.02746963 0.2708406 -0.9622322 -0.02746977 0.2708406 -0.9622322 -0.02705014 0.3184969 -0.9475378 -0.02733279 0.3184741 -0.9475374 -0.02684098 0.3653396 -0.9304873 -0.02684103 0.3653396 -0.9304873 -0.0262825 0.4112872 -0.9111269 -0.02628214 0.4112872 -0.9111269 -0.02565896 0.4561935 -0.8895106 -0.02539157 0.4562137 -0.8895079 -0.02471097 0.5000147 -0.8656642 -0.02497136 0.4999956 -0.8656678 -0.02422141 0.5425481 -0.8396755 -0.02341144 0.5837489 -0.8115966 -0.02422122 0.5425481 -0.8396755 -0.0223107 0.6234807 -0.7815203 -0.02316995 0.5837322 -0.8116155 -0.02254358 0.6234962 -0.7815013 -0.02161907 0.6616893 -0.7494664 -0.0206412 0.6982445 -0.7155617 -0.02161922 0.6616893 -0.7494664 -0.01940992 0.7330394 -0.6799092 -0.02042833 0.6982316 -0.7155805 -0.01853571 0.7660421 -0.6425231 -0.01961369 0.7330512 -0.6798905 -0.0185343 0.7660421 -0.6425232 -0.01740976 0.7971438 -0.6035384 -0.01740971 0.7971439 -0.6035383 -0.01624274 0.8262417 -0.5630815 -0.0159067 0.8262256 -0.5631148 -0.01472327 0.8532909 -0.5212272 -0.01472252 0.8532909 -0.5212273 -0.01350335 0.8782147 -0.478076 -0.01379011 0.8782263 -0.4780464 -0.01251033 0.9009746 -0.4336913 -0.01225096 0.9009651 -0.4337186 -0.01096751 0.9214815 -0.3882672 -0.01120069 0.9214739 -0.3882788 -0.009862013 0.9396908 -0.3418832 -0.009862632 0.9396908 -0.341883 -0.008499878 0.9555704 -0.2946403 -0.008322546 0.9555749 -0.2946311 -0.006967522 0.9690767 -0.2466614 -0.007114765 0.9690798 -0.246645 -0.005713278 0.9801732 -0.1980603 -0.005595081 0.9801711 -0.1980736 -0.004208435 0.9888305 -0.1489853 -0.004297365 0.9888316 -0.1489753 -0.002870933 0.9950309 -0.09952568 -0.002871163 0.9950309 -0.09952565 -0.001437362 0.9987569 -0.04982482 -0.001407551 0.9987568 -0.04982821 0 1 0 0 1 0 0.001437327 0.9987568 0.04982735 0.001407479 0.998757 0.04982568 0.002811381 0.9950308 0.09952739 0.0028114 0.9950308 0.09952738 0.005713278 0.9801732 0.1980603 0.004208224 0.9888316 0.1489779 0.004297581 0.9888304 0.1489828 0.006967522 0.9690767 0.2466614 0.005595081 0.9801711 0.1980736 0.008499878 0.9555704 0.2946403 0.007115298 0.9690798 0.246645 0.009861541 0.9396967 0.3418668 0.008499159 0.9555704 0.2946404 0.01096802 0.9214739 0.3882854 0.009657378 0.9396908 0.3418889 0.0125109 0.900965 0.4337112 0.01119968 0.9214816 0.3882606 0.01379083 0.8782263 0.4780464 0.01251157 0.9009651 0.4337111 0.01503627 0.8532909 0.5212183 0.01379115 0.8782264 0.4780464 0.01503664 0.8532909 0.5212183 0.01624464 0.8262255 0.5631052 0.01590554 0.8262417 0.5630912 0.01704932 0.7971252 0.6035732 0.01741102 0.7971439 0.6035384 0.0185343 0.7660421 0.6425231 0.01961186 0.733063 0.6798779 0.01853571 0.7660421 0.6425232 0.0202134 0.6982315 0.7155867 0.01920551 0.7330395 0.6799149 0.02162084 0.6616894 0.7494662 0.02064264 0.6982576 0.7155489 0.02161956 0.6616893 0.7494664 0.02254394 0.6234807 0.7815138 0.02254367 0.6234807 0.7815138 0.02341341 0.5837321 0.8116086 0.02422322 0.5425482 0.8396754 0.02341179 0.5837322 0.8116086 0.02497055 0.5000337 0.8656459 0.02422122 0.5425481 0.8396755 0.024453 0.4999956 0.8656827 0.02566105 0.4561733 0.8895209 0.0262842 0.4113083 0.9111172 0.02512642 0.4562137 0.8895155 0.02684299 0.3653396 0.9304872 0.02628432 0.4113083 0.9111172 0.02684304 0.3653396 0.9304872 0.02676364 0.318497 0.947546 0.02733509 0.318451 0.9475451 0.02718075 0.2708406 0.9622404 0.02752812 0.2225202 0.9745394 0.02717867 0.2708408 0.9622404 0.02811084 0.2225685 0.9745117 0.02839612 0.1736384 0.9844 0.02839615 0.1736384 0.9844 0.02861245 0.1243479 0.991826 0.02875575 0.07470079 0.9967912 0.02861037 0.1243481 0.9918261 0.02875574 0.07470079 0.9967912 0.02882733 0.02495115 0.9992729 0.02882735 0.02495115 0.9992729 -0.8022656 0.07137805 0.5926845 -0.8024532 0.04286745 0.5951733 -0.7938306 0.01457242 0.6079644 -0.8025513 0.07130986 0.5923058 -0.8022006 0.04286838 0.5955138 -0.8102521 0.01403903 0.5859134 -0.8020501 0.02817095 0.5965919 -0.8024034 0.1277566 0.582947 -0.8027785 0.09953644 0.5879108 -0.8029835 0.1276033 0.5821812 -0.8066435 0.08332653 0.585135 -0.802283 0.09967447 0.5885634 -0.7983314 0.08500085 0.5961894 -0.8069307 0.138007 0.5742971 -0.8026908 0.1829293 0.5676482 -0.8032549 0.1552498 0.5750469 -0.7986588 0.1407685 0.5850883 -0.8035764 0.182503 0.5665312 -0.8025299 0.155512 0.5759876 -0.7991613 0.1951475 0.5685584 -0.8031341 0.2362838 0.546942 -0.8038878 0.2093556 0.5567178 -0.8043433 0.2356219 0.5454487 -0.8029526 0.2098284 0.557888 -0.8073769 0.1913405 0.5581499 -0.8037101 0.2873723 0.5210252 -0.804656 0.2613783 0.5331135 -0.8079484 0.2428622 0.5368775 -0.8052555 0.2863123 0.5192194 -0.8035266 0.262083 0.5344694 -0.7998134 0.2476533 0.5467783 -0.8086594 0.2920556 0.5106598 -0.8044176 0.3356535 0.4901521 -0.8055587 0.3107727 0.5044755 -0.8006198 0.2977595 0.5199493 -0.8063229 0.3341157 0.4880677 -0.8042614 0.3117459 0.5059429 -0.8052602 0.3806306 0.4546167 -0.8065983 0.3570808 0.4710545 -0.8075322 0.378566 0.4523048 -0.8051425 0.3583159 0.4726049 -0.8094963 0.3384465 0.4797599 -0.8015711 0.3449756 0.4883396 -0.8062058 0.4219171 0.4147508 -0.8077484 0.3998112 0.4332361 -0.8088588 0.4191935 0.4123402 -0.8104492 0.3816088 0.4444623 -0.8061537 0.4013656 0.4347665 -0.802661 0.38886 0.4522425 -0.8072631 0.4590144 0.370988 -0.8090116 0.4385604 0.3913629 -0.8103203 0.4556245 0.3684935 -0.8073001 0.4403889 0.3928411 -0.81151 0.4211148 0.4051098 -0.8038812 0.428973 0.412016 -0.8084129 0.4915949 0.3237329 -0.8103708 0.4729631 0.3458398 -0.8126636 0.4565891 0.3620834 -0.8052098 0.4649372 0.3680635 -0.8118759 0.4874674 0.3212987 -0.8085537 0.4750508 0.3472287 -0.8096361 0.5193517 0.2734284 -0.8118109 0.5026648 0.2971383 -0.8135208 0.514433 0.2711874 -0.8099095 0.5050073 0.2983523 -0.8139098 0.4876833 0.315778 -0.8066406 0.4964055 0.3207996 -0.8109254 0.5419733 0.2206011 -0.8133214 0.5273725 0.245737 -0.8152266 0.514109 0.266641 -0.8152467 0.5362496 0.2186528 -0.811354 0.529929 0.2467385 -0.8081639 0.5230715 0.2706791 -0.8122631 0.5592456 0.1657496 -0.8148863 0.5468489 0.1921365 -0.80976 0.544681 0.2182001 -0.8170373 0.5527022 0.1642265 -0.8128704 0.5495704 0.1929092 -0.8166002 0.5356075 0.2151485 -0.8164939 0.5608974 0.1368638 -0.8188708 0.5636346 0.1084739 -0.814442 0.5637469 0.1373818 -0.8180181 0.5519706 0.1617865 -0.8114191 0.5610233 0.1638657 -0.8136393 0.5709767 0.1094378 -0.8131201 0.5719513 0.1082009 -0.8207299 0.5689489 0.05195791 -0.816055 0.5723127 0.0806997 -0.8194693 0.5630349 0.1070599 -0.81503 0.5770635 0.05219012 -0.8181229 0.5693856 0.08046678 -0.8148547 0.5773506 0.05175037 -0.8176946 0.5751744 0.02345255 -0.8209369 0.5686918 0.05149929 -0.8197612 0.5722224 0.02351683 -0.8193393 0.5723127 -0.03378411 -0.8223594 0.568948 -0.004816539 -0.8225378 0.5686937 -0.004351853 -0.8164813 0.5773507 -0.004951071 -0.8213909 0.5693849 -0.03343552 -0.8166813 0.577064 -0.005379456 -0.8242598 0.5630334 -0.05990969 -0.8209794 0.5637462 -0.09045981 -0.8237422 0.5636345 -0.06135892 -0.8229956 0.560901 -0.08982335 -0.8185753 0.570976 -0.06261753 -0.8179862 0.5719502 -0.06141287 -0.8225915 0.549571 -0.1459959 -0.8251074 0.5527027 -0.1171219 -0.8259494 0.5519686 -0.1146213 -0.8194759 0.5610278 -0.1170771 -0.824563 0.5468471 -0.1451001 -0.8204339 0.5592365 -0.1189236 -0.8241628 0.5299286 -0.1998281 -0.8264404 0.5362521 -0.1715519 -0.827589 0.5356107 -0.1679809 -0.8209393 0.5446786 -0.1714175 -0.8260725 0.5273758 -0.198693 -0.8222412 0.5419691 -0.1737493 -0.8291687 0.5141127 -0.219471 -0.8223512 0.5230724 -0.2239059 -0.8256809 0.5050074 -0.2514332 -0.8277296 0.5144359 -0.224097 -0.8275134 0.5026628 -0.2501033 -0.8239861 0.5193352 -0.2265787 -0.8306735 0.487683 -0.2686015 -0.8271288 0.4750544 -0.300302 -0.8289587 0.487467 -0.2742324 -0.8237072 0.4964015 -0.2740292 -0.8288617 0.4729674 -0.2988149 -0.825638 0.4916077 -0.2768461 -0.8249826 0.4649408 -0.3213002 -0.8284912 0.4403881 -0.3459202 -0.8301108 0.4556236 -0.3214393 -0.8301151 0.4385653 -0.344339 -0.8272027 0.4590115 -0.3241052 -0.8320845 0.456589 -0.3148997 -0.8261759 0.4289753 -0.3652581 -0.8297529 0.4013496 -0.3878513 -0.8311696 0.4192002 -0.3652783 -0.8333966 0.4211168 -0.3579256 -0.8312603 0.3998112 -0.386209 -0.8286638 0.4218897 -0.367866 -0.8309069 0.3583266 -0.4256711 -0.8321287 0.3785698 -0.4052738 -0.8272701 0.3888568 -0.4054807 -0.834592 0.3816131 -0.3972753 -0.832275 0.3570596 -0.4240597 -0.8299926 0.3806532 -0.4076951 -0.8319412 0.3117452 -0.4590086 -0.8329749 0.3341216 -0.4410392 -0.8356656 0.3384503 -0.4325673 -0.828253 0.3449724 -0.4415778 -0.833155 0.3107698 -0.4574656 -0.8311931 0.3356682 -0.443221 -0.8328464 0.2620715 -0.4875298 -0.8336989 0.2863223 -0.4721924 -0.836602 0.2920566 -0.4634652 -0.8338959 0.2613755 -0.4861076 -0.8322583 0.2873716 -0.4740924 -0.8291118 0.2977576 -0.4731956 -0.8336088 0.2098294 -0.5109481 -0.8342841 0.2356139 -0.4984536 -0.8344779 0.2093604 -0.5097204 -0.8331641 0.2363021 -0.4999988 -0.837396 0.2428632 -0.489679 -0.829845 0.2476523 -0.5000256 -0.8342311 0.1555147 -0.5290309 -0.8347337 0.1825245 -0.5195232 -0.8349023 0.1552396 -0.5280519 -0.8339157 0.1829047 -0.5207019 -0.8380405 0.1913431 -0.510956 -0.830437 0.195149 -0.5218154 -0.8385299 0.138 -0.5270897 -0.8346998 0.09967586 -0.5416095 -0.8350332 0.1275726 -0.5352054 -0.8351651 0.09957101 -0.5409113 -0.8345066 0.1277463 -0.5359847 -0.8308903 0.1407614 -0.5383377 -0.8349314 0.02816942 -0.5496327 -0.8425081 0.01403668 -0.5385007 -0.835014 0.04288851 -0.5485547 -0.83518 0.07131321 -0.5453336 -0.8388553 0.08333283 -0.537938 -0.8311922 0.08500697 -0.5494482 -0.8273925 0.01459796 -0.5614343 -0.8352574 0.04285809 -0.5481862 -0.8349282 0.07135052 -0.5457142 0.8102561 0.01402395 -0.5859082 0.8021974 0.04287873 -0.5955171 0.8025481 0.07131549 -0.5923096 0.8022709 0.0713595 -0.5926796 0.8024581 0.04286694 -0.5951667 0.7938358 0.01457225 -0.6079575 0.8020504 0.02816258 -0.5965921 0.802277 0.0996907 -0.5885688 0.8029766 0.1275714 -0.5821977 0.8024051 0.1277561 -0.5829448 0.8027802 0.09955344 -0.5879058 0.8066404 0.08333247 -0.5851384 0.7983297 0.08500669 -0.5961909 0.7986622 0.1407622 -0.5850852 0.8025302 0.1555169 -0.575986 0.8035768 0.1825166 -0.5665264 0.802696 0.1829108 -0.5676467 0.8032597 0.155248 -0.5750407 0.8069336 0.1380009 -0.5742944 0.8029481 0.2098307 -0.5578938 0.8043383 0.2356119 -0.5454603 0.8031338 0.2362936 -0.5469384 0.8038878 0.2093556 -0.5567178 0.8073723 0.1913427 -0.5581557 0.7991613 0.1951475 -0.5685584 0.8035266 0.262083 -0.5344694 0.8052555 0.2863123 -0.5192194 0.8037075 0.2873931 -0.5210178 0.8046547 0.2613647 -0.5331222 0.8079484 0.2428622 -0.5368775 0.7998163 0.2476516 -0.5467747 0.8006242 0.2977564 -0.5199444 0.8042614 0.3117459 -0.5059429 0.8063236 0.3341253 -0.4880598 0.8044216 0.3356503 -0.4901477 0.8055629 0.3107696 -0.5044709 0.8086594 0.2920556 -0.5106598 0.805262 0.3806336 -0.454611 0.8066007 0.3570738 -0.4710556 0.8051385 0.3583192 -0.472609 0.8075285 0.3785694 -0.4523085 0.8015751 0.3449723 -0.4883352 0.8094925 0.3384498 -0.4797641 0.8062074 0.421898 -0.414767 0.8077484 0.3998112 -0.4332361 0.8061596 0.4013398 -0.4347793 0.8088692 0.4192011 -0.4123118 0.8026626 0.3888632 -0.4522367 0.8104481 0.3816147 -0.4444595 0.8072631 0.4590144 -0.370988 0.8090116 0.4385604 -0.3913629 0.8072937 0.4403957 -0.3928467 0.8103125 0.4556212 -0.3685144 0.8115055 0.4211116 -0.405122 0.8038784 0.4289678 -0.4120269 0.8126676 0.4565907 -0.3620721 0.8084061 0.4916137 -0.3237215 0.8103651 0.4729696 -0.3458441 0.8085569 0.4750544 -0.3472161 0.8118781 0.4874677 -0.3212929 0.805206 0.4649477 -0.3680583 0.8096361 0.5193517 -0.2734284 0.8118109 0.5026648 -0.2971383 0.8099095 0.5050073 -0.2983523 0.8135208 0.514433 -0.2711874 0.8139098 0.4876833 -0.315778 0.8066406 0.4964055 -0.3207996 0.8109276 0.541968 -0.2206057 0.813323 0.5273703 -0.2457361 0.8113545 0.5299231 -0.2467496 0.81525 0.5362495 -0.218641 0.8152255 0.5141093 -0.2666442 0.808165 0.523069 -0.2706811 0.8122638 0.559243 -0.1657553 0.8148859 0.5468517 -0.1921309 0.809759 0.5446835 -0.2181979 0.8128713 0.5495676 -0.1929138 0.8170385 0.5526996 -0.1642292 0.8165999 0.535609 -0.215146 0.8164935 0.5608997 -0.1368579 0.8144432 0.5637469 -0.1373747 0.81887 0.5636348 -0.1084795 0.8180206 0.5519671 -0.1617856 0.8114175 0.5610255 -0.1638662 0.8136393 0.5709767 -0.1094378 0.8131201 0.5719513 -0.1082009 0.8160571 0.5723091 -0.08070464 0.8207335 0.5689443 -0.05194989 0.819471 0.5630324 -0.1070596 0.8150307 0.5770619 -0.05219619 0.8181229 0.5693856 -0.08046678 0.8176947 0.5751742 -0.02345375 0.8148531 0.5773528 -0.05175044 0.8209369 0.5686918 -0.05149929 0.8197595 0.5722247 -0.02351679 0.8223615 0.568945 0.004810829 0.8193403 0.572311 0.03378915 0.8164797 0.577353 0.00495123 0.8225378 0.5686938 0.00435186 0.8213909 0.5693849 0.03343552 0.8166823 0.5770624 0.005385482 0.823741 0.5636359 0.06136234 0.8209785 0.5637483 0.09045554 0.8242598 0.5630334 0.05990969 0.8179862 0.5719502 0.06141287 0.8229954 0.5609013 0.08982261 0.8185753 0.570976 0.06261753 0.825109 0.5527004 0.117122 0.8225934 0.5495691 0.1459929 0.8259501 0.5519672 0.1146242 0.8194757 0.5610275 0.1170804 0.8245599 0.5468529 0.1450955 0.8204318 0.5592396 0.1189234 0.826443 0.5362484 0.1715505 0.824165 0.529922 0.1998363 0.8209349 0.5446845 0.1714197 0.8275917 0.5356071 0.1679795 0.8260708 0.5273737 0.1987051 0.8222395 0.5419697 0.1737561 0.8223512 0.5230724 0.2239059 0.8277337 0.5144349 0.2240838 0.8256837 0.504998 0.2514426 0.8291687 0.5141127 0.219471 0.8275095 0.5026678 0.2501062 0.8239807 0.5193477 0.2265698 0.8306714 0.4876907 0.2685939 0.8237047 0.4964098 0.2740219 0.8289548 0.4874746 0.2742309 0.8271248 0.4750645 0.3002968 0.8288631 0.4729654 0.2988135 0.8256396 0.4916057 0.2768448 0.8320835 0.4565885 0.314903 0.8249837 0.4649379 0.3213016 0.8301108 0.4556236 0.3214393 0.8284914 0.4403909 0.3459157 0.8301151 0.4385653 0.344339 0.8272027 0.4590115 0.3241052 0.8261765 0.4289766 0.3652554 0.8311665 0.4191975 0.3652886 0.8297495 0.4013493 0.3878587 0.8312618 0.3998095 0.3862073 0.8286654 0.4218879 0.3678643 0.8333976 0.4211177 0.3579224 0.8272718 0.3888552 0.405479 0.8321239 0.3785744 0.405279 0.8309026 0.3583388 0.4256692 0.8345874 0.3816178 0.3972805 0.8322755 0.3570544 0.4240633 0.8299921 0.3806583 0.4076915 0.828254 0.3449693 0.4415784 0.8329749 0.3341216 0.4410392 0.8319412 0.3117452 0.4590086 0.8331586 0.310767 0.4574611 0.8311976 0.3356538 0.4432235 0.8356647 0.3384487 0.4325702 0.836602 0.2920566 0.4634652 0.8336951 0.2863148 0.4722037 0.8328432 0.2620846 0.4875283 0.8291155 0.2977549 0.4731908 0.8338979 0.2613741 0.4861047 0.8322599 0.2873757 0.474087 0.8342802 0.2356048 0.4984646 0.8336058 0.2098552 0.5109424 0.8344779 0.2093604 0.5097204 0.8331637 0.2363104 0.4999958 0.8298473 0.2476509 0.5000225 0.837396 0.2428632 0.489679 0.8347297 0.1825015 0.5195379 0.8342272 0.1555214 0.529035 0.834906 0.1552533 0.5280421 0.8339205 0.1828877 0.5207003 0.8380443 0.1913412 0.5109504 0.830437 0.195149 0.5218154 0.8385294 0.137993 0.5270924 0.8350332 0.1275674 0.5352066 0.8347005 0.09970286 0.5416036 0.8351594 0.09956631 0.5409209 0.8345007 0.1277543 0.535992 0.8308885 0.1407548 0.5383424 0.8349336 0.02816253 0.5496297 0.8311907 0.08501779 0.5494488 0.835176 0.07129166 0.5453426 0.8350099 0.0428976 0.5485601 0.8425066 0.01403674 0.5385031 0.8273893 0.01458123 0.5614395 0.835259 0.04285791 0.5481838 0.8349298 0.07135023 0.5457119 0.8388607 0.08334203 0.5379282 -0.02866712 0.02491236 -0.9992785 -0.02866548 0.02494233 -0.9992779 -0.02859421 0.07473645 -0.9967933 -0.02859421 0.07473645 -0.9967932 -0.02845184 0.1243511 -0.9918302 -0.02845355 0.1243215 -0.991834 -0.02824043 0.1736357 -0.984405 -0.02823868 0.1736647 -0.9843999 -0.02795542 0.2225283 -0.9745253 -0.02795542 0.2225283 -0.9745253 -0.02760258 0.270852 -0.9622252 -0.02760436 0.2708242 -0.9622329 -0.02718278 0.3184862 -0.9475376 -0.02718279 0.3184862 -0.9475376 -0.02669377 0.3653393 -0.9304917 -0.02669377 0.3653393 -0.9304917 -0.02613831 0.4112909 -0.9111292 -0.02613831 0.4112909 -0.9111292 -0.02551818 0.456197 -0.8895128 -0.02551639 0.4562207 -0.8895007 -0.02483257 0.5000114 -0.8656628 -0.02483434 0.4999889 -0.8656756 -0.0240886 0.542546 -0.8396807 -0.0240886 0.542546 -0.8396807 -0.02328167 0.5837519 -0.8115983 -0.02328339 0.5837321 -0.8116124 -0.0224214 0.6234754 -0.7815213 -0.02241804 0.623512 -0.7814922 -0.02149927 0.6616959 -0.749464 -0.02150255 0.6616622 -0.7494938 -0.02052669 0.6982499 -0.7155597 -0.02052668 0.6982499 -0.7155597 -0.01950401 0.7330369 -0.6799092 -0.01950401 0.7330369 -0.6799092 -0.01843167 0.7660408 -0.6425276 -0.01843167 0.7660408 -0.6425277 -0.01731375 0.7971319 -0.6035569 -0.01731375 0.7971319 -0.6035569 -0.01615278 0.8262406 -0.5630856 -0.01615278 0.8262407 -0.5630856 -0.01495149 0.8532983 -0.5212086 -0.01495149 0.8532983 -0.5212086 -0.01371354 0.8782235 -0.4780537 -0.01371354 0.8782235 -0.4780537 -0.01244188 0.9009601 -0.4337236 -0.01244261 0.9009714 -0.4337001 -0.01113965 0.9214724 -0.388284 -0.01113778 0.9214814 -0.3882626 -0.009807143 0.9396936 -0.3418767 -0.009807145 0.9396936 -0.3418768 -0.008452121 0.9555708 -0.2946407 -0.00845212 0.9555708 -0.2946407 -0.007075771 0.9690759 -0.2466612 -0.007076158 0.9690796 -0.2466468 -0.005682438 0.9801719 -0.1980673 -0.005681463 0.9801743 -0.1980557 -0.004273805 0.9888302 -0.1489847 -0.004273806 0.9888303 -0.1489848 -0.002854999 0.995031 -0.09952518 -0.002854998 0.9950309 -0.09952516 -0.001429283 0.9987569 -0.04982476 -0.001429283 0.9987569 -0.04982476 0 1 0 0 1 0 0.001429283 0.9987569 0.04982476 0.001429283 0.9987569 0.04982477 0.002854999 0.995031 0.09952518 0.002854998 0.9950309 0.09952516 0.005681796 0.9801719 0.1980673 0.004273805 0.9888302 0.1489847 0.004273806 0.9888302 0.1489847 0.007075361 0.9690796 0.2466469 0.005681795 0.9801719 0.1980672 0.007075361 0.9690796 0.2466469 0.008452119 0.9555708 0.2946406 0.009807145 0.9396936 0.3418768 0.008452119 0.9555708 0.2946406 0.009807146 0.9396936 0.3418768 0.01113839 0.9214724 0.388284 0.01113839 0.9214724 0.3882841 0.01244121 0.9009714 0.4337002 0.01371354 0.8782235 0.4780537 0.01244121 0.9009714 0.4337002 0.01371354 0.8782235 0.4780537 0.01495149 0.8532983 0.5212086 0.01495394 0.8532821 0.5212352 0.01615461 0.8262407 0.5630856 0.01615461 0.8262407 0.5630856 0.0173157 0.7971319 0.6035569 0.01731571 0.797132 0.6035569 0.01843375 0.7660407 0.6425276 0.01843375 0.7660407 0.6425276 0.01950315 0.7330647 0.6798793 0.02052668 0.6982499 0.7155597 0.01950621 0.7330369 0.6799092 0.02052668 0.6982499 0.7155597 0.02150255 0.6616623 0.7494936 0.02149927 0.6616961 0.7494639 0.02241804 0.6235119 0.7814924 0.02242141 0.6234753 0.7815215 0.02328208 0.5837321 0.8116125 0.02328208 0.5837321 0.8116124 0.02408724 0.542546 0.8396807 0.02408724 0.5425459 0.8396807 0.02483294 0.4999891 0.8656756 0.02483294 0.4999891 0.8656756 0.02551639 0.4562207 0.8895007 0.02551639 0.4562207 0.8895007 0.02614011 0.4112659 0.9111406 0.02613652 0.4113157 0.9111181 0.02669528 0.3653392 0.9304916 0.02669528 0.3653392 0.9304916 0.02718099 0.3185132 0.9475287 0.02718458 0.3184593 0.9475467 0.02760258 0.270852 0.9622252 0.02760258 0.270852 0.9622252 0.02795544 0.2225283 0.9745254 0.02823899 0.1736065 0.9844101 0.02795542 0.2225285 0.9745253 0.02824188 0.1736645 0.9843999 0.02845173 0.1243806 0.9918266 0.02845515 0.1243216 0.9918339 0.02859421 0.07473645 0.9967932 0.02859421 0.07473645 0.9967933 0.0286655 0.02491236 0.9992785 0.0286655 0.02491236 0.9992785 0.0286655 -0.02491241 0.9992785 0.0286655 -0.02491241 0.9992785 0.02859421 -0.07473645 0.9967933 0.02859421 -0.07473645 0.9967933 0.02845195 -0.1243213 0.991834 0.02845494 -0.1243804 0.9918265 0.02824188 -0.1736645 0.9843999 0.02823899 -0.1736065 0.9844101 0.02795543 -0.2225289 0.9745252 0.02795542 -0.2225287 0.9745253 0.02760258 -0.270852 0.9622252 0.02760258 -0.270852 0.9622252 0.02718152 -0.3184587 0.947547 0.02718406 -0.3185126 0.9475288 0.02669527 -0.3653399 0.9304913 0.02669527 -0.3653399 0.9304913 0.02613946 -0.4113157 0.9111181 0.02613716 -0.4112659 0.9111406 0.0255164 -0.45622 0.8895011 0.0255164 -0.45622 0.8895011 0.02483292 -0.4999903 0.8656749 0.02483292 -0.4999903 0.8656749 0.02408727 -0.5425447 0.8396815 0.02408727 -0.5425447 0.8396816 0.02328205 -0.5837334 0.8116115 0.02328205 -0.5837334 0.8116115 0.02242058 -0.6235114 0.7814926 0.02241889 -0.6234748 0.781522 0.02150012 -0.6616623 0.7494937 0.02150169 -0.661696 0.7494639 0.0205267 -0.6982495 0.7155602 0.0205267 -0.6982495 0.7155602 0.01950535 -0.7330647 0.6798792 0.01950401 -0.7330369 0.6799092 0.01843372 -0.7660416 0.6425265 0.01843372 -0.7660416 0.6425265 0.01731572 -0.7971315 0.6035575 0.01731572 -0.7971315 0.6035575 0.01615462 -0.8262404 0.5630859 0.01615462 -0.8262405 0.5630859 0.01495315 -0.8532989 0.5212075 0.01495223 -0.8532826 0.5212342 0.01371359 -0.8782226 0.4780555 0.01371359 -0.8782226 0.4780555 0.0124412 -0.9009715 0.4336998 0.0124412 -0.9009715 0.4336998 0.01113835 -0.9214731 0.3882824 0.01113835 -0.9214731 0.3882824 0.009807229 -0.9396926 0.3418797 0.009807229 -0.9396926 0.3418798 0.008452106 -0.9555708 0.2946402 0.008452106 -0.9555709 0.2946402 0.007075385 -0.9690794 0.2466477 0.007075386 -0.9690794 0.2466478 0.005681706 -0.9801726 0.1980641 0.005681705 -0.9801726 0.1980641 0.004273864 -0.9888299 0.1489868 0.004273864 -0.9888299 0.1489868 0.002854965 -0.9950311 0.09952402 0.002854965 -0.995031 0.099524 0.001429263 -0.998757 0.04982407 0.001429263 -0.998757 0.04982407 0 -1 0 0 -1 0 -0.001429263 -0.998757 -0.04982406 -0.001429263 -0.998757 -0.04982406 -0.002854965 -0.9950311 -0.09952402 -0.002854965 -0.995031 -0.099524 -0.004273864 -0.9888299 -0.1489868 -0.004273864 -0.9888299 -0.1489868 -0.005681707 -0.9801726 -0.1980641 -0.005682014 -0.980175 -0.1980525 -0.007075795 -0.9690757 -0.2466621 -0.007076182 -0.9690794 -0.2466477 -0.008452109 -0.9555709 -0.2946403 -0.008452109 -0.9555709 -0.2946403 -0.009807227 -0.9396925 -0.3418797 -0.009807227 -0.9396926 -0.3418797 -0.01113899 -0.9214822 -0.388261 -0.01113835 -0.9214731 -0.3882824 -0.01244187 -0.9009603 -0.4337232 -0.0124426 -0.9009716 -0.4336998 -0.01371359 -0.8782226 -0.4780555 -0.01371359 -0.8782226 -0.4780555 -0.01495146 -0.853299 -0.5212075 -0.01495146 -0.853299 -0.5212075 -0.01615279 -0.8262404 -0.563086 -0.01615279 -0.8262404 -0.563086 -0.01731377 -0.7971314 -0.6035575 -0.01731377 -0.7971315 -0.6035575 -0.01843164 -0.7660417 -0.6425266 -0.01843164 -0.7660417 -0.6425266 -0.01950401 -0.7330369 -0.6799092 -0.01950401 -0.7330369 -0.6799092 -0.0205267 -0.6982495 -0.7155602 -0.0205267 -0.6982495 -0.7155602 -0.02150169 -0.6616959 -0.7494639 -0.02150012 -0.6616622 -0.7494938 -0.02241889 -0.6234749 -0.7815218 -0.02242058 -0.6235116 -0.7814925 -0.02328295 -0.5837532 -0.8115973 -0.02328205 -0.5837334 -0.8116115 -0.02408863 -0.5425447 -0.8396815 -0.02408863 -0.5425447 -0.8396815 -0.02483292 -0.4999902 -0.865675 -0.02483395 -0.5000126 -0.8656619 -0.02551784 -0.45622 -0.8895011 -0.02551675 -0.4561963 -0.8895133 -0.02613831 -0.411291 -0.9111292 -0.02613831 -0.4112909 -0.9111292 -0.02669376 -0.3653399 -0.9304913 -0.02669376 -0.3653399 -0.9304913 -0.02718279 -0.3184856 -0.9475378 -0.02718279 -0.3184856 -0.9475378 -0.0276028 -0.2708242 -0.9622329 -0.02760413 -0.270852 -0.9622251 -0.02795542 -0.2225287 -0.9745253 -0.02795542 -0.2225287 -0.9745253 -0.02824028 -0.1736647 -0.9843999 -0.02823884 -0.1736356 -0.984405 -0.02845195 -0.1243213 -0.991834 -0.02845344 -0.1243508 -0.9918302 -0.02859421 -0.07473645 -0.9967933 -0.02859421 -0.07473645 -0.9967933 -0.0286655 -0.02491241 -0.9992785 -0.02866709 -0.02494238 -0.9992778 0.01433885 0.8660254 0.4997943 0.0143377 0.8660202 0.4998035 0.01433668 0.8660281 0.4997897 0.01433718 0.8660306 0.4997854 0.01433744 0.8660273 0.4997912 0.01433685 0.8660246 0.4997959 0.01433796 0.8660217 0.4998008 0.01433778 0.8660204 0.4998029 0.01433733 0.866028 0.4997898 0.01433756 0.8660297 0.4997869 0.01433874 0.866021 0.499802 0.01433842 0.8660275 0.4997907 0.01433764 0.8660218 0.4998007 0.01433717 0.8660278 0.4997902 0.01433762 0.86603 0.4997864 0.01433724 0.8660262 0.499793 0.01433762 0.8660237 0.4997974 0.01433754 0.8660253 0.4997945 0.01433787 0.866025 0.4997951 0.01433743 0.8660258 0.4997938 0.01433781 0.8660259 0.4997937 0.01433753 0.8660239 0.4997971 0.01433765 0.8660242 0.4997965 0.01433784 0.8660253 0.4997948 0.0143376 0.8660262 0.4997931 0.01433756 0.866026 0.4997934 0.01433765 0.866026 0.4997934 0.01433762 0.8660258 0.4997936 0.01433718 0.8660265 0.4997926 0.01433733 0.8660235 0.4997977 0.01433771 0.8660248 0.4997954 0.01433706 0.8660268 0.499792 -0.0143371 0.8660258 -0.4997936 -0.01433736 0.8660271 -0.4997915 -0.01433823 0.8660272 -0.4997912 -0.01433752 0.8660238 -0.4997972 -0.01433771 0.8660218 -0.4998007 -0.01433835 0.8660247 -0.4997956 -0.0143376 0.866029 -0.4997882 -0.01433742 0.8660277 -0.4997904 -0.01433769 0.8660208 -0.4998023 -0.01433792 0.8660225 -0.4997994 -0.0143371 0.8660276 -0.4997907 -0.01433729 0.866029 -0.4997883 -0.01433715 0.8660282 -0.4997895 -0.01433709 0.8660278 -0.4997903 -0.01433805 0.8660213 -0.4998014 -0.01433768 0.8660176 -0.4998079 -0.014338 0.866029 -0.4997882 -0.01433774 0.8660276 -0.4997905 -0.01433873 0.8660253 -0.4997944 -0.01433832 0.8660225 -0.4997994 -0.01433634 0.8660296 -0.4997872 -0.01433686 0.8660191 -0.4998054 -0.01433847 0.8660305 -0.4997855 -0.01433839 0.8660226 -0.4997994 -0.01433759 0.8660261 -0.4997931 -0.0143381 0.8660284 -0.4997892 -0.01433787 0.8660216 -0.4998009 -0.01433782 0.8660214 -0.4998012 -0.0143363 0.8660286 -0.4997889 -0.01433644 0.8660256 -0.4997941 -0.01433749 0.8660293 -0.4997877 -0.01433902 0.8660221 -0.4998001 -0.02867398 -7.179393e-07 -0.9995888 -0.02867425 7.333168e-07 -0.9995888 -0.0286731 -2.479279e-06 -0.9995888 -0.02867398 2.683e-06 -0.9995888 -0.02867499 5.743935e-06 -0.9995888 -0.0286731 -6.031403e-06 -0.9995888 -0.02867309 -6.770979e-06 -0.9995888 -0.02867499 6.965256e-06 -0.9995888 -0.0286765 1.397305e-05 -0.9995887 -0.0286765 -1.532292e-05 -0.9995887 -0.0286731 -1.422246e-05 -0.9995888 -0.02867362 1.505768e-05 -0.9995888 -0.02867635 1.452718e-05 -0.9995888 -0.02867362 -1.448824e-05 -0.9995888 -0.02867304 -1.399286e-05 -0.9995888 -0.02867636 1.383788e-05 -0.9995888 -0.02867271 -1.335086e-06 -0.9995888 -0.02867272 7.796584e-06 -0.9995888 -0.02867304 1.313846e-06 -0.9995888 -0.02867465 -7.934594e-06 -0.9995887 -0.02867772 1.241426e-05 -0.9995887 -0.02867465 -1.20261e-05 -0.9995887 -0.02867673 -3.909632e-06 -0.9995888 -0.02867673 3.122344e-06 -0.9995888 -0.02867772 3.718628e-06 -0.9995887 -0.02867761 -3.321869e-06 -0.9995887 -0.02867243 -2.632109e-05 -0.9995889 -0.02867761 2.500586e-05 -0.9995887 -0.02867425 8.862252e-06 -0.9995888 -0.02867243 -8.258722e-06 -0.9995888 -0.01433911 -0.8660203 -0.4998032 -0.01433743 -0.8660256 -0.4997941 -0.01433657 -0.8660302 -0.4997861 -0.01433733 -0.8660277 -0.4997904 -0.01433759 -0.8660244 -0.4997963 -0.01433673 -0.8660271 -0.4997916 -0.014338 -0.8660209 -0.4998023 -0.0143377 -0.8660221 -0.4998001 -0.01433726 -0.8660296 -0.4997872 -0.01433766 -0.8660278 -0.4997901 -0.01433872 -0.8660214 -0.4998012 -0.01433738 -0.8660272 -0.4997914 -0.01433723 -0.8660265 -0.4997925 -0.01433717 -0.8660278 -0.4997903 -0.01433874 -0.866021 -0.499802 -0.01433799 -0.8660224 -0.4997995 -0.0143376 -0.8660302 -0.499786 -0.01433825 -0.8660238 -0.4997971 -0.01433727 -0.866029 -0.499788 -0.01433818 -0.8660253 -0.4997947 -0.01433791 -0.8660238 -0.499797 -0.01433743 -0.8660259 -0.4997937 -0.0143368 -0.866028 -0.49979 -0.01433789 -0.8660243 -0.4997965 -0.01433772 -0.8660235 -0.4997976 -0.0143369 -0.8660261 -0.4997932 -0.01433767 -0.8660257 -0.4997938 -0.0143376 -0.8660259 -0.4997935 -0.01433804 -0.8660251 -0.4997949 -0.01433764 -0.8660261 -0.4997932 -0.01433707 -0.8660265 -0.4997926 -0.01433809 -0.8660241 -0.4997968 0.01433706 -0.8660267 0.4997922 0.01433744 -0.8660254 0.4997942 0.01433763 -0.8660241 0.4997965 0.01433748 -0.8660247 0.4997956 0.01433746 -0.866027 0.4997917 0.0143375 -0.8660268 0.4997919 0.01433782 -0.8660246 0.4997959 0.01433752 -0.8660257 0.4997937 0.01433744 -0.8660259 0.4997935 0.01433783 -0.8660242 0.4997964 0.01433727 -0.8660243 0.4997964 0.01433723 -0.866025 0.4997951 0.01433755 -0.8660237 0.4997975 0.01433779 -0.8660283 0.4997895 0.0143378 -0.8660264 0.4997928 0.01433791 -0.8660258 0.4997937 0.01433755 -0.8660251 0.4997949 0.01433793 -0.8660238 0.4997971 0.01433888 -0.8660224 0.4997995 0.01433737 -0.8660287 0.4997887 0.01433757 -0.8660306 0.4997854 0.01433871 -0.8660259 0.4997936 0.01433839 -0.8660226 0.4997994 0.01433789 -0.8660243 0.4997965 0.01433748 -0.8660284 0.4997891 0.01433821 -0.8660262 0.4997931 0.0143362 -0.8660259 0.4997936 0.01433783 -0.8660215 0.4998012 0.01433662 -0.8660222 0.4998001 0.01433647 -0.8660252 0.4997949 0.0143362 -0.8660259 0.4997936 0.0143387 -0.8660287 0.4997887 0.02867425 7.970835e-07 0.9995888 0.02867555 -5.80841e-06 0.9995888 0.02867555 7.881097e-06 0.9995888 0.02867601 3.251713e-06 0.9995887 0.02867601 -3.148061e-06 0.9995888 0.02867499 -2.723155e-06 0.9995888 0.02867499 -3.123718e-06 0.9995888 0.02867573 2.685505e-06 0.9995888 0.02867521 7.501256e-06 0.9995888 0.02867573 3.169056e-06 0.9995888 0.02867489 1.69664e-06 0.9995888 0.02867521 -1.635384e-06 0.9995888 0.02867507 -9.484961e-07 0.9995888 0.02867489 9.730911e-07 0.9995888 0.02867559 -7.5316e-06 0.9995888 0.02867507 -3.181313e-06 0.9995887 0.02867531 1.15102e-06 0.9995888 0.02867559 -1.13804e-06 0.9995887 0.02867465 2.698642e-06 0.9995887 0.02867532 -2.704691e-06 0.9995888 0.02867495 -1.169986e-06 0.9995888 0.02867465 1.199647e-06 0.9995887 0.02867527 4.18827e-06 0.9995888 0.02867495 6.682153e-06 0.9995888 0.0286745 -2.618828e-06 0.9995888 0.02867527 -8.24885e-06 0.9995888 0.0286757 -6.094224e-06 0.9995888 0.0286757 6.606977e-06 0.9995888 0.02867451 5.805719e-06 0.9995888 0.02867425 -7.135553e-06 0.9995888 0.9995888 -1.826895e-06 -0.02867321 0.9995888 -3.432307e-07 -0.02867459 0.9995888 -1.826894e-06 -0.02867321 0.9995887 1.215149e-06 -0.02867617 0.9995888 3.290523e-07 -0.02867542 0.9995888 -3.487666e-07 -0.0286746 0.9995887 2.005414e-06 -0.02867656 0.9995887 2.64173e-06 -0.02867778 0.9995888 -8.553084e-07 -0.02867454 0.9995888 -2.491155e-06 -0.02867382 0.9995888 -7.404501e-07 -0.02867513 0.9995887 6.67099e-07 -0.02867587 0.9995888 -1.853831e-06 -0.02867329 0.9995888 -1.584668e-06 -0.02867404 0.9995887 3.006089e-06 -0.02867719 0.9995888 -7.255571e-07 -0.02867393 0.9995888 -3.999784e-07 -0.0286743 0.9995888 -1.145952e-06 -0.02867426 0.9995887 3.252444e-06 -0.02867694 0.9995888 6.093056e-07 -0.02867587 0.9995887 3.030918e-07 -0.02867548 0.9995888 -1.079513e-07 -0.02867541 0.9995888 8.304056e-07 -0.02867592 0.9995888 5.688394e-07 -0.02867594 0.9995887 2.823398e-07 -0.02867554 0.9995888 3.487678e-07 -0.02867557 0.9995888 -3.277305e-06 -0.02867383 0.9995887 1.086443e-06 -0.02867736 0.9995887 1.714732e-06 -0.02867834 0.9995887 1.021391e-06 -0.02867507 0.9995888 1.760462e-06 -0.02867538 0.9995888 -1.133513e-06 -0.02867244 0.9995889 -1.378464e-06 -0.02867202 0.9995888 -2.491167e-06 -0.02867418 0.9995887 1.865651e-06 -0.02867576 0.9995887 -1.342461e-07 -0.02867603 0.9995887 1.289217e-06 -0.02867881 0.9995887 -1.101666e-06 -0.02867524 0.9995888 -1.843514e-06 -0.02867501 0.9995889 -2.406037e-06 -0.02866927 0.9995887 6.345713e-07 -0.02867602 0.9995888 5.248138e-06 -0.0286762 0.9995888 -1.421367e-06 -0.02867451 0.9995887 1.088874e-06 -0.02867764 0.9995887 3.079435e-07 -0.02867564 0.9995887 1.766672e-06 -0.02867553 0.9995888 -5.181696e-06 -0.02867413 0.9995887 6.020304e-08 -0.02867551 0.9995887 7.406012e-07 -0.02867754 0.9995887 -1.361851e-06 -0.02867537 0.9995887 7.61203e-07 -0.02867569 0.9995888 -4.396013e-07 -0.02867267 0.9995888 6.228014e-09 -0.02867426 0.9995887 -8.490841e-07 -0.02867501 0.9995888 6.045343e-06 -0.0286757 0.9995888 3.889083e-07 -0.02867522 0.9995888 -1.956619e-07 -0.02867265 0.9995887 -9.336385e-07 -0.02867505 0.9995888 -1.328641e-06 -0.02867503 0.9995887 7.886169e-07 -0.02868056 0.9995888 -3.224705e-07 -0.02867423 0.9995888 -1.395075e-06 -0.0286751 0.9995887 3.906395e-07 -0.02867735 0.9995889 -4.038526e-07 -0.02867098 0.9995887 9.336395e-07 -0.02867505 0.9995887 8.527176e-07 -0.02867506 0.9995888 1.395077e-06 -0.0286751 0.9995888 4.684603e-07 -0.02867424 0.9995888 4.68482e-07 -0.02867424 0.9995888 1.361853e-06 -0.02867496 0.9995887 1.082109e-07 -0.02867905 0.9995888 1.600269e-08 -0.02867526 0.9995887 -7.612038e-07 -0.02867569 0.9995888 -6.045342e-06 -0.0286757 0.9995888 3.417683e-07 -0.02867266 0.9995888 2.997234e-07 -0.02867431 0.9995887 1.361851e-06 -0.02867537 0.9995887 -1.766672e-06 -0.02867553 0.9995887 -1.245581e-07 -0.02867549 0.9995887 -2.859647e-07 -0.02867763 0.9995888 5.181696e-06 -0.02867413 0.9995888 1.422057e-06 -0.02867451 0.9995889 7.79029e-07 -0.02867153 0.9995887 2.439331e-07 -0.02867578 0.9995887 1.101666e-06 -0.02867524 0.9995888 -5.248138e-06 -0.02867621 0.9995888 -2.024159e-08 -0.02867672 0.9995887 2.36659e-07 -0.02867527 0.9995887 -1.865652e-06 -0.02867576 0.9995888 1.843511e-06 -0.02867501 0.9995887 -5.24692e-07 -0.02867754 0.9995888 5.792144e-07 -0.02867271 0.9995887 -1.021392e-06 -0.02867508 0.9995888 2.491171e-06 -0.02867419 0.9995888 7.494492e-07 -0.02867228 0.9995887 -2.795682e-07 -0.02867593 0.9995888 -1.760462e-06 -0.02867539 0.9995888 3.277991e-06 -0.02867383 0.9995887 8.580735e-08 -0.02867537 0.9995887 -2.03037e-06 -0.02867981 0.9995887 -1.190246e-06 -0.02867731 0.9995888 -3.155522e-07 -0.02867565 0.9995888 1.629632e-07 -0.02867468 0.9995887 -1.729998e-08 -0.02867513 0.9995887 -8.304073e-07 -0.02867591 0.9995887 -3.252444e-06 -0.02867694 0.9995888 1.558371e-06 -0.028674 0.9995889 2.702958e-06 -0.02867042 0.9995889 1.821348e-06 -0.02867237 0.9995888 4.940949e-07 -0.02867479 0.9995888 1.179169e-06 -0.02867431 0.9995887 -2.672836e-06 -0.02867933 0.9995887 -1.919627e-06 -0.02867786 0.9995887 -2.640705e-06 -0.02867771 0.9995888 6.882076e-07 -0.02867423 0.9995887 -1.370167e-07 -0.02867566 0.9995887 -2.004029e-06 -0.02867656 0.9995888 2.491154e-06 -0.02867381 0.9995888 1.820666e-06 -0.02867321 0.9995888 9.245056e-07 -0.02867459 0.9995888 3.432309e-07 -0.02867459 0.9995888 3.487666e-07 -0.02867459 0.9995888 1.601305e-06 -0.02867365 0.9995888 9.248421e-07 -0.02867459 0.9995888 1.826895e-06 -0.02867321 0.9995888 1.82551e-06 -0.02867321 0.9995887 -2.523407e-06 -0.02867788 0.9995887 -8.802227e-07 -0.02867583 0.9995888 -3.32167e-07 -0.02867542 0.9995888 3.923631e-07 -0.02867464 0.9995887 -1.215149e-06 -0.02867617 0.9995888 3.985913e-07 -0.02867465 0.9995887 -2.098855e-06 -0.02867824 0.9995888 1.85383e-06 -0.02867328 0.9995888 4.940856e-07 -0.02867423 0.9995887 -2.33622e-06 -0.02867693 0.9995887 -2.06354e-06 -0.02867726 0.9995888 1.319314e-06 -0.02867469 0.9995887 -6.670989e-07 -0.02867587 0.9995888 1.251126e-06 -0.02867417 0.9995888 6.653524e-07 -0.02867389 0.9995888 -6.093052e-07 -0.02867587 0.9995888 4.40115e-07 -0.02867433 0.9995888 1.181246e-06 -0.02867432 0.9995888 7.418312e-07 -0.02867454 0.9995887 -3.030917e-07 -0.02867548 0.9995888 1.251133e-06 -0.02867428 0.9995888 -1.182287e-06 -0.0286753 0.9995888 -5.055208e-07 -0.02867598 0.9995887 -1.714731e-06 -0.02867833 0.9995887 -3.252441e-07 -0.02867552 0.9995888 -1.002712e-06 -0.02867527 0.9995888 -6.103451e-07 -0.02867508 0.9995887 -1.06292e-06 -0.02867524 0.9995887 -1.086444e-06 -0.02867736 0.9995888 9.902561e-07 -0.02867439 0.9995887 -7.971834e-07 -0.02867513 0.9995888 1.200466e-06 -0.02867247 0.9995888 1.333482e-06 -0.028672 0.9995888 2.356797e-06 -0.02867423 0.9995887 -8.857632e-07 -0.02867541 0.9995887 -8.5377e-07 -0.02867897 0.9995887 -1.570815e-07 -0.02867593 0.9995888 1.101839e-06 -0.02867524 0.9995887 -1.284357e-06 -0.02867598 0.999589 1.356118e-06 -0.02866895 0.9995887 6.504881e-08 -0.02867623 0.9995887 1.107202e-06 -0.02867524 0.9995887 -7.811039e-07 -0.02867771 0.9995887 -5.134698e-07 -0.02867559 0.9995887 1.085059e-06 -0.02867524 0.9995888 -1.03956e-06 -0.02867546 0.9995887 -4.288169e-07 -0.0286776 0.9995887 -2.677997e-07 -0.02867546 0.9995888 6.29547e-07 -0.02867548 0.9995887 -1.749377e-06 -0.0286756 0.9995888 1.976779e-07 -0.02867264 0.9995888 1.956618e-07 -0.02867265 0.9995888 1.557003e-07 -0.02867429 0.9995888 1.782769e-06 -0.02867499 0.9995888 3.919494e-06 -0.02867499 0.9995887 -7.886169e-07 -0.02868056 0.9995888 -3.889082e-07 -0.02867522 0.9995888 -5.757796e-06 -0.02867539 0.9995887 -3.365897e-06 -0.0286755 0.9995888 3.224704e-07 -0.02867423 0.9995888 6.910499e-07 -0.0286751 0.9995888 -6.91051e-07 -0.0286751 0.9995887 4.428807e-07 -0.02867508 0.9995889 -5.496286e-07 -0.02867098 0.9995887 2.448849e-07 -0.02867735 0.9995887 -4.428812e-07 -0.02867508 0.9995888 -4.68655e-07 -0.02867424 0.9995887 -1.082109e-07 -0.02867904 0.9995888 -4.684386e-07 -0.02867424 0.9995888 -1.78251e-06 -0.02867499 0.9995888 5.731334e-06 -0.02867574 0.9995887 3.410179e-06 -0.02867527 0.9995888 -3.417682e-07 -0.02867266 0.9995888 -1.600268e-08 -0.02867526 0.9995888 -3.919498e-06 -0.02867499 0.9995888 -2.997233e-07 -0.02867431 0.9995887 1.716162e-06 -0.02867583 0.9995888 1.03956e-06 -0.02867546 0.9995888 -5.677853e-07 -0.02867513 0.9995887 5.978793e-07 -0.02867756 0.9995889 -7.790289e-07 -0.02867153 0.9995887 -8.303873e-08 -0.02867553 0.9995887 -1.085058e-06 -0.02867524 0.9995887 -2.439331e-07 -0.02867578 0.9995887 -1.107202e-06 -0.02867525 0.9995888 -2.547264e-06 -0.02867479 0.9995888 -1.101839e-06 -0.02867524 0.9995887 -3.764406e-07 -0.02867531 0.9995887 2.283661e-07 -0.02867666 0.9995887 1.406151e-06 -0.0286756 0.9995888 -1.106514e-06 -0.02867468 0.9995887 1.215462e-06 -0.02867729 0.9995889 -1.039401e-06 -0.02867288 0.9995887 9.632685e-07 -0.02867521 0.9995887 6.255686e-07 -0.02867578 0.9995888 -1.26742e-06 -0.0286725 0.9995888 7.971819e-07 -0.02867513 0.9995888 1.001674e-06 -0.02867527 0.9995887 9.556575e-07 -0.02867742 0.9995887 2.382255e-06 -0.02867964 0.9995887 1.040778e-06 -0.02867529 0.9995888 1.18229e-06 -0.02867531 0.9995888 6.435588e-07 -0.02867501 0.9995887 6.020387e-08 -0.02867511 0.9995888 -2.262807e-07 -0.02867471 0.9995889 -2.702956e-06 -0.02867042 0.9995888 -1.251134e-06 -0.02867429 0.9995888 -1.821347e-06 -0.02867237 0.9995888 -7.639765e-07 -0.02867458 0.9995887 2.455897e-06 -0.02867671 0.9995888 -1.141799e-06 -0.02867426 0.9995887 2.875248e-06 -0.02867919 0.9995888 -6.882075e-07 -0.02867424 0.9995887 1.785376e-06 -0.02867795 0.9995888 -1.319314e-06 -0.0286747 0.9995888 -1.516854e-06 -0.02867455 0.9995887 1.370166e-07 -0.02867566 0.9995887 2.336219e-06 -0.02867694 0.9995888 -2.007503e-06 -0.02867337 0.9995888 -7.999477e-07 -0.02867449 0.9995888 -3.985915e-07 -0.02867465 0.9995887 2.795361e-06 -0.0286776 0.9995888 -3.923632e-07 -0.02867464 0.9995887 6.975354e-07 -0.02867601 0.9995888 -7.992504e-07 -0.02867447 0.9995888 -1.685726e-06 -0.02867373 -0.9995888 1.928627e-06 0.02867332 -0.9995887 -1.273261e-07 0.0286759 -0.9995887 4.428886e-08 0.02867573 -0.9995888 7.992491e-07 0.02867448 -0.9995887 -1.206845e-06 0.02867617 -0.9995887 -4.443677e-06 0.0286788 -0.9995888 1.339716e-06 0.02867394 -0.9995887 -2.64173e-06 0.02867778 -0.9995887 1.328665e-07 0.0286752 -0.9995888 9.227934e-07 0.0286742 -0.9995888 8.262618e-07 0.02867434 -0.9995887 1.660787e-08 0.02867516 -0.9995888 2.063572e-06 0.02867334 -0.9995888 1.217908e-06 0.02867412 -0.9995887 -2.812309e-06 0.02867687 -0.9995888 8.459667e-07 0.02867401 -0.9995888 5.203888e-07 0.02867439 -0.9995887 -4.29732e-06 0.02867758 -0.9995887 -1.99299e-07 0.02867559 -0.9995887 -4.84747e-07 0.02867594 -0.9995887 -1.771499e-07 0.02867555 -0.9995888 5.664242e-06 0.0286715 -0.9995888 1.472574e-06 0.02867467 -0.9995887 -7.529034e-07 0.02867588 -0.9995888 7.473635e-07 0.02867353 -0.9995888 1.629632e-07 0.02867468 -0.9995888 -1.672254e-06 0.02867621 -0.9995887 -5.535988e-07 0.02867567 -0.9995888 5.916723e-07 0.028674 -0.9995888 -8.200141e-08 0.02867553 -0.9995887 -7.418267e-07 0.0286758 -0.9995887 -1.354612e-06 0.02867831 -0.9995887 -3.764547e-07 0.02867688 -0.9995887 -3.875206e-08 0.02867603 -0.9995888 1.337988e-06 0.02867528 -0.9995888 3.244092e-06 0.02867458 -0.9995888 9.082207e-07 0.02867128 -0.9995888 -3.047564e-06 0.02867586 -0.9995888 9.300497e-07 0.02867463 -0.9995889 7.792021e-07 0.02867154 -0.9995887 -2.311234e-07 0.02867512 -0.9995888 -8.366507e-07 0.02867647 -0.9995887 -3.653786e-06 0.02867579 -0.9995888 9.295307e-07 0.02867463 -0.9995887 2.813032e-07 0.02867657 -0.9995887 -2.33553e-08 0.0286779 -0.9995888 2.435848e-06 0.02867484 -0.9995888 -1.022954e-06 0.02867553 -0.9995888 1.555273e-07 0.02867429 -0.9995888 6.783222e-07 0.02867132 -0.9995888 -8.414754e-07 0.02867506 -0.9995888 -2.044868e-07 0.02867497 -0.9995887 9.627232e-08 0.02867856 -0.9995887 3.347614e-08 0.02867905 -0.9995887 8.636205e-07 0.02867515 -0.9995888 1.791856e-06 0.02867506 -0.9995888 -4.800724e-08 0.02867263 -0.9995887 9.300487e-07 0.02867505 -0.9995888 -1.214464e-07 0.02867511 -0.9995888 -1.664253e-07 0.02867421 -0.9995888 -1.665983e-07 0.02867421 -0.9995888 1.422517e-06 0.0286751 -0.9995888 3.121771e-07 0.0286742 -0.9995888 2.848485e-07 0.0286731 -0.9995887 -2.449714e-07 0.02867735 -0.9995887 -9.300497e-07 0.02867505 -0.9995887 -8.414727e-07 0.02867506 -0.9995888 -1.422519e-06 0.0286751 -0.9995888 3.121771e-07 0.0286742 -0.9995888 1.105479e-07 0.02867525 -0.9995888 1.931317e-07 0.02867262 -0.9995888 1.291459e-07 0.02867524 -0.9995888 8.414763e-07 0.02867507 -0.9995888 -1.791597e-06 0.02867506 -0.9995887 5.824922e-07 0.02867847 -0.9995887 5.950448e-07 0.02867896 -0.9995888 2.044868e-07 0.02867497 -0.9995888 -2.435848e-06 0.02867484 -0.9995888 -6.041271e-07 0.02867231 -0.9995888 -6.780627e-07 0.02867132 -0.9995888 1.022954e-06 0.02867553 -0.9995887 3.653782e-06 0.02867579 -0.9995887 6.338792e-07 0.02867602 -0.9995887 2.491147e-07 0.02867465 -0.9995887 6.396756e-07 0.02867775 -0.9995888 -9.295306e-07 0.02867463 -0.9995888 -9.300497e-07 0.02867463 -0.9995888 2.314694e-07 0.02867513 -0.9995888 3.047559e-06 0.02867586 -0.9995888 -3.244094e-06 0.02867458 -0.9995887 5.314726e-07 0.02867688 -0.9995887 1.563896e-07 0.02867593 -0.9995888 -5.792144e-07 0.02867271 -0.9995888 -1.339028e-06 0.02867528 -0.9995887 7.418275e-07 0.02867581 -0.9995888 5.314546e-07 0.02867572 -0.9995887 1.353574e-06 0.02867831 -0.9995888 1.121029e-07 0.02867546 -0.9995888 -1.03799e-06 0.02867313 -0.9995888 -1.193151e-06 0.02867267 -0.9995887 1.672252e-06 0.02867621 -0.9995887 7.529038e-07 0.02867588 -0.9995887 8.30398e-08 0.02867509 -0.9995888 4.411631e-07 0.02867601 -0.9995888 -6.055599e-06 0.02867217 -0.9995888 -1.206843e-06 0.02867423 -0.9995888 -4.594915e-07 0.02867434 -0.9995887 5.480642e-07 0.0286759 -0.9995888 5.470264e-07 0.0286759 -0.9995887 4.298354e-06 0.02867758 -0.9995887 2.812309e-06 0.02867686 -0.9995888 -7.857619e-07 0.02867398 -0.9995888 -2.164248e-06 0.02867347 -0.9995888 -1.151481e-06 0.02867403 -0.9995888 -1.312034e-06 0.0286739 -0.9995887 -1.660786e-07 0.02867527 -0.9995888 -1.484306e-06 0.028673 -0.9995888 -9.695058e-07 0.02867425 -0.9995888 -1.716173e-07 0.02867459 -0.9995887 2.154904e-06 0.02867819 -0.9995887 -4.428888e-08 0.02867573 -0.9995887 4.443677e-06 0.02867879 -0.9995887 1.539024e-06 0.02867653 -0.9995888 2.761138e-07 0.02867547 -0.9995888 -2.270124e-06 0.02867367 -0.9995887 3.584514e-07 0.02867566 -0.9995888 -2.873162e-06 0.02867323 -0.9995887 7.487422e-07 0.02867596 -0.9995888 -8.127523e-07 0.02867512 -0.9995887 1.025543e-06 0.02867635 -0.9995888 -5.14841e-07 0.02867422 -0.9995887 -8.124065e-07 0.02867512 -0.9995888 1.522432e-07 0.02867497 -0.9995887 2.208877e-06 0.02867815 -0.9995888 -2.607446e-06 0.02867284 -0.9995887 4.201867e-06 0.02867799 -0.9995888 -1.692634e-06 0.02867438 -0.9995888 -1.086429e-07 0.02867524 -0.9995888 -6.892454e-07 0.02867423 -0.9995888 -8.539296e-07 0.02867445 -0.9995888 -5.612175e-07 0.02867441 -0.9995888 -7.805719e-07 0.02867398 -0.9995887 2.772179e-06 0.02867693 -0.9995888 -1.527939e-06 0.02867485 -0.9995887 4.235051e-07 0.02867597 -0.9995887 2.200533e-07 0.02867553 -0.9995888 -1.561149e-06 0.02867483 -0.9995888 3.653758e-07 0.02867558 -0.9995888 8.636199e-07 0.02867586 -0.9995888 -1.660773e-07 0.02867468 -0.9995887 1.972229e-07 0.02867559 -0.9995887 3.543038e-07 0.02867558 -0.9995888 7.805773e-07 0.02867579 -0.9995888 -5.895961e-07 0.028674 -0.9995888 -7.480557e-07 0.02867353 -0.9995887 9.805698e-07 0.02867591 -0.9995888 -1.212389e-06 0.02867498 -0.9995887 9.944214e-07 0.02867846 -0.9995887 2.795682e-07 0.02867593 -0.9995888 -3.102939e-06 0.02867396 -0.9995889 -9.071826e-07 0.02867128 -0.9995887 3.764546e-07 0.02867689 -0.9995887 1.408226e-06 0.0286756 -0.9995888 3.753431e-06 0.02867607 -0.9995888 6.280084e-07 0.02867653 -0.9995887 3.705582e-07 0.02867508 -0.9995888 -9.300497e-07 0.02867463 -0.9995888 -9.300497e-07 0.02867463 -0.9995889 -7.78856e-07 0.02867154 -0.9995887 2.335529e-08 0.0286779 -0.9995887 2.696721e-06 0.02867555 -0.9995887 3.321591e-07 0.02867531 -0.9995888 -6.780627e-07 0.02867132 -0.9995887 -2.814761e-07 0.02867657 -0.9995888 -1.933802e-06 0.02867486 -0.9995888 -1.743844e-06 0.02867467 -0.9995888 1.992968e-07 0.02867497 -0.9995888 -1.554408e-07 0.02867428 -0.9995887 -3.3541e-08 0.02867905 -0.9995887 3.314685e-07 0.0286752 -0.9995888 -6.311059e-07 0.02867511 -0.9995887 -9.622904e-08 0.02867855 -0.9995888 4.800723e-08 0.02867263 -0.9995887 -8.527186e-07 0.02867506 -0.9995888 1.664253e-07 0.02867421 -0.9995888 1.664685e-07 0.02867421 -0.9995887 -4.466002e-07 0.02867508 -0.9995888 -6.643214e-07 0.0286751 -0.9995888 1.390939e-07 0.02867311 -0.9995887 -3.908124e-07 0.02867735 -0.9995888 5.97889e-07 0.02867507 -0.9995888 6.975376e-07 0.02867506 -0.9995887 4.472066e-07 0.0286751 -0.9995888 -3.121771e-07 0.0286742 -0.9995888 -1.931641e-07 0.02867261 -0.9995888 -3.124365e-07 0.0286742 -0.9995887 8.544483e-07 0.02867508 -0.9995888 1.760452e-06 0.02867499 -0.9995888 -1.290594e-07 0.02867525 -0.9995888 -3.581109e-07 0.02867499 -0.9995887 -6.664082e-07 0.02867895 -0.9995887 -5.342251e-07 0.02867847 -0.9995888 1.896779e-06 0.02867465 -0.9995887 -3.321591e-07 0.02867531 -0.9995888 -1.494726e-07 0.02867528 -0.9995888 8.220841e-07 0.02867134 -0.9995887 -6.399351e-07 0.02867775 -0.9995889 5.086289e-07 0.02867229 -0.9995887 -2.696718e-06 0.02867555 -0.9995888 9.300497e-07 0.02867463 -0.9995888 -2.498067e-07 0.02867465 -0.9995888 9.293577e-07 0.02867463 -0.9995887 -6.345713e-07 0.02867602 -0.9995888 -2.283554e-07 0.02867512 -0.9995888 -3.637174e-06 0.02867641 -0.9995887 -1.482962e-06 0.02867537 -0.9995887 -4.622492e-07 0.02867582 -0.9995888 1.038017e-06 0.02867289 -0.9995888 3.102943e-06 0.02867396 -0.9995888 1.212391e-06 0.02867498 -0.9995887 -5.300883e-07 0.02867688 -0.9995887 -1.357727e-06 0.02867831 -0.9995887 -9.80568e-07 0.02867591 -0.9995888 -3.487673e-07 0.02867558 -0.9995888 -7.805771e-07 0.02867578 -0.9995888 9.923184e-07 0.0286731 -0.9995888 1.253872e-06 0.02867269 -0.9995887 -3.53612e-07 0.02867557 -0.9995887 4.151997e-09 0.02867514 -0.9995888 -5.646879e-07 0.02867594 -0.9995888 1.527938e-06 0.02867486 -0.9995887 -6.643256e-07 0.0286762 -0.9995888 1.429667e-06 0.02867461 -0.9995887 -5.480638e-07 0.0286759 -0.9995887 -5.466803e-07 0.0286759 -0.9995887 -2.773563e-06 0.02867693 -0.9995888 2.823348e-06 0.02867311 -0.9995888 4.594914e-07 0.02867435 -0.9995888 7.805719e-07 0.02867398 -0.9995888 7.169132e-07 0.02867426 -0.9995888 -4.013561e-08 0.02867513 -0.9995888 1.793625e-06 0.02867324 -0.9995888 1.266359e-06 0.02867385 -0.9995887 -3.570764e-06 0.02867879 -0.9995888 4.954759e-07 0.02867487 -0.9995887 -2.640691e-06 0.02867778 -0.9995887 8.124069e-07 0.02867512 -0.9995888 2.873162e-06 0.02867323 -0.9995888 8.137905e-07 0.02867513 -0.9995887 -7.487421e-07 0.02867596 -0.9995887 -1.539023e-06 0.02867653 -0.9995888 -2.823424e-07 0.02867546 -0.7950422 0.5070927 0.3328136 -0.8795429 0.3809656 0.2850778 -0.8347399 0.4398686 0.3312477 -0.8643355 0.3885877 0.3192549 -0.8553468 0.3844412 0.347256 -0.8433014 0.4064002 0.3516839 -0.8562261 0.3661425 0.3644398 -0.8568158 0.3474666 0.380964 -0.8497813 0.369647 0.3758096 -0.8519808 0.3340731 0.4031424 -0.8553919 0.3107751 0.4143953 -0.8523503 0.3340469 0.4023825 -0.8500201 0.2957364 0.4358965 -0.8496353 0.2076477 0.4847704 -0.8532859 0.1820886 0.4886173 -0.8527394 0.1588908 0.4975834 -0.8500546 0.1666738 0.4996269 -0.8508338 0.1358832 0.5075606 -0.8482571 0.1325623 0.5127251 -0.8535201 0.1105906 0.5091888 -0.8524515 0.0865616 0.5155904 -0.8425157 0.09575033 0.5300937 -0.8450906 0.06346106 0.5308434 -0.8201737 0.05724056 0.5692439 -0.8663975 0.03545277 0.4980947 -0.7094616 0.01704662 0.7045379 -0.8502526 0.2718644 0.4507331 -0.8611546 0.2846569 0.4211687 -0.8545182 0.2704583 0.4434534 -0.850565 0.2522253 0.4614343 -0.8578991 0.2424427 0.4530237 -0.8504731 0.2959898 0.4348395 -0.8538058 0.2274277 0.4682867 -0.8621575 0.2002485 0.4653871 -0.8521762 0.222438 0.4736211 -0.8544691 0.2489881 0.455947 -0.8505626 0.2522228 0.4614399 -0.8493086 0.2085102 0.4849725 -0.8120025 0.5219989 -0.2610925 -0.8926943 0.4154817 -0.1745612 -0.8500524 0.4859747 -0.203075 -0.8782074 0.4491973 -0.1642369 -0.8695179 0.4715893 -0.1467726 -0.8580921 0.4866934 -0.16373 -0.8701895 0.4772927 -0.1223187 -0.870551 0.4822458 -0.09787659 -0.863997 0.4890479 -0.1197551 -0.8657023 0.4948709 -0.07524771 -0.8686959 0.4928763 -0.04940024 -0.8660612 0.4941887 -0.07560118 -0.8632601 0.5041048 -0.02569581 -0.8648698 0.4964362 0.07450762 -0.8633862 0.4946635 0.09936006 -0.8624697 0.4967546 0.09685545 -0.8623025 0.4909697 0.1240285 -0.8624615 0.4839916 0.1480281 -0.8628131 0.4898594 0.124865 -0.860688 0.4858491 0.1522069 -0.8626106 0.4758754 0.1715963 -0.8579273 0.4810075 0.1805343 -0.86388 0.4648257 0.1940319 -0.8526547 0.4778749 0.2112238 -0.8679452 0.4482253 0.2139282 -0.8466955 0.4749292 0.2398937 -0.8778887 0.4210794 0.2280428 -0.7258673 0.5950538 0.3450039 -0.8631135 0.5050043 0.002391964 -0.8739062 0.4855347 -0.02332215 -0.8672403 0.4978899 1.902756e-05 -0.8637081 0.503298 -0.02644432 -0.8690238 0.4941418 0.02492948 -0.8652662 0.4971788 0.06424685 -0.8645993 0.5009637 0.03877168 -0.8630904 0.5044423 0.02475768 -0.8658145 0.4978912 0.04969543 -0.86326 0.5007625 0.06339583 -0.863091 0.5044411 0.02475929 -0.7490038 0.01704844 -0.6623463 -0.8936051 0.0354398 -0.4474527 -0.8741441 0.06345091 -0.481504 -0.8515256 0.05724415 -0.5211786 -0.8806208 0.08656159 -0.4658477 -0.8813074 0.1105797 -0.4594228 -0.8715299 0.09575412 -0.480902 -0.8785254 0.1358844 -0.4579613 -0.8798565 0.1588999 -0.4478876 -0.876252 0.132568 -0.4632581 -0.879893 0.1820871 -0.4388992 -0.876026 0.207658 -0.4352662 -0.8772977 0.1666696 -0.4500778 -0.8863936 0.2436142 -0.3936477 -0.8779099 0.2912435 -0.3800678 -0.8767405 0.3118995 -0.3661214 -0.8758399 0.310799 -0.3691996 -0.8759132 0.3314377 -0.3506066 -0.8762432 0.3487352 -0.3325382 -0.8764136 0.3315958 -0.3492038 -0.8745854 0.3533004 -0.3320829 -0.8765382 0.3650561 -0.3137113 -0.8721156 0.3754681 -0.3137484 -0.877856 0.3789144 -0.2929039 -0.8672041 0.4006043 -0.2957587 -0.8817894 0.3877411 -0.2685224 -0.861566 0.4241291 -0.2789598 -0.89123 0.3861863 -0.2378426 -0.7451906 0.5782583 -0.332127 -0.8874128 0.2002495 -0.4152089 -0.8779243 0.2224295 -0.4239979 -0.8792499 0.2274198 -0.4185688 -0.8756185 0.2522232 -0.4119171 -0.8757172 0.2085046 -0.4354826 -0.8781805 0.282717 -0.3858368 -0.8785341 0.2704636 -0.393735 -0.8766705 0.2539916 -0.4085793 -0.8762482 0.2838242 -0.3894008 -0.8756176 0.2522261 -0.4119174 -0.8792007 0.2489929 -0.4062126 -0.8128014 -0.5071106 -0.2866927 -0.894451 -0.3809454 -0.2341754 -0.8523603 -0.4398619 -0.2828488 -0.8812156 -0.3885882 -0.2691806 -0.8738605 -0.3844192 -0.29764 -0.8620785 -0.4063982 -0.302756 -0.8757228 -0.3661318 -0.3147332 -0.8772436 -0.3474751 -0.331217 -0.8699293 -0.3696429 -0.3264768 -0.8736847 -0.3340704 -0.3536554 -0.8777419 -0.3107719 -0.3646778 -0.8740166 -0.3340436 -0.3528593 -0.8736129 -0.2957378 -0.3864449 -0.8749332 -0.2084609 -0.4370767 -0.8798014 -0.1821479 -0.4390577 -0.8763926 -0.1608946 -0.4539261 -0.8808042 -0.1347601 -0.4538983 -0.8768434 -0.1600265 -0.4533621 -0.87973 -0.1112218 -0.4622822 -0.8740813 -0.1190256 -0.4709722 -0.8789757 -0.08708213 -0.4688481 -0.8672696 -0.07989436 -0.4913861 -0.8866394 -0.060611 -0.4584724 -0.8590896 -0.045849 -0.5097674 -0.8999657 -0.03449023 -0.4345943 -0.8227986 -0.01475245 -0.5681416 -0.8746959 -0.2718597 -0.4012474 -0.8838859 -0.2846536 -0.371104 -0.8785341 -0.2704636 -0.393735 -0.8740026 -0.2959899 -0.3853689 -0.8756185 -0.2522231 -0.4119171 -0.8792499 -0.2274196 -0.4185688 -0.87528 -0.2330222 -0.4237753 -0.8851664 -0.2008016 -0.4197131 -0.8756175 -0.2522261 -0.4119174 -0.8812953 -0.2470757 -0.4028302 -0.8754455 -0.2071607 -0.4366688 -0.7958372 -0.5218406 0.3071249 -0.8812811 -0.4153802 0.2253948 -0.8370374 -0.4859471 0.2514433 -0.8673374 -0.4492107 0.2143258 -0.8596779 -0.4715844 0.1963723 -0.8472836 -0.4867066 0.2126664 -0.8617485 -0.4772869 0.1720074 -0.8635074 -0.4822497 0.1476144 -0.8557067 -0.4890548 0.1690899 -0.8599644 -0.4948721 0.1247504 -0.8644359 -0.492875 0.09912053 -0.8603037 -0.4941875 0.1251252 -0.8603684 -0.5041023 0.07514569 -0.8677189 -0.4964361 -0.02479993 -0.8676611 -0.4946658 -0.04969973 -0.8666036 -0.4967546 -0.04725441 -0.8679931 -0.4909722 -0.07439322 -0.8695276 -0.4839926 -0.09835093 -0.8685511 -0.4898612 -0.07519963 -0.8680016 -0.4858439 -0.1026103 -0.871033 -0.4758707 -0.121856 -0.8668649 -0.4810085 -0.131058 -0.8735814 -0.4648266 -0.1441936 -0.8633673 -0.477867 -0.1619883 -0.8787822 -0.4482275 -0.1638109 -0.8590276 -0.4749683 -0.1909889 -0.8894946 -0.4211175 -0.1773684 -0.7444016 -0.5950998 -0.3028572 -0.8618308 -0.5050048 0.04709316 -0.8711308 -0.4855371 0.07338235 -0.8658145 -0.4978911 0.04969575 -0.8630904 -0.5044423 0.02475768 -0.8607708 -0.5032998 0.07591471 -0.8690239 -0.4941416 0.02492948 -0.8675278 -0.4971761 -0.01453831 -0.8654013 -0.5009617 0.01086032 -0.8672403 -0.4978898 1.878044e-05 -0.8654757 -0.5007607 -0.01380353 -0.863091 -0.5044411 0.02475929 -0.7884678 -0.01475684 0.6148989 -0.8733912 -0.03451634 0.4857947 -0.8283893 -0.04583692 0.5582741 -0.8588857 -0.06062089 0.5085672 -0.8506414 -0.08708082 0.5184845 -0.8376686 -0.07989676 0.5403034 -0.8517718 -0.1112363 0.5119681 -0.8533382 -0.1347605 0.5036403 -0.8456469 -0.119024 0.5203025 -0.8489339 -0.1608859 0.5034153 -0.8531843 -0.1821501 0.4887717 -0.849411 -0.1600274 0.502884 -0.8484401 -0.2084509 0.486516 -0.8546777 -0.29124 0.4297736 -0.8543063 -0.3119062 0.4157828 -0.8532333 -0.3108083 0.4187974 -0.8543803 -0.3314402 0.4002269 -0.8557442 -0.3487234 0.3822224 -0.8549498 -0.3315954 0.39888 -0.8541072 -0.3533113 0.3816701 -0.8571076 -0.3650561 0.3634565 -0.8526816 -0.3754878 0.3632396 -0.8596091 -0.3789338 0.3427555 -0.8488194 -0.4006063 0.3449929 -0.8649465 -0.3877401 0.31863 -0.8441482 -0.4241447 0.3278947 -0.8761122 -0.386214 0.288559 -0.724943 -0.5782384 0.3742965 -0.8495482 -0.2330216 0.4732535 -0.8596505 -0.2008032 0.469765 -0.8538058 -0.2274275 0.4682867 -0.850562 -0.2522277 0.4614385 -0.848969 -0.207165 0.4861423 -0.8567527 -0.247072 0.4526923 -0.8546162 -0.2827152 0.4355492 -0.8527608 -0.26257 0.4515041 -0.8545182 -0.2704584 0.4434535 -0.852484 -0.2838216 0.4389945 -0.8505642 -0.2522216 0.4614379 0.7452251 -0.5782215 0.3321137 0.8912158 -0.3862113 0.2378554 0.8615476 -0.4241573 0.2789739 0.8817867 -0.3877426 0.2685292 0.8778491 -0.37893 0.2929046 0.8672066 -0.4006005 0.2957566 0.8765364 -0.3650526 0.3137206 0.872106 -0.3754827 0.3137577 0.8762473 -0.3487262 0.3325368 0.8745846 -0.3533052 0.3320802 0.8759179 -0.3314408 0.3505923 0.8767377 -0.3119009 0.3661267 0.8764112 -0.3315966 0.3492093 0.8779104 -0.2912428 0.3800671 0.8758399 -0.3108037 0.369196 0.874931 -0.2084626 0.4370803 0.8797993 -0.1821494 0.4390613 0.8763973 -0.1608882 0.4539194 0.8808079 -0.1347582 0.4538915 0.8768418 -0.1600321 0.4533632 0.8797223 -0.1112289 0.4622952 0.8740833 -0.1190192 0.4709701 0.8789678 -0.08708826 0.4688616 0.8672623 -0.07990129 0.4913979 0.8866344 -0.06061615 0.4584813 0.8590463 -0.04583674 0.5098414 0.899812 -0.03451741 0.4349103 0.822429 -0.01475584 0.5686762 0.8785365 -0.2704581 0.3937334 0.8781776 -0.2827209 0.3858404 0.8772399 -0.2625757 0.4018757 0.8762494 -0.2838258 0.389397 0.8756167 -0.2522248 0.4119201 0.879248 -0.2274212 0.4185719 0.8752818 -0.2330169 0.4237746 0.8851664 -0.2008016 0.4197131 0.8756193 -0.2522172 0.4119191 0.8812959 -0.2470679 0.4028337 0.8754435 -0.207162 0.4366723 0.725747 -0.5951639 -0.345067 0.8778355 -0.4211643 -0.2280909 0.846646 -0.4749953 -0.2399376 0.8679415 -0.4482362 -0.2139203 0.8638842 -0.4648189 -0.1940296 0.8526615 -0.4778655 -0.2112179 0.8626108 -0.4758753 -0.1715966 0.8579302 -0.4810042 -0.180529 0.8624591 -0.483994 -0.1480339 0.860688 -0.485849 -0.1522071 0.8623006 -0.4909731 -0.1240283 0.8633848 -0.4946662 -0.09935671 0.8628119 -0.4898614 -0.1248659 0.8648699 -0.496436 -0.07450738 0.8624698 -0.4967543 -0.09685571 0.8632627 -0.5041003 0.02569956 0.8686976 -0.4928733 0.04939974 0.8657018 -0.4948724 0.07524513 0.8705504 -0.4822477 0.09787328 0.8660631 -0.4941853 0.0756011 0.8701898 -0.4772921 0.1223188 0.8639956 -0.4890505 0.1197545 0.869518 -0.4715879 0.1467761 0.8580922 -0.4866919 0.1637332 0.8782026 -0.4492052 0.1642399 0.8500493 -0.4859811 0.2030727 0.8927035 -0.415467 0.1745499 0.8120223 -0.5219768 0.2610745 0.8658145 -0.4978911 -0.04969575 0.8630909 -0.5044413 -0.02476136 0.8652667 -0.497178 -0.06424667 0.8645999 -0.500963 -0.03877063 0.8632601 -0.5007623 -0.06339549 0.8672393 -0.4978915 -1.861568e-05 0.8631136 -0.5050042 -0.002391746 0.8739056 -0.4855359 0.0233205 0.86309 -0.5044429 -0.02475926 0.8690239 -0.4941416 -0.02492948 0.8637075 -0.5032994 0.0264427 0.7885107 -0.01476589 -0.6148438 0.8733912 -0.03451634 -0.4857947 0.8284258 -0.04582847 -0.5582207 0.8589073 -0.06060771 -0.5085321 0.850628 -0.08708979 -0.518505 0.8376614 -0.07991006 -0.5403125 0.8517584 -0.1112448 -0.5119886 0.8533402 -0.1347596 -0.5036372 0.8456455 -0.1190167 -0.5203062 0.8489375 -0.1608759 -0.5034124 0.8531787 -0.1821502 -0.4887816 0.849406 -0.1600328 -0.5028906 0.8484311 -0.2084678 -0.4865242 0.8500183 -0.295732 -0.4359032 0.8553911 -0.3107732 -0.4143984 0.8519807 -0.3340731 -0.4031428 0.8568152 -0.3474653 -0.3809666 0.8523492 -0.334047 -0.4023845 0.856226 -0.3661473 -0.3644357 0.8497782 -0.3696533 -0.3758102 0.8553464 -0.3844455 -0.3472523 0.8433124 -0.4063841 -0.3516761 0.8643347 -0.388582 -0.319264 0.8347122 -0.4399064 -0.3312671 0.8794955 -0.3810389 -0.2851264 0.7949267 -0.5072266 -0.3328854 0.8495432 -0.2330184 -0.4732641 0.8596459 -0.2007981 -0.4697754 0.8538105 -0.2274311 -0.4682763 0.8505704 -0.2522038 -0.461436 0.8489708 -0.2071558 -0.486143 0.8545187 -0.2704738 -0.443443 0.8502539 -0.2718597 -0.4507334 0.8611576 -0.2846549 -0.4211639 0.8505625 -0.2522264 -0.4614384 0.8567516 -0.2470762 -0.452692 0.8504761 -0.2959881 -0.434835 0.7249336 0.5782505 -0.3742963 0.8761348 0.3861795 -0.2885363 0.8441358 0.4241532 -0.3279159 0.8649341 0.3877505 -0.3186513 0.8596156 0.3789295 -0.342744 0.8488268 0.4006006 -0.3449815 0.8571112 0.3650561 -0.3634482 0.8526872 0.375483 -0.3632314 0.8557423 0.3487233 -0.3822264 0.8541085 0.3533026 -0.3816752 0.8543788 0.3314422 -0.4002288 0.8543085 0.3119007 -0.4157822 0.8549522 0.3315984 -0.3988723 0.8546791 0.2912327 -0.4297757 0.8532346 0.310802 -0.4187991 0.8623731 0.2436041 -0.4438126 0.8532854 0.1820856 -0.4886195 0.8496322 0.2076606 -0.4847701 0.8527427 0.1588809 -0.4975808 0.8500546 0.1666738 -0.4996269 0.8508378 0.1358814 -0.5075542 0.8482605 0.1325596 -0.5127203 0.8535221 0.1105934 -0.5091847 0.8425091 0.09574167 -0.5301056 0.8524216 0.08657525 -0.5156375 0.845054 0.0634594 -0.5309016 0.8201275 0.05723752 -0.5693109 0.8663436 0.03545988 -0.4981881 0.7093979 0.01706024 -0.7046018 0.8505594 0.2522129 -0.4614514 0.8545188 0.2704738 -0.4434429 0.8546162 0.2827154 -0.4355496 0.8524871 0.2838201 -0.4389895 0.8518043 0.2539872 -0.4581702 0.8538105 0.2274312 -0.4682763 0.8505678 0.2522219 -0.4614309 0.8621557 0.2002481 -0.4653905 0.8521683 0.222451 -0.4736294 0.8544609 0.2489981 -0.4559566 0.8493119 0.2085067 -0.4849684 0.7444009 0.5951028 0.3028531 0.8894872 0.4211318 0.177371 0.8590371 0.4749533 0.1909838 0.8787924 0.4482102 0.1638038 0.8735785 0.4648301 0.1441989 0.863372 0.4778611 0.1619806 0.8710303 0.4758752 0.1218572 0.8668611 0.4810142 0.1310614 0.869529 0.4839909 0.09834665 0.8679997 0.4858463 0.1026155 0.8679945 0.4909701 0.07439045 0.8676617 0.4946647 0.04969956 0.8685519 0.4898603 0.07519583 0.8677188 0.4964361 0.02480481 0.866604 0.4967542 0.04725371 0.8603691 0.5041012 -0.07514583 0.8644361 0.4928752 -0.09911681 0.8599641 0.4948728 -0.1247502 0.8635074 0.4822484 -0.1476193 0.8603036 0.4941874 -0.1251254 0.8617522 0.4772812 -0.1720055 0.8557093 0.4890511 -0.1690874 0.8596814 0.4715787 -0.1963703 0.8472853 0.4867034 -0.2126671 0.8673238 0.4492373 -0.2143252 0.8369895 0.4860114 -0.2514787 0.8812612 0.4154106 -0.2254169 0.7957844 0.5218995 -0.3071617 0.8672393 0.4978916 -1.894516e-05 0.8630896 0.5044434 -0.02476133 0.8675273 0.497177 0.01453852 0.8654009 0.5009625 -0.01085929 0.8654746 0.5007625 0.01380353 0.8658145 0.4978912 -0.04969543 0.8618307 0.5050049 -0.04709294 0.8711305 0.4855377 -0.07338156 0.8630906 0.5044419 -0.02475927 0.8690238 0.4941418 -0.02492948 0.8607709 0.5032997 -0.0759138 0.7486092 0.01704801 0.6627923 0.893509 0.03545768 0.4476433 0.8741251 0.06345951 0.4815373 0.8514482 0.05723859 0.5213057 0.8806028 0.08657098 0.46588 0.8813121 0.1105817 0.4594133 0.8715283 0.09574642 0.4809066 0.8785304 0.1358819 0.4579524 0.8798612 0.1588936 0.4478807 0.8762577 0.1325663 0.4632479 0.879893 0.1820871 0.4388992 0.876026 0.207658 0.4352662 0.8772986 0.1666747 0.4500741 0.8736131 0.2957378 0.3864446 0.8777416 0.3107703 0.36468 0.8736897 0.3340733 0.35364 0.8772458 0.3474685 0.3312182 0.8740156 0.3340471 0.3528588 0.8757091 0.3661439 0.3147573 0.8699278 0.3696477 0.3264757 0.8738458 0.3844457 0.2976491 0.8620793 0.4063951 0.3027579 0.8812133 0.388589 0.2691872 0.8523458 0.4398826 0.2828603 0.8944439 0.3809588 0.2341803 0.8128393 0.5070617 0.2866717 0.8874207 0.2002468 0.4151937 0.8779251 0.2224432 0.4239889 0.879248 0.2274213 0.4185719 0.8756166 0.2522249 0.41192 0.8757158 0.2085087 0.4354837 0.8824607 0.242434 0.403099 0.8785365 0.2704581 0.3937334 0.8746916 0.27187 0.4012496 0.8838806 0.2846619 0.37111 0.8792005 0.2489858 0.4062173 0.8756193 0.2522171 0.4119191 0.874004 0.2959907 0.3853654 0.8425066 -0.01403676 0.5385031 0.8350099 -0.0428976 0.5485601 0.835176 -0.07129166 0.5453426 0.8349298 -0.0713501 0.5457118 0.835259 -0.04285791 0.5481838 0.8273893 -0.01458126 0.5614395 0.8349336 -0.02816255 0.5496297 0.8347004 -0.09970286 0.5416037 0.8350332 -0.1275674 0.5352066 0.8345007 -0.1277546 0.5359919 0.8351594 -0.09956632 0.5409209 0.8388607 -0.08334197 0.5379283 0.8311908 -0.08501773 0.5494488 0.8308885 -0.1407549 0.5383424 0.8342272 -0.1555214 0.529035 0.8347297 -0.1825012 0.519538 0.8339205 -0.1828874 0.5207003 0.834906 -0.1552533 0.5280421 0.8385293 -0.1379931 0.5270925 0.8336059 -0.2098555 0.5109423 0.8342802 -0.2356048 0.4984647 0.8304369 -0.1951491 0.5218155 0.8331637 -0.2363104 0.4999958 0.8344779 -0.2093607 0.5097203 0.8380443 -0.1913411 0.5109503 0.8328431 -0.2620842 0.4875285 0.8336951 -0.2863154 0.4722033 0.8322598 -0.2873765 0.4740868 0.8338979 -0.2613736 0.4861049 0.8373958 -0.242863 0.4896792 0.8298474 -0.2476506 0.5000224 0.8291157 -0.2977547 0.4731906 0.831941 -0.3117451 0.4590089 0.8329747 -0.3341213 0.4410397 0.8311975 -0.3356546 0.443223 0.8331586 -0.3107662 0.4574615 0.8366019 -0.2920568 0.4634655 0.8299921 -0.3806582 0.4076914 0.8322756 -0.3570541 0.4240634 0.8309026 -0.3583387 0.4256691 0.8321241 -0.3785743 0.405279 0.8282542 -0.3449692 0.4415781 0.8356647 -0.3384488 0.43257 0.8286653 -0.421888 0.3678644 0.8312618 -0.3998094 0.3862076 0.8297498 -0.401349 0.3878586 0.8311668 -0.4191979 0.3652876 0.8272717 -0.3888553 0.4054788 0.8345875 -0.3816177 0.3972802 0.827203 -0.459011 0.3241053 0.8301153 -0.4385657 0.3443382 0.8284914 -0.4403909 0.3459159 0.8301107 -0.4556237 0.3214395 0.8333975 -0.4211177 0.3579226 0.8261764 -0.4289765 0.3652555 0.8256397 -0.4916059 0.2768441 0.8288634 -0.4729651 0.2988135 0.8271247 -0.4750646 0.3002971 0.8289546 -0.4874745 0.2742316 0.8249838 -0.4649376 0.3213016 0.8320833 -0.4565886 0.3149033 0.8239805 -0.519348 0.2265697 0.8275095 -0.5026674 0.2501072 0.8256838 -0.5049985 0.2514417 0.8277336 -0.5144348 0.2240844 0.8306715 -0.4876907 0.2685936 0.8237049 -0.4964096 0.2740214 0.8222398 -0.5419686 0.1737576 0.8260709 -0.5273741 0.1987042 0.8241652 -0.5299221 0.1998359 0.8264431 -0.5362483 0.1715506 0.8291689 -0.5141125 0.2194708 0.822351 -0.5230725 0.2239059 0.8204318 -0.5592394 0.1189239 0.8245599 -0.5468531 0.1450953 0.8209348 -0.5446846 0.1714202 0.8225932 -0.5495692 0.1459931 0.8251088 -0.5527005 0.1171221 0.8275915 -0.535607 0.1679799 0.8209782 -0.5637488 0.09045456 0.8237405 -0.5636366 0.06136308 0.82595 -0.5519673 0.1146244 0.8194755 -0.5610277 0.1170805 0.8185758 -0.5709749 0.0626186 0.8229955 -0.5609015 0.08982076 0.8179861 -0.5719501 0.06141287 0.8193401 -0.572311 0.03379006 0.8223616 -0.5689448 0.004809567 0.8242596 -0.5630338 0.05990973 0.8166825 -0.5770622 0.005385062 0.8213909 -0.5693846 0.03343483 0.8176943 -0.5751747 -0.02345374 0.8225374 -0.5686944 0.004351963 0.81648 -0.5773525 0.004951259 0.8197599 -0.5722242 -0.02351679 0.8207337 -0.5689442 -0.05194864 0.8160568 -0.5723092 -0.08070553 0.8148535 -0.5773524 -0.05175049 0.8209366 -0.5686924 -0.05149934 0.818123 -0.5693855 -0.08046609 0.8150309 -0.5770617 -0.05219578 0.8188695 -0.5636353 -0.1084802 0.8144429 -0.5637475 -0.1373737 0.8194708 -0.5630329 -0.1070597 0.8131201 -0.5719513 -0.1082009 0.8164936 -0.5608998 -0.1368561 0.8136398 -0.5709758 -0.1094389 0.8170384 -0.5526997 -0.1642293 0.8128712 -0.5495676 -0.192914 0.8180206 -0.5519672 -0.1617857 0.8114172 -0.5610257 -0.1638663 0.8148859 -0.5468518 -0.1921307 0.8122638 -0.5592428 -0.1657557 0.81525 -0.5362494 -0.2186411 0.8113546 -0.5299231 -0.2467492 0.8097588 -0.5446836 -0.2181984 0.8165997 -0.5356089 -0.2151464 0.813323 -0.5273707 -0.2457352 0.810928 -0.541967 -0.2206073 0.8081648 -0.5230691 -0.270681 0.8135207 -0.5144328 -0.271188 0.8099096 -0.5050077 -0.2983514 0.8152256 -0.5141091 -0.266644 0.8118109 -0.5026642 -0.2971394 0.809636 -0.5193521 -0.2734283 0.81391 -0.4876833 -0.3157777 0.8066409 -0.4964054 -0.3207992 0.811878 -0.4874676 -0.3212935 0.8085567 -0.4750544 -0.3472163 0.8103654 -0.4729692 -0.3458441 0.8084062 -0.4916139 -0.3237208 0.8052062 -0.4649473 -0.3680584 0.8103124 -0.4556212 -0.3685147 0.8072936 -0.4403958 -0.3928469 0.8090118 -0.4385608 -0.3913621 0.8072634 -0.4590138 -0.3709881 0.8126675 -0.4565908 -0.3620724 0.8038783 -0.4289678 -0.4120271 0.8088695 -0.4192014 -0.4123107 0.8061598 -0.4013395 -0.4347792 0.8077483 -0.399811 -0.4332364 0.8062073 -0.4218981 -0.4147671 0.8115054 -0.4211116 -0.4051223 0.8026627 -0.3888634 -0.4522366 0.8075286 -0.3785693 -0.4523084 0.8051386 -0.3583192 -0.4726089 0.8104482 -0.3816147 -0.4444592 0.8066009 -0.3570735 -0.4710558 0.8052621 -0.3806335 -0.4546109 0.8015754 -0.3449722 -0.4883349 0.8063235 -0.3341251 -0.4880603 0.8042613 -0.3117458 -0.5059432 0.8055628 -0.3107688 -0.5044712 0.8044215 -0.3356511 -0.4901472 0.8094925 -0.3384499 -0.479764 0.8086593 -0.2920558 -0.51066 0.8052555 -0.2863129 -0.5192191 0.8035266 -0.2620826 -0.5344695 0.8006243 -0.2977562 -0.5199441 0.8046547 -0.2613643 -0.5331224 0.8037074 -0.2873938 -0.5210174 0.8079483 -0.242862 -0.5368776 0.8043383 -0.2356119 -0.5454603 0.8029481 -0.209831 -0.5578936 0.8038878 -0.209356 -0.5567176 0.8031337 -0.2362936 -0.5469384 0.7998164 -0.2476514 -0.5467747 0.7991612 -0.1951475 -0.5685585 0.8035768 -0.1825163 -0.5665264 0.8025302 -0.1555169 -0.575986 0.8032597 -0.155248 -0.5750407 0.802696 -0.1829105 -0.5676468 0.8073725 -0.1913426 -0.5581557 0.7986623 -0.1407623 -0.5850852 0.8029765 -0.1275714 -0.5821978 0.802277 -0.09969072 -0.5885689 0.8027802 -0.09955344 -0.5879058 0.8024051 -0.1277563 -0.5829447 0.8069335 -0.138001 -0.5742944 0.8066403 -0.0833324 -0.5851385 0.8020504 -0.0281626 -0.5965921 0.7983297 -0.08500662 -0.5961909 0.8025482 -0.07131549 -0.5923095 0.8021974 -0.04287873 -0.5955171 0.8102561 -0.01402398 -0.5859082 0.7938358 -0.01457227 -0.6079575 0.8024581 -0.04286693 -0.5951667 0.8022709 -0.07135937 -0.5926796 -0.8349282 -0.0713504 -0.5457143 -0.8352574 -0.04285809 -0.5481862 -0.8273925 -0.01459798 -0.5614343 -0.83518 -0.07131321 -0.5453336 -0.835014 -0.04288851 -0.5485547 -0.8425081 -0.0140367 -0.5385007 -0.8349313 -0.02816949 -0.5496327 -0.8345066 -0.1277465 -0.5359846 -0.835165 -0.09957101 -0.5409113 -0.8350332 -0.1275726 -0.5352054 -0.8346997 -0.09967586 -0.5416097 -0.8388553 -0.08333277 -0.5379381 -0.8311922 -0.08500692 -0.5494483 -0.8385298 -0.1380001 -0.5270898 -0.8339157 -0.1829044 -0.5207019 -0.8349023 -0.1552396 -0.5280519 -0.8308903 -0.1407616 -0.5383377 -0.8347338 -0.1825242 -0.5195233 -0.8342311 -0.1555147 -0.5290308 -0.8304369 -0.1951491 -0.5218155 -0.8331641 -0.2363022 -0.4999988 -0.8344779 -0.2093607 -0.5097203 -0.8342841 -0.2356139 -0.4984537 -0.8336089 -0.2098297 -0.510948 -0.8380405 -0.191343 -0.5109559 -0.8322583 -0.2873723 -0.4740921 -0.8338958 -0.2613751 -0.4861078 -0.8373958 -0.242863 -0.4896792 -0.8336989 -0.2863229 -0.472192 -0.8328464 -0.2620711 -0.4875301 -0.8298451 -0.2476521 -0.5000256 -0.8366019 -0.2920568 -0.4634655 -0.831193 -0.3356691 -0.4432206 -0.8331552 -0.3107691 -0.457466 -0.8291119 -0.2977574 -0.4731953 -0.8329747 -0.3341213 -0.4410397 -0.831941 -0.3117451 -0.4590089 -0.8299928 -0.3806532 -0.4076951 -0.8322752 -0.3570593 -0.4240598 -0.8321288 -0.3785697 -0.4052736 -0.8309069 -0.3583265 -0.425671 -0.8356656 -0.3384503 -0.4325671 -0.8282532 -0.3449724 -0.4415775 -0.8286637 -0.4218898 -0.3678661 -0.8312601 -0.399811 -0.3862093 -0.8311699 -0.4192006 -0.3652773 -0.8297531 -0.4013492 -0.3878512 -0.8345921 -0.3816131 -0.397275 -0.82727 -0.3888569 -0.4054806 -0.827203 -0.459011 -0.3241053 -0.8301153 -0.4385657 -0.3443382 -0.8301107 -0.4556237 -0.3214395 -0.8333965 -0.4211168 -0.3579258 -0.8284911 -0.440388 -0.3459204 -0.8261759 -0.4289752 -0.3652583 -0.8256381 -0.4916079 -0.2768454 -0.8288618 -0.472967 -0.2988149 -0.8320844 -0.456589 -0.3149 -0.8249826 -0.4649405 -0.3213002 -0.8289586 -0.4874669 -0.274233 -0.8271286 -0.4750545 -0.3003022 -0.8239859 -0.5193354 -0.2265786 -0.8275134 -0.5026623 -0.2501044 -0.8277295 -0.5144357 -0.2240976 -0.8256809 -0.5050079 -0.2514323 -0.8306737 -0.487683 -0.2686011 -0.8237074 -0.4964013 -0.2740287 -0.8222417 -0.541968 -0.1737508 -0.8260726 -0.5273761 -0.198692 -0.8291689 -0.5141125 -0.2194708 -0.8264405 -0.536252 -0.171552 -0.824163 -0.5299286 -0.1998276 -0.822351 -0.5230725 -0.2239059 -0.8204339 -0.5592363 -0.1189241 -0.824563 -0.5468473 -0.1450999 -0.8209391 -0.5446786 -0.171418 -0.8251073 -0.5527028 -0.117122 -0.8225915 -0.5495712 -0.1459961 -0.8275889 -0.5356107 -0.1679813 -0.8237417 -0.5636352 -0.06135966 -0.8209791 -0.5637469 -0.09045884 -0.8259494 -0.5519688 -0.1146214 -0.8194757 -0.5610279 -0.1170772 -0.8185758 -0.5709749 -0.0626186 -0.8229957 -0.5609012 -0.08982151 -0.8179861 -0.5719501 -0.06141287 -0.8223595 -0.5689478 -0.004815275 -0.8193392 -0.5723128 -0.03378502 -0.8242596 -0.5630338 -0.05990973 -0.8166813 -0.5770637 -0.005379036 -0.8213909 -0.5693846 -0.03343483 -0.8176942 -0.575175 0.02345254 -0.8225374 -0.5686942 -0.004351956 -0.8164816 -0.5773502 -0.004951096 -0.8197616 -0.5722219 0.02351684 -0.8160549 -0.5723127 0.08070061 -0.8207301 -0.5689487 0.05195666 -0.8209366 -0.5686924 0.05149934 -0.8148551 -0.57735 0.05175043 -0.818123 -0.5693855 0.08046609 -0.8150302 -0.5770633 0.05218971 -0.8194691 -0.5630352 0.10706 -0.8144417 -0.5637475 0.1373808 -0.8188703 -0.5636353 0.1084746 -0.8164942 -0.5608976 0.1368619 -0.8136398 -0.5709758 0.1094389 -0.8131201 -0.5719513 0.1082009 -0.8128703 -0.5495705 0.1929094 -0.8170372 -0.5527023 0.1642267 -0.8180179 -0.5519707 0.1617865 -0.811419 -0.5610235 0.1638658 -0.8148863 -0.5468491 0.1921362 -0.8122632 -0.5592455 0.1657501 -0.8113541 -0.529929 0.246738 -0.8152468 -0.5362496 0.2186529 -0.8166001 -0.5356074 0.2151489 -0.8097599 -0.5446811 0.2182006 -0.8133214 -0.5273728 0.245736 -0.8109257 -0.5419723 0.2206026 -0.8081638 -0.5230718 0.2706791 -0.8099096 -0.5050077 0.2983514 -0.8135207 -0.5144328 0.271188 -0.8118109 -0.5026642 0.2971394 -0.809636 -0.5193521 0.2734283 -0.8152268 -0.5141088 0.2666408 -0.81391 -0.4876833 0.3157777 -0.8066409 -0.4964054 0.3207992 -0.8085535 -0.4750508 0.3472289 -0.8118758 -0.4874673 0.3212993 -0.8103709 -0.4729627 0.3458398 -0.808413 -0.4915951 0.3237323 -0.8073 -0.4403889 0.3928414 -0.8103201 -0.4556245 0.3684938 -0.8126634 -0.4565891 0.3620836 -0.8052099 -0.4649369 0.3680635 -0.8090118 -0.4385608 0.3913621 -0.8072634 -0.4590138 0.3709881 -0.8038812 -0.4289729 0.4120162 -0.8061539 -0.4013652 0.4347663 -0.808859 -0.4191938 0.4123391 -0.8115098 -0.4211148 0.40511 -0.8077483 -0.399811 0.4332364 -0.8062056 -0.4219172 0.4147508 -0.8051425 -0.3583158 0.4726048 -0.8075323 -0.3785659 0.4523047 -0.8104494 -0.3816088 0.444462 -0.8026611 -0.38886 0.4522423 -0.8065985 -0.3570804 0.4710547 -0.8052604 -0.3806305 0.4546166 -0.8042613 -0.3117458 0.5059432 -0.8063227 -0.3341154 0.4880682 -0.8015713 -0.3449755 0.4883393 -0.8094964 -0.3384466 0.4797597 -0.8055587 -0.3107719 0.504476 -0.8044175 -0.3356544 0.4901516 -0.8035266 -0.2620826 0.5344695 -0.8052555 -0.2863129 0.5192191 -0.8086593 -0.2920558 0.51066 -0.80062 -0.2977593 0.5199491 -0.8046561 -0.2613778 0.5331138 -0.80371 -0.287373 0.5210248 -0.8029528 -0.2098287 0.5578879 -0.8043433 -0.2356219 0.5454487 -0.8038878 -0.209356 0.5567176 -0.8031341 -0.2362838 0.546942 -0.8079483 -0.242862 0.5368776 -0.7998134 -0.2476531 0.5467782 -0.8025299 -0.155512 0.5759876 -0.8035764 -0.1825027 0.5665312 -0.8032549 -0.1552498 0.5750469 -0.807377 -0.1913405 0.5581499 -0.8026907 -0.182929 0.5676482 -0.7991612 -0.1951475 0.5685585 -0.802283 -0.09967449 0.5885635 -0.8029834 -0.1276033 0.5821813 -0.8027785 -0.09953644 0.5879108 -0.8024033 -0.1277568 0.5829468 -0.8069305 -0.1380071 0.5742971 -0.7986589 -0.1407686 0.5850882 -0.810252 -0.01403905 0.5859133 -0.8022006 -0.04286838 0.5955138 -0.8025514 -0.07130985 0.5923058 -0.8066435 -0.08332647 0.5851351 -0.7983314 -0.08500078 0.5961894 -0.8020502 -0.02817097 0.5965919 -0.7938306 -0.01457245 0.6079643 -0.8024532 -0.04286744 0.5951732 -0.8022656 -0.07137792 0.5926845 0.02882735 -0.02495119 0.9992729 0.02882735 -0.02495119 0.9992729 0.02875575 -0.07470079 0.9967912 0.02875574 -0.07470079 0.9967912 0.02861251 -0.1243481 0.991826 0.02861043 -0.1243479 0.9918261 0.02839615 -0.1736384 0.9844 0.02839612 -0.1736383 0.9844 0.02811091 -0.2225685 0.9745117 0.02752813 -0.2225202 0.9745394 0.02718071 -0.2708408 0.9622403 0.02717871 -0.2708406 0.9622405 0.02676406 -0.3184505 0.9475616 0.02733458 -0.3184965 0.9475298 0.02684299 -0.3653401 0.930487 0.02684308 -0.3653401 0.930487 0.0262842 -0.4113083 0.9111172 0.02628432 -0.4113083 0.9111172 0.02512705 -0.4561726 0.8895364 0.0256606 -0.456213 0.8895006 0.02497078 -0.5000347 0.8656452 0.02445319 -0.4999966 0.8656821 0.02422351 -0.5425479 0.8396756 0.02422141 -0.5425477 0.8396757 0.02341162 -0.5837313 0.8116092 0.02341356 -0.5837315 0.8116091 0.02254345 -0.6234807 0.7815138 0.02254367 -0.6234807 0.7815138 0.02162118 -0.6616894 0.7494662 0.02161922 -0.6616893 0.7494664 0.02021327 -0.6982313 0.7155869 0.02064239 -0.6982574 0.7155491 0.01961189 -0.7330642 0.6798766 0.01920573 -0.7330407 0.6799136 0.01853433 -0.7660418 0.6425235 0.01853569 -0.7660419 0.6425233 0.01741107 -0.7971437 0.6035386 0.01704922 -0.797125 0.6035735 0.01590649 -0.8262253 0.5631152 0.01624402 -0.8262416 0.5630817 0.0150363 -0.8532904 0.5212191 0.01503614 -0.8532904 0.5212191 0.01379079 -0.8782272 0.4780448 0.01379067 -0.8782272 0.4780448 0.01251187 -0.9009646 0.4337121 0.01251062 -0.9009646 0.4337122 0.0111998 -0.9214818 0.3882599 0.01096787 -0.9214742 0.3882848 0.009657446 -0.9396907 0.341889 0.009861666 -0.9396967 0.3418668 0.00849925 -0.9555703 0.2946407 0.008499794 -0.9555703 0.2946406 0.007115297 -0.9690797 0.2466451 0.006967465 -0.9690766 0.2466615 0.005594996 -0.9801716 0.1980718 0.005713164 -0.9801735 0.1980585 0.004297395 -0.9888314 0.1489764 0.004208502 -0.9888303 0.1489864 0.002811425 -0.9950307 0.09952895 0.0028114 -0.9950307 0.09952893 0.001407451 -0.9987569 0.04982603 0.001437191 -0.998757 0.04982264 0 -1 0 0 -1 0 -0.001407452 -0.9987569 -0.04982603 -0.001437299 -0.998757 -0.04982263 -0.002871193 -0.9950307 -0.09952721 -0.002870947 -0.9950307 -0.09952723 -0.004297395 -0.9888314 -0.1489764 -0.004208502 -0.9888303 -0.1489864 -0.005594996 -0.9801716 -0.1980718 -0.005713164 -0.9801735 -0.1980585 -0.006967465 -0.9690766 -0.2466615 -0.007114765 -0.9690797 -0.2466452 -0.00849938 -0.9555748 -0.2946263 -0.008322949 -0.9555703 -0.2946457 -0.009861893 -0.9396907 -0.3418832 -0.009862754 -0.9396907 -0.3418832 -0.01096787 -0.9214742 -0.3882848 -0.0111998 -0.9214818 -0.3882599 -0.01251054 -0.9009742 -0.4336923 -0.01225141 -0.9009646 -0.4337196 -0.01350321 -0.8782155 -0.4780745 -0.01378976 -0.8782272 -0.4780449 -0.01472219 -0.8532904 -0.5212283 -0.01472312 -0.8532904 -0.5212281 -0.01590649 -0.8262254 -0.5631151 -0.0162428 -0.8262416 -0.5630818 -0.01740971 -0.7971436 -0.6035386 -0.01740977 -0.7971436 -0.6035386 -0.01853569 -0.7660419 -0.6425233 -0.01853433 -0.7660418 -0.6425235 -0.01940982 -0.7330406 -0.6799079 -0.01961366 -0.7330524 -0.6798893 -0.02064145 -0.6982443 -0.7155619 -0.02042827 -0.6982314 -0.7155806 -0.02161956 -0.6616893 -0.7494664 -0.02161922 -0.6616893 -0.7494664 -0.0223105 -0.6234807 -0.7815203 -0.02254331 -0.6234962 -0.7815013 -0.02341176 -0.5837482 -0.8115972 -0.02316987 -0.5837315 -0.8116161 -0.02422169 -0.5425477 -0.8396757 -0.02422141 -0.5425477 -0.8396757 -0.02471132 -0.4999967 -0.8656747 -0.02497085 -0.5000158 -0.8656562 -0.02565898 -0.4562131 -0.8895006 -0.02539191 -0.4561929 -0.8895186 -0.02628263 -0.4112871 -0.9111269 -0.0262825 -0.4112872 -0.9111269 -0.02684106 -0.3653401 -0.9304871 -0.02733282 -0.3184736 -0.9475376 -0.02684097 -0.3653401 -0.930487 -0.02705023 -0.3184964 -0.9475381 -0.02746953 -0.2708406 -0.9622322 -0.02746963 -0.2708406 -0.9622322 -0.02811335 -0.2225444 -0.9745171 -0.02782073 -0.2225202 -0.974531 -0.02839825 -0.1736384 -0.9844 -0.02839829 -0.1736384 -0.9844 -0.02861258 -0.1243479 -0.991826 -0.02861251 -0.1243479 -0.991826 -0.02875353 -0.07472614 -0.9967895 -0.0287557 -0.07472633 -0.9967894 -0.02882518 -0.02495119 -0.999273 -0.02852519 -0.02492572 -0.9992822</float_array>
          <technique_common>
            <accessor count="2412" source="#cubenormals-array0-array" stride="3">
              <param type="float" name="X"/>
              <param type="float" name="Y"/>
              <param type="float" name="Z"/>
            </accessor>
          </technique_common>
        </source>
        <vertices id="cubeverts-array0-vertices">
          <input semantic="POSITION" source="#cubeverts-array0"/>
        </vertices>
        <triangles count="2412" material="ref_hex_nut_jam_am_B18_2_4_5M___Hex_jam_nut___M12_x_1_75___D_N_shape">
          <input offset="0" semantic="VERTEX" source="#cubeverts-array0-vertices"/>
          <input offset="1" semantic="NORMAL" source="#cubenormals-array0"/>
          <p>0 0 1 0 2 0 2 1 1 1 3 1 1 2 4 2 3 2 3 3 4 3 5 3 4 4 6 4 5 4 5 5 6 5 7 5 6 6 8 6 7 6 7 7 8 7 9 7 8 8 10 8 9 8 9 9 10 9 11 9 10 10 12 10 11 10 11 11 12 11 13 11 12 12 14 12 13 12 13 13 14 13 15 13 14 14 16 14 15 14 15 15 16 15 17 15 16 16 18 16 17 16 17 17 18 17 19 17 18 18 20 18 19 18 19 19 20 19 21 19 20 20 22 20 21 20 21 21 22 21 23 21 23 22 22 22 24 22 24 23 25 23 26 23 22 24 25 24 24 24 26 25 27 25 28 25 25 26 27 26 26 26 27 27 29 27 28 27 28 28 30 28 31 28 31 29 30 29 32 29 29 30 30 30 28 30 32 31 33 31 34 31 30 32 33 32 32 32 34 33 35 33 36 33 33 34 35 34 34 34 35 35 37 35 36 35 37 36 38 36 36 36 36 37 38 37 39 37 39 38 38 38 40 38 38 39 41 39 40 39 40 40 41 40 42 40 41 41 43 41 42 41 42 42 43 42 44 42 43 43 45 43 44 43 44 44 45 44 46 44 45 45 47 45 46 45 47 46 48 46 46 46 46 47 48 47 49 47 49 48 48 48 50 48 48 49 51 49 50 49 51 50 52 50 50 50 50 51 52 51 53 51 53 52 52 52 54 52 52 53 55 53 54 53 54 54 55 54 56 54 55 55 57 55 56 55 56 56 57 56 58 56 57 57 59 57 58 57 58 58 59 58 60 58 59 59 61 59 60 59 60 60 61 60 62 60 61 61 63 61 62 61 63 62 64 62 62 62 62 63 64 63 65 63 64 64 66 64 65 64 65 65 66 65 67 65 67 66 66 66 68 66 66 67 69 67 68 67 70 68 71 68 72 68 69 69 71 69 68 69 68 70 71 70 70 70 72 71 73 71 74 71 71 72 73 72 72 72 74 73 75 73 76 73 73 74 75 74 74 74 76 75 77 75 78 75 75 76 77 76 76 76 78 77 79 77 80 77 77 78 79 78 78 78 80 79 81 79 82 79 79 80 81 80 80 80 82 81 83 81 84 81 81 82 83 82 82 82 84 83 85 83 86 83 83 84 85 84 84 84 85 85 87 85 86 85 87 86 88 86 86 86 86 87 88 87 89 87 89 88 88 88 90 88 88 89 91 89 90 89 90 90 92 90 93 90 93 91 92 91 94 91 91 92 92 92 90 92 94 93 95 93 96 93 92 94 95 94 94 94 96 95 97 95 98 95 95 96 97 96 96 96 97 97 99 97 98 97 98 98 100 98 101 98 99 99 100 99 98 99 101 100 102 100 103 100 103 101 102 101 104 101 100 102 102 102 101 102 104 103 105 103 106 103 102 104 105 104 104 104 105 105 107 105 106 105 106 106 108 106 109 106 109 107 108 107 110 107 107 108 108 108 106 108 110 109 111 109 112 109 108 110 111 110 110 110 111 111 113 111 112 111 112 112 114 112 115 112 113 113 114 113 112 113 115 114 116 114 117 114 117 115 116 115 118 115 114 116 116 116 115 116 116 117 119 117 118 117 118 118 120 118 121 118 119 119 120 119 118 119 121 120 122 120 123 120 123 121 122 121 124 121 120 122 122 122 121 122 122 123 125 123 124 123 124 124 126 124 127 124 125 125 126 125 124 125 128 126 129 126 130 126 131 127 129 127 128 127 132 128 129 128 131 128 120 129 129 129 122 129 122 130 129 130 125 130 125 131 129 131 126 131 126 132 129 132 132 132 133 133 134 133 135 133 130 134 134 134 133 134 116 135 134 135 119 135 120 136 134 136 129 136 119 137 134 137 120 137 129 138 134 138 130 138 116 139 136 139 134 139 137 140 136 140 138 140 135 141 136 141 137 141 134 142 136 142 135 142 113 143 136 143 114 143 114 144 136 144 116 144 136 145 139 145 138 145 140 146 139 146 141 146 138 147 139 147 140 147 108 148 139 148 111 148 111 149 139 149 113 149 113 150 139 150 136 150 142 151 143 151 144 151 141 152 143 152 142 152 108 153 143 153 139 153 105 154 143 154 107 154 107 155 143 155 108 155 139 156 143 156 141 156 105 157 145 157 143 157 146 158 145 158 147 158 144 159 145 159 146 159 143 160 145 160 144 160 100 161 145 161 102 161 102 162 145 162 105 162 148 163 149 163 150 163 147 164 149 164 148 164 97 165 149 165 99 165 99 166 149 166 100 166 100 167 149 167 145 167 145 168 149 168 147 168 151 169 152 169 153 169 150 170 152 170 151 170 92 171 152 171 95 171 97 172 152 172 149 172 95 173 152 173 97 173 149 174 152 174 150 174 154 175 155 175 156 175 153 176 155 176 154 176 88 177 155 177 91 177 91 178 155 178 92 178 92 179 155 179 152 179 152 180 155 180 153 180 157 181 158 181 159 181 156 182 158 182 157 182 88 183 158 183 155 183 155 184 158 184 156 184 85 185 158 185 87 185 87 186 158 186 88 186 160 187 161 187 162 187 159 188 161 188 160 188 81 189 161 189 83 189 83 190 161 190 85 190 85 191 161 191 158 191 158 192 161 192 159 192 163 193 164 193 165 193 162 194 164 194 163 194 81 195 164 195 161 195 77 196 164 196 79 196 79 197 164 197 81 197 161 198 164 198 162 198 166 199 167 199 168 199 165 200 167 200 166 200 164 201 167 201 165 201 73 202 167 202 75 202 75 203 167 203 77 203 77 204 167 204 164 204 168 205 169 205 170 205 69 206 169 206 71 206 71 207 169 207 73 207 73 208 169 208 167 208 167 209 169 209 168 209 170 210 169 210 171 210 169 211 172 211 171 211 64 212 172 212 66 212 66 213 172 213 69 213 69 214 172 214 169 214 173 215 172 215 174 215 171 216 172 216 173 216 172 217 175 217 174 217 63 218 175 218 64 218 64 219 175 219 172 219 174 220 175 220 176 220 59 221 177 221 61 221 61 222 177 222 63 222 63 223 177 223 175 223 175 224 177 224 176 224 178 225 177 225 179 225 176 226 177 226 178 226 59 227 180 227 177 227 55 228 180 228 57 228 57 229 180 229 59 229 181 230 180 230 182 230 179 231 180 231 181 231 177 232 180 232 179 232 51 233 183 233 52 233 52 234 183 234 55 234 55 235 183 235 180 235 180 236 183 236 182 236 184 237 183 237 185 237 182 238 183 238 184 238 47 239 186 239 48 239 48 240 186 240 51 240 51 241 186 241 183 241 183 242 186 242 185 242 187 243 186 243 188 243 185 244 186 244 187 244 47 245 189 245 186 245 186 246 189 246 188 246 43 247 189 247 45 247 45 248 189 248 47 248 190 249 189 249 191 249 188 250 189 250 190 250 43 251 192 251 189 251 38 252 192 252 41 252 41 253 192 253 43 253 189 254 192 254 191 254 193 255 192 255 194 255 191 256 192 256 193 256 192 257 195 257 194 257 35 258 195 258 37 258 37 259 195 259 38 259 196 260 195 260 197 260 194 261 195 261 196 261 38 262 195 262 192 262 195 263 198 263 197 263 30 264 198 264 33 264 33 265 198 265 35 265 35 266 198 266 195 266 199 267 198 267 200 267 197 268 198 268 199 268 27 269 201 269 29 269 29 270 201 270 30 270 198 271 201 271 200 271 30 272 201 272 198 272 202 273 201 273 203 273 200 274 201 274 202 274 22 275 204 275 25 275 25 276 204 276 27 276 27 277 204 277 201 277 201 278 204 278 203 278 205 279 204 279 206 279 203 280 204 280 205 280 18 281 207 281 20 281 20 282 207 282 22 282 22 283 207 283 204 283 208 284 207 284 209 284 206 285 207 285 208 285 204 286 207 286 206 286 14 287 210 287 16 287 16 288 210 288 18 288 211 289 210 289 212 289 209 290 210 290 211 290 18 291 210 291 207 291 207 292 210 292 209 292 10 293 213 293 12 293 12 294 213 294 14 294 214 295 213 295 215 295 212 296 213 296 214 296 14 297 213 297 210 297 210 298 213 298 212 298 10 299 216 299 213 299 6 300 216 300 8 300 8 301 216 301 10 301 217 302 216 302 218 302 215 303 216 303 217 303 213 304 216 304 215 304 219 305 220 305 0 305 0 306 220 306 1 306 1 307 220 307 4 307 4 308 220 308 6 308 6 309 220 309 216 309 216 310 220 310 218 310 221 311 220 311 219 311 222 312 220 312 221 312 218 313 220 313 222 313 223 314 224 314 225 314 226 315 224 315 223 315 227 316 224 316 226 316 228 317 224 317 229 317 230 318 224 318 228 318 231 319 224 319 230 319 225 320 224 320 231 320 232 321 233 321 227 321 234 322 233 322 232 322 235 323 233 323 236 323 229 324 233 324 235 324 227 325 233 325 224 325 224 326 233 326 229 326 233 327 237 327 236 327 238 328 237 328 234 328 239 329 237 329 238 329 240 330 237 330 241 330 236 331 237 331 240 331 234 332 237 332 233 332 242 333 243 333 239 333 244 334 243 334 242 334 245 335 243 335 246 335 241 336 243 336 245 336 239 337 243 337 237 337 237 338 243 338 241 338 247 339 248 339 244 339 249 340 248 340 247 340 250 341 248 341 251 341 246 342 248 342 250 342 244 343 248 343 243 343 243 344 248 344 246 344 248 345 252 345 251 345 253 346 252 346 249 346 254 347 252 347 253 347 255 348 252 348 256 348 251 349 252 349 255 349 249 350 252 350 248 350 257 351 258 351 259 351 256 352 258 352 257 352 260 353 258 353 254 353 261 354 258 354 260 354 252 355 258 355 256 355 254 356 258 356 252 356 262 357 263 357 264 357 259 358 263 358 262 358 265 359 263 359 261 359 266 360 263 360 265 360 258 361 263 361 259 361 261 362 263 362 258 362 267 363 268 363 269 363 264 364 268 364 267 364 270 365 268 365 266 365 271 366 268 366 270 366 266 367 268 367 263 367 263 368 268 368 264 368 271 369 272 369 268 369 273 370 272 370 274 370 269 371 272 371 273 371 275 372 272 372 271 372 276 373 272 373 275 373 268 374 272 374 269 374 277 375 278 375 279 375 274 376 278 376 277 376 280 377 278 377 276 377 281 378 278 378 280 378 276 379 278 379 272 379 272 380 278 380 274 380 282 381 283 381 284 381 279 382 283 382 282 382 285 383 283 383 281 383 286 384 283 384 285 384 281 385 283 385 278 385 278 386 283 386 279 386 287 387 288 387 289 387 284 388 288 388 287 388 283 389 288 389 284 389 290 390 288 390 286 390 291 391 288 391 290 391 286 392 288 392 283 392 289 393 292 393 293 393 294 394 292 394 291 394 295 395 292 395 294 395 291 396 292 396 288 396 288 397 292 397 289 397 293 398 292 398 296 398 292 399 297 399 296 399 298 400 297 400 295 400 299 401 297 401 298 401 295 402 297 402 292 402 300 403 297 403 301 403 296 404 297 404 300 404 302 405 303 405 299 405 297 406 303 406 301 406 299 407 303 407 297 407 301 408 303 408 304 408 305 409 306 409 302 409 307 410 306 410 305 410 303 411 306 411 304 411 302 412 306 412 303 412 308 413 306 413 309 413 304 414 306 414 308 414 310 415 311 415 307 415 312 416 311 416 310 416 307 417 311 417 306 417 306 418 311 418 309 418 313 419 311 419 314 419 309 420 311 420 313 420 315 421 316 421 312 421 317 422 316 422 315 422 312 423 316 423 311 423 311 424 316 424 314 424 318 425 316 425 319 425 314 426 316 426 318 426 320 427 321 427 317 427 322 428 321 428 320 428 316 429 321 429 319 429 317 430 321 430 316 430 323 431 321 431 324 431 319 432 321 432 323 432 321 433 325 433 324 433 326 434 325 434 322 434 327 435 325 435 326 435 322 436 325 436 321 436 328 437 325 437 329 437 324 438 325 438 328 438 327 439 330 439 325 439 325 440 330 440 329 440 331 441 330 441 327 441 332 442 330 442 331 442 333 443 330 443 334 443 329 444 330 444 333 444 332 445 335 445 330 445 330 446 335 446 334 446 336 447 335 447 332 447 337 448 335 448 336 448 338 449 335 449 339 449 334 450 335 450 338 450 335 451 340 451 339 451 341 452 340 452 337 452 342 453 340 453 341 453 343 454 340 454 344 454 339 455 340 455 343 455 337 456 340 456 335 456 340 457 345 457 344 457 346 458 345 458 342 458 347 459 345 459 346 459 342 460 345 460 340 460 348 461 345 461 349 461 344 462 345 462 348 462 345 463 350 463 349 463 351 464 350 464 347 464 352 465 350 465 351 465 353 466 350 466 354 466 349 467 350 467 353 467 347 468 350 468 345 468 352 469 355 469 350 469 356 470 355 470 352 470 357 471 355 471 356 471 350 472 355 472 354 472 358 473 355 473 359 473 354 474 355 474 358 474 360 475 361 475 357 475 362 476 361 476 360 476 363 477 361 477 364 477 359 478 361 478 363 478 355 479 361 479 359 479 357 480 361 480 355 480 365 481 366 481 362 481 367 482 366 482 365 482 368 483 366 483 369 483 364 484 366 484 368 484 362 485 366 485 361 485 361 486 366 486 364 486 367 487 370 487 366 487 371 488 370 488 367 488 372 489 370 489 371 489 373 490 370 490 374 490 369 491 370 491 373 491 366 492 370 492 369 492 375 493 376 493 377 493 370 494 376 494 374 494 378 495 376 495 372 495 379 496 376 496 378 496 377 497 376 497 379 497 380 498 376 498 375 498 381 499 376 499 380 499 374 500 376 500 381 500 372 501 376 501 370 501 231 502 230 502 219 502 219 503 230 503 221 503 230 504 228 504 221 504 221 505 228 505 222 505 228 506 229 506 222 506 222 507 229 507 218 507 229 508 235 508 218 508 218 509 235 509 217 509 235 510 236 510 217 510 217 511 236 511 215 511 236 512 240 512 215 512 215 513 240 513 214 513 240 514 241 514 214 514 214 515 241 515 212 515 241 516 245 516 212 516 212 517 245 517 211 517 245 518 246 518 211 518 211 519 246 519 209 519 246 520 250 520 209 520 209 521 250 521 208 521 250 522 251 522 208 522 208 523 251 523 206 523 206 524 255 524 205 524 251 525 255 525 206 525 205 526 256 526 203 526 255 527 256 527 205 527 203 528 257 528 202 528 256 529 257 529 203 529 202 530 259 530 200 530 257 531 259 531 202 531 200 532 262 532 199 532 259 533 262 533 200 533 199 534 264 534 197 534 262 535 264 535 199 535 264 536 267 536 197 536 197 537 267 537 196 537 196 538 267 538 194 538 267 539 269 539 194 539 194 540 269 540 193 540 269 541 273 541 193 541 273 542 274 542 193 542 193 543 274 543 191 543 191 544 274 544 190 544 274 545 277 545 190 545 190 546 277 546 188 546 277 547 279 547 188 547 279 548 282 548 188 548 188 549 282 549 187 549 187 550 282 550 185 550 282 551 284 551 185 551 284 552 287 552 185 552 185 553 287 553 184 553 184 554 287 554 182 554 287 555 289 555 182 555 289 556 293 556 182 556 182 557 293 557 181 557 181 558 293 558 179 558 293 559 296 559 179 559 296 560 300 560 179 560 179 561 300 561 178 561 300 562 301 562 178 562 178 563 301 563 176 563 176 564 301 564 174 564 301 565 304 565 174 565 304 566 308 566 174 566 174 567 308 567 173 567 173 568 308 568 171 568 308 569 309 569 171 569 170 570 313 570 168 570 309 571 313 571 171 571 171 572 313 572 170 572 168 573 314 573 166 573 313 574 314 574 168 574 314 575 318 575 166 575 166 576 319 576 165 576 165 577 319 577 163 577 318 578 319 578 166 578 319 579 323 579 163 579 163 580 324 580 162 580 323 581 324 581 163 581 162 582 328 582 160 582 160 583 328 583 159 583 324 584 328 584 162 584 328 585 329 585 159 585 329 586 333 586 159 586 159 587 333 587 157 587 157 588 333 588 156 588 333 589 334 589 156 589 334 590 338 590 156 590 156 591 338 591 154 591 154 592 338 592 153 592 338 593 339 593 153 593 153 594 343 594 151 594 151 595 343 595 150 595 339 596 343 596 153 596 343 597 344 597 150 597 150 598 348 598 148 598 344 599 348 599 150 599 148 600 349 600 147 600 348 601 349 601 148 601 147 602 353 602 146 602 349 603 353 603 147 603 146 604 354 604 144 604 353 605 354 605 146 605 144 606 358 606 142 606 354 607 358 607 144 607 142 608 359 608 141 608 358 609 359 609 142 609 141 610 363 610 140 610 359 611 363 611 141 611 140 612 364 612 138 612 363 613 364 613 140 613 138 614 368 614 137 614 364 615 368 615 138 615 137 616 369 616 135 616 368 617 369 617 137 617 135 618 373 618 133 618 133 619 373 619 130 619 369 620 373 620 135 620 373 621 374 621 130 621 130 622 381 622 128 622 374 623 381 623 130 623 128 624 380 624 131 624 381 625 380 625 128 625 131 626 375 626 132 626 380 627 375 627 131 627 375 628 382 628 132 628 132 629 382 629 383 629 382 630 384 630 383 630 383 631 384 631 385 631 384 632 386 632 385 632 385 633 386 633 387 633 386 634 388 634 387 634 387 635 388 635 389 635 388 636 390 636 389 636 389 637 390 637 391 637 390 638 392 638 391 638 391 639 392 639 393 639 392 640 394 640 393 640 393 641 394 641 395 641 394 642 396 642 395 642 395 643 396 643 397 643 396 644 398 644 397 644 397 645 398 645 399 645 399 646 400 646 401 646 398 647 400 647 399 647 401 648 402 648 403 648 400 649 402 649 401 649 403 650 404 650 405 650 402 651 404 651 403 651 405 652 406 652 407 652 404 653 406 653 405 653 407 654 408 654 409 654 406 655 408 655 407 655 409 656 410 656 411 656 408 657 410 657 409 657 411 658 412 658 413 658 410 659 412 659 411 659 413 660 414 660 415 660 412 661 414 661 413 661 414 662 416 662 415 662 415 663 416 663 417 663 416 664 418 664 417 664 417 665 418 665 419 665 418 666 420 666 419 666 419 667 420 667 421 667 420 668 422 668 421 668 421 669 422 669 423 669 422 670 424 670 423 670 423 671 424 671 425 671 424 672 426 672 425 672 425 673 426 673 427 673 426 674 428 674 427 674 427 675 428 675 429 675 428 676 430 676 429 676 429 677 430 677 431 677 430 678 432 678 431 678 431 679 432 679 433 679 432 680 434 680 433 680 433 681 434 681 435 681 434 682 436 682 435 682 435 683 436 683 437 683 436 684 438 684 437 684 437 685 438 685 439 685 438 686 440 686 439 686 439 687 440 687 441 687 440 688 442 688 441 688 441 689 442 689 443 689 442 690 444 690 443 690 443 691 444 691 445 691 444 692 446 692 445 692 445 693 446 693 447 693 446 694 448 694 447 694 447 695 448 695 449 695 448 696 450 696 449 696 449 697 450 697 451 697 450 698 452 698 451 698 451 699 452 699 453 699 453 700 454 700 455 700 452 701 454 701 453 701 455 702 456 702 457 702 454 703 456 703 455 703 457 704 458 704 459 704 456 705 458 705 457 705 459 706 460 706 461 706 458 707 460 707 459 707 461 708 462 708 463 708 460 709 462 709 461 709 463 710 464 710 465 710 462 711 464 711 463 711 464 712 466 712 465 712 465 713 466 713 467 713 466 714 468 714 467 714 467 715 468 715 469 715 469 716 470 716 471 716 468 717 470 717 469 717 471 718 472 718 473 718 470 719 472 719 471 719 473 720 474 720 475 720 472 721 474 721 473 721 475 722 476 722 477 722 474 723 476 723 475 723 477 724 478 724 479 724 476 725 478 725 477 725 479 726 480 726 481 726 478 727 480 727 479 727 481 728 482 728 483 728 480 729 482 729 481 729 483 730 484 730 485 730 482 731 484 731 483 731 485 732 486 732 487 732 484 733 486 733 485 733 487 734 488 734 489 734 486 735 488 735 487 735 489 736 490 736 491 736 488 737 490 737 489 737 491 738 492 738 493 738 490 739 492 739 491 739 493 740 494 740 495 740 492 741 494 741 493 741 495 742 496 742 497 742 494 743 496 743 495 743 497 744 498 744 499 744 496 745 498 745 497 745 499 746 500 746 501 746 498 747 500 747 499 747 501 748 502 748 503 748 500 749 502 749 501 749 503 750 504 750 505 750 502 751 504 751 503 751 504 752 231 752 505 752 505 753 231 753 219 753 506 754 507 754 508 754 506 755 508 755 509 755 510 756 509 756 511 756 510 757 506 757 509 757 512 758 511 758 513 758 512 759 510 759 511 759 514 760 513 760 515 760 514 761 512 761 513 761 516 762 515 762 517 762 516 763 514 763 515 763 518 764 519 764 520 764 518 765 517 765 519 765 518 766 516 766 517 766 521 767 518 767 520 767 522 768 520 768 523 768 522 769 521 769 520 769 524 770 523 770 525 770 524 771 525 771 526 771 524 772 522 772 523 772 527 773 524 773 526 773 528 774 526 774 529 774 528 775 527 775 526 775 530 776 529 776 531 776 530 777 528 777 529 777 532 778 531 778 533 778 532 779 530 779 531 779 534 780 533 780 535 780 534 781 532 781 533 781 536 782 537 782 538 782 536 783 535 783 537 783 536 784 534 784 535 784 539 785 536 785 538 785 540 786 541 786 542 786 540 787 542 787 543 787 544 788 543 788 545 788 544 789 540 789 543 789 546 790 545 790 547 790 546 791 544 791 545 791 548 792 547 792 549 792 548 793 546 793 547 793 550 794 549 794 551 794 550 795 548 795 549 795 552 796 551 796 553 796 552 797 550 797 551 797 554 798 553 798 555 798 554 799 552 799 553 799 556 800 555 800 557 800 556 801 554 801 555 801 558 802 557 802 559 802 558 803 556 803 557 803 560 804 559 804 561 804 560 805 558 805 559 805 562 806 563 806 564 806 562 807 561 807 563 807 562 808 560 808 561 808 565 809 562 809 564 809 566 810 564 810 567 810 566 811 565 811 564 811 568 812 567 812 569 812 568 813 566 813 567 813 570 814 571 814 508 814 570 815 569 815 571 815 570 816 568 816 569 816 507 817 570 817 508 817 572 818 573 818 574 818 574 819 573 819 575 819 576 820 577 820 572 820 572 821 577 821 573 821 578 822 579 822 576 822 576 823 579 823 577 823 580 824 581 824 578 824 578 825 581 825 579 825 582 826 583 826 580 826 584 827 583 827 582 827 580 828 583 828 581 828 584 829 585 829 583 829 586 830 587 830 584 830 584 831 587 831 585 831 588 832 589 832 586 832 586 833 589 833 587 833 590 834 591 834 588 834 592 835 591 835 590 835 588 836 591 836 589 836 592 837 593 837 591 837 594 838 595 838 592 838 592 839 595 839 593 839 596 840 597 840 594 840 598 841 597 841 596 841 594 842 597 842 595 842 598 843 599 843 597 843 600 844 601 844 598 844 598 845 601 845 599 845 542 846 541 846 600 846 600 847 541 847 601 847 602 848 603 848 604 848 602 849 604 849 605 849 606 850 605 850 607 850 606 851 602 851 605 851 608 852 607 852 609 852 608 853 606 853 607 853 610 854 609 854 611 854 610 855 608 855 609 855 612 856 611 856 613 856 612 857 610 857 611 857 614 858 613 858 615 858 614 859 612 859 613 859 616 860 617 860 618 860 616 861 615 861 617 861 616 862 614 862 615 862 619 863 618 863 620 863 619 864 616 864 618 864 621 865 619 865 620 865 622 866 620 866 623 866 622 867 621 867 620 867 624 868 623 868 625 868 624 869 622 869 623 869 626 870 625 870 627 870 626 871 624 871 625 871 628 872 627 872 629 872 628 873 626 873 627 873 630 874 629 874 631 874 630 875 628 875 629 875 632 876 631 876 633 876 632 877 630 877 631 877 575 878 633 878 574 878 575 879 632 879 633 879 634 880 635 880 636 880 634 881 636 881 637 881 638 882 637 882 639 882 638 883 634 883 637 883 640 884 639 884 641 884 640 885 638 885 639 885 642 886 641 886 643 886 642 887 640 887 641 887 644 888 643 888 645 888 644 889 642 889 643 889 646 890 647 890 648 890 646 891 645 891 647 891 646 892 644 892 645 892 649 893 646 893 648 893 650 894 648 894 651 894 650 895 649 895 648 895 652 896 651 896 653 896 652 897 650 897 651 897 654 898 653 898 655 898 654 899 652 899 653 899 656 900 655 900 657 900 656 901 654 901 655 901 658 902 657 902 659 902 658 903 656 903 657 903 660 904 659 904 661 904 660 905 658 905 659 905 662 906 661 906 663 906 662 907 660 907 661 907 664 908 665 908 604 908 664 909 663 909 665 909 664 910 662 910 663 910 603 911 664 911 604 911 635 912 666 912 636 912 667 913 668 913 666 913 667 914 666 914 635 914 669 915 670 915 668 915 669 916 668 916 667 916 671 917 672 917 670 917 671 918 670 918 669 918 673 919 672 919 671 919 674 920 675 920 672 920 674 921 672 921 673 921 676 922 677 922 675 922 676 923 675 923 674 923 678 924 679 924 677 924 678 925 677 925 676 925 680 926 681 926 679 926 680 927 679 927 678 927 682 928 683 928 681 928 682 929 681 929 680 929 684 930 685 930 683 930 684 931 683 931 682 931 686 932 687 932 685 932 686 933 685 933 684 933 688 934 689 934 687 934 688 935 687 935 686 935 690 936 691 936 689 936 690 937 689 937 688 937 692 938 693 938 691 938 692 939 538 939 693 939 692 940 691 940 690 940 539 941 538 941 692 941 694 942 341 942 695 942 696 943 342 943 694 943 694 944 342 944 341 944 695 945 337 945 697 945 341 946 337 946 695 946 696 947 346 947 342 947 698 948 346 948 696 948 337 949 336 949 697 949 697 950 336 950 699 950 698 951 347 951 346 951 700 952 347 952 698 952 699 953 332 953 701 953 336 954 332 954 699 954 702 955 351 955 700 955 700 956 351 956 347 956 332 957 331 957 701 957 701 958 331 958 703 958 702 959 352 959 351 959 704 960 352 960 702 960 331 961 327 961 703 961 703 962 327 962 621 962 705 963 356 963 704 963 704 964 356 964 352 964 327 965 326 965 621 965 621 966 326 966 706 966 705 967 357 967 356 967 707 968 357 968 705 968 706 969 322 969 708 969 326 970 322 970 706 970 709 971 360 971 707 971 707 972 360 972 357 972 322 973 320 973 708 973 708 974 320 974 710 974 709 975 362 975 360 975 711 976 362 976 709 976 710 977 317 977 712 977 320 978 317 978 710 978 713 979 365 979 711 979 711 980 365 980 362 980 317 981 315 981 712 981 712 982 315 982 714 982 713 983 367 983 365 983 715 984 367 984 713 984 315 985 312 985 714 985 714 986 312 986 716 986 717 987 371 987 715 987 715 988 371 988 367 988 716 989 310 989 718 989 312 990 310 990 716 990 717 991 372 991 371 991 719 992 372 992 717 992 310 993 307 993 718 993 718 994 307 994 720 994 721 995 378 995 719 995 719 996 378 996 372 996 720 997 305 997 722 997 307 998 305 998 720 998 587 999 379 999 721 999 721 1000 379 1000 378 1000 305 1001 302 1001 722 1001 722 1002 302 1002 723 1002 587 1003 377 1003 379 1003 723 1004 299 1004 724 1004 302 1005 299 1005 723 1005 725 1006 726 1006 587 1006 727 1007 726 1007 725 1007 587 1008 726 1008 377 1008 299 1009 298 1009 724 1009 724 1010 298 1010 728 1010 727 1011 729 1011 726 1011 298 1012 295 1012 728 1012 728 1013 295 1013 730 1013 731 1014 732 1014 727 1014 727 1015 732 1015 729 1015 295 1016 294 1016 730 1016 730 1017 294 1017 733 1017 731 1018 734 1018 732 1018 735 1019 734 1019 731 1019 733 1020 291 1020 736 1020 294 1021 291 1021 733 1021 735 1022 737 1022 734 1022 738 1023 737 1023 735 1023 291 1024 290 1024 736 1024 736 1025 290 1025 739 1025 740 1026 741 1026 738 1026 738 1027 741 1027 737 1027 290 1028 286 1028 739 1028 739 1029 286 1029 742 1029 743 1030 744 1030 740 1030 740 1031 744 1031 741 1031 286 1032 285 1032 742 1032 742 1033 285 1033 745 1033 746 1034 747 1034 743 1034 743 1035 747 1035 744 1035 285 1036 281 1036 745 1036 745 1037 281 1037 748 1037 746 1038 749 1038 747 1038 750 1039 749 1039 746 1039 751 1040 749 1040 750 1040 281 1041 280 1041 748 1041 748 1042 280 1042 752 1042 751 1043 753 1043 749 1043 280 1044 276 1044 752 1044 752 1045 276 1045 652 1045 751 1046 754 1046 753 1046 755 1047 754 1047 751 1047 756 1048 754 1048 755 1048 276 1049 275 1049 652 1049 652 1050 275 1050 757 1050 758 1051 759 1051 756 1051 756 1052 759 1052 754 1052 275 1053 271 1053 757 1053 757 1054 271 1054 760 1054 758 1055 761 1055 759 1055 271 1056 270 1056 760 1056 760 1057 270 1057 762 1057 763 1058 764 1058 758 1058 758 1059 764 1059 761 1059 270 1060 266 1060 762 1060 762 1061 266 1061 765 1061 766 1062 767 1062 763 1062 763 1063 767 1063 764 1063 765 1064 265 1064 768 1064 266 1065 265 1065 765 1065 767 1066 769 1066 770 1066 766 1067 769 1067 767 1067 265 1068 261 1068 768 1068 261 1069 771 1069 768 1069 769 1070 772 1070 770 1070 261 1071 260 1071 771 1071 769 1072 773 1072 772 1072 260 1073 774 1073 771 1073 772 1074 775 1074 776 1074 776 1075 775 1075 777 1075 773 1076 775 1076 772 1076 260 1077 778 1077 774 1077 253 1078 778 1078 254 1078 254 1079 778 1079 260 1079 775 1080 779 1080 777 1080 253 1081 780 1081 778 1081 777 1082 781 1082 782 1082 782 1083 781 1083 783 1083 779 1084 781 1084 777 1084 249 1085 784 1085 253 1085 253 1086 784 1086 780 1086 781 1087 558 1087 783 1087 249 1088 785 1088 784 1088 247 1089 785 1089 249 1089 783 1090 786 1090 787 1090 787 1091 786 1091 788 1091 558 1092 786 1092 783 1092 242 1093 789 1093 244 1093 244 1094 789 1094 247 1094 247 1095 789 1095 785 1095 786 1096 790 1096 788 1096 239 1097 791 1097 242 1097 242 1098 791 1098 789 1098 788 1099 792 1099 793 1099 790 1100 792 1100 788 1100 238 1101 794 1101 239 1101 239 1102 794 1102 791 1102 793 1103 795 1103 796 1103 792 1104 795 1104 793 1104 234 1105 797 1105 238 1105 238 1106 797 1106 794 1106 796 1107 798 1107 799 1107 795 1108 798 1108 796 1108 234 1109 800 1109 797 1109 799 1110 801 1110 802 1110 798 1111 801 1111 799 1111 234 1112 803 1112 800 1112 232 1113 803 1113 234 1113 802 1114 804 1114 805 1114 801 1115 804 1115 802 1115 227 1116 806 1116 232 1116 232 1117 806 1117 803 1117 805 1118 807 1118 808 1118 808 1119 807 1119 809 1119 804 1120 807 1120 805 1120 226 1121 810 1121 227 1121 227 1122 810 1122 806 1122 809 1123 811 1123 812 1123 807 1124 811 1124 809 1124 223 1125 813 1125 226 1125 226 1126 813 1126 810 1126 811 1127 814 1127 812 1127 225 1128 678 1128 223 1128 815 1129 678 1129 225 1129 223 1130 678 1130 813 1130 812 1131 816 1131 817 1131 814 1132 816 1132 812 1132 815 1133 818 1133 678 1133 817 1134 819 1134 820 1134 820 1135 819 1135 821 1135 816 1136 819 1136 817 1136 822 1137 823 1137 824 1137 824 1138 823 1138 815 1138 815 1139 823 1139 818 1139 821 1140 825 1140 826 1140 819 1141 825 1141 821 1141 822 1142 827 1142 823 1142 825 1143 828 1143 826 1143 822 1144 829 1144 827 1144 830 1145 829 1145 831 1145 831 1146 829 1146 822 1146 826 1147 832 1147 833 1147 833 1148 832 1148 834 1148 828 1149 832 1149 826 1149 830 1150 835 1150 829 1150 832 1151 836 1151 834 1151 830 1152 837 1152 835 1152 838 1153 837 1153 839 1153 839 1154 837 1154 830 1154 836 1155 840 1155 834 1155 834 1156 840 1156 841 1156 838 1157 842 1157 837 1157 843 1158 842 1158 838 1158 841 1159 844 1159 845 1159 840 1160 844 1160 841 1160 843 1161 846 1161 842 1161 844 1162 847 1162 845 1162 845 1163 847 1163 848 1163 843 1164 849 1164 846 1164 850 1165 849 1165 843 1165 847 1166 851 1166 848 1166 848 1167 851 1167 852 1167 850 1168 853 1168 849 1168 854 1169 853 1169 855 1169 855 1170 853 1170 850 1170 851 1171 524 1171 852 1171 852 1172 524 1172 856 1172 856 1173 524 1173 857 1173 854 1174 858 1174 853 1174 524 1175 859 1175 857 1175 854 1176 860 1176 858 1176 861 1177 860 1177 862 1177 862 1178 860 1178 854 1178 857 1179 863 1179 864 1179 864 1180 863 1180 865 1180 859 1181 863 1181 857 1181 866 1182 867 1182 861 1182 861 1183 867 1183 860 1183 863 1184 868 1184 865 1184 866 1185 869 1185 867 1185 865 1186 870 1186 871 1186 868 1187 870 1187 865 1187 866 1188 872 1188 869 1188 873 1189 872 1189 874 1189 874 1190 872 1190 866 1190 873 1191 875 1191 872 1191 871 1192 875 1192 873 1192 870 1193 875 1193 871 1193 96 1194 876 1194 94 1194 96 1195 877 1195 876 1195 96 1196 878 1196 877 1196 93 1197 94 1197 876 1197 93 1198 876 1198 879 1198 98 1199 878 1199 96 1199 98 1200 880 1200 878 1200 90 1201 93 1201 879 1201 90 1202 879 1202 881 1202 101 1203 880 1203 98 1203 89 1204 90 1204 881 1204 89 1205 881 1205 882 1205 103 1206 880 1206 101 1206 103 1207 883 1207 880 1207 103 1208 884 1208 883 1208 86 1209 89 1209 882 1209 86 1210 882 1210 885 1210 104 1211 884 1211 103 1211 84 1212 620 1212 886 1212 84 1213 86 1213 885 1213 84 1214 885 1214 620 1214 106 1215 884 1215 104 1215 106 1216 887 1216 884 1216 106 1217 888 1217 887 1217 82 1218 886 1218 889 1218 82 1219 84 1219 886 1219 109 1220 888 1220 106 1220 109 1221 890 1221 888 1221 80 1222 82 1222 889 1222 110 1223 890 1223 109 1223 110 1224 891 1224 890 1224 78 1225 80 1225 889 1225 78 1226 892 1226 893 1226 78 1227 889 1227 892 1227 112 1228 891 1228 110 1228 112 1229 894 1229 891 1229 76 1230 78 1230 893 1230 115 1231 894 1231 112 1231 115 1232 895 1232 894 1232 74 1233 896 1233 897 1233 74 1234 893 1234 896 1234 74 1235 76 1235 893 1235 117 1236 898 1236 895 1236 117 1237 895 1237 115 1237 72 1238 897 1238 899 1238 72 1239 74 1239 897 1239 118 1240 900 1240 898 1240 118 1241 898 1241 117 1241 70 1242 899 1242 901 1242 70 1243 72 1243 899 1243 121 1244 902 1244 900 1244 121 1245 900 1245 118 1245 68 1246 901 1246 903 1246 68 1247 70 1247 901 1247 123 1248 904 1248 902 1248 123 1249 902 1249 121 1249 67 1250 68 1250 903 1250 124 1251 586 1251 904 1251 124 1252 904 1252 123 1252 65 1253 903 1253 905 1253 65 1254 67 1254 903 1254 127 1255 586 1255 124 1255 62 1256 906 1256 907 1256 62 1257 905 1257 906 1257 62 1258 65 1258 905 1258 908 1259 909 1259 586 1259 908 1260 910 1260 909 1260 908 1261 586 1261 127 1261 60 1262 62 1262 907 1262 911 1263 910 1263 908 1263 58 1264 60 1264 907 1264 58 1265 907 1265 912 1265 913 1266 914 1266 910 1266 913 1267 910 1267 911 1267 56 1268 912 1268 915 1268 56 1269 58 1269 912 1269 916 1270 914 1270 913 1270 916 1271 917 1271 914 1271 54 1272 915 1272 918 1272 54 1273 56 1273 915 1273 919 1274 917 1274 916 1274 919 1275 920 1275 917 1275 53 1276 921 1276 922 1276 53 1277 918 1277 921 1277 53 1278 54 1278 918 1278 923 1279 920 1279 919 1279 923 1280 924 1280 920 1280 50 1281 53 1281 922 1281 925 1282 924 1282 923 1282 925 1283 926 1283 924 1283 49 1284 927 1284 928 1284 49 1285 922 1285 927 1285 49 1286 50 1286 922 1286 929 1287 926 1287 925 1287 929 1288 930 1288 926 1288 929 1289 931 1289 930 1289 46 1290 49 1290 928 1290 932 1291 931 1291 929 1291 44 1292 928 1292 933 1292 44 1293 46 1293 928 1293 934 1294 931 1294 932 1294 934 1295 935 1295 931 1295 42 1296 933 1296 653 1296 42 1297 44 1297 933 1297 936 1298 935 1298 934 1298 936 1299 937 1299 935 1299 40 1300 938 1300 939 1300 40 1301 653 1301 938 1301 40 1302 42 1302 653 1302 940 1303 937 1303 936 1303 940 1304 941 1304 937 1304 39 1305 40 1305 939 1305 942 1306 941 1306 940 1306 942 1307 943 1307 941 1307 944 1308 943 1308 942 1308 36 1309 939 1309 945 1309 36 1310 39 1310 939 1310 946 1311 944 1311 942 1311 34 1312 945 1312 947 1312 34 1313 36 1313 945 1313 948 1314 949 1314 944 1314 948 1315 944 1315 946 1315 950 1316 34 1316 947 1316 32 1317 34 1317 950 1317 951 1318 949 1318 948 1318 952 1319 949 1319 951 1319 953 1320 31 1320 32 1320 953 1321 32 1321 950 1321 28 1322 31 1322 953 1322 954 1323 952 1323 951 1323 954 1324 951 1324 955 1324 956 1325 28 1325 953 1325 957 1326 954 1326 955 1326 957 1327 955 1327 958 1327 959 1328 24 1328 26 1328 959 1329 26 1329 28 1329 959 1330 28 1330 956 1330 960 1331 957 1331 958 1331 960 1332 958 1332 961 1332 962 1333 24 1333 959 1333 963 1334 960 1334 961 1334 963 1335 961 1335 964 1335 965 1336 24 1336 962 1336 965 1337 23 1337 24 1337 559 1338 964 1338 966 1338 559 1339 963 1339 964 1339 967 1340 23 1340 965 1340 967 1341 19 1341 21 1341 967 1342 21 1342 23 1342 968 1343 966 1343 969 1343 968 1344 559 1344 966 1344 970 1345 19 1345 967 1345 970 1346 17 1346 19 1346 971 1347 969 1347 972 1347 971 1348 968 1348 969 1348 973 1349 17 1349 970 1349 973 1350 15 1350 17 1350 974 1351 972 1351 975 1351 974 1352 971 1352 972 1352 976 1353 15 1353 973 1353 977 1354 975 1354 978 1354 977 1355 974 1355 975 1355 979 1356 15 1356 976 1356 979 1357 13 1357 15 1357 980 1358 978 1358 981 1358 980 1359 977 1359 978 1359 982 1360 13 1360 979 1360 982 1361 11 1361 13 1361 983 1362 980 1362 981 1362 983 1363 981 1363 984 1363 985 1364 11 1364 982 1364 985 1365 9 1365 11 1365 986 1366 984 1366 987 1366 986 1367 983 1367 984 1367 988 1368 9 1368 985 1368 988 1369 5 1369 7 1369 988 1370 7 1370 9 1370 989 1371 986 1371 987 1371 989 1372 987 1372 990 1372 991 1373 5 1373 988 1373 991 1374 3 1374 5 1374 992 1375 989 1375 990 1375 992 1376 990 1376 993 1376 994 1377 3 1377 991 1377 995 1378 992 1378 993 1378 995 1379 993 1379 996 1379 679 1380 3 1380 994 1380 679 1381 2 1381 3 1381 997 1382 995 1382 996 1382 997 1383 996 1383 998 1383 999 1384 1000 1384 1001 1384 999 1385 1001 1385 2 1385 999 1386 2 1386 679 1386 1002 1387 998 1387 1003 1387 1002 1388 1003 1388 1004 1388 1002 1389 997 1389 998 1389 1005 1390 1000 1390 999 1390 1005 1391 1006 1391 1000 1391 1007 1392 1002 1392 1004 1392 1008 1393 1006 1393 1005 1393 1009 1394 1004 1394 1010 1394 1009 1395 1007 1395 1004 1395 1011 1396 1006 1396 1008 1396 1011 1397 1012 1397 1013 1397 1011 1398 1013 1398 1006 1398 1014 1399 1010 1399 1015 1399 1014 1400 1015 1400 1016 1400 1014 1401 1009 1401 1010 1401 1017 1402 1012 1402 1011 1402 1017 1403 1018 1403 1012 1403 1019 1404 1014 1404 1016 1404 1020 1405 1018 1405 1017 1405 1021 1406 1019 1406 1016 1406 1021 1407 1016 1407 1022 1407 1023 1408 1024 1408 1018 1408 1023 1409 1018 1409 1020 1409 1025 1410 1021 1410 1022 1410 1025 1411 1022 1411 1026 1411 1027 1412 1024 1412 1023 1412 1027 1413 1028 1413 1024 1413 1029 1414 1025 1414 1026 1414 1029 1415 1026 1415 1030 1415 1031 1416 1028 1416 1027 1416 1031 1417 1032 1417 1033 1417 1031 1418 1033 1418 1028 1418 1034 1419 1029 1419 1030 1419 1034 1420 1030 1420 1035 1420 1036 1421 1032 1421 1031 1421 525 1422 1034 1422 1035 1422 525 1423 1035 1423 1037 1423 1038 1424 1039 1424 1040 1424 1038 1425 1040 1425 1032 1425 1038 1426 1032 1426 1036 1426 1041 1427 1037 1427 1042 1427 1041 1428 525 1428 1037 1428 1043 1429 1039 1429 1038 1429 1043 1430 1044 1430 1039 1430 1045 1431 1041 1431 1042 1431 1045 1432 1042 1432 1046 1432 1047 1433 1044 1433 1043 1433 1048 1434 1045 1434 1046 1434 1048 1435 1046 1435 1049 1435 1050 1436 1044 1436 1047 1436 1050 1437 1051 1437 1044 1437 1052 1438 1048 1438 1049 1438 1052 1439 1049 1439 1053 1439 1054 1440 1051 1440 1050 1440 1054 1441 1055 1441 1056 1441 1054 1442 1056 1442 1051 1442 1057 1443 1055 1443 1054 1443 1057 1444 1052 1444 1053 1444 1057 1445 1053 1445 1055 1445 526 1446 525 1446 1041 1446 1045 1447 526 1447 1041 1447 529 1448 526 1448 1045 1448 1048 1449 529 1449 1045 1449 531 1450 1048 1450 1052 1450 531 1451 529 1451 1048 1451 1057 1452 531 1452 1052 1452 533 1453 1057 1453 1054 1453 533 1454 531 1454 1057 1454 1050 1455 533 1455 1054 1455 535 1456 1050 1456 1047 1456 535 1457 533 1457 1050 1457 1043 1458 535 1458 1047 1458 689 1459 1031 1459 1027 1459 689 1460 1027 1460 1023 1460 687 1461 1023 1461 1020 1461 687 1462 689 1462 1023 1462 1017 1463 687 1463 1020 1463 685 1464 687 1464 1017 1464 1011 1465 685 1465 1017 1465 683 1466 1011 1466 1008 1466 683 1467 685 1467 1011 1467 1005 1468 683 1468 1008 1468 681 1469 683 1469 1005 1469 999 1470 681 1470 1005 1470 679 1471 681 1471 999 1471 1058 1472 538 1472 537 1472 1058 1473 537 1473 535 1473 1058 1474 1043 1474 1038 1474 1058 1475 1038 1475 1036 1475 1058 1476 693 1476 538 1476 1058 1477 535 1477 1043 1477 1059 1478 1036 1478 1031 1478 1059 1479 689 1479 691 1479 1059 1480 691 1480 693 1480 1059 1481 693 1481 1058 1481 1059 1482 1058 1482 1036 1482 1059 1483 1031 1483 689 1483 561 1484 559 1484 968 1484 971 1485 561 1485 968 1485 563 1486 561 1486 971 1486 974 1487 563 1487 971 1487 564 1488 974 1488 977 1488 564 1489 563 1489 974 1489 980 1490 564 1490 977 1490 567 1491 980 1491 983 1491 567 1492 564 1492 980 1492 986 1493 567 1493 983 1493 569 1494 986 1494 989 1494 569 1495 567 1495 986 1495 992 1496 569 1496 989 1496 511 1497 1002 1497 1007 1497 513 1498 1007 1498 1009 1498 513 1499 511 1499 1007 1499 515 1500 1009 1500 1014 1500 515 1501 1014 1501 1019 1501 515 1502 513 1502 1009 1502 517 1503 515 1503 1019 1503 1021 1504 517 1504 1019 1504 519 1505 517 1505 1021 1505 1025 1506 519 1506 1021 1506 520 1507 519 1507 1025 1507 1029 1508 520 1508 1025 1508 523 1509 520 1509 1029 1509 1034 1510 523 1510 1029 1510 525 1511 523 1511 1034 1511 1060 1512 508 1512 571 1512 1060 1513 571 1513 569 1513 1060 1514 992 1514 995 1514 1060 1515 569 1515 992 1515 1061 1516 508 1516 1060 1516 1061 1517 511 1517 509 1517 1061 1518 509 1518 508 1518 1061 1519 995 1519 997 1519 1061 1520 997 1520 1002 1520 1061 1521 1002 1521 511 1521 1061 1522 1060 1522 995 1522 588 1523 586 1523 909 1523 910 1524 588 1524 909 1524 590 1525 910 1525 914 1525 590 1526 588 1526 910 1526 917 1527 590 1527 914 1527 592 1528 917 1528 920 1528 592 1529 590 1529 917 1529 594 1530 920 1530 924 1530 594 1531 924 1531 926 1531 594 1532 592 1532 920 1532 596 1533 926 1533 930 1533 596 1534 930 1534 931 1534 596 1535 594 1535 926 1535 543 1536 542 1536 600 1536 545 1537 941 1537 943 1537 547 1538 943 1538 944 1538 547 1539 545 1539 943 1539 549 1540 944 1540 949 1540 549 1541 949 1541 952 1541 549 1542 547 1542 944 1542 551 1543 549 1543 952 1543 954 1544 551 1544 952 1544 553 1545 551 1545 954 1545 957 1546 553 1546 954 1546 555 1547 553 1547 957 1547 960 1548 555 1548 957 1548 557 1549 555 1549 960 1549 963 1550 557 1550 960 1550 559 1551 557 1551 963 1551 1062 1552 598 1552 596 1552 1062 1553 600 1553 598 1553 1062 1554 931 1554 935 1554 1062 1555 935 1555 937 1555 1062 1556 596 1556 931 1556 1063 1557 545 1557 543 1557 1063 1558 937 1558 941 1558 1063 1559 543 1559 600 1559 1063 1560 941 1560 545 1560 1063 1561 1062 1561 937 1561 1063 1562 600 1562 1062 1562 623 1563 620 1563 885 1563 882 1564 623 1564 885 1564 625 1565 623 1565 882 1565 881 1566 625 1566 882 1566 627 1567 881 1567 879 1567 627 1568 625 1568 881 1568 876 1569 627 1569 879 1569 629 1570 876 1570 877 1570 629 1571 627 1571 876 1571 878 1572 629 1572 877 1572 631 1573 878 1573 880 1573 631 1574 629 1574 878 1574 883 1575 631 1575 880 1575 576 1576 888 1576 890 1576 576 1577 890 1577 891 1577 578 1578 891 1578 894 1578 578 1579 894 1579 895 1579 578 1580 576 1580 891 1580 580 1581 895 1581 898 1581 580 1582 578 1582 895 1582 900 1583 580 1583 898 1583 582 1584 580 1584 900 1584 902 1585 582 1585 900 1585 584 1586 582 1586 902 1586 904 1587 584 1587 902 1587 586 1588 584 1588 904 1588 1064 1589 574 1589 633 1589 1064 1590 633 1590 631 1590 1064 1591 883 1591 884 1591 1064 1592 631 1592 883 1592 1065 1593 884 1593 887 1593 1065 1594 887 1594 888 1594 1065 1595 572 1595 574 1595 1065 1596 576 1596 572 1596 1065 1597 1064 1597 884 1597 1065 1598 574 1598 1064 1598 1065 1599 888 1599 576 1599 655 1600 653 1600 933 1600 928 1601 655 1601 933 1601 657 1602 655 1602 928 1602 927 1603 657 1603 928 1603 659 1604 927 1604 922 1604 659 1605 657 1605 927 1605 921 1606 659 1606 922 1606 661 1607 921 1607 918 1607 661 1608 659 1608 921 1608 915 1609 661 1609 918 1609 663 1610 915 1610 912 1610 663 1611 661 1611 915 1611 907 1612 663 1612 912 1612 607 1613 903 1613 901 1613 609 1614 901 1614 899 1614 609 1615 607 1615 901 1615 611 1616 899 1616 897 1616 611 1617 897 1617 896 1617 611 1618 609 1618 899 1618 613 1619 611 1619 896 1619 893 1620 613 1620 896 1620 615 1621 613 1621 893 1621 892 1622 615 1622 893 1622 617 1623 615 1623 892 1623 889 1624 617 1624 892 1624 618 1625 617 1625 889 1625 886 1626 618 1626 889 1626 620 1627 618 1627 886 1627 1066 1628 604 1628 665 1628 1066 1629 665 1629 663 1629 1066 1630 907 1630 906 1630 1066 1631 906 1631 905 1631 1066 1632 663 1632 907 1632 1067 1633 604 1633 1066 1633 1067 1634 607 1634 605 1634 1067 1635 605 1635 604 1635 1067 1636 905 1636 903 1636 1067 1637 903 1637 607 1637 1067 1638 1066 1638 905 1638 677 1639 679 1639 994 1639 991 1640 677 1640 994 1640 675 1641 677 1641 991 1641 988 1642 675 1642 991 1642 672 1643 988 1643 985 1643 672 1644 675 1644 988 1644 982 1645 672 1645 985 1645 670 1646 982 1646 979 1646 670 1647 672 1647 982 1647 976 1648 670 1648 979 1648 668 1649 976 1649 973 1649 668 1650 670 1650 976 1650 970 1651 668 1651 973 1651 639 1652 962 1652 959 1652 641 1653 959 1653 956 1653 641 1654 639 1654 959 1654 643 1655 956 1655 953 1655 643 1656 953 1656 950 1656 643 1657 641 1657 956 1657 645 1658 643 1658 950 1658 947 1659 645 1659 950 1659 647 1660 645 1660 947 1660 945 1661 647 1661 947 1661 648 1662 647 1662 945 1662 939 1663 648 1663 945 1663 651 1664 648 1664 939 1664 938 1665 651 1665 939 1665 653 1666 651 1666 938 1666 1068 1667 636 1667 666 1667 1068 1668 666 1668 668 1668 1068 1669 970 1669 967 1669 1068 1670 967 1670 965 1670 1068 1671 668 1671 970 1671 1069 1672 636 1672 1068 1672 1069 1673 639 1673 637 1673 1069 1674 637 1674 636 1674 1069 1675 965 1675 962 1675 1069 1676 962 1676 639 1676 1069 1677 1068 1677 965 1677 650 1678 652 1678 757 1678 760 1679 650 1679 757 1679 649 1680 650 1680 760 1680 762 1681 649 1681 760 1681 646 1682 762 1682 765 1682 646 1683 649 1683 762 1683 644 1684 765 1684 768 1684 644 1685 646 1685 765 1685 642 1686 768 1686 771 1686 642 1687 644 1687 768 1687 774 1688 642 1688 771 1688 640 1689 774 1689 778 1689 640 1690 642 1690 774 1690 638 1691 778 1691 780 1691 638 1692 640 1692 778 1692 669 1693 789 1693 791 1693 669 1694 791 1694 794 1694 671 1695 794 1695 797 1695 671 1696 797 1696 800 1696 671 1697 669 1697 794 1697 673 1698 800 1698 803 1698 673 1699 671 1699 800 1699 806 1700 673 1700 803 1700 674 1701 673 1701 806 1701 810 1702 674 1702 806 1702 676 1703 674 1703 810 1703 813 1704 676 1704 810 1704 678 1705 676 1705 813 1705 1070 1706 780 1706 784 1706 1070 1707 634 1707 638 1707 1070 1708 635 1708 634 1708 1070 1709 638 1709 780 1709 1071 1710 784 1710 785 1710 1071 1711 785 1711 789 1711 1071 1712 667 1712 635 1712 1071 1713 669 1713 667 1713 1071 1714 1070 1714 784 1714 1071 1715 635 1715 1070 1715 1071 1716 789 1716 669 1716 619 1717 621 1717 706 1717 708 1718 619 1718 706 1718 616 1719 619 1719 708 1719 710 1720 616 1720 708 1720 614 1721 710 1721 712 1721 614 1722 616 1722 710 1722 612 1723 712 1723 714 1723 612 1724 614 1724 712 1724 610 1725 714 1725 716 1725 610 1726 612 1726 714 1726 718 1727 610 1727 716 1727 608 1728 718 1728 720 1728 608 1729 610 1729 718 1729 606 1730 720 1730 722 1730 606 1731 608 1731 720 1731 662 1732 728 1732 730 1732 662 1733 730 1733 733 1733 660 1734 733 1734 736 1734 660 1735 736 1735 739 1735 660 1736 662 1736 733 1736 658 1737 739 1737 742 1737 658 1738 660 1738 739 1738 745 1739 658 1739 742 1739 656 1740 658 1740 745 1740 748 1741 656 1741 745 1741 654 1742 656 1742 748 1742 752 1743 654 1743 748 1743 652 1744 654 1744 752 1744 1072 1745 722 1745 723 1745 1072 1746 723 1746 724 1746 1072 1747 602 1747 606 1747 1072 1748 603 1748 602 1748 1072 1749 606 1749 722 1749 1073 1750 724 1750 728 1750 1073 1751 664 1751 603 1751 1073 1752 662 1752 664 1752 1073 1753 1072 1753 724 1753 1073 1754 603 1754 1072 1754 1073 1755 728 1755 662 1755 585 1756 587 1756 721 1756 719 1757 585 1757 721 1757 583 1758 585 1758 719 1758 717 1759 583 1759 719 1759 581 1760 717 1760 715 1760 581 1761 583 1761 717 1761 713 1762 581 1762 715 1762 579 1763 713 1763 711 1763 579 1764 581 1764 713 1764 709 1765 579 1765 711 1765 577 1766 709 1766 707 1766 577 1767 579 1767 709 1767 705 1768 577 1768 707 1768 630 1769 700 1769 698 1769 630 1770 698 1770 696 1770 628 1771 696 1771 694 1771 628 1772 694 1772 695 1772 628 1773 630 1773 696 1773 626 1774 695 1774 697 1774 626 1775 628 1775 695 1775 699 1776 626 1776 697 1776 624 1777 626 1777 699 1777 701 1778 624 1778 699 1778 622 1779 624 1779 701 1779 703 1780 622 1780 701 1780 621 1781 622 1781 703 1781 1074 1782 575 1782 573 1782 1074 1783 573 1783 577 1783 1074 1784 705 1784 704 1784 1074 1785 704 1785 702 1785 1074 1786 577 1786 705 1786 1075 1787 702 1787 700 1787 1075 1788 632 1788 575 1788 1075 1789 630 1789 632 1789 1075 1790 1074 1790 702 1790 1075 1791 575 1791 1074 1791 1075 1792 700 1792 630 1792 556 1793 558 1793 781 1793 779 1794 556 1794 781 1794 554 1795 556 1795 779 1795 775 1796 554 1796 779 1796 552 1797 775 1797 773 1797 552 1798 554 1798 775 1798 550 1799 773 1799 769 1799 550 1800 552 1800 773 1800 548 1801 769 1801 766 1801 548 1802 550 1802 769 1802 763 1803 548 1803 766 1803 546 1804 763 1804 758 1804 546 1805 548 1805 763 1805 544 1806 758 1806 756 1806 544 1807 546 1807 758 1807 601 1808 541 1808 540 1808 597 1809 746 1809 743 1809 597 1810 750 1810 746 1810 595 1811 743 1811 740 1811 595 1812 597 1812 743 1812 738 1813 595 1813 740 1813 593 1814 595 1814 738 1814 735 1815 593 1815 738 1815 591 1816 593 1816 735 1816 591 1817 735 1817 731 1817 727 1818 591 1818 731 1818 589 1819 591 1819 727 1819 725 1820 589 1820 727 1820 587 1821 589 1821 725 1821 1076 1822 755 1822 751 1822 1076 1823 756 1823 755 1823 1076 1824 540 1824 544 1824 1076 1825 544 1825 756 1825 1076 1826 601 1826 540 1826 1077 1827 751 1827 750 1827 1077 1828 1076 1828 751 1828 1077 1829 597 1829 599 1829 1077 1830 599 1830 601 1830 1077 1831 601 1831 1076 1831 1077 1832 750 1832 597 1832 522 1833 524 1833 851 1833 847 1834 522 1834 851 1834 521 1835 522 1835 847 1835 844 1836 521 1836 847 1836 518 1837 844 1837 840 1837 518 1838 521 1838 844 1838 516 1839 840 1839 836 1839 516 1840 518 1840 840 1840 514 1841 836 1841 832 1841 514 1842 516 1842 836 1842 828 1843 514 1843 832 1843 512 1844 828 1844 825 1844 512 1845 514 1845 828 1845 510 1846 825 1846 819 1846 510 1847 512 1847 825 1847 568 1848 811 1848 807 1848 568 1849 807 1849 804 1849 566 1850 804 1850 801 1850 566 1851 801 1851 798 1851 566 1852 568 1852 804 1852 565 1853 798 1853 795 1853 565 1854 566 1854 798 1854 792 1855 565 1855 795 1855 562 1856 565 1856 792 1856 790 1857 562 1857 792 1857 560 1858 562 1858 790 1858 786 1859 560 1859 790 1859 558 1860 560 1860 786 1860 1078 1861 819 1861 816 1861 1078 1862 816 1862 814 1862 1078 1863 506 1863 510 1863 1078 1864 507 1864 506 1864 1078 1865 510 1865 819 1865 1079 1866 814 1866 811 1866 1079 1867 570 1867 507 1867 1079 1868 568 1868 570 1868 1079 1869 1078 1869 814 1869 1079 1870 507 1870 1078 1870 1079 1871 811 1871 568 1871 680 1872 678 1872 818 1872 823 1873 680 1873 818 1873 682 1874 823 1874 827 1874 682 1875 680 1875 823 1875 829 1876 682 1876 827 1876 684 1877 829 1877 835 1877 684 1878 682 1878 829 1878 686 1879 835 1879 837 1879 686 1880 837 1880 842 1880 686 1881 684 1881 835 1881 688 1882 842 1882 846 1882 688 1883 846 1883 849 1883 688 1884 686 1884 842 1884 534 1885 860 1885 867 1885 534 1886 867 1886 869 1886 532 1887 869 1887 872 1887 532 1888 872 1888 875 1888 532 1889 534 1889 869 1889 530 1890 875 1890 870 1890 530 1891 532 1891 875 1891 868 1892 530 1892 870 1892 528 1893 530 1893 868 1893 863 1894 528 1894 868 1894 527 1895 528 1895 863 1895 859 1896 527 1896 863 1896 524 1897 527 1897 859 1897 1080 1898 690 1898 688 1898 1080 1899 692 1899 690 1899 1080 1900 849 1900 853 1900 1080 1901 853 1901 858 1901 1080 1902 688 1902 849 1902 1081 1903 539 1903 692 1903 1081 1904 858 1904 860 1904 1081 1905 536 1905 539 1905 1081 1906 534 1906 536 1906 1081 1907 692 1907 1080 1907 1081 1908 1080 1908 858 1908 1081 1909 860 1909 534 1909 726 1910 1082 1910 377 1910 729 1911 1082 1911 726 1911 732 1912 1082 1912 729 1912 384 1913 1082 1913 386 1913 382 1914 1082 1914 384 1914 375 1915 1082 1915 382 1915 377 1916 1082 1916 375 1916 734 1917 1083 1917 732 1917 737 1918 1083 1918 734 1918 388 1919 1083 1919 390 1919 386 1920 1083 1920 388 1920 732 1921 1083 1921 1082 1921 1082 1922 1083 1922 386 1922 1083 1923 1084 1923 390 1923 741 1924 1084 1924 737 1924 744 1925 1084 1925 741 1925 392 1926 1084 1926 394 1926 390 1927 1084 1927 392 1927 737 1928 1084 1928 1083 1928 747 1929 1085 1929 744 1929 749 1930 1085 1930 747 1930 1084 1931 1085 1931 394 1931 396 1932 1085 1932 398 1932 394 1933 1085 1933 396 1933 744 1934 1085 1934 1084 1934 753 1935 1086 1935 749 1935 754 1936 1086 1936 753 1936 400 1937 1086 1937 402 1937 398 1938 1086 1938 400 1938 749 1939 1086 1939 1085 1939 1085 1940 1086 1940 398 1940 1086 1941 1087 1941 402 1941 759 1942 1087 1942 754 1942 761 1943 1087 1943 759 1943 404 1944 1087 1944 406 1944 402 1945 1087 1945 404 1945 754 1946 1087 1946 1086 1946 408 1947 1088 1947 410 1947 406 1948 1088 1948 408 1948 764 1949 1088 1949 761 1949 767 1950 1088 1950 764 1950 1087 1951 1088 1951 406 1951 761 1952 1088 1952 1087 1952 412 1953 1089 1953 414 1953 410 1954 1089 1954 412 1954 770 1955 1089 1955 767 1955 772 1956 1089 1956 770 1956 1088 1957 1089 1957 410 1957 767 1958 1089 1958 1088 1958 416 1959 1090 1959 418 1959 414 1960 1090 1960 416 1960 776 1961 1090 1961 772 1961 777 1962 1090 1962 776 1962 772 1963 1090 1963 1089 1963 1089 1964 1090 1964 414 1964 420 1965 1091 1965 422 1965 418 1966 1091 1966 420 1966 782 1967 1091 1967 777 1967 783 1968 1091 1968 782 1968 1090 1969 1091 1969 418 1969 777 1970 1091 1970 1090 1970 424 1971 1092 1971 426 1971 422 1972 1092 1972 424 1972 787 1973 1092 1973 783 1973 788 1974 1092 1974 787 1974 783 1975 1092 1975 1091 1975 1091 1976 1092 1976 422 1976 428 1977 1093 1977 430 1977 426 1978 1093 1978 428 1978 793 1979 1093 1979 788 1979 796 1980 1093 1980 793 1980 788 1981 1093 1981 1092 1981 1092 1982 1093 1982 426 1982 432 1983 1094 1983 434 1983 430 1984 1094 1984 432 1984 1093 1985 1094 1985 430 1985 799 1986 1094 1986 796 1986 802 1987 1094 1987 799 1987 796 1988 1094 1988 1093 1988 805 1989 1095 1989 802 1989 808 1990 1095 1990 805 1990 802 1991 1095 1991 1094 1991 1094 1992 1095 1992 434 1992 436 1993 1095 1993 438 1993 434 1994 1095 1994 436 1994 1095 1995 1096 1995 438 1995 809 1996 1096 1996 808 1996 812 1997 1096 1997 809 1997 808 1998 1096 1998 1095 1998 440 1999 1096 1999 442 1999 438 2000 1096 2000 440 2000 817 2001 1097 2001 812 2001 812 2002 1097 2002 1096 2002 1096 2003 1097 2003 442 2003 442 2004 1097 2004 444 2004 820 2005 1098 2005 817 2005 821 2006 1098 2006 820 2006 1097 2007 1098 2007 444 2007 817 2008 1098 2008 1097 2008 446 2009 1098 2009 448 2009 444 2010 1098 2010 446 2010 826 2011 1099 2011 821 2011 833 2012 1099 2012 826 2012 821 2013 1099 2013 1098 2013 1098 2014 1099 2014 448 2014 450 2015 1099 2015 452 2015 448 2016 1099 2016 450 2016 834 2017 1100 2017 833 2017 841 2018 1100 2018 834 2018 833 2019 1100 2019 1099 2019 1099 2020 1100 2020 452 2020 454 2021 1100 2021 456 2021 452 2022 1100 2022 454 2022 845 2023 1101 2023 841 2023 848 2024 1101 2024 845 2024 1100 2025 1101 2025 456 2025 841 2026 1101 2026 1100 2026 458 2027 1101 2027 460 2027 456 2028 1101 2028 458 2028 1101 2029 1102 2029 460 2029 852 2030 1102 2030 848 2030 856 2031 1102 2031 852 2031 848 2032 1102 2032 1101 2032 462 2033 1102 2033 464 2033 460 2034 1102 2034 462 2034 856 2035 1103 2035 1102 2035 1102 2036 1103 2036 464 2036 857 2037 1103 2037 856 2037 864 2038 1103 2038 857 2038 466 2039 1103 2039 468 2039 464 2040 1103 2040 466 2040 1103 2041 1104 2041 468 2041 865 2042 1104 2042 864 2042 871 2043 1104 2043 865 2043 470 2044 1104 2044 472 2044 468 2045 1104 2045 470 2045 864 2046 1104 2046 1103 2046 1104 2047 1105 2047 472 2047 873 2048 1105 2048 871 2048 874 2049 1105 2049 873 2049 474 2050 1105 2050 476 2050 472 2051 1105 2051 474 2051 871 2052 1105 2052 1104 2052 1105 2053 1106 2053 476 2053 866 2054 1106 2054 874 2054 861 2055 1106 2055 866 2055 874 2056 1106 2056 1105 2056 478 2057 1106 2057 480 2057 476 2058 1106 2058 478 2058 1106 2059 1107 2059 480 2059 862 2060 1107 2060 861 2060 854 2061 1107 2061 862 2061 482 2062 1107 2062 484 2062 480 2063 1107 2063 482 2063 861 2064 1107 2064 1106 2064 854 2065 1108 2065 1107 2065 855 2066 1108 2066 854 2066 850 2067 1108 2067 855 2067 1107 2068 1108 2068 484 2068 486 2069 1108 2069 488 2069 484 2070 1108 2070 486 2070 850 2071 1109 2071 1108 2071 843 2072 1109 2072 850 2072 838 2073 1109 2073 843 2073 490 2074 1109 2074 492 2074 488 2075 1109 2075 490 2075 1108 2076 1109 2076 488 2076 1109 2077 1110 2077 492 2077 839 2078 1110 2078 838 2078 830 2079 1110 2079 839 2079 494 2080 1110 2080 496 2080 492 2081 1110 2081 494 2081 838 2082 1110 2082 1109 2082 1110 2083 1111 2083 496 2083 831 2084 1111 2084 830 2084 822 2085 1111 2085 831 2085 498 2086 1111 2086 500 2086 496 2087 1111 2087 498 2087 830 2088 1111 2088 1110 2088 822 2089 1112 2089 1111 2089 231 2090 1112 2090 225 2090 1111 2091 1112 2091 500 2091 824 2092 1112 2092 822 2092 815 2093 1112 2093 824 2093 225 2094 1112 2094 815 2094 504 2095 1112 2095 231 2095 502 2096 1112 2096 504 2096 500 2097 1112 2097 502 2097 503 2098 1113 2098 501 2098 505 2099 1113 2099 503 2099 219 2100 1113 2100 505 2100 1114 2101 1113 2101 1115 2101 1115 2102 1113 2102 1116 2102 1116 2103 1113 2103 0 2103 0 2104 1113 2104 219 2104 499 2105 1117 2105 497 2105 501 2106 1117 2106 499 2106 1118 2107 1117 2107 1119 2107 1119 2108 1117 2108 1114 2108 1114 2109 1117 2109 1113 2109 1113 2110 1117 2110 501 2110 1118 2111 1120 2111 1117 2111 495 2112 1120 2112 493 2112 497 2113 1120 2113 495 2113 1117 2114 1120 2114 497 2114 1121 2115 1120 2115 1122 2115 1122 2116 1120 2116 1118 2116 1120 2117 1123 2117 493 2117 491 2118 1123 2118 489 2118 493 2119 1123 2119 491 2119 1124 2120 1123 2120 1125 2120 1125 2121 1123 2121 1121 2121 1121 2122 1123 2122 1120 2122 487 2123 1126 2123 485 2123 489 2124 1126 2124 487 2124 1124 2125 1126 2125 1123 2125 1127 2126 1126 2126 1128 2126 1128 2127 1126 2127 1124 2127 1123 2128 1126 2128 489 2128 1127 2129 1129 2129 1126 2129 483 2130 1129 2130 481 2130 485 2131 1129 2131 483 2131 1126 2132 1129 2132 485 2132 1130 2133 1129 2133 1131 2133 1131 2134 1129 2134 1127 2134 479 2135 1132 2135 477 2135 481 2136 1132 2136 479 2136 1133 2137 1132 2137 1134 2137 1134 2138 1132 2138 1130 2138 1130 2139 1132 2139 1129 2139 1129 2140 1132 2140 481 2140 475 2141 1135 2141 473 2141 477 2142 1135 2142 475 2142 1136 2143 1135 2143 1137 2143 1137 2144 1135 2144 1133 2144 1133 2145 1135 2145 1132 2145 1132 2146 1135 2146 477 2146 471 2147 1138 2147 469 2147 473 2148 1138 2148 471 2148 1139 2149 1138 2149 1140 2149 1136 2150 1138 2150 1135 2150 1140 2151 1138 2151 1136 2151 1135 2152 1138 2152 473 2152 467 2153 1141 2153 465 2153 469 2154 1141 2154 467 2154 1139 2155 1141 2155 1138 2155 1138 2156 1141 2156 469 2156 1142 2157 1141 2157 1143 2157 1143 2158 1141 2158 1139 2158 463 2159 1144 2159 461 2159 465 2160 1144 2160 463 2160 1145 2161 1144 2161 1146 2161 1146 2162 1144 2162 1142 2162 1142 2163 1144 2163 1141 2163 1141 2164 1144 2164 465 2164 459 2165 1147 2165 457 2165 461 2166 1147 2166 459 2166 1145 2167 1147 2167 1144 2167 1148 2168 1147 2168 1149 2168 1149 2169 1147 2169 1145 2169 1144 2170 1147 2170 461 2170 455 2171 1150 2171 453 2171 457 2172 1150 2172 455 2172 1147 2173 1150 2173 457 2173 1151 2174 1150 2174 1152 2174 1152 2175 1150 2175 1148 2175 1148 2176 1150 2176 1147 2176 1153 2177 1154 2177 1155 2177 1155 2178 1154 2178 1151 2178 1151 2179 1154 2179 1150 2179 1150 2180 1154 2180 453 2180 451 2181 1154 2181 449 2181 453 2182 1154 2182 451 2182 1154 2183 1156 2183 449 2183 1157 2184 1156 2184 1158 2184 1158 2185 1156 2185 1153 2185 1153 2186 1156 2186 1154 2186 447 2187 1156 2187 445 2187 449 2188 1156 2188 447 2188 1159 2189 1160 2189 1157 2189 1157 2190 1160 2190 1156 2190 1156 2191 1160 2191 445 2191 445 2192 1160 2192 443 2192 1161 2193 1162 2193 1163 2193 1163 2194 1162 2194 1159 2194 1159 2195 1162 2195 1160 2195 1160 2196 1162 2196 443 2196 441 2197 1162 2197 439 2197 443 2198 1162 2198 441 2198 1161 2199 1164 2199 1162 2199 1165 2200 1164 2200 1166 2200 1166 2201 1164 2201 1161 2201 437 2202 1164 2202 435 2202 439 2203 1164 2203 437 2203 1162 2204 1164 2204 439 2204 1167 2205 1168 2205 1169 2205 1169 2206 1168 2206 1165 2206 1165 2207 1168 2207 1164 2207 1164 2208 1168 2208 435 2208 433 2209 1168 2209 431 2209 435 2210 1168 2210 433 2210 1170 2211 1171 2211 1172 2211 1172 2212 1171 2212 1167 2212 1167 2213 1171 2213 1168 2213 1168 2214 1171 2214 431 2214 429 2215 1171 2215 427 2215 431 2216 1171 2216 429 2216 1171 2217 1173 2217 427 2217 1174 2218 1173 2218 1175 2218 1175 2219 1173 2219 1170 2219 425 2220 1173 2220 423 2220 427 2221 1173 2221 425 2221 1170 2222 1173 2222 1171 2222 1174 2223 1176 2223 1173 2223 1173 2224 1176 2224 423 2224 1177 2225 1176 2225 1178 2225 1178 2226 1176 2226 1174 2226 421 2227 1176 2227 419 2227 423 2228 1176 2228 421 2228 1179 2229 1180 2229 1181 2229 1181 2230 1180 2230 1177 2230 1177 2231 1180 2231 1176 2231 1176 2232 1180 2232 419 2232 417 2233 1180 2233 415 2233 419 2234 1180 2234 417 2234 1180 2235 1182 2235 415 2235 1183 2236 1182 2236 1184 2236 1184 2237 1182 2237 1179 2237 1179 2238 1182 2238 1180 2238 413 2239 1182 2239 411 2239 415 2240 1182 2240 413 2240 1185 2241 1186 2241 1187 2241 1187 2242 1186 2242 1183 2242 1183 2243 1186 2243 1182 2243 1182 2244 1186 2244 411 2244 409 2245 1186 2245 407 2245 411 2246 1186 2246 409 2246 1188 2247 1189 2247 1190 2247 1190 2248 1189 2248 1185 2248 1186 2249 1189 2249 407 2249 1185 2250 1189 2250 1186 2250 405 2251 1189 2251 403 2251 407 2252 1189 2252 405 2252 1191 2253 1192 2253 1193 2253 1193 2254 1192 2254 1188 2254 1188 2255 1192 2255 1189 2255 1189 2256 1192 2256 403 2256 401 2257 1192 2257 399 2257 403 2258 1192 2258 401 2258 1194 2259 1195 2259 1196 2259 1196 2260 1195 2260 1191 2260 397 2261 1195 2261 395 2261 399 2262 1195 2262 397 2262 1191 2263 1195 2263 1192 2263 1192 2264 1195 2264 399 2264 1197 2265 1198 2265 1199 2265 1199 2266 1198 2266 1194 2266 393 2267 1198 2267 391 2267 1194 2268 1198 2268 1195 2268 395 2269 1198 2269 393 2269 1195 2270 1198 2270 395 2270 1200 2271 1201 2271 1202 2271 1202 2272 1201 2272 1197 2272 389 2273 1201 2273 387 2273 391 2274 1201 2274 389 2274 1197 2275 1201 2275 1198 2275 1198 2276 1201 2276 391 2276 126 2277 1203 2277 1204 2277 1204 2278 1203 2278 1205 2278 1205 2279 1203 2279 1200 2279 1200 2280 1203 2280 1201 2280 1201 2281 1203 2281 387 2281 132 2282 1203 2282 126 2282 383 2283 1203 2283 132 2283 385 2284 1203 2284 383 2284 387 2285 1203 2285 385 2285 126 2286 1204 2286 127 2286 127 2287 1204 2287 908 2287 1204 2288 1205 2288 908 2288 908 2289 1205 2289 911 2289 1205 2290 1200 2290 911 2290 911 2291 1200 2291 913 2291 1200 2292 1202 2292 913 2292 913 2293 1202 2293 916 2293 1202 2294 1197 2294 916 2294 916 2295 1197 2295 919 2295 1197 2296 1199 2296 919 2296 919 2297 1199 2297 923 2297 1199 2298 1194 2298 923 2298 923 2299 1194 2299 925 2299 1194 2300 1196 2300 925 2300 925 2301 1196 2301 929 2301 1196 2302 1191 2302 929 2302 929 2303 1191 2303 932 2303 932 2304 1193 2304 934 2304 1191 2305 1193 2305 932 2305 934 2306 1188 2306 936 2306 1193 2307 1188 2307 934 2307 936 2308 1190 2308 940 2308 1188 2309 1190 2309 936 2309 940 2310 1185 2310 942 2310 1190 2311 1185 2311 940 2311 942 2312 1187 2312 946 2312 1185 2313 1187 2313 942 2313 946 2314 1183 2314 948 2314 1187 2315 1183 2315 946 2315 948 2316 1184 2316 951 2316 1183 2317 1184 2317 948 2317 951 2318 1179 2318 955 2318 1184 2319 1179 2319 951 2319 1179 2320 1181 2320 955 2320 955 2321 1181 2321 958 2321 1181 2322 1177 2322 958 2322 958 2323 1177 2323 961 2323 1177 2324 1178 2324 961 2324 961 2325 1178 2325 964 2325 1178 2326 1174 2326 964 2326 964 2327 1174 2327 966 2327 1174 2328 1175 2328 966 2328 966 2329 1175 2329 969 2329 1175 2330 1170 2330 969 2330 969 2331 1170 2331 972 2331 1170 2332 1172 2332 972 2332 972 2333 1172 2333 975 2333 1172 2334 1167 2334 975 2334 975 2335 1167 2335 978 2335 1167 2336 1169 2336 978 2336 978 2337 1169 2337 981 2337 1169 2338 1165 2338 981 2338 981 2339 1165 2339 984 2339 1165 2340 1166 2340 984 2340 984 2341 1166 2341 987 2341 1166 2342 1161 2342 987 2342 987 2343 1161 2343 990 2343 1161 2344 1163 2344 990 2344 990 2345 1163 2345 993 2345 1163 2346 1159 2346 993 2346 993 2347 1159 2347 996 2347 1159 2348 1157 2348 996 2348 996 2349 1157 2349 998 2349 1157 2350 1158 2350 998 2350 998 2351 1158 2351 1003 2351 1158 2352 1153 2352 1003 2352 1003 2353 1153 2353 1004 2353 1153 2354 1155 2354 1004 2354 1004 2355 1155 2355 1010 2355 1155 2356 1151 2356 1010 2356 1010 2357 1151 2357 1015 2357 1015 2358 1152 2358 1016 2358 1151 2359 1152 2359 1015 2359 1016 2360 1148 2360 1022 2360 1152 2361 1148 2361 1016 2361 1022 2362 1149 2362 1026 2362 1148 2363 1149 2363 1022 2363 1026 2364 1145 2364 1030 2364 1149 2365 1145 2365 1026 2365 1030 2366 1146 2366 1035 2366 1145 2367 1146 2367 1030 2367 1035 2368 1142 2368 1037 2368 1146 2369 1142 2369 1035 2369 1142 2370 1143 2370 1037 2370 1037 2371 1143 2371 1042 2371 1143 2372 1139 2372 1042 2372 1042 2373 1139 2373 1046 2373 1046 2374 1140 2374 1049 2374 1139 2375 1140 2375 1046 2375 1049 2376 1136 2376 1053 2376 1140 2377 1136 2377 1049 2377 1053 2378 1137 2378 1055 2378 1136 2379 1137 2379 1053 2379 1055 2380 1133 2380 1056 2380 1137 2381 1133 2381 1055 2381 1056 2382 1134 2382 1051 2382 1133 2383 1134 2383 1056 2383 1051 2384 1130 2384 1044 2384 1134 2385 1130 2385 1051 2385 1044 2386 1131 2386 1039 2386 1130 2387 1131 2387 1044 2387 1039 2388 1127 2388 1040 2388 1131 2389 1127 2389 1039 2389 1040 2390 1128 2390 1032 2390 1127 2391 1128 2391 1040 2391 1032 2392 1124 2392 1033 2392 1128 2393 1124 2393 1032 2393 1033 2394 1125 2394 1028 2394 1124 2395 1125 2395 1033 2395 1028 2396 1121 2396 1024 2396 1024 2397 1121 2397 1018 2397 1125 2398 1121 2398 1028 2398 1121 2399 1122 2399 1018 2399 1018 2400 1118 2400 1012 2400 1122 2401 1118 2401 1018 2401 1012 2402 1119 2402 1013 2402 1118 2403 1119 2403 1012 2403 1013 2404 1114 2404 1006 2404 1119 2405 1114 2405 1013 2405 1006 2406 1115 2406 1000 2406 1114 2407 1115 2407 1006 2407 1000 2408 1116 2408 1001 2408 1115 2409 1116 2409 1000 2409 1116 2410 0 2410 1001 2410 1001 2411 0 2411 2 2411</p>
        </triangles>
      </mesh>
    </geometry>
  </library_geometries>
  <library_materials>
    <material id="mat_hex_nut_jam_am_B18_2_4_5M___Hex_jam_nut___M12_x_1_75___D_N_shape" name="hex_nut_jam_am_B18_2_4_5M___Hex_jam_nut___M12_x_1_75___D_N_shape">
      <instance_effect url="#effect_hex_nut_jam_am_B18_2_4_5M___Hex_jam_nut___M12_x_1_75___D_N_shape"/>
    </material>
  </library_materials>
  <library_visual_scenes>
    <visual_scene id="myscene">
      <node id="node0" name="node0">
        <instance_geometry url="#geometry0">
          <bind_material>
            <technique_common>
              <instance_material symbol="ref_hex_nut_jam_am_B18_2_4_5M___Hex_jam_nut___M12_x_1_75___D_N_shape" target="#mat_hex_nut_jam_am_B18_2_4_5M___Hex_jam_nut___M12_x_1_75___D_N_shape"/>
            </technique_common>
          </bind_material>
        </instance_geometry>
      </node>
    </visual_scene>
  </library_visual_scenes>
  <scene>
    <instance_visual_scene url="#myscene"/>
  </scene>
</COLLADA>
