<COLLADA xmlns="http://www.collada.org/2005/11/COLLADASchema" version="1.4.1">
  <asset>
    <contributor/>
    <created>2026-07-22T21:26:31.452899</created>
    <modified>2026-07-22T21:26:31.452905</modified>
    <unit name="meter" meter="1.0"/>
    <up_axis>Z_UP</up_axis>
  </asset>
  <library_effects>
    <effect id="effect_Hinge_B_shape" name="effect_Hinge_B_shape">
      <profile_COMMON>
        <technique sid="common">
          <phong>
            <emission>
              <color>0.0 0.0 0.0 1.0</color>
            </emission>
            <ambient>
              <color>0.0 0.0 0.0 1.0</color>
            </ambient>
            <diffuse>
              <color>0.800000011920929 0.800000011920929 0.9019607901573181 1.0</color>
            </diffuse>
            <specular>
              <color>1 1 1 1.0</color>
            </specular>
            <shininess>
              <float>0.0</float>
            </shininess>
            <reflective>
              <color>0.0 0.0 0.0 1.0</color>
            </reflective>
            <reflectivity>
              <float>0.0</float>
            </reflectivity>
            <transparent>
              <color>0.0 0.0 0.0 1.0</color>
            </transparent>
            <transparency>
              <float>1.0</float>
            </transparency>
          </phong>
        </technique>
        <extra>
          <technique profile="GOOGLEEARTH">
            <double_sided>0</double_sided>
          </technique>
        </extra>
      </profile_COMMON>
    </effect>
  </library_effects>
  <library_geometries>
    <geometry id="geometry0" name="Hinge_B_shape">
      <mesh>
        <source id="cubeverts-array0">
          <float_array count="2448" id="cubeverts-array0-array">0.005593163 0.604123 -0.1848306 0.00559627 0.6040014 -0.1834303 0.00559627 0.6039984 -0.1848303 0.005593163 0.604126 -0.1834306 0.005605586 0.6038771 -0.1834301 0.005605586 0.6038741 -0.1848301 0.005621085 0.6037534 -0.1834298 0.005621085 0.6037504 -0.1848298 0.005642731 0.6036307 -0.1834295 0.005642731 0.6036276 -0.1848295 0.005670469 0.6035092 -0.1834293 0.005670469 0.6035061 -0.1848293 0.00570423 0.6033892 -0.183429 0.00570423 0.6033861 -0.184829 0.005743931 0.603271 -0.1834288 0.005743931 0.6032679 -0.1848288 0.005789472 0.603155 -0.1834285 0.005789472 0.6031519 -0.1848285 0.00584074 0.6030413 -0.1834283 0.00584074 0.6030383 -0.1848282 0.005897608 0.6029304 -0.183428 0.005897608 0.6029274 -0.184828 0.005959935 0.6028224 -0.1834278 0.005959935 0.6028194 -0.1848278 0.006027565 0.6027177 -0.1834276 0.006027565 0.6027147 -0.1848275 0.006100331 0.6026165 -0.1834273 0.006100331 0.6026135 -0.1848273 0.006178051 0.602519 -0.1834271 0.006178051 0.602516 -0.1848271 0.006260533 0.6024256 -0.1834269 0.006260533 0.6024225 -0.1848269 0.00634757 0.6023364 -0.1834267 0.00634757 0.6023333 -0.1848267 0.006438948 0.6022516 -0.1834265 0.006438948 0.6022485 -0.1848265 0.006534438 0.6021714 -0.1834264 0.006534438 0.6021684 -0.1848264 0.006633803 0.6020962 -0.1834262 0.006633803 0.6020931 -0.1848262 0.006736797 0.6020259 -0.183426 0.006736797 0.6020229 -0.184826 0.006843163 0.601961 -0.1834259 0.006843163 0.6019579 -0.1848259 0.006952636 0.6019014 -0.1834258 0.006952636 0.6018983 -0.1848258 0.007064945 0.6018473 -0.1834257 0.007064945 0.6018442 -0.1848257 0.00717981 0.6017988 -0.1834256 0.00717981 0.6017958 -0.1848255 0.007296946 0.6017562 -0.1834255 0.007296946 0.6017532 -0.1848255 0.007416061 0.6017195 -0.1834254 0.007416061 0.6017164 -0.1848254 0.00753686 0.6016887 -0.1834253 0.00753686 0.6016857 -0.1848253 0.007659042 0.601664 -0.1834253 0.007659042 0.6016609 -0.1848253 0.007782303 0.6016454 -0.1834252 0.007782303 0.6016424 -0.1848252 0.007906337 0.60163 -0.1848252 0.007906337 0.601633 -0.1834252 0.008030835 0.6016268 -0.1834252 0.008030835 0.6016238 -0.1848252 0.008155489 0.6016268 -0.1834252 0.008155489 0.6016238 -0.1848252 0.008279987 0.601633 -0.1834252 0.008279987 0.60163 -0.1848252 0.008404021 0.6016454 -0.1834252 0.008404021 0.6016424 -0.1848252 0.008527283 0.601664 -0.1834253 0.008527283 0.6016609 -0.1848253 0.008649465 0.6016887 -0.1834253 0.008649465 0.6016857 -0.1848253 0.008770264 0.6017195 -0.1834254 0.008770264 0.6017164 -0.1848254 0.008889379 0.6017562 -0.1834255 0.008889379 0.6017532 -0.1848255 0.009006515 0.6017988 -0.1834256 0.009006515 0.6017958 -0.1848255 0.00912138 0.6018473 -0.1834257 0.00912138 0.6018442 -0.1848257 0.009233689 0.6019014 -0.1834258 0.009233689 0.6018983 -0.1848258 0.009343163 0.601961 -0.1834259 0.009343163 0.6019579 -0.1848259 0.009449528 0.6020259 -0.183426 0.009449528 0.6020229 -0.184826 0.009552522 0.6020962 -0.1834262 0.009552522 0.6020931 -0.1848262 0.009651887 0.6021714 -0.1834264 0.009651887 0.6021684 -0.1848264 0.009747376 0.6022516 -0.1834265 0.009747376 0.6022485 -0.1848265 0.009838755 0.6023364 -0.1834267 0.009838755 0.6023333 -0.1848267 0.009925792 0.6024256 -0.1834269 0.009925792 0.6024225 -0.1848269 0.01000827 0.602519 -0.1834271 0.01000827 0.602516 -0.1848271 0.01008599 0.6026165 -0.1834273 0.01008599 0.6026135 -0.1848273 0.01015876 0.6027177 -0.1834276 0.01015876 0.6027147 -0.1848275 0.01022639 0.6028224 -0.1834278 0.01022639 0.6028194 -0.1848278 0.01028872 0.6029304 -0.183428 0.01028872 0.6029274 -0.184828 0.01034558 0.6030413 -0.1834283 0.01034558 0.6030383 -0.1848282 0.01039685 0.6031519 -0.1848285 0.01039685 0.603155 -0.1834285 0.01044239 0.603271 -0.1834288 0.01044239 0.6032679 -0.1848288 0.01048209 0.6033861 -0.184829 0.01048209 0.6033892 -0.183429 0.01051586 0.6035092 -0.1834293 0.01051586 0.6035061 -0.1848293 0.01054359 0.6036276 -0.1848295 0.01054359 0.6036307 -0.1834295 0.01056524 0.6037534 -0.1834298 0.01056524 0.6037504 -0.1848298 0.01058074 0.6038771 -0.1834301 0.01058074 0.6038741 -0.1848301 0.01059005 0.6040014 -0.1834303 0.01059005 0.6039984 -0.1848303 0.01059316 0.604126 -0.1834306 0.01059316 0.604123 -0.1848306 -0.009406837 0.604123 -0.1848306 -0.009403729 0.6040014 -0.1834303 -0.009403729 0.6039984 -0.1848303 -0.009406837 0.604126 -0.1834306 -0.009394415 0.6038771 -0.1834301 -0.009394415 0.6038741 -0.1848301 -0.009378915 0.6037534 -0.1834298 -0.009378915 0.6037504 -0.1848298 -0.009357269 0.6036307 -0.1834295 -0.009357269 0.6036276 -0.1848295 -0.009329531 0.6035092 -0.1834293 -0.009329531 0.6035061 -0.1848293 -0.00929577 0.6033892 -0.183429 -0.00929577 0.6033861 -0.184829 -0.009256069 0.603271 -0.1834288 -0.009256069 0.6032679 -0.1848288 -0.009210528 0.603155 -0.1834285 -0.009210528 0.6031519 -0.1848285 -0.00915926 0.6030413 -0.1834283 -0.00915926 0.6030383 -0.1848282 -0.009102391 0.6029304 -0.183428 -0.009102391 0.6029274 -0.184828 -0.009040065 0.6028224 -0.1834278 -0.009040065 0.6028194 -0.1848278 -0.008972435 0.6027177 -0.1834276 -0.008972435 0.6027147 -0.1848275 -0.008899669 0.6026165 -0.1834273 -0.008899669 0.6026135 -0.1848273 -0.008821949 0.602519 -0.1834271 -0.008821949 0.602516 -0.1848271 -0.008739468 0.6024256 -0.1834269 -0.008739468 0.6024225 -0.1848269 -0.00865243 0.6023364 -0.1834267 -0.00865243 0.6023333 -0.1848267 -0.008561052 0.6022516 -0.1834265 -0.008561052 0.6022485 -0.1848265 -0.008465562 0.6021714 -0.1834264 -0.008465562 0.6021684 -0.1848264 -0.008366197 0.6020962 -0.1834262 -0.008366197 0.6020931 -0.1848262 -0.008263204 0.6020259 -0.183426 -0.008263204 0.6020229 -0.184826 -0.008156837 0.601961 -0.1834259 -0.008156837 0.6019579 -0.1848259 -0.008047364 0.6019014 -0.1834258 -0.008047364 0.6018983 -0.1848258 -0.007935055 0.6018473 -0.1834257 -0.007935055 0.6018442 -0.1848257 -0.00782019 0.6017988 -0.1834256 -0.00782019 0.6017958 -0.1848255 -0.007703054 0.6017562 -0.1834255 -0.007703054 0.6017532 -0.1848255 -0.007583939 0.6017195 -0.1834254 -0.007583939 0.6017164 -0.1848254 -0.00746314 0.6016887 -0.1834253 -0.00746314 0.6016857 -0.1848253 -0.007340958 0.601664 -0.1834253 -0.007340958 0.6016609 -0.1848253 -0.007217697 0.6016454 -0.1834252 -0.007217697 0.6016424 -0.1848252 -0.007093663 0.60163 -0.1848252 -0.007093663 0.601633 -0.1834252 -0.006969164 0.6016268 -0.1834252 -0.006969164 0.6016238 -0.1848252 -0.006844511 0.6016268 -0.1834252 -0.006844511 0.6016238 -0.1848252 -0.006720013 0.601633 -0.1834252 -0.006720013 0.60163 -0.1848252 -0.006595978 0.6016454 -0.1834252 -0.006595978 0.6016424 -0.1848252 -0.006472717 0.601664 -0.1834253 -0.006472717 0.6016609 -0.1848253 -0.006350535 0.6016887 -0.1834253 -0.006350535 0.6016857 -0.1848253 -0.006229736 0.6017195 -0.1834254 -0.006229736 0.6017164 -0.1848254 -0.006110621 0.6017562 -0.1834255 -0.006110621 0.6017532 -0.1848255 -0.005993485 0.6017988 -0.1834256 -0.005993485 0.6017958 -0.1848255 -0.00587862 0.6018473 -0.1834257 -0.00587862 0.6018442 -0.1848257 -0.005766311 0.6019014 -0.1834258 -0.005766311 0.6018983 -0.1848258 -0.005656837 0.601961 -0.1834259 -0.005656837 0.6019579 -0.1848259 -0.005550472 0.6020259 -0.183426 -0.005550472 0.6020229 -0.184826 -0.005447478 0.6020962 -0.1834262 -0.005447478 0.6020931 -0.1848262 -0.005348113 0.6021714 -0.1834264 -0.005348113 0.6021684 -0.1848264 -0.005252623 0.6022516 -0.1834265 -0.005252623 0.6022485 -0.1848265 -0.005161246 0.6023364 -0.1834267 -0.005161246 0.6023333 -0.1848267 -0.005074208 0.6024256 -0.1834269 -0.005074208 0.6024225 -0.1848269 -0.004991726 0.602519 -0.1834271 -0.004991726 0.602516 -0.1848271 -0.004914006 0.6026165 -0.1834273 -0.004914006 0.6026135 -0.1848273 -0.004841241 0.6027177 -0.1834276 -0.004841241 0.6027147 -0.1848275 -0.004773611 0.6028224 -0.1834278 -0.004773611 0.6028194 -0.1848278 -0.004711284 0.6029304 -0.183428 -0.004711284 0.6029274 -0.184828 -0.004654416 0.6030413 -0.1834283 -0.004654416 0.6030383 -0.1848282 -0.004603147 0.6031519 -0.1848285 -0.004603147 0.603155 -0.1834285 -0.004557606 0.603271 -0.1834288 -0.004557606 0.6032679 -0.1848288 -0.004517906 0.6033861 -0.184829 -0.004517906 0.6033892 -0.183429 -0.004484145 0.6035092 -0.1834293 -0.004484145 0.6035061 -0.1848293 -0.004456407 0.6036276 -0.1848295 -0.004456407 0.6036307 -0.1834295 -0.004434761 0.6037534 -0.1834298 -0.004434761 0.6037504 -0.1848298 -0.004419261 0.6038771 -0.1834301 -0.004419261 0.6038741 -0.1848301 -0.004409945 0.6040014 -0.1834303 -0.004409945 0.6039984 -0.1848303 -0.004406838 0.604126 -0.1834306 -0.004406838 0.604123 -0.1848306 -0.0075 0.5946258 -0.1850081 -0.015 0.5946228 -0.18491 -0.015 0.5946258 -0.1850081 -0.0075 0.5946228 -0.18491 -0.0075 0.5946352 -0.1851058 -0.015 0.5946352 -0.1851058 -0.0075 0.594651 -0.1852027 -0.015 0.594651 -0.1852027 -0.0075 0.594673 -0.1852983 -0.015 0.594673 -0.1852983 -0.0075 0.5947014 -0.1853923 -0.015 0.5947014 -0.1853923 -0.0075 0.5947357 -0.1854842 -0.015 0.5947357 -0.1854842 -0.0075 0.5947761 -0.1855737 -0.015 0.5947761 -0.1855737 -0.0075 0.5948221 -0.1856604 -0.015 0.5948221 -0.1856604 -0.0075 0.5948738 -0.1857439 -0.015 0.5948738 -0.1857439 -0.0075 0.5949308 -0.1858238 -0.015 0.5949308 -0.1858238 -0.0075 0.5949929 -0.1858998 -0.015 0.5949929 -0.1858998 -0.0075 0.5950598 -0.1859716 -0.015 0.5950598 -0.1859716 -0.0075 0.5951313 -0.1860388 -0.015 0.5951313 -0.1860388 -0.0075 0.595207 -0.1861013 -0.015 0.595207 -0.1861013 -0.0075 0.5952867 -0.1861586 -0.015 0.5952867 -0.1861586 -0.0075 0.5953699 -0.1862106 -0.015 0.5953699 -0.1862106 -0.0075 0.5954564 -0.1862571 -0.015 0.5954564 -0.1862571 -0.0075 0.5955458 -0.1862978 -0.015 0.5955458 -0.1862978 -0.0075 0.5956375 -0.1863326 -0.015 0.5956375 -0.1863326 -0.0075 0.5957314 -0.1863613 -0.015 0.5957314 -0.1863613 -0.0075 0.595827 -0.1863838 -0.015 0.595827 -0.1863838 -0.0075 0.5959238 -0.1864 -0.015 0.5959238 -0.1864 -0.015 0.5960214 -0.1864098 -0.0075 0.5960214 -0.1864098 -0.0075 0.5961195 -0.1864132 -0.015 0.5961195 -0.1864132 -0.0075 0.5962177 -0.1864102 -0.015 0.5962177 -0.1864102 -0.0075 0.5963154 -0.1864008 -0.015 0.5963154 -0.1864008 -0.015 0.5964122 -0.186385 -0.0075 0.5964122 -0.186385 -0.0075 0.5965079 -0.1863629 -0.015 0.5965079 -0.1863629 -0.0075 0.5966019 -0.1863347 -0.015 0.5966019 -0.1863347 -0.015 0.5966938 -0.1863003 -0.0075 0.5966938 -0.1863003 -0.0075 0.5967833 -0.18626 -0.015 0.5967833 -0.18626 -0.0075 0.5968699 -0.1862139 -0.015 0.5968699 -0.1862139 -0.0075 0.5969534 -0.1861622 -0.015 0.5969534 -0.1861622 -0.0075 0.5970333 -0.1861052 -0.015 0.5970333 -0.1861052 -0.0075 0.5971094 -0.1860431 -0.015 0.5971094 -0.1860431 -0.0075 0.5971812 -0.1859762 -0.015 0.5971812 -0.1859762 -0.0075 0.5972484 -0.1859047 -0.015 0.5972484 -0.1859047 -0.015 0.5973109 -0.1858289 -0.0075 0.5973109 -0.1858289 -0.0075 0.5973682 -0.1857493 -0.015 0.5973682 -0.1857493 -0.015 0.5974202 -0.185666 -0.0075 0.5974202 -0.185666 -0.0075 0.5974667 -0.1855796 -0.015 0.5974667 -0.1855796 -0.0075 0.5975073 -0.1854902 -0.015 0.5975073 -0.1854902 -0.0075 0.5975421 -0.1853985 -0.015 0.5975421 -0.1853985 -0.0075 0.5975708 -0.1853046 -0.015 0.5975708 -0.1853046 -0.0075 0.5975933 -0.185209 -0.015 0.5975933 -0.185209 -0.0075 0.5976095 -0.1851122 -0.015 0.5976095 -0.1851122 -0.0075 0.5976194 -0.1850146 -0.015 0.5976194 -0.1850146 -0.0075 0.5976228 -0.1849165 -0.015 0.5976228 -0.1849165 -0.0075 0.596126 -0.1834132 -0.015 0.596126 -0.1834132 -0.015 0.596028 -0.1834162 -0.0075 0.596028 -0.1834162 -0.015 0.5959302 -0.1834256 -0.0075 0.5959302 -0.1834256 -0.015 0.5958334 -0.1834414 -0.0075 0.5958334 -0.1834414 -0.015 0.5957377 -0.1834635 -0.0075 0.5957377 -0.1834635 -0.015 0.5956437 -0.1834918 -0.0075 0.5956437 -0.1834918 -0.015 0.5955518 -0.1835262 -0.0075 0.5955518 -0.1835262 -0.015 0.5954623 -0.1835665 -0.0075 0.5954623 -0.1835665 -0.015 0.5953756 -0.1836125 -0.0075 0.5953756 -0.1836125 -0.015 0.5952921 -0.1836642 -0.0075 0.5952921 -0.1836642 -0.015 0.5952122 -0.1837212 -0.0075 0.5952122 -0.1837212 -0.015 0.5951362 -0.1837833 -0.0075 0.5951362 -0.1837833 -0.015 0.5950645 -0.1838503 -0.0075 0.5950645 -0.1838503 -0.015 0.5949972 -0.1839218 -0.0075 0.5949972 -0.1839218 -0.015 0.5949348 -0.1839975 -0.0075 0.5949348 -0.1839975 -0.015 0.5948774 -0.1840771 -0.0075 0.5948774 -0.1840771 -0.015 0.5948254 -0.1841604 -0.0075 0.5948254 -0.1841604 -0.015 0.5947789 -0.1842469 -0.0075 0.5947789 -0.1842469 -0.015 0.5947382 -0.1843362 -0.0075 0.5947382 -0.1843362 -0.015 0.5947034 -0.184428 -0.0075 0.5947034 -0.184428 -0.015 0.5946747 -0.1845218 -0.0075 0.5946747 -0.1845218 -0.015 0.5946522 -0.1846174 -0.0075 0.5946522 -0.1846174 -0.015 0.594636 -0.1847142 -0.0075 0.594636 -0.1847142 -0.015 0.5946262 -0.1848119 -0.0075 0.5946262 -0.1848119 0.015 0.5946258 -0.1850081 0.0075 0.5946258 -0.1850081 0.0075 0.5946352 -0.1851058 0.0075 0.5946228 -0.18491 0.015 0.5946228 -0.18491 0.015 0.5946352 -0.1851058 0.015 0.594651 -0.1852027 0.0075 0.594651 -0.1852027 0.0075 0.594673 -0.1852983 0.015 0.594673 -0.1852983 0.015 0.5947014 -0.1853923 0.0075 0.5947014 -0.1853923 0.015 0.5947357 -0.1854842 0.0075 0.5947357 -0.1854842 0.0075 0.5947761 -0.1855737 0.015 0.5947761 -0.1855737 0.015 0.5948221 -0.1856604 0.0075 0.5948221 -0.1856604 0.0075 0.5948738 -0.1857439 0.015 0.5948738 -0.1857439 0.015 0.5949308 -0.1858238 0.0075 0.5949308 -0.1858238 0.015 0.5949929 -0.1858998 0.0075 0.5949929 -0.1858998 0.0075 0.5950598 -0.1859716 0.015 0.5950598 -0.1859716 0.015 0.5951313 -0.1860388 0.0075 0.5951313 -0.1860388 0.015 0.595207 -0.1861013 0.0075 0.595207 -0.1861013 0.015 0.5952867 -0.1861586 0.0075 0.5952867 -0.1861586 0.0075 0.5953699 -0.1862106 0.015 0.5953699 -0.1862106 0.0075 0.5954564 -0.1862571 0.015 0.5954564 -0.1862571 0.0075 0.5955458 -0.1862978 0.015 0.5955458 -0.1862978 0.015 0.5956375 -0.1863326 0.0075 0.5956375 -0.1863326 0.015 0.5957314 -0.1863613 0.0075 0.5957314 -0.1863613 0.015 0.595827 -0.1863838 0.0075 0.595827 -0.1863838 0.0075 0.5959238 -0.1864 0.015 0.5959238 -0.1864 0.0075 0.5960214 -0.1864098 0.015 0.5960214 -0.1864098 0.015 0.5961195 -0.1864132 0.0075 0.5961195 -0.1864132 0.0075 0.5962177 -0.1864102 0.015 0.5962177 -0.1864102 0.0075 0.5963154 -0.1864008 0.015 0.5963154 -0.1864008 0.0075 0.5964122 -0.186385 0.015 0.5964122 -0.186385 0.015 0.5965079 -0.1863629 0.0075 0.5965079 -0.1863629 0.015 0.5966019 -0.1863347 0.0075 0.5966019 -0.1863347 0.0075 0.5966938 -0.1863003 0.015 0.5966938 -0.1863003 0.015 0.5967833 -0.18626 0.0075 0.5967833 -0.18626 0.015 0.5968699 -0.1862139 0.0075 0.5968699 -0.1862139 0.0075 0.5969534 -0.1861622 0.015 0.5969534 -0.1861622 0.015 0.5970333 -0.1861052 0.0075 0.5970333 -0.1861052 0.0075 0.5971094 -0.1860431 0.015 0.5971094 -0.1860431 0.015 0.5971812 -0.1859762 0.0075 0.5971812 -0.1859762 0.015 0.5972484 -0.1859047 0.0075 0.5972484 -0.1859047 0.0075 0.5973109 -0.1858289 0.015 0.5973109 -0.1858289 0.015 0.5973682 -0.1857493 0.0075 0.5973682 -0.1857493 0.015 0.5974202 -0.185666 0.0075 0.5974202 -0.185666 0.0075 0.5974667 -0.1855796 0.015 0.5974667 -0.1855796 0.015 0.5975073 -0.1854902 0.0075 0.5975073 -0.1854902 0.0075 0.5975421 -0.1853985 0.015 0.5975421 -0.1853985 0.015 0.5975708 -0.1853046 0.0075 0.5975708 -0.1853046 0.015 0.5975933 -0.185209 0.0075 0.5975933 -0.185209 0.0075 0.5976095 -0.1851122 0.015 0.5976095 -0.1851122 0.015 0.5976194 -0.1850146 0.0075 0.5976194 -0.1850146 0.015 0.5976228 -0.1849165 0.0075 0.5976228 -0.1849165 0.015 0.596126 -0.1834132 0.0075 0.596126 -0.1834132 0.0075 0.596028 -0.1834162 0.015 0.596028 -0.1834162 0.015 0.5959302 -0.1834256 0.0075 0.5959302 -0.1834256 0.0075 0.5958334 -0.1834414 0.015 0.5958334 -0.1834414 0.0075 0.5957377 -0.1834635 0.015 0.5957377 -0.1834635 0.015 0.5956437 -0.1834918 0.0075 0.5956437 -0.1834918 0.0075 0.5955518 -0.1835262 0.015 0.5955518 -0.1835262 0.0075 0.5954623 -0.1835665 0.015 0.5954623 -0.1835665 0.015 0.5953756 -0.1836125 0.0075 0.5953756 -0.1836125 0.015 0.5952921 -0.1836642 0.0075 0.5952921 -0.1836642 0.015 0.5952122 -0.1837212 0.0075 0.5952122 -0.1837212 0.015 0.5951362 -0.1837833 0.0075 0.5951362 -0.1837833 0.015 0.5950645 -0.1838503 0.0075 0.5950645 -0.1838503 0.015 0.5949972 -0.1839218 0.0075 0.5949972 -0.1839218 0.015 0.5949348 -0.1839975 0.0075 0.5949348 -0.1839975 0.015 0.5948774 -0.1840771 0.0075 0.5948774 -0.1840771 0.015 0.5948254 -0.1841604 0.0075 0.5948254 -0.1841604 0.0075 0.5947789 -0.1842469 0.015 0.5947789 -0.1842469 0.015 0.5947382 -0.1843362 0.0075 0.5947382 -0.1843362 0.015 0.5947034 -0.184428 0.0075 0.5947034 -0.184428 0.015 0.5946747 -0.1845218 0.0075 0.5946747 -0.1845218 0.015 0.5946522 -0.1846174 0.0075 0.5946522 -0.1846174 0.015 0.594636 -0.1847142 0.0075 0.594636 -0.1847142 0.0075 0.5946262 -0.1848119 0.015 0.5946262 -0.1848119 0.0075 0.598626 -0.1834187 0.01059005 0.6042507 -0.1834309 0.015 0.613126 -0.1834502 0.008649465 0.6065634 -0.1834359 0.008527283 0.606588 -0.183436 0.008770264 0.6065326 -0.1834358 0.008889379 0.6064958 -0.1834358 0.009006515 0.6064532 -0.1834357 0.00912138 0.6064048 -0.1834356 0.009233689 0.6063507 -0.1834354 0.009343163 0.6062911 -0.1834353 0.009449528 0.6062261 -0.1834352 0.009552522 0.6061559 -0.183435 0.009651887 0.6060806 -0.1834349 0.009747376 0.6060005 -0.1834347 0.009838755 0.6059157 -0.1834345 0.009925792 0.6058265 -0.1834343 0.01000827 0.605733 -0.1834341 0.01008599 0.6056356 -0.1834339 0.01015876 0.6055343 -0.1834337 0.01022639 0.6054296 -0.1834334 0.01028872 0.6053217 -0.1834332 0.01034558 0.6052108 -0.183433 0.01039685 0.6050971 -0.1834327 0.01044239 0.6049811 -0.1834325 0.01048209 0.6048629 -0.1834322 0.01051586 0.6047429 -0.1834319 0.01054359 0.6046214 -0.1834317 0.01056524 0.6044987 -0.1834314 0.01058074 0.6043749 -0.1834312 0.008404021 0.6066066 -0.183436 0.008279987 0.606619 -0.183436 0.008155489 0.6066252 -0.1834361 0.008030835 0.6066252 -0.1834361 0.007906337 0.606619 -0.183436 0.007782303 0.6066066 -0.183436 0.007659042 0.606588 -0.183436 0.00753686 0.6065634 -0.1834359 0.007416061 0.6065326 -0.1834358 0.007296946 0.6064958 -0.1834358 0.00717981 0.6064532 -0.1834357 -0.0075 0.598626 -0.1834187 0.00559627 0.6042507 -0.1834309 -0.004409945 0.6042507 -0.1834309 0.005605586 0.6043749 -0.1834312 -0.004419261 0.6043749 -0.1834312 0.005621085 0.6044987 -0.1834314 -0.004434761 0.6044987 -0.1834314 0.005642731 0.6046214 -0.1834317 -0.004456407 0.6046214 -0.1834317 0.005670469 0.6047429 -0.1834319 -0.004484145 0.6047429 -0.1834319 -0.004517906 0.6048629 -0.1834322 0.00570423 0.6048629 -0.1834322 0.005743931 0.6049811 -0.1834325 -0.004557606 0.6049811 -0.1834325 -0.004603147 0.6050971 -0.1834327 0.005789472 0.6050971 -0.1834327 -0.004654416 0.6052108 -0.183433 0.00584074 0.6052108 -0.183433 0.005897608 0.6053217 -0.1834332 -0.004711284 0.6053217 -0.1834332 0.005959935 0.6054296 -0.1834334 -0.004773611 0.6054296 -0.1834334 0.006027565 0.6055343 -0.1834337 -0.004841241 0.6055343 -0.1834337 0.006100331 0.6056356 -0.1834339 -0.004914006 0.6056356 -0.1834339 0.006178051 0.605733 -0.1834341 -0.004991726 0.605733 -0.1834341 0.006260533 0.6058265 -0.1834343 -0.005074208 0.6058265 -0.1834343 0.00634757 0.6059157 -0.1834345 -0.005161246 0.6059157 -0.1834345 0.006438948 0.6060005 -0.1834347 -0.005252623 0.6060005 -0.1834347 0.006534438 0.6060806 -0.1834349 -0.005348113 0.6060806 -0.1834349 0.006633803 0.6061559 -0.183435 -0.005447478 0.6061559 -0.183435 0.006736797 0.6062261 -0.1834352 -0.005550472 0.6062261 -0.1834352 0.006843163 0.6062911 -0.1834353 -0.005656837 0.6062911 -0.1834353 0.006952636 0.6063507 -0.1834354 -0.005766311 0.6063507 -0.1834354 0.007064945 0.6064048 -0.1834356 -0.00587862 0.6064048 -0.1834356 -0.005993485 0.6064532 -0.1834357 -0.006110621 0.6064958 -0.1834358 -0.009403729 0.6042507 -0.1834309 -0.015 0.613126 -0.1834502 -0.009394415 0.6043749 -0.1834312 -0.009378915 0.6044987 -0.1834314 -0.009357269 0.6046214 -0.1834317 -0.009329531 0.6047429 -0.1834319 -0.00929577 0.6048629 -0.1834322 -0.009256069 0.6049811 -0.1834325 -0.009210528 0.6050971 -0.1834327 -0.00915926 0.6052108 -0.183433 -0.009102391 0.6053217 -0.1834332 -0.009040065 0.6054296 -0.1834334 -0.008972435 0.6055343 -0.1834337 -0.008899669 0.6056356 -0.1834339 -0.008821949 0.605733 -0.1834341 -0.008739468 0.6058265 -0.1834343 -0.00865243 0.6059157 -0.1834345 -0.008561052 0.6060005 -0.1834347 -0.008465562 0.6060806 -0.1834349 -0.008366197 0.6061559 -0.183435 -0.008263204 0.6062261 -0.1834352 -0.008156837 0.6062911 -0.1834353 -0.008047364 0.6063507 -0.1834354 -0.007935055 0.6064048 -0.1834356 -0.00782019 0.6064532 -0.1834357 -0.007703054 0.6064958 -0.1834358 -0.007583939 0.6065326 -0.1834358 -0.00746314 0.6065634 -0.1834359 -0.007340958 0.606588 -0.183436 -0.007217697 0.6066066 -0.183436 -0.007093663 0.606619 -0.183436 -0.006969164 0.6066252 -0.1834361 -0.006844511 0.6066252 -0.1834361 -0.006720013 0.606619 -0.183436 -0.006595978 0.6066066 -0.183436 -0.006472717 0.606588 -0.183436 -0.006350535 0.6065634 -0.1834359 -0.006229736 0.6065326 -0.1834358 0.0075 0.5976197 -0.1848165 0.0075 0.598623 -0.1848186 0.015 0.5976197 -0.1848165 0.01059005 0.6042476 -0.1848309 0.01058074 0.6043719 -0.1848311 0.015 0.613123 -0.1848502 0.008527283 0.606585 -0.184836 0.008649465 0.6065603 -0.1848359 0.008770264 0.6065295 -0.1848358 0.008889379 0.6064928 -0.1848358 0.009006515 0.6064501 -0.1848357 0.00912138 0.6064017 -0.1848356 0.009233689 0.6063477 -0.1848354 0.009343163 0.606288 -0.1848353 0.009449528 0.606223 -0.1848352 0.009552522 0.6061528 -0.184835 0.009651887 0.6060776 -0.1848349 0.009747376 0.6059974 -0.1848347 0.009838755 0.6059127 -0.1848345 0.009925792 0.6058234 -0.1848343 0.01000827 0.6057299 -0.1848341 0.01008599 0.6056325 -0.1848339 0.01015876 0.6055313 -0.1848337 0.01022639 0.6054266 -0.1848334 0.01028872 0.6053186 -0.1848332 0.01034558 0.6052077 -0.184833 0.01039685 0.6050941 -0.1848327 0.01044239 0.604978 -0.1848325 0.01048209 0.6048599 -0.1848322 0.01051586 0.6047399 -0.184832 0.01054359 0.6046183 -0.1848317 0.01056524 0.6044956 -0.1848314 0.008404021 0.6066036 -0.184836 0.008279987 0.606616 -0.184836 0.008155489 0.6066222 -0.184836 0.008030835 0.6066222 -0.184836 0.007906337 0.606616 -0.184836 0.007782303 0.6066036 -0.184836 0.007659042 0.606585 -0.184836 0.00753686 0.6065603 -0.1848359 0.007416061 0.6065295 -0.1848358 0.007296946 0.6064928 -0.1848358 0.00717981 0.6064501 -0.1848357 -0.0075 0.598623 -0.1848186 -0.004409945 0.6042476 -0.1848309 0.00559627 0.6042476 -0.1848309 -0.004419261 0.6043719 -0.1848311 0.005605586 0.6043719 -0.1848311 -0.004434761 0.6044956 -0.1848314 0.005621085 0.6044956 -0.1848314 -0.004456407 0.6046183 -0.1848317 0.005642731 0.6046183 -0.1848317 -0.004484145 0.6047399 -0.184832 0.005670469 0.6047399 -0.184832 -0.004517906 0.6048599 -0.1848322 0.00570423 0.6048599 -0.1848322 -0.004557606 0.604978 -0.1848325 0.005743931 0.604978 -0.1848325 0.005789472 0.6050941 -0.1848327 -0.004603147 0.6050941 -0.1848327 -0.004654416 0.6052077 -0.184833 0.00584074 0.6052077 -0.184833 -0.004711284 0.6053186 -0.1848332 0.005897608 0.6053186 -0.1848332 -0.004773611 0.6054266 -0.1848334 0.005959935 0.6054266 -0.1848334 -0.004841241 0.6055313 -0.1848337 0.006027565 0.6055313 -0.1848337 -0.004914006 0.6056325 -0.1848339 0.006100331 0.6056325 -0.1848339 -0.004991726 0.6057299 -0.1848341 0.006178051 0.6057299 -0.1848341 -0.005074208 0.6058234 -0.1848343 0.006260533 0.6058234 -0.1848343 -0.005161246 0.6059127 -0.1848345 0.00634757 0.6059127 -0.1848345 0.006438948 0.6059974 -0.1848347 -0.005252623 0.6059974 -0.1848347 -0.005348113 0.6060776 -0.1848349 0.006534438 0.6060776 -0.1848349 -0.005447478 0.6061528 -0.184835 0.006633803 0.6061528 -0.184835 -0.005550472 0.606223 -0.1848352 0.006736797 0.606223 -0.1848352 -0.005656837 0.606288 -0.1848353 0.006843163 0.606288 -0.1848353 -0.005766311 0.6063477 -0.1848354 0.006952636 0.6063477 -0.1848354 -0.00587862 0.6064017 -0.1848356 0.007064945 0.6064017 -0.1848356 -0.005993485 0.6064501 -0.1848357 -0.006110621 0.6064928 -0.1848358 -0.0075 0.5976197 -0.1848165 -0.015 0.5976197 -0.1848165 -0.009403729 0.6042476 -0.1848309 -0.009394415 0.6043719 -0.1848311 -0.015 0.613123 -0.1848502 -0.009378915 0.6044956 -0.1848314 -0.009357269 0.6046183 -0.1848317 -0.009329531 0.6047399 -0.184832 -0.00929577 0.6048599 -0.1848322 -0.009256069 0.604978 -0.1848325 -0.009210528 0.6050941 -0.1848327 -0.00915926 0.6052077 -0.184833 -0.009102391 0.6053186 -0.1848332 -0.009040065 0.6054266 -0.1848334 -0.008972435 0.6055313 -0.1848337 -0.008899669 0.6056325 -0.1848339 -0.008821949 0.6057299 -0.1848341 -0.008739468 0.6058234 -0.1848343 -0.00865243 0.6059127 -0.1848345 -0.008561052 0.6059974 -0.1848347 -0.008465562 0.6060776 -0.1848349 -0.008366197 0.6061528 -0.184835 -0.008263204 0.606223 -0.1848352 -0.008156837 0.606288 -0.1848353 -0.008047364 0.6063477 -0.1848354 -0.007935055 0.6064017 -0.1848356 -0.00782019 0.6064501 -0.1848357 -0.007703054 0.6064928 -0.1848358 -0.007583939 0.6065295 -0.1848358 -0.00746314 0.6065603 -0.1848359 -0.007340958 0.606585 -0.184836 -0.007217697 0.6066036 -0.184836 -0.007093663 0.606616 -0.184836 -0.006969164 0.6066222 -0.184836 -0.006844511 0.6066222 -0.184836 -0.006720013 0.606616 -0.184836 -0.006595978 0.6066036 -0.184836 -0.006472717 0.606585 -0.184836 -0.006350535 0.6065603 -0.1848359 -0.006229736 0.6065295 -0.1848358 0.015 0.5976225 -0.1848831 0.0075 0.5976225 -0.1848831 0.015 0.5976215 -0.1848498 0.0075 0.5976215 -0.1848498 -0.0075 0.5976225 -0.1848831 -0.015 0.5976225 -0.1848831 -0.0075 0.5976215 -0.1848498 -0.015 0.5976215 -0.1848498</float_array>
          <technique_common>
            <accessor count="816" source="#cubeverts-array0-array" stride="3">
              <param type="float" name="X"/>
              <param type="float" name="Y"/>
              <param type="float" name="Z"/>
            </accessor>
          </technique_common>
        </source>
        <source id="cubenormals-array0">
          <float_array count="4908" id="cubenormals-array0-array">0.9996893 0.02492556 -5.433365e-05 0.9996893 0.02492557 -5.433308e-05 0.9972021 0.07475306 -0.0001629495 0.9972021 0.07475306 -0.0001629495 0.9922435 0.1243091 -0.0002709708 0.9922435 0.124309 -0.0002709733 0.9848032 0.1736734 -0.00037858 0.9848033 0.1736735 -0.0003785756 0.974925 0.222533 -0.000485086 0.974925 0.222533 -0.0004850856 0.9626252 0.2708365 -0.0005903787 0.9626252 0.2708365 -0.0005903793 0.9479288 0.3184816 -0.0006942371 0.9479288 0.3184816 -0.0006942378 0.9308652 0.3653619 -0.0007964312 0.9308652 0.3653619 -0.0007964292 0.9115396 0.4112113 -0.0008963714 0.9115396 0.4112113 -0.0008963734 0.8898315 0.4562882 -0.000994632 0.8898315 0.4562882 -0.0009946338 0.8660617 0.4999361 -0.00108978 0.8660617 0.4999361 -0.001089779 0.8400835 0.5424557 -0.001182465 0.8400836 0.5424557 -0.001182465 0.8118981 0.5837978 -0.001272572 0.8118982 0.5837976 -0.001272583 0.7818794 0.6234282 -0.001358972 0.7818794 0.6234283 -0.001358957 0.749719 0.6617547 -0.001442517 0.749719 0.6617547 -0.001442517 0.7158605 0.6982417 -0.001522052 0.7158605 0.6982417 -0.001522053 0.6801397 0.7330809 -0.001597979 0.6801398 0.7330807 -0.001597996 0.6428522 0.7659883 -0.001669711 0.6428524 0.7659882 -0.001669729 0.6037529 0.7971696 -0.00173768 0.6037531 0.7971694 -0.001737699 0.5631603 0.8263458 -0.001765255 0.5634944 0.8261178 -0.001800782 0.521458 0.853275 -0.001859999 0.5211012 0.853493 -0.001823246 0.47835 0.8781672 -0.001914261 0.47835 0.8781672 -0.001914261 0.4338325 0.9009914 -0.001964014 0.4338325 0.9009914 -0.001964014 0.3887239 0.9213521 -0.002008399 0.3887239 0.921352 -0.002008397 0.3417978 0.9397712 -0.002048546 0.3417978 0.9397712 -0.002048548 0.2947616 0.9555686 -0.002082985 0.2947616 0.9555686 -0.002082983 0.2467778 0.9690697 -0.002112413 0.2467778 0.9690697 -0.002112414 0.1982978 0.9801395 -0.002136543 0.1982978 0.9801395 -0.002136544 0.1488551 0.9888567 -0.002155546 0.09939808 0.9950454 -0.002169036 0.1488551 0.9888567 -0.002155546 0.09988312 0.9949969 -0.002125529 0.04945486 0.9987741 -0.002133598 0.04994329 0.9987497 -0.002177087 0 0.9999976 -0.002179808 0 0.9999976 -0.002179808 -0.04945467 0.998774 -0.00217714 -0.04994311 0.9987498 -0.002133546 -0.09988348 0.9949968 -0.002125529 -0.09939846 0.9950454 -0.002169037 -0.1488545 0.9888568 -0.002155546 -0.1488545 0.9888568 -0.002155545 -0.1982978 0.9801395 -0.002136544 -0.1982978 0.9801395 -0.002136545 -0.2467769 0.96907 -0.002112414 -0.2467769 0.96907 -0.002112415 -0.2947637 0.9555679 -0.002082982 -0.2947637 0.9555679 -0.002082984 -0.3417978 0.9397712 -0.002048549 -0.3417978 0.9397712 -0.002048548 -0.3887225 0.9213527 -0.0020084 -0.3887225 0.9213527 -0.002008398 -0.433831 0.9009921 -0.001964015 -0.433831 0.9009921 -0.001964015 -0.47835 0.8781672 -0.001914261 -0.47835 0.8781672 -0.001914261 -0.5211028 0.8534918 -0.001860472 -0.5214598 0.8532739 -0.001822777 -0.5634927 0.8261192 -0.001764769 -0.5631585 0.826347 -0.001801281 -0.6037549 0.7971681 -0.001737677 -0.6037548 0.7971682 -0.001737696 -0.6428542 0.7659868 -0.001669726 -0.6428543 0.7659866 -0.001669707 -0.680136 0.7330842 -0.001597986 -0.6801358 0.7330844 -0.001598001 -0.7158624 0.6982397 -0.001522048 -0.7158625 0.6982397 -0.001522045 -0.749719 0.6617547 -0.001442517 -0.749719 0.6617547 -0.00144252 -0.7818775 0.6234307 -0.001358977 -0.7818775 0.6234306 -0.001358959 -0.8119 0.5837951 -0.001272564 -0.8118999 0.5837952 -0.001272578 -0.8400818 0.5424584 -0.001182471 -0.8400818 0.5424584 -0.001182471 -0.8660633 0.4999332 -0.001089773 -0.8660633 0.4999332 -0.001089774 -0.8898299 0.4562913 -0.0009946403 -0.9115425 0.411205 -0.0008963596 -0.88983 0.4562912 -0.000994641 -0.9115425 0.411205 -0.0008963583 -0.9308626 0.3653685 -0.0007964437 -0.9479288 0.3184816 -0.0006942378 -0.9308626 0.3653685 -0.0007964449 -0.9479288 0.3184816 -0.0006942371 -0.9626252 0.2708365 -0.0005903793 -0.9749259 0.2225294 -0.0004850777 -0.9626252 0.2708365 -0.0005903787 -0.9749259 0.2225294 -0.0004850784 -0.9848039 0.1736697 -0.0003785668 -0.9848039 0.1736698 -0.0003785717 -0.9922431 0.1243128 -0.0002709809 -0.9922431 0.1243128 -0.0002709786 -0.9972021 0.07475305 -0.0001629495 -0.9972021 0.07475306 -0.0001629495 -0.9996892 0.02492938 -5.434139e-05 -0.9996892 0.02492939 -5.4342e-05 0.9996892 0.02492939 -5.434198e-05 0.9996892 0.02492939 -5.434141e-05 0.9972026 0.07474545 -0.0001629328 0.9972026 0.07474545 -0.0001629328 0.9922431 0.1243128 -0.0002709793 0.9922431 0.1243128 -0.0002709815 0.9848039 0.1736697 -0.0003785722 0.9848039 0.1736697 -0.0003785675 0.9749242 0.2225367 -0.0004850922 0.9749242 0.2225367 -0.0004850936 0.9626252 0.2708365 -0.0005903787 0.9626252 0.2708365 -0.0005903793 0.9479288 0.3184816 -0.0006942371 0.9479288 0.3184816 -0.0006942378 0.9308652 0.3653619 -0.0007964312 0.9308652 0.3653619 -0.0007964292 0.9115396 0.4112113 -0.0008963714 0.9115396 0.4112113 -0.0008963734 0.8898299 0.4562913 -0.000994641 0.8898299 0.4562913 -0.0009946403 0.8660633 0.4999332 -0.001089771 0.8660633 0.4999332 -0.001089773 0.8400853 0.5424531 -0.00118246 0.8400853 0.5424531 -0.001182459 0.8118963 0.5838003 -0.001272575 0.8118964 0.5838002 -0.001272589 0.7818813 0.623426 -0.001358965 0.7818812 0.623426 -0.001358952 0.749719 0.6617547 -0.001442517 0.749719 0.6617547 -0.001442517 0.7158586 0.6982436 -0.001522058 0.7158586 0.6982436 -0.001522057 0.6801397 0.7330809 -0.001597979 0.6801398 0.7330807 -0.001597996 0.6428504 0.76599 -0.001669715 0.6428505 0.7659898 -0.001669732 0.6037548 0.7971682 -0.001737677 0.603755 0.7971681 -0.001737696 0.563162 0.8263446 -0.00176525 0.5634963 0.8261166 -0.00180078 0.5214563 0.853276 -0.001860004 0.5210995 0.853494 -0.001823248 0.47835 0.8781672 -0.001914261 0.47835 0.8781672 -0.001914261 0.4338325 0.9009914 -0.001964014 0.4338325 0.9009914 -0.001964014 0.3887239 0.9213521 -0.002008399 0.3887239 0.921352 -0.002008397 0.3417978 0.9397712 -0.002048546 0.3417978 0.9397712 -0.002048548 0.2947616 0.9555686 -0.002082985 0.2947616 0.9555686 -0.002082983 0.2467778 0.9690697 -0.002112413 0.2467778 0.9690697 -0.002112414 0.1982978 0.9801395 -0.002136543 0.1982978 0.9801395 -0.002136544 0.1488551 0.9888567 -0.002155546 0.09939808 0.9950454 -0.002169036 0.1488551 0.9888567 -0.002155546 0.09988312 0.9949969 -0.002125529 0.04945467 0.9987741 -0.002133598 0.0499431 0.9987497 -0.002177087 0 0.9999976 -0.002179808 0 0.9999976 -0.002179808 -0.04945467 0.998774 -0.00217714 -0.04994311 0.9987498 -0.002133546 -0.09988312 0.9949969 -0.002125529 -0.09939808 0.9950454 -0.002169037 -0.1488551 0.9888567 -0.002155546 -0.1488551 0.9888567 -0.002155546 -0.1982978 0.9801395 -0.002136544 -0.1982978 0.9801395 -0.002136545 -0.2467769 0.96907 -0.002112414 -0.2467769 0.96907 -0.002112415 -0.2947627 0.9555683 -0.002082983 -0.2947626 0.9555683 -0.002082981 -0.3417978 0.9397712 -0.002048549 -0.3417978 0.9397712 -0.002048548 -0.3887239 0.921352 -0.002008396 -0.3887239 0.921352 -0.002008397 -0.4338325 0.9009914 -0.001964014 -0.4338325 0.9009914 -0.001964014 -0.4783484 0.878168 -0.001914263 -0.4783484 0.878168 -0.001914263 -0.5211028 0.8534918 -0.001860472 -0.5214598 0.8532739 -0.001822777 -0.5634927 0.8261192 -0.001764769 -0.5631585 0.826347 -0.001801281 -0.6037549 0.7971681 -0.001737677 -0.6037548 0.7971682 -0.001737696 -0.6428522 0.7659883 -0.001669729 -0.6428524 0.7659882 -0.001669713 -0.6801398 0.7330807 -0.001597979 -0.6801397 0.7330809 -0.001597999 -0.7158586 0.6982436 -0.001522057 -0.7158586 0.6982436 -0.001522055 -0.749719 0.6617547 -0.001442517 -0.749719 0.6617547 -0.00144252 -0.7818793 0.6234283 -0.001358972 -0.7818794 0.6234282 -0.001358957 -0.8119 0.5837951 -0.001272564 -0.8118999 0.5837952 -0.001272578 -0.8400836 0.5424557 -0.001182465 -0.8400836 0.5424558 -0.001182465 -0.8660617 0.4999361 -0.001089779 -0.8660616 0.4999361 -0.001089777 -0.8898315 0.4562882 -0.0009946338 -0.9115396 0.4112113 -0.0008963734 -0.8898315 0.4562882 -0.0009946347 -0.9115396 0.4112113 -0.0008963714 -0.9308652 0.3653619 -0.0007964292 -0.9479288 0.3184816 -0.0006942378 -0.9308652 0.3653619 -0.0007964285 -0.9479288 0.3184816 -0.0006942371 -0.9626252 0.2708365 -0.0005903793 -0.974925 0.222533 -0.0004850856 -0.9626252 0.2708365 -0.0005903787 -0.974925 0.222533 -0.000485086 -0.9848033 0.1736734 -0.0003785759 -0.9848032 0.1736735 -0.0003785797 -0.9922435 0.1243091 -0.0002709737 -0.9922435 0.124309 -0.0002709704 -0.9972021 0.07475305 -0.0001629495 -0.9972021 0.07475306 -0.0001629495 -0.9996893 0.02492556 -5.433306e-05 -0.9996893 0.02492557 -5.433367e-05 -0 -0.9995357 -0.03046796 0 -0.9995357 -0.03046796 0 -0.9954042 -0.09576276 -0 -0.9954042 -0.09576276 0 -0.9869469 -0.1610454 -0 -0.9869469 -0.1610454 0 -0.974475 -0.2244961 -0 -0.974475 -0.2244961 0 -0.9574834 -0.2884885 -0 -0.9574834 -0.2884885 0 -0.9367056 -0.350118 -0 -0.9367056 -0.350118 0 -0.9116712 -0.4109204 -0 -0.9116712 -0.4109204 0 -0.8829547 -0.4694583 -0 -0.8829547 -0.4694583 0 -0.8504175 -0.5261084 -0 -0.8504175 -0.5261084 -0 -0.8140799 -0.5807528 0 -0.8140799 -0.5807528 -0 -0.7745181 -0.6325517 0 -0.7745181 -0.6325517 -0 -0.7313136 -0.6820413 0 -0.7313136 -0.6820413 -0 -0.6849331 -0.728606 0 -0.6849331 -0.728606 -0 -0.636383 -0.7713733 0 -0.636383 -0.7713733 -0 -0.5840714 -0.8117023 0 -0.5840714 -0.8117023 -0 -0.5300549 -0.8479634 0 -0.5300549 -0.8479634 -0 -0.4732562 -0.8809249 0 -0.4732562 -0.8809249 -0 -0.4145989 -0.9100043 0 -0.4145989 -0.9100043 -0 -0.354462 -0.9350705 0 -0.354462 -0.9350705 -0 -0.2923923 -0.9562985 0 -0.2923923 -0.9562985 -0 -0.2290567 -0.9734131 0 -0.2290567 -0.9734131 -0 -0.1001194 -0.9949754 -0 -0.1651049 -0.9862761 0 -0.1651049 -0.9862761 -0 -0.1001194 -0.9949754 -0 -0.03482641 -0.9993934 0 -0.03482641 -0.9993934 0 0.0304585 -0.999536 0 0.0304585 -0.999536 0 0.09590195 -0.9953908 0 0.1607672 -0.9869923 0 0.09590195 -0.9953908 0 0.1607672 -0.9869923 0 0.224939 -0.9743729 0 0.224939 -0.9743729 0 0.2882034 -0.9575692 0 0.3503054 -0.9366355 0 0.2882034 -0.9575692 0 0.3503054 -0.9366355 0 0.4107784 -0.9117352 0 0.4107784 -0.9117352 0 0.4694583 -0.8829547 0 0.4694583 -0.8829547 0 0.5260817 -0.8504339 0 0.5260817 -0.8504339 0 0.5808263 -0.8140275 0 0.5808263 -0.8140275 0 0.6325097 -0.7745524 0 0.6325097 -0.7745524 0 0.6820357 -0.7313189 0 0.6820357 -0.7313189 0 0.771625 -0.6360777 0 0.7283095 -0.6852483 0 0.7283095 -0.6852483 0 0.771625 -0.6360777 0 0.8480944 -0.5298452 0 0.8117643 -0.5839852 0 0.8117643 -0.5839852 0 0.8480944 -0.5298452 0 0.8806956 -0.4736828 0 0.8806956 -0.4736828 0 0.9101853 -0.4142012 0 0.9101853 -0.4142012 0 0.9350775 -0.3544433 0 0.9350775 -0.3544433 0 0.9563419 -0.2922501 0 0.9563419 -0.2922501 0 0.9733275 -0.2294205 0 0.9733275 -0.2294205 0 0.9863266 -0.1648024 0 0.9863266 -0.1648024 0 0.9949149 -0.1007194 0 0.9949149 -0.1007194 0 0.9993936 -0.03482099 0 0.9993936 -0.03482099 0 -0.03047743 0.9995354 0 -0.09590195 0.9953908 0 -0.03047743 0.9995354 0 -0.1607672 0.9869923 0 -0.09590195 0.9953908 0 -0.224939 0.9743729 0 -0.1607672 0.9869923 0 -0.2882034 0.9575692 0 -0.224939 0.9743729 0 -0.3501015 0.9367118 0 -0.2882034 0.9575692 0 -0.4107784 0.9117352 0 -0.3501015 0.9367118 0 -0.4694583 0.8829547 0 -0.4107784 0.9117352 0 -0.5260817 0.8504339 0 -0.4694583 0.8829547 0 -0.5808263 0.8140275 0 -0.5260817 0.8504339 0 -0.6328143 0.7743036 0 -0.5808263 0.8140275 0 -0.6820357 0.7313189 0 -0.6328143 0.7743036 0 -0.6820357 0.7313189 0 -0.7283825 0.6851708 0 -0.7283825 0.6851708 0 -0.771625 0.6360777 0 -0.8114164 0.5844685 0 -0.771625 0.6360777 0 -0.848138 0.5297754 0 -0.8114164 0.5844685 0 -0.88092 0.4732652 0 -0.848138 0.5297754 0 -0.9099508 0.4147162 0 -0.88092 0.4732652 0 -0.935097 0.3543918 0 -0.9099508 0.4147162 0 -0.9563286 0.2922936 0 -0.935097 0.3543918 0 -0.9733275 0.2294205 0 -0.9563286 0.2922936 0 -0.9863308 0.1647771 0 -0.9733275 0.2294205 0 -0.9949754 0.1001194 0 -0.9863308 0.1647771 0 -0.9993936 0.03482099 0 -0.9949754 0.1001194 0 -0.9993936 0.03482099 -0 -0.9954042 -0.09576276 -0 -0.9995357 -0.03046796 0 -0.9995357 -0.03046796 -0 -0.9954042 -0.09576276 0 -0.9869469 -0.1610454 -0 -0.974475 -0.2244961 -0 -0.9869469 -0.1610454 -0 -0.974475 -0.2244961 0 -0.9574834 -0.2884885 -0 -0.9574834 -0.2884885 0 -0.9367056 -0.350118 -0 -0.9116712 -0.4109204 -0 -0.9367056 -0.350118 -0 -0.9116712 -0.4109204 0 -0.8829547 -0.4694583 -0 -0.8504175 -0.5261084 -0 -0.8829547 -0.4694583 -0 -0.8504175 -0.5261084 -0 -0.8140799 -0.5807528 0 -0.8140799 -0.5807528 -0 -0.7313136 -0.6820413 -0 -0.7745181 -0.6325517 0 -0.7745181 -0.6325517 -0 -0.7313136 -0.6820413 -0 -0.6849331 -0.728606 0 -0.6849331 -0.728606 -0 -0.636383 -0.7713733 0 -0.636383 -0.7713733 -0 -0.5300549 -0.8479634 -0 -0.5840714 -0.8117023 0 -0.5840714 -0.8117023 -0 -0.4732562 -0.8809249 -0 -0.5300549 -0.8479634 -0 -0.4145989 -0.9100043 -0 -0.4732562 -0.8809249 -0 -0.4145989 -0.9100043 -0 -0.354462 -0.9350705 0 -0.354462 -0.9350705 -0 -0.2923923 -0.9562985 0 -0.2923923 -0.9562985 -0 -0.1651049 -0.9862761 -0 -0.2290567 -0.9734131 0 -0.2290567 -0.9734131 -0 -0.1001194 -0.9949754 -0 -0.1651049 -0.9862761 -0 -0.1001194 -0.9949754 0 0.0304585 -0.999536 -0 -0.03482641 -0.9993934 0 -0.03482641 -0.9993934 0 0.09590195 -0.9953908 0 0.0304585 -0.999536 0 0.09590195 -0.9953908 0 0.1607672 -0.9869923 0 0.1607672 -0.9869923 0 0.224939 -0.9743729 0 0.224939 -0.9743729 0 0.2882034 -0.9575692 0 0.3503054 -0.9366355 0 0.2882034 -0.9575692 0 0.3503054 -0.9366355 0 0.4107784 -0.9117352 0 0.4107784 -0.9117352 0 0.5260817 -0.8504339 0 0.4694583 -0.8829547 0 0.4694583 -0.8829547 0 0.5260817 -0.8504339 0 0.6325097 -0.7745524 0 0.5808263 -0.8140275 0 0.5808263 -0.8140275 0 0.6325097 -0.7745524 0 0.6820357 -0.7313189 0 0.6820357 -0.7313189 0 0.771625 -0.6360777 0 0.7283095 -0.6852483 0 0.7283095 -0.6852483 0 0.771625 -0.6360777 0 0.8117643 -0.5839852 0 0.8117643 -0.5839852 0 0.8806956 -0.4736828 0 0.8480944 -0.5298452 0 0.8480944 -0.5298452 0 0.8806956 -0.4736828 0 0.9350775 -0.3544433 0 0.9101853 -0.4142012 0 0.9101853 -0.4142012 0 0.9350775 -0.3544433 0 0.9563419 -0.2922501 0 0.9563419 -0.2922501 0 0.9863266 -0.1648024 0 0.9733275 -0.2294205 0 0.9733275 -0.2294205 0 0.9863266 -0.1648024 0 0.9949149 -0.1007194 0 0.9949149 -0.1007194 0 0.9993936 -0.03482099 0 0.9993936 -0.03482099 0 -0.03047743 0.9995354 0 -0.03047743 0.9995354 0 -0.1607672 0.9869923 0 -0.09590195 0.9953908 0 -0.09590195 0.9953908 0 -0.224939 0.9743729 0 -0.1607672 0.9869923 0 -0.224939 0.9743729 0 -0.3501015 0.9367118 0 -0.2882034 0.9575692 0 -0.2882034 0.9575692 0 -0.4107784 0.9117352 0 -0.3501015 0.9367118 0 -0.4107784 0.9117352 0 -0.4694583 0.8829547 0 -0.4694583 0.8829547 0 -0.5260817 0.8504339 0 -0.5260817 0.8504339 0 -0.5808263 0.8140275 0 -0.5808263 0.8140275 0 -0.6328143 0.7743036 0 -0.6328143 0.7743036 0 -0.6820357 0.7313189 0 -0.6820357 0.7313189 0 -0.7283825 0.6851708 0 -0.7283825 0.6851708 0 -0.771625 0.6360777 0 -0.771625 0.6360777 0 -0.8114164 0.5844685 0 -0.8114164 0.5844685 0 -0.88092 0.4732652 0 -0.848138 0.5297754 0 -0.848138 0.5297754 0 -0.88092 0.4732652 0 -0.9099508 0.4147162 0 -0.9099508 0.4147162 0 -0.935097 0.3543918 0 -0.935097 0.3543918 0 -0.9563286 0.2922936 0 -0.9563286 0.2922936 0 -0.9733275 0.2294205 0 -0.9733275 0.2294205 0 -0.9949754 0.1001194 0 -0.9863308 0.1647771 0 -0.9863308 0.1647771 0 -0.9949754 0.1001194 0 -0.9993936 0.03482099 0 -0.9993936 0.03482099 0 0.002172847 0.9999977 -6.779374e-05 0.002118106 0.9999977 8.662719e-05 0.002246435 0.9999974 6.715404e-05 0.002226797 0.9999976 -3.792903e-05 0.002139629 0.9999976 -8.827681e-05 0.002105438 0.9999977 2.591532e-05 0.00219611 0.9999976 6.062269e-05 0.002218165 0.9999976 -1.834855e-07 0.002172296 0.9999977 -1.867153e-07 0.002172293 0.9999976 8.452578e-06 0.002179858 0.9999976 -5.405018e-05 0.002203183 0.9999976 -4.185461e-05 0.002144002 0.9999977 -9.83771e-05 0.002227682 0.9999976 2.361068e-05 0.002189313 0.9999976 5.280815e-05 0.002147657 0.9999976 -2.242358e-05 0.00215834 0.9999976 1.595581e-05 0.002166206 0.9999977 5.979972e-05 0.002212188 0.9999976 -1.089839e-05 0.002178958 0.9999977 2.177534e-05 0.002187937 0.9999976 -3.492287e-05 0.002189621 0.9999976 -1.399574e-05 0.002165678 0.9999977 8.670268e-05 0.002139678 0.9999977 -4.73644e-05 0.002145421 0.9999978 -7.014181e-05 0.002198543 0.9999976 -7.811558e-05 0.002127153 0.9999977 4.6356e-05 0.00215915 0.9999977 6.714479e-05 0.002211611 0.9999976 2.876622e-05 0.002164416 0.9999977 5.717035e-05 0.002205926 0.9999976 1.521652e-05 0.002167931 0.9999977 -0.0001583541 0.002085234 0.9999978 0 0.002171255 0.9999976 5.941968e-05 0.002205206 0.9999975 -1.49213e-05 0.002173894 0.9999976 -2.764208e-05 0.002175613 0.9999976 -4.365256e-05 0.002177111 0.9999976 6.465841e-05 0.00217144 0.9999976 -7.817685e-05 0.002173159 0.9999976 3.075651e-05 0.002176115 0.9999977 9.359846e-06 0.002174727 0.9999977 -1.332688e-05 0.002172437 0.9999977 -4.279268e-05 0.002168458 0.9999976 7.702404e-05 0.002188481 0.9999976 4.070636e-05 0.002181328 0.9999976 1.38182e-07 0.002172221 0.9999976 -5.429837e-05 0.002158634 0.9999977 8.592822e-05 0.002196823 0.9999976 -0.0002141305 0.002109009 0.9999978 0.0001858302 0.002233236 0.9999975 -0.0002039069 0.002106099 0.9999978 0.0003064324 0.002279394 0.9999973 1.818296e-06 0.002173931 0.9999977 5.361359e-05 0.002122088 0.9999977 -6.255539e-05 0.002234502 0.9999976 2.364409e-05 0.002153057 0.9999977 7.889034e-06 0.002167578 0.9999977 -9.824787e-06 0.002183488 0.9999976 -2.793043e-05 0.002199324 0.9999976 4.7815e-05 0.002134858 0.9999977 2.506568e-05 0.002153686 0.9999976 -2.539414e-08 0.002173871 0.9999976 -2.686915e-05 0.00219485 0.9999976 4.102172e-05 0.002143314 0.9999976 -9.159879e-05 0.002241077 0.9999975 7.304265e-05 0.002123224 0.9999977 -7.01167e-05 0.00222274 0.9999976 9.440381e-05 0.002111657 0.9999977 -6.31455e-05 0.002215015 0.9999975 -9.220189e-06 0.002180627 0.9999977 4.598864e-05 0.002146384 0.9999977 -2.443412e-05 0.002188896 0.9999976 2.531459e-05 0.002159643 0.9999977 -6.36802e-05 0.002210665 0.9999976 -2.256818e-05 0.00218766 0.9999976 1.639432e-05 0.002166357 0.9999977 5.310289e-05 0.002146722 0.9999977 8.735065e-05 0.002128776 0.9999977 -7.249419e-05 0.002210942 0.9999976 -6.186346e-05 0.002205573 0.9999976 -3.728609e-05 0.002212088 0.9999976 -2.619245e-05 0.002200861 0.9999976 -1.317058e-05 0.002187419 0.9999976 0 0.002173546 0.9999977 1.464942e-05 0.002157833 0.9999977 3.242545e-05 0.002138453 0.9999977 5.161384e-05 0.002117214 0.9999978 -8.317589e-05 0.002268554 0.9999974 0.0001097525 0.002049154 0.9999979 -4.733046e-05 0.002229825 0.9999976 -1.826108e-05 0.002196069 0.9999976 2.706632e-05 0.002262187 0.9999974 0 0.002171913 0.9999977 -3.501614e-05 0.00206298 0.9999979 7.976637e-05 0.002125007 0.9999977 0 0.002261755 0.9999974 0 0.002261755 0.9999974 -1.921939e-07 0.002172301 0.9999976 0 0.002185309 0.9999976 0 0.002185309 0.9999976 -5.405018e-05 0.002203183 0.9999976 0 0.002119837 0.9999977 0 0.002119837 0.9999977 -9.83765e-05 0.002227682 0.9999976 0 0.002201426 0.9999976 0 0.002201426 0.9999976 5.280845e-05 0.002147657 0.9999977 0 0.002148223 0.9999977 0 0.002148223 0.9999977 1.59559e-05 0.002166206 0.9999977 0 0.00223566 0.9999975 0 0.00223566 0.9999976 -1.089839e-05 0.002178957 0.9999977 0 0.002195243 0.9999976 0 0.002195243 0.9999976 -3.492271e-05 0.002189621 0.9999976 0 0.002161745 0.9999977 0 0.002161745 0.9999977 8.670268e-05 0.002139678 0.9999977 0 0.002134601 0.9999977 0 0.002134601 0.9999977 -7.014181e-05 0.002198543 0.9999976 0 0.002113372 0.9999978 0 0.002113372 0.9999978 4.635619e-05 0.00215915 0.9999977 0 0.002220024 0.9999975 0 0.002220024 0.9999975 2.87661e-05 0.002164416 0.9999977 0 0.002210211 0.9999976 0 0.002210211 0.9999975 1.521652e-05 0.002167931 0.9999977 0 0.002081288 0.9999979 0 0.002081288 0.9999978 0 0.002171255 0.9999977 0 0.002203717 0.9999976 0 0.002210211 0.9999976 0 0.002203717 0.9999976 -1.492124e-05 0.002173895 0.9999976 0 0.002210211 0.9999975 -2.764208e-05 0.002175613 0.9999976 0 0.002220024 0.9999975 0 0.002220024 0.9999975 -4.365256e-05 0.002177111 0.9999976 0 0.002113372 0.9999978 0 0.002113372 0.9999978 6.465841e-05 0.00217144 0.9999976 0 0.002134601 0.9999977 0 0.002134601 0.9999977 -7.817685e-05 0.002173159 0.9999976 0 0.002161745 0.9999977 0 0.002161745 0.9999977 0 0.002195243 0.9999976 3.075651e-05 0.002176115 0.9999977 0 0.002195243 0.9999976 9.359846e-06 0.002174727 0.9999977 0 0.00223566 0.9999975 0 0.00223566 0.9999976 -1.332688e-05 0.002172437 0.9999977 0 0.002148223 0.9999977 0 0.002148223 0.9999977 -4.279268e-05 0.002168458 0.9999976 0 0.002201426 0.9999976 0 0.002201426 0.9999976 7.702404e-05 0.002188481 0.9999976 0 0.002119837 0.9999977 0 0.002119837 0.9999977 4.070615e-05 0.002181328 0.9999976 0 0.002186584 0.9999976 0 0.002186584 0.9999976 1.381827e-07 0.002172222 0.9999976 0 0.002260392 0.9999974 0 0.002036337 0.9999979 0 0.002260392 0.9999974 -5.429869e-05 0.002158634 0.9999977 0 0.002036337 0.9999979 8.592765e-05 0.002196823 0.9999976 0 0.002284589 0.9999974 0 0.002051979 0.9999979 0 0.002284589 0.9999974 -0.0002141305 0.002109009 0.9999978 0 0.002051979 0.9999979 0 0.002172847 0.9999977 6.932868e-08 0.002172638 0.9999977 0.0001858287 0.002233235 0.9999975 0 0.002339807 0.9999973 0 0.002339806 0.9999973 -6.041888e-05 0.002232752 0.9999975 0 0.002094436 0.9999978 0 0.002230327 0.9999976 0 0.002094436 0.9999978 7.898276e-05 0.002098038 0.9999977 0 0.002230327 0.9999975 -5.393973e-05 0.002222969 0.9999975 0 0.002173908 0.9999977 0 0.002112671 0.9999977 0 0.002173908 0.9999976 -7.475819e-06 0.002180482 0.9999977 0 0.002112672 0.9999978 3.679756e-05 0.002141078 0.9999977 0 0.002047079 0.999998 0 0.002257331 0.9999975 0 0.002047079 0.9999979 -2.062582e-05 0.002190849 0.9999976 0 0.002257331 0.9999974 1.945277e-05 0.002156998 0.9999977 0 0.002206804 0.9999976 0 0.002206804 0.9999975 0 0.002174664 0.9999977 -5.150585e-05 0.002215444 0.9999976 4.877382e-06 0.002159303 0.9999977 -1.860251e-05 0.002188993 0.9999977 1.184774e-05 0.002165078 0.9999976 3.972404e-05 0.002143668 0.9999977 6.481576e-05 0.002124802 0.9999978 -5.503753e-05 0.002213129 0.9999976 -4.621287e-05 0.002206747 0.9999976 0.0001259208 0.002084428 0.9999979 -4.635315e-05 0.002204872 0.9999975 -1.432845e-06 0.002173931 0.9999976 5.014332e-05 0.002206452 0.9999976 5.966188e-05 0.00221255 0.9999976 -7.28423e-05 0.002126218 0.9999977 -4.479582e-05 0.002144826 0.9999977 -1.397199e-05 0.002165676 0.9999977 1.941113e-05 0.002188721 0.9999976 5.523116e-05 0.002213982 0.9999976 -2.212347e-05 0.002158203 0.9999977 2.150603e-05 0.002190398 0.9999976 -4.074407e-05 0.002143356 0.9999977 8.219729e-06 0.002181273 0.9999976 5.662155e-05 0.002219702 0.9999976 -8.513071e-05 0.002104257 0.9999978 6.35667e-05 0.002228518 0.9999975 -6.65662e-05 0.002116908 0.9999978 8.390293e-05 0.002249372 0.9999974 -3.776181e-05 0.002139431 0.9999977 2.48564e-05 0.002197508 0.9999976 2.36076e-08 0.002173873 0.9999976 -2.341605e-05 0.002150988 0.9999977 -4.48897e-05 0.002129488 0.9999977 2.635446e-05 0.002202597 0.9999976 9.318403e-06 0.00218469 0.9999977 -7.522023e-06 0.00216657 0.9999977 -2.26697e-05 0.002149899 0.9999977 6.032753e-05 0.002243252 0.9999976 -5.202568e-05 0.00211422 0.9999978 3.642389e-05 0.002217836 0.9999976 2.576587e-05 0.002205113 0.9999976 1.306603e-05 0.002189682 0.9999976 0 0.00217354 0.9999977 -1.480177e-05 0.002154971 0.9999976 -3.310071e-05 0.002131686 0.9999977 -5.338367e-05 0.00210554 0.9999978 8.730672e-05 0.002289037 0.9999974 -0.0001173597 0.00201929 0.999998 5.17818e-05 0.002244275 0.9999975 0 0.002174848 0.9999976 -0 0.002173421 0.9999976 -1.640274e-05 0.00211398 0.9999977 3.658796e-05 0.00230037 0.9999973 -2.815478e-05 0.002079441 0.9999979 0 -0.002174834 -0.9999977 5.960002e-05 -0.002110112 -0.9999977 7.156393e-06 -0.002167533 -0.9999977 -5.827381e-05 -0.002234645 -0.9999974 -4.693373e-05 -0.002228921 -0.9999975 -9.009213e-06 -0.002184421 -0.9999976 5.855634e-05 -0.002104881 -0.9999978 3.792144e-05 -0.00213824 -0.9999977 8.52783e-07 -0.002175162 -0.9999977 -6.915757e-06 -0.002180844 -0.9999976 1.896518e-07 -0.002173416 -0.9999977 -5.90907e-05 -0.002250717 -0.9999975 3.655317e-05 -0.002140937 -0.9999977 9.838065e-05 -0.002227678 -0.9999976 -2.002452e-05 -0.002191158 -0.9999976 -5.281496e-05 -0.002147657 -0.9999977 1.96432e-05 -0.002157084 -0.9999977 -1.595263e-05 -0.002166209 -0.9999977 -5.08195e-05 -0.002215713 -0.9999976 1.089838e-05 -0.002178957 -0.9999977 -1.796871e-05 -0.002189205 -0.9999976 3.491997e-05 -0.00218962 -0.9999976 1.256791e-05 -0.002165281 -0.9999977 -8.670546e-05 -0.002139678 -0.9999977 4.065922e-05 -0.002143882 -0.9999977 7.014449e-05 -0.002198542 -0.9999976 -6.932437e-05 -0.002225462 -0.9999976 -4.6356e-05 -0.00215915 -0.9999977 9.264637e-05 -0.002108297 -0.9999978 9.694946e-05 -0.002202056 -0.9999976 -4.66401e-05 -0.002206714 -0.9999976 -1.388236e-05 -0.002173307 -0.9999977 -4.0831e-05 -0.002202698 -0.9999976 0 -0.00217634 -0.9999977 0.0001436234 -0.002077707 -0.9999977 1.361038e-05 -0.002178748 -0.9999976 -6.257438e-05 -0.002214901 -0.9999976 -9.317925e-05 -0.002164317 -0.9999976 4.365255e-05 -0.00217711 -0.9999976 -6.466089e-05 -0.00217144 -0.9999976 7.817936e-05 -0.002173159 -0.9999976 -3.075396e-05 -0.002176115 -0.9999977 -9.359844e-06 -0.002174727 -0.9999977 1.332421e-05 -0.002172437 -0.9999977 4.279819e-05 -0.002168458 -0.9999976 -7.702693e-05 -0.002188482 -0.9999976 0.0001209529 -0.00214949 -0.9999976 -2.197957e-06 -0.002177133 -0.9999976 -0.0001391647 -0.002211323 -0.9999976 0.0001212131 -0.00214041 -0.9999977 -2.046027e-05 -0.002181871 -0.9999977 -0.0001858301 -0.002233232 -0.9999975 0.0002039021 -0.002106099 -0.9999977 3.553487e-05 -0.002163268 -0.9999977 -3.192798e-07 -0.002174156 -0.9999977 -5.449677e-05 -0.002121214 -0.9999977 6.255963e-05 -0.002234485 -0.9999976 -2.363933e-05 -0.002153042 -0.9999977 -7.883593e-06 -0.002167562 -0.9999977 9.830891e-06 -0.002183473 -0.9999976 -6.766481e-05 -0.002115694 -0.9999978 4.826424e-05 -0.002214357 -0.9999976 -2.505788e-05 -0.002153674 -0.9999977 3.385867e-08 -0.002173858 -0.9999976 2.687829e-05 -0.002194838 -0.9999976 -4.10122e-05 -0.002143303 -0.9999976 -7.555544e-06 -0.002167966 -0.9999977 2.93299e-05 -0.002194369 -0.9999976 -3.333405e-05 -0.002150809 -0.9999977 1.334761e-05 -0.002182328 -0.9999976 6.413018e-05 -0.002215643 -0.9999976 8.230058e-06 -0.002179995 -0.9999976 -4.597443e-05 -0.002146376 -0.9999977 2.444945e-05 -0.002188888 -0.9999976 -2.529856e-05 -0.002159635 -0.9999976 6.36976e-05 -0.002210659 -0.9999976 -0.0001216081 -0.002106969 -0.9999978 -1.414508e-05 -0.002165724 -0.9999977 0.0001138363 -0.002234182 -0.9999975 -8.732884e-05 -0.002128772 -0.9999977 7.251865e-05 -0.002210939 -0.9999976 3.824538e-05 -0.00221303 -0.9999976 2.61932e-05 -0.002200836 -0.9999976 1.318028e-05 -0.002187397 -0.9999976 -0 -0.00217352 -0.9999977 -1.466017e-05 -0.002157804 -0.9999977 -3.242645e-05 -0.002138436 -0.9999977 -5.288361e-05 -0.002115787 -0.9999978 8.463915e-05 -0.0022702 -0.9999974 -0.0001097624 -0.002049126 -0.9999979 4.73172e-05 -0.002229802 -0.9999976 1.825454e-05 -0.002196037 -0.9999976 -4.059973e-06 -0.002188367 -0.9999977 0 -0.002175736 -0.9999977 0 -0.002110972 -0.9999977 -0 -0.002185309 -0.9999976 0 -0.002110973 -0.9999979 3.055836e-06 -0.002178392 -0.9999976 0 -0.00218531 -0.9999977 -0.0001606582 -0.002084517 -0.9999978 0 -0.002119837 -0.9999977 0 -0.002119837 -0.9999977 9.83801e-05 -0.00222768 -0.9999976 0 -0.002201426 -0.9999976 0 -0.002201426 -0.9999976 -5.281523e-05 -0.002147658 -0.9999977 0 -0.002148223 -0.9999977 0 -0.002148223 -0.9999977 -1.595271e-05 -0.002166207 -0.9999977 0 -0.00223566 -0.9999975 0 -0.00223566 -0.9999976 1.089838e-05 -0.002178954 -0.9999977 0 -0.002195243 -0.9999976 0 -0.002195243 -0.9999976 3.491981e-05 -0.002189619 -0.9999976 0 -0.002161745 -0.9999977 0 -0.002161745 -0.9999977 -8.670546e-05 -0.002139678 -0.9999977 0 -0.002134601 -0.9999977 0 -0.002134601 -0.9999977 7.014449e-05 -0.002198542 -0.9999976 0 -0.002237687 -0.9999975 0 -0.002237687 -0.9999975 -4.635618e-05 -0.00215915 -0.9999977 0 -0.00209669 -0.9999978 -0 -0.002210211 -0.9999975 0 -0.00209669 -0.9999978 9.694909e-05 -0.002202055 -0.9999976 0 -0.002210211 -0.9999976 -1.388236e-05 -0.002173307 -0.9999977 0 -0.002203717 -0.9999976 0 -0.002203717 -0.9999976 0 -0.00217634 -0.9999977 0 -0.002081288 -0.9999978 0 -0.002081288 -0.9999979 1.361032e-05 -0.002178748 -0.9999976 0 -0.002210211 -0.9999975 0 -0.002210211 -0.9999976 -9.317925e-05 -0.002164317 -0.9999976 0 -0.002220024 -0.9999975 0 -0.002220024 -0.9999975 4.365255e-05 -0.00217711 -0.9999976 0 -0.002113372 -0.9999978 0 -0.002113372 -0.9999978 -6.466089e-05 -0.00217144 -0.9999976 0 -0.002260165 -0.9999975 0 -0.002260165 -0.9999975 7.817936e-05 -0.002173159 -0.9999976 0 -0.002161745 -0.9999977 0 -0.002161745 -0.9999977 -3.075396e-05 -0.002176115 -0.9999977 0 -0.002066111 -0.9999979 0 -0.002066111 -0.9999979 -0 -0.00223566 -0.9999975 -9.359844e-06 -0.002174727 -0.9999977 0 -0.00223566 -0.9999976 1.332421e-05 -0.002172437 -0.9999977 0 -0.002148223 -0.9999977 0 -0.002148223 -0.9999977 4.279819e-05 -0.002168458 -0.9999976 0 -0.002201426 -0.9999976 0 -0.002201426 -0.9999976 -7.702693e-05 -0.002188482 -0.9999976 0 -0.002119837 -0.9999977 0 -0.002119837 -0.9999977 0.0001209522 -0.00214949 -0.9999976 0 -0.002185309 -0.9999976 0 -0.002185309 -0.9999976 -2.197969e-06 -0.002177133 -0.9999976 0 -0.002261755 -0.9999974 0 -0.002261755 -0.9999974 -0.0001391655 -0.002211323 -0.9999976 0 -0.002192977 -0.9999976 0 -0.002192977 -0.9999977 0.0001212123 -0.002140411 -0.9999977 0 -0.002121405 -0.9999977 0 -0.002121405 -0.9999977 -2.046027e-05 -0.002181871 -0.9999977 0 -0.002222977 -0.9999976 -0 -0.002159822 -0.9999977 0 -0.002222977 -0.9999975 0 -0.002159822 -0.9999977 0 -0.002094436 -0.9999978 0 -0.002094436 -0.9999978 0 -0.002230327 -0.9999975 0 -0.002230327 -0.9999976 0 -0.002173908 -0.9999977 0 -0.002173908 -0.9999976 0 -0.002112672 -0.9999978 0 -0.002112671 -0.9999977 0 -0.002302962 -0.9999973 0 -0.002302962 -0.9999974 0 -0.001975165 -0.999998 0 -0.001975165 -0.999998 0 -0.002206804 -0.9999976 0 -0.002206804 -0.9999975 -0 -0.002174644 -0.9999977 -4.875682e-06 -0.002159304 -0.9999977 -0 -0.002174834 -0.9999977 8.77862e-08 -0.00217549 -0.9999976 -5.313986e-05 -0.002103811 -0.9999978 5.168978e-05 -0.002240457 -0.9999975 7.949173e-06 -0.002185266 -0.9999976 -3.327917e-05 -0.002134902 -0.9999977 6.035259e-06 -0.002181413 -0.9999976 -3.171424e-05 -0.002138144 -0.9999977 1.726843e-05 -0.002192571 -0.9999976 -1.683045e-05 -0.002155815 -0.9999977 4.32467e-05 -0.002218686 -0.9999976 1.518224e-05 -0.002190145 -0.9999976 -1.0534e-05 -0.002164707 -0.9999976 -3.378421e-05 -0.002142312 -0.9999977 5.704914e-05 -0.002227624 -0.9999976 -7.544303e-05 -0.002106146 -0.9999977 3.753666e-05 -0.002207408 -0.9999976 3.240694e-05 -0.002202913 -0.9999976 -0.000112251 -0.002078492 -0.9999978 4.801646e-05 -0.002213801 -0.9999976 2.515384e-07 -0.002174156 -0.9999976 -5.968202e-05 -0.002212547 -0.9999975 7.282413e-05 -0.002126214 -0.9999977 -9.602853e-05 -0.002238245 -0.9999975 1.205509e-05 -0.002165137 -0.9999977 0.0001045964 -0.002101253 -0.9999979 -5.524627e-05 -0.002213976 -0.9999976 2.210948e-05 -0.002158197 -0.9999977 -2.151953e-05 -0.002190391 -0.9999976 4.073149e-05 -0.002143349 -0.9999977 -7.336801e-06 -0.002180572 -0.9999976 -5.750639e-05 -0.002220405 -0.9999976 -1.203651e-05 -0.002183374 -0.9999977 3.022014e-05 -0.002148062 -0.9999977 -2.672932e-05 -0.002196905 -0.9999976 6.920754e-06 -0.002167282 -0.9999976 3.775306e-05 -0.00213942 -0.9999977 -2.486486e-05 -0.002197497 -0.9999976 -3.147664e-08 -0.002173862 -0.9999976 2.340877e-05 -0.002150976 -0.9999977 -4.531148e-05 -0.002219778 -0.9999975 6.384685e-05 -0.002107764 -0.9999978 -9.324196e-06 -0.002184676 -0.9999976 7.516837e-06 -0.002166555 -0.9999976 2.266514e-05 -0.002149884 -0.9999977 -6.033165e-05 -0.002243236 -0.9999976 5.287948e-05 -0.00211322 -0.9999978 -3.735746e-05 -0.002218929 -0.9999976 -2.576771e-05 -0.002205094 -0.9999976 -1.3067e-05 -0.002189663 -0.9999976 0 -0.00217352 -0.9999977 1.480285e-05 -0.00215495 -0.9999976 3.3103e-05 -0.002131663 -0.9999977 5.468098e-05 -0.002103847 -0.9999978 -8.886008e-05 -0.002291063 -0.9999974 0.0001173669 -0.002019262 -0.999998 -5.177093e-05 -0.00224424 -0.9999974 0 -0.002174828 -0.9999976 -0 -0.002176584 -0.9999977 2.949852e-05 -0.002066517 -0.9999979 -2.313817e-05 -0.002257271 -0.9999975 3.495995e-06 -0.002163587 -0.9999976 2.815475e-05 -0.002079438 -0.9999979 -2.706632e-05 -0.002262187 -0.9999974 0 0.9999582 0.009148749 0 0.9999582 0.009148749 0 0.9995161 0.03110622 0 0.9995161 0.03110622 0 0.9985912 0.05306302 0 0.9985912 0.05306302 0 0.9999582 0.009148749 0 0.9999582 0.009148749 0 0.9995161 0.03110622 0 0.9995161 0.03110622 0 0.9985912 0.05306302 0 0.9985912 0.05306302 0 0.9999977 -0.002136235 0 0.9999977 -0.002136235 -1 0 0 -1 0 0 -1 0 0 -1 0 0 -1 0 0 -1 0 0 -1 0 0 -1 0 0 -1 0 0 -1 0 0 -1 0 0 -1 0 0 -1 0 0 -1 0 0 -1 0 0 -1 0 0 -1 0 0 -1 0 0 -1 0 0 -1 0 0 -1 0 0 -1 0 0 -1 0 0 -1 0 0 -1 0 0 -1 0 0 -1 0 0 -1 0 0 -1 0 0 -1 0 0 -1 0 0 -1 0 0 -1 0 0 -1 0 0 -1 0 0 -1 0 0 -1 0 0 -1 0 0 -1 -0 0 -1 0 0 -1 0 0 -1 0 0 -1 -0 0 -1 0 0 -1 0 0 -1 0 0 -1 0 0 -1 0 0 -1 0 0 -1 0 0 -1 0 0 -1 0 0 -1 0 0 -1 0 0 -1 0 0 -1 0 0 -1 0 0 -1 0 0 -1 0 0 -1 0 0 -1 0 0 -1 0 0 -1 0 0 -1 0 0 -1 0 0 -1 0 0 -1 0 0 -1 0 0 -1 0 0 -1 0 0 -1 0 0 -1 0 0 -1 0 0 -1 -0 0 -1 -0 0 -1 0 0 1 0 0 1 0 0 1 0 0 1 0 0 1 0 0 1 0 0 1 0 0 1 0 0 1 0 0 1 0 0 1 -0 -0 1 -0 -0 1 -0 -0 1 -0 -0 1 -0 -0 1 -0 -0 1 -0 -0 1 -0 -0 1 -0 -0 1 -0 -0 1 -0 -0 1 -0 -0 1 -0 0 1 -0 0 1 -0 0 1 -0 0 1 -0 0 1 -0 0 1 -0 0 1 -0 0 1 -0 0 1 -0 -0 1 -0 -0 1 -0 -0 1 -0 -0 1 -0 -0 1 0 0 1 0 -0 1 -0 -0 1 0 0 1 0 0 1 0 0 1 0 -0 1 0 0 1 0 0 1 0 -0 1 0 -0 1 0 -0 1 0 0 1 0 0 1 0 -0 1 0 -0 1 0 0 1 0 0 1 0 0 1 0 0 1 0 0 1 0 -0 1 0 -0 1 0 -0 1 0 0 1 0 -0 1 -0 0 1 0 -0 1 0 -0 1 -0 0 1 -0 0 1 0 -0 1 -0 0 1 0 -0 1 -0 0 1 0 0 1 0 -0 1 0 -0 1 0 -0 1 -0 0 -0.9996893 -0.02492557 5.433308e-05 -0.9972021 -0.07475306 0.0001629495 -0.9996893 -0.02492556 5.433365e-05 -0.9922435 -0.124309 0.0002709733 -0.9972021 -0.07475306 0.0001629495 -0.9848032 -0.1736735 0.0003785797 -0.9922435 -0.124309 0.0002709737 -0.974925 -0.222533 0.0004850855 -0.9848032 -0.1736735 0.0003785801 -0.9626251 -0.2708365 0.0005903729 -0.974925 -0.2225331 0.0004850807 -0.9479288 -0.3184816 0.0006942304 -0.9626251 -0.2708365 0.0005903722 -0.9308652 -0.3653619 0.0007964292 -0.9479288 -0.3184816 0.0006942371 -0.9115396 -0.4112113 0.0008963734 -0.9308652 -0.3653619 0.0007964312 -0.8898315 -0.4562882 0.0009946338 -0.9115396 -0.4112113 0.0008963714 -0.8660617 -0.4999361 0.001089779 -0.8898315 -0.4562882 0.000994632 -0.8400836 -0.5424557 0.001182465 -0.8660617 -0.4999361 0.00108978 -0.8119 -0.5837951 0.001247126 -0.8399394 -0.542679 0.001159291 -0.781689 -0.6236669 0.001359492 -0.8120668 -0.5835631 0.001272069 -0.7499332 -0.661512 0.001441972 -0.7816889 -0.623667 0.001359478 -0.7158588 -0.6982435 0.001522057 -0.7499333 -0.6615118 0.001441988 -0.6801397 -0.7330809 0.001597979 -0.7158586 -0.6982436 0.001522042 -0.6801398 -0.7330807 0.001597996 -0.6428522 -0.7659883 0.001669729 -0.6428522 -0.7659883 0.001669729 -0.603755 -0.7971681 0.001737696 -0.6037549 -0.7971681 0.001737696 -0.5631584 -0.8263469 0.001801301 -0.5214595 -0.853274 0.001859998 -0.5631585 -0.8263469 0.001801301 -0.4783486 -0.8781679 0.001914262 -0.5214595 -0.853274 0.00186 -0.4338323 -0.9009915 0.001963993 -0.4783485 -0.878168 0.001914242 -0.3883082 -0.9215274 0.002008779 -0.4338325 -0.9009914 0.001964014 -0.3422302 -0.9396139 0.002048205 -0.3883082 -0.9215274 0.002008779 -0.2947627 -0.9555683 0.002082983 -0.3422302 -0.9396139 0.002048206 -0.2467769 -0.96907 0.002112414 -0.2947627 -0.9555683 0.002082982 -0.2467769 -0.96907 0.002112415 -0.1982978 -0.9801395 0.002136544 -0.1978274 -0.9802347 0.002094016 -0.1488551 -0.9888567 0.002112435 -0.1493338 -0.9887845 0.002155388 -0.09939834 -0.9950453 0.002169036 -0.09939834 -0.9950453 0.002169036 -0.0499431 -0.9987497 0.002177111 -0.0499431 -0.9987497 0.002177111 0 -0.9999976 0.002179831 0 -0.9999976 0.002179831 0.0499431 -0.9987497 0.002177111 0.04994311 -0.9987497 0.002177111 0.09939834 -0.9950453 0.002169036 0.09939834 -0.9950453 0.002169037 0.1488551 -0.9888567 0.002155546 0.1493338 -0.9887846 0.002112281 0.1978274 -0.9802347 0.002094016 0.2467778 -0.9690697 0.002112414 0.1982978 -0.9801395 0.002136543 0.2467778 -0.9690697 0.002112414 0.2947616 -0.9555686 0.002082983 0.3422302 -0.9396139 0.002048205 0.2947616 -0.9555686 0.002082985 0.3422302 -0.9396139 0.002048203 0.3883082 -0.9215274 0.002008779 0.3883082 -0.9215274 0.002008779 0.4338325 -0.9009914 0.001964014 0.4783503 -0.878167 0.00191424 0.4338322 -0.9009915 0.001963992 0.47835 -0.8781672 0.001914261 0.5214561 -0.853276 0.001860002 0.563162 -0.8263445 0.001801296 0.5214561 -0.8532761 0.001860004 0.603755 -0.7971681 0.001737696 0.563162 -0.8263445 0.001801296 0.6037549 -0.7971681 0.001737696 0.6801397 -0.7330809 0.001597996 0.6428503 -0.7659899 0.001669732 0.6428503 -0.7659899 0.001669733 0.6801398 -0.7330806 0.001597981 0.7158587 -0.6982435 0.00152204 0.7158586 -0.6982436 0.001522055 0.7499333 -0.6615118 0.001441988 0.7499332 -0.661512 0.001441972 0.7816908 -0.6236647 0.001359472 0.7816908 -0.6236646 0.001359485 0.8120632 -0.5835682 0.001272083 0.8400853 -0.5424531 0.00115881 0.8118964 -0.5838002 0.001247136 0.8399411 -0.5426762 0.001182946 0.8660633 -0.4999332 0.001089773 0.8660633 -0.4999332 0.001089774 0.8898299 -0.4562913 0.0009946403 0.9115396 -0.4112113 0.0008963734 0.8898299 -0.4562913 0.000994641 0.9115396 -0.4112113 0.0008963741 0.9308652 -0.3653619 0.0007964292 0.9479287 -0.3184816 0.0006942379 0.9308652 -0.3653619 0.0007964312 0.9479288 -0.3184816 0.0006942295 0.9626251 -0.2708365 0.0005903729 0.9626251 -0.2708365 0.0005903722 0.9749242 -0.2225366 0.0004850921 0.9749242 -0.2225367 0.0004850883 0.9922431 -0.1243128 0.0002709815 0.9848039 -0.1736698 0.0003785723 0.9848039 -0.1736698 0.0003785717 0.9922431 -0.1243128 0.0002709808 0.9972026 -0.07474545 0.0001629328 0.9972026 -0.07474545 0.0001629328 0.9996892 -0.02492939 5.434141e-05 0.9996892 -0.02492939 5.434198e-05 -0.9996892 -0.02492939 5.434141e-05 -0.9972021 -0.07475306 0.0001629495 -0.9996892 -0.02492939 5.434198e-05 -0.9922431 -0.1243128 0.0002709815 -0.9972021 -0.07475306 0.0001629495 -0.9848039 -0.1736698 0.0003785717 -0.9922431 -0.1243128 0.0002709822 -0.9749259 -0.2225294 0.0004850776 -0.9848039 -0.1736698 0.0003785723 -0.9626251 -0.2708365 0.0005903729 -0.9749259 -0.2225294 0.0004850731 -0.9479288 -0.3184816 0.0006942304 -0.9626251 -0.2708365 0.0005903722 -0.9308626 -0.3653685 0.0007964437 -0.9479288 -0.3184816 0.0006942371 -0.9115425 -0.411205 0.0008963596 -0.9308626 -0.3653685 0.0007964423 -0.8898299 -0.4562913 0.0009946403 -0.9115425 -0.411205 0.0008963583 -0.8660633 -0.4999332 0.001089773 -0.8898299 -0.4562913 0.000994641 -0.8400818 -0.5424584 0.001182471 -0.8660633 -0.4999332 0.001089771 -0.8119 -0.5837951 0.001247126 -0.8399376 -0.5426816 0.0011593 -0.7816871 -0.6236693 0.001359497 -0.8120668 -0.5835631 0.001272069 -0.7499332 -0.661512 0.001441972 -0.781687 -0.6236694 0.001359482 -0.7158625 -0.6982396 0.001522048 -0.7499333 -0.6615118 0.001441988 -0.6801358 -0.7330844 0.001597987 -0.7158625 -0.6982397 0.001522034 -0.6801359 -0.7330842 0.001598006 -0.6428542 -0.7659868 0.001669726 -0.6428542 -0.7659868 0.001669726 -0.603755 -0.7971681 0.001737696 -0.6037549 -0.7971681 0.001737696 -0.5631584 -0.8263469 0.001801301 -0.5214595 -0.853274 0.001859998 -0.5631585 -0.8263469 0.001801301 -0.4783503 -0.8781671 0.001914261 -0.5214595 -0.853274 0.00186 -0.4338308 -0.9009923 0.001963994 -0.47835 -0.8781672 0.001914241 -0.3883068 -0.921528 0.00200878 -0.433831 -0.9009921 0.001964018 -0.3422302 -0.9396139 0.002048205 -0.3883068 -0.921528 0.002008782 -0.2947637 -0.9555679 0.002082982 -0.3422302 -0.9396139 0.002048206 -0.2467769 -0.96907 0.002112414 -0.2947637 -0.9555679 0.002082981 -0.2467769 -0.96907 0.002112415 -0.1982978 -0.9801395 0.002136544 -0.1978274 -0.9802347 0.002094016 -0.1488545 -0.9888569 0.002112435 -0.1493333 -0.9887846 0.002155388 -0.09939871 -0.9950453 0.002169036 -0.09939871 -0.9950453 0.002169035 -0.0499431 -0.9987497 0.002177111 -0.0499431 -0.9987497 0.002177111 0 -0.9999976 0.002179831 0 -0.9999976 0.002179831 0.0499433 -0.9987497 0.002177111 0.0499433 -0.9987497 0.002177111 0.09939834 -0.9950453 0.002169036 0.09939834 -0.9950453 0.002169037 0.1488551 -0.9888567 0.002155546 0.1493338 -0.9887846 0.002112281 0.1978274 -0.9802347 0.002094016 0.2467778 -0.9690697 0.002112414 0.1982978 -0.9801395 0.002136543 0.2467778 -0.9690697 0.002112414 0.2947616 -0.9555686 0.002082983 0.3422302 -0.9396139 0.002048205 0.2947616 -0.9555686 0.002082985 0.3422302 -0.9396139 0.002048203 0.3883082 -0.9215274 0.002008779 0.3883082 -0.9215274 0.002008779 0.4338325 -0.9009914 0.001964014 0.4783503 -0.878167 0.00191424 0.4338322 -0.9009915 0.001963992 0.47835 -0.8781672 0.001914261 0.5214579 -0.8532751 0.00186 0.5631602 -0.8263458 0.001801299 0.5214578 -0.8532751 0.00186 0.6037531 -0.7971694 0.001737699 0.5631602 -0.8263458 0.001801298 0.6037531 -0.7971694 0.001737699 0.6801397 -0.7330809 0.001597996 0.6428522 -0.7659883 0.001669729 0.6428522 -0.7659883 0.001669729 0.6801398 -0.7330806 0.001597981 0.7158606 -0.6982415 0.001522036 0.7158605 -0.6982417 0.001522054 0.7499333 -0.6615118 0.001441988 0.7499332 -0.661512 0.001441972 0.7816889 -0.623667 0.001359477 0.781689 -0.6236669 0.001359492 0.812065 -0.5835656 0.001272078 0.8400835 -0.5424558 0.001158816 0.8118982 -0.5837977 0.001247133 0.8399394 -0.542679 0.001182952 0.8660617 -0.4999361 0.001089779 0.8660616 -0.4999361 0.001089777 0.8898315 -0.4562882 0.0009946338 0.9115396 -0.4112113 0.0008963734 0.8898315 -0.4562882 0.000994632 0.9115396 -0.4112113 0.0008963741 0.9308652 -0.3653619 0.0007964292 0.9479287 -0.3184816 0.0006942379 0.9308652 -0.3653619 0.0007964312 0.9479288 -0.3184816 0.0006942295 0.9626251 -0.2708365 0.0005903729 0.9626251 -0.2708365 0.0005903722 0.974925 -0.222533 0.0004850859 0.974925 -0.222533 0.0004850804 0.9922435 -0.124309 0.0002709733 0.9848032 -0.1736735 0.0003785801 0.9848032 -0.1736735 0.0003785797 0.9922435 -0.124309 0.0002709737 0.9972021 -0.07475306 0.0001629495 0.9972021 -0.07475306 0.0001629495 0.9996893 -0.02492557 5.433308e-05 0.9996893 -0.02492556 5.433365e-05 0 -0.9999976 0.002179831 0 -0.9999976 0.002179831 -1 0 0 -1 0 0 -1 0 0 -1 0 0 -1 0 0 -1 0 0 -1 0 0 -1 0 0 -1 0 0 -1 0 0 -1 0 0 -1 0 0 -1 0 0 -1 0 0 -1 0 0 -1 0 0 -1 0 0 -1 0 0 -1 0 0 -1 0 0 -1 0 0 -1 0 0 -1 0 0 -1 0 0 -1 0 0 -1 0 0 -1 0 0 -1 0 0 -1 0 0 -1 0 0 -1 0 0 -1 0 0 -1 0 0 -1 0 0 -1 0 0 -1 0 0 -1 0 0 -1 0 0 -1 0 0 -1 0 0 -1 0 0 -1 0 0 -1 0 0 -1 0 0 -1 0 0 -1 0 0 -1 0 0 -1 0 0 -1 0 0 -1 0 0 -1 0 0 -1 0 0 -1 0 0 -1 0 0 -1 0 0 -1 0 0 -1 0 0 -1 0 0 -1 0 0 -1 0 0 -1 0 0 -1 0 0 -1 0 0 -1 0 0 -1 0 0 -1 0 0 -1 0 0 -1 0 0 -1 0 0 -1 0 0 -1 0 0 -1 0 0 -1 0 0 -1 -0 0 -1 0 0 -1 0 0 1 -0 0 1 0 0 1 0 0 1 0 0 1 0 0 1 0 0 1 0 0 1 0 0 1 0 0 1 0 0 1 0 0 1 0 0 1 -0 0 1 0 0 1 0 0 1 0 0 1 0 0 1 0 0 1 0 0 1 0 0 1 0 0 1 0 0 1 0 0 1 0 0 1 0 0 1 0 0 1 0 0 1 0 0 1 0 0 1 0 0 1 0 0 1 0 0 1 0 -0 1 0 0 1 0 0 1 0 0 1 0 0 1 0 0 1 0 0 1 0 0 1 0 0 1 0 0 1 0 0 1 0 0 1 0 0 1 0 0 1 0 0 1 0 0 1 0 -0 1 0 0 1 0 0 1 0 0 1 0 0 1 0 0 1 0 0 1 0 0 1 0 0 1 0 0 1 0 0 1 0 0 1 0 0 1 0 0 1 0 0 1 0 0 1 0 0 1 0 0 1 0 0 1 0 0 1 0 0 1 0 0 1 0 0 1 0 0 1 0 0 1 0 0 1 -0 -0 1 0 0</float_array>
          <technique_common>
            <accessor count="1636" source="#cubenormals-array0-array" stride="3">
              <param type="float" name="X"/>
              <param type="float" name="Y"/>
              <param type="float" name="Z"/>
            </accessor>
          </technique_common>
        </source>
        <vertices id="cubeverts-array0-vertices">
          <input semantic="POSITION" source="#cubeverts-array0"/>
        </vertices>
        <triangles count="1636" material="ref_Hinge_B_shape">
          <input offset="0" semantic="VERTEX" source="#cubeverts-array0-vertices"/>
          <input offset="1" semantic="NORMAL" source="#cubenormals-array0"/>
          <p>0 0 1 0 2 0 3 1 1 1 0 1 2 2 4 2 5 2 1 3 4 3 2 3 5 4 6 4 7 4 4 5 6 5 5 5 7 6 8 6 9 6 6 7 8 7 7 7 9 8 10 8 11 8 8 9 10 9 9 9 11 10 12 10 13 10 10 11 12 11 11 11 13 12 14 12 15 12 12 13 14 13 13 13 15 14 16 14 17 14 14 15 16 15 15 15 17 16 18 16 19 16 16 17 18 17 17 17 19 18 20 18 21 18 18 19 20 19 19 19 21 20 22 20 23 20 20 21 22 21 21 21 23 22 24 22 25 22 22 23 24 23 23 23 25 24 26 24 27 24 24 25 26 25 25 25 27 26 28 26 29 26 26 27 28 27 27 27 29 28 30 28 31 28 28 29 30 29 29 29 31 30 32 30 33 30 30 31 32 31 31 31 33 32 34 32 35 32 32 33 34 33 33 33 34 34 36 34 35 34 35 35 36 35 37 35 37 36 38 36 39 36 36 37 38 37 37 37 39 38 40 38 41 38 38 39 40 39 39 39 41 40 42 40 43 40 40 41 42 41 41 41 43 42 44 42 45 42 42 43 44 43 43 43 45 44 46 44 47 44 44 45 46 45 45 45 47 46 48 46 49 46 46 47 48 47 47 47 49 48 50 48 51 48 48 49 50 49 49 49 51 50 52 50 53 50 50 51 52 51 51 51 53 52 54 52 55 52 52 53 54 53 53 53 55 54 56 54 57 54 54 55 56 55 55 55 56 56 58 56 57 56 59 57 58 57 60 57 57 58 58 58 59 58 58 59 61 59 60 59 61 60 62 60 60 60 60 61 62 61 63 61 62 62 64 62 63 62 63 63 64 63 65 63 64 64 66 64 65 64 65 65 66 65 67 65 66 66 68 66 67 66 67 67 68 67 69 67 68 68 70 68 69 68 69 69 70 69 71 69 70 70 72 70 71 70 71 71 72 71 73 71 72 72 74 72 73 72 73 73 74 73 75 73 74 74 76 74 75 74 75 75 76 75 77 75 77 76 78 76 79 76 76 77 78 77 77 77 79 78 80 78 81 78 78 79 80 79 79 79 81 80 82 80 83 80 80 81 82 81 81 81 83 82 84 82 85 82 82 83 84 83 83 83 84 84 86 84 85 84 85 85 86 85 87 85 86 86 88 86 87 86 87 87 88 87 89 87 88 88 90 88 89 88 89 89 90 89 91 89 90 90 92 90 91 90 91 91 92 91 93 91 92 92 94 92 93 92 93 93 94 93 95 93 94 94 96 94 95 94 95 95 96 95 97 95 96 96 98 96 97 96 97 97 98 97 99 97 98 98 100 98 99 98 99 99 100 99 101 99 100 100 102 100 101 100 101 101 102 101 103 101 102 102 104 102 103 102 103 103 104 103 105 103 104 104 106 104 105 104 105 105 106 105 107 105 106 106 108 106 107 106 109 107 108 107 110 107 107 108 108 108 109 108 108 109 111 109 110 109 111 110 112 110 110 110 113 111 112 111 114 111 110 112 112 112 113 112 112 113 115 113 114 113 115 114 116 114 114 114 117 115 116 115 118 115 114 116 116 116 117 116 116 117 119 117 118 117 118 118 120 118 121 118 119 119 120 119 118 119 121 120 122 120 123 120 120 121 122 121 121 121 123 122 124 122 125 122 122 123 124 123 123 123 125 124 126 124 127 124 124 125 126 125 125 125 128 126 129 126 130 126 131 127 129 127 128 127 130 128 132 128 133 128 129 129 132 129 130 129 133 130 134 130 135 130 132 131 134 131 133 131 135 132 136 132 137 132 134 133 136 133 135 133 137 134 138 134 139 134 136 135 138 135 137 135 139 136 140 136 141 136 138 137 140 137 139 137 141 138 142 138 143 138 140 139 142 139 141 139 143 140 144 140 145 140 142 141 144 141 143 141 145 142 146 142 147 142 144 143 146 143 145 143 147 144 148 144 149 144 146 145 148 145 147 145 149 146 150 146 151 146 148 147 150 147 149 147 151 148 152 148 153 148 150 149 152 149 151 149 153 150 154 150 155 150 152 151 154 151 153 151 155 152 156 152 157 152 154 153 156 153 155 153 157 154 158 154 159 154 156 155 158 155 157 155 159 156 160 156 161 156 158 157 160 157 159 157 161 158 162 158 163 158 160 159 162 159 161 159 162 160 164 160 163 160 163 161 164 161 165 161 165 162 166 162 167 162 164 163 166 163 165 163 167 164 168 164 169 164 166 165 168 165 167 165 169 166 170 166 171 166 168 167 170 167 169 167 171 168 172 168 173 168 170 169 172 169 171 169 173 170 174 170 175 170 172 171 174 171 173 171 175 172 176 172 177 172 174 173 176 173 175 173 177 174 178 174 179 174 176 175 178 175 177 175 179 176 180 176 181 176 178 177 180 177 179 177 181 178 182 178 183 178 180 179 182 179 181 179 183 180 184 180 185 180 182 181 184 181 183 181 184 182 186 182 185 182 187 183 186 183 188 183 185 184 186 184 187 184 186 185 189 185 188 185 189 186 190 186 188 186 188 187 190 187 191 187 190 188 192 188 191 188 191 189 192 189 193 189 192 190 194 190 193 190 193 191 194 191 195 191 194 192 196 192 195 192 195 193 196 193 197 193 196 194 198 194 197 194 197 195 198 195 199 195 198 196 200 196 199 196 199 197 200 197 201 197 200 198 202 198 201 198 201 199 202 199 203 199 202 200 204 200 203 200 203 201 204 201 205 201 205 202 206 202 207 202 204 203 206 203 205 203 207 204 208 204 209 204 206 205 208 205 207 205 209 206 210 206 211 206 208 207 210 207 209 207 211 208 212 208 213 208 210 209 212 209 211 209 212 210 214 210 213 210 213 211 214 211 215 211 214 212 216 212 215 212 215 213 216 213 217 213 216 214 218 214 217 214 217 215 218 215 219 215 218 216 220 216 219 216 219 217 220 217 221 217 220 218 222 218 221 218 221 219 222 219 223 219 222 220 224 220 223 220 223 221 224 221 225 221 224 222 226 222 225 222 225 223 226 223 227 223 226 224 228 224 227 224 227 225 228 225 229 225 228 226 230 226 229 226 229 227 230 227 231 227 230 228 232 228 231 228 231 229 232 229 233 229 232 230 234 230 233 230 233 231 234 231 235 231 234 232 236 232 235 232 237 233 236 233 238 233 235 234 236 234 237 234 236 235 239 235 238 235 239 236 240 236 238 236 241 237 240 237 242 237 238 238 240 238 241 238 240 239 243 239 242 239 243 240 244 240 242 240 245 241 244 241 246 241 242 242 244 242 245 242 244 243 247 243 246 243 246 244 248 244 249 244 247 245 248 245 246 245 249 246 250 246 251 246 248 247 250 247 249 247 251 248 252 248 253 248 250 249 252 249 251 249 253 250 254 250 255 250 252 251 254 251 253 251 256 252 257 252 258 252 256 253 259 253 257 253 260 254 256 254 258 254 260 255 258 255 261 255 262 256 260 256 261 256 262 257 261 257 263 257 264 258 262 258 263 258 264 259 263 259 265 259 266 260 264 260 265 260 266 261 265 261 267 261 268 262 266 262 267 262 268 263 267 263 269 263 270 264 268 264 269 264 270 265 269 265 271 265 272 266 270 266 271 266 272 267 271 267 273 267 274 268 272 268 273 268 274 269 273 269 275 269 276 270 275 270 277 270 276 271 274 271 275 271 278 272 277 272 279 272 278 273 276 273 277 273 280 274 279 274 281 274 280 275 278 275 279 275 282 276 281 276 283 276 282 277 280 277 281 277 284 278 283 278 285 278 284 279 282 279 283 279 286 280 285 280 287 280 286 281 284 281 285 281 288 282 287 282 289 282 288 283 286 283 287 283 290 284 289 284 291 284 290 285 288 285 289 285 292 286 291 286 293 286 292 287 290 287 291 287 294 288 293 288 295 288 294 289 292 289 293 289 296 290 295 290 297 290 296 291 294 291 295 291 298 292 297 292 299 292 298 293 296 293 297 293 300 294 301 294 302 294 300 295 299 295 301 295 300 296 298 296 299 296 303 297 300 297 302 297 304 298 302 298 305 298 304 299 303 299 302 299 306 300 304 300 305 300 306 301 305 301 307 301 308 302 306 302 307 302 308 303 309 303 310 303 308 304 307 304 309 304 311 305 308 305 310 305 312 306 311 306 310 306 312 307 310 307 313 307 314 308 312 308 313 308 314 309 315 309 316 309 314 310 313 310 315 310 317 311 314 311 316 311 318 312 316 312 319 312 318 313 317 313 316 313 320 314 319 314 321 314 320 315 318 315 319 315 322 316 321 316 323 316 322 317 320 317 321 317 324 318 323 318 325 318 324 319 322 319 323 319 326 320 325 320 327 320 326 321 324 321 325 321 328 322 327 322 329 322 328 323 326 323 327 323 330 324 331 324 332 324 330 325 329 325 331 325 330 326 328 326 329 326 333 327 330 327 332 327 334 328 335 328 336 328 334 329 332 329 335 329 334 330 333 330 332 330 337 331 334 331 336 331 338 332 336 332 339 332 338 333 337 333 336 333 340 334 339 334 341 334 340 335 338 335 339 335 342 336 341 336 343 336 342 337 340 337 341 337 344 338 343 338 345 338 344 339 342 339 343 339 346 340 345 340 347 340 346 341 344 341 345 341 348 342 347 342 349 342 348 343 346 343 347 343 350 344 349 344 351 344 350 345 348 345 349 345 352 346 351 346 353 346 352 347 350 347 351 347 354 348 355 348 356 348 357 349 356 349 358 349 357 350 354 350 356 350 359 351 358 351 360 351 359 352 357 352 358 352 361 353 360 353 362 353 361 354 359 354 360 354 363 355 362 355 364 355 363 356 361 356 362 356 365 357 364 357 366 357 365 358 363 358 364 358 367 359 366 359 368 359 367 360 365 360 366 360 369 361 368 361 370 361 369 362 367 362 368 362 371 363 370 363 372 363 371 364 369 364 370 364 373 365 372 365 374 365 373 366 371 366 372 366 375 367 374 367 376 367 375 368 373 368 374 368 377 369 376 369 378 369 377 370 375 370 376 370 379 371 377 371 378 371 379 372 378 372 380 372 381 373 379 373 380 373 381 374 380 374 382 374 383 375 382 375 384 375 383 376 381 376 382 376 385 377 384 377 386 377 385 378 383 378 384 378 387 379 386 379 388 379 387 380 385 380 386 380 389 381 388 381 390 381 389 382 387 382 388 382 391 383 390 383 392 383 391 384 389 384 390 384 393 385 392 385 394 385 393 386 391 386 392 386 395 387 394 387 396 387 395 388 393 388 394 388 397 389 396 389 398 389 397 390 395 390 396 390 399 391 398 391 400 391 399 392 397 392 398 392 401 393 400 393 257 393 401 394 399 394 400 394 259 395 401 395 257 395 402 396 403 396 404 396 402 397 405 397 403 397 402 398 406 398 405 398 407 399 402 399 404 399 408 400 407 400 404 400 408 401 409 401 410 401 408 402 404 402 409 402 411 403 408 403 410 403 412 404 411 404 410 404 412 405 410 405 413 405 414 406 412 406 413 406 414 407 415 407 416 407 414 408 413 408 415 408 417 409 414 409 416 409 418 410 417 410 416 410 418 411 419 411 420 411 418 412 416 412 419 412 421 413 418 413 420 413 422 414 420 414 423 414 422 415 421 415 420 415 424 416 425 416 426 416 424 417 423 417 425 417 424 418 422 418 423 418 427 419 424 419 426 419 428 420 426 420 429 420 428 421 427 421 426 421 430 422 429 422 431 422 430 423 428 423 429 423 432 424 433 424 434 424 432 425 431 425 433 425 432 426 430 426 431 426 435 427 434 427 436 427 435 428 432 428 434 428 437 429 436 429 438 429 437 430 435 430 436 430 439 431 437 431 438 431 440 432 438 432 441 432 440 433 439 433 438 433 442 434 441 434 443 434 442 435 440 435 441 435 444 436 445 436 446 436 444 437 443 437 445 437 444 438 442 438 443 438 447 439 446 439 448 439 447 440 444 440 446 440 449 441 447 441 448 441 450 442 451 442 452 442 450 443 448 443 451 443 450 444 449 444 448 444 453 445 452 445 454 445 453 446 450 446 452 446 455 447 453 447 454 447 455 448 454 448 456 448 457 449 455 449 456 449 458 450 457 450 456 450 458 451 456 451 459 451 460 452 458 452 459 452 460 453 461 453 462 453 460 454 459 454 461 454 463 455 460 455 462 455 464 456 462 456 465 456 464 457 463 457 462 457 466 458 467 458 468 458 466 459 465 459 467 459 466 460 464 460 465 460 469 461 466 461 468 461 470 462 471 462 472 462 470 463 468 463 471 463 470 464 469 464 468 464 473 465 470 465 472 465 474 466 472 466 475 466 474 467 473 467 472 467 476 468 477 468 478 468 476 469 475 469 477 469 476 470 474 470 475 470 479 471 476 471 478 471 480 472 478 472 481 472 480 473 479 473 478 473 482 474 483 474 484 474 482 475 481 475 483 475 482 476 480 476 481 476 485 477 482 477 484 477 486 478 487 478 488 478 486 479 484 479 487 479 486 480 485 480 484 480 489 481 486 481 488 481 490 482 488 482 491 482 490 483 489 483 488 483 492 484 493 484 494 484 492 485 491 485 493 485 492 486 490 486 491 486 495 487 492 487 494 487 496 488 494 488 497 488 496 489 495 489 494 489 498 490 497 490 499 490 498 491 496 491 497 491 500 492 501 492 502 492 503 493 500 493 502 493 504 494 505 494 506 494 504 495 502 495 505 495 504 496 503 496 502 496 507 497 506 497 508 497 507 498 504 498 506 498 509 499 507 499 508 499 510 500 511 500 512 500 510 501 508 501 511 501 510 502 509 502 508 502 513 503 512 503 514 503 513 504 510 504 512 504 515 505 513 505 514 505 516 506 514 506 517 506 516 507 515 507 514 507 518 508 517 508 519 508 518 509 516 509 517 509 520 510 519 510 521 510 520 511 518 511 519 511 522 512 521 512 523 512 522 513 520 513 521 513 524 514 522 514 523 514 524 515 523 515 525 515 526 516 524 516 525 516 526 517 525 517 527 517 528 518 527 518 529 518 528 519 526 519 527 519 530 520 529 520 531 520 530 521 528 521 529 521 532 522 533 522 534 522 532 523 531 523 533 523 532 524 530 524 531 524 535 525 532 525 534 525 536 526 534 526 537 526 536 527 535 527 534 527 538 528 537 528 539 528 538 529 536 529 537 529 540 530 539 530 541 530 540 531 538 531 539 531 542 532 541 532 543 532 542 533 540 533 541 533 544 534 545 534 546 534 544 535 543 535 545 535 544 536 542 536 543 536 547 537 544 537 546 537 406 538 546 538 405 538 406 539 547 539 546 539 500 540 548 540 501 540 500 541 96 541 94 541 94 542 92 542 500 542 500 543 98 543 96 543 92 544 90 544 500 544 500 545 100 545 98 545 90 546 88 546 500 546 500 547 102 547 100 547 500 548 86 548 548 548 88 549 86 549 500 549 500 550 104 550 102 550 86 551 84 551 548 551 500 552 106 552 104 552 84 553 82 553 548 553 500 554 108 554 106 554 82 555 80 555 548 555 500 556 111 556 108 556 80 557 78 557 548 557 500 558 112 558 111 558 78 559 76 559 548 559 500 560 115 560 112 560 76 561 74 561 548 561 500 562 116 562 115 562 74 563 72 563 548 563 500 564 119 564 116 564 72 565 70 565 548 565 500 566 120 566 119 566 70 567 68 567 548 567 500 568 122 568 120 568 68 569 66 569 548 569 500 570 124 570 122 570 66 571 64 571 548 571 500 572 126 572 124 572 64 573 62 573 548 573 500 574 549 574 126 574 62 575 61 575 548 575 61 576 58 576 548 576 58 577 56 577 548 577 56 578 54 578 548 578 54 579 52 579 548 579 52 580 50 580 548 580 50 581 48 581 548 581 48 582 46 582 548 582 46 583 44 583 548 583 44 584 42 584 548 584 42 585 40 585 548 585 40 586 38 586 548 586 38 587 36 587 548 587 36 588 34 588 548 588 34 589 32 589 548 589 32 590 30 590 548 590 30 591 28 591 548 591 28 592 26 592 548 592 500 593 550 593 549 593 551 594 550 594 552 594 553 595 550 595 551 595 554 596 550 596 553 596 555 597 550 597 554 597 556 598 550 598 555 598 557 599 550 599 556 599 558 600 550 600 557 600 559 601 550 601 558 601 560 602 550 602 559 602 561 603 550 603 560 603 562 604 550 604 561 604 563 605 550 605 562 605 564 606 550 606 563 606 565 607 550 607 564 607 566 608 550 608 565 608 567 609 550 609 566 609 568 610 550 610 567 610 569 611 550 611 568 611 570 612 550 612 569 612 571 613 550 613 570 613 572 614 550 614 571 614 573 615 550 615 572 615 574 616 550 616 573 616 575 617 550 617 574 617 576 618 550 618 575 618 577 619 550 619 576 619 549 620 550 620 577 620 550 621 578 621 552 621 550 622 579 622 578 622 550 623 580 623 579 623 550 624 581 624 580 624 550 625 582 625 581 625 550 626 583 626 582 626 550 627 584 627 583 627 550 628 585 628 584 628 550 629 586 629 585 629 550 630 587 630 586 630 550 631 588 631 587 631 548 632 226 632 224 632 26 633 228 633 548 633 548 634 228 634 226 634 218 635 216 635 589 635 26 636 230 636 228 636 24 637 230 637 26 637 216 638 214 638 589 638 22 639 232 639 24 639 24 640 232 640 230 640 214 641 212 641 589 641 20 642 234 642 22 642 22 643 234 643 232 643 212 644 210 644 589 644 18 645 236 645 20 645 20 646 236 646 234 646 210 647 208 647 589 647 16 648 239 648 18 648 18 649 239 649 236 649 208 650 206 650 589 650 14 651 240 651 16 651 16 652 240 652 239 652 206 653 204 653 589 653 12 654 243 654 14 654 14 655 243 655 240 655 204 656 202 656 589 656 10 657 244 657 12 657 12 658 244 658 243 658 202 659 200 659 589 659 8 660 247 660 10 660 10 661 247 661 244 661 200 662 198 662 589 662 6 663 248 663 8 663 8 664 248 664 247 664 198 665 196 665 589 665 6 666 250 666 248 666 4 667 250 667 6 667 196 668 194 668 589 668 1 669 252 669 4 669 4 670 252 670 250 670 194 671 192 671 589 671 3 672 254 672 1 672 1 673 254 673 252 673 192 674 190 674 589 674 590 675 591 675 3 675 592 676 591 676 590 676 3 677 591 677 254 677 190 678 189 678 589 678 592 679 593 679 591 679 189 680 186 680 589 680 594 681 595 681 592 681 592 682 595 682 593 682 186 683 184 683 589 683 596 684 597 684 594 684 594 685 597 685 595 685 184 686 182 686 589 686 598 687 599 687 596 687 596 688 599 688 597 688 182 689 180 689 589 689 598 690 600 690 599 690 601 691 600 691 598 691 602 692 600 692 601 692 180 693 178 693 589 693 602 694 603 694 600 694 178 695 176 695 589 695 602 696 604 696 603 696 605 697 604 697 602 697 176 698 174 698 589 698 605 699 606 699 604 699 607 700 606 700 605 700 174 701 172 701 589 701 608 702 609 702 607 702 607 703 609 703 606 703 172 704 170 704 589 704 610 705 611 705 608 705 608 706 611 706 609 706 170 707 168 707 589 707 612 708 613 708 610 708 610 709 613 709 611 709 168 710 166 710 589 710 614 711 615 711 612 711 616 712 615 712 614 712 612 713 615 713 613 713 166 714 164 714 589 714 616 715 617 715 615 715 164 716 162 716 589 716 618 717 619 717 616 717 620 718 619 718 618 718 616 719 619 719 617 719 162 720 160 720 589 720 620 721 621 721 619 721 589 722 355 722 354 722 589 723 158 723 355 723 160 724 158 724 589 724 622 725 623 725 620 725 620 726 623 726 621 726 158 727 156 727 355 727 624 728 625 728 622 728 626 729 625 729 624 729 622 730 625 730 623 730 156 731 154 731 355 731 626 732 627 732 625 732 154 733 152 733 355 733 628 734 629 734 626 734 630 735 629 735 628 735 626 736 629 736 627 736 152 737 150 737 355 737 630 738 631 738 629 738 150 739 148 739 355 739 632 740 633 740 630 740 634 741 633 741 632 741 630 742 633 742 631 742 148 743 146 743 355 743 634 744 635 744 633 744 146 745 144 745 355 745 588 746 636 746 634 746 634 747 636 747 635 747 550 748 636 748 588 748 144 749 142 749 355 749 550 750 637 750 636 750 142 751 140 751 355 751 140 752 138 752 355 752 138 753 136 753 355 753 136 754 134 754 355 754 134 755 132 755 355 755 132 756 129 756 355 756 129 757 131 757 355 757 131 758 638 758 355 758 638 759 639 759 355 759 640 760 639 760 638 760 641 761 639 761 640 761 642 762 639 762 641 762 643 763 639 763 642 763 644 764 639 764 643 764 645 765 639 765 644 765 646 766 639 766 645 766 647 767 639 767 646 767 648 768 639 768 647 768 649 769 639 769 648 769 650 770 639 770 649 770 651 771 639 771 650 771 652 772 639 772 651 772 653 773 639 773 652 773 654 774 639 774 653 774 655 775 639 775 654 775 656 776 639 776 655 776 657 777 639 777 656 777 658 778 639 778 657 778 659 779 639 779 658 779 660 780 639 780 659 780 661 781 639 781 660 781 662 782 639 782 661 782 663 783 639 783 662 783 664 784 639 784 663 784 665 785 639 785 664 785 666 786 639 786 665 786 667 787 639 787 666 787 668 788 639 788 667 788 669 789 639 789 668 789 670 790 639 790 669 790 671 791 639 791 670 791 672 792 639 792 671 792 673 793 639 793 672 793 674 794 639 794 673 794 675 795 639 795 674 795 637 796 639 796 675 796 550 797 639 797 637 797 589 798 548 798 218 798 218 799 548 799 220 799 220 800 548 800 222 800 222 801 548 801 224 801 676 802 677 802 678 802 95 803 97 803 678 803 678 804 93 804 95 804 97 805 99 805 678 805 678 806 91 806 93 806 99 807 101 807 678 807 678 808 89 808 91 808 101 809 103 809 678 809 678 810 87 810 89 810 103 811 105 811 678 811 677 812 85 812 678 812 678 813 85 813 87 813 105 814 107 814 678 814 677 815 83 815 85 815 107 816 109 816 678 816 677 817 81 817 83 817 109 818 110 818 678 818 677 819 79 819 81 819 110 820 113 820 678 820 677 821 77 821 79 821 113 822 114 822 678 822 677 823 75 823 77 823 114 824 117 824 678 824 677 825 73 825 75 825 117 826 118 826 678 826 677 827 71 827 73 827 118 828 121 828 678 828 677 829 69 829 71 829 121 830 123 830 678 830 677 831 67 831 69 831 123 832 125 832 678 832 677 833 65 833 67 833 125 834 127 834 678 834 677 835 63 835 65 835 127 836 679 836 678 836 677 837 60 837 63 837 679 838 680 838 678 838 677 839 59 839 60 839 677 840 57 840 59 840 677 841 55 841 57 841 677 842 53 842 55 842 677 843 51 843 53 843 677 844 49 844 51 844 677 845 47 845 49 845 677 846 45 846 47 846 677 847 43 847 45 847 677 848 41 848 43 848 677 849 39 849 41 849 677 850 37 850 39 850 677 851 35 851 37 851 677 852 33 852 35 852 677 853 31 853 33 853 677 854 29 854 31 854 677 855 27 855 29 855 680 856 681 856 678 856 682 857 681 857 683 857 683 858 681 858 684 858 684 859 681 859 685 859 685 860 681 860 686 860 686 861 681 861 687 861 687 862 681 862 688 862 688 863 681 863 689 863 689 864 681 864 690 864 690 865 681 865 691 865 691 866 681 866 692 866 692 867 681 867 693 867 693 868 681 868 694 868 694 869 681 869 695 869 695 870 681 870 696 870 696 871 681 871 697 871 697 872 681 872 698 872 698 873 681 873 699 873 699 874 681 874 700 874 700 875 681 875 701 875 701 876 681 876 702 876 702 877 681 877 703 877 703 878 681 878 704 878 704 879 681 879 705 879 705 880 681 880 706 880 706 881 681 881 707 881 707 882 681 882 680 882 682 883 708 883 681 883 708 884 709 884 681 884 709 885 710 885 681 885 710 886 711 886 681 886 711 887 712 887 681 887 712 888 713 888 681 888 713 889 714 889 681 889 714 890 715 890 681 890 715 891 716 891 681 891 716 892 717 892 681 892 717 893 718 893 681 893 227 894 229 894 677 894 677 895 229 895 27 895 27 896 231 896 25 896 25 897 231 897 23 897 229 898 231 898 27 898 719 899 215 899 217 899 231 900 233 900 23 900 719 901 213 901 215 901 233 902 235 902 23 902 23 903 235 903 21 903 719 904 211 904 213 904 21 905 237 905 19 905 235 906 237 906 21 906 719 907 209 907 211 907 237 908 238 908 19 908 19 909 238 909 17 909 719 910 207 910 209 910 17 911 241 911 15 911 238 912 241 912 17 912 719 913 205 913 207 913 15 914 242 914 13 914 241 915 242 915 15 915 719 916 203 916 205 916 242 917 245 917 13 917 13 918 245 918 11 918 719 919 201 919 203 919 11 920 246 920 9 920 245 921 246 921 11 921 719 922 199 922 201 922 9 923 249 923 7 923 246 924 249 924 9 924 719 925 197 925 199 925 7 926 251 926 5 926 5 927 251 927 2 927 249 928 251 928 7 928 719 929 195 929 197 929 251 930 253 930 2 930 719 931 193 931 195 931 2 932 255 932 0 932 253 933 255 933 2 933 719 934 191 934 193 934 0 935 720 935 721 935 255 936 720 936 0 936 719 937 188 937 191 937 721 938 722 938 723 938 720 939 722 939 721 939 719 940 187 940 188 940 723 941 724 941 725 941 722 942 724 942 723 942 719 943 185 943 187 943 725 944 726 944 727 944 724 945 726 945 725 945 719 946 183 946 185 946 727 947 728 947 729 947 726 948 728 948 727 948 719 949 181 949 183 949 728 950 730 950 729 950 729 951 730 951 731 951 719 952 179 952 181 952 730 953 732 953 731 953 731 954 732 954 733 954 733 955 732 955 734 955 719 956 177 956 179 956 732 957 735 957 734 957 719 958 175 958 177 958 734 959 736 959 737 959 735 960 736 960 734 960 719 961 173 961 175 961 737 962 738 962 739 962 736 963 738 963 737 963 719 964 171 964 173 964 739 965 740 965 741 965 738 966 740 966 739 966 719 967 169 967 171 967 741 968 742 968 743 968 740 969 742 969 741 969 719 970 167 970 169 970 743 971 744 971 745 971 742 972 744 972 743 972 719 973 165 973 167 973 745 974 746 974 747 974 744 975 746 975 745 975 719 976 163 976 165 976 747 977 748 977 749 977 746 978 748 978 747 978 719 979 161 979 163 979 749 980 750 980 751 980 751 981 750 981 752 981 748 982 750 982 749 982 750 983 753 983 752 983 752 984 754 984 755 984 753 985 754 985 752 985 755 986 756 986 757 986 754 987 756 987 755 987 757 988 758 988 759 988 756 989 758 989 757 989 759 990 760 990 761 990 758 991 760 991 759 991 761 992 762 992 763 992 760 993 762 993 761 993 763 994 764 994 765 994 762 995 764 995 763 995 765 996 766 996 718 996 764 997 766 997 765 997 718 998 766 998 681 998 766 999 767 999 681 999 768 1000 769 1000 719 1000 719 1001 769 1001 161 1001 161 1002 769 1002 159 1002 159 1003 769 1003 157 1003 157 1004 769 1004 155 1004 155 1005 769 1005 153 1005 153 1006 769 1006 151 1006 151 1007 769 1007 149 1007 149 1008 769 1008 147 1008 147 1009 769 1009 145 1009 145 1010 769 1010 143 1010 769 1011 141 1011 143 1011 769 1012 139 1012 141 1012 769 1013 137 1013 139 1013 769 1014 135 1014 137 1014 769 1015 133 1015 135 1015 769 1016 130 1016 133 1016 769 1017 128 1017 130 1017 769 1018 770 1018 128 1018 769 1019 771 1019 770 1019 769 1020 772 1020 771 1020 771 1021 772 1021 773 1021 773 1022 772 1022 774 1022 774 1023 772 1023 775 1023 775 1024 772 1024 776 1024 776 1025 772 1025 777 1025 777 1026 772 1026 778 1026 778 1027 772 1027 779 1027 779 1028 772 1028 780 1028 780 1029 772 1029 781 1029 781 1030 772 1030 782 1030 782 1031 772 1031 783 1031 783 1032 772 1032 784 1032 784 1033 772 1033 785 1033 785 1034 772 1034 786 1034 786 1035 772 1035 787 1035 787 1036 772 1036 788 1036 788 1037 772 1037 789 1037 789 1038 772 1038 790 1038 790 1039 772 1039 791 1039 791 1040 772 1040 792 1040 792 1041 772 1041 793 1041 793 1042 772 1042 794 1042 794 1043 772 1043 795 1043 795 1044 772 1044 796 1044 796 1045 772 1045 797 1045 797 1046 772 1046 798 1046 798 1047 772 1047 799 1047 799 1048 772 1048 800 1048 800 1049 772 1049 801 1049 801 1050 772 1050 802 1050 802 1051 772 1051 803 1051 803 1052 772 1052 804 1052 804 1053 772 1053 805 1053 805 1054 772 1054 806 1054 806 1055 772 1055 807 1055 807 1056 772 1056 767 1056 767 1057 772 1057 681 1057 677 1058 719 1058 217 1058 677 1059 217 1059 219 1059 677 1060 219 1060 221 1060 677 1061 221 1061 223 1061 677 1062 223 1062 225 1062 677 1063 225 1063 227 1063 808 1064 498 1064 499 1064 808 1065 499 1065 809 1065 810 1066 809 1066 811 1066 810 1067 808 1067 809 1067 678 1068 811 1068 676 1068 678 1069 810 1069 811 1069 812 1070 352 1070 353 1070 812 1071 353 1071 813 1071 814 1072 813 1072 815 1072 814 1073 812 1073 813 1073 768 1074 815 1074 769 1074 768 1075 814 1075 815 1075 550 1076 772 1076 639 1076 681 1077 772 1077 550 1077 370 1078 374 1078 372 1078 355 1079 378 1079 376 1079 355 1080 376 1080 374 1080 355 1081 370 1081 368 1081 355 1082 368 1082 366 1082 355 1083 366 1083 364 1083 355 1084 364 1084 362 1084 355 1085 362 1085 360 1085 355 1086 360 1086 358 1086 355 1087 358 1087 356 1087 355 1088 374 1088 370 1088 263 1089 261 1089 258 1089 269 1090 267 1090 265 1090 269 1091 265 1091 263 1091 271 1092 269 1092 263 1092 277 1093 275 1093 273 1093 277 1094 273 1094 271 1094 281 1095 277 1095 271 1095 281 1096 263 1096 258 1096 281 1097 279 1097 277 1097 281 1098 271 1098 263 1098 281 1099 258 1099 257 1099 283 1100 257 1100 400 1100 283 1101 400 1101 398 1101 283 1102 398 1102 396 1102 283 1103 396 1103 394 1103 283 1104 394 1104 392 1104 283 1105 392 1105 390 1105 283 1106 390 1106 388 1106 283 1107 388 1107 386 1107 283 1108 386 1108 384 1108 283 1109 281 1109 257 1109 287 1110 285 1110 283 1110 297 1111 295 1111 293 1111 297 1112 293 1112 291 1112 299 1113 297 1113 291 1113 299 1114 291 1114 289 1114 813 1115 769 1115 815 1115 307 1116 305 1116 302 1116 307 1117 302 1117 301 1117 349 1118 813 1118 353 1118 349 1119 353 1119 351 1119 309 1120 307 1120 301 1120 345 1121 349 1121 347 1121 345 1122 769 1122 813 1122 345 1123 813 1123 349 1123 316 1124 315 1124 313 1124 316 1125 313 1125 310 1125 316 1126 310 1126 309 1126 339 1127 345 1127 343 1127 339 1128 343 1128 341 1128 321 1129 319 1129 316 1129 323 1130 321 1130 316 1130 332 1131 339 1131 336 1131 332 1132 336 1132 335 1132 329 1133 345 1133 339 1133 329 1134 378 1134 355 1134 329 1135 323 1135 316 1135 329 1136 332 1136 331 1136 329 1137 327 1137 325 1137 329 1138 325 1138 323 1138 329 1139 339 1139 332 1139 329 1140 301 1140 299 1140 329 1141 289 1141 287 1141 329 1142 287 1142 283 1142 329 1143 384 1143 382 1143 329 1144 382 1144 380 1144 329 1145 380 1145 378 1145 329 1146 316 1146 309 1146 329 1147 299 1147 289 1147 329 1148 355 1148 769 1148 329 1149 309 1149 301 1149 329 1150 769 1150 345 1150 329 1151 283 1151 384 1151 639 1152 769 1152 355 1152 772 1153 769 1153 639 1153 524 1154 520 1154 522 1154 520 1155 516 1155 518 1155 516 1156 500 1156 515 1156 515 1157 500 1157 513 1157 513 1158 500 1158 510 1158 510 1159 500 1159 509 1159 509 1160 500 1160 507 1160 507 1161 500 1161 504 1161 504 1162 500 1162 503 1162 520 1163 500 1163 516 1163 407 1164 408 1164 402 1164 412 1165 414 1165 411 1165 411 1166 414 1166 408 1166 414 1167 417 1167 408 1167 421 1168 422 1168 418 1168 418 1169 422 1169 417 1169 408 1170 427 1170 402 1170 424 1171 427 1171 422 1171 417 1172 427 1172 408 1172 422 1173 427 1173 417 1173 402 1174 427 1174 406 1174 427 1175 428 1175 406 1175 406 1176 428 1176 547 1176 547 1177 428 1177 544 1177 544 1178 428 1178 542 1178 542 1179 428 1179 540 1179 540 1180 428 1180 538 1180 538 1181 428 1181 536 1181 536 1182 428 1182 535 1182 535 1183 428 1183 532 1183 532 1184 428 1184 530 1184 430 1185 432 1185 428 1185 440 1186 442 1186 439 1186 439 1187 442 1187 437 1187 437 1188 444 1188 435 1188 442 1189 444 1189 437 1189 678 1190 808 1190 810 1190 450 1191 453 1191 449 1191 449 1192 453 1192 447 1192 500 1193 496 1193 678 1193 808 1194 496 1194 498 1194 678 1195 496 1195 808 1195 453 1196 455 1196 447 1196 496 1197 492 1197 495 1197 492 1198 489 1198 490 1198 460 1199 463 1199 458 1199 458 1200 463 1200 457 1200 457 1201 463 1201 455 1201 492 1202 486 1202 489 1202 496 1203 486 1203 492 1203 464 1204 466 1204 463 1204 466 1205 469 1205 463 1205 485 1206 479 1206 482 1206 482 1207 479 1207 480 1207 486 1208 474 1208 485 1208 496 1209 474 1209 486 1209 479 1210 474 1210 476 1210 473 1211 474 1211 470 1211 470 1212 474 1212 469 1212 469 1213 474 1213 463 1213 485 1214 474 1214 479 1214 447 1215 474 1215 444 1215 520 1216 474 1216 500 1216 435 1217 474 1217 432 1217 432 1218 474 1218 428 1218 530 1219 474 1219 528 1219 528 1220 474 1220 526 1220 455 1221 474 1221 447 1221 526 1222 474 1222 524 1222 444 1223 474 1223 435 1223 524 1224 474 1224 520 1224 500 1225 474 1225 496 1225 463 1226 474 1226 455 1226 428 1227 474 1227 530 1227 678 1228 550 1228 500 1228 678 1229 681 1229 550 1229 255 1230 254 1230 720 1230 720 1231 591 1231 722 1231 254 1232 591 1232 720 1232 722 1233 593 1233 724 1233 591 1234 593 1234 722 1234 724 1235 595 1235 726 1235 593 1236 595 1236 724 1236 726 1237 597 1237 728 1237 595 1238 597 1238 726 1238 728 1239 599 1239 730 1239 597 1240 599 1240 728 1240 730 1241 600 1241 732 1241 599 1242 600 1242 730 1242 732 1243 603 1243 735 1243 600 1244 603 1244 732 1244 735 1245 604 1245 736 1245 603 1246 604 1246 735 1246 736 1247 606 1247 738 1247 604 1248 606 1248 736 1248 738 1249 609 1249 740 1249 606 1250 609 1250 738 1250 740 1251 611 1251 742 1251 609 1252 611 1252 740 1252 742 1253 613 1253 744 1253 611 1254 613 1254 742 1254 744 1255 615 1255 746 1255 613 1256 615 1256 744 1256 746 1257 617 1257 748 1257 615 1258 617 1258 746 1258 748 1259 619 1259 750 1259 617 1260 619 1260 748 1260 750 1261 621 1261 753 1261 619 1262 621 1262 750 1262 621 1263 623 1263 753 1263 753 1264 623 1264 754 1264 623 1265 625 1265 754 1265 754 1266 625 1266 756 1266 625 1267 627 1267 756 1267 756 1268 627 1268 758 1268 758 1269 629 1269 760 1269 627 1270 629 1270 758 1270 760 1271 631 1271 762 1271 629 1272 631 1272 760 1272 762 1273 633 1273 764 1273 631 1274 633 1274 762 1274 764 1275 635 1275 766 1275 633 1276 635 1276 764 1276 766 1277 636 1277 767 1277 635 1278 636 1278 766 1278 767 1279 637 1279 807 1279 636 1280 637 1280 767 1280 807 1281 675 1281 806 1281 637 1282 675 1282 807 1282 675 1283 674 1283 806 1283 806 1284 674 1284 805 1284 674 1285 673 1285 805 1285 805 1286 673 1286 804 1286 673 1287 672 1287 804 1287 804 1288 672 1288 803 1288 672 1289 671 1289 803 1289 803 1290 671 1290 802 1290 671 1291 670 1291 802 1291 802 1292 670 1292 801 1292 670 1293 669 1293 801 1293 801 1294 669 1294 800 1294 669 1295 668 1295 800 1295 800 1296 668 1296 799 1296 668 1297 667 1297 799 1297 799 1298 667 1298 798 1298 667 1299 666 1299 798 1299 666 1300 665 1300 798 1300 797 1301 665 1301 796 1301 798 1302 665 1302 797 1302 665 1303 664 1303 796 1303 664 1304 663 1304 796 1304 795 1305 663 1305 794 1305 796 1306 663 1306 795 1306 663 1307 662 1307 794 1307 794 1308 661 1308 793 1308 662 1309 661 1309 794 1309 661 1310 660 1310 793 1310 792 1311 660 1311 791 1311 793 1312 660 1312 792 1312 660 1313 659 1313 791 1313 659 1314 658 1314 791 1314 790 1315 658 1315 789 1315 791 1316 658 1316 790 1316 789 1317 657 1317 788 1317 658 1318 657 1318 789 1318 657 1319 656 1319 788 1319 787 1320 655 1320 786 1320 788 1321 655 1321 787 1321 656 1322 655 1322 788 1322 655 1323 654 1323 786 1323 786 1324 654 1324 785 1324 654 1325 653 1325 785 1325 653 1326 652 1326 785 1326 785 1327 652 1327 784 1327 652 1328 651 1328 784 1328 784 1329 651 1329 783 1329 651 1330 650 1330 783 1330 782 1331 650 1331 781 1331 783 1332 650 1332 782 1332 650 1333 649 1333 781 1333 781 1334 649 1334 780 1334 649 1335 648 1335 780 1335 648 1336 647 1336 780 1336 779 1337 647 1337 778 1337 780 1338 647 1338 779 1338 647 1339 646 1339 778 1339 646 1340 645 1340 778 1340 777 1341 645 1341 776 1341 778 1342 645 1342 777 1342 645 1343 644 1343 776 1343 644 1344 643 1344 776 1344 776 1345 643 1345 775 1345 775 1346 642 1346 774 1346 643 1347 642 1347 775 1347 773 1348 641 1348 771 1348 774 1349 641 1349 773 1349 642 1350 641 1350 774 1350 641 1351 640 1351 771 1351 771 1352 638 1352 770 1352 640 1353 638 1353 771 1353 770 1354 131 1354 128 1354 638 1355 131 1355 770 1355 127 1356 126 1356 679 1356 679 1357 549 1357 680 1357 126 1358 549 1358 679 1358 680 1359 577 1359 707 1359 549 1360 577 1360 680 1360 707 1361 576 1361 706 1361 577 1362 576 1362 707 1362 706 1363 575 1363 705 1363 576 1364 575 1364 706 1364 705 1365 574 1365 704 1365 575 1366 574 1366 705 1366 704 1367 573 1367 703 1367 574 1368 573 1368 704 1368 703 1369 572 1369 702 1369 573 1370 572 1370 703 1370 702 1371 571 1371 701 1371 572 1372 571 1372 702 1372 701 1373 570 1373 700 1373 571 1374 570 1374 701 1374 700 1375 569 1375 699 1375 570 1376 569 1376 700 1376 699 1377 568 1377 698 1377 569 1378 568 1378 699 1378 698 1379 567 1379 697 1379 568 1380 567 1380 698 1380 697 1381 566 1381 696 1381 567 1382 566 1382 697 1382 696 1383 565 1383 695 1383 566 1384 565 1384 696 1384 695 1385 564 1385 694 1385 565 1386 564 1386 695 1386 694 1387 563 1387 693 1387 564 1388 563 1388 694 1388 563 1389 562 1389 693 1389 693 1390 562 1390 692 1390 562 1391 561 1391 692 1391 692 1392 561 1392 691 1392 561 1393 560 1393 691 1393 691 1394 560 1394 690 1394 690 1395 559 1395 689 1395 560 1396 559 1396 690 1396 689 1397 558 1397 688 1397 559 1398 558 1398 689 1398 688 1399 557 1399 687 1399 558 1400 557 1400 688 1400 687 1401 556 1401 686 1401 557 1402 556 1402 687 1402 686 1403 555 1403 685 1403 556 1404 555 1404 686 1404 685 1405 554 1405 684 1405 555 1406 554 1406 685 1406 684 1407 553 1407 683 1407 554 1408 553 1408 684 1408 553 1409 551 1409 683 1409 683 1410 551 1410 682 1410 551 1411 552 1411 682 1411 682 1412 552 1412 708 1412 552 1413 578 1413 708 1413 708 1414 578 1414 709 1414 578 1415 579 1415 709 1415 709 1416 579 1416 710 1416 579 1417 580 1417 710 1417 710 1418 580 1418 711 1418 580 1419 581 1419 711 1419 711 1420 581 1420 712 1420 581 1421 582 1421 712 1421 712 1422 582 1422 713 1422 582 1423 583 1423 713 1423 713 1424 583 1424 714 1424 583 1425 584 1425 714 1425 584 1426 585 1426 714 1426 715 1427 585 1427 716 1427 714 1428 585 1428 715 1428 585 1429 586 1429 716 1429 586 1430 587 1430 716 1430 717 1431 587 1431 718 1431 716 1432 587 1432 717 1432 587 1433 588 1433 718 1433 718 1434 634 1434 765 1434 588 1435 634 1435 718 1435 634 1436 632 1436 765 1436 763 1437 632 1437 761 1437 765 1438 632 1438 763 1438 632 1439 630 1439 761 1439 630 1440 628 1440 761 1440 759 1441 628 1441 757 1441 761 1442 628 1442 759 1442 757 1443 626 1443 755 1443 628 1444 626 1444 757 1444 626 1445 624 1445 755 1445 752 1446 622 1446 751 1446 755 1447 622 1447 752 1447 624 1448 622 1448 755 1448 622 1449 620 1449 751 1449 751 1450 620 1450 749 1450 620 1451 618 1451 749 1451 618 1452 616 1452 749 1452 749 1453 616 1453 747 1453 616 1454 614 1454 747 1454 747 1455 614 1455 745 1455 614 1456 612 1456 745 1456 743 1457 612 1457 741 1457 745 1458 612 1458 743 1458 612 1459 610 1459 741 1459 741 1460 610 1460 739 1460 610 1461 608 1461 739 1461 608 1462 607 1462 739 1462 737 1463 607 1463 734 1463 739 1464 607 1464 737 1464 607 1465 605 1465 734 1465 605 1466 602 1466 734 1466 733 1467 602 1467 731 1467 734 1468 602 1468 733 1468 602 1469 601 1469 731 1469 601 1470 598 1470 731 1470 731 1471 598 1471 729 1471 729 1472 596 1472 727 1472 598 1473 596 1473 729 1473 725 1474 594 1474 723 1474 727 1475 594 1475 725 1475 596 1476 594 1476 727 1476 594 1477 592 1477 723 1477 723 1478 590 1478 721 1478 592 1479 590 1479 723 1479 721 1480 3 1480 0 1480 590 1481 3 1481 721 1481 719 1482 677 1482 548 1482 719 1483 548 1483 589 1483 529 1484 527 1484 525 1484 529 1485 525 1485 523 1485 533 1486 531 1486 529 1486 511 1487 514 1487 512 1487 541 1488 539 1488 537 1488 508 1489 514 1489 511 1489 508 1490 523 1490 521 1490 508 1491 521 1491 519 1491 508 1492 519 1492 517 1492 508 1493 517 1493 514 1493 508 1494 529 1494 523 1494 505 1495 508 1495 506 1495 546 1496 545 1496 543 1496 546 1497 543 1497 541 1497 501 1498 508 1498 505 1498 501 1499 505 1499 502 1499 410 1500 409 1500 404 1500 410 1501 404 1501 403 1501 410 1502 403 1502 405 1502 410 1503 405 1503 546 1503 416 1504 415 1504 413 1504 419 1505 541 1505 537 1505 419 1506 410 1506 546 1506 419 1507 416 1507 413 1507 419 1508 413 1508 410 1508 419 1509 537 1509 534 1509 419 1510 546 1510 541 1510 426 1511 425 1511 423 1511 426 1512 423 1512 420 1512 426 1513 420 1513 419 1513 431 1514 429 1514 426 1514 431 1515 426 1515 419 1515 434 1516 433 1516 431 1516 436 1517 419 1517 534 1517 436 1518 431 1518 419 1518 436 1519 434 1519 431 1519 436 1520 534 1520 533 1520 441 1521 438 1521 436 1521 676 1522 501 1522 548 1522 451 1523 529 1523 508 1523 451 1524 448 1524 446 1524 451 1525 446 1525 445 1525 451 1526 445 1526 443 1526 451 1527 443 1527 441 1527 451 1528 436 1528 533 1528 451 1529 441 1529 436 1529 451 1530 533 1530 529 1530 497 1531 811 1531 809 1531 497 1532 809 1532 499 1532 493 1533 676 1533 811 1533 493 1534 497 1534 494 1534 493 1535 811 1535 497 1535 456 1536 454 1536 452 1536 461 1537 459 1537 456 1537 461 1538 456 1538 452 1538 462 1539 461 1539 452 1539 462 1540 452 1540 451 1540 487 1541 493 1541 491 1541 487 1542 491 1542 488 1542 487 1543 676 1543 493 1543 465 1544 462 1544 451 1544 483 1545 487 1545 484 1545 468 1546 465 1546 451 1546 468 1547 467 1547 465 1547 478 1548 483 1548 481 1548 478 1549 487 1549 483 1549 472 1550 471 1550 468 1550 475 1551 676 1551 487 1551 475 1552 478 1552 477 1552 475 1553 468 1553 451 1553 475 1554 508 1554 501 1554 475 1555 472 1555 468 1555 475 1556 501 1556 676 1556 475 1557 451 1557 508 1557 475 1558 487 1558 478 1558 677 1559 676 1559 548 1559 768 1560 719 1560 589 1560 354 1561 768 1561 589 1561 361 1562 354 1562 357 1562 361 1563 357 1563 359 1563 344 1564 346 1564 348 1564 344 1565 348 1565 350 1565 344 1566 350 1566 352 1566 344 1567 352 1567 812 1567 365 1568 354 1568 361 1568 365 1569 361 1569 363 1569 365 1570 812 1570 814 1570 365 1571 814 1571 768 1571 365 1572 768 1572 354 1572 340 1573 342 1573 344 1573 337 1574 340 1574 344 1574 337 1575 338 1575 340 1575 371 1576 365 1576 367 1576 371 1577 367 1577 369 1577 334 1578 337 1578 344 1578 333 1579 334 1579 344 1579 375 1580 371 1580 373 1580 375 1581 365 1581 371 1581 379 1582 375 1582 377 1582 381 1583 365 1583 375 1583 381 1584 375 1584 379 1584 320 1585 344 1585 812 1585 320 1586 333 1586 344 1586 320 1587 322 1587 324 1587 320 1588 324 1588 326 1588 320 1589 326 1589 328 1589 320 1590 328 1590 330 1590 320 1591 330 1591 333 1591 314 1592 812 1592 365 1592 314 1593 320 1593 812 1593 314 1594 381 1594 383 1594 314 1595 383 1595 385 1595 314 1596 365 1596 381 1596 314 1597 317 1597 318 1597 314 1598 318 1598 320 1598 393 1599 387 1599 389 1599 393 1600 389 1600 391 1600 395 1601 385 1601 387 1601 395 1602 387 1602 393 1602 308 1603 311 1603 312 1603 308 1604 312 1604 314 1604 401 1605 395 1605 397 1605 401 1606 397 1606 399 1606 304 1607 306 1607 308 1607 256 1608 401 1608 259 1608 256 1609 385 1609 395 1609 256 1610 395 1610 401 1610 300 1611 303 1611 304 1611 294 1612 296 1612 298 1612 294 1613 298 1613 300 1613 294 1614 300 1614 304 1614 266 1615 260 1615 262 1615 266 1616 262 1616 264 1616 268 1617 260 1617 266 1617 290 1618 294 1618 304 1618 290 1619 292 1619 294 1619 270 1620 260 1620 268 1620 270 1621 256 1621 260 1621 288 1622 290 1622 304 1622 286 1623 288 1623 304 1623 286 1624 308 1624 314 1624 286 1625 304 1625 308 1625 274 1626 270 1626 272 1626 276 1627 270 1627 274 1627 278 1628 256 1628 270 1628 278 1629 270 1629 276 1629 282 1630 284 1630 286 1630 280 1631 286 1631 314 1631 280 1632 256 1632 278 1632 280 1633 282 1633 286 1633 280 1634 314 1634 385 1634 280 1635 385 1635 256 1635</p>
        </triangles>
      </mesh>
    </geometry>
  </library_geometries>
  <library_materials>
    <material id="mat_Hinge_B_shape" name="Hinge_B_shape">
      <instance_effect url="#effect_Hinge_B_shape"/>
    </material>
  </library_materials>
  <library_visual_scenes>
    <visual_scene id="myscene">
      <node id="node0" name="node0">
        <instance_geometry url="#geometry0">
          <bind_material>
            <technique_common>
              <instance_material symbol="ref_Hinge_B_shape" target="#mat_Hinge_B_shape"/>
            </technique_common>
          </bind_material>
        </instance_geometry>
      </node>
    </visual_scene>
  </library_visual_scenes>
  <scene>
    <instance_visual_scene url="#myscene"/>
  </scene>
</COLLADA>
