<COLLADA xmlns="http://www.collada.org/2005/11/COLLADASchema" version="1.4.1">
  <asset>
    <contributor/>
    <created>2026-07-22T21:26:31.269385</created>
    <modified>2026-07-22T21:26:31.269390</modified>
    <unit name="meter" meter="1.0"/>
    <up_axis>Z_UP</up_axis>
  </asset>
  <library_effects>
    <effect id="effect_Trappe_shape" name="effect_Trappe_shape">
      <profile_COMMON>
        <technique sid="common">
          <phong>
            <emission>
              <color>0.0 0.0 0.0 1.0</color>
            </emission>
            <ambient>
              <color>0.0 0.0 0.0 1.0</color>
            </ambient>
            <diffuse>
              <color>0.800000011920929 0.800000011920929 0.9019607901573181 1.0</color>
            </diffuse>
            <specular>
              <color>1 1 1 1.0</color>
            </specular>
            <shininess>
              <float>0.0</float>
            </shininess>
            <reflective>
              <color>0.0 0.0 0.0 1.0</color>
            </reflective>
            <reflectivity>
              <float>0.0</float>
            </reflectivity>
            <transparent>
              <color>0.0 0.0 0.0 1.0</color>
            </transparent>
            <transparency>
              <float>1.0</float>
            </transparency>
          </phong>
        </technique>
        <extra>
          <technique profile="GOOGLEEARTH">
            <double_sided>0</double_sided>
          </technique>
        </extra>
      </profile_COMMON>
    </effect>
  </library_effects>
  <library_geometries>
    <geometry id="geometry0" name="Trappe_shape">
      <mesh>
        <source id="cubeverts-array0">
          <float_array count="14952" id="cubeverts-array0-array">-7.7e-16 0.6279119 0.01956183 -7.7e-16 0.6270395 0.0190731 0.001415751 0.6270568 0.0190423 0.001415751 0.6279291 0.01953103 0.002827982 0.6279809 0.0194387 0.002827982 0.6271085 0.01894996 0.004233183 0.628067 0.01928507 0.004233183 0.6271945 0.01879633 0.005627859 0.6281871 0.01907052 0.005627859 0.6273147 0.01858179 0.007008543 0.6283412 0.01879559 0.007008543 0.6274688 0.01830685 0.008371804 0.6285286 0.01846096 0.008371804 0.6276562 0.01797222 0.009714251 0.6287491 0.01806746 0.009714251 0.6278766 0.01757872 0.01103255 0.629002 0.01761607 0.01103255 0.6281295 0.01712733 0.01232341 0.6292866 0.01710791 0.01232341 0.6284142 0.01661917 0.01358364 0.6296024 0.01654424 0.01358364 0.6287299 0.01605551 0.0148101 0.6299484 0.01592648 0.0148101 0.629076 0.01543775 0.01599974 0.630324 0.01525615 0.01599974 0.6294515 0.01476741 0.0171496 0.6298555 0.01404618 0.0171496 0.630728 0.01453491 0.01825682 0.6302871 0.01327584 0.01825682 0.6311595 0.01376457 0.01931865 0.6307451 0.0124583 0.01931865 0.6316175 0.01294704 0.02033246 0.6321008 0.01208434 0.02033246 0.6312283 0.01159561 0.02129571 0.6326082 0.01117864 0.02129571 0.6317357 0.0106899 0.02220602 0.6331384 0.01023217 0.02220602 0.6322659 0.00974343 0.02306112 0.6336901 0.009247283 0.02306112 0.6328177 0.008758548 0.02385889 0.634262 0.008226439 0.02385889 0.6333895 0.007737704 0.02459735 0.6348526 0.007172171 0.02459735 0.6339802 0.006683436 0.02527464 0.6354604 0.006087101 0.02527464 0.634588 0.005598366 0.02588911 0.636084 0.004973926 0.02588911 0.6352116 0.004485191 0.02643921 0.6367218 0.003835413 0.02643921 0.6358494 0.003346678 0.02692357 0.6364998 0.002185659 0.02692357 0.6373722 0.002674393 0.027341 0.6380336 0.001493753 0.027341 0.6371612 0.001005019 0.02769046 0.6378319 -0.0001923067 0.02769046 0.6387043 0.000296428 0.02797107 0.6385103 -0.00140334 0.02797107 0.6393828 -0.0009146058 0.02818214 0.6400672 -0.002136337 0.02818214 0.6391948 -0.002625072 0.02832315 0.6407559 -0.003365729 0.02832315 0.6398834 -0.003854464 0.02839374 0.6414471 -0.004599724 0.02839374 0.6405747 -0.005088459 0.02839374 0.6421393 -0.005835256 0.02839374 0.6412668 -0.00632399 0.02832315 0.6428306 -0.007069251 0.02832315 0.6419581 -0.007557986 0.02818214 0.6435193 -0.008298643 0.02818214 0.6426469 -0.008787377 0.02797107 0.6433312 -0.01000911 0.02797107 0.6442037 -0.009520374 0.02769046 0.6440097 -0.01122014 0.02769046 0.6448821 -0.01073141 0.027341 0.6446804 -0.01241747 0.027341 0.6455529 -0.01192873 0.02692357 0.6462142 -0.01310937 0.02692357 0.6453418 -0.01359811 0.02643921 0.6468646 -0.01427039 0.02643921 0.6459922 -0.01475913 0.02588911 0.6475024 -0.01540891 0.02588911 0.64663 -0.01589764 0.02527464 0.6472536 -0.01701082 0.02527464 0.648126 -0.01652208 0.02459735 0.6487339 -0.01760715 0.02459735 0.6478615 -0.01809589 0.02385889 0.6484521 -0.01915015 0.02385889 0.6493245 -0.01866142 0.02306112 0.6498964 -0.01968226 0.02306112 0.6490239 -0.020171 0.02220602 0.6504481 -0.02066714 0.02220602 0.6495757 -0.02115588 0.02129571 0.6509783 -0.02161362 0.02129571 0.6501059 -0.02210235 0.02033246 0.6514857 -0.02251933 0.02033246 0.6506132 -0.02300806 0.01931865 0.6519689 -0.02338202 0.01931865 0.6510965 -0.02387075 0.01825682 0.6515545 -0.02468829 0.01825682 0.6524269 -0.02419955 0.0171496 0.651986 -0.02545863 0.0171496 0.6528585 -0.02496989 0.01599974 0.6523901 -0.02617986 0.01599974 0.6532625 -0.02569113 0.0148101 0.6536381 -0.02636146 0.0148101 0.6527656 -0.02685019 0.01358364 0.6531117 -0.02746796 0.01358364 0.6539841 -0.02697923 0.01232341 0.6542999 -0.02754289 0.01232341 0.6534274 -0.02803162 0.01103255 0.6537121 -0.02853978 0.01103255 0.6545845 -0.02805105 0.009714251 0.6548374 -0.02850244 0.009714251 0.653965 -0.02899117 0.008371804 0.6541854 -0.02938467 0.008371804 0.6550579 -0.02889594 0.007008543 0.6552453 -0.02923057 0.007008543 0.6543729 -0.0297193 0.005627859 0.6545269 -0.02999423 0.005627859 0.6553993 -0.0295055 0.004233183 0.6546471 -0.03020878 0.004233183 0.6555195 -0.02972005 0.002827982 0.6556056 -0.02987368 0.002827982 0.6547332 -0.03036241 0.001415751 0.6556573 -0.02996601 0.001415751 0.6547849 -0.03045474 -7.67e-16 0.6556746 -0.02999681 -7.67e-16 0.6548021 -0.03048555 -7.66e-16 0.6564081 -0.03130625 -0.001490565 0.65639 -0.03127382 -7.66e-16 0.6555356 -0.03179498 -0.001490565 0.6555175 -0.03176255 -0.002977424 0.6563354 -0.03117661 -0.002977424 0.655463 -0.03166534 -0.004456881 0.6562449 -0.03101486 -0.004456881 0.6553724 -0.03150359 -0.005925257 0.6561183 -0.03078897 -0.005925257 0.6552459 -0.0312777 -0.007378901 0.6559562 -0.03049951 -0.007378901 0.6550837 -0.03098825 -0.008814201 0.6557588 -0.0301472 -0.008814201 0.6548864 -0.03063593 -0.01022759 0.6555267 -0.0297329 -0.01022759 0.6546543 -0.03022164 -0.01161555 0.6552605 -0.02925766 -0.01161555 0.6543881 -0.02974639 -0.01297463 0.6549608 -0.02872265 -0.01297463 0.6540883 -0.02921138 -0.01430145 0.6546283 -0.0281292 -0.01430145 0.6537559 -0.02861793 -0.01559272 0.654264 -0.02747879 -0.01559272 0.6533915 -0.02796752 -0.01684522 0.6538686 -0.02677303 -0.01684522 0.6529962 -0.02726177 -0.01805585 0.6525708 -0.02650242 -0.01805585 0.6534432 -0.02601369 -0.01922158 0.6529889 -0.02520264 -0.01922158 0.6521165 -0.02569137 -0.02033952 0.6525067 -0.0243419 -0.02033952 0.6516343 -0.02483064 -0.0214069 0.6519979 -0.02343362 -0.0214069 0.6511254 -0.02392235 -0.02242106 0.6505912 -0.02296878 -0.02242106 0.6514637 -0.02248005 -0.02337947 0.6509055 -0.02148356 -0.02337947 0.650033 -0.0219723 -0.02427976 0.6503246 -0.02044664 -0.02427976 0.6494521 -0.02093537 -0.02511969 0.64885 -0.01986058 -0.02511969 0.6497225 -0.01937185 -0.02589716 0.6491006 -0.01826187 -0.02589716 0.6482282 -0.0187506 -0.02661025 0.6484607 -0.01711946 -0.02661025 0.6475883 -0.01760819 -0.02725718 0.6469317 -0.01643619 -0.02725718 0.6478041 -0.01594746 -0.02783635 0.6471326 -0.01474878 -0.02783635 0.6462602 -0.01523752 -0.02834631 0.6455754 -0.01401515 -0.02834631 0.6464479 -0.01352641 -0.0287858 0.6448791 -0.01277212 -0.0287858 0.6457515 -0.01228338 -0.02915372 0.6441729 -0.01151152 -0.02915372 0.6450453 -0.01102278 -0.02944917 0.6434586 -0.01023649 -0.02944917 0.6443311 -0.009747755 -0.02967139 0.6436105 -0.008461463 -0.02967139 0.642738 -0.008950197 -0.02981985 0.6428854 -0.007167105 -0.02981985 0.6420129 -0.00765584 -0.02989417 0.6421576 -0.005867901 -0.02989417 0.6412852 -0.006356636 -0.02989417 0.6414289 -0.004567079 -0.02989417 0.6405565 -0.005055814 -0.02981985 0.6398286 -0.003756609 -0.02981985 0.640701 -0.003267875 -0.02967139 0.639976 -0.001973518 -0.02967139 0.6391035 -0.002462252 -0.02944917 0.6392554 -0.0006872252 -0.02944917 0.6383829 -0.00117596 -0.02915372 0.6385411 0.0005878043 -0.02915372 0.6376687 9.906957e-05 -0.0287858 0.637835 0.001848401 -0.0287858 0.6369625 0.001359666 -0.02834631 0.6371386 0.00309143 -0.02834631 0.6362662 0.002602696 -0.02783635 0.6364538 0.004313803 -0.02783635 0.6355814 0.003825068 -0.02725718 0.6357823 0.005512479 -0.02725718 0.6349099 0.005023744 -0.02661025 0.6351258 0.006684478 -0.02661025 0.6342534 0.006195744 -0.02589716 0.6344858 0.007826888 -0.02589716 0.6336133 0.007338153 -0.02511969 0.633864 0.008936867 -0.02511969 0.6329916 0.008448133 -0.02427976 0.6332619 0.01001166 -0.02427976 0.6323895 0.009522922 -0.02337947 0.632681 0.01104858 -0.02337947 0.6318086 0.01055985 -0.02242106 0.6321228 0.01204507 -0.02242106 0.6312504 0.01155634 -0.0214069 0.6315886 0.01299864 -0.0214069 0.6307162 0.0125099 -0.02033952 0.6310798 0.01390692 -0.02033952 0.6302073 0.01341819 -0.01922158 0.6305976 0.01476766 -0.01922158 0.6297252 0.01427892 -0.01805585 0.6292708 0.01508997 -0.01805585 0.6301432 0.0155787 -0.01684522 0.6297179 0.01633805 -0.01684522 0.6288455 0.01584932 -0.01559272 0.6284501 0.01655507 -0.01559272 0.6293225 0.01704381 -0.01430145 0.6280857 0.01720548 -0.01430145 0.6289581 0.01769422 -0.01297463 0.6277532 0.01779893 -0.01297463 0.6286257 0.01828767 -0.01161555 0.6274536 0.01833394 -0.01161555 0.628326 0.01882268 -0.01022759 0.6271873 0.01880919 -0.01022759 0.6280598 0.01929792 -0.008814201 0.6278277 0.01971222 -0.008814201 0.6269553 0.01922348 -0.007378901 0.6267579 0.0195758 -0.007378901 0.6276303 0.02006453 -0.005925257 0.6274681 0.02035399 -0.005925257 0.6265957 0.01986526 -0.004456881 0.6264692 0.02009114 -0.004456881 0.6273416 0.02057988 -0.002977424 0.627251 0.02074162 -0.002977424 0.6263785 0.02025289 -0.001490565 0.6271965 0.02083883 -0.001490565 0.6263241 0.0203501 -7.7e-16 0.6271783 0.02087127 -7.7e-16 0.6263059 0.02038253 0.001918886 0.6205132 0.026932 -7.7e-16 0.6204899 0.02697375 -7.65e-16 0.6203597 0.02690496 0.001919067 0.6203831 0.0268632 0.001918347 0.6206466 0.02699433 -7.7e-16 0.6206232 0.02703607 0.001917448 0.6207829 0.02705005 -7.7e-16 0.6207596 0.02709176 0.001916193 0.6209218 0.02709902 -7.7e-16 0.6208984 0.02714071 0.001914585 0.6210629 0.02714112 -7.7e-16 0.6210396 0.02718278 0.001912628 0.6212059 0.02717626 -7.7e-16 0.6211826 0.02721787 0.001910325 0.6213504 0.02720435 -7.7e-16 0.6213271 0.02724591 0.001907684 0.6214961 0.02722531 -7.7e-16 0.6214728 0.02726682 0.001904709 0.6216427 0.02723911 -7.7e-16 0.6216194 0.02728055 0.001901409 0.6217897 0.0272457 -7.7e-16 0.6217665 0.02728707 0.001897792 0.621937 0.02724508 -7.7e-16 0.6219138 0.02728637 0.001893865 0.6220839 0.02723724 -7.7e-16 0.6220609 0.02727844 0.001889639 0.6222303 0.0272222 -7.7e-16 0.6222073 0.02726331 0.003833002 0.6205833 0.02680685 0.003833362 0.6204531 0.02673805 0.001885123 0.6223759 0.02719999 -7.7e-16 0.6223528 0.02724101 0.003831924 0.6207167 0.02686922 0.001880329 0.6225201 0.02717068 -7.7e-16 0.6224971 0.02721159 0.003830129 0.620853 0.026925 0.001875268 0.6226627 0.02713433 -7.7e-16 0.6226398 0.02717513 0.003827623 0.6209918 0.02697405 0.001869952 0.6228033 0.02709103 -7.7e-16 0.6227805 0.02713171 0.00382441 0.6211328 0.02701626 0.001864395 0.6229417 0.02704088 -7.7e-16 0.6229189 0.02708145 0.0038205 0.6212758 0.02705152 0.001858608 0.6230773 0.02698401 -7.7e-16 0.6230547 0.02702445 0.003815901 0.6214202 0.02707976 0.001852608 0.6232101 0.02692055 -7.7e-16 0.6231875 0.02696086 0.003810625 0.6215658 0.0271009 0.001846407 0.6233395 0.02685065 -7.7e-16 0.623317 0.02689082 0.003804683 0.6217123 0.02711489 0.001840021 0.6234654 0.02677449 -7.7e-16 0.6234429 0.02681452 0.003798092 0.6218592 0.0271217 0.001833465 0.6235873 0.02669224 -7.7e-16 0.623565 0.02673213 0.003790865 0.6220063 0.02712131 0.001826755 0.6237051 0.02660411 -7.7e-16 0.6236828 0.02664385 0.003783021 0.6221531 0.02711372 0.001819907 0.6238184 0.0265103 -7.7e-16 0.6237962 0.0265499 0.00377458 0.6222994 0.02709896 0.001812937 0.6239269 0.02641105 -7.7e-16 0.6239048 0.02645049 0.005737589 0.6207 0.02659863 0.005738127 0.6205698 0.0265298 0.003765559 0.6224447 0.02707705 0.001805864 0.6240305 0.02630658 -7.7e-16 0.6240085 0.02634587 0.005735974 0.6208333 0.02666105 0.003755983 0.6225887 0.02704805 0.001798702 0.6241287 0.02619716 -7.7e-16 0.6241068 0.0262363 0.005733288 0.6209695 0.02671692 0.003745874 0.6227311 0.02701203 0.001791471 0.6242215 0.02608305 -7.7e-16 0.6241997 0.02612203 0.005729536 0.6211083 0.02676611 0.003735255 0.6228716 0.02696908 0.001784186 0.6243086 0.02596452 -7.7e-16 0.6242869 0.02600334 0.005724728 0.6212492 0.0268085 0.003724154 0.6230098 0.02691929 0.001776866 0.6243897 0.02584186 -7.7e-16 0.624368 0.02588052 -7.7e-16 0.6244432 0.02575386 0.001769529 0.6244647 0.02571536 0.005718874 0.621392 0.02684398 0.003712596 0.6231452 0.0268628 0.00571199 0.6215363 0.02687246 0.003700609 0.6232778 0.02679973 0.005704092 0.6216818 0.02689389 0.003688223 0.623407 0.02673023 0.005695198 0.6218281 0.0269082 0.003675467 0.6235326 0.02665449 0.005685331 0.6219748 0.02691537 0.003662371 0.6236543 0.02657267 0.005674514 0.6221216 0.02691537 0.003648968 0.6237719 0.02648497 0.005662773 0.6222682 0.02690821 0.003635289 0.6238849 0.02639161 0.005650136 0.6224142 0.0268939 0.003621368 0.6239932 0.02629281 0.007627911 0.6208629 0.02630783 0.007628626 0.6207327 0.02623898 0.005636634 0.6225593 0.02687249 0.003607238 0.6240964 0.02618881 0.007625764 0.6209962 0.02637034 0.0056223 0.6227031 0.02684401 0.003592933 0.6241945 0.02607986 0.007622192 0.6211323 0.02642635 0.005607167 0.6228452 0.02680853 0.003578487 0.624287 0.02596622 0.007617205 0.6212709 0.02647573 0.005591272 0.6229853 0.02676616 0.003563937 0.6243738 0.02584816 0.007610812 0.6214117 0.02651835 0.005574655 0.623123 0.02671698 0.003549315 0.6244547 0.02572598 0.003534659 0.6245294 0.02559996 0.00760303 0.6215544 0.02655413 0.005557353 0.6232582 0.02666111 0.007593878 0.6216985 0.02658296 0.005539411 0.6233904 0.02659869 0.007583377 0.6218438 0.02660479 0.00552087 0.6235192 0.02652987 0.007571554 0.6219897 0.02661955 0.005501775 0.6236445 0.02645482 0.007558436 0.6221362 0.02662722 0.005482172 0.6237657 0.02637371 0.007544055 0.6222828 0.02662777 0.005462109 0.6238829 0.02628674 0.007528446 0.622429 0.02662121 0.005441633 0.6239955 0.02619412 0.007511645 0.6225746 0.02660754 0.005420794 0.6241034 0.02609608 0.009499269 0.6210717 0.02593519 0.00950016 0.6209415 0.0258663 0.007493695 0.6227194 0.02658681 0.005399643 0.6242062 0.02599285 0.009496595 0.6212049 0.0259978 0.007474638 0.6228627 0.02655906 0.005378231 0.6243038 0.02588467 0.009492147 0.6213409 0.02605399 0.00745452 0.6230044 0.02652435 0.005356607 0.6243959 0.02577182 0.009485936 0.6214794 0.02610361 0.007433389 0.623144 0.02648278 0.005334826 0.6244822 0.02565455 0.009477975 0.6216201 0.02614655 0.007411296 0.6232814 0.02643444 0.00531294 0.6245626 0.02553316 0.005291 0.624637 0.02540794 0.009468284 0.6217625 0.02618271 0.007388295 0.623416 0.02637945 0.009456886 0.6219063 0.02621199 0.00736444 0.6235476 0.02631794 0.00944381 0.6220513 0.02623433 0.00733979 0.623676 0.02625006 0.009429086 0.622197 0.02624967 0.007314404 0.6238007 0.02617597 0.009412749 0.6223431 0.02625798 0.007288343 0.6239214 0.02609586 0.00939484 0.6224892 0.02625923 0.00726167 0.624038 0.02600991 0.009375401 0.6226351 0.02625343 0.007234448 0.62415 0.02591833 0.00935448 0.6227802 0.02624058 0.007206745 0.6242573 0.02582134 0.01134701 0.6213257 0.02548164 0.01134807 0.6211956 0.02541271 0.009332126 0.6229244 0.02622073 0.007178625 0.6243596 0.02571918 0.01134382 0.6214589 0.02554438 0.009308393 0.6230673 0.0261939 0.007150157 0.6244565 0.02561209 0.0113385 0.6215948 0.02560077 0.00928334 0.6232084 0.02616018 0.00712141 0.624548 0.02550033 0.01133108 0.6217332 0.02565069 0.009257024 0.6233475 0.02611964 0.007092453 0.6246337 0.02538417 0.01132157 0.6218735 0.02569401 0.009229511 0.6234842 0.02607238 0.007063356 0.6247135 0.02526389 0.007034188 0.6247872 0.02513978 0.01131 0.6220157 0.02573063 0.009200868 0.6236182 0.02601852 0.01129638 0.6221592 0.02576046 0.009171161 0.6237492 0.02595817 0.01128076 0.6223038 0.02578342 0.009140464 0.6238768 0.0258915 0.01126318 0.6224492 0.02579947 0.00910885 0.6240009 0.02581865 0.01124366 0.6225948 0.02580855 0.009076395 0.6241208 0.02573981 0.01122227 0.6227405 0.02581066 0.009043178 0.6242367 0.02565516 0.01119905 0.6228858 0.02580579 0.009009277 0.624348 0.02556491 0.01117406 0.6230305 0.02579394 0.008974777 0.6244545 0.02546928 0.01316654 0.6216245 0.02494829 0.01316778 0.6214944 0.02487931 0.01114736 0.623174 0.02577515 0.008939759 0.624556 0.02536849 0.01316284 0.6217576 0.02501118 0.01111901 0.6233162 0.02574946 0.008904307 0.6246522 0.02526279 0.01315667 0.6218934 0.02506783 0.01108908 0.6234567 0.02571694 0.008868508 0.6247429 0.02515244 0.01314806 0.6220315 0.0251181 0.01105764 0.623595 0.02567766 0.008832447 0.6248278 0.02503769 0.01313703 0.6221716 0.02516187 0.01102478 0.623731 0.02563171 0.008796211 0.6249068 0.02491883 0.008759888 0.6249797 0.02479614 0.01312359 0.6223135 0.02519903 0.01099057 0.6238643 0.02557921 0.0131078 0.6224567 0.02522949 0.01095508 0.6239945 0.02552028 0.01308967 0.6226009 0.02525319 0.01091841 0.6241213 0.02545507 0.01306926 0.6227457 0.02527006 0.01088065 0.6242444 0.02538374 0.01304662 0.6228909 0.02528007 0.01084188 0.6243636 0.02530644 0.0130218 0.623036 0.02528318 0.0108022 0.6244786 0.02522338 0.01299485 0.6231807 0.0252794 0.01076171 0.624589 0.02513475 0.01296585 0.6233246 0.02526873 0.0107205 0.6246946 0.02504077 0.01495334 0.6219672 0.02433649 0.01495474 0.6218372 0.02426745 0.01293487 0.6234675 0.02525119 0.01067867 0.6247951 0.02494165 0.01494913 0.6221002 0.02439955 0.01290198 0.623609 0.02522684 0.01063632 0.6248903 0.02483764 0.01494213 0.6222358 0.02445648 0.01286725 0.6237487 0.02519572 0.01059356 0.62498 0.024729 0.01493235 0.6223737 0.02450715 0.01283078 0.6238862 0.02515791 0.01055048 0.625064 0.02461597 0.01491982 0.6225136 0.02455143 0.01279264 0.6240214 0.02511351 0.0105072 0.6251421 0.02449885 0.01046381 0.625214 0.02437789 0.01490456 0.6226551 0.02458921 0.01275294 0.6241537 0.02506262 0.01488662 0.6227979 0.02462041 0.01271176 0.624283 0.02500536 0.01486604 0.6229416 0.02464495 0.01266922 0.6244088 0.02494188 0.01484286 0.6230859 0.02466278 0.0126254 0.6245309 0.02487231 0.01481714 0.6232305 0.02467383 0.01258041 0.6246491 0.02479684 0.01478895 0.6233749 0.0246781 0.01253437 0.624763 0.02471565 0.01475835 0.623519 0.02467557 0.01248738 0.6248723 0.02462892 0.01472542 0.6236622 0.02466625 0.01243956 0.6249769 0.02453687 0.01670296 0.6223531 0.02364774 0.01670452 0.622223 0.02357863 0.01469023 0.6238043 0.02465015 0.01239103 0.6250763 0.02443972 0.01669826 0.622486 0.02371099 0.01465287 0.6239448 0.02462732 0.01234189 0.6251704 0.02433771 0.01669044 0.6226214 0.02376825 0.01461343 0.6240836 0.02459782 0.01229227 0.625259 0.02423107 0.01667951 0.622759 0.02381937 0.01457201 0.6242202 0.02456171 0.01224229 0.6253419 0.02412007 0.01666552 0.6228986 0.02386422 0.0145287 0.6243543 0.02451908 0.01219206 0.6254188 0.02400498 0.01214172 0.6254895 0.02388606 0.01664848 0.6230397 0.02390271 0.01448361 0.6244857 0.02447003 0.01662844 0.623182 0.02393474 0.01443684 0.6246138 0.02441469 0.01660544 0.6233252 0.02396023 0.01438852 0.6247386 0.02435318 0.01657955 0.6234689 0.02397911 0.01433876 0.6248596 0.02428565 0.01655083 0.6236128 0.02399136 0.01428767 0.6249766 0.02421227 0.01651934 0.6237565 0.02399692 0.01423538 0.6250893 0.02413321 0.01648516 0.6238998 0.0239958 0.01418201 0.6251974 0.02404867 0.01644837 0.6240421 0.02398799 0.01412771 0.6253007 0.02395884 0.01841105 0.6227811 0.02288376 0.01841278 0.6226511 0.02281458 0.02007525 0.6231202 0.0219772 0.01640906 0.6241833 0.02397352 0.01407258 0.6253988 0.02386395 0.01840587 0.6229138 0.02294723 0.01636733 0.6243229 0.02395241 0.01401678 0.6254917 0.02376422 0.01839725 0.623049 0.02300484 0.01632328 0.6244607 0.02392472 0.01396042 0.625579 0.02365989 0.01838521 0.6231864 0.02305646 0.01627701 0.6245962 0.02389052 0.01390366 0.6256605 0.02355121 0.01836978 0.6233256 0.02310196 0.01622863 0.6247292 0.02384989 0.01384661 0.6257361 0.02343845 0.01378944 0.6258055 0.02332187 0.018351 0.6234662 0.02314122 0.01617826 0.6248594 0.02380292 0.01832891 0.6236081 0.02317417 0.01612603 0.6249863 0.02374973 0.01830356 0.6237507 0.02320071 0.01607206 0.6251099 0.02369044 0.01827503 0.6238937 0.02322078 0.01601647 0.6252296 0.02362521 0.01824336 0.6240369 0.02323433 0.0159594 0.6253453 0.02355418 0.01820865 0.6241798 0.02324134 0.01590099 0.6254566 0.02347753 0.01817098 0.6243221 0.02324179 0.01584139 0.6255633 0.02339545 0.01813043 0.6244636 0.02323566 0.01578072 0.6256652 0.02330812 0.02007337 0.6232501 0.02204645 0.0180871 0.6246038 0.02322298 0.01571915 0.625762 0.02321577 0.02006772 0.6233828 0.02211016 0.01804111 0.6247423 0.02320378 0.01565681 0.6258533 0.0231186 0.02005832 0.6235178 0.02216816 0.01799255 0.6248789 0.02317811 0.01559386 0.6259392 0.02301687 0.0200452 0.6236548 0.02222033 0.01794154 0.6250132 0.02314602 0.01553046 0.6260193 0.02291081 0.02002838 0.6237936 0.02226652 0.01788822 0.625145 0.0231076 0.01546674 0.6260934 0.02280068 0.01540287 0.6261614 0.02268674 0.0200079 0.6239338 0.02230665 0.0178327 0.6252739 0.02306294 0.01998381 0.6240751 0.02234059 0.01777513 0.6253995 0.02301214 0.01995618 0.624217 0.02236829 0.01771563 0.6255217 0.02295532 0.01992507 0.6243593 0.02238966 0.01765436 0.62564 0.02289263 0.01989054 0.6245017 0.02240465 0.01759146 0.6257542 0.02282421 0.0198527 0.6246437 0.02241324 0.01752708 0.625864 0.02275024 0.01981162 0.6247851 0.02241539 0.01746137 0.6259692 0.02267088 0.01976741 0.6249255 0.02241111 0.01739451 0.6260695 0.02258632 0.02168579 0.6237591 0.02113789 0.02168782 0.6236292 0.02106855 0.01972017 0.6250646 0.02240041 0.01732664 0.6261647 0.02249679 0.02167968 0.6238915 0.02120185 0.01967002 0.625202 0.0223833 0.01725793 0.6262545 0.02240248 0.02166953 0.6240264 0.02126028 0.01961708 0.6253373 0.02235983 0.01718854 0.6263387 0.02230362 0.02165535 0.6241631 0.02131304 0.01956147 0.6254704 0.02233007 0.01711865 0.6264172 0.02220046 0.02163718 0.6243015 0.02136 0.01950333 0.6256008 0.02229407 0.01704842 0.6264897 0.02209324 0.01697802 0.626556 0.02198222 0.02161505 0.6244411 0.02140105 0.01944281 0.6257282 0.02225193 0.02158903 0.6245817 0.02143609 0.01938003 0.6258524 0.02220375 0.02155918 0.624723 0.02146503 0.01931516 0.625973 0.02214964 0.02152557 0.6248646 0.02148781 0.01924836 0.6260898 0.02208973 0.02148827 0.625006 0.02150437 0.01917978 0.6262024 0.02202418 0.02144739 0.6251471 0.02151467 0.01910958 0.6263105 0.02195313 0.02140301 0.6252875 0.02151868 0.01903795 0.6264141 0.02187676 0.02135525 0.6254267 0.0215164 0.01896504 0.6265127 0.02179525 0.02324429 0.6243067 0.02016034 0.02324647 0.6241769 0.02009091 0.02130422 0.6255646 0.02150783 0.01889104 0.6266061 0.02170879 0.02323775 0.624439 0.02022458 0.02125004 0.6257007 0.021493 0.01881613 0.6266942 0.02161761 0.02322686 0.6245735 0.02028347 0.02119284 0.6258347 0.02147193 0.01874048 0.6267767 0.02152191 0.02321166 0.6247099 0.02033686 0.02113277 0.6259664 0.02144468 0.01866428 0.6268533 0.02142193 0.02319218 0.6248478 0.02038465 0.02106996 0.6260953 0.02141131 0.01858771 0.626924 0.0213179 0.01851095 0.6269886 0.02121008 0.02316847 0.6249869 0.02042669 0.02100457 0.6262212 0.02137191 0.02314058 0.625127 0.0204629 0.02093675 0.6263438 0.02132657 0.02310858 0.6252674 0.02049319 0.02086667 0.6264628 0.0212754 0.02307256 0.6254081 0.02051748 0.0207945 0.6265778 0.02121852 0.02303258 0.6255486 0.02053572 0.02072041 0.6266887 0.02115606 0.02298876 0.6256887 0.02054786 0.02064458 0.6267951 0.02108819 0.02294119 0.6258279 0.02055388 0.02056719 0.6268968 0.02101506 0.02289 0.625966 0.02055375 0.02048843 0.6269936 0.02093685 0.024745 0.6248916 0.01911623 0.02474732 0.6247618 0.01904671 0.0228353 0.6261025 0.02054749 0.02040849 0.6270851 0.02085375 0.02473804 0.6250237 0.01918076 0.02277723 0.6262373 0.02053509 0.02032756 0.6271713 0.02076595 0.02472645 0.625158 0.01924014 0.02271592 0.6263699 0.0205166 0.02024583 0.6272518 0.02067368 0.02471027 0.625294 0.01929422 0.02265153 0.6265 0.02049206 0.02016351 0.6273266 0.02057715 0.02468953 0.6254315 0.01934288 0.02258421 0.6266274 0.02046152 0.02008078 0.6273953 0.02047659 0.01999786 0.6274579 0.02037224 0.02466429 0.6255699 0.01938599 0.02251411 0.6267516 0.02042507 0.0246346 0.6257092 0.01942345 0.02244142 0.6268725 0.02038279 0.02460053 0.6258489 0.01945518 0.02236631 0.6269897 0.02033477 0.02456218 0.6259887 0.01948109 0.02228895 0.6271029 0.02028115 0.02451962 0.6261282 0.01950113 0.02220954 0.6272119 0.02022203 0.02447297 0.6262672 0.01951524 0.02212825 0.6273164 0.02015758 0.02442233 0.6264052 0.01952339 0.0220453 0.6274162 0.02008794 0.02436784 0.626542 0.01952556 0.02196088 0.6275109 0.02001328 0.02618419 0.6255123 0.01800816 0.02618665 0.6253826 0.01793853 0.0243096 0.6266772 0.01952175 0.02187519 0.6276005 0.01993378 0.02617682 0.6256443 0.018073 0.02424778 0.6268104 0.01951196 0.02178845 0.6276846 0.01984963 0.02616456 0.6257783 0.0181329 0.02418252 0.6269415 0.01949623 0.02170085 0.6277631 0.01976104 0.02614744 0.6259139 0.01818771 0.02411397 0.62707 0.01947458 0.02161261 0.6278358 0.01966822 0.0261255 0.6260508 0.01823729 0.0240423 0.6271957 0.01944707 0.02152394 0.6279024 0.01957139 0.02143506 0.6279629 0.01947078 0.02609879 0.6261887 0.01828153 0.02396768 0.6273182 0.01941376 0.02606737 0.6263272 0.01832032 0.0238903 0.6274372 0.01937474 0.02603132 0.626466 0.01835357 0.02381034 0.6275525 0.0193301 0.02599074 0.6266049 0.0183812 0.02372798 0.6276638 0.01927995 0.02594571 0.6267433 0.01840314 0.02364344 0.6277708 0.01922441 0.02589634 0.6268811 0.01841934 0.02355691 0.6278732 0.0191636 0.02584276 0.6270178 0.01842976 0.02346861 0.6279709 0.01909769 0.02578509 0.6271533 0.01843438 0.02337873 0.6280635 0.01902682 0.02755829 0.6261674 0.01683888 0.02756087 0.6260377 0.01676914 0.02886658 0.6267255 0.01554144 0.02572347 0.627287 0.01843317 0.02328751 0.6281509 0.01895117 0.02755053 0.6262992 0.01690405 0.02565806 0.6274187 0.01842616 0.02319517 0.6282329 0.01887092 0.02753763 0.6264328 0.01696449 0.025589 0.6275482 0.01841334 0.02310191 0.6283091 0.01878626 0.02751961 0.626568 0.01702007 0.02551646 0.6276749 0.01839476 0.02300797 0.6283796 0.0186974 0.02749651 0.6267043 0.01707063 0.02544062 0.6277988 0.01837046 0.02291358 0.628444 0.01860456 0.02281896 0.6285023 0.01850794 0.0274684 0.6268416 0.01711606 0.02536167 0.6279194 0.0183405 0.02743533 0.6269793 0.01715626 0.02527978 0.6280365 0.01830494 0.0273974 0.6271172 0.01719112 0.02519517 0.6281498 0.01826389 0.02735468 0.6272551 0.01722056 0.02510803 0.628259 0.01821742 0.02730729 0.6273924 0.01724451 0.02501857 0.6283639 0.01816566 0.02725533 0.6275289 0.01726292 0.024927 0.6284642 0.01810873 0.02719894 0.6276644 0.01727573 0.02483356 0.6285596 0.01804677 0.02713824 0.6277983 0.01728292 0.02473846 0.62865 0.01797993 0.02886387 0.626855 0.0156113 0.02707339 0.6279305 0.01728447 0.02464194 0.6287351 0.01790836 0.02885575 0.6269867 0.01567681 0.02700454 0.6280606 0.01728037 0.02454422 0.6288148 0.01783225 0.02884223 0.62712 0.01573783 0.02693186 0.6281883 0.01727064 0.02444554 0.6288887 0.01775177 0.02882336 0.6272547 0.01579421 0.02685551 0.6283132 0.0172553 0.02434614 0.6289568 0.01766712 0.02879917 0.6273905 0.0158458 0.0267757 0.6284352 0.01723439 0.02424626 0.6290189 0.0175785 0.02414613 0.6290747 0.01748612 0.02876972 0.627527 0.01589248 0.0266926 0.6285538 0.01720795 0.02873509 0.6276639 0.01593415 0.02660642 0.6286689 0.01717605 0.02869535 0.6278009 0.01597071 0.02651736 0.6287801 0.01713877 0.02865062 0.6279376 0.01600205 0.02642565 0.6288871 0.0170962 0.02860098 0.6280738 0.01602811 0.02633149 0.6289897 0.01704843 0.02854656 0.628209 0.01604883 0.02623512 0.6290878 0.01699559 0.02848749 0.6283431 0.01606415 0.02613678 0.6291808 0.01693781 0.02842392 0.6284755 0.01607405 0.02603669 0.6292689 0.01687521 0.03009769 0.6275737 0.01432846 0.03010051 0.6274442 0.01425849 0.03125961 0.6281921 0.01292347 0.028356 0.6286061 0.01607848 0.0259351 0.6293516 0.01680795 0.03008922 0.6277051 0.01439434 0.02828389 0.6287344 0.01607745 0.02583225 0.6294288 0.0167362 0.03007512 0.6278381 0.01445596 0.02820776 0.6288604 0.01607096 0.02572839 0.6295002 0.01666013 0.03005544 0.6279724 0.01451317 0.0281278 0.6289834 0.01605902 0.02562378 0.6295658 0.01657991 0.03003022 0.6281075 0.01456584 0.0280442 0.6291034 0.01604166 0.02551865 0.6296254 0.01649575 0.02541327 0.6296788 0.01640785 0.02999952 0.6282433 0.01461384 0.02795716 0.6292199 0.01601893 0.0299634 0.6283793 0.01465704 0.0278669 0.6293328 0.01599087 0.02992197 0.6285154 0.01469536 0.02777363 0.6294418 0.01595755 0.02987532 0.628651 0.01472869 0.02767757 0.6295466 0.01591907 0.02982356 0.6287859 0.01475696 0.02757895 0.6296469 0.0158755 0.02976682 0.6289198 0.0147801 0.02747802 0.6297424 0.01582695 0.02970522 0.6290523 0.01479805 0.02737501 0.6298331 0.01577354 0.02963894 0.6291832 0.01481077 0.02727018 0.6299186 0.0157154 0.03125668 0.6283215 0.01299357 0.02956811 0.6293121 0.01481822 0.02716378 0.6299988 0.01565268 0.03124788 0.6284527 0.01305982 0.02949291 0.6294387 0.0148204 0.02705606 0.6300734 0.01558551 0.03123325 0.6285853 0.01312207 0.02941353 0.6295626 0.01481729 0.02694728 0.6301423 0.01551406 0.03121281 0.6287191 0.01318015 0.02933016 0.6296837 0.0148089 0.02683771 0.6302053 0.0154385 0.03118661 0.6288536 0.01323394 0.02924298 0.6298016 0.01479526 0.0267276 0.6302621 0.01535903 0.02661723 0.6303129 0.01527582 0.03115473 0.6289886 0.0132833 0.02915223 0.629916 0.01477639 0.03111723 0.6291238 0.01332811 0.02905811 0.6300267 0.01475235 0.0310742 0.6292588 0.01336826 0.02896084 0.6301333 0.01472318 0.03102575 0.6293932 0.01340366 0.02886068 0.6302357 0.01468896 0.030972 0.6295269 0.01343423 0.02875784 0.6303335 0.01464977 0.03091307 0.6296594 0.01345988 0.0286526 0.6304266 0.01460571 0.0308491 0.6297904 0.01348056 0.02854519 0.6305146 0.01455688 0.03078026 0.6299196 0.01349622 0.02843588 0.6305976 0.0145034 0.03233796 0.6290966 0.01160994 0.032341 0.6289672 0.0115397 0.03070671 0.6300467 0.01350682 0.02832493 0.630675 0.0144454 0.03232887 0.6292276 0.01167658 0.03062862 0.6301714 0.01351233 0.0282126 0.630747 0.01438302 0.03231372 0.6293599 0.01173947 0.03054618 0.6302935 0.01351274 0.02809917 0.6308132 0.01431641 0.03229258 0.6294931 0.01179846 0.03045959 0.6304125 0.01350805 0.02798492 0.6308734 0.01424572 0.03226548 0.629627 0.01185341 0.03036906 0.6305281 0.01349827 0.02787011 0.6309276 0.01417114 0.02775502 0.6309756 0.01409283 0.03223248 0.6297612 0.01190417 0.03027481 0.6306403 0.01348343 0.03219368 0.6298954 0.01195064 0.03017706 0.6307487 0.01346356 0.03214917 0.6300294 0.0119927 0.03007606 0.6308528 0.0134387 0.03209904 0.6301627 0.01203025 0.02997203 0.6309527 0.01340893 0.03204343 0.6302949 0.01206319 0.02986524 0.631048 0.0133743 0.03198246 0.630426 0.01209146 0.02975595 0.6311385 0.01333491 0.03191629 0.6305554 0.01211497 0.0296444 0.6312239 0.01329084 0.03184507 0.6306829 0.01213367 0.02953088 0.6313041 0.01324221 0.03333885 0.6298971 0.010181 0.03334198 0.6297678 0.01011063 0.03176897 0.6308082 0.01214753 0.02941565 0.6313788 0.01318913 0.03332947 0.6300278 0.01024804 0.03168818 0.630931 0.01215649 0.029299 0.6314479 0.01313173 0.03331386 0.6301598 0.0103116 0.03160288 0.6310509 0.01216056 0.02918121 0.6315113 0.01307015 0.03329206 0.6302925 0.01037153 0.0315133 0.6311678 0.0121597 0.02906255 0.6315687 0.01300453 0.03326412 0.6304257 0.01042767 0.03141964 0.6312813 0.01215393 0.02894332 0.6316201 0.01293504 0.0288238 0.6316652 0.01286184 0.03323011 0.6305591 0.0104799 0.03132213 0.6313911 0.01214326 0.03319011 0.6306924 0.01052808 0.031221 0.6314969 0.01212771 0.03314421 0.6308252 0.01057211 0.0311165 0.6315987 0.01210733 0.03309253 0.6309572 0.01061187 0.03100888 0.631696 0.01208216 0.0330352 0.6310881 0.01064727 0.03089839 0.6317886 0.01205226 0.03297235 0.6312177 0.01067823 0.03078531 0.6318763 0.01201771 0.03290412 0.6313455 0.01070466 0.03066991 0.631959 0.01197858 0.0328307 0.6314712 0.01072652 0.03055246 0.6320364 0.01193497 0.03425685 0.6307209 0.008710311 0.03426006 0.6305917 0.008639807 0.03275224 0.6315946 0.01074373 0.03043325 0.6321083 0.01188699 0.03424721 0.6308515 0.00877777 0.03266895 0.6317154 0.01075627 0.03031256 0.6321745 0.01183476 0.03423117 0.630983 0.008842019 0.03258102 0.6318333 0.0107641 0.03019069 0.632235 0.01177839 0.03420877 0.6311152 0.008902905 0.03248866 0.6319479 0.0107672 0.03006793 0.6322894 0.01171803 0.03418006 0.6312477 0.008960281 0.03239211 0.632059 0.01076557 0.02994457 0.6323378 0.01165381 0.02982092 0.63238 0.0115859 0.03414511 0.6313803 0.009014008 0.03229157 0.6321664 0.01075921 0.03410401 0.6315126 0.009063957 0.03218732 0.6322698 0.01074813 0.03405685 0.6316443 0.009110007 0.03207958 0.632369 0.01073237 0.03400375 0.631775 0.009152049 0.03196863 0.6324636 0.01071195 0.03394484 0.6319045 0.00918998 0.03185472 0.6325535 0.01068693 0.03388025 0.6320325 0.009223708 0.03173814 0.6326384 0.01065738 0.03381015 0.6321586 0.009253154 0.03161917 0.6327182 0.01062335 0.0337347 0.6322825 0.009278245 0.03149808 0.6327927 0.01058493 0.03508968 0.6315662 0.007201531 0.03509298 0.631437 0.007130885 0.03365409 0.632404 0.009298922 0.03137518 0.6328616 0.01054222 0.03507981 0.6316965 0.007269414 0.0335685 0.6325227 0.009315134 0.03125076 0.6329249 0.01049532 0.03506338 0.6318276 0.007334371 0.03347815 0.6326384 0.009326843 0.03112512 0.6329823 0.01044434 0.03504043 0.6319592 0.007396243 0.03338326 0.6327507 0.009334021 0.03099856 0.6330338 0.0103894 0.03501102 0.6320911 0.007454883 0.03328403 0.6328595 0.009336649 0.03087138 0.633079 0.01033063 0.0307439 0.6331182 0.01026819 0.03497523 0.6322228 0.007510149 0.03318074 0.6329644 0.009334722 0.03493313 0.632354 0.007561909 0.03307361 0.6330652 0.009328244 0.03488482 0.6324846 0.007610036 0.03296291 0.6331617 0.009317231 0.03483043 0.632614 0.007654416 0.0328489 0.6332536 0.00930171 0.03477009 0.632742 0.007694942 0.03273186 0.6333406 0.009281717 0.03470393 0.6328684 0.007731515 0.03261207 0.6334227 0.009257302 0.03463213 0.6329927 0.007764048 0.03248981 0.6334996 0.009228522 0.03455484 0.6331148 0.007792462 0.0323654 0.633571 0.009195448 0.03583527 0.6324307 0.00565841 0.03583864 0.6323016 0.005587618 0.03447227 0.6332343 0.007816689 0.03223911 0.633637 0.009158159 0.03582519 0.6325607 0.005726727 0.0343846 0.633351 0.007836671 0.03211127 0.6336971 0.009116744 0.03580841 0.6326914 0.005792405 0.03429205 0.6334644 0.007852359 0.03198216 0.6337515 0.009071303 0.03578498 0.6328224 0.005855287 0.03419485 0.6335744 0.007863717 0.03185212 0.6337997 0.009021948 0.03575495 0.6329536 0.00591522 0.03409322 0.6336807 0.007870715 0.03172144 0.633842 0.008968794 0.03159045 0.6338779 0.008911971 0.03571839 0.6330844 0.005972061 0.03398741 0.6337831 0.007873337 0.03567539 0.6332146 0.006025671 0.03387767 0.6338812 0.007871578 0.03562606 0.6333439 0.006075923 0.03376428 0.633975 0.00786544 0.03557052 0.633472 0.006122695 0.0336475 0.634064 0.00785494 0.03550889 0.6335986 0.006165874 0.03352761 0.6341483 0.007840103 0.03544133 0.6337233 0.006205357 0.03340491 0.6342274 0.007820963 0.035368 0.6338459 0.006241047 0.03327969 0.6343012 0.007797568 0.03528907 0.6339661 0.006272861 0.03315224 0.6343696 0.007769974 0.03649178 0.6333122 0.004084782 0.0364952 0.6331832 0.004013843 0.03520474 0.6340836 0.006300719 0.03302289 0.6344324 0.007738246 0.03648151 0.633442 0.004153542 0.03511522 0.634198 0.006324556 0.03289194 0.6344894 0.007702462 0.03646442 0.6335723 0.004219957 0.0350207 0.6343092 0.006344315 0.03275969 0.6345405 0.007662708 0.03644056 0.6337028 0.004283868 0.03492143 0.6344168 0.006359946 0.03262649 0.6345856 0.00761908 0.03640998 0.6338331 0.00434512 0.03481764 0.6345206 0.006371414 0.03249263 0.6346246 0.007571681 0.03235846 0.6346573 0.007520628 0.03637275 0.6339631 0.004403566 0.03470958 0.6346204 0.006378689 0.03632897 0.6340922 0.004459064 0.03459752 0.6347158 0.006381755 0.03627873 0.6342203 0.004511483 0.03448171 0.6348068 0.006380605 0.03622217 0.634347 0.004560694 0.03436245 0.634893 0.006375241 0.03615941 0.6344721 0.004606579 0.03424002 0.6349742 0.006365675 0.03609061 0.6345952 0.004649028 0.03411471 0.6350503 0.006351932 0.03601594 0.634716 0.00468794 0.03398682 0.6351211 0.006334044 0.03593557 0.6348342 0.004723218 0.03385667 0.6351863 0.006312054 0.03705756 0.6342086 0.002484561 0.03706104 0.6340797 0.002413472 0.03584969 0.6349496 0.00475478 0.03372457 0.635246 0.006286015 0.03704713 0.6343382 0.002553771 0.03575853 0.6350618 0.004782549 0.03359083 0.6352997 0.00625599 0.03702978 0.6344681 0.002620936 0.03566228 0.6351707 0.004806458 0.03345578 0.6353476 0.006222051 0.03700554 0.634598 0.002685893 0.03556119 0.6352759 0.004826448 0.03331974 0.6353894 0.00618428 0.03697449 0.6347276 0.002748486 0.0354555 0.6353771 0.004842474 0.03318304 0.6354251 0.006142768 0.03304602 0.6354545 0.006097616 0.03693668 0.6348566 0.002808565 0.03534546 0.6354742 0.004854494 0.03689222 0.6349847 0.002865983 0.03523134 0.635567 0.004862482 0.03684121 0.6351116 0.002920604 0.03511342 0.635655 0.004866416 0.03678377 0.6352369 0.002972296 0.03499197 0.6357383 0.004866289 0.03672004 0.6353604 0.003020933 0.03486729 0.6358165 0.0048621 0.03665017 0.6354818 0.003066399 0.03473969 0.6358895 0.004853859 0.03657434 0.6356008 0.003108585 0.03460946 0.6359572 0.004841587 0.03649272 0.635717 0.003147388 0.03447693 0.6360192 0.004825312 0.0375312 0.6351177 0.0008617256 0.03753473 0.6349889 0.0007904839 0.0379151 0.6359085 -0.000851086 0.03640552 0.6358303 0.003182716 0.0343424 0.6360756 0.004805074 0.03752064 0.635247 0.0009313926 0.03631293 0.6359402 0.003214482 0.03420621 0.6361261 0.004780922 0.03750307 0.6353765 0.000999317 0.03621519 0.6360468 0.003242611 0.03406869 0.6361706 0.004752914 0.03747853 0.6355058 0.001065335 0.03611254 0.6361494 0.003267035 0.03393016 0.6362091 0.004721117 0.03744707 0.6356346 0.001129288 0.03600521 0.6362481 0.003287695 0.03379096 0.6362414 0.004685608 0.03365142 0.6362675 0.004646472 0.03740878 0.6357628 0.001191022 0.03589346 0.6363425 0.003304541 0.03736375 0.6358897 0.001250388 0.03577758 0.6364324 0.003317533 0.03731209 0.6360153 0.001307243 0.03565783 0.6365176 0.003326639 0.03725391 0.6361393 0.00136145 0.0355345 0.6365979 0.003331837 0.03718937 0.6362612 0.001412878 0.03540789 0.636673 0.003333116 0.03711861 0.6363809 0.001461404 0.0352783 0.6367429 0.003330471 0.03704181 0.636498 0.00150691 0.03514606 0.6368074 0.003323909 0.03695915 0.6366122 0.001549288 0.03501147 0.6368661 0.003313446 0.03791154 0.6360372 -0.0007796903 0.03687083 0.6367234 0.001588434 0.03487486 0.6369192 0.003299107 0.03790087 0.6361663 -0.0007095614 0.03677706 0.6368311 0.001624255 0.03473656 0.6369664 0.003280927 0.03788312 0.6362953 -0.0006408684 0.03667807 0.6369352 0.001656665 0.0345969 0.6370075 0.003258949 0.03785833 0.636424 -0.0005737767 0.0365741 0.6370353 0.001685584 0.03445622 0.6370426 0.003233227 0.03782656 0.6365521 -0.000508448 0.0364654 0.6371314 0.001710944 0.03431486 0.6370715 0.003203822 0.03417316 0.6370941 0.003170806 0.03778788 0.6366793 -0.0004450396 0.03635223 0.6372231 0.001732684 0.03774239 0.6368051 -0.0003837044 0.03623486 0.6373101 0.001750751 0.0376902 0.6369295 -0.00032459 0.03611358 0.6373924 0.001765101 0.03763144 0.637052 -0.0002678389 0.03598867 0.6374696 0.0017757 0.03756624 0.6371724 -0.0002135877 0.03586045 0.6375417 0.001782523 0.03749477 0.6372903 -0.0001619673 0.03572921 0.6376084 0.001785552 0.03741719 0.6374055 -0.000113102 0.03559527 0.6376696 0.001784782 0.03733369 0.6375178 -6.710935e-05 0.03545896 0.637725 0.001780213 0.03819762 0.6369649 -0.002435606 0.03820121 0.6368362 -0.002507157 0.03724448 0.6376267 -2.410032e-05 0.03532061 0.6377748 0.001771857 0.03818687 0.6370937 -0.002365011 0.03714976 0.6377321 1.582152e-05 0.03518054 0.6378185 0.001759733 0.03816899 0.6372222 -0.002295542 0.03704977 0.6378338 5.256001e-05 0.0350391 0.6378563 0.001743871 0.03814401 0.6373503 -0.002227368 0.03694474 0.6379315 8.602662e-05 0.03489662 0.6378879 0.00172431 0.038112 0.6374777 -0.002160651 0.03683494 0.6380248 0.0001161408 0.03475345 0.6379133 0.001701095 0.03460994 0.6379325 0.001674284 0.03807303 0.6376039 -0.002095554 0.03672062 0.6381137 0.0001428298 0.0380272 0.6377286 -0.002032232 0.03660207 0.6381979 0.0001660296 0.03797462 0.6378517 -0.001970838 0.03647955 0.6382772 0.0001856841 0.03791541 0.6379728 -0.00191152 0.03635338 0.6383514 0.0002017461 0.03784972 0.6380916 -0.001854421 0.03622385 0.6384203 0.0002141768 0.03777771 0.6382078 -0.001799679 0.03609129 0.6384838 0.0002229463 0.03769954 0.638321 -0.001747425 0.03595599 0.6385416 0.0002280334 0.03761541 0.6384313 -0.001697785 0.0358183 0.6385938 0.0002294259 0.03838874 0.6378984 -0.004101903 0.03839235 0.6377698 -0.004173611 0.03752552 0.638538 -0.001650879 0.03567854 0.6386401 0.0002271205 0.03837794 0.6380269 -0.00403084 0.0374301 0.6386412 -0.00160682 0.03553706 0.6386805 0.0002211227 0.03835997 0.638155 -0.003960591 0.03732935 0.6387404 -0.001565714 0.03539418 0.6387147 0.0002114469 0.03833486 0.6382825 -0.003891327 0.03722353 0.6388354 -0.001527661 0.03525026 0.6387429 0.0001981165 0.03830269 0.638409 -0.003823214 0.0371129 0.6389261 -0.00149275 0.03510564 0.6387648 0.0001811636 0.03496067 0.6387804 0.000160629 0.03826353 0.6385342 -0.003756417 0.03699772 0.6390122 -0.001461068 0.03821747 0.638658 -0.003691095 0.03687827 0.6390935 -0.00143269 0.03816462 0.6387797 -0.003627408 0.03675483 0.6391697 -0.001407684 0.03810512 0.6388994 -0.003565507 0.03662771 0.6392408 -0.001386111 0.0380391 0.6390165 -0.003505542 0.0364972 0.6393066 -0.001368023 0.03796672 0.6391309 -0.003447659 0.03636363 0.6393669 -0.001353463 0.03788817 0.6392424 -0.003391995 0.03622732 0.6394214 -0.001342467 0.03780362 0.6393505 -0.003338685 0.03608859 0.6394702 -0.00133506 0.03848442 0.6388353 -0.005774441 0.03848803 0.6387068 -0.005846306 0.03771328 0.6394551 -0.003287858 0.03594778 0.6395131 -0.001331261 0.03847359 0.6389636 -0.005702907 0.03761737 0.6395558 -0.003239636 0.03580522 0.63955 -0.001331079 0.03845557 0.6390912 -0.005631875 0.03751612 0.6396526 -0.003194135 0.03566127 0.6395807 -0.001334514 0.03843041 0.6392181 -0.005561517 0.03740978 0.6397451 -0.003151466 0.03551626 0.6396054 -0.001341558 0.03839816 0.6393439 -0.005492002 0.03729859 0.6398331 -0.003111729 0.03537055 0.6396238 -0.001352195 0.03522449 0.6396359 -0.001366397 0.03835889 0.6394681 -0.005423499 0.03718283 0.6399163 -0.003075022 0.03831272 0.6395907 -0.005356171 0.03706279 0.6399947 -0.003041433 0.03825974 0.6397112 -0.005290181 0.03693873 0.6400679 -0.003011043 0.03820009 0.6398294 -0.005225688 0.03681097 0.640136 -0.002983925 0.03813391 0.6399449 -0.005162847 0.03667981 0.6401985 -0.002960143 0.03806135 0.6400576 -0.00510181 0.03654557 0.6402555 -0.002939757 0.0379826 0.6401671 -0.005042723 0.03640858 0.6403068 -0.002922814 0.03789784 0.6402731 -0.00498573 0.03626915 0.6403522 -0.002909355 0.03848442 0.6397734 -0.00744906 0.03848803 0.639645 -0.007521082 0.03780728 0.6403755 -0.004930967 0.03612764 0.6403916 -0.002899414 0.03847359 0.6399014 -0.007377055 0.03771113 0.640474 -0.004878566 0.03598437 0.640425 -0.002893013 0.03845557 0.6400287 -0.007305239 0.03760963 0.6405682 -0.004828654 0.03583969 0.6404523 -0.002890168 0.03843041 0.640155 -0.007233786 0.03750302 0.6406581 -0.004781352 0.03569396 0.6404733 -0.002890887 0.03839816 0.6402799 -0.007162868 0.03739156 0.6407434 -0.004736771 0.03554753 0.6404882 -0.002895167 0.03540073 0.6404966 -0.002902998 0.03835889 0.6404032 -0.007092656 0.03727551 0.6408239 -0.004695021 0.03831272 0.6405247 -0.007023319 0.03715516 0.6408993 -0.004656201 0.03825974 0.6406439 -0.006955023 0.0370308 0.6409695 -0.004620406 0.03820009 0.6407606 -0.006887935 0.03690272 0.6410344 -0.004587721 0.03813391 0.6408745 -0.006822214 0.03677123 0.6410938 -0.004558226 0.03806135 0.6409854 -0.006758019 0.03663666 0.6411475 -0.004531991 0.0379826 0.641093 -0.006695506 0.03649932 0.6411954 -0.004509079 0.03789784 0.641197 -0.006634825 0.03635955 0.6412374 -0.004489546 0.03838874 0.6407104 -0.009121598 0.03839235 0.6405821 -0.009193777 0.03820121 0.6415156 -0.01086023 0.03780728 0.6412971 -0.006576121 0.03621768 0.6412734 -0.004473438 0.03837794 0.6408381 -0.009049122 0.03771113 0.6413932 -0.006519536 0.03607405 0.6413033 -0.004460795 0.03835997 0.6409649 -0.008976523 0.03760963 0.641485 -0.006465208 0.03592902 0.641327 -0.004451648 0.03833486 0.6410906 -0.008903976 0.03750302 0.6415723 -0.006413266 0.03578292 0.6413445 -0.004446017 0.03830269 0.6412147 -0.008831656 0.03739156 0.6416548 -0.006363835 0.03563612 0.6413557 -0.004443917 0.03548896 0.6413607 -0.004445353 0.03826353 0.6413371 -0.008759738 0.03727551 0.6417325 -0.006317035 0.03821747 0.6414574 -0.008688395 0.03715516 0.641805 -0.006272979 0.03816462 0.6415753 -0.008617797 0.0370308 0.6418722 -0.006231772 0.03810512 0.6416906 -0.008548115 0.03690272 0.641934 -0.006193514 0.0380391 0.6418029 -0.008479518 0.03677123 0.6419901 -0.006158297 0.03796672 0.641912 -0.00841217 0.03663666 0.6420405 -0.006126206 0.03788817 0.6420177 -0.008346234 0.03649932 0.6420851 -0.006097318 0.03780362 0.6421196 -0.00828187 0.03635955 0.6421237 -0.006071703 0.03819762 0.6416438 -0.0107879 0.03771328 0.6422176 -0.00821923 0.03621768 0.6421562 -0.006049422 0.03818687 0.6417713 -0.01071495 0.03761737 0.6423113 -0.008158467 0.03607405 0.6421826 -0.00603053 0.03816899 0.6418977 -0.01064157 0.03751612 0.6424007 -0.008099727 0.03592902 0.6422028 -0.006015071 0.03814401 0.6420227 -0.01056794 0.03740978 0.6424854 -0.008043152 0.03578292 0.6422167 -0.006003083 0.038112 0.6421461 -0.01049422 0.03729859 0.6425652 -0.007988877 0.03563612 0.6422244 -0.005994595 0.03548896 0.6422258 -0.005989627 0.03807303 0.6422675 -0.0104206 0.03718283 0.64264 -0.007937033 0.0380272 0.6423867 -0.01034726 0.03706279 0.6427096 -0.007887746 0.03797462 0.6425034 -0.01027437 0.03693873 0.6427737 -0.007841135 0.03791541 0.6426171 -0.0102021 0.03681097 0.6428324 -0.00779731 0.03784972 0.6427279 -0.01013064 0.03667981 0.6428854 -0.007756379 0.03777771 0.6428353 -0.01006015 0.03654557 0.6429325 -0.00771844 0.03769954 0.642939 -0.009990805 0.03640858 0.6429737 -0.007683583 0.03761541 0.6430389 -0.00992277 0.03626915 0.6430089 -0.007651894 0.03791154 0.6425715 -0.01244381 0.0379151 0.6424434 -0.0125163 0.03752552 0.6431346 -0.009856209 0.03612764 0.643038 -0.007623447 0.03790087 0.6426987 -0.0123704 0.0374301 0.6432261 -0.009791283 0.03598437 0.6430609 -0.007598313 0.03788312 0.6428246 -0.01229625 0.03732935 0.6433129 -0.009728148 0.03583969 0.6430776 -0.007576551 0.03785833 0.642949 -0.01222153 0.03722353 0.643395 -0.009666957 0.03569396 0.643088 -0.007558214 0.03782656 0.6430717 -0.01214642 0.0371129 0.6434722 -0.009607856 0.03554753 0.643092 -0.007543345 0.03540073 0.6430898 -0.007531982 0.03778788 0.6431921 -0.01207112 0.03699772 0.6435441 -0.009550988 0.03774239 0.6433102 -0.01199578 0.03687827 0.6436108 -0.00949649 0.0376902 0.6434255 -0.01192061 0.03675483 0.6436719 -0.009444493 0.03763144 0.643538 -0.01184578 0.03662771 0.6437275 -0.009395123 0.03756624 0.6436471 -0.01177147 0.0364972 0.6437773 -0.009348499 0.03749477 0.6437527 -0.01169786 0.03636363 0.6438212 -0.009304733 0.03741719 0.6438546 -0.01162513 0.03622732 0.643859 -0.00926393 0.03733369 0.6439524 -0.01155344 0.03608859 0.6438908 -0.009226189 0.0375312 0.643491 -0.01408523 0.03753473 0.643363 -0.01415787 0.03706104 0.6442722 -0.01578086 0.03724448 0.644046 -0.01148299 0.03594778 0.6439164 -0.0091916 0.03752064 0.6436179 -0.01401135 0.03714976 0.6441351 -0.01141393 0.03580522 0.6439359 -0.009160247 0.03750307 0.6437435 -0.01393643 0.03704977 0.6442195 -0.01134642 0.03566127 0.643949 -0.009132205 0.03747853 0.6438673 -0.01386064 0.03694474 0.644299 -0.01128064 0.03551626 0.6439559 -0.009107542 0.03744707 0.6439891 -0.01378416 0.03683494 0.6443735 -0.01121675 0.03537055 0.6439564 -0.009086318 0.03522449 0.6439506 -0.009068583 0.03740878 0.6441086 -0.01370718 0.03672062 0.6444426 -0.01115489 0.03736375 0.6442256 -0.01362988 0.03660207 0.6445064 -0.01109521 0.03731209 0.6443397 -0.01355245 0.03647955 0.6445646 -0.01103786 0.03725391 0.6444507 -0.01347507 0.03635338 0.644617 -0.01098298 0.03718937 0.6445582 -0.01339794 0.03622385 0.6446636 -0.0109307 0.03711861 0.6446621 -0.01332123 0.03609129 0.6447042 -0.01088114 0.03704181 0.6447621 -0.01324514 0.03595599 0.6447388 -0.01083443 0.03695915 0.6448578 -0.01316984 0.0358183 0.6447673 -0.01079067 0.03705756 0.6444001 -0.01570806 0.03687083 0.6449493 -0.01309552 0.03567854 0.6447895 -0.01074998 0.03704713 0.6445268 -0.01563373 0.03677706 0.6450361 -0.01302236 0.03553706 0.6448054 -0.01071245 0.03702978 0.6446519 -0.01555805 0.03667807 0.6451181 -0.01295053 0.03539418 0.6448151 -0.01067817 0.03700554 0.6447751 -0.0154812 0.0365741 0.6451951 -0.0128802 0.03525026 0.6448184 -0.01064722 0.03697449 0.6448962 -0.01540336 0.0364654 0.6452668 -0.01281155 0.03510564 0.6448154 -0.01061968 0.03496067 0.644806 -0.01059561 0.03693668 0.6450148 -0.01532472 0.03635223 0.6453333 -0.01274474 0.03689222 0.6451307 -0.01524547 0.03623486 0.6453942 -0.01267993 0.03684121 0.6452435 -0.01516581 0.03611358 0.6454493 -0.01261728 0.03678377 0.645353 -0.01508592 0.03598867 0.6454987 -0.01255694 0.03672004 0.645459 -0.01500599 0.03586045 0.6455422 -0.01249905 0.03665017 0.6455612 -0.01492623 0.03572921 0.6455796 -0.01244375 0.03657434 0.6456593 -0.01484681 0.03559527 0.6456109 -0.01239118 0.03649272 0.6457531 -0.01476794 0.03545896 0.645636 -0.01234146 0.03649178 0.6452965 -0.01730828 0.0364952 0.6451686 -0.01738123 0.03583864 0.6460503 -0.01895501 0.03640552 0.6458424 -0.0146898 0.03532061 0.6456548 -0.01229472 0.03648151 0.645423 -0.0172335 0.03631293 0.6459269 -0.01461259 0.03518054 0.6456674 -0.01225106 0.03646442 0.6455477 -0.01715707 0.03621519 0.6460065 -0.01453647 0.0350391 0.6456735 -0.01221059 0.03644056 0.6456703 -0.01707917 0.03611254 0.646081 -0.01446165 0.03489662 0.6456733 -0.01217341 0.03640998 0.6457906 -0.01699999 0.03600521 0.6461501 -0.0143883 0.03475345 0.6456669 -0.01213961 0.03460994 0.645654 -0.01210926 0.03637275 0.6459083 -0.01691972 0.03589346 0.6462138 -0.0143166 0.03632897 0.6460231 -0.01683855 0.03577758 0.6462719 -0.01424671 0.03627873 0.6461347 -0.01675669 0.03565783 0.6463241 -0.01417882 0.03622217 0.6462429 -0.01667432 0.0355345 0.6463705 -0.01411307 0.03615941 0.6463473 -0.01659164 0.03540789 0.6464108 -0.01404964 0.03609061 0.6464478 -0.01650886 0.0352783 0.6464451 -0.01398867 0.03601594 0.6465441 -0.01642617 0.03514606 0.6464731 -0.01393031 0.03593557 0.6466359 -0.01634377 0.03501147 0.6464949 -0.01387469 0.03583527 0.6461781 -0.01888191 0.03584969 0.6467231 -0.01626187 0.03487486 0.6465104 -0.01382197 0.03582519 0.6463043 -0.01880669 0.03575853 0.6468054 -0.01618065 0.03473656 0.6465195 -0.01377225 0.03580841 0.6464285 -0.01872952 0.03566228 0.6468826 -0.01610032 0.0345969 0.6465223 -0.01372567 0.03578498 0.6465506 -0.01865059 0.03556119 0.6469546 -0.01602106 0.03445622 0.6465187 -0.01368233 0.03575495 0.6466702 -0.01857009 0.0354555 0.6470211 -0.01594308 0.03431486 0.6465087 -0.01364233 0.03417316 0.6464923 -0.01360579 0.03571839 0.646787 -0.01848822 0.03534546 0.6470821 -0.01586655 0.03567539 0.6469007 -0.01840516 0.03523134 0.6471373 -0.01579166 0.03562606 0.6470111 -0.01832113 0.03511342 0.6471867 -0.01571859 0.03557052 0.6471179 -0.01823632 0.03499197 0.6472301 -0.01564752 0.03550889 0.6472208 -0.01815093 0.03486729 0.6472674 -0.01557862 0.03544133 0.6473196 -0.01806519 0.03473969 0.6472985 -0.01551206 0.035368 0.6474141 -0.01797928 0.03460946 0.6473233 -0.01544798 0.03528907 0.647504 -0.01789342 0.03447693 0.6473419 -0.01538656 0.03508968 0.6470425 -0.02042503 0.03509298 0.6469149 -0.02049827 0.03520474 0.6475891 -0.01780781 0.0343424 0.647354 -0.01532794 0.03507981 0.6471685 -0.02034938 0.03511522 0.6476692 -0.01772266 0.03420621 0.6473598 -0.01527225 0.03506338 0.6472924 -0.02027148 0.0350207 0.6477441 -0.01763818 0.03406869 0.6473592 -0.01521963 0.03504043 0.6474139 -0.02019155 0.03492143 0.6478137 -0.01755456 0.03393016 0.6473522 -0.01517022 0.03501102 0.6475327 -0.02010975 0.03481764 0.6478776 -0.01747202 0.03379096 0.6473387 -0.01512412 0.03365142 0.647319 -0.01508145 0.03497523 0.6476486 -0.0200263 0.03470958 0.647936 -0.01739075 0.03493313 0.6477613 -0.0199414 0.03459752 0.6479884 -0.01731094 0.03488482 0.6478705 -0.01985524 0.03448171 0.648035 -0.01723278 0.03483043 0.647976 -0.01976804 0.03436245 0.6480754 -0.01715648 0.03477009 0.6480774 -0.01968 0.03424002 0.6481097 -0.0170822 0.03470393 0.6481746 -0.01959134 0.03411471 0.6481377 -0.01701013 0.03463213 0.6482673 -0.01950228 0.03398682 0.6481594 -0.01694044 0.03455484 0.6483553 -0.01941302 0.03385667 0.6481747 -0.0168733 0.03425685 0.6478878 -0.02193381 0.03426006 0.6477601 -0.02200719 0.03334198 0.6485841 -0.02347802 0.03447227 0.6484384 -0.01932378 0.03372457 0.6481837 -0.01680888 0.03424721 0.6480134 -0.02185773 0.0343846 0.6485163 -0.01923477 0.03359083 0.6481862 -0.01674731 0.03423117 0.6481369 -0.02177913 0.03429205 0.6485889 -0.01914622 0.03345578 0.6481822 -0.01668877 0.03420877 0.6482579 -0.02169821 0.03419485 0.6486561 -0.01905833 0.03331974 0.6481718 -0.01663338 0.03418006 0.648376 -0.02161515 0.03409322 0.6487175 -0.01897132 0.03318304 0.648155 -0.01658128 0.03304602 0.648132 -0.0165326 0.03414511 0.6484911 -0.02153016 0.03398741 0.6487733 -0.01888539 0.03410401 0.6486028 -0.02144345 0.03387767 0.648823 -0.01880076 0.03405685 0.6487108 -0.02135521 0.03376428 0.6488668 -0.01871762 0.03400375 0.6488149 -0.02126567 0.0336475 0.6489043 -0.01863618 0.03394484 0.6489149 -0.02117504 0.03352761 0.6489356 -0.01855663 0.03388025 0.6490105 -0.02108354 0.03340491 0.6489606 -0.01847916 0.03381015 0.6491015 -0.02099138 0.03327969 0.6489792 -0.01840396 0.0337347 0.6491876 -0.0208988 0.03315224 0.6489915 -0.01833122 0.03333885 0.6487116 -0.0234045 0.032341 0.6493846 -0.02490709 0.03365409 0.6492687 -0.02080601 0.03302289 0.6489972 -0.01826111 0.03332947 0.6488371 -0.023328 0.0335685 0.6493445 -0.02071324 0.03289194 0.6489965 -0.01819379 0.03331386 0.6489602 -0.02324872 0.03347815 0.6494149 -0.02062071 0.03275969 0.6489893 -0.01812943 0.03329206 0.6490806 -0.02316683 0.03338326 0.6494797 -0.02052864 0.03262649 0.6489756 -0.01806818 0.03326412 0.6491981 -0.02308254 0.03328403 0.6495388 -0.02043725 0.03249263 0.6489555 -0.01801019 0.03235846 0.6489291 -0.01795561 0.03323011 0.6493123 -0.02299605 0.03318074 0.6495919 -0.02034678 0.03319011 0.649423 -0.02290757 0.03307361 0.649639 -0.02025742 0.03314421 0.6495298 -0.02281731 0.03296291 0.6496801 -0.02016941 0.03309253 0.6496328 -0.02272549 0.0328489 0.6497148 -0.02008294 0.0330352 0.6497313 -0.02263233 0.03273186 0.6497432 -0.01999824 0.03297235 0.6498253 -0.02253806 0.03261207 0.6497653 -0.0199155 0.03290412 0.6499146 -0.02244289 0.03248981 0.6497809 -0.01983492 0.0328307 0.6499989 -0.02234707 0.0323654 0.64979 -0.0197567 0.03233796 0.6495121 -0.02483344 0.03125961 0.6501599 -0.02629086 0.03275224 0.6500781 -0.02225082 0.03223911 0.6497926 -0.01968102 0.03232887 0.6496373 -0.02475654 0.03266895 0.6501519 -0.02215437 0.03211127 0.6497888 -0.01960807 0.03231372 0.6497601 -0.02467658 0.03258102 0.6502201 -0.02205796 0.03198216 0.6497783 -0.01953802 0.03229258 0.6498799 -0.02459376 0.03248866 0.6502826 -0.02196182 0.03185212 0.6497615 -0.01947105 0.03226548 0.6499968 -0.02450828 0.03239211 0.6503392 -0.02186618 0.03172144 0.6497382 -0.01940731 0.03159045 0.6497085 -0.01934695 0.03223248 0.6501102 -0.02442033 0.03229157 0.6503899 -0.02177127 0.03219368 0.6502199 -0.02433013 0.03218732 0.6504344 -0.02167731 0.03214917 0.6503257 -0.02423791 0.03207958 0.6504728 -0.02158455 0.03209904 0.6504273 -0.02414387 0.03196863 0.6505048 -0.02149319 0.03204343 0.6505245 -0.02404825 0.03185472 0.6505304 -0.02140346 0.03198246 0.650617 -0.02395128 0.03173814 0.6505496 -0.02131557 0.03191629 0.6507047 -0.0238532 0.03161917 0.6505623 -0.02122975 0.03184507 0.6507872 -0.02375423 0.03149808 0.6505684 -0.02114618 0.03125668 0.6502872 -0.02621707 0.03176897 0.6508644 -0.02365462 0.03137518 0.650568 -0.02106508 0.03124788 0.6504122 -0.02613979 0.03168818 0.6509362 -0.0235546 0.03125076 0.650561 -0.02098664 0.03123325 0.6505346 -0.02605918 0.03160288 0.6510024 -0.02345442 0.03112512 0.6505475 -0.02091105 0.03121281 0.650654 -0.02597546 0.0315133 0.6510627 -0.02335432 0.03099856 0.6505275 -0.0208385 0.03118661 0.6507701 -0.02588881 0.03141964 0.651117 -0.02325454 0.03087138 0.6505011 -0.02076915 0.0307439 0.6504683 -0.02070317 0.03115473 0.6508828 -0.02579945 0.03132213 0.6511653 -0.02315532 0.03111723 0.6509915 -0.0257076 0.031221 0.6512073 -0.02305689 0.0310742 0.6510963 -0.02561346 0.0311165 0.651243 -0.02295951 0.03102575 0.6511967 -0.02551728 0.03100888 0.6512724 -0.0228634 0.030972 0.6512925 -0.02541929 0.03089839 0.6512953 -0.02276878 0.03091307 0.6513836 -0.02531971 0.03078531 0.6513116 -0.0226759 0.0308491 0.6514697 -0.02521879 0.03066991 0.6513215 -0.02258498 0.03078026 0.6515505 -0.02511677 0.03055246 0.6513246 -0.02249622 0.03009769 0.651035 -0.02755197 0.03010051 0.6509077 -0.02762588 0.03070671 0.6516259 -0.0250139 0.03043325 0.6513213 -0.02240985 0.03008922 0.6511599 -0.0274743 0.03062862 0.6516958 -0.02491043 0.03031256 0.6513113 -0.02232608 0.03007512 0.6512819 -0.02739308 0.03054618 0.6517598 -0.0248066 0.03019069 0.6512949 -0.02224511 0.03005544 0.6514008 -0.02730848 0.03045959 0.651818 -0.02470267 0.03006793 0.6512719 -0.02216713 0.03003022 0.6515162 -0.02722071 0.03036906 0.6518701 -0.02459888 0.02994457 0.6512423 -0.02209233 0.02982092 0.6512065 -0.02202088 0.02999952 0.6516281 -0.02712999 0.03027481 0.651916 -0.02449549 0.0299634 0.651736 -0.02703653 0.03017706 0.6519556 -0.02439274 0.02992197 0.6518397 -0.02694057 0.03007606 0.6519889 -0.02429088 0.02987532 0.651939 -0.02684232 0.02997203 0.6520156 -0.02419016 0.02982356 0.6520335 -0.02674202 0.02986524 0.6520359 -0.02409082 0.02976682 0.6521232 -0.02663993 0.02975595 0.6520496 -0.0239931 0.02970522 0.6522077 -0.02653628 0.0296444 0.6520566 -0.02389724 0.02963894 0.6522869 -0.02643132 0.02953088 0.652057 -0.02380346 0.02886387 0.6517537 -0.0288348 0.02886658 0.6516264 -0.02890883 0.02756087 0.6523141 -0.03013653 0.02956811 0.6523606 -0.02632531 0.02941565 0.6520508 -0.02371199 0.02885575 0.6518783 -0.02875678 0.02949291 0.6524285 -0.0262185 0.029299 0.6520379 -0.02362306 0.02884223 0.6519999 -0.02867495 0.02941353 0.6524907 -0.02611115 0.02918121 0.6520185 -0.02353687 0.02882336 0.6521183 -0.02858951 0.02933016 0.6525468 -0.02600352 0.02906255 0.6519925 -0.02345363 0.02879917 0.6522333 -0.02850067 0.02924298 0.6525967 -0.02589587 0.02894332 0.6519601 -0.02337355 0.0288238 0.6519212 -0.02329682 0.02876972 0.6523444 -0.02840864 0.02915223 0.6526403 -0.02578845 0.02873509 0.6524514 -0.02831364 0.02905811 0.6526776 -0.02568152 0.02869535 0.6525541 -0.02821591 0.02896084 0.6527084 -0.02557535 0.02865062 0.6526523 -0.02811567 0.02886068 0.6527327 -0.02547019 0.02860098 0.6527456 -0.02801317 0.02875784 0.6527504 -0.02536629 0.02854656 0.6528339 -0.02790866 0.0286526 0.6527614 -0.02526391 0.02848749 0.652917 -0.02780238 0.02854519 0.6527658 -0.02516328 0.02842392 0.6529946 -0.0276946 0.02843588 0.6527635 -0.02506465 0.02755829 0.6524413 -0.03006238 0.028356 0.6530666 -0.02758557 0.02832493 0.6527545 -0.02496826 0.02755053 0.6525658 -0.02998401 0.02828389 0.6531328 -0.02747556 0.0282126 0.6527389 -0.02487435 0.02753763 0.6526871 -0.02990161 0.02820776 0.6531929 -0.02736482 0.02809917 0.6527166 -0.02478312 0.02751961 0.6528051 -0.02981537 0.0281278 0.6532471 -0.02725364 0.02798492 0.6526878 -0.02469482 0.02749651 0.6529194 -0.0297255 0.0280442 0.6532949 -0.02714227 0.02787011 0.6526525 -0.02460965 0.02775502 0.6526108 -0.02452781 0.0274684 0.6530298 -0.02963222 0.02795716 0.6533364 -0.02703098 0.02743533 0.653136 -0.02953575 0.0278669 0.6533715 -0.02692005 0.0273974 0.6532379 -0.02943633 0.02777363 0.6533999 -0.02680973 0.02735468 0.6533349 -0.02933418 0.02767757 0.6534218 -0.0267003 0.02730729 0.6534271 -0.02922957 0.02757895 0.6534371 -0.02659202 0.02725533 0.653514 -0.02912275 0.02747802 0.6534456 -0.02648515 0.02719894 0.6535957 -0.02901396 0.02737501 0.6534474 -0.02637994 0.02713824 0.6536718 -0.02890347 0.02727018 0.6534424 -0.02627665 0.02618419 0.6530964 -0.03123166 0.02618665 0.6529692 -0.03130592 0.02707339 0.6537422 -0.02879156 0.02716378 0.6534308 -0.02617554 0.02617682 0.6532206 -0.03115297 0.02700454 0.6538066 -0.02867847 0.02705606 0.6534125 -0.02607683 0.02616456 0.6533417 -0.03107001 0.02693186 0.653865 -0.0285645 0.02694728 0.6533876 -0.02598078 0.02614744 0.6534592 -0.03098301 0.02685551 0.6539172 -0.02844992 0.02683771 0.653356 -0.02588761 0.0261255 0.653573 -0.03089216 0.0267757 0.6539631 -0.02833499 0.0267276 0.653318 -0.02579754 0.02661723 0.6532736 -0.0257108 0.02609879 0.6536827 -0.03079769 0.0266926 0.6540025 -0.02822 0.02606737 0.6537881 -0.03069981 0.02660642 0.6540354 -0.02810523 0.02603132 0.653889 -0.03059878 0.02651736 0.6540616 -0.02799095 0.02599074 0.6539851 -0.03049483 0.02642565 0.6540812 -0.02787743 0.02594571 0.6540761 -0.03038821 0.02633149 0.6540941 -0.02776495 0.02589634 0.6541619 -0.03027917 0.02623512 0.6541002 -0.02765379 0.02584276 0.6542422 -0.03016799 0.02613678 0.6540996 -0.0275442 0.02578509 0.6543168 -0.03005493 0.02603669 0.6540922 -0.02743646 0.024745 0.6537171 -0.03233973 0.02474732 0.65359 -0.03241409 0.02572347 0.6543857 -0.02994026 0.0259351 0.654078 -0.02733081 0.02473804 0.6538412 -0.03226073 0.02565806 0.6544485 -0.02982426 0.02583225 0.6540571 -0.02722753 0.02472645 0.6539619 -0.03217725 0.025589 0.6545051 -0.0297072 0.02572839 0.6540296 -0.02712685 0.02471027 0.6540791 -0.03208953 0.02551646 0.6545555 -0.02958938 0.02562378 0.6539954 -0.02702901 0.02468953 0.6541923 -0.03199775 0.02544062 0.6545995 -0.02947107 0.02551865 0.6539548 -0.02693427 0.02541327 0.6539077 -0.02684283 0.02466429 0.6543015 -0.03190214 0.02536167 0.654637 -0.02935255 0.0246346 0.6544061 -0.03180294 0.02527978 0.6546678 -0.02923412 0.02460053 0.6545062 -0.03170038 0.02519517 0.654692 -0.02911606 0.02456218 0.6546013 -0.03159471 0.02510803 0.6547094 -0.02899866 0.02451962 0.6546912 -0.03148619 0.02501857 0.65472 -0.02888218 0.02447297 0.6547758 -0.03137506 0.024927 0.6547238 -0.02876693 0.02442233 0.6548549 -0.03126162 0.02483356 0.6547208 -0.02865317 0.02436784 0.6549282 -0.03114611 0.02473846 0.6547111 -0.02854118 0.02324429 0.654302 -0.03338384 0.02324647 0.654175 -0.0334583 0.0243096 0.6549955 -0.03102884 0.02464194 0.6546945 -0.02843122 0.02323775 0.6544259 -0.03330454 0.02424778 0.6550568 -0.03091007 0.02454422 0.6546711 -0.02832357 0.02322686 0.6545464 -0.03322058 0.02418252 0.6551118 -0.03079009 0.02444554 0.6546411 -0.02821849 0.02321166 0.6546631 -0.03313217 0.02411397 0.6551605 -0.0306692 0.02434614 0.6546045 -0.02811621 0.02319218 0.6547759 -0.03303952 0.0240423 0.6552026 -0.03054767 0.02424626 0.6545613 -0.02801701 0.02414613 0.6545117 -0.0279211 0.02316847 0.6548845 -0.03294284 0.02396768 0.6552382 -0.03042582 0.02314058 0.6549884 -0.03284239 0.0238903 0.6552671 -0.03030392 0.02310858 0.6550876 -0.0327384 0.02381034 0.6552892 -0.03018228 0.02307256 0.6551818 -0.03263111 0.02372798 0.6553046 -0.03006119 0.02303258 0.6552708 -0.03252078 0.02364344 0.6553131 -0.02994093 0.02298876 0.6553543 -0.0324077 0.02355691 0.6553148 -0.0298218 0.02294119 0.6554321 -0.03229211 0.02346861 0.6553096 -0.02970408 0.02289 0.6555042 -0.03217431 0.02337873 0.6552975 -0.02958807 0.02168579 0.6548497 -0.03436139 0.02168782 0.6547227 -0.03443594 0.0228353 0.6555701 -0.03205457 0.02328751 0.6552786 -0.02947403 0.02167968 0.6549734 -0.03428181 0.02277723 0.6556299 -0.0319332 0.02319517 0.655253 -0.02936225 0.02166953 0.6550936 -0.0341974 0.02271592 0.6556834 -0.03181046 0.02310191 0.6552206 -0.02925298 0.02165535 0.65521 -0.03410835 0.02265153 0.6557304 -0.03168668 0.02300797 0.6551816 -0.0291465 0.02163718 0.6553223 -0.03401487 0.02258421 0.6557709 -0.03156213 0.02291358 0.6551361 -0.02904307 0.02281896 0.6550842 -0.02894292 0.02161505 0.6554303 -0.03391721 0.02251411 0.6558047 -0.03143713 0.02158903 0.6555336 -0.03381558 0.02244142 0.6558318 -0.03131197 0.02155918 0.6556321 -0.03371024 0.02236631 0.6558521 -0.03118695 0.02152557 0.6557254 -0.03360143 0.02228895 0.6558654 -0.03106238 0.02148827 0.6558134 -0.03348943 0.02220954 0.6558719 -0.03093856 0.02144739 0.6558959 -0.0333745 0.02212825 0.6558716 -0.03081577 0.02140301 0.6559726 -0.03325691 0.0220453 0.6558643 -0.03069434 0.02135525 0.6560434 -0.03313696 0.02196088 0.6558501 -0.03057453 0.02007337 0.6553586 -0.03526995 0.02007525 0.6552317 -0.03534458 0.02130422 0.6561081 -0.03301492 0.02187519 0.6558291 -0.03045664 0.02006772 0.6554822 -0.03519012 0.02125004 0.6561665 -0.0328911 0.02178845 0.6558013 -0.03034096 0.02005832 0.6556022 -0.03510527 0.02119284 0.6562186 -0.03276579 0.02170085 0.6557667 -0.03022776 0.0200452 0.6557183 -0.03501563 0.02113277 0.6562641 -0.0326393 0.02161261 0.6557255 -0.03011732 0.02002838 0.6558301 -0.03492139 0.02106996 0.656303 -0.03251192 0.02152394 0.6556777 -0.0300099 0.02143506 0.6556235 -0.02990576 0.01999786 0.6561285 -0.03080722 0.0200079 0.6559376 -0.0348228 0.02100457 0.6563351 -0.03238397 0.01998381 0.6560403 -0.03472009 0.02093675 0.6563605 -0.03225575 0.01995618 0.6561381 -0.03461349 0.02086667 0.656379 -0.03212757 0.01992507 0.6562306 -0.03450328 0.0207945 0.6563906 -0.03199975 0.01989054 0.6563177 -0.03438971 0.02072041 0.6563952 -0.03187259 0.0198527 0.6563993 -0.03427307 0.02064458 0.6563929 -0.03174639 0.01981162 0.6564749 -0.03415362 0.02056719 0.6563837 -0.03162146 0.01976741 0.6565446 -0.03403167 0.02048843 0.6563675 -0.0314981 0.01841105 0.6558277 -0.03610726 0.01841278 0.6557008 -0.03618197 0.01972017 0.6566081 -0.03390749 0.02040849 0.6563445 -0.03137661 0.01840587 0.6559511 -0.03602719 0.01967002 0.6566653 -0.0337814 0.02032756 0.6563146 -0.03125728 0.01839725 0.6560709 -0.03594196 0.01961708 0.6567159 -0.0336537 0.02024583 0.656278 -0.0311404 0.01838521 0.6561866 -0.03585176 0.01956147 0.6567601 -0.03352468 0.02016351 0.6562347 -0.03102625 0.01836978 0.6562982 -0.03575683 0.01950333 0.6567975 -0.03339468 0.02008078 0.6561848 -0.0309151 0.018351 0.6564051 -0.03565738 0.01944281 0.6568281 -0.03326398 0.01832891 0.6565073 -0.03555366 0.01938003 0.6568519 -0.03313293 0.01830356 0.6566044 -0.03544591 0.01931516 0.6568687 -0.03300182 0.01827503 0.6566962 -0.0353344 0.01924836 0.6568786 -0.03287097 0.01824336 0.6567825 -0.03521939 0.01917978 0.6568815 -0.0327407 0.01820865 0.6568632 -0.03510117 0.01910958 0.6568774 -0.03261132 0.01817098 0.6569379 -0.03498001 0.01903795 0.6568664 -0.03248315 0.01813043 0.6570065 -0.03485621 0.01896504 0.6568484 -0.03235649 0.01670296 0.6562557 -0.03687124 0.01670452 0.6561288 -0.03694602 0.0180871 0.6570689 -0.03473007 0.01889104 0.6568234 -0.03223166 0.01669826 0.656379 -0.03679095 0.01804111 0.6571249 -0.03460189 0.01881613 0.6567917 -0.03210893 0.01669044 0.6564985 -0.03670536 0.01799255 0.6571744 -0.03447197 0.01874048 0.6567531 -0.03198863 0.01667951 0.6566141 -0.03661467 0.01794154 0.6572172 -0.03434064 0.01866428 0.6567079 -0.03187103 0.01666552 0.6567252 -0.0365191 0.01788822 0.6572532 -0.03420821 0.01858771 0.6566561 -0.03175641 0.01851095 0.6565979 -0.03164506 0.01664848 0.6568317 -0.03641887 0.0178327 0.6572824 -0.03407499 0.01662844 0.6569333 -0.03631423 0.01777513 0.6573047 -0.03394131 0.01660544 0.6570298 -0.03620543 0.01771563 0.6573201 -0.0338075 0.01657955 0.657121 -0.03609274 0.01765436 0.6573284 -0.03367387 0.01655083 0.6572066 -0.03597642 0.01759146 0.6573297 -0.03354074 0.01651934 0.6572864 -0.03585675 0.01752708 0.657324 -0.03340843 0.01648516 0.6573603 -0.03573403 0.01746137 0.6573112 -0.03327727 0.01644837 0.657428 -0.03560855 0.01739451 0.6572915 -0.03314758 0.01495334 0.6566415 -0.03755999 0.01495474 0.6565147 -0.03763484 0.01640906 0.6574894 -0.03548061 0.01732664 0.6572649 -0.03301965 0.01494913 0.6567647 -0.03747951 0.01636733 0.6575443 -0.03535052 0.01725793 0.6572314 -0.0328938 0.01494213 0.6568841 -0.0373936 0.01632328 0.6575926 -0.03521859 0.01718854 0.657191 -0.03277034 0.01493235 0.6569993 -0.03730245 0.01627701 0.6576342 -0.03508514 0.01711865 0.657144 -0.03264956 0.01491982 0.6571102 -0.0372063 0.01622863 0.6576691 -0.03495049 0.01704842 0.6570905 -0.03253175 0.01697802 0.6570305 -0.0324172 0.01490456 0.6572162 -0.03710537 0.01617826 0.657697 -0.03481497 0.01488662 0.6573174 -0.0369999 0.01612603 0.657718 -0.03467891 0.01486604 0.6574135 -0.03689016 0.01607206 0.6577319 -0.03454262 0.01484286 0.657504 -0.0367764 0.01601647 0.6577388 -0.03440644 0.01481714 0.6575889 -0.03665889 0.0159594 0.6577386 -0.03427071 0.01478895 0.657668 -0.03653793 0.01590099 0.6577314 -0.03413573 0.01475835 0.6577411 -0.0364138 0.01584139 0.6577172 -0.03400185 0.01472542 0.6578079 -0.0362868 0.01578072 0.6576959 -0.03386937 0.01316654 0.6569843 -0.03817179 0.01316778 0.6568575 -0.0382467 0.01469023 0.6578684 -0.03615724 0.01571915 0.6576677 -0.03373863 0.01316284 0.6571074 -0.03809114 0.01465287 0.6579224 -0.03602542 0.01565681 0.6576326 -0.03360993 0.01315667 0.6572266 -0.03800494 0.01461343 0.6579697 -0.03589168 0.01559386 0.6575906 -0.03348359 0.01314806 0.6573416 -0.0379134 0.01457201 0.6580103 -0.03575632 0.01553046 0.657542 -0.03335991 0.01313703 0.6574521 -0.03781673 0.0145287 0.6580439 -0.03561968 0.01546674 0.6574868 -0.03323919 0.01540287 0.6574251 -0.03312172 0.01312359 0.6575579 -0.03771518 0.01448361 0.6580707 -0.03548209 0.0131078 0.6576586 -0.03760898 0.01443684 0.6580905 -0.03534387 0.01308967 0.6577542 -0.03749839 0.01438852 0.6581031 -0.03520536 0.01306926 0.6578442 -0.03738368 0.01433876 0.6581088 -0.03506689 0.01304662 0.6579285 -0.03726513 0.01428767 0.6581073 -0.03492879 0.0130218 0.658007 -0.03714301 0.01423538 0.6580987 -0.03479141 0.01299485 0.6580793 -0.03701763 0.01418201 0.6580831 -0.03465507 0.01296585 0.6581454 -0.03688928 0.01412771 0.6580604 -0.03452009 0.01134701 0.657283 -0.03870514 0.01134807 0.6571562 -0.03878009 0.01293487 0.6582051 -0.03675828 0.01407258 0.6580308 -0.03438681 0.01134382 0.6574061 -0.03862434 0.01290198 0.6582582 -0.03662494 0.01401678 0.6579942 -0.03425554 0.0113385 0.6575251 -0.03853789 0.01286725 0.6583046 -0.03648958 0.01396042 0.6579508 -0.03412661 0.01133108 0.65764 -0.038446 0.01283078 0.6583442 -0.03635253 0.01390366 0.6579008 -0.03400031 0.01132157 0.6577502 -0.03834888 0.01279264 0.658377 -0.03621412 0.01384661 0.6578441 -0.03387696 0.01378944 0.6577809 -0.03375686 0.01131 0.6578557 -0.03824678 0.01275294 0.6584026 -0.03607468 0.01129638 0.6579561 -0.03813995 0.01271176 0.6584213 -0.03593454 0.01128076 0.6580512 -0.03802863 0.01266922 0.6584329 -0.03579405 0.01126318 0.6581408 -0.03791309 0.0126254 0.6584374 -0.03565355 0.01124366 0.6582246 -0.03779361 0.01258041 0.6584348 -0.03551337 0.01122227 0.6583025 -0.03767049 0.01253437 0.658425 -0.03537384 0.01119905 0.6583742 -0.03754402 0.01248738 0.6584081 -0.03523532 0.01117406 0.6584397 -0.0374145 0.01243956 0.6583842 -0.03509812 0.009499269 0.6575371 -0.0391587 0.00950016 0.6574103 -0.03923369 0.01114736 0.6584987 -0.03728224 0.01239103 0.6583533 -0.03496258 0.009496595 0.6576601 -0.03907777 0.01111901 0.658551 -0.03714757 0.01234189 0.6583155 -0.03482903 0.009492147 0.6577791 -0.0389911 0.01108908 0.6585966 -0.0370108 0.01229227 0.6582708 -0.03469779 0.009485936 0.6578937 -0.03889891 0.01105764 0.6586354 -0.03687227 0.01224229 0.6582194 -0.03456917 0.009477975 0.6580037 -0.03880142 0.01102478 0.6586672 -0.03673232 0.01219206 0.6581614 -0.03444349 0.01214172 0.658097 -0.03432104 0.009468284 0.6581089 -0.03869886 0.01099057 0.658692 -0.03659127 0.009456886 0.658209 -0.03859148 0.01095508 0.6587098 -0.03644946 0.00944381 0.6583038 -0.03847953 0.01091841 0.6587204 -0.03630725 0.009429086 0.658393 -0.03836329 0.01088065 0.6587239 -0.03616497 0.009412749 0.6584764 -0.03824304 0.01084188 0.6587202 -0.03602297 0.00939484 0.6585538 -0.03811906 0.0108022 0.6587094 -0.03588158 0.009375401 0.658625 -0.03799166 0.01076171 0.6586915 -0.03574115 0.00935448 0.6586899 -0.03786114 0.0107205 0.6586665 -0.03560201 0.007627911 0.6577458 -0.03953133 0.007628626 0.6576191 -0.03960637 0.009332126 0.6587482 -0.03772781 0.01067867 0.6586345 -0.03546451 0.007625764 0.6578688 -0.0394503 0.009308393 0.6588 -0.03759201 0.01063632 0.6585955 -0.03532897 0.007622192 0.6579876 -0.03936346 0.00928334 0.6588449 -0.03745404 0.01059356 0.6585497 -0.03519572 0.007617205 0.6581021 -0.03927103 0.009257024 0.658883 -0.03731426 0.01055048 0.6584972 -0.03506507 0.007610812 0.658212 -0.03917323 0.009229511 0.6589141 -0.03717299 0.0105072 0.6584381 -0.03493736 0.01046381 0.6583725 -0.03481287 0.00760303 0.658317 -0.03907028 0.009200868 0.6589382 -0.03703057 0.007593878 0.6584169 -0.03896245 0.009171161 0.6589551 -0.03688735 0.007583377 0.6585114 -0.03884999 0.009140464 0.6589649 -0.03674368 0.007571554 0.6586002 -0.03873318 0.00910885 0.6589675 -0.03659988 0.007558436 0.6586832 -0.03861228 0.009076395 0.658963 -0.03645633 0.007544055 0.6587603 -0.0384876 0.009043178 0.6589513 -0.03631336 0.007528446 0.6588311 -0.03835944 0.009009277 0.6589325 -0.03617131 0.007511645 0.6588954 -0.0382281 0.008974777 0.6589066 -0.03603053 0.005737589 0.6579088 -0.03982212 0.005738127 0.657782 -0.03989719 0.007493695 0.6589533 -0.03809389 0.008939759 0.6588736 -0.03589135 0.005735974 0.6580316 -0.03974101 0.007474638 0.6590045 -0.03795716 0.008904307 0.6588337 -0.03575412 0.005733288 0.6581504 -0.03965404 0.00745452 0.659049 -0.03781821 0.008868508 0.6587869 -0.03561916 0.005729536 0.6582648 -0.03956142 0.007433389 0.6590864 -0.03767739 0.008832447 0.6587335 -0.03548679 0.005724728 0.6583746 -0.03946337 0.007411296 0.6591169 -0.03753505 0.008796211 0.6586733 -0.03535735 0.008759888 0.6586068 -0.03523112 0.005718874 0.6584794 -0.03936013 0.007388295 0.6591403 -0.03739151 0.00571199 0.658579 -0.03925195 0.00736444 0.6591566 -0.03724712 0.005704092 0.6586733 -0.03913909 0.00733979 0.6591658 -0.03710224 0.005695198 0.6587619 -0.03902182 0.007314404 0.6591677 -0.03695721 0.005685331 0.6588447 -0.03890043 0.007288343 0.6591625 -0.03681238 0.005674514 0.6589213 -0.0387752 0.00726167 0.65915 -0.0366681 0.005662773 0.6589918 -0.03864644 0.007234448 0.6591304 -0.03652472 0.005650136 0.6590558 -0.03851446 0.007206745 0.6591038 -0.03638259 0.003833002 0.6580254 -0.04003035 0.003833362 0.6578987 -0.04010543 0.005636634 0.6591133 -0.03837957 0.007178625 0.6590701 -0.03624204 0.003831924 0.6581483 -0.03994918 0.0056223 0.6591641 -0.03824211 0.007150157 0.6590294 -0.03610342 0.003830129 0.658267 -0.03986211 0.005607167 0.6592081 -0.0381024 0.00712141 0.6589819 -0.03596705 0.003827623 0.6583813 -0.03976935 0.005591272 0.6592452 -0.03796077 0.007092453 0.6589276 -0.03583327 0.00382441 0.658491 -0.03967113 0.005574655 0.6592752 -0.03781758 0.007063356 0.6588666 -0.0357024 0.007034188 0.6587993 -0.03557476 0.005291 0.6589495 -0.03584292 0.0038205 0.6585956 -0.03956768 0.005557353 0.6592981 -0.03767316 0.003815901 0.6586952 -0.03945925 0.005539411 0.6593139 -0.03752787 0.003810625 0.6587892 -0.0393461 0.00552087 0.6593225 -0.03738205 0.003804683 0.6588777 -0.03922851 0.005501775 0.6593239 -0.03723605 0.003798092 0.6589602 -0.03910676 0.005482172 0.6593181 -0.03709023 0.003790865 0.6590367 -0.03898114 0.005462109 0.6593051 -0.03694493 0.003783021 0.6591069 -0.03885195 0.005441633 0.659285 -0.03680052 0.00377458 0.6591707 -0.03871951 0.005420794 0.6592577 -0.03665733 0.001918886 0.6580955 -0.0401555 0.001919067 0.6579688 -0.04023059 -7.7e-16 0.6579922 -0.04027234 -7.652838e-16 0.6581189 -0.04019725 0.003765559 0.659228 -0.03858414 0.005399643 0.6592234 -0.03651571 0.001918347 0.6582183 -0.04007429 -7.652843e-16 0.6582417 -0.04011603 -7.652856e-16 0.6583604 -0.04002888 0.003755983 0.6592784 -0.03844616 0.005378231 0.6591821 -0.036376 0.001917448 0.658337 -0.03998716 0.003745874 0.6593221 -0.03830589 0.005356607 0.6591339 -0.03623854 0.001916193 0.6584513 -0.03989432 -7.652878e-16 0.6584747 -0.03993601 0.003735255 0.6593588 -0.03816369 0.005334826 0.659079 -0.03610365 0.001914585 0.6585609 -0.03979599 -7.652909e-16 0.6585842 -0.03983765 -7.652949e-16 0.6586888 -0.03973403 0.003724154 0.6593885 -0.0380199 0.00531294 0.6590175 -0.03597168 0.001912628 0.6586655 -0.03969241 0.003712596 0.6594111 -0.03787485 0.001910325 0.658765 -0.03958384 -7.652997e-16 0.6587883 -0.0396254 -7.653054e-16 0.6588822 -0.03951202 0.003700609 0.6594265 -0.0377289 0.001907684 0.6588589 -0.03947052 0.003688223 0.6594348 -0.03758241 0.001904709 0.6589473 -0.03935273 -7.653119e-16 0.6589705 -0.03939417 0.003675467 0.6594358 -0.03743572 0.001901409 0.6590297 -0.03923077 -7.653192e-16 0.6590529 -0.03927213 -7.653273e-16 0.6591292 -0.0391462 0.003662371 0.6594296 -0.03728919 0.001897792 0.6591061 -0.03910491 -7.653361e-16 0.6591992 -0.03901667 0.003648968 0.6594162 -0.03714317 0.001893865 0.6591761 -0.03897547 0.003635289 0.6593956 -0.03699801 0.001889639 0.6592397 -0.03884275 -7.653458e-16 0.6592628 -0.03888386 0.003621368 0.6593679 -0.03685406 0.001885123 0.6592968 -0.03870708 -7.653561e-16 0.6593198 -0.0387481 0.003607238 0.6593331 -0.03671167 0.001880329 0.6593472 -0.03856878 -7.653673e-16 0.6593701 -0.0386097 0.003592933 0.6592914 -0.03657119 0.001875268 0.6593906 -0.03842819 -7.65379e-16 0.6594135 -0.03846899 -7.653914e-16 0.65945 -0.03832633 0.003578487 0.6592429 -0.03643294 0.001869952 0.6594272 -0.03828564 0.003563937 0.6591875 -0.03629726 0.001864395 0.6594567 -0.03814149 -7.654044e-16 0.6594794 -0.03818205 0.003549315 0.6591255 -0.03616449 0.003534659 0.6590571 -0.03603494 0.001858608 0.659479 -0.03799607 -7.654181e-16 0.6595016 -0.0380365 -7.654323e-16 0.6595168 -0.03789003 0.001852608 0.6594942 -0.03784973 0.001846407 0.6595022 -0.03770283 -7.65447e-16 0.6595247 -0.037743 -7.654622e-16 0.6595255 -0.03759576 0.001840021 0.659503 -0.03755572 -7.654778e-16 0.6595189 -0.03744865 0.001833465 0.6594966 -0.03740876 0.001826755 0.6594829 -0.0372623 -7.654939e-16 0.6595052 -0.03730205 -7.655103e-16 0.6594843 -0.03715629 0.001819907 0.6594621 -0.0371167 0.001812937 0.6594341 -0.03697229 -7.655271e-16 0.6594562 -0.03701174 0.001805864 0.6593991 -0.03682944 -7.655441e-16 0.6594211 -0.03686874 -7.655615e-16 0.6593791 -0.03672763 0.001798702 0.6593571 -0.03668849 0.001791471 0.6593083 -0.03654977 -7.655791e-16 0.6593301 -0.03658875 0.001784186 0.6592527 -0.03641362 -7.655968e-16 0.6592744 -0.03645244 -7.656146e-16 0.6592121 -0.03631903 0.001776866 0.6591904 -0.03628037 0.001769529 0.6591218 -0.03615034 -7.66e-16 0.6591433 -0.03618884 0.001919067 0.6474996 -0.04609541 -7.7e-16 0.647523 -0.04613716 0.003833362 0.6474295 -0.04597025 0.005738127 0.6473129 -0.045762 0.007628626 0.64715 -0.04547118 0.00950016 0.6469412 -0.04509851 0.01134807 0.6466871 -0.04464491 0.01316778 0.6463882 -0.04411152 0.01495474 0.6460455 -0.04349965 0.01670452 0.6456596 -0.04281084 0.01841278 0.6452316 -0.04204679 0.02007525 0.6447625 -0.0412094 0.02168782 0.6442535 -0.04030075 0.02324647 0.6437058 -0.03932312 0.02474732 0.6431208 -0.03827891 0.02618665 0.6425001 -0.03717073 0.02756087 0.641845 -0.03600134 0.02886658 0.6411572 -0.03477364 0.03010051 0.6404385 -0.03349069 0.03125961 0.6396906 -0.03215567 0.032341 0.6389155 -0.03077191 0.03334198 0.6381149 -0.02934283 0.03426006 0.637291 -0.02787201 0.03509298 0.6364456 -0.02636309 0.03583864 0.6355811 -0.02481982 0.0364952 0.6346995 -0.02324605 0.03706104 0.633803 -0.02164568 0.03753473 0.6328937 -0.02002269 0.0379151 0.6319742 -0.01838112 0.03820121 0.6310464 -0.01672505 0.03839235 0.6301129 -0.01505859 0.03848803 0.6291758 -0.0133859 0.03848803 0.6282377 -0.01171112 0.03839235 0.6273006 -0.01003843 0.03820121 0.6263671 -0.008371973 0.0379151 0.6254393 -0.006715902 0.03753473 0.6245197 -0.005074332 0.03706104 0.6236105 -0.003451344 0.0364952 0.622714 -0.001850973 0.03583864 0.6218324 -0.0002771979 0.03509298 0.6209678 0.001266069 0.03426006 0.6201226 0.002774991 0.03334198 0.6192986 0.004245815 0.032341 0.618498 0.005674887 0.03125961 0.6177228 0.007058652 0.03010051 0.616975 0.008393671 0.02886658 0.6162563 0.009676624 0.02756087 0.6155685 0.01090432 0.02618665 0.6149135 0.01207371 0.02474732 0.6142927 0.01318189 0.02324647 0.6137077 0.0142261 0.02168782 0.61316 0.01520374 0.02007525 0.612651 0.01611238 0.01841278 0.6121819 0.01694977 0.01670452 0.6117538 0.01771382 0.01495474 0.611368 0.01840263 0.01316778 0.6110252 0.0190145 0.01134807 0.6107264 0.01954789 0.00950016 0.6104723 0.02000149 0.007628626 0.6102635 0.02037416 0.005738127 0.6101006 0.02066498 0.003833362 0.6099839 0.02087323 0.001919067 0.6099139 0.02099839 -7.65e-16 0.6098904 0.02104014 -0.08 0.5845577 0.06120476 -0.08 0.5846882 0.06119478 0.08 0.5845577 0.06120476 0.08 0.5846882 0.06119478 -0.08 0.584818 0.06117856 0.08 0.584818 0.06117856 -0.08 0.5849469 0.06115612 0.08 0.5849469 0.06115612 -0.08 0.5850746 0.06112753 0.08 0.5850746 0.06112753 0.08 0.5852007 0.06109285 -0.08 0.5852007 0.06109285 -0.08 0.5853251 0.06105215 0.08 0.5853251 0.06105215 -0.08 0.5854473 0.06100554 0.08 0.5854473 0.06100554 -0.08 0.5855671 0.06095312 0.08 0.5855671 0.06095312 0.08 0.5856844 0.060895 -0.08 0.5856844 0.060895 -0.08 0.5857986 0.06083134 0.08 0.5857986 0.06083134 -0.08 0.5859097 0.06076226 0.08 0.5859097 0.06076226 -0.08 0.5860174 0.06068793 0.08 0.5860174 0.06068793 0.08 0.5861214 0.06060852 -0.08 0.5861214 0.06060852 -0.08 0.5862214 0.06052422 0.08 0.5862214 0.06052422 -0.08 0.5863173 0.06043521 0.08 0.5863173 0.06043521 0.08 0.5864088 0.06034171 -0.08 0.5864088 0.06034171 -0.08 0.5864957 0.06024393 0.08 0.5864957 0.06024393 0.08 0.5865778 0.06014209 -0.08 0.5865778 0.06014209 -0.08 0.586655 0.06003642 0.08 0.586655 0.06003642 -0.08 0.586727 0.05992718 0.08 0.586727 0.05992718 -0.08 0.5867936 0.05981461 0.08 0.5867936 0.05981461 -0.08 0.584072 0.06239348 0.08 0.584072 0.06239348 0.08 0.5842546 0.06240522 -0.08 0.5842546 0.06240522 -0.08 0.5844376 0.06240843 0.08 0.5844376 0.06240843 -0.08 0.5846205 0.06240312 0.08 0.5846205 0.06240312 -0.08 0.6846445 -0.07478741 0.08 0.7161367 -0.07643786 0.08 0.6846445 -0.07478741 -0.08 0.7161367 -0.07643786 0.08 0.7161995 -0.0752395 -0.08 0.7161995 -0.0752395 -0.08 0.6847073 -0.07358906 0.08 0.6847073 -0.07358906 -0.08 0.6827551 -0.07343972 0.08 0.6827551 -0.07343972 -0.08 0.6808124 -0.0731969 0.08 0.6808124 -0.0731969 -0.08 0.6788836 -0.07286116 0.08 0.6788836 -0.07286116 -0.08 0.6769731 -0.07243329 0.08 0.6769731 -0.07243329 0.08 0.6750854 -0.07191425 -0.08 0.6750854 -0.07191425 0.08 0.6732247 -0.07130525 -0.08 0.6732247 -0.07130525 -0.08 0.6713953 -0.0706077 0.08 0.6713953 -0.0706077 0.08 0.6696016 -0.06982319 -0.08 0.6696016 -0.06982319 0.08 0.6678475 -0.06895353 -0.08 0.6678475 -0.06895353 -0.08 0.6661372 -0.06800072 0.08 0.6661372 -0.06800072 0.08 0.6644745 -0.06696697 -0.08 0.6644745 -0.06696697 0.08 0.6628634 -0.06585465 -0.08 0.6628634 -0.06585465 -0.08 0.6613074 -0.06466632 0.08 0.6613074 -0.06466632 0.08 0.6598103 -0.06340471 -0.08 0.6598103 -0.06340471 -0.08 0.6583754 -0.06207274 0.08 0.6583754 -0.06207274 0.08 0.6570061 -0.06067347 -0.08 0.6570061 -0.06067347 -0.08 0.6557054 -0.05921011 0.08 0.6557054 -0.05921011 -0.08 0.6544765 -0.05768605 0.08 0.6544765 -0.05768605 -0.08 0.6533221 -0.05610479 0.08 0.6533221 -0.05610479 -0.08 0.6522449 -0.05446997 0.08 0.6522449 -0.05446997 -0.08 0.6512473 -0.05278535 0.08 0.6512473 -0.05278535 -0.02618665 0.6425001 -0.03717073 -0.02756087 0.641845 -0.03600134 -0.02886658 0.6411572 -0.03477364 -0.02474732 0.6431208 -0.03827891 -0.03010051 0.6404385 -0.03349069 -0.02324647 0.6437058 -0.03932312 -0.03125961 0.6396906 -0.03215567 -0.02168782 0.6442535 -0.04030075 -0.032341 0.6389155 -0.03077191 -0.02007525 0.6447625 -0.0412094 -0.03334198 0.6381149 -0.02934283 -0.01841278 0.6452316 -0.04204679 -0.03426006 0.637291 -0.02787201 -0.01670452 0.6456596 -0.04281084 -0.03509298 0.6364456 -0.02636309 -0.01495474 0.6460455 -0.04349965 -0.03583864 0.6355811 -0.02481982 -0.01316778 0.6463882 -0.04411152 -0.0364952 0.6346995 -0.02324605 -0.01134807 0.6466871 -0.04464491 -0.03706104 0.633803 -0.02164568 -0.00950016 0.6469412 -0.04509851 -0.03753473 0.6328937 -0.02002269 -0.007628626 0.64715 -0.04547118 -0.0379151 0.6319742 -0.01838112 -0.005738127 0.6473129 -0.045762 -0.03820121 0.6310464 -0.01672505 -0.003833362 0.6474295 -0.04597025 -0.03839235 0.6301129 -0.01505859 -0.03848803 0.6291758 -0.0133859 -0.03848803 0.6282377 -0.01171112 -0.03839235 0.6273006 -0.01003843 -0.03820121 0.6263671 -0.008371973 -0.0379151 0.6254393 -0.006715902 -0.08 0.5878406 0.06040109 -0.03753473 0.6245197 -0.005074332 -0.03706104 0.6236105 -0.003451344 -0.0364952 0.622714 -0.001850973 -0.03583864 0.6218324 -0.0002771979 -0.03509298 0.6209678 0.001266069 -0.03426006 0.6201226 0.002774991 -0.03334198 0.6192986 0.004245815 -0.032341 0.618498 0.005674887 -0.03125961 0.6177228 0.007058652 -0.03010051 0.616975 0.008393671 -0.02886658 0.6162563 0.009676624 -0.02756087 0.6155685 0.01090432 -0.02618665 0.6149135 0.01207371 -0.02474732 0.6142927 0.01318189 -0.02324647 0.6137077 0.0142261 -0.02168782 0.61316 0.01520374 -0.02007525 0.612651 0.01611238 -0.01841278 0.6121819 0.01694977 -0.01670452 0.6117538 0.01771382 -0.01495474 0.611368 0.01840263 -0.01316778 0.6110252 0.0190145 -0.01134807 0.6107264 0.01954789 -0.00950016 0.6104723 0.02000149 -0.007628626 0.6102635 0.02037416 -0.005738127 0.6101006 0.02066498 -0.003833362 0.6099839 0.02087323 -0.001919067 0.6099139 0.02099839 0.08 0.5878406 0.06040109 -0.001919067 0.6474996 -0.04609541 -0.08 0.5848084 0.06238874 0.08 0.5848084 0.06238874 -0.08 0.5849954 0.06236538 0.08 0.5849954 0.06236538 -0.08 0.585181 0.06233307 0.08 0.585181 0.06233307 -0.08 0.5853649 0.06229189 0.08 0.5853649 0.06229189 0.08 0.5855465 0.06224194 -0.08 0.5855465 0.06224194 -0.08 0.5857256 0.06218334 0.08 0.5857256 0.06218334 -0.08 0.5859016 0.06211621 0.08 0.5859016 0.06211621 -0.08 0.5860742 0.06204071 0.08 0.5860742 0.06204071 0.08 0.586243 0.06195702 -0.08 0.586243 0.06195702 -0.08 0.5864077 0.06186533 0.08 0.5864077 0.06186533 -0.08 0.5865676 0.06176585 0.08 0.5865676 0.06176585 -0.08 0.5867227 0.0616588 0.08 0.5867227 0.0616588 0.08 0.5868724 0.06154445 -0.08 0.5868724 0.06154445 -0.08 0.5870165 0.06142303 0.08 0.5870165 0.06142303 -0.08 0.5871546 0.06129485 0.08 0.5871546 0.06129485 0.08 0.5872864 0.0611602 -0.08 0.5872864 0.0611602 -0.08 0.5874115 0.06101937 0.08 0.5874115 0.06101937 0.08 0.5875298 0.06087271 -0.08 0.5875298 0.06087271 -0.08 0.5876409 0.06072054 0.08 0.5876409 0.06072054 -0.08 0.5877446 0.06056321 0.08 0.5877446 0.06056321 0.08 0.5646122 0.06068637 -0.08 0.5646122 0.06068637 0.08 0.5647172 0.05949097 -0.08 0.5647172 0.05949097 0.08 0.5841768 0.06119807 -0.08 0.5841768 0.06119807 0.08 0.5843036 0.06120622 -0.08 0.5843036 0.06120622 -0.08 0.5844307 0.06120845 0.08 0.5844307 0.06120845 0.08 0.6502004 -0.05337183 -0.08 0.6502004 -0.05337183 -0.08 0.6826349 -0.07463368 0.08 0.6826349 -0.07463368 -0.08 0.6806351 -0.07438372 0.08 0.6806351 -0.07438372 -0.08 0.6786495 -0.07403811 0.08 0.6786495 -0.07403811 -0.08 0.6766829 -0.07359765 0.08 0.6766829 -0.07359765 -0.08 0.6747396 -0.07306335 0.08 0.6747396 -0.07306335 0.08 0.6728242 -0.07243644 -0.08 0.6728242 -0.07243644 -0.08 0.670941 -0.07171837 0.08 0.670941 -0.07171837 -0.08 0.6690945 -0.07091078 0.08 0.6690945 -0.07091078 0.08 0.6672888 -0.07001555 -0.08 0.6672888 -0.07001555 -0.08 0.6655282 -0.06903472 0.08 0.6655282 -0.06903472 -0.08 0.6638167 -0.06797057 0.08 0.6638167 -0.06797057 0.08 0.6621581 -0.06682552 -0.08 0.6621581 -0.06682552 -0.08 0.6605564 -0.06560224 0.08 0.6605564 -0.06560224 0.08 0.6590153 -0.06430353 -0.08 0.6590153 -0.06430353 -0.08 0.6575381 -0.06293238 0.08 0.6575381 -0.06293238 0.08 0.6561285 -0.06149195 -0.08 0.6561285 -0.06149195 -0.08 0.6547897 -0.05998556 0.08 0.6547897 -0.05998556 -0.08 0.6535246 -0.05841667 0.08 0.6535246 -0.05841667 -0.08 0.6523362 -0.0567889 0.08 0.6523362 -0.0567889 -0.08 0.6512273 -0.055106 0.08 0.6512273 -0.055106 -0.001919067 0.6203831 0.0268632 -0.003833362 0.6204531 0.02673805 -0.005738127 0.6205698 0.0265298 -0.007628626 0.6207327 0.02623898 -0.00950016 0.6209415 0.0258663 -0.01134807 0.6211956 0.02541271 -0.01316778 0.6214944 0.02487931 -0.01495474 0.6218372 0.02426745 -0.01670452 0.622223 0.02357863 -0.01841278 0.6226511 0.02281458 -0.02007525 0.6231202 0.0219772 -0.02168782 0.6236292 0.02106855 -0.02324647 0.6241769 0.02009091 -0.02474732 0.6247618 0.01904671 -0.02618665 0.6253826 0.01793853 -0.02756087 0.6260377 0.01676914 -0.02886658 0.6267255 0.01554144 -0.03010051 0.6274442 0.01425849 -0.03125961 0.6281921 0.01292347 -0.032341 0.6289672 0.0115397 -0.03334198 0.6297678 0.01011063 -0.03426006 0.6305917 0.008639807 -0.03509298 0.631437 0.007130885 -0.03583864 0.6323016 0.005587618 -0.0364952 0.6331832 0.004013843 -0.03706104 0.6340797 0.002413472 -0.03753473 0.6349889 0.0007904839 -0.0379151 0.6359085 -0.000851086 -0.03820121 0.6368362 -0.002507157 -0.03839235 0.6377698 -0.004173611 -0.03848803 0.6387068 -0.005846306 -0.03848803 0.639645 -0.007521082 -0.03839235 0.6405821 -0.009193777 -0.03820121 0.6415156 -0.01086023 -0.0379151 0.6424434 -0.0125163 -0.03753473 0.643363 -0.01415787 -0.03706104 0.6442722 -0.01578086 -0.0364952 0.6451686 -0.01738123 -0.03583864 0.6460503 -0.01895501 -0.03509298 0.6469149 -0.02049827 -0.03426006 0.6477601 -0.02200719 -0.03334198 0.6485841 -0.02347802 -0.032341 0.6493846 -0.02490709 -0.03125961 0.6501599 -0.02629086 -0.03010051 0.6509077 -0.02762588 -0.02886658 0.6516264 -0.02890883 -0.02756087 0.6523141 -0.03013653 -0.02618665 0.6529692 -0.03130592 -0.02474732 0.65359 -0.03241409 -0.02324647 0.654175 -0.0334583 -0.02168782 0.6547227 -0.03443594 -0.02007525 0.6552317 -0.03534458 -0.01841278 0.6557008 -0.03618197 -0.01670452 0.6561288 -0.03694602 -0.01495474 0.6565147 -0.03763484 -0.01316778 0.6568575 -0.0382467 -0.01134807 0.6571562 -0.03878009 -0.00950016 0.6574103 -0.03923369 -0.007628626 0.6576191 -0.03960637 -0.005738127 0.657782 -0.03989719 -0.003833362 0.6578987 -0.04010543 -0.001919067 0.6579688 -0.04023059 -0.02281896 0.6550842 -0.02894292 -0.02414613 0.6545117 -0.0279211 -0.02541327 0.6539077 -0.02684283 -0.02661723 0.6532736 -0.0257108 -0.02775502 0.6526108 -0.02452781 -0.0288238 0.6519212 -0.02329682 -0.02143506 0.6556235 -0.02990576 -0.01851095 0.6565979 -0.03164506 -0.01999786 0.6561285 -0.03080722 -0.02982092 0.6512065 -0.02202088 -0.0307439 0.6504683 -0.02070317 -0.01540287 0.6574251 -0.03312172 -0.01697802 0.6570305 -0.0324172 -0.03159045 0.6497085 -0.01934695 -0.03235846 0.6489291 -0.01795561 -0.01378944 0.6577809 -0.03375686 -0.03304602 0.648132 -0.0165326 -0.03365142 0.647319 -0.01508145 -0.01214172 0.658097 -0.03432104 -0.008759888 0.6586068 -0.03523112 -0.01046381 0.6583725 -0.03481287 -0.03417316 0.6464923 -0.01360579 -0.03460994 0.645654 -0.01210926 -0.007034188 0.6587993 -0.03557476 -0.03496067 0.644806 -0.01059561 -0.03522449 0.6439506 -0.009068583 -0.005291 0.6589495 -0.03584292 -0.003534659 0.6590571 -0.03603494 -0.03540073 0.6430898 -0.007531982 -0.001769529 0.6591218 -0.03615034 -0.03548896 0.6422258 -0.005989627 -0.03548896 0.6413607 -0.004445353 0.001490565 0.65639 -0.03127382 -0.03540073 0.6404966 -0.002902998 0.002977424 0.6563354 -0.03117661 -0.03522449 0.6396359 -0.001366397 0.004456881 0.6562449 -0.03101486 -0.03496067 0.6387804 0.000160629 0.005925257 0.6561183 -0.03078897 -0.03460994 0.6379325 0.001674284 0.007378901 0.6559562 -0.03049951 -0.03417316 0.6370941 0.003170806 0.008814201 0.6557588 -0.0301472 -0.03365142 0.6362675 0.004646472 0.01022759 0.6555267 -0.0297329 -0.03304602 0.6354545 0.006097616 0.01161555 0.6552605 -0.02925766 -0.03235846 0.6346573 0.007520628 0.01297463 0.6549608 -0.02872265 -0.03159045 0.6338779 0.008911971 -0.0307439 0.6331182 0.01026819 0.01430145 0.6546283 -0.0281292 0.01559272 0.654264 -0.02747879 -0.02982092 0.63238 0.0115859 0.01684522 0.6538686 -0.02677303 -0.0288238 0.6316652 0.01286184 0.01805585 0.6534432 -0.02601369 -0.02775502 0.6309756 0.01409283 0.01922158 0.6529889 -0.02520264 -0.02661723 0.6303129 0.01527582 0.02033952 0.6525067 -0.0243419 -0.02541327 0.6296788 0.01640785 0.0214069 0.6519979 -0.02343362 -0.02414613 0.6290747 0.01748612 0.02242106 0.6514637 -0.02248005 -0.02281896 0.6285023 0.01850794 0.02337947 0.6509055 -0.02148356 -0.02143506 0.6279629 0.01947078 0.02427976 0.6503246 -0.02044664 -0.01999786 0.6274579 0.02037224 0.02511969 0.6497225 -0.01937185 -0.01851095 0.6269886 0.02121008 0.02589716 0.6491006 -0.01826187 0.02661025 0.6484607 -0.01711946 -0.01697802 0.626556 0.02198222 -0.01540287 0.6261614 0.02268674 0.02725718 0.6478041 -0.01594746 -0.01378944 0.6258055 0.02332187 0.02783635 0.6471326 -0.01474878 -0.01214172 0.6254895 0.02388606 0.02834631 0.6464479 -0.01352641 -0.01046381 0.625214 0.02437789 0.0287858 0.6457515 -0.01228338 0.02915372 0.6450453 -0.01102278 -0.008759888 0.6249797 0.02479614 -0.007034188 0.6247872 0.02513978 0.02944917 0.6443311 -0.009747755 0.02967139 0.6436105 -0.008461463 -0.005291 0.624637 0.02540794 -0.003534659 0.6245294 0.02559996 0.02981985 0.6428854 -0.007167105 -0.001769529 0.6244647 0.02571536 0.02989417 0.6421576 -0.005867901 0.02989417 0.6414289 -0.004567079 0.001490565 0.6271965 0.02083883 0.02981985 0.640701 -0.003267875 0.002977424 0.627251 0.02074162 0.02967139 0.639976 -0.001973518 0.02944917 0.6392554 -0.0006872252 0.004456881 0.6273416 0.02057988 0.005925257 0.6274681 0.02035399 0.02915372 0.6385411 0.0005878043 0.007378901 0.6276303 0.02006453 0.0287858 0.637835 0.001848401 0.008814201 0.6278277 0.01971222 0.02834631 0.6371386 0.00309143 0.02783635 0.6364538 0.004313803 0.01022759 0.6280598 0.01929792 0.01161555 0.628326 0.01882268 0.02725718 0.6357823 0.005512479 0.01297463 0.6286257 0.01828767 0.02661025 0.6351258 0.006684478 0.02589716 0.6344858 0.007826888 0.01430145 0.6289581 0.01769422 0.01559272 0.6293225 0.01704381 0.01684522 0.6297179 0.01633805 0.02511969 0.633864 0.008936867 0.02427976 0.6332619 0.01001166 0.01805585 0.6301432 0.0155787 0.01922158 0.6305976 0.01476766 0.02337947 0.632681 0.01104858 0.02242106 0.6321228 0.01204507 0.0214069 0.6315886 0.01299864 0.02033952 0.6310798 0.01390692 -0.001918886 0.6580955 -0.0401555 -0.001918347 0.6582183 -0.04007429 -0.001917448 0.658337 -0.03998716 -0.001916193 0.6584513 -0.03989432 -0.001914585 0.6585609 -0.03979599 -0.001912628 0.6586655 -0.03969241 -0.001910325 0.658765 -0.03958384 -0.001907684 0.6588589 -0.03947052 -0.001904709 0.6589473 -0.03935273 -0.001901409 0.6590297 -0.03923077 -0.001897792 0.6591061 -0.03910491 -0.001893865 0.6591761 -0.03897547 -0.001889639 0.6592397 -0.03884275 -0.003833002 0.6580254 -0.04003035 -0.001885123 0.6592968 -0.03870708 -0.003831924 0.6581483 -0.03994918 -0.001880329 0.6593472 -0.03856878 -0.003830129 0.658267 -0.03986211 -0.001875268 0.6593906 -0.03842819 -0.003827623 0.6583813 -0.03976935 -0.001869952 0.6594272 -0.03828564 -0.00382441 0.658491 -0.03967113 -0.001864395 0.6594567 -0.03814149 -0.0038205 0.6585956 -0.03956768 -0.001858608 0.659479 -0.03799607 -0.003815901 0.6586952 -0.03945925 -0.001852608 0.6594942 -0.03784973 -0.003810625 0.6587892 -0.0393461 -0.001846407 0.6595022 -0.03770283 -0.003804683 0.6588777 -0.03922851 -0.001840021 0.659503 -0.03755572 -0.003798092 0.6589602 -0.03910676 -0.001833465 0.6594966 -0.03740876 -0.003790865 0.6590367 -0.03898114 -0.001826755 0.6594829 -0.0372623 -0.003783021 0.6591069 -0.03885195 -0.001819907 0.6594621 -0.0371167 -0.00377458 0.6591707 -0.03871951 -0.001812937 0.6594341 -0.03697229 -0.005737589 0.6579088 -0.03982212 -0.003765559 0.659228 -0.03858414 -0.001805864 0.6593991 -0.03682944 -0.005735974 0.6580316 -0.03974101 -0.003755983 0.6592784 -0.03844616 -0.001798702 0.6593571 -0.03668849 -0.005733288 0.6581504 -0.03965404 -0.003745874 0.6593221 -0.03830589 -0.001791471 0.6593083 -0.03654977 -0.005729536 0.6582648 -0.03956142 -0.003735255 0.6593588 -0.03816369 -0.001784186 0.6592527 -0.03641362 -0.005724728 0.6583746 -0.03946337 -0.003724154 0.6593885 -0.0380199 -0.001776866 0.6591904 -0.03628037 -0.005718874 0.6584794 -0.03936013 -0.003712596 0.6594111 -0.03787485 -0.00571199 0.658579 -0.03925195 -0.003700609 0.6594265 -0.0377289 -0.005704092 0.6586733 -0.03913909 -0.003688223 0.6594348 -0.03758241 -0.005695198 0.6587619 -0.03902182 -0.003675467 0.6594358 -0.03743572 -0.005685331 0.6588447 -0.03890043 -0.003662371 0.6594296 -0.03728919 -0.005674514 0.6589213 -0.0387752 -0.003648968 0.6594162 -0.03714317 -0.005662773 0.6589918 -0.03864644 -0.003635289 0.6593956 -0.03699801 -0.005650136 0.6590558 -0.03851446 -0.003621368 0.6593679 -0.03685406 -0.007627911 0.6577458 -0.03953133 -0.005636634 0.6591133 -0.03837957 -0.003607238 0.6593331 -0.03671167 -0.007625764 0.6578688 -0.0394503 -0.0056223 0.6591641 -0.03824211 -0.003592933 0.6592914 -0.03657119 -0.007622192 0.6579876 -0.03936346 -0.005607167 0.6592081 -0.0381024 -0.003578487 0.6592429 -0.03643294 -0.007617205 0.6581021 -0.03927103 -0.005591272 0.6592452 -0.03796077 -0.003563937 0.6591875 -0.03629726 -0.007610812 0.658212 -0.03917323 -0.005574655 0.6592752 -0.03781758 -0.003549315 0.6591255 -0.03616449 -0.00760303 0.658317 -0.03907028 -0.005557353 0.6592981 -0.03767316 -0.007593878 0.6584169 -0.03896245 -0.005539411 0.6593139 -0.03752787 -0.007583377 0.6585114 -0.03884999 -0.00552087 0.6593225 -0.03738205 -0.007571554 0.6586002 -0.03873318 -0.005501775 0.6593239 -0.03723605 -0.007558436 0.6586832 -0.03861228 -0.005482172 0.6593181 -0.03709023 -0.007544055 0.6587603 -0.0384876 -0.005462109 0.6593051 -0.03694493 -0.007528446 0.6588311 -0.03835944 -0.005441633 0.659285 -0.03680052 -0.007511645 0.6588954 -0.0382281 -0.005420794 0.6592577 -0.03665733 -0.009499269 0.6575371 -0.0391587 -0.007493695 0.6589533 -0.03809389 -0.005399643 0.6592234 -0.03651571 -0.009496595 0.6576601 -0.03907777 -0.007474638 0.6590045 -0.03795716 -0.005378231 0.6591821 -0.036376 -0.009492147 0.6577791 -0.0389911 -0.00745452 0.659049 -0.03781821 -0.005356607 0.6591339 -0.03623854 -0.009485936 0.6578937 -0.03889891 -0.007433389 0.6590864 -0.03767739 -0.005334826 0.659079 -0.03610365 -0.009477975 0.6580037 -0.03880142 -0.007411296 0.6591169 -0.03753505 -0.00531294 0.6590175 -0.03597168 -0.009468284 0.6581089 -0.03869886 -0.007388295 0.6591403 -0.03739151 -0.009456886 0.658209 -0.03859148 -0.00736444 0.6591566 -0.03724712 -0.00944381 0.6583038 -0.03847953 -0.00733979 0.6591658 -0.03710224 -0.009429086 0.658393 -0.03836329 -0.007314404 0.6591677 -0.03695721 -0.009412749 0.6584764 -0.03824304 -0.007288343 0.6591625 -0.03681238 -0.00939484 0.6585538 -0.03811906 -0.00726167 0.65915 -0.0366681 -0.009375401 0.658625 -0.03799166 -0.007234448 0.6591304 -0.03652472 -0.00935448 0.6586899 -0.03786114 -0.007206745 0.6591038 -0.03638259 -0.01134701 0.657283 -0.03870514 -0.009332126 0.6587482 -0.03772781 -0.007178625 0.6590701 -0.03624204 -0.01134382 0.6574061 -0.03862434 -0.009308393 0.6588 -0.03759201 -0.007150157 0.6590294 -0.03610342 -0.0113385 0.6575251 -0.03853789 -0.00928334 0.6588449 -0.03745404 -0.00712141 0.6589819 -0.03596705 -0.01133108 0.65764 -0.038446 -0.009257024 0.658883 -0.03731426 -0.007092453 0.6589276 -0.03583327 -0.01132157 0.6577502 -0.03834888 -0.009229511 0.6589141 -0.03717299 -0.007063356 0.6588666 -0.0357024 -0.01131 0.6578557 -0.03824678 -0.009200868 0.6589382 -0.03703057 -0.01129638 0.6579561 -0.03813995 -0.009171161 0.6589551 -0.03688735 -0.01128076 0.6580512 -0.03802863 -0.009140464 0.6589649 -0.03674368 -0.01126318 0.6581408 -0.03791309 -0.00910885 0.6589675 -0.03659988 -0.01124366 0.6582246 -0.03779361 -0.009076395 0.658963 -0.03645633 -0.01122227 0.6583025 -0.03767049 -0.009043178 0.6589513 -0.03631336 -0.01119905 0.6583742 -0.03754402 -0.009009277 0.6589325 -0.03617131 -0.01117406 0.6584397 -0.0374145 -0.008974777 0.6589066 -0.03603053 -0.01316654 0.6569843 -0.03817179 -0.01114736 0.6584987 -0.03728224 -0.008939759 0.6588736 -0.03589135 -0.01316284 0.6571074 -0.03809114 -0.01111901 0.658551 -0.03714757 -0.008904307 0.6588337 -0.03575412 -0.01315667 0.6572266 -0.03800494 -0.01108908 0.6585966 -0.0370108 -0.008868508 0.6587869 -0.03561916 -0.01314806 0.6573416 -0.0379134 -0.01105764 0.6586354 -0.03687227 -0.008832447 0.6587335 -0.03548679 -0.01313703 0.6574521 -0.03781673 -0.01102478 0.6586672 -0.03673232 -0.008796211 0.6586733 -0.03535735 -0.01312359 0.6575579 -0.03771518 -0.01099057 0.658692 -0.03659127 -0.0131078 0.6576586 -0.03760898 -0.01095508 0.6587098 -0.03644946 -0.01308967 0.6577542 -0.03749839 -0.01091841 0.6587204 -0.03630725 -0.01306926 0.6578442 -0.03738368 -0.01088065 0.6587239 -0.03616497 -0.01304662 0.6579285 -0.03726513 -0.01084188 0.6587202 -0.03602297 -0.0130218 0.658007 -0.03714301 -0.0108022 0.6587094 -0.03588158 -0.01299485 0.6580793 -0.03701763 -0.01076171 0.6586915 -0.03574115 -0.01296585 0.6581454 -0.03688928 -0.0107205 0.6586665 -0.03560201 -0.01495334 0.6566415 -0.03755999 -0.01293487 0.6582051 -0.03675828 -0.01067867 0.6586345 -0.03546451 -0.01494913 0.6567647 -0.03747951 -0.01290198 0.6582582 -0.03662494 -0.01063632 0.6585955 -0.03532897 -0.01494213 0.6568841 -0.0373936 -0.01286725 0.6583046 -0.03648958 -0.01059356 0.6585497 -0.03519572 -0.01493235 0.6569993 -0.03730245 -0.01283078 0.6583442 -0.03635253 -0.01055048 0.6584972 -0.03506507 -0.01491982 0.6571102 -0.0372063 -0.01279264 0.658377 -0.03621412 -0.0105072 0.6584381 -0.03493736 -0.01490456 0.6572162 -0.03710537 -0.01275294 0.6584026 -0.03607468 -0.01488662 0.6573174 -0.0369999 -0.01271176 0.6584213 -0.03593454 -0.01486604 0.6574135 -0.03689016 -0.01266922 0.6584329 -0.03579405 -0.01484286 0.657504 -0.0367764 -0.0126254 0.6584374 -0.03565355 -0.01481714 0.6575889 -0.03665889 -0.01258041 0.6584348 -0.03551337 -0.01478895 0.657668 -0.03653793 -0.01253437 0.658425 -0.03537384 -0.01475835 0.6577411 -0.0364138 -0.01248738 0.6584081 -0.03523532 -0.01472542 0.6578079 -0.0362868 -0.01243956 0.6583842 -0.03509812 -0.01670296 0.6562557 -0.03687124 -0.01469023 0.6578684 -0.03615724 -0.01239103 0.6583533 -0.03496258 -0.01669826 0.656379 -0.03679095 -0.01465287 0.6579224 -0.03602542 -0.01234189 0.6583155 -0.03482903 -0.01669044 0.6564985 -0.03670536 -0.01461343 0.6579697 -0.03589168 -0.01229227 0.6582708 -0.03469779 -0.01667951 0.6566141 -0.03661467 -0.01457201 0.6580103 -0.03575632 -0.01224229 0.6582194 -0.03456917 -0.01666552 0.6567252 -0.0365191 -0.0145287 0.6580439 -0.03561968 -0.01219206 0.6581614 -0.03444349 -0.01664848 0.6568317 -0.03641887 -0.01448361 0.6580707 -0.03548209 -0.01662844 0.6569333 -0.03631423 -0.01443684 0.6580905 -0.03534387 -0.01660544 0.6570298 -0.03620543 -0.01438852 0.6581031 -0.03520536 -0.01657955 0.657121 -0.03609274 -0.01433876 0.6581088 -0.03506689 -0.01655083 0.6572066 -0.03597642 -0.01428767 0.6581073 -0.03492879 -0.01651934 0.6572864 -0.03585675 -0.01423538 0.6580987 -0.03479141 -0.01648516 0.6573603 -0.03573403 -0.01418201 0.6580831 -0.03465507 -0.01644837 0.657428 -0.03560855 -0.01412771 0.6580604 -0.03452009 -0.01841105 0.6558277 -0.03610726 -0.01640906 0.6574894 -0.03548061 -0.01407258 0.6580308 -0.03438681 -0.01840587 0.6559511 -0.03602719 -0.01636733 0.6575443 -0.03535052 -0.01401678 0.6579942 -0.03425554 -0.01839725 0.6560709 -0.03594196 -0.01632328 0.6575926 -0.03521859 -0.01396042 0.6579508 -0.03412661 -0.01838521 0.6561866 -0.03585176 -0.01627701 0.6576342 -0.03508514 -0.01390366 0.6579008 -0.03400031 -0.01836978 0.6562982 -0.03575683 -0.01622863 0.6576691 -0.03495049 -0.01384661 0.6578441 -0.03387696 -0.018351 0.6564051 -0.03565738 -0.01617826 0.657697 -0.03481497 -0.01832891 0.6565073 -0.03555366 -0.01612603 0.657718 -0.03467891 -0.01830356 0.6566044 -0.03544591 -0.01607206 0.6577319 -0.03454262 -0.01827503 0.6566962 -0.0353344 -0.01601647 0.6577388 -0.03440644 -0.01824336 0.6567825 -0.03521939 -0.0159594 0.6577386 -0.03427071 -0.01820865 0.6568632 -0.03510117 -0.01590099 0.6577314 -0.03413573 -0.01817098 0.6569379 -0.03498001 -0.01584139 0.6577172 -0.03400185 -0.01813043 0.6570065 -0.03485621 -0.01578072 0.6576959 -0.03386937 -0.02007337 0.6553586 -0.03526995 -0.0180871 0.6570689 -0.03473007 -0.01571915 0.6576677 -0.03373863 -0.02006772 0.6554822 -0.03519012 -0.01804111 0.6571249 -0.03460189 -0.01565681 0.6576326 -0.03360993 -0.02005832 0.6556022 -0.03510527 -0.01799255 0.6571744 -0.03447197 -0.01559386 0.6575906 -0.03348359 -0.0200452 0.6557183 -0.03501563 -0.01794154 0.6572172 -0.03434064 -0.01553046 0.657542 -0.03335991 -0.02002838 0.6558301 -0.03492139 -0.01788822 0.6572532 -0.03420821 -0.01546674 0.6574868 -0.03323919 -0.0200079 0.6559376 -0.0348228 -0.0178327 0.6572824 -0.03407499 -0.01998381 0.6560403 -0.03472009 -0.01777513 0.6573047 -0.03394131 -0.01995618 0.6561381 -0.03461349 -0.01771563 0.6573201 -0.0338075 -0.01992507 0.6562306 -0.03450328 -0.01765436 0.6573284 -0.03367387 -0.01989054 0.6563177 -0.03438971 -0.01759146 0.6573297 -0.03354074 -0.0198527 0.6563993 -0.03427307 -0.01752708 0.657324 -0.03340843 -0.01981162 0.6564749 -0.03415362 -0.01746137 0.6573112 -0.03327727 -0.01976741 0.6565446 -0.03403167 -0.01739451 0.6572915 -0.03314758 -0.02168579 0.6548497 -0.03436139 -0.01972017 0.6566081 -0.03390749 -0.01732664 0.6572649 -0.03301965 -0.02167968 0.6549734 -0.03428181 -0.01967002 0.6566653 -0.0337814 -0.01725793 0.6572314 -0.0328938 -0.02166953 0.6550936 -0.0341974 -0.01961708 0.6567159 -0.0336537 -0.01718854 0.657191 -0.03277034 -0.02165535 0.65521 -0.03410835 -0.01956147 0.6567601 -0.03352468 -0.01711865 0.657144 -0.03264956 -0.02163718 0.6553223 -0.03401487 -0.01950333 0.6567975 -0.03339468 -0.01704842 0.6570905 -0.03253175 -0.02161505 0.6554303 -0.03391721 -0.01944281 0.6568281 -0.03326398 -0.02158903 0.6555336 -0.03381558 -0.01938003 0.6568519 -0.03313293 -0.02155918 0.6556321 -0.03371024 -0.01931516 0.6568687 -0.03300182 -0.02152557 0.6557254 -0.03360143 -0.01924836 0.6568786 -0.03287097 -0.02148827 0.6558134 -0.03348943 -0.01917978 0.6568815 -0.0327407 -0.02144739 0.6558959 -0.0333745 -0.01910958 0.6568774 -0.03261132 -0.02140301 0.6559726 -0.03325691 -0.01903795 0.6568664 -0.03248315 -0.02135525 0.6560434 -0.03313696 -0.01896504 0.6568484 -0.03235649 -0.02324429 0.654302 -0.03338384 -0.02130422 0.6561081 -0.03301492 -0.01889104 0.6568234 -0.03223166 -0.02323775 0.6544259 -0.03330454 -0.02125004 0.6561665 -0.0328911 -0.01881613 0.6567917 -0.03210893 -0.02322686 0.6545464 -0.03322058 -0.02119284 0.6562186 -0.03276579 -0.01874048 0.6567531 -0.03198863 -0.02321166 0.6546631 -0.03313217 -0.02113277 0.6562641 -0.0326393 -0.01866428 0.6567079 -0.03187103 -0.02319218 0.6547759 -0.03303952 -0.02106996 0.656303 -0.03251192 -0.01858771 0.6566561 -0.03175641 -0.02316847 0.6548845 -0.03294284 -0.02100457 0.6563351 -0.03238397 -0.02314058 0.6549884 -0.03284239 -0.02093675 0.6563605 -0.03225575 -0.02310858 0.6550876 -0.0327384 -0.02086667 0.656379 -0.03212757 -0.02307256 0.6551818 -0.03263111 -0.0207945 0.6563906 -0.03199975 -0.02303258 0.6552708 -0.03252078 -0.02072041 0.6563952 -0.03187259 -0.02298876 0.6553543 -0.0324077 -0.02064458 0.6563929 -0.03174639 -0.02294119 0.6554321 -0.03229211 -0.02056719 0.6563837 -0.03162146 -0.02289 0.6555042 -0.03217431 -0.02048843 0.6563675 -0.0314981 -0.024745 0.6537171 -0.03233973 -0.0228353 0.6555701 -0.03205457 -0.02040849 0.6563445 -0.03137661 -0.02473804 0.6538412 -0.03226073 -0.02277723 0.6556299 -0.0319332 -0.02032756 0.6563146 -0.03125728 -0.02472645 0.6539619 -0.03217725 -0.02271592 0.6556834 -0.03181046 -0.02024583 0.656278 -0.0311404 -0.02471027 0.6540791 -0.03208953 -0.02265153 0.6557304 -0.03168668 -0.02016351 0.6562347 -0.03102625 -0.02468953 0.6541923 -0.03199775 -0.02258421 0.6557709 -0.03156213 -0.02008078 0.6561848 -0.0309151 -0.02466429 0.6543015 -0.03190214 -0.02251411 0.6558047 -0.03143713 -0.0246346 0.6544061 -0.03180294 -0.02244142 0.6558318 -0.03131197 -0.02460053 0.6545062 -0.03170038 -0.02236631 0.6558521 -0.03118695 -0.02456218 0.6546013 -0.03159471 -0.02228895 0.6558654 -0.03106238 -0.02451962 0.6546912 -0.03148619 -0.02220954 0.6558719 -0.03093856 -0.02447297 0.6547758 -0.03137506 -0.02212825 0.6558716 -0.03081577 -0.02442233 0.6548549 -0.03126162 -0.0220453 0.6558643 -0.03069434 -0.02436784 0.6549282 -0.03114611 -0.02196088 0.6558501 -0.03057453 -0.02618419 0.6530964 -0.03123166 -0.0243096 0.6549955 -0.03102884 -0.02187519 0.6558291 -0.03045664 -0.02617682 0.6532206 -0.03115297 -0.02424778 0.6550568 -0.03091007 -0.02178845 0.6558013 -0.03034096 -0.02616456 0.6533417 -0.03107001 -0.02418252 0.6551118 -0.03079009 -0.02170085 0.6557667 -0.03022776 -0.02614744 0.6534592 -0.03098301 -0.02411397 0.6551605 -0.0306692 -0.02161261 0.6557255 -0.03011732 -0.0261255 0.653573 -0.03089216 -0.0240423 0.6552026 -0.03054767 -0.02152394 0.6556777 -0.0300099 -0.02609879 0.6536827 -0.03079769 -0.02396768 0.6552382 -0.03042582 -0.02606737 0.6537881 -0.03069981 -0.0238903 0.6552671 -0.03030392 -0.02603132 0.653889 -0.03059878 -0.02381034 0.6552892 -0.03018228 -0.02599074 0.6539851 -0.03049483 -0.02372798 0.6553046 -0.03006119 -0.02594571 0.6540761 -0.03038821 -0.02364344 0.6553131 -0.02994093 -0.02589634 0.6541619 -0.03027917 -0.02355691 0.6553148 -0.0298218 -0.02584276 0.6542422 -0.03016799 -0.02346861 0.6553096 -0.02970408 -0.02578509 0.6543168 -0.03005493 -0.02337873 0.6552975 -0.02958807 -0.02755829 0.6524413 -0.03006238 -0.02572347 0.6543857 -0.02994026 -0.02328751 0.6552786 -0.02947403 -0.02755053 0.6525658 -0.02998401 -0.02565806 0.6544485 -0.02982426 -0.02319517 0.655253 -0.02936225 -0.02753763 0.6526871 -0.02990161 -0.025589 0.6545051 -0.0297072 -0.02310191 0.6552206 -0.02925298 -0.02751961 0.6528051 -0.02981537 -0.02551646 0.6545555 -0.02958938 -0.02300797 0.6551816 -0.0291465 -0.02749651 0.6529194 -0.0297255 -0.02544062 0.6545995 -0.02947107 -0.02291358 0.6551361 -0.02904307 -0.0274684 0.6530298 -0.02963222 -0.02536167 0.654637 -0.02935255 -0.02743533 0.653136 -0.02953575 -0.02527978 0.6546678 -0.02923412 -0.0273974 0.6532379 -0.02943633 -0.02519517 0.654692 -0.02911606 -0.02735468 0.6533349 -0.02933418 -0.02510803 0.6547094 -0.02899866 -0.02730729 0.6534271 -0.02922957 -0.02501857 0.65472 -0.02888218 -0.02725533 0.653514 -0.02912275 -0.024927 0.6547238 -0.02876693 -0.02719894 0.6535957 -0.02901396 -0.02483356 0.6547208 -0.02865317 -0.02713824 0.6536718 -0.02890347 -0.02473846 0.6547111 -0.02854118 -0.02886387 0.6517537 -0.0288348 -0.02707339 0.6537422 -0.02879156 -0.02464194 0.6546945 -0.02843122 -0.02885575 0.6518783 -0.02875678 -0.02700454 0.6538066 -0.02867847 -0.02454422 0.6546711 -0.02832357 -0.02884223 0.6519999 -0.02867495 -0.02693186 0.653865 -0.0285645 -0.02444554 0.6546411 -0.02821849 -0.02882336 0.6521183 -0.02858951 -0.02685551 0.6539172 -0.02844992 -0.02434614 0.6546045 -0.02811621 -0.02879917 0.6522333 -0.02850067 -0.0267757 0.6539631 -0.02833499 -0.02424626 0.6545613 -0.02801701 -0.02876972 0.6523444 -0.02840864 -0.0266926 0.6540025 -0.02822 -0.02873509 0.6524514 -0.02831364 -0.02660642 0.6540354 -0.02810523 -0.02869535 0.6525541 -0.02821591 -0.02651736 0.6540616 -0.02799095 -0.02865062 0.6526523 -0.02811567 -0.02642565 0.6540812 -0.02787743 -0.02860098 0.6527456 -0.02801317 -0.02633149 0.6540941 -0.02776495 -0.02854656 0.6528339 -0.02790866 -0.02623512 0.6541002 -0.02765379 -0.02848749 0.652917 -0.02780238 -0.02613678 0.6540996 -0.0275442 -0.02842392 0.6529946 -0.0276946 -0.02603669 0.6540922 -0.02743646 -0.03009769 0.651035 -0.02755197 -0.028356 0.6530666 -0.02758557 -0.0259351 0.654078 -0.02733081 -0.03008922 0.6511599 -0.0274743 -0.02828389 0.6531328 -0.02747556 -0.02583225 0.6540571 -0.02722753 -0.03007512 0.6512819 -0.02739308 -0.02820776 0.6531929 -0.02736482 -0.02572839 0.6540296 -0.02712685 -0.03005544 0.6514008 -0.02730848 -0.0281278 0.6532471 -0.02725364 -0.02562378 0.6539954 -0.02702901 -0.03003022 0.6515162 -0.02722071 -0.0280442 0.6532949 -0.02714227 -0.02551865 0.6539548 -0.02693427 -0.02999952 0.6516281 -0.02712999 -0.02795716 0.6533364 -0.02703098 -0.0299634 0.651736 -0.02703653 -0.0278669 0.6533715 -0.02692005 -0.02992197 0.6518397 -0.02694057 -0.02777363 0.6533999 -0.02680973 -0.02987532 0.651939 -0.02684232 -0.02767757 0.6534218 -0.0267003 -0.02982356 0.6520335 -0.02674202 -0.02757895 0.6534371 -0.02659202 -0.02976682 0.6521232 -0.02663993 -0.02747802 0.6534456 -0.02648515 -0.02970522 0.6522077 -0.02653628 -0.02737501 0.6534474 -0.02637994 -0.02963894 0.6522869 -0.02643132 -0.02727018 0.6534424 -0.02627665 -0.03125668 0.6502872 -0.02621707 -0.02956811 0.6523606 -0.02632531 -0.02716378 0.6534308 -0.02617554 -0.03124788 0.6504122 -0.02613979 -0.02949291 0.6524285 -0.0262185 -0.02705606 0.6534125 -0.02607683 -0.03123325 0.6505346 -0.02605918 -0.02941353 0.6524907 -0.02611115 -0.02694728 0.6533876 -0.02598078 -0.03121281 0.650654 -0.02597546 -0.02933016 0.6525468 -0.02600352 -0.02683771 0.653356 -0.02588761 -0.03118661 0.6507701 -0.02588881 -0.02924298 0.6525967 -0.02589587 -0.0267276 0.653318 -0.02579754 -0.03115473 0.6508828 -0.02579945 -0.02915223 0.6526403 -0.02578845 -0.03111723 0.6509915 -0.0257076 -0.02905811 0.6526776 -0.02568152 -0.0310742 0.6510963 -0.02561346 -0.02896084 0.6527084 -0.02557535 -0.03102575 0.6511967 -0.02551728 -0.02886068 0.6527327 -0.02547019 -0.030972 0.6512925 -0.02541929 -0.02875784 0.6527504 -0.02536629 -0.03091307 0.6513836 -0.02531971 -0.0286526 0.6527614 -0.02526391 -0.0308491 0.6514697 -0.02521879 -0.02854519 0.6527658 -0.02516328 -0.03078026 0.6515505 -0.02511677 -0.02843588 0.6527635 -0.02506465 -0.03233796 0.6495121 -0.02483344 -0.03070671 0.6516259 -0.0250139 -0.02832493 0.6527545 -0.02496826 -0.03232887 0.6496373 -0.02475654 -0.03062862 0.6516958 -0.02491043 -0.0282126 0.6527389 -0.02487435 -0.03231372 0.6497601 -0.02467658 -0.03054618 0.6517598 -0.0248066 -0.02809917 0.6527166 -0.02478312 -0.03229258 0.6498799 -0.02459376 -0.03045959 0.651818 -0.02470267 -0.02798492 0.6526878 -0.02469482 -0.03226548 0.6499968 -0.02450828 -0.03036906 0.6518701 -0.02459888 -0.02787011 0.6526525 -0.02460965 -0.03223248 0.6501102 -0.02442033 -0.03027481 0.651916 -0.02449549 -0.03219368 0.6502199 -0.02433013 -0.03017706 0.6519556 -0.02439274 -0.03214917 0.6503257 -0.02423791 -0.03007606 0.6519889 -0.02429088 -0.03209904 0.6504273 -0.02414387 -0.02997203 0.6520156 -0.02419016 -0.03204343 0.6505245 -0.02404825 -0.02986524 0.6520359 -0.02409082 -0.03198246 0.650617 -0.02395128 -0.02975595 0.6520496 -0.0239931 -0.03191629 0.6507047 -0.0238532 -0.0296444 0.6520566 -0.02389724 -0.03184507 0.6507872 -0.02375423 -0.02953088 0.652057 -0.02380346 -0.03333885 0.6487116 -0.0234045 -0.03176897 0.6508644 -0.02365462 -0.02941565 0.6520508 -0.02371199 -0.03332947 0.6488371 -0.023328 -0.03168818 0.6509362 -0.0235546 -0.029299 0.6520379 -0.02362306 -0.03331386 0.6489602 -0.02324872 -0.03160288 0.6510024 -0.02345442 -0.02918121 0.6520185 -0.02353687 -0.03329206 0.6490806 -0.02316683 -0.0315133 0.6510627 -0.02335432 -0.02906255 0.6519925 -0.02345363 -0.03326412 0.6491981 -0.02308254 -0.03141964 0.651117 -0.02325454 -0.02894332 0.6519601 -0.02337355 -0.03323011 0.6493123 -0.02299605 -0.03132213 0.6511653 -0.02315532 -0.03319011 0.649423 -0.02290757 -0.031221 0.6512073 -0.02305689 -0.03314421 0.6495298 -0.02281731 -0.0311165 0.651243 -0.02295951 -0.03309253 0.6496328 -0.02272549 -0.03100888 0.6512724 -0.0228634 -0.0330352 0.6497313 -0.02263233 -0.03089839 0.6512953 -0.02276878 -0.03297235 0.6498253 -0.02253806 -0.03078531 0.6513116 -0.0226759 -0.03290412 0.6499146 -0.02244289 -0.03066991 0.6513215 -0.02258498 -0.0328307 0.6499989 -0.02234707 -0.03055246 0.6513246 -0.02249622 -0.03425685 0.6478878 -0.02193381 -0.03275224 0.6500781 -0.02225082 -0.03043325 0.6513213 -0.02240985 -0.03424721 0.6480134 -0.02185773 -0.03266895 0.6501519 -0.02215437 -0.03031256 0.6513113 -0.02232608 -0.03423117 0.6481369 -0.02177913 -0.03258102 0.6502201 -0.02205796 -0.03019069 0.6512949 -0.02224511 -0.03420877 0.6482579 -0.02169821 -0.03248866 0.6502826 -0.02196182 -0.03006793 0.6512719 -0.02216713 -0.03418006 0.648376 -0.02161515 -0.03239211 0.6503392 -0.02186618 -0.02994457 0.6512423 -0.02209233 -0.03414511 0.6484911 -0.02153016 -0.03229157 0.6503899 -0.02177127 -0.03410401 0.6486028 -0.02144345 -0.03218732 0.6504344 -0.02167731 -0.03405685 0.6487108 -0.02135521 -0.03207958 0.6504728 -0.02158455 -0.03400375 0.6488149 -0.02126567 -0.03196863 0.6505048 -0.02149319 -0.03394484 0.6489149 -0.02117504 -0.03185472 0.6505304 -0.02140346 -0.03388025 0.6490105 -0.02108354 -0.03173814 0.6505496 -0.02131557 -0.03381015 0.6491015 -0.02099138 -0.03161917 0.6505623 -0.02122975 -0.0337347 0.6491876 -0.0208988 -0.03149808 0.6505684 -0.02114618 -0.03508968 0.6470425 -0.02042503 -0.03365409 0.6492687 -0.02080601 -0.03137518 0.650568 -0.02106508 -0.03507981 0.6471685 -0.02034938 -0.0335685 0.6493445 -0.02071324 -0.03125076 0.650561 -0.02098664 -0.03506338 0.6472924 -0.02027148 -0.03347815 0.6494149 -0.02062071 -0.03112512 0.6505475 -0.02091105 -0.03504043 0.6474139 -0.02019155 -0.03338326 0.6494797 -0.02052864 -0.03099856 0.6505275 -0.0208385 -0.03501102 0.6475327 -0.02010975 -0.03328403 0.6495388 -0.02043725 -0.03087138 0.6505011 -0.02076915 -0.03497523 0.6476486 -0.0200263 -0.03318074 0.6495919 -0.02034678 -0.03493313 0.6477613 -0.0199414 -0.03307361 0.649639 -0.02025742 -0.03488482 0.6478705 -0.01985524 -0.03296291 0.6496801 -0.02016941 -0.03483043 0.647976 -0.01976804 -0.0328489 0.6497148 -0.02008294 -0.03477009 0.6480774 -0.01968 -0.03273186 0.6497432 -0.01999824 -0.03470393 0.6481746 -0.01959134 -0.03261207 0.6497653 -0.0199155 -0.03463213 0.6482673 -0.01950228 -0.03248981 0.6497809 -0.01983492 -0.03455484 0.6483553 -0.01941302 -0.0323654 0.64979 -0.0197567 -0.03583527 0.6461781 -0.01888191 -0.03447227 0.6484384 -0.01932378 -0.03223911 0.6497926 -0.01968102 -0.03582519 0.6463043 -0.01880669 -0.0343846 0.6485163 -0.01923477 -0.03211127 0.6497888 -0.01960807 -0.03580841 0.6464285 -0.01872952 -0.03429205 0.6485889 -0.01914622 -0.03198216 0.6497783 -0.01953802 -0.03578498 0.6465506 -0.01865059 -0.03419485 0.6486561 -0.01905833 -0.03185212 0.6497615 -0.01947105 -0.03575495 0.6466702 -0.01857009 -0.03409322 0.6487175 -0.01897132 -0.03172144 0.6497382 -0.01940731 -0.03571839 0.646787 -0.01848822 -0.03398741 0.6487733 -0.01888539 -0.03567539 0.6469007 -0.01840516 -0.03387767 0.648823 -0.01880076 -0.03562606 0.6470111 -0.01832113 -0.03376428 0.6488668 -0.01871762 -0.03557052 0.6471179 -0.01823632 -0.0336475 0.6489043 -0.01863618 -0.03550889 0.6472208 -0.01815093 -0.03352761 0.6489356 -0.01855663 -0.03544133 0.6473196 -0.01806519 -0.03340491 0.6489606 -0.01847916 -0.035368 0.6474141 -0.01797928 -0.03327969 0.6489792 -0.01840396 -0.03528907 0.647504 -0.01789342 -0.03315224 0.6489915 -0.01833122 -0.03649178 0.6452965 -0.01730828 -0.03520474 0.6475891 -0.01780781 -0.03302289 0.6489972 -0.01826111 -0.03648151 0.645423 -0.0172335 -0.03511522 0.6476692 -0.01772266 -0.03289194 0.6489965 -0.01819379 -0.03646442 0.6455477 -0.01715707 -0.0350207 0.6477441 -0.01763818 -0.03275969 0.6489893 -0.01812943 -0.03644056 0.6456703 -0.01707917 -0.03492143 0.6478137 -0.01755456 -0.03262649 0.6489756 -0.01806818 -0.03640998 0.6457906 -0.01699999 -0.03481764 0.6478776 -0.01747202 -0.03249263 0.6489555 -0.01801019 -0.03637275 0.6459083 -0.01691972 -0.03470958 0.647936 -0.01739075 -0.03632897 0.6460231 -0.01683855 -0.03459752 0.6479884 -0.01731094 -0.03627873 0.6461347 -0.01675669 -0.03448171 0.648035 -0.01723278 -0.03622217 0.6462429 -0.01667432 -0.03436245 0.6480754 -0.01715648 -0.03615941 0.6463473 -0.01659164 -0.03424002 0.6481097 -0.0170822 -0.03609061 0.6464478 -0.01650886 -0.03411471 0.6481377 -0.01701013 -0.03601594 0.6465441 -0.01642617 -0.03398682 0.6481594 -0.01694044 -0.03593557 0.6466359 -0.01634377 -0.03385667 0.6481747 -0.0168733 -0.03705756 0.6444001 -0.01570806 -0.03584969 0.6467231 -0.01626187 -0.03372457 0.6481837 -0.01680888 -0.03704713 0.6445268 -0.01563373 -0.03575853 0.6468054 -0.01618065 -0.03359083 0.6481862 -0.01674731 -0.03702978 0.6446519 -0.01555805 -0.03566228 0.6468826 -0.01610032 -0.03345578 0.6481822 -0.01668877 -0.03700554 0.6447751 -0.0154812 -0.03556119 0.6469546 -0.01602106 -0.03331974 0.6481718 -0.01663338 -0.03697449 0.6448962 -0.01540336 -0.0354555 0.6470211 -0.01594308 -0.03318304 0.648155 -0.01658128 -0.03693668 0.6450148 -0.01532472 -0.03534546 0.6470821 -0.01586655 -0.03689222 0.6451307 -0.01524547 -0.03523134 0.6471373 -0.01579166 -0.03684121 0.6452435 -0.01516581 -0.03511342 0.6471867 -0.01571859 -0.03678377 0.645353 -0.01508592 -0.03499197 0.6472301 -0.01564752 -0.03672004 0.645459 -0.01500599 -0.03486729 0.6472674 -0.01557862 -0.03665017 0.6455612 -0.01492623 -0.03473969 0.6472985 -0.01551206 -0.03657434 0.6456593 -0.01484681 -0.03460946 0.6473233 -0.01544798 -0.03649272 0.6457531 -0.01476794 -0.03447693 0.6473419 -0.01538656 -0.0375312 0.643491 -0.01408523 -0.03640552 0.6458424 -0.0146898 -0.0343424 0.647354 -0.01532794 -0.03752064 0.6436179 -0.01401135 -0.03631293 0.6459269 -0.01461259 -0.03420621 0.6473598 -0.01527225 -0.03750307 0.6437435 -0.01393643 -0.03621519 0.6460065 -0.01453647 -0.03406869 0.6473592 -0.01521963 -0.03747853 0.6438673 -0.01386064 -0.03611254 0.646081 -0.01446165 -0.03393016 0.6473522 -0.01517022 -0.03744707 0.6439891 -0.01378416 -0.03600521 0.6461501 -0.0143883 -0.03379096 0.6473387 -0.01512412 -0.03740878 0.6441086 -0.01370718 -0.03589346 0.6462138 -0.0143166 -0.03736375 0.6442256 -0.01362988 -0.03577758 0.6462719 -0.01424671 -0.03731209 0.6443397 -0.01355245 -0.03565783 0.6463241 -0.01417882 -0.03725391 0.6444507 -0.01347507 -0.0355345 0.6463705 -0.01411307 -0.03718937 0.6445582 -0.01339794 -0.03540789 0.6464108 -0.01404964 -0.03711861 0.6446621 -0.01332123 -0.0352783 0.6464451 -0.01398867 -0.03704181 0.6447621 -0.01324514 -0.03514606 0.6464731 -0.01393031 -0.03695915 0.6448578 -0.01316984 -0.03501147 0.6464949 -0.01387469 -0.03791154 0.6425715 -0.01244381 -0.03687083 0.6449493 -0.01309552 -0.03487486 0.6465104 -0.01382197 -0.03790087 0.6426987 -0.0123704 -0.03677706 0.6450361 -0.01302236 -0.03473656 0.6465195 -0.01377225 -0.03788312 0.6428246 -0.01229625 -0.03667807 0.6451181 -0.01295053 -0.0345969 0.6465223 -0.01372567 -0.03785833 0.642949 -0.01222153 -0.0365741 0.6451951 -0.0128802 -0.03445622 0.6465187 -0.01368233 -0.03782656 0.6430717 -0.01214642 -0.0364654 0.6452668 -0.01281155 -0.03431486 0.6465087 -0.01364233 -0.03778788 0.6431921 -0.01207112 -0.03635223 0.6453333 -0.01274474 -0.03774239 0.6433102 -0.01199578 -0.03623486 0.6453942 -0.01267993 -0.0376902 0.6434255 -0.01192061 -0.03611358 0.6454493 -0.01261728 -0.03763144 0.643538 -0.01184578 -0.03598867 0.6454987 -0.01255694 -0.03756624 0.6436471 -0.01177147 -0.03586045 0.6455422 -0.01249905 -0.03749477 0.6437527 -0.01169786 -0.03572921 0.6455796 -0.01244375 -0.03741719 0.6438546 -0.01162513 -0.03559527 0.6456109 -0.01239118 -0.03733369 0.6439524 -0.01155344 -0.03545896 0.645636 -0.01234146 -0.03819762 0.6416438 -0.0107879 -0.03724448 0.644046 -0.01148299 -0.03532061 0.6456548 -0.01229472 -0.03818687 0.6417713 -0.01071495 -0.03714976 0.6441351 -0.01141393 -0.03518054 0.6456674 -0.01225106 -0.03816899 0.6418977 -0.01064157 -0.03704977 0.6442195 -0.01134642 -0.0350391 0.6456735 -0.01221059 -0.03814401 0.6420227 -0.01056794 -0.03694474 0.644299 -0.01128064 -0.03489662 0.6456733 -0.01217341 -0.038112 0.6421461 -0.01049422 -0.03683494 0.6443735 -0.01121675 -0.03475345 0.6456669 -0.01213961 -0.03807303 0.6422675 -0.0104206 -0.03672062 0.6444426 -0.01115489 -0.0380272 0.6423867 -0.01034726 -0.03660207 0.6445064 -0.01109521 -0.03797462 0.6425034 -0.01027437 -0.03647955 0.6445646 -0.01103786 -0.03791541 0.6426171 -0.0102021 -0.03635338 0.644617 -0.01098298 -0.03784972 0.6427279 -0.01013064 -0.03622385 0.6446636 -0.0109307 -0.03777771 0.6428353 -0.01006015 -0.03609129 0.6447042 -0.01088114 -0.03769954 0.642939 -0.009990805 -0.03595599 0.6447388 -0.01083443 -0.03761541 0.6430389 -0.00992277 -0.0358183 0.6447673 -0.01079067 -0.03838874 0.6407104 -0.009121598 -0.03752552 0.6431346 -0.009856209 -0.03567854 0.6447895 -0.01074998 -0.03837794 0.6408381 -0.009049122 -0.0374301 0.6432261 -0.009791283 -0.03553706 0.6448054 -0.01071245 -0.03835997 0.6409649 -0.008976523 -0.03732935 0.6433129 -0.009728148 -0.03539418 0.6448151 -0.01067817 -0.03833486 0.6410906 -0.008903976 -0.03722353 0.643395 -0.009666957 -0.03525026 0.6448184 -0.01064722 -0.03830269 0.6412147 -0.008831656 -0.0371129 0.6434722 -0.009607856 -0.03510564 0.6448154 -0.01061968 -0.03826353 0.6413371 -0.008759738 -0.03699772 0.6435441 -0.009550988 -0.03821747 0.6414574 -0.008688395 -0.03687827 0.6436108 -0.00949649 -0.03816462 0.6415753 -0.008617797 -0.03675483 0.6436719 -0.009444493 -0.03810512 0.6416906 -0.008548115 -0.03662771 0.6437275 -0.009395123 -0.0380391 0.6418029 -0.008479518 -0.0364972 0.6437773 -0.009348499 -0.03796672 0.641912 -0.00841217 -0.03636363 0.6438212 -0.009304733 -0.03788817 0.6420177 -0.008346234 -0.03622732 0.643859 -0.00926393 -0.03780362 0.6421196 -0.00828187 -0.03608859 0.6438908 -0.009226189 -0.03848442 0.6397734 -0.00744906 -0.03771328 0.6422176 -0.00821923 -0.03594778 0.6439164 -0.0091916 -0.03847359 0.6399014 -0.007377055 -0.03761737 0.6423113 -0.008158467 -0.03580522 0.6439359 -0.009160247 -0.03845557 0.6400287 -0.007305239 -0.03751612 0.6424007 -0.008099727 -0.03566127 0.643949 -0.009132205 -0.03843041 0.640155 -0.007233786 -0.03740978 0.6424854 -0.008043152 -0.03551626 0.6439559 -0.009107542 -0.03839816 0.6402799 -0.007162868 -0.03729859 0.6425652 -0.007988877 -0.03537055 0.6439564 -0.009086318 -0.03835889 0.6404032 -0.007092656 -0.03718283 0.64264 -0.007937033 -0.03831272 0.6405247 -0.007023319 -0.03706279 0.6427096 -0.007887746 -0.03825974 0.6406439 -0.006955023 -0.03693873 0.6427737 -0.007841135 -0.03820009 0.6407606 -0.006887935 -0.03681097 0.6428324 -0.00779731 -0.03813391 0.6408745 -0.006822214 -0.03667981 0.6428854 -0.007756379 -0.03806135 0.6409854 -0.006758019 -0.03654557 0.6429325 -0.00771844 -0.0379826 0.641093 -0.006695506 -0.03640858 0.6429737 -0.007683583 -0.03789784 0.641197 -0.006634825 -0.03626915 0.6430089 -0.007651894 -0.03848442 0.6388353 -0.005774441 -0.03780728 0.6412971 -0.006576121 -0.03612764 0.643038 -0.007623447 -0.03847359 0.6389636 -0.005702907 -0.03771113 0.6413932 -0.006519536 -0.03598437 0.6430609 -0.007598313 -0.03845557 0.6390912 -0.005631875 -0.03760963 0.641485 -0.006465208 -0.03583969 0.6430776 -0.007576551 -0.03843041 0.6392181 -0.005561517 -0.03750302 0.6415723 -0.006413266 -0.03569396 0.643088 -0.007558214 -0.03839816 0.6393439 -0.005492002 -0.03739156 0.6416548 -0.006363835 -0.03554753 0.643092 -0.007543345 -0.03835889 0.6394681 -0.005423499 -0.03727551 0.6417325 -0.006317035 -0.03831272 0.6395907 -0.005356171 -0.03715516 0.641805 -0.006272979 -0.03825974 0.6397112 -0.005290181 -0.0370308 0.6418722 -0.006231772 -0.03820009 0.6398294 -0.005225688 -0.03690272 0.641934 -0.006193514 -0.03813391 0.6399449 -0.005162847 -0.03677123 0.6419901 -0.006158297 -0.03806135 0.6400576 -0.00510181 -0.03663666 0.6420405 -0.006126206 -0.0379826 0.6401671 -0.005042723 -0.03649932 0.6420851 -0.006097318 -0.03789784 0.6402731 -0.00498573 -0.03635955 0.6421237 -0.006071703 -0.03838874 0.6378984 -0.004101903 -0.03780728 0.6403755 -0.004930967 -0.03621768 0.6421562 -0.006049422 -0.03837794 0.6380269 -0.00403084 -0.03771113 0.640474 -0.004878566 -0.03607405 0.6421826 -0.00603053 -0.03835997 0.638155 -0.003960591 -0.03760963 0.6405682 -0.004828654 -0.03592902 0.6422028 -0.006015071 -0.03833486 0.6382825 -0.003891327 -0.03750302 0.6406581 -0.004781352 -0.03578292 0.6422167 -0.006003083 -0.03830269 0.638409 -0.003823214 -0.03739156 0.6407434 -0.004736771 -0.03563612 0.6422244 -0.005994595 -0.03826353 0.6385342 -0.003756417 -0.03727551 0.6408239 -0.004695021 -0.03821747 0.638658 -0.003691095 -0.03715516 0.6408993 -0.004656201 -0.03816462 0.6387797 -0.003627408 -0.0370308 0.6409695 -0.004620406 -0.03810512 0.6388994 -0.003565507 -0.03690272 0.6410344 -0.004587721 -0.0380391 0.6390165 -0.003505542 -0.03677123 0.6410938 -0.004558226 -0.03796672 0.6391309 -0.003447659 -0.03663666 0.6411475 -0.004531991 -0.03788817 0.6392424 -0.003391995 -0.03649932 0.6411954 -0.004509079 -0.03780362 0.6393505 -0.003338685 -0.03635955 0.6412374 -0.004489546 -0.03819762 0.6369649 -0.002435606 -0.03771328 0.6394551 -0.003287858 -0.03621768 0.6412734 -0.004473438 -0.03818687 0.6370937 -0.002365011 -0.03761737 0.6395558 -0.003239636 -0.03607405 0.6413033 -0.004460795 -0.03816899 0.6372222 -0.002295542 -0.03751612 0.6396526 -0.003194135 -0.03592902 0.641327 -0.004451648 -0.03814401 0.6373503 -0.002227368 -0.03740978 0.6397451 -0.003151466 -0.03578292 0.6413445 -0.004446017 -0.038112 0.6374777 -0.002160651 -0.03729859 0.6398331 -0.003111729 -0.03563612 0.6413557 -0.004443917 -0.03807303 0.6376039 -0.002095554 -0.03718283 0.6399163 -0.003075022 -0.0380272 0.6377286 -0.002032232 -0.03706279 0.6399947 -0.003041433 -0.03797462 0.6378517 -0.001970838 -0.03693873 0.6400679 -0.003011043 -0.03791541 0.6379728 -0.00191152 -0.03681097 0.640136 -0.002983925 -0.03784972 0.6380916 -0.001854421 -0.03667981 0.6401985 -0.002960143 -0.03777771 0.6382078 -0.001799679 -0.03654557 0.6402555 -0.002939757 -0.03769954 0.638321 -0.001747425 -0.03640858 0.6403068 -0.002922814 -0.03761541 0.6384313 -0.001697785 -0.03626915 0.6403522 -0.002909355 -0.03791154 0.6360372 -0.0007796903 -0.03752552 0.638538 -0.001650879 -0.03612764 0.6403916 -0.002899414 -0.03790087 0.6361663 -0.0007095614 -0.0374301 0.6386412 -0.00160682 -0.03598437 0.640425 -0.002893013 -0.03788312 0.6362953 -0.0006408684 -0.03732935 0.6387404 -0.001565714 -0.03583969 0.6404523 -0.002890168 -0.03785833 0.636424 -0.0005737767 -0.03722353 0.6388354 -0.001527661 -0.03569396 0.6404733 -0.002890887 -0.03782656 0.6365521 -0.000508448 -0.0371129 0.6389261 -0.00149275 -0.03554753 0.6404882 -0.002895167 -0.03778788 0.6366793 -0.0004450396 -0.03699772 0.6390122 -0.001461068 -0.03774239 0.6368051 -0.0003837044 -0.03687827 0.6390935 -0.00143269 -0.0376902 0.6369295 -0.00032459 -0.03675483 0.6391697 -0.001407684 -0.03763144 0.637052 -0.0002678389 -0.03662771 0.6392408 -0.001386111 -0.03756624 0.6371724 -0.0002135877 -0.0364972 0.6393066 -0.001368023 -0.03749477 0.6372903 -0.0001619673 -0.03636363 0.6393669 -0.001353463 -0.03741719 0.6374055 -0.000113102 -0.03622732 0.6394214 -0.001342467 -0.03733369 0.6375178 -6.710935e-05 -0.03608859 0.6394702 -0.00133506 -0.0375312 0.6351177 0.0008617256 -0.03724448 0.6376267 -2.410032e-05 -0.03594778 0.6395131 -0.001331261 -0.03752064 0.635247 0.0009313926 -0.03714976 0.6377321 1.582152e-05 -0.03580522 0.63955 -0.001331079 -0.03750307 0.6353765 0.000999317 -0.03704977 0.6378338 5.256001e-05 -0.03566127 0.6395807 -0.001334514 -0.03747853 0.6355058 0.001065335 -0.03694474 0.6379315 8.602662e-05 -0.03551626 0.6396054 -0.001341558 -0.03744707 0.6356346 0.001129288 -0.03683494 0.6380248 0.0001161408 -0.03537055 0.6396238 -0.001352195 -0.03740878 0.6357628 0.001191022 -0.03672062 0.6381137 0.0001428298 -0.03736375 0.6358897 0.001250388 -0.03660207 0.6381979 0.0001660296 -0.03731209 0.6360153 0.001307243 -0.03647955 0.6382772 0.0001856841 -0.03725391 0.6361393 0.00136145 -0.03635338 0.6383514 0.0002017461 -0.03718937 0.6362612 0.001412878 -0.03622385 0.6384203 0.0002141768 -0.03711861 0.6363809 0.001461404 -0.03609129 0.6384838 0.0002229463 -0.03704181 0.636498 0.00150691 -0.03595599 0.6385416 0.0002280334 -0.03695915 0.6366122 0.001549288 -0.0358183 0.6385938 0.0002294259 -0.03705756 0.6342086 0.002484561 -0.03687083 0.6367234 0.001588434 -0.03567854 0.6386401 0.0002271205 -0.03704713 0.6343382 0.002553771 -0.03677706 0.6368311 0.001624255 -0.03553706 0.6386805 0.0002211227 -0.03702978 0.6344681 0.002620936 -0.03667807 0.6369352 0.001656665 -0.03539418 0.6387147 0.0002114469 -0.03700554 0.634598 0.002685893 -0.0365741 0.6370353 0.001685584 -0.03525026 0.6387429 0.0001981165 -0.03697449 0.6347276 0.002748486 -0.0364654 0.6371314 0.001710944 -0.03510564 0.6387648 0.0001811636 -0.03693668 0.6348566 0.002808565 -0.03635223 0.6372231 0.001732684 -0.03689222 0.6349847 0.002865983 -0.03623486 0.6373101 0.001750751 -0.03684121 0.6351116 0.002920604 -0.03611358 0.6373924 0.001765101 -0.03678377 0.6352369 0.002972296 -0.03598867 0.6374696 0.0017757 -0.03672004 0.6353604 0.003020933 -0.03586045 0.6375417 0.001782523 -0.03665017 0.6354818 0.003066399 -0.03572921 0.6376084 0.001785552 -0.03657434 0.6356008 0.003108585 -0.03559527 0.6376696 0.001784782 -0.03649272 0.635717 0.003147388 -0.03545896 0.637725 0.001780213 -0.03649178 0.6333122 0.004084782 -0.03640552 0.6358303 0.003182716 -0.03532061 0.6377748 0.001771857 -0.03648151 0.633442 0.004153542 -0.03631293 0.6359402 0.003214482 -0.03518054 0.6378185 0.001759733 -0.03646442 0.6335723 0.004219957 -0.03621519 0.6360468 0.003242611 -0.0350391 0.6378563 0.001743871 -0.03644056 0.6337028 0.004283868 -0.03611254 0.6361494 0.003267035 -0.03489662 0.6378879 0.00172431 -0.03640998 0.6338331 0.00434512 -0.03600521 0.6362481 0.003287695 -0.03475345 0.6379133 0.001701095 -0.03637275 0.6339631 0.004403566 -0.03589346 0.6363425 0.003304541 -0.03632897 0.6340922 0.004459064 -0.03577758 0.6364324 0.003317533 -0.03627873 0.6342203 0.004511483 -0.03565783 0.6365176 0.003326639 -0.03622217 0.634347 0.004560694 -0.0355345 0.6365979 0.003331837 -0.03615941 0.6344721 0.004606579 -0.03540789 0.636673 0.003333116 -0.03609061 0.6345952 0.004649028 -0.0352783 0.6367429 0.003330471 -0.03601594 0.634716 0.00468794 -0.03514606 0.6368074 0.003323909 -0.03593557 0.6348342 0.004723218 -0.03501147 0.6368661 0.003313446 -0.03583527 0.6324307 0.00565841 -0.03584969 0.6349496 0.00475478 -0.03487486 0.6369192 0.003299107 -0.03582519 0.6325607 0.005726727 -0.03575853 0.6350618 0.004782549 -0.03473656 0.6369664 0.003280927 -0.03580841 0.6326914 0.005792405 -0.03566228 0.6351707 0.004806458 -0.0345969 0.6370075 0.003258949 -0.03578498 0.6328224 0.005855287 -0.03556119 0.6352759 0.004826448 -0.03445622 0.6370426 0.003233227 -0.03575495 0.6329536 0.00591522 -0.0354555 0.6353771 0.004842474 -0.03431486 0.6370715 0.003203822 -0.03571839 0.6330844 0.005972061 -0.03534546 0.6354742 0.004854494 -0.03567539 0.6332146 0.006025671 -0.03523134 0.635567 0.004862482 -0.03562606 0.6333439 0.006075923 -0.03511342 0.635655 0.004866416 -0.03557052 0.633472 0.006122695 -0.03499197 0.6357383 0.004866289 -0.03550889 0.6335986 0.006165874 -0.03486729 0.6358165 0.0048621 -0.03544133 0.6337233 0.006205357 -0.03473969 0.6358895 0.004853859 -0.035368 0.6338459 0.006241047 -0.03460946 0.6359572 0.004841587 -0.03528907 0.6339661 0.006272861 -0.03447693 0.6360192 0.004825312 -0.03508968 0.6315662 0.007201531 -0.03520474 0.6340836 0.006300719 -0.0343424 0.6360756 0.004805074 -0.03507981 0.6316965 0.007269414 -0.03511522 0.634198 0.006324556 -0.03420621 0.6361261 0.004780922 -0.03506338 0.6318276 0.007334371 -0.0350207 0.6343092 0.006344315 -0.03406869 0.6361706 0.004752914 -0.03504043 0.6319592 0.007396243 -0.03492143 0.6344168 0.006359946 -0.03393016 0.6362091 0.004721117 -0.03501102 0.6320911 0.007454883 -0.03481764 0.6345206 0.006371414 -0.03379096 0.6362414 0.004685608 -0.03497523 0.6322228 0.007510149 -0.03470958 0.6346204 0.006378689 -0.03493313 0.632354 0.007561909 -0.03459752 0.6347158 0.006381755 -0.03488482 0.6324846 0.007610036 -0.03448171 0.6348068 0.006380605 -0.03483043 0.632614 0.007654416 -0.03436245 0.634893 0.006375241 -0.03477009 0.632742 0.007694942 -0.03424002 0.6349742 0.006365675 -0.03470393 0.6328684 0.007731515 -0.03411471 0.6350503 0.006351932 -0.03463213 0.6329927 0.007764048 -0.03398682 0.6351211 0.006334044 -0.03455484 0.6331148 0.007792462 -0.03385667 0.6351863 0.006312054 -0.03425685 0.6307209 0.008710311 -0.03447227 0.6332343 0.007816689 -0.03372457 0.635246 0.006286015 -0.03424721 0.6308515 0.00877777 -0.0343846 0.633351 0.007836671 -0.03359083 0.6352997 0.00625599 -0.03423117 0.630983 0.008842019 -0.03429205 0.6334644 0.007852359 -0.03345578 0.6353476 0.006222051 -0.03420877 0.6311152 0.008902905 -0.03419485 0.6335744 0.007863717 -0.03331974 0.6353894 0.00618428 -0.03418006 0.6312477 0.008960281 -0.03409322 0.6336807 0.007870715 -0.03318304 0.6354251 0.006142768 -0.03414511 0.6313803 0.009014008 -0.03398741 0.6337831 0.007873337 -0.03410401 0.6315126 0.009063957 -0.03387767 0.6338812 0.007871578 -0.03405685 0.6316443 0.009110007 -0.03376428 0.633975 0.00786544 -0.03400375 0.631775 0.009152049 -0.0336475 0.634064 0.00785494 -0.03394484 0.6319045 0.00918998 -0.03352761 0.6341483 0.007840103 -0.03388025 0.6320325 0.009223708 -0.03340491 0.6342274 0.007820963 -0.03381015 0.6321586 0.009253154 -0.03327969 0.6343012 0.007797568 -0.0337347 0.6322825 0.009278245 -0.03315224 0.6343696 0.007769974 -0.03333885 0.6298971 0.010181 -0.03365409 0.632404 0.009298922 -0.03302289 0.6344324 0.007738246 -0.03332947 0.6300278 0.01024804 -0.0335685 0.6325227 0.009315134 -0.03289194 0.6344894 0.007702462 -0.03331386 0.6301598 0.0103116 -0.03347815 0.6326384 0.009326843 -0.03275969 0.6345405 0.007662708 -0.03329206 0.6302925 0.01037153 -0.03338326 0.6327507 0.009334021 -0.03262649 0.6345856 0.00761908 -0.03326412 0.6304257 0.01042767 -0.03328403 0.6328595 0.009336649 -0.03249263 0.6346246 0.007571681 -0.03323011 0.6305591 0.0104799 -0.03318074 0.6329644 0.009334722 -0.03319011 0.6306924 0.01052808 -0.03307361 0.6330652 0.009328244 -0.03314421 0.6308252 0.01057211 -0.03296291 0.6331617 0.009317231 -0.03309253 0.6309572 0.01061187 -0.0328489 0.6332536 0.00930171 -0.0330352 0.6310881 0.01064727 -0.03273186 0.6333406 0.009281717 -0.03297235 0.6312177 0.01067823 -0.03261207 0.6334227 0.009257302 -0.03290412 0.6313455 0.01070466 -0.03248981 0.6334996 0.009228522 -0.0328307 0.6314712 0.01072652 -0.0323654 0.633571 0.009195448 -0.03233796 0.6290966 0.01160994 -0.03275224 0.6315946 0.01074373 -0.03223911 0.633637 0.009158159 -0.03232887 0.6292276 0.01167658 -0.03266895 0.6317154 0.01075627 -0.03211127 0.6336971 0.009116744 -0.03231372 0.6293599 0.01173947 -0.03258102 0.6318333 0.0107641 -0.03198216 0.6337515 0.009071303 -0.03229258 0.6294931 0.01179846 -0.03248866 0.6319479 0.0107672 -0.03185212 0.6337997 0.009021948 -0.03226548 0.629627 0.01185341 -0.03239211 0.632059 0.01076557 -0.03172144 0.633842 0.008968794 -0.03223248 0.6297612 0.01190417 -0.03229157 0.6321664 0.01075921 -0.03219368 0.6298954 0.01195064 -0.03218732 0.6322698 0.01074813 -0.03214917 0.6300294 0.0119927 -0.03207958 0.632369 0.01073237 -0.03209904 0.6301627 0.01203025 -0.03196863 0.6324636 0.01071195 -0.03204343 0.6302949 0.01206319 -0.03185472 0.6325535 0.01068693 -0.03198246 0.630426 0.01209146 -0.03173814 0.6326384 0.01065738 -0.03191629 0.6305554 0.01211497 -0.03161917 0.6327182 0.01062335 -0.03184507 0.6306829 0.01213367 -0.03149808 0.6327927 0.01058493 -0.03125668 0.6283215 0.01299357 -0.03176897 0.6308082 0.01214753 -0.03137518 0.6328616 0.01054222 -0.03124788 0.6284527 0.01305982 -0.03168818 0.630931 0.01215649 -0.03125076 0.6329249 0.01049532 -0.03123325 0.6285853 0.01312207 -0.03160288 0.6310509 0.01216056 -0.03112512 0.6329823 0.01044434 -0.03121281 0.6287191 0.01318015 -0.0315133 0.6311678 0.0121597 -0.03099856 0.6330338 0.0103894 -0.03118661 0.6288536 0.01323394 -0.03141964 0.6312813 0.01215393 -0.03087138 0.633079 0.01033063 -0.03115473 0.6289886 0.0132833 -0.03132213 0.6313911 0.01214326 -0.03111723 0.6291238 0.01332811 -0.031221 0.6314969 0.01212771 -0.0310742 0.6292588 0.01336826 -0.0311165 0.6315987 0.01210733 -0.03102575 0.6293932 0.01340366 -0.03100888 0.631696 0.01208216 -0.030972 0.6295269 0.01343423 -0.03089839 0.6317886 0.01205226 -0.03091307 0.6296594 0.01345988 -0.03078531 0.6318763 0.01201771 -0.0308491 0.6297904 0.01348056 -0.03066991 0.631959 0.01197858 -0.03078026 0.6299196 0.01349622 -0.03055246 0.6320364 0.01193497 -0.03009769 0.6275737 0.01432846 -0.03070671 0.6300467 0.01350682 -0.03043325 0.6321083 0.01188699 -0.03008922 0.6277051 0.01439434 -0.03062862 0.6301714 0.01351233 -0.03031256 0.6321745 0.01183476 -0.03007512 0.6278381 0.01445596 -0.03054618 0.6302935 0.01351274 -0.03019069 0.632235 0.01177839 -0.03005544 0.6279724 0.01451317 -0.03045959 0.6304125 0.01350805 -0.03006793 0.6322894 0.01171803 -0.03003022 0.6281075 0.01456584 -0.03036906 0.6305281 0.01349827 -0.02994457 0.6323378 0.01165381 -0.02999952 0.6282433 0.01461384 -0.03027481 0.6306403 0.01348343 -0.0299634 0.6283793 0.01465704 -0.03017706 0.6307487 0.01346356 -0.02992197 0.6285154 0.01469536 -0.03007606 0.6308528 0.0134387 -0.02987532 0.628651 0.01472869 -0.02997203 0.6309527 0.01340893 -0.02982356 0.6287859 0.01475696 -0.02986524 0.631048 0.0133743 -0.02976682 0.6289198 0.0147801 -0.02975595 0.6311385 0.01333491 -0.02970522 0.6290523 0.01479805 -0.0296444 0.6312239 0.01329084 -0.02963894 0.6291832 0.01481077 -0.02953088 0.6313041 0.01324221 -0.02886387 0.626855 0.0156113 -0.02956811 0.6293121 0.01481822 -0.02941565 0.6313788 0.01318913 -0.02885575 0.6269867 0.01567681 -0.02949291 0.6294387 0.0148204 -0.029299 0.6314479 0.01313173 -0.02884223 0.62712 0.01573783 -0.02941353 0.6295626 0.01481729 -0.02918121 0.6315113 0.01307015 -0.02882336 0.6272547 0.01579421 -0.02933016 0.6296837 0.0148089 -0.02906255 0.6315687 0.01300453 -0.02879917 0.6273905 0.0158458 -0.02924298 0.6298016 0.01479526 -0.02894332 0.6316201 0.01293504 -0.02876972 0.627527 0.01589248 -0.02915223 0.629916 0.01477639 -0.02873509 0.6276639 0.01593415 -0.02905811 0.6300267 0.01475235 -0.02869535 0.6278009 0.01597071 -0.02896084 0.6301333 0.01472318 -0.02865062 0.6279376 0.01600205 -0.02886068 0.6302357 0.01468896 -0.02860098 0.6280738 0.01602811 -0.02875784 0.6303335 0.01464977 -0.02854656 0.628209 0.01604883 -0.0286526 0.6304266 0.01460571 -0.02848749 0.6283431 0.01606415 -0.02854519 0.6305146 0.01455688 -0.02842392 0.6284755 0.01607405 -0.02843588 0.6305976 0.0145034 -0.02755829 0.6261674 0.01683888 -0.028356 0.6286061 0.01607848 -0.02832493 0.630675 0.0144454 -0.02755053 0.6262992 0.01690405 -0.02828389 0.6287344 0.01607745 -0.0282126 0.630747 0.01438302 -0.02753763 0.6264328 0.01696449 -0.02820776 0.6288604 0.01607096 -0.02809917 0.6308132 0.01431641 -0.02751961 0.626568 0.01702007 -0.0281278 0.6289834 0.01605902 -0.02798492 0.6308734 0.01424572 -0.02749651 0.6267043 0.01707063 -0.0280442 0.6291034 0.01604166 -0.02787011 0.6309276 0.01417114 -0.0274684 0.6268416 0.01711606 -0.02795716 0.6292199 0.01601893 -0.02743533 0.6269793 0.01715626 -0.0278669 0.6293328 0.01599087 -0.0273974 0.6271172 0.01719112 -0.02777363 0.6294418 0.01595755 -0.02735468 0.6272551 0.01722056 -0.02767757 0.6295466 0.01591907 -0.02730729 0.6273924 0.01724451 -0.02757895 0.6296469 0.0158755 -0.02725533 0.6275289 0.01726292 -0.02747802 0.6297424 0.01582695 -0.02719894 0.6276644 0.01727573 -0.02737501 0.6298331 0.01577354 -0.02713824 0.6277983 0.01728292 -0.02727018 0.6299186 0.0157154 -0.02618419 0.6255123 0.01800816 -0.02707339 0.6279305 0.01728447 -0.02716378 0.6299988 0.01565268 -0.02617682 0.6256443 0.018073 -0.02700454 0.6280606 0.01728037 -0.02705606 0.6300734 0.01558551 -0.02616456 0.6257783 0.0181329 -0.02693186 0.6281883 0.01727064 -0.02694728 0.6301423 0.01551406 -0.02614744 0.6259139 0.01818771 -0.02685551 0.6283132 0.0172553 -0.02683771 0.6302053 0.0154385 -0.0261255 0.6260508 0.01823729 -0.0267757 0.6284352 0.01723439 -0.0267276 0.6302621 0.01535903 -0.02609879 0.6261887 0.01828153 -0.0266926 0.6285538 0.01720795 -0.02606737 0.6263272 0.01832032 -0.02660642 0.6286689 0.01717605 -0.02603132 0.626466 0.01835357 -0.02651736 0.6287801 0.01713877 -0.02599074 0.6266049 0.0183812 -0.02642565 0.6288871 0.0170962 -0.02594571 0.6267433 0.01840314 -0.02633149 0.6289897 0.01704843 -0.02589634 0.6268811 0.01841934 -0.02623512 0.6290878 0.01699559 -0.02584276 0.6270178 0.01842976 -0.02613678 0.6291808 0.01693781 -0.02578509 0.6271533 0.01843438 -0.02603669 0.6292689 0.01687521 -0.024745 0.6248916 0.01911623 -0.02572347 0.627287 0.01843317 -0.0259351 0.6293516 0.01680795 -0.02473804 0.6250237 0.01918076 -0.02565806 0.6274187 0.01842616 -0.02583225 0.6294288 0.0167362 -0.02472645 0.625158 0.01924014 -0.025589 0.6275482 0.01841334 -0.02572839 0.6295002 0.01666013 -0.02471027 0.625294 0.01929422 -0.02551646 0.6276749 0.01839476 -0.02562378 0.6295658 0.01657991 -0.02468953 0.6254315 0.01934288 -0.02544062 0.6277988 0.01837046 -0.02551865 0.6296254 0.01649575 -0.02466429 0.6255699 0.01938599 -0.02536167 0.6279194 0.0183405 -0.0246346 0.6257092 0.01942345 -0.02527978 0.6280365 0.01830494 -0.02460053 0.6258489 0.01945518 -0.02519517 0.6281498 0.01826389 -0.02456218 0.6259887 0.01948109 -0.02510803 0.628259 0.01821742 -0.02451962 0.6261282 0.01950113 -0.02501857 0.6283639 0.01816566 -0.02447297 0.6262672 0.01951524 -0.024927 0.6284642 0.01810873 -0.02442233 0.6264052 0.01952339 -0.02483356 0.6285596 0.01804677 -0.02436784 0.626542 0.01952556 -0.02473846 0.62865 0.01797993 -0.02324429 0.6243067 0.02016034 -0.0243096 0.6266772 0.01952175 -0.02464194 0.6287351 0.01790836 -0.02323775 0.624439 0.02022458 -0.02424778 0.6268104 0.01951196 -0.02454422 0.6288148 0.01783225 -0.02322686 0.6245735 0.02028347 -0.02418252 0.6269415 0.01949623 -0.02444554 0.6288887 0.01775177 -0.02321166 0.6247099 0.02033686 -0.02411397 0.62707 0.01947458 -0.02434614 0.6289568 0.01766712 -0.02319218 0.6248478 0.02038465 -0.0240423 0.6271957 0.01944707 -0.02424626 0.6290189 0.0175785 -0.02316847 0.6249869 0.02042669 -0.02396768 0.6273182 0.01941376 -0.02314058 0.625127 0.0204629 -0.0238903 0.6274372 0.01937474 -0.02310858 0.6252674 0.02049319 -0.02381034 0.6275525 0.0193301 -0.02307256 0.6254081 0.02051748 -0.02372798 0.6276638 0.01927995 -0.02303258 0.6255486 0.02053572 -0.02364344 0.6277708 0.01922441 -0.02298876 0.6256887 0.02054786 -0.02355691 0.6278732 0.0191636 -0.02294119 0.6258279 0.02055388 -0.02346861 0.6279709 0.01909769 -0.02289 0.625966 0.02055375 -0.02337873 0.6280635 0.01902682 -0.02168579 0.6237591 0.02113789 -0.0228353 0.6261025 0.02054749 -0.02328751 0.6281509 0.01895117 -0.02167968 0.6238915 0.02120185 -0.02277723 0.6262373 0.02053509 -0.02319517 0.6282329 0.01887092 -0.02166953 0.6240264 0.02126028 -0.02271592 0.6263699 0.0205166 -0.02310191 0.6283091 0.01878626 -0.02165535 0.6241631 0.02131304 -0.02265153 0.6265 0.02049206 -0.02300797 0.6283796 0.0186974 -0.02163718 0.6243015 0.02136 -0.02258421 0.6266274 0.02046152 -0.02291358 0.628444 0.01860456 -0.02161505 0.6244411 0.02140105 -0.02251411 0.6267516 0.02042507 -0.02158903 0.6245817 0.02143609 -0.02244142 0.6268725 0.02038279 -0.02155918 0.624723 0.02146503 -0.02236631 0.6269897 0.02033477 -0.02152557 0.6248646 0.02148781 -0.02228895 0.6271029 0.02028115 -0.02148827 0.625006 0.02150437 -0.02220954 0.6272119 0.02022203 -0.02144739 0.6251471 0.02151467 -0.02212825 0.6273164 0.02015758 -0.02140301 0.6252875 0.02151868 -0.0220453 0.6274162 0.02008794 -0.02135525 0.6254267 0.0215164 -0.02196088 0.6275109 0.02001328 -0.02007337 0.6232501 0.02204645 -0.02130422 0.6255646 0.02150783 -0.02187519 0.6276005 0.01993378 -0.02006772 0.6233828 0.02211016 -0.02125004 0.6257007 0.021493 -0.02178845 0.6276846 0.01984963 -0.02005832 0.6235178 0.02216816 -0.02119284 0.6258347 0.02147193 -0.02170085 0.6277631 0.01976104 -0.0200452 0.6236548 0.02222033 -0.02113277 0.6259664 0.02144468 -0.02161261 0.6278358 0.01966822 -0.02002838 0.6237936 0.02226652 -0.02106996 0.6260953 0.02141131 -0.02152394 0.6279024 0.01957139 -0.0200079 0.6239338 0.02230665 -0.02100457 0.6262212 0.02137191 -0.01998381 0.6240751 0.02234059 -0.02093675 0.6263438 0.02132657 -0.01995618 0.624217 0.02236829 -0.02086667 0.6264628 0.0212754 -0.01992507 0.6243593 0.02238966 -0.0207945 0.6265778 0.02121852 -0.01989054 0.6245017 0.02240465 -0.02072041 0.6266887 0.02115606 -0.0198527 0.6246437 0.02241324 -0.02064458 0.6267951 0.02108819 -0.01981162 0.6247851 0.02241539 -0.02056719 0.6268968 0.02101506 -0.01976741 0.6249255 0.02241111 -0.02048843 0.6269936 0.02093685 -0.01841105 0.6227811 0.02288376 -0.01972017 0.6250646 0.02240041 -0.02040849 0.6270851 0.02085375 -0.01840587 0.6229138 0.02294723 -0.01967002 0.625202 0.0223833 -0.02032756 0.6271713 0.02076595 -0.01839725 0.623049 0.02300484 -0.01961708 0.6253373 0.02235983 -0.02024583 0.6272518 0.02067368 -0.01838521 0.6231864 0.02305646 -0.01956147 0.6254704 0.02233007 -0.02016351 0.6273266 0.02057715 -0.01836978 0.6233256 0.02310196 -0.01950333 0.6256008 0.02229407 -0.02008078 0.6273953 0.02047659 -0.018351 0.6234662 0.02314122 -0.01944281 0.6257282 0.02225193 -0.01832891 0.6236081 0.02317417 -0.01938003 0.6258524 0.02220375 -0.01830356 0.6237507 0.02320071 -0.01931516 0.625973 0.02214964 -0.01827503 0.6238937 0.02322078 -0.01924836 0.6260898 0.02208973 -0.01824336 0.6240369 0.02323433 -0.01917978 0.6262024 0.02202418 -0.01820865 0.6241798 0.02324134 -0.01910958 0.6263105 0.02195313 -0.01817098 0.6243221 0.02324179 -0.01903795 0.6264141 0.02187676 -0.01813043 0.6244636 0.02323566 -0.01896504 0.6265127 0.02179525 -0.01670296 0.6223531 0.02364774 -0.0180871 0.6246038 0.02322298 -0.01889104 0.6266061 0.02170879 -0.01669826 0.622486 0.02371099 -0.01804111 0.6247423 0.02320378 -0.01881613 0.6266942 0.02161761 -0.01669044 0.6226214 0.02376825 -0.01799255 0.6248789 0.02317811 -0.01874048 0.6267767 0.02152191 -0.01667951 0.622759 0.02381937 -0.01794154 0.6250132 0.02314602 -0.01866428 0.6268533 0.02142193 -0.01666552 0.6228986 0.02386422 -0.01788822 0.625145 0.0231076 -0.01858771 0.626924 0.0213179 -0.01664848 0.6230397 0.02390271 -0.0178327 0.6252739 0.02306294 -0.01662844 0.623182 0.02393474 -0.01777513 0.6253995 0.02301214 -0.01660544 0.6233252 0.02396023 -0.01771563 0.6255217 0.02295532 -0.01657955 0.6234689 0.02397911 -0.01765436 0.62564 0.02289263 -0.01655083 0.6236128 0.02399136 -0.01759146 0.6257542 0.02282421 -0.01651934 0.6237565 0.02399692 -0.01752708 0.625864 0.02275024 -0.01648516 0.6238998 0.0239958 -0.01746137 0.6259692 0.02267088 -0.01644837 0.6240421 0.02398799 -0.01739451 0.6260695 0.02258632 -0.01495334 0.6219672 0.02433649 -0.01640906 0.6241833 0.02397352 -0.01732664 0.6261647 0.02249679 -0.01494913 0.6221002 0.02439955 -0.01636733 0.6243229 0.02395241 -0.01725793 0.6262545 0.02240248 -0.01494213 0.6222358 0.02445648 -0.01632328 0.6244607 0.02392472 -0.01718854 0.6263387 0.02230362 -0.01493235 0.6223737 0.02450715 -0.01627701 0.6245962 0.02389052 -0.01711865 0.6264172 0.02220046 -0.01491982 0.6225136 0.02455143 -0.01622863 0.6247292 0.02384989 -0.01704842 0.6264897 0.02209324 -0.01490456 0.6226551 0.02458921 -0.01617826 0.6248594 0.02380292 -0.01488662 0.6227979 0.02462041 -0.01612603 0.6249863 0.02374973 -0.01486604 0.6229416 0.02464495 -0.01607206 0.6251099 0.02369044 -0.01484286 0.6230859 0.02466278 -0.01601647 0.6252296 0.02362521 -0.01481714 0.6232305 0.02467383 -0.0159594 0.6253453 0.02355418 -0.01478895 0.6233749 0.0246781 -0.01590099 0.6254566 0.02347753 -0.01475835 0.623519 0.02467557 -0.01584139 0.6255633 0.02339545 -0.01472542 0.6236622 0.02466625 -0.01578072 0.6256652 0.02330812 -0.01316654 0.6216245 0.02494829 -0.01469023 0.6238043 0.02465015 -0.01571915 0.625762 0.02321577 -0.01316284 0.6217576 0.02501118 -0.01465287 0.6239448 0.02462732 -0.01565681 0.6258533 0.0231186 -0.01315667 0.6218934 0.02506783 -0.01461343 0.6240836 0.02459782 -0.01559386 0.6259392 0.02301687 -0.01314806 0.6220315 0.0251181 -0.01457201 0.6242202 0.02456171 -0.01553046 0.6260193 0.02291081 -0.01313703 0.6221716 0.02516187 -0.0145287 0.6243543 0.02451908 -0.01546674 0.6260934 0.02280068 -0.01312359 0.6223135 0.02519903 -0.01448361 0.6244857 0.02447003 -0.0131078 0.6224567 0.02522949 -0.01443684 0.6246138 0.02441469 -0.01308967 0.6226009 0.02525319 -0.01438852 0.6247386 0.02435318 -0.01306926 0.6227457 0.02527006 -0.01433876 0.6248596 0.02428565 -0.01304662 0.6228909 0.02528007 -0.01428767 0.6249766 0.02421227 -0.0130218 0.623036 0.02528318 -0.01423538 0.6250893 0.02413321 -0.01299485 0.6231807 0.0252794 -0.01418201 0.6251974 0.02404867 -0.01296585 0.6233246 0.02526873 -0.01412771 0.6253007 0.02395884 -0.01134701 0.6213257 0.02548164 -0.01293487 0.6234675 0.02525119 -0.01407258 0.6253988 0.02386395 -0.01134382 0.6214589 0.02554438 -0.01290198 0.623609 0.02522684 -0.01401678 0.6254917 0.02376422 -0.0113385 0.6215948 0.02560077 -0.01286725 0.6237487 0.02519572 -0.01396042 0.625579 0.02365989 -0.01133108 0.6217332 0.02565069 -0.01283078 0.6238862 0.02515791 -0.01390366 0.6256605 0.02355121 -0.01132157 0.6218735 0.02569401 -0.01279264 0.6240214 0.02511351 -0.01384661 0.6257361 0.02343845 -0.01131 0.6220157 0.02573063 -0.01275294 0.6241537 0.02506262 -0.01129638 0.6221592 0.02576046 -0.01271176 0.624283 0.02500536 -0.01128076 0.6223038 0.02578342 -0.01266922 0.6244088 0.02494188 -0.01126318 0.6224492 0.02579947 -0.0126254 0.6245309 0.02487231 -0.01124366 0.6225948 0.02580855 -0.01258041 0.6246491 0.02479684 -0.01122227 0.6227405 0.02581066 -0.01253437 0.624763 0.02471565 -0.01119905 0.6228858 0.02580579 -0.01248738 0.6248723 0.02462892 -0.01117406 0.6230305 0.02579394 -0.01243956 0.6249769 0.02453687 -0.009499269 0.6210717 0.02593519 -0.01114736 0.623174 0.02577515 -0.01239103 0.6250763 0.02443972 -0.009496595 0.6212049 0.0259978 -0.01111901 0.6233162 0.02574946 -0.01234189 0.6251704 0.02433771 -0.009492147 0.6213409 0.02605399 -0.01108908 0.6234567 0.02571694 -0.01229227 0.625259 0.02423107 -0.009485936 0.6214794 0.02610361 -0.01105764 0.623595 0.02567766 -0.01224229 0.6253419 0.02412007 -0.009477975 0.6216201 0.02614655 -0.01102478 0.623731 0.02563171 -0.01219206 0.6254188 0.02400498 -0.009468284 0.6217625 0.02618271 -0.01099057 0.6238643 0.02557921 -0.009456886 0.6219063 0.02621199 -0.01095508 0.6239945 0.02552028 -0.00944381 0.6220513 0.02623433 -0.01091841 0.6241213 0.02545507 -0.009429086 0.622197 0.02624967 -0.01088065 0.6242444 0.02538374 -0.009412749 0.6223431 0.02625798 -0.01084188 0.6243636 0.02530644 -0.00939484 0.6224892 0.02625923 -0.0108022 0.6244786 0.02522338 -0.009375401 0.6226351 0.02625343 -0.01076171 0.624589 0.02513475 -0.00935448 0.6227802 0.02624058 -0.0107205 0.6246946 0.02504077 -0.007627911 0.6208629 0.02630783 -0.009332126 0.6229244 0.02622073 -0.01067867 0.6247951 0.02494165 -0.007625764 0.6209962 0.02637034 -0.009308393 0.6230673 0.0261939 -0.01063632 0.6248903 0.02483764 -0.007622192 0.6211323 0.02642635 -0.00928334 0.6232084 0.02616018 -0.01059356 0.62498 0.024729 -0.007617205 0.6212709 0.02647573 -0.009257024 0.6233475 0.02611964 -0.01055048 0.625064 0.02461597 -0.007610812 0.6214117 0.02651835 -0.009229511 0.6234842 0.02607238 -0.0105072 0.6251421 0.02449885 -0.00760303 0.6215544 0.02655413 -0.009200868 0.6236182 0.02601852 -0.007593878 0.6216985 0.02658296 -0.009171161 0.6237492 0.02595817 -0.007583377 0.6218438 0.02660479 -0.009140464 0.6238768 0.0258915 -0.007571554 0.6219897 0.02661955 -0.00910885 0.6240009 0.02581865 -0.007558436 0.6221362 0.02662722 -0.009076395 0.6241208 0.02573981 -0.007544055 0.6222828 0.02662777 -0.009043178 0.6242367 0.02565516 -0.007528446 0.622429 0.02662121 -0.009009277 0.624348 0.02556491 -0.007511645 0.6225746 0.02660754 -0.008974777 0.6244545 0.02546928 -0.005737589 0.6207 0.02659863 -0.007493695 0.6227194 0.02658681 -0.008939759 0.624556 0.02536849 -0.005735974 0.6208333 0.02666105 -0.007474638 0.6228627 0.02655906 -0.008904307 0.6246522 0.02526279 -0.005733288 0.6209695 0.02671692 -0.00745452 0.6230044 0.02652435 -0.008868508 0.6247429 0.02515244 -0.005729536 0.6211083 0.02676611 -0.007433389 0.623144 0.02648278 -0.008832447 0.6248278 0.02503769 -0.005724728 0.6212492 0.0268085 -0.007411296 0.6232814 0.02643444 -0.008796211 0.6249068 0.02491883 -0.005718874 0.621392 0.02684398 -0.007388295 0.623416 0.02637945 -0.00571199 0.6215363 0.02687246 -0.00736444 0.6235476 0.02631794 -0.005704092 0.6216818 0.02689389 -0.00733979 0.623676 0.02625006 -0.005695198 0.6218281 0.0269082 -0.007314404 0.6238007 0.02617597 -0.005685331 0.6219748 0.02691537 -0.007288343 0.6239214 0.02609586 -0.005674514 0.6221216 0.02691537 -0.00726167 0.624038 0.02600991 -0.005662773 0.6222682 0.02690821 -0.007234448 0.62415 0.02591833 -0.005650136 0.6224142 0.0268939 -0.007206745 0.6242573 0.02582134 -0.003833002 0.6205833 0.02680685 -0.005636634 0.6225593 0.02687249 -0.007178625 0.6243596 0.02571918 -0.003831924 0.6207167 0.02686922 -0.0056223 0.6227031 0.02684401 -0.007150157 0.6244565 0.02561209 -0.003830129 0.620853 0.026925 -0.005607167 0.6228452 0.02680853 -0.00712141 0.624548 0.02550033 -0.003827623 0.6209918 0.02697405 -0.005591272 0.6229853 0.02676616 -0.007092453 0.6246337 0.02538417 -0.00382441 0.6211328 0.02701626 -0.005574655 0.623123 0.02671698 -0.007063356 0.6247135 0.02526389 -0.0038205 0.6212758 0.02705152 -0.005557353 0.6232582 0.02666111 -0.003815901 0.6214202 0.02707976 -0.005539411 0.6233904 0.02659869 -0.003810625 0.6215658 0.0271009 -0.00552087 0.6235192 0.02652987 -0.003804683 0.6217123 0.02711489 -0.005501775 0.6236445 0.02645482 -0.003798092 0.6218592 0.0271217 -0.005482172 0.6237657 0.02637371 -0.003790865 0.6220063 0.02712131 -0.005462109 0.6238829 0.02628674 -0.003783021 0.6221531 0.02711372 -0.005441633 0.6239955 0.02619412 -0.00377458 0.6222994 0.02709896 -0.005420794 0.6241034 0.02609608 -0.001918886 0.6205132 0.026932 -0.003765559 0.6224447 0.02707705 -0.005399643 0.6242062 0.02599285 -0.001918347 0.6206466 0.02699433 -0.003755983 0.6225887 0.02704805 -0.005378231 0.6243038 0.02588467 -0.001917448 0.6207829 0.02705005 -0.003745874 0.6227311 0.02701203 -0.005356607 0.6243959 0.02577182 -0.001916193 0.6209218 0.02709902 -0.003735255 0.6228716 0.02696908 -0.005334826 0.6244822 0.02565455 -0.001914585 0.6210629 0.02714112 -0.003724154 0.6230098 0.02691929 -0.00531294 0.6245626 0.02553316 -0.001912628 0.6212059 0.02717626 -0.003712596 0.6231452 0.0268628 -0.001910325 0.6213504 0.02720435 -0.003700609 0.6232778 0.02679973 -0.001907684 0.6214961 0.02722531 -0.003688223 0.623407 0.02673023 -0.001904709 0.6216427 0.02723911 -0.003675467 0.6235326 0.02665449 -0.001901409 0.6217897 0.0272457 -0.003662371 0.6236543 0.02657267 -0.001897792 0.621937 0.02724508 -0.003648968 0.6237719 0.02648497 -0.001893865 0.6220839 0.02723724 -0.003635289 0.6238849 0.02639161 -0.001889639 0.6222303 0.0272222 -0.003621368 0.6239932 0.02629281 -0.001885123 0.6223759 0.02719999 -0.003607238 0.6240964 0.02618881 -0.001880329 0.6225201 0.02717068 -0.003592933 0.6241945 0.02607986 -0.001875268 0.6226627 0.02713433 -0.003578487 0.624287 0.02596622 -0.001869952 0.6228033 0.02709103 -0.003563937 0.6243738 0.02584816 -0.001864395 0.6229417 0.02704088 -0.003549315 0.6244547 0.02572598 -0.001858608 0.6230773 0.02698401 -0.001852608 0.6232101 0.02692055 -0.001846407 0.6233395 0.02685065 -0.001840021 0.6234654 0.02677449 -0.001833465 0.6235873 0.02669224 -0.001826755 0.6237051 0.02660411 -0.001819907 0.6238184 0.0265103 -0.001812937 0.6239269 0.02641105 -0.001805864 0.6240305 0.02630658 -0.001798702 0.6241287 0.02619716 -0.001791471 0.6242215 0.02608305 -0.001784186 0.6243086 0.02596452 -0.001776866 0.6243897 0.02584186 0.001490565 0.6263241 0.0203501 0.002977424 0.6263785 0.02025289 0.004456881 0.6264692 0.02009114 0.005925257 0.6265957 0.01986526 0.007378901 0.6267579 0.0195758 0.008814201 0.6269553 0.01922348 0.01022759 0.6271873 0.01880919 0.01161555 0.6274536 0.01833394 0.01297463 0.6277532 0.01779893 0.01430145 0.6280857 0.01720548 0.01559272 0.6284501 0.01655507 0.01684522 0.6288455 0.01584932 0.01805585 0.6292708 0.01508997 0.01922158 0.6297252 0.01427892 0.02033952 0.6302073 0.01341819 0.0214069 0.6307162 0.0125099 0.02242106 0.6312504 0.01155634 0.02337947 0.6318086 0.01055985 0.02427976 0.6323895 0.009522922 0.02511969 0.6329916 0.008448133 0.02589716 0.6336133 0.007338153 0.02661025 0.6342534 0.006195744 0.02725718 0.6349099 0.005023744 0.02783635 0.6355814 0.003825068 0.02834631 0.6362662 0.002602696 0.0287858 0.6369625 0.001359666 0.02915372 0.6376687 9.906957e-05 0.02944917 0.6383829 -0.00117596 0.02967139 0.6391035 -0.002462252 0.02981985 0.6398286 -0.003756609 0.02989417 0.6405565 -0.005055814 0.02989417 0.6412852 -0.006356636 0.02981985 0.6420129 -0.00765584 0.02967139 0.642738 -0.008950197 0.02944917 0.6434586 -0.01023649 0.02915372 0.6441729 -0.01151152 0.0287858 0.6448791 -0.01277212 0.02834631 0.6455754 -0.01401515 0.02783635 0.6462602 -0.01523752 0.02725718 0.6469317 -0.01643619 0.02661025 0.6475883 -0.01760819 0.02589716 0.6482282 -0.0187506 0.02511969 0.64885 -0.01986058 0.02427976 0.6494521 -0.02093537 0.02337947 0.650033 -0.0219723 0.02242106 0.6505912 -0.02296878 0.0214069 0.6511254 -0.02392235 0.02033952 0.6516343 -0.02483064 0.01922158 0.6521165 -0.02569137 0.01805585 0.6525708 -0.02650242 0.01684522 0.6529962 -0.02726177 0.01559272 0.6533915 -0.02796752 0.01430145 0.6537559 -0.02861793 0.01297463 0.6540883 -0.02921138 0.01161555 0.6543881 -0.02974639 0.01022759 0.6546543 -0.03022164 0.008814201 0.6548864 -0.03063593 0.007378901 0.6550837 -0.03098825 0.005925257 0.6552459 -0.0312777 0.004456881 0.6553724 -0.03150359 0.002977424 0.655463 -0.03166534 0.001490565 0.6555175 -0.03176255 -0.02033246 0.6506132 -0.02300806 -0.01931865 0.6510965 -0.02387075 -0.02129571 0.6501059 -0.02210235 -0.01825682 0.6515545 -0.02468829 -0.02220602 0.6495757 -0.02115588 -0.0171496 0.651986 -0.02545863 -0.02306112 0.6490239 -0.020171 -0.01599974 0.6523901 -0.02617986 -0.02385889 0.6484521 -0.01915015 -0.0148101 0.6527656 -0.02685019 -0.02459735 0.6478615 -0.01809589 -0.01358364 0.6531117 -0.02746796 -0.02527464 0.6472536 -0.01701082 -0.01232341 0.6534274 -0.02803162 -0.02588911 0.64663 -0.01589764 -0.01103255 0.6537121 -0.02853978 -0.02643921 0.6459922 -0.01475913 -0.009714251 0.653965 -0.02899117 -0.02692357 0.6453418 -0.01359811 -0.008371804 0.6541854 -0.02938467 -0.027341 0.6446804 -0.01241747 -0.007008543 0.6543729 -0.0297193 -0.02769046 0.6440097 -0.01122014 -0.005627859 0.6545269 -0.02999423 -0.02797107 0.6433312 -0.01000911 -0.004233183 0.6546471 -0.03020878 -0.02818214 0.6426469 -0.008787377 -0.002827982 0.6547332 -0.03036241 -0.02832315 0.6419581 -0.007557986 -0.001415751 0.6547849 -0.03045474 -0.02839374 0.6412668 -0.00632399 -0.02839374 0.6405747 -0.005088459 -0.02832315 0.6398834 -0.003854464 -0.02818214 0.6391948 -0.002625072 -0.02797107 0.6385103 -0.00140334 -0.02769046 0.6378319 -0.0001923067 -0.027341 0.6371612 0.001005019 -0.02692357 0.6364998 0.002185659 -0.02643921 0.6358494 0.003346678 -0.02588911 0.6352116 0.004485191 -0.02527464 0.634588 0.005598366 -0.02459735 0.6339802 0.006683436 -0.02385889 0.6333895 0.007737704 -0.02306112 0.6328177 0.008758548 -0.02220602 0.6322659 0.00974343 -0.02129571 0.6317357 0.0106899 -0.02033246 0.6312283 0.01159561 -0.01931865 0.6307451 0.0124583 -0.01825682 0.6302871 0.01327584 -0.0171496 0.6298555 0.01404618 -0.01599974 0.6294515 0.01476741 -0.0148101 0.629076 0.01543775 -0.01358364 0.6287299 0.01605551 -0.01232341 0.6284142 0.01661917 -0.01103255 0.6281295 0.01712733 -0.009714251 0.6278766 0.01757872 -0.008371804 0.6276562 0.01797222 -0.007008543 0.6274688 0.01830685 -0.005627859 0.6273147 0.01858179 -0.004233183 0.6271945 0.01879633 -0.002827982 0.6271085 0.01894996 -0.001415751 0.6270568 0.0190423 -0.001415751 0.6556573 -0.02996601 -0.002827982 0.6556056 -0.02987368 -0.004233183 0.6555195 -0.02972005 -0.005627859 0.6553993 -0.0295055 -0.007008543 0.6552453 -0.02923057 -0.008371804 0.6550579 -0.02889594 -0.009714251 0.6548374 -0.02850244 -0.01103255 0.6545845 -0.02805105 -0.01232341 0.6542999 -0.02754289 -0.01358364 0.6539841 -0.02697923 -0.0148101 0.6536381 -0.02636146 -0.01599974 0.6532625 -0.02569113 -0.0171496 0.6528585 -0.02496989 -0.01825682 0.6524269 -0.02419955 -0.01931865 0.6519689 -0.02338202 -0.02033246 0.6514857 -0.02251933 -0.02129571 0.6509783 -0.02161362 -0.02220602 0.6504481 -0.02066714 -0.02306112 0.6498964 -0.01968226 -0.02385889 0.6493245 -0.01866142 -0.02459735 0.6487339 -0.01760715 -0.02527464 0.648126 -0.01652208 -0.02588911 0.6475024 -0.01540891 -0.02643921 0.6468646 -0.01427039 -0.02692357 0.6462142 -0.01310937 -0.027341 0.6455529 -0.01192873 -0.02769046 0.6448821 -0.01073141 -0.02797107 0.6442037 -0.009520374 -0.02818214 0.6435193 -0.008298643 -0.02832315 0.6428306 -0.007069251 -0.02839374 0.6421393 -0.005835256 -0.02839374 0.6414471 -0.004599724 -0.02832315 0.6407559 -0.003365729 -0.02818214 0.6400672 -0.002136337 -0.02797107 0.6393828 -0.0009146058 -0.02769046 0.6387043 0.000296428 -0.027341 0.6380336 0.001493753 -0.02692357 0.6373722 0.002674393 -0.02643921 0.6367218 0.003835413 -0.02588911 0.636084 0.004973926 -0.02527464 0.6354604 0.006087101 -0.02459735 0.6348526 0.007172171 -0.02385889 0.634262 0.008226439 -0.02306112 0.6336901 0.009247283 -0.02220602 0.6331384 0.01023217 -0.02129571 0.6326082 0.01117864 -0.02033246 0.6321008 0.01208434 -0.01931865 0.6316175 0.01294704 -0.01825682 0.6311595 0.01376457 -0.0171496 0.630728 0.01453491 -0.01599974 0.630324 0.01525615 -0.0148101 0.6299484 0.01592648 -0.01358364 0.6296024 0.01654424 -0.01232341 0.6292866 0.01710791 -0.01103255 0.629002 0.01761607 -0.009714251 0.6287491 0.01806746 -0.008371804 0.6285286 0.01846096 -0.007008543 0.6283412 0.01879559 -0.005627859 0.6281871 0.01907052 -0.004233183 0.628067 0.01928507 -0.002827982 0.6279809 0.0194387 -0.001415751 0.6279291 0.01953103</float_array>
          <technique_common>
            <accessor count="4984" source="#cubeverts-array0-array" stride="3">
              <param type="float" name="X"/>
              <param type="float" name="Y"/>
              <param type="float" name="Z"/>
            </accessor>
          </technique_common>
        </source>
        <source id="cubenormals-array0">
          <float_array count="29892" id="cubenormals-array0-array">0.02493615 -0.4885814 0.8721619 0.0249151 -0.4886076 0.8721478 0.07472054 -0.4873656 0.8699952 0.07474266 -0.4873922 0.8699783 0.1243428 -0.4849404 0.8656625 0.1243416 -0.4849391 0.8656635 0.1736448 -0.4813087 0.8591796 0.1736447 -0.4813087 0.8591795 0.2225326 -0.4764785 0.8505571 0.2225326 -0.4764785 0.8505571 0.2708342 -0.4704674 0.8398269 0.2708342 -0.4704674 0.8398269 0.3184927 -0.4632827 0.8270015 0.3184927 -0.4632827 0.8270015 0.365342 -0.4549489 0.8121248 0.3653419 -0.4549488 0.8121248 0.4112866 -0.4454834 0.7952282 0.4112866 -0.4454834 0.7952282 0.4562025 -0.4349108 0.7763581 0.4562035 -0.4349118 0.7763569 0.5 -0.4232555 0.7555493 0.4999991 -0.4232545 0.7555504 0.5425538 -0.4105463 0.7328623 0.5837342 -0.3968245 0.7083676 0.5425537 -0.4105463 0.7328623 0.6234972 -0.3821037 0.6820909 0.5837346 -0.3968238 0.7083678 0.661679 -0.3664455 0.6541396 0.6234971 -0.3821037 0.6820909 0.661679 -0.3664455 0.6541396 0.6982368 -0.3498675 0.6245463 0.6982368 -0.3498675 0.6245463 0.7330533 -0.3324219 0.5934042 0.7330533 -0.3324219 0.5934043 0.7660445 -0.3141517 0.5607892 0.7660443 -0.3141514 0.5607898 0.7971362 -0.295097 0.5267748 0.7971362 -0.295097 0.5267748 0.8262354 -0.2753157 0.4914635 0.8262351 -0.2753154 0.4914639 0.8532943 -0.2548397 0.4549129 0.8532943 -0.2548399 0.4549126 0.878221 -0.2337389 0.4172456 0.878221 -0.2337389 0.4172456 0.9009689 -0.2120533 0.3785346 0.9009689 -0.2120533 0.3785346 0.9214742 -0.1898431 0.3388877 0.9396923 -0.1671568 0.2983905 0.9214742 -0.1898432 0.3388876 0.9396923 -0.1671569 0.2983905 0.9555743 -0.1440541 0.2571499 0.9690766 -0.1205998 0.2152817 0.9555743 -0.1440541 0.2571499 0.9801723 -0.09684099 0.1728701 0.9690766 -0.1205998 0.2152817 0.9801723 -0.09684099 0.1728701 0.9888312 -0.07284049 0.130027 0.9888313 -0.0728405 0.130027 0.9950305 -0.04866324 0.08686836 0.9950305 -0.04866324 0.08686836 0.998757 -0.02436119 0.04348697 0.998757 -0.02436119 0.04348697 1 0 0 1 0 0 0.998757 0.02436119 -0.04348697 0.998757 0.02436119 -0.04348697 0.9950307 0.04866218 -0.08686656 0.9888308 0.07284197 -0.1300298 0.9950307 0.0486622 -0.08686651 0.9801731 0.09683893 -0.1728666 0.9888308 0.07284196 -0.1300298 0.9690766 0.1205997 -0.2152817 0.9801731 0.09683893 -0.1728666 0.9690766 0.1205999 -0.2152817 0.9555725 0.1440571 -0.257155 0.9555725 0.1440572 -0.257155 0.9396923 0.1671568 -0.2983906 0.9396923 0.167157 -0.2983903 0.9214774 0.1898394 -0.3388811 0.900969 0.212053 -0.3785345 0.9214774 0.1898394 -0.3388811 0.9009688 0.2120534 -0.3785345 0.878221 0.2337392 -0.4172455 0.8532943 0.25484 -0.4549125 0.878221 0.2337392 -0.4172455 0.8532886 0.2548582 -0.4549131 0.8262419 0.2753257 -0.4914469 0.8262352 0.2753159 -0.4914637 0.7971362 0.295097 -0.5267748 0.7971362 0.295097 -0.5267748 0.7660444 0.3141517 -0.5607892 0.7660445 0.3141517 -0.5607892 0.7330434 0.3324275 -0.5934132 0.7330435 0.3324275 -0.5934131 0.6982368 0.349868 -0.6245461 0.6982368 0.349868 -0.624546 0.6616909 0.3664409 -0.6541302 0.6616909 0.3664409 -0.6541302 0.6234839 0.3821094 -0.6820998 0.6234846 0.382108 -0.6820999 0.583748 0.3968185 -0.7083596 0.583748 0.3968185 -0.7083596 0.5425533 0.4105452 -0.7328632 0.5425541 0.4105462 -0.7328621 0.4999995 0.4232556 -0.7555496 0.4999995 0.4232556 -0.7555496 0.4562035 0.4349118 -0.7763569 0.4562025 0.4349108 -0.7763581 0.4112875 0.4454819 -0.7952285 0.4112866 0.4454834 -0.7952282 0.3653409 0.4549491 -0.8121252 0.3653409 0.454949 -0.8121252 0.3184938 0.4632825 -0.8270012 0.3184938 0.4632825 -0.8270012 0.2708331 0.4704676 -0.8398272 0.2708331 0.4704676 -0.8398272 0.2225326 0.4764785 -0.8505571 0.1736447 0.4813329 -0.8591659 0.2225137 0.4765046 -0.8505475 0.1736652 0.4813055 -0.8591772 0.1243428 0.4849404 -0.8656625 0.1243416 0.4849391 -0.8656635 0.07472054 0.4873671 -0.8699944 0.07472055 0.4873671 -0.8699943 0.02493731 0.4885814 -0.8721619 0.02493732 0.4885814 -0.8721619 0.02491775 -0.4885816 0.8721623 0.02491775 -0.4885816 0.8721623 0.07474518 -0.4873662 0.8699927 0.07474629 -0.4873647 0.8699934 0.1243323 -0.4849396 0.8656645 0.1243323 -0.4849396 0.8656645 0.173663 -0.4813057 0.8591775 0.1736436 -0.481333 0.8591661 0.2225074 -0.4765052 0.8505487 0.2225254 -0.4764792 0.8505586 0.2708465 -0.4704657 0.8398239 0.2708475 -0.4704642 0.8398244 0.318478 -0.4632837 0.8270066 0.318477 -0.4632852 0.8270062 0.365342 -0.4549489 0.8121248 0.3653419 -0.4549489 0.8121248 0.411296 -0.4454814 0.7952244 0.411296 -0.4454814 0.7952245 0.4562132 -0.4349094 0.7763526 0.4562132 -0.4349093 0.7763526 0.4999906 -0.4232582 0.7555541 0.4999906 -0.4232582 0.7555541 0.5425513 -0.4105471 0.7328637 0.583737 -0.3968235 0.7083659 0.5425513 -0.4105471 0.7328637 0.583737 -0.3968235 0.7083659 0.6234897 -0.382106 0.6820964 0.6234891 -0.3821074 0.6820962 0.6616851 -0.3664618 0.6541243 0.6616964 -0.3664375 0.6541265 0.6982425 -0.3498643 0.6245417 0.7330508 -0.3324227 0.5934069 0.6982323 -0.3498878 0.62454 0.7330508 -0.3324227 0.5934069 0.7660447 -0.3141507 0.5607896 0.7660442 -0.3141519 0.5607895 0.7971308 -0.2951005 0.526781 0.7971308 -0.2951005 0.526781 0.8262401 -0.2753124 0.4914575 0.8262401 -0.2753124 0.4914575 0.8532929 -0.2548411 0.4549144 0.853293 -0.2548411 0.4549144 0.8782197 -0.2337404 0.4172478 0.8782199 -0.2337395 0.4172477 0.9009691 -0.2120526 0.3785345 0.9009693 -0.212053 0.3785338 0.921477 -0.1898401 0.3388818 0.921477 -0.1898398 0.3388818 0.9396919 -0.1671574 0.2983917 0.9396919 -0.1671576 0.2983913 0.9555728 -0.1440566 0.2571542 0.9555728 -0.1440566 0.2571542 0.9690773 -0.1205987 0.2152795 0.9690772 -0.1205985 0.2152797 0.9801729 -0.09683943 0.1728675 0.9801729 -0.09683944 0.1728675 0.9888307 -0.07284203 0.1300299 0.9888307 -0.07284204 0.1300299 0.9950308 -0.04866202 0.08686627 0.9950308 -0.04866208 0.08686627 0.9987569 -0.0243616 0.04348769 0.9987569 -0.0243616 0.04348769 1 0 0 1 0 -0 0.9987569 0.02436111 -0.04348683 0.9987569 0.02436111 -0.04348683 0.9950308 0.04866205 -0.08686627 0.9950308 0.04866206 -0.08686628 0.9888307 0.07284207 -0.1300298 0.9888307 0.07284208 -0.1300298 0.9801722 0.09684138 -0.1728708 0.9801722 0.09684138 -0.1728708 0.9690772 0.1205986 -0.2152796 0.9690772 0.1205986 -0.2152796 0.9555728 0.1440566 -0.2571542 0.9555728 0.1440565 -0.2571542 0.9396919 0.1671664 -0.2983866 0.9396942 0.1671544 -0.2983859 0.9214771 0.1898399 -0.3388817 0.921474 0.1898535 -0.3388823 0.9009691 0.2120531 -0.3785342 0.9009691 0.212053 -0.3785342 0.8782243 0.233736 -0.4172404 0.8782244 0.2337361 -0.4172404 0.8532875 0.2548454 -0.4549224 0.8532876 0.2548451 -0.4549224 0.8262401 0.2753119 -0.4914577 0.8262401 0.2753119 -0.4914577 0.797131 0.2950999 -0.526781 0.797131 0.2950999 -0.526781 0.7660442 0.3141515 -0.5607898 0.7660442 0.3141514 -0.5607898 0.7330507 0.3324237 -0.5934064 0.7330511 0.332423 -0.5934063 0.6982425 0.3498653 -0.6245412 0.6982425 0.3498653 -0.6245412 0.661685 0.3664434 -0.6541346 0.6234894 0.3821073 -0.6820961 0.6616851 0.3664434 -0.6541346 0.6234891 0.3821068 -0.6820966 0.583737 0.396823 -0.7083662 0.5425517 0.4105464 -0.7328638 0.583737 0.396823 -0.7083662 0.5425521 0.4105469 -0.7328632 0.5000048 0.4232542 -0.7555469 0.4562132 0.4349094 -0.7763526 0.5000048 0.4232542 -0.7555469 0.4112794 0.4454851 -0.795231 0.4562132 0.4349094 -0.7763526 0.3653429 0.4549487 -0.8121245 0.4112793 0.445485 -0.795231 0.365342 0.4549475 -0.8121257 0.318477 0.4632852 -0.8270062 0.2708475 0.4704657 -0.8398237 0.318478 0.4632837 -0.8270066 0.2708475 0.4704657 -0.8398237 0.2225254 0.4764792 -0.8505586 0.1736436 0.4813088 -0.8591797 0.2225254 0.4764793 -0.8505586 0.1736436 0.4813088 -0.8591797 0.124352 0.4849399 -0.8656616 0.124352 0.4849398 -0.8656616 0.07472529 0.4873669 -0.869994 0.07472529 0.4873669 -0.869994 0.02493775 0.4885814 -0.8721619 0.02493775 0.4885814 -0.8721619 0.02492065 -0.467039 0.8838854 0.02492007 -0.4670323 0.883889 0.02486184 -0.4232191 0.9056862 0.02486114 -0.423211 0.90569 0.02474186 -0.3781553 0.9254115 0.02473184 -0.3780391 0.9254591 0.02455355 -0.3321724 0.942899 0.02456781 -0.3323382 0.9428403 0.02432887 -0.2856935 0.9580122 0.02432159 -0.2856088 0.9580376 0.02402471 -0.2382293 0.9709117 0.02402828 -0.2382707 0.9709014 0.0236731 -0.1903377 0.9814332 0.02367646 -0.1903766 0.9814256 0.02326147 -0.1419723 0.9895973 0.02326371 -0.1419981 0.9895934 0.02279294 -0.09320466 0.9953861 0.02279487 -0.0932266 0.995384 0.02227123 -0.0443028 0.9987699 0.02227027 -0.04429195 0.9987704 0.02169305 0.00478163 0.9997532 0.02169341 0.004777623 0.9997532 0.0210644 0.05383731 0.9983276 0.02106577 0.05382228 0.9983283 0.02038628 0.1027391 0.9944994 0.0203866 0.1027356 0.9944997 0.07469703 -0.4657983 0.8817325 0.07469881 -0.4658183 0.8817219 0.01965227 0.1514758 0.9882656 0.01965814 0.1514137 0.988275 0.0745386 -0.4219989 0.903527 0.07451916 -0.421785 0.9036284 0.01887734 0.1997209 0.9796709 0.0188762 0.1997328 0.9796686 0.07417838 -0.3770193 0.9232302 0.07417189 -0.3769496 0.9232592 0.018054 0.2476086 0.9686919 0.01805356 0.247613 0.9686908 0.07362935 -0.3309759 0.9407623 0.0736325 -0.331009 0.9407503 0.01719862 0.2947256 0.9554272 0.01718798 0.2948307 0.955395 0.07291657 -0.284508 0.9558966 0.07291699 -0.2845125 0.9558952 0.01629243 0.3412729 0.939823 0.01627755 0.3414159 0.9397714 0.0720235 -0.2370431 0.9688256 0.07202505 -0.2370587 0.9688217 0.01533128 0.3870915 0.9219138 0.01534465 0.3869668 0.921966 0.07096256 -0.1892355 0.9793642 0.07095732 -0.1891844 0.9793744 0.01436129 0.4317816 0.9018638 0.01435828 0.4318088 0.9018509 0.06972318 -0.140827 0.9875761 0.0697271 -0.1408645 0.9875703 0.01333559 0.4755964 0.8795625 0.01334063 0.4755524 0.8795863 0.06832116 -0.09209441 0.9934037 0.06832249 -0.09210666 0.9934025 0.01228611 0.5181659 0.8551918 0.01228102 0.5182087 0.8551661 0.06675622 -0.0432175 0.9968329 0.06675507 -0.04320718 0.9968334 0.01120144 0.5595326 0.8287326 0.0112165 0.559411 0.8288146 0.06502599 0.005838458 0.9978665 0.06502794 0.005821337 0.9978665 0.01010507 0.5995994 0.8002365 0.01009692 0.5996625 0.8001893 0.06314093 0.05485919 0.9964957 0.0631404 0.05486368 0.9964955 0.008969348 0.6380945 0.7699058 0.008986871 0.637965 0.770013 0.06110579 0.1037288 0.9927269 0.06110258 0.1037552 0.9927242 0.007836258 0.6749486 0.7378231 0.007825311 0.6750256 0.7377527 0.1243177 -0.4633717 0.8774006 0.1243156 -0.463349 0.8774129 0.05892343 0.1523713 0.9865652 0.05892045 0.152395 0.9865617 0.006668415 0.7104054 0.703761 0.006650446 0.7105253 0.7036402 0.1240186 -0.419598 0.8991979 0.1239967 -0.419366 0.8993092 0.05659694 0.2006625 0.9780242 0.05659821 0.2006529 0.9780262 0.005478735 0.744172 0.6679655 0.005464445 0.7442621 0.6678653 0.1234127 -0.3746109 0.918932 0.1233999 -0.3744816 0.9189864 0.05413384 0.2484887 0.967121 0.05413413 0.2484865 0.9671214 0.004267834 0.7760453 0.6306628 0.004286506 0.7759349 0.6307985 0.1225161 -0.3286996 0.9364542 0.1225078 -0.3286194 0.9364834 0.05154352 0.2956448 0.9539064 0.05154021 0.2956687 0.9538991 0.003077868 0.8059239 0.5920113 0.003062583 0.8060082 0.5918965 0.1213273 -0.2821443 0.9516692 0.1213207 -0.2820832 0.9516882 0.04882386 0.3420662 0.9384066 0.04883171 0.3420119 0.938426 0.001823634 0.8342507 0.5513822 0.0006126108 0.8600624 0.5101885 0.0006235737 0.8601589 0.5100258 0.001841176 0.8341608 0.5515181 0.11984 -0.2347052 0.9646511 0.1198414 -0.2347172 0.9646481 0.1180729 -0.186931 0.9752516 0.04597687 0.387917 0.9205468 0.04598852 0.3878393 0.920579 0.1180737 -0.1869089 0.9752557 0.04304079 0.4324811 0.9006152 0.04305535 0.4323877 0.9006593 0.1160181 -0.1385804 0.983532 0.116016 -0.1385631 0.9835347 0.03998506 0.4762526 0.8783988 0.03999322 0.4762024 0.8784257 0.1136809 -0.08988877 0.9894426 0.1136807 -0.08988727 0.9894427 0.03684911 0.518765 0.8541223 0.03684298 0.5188011 0.8541008 0.1110741 -0.04103768 0.9929645 0.1110743 -0.04103926 0.9929644 0.03361141 0.5600957 0.8277459 0.0336143 0.5600794 0.8277568 0.1081978 0.007944052 0.9940977 0.1081994 0.00793237 0.9940976 0.03030965 0.5998937 0.7995054 0.03027276 0.6000915 0.7993583 0.1050617 0.05690922 0.9928361 0.1050624 0.05690369 0.9928362 0.02344521 0.6753293 0.7371436 0.02688471 0.6385316 0.7691259 0.02689002 0.6385046 0.7691481 0.09803721 0.1543081 0.9831468 0.1016717 0.1057395 0.9891825 0.1016722 0.1057361 0.9891828 0.02344751 0.6755027 0.7369846 0.1735957 -0.4597192 0.8709322 0.1735916 -0.4596742 0.8709567 0.09803718 0.1542624 0.983154 0.01994031 0.7108002 0.7031112 0.01992959 0.7108493 0.7030619 0.01637372 0.7444378 0.667491 0.173178 -0.4158484 0.8927931 0.1723514 -0.3708762 0.9125491 0.1731904 -0.4159743 0.8927321 0.09416043 0.2025274 0.9747392 0.09416495 0.2024998 0.9747445 0.01637296 0.7443776 0.6675582 0.1723447 -0.3709904 0.9125039 0.09006368 0.2502439 0.9639847 0.09006447 0.2502392 0.9639859 0.01276022 0.7762525 0.630293 0.01277642 0.7761871 0.6303731 0.1694296 -0.2785392 0.945362 0.1710906 -0.3251214 0.9300667 0.1710946 -0.325157 0.9300535 0.08575459 0.2972881 0.950929 0.08574934 0.2973177 0.9509202 0.009131433 0.8061979 0.5915755 0.00916486 0.8060721 0.5917463 0.1694305 -0.2785152 0.945369 0.08121896 0.3437938 0.9355262 0.07651402 0.3894107 0.9178807 0.08125536 0.343597 0.9355954 0.005480971 0.8342497 0.5513595 0.00550253 0.8341745 0.5514731 0.001824814 0.8601882 0.5099734 0.001826551 0.8602986 0.5097871 0.16736 -0.2312374 0.9583945 0.1673575 -0.2312176 0.9583997 0.1648884 -0.18346 0.9690997 0.07651956 0.3891501 0.9179908 0.1648887 -0.183446 0.9691023 0.07159921 0.433943 0.8980908 0.07163114 0.4337846 0.8981648 0.1587591 -0.08656696 0.9835149 0.1620224 -0.1351909 0.9774826 0.1620173 -0.1351551 0.9774883 0.06653345 0.4775511 0.8760812 0.06654033 0.4775185 0.8760985 0.1587589 -0.08660712 0.9835115 0.06130645 0.5199245 0.8520094 0.06129047 0.5199967 0.8519666 0.05590643 0.5611861 0.8257993 0.1551151 -0.03778119 0.9871736 0.1551169 -0.03779309 0.987173 0.05590263 0.5612857 0.825732 0.05041867 0.6008769 0.7977499 0.1467197 0.05997247 0.9873585 0.1510995 0.0111098 0.9884561 0.1511004 0.01110451 0.9884561 0.05041607 0.6009384 0.7977037 0.1467194 0.0599854 0.9873577 0.04477396 0.6393792 0.7675868 0.03902122 0.6762643 0.7356249 0.04476334 0.6394205 0.7675531 0.1419867 0.1087061 0.9838815 0.1419861 0.1087091 0.9838813 0.03903133 0.6760659 0.7358067 0.2224612 -0.4549564 0.8622794 0.2224513 -0.454848 0.8623391 0.1369155 0.1571259 0.9780417 0.136917 0.1571176 0.9780428 0.1315024 0.2052785 0.9698288 0.03316163 0.7114469 0.7019571 0.0331654 0.7114338 0.7019701 0.2219168 -0.4110496 0.8841896 0.2219152 -0.4110332 0.8841977 0.1315019 0.2052926 0.9698258 0.02721421 0.7450895 0.6664089 0.0272692 0.7449105 0.6666069 0.2208447 -0.3661078 0.9039872 0.2208546 -0.3661969 0.9039486 0.1257731 0.2528698 0.9592904 0.1257943 0.2527667 0.9593147 0.02128098 0.7766031 0.6296306 0.02129346 0.776565 0.6296772 0.2192542 -0.3203985 0.9215597 0.219251 -0.320372 0.9215698 0.1197606 0.2997931 0.9464574 0.1197444 0.2998679 0.9464356 0.01522428 0.8064959 0.5910437 0.01524262 0.8064438 0.5911143 0.2171213 -0.2738035 0.9369578 0.217122 -0.2738094 0.936956 0.1134232 0.3461668 0.9312914 0.1134437 0.3460759 0.9313228 0.009126176 0.8344895 0.5509483 0.003051333 0.8603586 0.5096802 0.009177514 0.8343542 0.5511523 0.003070776 0.8601216 0.5100798 0.2144632 -0.2265842 0.950087 0.2144706 -0.2266375 0.9500725 0.1068464 0.3915122 0.9139487 0.1000068 0.436036 0.8943553 0.1068763 0.3913855 0.9139994 0.2112972 -0.1788609 0.9609174 0.2112954 -0.1788483 0.9609201 0.09999865 0.4361508 0.8943001 0.2076188 -0.1306669 0.9694435 0.2076162 -0.1306505 0.9694462 0.09292428 0.4794621 0.8726289 0.09295033 0.4793617 0.8726813 0.2034418 -0.08218361 0.9756318 0.2034431 -0.08219157 0.9756308 0.0856166 0.5217314 0.8488027 0.07807153 0.5629191 0.8228164 0.08562093 0.5217155 0.848812 0.198772 -0.03345772 0.9794745 0.1987739 -0.03346846 0.9794737 0.07809155 0.5627015 0.8229634 0.1936273 0.01531145 0.9809557 0.1936282 0.01530654 0.9809555 0.07035242 0.6025417 0.7949805 0.07039233 0.6024098 0.7950769 0.1880119 0.0640659 0.980075 0.1880176 0.0640373 0.9800758 0.06251973 0.6406209 0.7653079 0.05450353 0.6772054 0.7337726 0.06248609 0.6407263 0.7652224 0.1819422 0.1126825 0.9768315 0.1819473 0.1126579 0.9768333 0.1754509 0.1609236 0.9712469 0.05447252 0.677474 0.7335268 0.2707558 -0.448888 0.8515815 0.270761 -0.4489453 0.8515496 0.2701092 -0.4050517 0.8734839 0.1754513 0.1609177 0.9712478 0.04638183 0.7122389 0.7004031 0.04632293 0.7124031 0.70024 0.2701022 -0.4051699 0.8734311 0.168517 0.2089049 0.9633071 0.1685068 0.2089496 0.9632993 0.03801388 0.7458875 0.6649864 0.02971474 0.7771853 0.6285698 0.03801464 0.7458854 0.6649885 0.2687975 -0.3601568 0.893328 0.2687957 -0.360141 0.893335 0.1611751 0.2563661 0.9530472 0.1611998 0.2562636 0.9530706 0.02971678 0.777171 0.6285875 0.2668564 -0.3144477 0.9109942 0.2668441 -0.3143529 0.9110304 0.1534542 0.3031989 0.9404904 0.1534706 0.3031346 0.9405085 0.0212933 0.8068894 0.5903187 0.02121813 0.8070607 0.5900872 0.2642587 -0.2679432 0.9264846 0.2642675 -0.2680064 0.9264638 0.1453735 0.3492303 0.9256915 0.1453706 0.349241 0.925688 0.01272863 0.8347548 0.5504746 0.004295521 0.8602118 0.5099187 0.01283345 0.8345337 0.5508074 0.004269532 0.860356 0.5096756 0.2610315 -0.2208143 0.9397359 0.2610357 -0.2208417 0.9397283 0.1369403 0.3944854 0.908641 0.1369086 0.3945987 0.9085967 0.2571769 -0.1731387 0.9507276 0.2571762 -0.1731348 0.9507285 0.1281144 0.4389296 0.8893411 0.1281974 0.4386469 0.8894686 0.2526997 -0.1250569 0.9594288 0.2527035 -0.1250786 0.959425 0.1190949 0.4819442 0.8680704 0.1190438 0.4821097 0.8679855 0.2476192 -0.07668528 0.9658178 0.247615 -0.07666294 0.9658207 0.1097019 0.5241109 0.8445551 0.1097239 0.5240436 0.8445941 0.2419366 -0.02809816 0.9698851 0.2419343 -0.02808696 0.9698861 0.1001063 0.5648761 0.8190809 0.1000225 0.5651212 0.8189223 0.2356726 0.0205401 0.9716155 0.2356714 0.02054542 0.9716156 0.09023985 0.6043143 0.7916192 0.09017269 0.6045004 0.7914847 0.2288405 0.06913693 0.9710057 0.228845 0.06911718 0.9710061 0.0800744 0.642522 0.762072 0.0801358 0.642361 0.7622011 0.06980265 0.6789888 0.7308227 0.2214498 0.1176005 0.9680548 0.2214635 0.1175428 0.9680586 0.06985612 0.6786916 0.7310936 0.3183813 -0.4416323 0.8388053 0.3176256 -0.3980034 0.8606435 0.3183882 -0.4417078 0.8387628 0.2135529 0.1656577 0.9627838 0.2135343 0.1657322 0.9627751 0.05931267 0.7138105 0.6978227 0.05943412 0.713528 0.6981013 0.3176285 -0.3979511 0.8606667 0.2051111 0.2134589 0.9551778 0.2051196 0.2134268 0.9551831 0.1961804 0.2607228 0.9452708 0.04878731 0.7467932 0.6632645 0.04871761 0.7469452 0.6630985 0.03808761 0.777998 0.6271113 0.316092 -0.3529749 0.8806216 0.3160984 -0.3530266 0.8805987 0.19618 0.2607269 0.9452697 0.03808235 0.7780217 0.6270822 0.3137926 -0.307277 0.8983958 0.3107542 -0.2609971 0.9139542 0.3138075 -0.3073849 0.8983538 0.1867971 0.3072818 0.9331049 0.1867819 0.3073343 0.9330907 0.0271735 0.8076492 0.5890367 0.02727364 0.8074594 0.5892923 0.01639678 0.8348857 0.5501791 0.3107542 -0.2609823 0.9139584 0.1769458 0.3531702 0.9186735 0.1769458 0.3531702 0.9186735 0.005463249 0.860474 0.5094651 0.01634994 0.8350675 0.5499046 0.005467142 0.8604601 0.5094886 0.3069556 -0.2138912 0.9273774 0.306955 -0.2138875 0.9273785 0.3024194 -0.1663142 0.9385532 0.1666254 0.3982979 0.9019949 0.1667027 0.3980584 0.9020863 0.3024199 -0.1663313 0.9385501 0.1560231 0.4421087 0.8832875 0.1559674 0.4422724 0.8832152 0.2971608 -0.1183758 0.9474612 0.2911776 -0.07009634 0.9540975 0.297154 -0.1183405 0.9474677 0.1449056 0.4853285 0.8622404 0.1449355 0.4852454 0.8622822 0.291178 -0.07010353 0.9540969 0.1335632 0.5270098 0.8392982 0.1334836 0.527221 0.8391783 0.2844971 -0.02168304 0.9584317 0.2844986 -0.02168975 0.958431 0.1217423 0.567825 0.8140968 0.1218325 0.5675983 0.8142413 0.2771306 0.02679724 0.9604586 0.2771332 0.02678619 0.960458 0.2690967 0.07520555 0.9601724 0.1097787 0.6068318 0.7872126 0.1098133 0.6067495 0.7872712 0.2690977 0.07519633 0.960173 0.2604176 0.1234145 0.9575759 0.09744456 0.6446841 0.758213 0.09752187 0.6445106 0.7583507 0.2511047 0.1713972 0.9526645 0.2604112 0.1234728 0.9575701 0.0849585 0.6807621 0.7275609 0.08504389 0.6805813 0.7277201 0.3652322 -0.4333742 0.8238884 0.3652255 -0.4333015 0.8239297 0.2511075 0.1713737 0.9526678 0.2412004 0.2188655 0.9454736 0.07223941 0.7153431 0.6950293 0.07220326 0.715415 0.694959 0.3643475 -0.3895497 0.8458735 0.3643571 -0.3896371 0.8458291 0.2412038 0.2188408 0.9454785 0.0593124 0.7482037 0.6608126 0.05936306 0.7481093 0.6609149 0.3599654 -0.2991736 0.8836969 0.3625976 -0.344764 0.8658295 0.3625901 -0.344705 0.8658562 0.2306882 0.2659295 0.9359831 0.2306872 0.2659331 0.9359824 0.0463255 0.7791134 0.625169 0.04636091 0.7790517 0.6252432 0.3599651 -0.2992021 0.8836872 0.2196514 0.3122265 0.9242661 0.2196313 0.3122872 0.9242504 0.03318812 0.8082345 0.5879248 0.03321055 0.8081982 0.5879735 0.3564745 -0.2528484 0.8994408 0.3564636 -0.2527812 0.8994638 0.1960091 0.4024749 0.8942004 0.2080645 0.3578356 0.9103093 0.2080561 0.3578598 0.9103016 0.006643903 0.8606192 0.5092057 0.01989201 0.8355083 0.5491176 0.01999824 0.8353496 0.5493553 0.006648505 0.8606071 0.5092262 0.3521143 -0.2058542 0.9130386 0.3469128 -0.1584166 0.9244218 0.3521178 -0.2058744 0.9130327 0.1834264 0.4464124 0.8758258 0.1959723 0.4026658 0.8941225 0.3469107 -0.1583684 0.924431 0.1834361 0.4463655 0.8758476 0.1704331 0.4890891 0.8554206 0.3408704 -0.1105653 0.9335859 0.3408813 -0.1106175 0.9335757 0.1704267 0.489118 0.8554053 0.1569785 0.5307639 0.8328549 0.3263524 -0.01424402 0.9451408 0.3340147 -0.06248277 0.9404947 0.3340129 -0.06247526 0.9404958 0.1432489 0.5708264 0.8084782 0.1569925 0.5307057 0.8328895 0.3263517 -0.01423648 0.9451413 0.1432346 0.5708826 0.808441 0.3179043 0.03403735 0.9475116 0.3179038 0.03403894 0.9475117 0.1146815 0.647097 0.7537332 0.1291039 0.6097452 0.7820121 0.1291154 0.6097213 0.7820289 0.3086923 0.08222745 0.947601 0.3086891 0.08223873 0.9476011 0.1146502 0.6472048 0.7536453 0.2987258 0.1302649 0.9454067 0.2987187 0.1302892 0.9454057 0.1000068 0.6828679 0.7236643 0.0999253 0.6830186 0.7235334 0.08494532 0.7172587 0.69161 0.4111605 -0.423822 0.8070452 0.4111688 -0.4239111 0.8069942 0.2880516 0.1779271 0.9409401 0.2880463 0.1779442 0.9409385 0.08494876 0.7172483 0.6916202 0.4101754 -0.3801087 0.8290196 0.4081978 -0.3353698 0.8490592 0.4101795 -0.3801436 0.8290015 0.276694 0.2251526 0.9342091 0.2766649 0.225241 0.9341965 0.06974608 0.749777 0.6580045 0.06978019 0.7497216 0.658064 0.408198 -0.3353638 0.8490615 0.4052418 -0.2898725 0.8670369 0.2646534 0.2718865 0.9252223 0.2646241 0.2719709 0.9252059 0.2519646 0.3179742 0.9140057 0.05440521 0.7804466 0.6228509 0.05447438 0.7803419 0.6229761 0.4052418 -0.2898706 0.8670376 0.2519521 0.3180355 0.9139879 0.03907906 0.8090002 0.5865079 0.03900046 0.8091108 0.5863606 0.02348324 0.8358748 0.5484174 0.3963974 -0.196751 0.8967487 0.4013048 -0.2436048 0.882956 0.4012948 -0.2435465 0.8829766 0.2386573 0.3633723 0.9005572 0.238692 0.3632831 0.9005839 0.007790518 0.8608466 0.5088049 0.007815024 0.8607958 0.5088904 0.02345512 0.8359382 0.548322 0.3963961 -0.1967213 0.8967558 0.224796 0.4077936 0.8849696 0.2248517 0.407658 0.8850179 0.3905337 -0.1493838 0.9083875 0.3837472 -0.1017838 0.9178116 0.3905384 -0.1494057 0.9083819 0.2103948 0.4512378 0.8672477 0.1954998 0.4935781 0.8474434 0.2104258 0.4511662 0.8672774 0.3760208 -0.05382271 0.9250467 0.3837447 -0.1017521 0.9178162 0.1800923 0.5348154 0.825554 0.1955078 0.4935488 0.8474588 0.3760215 -0.05382982 0.9250461 0.180128 0.5346924 0.8256258 0.1642933 0.5746285 0.8017542 0.3673935 -0.005779306 0.9300477 0.3673942 -0.005781813 0.9300473 0.1643048 0.5745913 0.8017784 0.3578832 0.04227505 0.9328088 0.3578834 0.04227422 0.9328088 0.1480989 0.6130983 0.7760007 0.1314954 0.6502015 0.748296 0.148063 0.6131647 0.7759552 0.3475122 0.0902244 0.9333246 0.3475125 0.09022342 0.9333246 0.3362929 0.138006 0.9315909 0.1314963 0.6501988 0.7482981 0.336289 0.1380289 0.9315888 0.1146406 0.6855946 0.7189004 0.09745589 0.7194733 0.6876486 0.114709 0.6854823 0.7189965 0.499851 -0.4016606 0.7673446 0.4560762 -0.4133095 0.7881432 0.4560711 -0.413255 0.7881748 0.3242832 0.1853824 0.9276173 0.3114639 0.2324115 0.9213984 0.3242807 0.1853902 0.9276166 0.09742991 0.7195378 0.6875847 0.4549753 -0.3695912 0.810185 0.4549762 -0.3695995 0.8101808 0.311478 0.2323422 0.9214112 0.08016953 0.7513626 0.6550016 0.08004096 0.751547 0.6548057 0.4527871 -0.3249659 0.8302897 0.4527743 -0.3248729 0.8303331 0.2979163 0.2787808 0.9129771 0.2979315 0.2787412 0.9129843 0.06243132 0.7818389 0.6203468 0.06240776 0.7818703 0.6203097 0.4495009 -0.2794525 0.8484429 0.4494908 -0.2793888 0.8484691 0.2836175 0.324616 0.9023223 0.2836387 0.3245637 0.9023345 0.04472611 0.8101502 0.5845138 0.04482897 0.8100228 0.5846824 0.4451263 -0.233208 0.8645673 0.4451404 -0.2332862 0.8645389 0.2686875 0.3695118 0.8895325 0.2686684 0.3695562 0.8895198 0.2531179 0.4134803 0.874623 0.008999267 0.8609726 0.5085717 0.008951982 0.8610532 0.508436 0.02684184 0.8366563 0.5470701 0.02692957 0.8365563 0.5472187 0.4396925 -0.1865315 0.878565 0.4397043 -0.1865896 0.8785468 0.2531177 0.4134808 0.8746229 0.4331923 -0.1393458 0.8904646 0.433197 -0.1393667 0.8904591 0.2200941 0.4986142 0.8384167 0.2368437 0.4567185 0.8575041 0.2368574 0.45669 0.8575154 0.4256578 -0.09188712 0.9002068 0.4256635 -0.09191079 0.9002016 0.2201159 0.4985458 0.8384516 0.4170911 -0.04415758 0.9077914 0.4170929 -0.04416425 0.9077901 0.2027853 0.5393597 0.8172939 0.1849762 0.5788498 0.7941767 0.2027893 0.5393522 0.8172978 0.4075232 0.003665142 0.9131875 0.4075229 0.003666641 0.9131877 0.1849486 0.5789251 0.7941282 0.3969743 0.05147431 0.9163852 0.3969695 0.05149038 0.9163864 0.1666979 0.6170042 0.7691019 0.1667068 0.6169892 0.7691119 0.3854646 0.09918056 0.9173768 0.3854724 0.09915697 0.9173761 0.1479965 0.6536923 0.7421479 0.1480497 0.6536092 0.7422104 0.3730293 0.1466461 0.9161572 0.3730188 0.1466757 0.9161568 0.3597023 0.1937178 0.9127363 0.1290723 0.6885733 0.7135875 0.1290757 0.6885683 0.7135917 0.1096789 0.7220618 0.6830793 0.4998488 -0.4016964 0.7673273 0.4986465 -0.357967 0.7894374 0.3597089 0.1936882 0.9127402 0.1098042 0.7217978 0.6833383 0.4986468 -0.35796 0.7894403 0.3454891 0.2403894 0.9071109 0.3455048 0.2403494 0.9071155 0.0902512 0.7534391 0.6512943 0.0900393 0.7537104 0.6510097 0.4962427 -0.31332 0.8096751 0.4926465 -0.2679038 0.8279654 0.4962532 -0.3133943 0.8096399 0.3304661 0.2864412 0.8993017 0.3304455 0.2864905 0.8992936 0.07041644 0.7833043 0.6176373 0.07028762 0.7834577 0.6174574 0.4878572 -0.2218369 0.8442652 0.4926465 -0.2678999 0.8279668 0.3146193 0.3318642 0.8893149 0.3145989 0.3319097 0.8893051 0.05036113 0.8113106 0.5824421 0.05036075 0.8113109 0.5824417 0.487859 -0.2218796 0.8442529 0.2980499 0.3763779 0.877215 0.2980306 0.3764185 0.877204 0.0101347 0.8611714 0.5082137 0.03022491 0.8373274 0.5458657 0.01011336 0.8612022 0.508162 0.03020361 0.8373489 0.5458338 0.4819082 -0.1753728 0.8584922 0.4819044 -0.1753553 0.8584979 0.280775 0.4199611 0.8630169 0.2807626 0.4199859 0.8630088 0.4747702 -0.1282671 0.8707129 0.4747737 -0.1282817 0.8707088 0.2627059 0.4628165 0.8466324 0.2627108 0.4628075 0.8466359 0.4665194 -0.08103541 0.8807911 0.4665216 -0.08104406 0.8807891 0.4571266 -0.03350332 0.8887704 0.2441651 0.5042051 0.8283481 0.2441307 0.5042664 0.8283209 0.4466392 0.01407581 0.8946035 0.4571275 -0.03351003 0.8887696 0.2248869 0.5446875 0.8079242 0.2249569 0.5445696 0.8079842 0.4466403 0.0140695 0.894603 0.205145 0.5836789 0.7856428 0.2052577 0.5834992 0.7857469 0.4350718 0.06163434 0.8982838 0.4350756 0.06162308 0.8982828 0.4224614 0.1090283 0.8997995 0.184919 0.6212757 0.7614601 0.1848609 0.621363 0.761403 0.4224586 0.1090417 0.8997992 0.164283 0.6573021 0.7355033 0.1641468 0.6574944 0.7353617 0.1431454 0.6918854 0.707675 0.3942373 0.2028751 0.8963363 0.4088311 0.1561747 0.8991477 0.4088292 0.1561799 0.8991477 0.1430882 0.6919971 0.7075774 0.542385 -0.3890235 0.7446336 0.5423824 -0.3889947 0.7446505 0.5410773 -0.3452868 0.7668197 0.3942388 0.2028694 0.8963369 0.1217966 0.7246512 0.6782672 0.09989437 0.7560305 0.6468686 0.121818 0.7246247 0.6782916 0.5410753 -0.3453627 0.7667868 0.3786546 0.2492076 0.8913564 0.378651 0.2492157 0.8913558 0.09991474 0.7559959 0.6469059 0.5384711 -0.300708 0.7871616 0.5345634 -0.2553821 0.805619 0.5384575 -0.3006149 0.7872066 0.3621723 0.2948975 0.8842322 0.3448057 0.3398989 0.874973 0.3621566 0.2949319 0.8842273 0.07800531 0.7852153 0.6142901 0.07810095 0.7851125 0.6144091 0.5345648 -0.2554308 0.8056025 0.3448212 0.3398502 0.8749858 0.05588753 0.8126113 0.5801202 0.05581725 0.8126808 0.5800297 0.03355276 0.8381106 0.5444675 0.5293712 -0.2094939 0.8221183 0.5293689 -0.2094822 0.8221228 0.3266538 0.3839903 0.8636253 0.3265975 0.3841003 0.8635977 0.307725 0.4271315 0.8502141 0.01123384 0.8614665 0.5076901 0.03364919 0.8379801 0.5446624 0.01125851 0.8614357 0.5077417 0.5229055 -0.1630824 0.8366444 0.5229142 -0.1631212 0.8366315 0.3076797 0.4272557 0.850168 0.5151798 -0.1162519 0.8491616 0.5151684 -0.1162067 0.8491746 0.2880107 0.4693711 0.8347099 0.2879198 0.4695287 0.8346526 0.2675616 0.510502 0.8171893 0.5062085 -0.06914535 0.8596348 0.5062191 -0.06918395 0.8596253 0.2675537 0.5105211 0.8171801 0.4960264 -0.02189194 0.8680313 0.4960268 -0.02189276 0.8680313 0.2465189 0.5503333 0.7977228 0.2464567 0.5504292 0.7976758 0.224931 0.5887338 0.776401 0.4846475 0.02541745 0.8743401 0.4846444 0.02542726 0.8743416 0.2026061 0.6260868 0.7529714 0.2248641 0.588874 0.776314 0.4720966 0.0726856 0.8785452 0.472098 0.07268137 0.8785448 0.2025916 0.6261152 0.7529519 0.4584045 0.1197789 0.8806351 0.4584241 0.1197278 0.8806319 0.1800576 0.6614996 0.7280093 0.1799764 0.6616043 0.7279342 0.4436008 0.1666128 0.8806012 0.4436181 0.1665702 0.8806006 0.1568199 0.6956522 0.701053 0.1569604 0.6954832 0.7011894 0.5835662 -0.3753015 0.7201384 0.5835679 -0.3753197 0.7201275 0.4277898 0.2128861 0.8784506 0.4277752 0.2129198 0.8784496 0.1334998 0.7277653 0.6727076 0.1333866 0.7278926 0.6725923 0.5821627 -0.3316154 0.742373 0.5821688 -0.3316661 0.7423457 0.4108783 0.2588333 0.8741764 0.4108793 0.2588315 0.8741764 0.109625 0.7584202 0.6424805 0.1095027 0.7585481 0.6423504 0.5793465 -0.2869945 0.7628838 0.5751548 -0.241904 0.7814598 0.5793574 -0.2870683 0.7628479 0.3929963 0.3041036 0.8677989 0.3929934 0.3041096 0.8677981 0.08548316 0.7872157 0.6107242 0.08549135 0.7872078 0.6107332 0.5751553 -0.2419176 0.7814552 0.3741766 0.3486173 0.8593358 0.3741799 0.3486108 0.8593369 0.0611899 0.8140692 0.5775355 0.06115401 0.8141014 0.5774939 0.5695688 -0.1960996 0.7982082 0.5695615 -0.1960638 0.7982222 0.3544153 0.39238 0.8487802 0.3544006 0.3924064 0.848774 0.01236935 0.8616912 0.5072823 0.01231202 0.8617535 0.5071779 0.03674982 0.8389505 0.5429654 0.03688399 0.8388409 0.5431256 0.5626109 -0.1498393 0.8130296 0.5626133 -0.1498496 0.8130261 0.3338628 0.4350574 0.8362181 0.3338538 0.4350727 0.8362136 0.5543001 -0.1032158 0.8258922 0.5542928 -0.1031884 0.8259005 0.3125206 0.4766685 0.8216556 0.3125096 0.4766862 0.8216496 0.5446479 -0.05634047 0.8367702 0.5446565 -0.05636999 0.8367627 0.2903248 0.5173224 0.8050398 0.2903168 0.5173343 0.8050351 0.2675008 0.5565992 0.7865371 0.5336925 -0.009348308 0.8456269 0.5336906 -0.009342451 0.8456282 0.2674811 0.5566385 0.7865161 0.5214418 0.03770112 0.8524536 0.5214456 0.03769019 0.8524517 0.2439393 0.5946909 0.7660525 0.2440128 0.5945927 0.7661054 0.2198421 0.6312686 0.7437536 0.5079516 0.08460828 0.8572204 0.5079425 0.08463231 0.8572233 0.2199706 0.6310437 0.7439065 0.4932202 0.1313596 0.8599294 0.4932347 0.1313243 0.8599264 0.1952869 0.6661773 0.7197714 0.1703008 0.6994669 0.6940776 0.1952477 0.6662234 0.7197394 0.4773096 0.1777831 0.860563 0.4772846 0.1778405 0.8605651 0.1703422 0.6994033 0.6941316 0.6233008 -0.3606099 0.6938707 0.6233031 -0.3606332 0.6938567 0.6218014 -0.3169397 0.7161788 0.4602602 0.2237429 0.8591272 0.4602274 0.2238139 0.8591264 0.1447388 0.7312831 0.66654 0.1189395 0.7612018 0.6375149 0.144693 0.7313303 0.6664983 0.6188006 -0.2724667 0.736782 0.6218011 -0.3169634 0.7161687 0.4420749 0.2692287 0.85562 0.4420919 0.2691945 0.8556221 0.1188087 0.761376 0.6373312 0.6187999 -0.2724244 0.7367982 0.4228148 0.3140891 0.8500445 0.4228337 0.3140532 0.8500485 0.09285375 0.7893192 0.6069213 0.09277073 0.7893924 0.6068388 0.6143225 -0.2274153 0.7555727 0.6083471 -0.1817079 0.7725905 0.6143177 -0.2273896 0.7555844 0.4025927 0.3580777 0.8424366 0.4025822 0.3580965 0.8424337 0.06639358 0.8156233 0.5747612 0.06653184 0.8155114 0.574904 0.6083466 -0.1817012 0.7725924 0.3813986 0.4012077 0.832807 0.3592054 0.4435014 0.8211443 0.3813165 0.4013453 0.8327783 0.01340353 0.862022 0.5066937 0.03983915 0.8399198 0.5412463 0.013421 0.8620053 0.5067216 0.03988405 0.8398866 0.5412945 0.6009226 -0.1356707 0.787709 0.5920348 -0.08922008 0.8009586 0.600919 -0.1356564 0.7877142 0.3592117 0.4434877 0.821149 0.5920376 -0.08924031 0.8009542 0.3362553 0.4845752 0.8075389 0.3123661 0.524682 0.7919193 0.3361525 0.4847279 0.8074902 0.5817326 -0.04261152 0.8122631 0.5817401 -0.04263604 0.8122566 0.312361 0.5246918 0.7919149 0.5700324 0.0040991 0.821612 0.5700325 0.004098864 0.8216118 0.5569462 0.05084786 0.8289906 0.2877769 0.5634317 0.7744219 0.2877955 0.5634075 0.7744325 0.2624654 0.6008651 0.7550318 0.5569499 0.05083126 0.8289891 0.2625405 0.6007384 0.7551065 0.5425254 0.09744299 0.8343687 0.5425385 0.09741026 0.8343639 0.5268062 0.1437938 0.8377341 0.2365929 0.6367241 0.733898 0.2366887 0.636613 0.7339636 0.5268129 0.1437709 0.8377339 0.2102437 0.6709738 0.7110499 0.2100689 0.671163 0.7109228 0.5098074 0.1898133 0.8390872 0.5098167 0.189793 0.8390861 0.1833028 0.7037206 0.6864236 0.1557062 0.7350002 0.6599472 0.1830443 0.7039825 0.686224 0.6614861 -0.344973 0.6659052 0.6614855 -0.3449662 0.6659094 0.4721878 0.2803344 0.835734 0.4915845 0.2353729 0.8384176 0.4915627 0.2354169 0.8384182 0.1558674 0.7347929 0.6601399 0.6599011 -0.3013356 0.6882786 0.6567124 -0.2568799 0.7090427 0.6598906 -0.3012483 0.6883269 0.4721444 0.2804515 0.8357193 0.09987115 0.7916571 0.6027477 0.1278974 0.7642847 0.6320691 0.1277977 0.7643719 0.6319836 0.6567129 -0.2568977 0.7090358 0.4516803 0.3245991 0.8310358 0.429984 0.3682408 0.8243255 0.4515972 0.3247468 0.8310231 0.09984199 0.7916896 0.6027099 0.6519517 -0.2119547 0.7280345 0.6519578 -0.2119864 0.7280199 0.6456136 -0.1664214 0.7453101 0.4299566 0.3683042 0.8243115 0.07137712 0.8173493 0.571704 0.07158589 0.8171952 0.5718981 0.645616 -0.1664491 0.7453017 0.4073635 0.4108174 0.8156494 0.4073438 0.4108483 0.8156437 0.01429928 0.8624719 0.5059031 0.04293275 0.8408951 0.5394927 0.01442664 0.8623627 0.5060853 0.04287732 0.8409324 0.539439 0.637731 -0.1205618 0.7607654 0.6377334 -0.1205714 0.7607619 0.6283073 -0.07436696 0.7744026 0.3836795 0.4525457 0.8049798 0.3836637 0.4525687 0.8049743 0.6283057 -0.07435538 0.7744051 0.3590487 0.4932085 0.7923568 0.3590505 0.4932061 0.7923575 0.3336257 0.5325642 0.7778619 0.6173707 -0.02799814 0.7861739 0.6173744 -0.02800922 0.7861708 0.3336282 0.5325595 0.7778641 0.3073669 0.5706844 0.7614754 0.6049527 0.01842353 0.7960482 0.6049534 0.01842105 0.7960477 0.5910704 0.06482467 0.8040109 0.3074637 0.5705258 0.7615552 0.280408 0.6073524 0.7432995 0.5910746 0.06480788 0.8040092 0.2803799 0.6073956 0.7432749 0.5757608 0.1110737 0.8100384 0.57576 0.1110758 0.8100386 0.5590845 0.157002 0.8141098 0.2526219 0.6427782 0.7232001 0.2527048 0.6426892 0.7232503 0.5590677 0.1570569 0.8141108 0.5410502 0.2026014 0.8162214 0.2244175 0.6764234 0.70149 0.2245658 0.6762747 0.7015859 0.5410566 0.2025821 0.8162218 0.5217013 0.2477237 0.8163705 0.1955189 0.7086019 0.6779791 0.1956721 0.7084589 0.6780844 0.7328306 -0.3109597 0.605197 0.6980281 -0.3284003 0.6363254 0.6980277 -0.3283929 0.6363297 0.5217 0.2477272 0.8163703 0.501065 0.2923152 0.8145463 0.1664992 0.7387277 0.653115 0.1663669 0.7388424 0.6530192 0.6963438 -0.2847198 0.658817 0.6963439 -0.2847196 0.6588171 0.5010837 0.2922687 0.8145515 0.1366086 0.7675096 0.6263123 0.1367725 0.7673782 0.6264375 0.6929812 -0.2404526 0.6796761 0.6929952 -0.2405406 0.6796308 0.4793372 0.3359588 0.8107821 0.4562978 0.3791084 0.8050274 0.4793478 0.3359415 0.810783 0.1066701 0.7942173 0.5981975 0.106467 0.7943671 0.5980347 0.6879535 -0.1955727 0.6989073 0.687969 -0.1956528 0.6988696 0.4563059 0.3790913 0.8050309 0.0762595 0.8191572 0.5684769 0.07634637 0.8190984 0.56855 0.6812828 -0.1502843 0.7164275 0.681281 -0.150276 0.716431 0.4323058 0.4210835 0.7973709 0.4071727 0.4622093 0.7877645 0.432253 0.4211613 0.7973585 0.01537678 0.8627247 0.5054401 0.04597515 0.8418918 0.5376845 0.01524844 0.8628232 0.5052759 0.0458431 0.8419726 0.5375691 0.6729597 -0.1045854 0.7322481 0.6729599 -0.1045865 0.7322477 0.3810507 0.5022331 0.7762488 0.407147 0.4622565 0.7877501 0.663013 -0.05861938 0.7463092 0.6630127 -0.05861855 0.7463096 0.354064 0.5409405 0.7629036 0.3811269 0.5021023 0.7762961 0.651477 -0.01254231 0.7585647 0.6514761 -0.0125395 0.7585655 0.3540507 0.5409621 0.7628946 0.6383668 0.0335832 0.7689994 0.6383701 0.03357412 0.768997 0.3262921 0.5782806 0.7477466 0.326315 0.5782546 0.7477567 0.2975678 0.6144444 0.7306924 0.6237198 0.0796295 0.7775813 0.6237268 0.07961227 0.7775774 0.2975321 0.6144948 0.7306647 0.2681133 0.6491328 0.7118581 0.6075656 0.1254989 0.784292 0.6075719 0.125484 0.7842896 0.2681924 0.6490289 0.7119229 0.5899712 0.171004 0.7891081 0.5899435 0.1710623 0.7891162 0.2382213 0.6820004 0.6914666 0.2381586 0.6820588 0.6914307 0.2076363 0.7133651 0.6693261 0.5708915 0.2162392 0.7920375 0.570946 0.2161332 0.7920271 0.2076254 0.7133775 0.6693161 0.7328311 -0.3109471 0.6052028 0.550526 0.2607813 0.793041 0.5505183 0.2607955 0.7930418 0.1451417 0.7708095 0.6203117 0.1764501 0.7431129 0.6454831 0.1765621 0.7430233 0.6455558 0.7310629 -0.267308 0.6277686 0.7310649 -0.2673251 0.627759 0.7275485 -0.2232221 0.6487258 0.5287593 0.3048206 0.7921478 0.5288135 0.3047293 0.7921466 0.1451326 0.7708185 0.6203027 0.7275475 -0.2231949 0.6487362 0.5058188 0.3479639 0.7893469 0.5057661 0.3480472 0.7893438 0.1129887 0.7970423 0.5932598 0.08100273 0.821008 0.5651412 0.113069 0.796988 0.5933174 0.7222592 -0.178386 0.6682216 0.7222695 -0.1784382 0.6681963 0.7152507 -0.1332641 0.6860445 0.4815153 0.3905244 0.7846233 0.4814939 0.390556 0.7846208 0.08112917 0.8209024 0.5652764 0.04876558 0.8430359 0.5356419 0.7152469 -0.1332299 0.6860552 0.4561332 0.4319921 0.7780266 0.4561407 0.4319819 0.7780278 0.01608529 0.8632798 0.5044692 0.0487231 0.8430684 0.5355947 0.01632532 0.8631137 0.5047457 0.7065137 -0.08777181 0.7022354 0.7065179 -0.08778582 0.7022295 0.4296651 0.4724037 0.76956 0.4296278 0.4724522 0.7695511 0.6960713 -0.04205238 0.7167401 0.6960724 -0.04205598 0.7167388 0.6839606 0.003733895 0.7295094 0.4021853 0.5116499 0.7592505 0.4021353 0.5117106 0.759236 0.6839601 0.003736296 0.7295098 0.373696 0.5497226 0.7470985 0.373602 0.5498294 0.747067 0.6701958 0.04953958 0.7405291 0.6701986 0.04953236 0.740527 0.3443156 0.5864515 0.7331585 0.3442735 0.5864963 0.7331425 0.6548271 0.09519859 0.7497591 0.6548203 0.09521457 0.749763 0.6378666 0.1406648 0.757192 0.3139631 0.6219471 0.7173625 0.3139024 0.6220075 0.7173367 0.6378684 0.140659 0.7571915 0.283106 0.6556509 0.6999807 0.2830037 0.6557459 0.6999331 0.6193902 0.1857425 0.7627945 0.619391 0.185741 0.7627943 0.5993612 0.23051 0.7665712 0.2512466 0.6880947 0.6807356 0.2513892 0.6879715 0.6808074 0.5993904 0.2304361 0.7665705 0.5779706 0.2745317 0.7684935 0.2191015 0.7185909 0.6600165 0.2191088 0.718585 0.6600205 0.7968971 -0.2736227 0.5385959 0.7658128 -0.2926739 0.5726017 0.7658132 -0.2926796 0.5725983 0.5779529 0.2745729 0.7684922 0.5551791 0.3179376 0.7685648 0.1863285 0.747441 0.6376627 0.1862011 0.7475356 0.6375891 0.1531433 0.7744505 0.6138188 0.7639641 -0.2490634 0.5952531 0.7639675 -0.2490897 0.5952379 0.5551279 0.3180471 0.7685566 0.153154 0.7744409 0.6138284 0.7602927 -0.205057 0.6163656 0.7602859 -0.2050149 0.6163881 0.5309898 0.3606861 0.7667825 0.5054999 0.4025878 0.7631468 0.5310495 0.3605966 0.7667832 0.1192973 0.799813 0.588275 0.08561452 0.8229361 0.5616461 0.1194073 0.7997444 0.5883458 0.7547764 -0.1604355 0.6360607 0.7547803 -0.1604544 0.6360512 0.5055209 0.4025496 0.763153 0.08534083 0.823144 0.5613829 0.7474398 -0.1154106 0.6542279 0.7474385 -0.1154054 0.6542302 0.4788724 0.443373 0.757695 0.4510773 0.4831324 0.7504082 0.4789411 0.4432835 0.7577038 0.05142654 0.8443086 0.5333837 0.01721191 0.8635356 0.5039939 0.01697551 0.8636836 0.5037485 0.05144155 0.844301 0.5333943 0.7383152 -0.07017217 0.6707954 0.7383156 -0.07017396 0.6707947 0.4221894 0.5217592 0.7412986 0.4509711 0.4832996 0.7503643 0.7274033 -0.02471743 0.6857648 0.7274004 -0.0247081 0.6857683 0.3923254 0.5590557 0.7304366 0.4222147 0.5217218 0.7413104 0.7147455 0.02077674 0.699076 0.7147417 0.02078687 0.6990796 0.3922489 0.5591608 0.7303971 0.700357 0.06624517 0.710712 0.7003601 0.0662374 0.7107097 0.3614456 0.5950998 0.7177837 0.3295542 0.6298524 0.7033348 0.3615306 0.5950146 0.7178113 0.6842799 0.1115589 0.7206356 0.6842978 0.1115181 0.7206249 0.3296315 0.6297602 0.7033812 0.2972116 0.6627176 0.6873649 0.666585 0.1565363 0.7288078 0.6665754 0.1565559 0.7288124 0.2971109 0.6628299 0.6873003 0.6472356 0.2012444 0.7352461 0.6472704 0.201178 0.7352336 0.6263733 0.2453799 0.7398953 0.2638154 0.6943439 0.669543 0.2637769 0.6943748 0.6695263 0.6263698 0.2453883 0.7398956 0.2300065 0.7240704 0.6502455 0.230019 0.724061 0.6502514 0.7968976 -0.2736063 0.5386036 0.6040083 0.288911 0.7427681 0.6039657 0.2889804 0.7427758 0.1956016 0.7520871 0.6293688 0.1957301 0.7519987 0.6294345 0.7949666 -0.23007 0.5613341 0.7949819 -0.2301947 0.5612614 0.7911379 -0.1861078 0.5826361 0.580139 0.3318264 0.7438614 0.5801033 0.3318807 0.7438651 0.1605651 0.7784217 0.6068596 0.1608021 0.7782722 0.6069884 0.7911393 -0.1861338 0.5826258 0.5548617 0.3739559 0.7431591 0.5549509 0.3738295 0.7431562 0.1254836 0.8026599 0.5830875 0.1253635 0.802729 0.5830182 0.7853973 -0.1416248 0.6025725 0.7854089 -0.1416805 0.6025442 0.5283399 0.4150649 0.7406605 0.5282739 0.4151522 0.7406588 0.0895662 0.8252618 0.5576027 0.08977163 0.825155 0.5577279 0.7777712 -0.09682404 0.6210452 0.7777774 -0.09684854 0.6210337 0.5005094 0.4552257 0.736383 0.5003976 0.4553634 0.7363739 0.01810624 0.8639577 0.5032387 0.01808201 0.8639716 0.5032158 0.05369678 0.8457211 0.5309167 0.05398118 0.8455887 0.5310987 0.7682769 -0.05180765 0.6380175 0.7682739 -0.05179719 0.6380221 0.4712563 0.4945386 0.7303074 0.4714663 0.4942966 0.7303358 0.7569233 -0.006626375 0.6534702 0.7437524 0.0385479 0.6673427 0.7569229 -0.006625252 0.6534705 0.4412132 0.5322425 0.7225295 0.4411845 0.5322731 0.7225245 0.7437469 0.03856926 0.6673476 0.4098892 0.5689309 0.7129574 0.4098958 0.5689244 0.7129589 0.7287827 0.08366173 0.6796149 0.7287844 0.08365794 0.6796136 0.377801 0.6040218 0.7017294 0.3776547 0.6041589 0.70169 0.7120768 0.12852 0.6902384 0.7120487 0.1285815 0.6902561 0.3445165 0.6379446 0.6887198 0.3444746 0.6379815 0.6887066 0.6735032 0.2173464 0.7065083 0.6936067 0.173177 0.6992278 0.6936386 0.1731134 0.699212 0.3104793 0.6702336 0.6740842 0.3105162 0.6702039 0.6740968 0.6735375 0.217263 0.7065012 0.2756841 0.7009179 0.6578088 0.2403572 0.7298024 0.6400132 0.2756915 0.7009123 0.6578116 0.6517817 0.260963 0.7120948 0.6517848 0.2609572 0.7120939 0.2405109 0.7296655 0.6401116 0.8259866 -0.2538088 0.5033162 0.8259884 -0.253831 0.5033022 0.6284407 0.3040535 0.7159704 0.6285199 0.3039299 0.7159535 0.6036854 0.3462567 0.7181018 0.2041585 0.7571345 0.6205375 0.2045522 0.756883 0.6207146 0.1678133 0.7824363 0.5996934 0.8240053 -0.2104599 0.5260437 0.8240009 -0.2104238 0.526065 0.6037272 0.3461784 0.7181044 0.1680225 0.7822772 0.5998423 0.8200288 -0.1664801 0.5475739 0.8200307 -0.1664924 0.5475671 0.5773777 0.3877568 0.718526 0.5774117 0.3877112 0.7185233 0.1309622 0.8058764 0.5774184 0.1311312 0.8057868 0.5775051 0.09382033 0.8273971 0.5537254 0.8140773 -0.1221329 0.5677691 0.8140846 -0.1221681 0.567751 0.5207006 0.4678086 0.7141611 0.5497597 0.4282165 0.7172134 0.5497738 0.4281988 0.717213 0.09374829 0.8274429 0.5536692 0.8061746 -0.07753593 0.5865754 0.8061757 -0.07754071 0.5865732 0.5206472 0.4678878 0.7141481 0.05612514 0.8470664 0.5285153 0.01891893 0.8644029 0.5024437 0.05638687 0.8469554 0.5286655 0.01891433 0.8644052 0.5024399 0.7963271 -0.03272616 0.6039801 0.7963229 -0.03271123 0.6039867 0.4905936 0.5060157 0.7094123 0.4905848 0.5060255 0.7094116 0.7845615 0.01216235 0.6199318 0.7845629 0.01215774 0.6199301 0.459144 0.5432 0.7029371 0.4265341 0.579122 0.6947563 0.4590951 0.5432497 0.7029306 0.7709109 0.05701147 0.6343865 0.7709026 0.05703308 0.6343946 0.4264744 0.5791937 0.6947333 0.7554028 0.1017232 0.6473168 0.7553909 0.1017503 0.6473264 0.3929507 0.6135976 0.6848997 0.3929936 0.6135598 0.684909 0.3585003 0.6465145 0.6734215 0.7380797 0.1461919 0.6586852 0.7380443 0.1462662 0.6587085 0.3586555 0.6463539 0.6734931 0.7189708 0.1903247 0.6684739 0.7189327 0.1903976 0.6684942 0.3230769 0.6779522 0.6603047 0.3231136 0.6779242 0.6603155 0.6981385 0.2339819 0.6766498 0.6980914 0.234065 0.6766697 0.2868183 0.7078155 0.6455482 0.2868811 0.7077711 0.6455689 0.6755863 0.2771379 0.6832112 0.6756412 0.2770491 0.683193 0.2501726 0.7357398 0.6293652 0.2502956 0.73566 0.6294096 0.2124658 0.7622275 0.611447 0.8509811 -0.1900071 0.4896207 0.8530384 -0.2334168 0.4667355 0.8530331 -0.2333439 0.4667817 0.6513806 0.319672 0.6881228 0.6513891 0.3196592 0.6881208 0.2127281 0.7620274 0.6116052 0.8509815 -0.1900273 0.4896122 0.6257525 0.3611956 0.6913548 0.6257766 0.361162 0.6913506 0.1748569 0.7864648 0.5923666 0.174518 0.786648 0.5922232 0.8468785 -0.1461606 0.511306 0.8468709 -0.1461151 0.5113317 0.8407388 -0.1019981 0.5317469 0.5984479 0.4021181 0.6929366 0.5985024 0.4020478 0.6929303 0.1363368 0.809118 0.5716121 0.1362892 0.8091413 0.5715904 0.8407403 -0.1020098 0.5317422 0.5698686 0.4418368 0.6928419 0.5698431 0.4418675 0.6928434 0.09768488 0.829703 0.5495913 0.09753955 0.8297666 0.549521 0.05866181 0.8483495 0.5261767 0.8325712 -0.05756374 0.5509189 0.8325701 -0.05755945 0.550921 0.5396511 0.480813 0.6910828 0.5397595 0.4806922 0.6910822 0.01965425 0.8648984 0.501562 0.01969591 0.8648792 0.5015936 0.05859408 0.8483851 0.5261269 0.8223952 -0.01298006 0.5687684 0.8223981 -0.01298911 0.5687642 0.5083909 0.5183197 0.6876652 0.5085034 0.5182028 0.6876701 0.8102481 0.03160099 0.5852344 0.79615 0.07610928 0.6002937 0.8102459 0.03160683 0.5852371 0.4759164 0.5545999 0.6825853 0.4758687 0.5546458 0.6825811 0.7961464 0.0761219 0.6002969 0.4420387 0.5897771 0.6758438 0.4422289 0.589606 0.6758685 0.7801384 0.1204353 0.613905 0.7801222 0.1204719 0.6139184 0.4072887 0.6233453 0.6675002 0.4073413 0.6233013 0.6675092 0.762234 0.1645023 0.6260497 0.7622075 0.1645561 0.6260679 0.3717596 0.6552584 0.6575951 0.3716295 0.6553591 0.6575683 0.7425094 0.2081327 0.6366795 0.7424956 0.2081582 0.636687 0.3348875 0.6859812 0.6459723 0.3347523 0.686078 0.6459396 0.7209445 0.2513619 0.6457989 0.6977578 0.2937781 0.6533213 0.720982 0.2512982 0.6457818 0.2972835 0.7149322 0.6328464 0.2976013 0.7147225 0.6329338 0.6976997 0.293893 0.6533315 0.2593102 0.7419508 0.6182777 0.2590885 0.7420849 0.6182095 0.8779554 -0.2122885 0.429101 0.8779576 -0.2123181 0.4290823 0.6727023 0.3358134 0.6593185 0.6462386 0.3766941 0.6636845 0.6727746 0.3357094 0.6592978 0.2204601 0.7673466 0.6021435 0.2205115 0.767318 0.6021609 0.8758465 -0.1689755 0.4520401 0.8758424 -0.1689417 0.4520606 0.6462169 0.37673 0.6636854 0.1808991 0.7909871 0.5844783 0.1810099 0.7909318 0.584519 0.8716151 -0.1251767 0.4739387 0.8716191 -0.1252007 0.4739249 0.6181014 0.4168546 0.6664705 0.6180313 0.4169409 0.6664814 0.1415415 0.8123723 0.5657008 0.1412901 0.8124854 0.5656011 0.8652963 -0.08117316 0.4946446 0.8653044 -0.08121072 0.4946243 0.5885202 0.455948 0.6676493 0.5884286 0.4560527 0.6676584 0.1012429 0.8321214 0.5452741 0.1010039 0.832217 0.5451725 0.8569018 -0.03699401 0.5141506 0.8568954 -0.03697031 0.5141628 0.5574276 0.494057 0.6672198 0.5574243 0.4940603 0.66722 0.02023421 0.8654271 0.5006261 0.02035621 0.8653754 0.5007105 0.0608591 0.8497824 0.5236088 0.06072085 0.8498309 0.5235462 0.8464235 0.007359918 0.5324595 0.8464267 0.007349224 0.5324544 0.5250309 0.5309127 0.6651873 0.5251134 0.5308312 0.6651873 0.8339255 0.05163038 0.5494566 0.8339184 0.05165042 0.5494655 0.4914363 0.5664255 0.6615531 0.491445 0.5664175 0.6615535 0.8194076 0.09581219 0.5651471 0.819409 0.09580795 0.5651456 0.4566993 0.6005531 0.6563244 0.4565769 0.6006574 0.656314 0.8029139 0.1397663 0.5794778 0.8029214 0.1397499 0.5794715 0.420683 0.6333974 0.6494871 0.4206139 0.6334521 0.6494787 0.7844984 0.1833581 0.5924037 0.7845017 0.1833519 0.5924013 0.3837656 0.6646056 0.6411111 0.3838088 0.664574 0.641118 0.7641634 0.2265728 0.6039197 0.7641913 0.226523 0.6039032 0.3457033 0.6943679 0.6311437 0.3459054 0.6942319 0.6311826 0.7420493 0.2691285 0.6139485 0.7420425 0.2691396 0.6139518 0.3070485 0.7222792 0.6197048 0.3073467 0.7220944 0.6197721 0.7180855 0.3111521 0.6225252 0.7180554 0.311197 0.6225374 0.267747 0.748418 0.60678 0.2675799 0.7485125 0.6067373 0.9006963 -0.1905776 0.3904181 0.9006982 -0.1906054 0.3904001 0.6924964 0.352253 0.6295764 0.6924288 0.3523463 0.6295986 0.2277703 0.7727518 0.5924318 0.2276709 0.7728028 0.5924035 0.1869254 0.7954087 0.5765274 0.8941956 -0.1036802 0.435505 0.8985292 -0.1473179 0.4134521 0.8985285 -0.1473103 0.4134566 0.6650764 0.3927455 0.6351569 0.665101 0.392714 0.6351506 0.1869079 0.7954192 0.5765187 0.8877091 -0.05980884 0.4565034 0.8941978 -0.1037077 0.435494 0.6361672 0.4321465 0.6391718 0.6361173 0.4322055 0.6391817 0.1460105 0.8159532 0.5593758 0.1461815 0.8158823 0.5594345 0.887711 -0.05982236 0.4564981 0.6056278 0.4706142 0.6416675 0.6056891 0.4705474 0.6416587 0.1045638 0.8346344 0.5407884 0.1043165 0.8347247 0.5406967 0.06284544 0.8512853 0.5209259 0.8683477 0.02826076 0.49515 0.8790892 -0.01580742 0.476395 0.8790959 -0.01583217 0.4763821 0.5737183 0.5078443 0.6426052 0.5737159 0.5078465 0.6426055 0.02094807 0.8659195 0.4997445 0.06256668 0.8514071 0.5207606 0.0209061 0.8659357 0.4997183 0.8683521 0.02824095 0.4951434 0.540462 0.5438222 0.6419956 0.5404194 0.5438622 0.6419975 0.8555245 0.07222338 0.5127001 0.8555198 0.07223618 0.5127064 0.8406352 0.1160367 0.5290253 0.5058484 0.5785485 0.6398429 0.5058129 0.5785795 0.639843 0.8406397 0.1160225 0.5290213 0.4699298 0.6119615 0.636136 0.4698593 0.6120186 0.6361332 0.82372 0.1595789 0.5440771 0.8048223 0.2027317 0.5578182 0.8237005 0.1596206 0.5440943 0.4328994 0.6438542 0.6309119 0.4330908 0.6437113 0.6309264 0.8048202 0.2027364 0.5578194 0.394982 0.6740997 0.6241624 0.3947815 0.6742378 0.6241401 0.7839558 0.2454454 0.5702368 0.7612613 0.2874603 0.5812469 0.7840062 0.2453579 0.5702052 0.3560653 0.7027513 0.6159206 0.3560108 0.7027859 0.6159126 0.761223 0.287536 0.5812594 0.3160257 0.7298808 0.6061369 0.316064 0.7298586 0.6061437 0.73665 0.3289291 0.5908911 0.7366967 0.3288614 0.5908709 0.2755689 0.7550297 0.5949721 0.2755618 0.7550336 0.5949706 0.9211994 -0.1683562 0.3507815 0.9212002 -0.1683685 0.3507735 0.7103855 0.3694118 0.599072 0.7104352 0.3693457 0.599054 0.6823058 0.4091713 0.6058364 0.2343625 0.7784196 0.5823548 0.2344295 0.7783876 0.5823707 0.9189802 -0.1251606 0.373912 0.9145511 -0.08165921 0.3961413 0.9189852 -0.1252048 0.3738849 0.6823661 0.4090804 0.6058298 0.1924842 0.7999956 0.5682929 0.1923708 0.8000443 0.5682629 0.9145504 -0.08165065 0.3961447 0.6525317 0.4479849 0.6111561 0.6525935 0.4479147 0.6111416 0.6213757 0.4855005 0.6149647 0.1502372 0.8195849 0.5529099 0.1502815 0.819568 0.5529228 0.907919 -0.03794631 0.4174245 0.9079174 -0.03793941 0.4174284 0.6214194 0.4854445 0.6149646 0.5885769 0.5220095 0.6173195 0.1073886 0.8373053 0.5360854 0.1076261 0.8372262 0.5361614 0.899098 0.00586922 0.437708 0.8990991 0.005864623 0.4377058 0.5885946 0.5219885 0.6173204 0.02142984 0.8664644 0.4987786 0.02154495 0.8664247 0.4988427 0.0648576 0.8528025 0.5181906 0.06437708 0.8529399 0.5180243 0.8881222 0.0496327 0.4569197 0.8881173 0.04964794 0.4569275 0.5543796 0.5572386 0.6181815 0.5544165 0.5572056 0.6181783 0.8749813 0.09336266 0.4750695 0.874992 0.09333376 0.4750555 0.5189552 0.5910407 0.6175408 0.5188193 0.5911536 0.6175467 0.482033 0.6236267 0.6154135 0.859777 0.1367431 0.4920212 0.8597753 0.1367471 0.492023 0.4821781 0.6234906 0.6154378 0.4443049 0.6543981 0.6118466 0.8231355 0.222575 0.5224063 0.8424743 0.1798734 0.5078215 0.8424462 0.1799321 0.5078473 0.4441145 0.6545632 0.6118082 0.8231408 0.2225625 0.5224032 0.4050038 0.6839872 0.6067399 0.3652789 0.7115329 0.6002435 0.405318 0.6837828 0.6067605 0.8017979 0.2647725 0.5357383 0.8018522 0.2646811 0.5357023 0.3651384 0.7116367 0.600206 0.7785986 0.3062188 0.5477355 0.7785437 0.3063035 0.5477664 0.324243 0.7376573 0.5922231 0.3243656 0.7375906 0.592239 0.7534595 0.3470184 0.5584595 0.7534811 0.3469881 0.5584492 0.2827752 0.7617887 0.5828518 0.2404252 0.7841988 0.5720384 0.2826989 0.7618264 0.5828395 0.939411 -0.1457189 0.3102786 0.939409 -0.1456827 0.3103021 0.7265571 0.3869245 0.5678065 0.7264917 0.3870085 0.5678328 0.2404415 0.7841895 0.5720444 0.9371514 -0.1025763 0.3335046 0.9371481 -0.1025472 0.333523 0.6978392 0.4259829 0.5758115 0.6979044 0.4259054 0.5757899 0.1973647 0.8047792 0.5598013 0.1974619 0.8047408 0.5598223 0.9326328 -0.05915721 0.3559444 0.9326301 -0.05914029 0.3559546 0.6673785 0.4640729 0.5824452 0.667547 0.4638885 0.5823988 0.154136 0.8233011 0.5462759 0.1538814 0.8233899 0.5462138 0.9258673 -0.0155915 0.3775272 0.9258646 -0.01557968 0.3775341 0.6354597 0.5008711 0.5876384 0.6355664 0.5007634 0.587615 0.1101672 0.8399551 0.5313554 0.1103498 0.8399001 0.5314046 0.9168724 0.02800301 0.3981968 0.9168737 0.02799831 0.3981943 0.6019933 0.5365009 0.5914142 0.601998 0.5364969 0.5914131 0.02197515 0.867003 0.4978181 0.06647114 0.8544087 0.5153323 0.02198965 0.8669984 0.4978254 0.06652802 0.8543943 0.515349 0.905681 0.07149138 0.4178888 0.9056761 0.07150637 0.4178967 0.5669414 0.570963 0.5937832 0.5670013 0.5709116 0.5937755 0.8922763 0.1149074 0.4366226 0.8922921 0.1148657 0.436601 0.5306862 0.6038991 0.5947082 0.5306269 0.6039463 0.5947133 0.8767608 0.1579354 0.4542542 0.8767722 0.1579094 0.4542414 0.4931056 0.6354179 0.5942145 0.4931574 0.6353801 0.594212 0.4542161 0.6655073 0.5922735 0.8591068 0.2006588 0.4708199 0.85913 0.2006115 0.4707978 0.4544618 0.6653058 0.5923111 0.4145286 0.6937562 0.5889555 0.8394174 0.242828 0.4862233 0.8394198 0.2428235 0.4862211 0.4143874 0.6938628 0.5889291 0.8177113 0.2844085 0.5004598 0.8176466 0.284515 0.500505 0.3734487 0.7206395 0.5841359 0.3733303 0.7207062 0.5841294 0.7939606 0.3254248 0.513542 0.7939895 0.3253813 0.5135247 0.3318886 0.745508 0.577986 0.331744 0.7455818 0.5779738 0.7683793 0.3655381 0.5253333 0.7683629 0.3655603 0.5253417 0.2892177 0.7687656 0.570397 0.245924 0.7901272 0.5614449 0.2890626 0.768837 0.5703792 0.9552838 -0.1226068 0.2690733 0.9552847 -0.1226255 0.2690613 0.7116347 0.4431627 0.5451449 0.7408557 0.4048992 0.5359007 0.7408544 0.4049009 0.5359011 0.2459795 0.7900978 0.561462 0.9529859 -0.07951241 0.2923966 0.9529826 -0.07948235 0.2924154 0.7116435 0.4431507 0.5451432 0.2018654 0.8096551 0.551098 0.201819 0.809672 0.5510902 0.9483926 -0.03622336 0.3150227 0.9483925 -0.03622159 0.3150236 0.6806246 0.4804507 0.5530978 0.6807476 0.480321 0.5530591 0.1575076 0.8271458 0.5394638 0.157384 0.8271851 0.5394397 0.9415112 0.007180314 0.3369052 0.9415108 0.007182134 0.3369063 0.6480247 0.5165207 0.5597055 0.6481746 0.5163753 0.5596662 0.1128559 0.842614 0.5265598 0.1127783 0.8426352 0.5265425 0.06798556 0.8560483 0.5124056 0.9323711 0.05052314 0.3579547 0.9323678 0.05053531 0.3579615 0.9209815 0.09376631 0.3781548 0.6138757 0.5513374 0.5649633 0.6138992 0.5513166 0.5649583 0.02252405 0.8675283 0.4968776 0.0679922 0.8560461 0.5124083 0.02247303 0.8675424 0.4968552 0.920974 0.09379581 0.3781658 0.5782456 0.5848335 0.5688601 0.5781437 0.5849175 0.5688774 0.9073736 0.1367923 0.3974431 0.90737 0.1368019 0.397448 0.5411694 0.6169544 0.5714043 0.5412071 0.616926 0.5713995 0.8915781 0.1794877 0.4157793 0.8915852 0.1794717 0.4157712 0.5028508 0.6475533 0.572552 0.5027801 0.6476026 0.5725585 0.8736233 0.2217796 0.4331238 0.873623 0.2217802 0.4331242 0.4632375 0.6766493 0.5723256 0.4634613 0.6765067 0.5723132 0.8536067 0.2634477 0.4493895 0.8536034 0.2634535 0.4493923 0.4226702 0.7040191 0.5707074 0.4225832 0.7040697 0.5707094 0.831533 0.3045066 0.4645736 0.8314583 0.3046267 0.4646285 0.8073821 0.3449498 0.4786896 0.3808422 0.7298275 0.5677245 0.3807085 0.7298983 0.5677232 0.8074601 0.3448139 0.478656 0.3383253 0.7537377 0.5633964 0.3384517 0.7536771 0.5634014 0.7813502 0.3844523 0.4916179 0.7812754 0.3845515 0.4916593 0.2947772 0.7759544 0.5576747 0.2949113 0.7758968 0.557684 0.9798768 -0.07538532 0.18482 0.9687849 -0.09913246 0.2272195 0.9687859 -0.09915324 0.2272058 0.7533721 0.4231133 0.5033941 0.7534441 0.423026 0.5033598 0.2508483 0.7961589 0.5506416 0.2058131 0.8146467 0.5422099 0.2506121 0.796249 0.5506188 0.9664547 -0.05612709 0.2506289 0.966451 -0.05609141 0.2506517 0.7236707 0.4606458 0.5139127 0.7236276 0.4606936 0.5139304 0.2060848 0.814527 0.5422867 0.9617925 -0.01292168 0.2734745 0.9617954 -0.0129398 0.2734632 0.6922281 0.4970719 0.5232013 0.6921223 0.4971798 0.5232389 0.1604365 0.8310769 0.5325142 0.1606214 0.8310234 0.5325419 0.1150119 0.8454168 0.5215772 0.9548228 0.03026496 0.2956304 0.9548157 0.0302978 0.2956502 0.6589216 0.5324999 0.5312874 0.6591307 0.5323041 0.531224 0.624254 0.5664358 0.5380125 0.1152733 0.845327 0.521665 0.0693296 0.8577112 0.509436 0.9455491 0.07340913 0.3170931 0.9455401 0.07344171 0.3171122 0.624338 0.5663499 0.5380054 0.0230484 0.86807 0.4959065 0.02297408 0.8680886 0.4958774 0.06903881 0.8577973 0.5093303 0.9340012 0.1163678 0.3377873 0.9339875 0.1164092 0.3378109 0.5880171 0.599047 0.5434874 0.5880761 0.5990004 0.5434751 0.9201979 0.1590653 0.3576787 0.9201813 0.1591081 0.3577025 0.5503569 0.6302348 0.5476418 0.5503398 0.6302471 0.5476446 0.9041722 0.2013944 0.3767134 0.8859697 0.2432352 0.3948346 0.904188 0.2013592 0.3766943 0.5111643 0.6600545 0.5504898 0.5112838 0.6599752 0.5504739 0.4710716 0.6880466 0.5519813 0.8860058 0.2431497 0.3948061 0.47128 0.6878936 0.551994 0.8656577 0.2844284 0.4119917 0.8656726 0.2844019 0.4119784 0.8432075 0.3250455 0.4281898 0.4298128 0.7144071 0.5521625 0.4295977 0.7145258 0.5521763 0.8432654 0.3249376 0.4281576 0.3873713 0.7391409 0.551012 0.3872763 0.7391883 0.5510151 0.3440464 0.7620586 0.5485424 0.8187562 0.3648098 0.443342 0.8188787 0.3646353 0.4432591 0.344161 0.7619943 0.5485598 0.7923972 0.4036289 0.4573733 0.7923142 0.4037361 0.4574224 0.2996961 0.7832284 0.5447342 0.2998968 0.7831481 0.5447392 0.9798771 -0.07541031 0.1848085 0.7640905 0.4415158 0.4703504 0.7640987 0.441506 0.4703462 0.2548507 0.8024159 0.5396109 0.2095736 0.8196007 0.5332294 0.2548943 0.8024005 0.539613 0.9775172 -0.03240822 0.2083508 0.9775195 -0.03243136 0.208336 0.7338696 0.4784394 0.482215 0.7338522 0.478458 0.4822228 0.2095187 0.8196232 0.5332165 0.9728066 0.01064353 0.2313741 0.9657549 0.0536689 0.2538444 0.9728042 0.01065834 0.2313833 0.7020137 0.5140641 0.492864 0.7019147 0.5141615 0.4929032 0.1631505 0.8350272 0.5254632 0.1172289 0.8481701 0.5165897 0.1632663 0.8349969 0.5254754 0.9657513 0.05369038 0.2538534 0.6682767 0.5486449 0.5023893 0.6682341 0.5486834 0.5024039 0.1171496 0.8481948 0.5165671 0.9563746 0.09659095 0.2757131 0.9563658 0.09662345 0.2757328 0.9446952 0.1392596 0.2969139 0.6331943 0.5816442 0.5106417 0.6331615 0.5816714 0.5106514 0.5963864 0.6134322 0.5177106 0.0234944 0.868628 0.4949073 0.07021383 0.8594933 0.5063016 0.02344027 0.86864 0.494889 0.07020514 0.8594947 0.5063003 0.9446905 0.1392768 0.2969207 0.5963743 0.613443 0.5177116 0.9307154 0.1816758 0.3174314 0.9307066 0.1816983 0.3174444 0.5183873 0.6726093 0.5280829 0.55812 0.6437618 0.5235196 0.5580207 0.6438307 0.5235407 0.8961511 0.2648658 0.3560328 0.9145226 0.2235595 0.3371491 0.9145499 0.2234993 0.3371149 0.5186316 0.6724238 0.5280792 0.8961288 0.2649169 0.3560508 0.4775952 0.6996774 0.5313704 0.4779502 0.6994728 0.5313204 0.8755696 0.3056527 0.3741047 0.8755588 0.3056712 0.3741148 0.4359058 0.7249511 0.5333216 0.4356681 0.7250752 0.5333472 0.8528932 0.3456655 0.3912653 0.8529251 0.3456163 0.3912392 0.8281318 0.3848946 0.4074968 0.3928667 0.7486295 0.5340503 0.3928412 0.7486414 0.5340522 0.8281885 0.3848028 0.4074686 0.8014678 0.42305 0.4227033 0.3487845 0.7705569 0.533471 0.3490327 0.7704526 0.5334593 0.7728484 0.4602359 0.4369076 0.8014919 0.4230146 0.422693 0.3039649 0.7905849 0.5315834 0.258497 0.8086593 0.5284407 0.3039358 0.7905957 0.531584 0.9885334 -0.05141594 0.1419792 0.9885331 -0.05140924 0.1419836 0.7727825 0.4603241 0.4369314 0.2587791 0.8085396 0.5284858 0.9861524 -0.008473815 0.1656249 0.9861522 -0.008472423 0.1656257 0.7422267 0.4964883 0.4501099 0.7422742 0.4964385 0.4500864 0.2124767 0.8247606 0.5240453 0.2123382 0.8247994 0.5240404 0.9813998 0.03446162 0.1888567 0.9813985 0.03446973 0.1888619 0.7099511 0.5313737 0.4621812 0.675925 0.5650267 0.4731492 0.7100623 0.5312673 0.4621326 0.1655685 0.8389973 0.5183344 0.1656141 0.8389866 0.5183371 0.9742826 0.07733354 0.2116436 0.9742824 0.07733418 0.2116441 0.6760468 0.5649022 0.4731239 0.1186477 0.8511006 0.5114202 0.1188054 0.8510704 0.5114336 0.96482 0.1200166 0.2339197 0.9648238 0.1200027 0.233911 0.6401898 0.5973772 0.4830088 0.6404492 0.59717 0.4829212 0.6032066 0.628069 0.4916007 0.07148766 0.861163 0.503277 0.02380625 0.8691988 0.4938894 0.02382117 0.8691959 0.4938937 0.07119899 0.8612055 0.5032452 0.9530353 0.1624082 0.2556311 0.9530414 0.16239 0.2556201 0.6032866 0.6280002 0.4915904 0.9389394 0.204455 0.2767506 0.9389253 0.2044907 0.2767721 0.5644077 0.6575137 0.4991189 0.5644423 0.6574907 0.49911 0.9226296 0.2458841 0.2971457 0.9226288 0.2458859 0.2971466 0.5245026 0.6851933 0.5053782 0.5245761 0.6851488 0.5053623 0.4830659 0.7113995 0.5104489 0.9040445 0.2868597 0.3168832 0.9040155 0.2869152 0.3169157 0.4833452 0.7112151 0.5104415 0.8833112 0.3270769 0.3358306 0.8832924 0.3271086 0.3358488 0.4407459 0.7356984 0.5142869 0.4408927 0.7356257 0.5142649 0.397365 0.75826 0.5168588 0.8604566 0.3664973 0.353969 0.860425 0.3665454 0.3539961 0.3972829 0.7583048 0.516856 0.8354415 0.4051681 0.3713171 0.8355058 0.4050801 0.3712682 0.3526987 0.7791476 0.5182013 0.3527807 0.7791154 0.5181939 0.808614 0.4425875 0.3876334 0.8085737 0.4426373 0.3876607 0.3076636 0.7979472 0.518289 0.3074383 0.798025 0.518303 0.2617441 0.8148841 0.5171596 0.9947315 -0.02725079 0.09882593 0.9947311 -0.02723982 0.09883322 0.779572 0.4792843 0.4031801 0.779607 0.479245 0.4031591 0.261603 0.8149394 0.5171437 0.9923353 0.01564025 0.1225801 0.9923355 0.01563854 0.122579 0.7489311 0.5144966 0.4176071 0.7487772 0.5146534 0.4176895 0.2147707 0.8300089 0.5147413 0.2148463 0.8299898 0.5147406 0.1675088 0.843045 0.5110929 0.9875508 0.05847504 0.1460277 0.9875527 0.05846276 0.1460198 0.7163345 0.5486444 0.4311081 0.716188 0.5487806 0.4311784 0.1200077 0.8540123 0.5062224 0.1674333 0.8430676 0.5110804 0.9803913 0.1011559 0.1691168 0.9803901 0.1011609 0.1691201 0.6820263 0.5814679 0.4435484 0.6818655 0.5816041 0.4436171 0.1200712 0.8539962 0.5062345 0.9590178 0.1856911 0.2140181 0.9708596 0.1436449 0.191827 0.97087 0.1436074 0.1918031 0.6458436 0.613062 0.4550176 0.6460305 0.6129177 0.4549466 0.07211838 0.8629399 0.5001336 0.07230652 0.8629169 0.5001462 0.02394767 0.8698173 0.4927924 0.02408482 0.8697949 0.4928254 0.959004 0.1857384 0.2140384 0.6085842 0.6427919 0.4652354 0.608619 0.6427674 0.4652237 0.9448663 0.2273123 0.2357051 0.9448247 0.2274171 0.2357706 0.5694242 0.6713049 0.4744531 0.5695519 0.6712234 0.4744152 0.9284164 0.2684464 0.2568644 0.9096825 0.3090298 0.2774497 0.9283776 0.2685309 0.2569168 0.5289127 0.6981698 0.4825043 0.5291373 0.6980399 0.4824459 0.9097151 0.3089593 0.2774213 0.4876235 0.723067 0.4892826 0.4875198 0.723121 0.489306 0.8888489 0.3486723 0.2972798 0.8888706 0.3486358 0.2972576 0.4446415 0.7464984 0.4950092 0.4449001 0.7463775 0.4949593 0.865766 0.3876716 0.3164805 0.8658545 0.3875393 0.3164006 0.8406788 0.4256084 0.3348384 0.4007911 0.7680287 0.4994982 0.4008263 0.7680141 0.4994925 0.8136861 0.46235 0.3523455 0.8407933 0.4254335 0.3347731 0.3558888 0.7877483 0.5027879 0.3558103 0.7877772 0.5027983 0.813548 0.4625406 0.3524144 0.7844592 0.4983561 0.3691409 0.3101307 0.8055598 0.5048686 0.3103819 0.8054795 0.5048423 0.9984562 -0.002950036 0.05546485 0.9984568 -0.002963492 0.05545596 0.7845932 0.4981885 0.3690824 0.2639211 0.8213462 0.5057037 0.263916 0.8213475 0.505704 0.9960517 0.03987462 0.07931612 0.9960511 0.03988052 0.07932 0.7535046 0.532935 0.3849819 0.7536299 0.5328103 0.3849093 0.2166515 0.835279 0.5053426 0.2167469 0.8352572 0.5053377 0.9912512 0.08257882 0.1029646 0.9912502 0.08258634 0.1029695 0.9840621 0.1251044 0.1263753 0.6861387 0.5982813 0.4138516 0.7207355 0.566254 0.399871 0.7206789 0.5663052 0.3999005 0.1689125 0.8471707 0.5037563 0.1690069 0.8471532 0.5037537 0.984064 0.1250935 0.1263704 0.6862007 0.5982226 0.4138337 0.1211306 0.8569323 0.5009935 0.1213785 0.8568974 0.500993 0.9744936 0.1673636 0.1495049 0.9745016 0.1673346 0.1494859 0.6500785 0.6287002 0.4267716 0.6501386 0.6286553 0.4267462 0.6124015 0.6576671 0.438678 0.07275387 0.8647023 0.4969878 0.02415338 0.8703868 0.4917757 0.02419441 0.8703812 0.4917838 0.07274654 0.864703 0.4969876 0.9625946 0.2091562 0.1722357 0.9625908 0.2091681 0.1722434 0.6122158 0.657814 0.4387172 0.9484067 0.2503795 0.1945121 0.9483882 0.2504261 0.1945423 0.5731252 0.6851549 0.4495446 0.5730805 0.6851823 0.4495598 0.9318549 0.2912075 0.2164362 0.9318532 0.291211 0.2164385 0.5323421 0.7110481 0.4593718 0.5322266 0.7111119 0.4594068 0.4905756 0.735038 0.4680328 0.9131751 0.3310737 0.2377004 0.9131221 0.3311737 0.2377649 0.4907968 0.7349062 0.468008 0.8921502 0.3704279 0.2585558 0.8922011 0.3703435 0.2585015 0.4476898 0.7572446 0.4755571 0.4474815 0.7573368 0.4756062 0.4033401 0.7778162 0.4819945 0.869005 0.4088187 0.2787428 0.8690875 0.4086969 0.2786645 0.4031903 0.7778888 0.4820027 0.843891 0.4460384 0.2981575 0.8439455 0.4459661 0.2981111 0.8165909 0.482406 0.31696 0.3582965 0.7963927 0.487219 0.3120756 0.813149 0.4913222 0.3581195 0.7964532 0.4872502 0.8165601 0.4824473 0.3169766 0.3122481 0.8130829 0.4913221 0.2655736 0.8277867 0.4942062 0.9996991 0.02140271 0.01198965 0.9996992 0.02139943 0.01198747 0.9972911 0.06417153 0.03594846 0.7875346 0.5173497 0.3348708 0.7875515 0.5173315 0.3348592 0.2653691 0.8278553 0.494201 0.9972918 0.06416383 0.03594489 0.7563251 0.5513391 0.352133 0.7563736 0.5512918 0.3521026 0.7234327 0.5838489 0.3684638 0.2180343 0.8405663 0.4958926 0.1700637 0.8512767 0.4963932 0.2180081 0.8405715 0.4958951 0.9924843 0.1067611 0.05980807 0.9924832 0.1067684 0.05981294 0.7233498 0.5839321 0.3684948 0.1221368 0.8598507 0.4957212 0.1702864 0.8512225 0.49641 0.9852898 0.1490907 0.08352242 0.9852892 0.1490933 0.08352419 0.6888728 0.6148974 0.3838692 0.6887696 0.6149797 0.3839222 0.1218063 0.8599166 0.4956881 0.963788 0.23265 0.1303327 0.975712 0.1911112 0.1070632 0.9757142 0.1911032 0.1070578 0.6524753 0.6446073 0.3984438 0.6525763 0.6445342 0.3983966 0.0732036 0.8664857 0.4938054 0.02434727 0.8709781 0.4907183 0.02416192 0.8709988 0.4906907 0.0733273 0.8664768 0.4938028 0.9637798 0.232677 0.1303452 0.6145056 0.6727611 0.4120381 0.6145652 0.6727221 0.4120128 0.9495851 0.2735157 0.1532229 0.9495694 0.2735554 0.1532496 0.5752259 0.6991722 0.424586 0.57522 0.6991757 0.4245883 0.9330136 0.3139342 0.1758722 0.9143147 0.3533355 0.1979456 0.9330211 0.313918 0.1758613 0.5343312 0.7240351 0.4361919 0.5344882 0.723952 0.4361373 0.9142449 0.3534797 0.1980111 0.4923986 0.7470153 0.4466673 0.4926402 0.7469012 0.4465918 0.89326 0.3921946 0.2197046 0.8932917 0.3921422 0.219669 0.448999 0.7683506 0.4561111 0.4491598 0.7682833 0.4560661 0.8701679 0.4298967 0.2408251 0.8701698 0.4298938 0.240823 0.8449422 0.4666285 0.2614015 0.4046976 0.7877302 0.4644363 0.4048974 0.7876568 0.4643865 0.8448856 0.4667105 0.261438 0.3596385 0.8051391 0.471605 0.359576 0.8051589 0.4716187 0.8176745 0.5022482 0.2813453 0.817573 0.5023674 0.2814277 0.3134198 0.8207233 0.4776833 0.3133395 0.8207451 0.4776987 0.9947318 0.07003565 -0.07485828 0.9984567 0.04574239 -0.03149185 0.9984567 0.04574749 -0.03148845 0.7885349 0.536543 0.3005566 0.7884216 0.5366627 0.3006401 0.2665564 0.8342914 0.4826029 0.2663617 0.834335 0.4826351 0.9960502 0.08848085 -0.007411692 0.9960521 0.08845887 -0.007426456 0.7573154 0.5697439 0.3191633 0.757377 0.5696853 0.319122 0.2188493 0.8458855 0.4863977 0.2189533 0.8458669 0.4863832 0.1709254 0.8553857 0.4889782 0.99125 0.1309439 0.01664638 0.9840653 0.1730941 0.04066906 0.991249 0.1309513 0.0166514 0.6897321 0.631695 0.35388 0.7243389 0.6014961 0.3369504 0.7242468 0.6015755 0.3370069 0.1705239 0.8554731 0.4889657 0.1222634 0.8628988 0.4903646 0.984064 0.1731008 0.04067222 0.6896532 0.6317647 0.3539093 0.1223599 0.8628821 0.4903699 0.9745015 0.2148748 0.06462024 0.9744986 0.2148852 0.06462741 0.6531877 0.6606042 0.3700649 0.6532879 0.6605338 0.3700136 0.02425329 0.8715963 0.489624 0.07360379 0.8682775 0.4905881 0.02450501 0.8715745 0.4896503 0.07344298 0.8682853 0.4905984 0.9625946 0.2561174 0.08840565 0.9625801 0.2561615 0.08843606 0.61533 0.6877153 0.3852487 0.6154066 0.687667 0.3852128 0.9483835 0.2967045 0.1119604 0.9484066 0.2966461 0.1119198 0.5759365 0.7132114 0.3995331 0.5351544 0.7369938 0.4128557 0.5759526 0.7132023 0.3995261 0.9318605 0.3366529 0.1352799 0.9318711 0.3366302 0.1352639 0.4930126 0.7590426 0.4251975 0.5350674 0.7370459 0.4128755 0.9131076 0.3757491 0.1582628 0.9131494 0.375671 0.1582075 0.493055 0.7590197 0.4251892 0.8921447 0.4139614 0.1808691 0.892182 0.4139002 0.1808253 0.4495553 0.7793013 0.4365657 0.4054015 0.7975231 0.4467736 0.4497023 0.7792431 0.436518 0.8690783 0.4511075 0.2029901 0.8690869 0.4510951 0.2029811 0.4053254 0.7975558 0.4467842 0.8438739 0.4872375 0.22467 0.8166589 0.5221607 0.2457978 0.8438331 0.4872901 0.2247086 0.3599756 0.8139482 0.4559671 0.3600239 0.813934 0.4559543 0.8166437 0.52218 0.2458072 0.3137286 0.8283786 0.4640724 0.2668883 0.8407799 0.4710198 0.3139985 0.828312 0.4640087 0.9947306 0.07006699 -0.07484364 0.7874408 0.5558711 0.2663539 0.7874584 0.5558527 0.2663401 0.2667741 0.8408122 0.4710269 0.9923377 0.1126724 -0.05070291 0.9923339 0.1127208 -0.05067025 0.7563387 0.5882248 0.2862577 0.7564377 0.5881321 0.2861865 0.2192268 0.8512161 0.476834 0.2190057 0.8512504 0.4768744 0.9875512 0.1550678 -0.02639599 0.9803938 0.1970374 -0.002062675 0.987554 0.1550477 -0.02640962 0.7235231 0.6190684 0.3053991 0.7234381 0.61914 0.3054552 0.1710598 0.85958 0.4815193 0.1707339 0.859616 0.4815706 0.1225118 0.8658538 0.485065 0.9803804 0.1971045 -0.002030174 0.688696 0.648645 0.3239712 0.6887955 0.6485695 0.3239107 0.1222797 0.8658881 0.4850622 0.9590039 0.2795344 0.0466041 0.9708774 0.2385395 0.02227115 0.9708656 0.2385844 0.02230263 0.6524621 0.6764576 0.3416115 0.6523728 0.6765183 0.3416613 0.02445175 0.8721685 0.4885942 0.07376142 0.8700586 0.4873985 0.02453531 0.8721633 0.4885992 0.07353341 0.8700641 0.4874232 0.9589974 0.2795551 0.04661424 0.6146431 0.7026491 0.3584663 0.6147151 0.7026049 0.3584292 0.9448596 0.319742 0.07074857 0.9448463 0.319776 0.07077309 0.5752375 0.7272269 0.3744902 0.5752459 0.7272223 0.3744861 0.9283955 0.3592973 0.0948012 0.9097454 0.3978794 0.1185547 0.9283985 0.3592908 0.0947964 0.5344014 0.7500766 0.3896155 0.5342975 0.750127 0.389661 0.9096608 0.3980472 0.11864 0.4924628 0.7710185 0.403746 0.4924429 0.771027 0.4037541 0.8889171 0.4355023 0.1420005 0.8888154 0.4356689 0.1421261 0.4491434 0.7901888 0.4169792 0.4492773 0.7901388 0.4169297 0.8658165 0.472278 0.165273 0.8658372 0.4722482 0.1652502 0.840726 0.5077652 0.1880274 0.4047266 0.807458 0.4291945 0.4048217 0.8074275 0.4291624 0.8135963 0.5420523 0.2103338 0.8406513 0.5078687 0.1880816 0.3595275 0.8227183 0.4403119 0.3136102 0.8359594 0.4503562 0.3594541 0.8227382 0.4403346 0.813682 0.5419457 0.2102775 0.7845209 0.5750095 0.2321448 0.3135276 0.8359845 0.4503669 0.9885332 0.09422881 -0.1179961 0.9861557 0.1367775 -0.09374744 0.988533 0.09424178 -0.1179873 0.7845075 0.5750245 0.2321529 0.2664417 0.8473253 0.4594003 0.2663074 0.847349 0.4594344 0.9861522 0.1368165 -0.09372883 0.753517 0.6066238 0.2534161 0.7535622 0.6065822 0.2533812 0.2191733 0.8565242 0.4672572 0.2187327 0.8565822 0.4673575 0.9742706 0.2209337 -0.04455372 0.981401 0.1790423 -0.06925343 0.9814004 0.1790466 -0.06925046 0.7208261 0.6366668 0.27398 0.686124 0.6654045 0.2940589 0.7207042 0.6367676 0.2740667 0.1707976 0.8637407 0.4741099 0.1708481 0.8637362 0.4740998 0.9742694 0.2209395 -0.04455087 0.6862017 0.66534 0.2940235 0.1222266 0.8688518 0.479747 0.1221276 0.8688561 0.4797645 0.9648237 0.2621486 -0.01983388 0.9648288 0.262129 -0.01984807 0.9530203 0.3028651 0.005011797 0.6500916 0.6922796 0.313257 0.6500295 0.6923207 0.3132947 0.02431336 0.8727694 0.487527 0.07351302 0.8718508 0.4842232 0.02442152 0.8727652 0.4875288 0.07367004 0.8718508 0.4841991 0.9530411 0.3028003 0.004978653 0.6124239 0.7175624 0.3317246 0.6122181 0.7176843 0.3318407 0.5730993 0.7412246 0.3494903 0.9389329 0.3428053 0.02982691 0.9389724 0.3427036 0.0297513 0.573061 0.7412478 0.3495034 0.9226119 0.3818587 0.05450984 0.9226056 0.3818723 0.05452022 0.9039894 0.4201589 0.07918186 0.4906265 0.7829993 0.3823582 0.5323011 0.7631323 0.3664488 0.532402 0.7630853 0.3663998 0.9041084 0.4199263 0.07905684 0.4906109 0.7830069 0.3823626 0.8833023 0.4572253 0.1035473 0.8833828 0.4570934 0.1034431 0.4032148 0.8173096 0.4116102 0.4476034 0.8010671 0.39742 0.4476749 0.801042 0.3973902 0.86042 0.4933247 0.1277037 0.8354096 0.5283018 0.1516181 0.8604036 0.4933484 0.1277229 0.4033617 0.8172538 0.411577 0.8355228 0.5281477 0.1515311 0.8086159 0.5617127 0.1749837 0.3579812 0.8315157 0.4247718 0.3581122 0.8314831 0.4247252 0.8085553 0.5617865 0.1750261 0.3122112 0.8436406 0.4368006 0.3123594 0.8436108 0.4367521 0.2653129 0.8538271 0.4478711 0.9687843 0.1420117 -0.2031989 0.9798763 0.1182547 -0.1608042 0.9798767 0.1182227 -0.1608256 0.7795902 0.5941197 0.1981435 0.7796185 0.5940912 0.1981182 0.265443 0.8537967 0.4478518 0.9775196 0.1607166 -0.1364751 0.9775173 0.1607499 -0.1364524 0.748866 0.6248981 0.2206859 0.7488435 0.6249185 0.2207045 0.1701576 0.867915 0.4666584 0.2180399 0.8618912 0.4578233 0.2183572 0.8618568 0.4577366 0.9728077 0.20286 -0.1117724 0.9728065 0.2028698 -0.1117655 0.7162306 0.6542721 0.2427794 0.7162109 0.6542879 0.2427943 0.6819246 0.6820186 0.2642525 0.1703804 0.8678831 0.4666363 0.965755 0.2445021 -0.08681043 0.9657388 0.2445872 -0.08674952 0.6819491 0.6819989 0.2642403 0.1217925 0.871832 0.4744214 0.1217691 0.8718324 0.4744265 0.9563769 0.2855605 -0.06163115 0.9563654 0.2856064 -0.06159754 0.6460561 0.7080683 0.2850455 0.6460421 0.7080773 0.2850547 0.02439983 0.8733538 0.4864748 0.07335524 0.8736483 0.4809965 0.02422321 0.873356 0.4864795 0.07323787 0.8736454 0.4810197 0.9446699 0.3260128 -0.0362566 0.9446952 0.3259327 -0.03631645 0.6083593 0.7325925 0.3052985 0.6084004 0.732569 0.3052732 0.9307123 0.3655912 -0.01084256 0.9307697 0.3654419 -0.01095714 0.5696173 0.7550989 0.3245949 0.569493 0.7551621 0.324666 0.5290872 0.7760112 0.3433268 0.9145133 0.4042926 0.01459261 0.9145299 0.4042558 0.0145638 0.4875573 0.7949187 0.3610983 0.5291262 0.7759908 0.3433129 0.8961426 0.4419644 0.03994936 0.8961927 0.4418696 0.03987281 0.4874313 0.7949772 0.3611395 0.8755635 0.4786737 0.06527031 0.8755659 0.4786694 0.06526675 0.4008474 0.8270616 0.3940694 0.444889 0.8119162 0.3779759 0.4448645 0.8119243 0.3779874 0.8528689 0.5142305 0.09045296 0.852899 0.5141871 0.09041575 0.4005867 0.8271542 0.3941398 0.8281978 0.5484399 0.1153339 0.8282072 0.5484281 0.1153236 0.3561369 0.8401278 0.4090865 0.3557484 0.8402162 0.409243 0.8014725 0.5814185 0.1399804 0.8013567 0.5815492 0.1400995 0.3102677 0.85122 0.4232714 0.2637913 0.8602384 0.4363534 0.3103303 0.8512087 0.423248 0.9687856 0.1419817 -0.2032131 0.7727608 0.6130465 0.1643614 0.7728325 0.6129745 0.1642933 0.2638055 0.8602353 0.4363505 0.2166838 0.8671802 0.4483823 0.9664552 0.1844134 -0.1787625 0.9617953 0.2264464 -0.153856 0.9664556 0.1844059 -0.1787678 0.7423939 0.6429944 0.1881742 0.7422879 0.6430895 0.1882674 0.2165868 0.867196 0.4483985 0.9617849 0.2265138 -0.1538221 0.7099102 0.6716926 0.2117937 0.7099589 0.6716537 0.2117538 0.1690711 0.8720335 0.4593175 0.1693201 0.8720237 0.4592445 0.9548232 0.2679098 -0.1285964 0.9548311 0.2678664 -0.1286279 0.6759765 0.6985532 0.2346897 0.6759207 0.6985929 0.2347323 0.1210358 0.874782 0.4691553 0.121277 0.8747834 0.4690905 0.9455285 0.3088281 -0.1029612 0.9339734 0.3489182 -0.07713489 0.945537 0.3087935 -0.1029869 0.6403975 0.7237545 0.2570415 0.6403202 0.7238034 0.2570966 0.02428307 0.8739651 0.4853815 0.07253618 0.8754191 0.4778911 0.02424303 0.8739648 0.4853843 0.07289696 0.875437 0.4778033 0.9340236 0.3487653 -0.0772187 0.6031333 0.7473038 0.2788679 0.6030288 0.7473621 0.2789376 0.9041567 0.4264696 -0.02499002 0.9201771 0.3881517 -0.05111225 0.9202355 0.3879971 -0.05123445 0.5646315 0.7689227 0.2999151 0.56465 0.7689137 0.2999035 0.9041901 0.4263961 -0.02503264 0.524404 0.7888811 0.3204169 0.5244884 0.788845 0.3203675 0.8859336 0.4638104 0.001255296 0.8859946 0.4636943 0.001157588 0.8656495 0.4999013 0.02737755 0.4831986 0.8067988 0.3399924 0.4831604 0.8068128 0.3400135 0.865702 0.4998134 0.02732354 0.4409669 0.8227323 0.3586916 0.4408164 0.8227792 0.3587693 0.8432449 0.5348592 0.05351385 0.8432622 0.5348343 0.05349128 0.8188229 0.5685152 0.07949544 0.3970794 0.8368685 0.3768013 0.3972821 0.8368163 0.3767035 0.8187563 0.5686032 0.07955287 0.7922795 0.6009825 0.1054187 0.3530226 0.8487645 0.3936673 0.3529567 0.8487781 0.393697 0.7640892 0.6316967 0.1308702 0.7923898 0.6008526 0.1053312 0.3076083 0.8587549 0.409777 0.3075144 0.8587696 0.4098167 0.9394109 0.1885049 -0.2863094 0.9552839 0.1654162 -0.2450926 0.9552838 0.1654375 -0.2450781 0.7640948 0.6316907 0.1308659 0.2616675 0.8666296 0.4248333 0.2614915 0.8666486 0.4249027 0.952987 0.2078053 -0.2205284 0.952989 0.20777 -0.2205528 0.7338694 0.6610972 0.1561614 0.733992 0.6609883 0.156046 0.7018679 0.6889104 0.1810632 0.2147631 0.8724519 0.4389813 0.2146881 0.8724565 0.4390088 0.9483916 0.2497313 -0.1954169 0.9483837 0.2497981 -0.1953693 0.7019168 0.6888687 0.1810322 0.1675108 0.876145 0.4520068 0.1675879 0.8761438 0.4519805 0.9415022 0.2911082 -0.1697931 0.9415259 0.2909734 -0.1698926 0.6682676 0.7149781 0.2054866 0.6683213 0.7149406 0.2054426 0.1199326 0.8777266 0.4639096 0.1202126 0.877735 0.4638211 0.932385 0.3315833 -0.1439122 0.932353 0.331718 -0.1438095 0.6330971 0.7393057 0.2293798 0.6330732 0.7393206 0.2293981 0.5963091 0.7619151 0.2527858 0.02393374 0.8745334 0.4843744 0.07241579 0.877215 0.474605 0.02407645 0.8745385 0.4843582 0.0719018 0.8771765 0.4747543 0.9210052 0.371377 -0.1175945 0.9209675 0.3715016 -0.1174964 0.5962829 0.7619313 0.2527994 0.9073879 0.4103343 -0.09095667 0.9073517 0.4104316 -0.09087759 0.8915915 0.4482805 -0.06410207 0.5581626 0.7826477 0.2755307 0.5582594 0.7826016 0.275465 0.8915369 0.4483996 -0.06402971 0.5184654 0.8015949 0.2977238 0.5185071 0.8015777 0.2976973 0.4777291 0.8185093 0.3190885 0.8736343 0.4851664 -0.0371041 0.8735855 0.4852606 -0.0370217 0.4778953 0.8184393 0.319019 0.4358303 0.8334566 0.339709 0.8536389 0.5207675 -0.01009109 0.8535822 0.5208621 -0.01000507 0.3927909 0.846433 0.3595365 0.4357947 0.8334695 0.3397229 0.831578 0.5551486 0.01696844 0.8315129 0.5552435 0.01705809 0.3928153 0.8464254 0.3595276 0.7813479 0.6200335 0.07109074 0.8073501 0.5884162 0.04418464 0.8073485 0.5884182 0.04418651 0.3489653 0.8573262 0.3784375 0.304038 0.8662134 0.396529 0.3490124 0.8573176 0.3784139 0.7814147 0.6199559 0.07103442 0.2587142 0.8729564 0.4135385 0.3040732 0.8662059 0.3965181 0.9394121 0.1884817 -0.2863205 0.7534474 0.6501871 0.09784603 0.7533701 0.6502641 0.09792911 0.2583323 0.8730184 0.4136463 0.9371526 0.230802 -0.261678 0.9371483 0.2308839 -0.2616211 0.7235919 0.6789085 0.1244916 0.7236395 0.6788664 0.1244437 0.6921353 0.7058591 0.1507037 0.2123322 0.8776563 0.429691 0.212534 0.8776486 0.4296069 0.1656133 0.8802071 0.4447557 0.9326297 0.2726585 -0.2363453 0.9326281 0.2726738 -0.2363342 0.9258517 0.3138771 -0.2104274 0.6922819 0.7057369 0.1506034 0.1656612 0.8802037 0.4447446 0.1185761 0.8806306 0.458726 0.9258649 0.3138163 -0.2104605 0.6589492 0.7311555 0.1766287 0.659011 0.7311128 0.1765741 0.1187712 0.8806253 0.4586855 0.9168904 0.3541188 -0.1841517 0.916866 0.3542245 -0.1840696 0.6241766 0.7546916 0.2020993 0.6242732 0.7546331 0.2020192 0.02364493 0.8751226 0.4833232 0.07118894 0.8789238 0.4716198 0.0236581 0.8751234 0.4833212 0.07159913 0.878965 0.4714808 0.9056887 0.3936722 -0.157322 0.9056598 0.3937702 -0.1572426 0.5880378 0.7763306 0.2269855 0.5879736 0.7763646 0.2270356 0.8922652 0.4323851 -0.1300229 0.8923066 0.4322707 -0.130119 0.5503851 0.7961584 0.2514121 0.5503707 0.796165 0.2514228 0.8767833 0.4698099 -0.1026144 0.876722 0.4699512 -0.1024915 0.5114056 0.814072 0.2752289 0.5112867 0.8141187 0.2753118 0.8591211 0.5062779 -0.07479011 0.8591519 0.5062177 -0.07484461 0.4711997 0.8300196 0.2983929 0.4712375 0.8300071 0.2983679 0.8393972 0.5414966 -0.04683664 0.8393746 0.5415348 -0.04680026 0.4297239 0.8440148 0.3208992 0.4297777 0.8440002 0.3208658 0.8177613 0.5752463 -0.01891922 0.8176862 0.5753568 -0.01880994 0.3871492 0.8559805 0.3426555 0.3873383 0.8559394 0.3425443 0.7939318 0.607935 0.009346451 0.7939968 0.6078514 0.009259643 0.343957 0.8658093 0.3634112 0.3441423 0.865779 0.3633082 0.7684 0.63888 0.03733363 0.7684262 0.6388503 0.03730127 0.2998286 0.8735789 0.3833572 0.2999398 0.8735664 0.3832987 0.9211996 0.2112108 -0.3267739 0.9211992 0.2111582 -0.3268092 0.7408429 0.6684858 0.06541038 0.7408448 0.6684838 0.06540827 0.2547337 0.879267 0.4024925 0.2547803 0.8792641 0.4024693 0.9189785 0.2535132 -0.3020096 0.9145483 0.2951897 -0.2765224 0.9189783 0.2535155 -0.302008 0.7115794 0.69639 0.09325025 0.7115642 0.6964034 0.09326659 0.2095742 0.8827912 0.4204266 0.1633479 0.8842219 0.4375719 0.2095114 0.882792 0.420456 0.9145573 0.295133 -0.2765524 0.6807941 0.7224615 0.1207013 0.6807766 0.722475 0.1207188 0.1634703 0.8842161 0.4375379 0.9079237 0.3361327 -0.2503786 0.9079183 0.3361654 -0.250354 0.6479941 0.7470908 0.1481862 0.6479995 0.7470871 0.1481809 0.1170257 0.8835079 0.4535621 0.1171081 0.8835148 0.4535278 0.8990936 0.3763574 -0.2235746 0.8881384 0.4155251 -0.1963387 0.899091 0.3763696 -0.2235652 0.6137993 0.7697854 0.1751594 0.6137585 0.7698096 0.1751958 0.07020131 0.8806621 0.4685145 0.02372733 0.8757265 0.482224 0.02331718 0.8756915 0.4823077 0.07018923 0.8806606 0.4685193 0.8881093 0.4156125 -0.1962861 0.5782719 0.7905375 0.201624 0.5784021 0.7904702 0.2015144 0.8749766 0.4539016 -0.1684913 0.8597919 0.4909677 -0.1403872 0.8749678 0.4539265 -0.1684698 0.5410105 0.8095683 0.2278306 0.5412209 0.8094748 0.227663 0.8598199 0.4909072 -0.140427 0.8425003 0.5269529 -0.1118651 0.5029104 0.8264307 0.2531666 0.5030882 0.8263636 0.2530324 0.8424084 0.5271251 -0.1117462 0.4631054 0.8415038 0.2782172 0.463361 0.8414235 0.2780341 0.8231369 0.5617377 -0.0830456 0.8230976 0.561805 -0.08297908 0.8018321 0.5950997 -0.05405286 0.4226303 0.8543972 0.3023058 0.4227305 0.8543718 0.302238 0.8019006 0.5950006 -0.05412789 0.7786119 0.6270097 -0.02494341 0.3808618 0.8653139 0.3258469 0.380711 0.8653437 0.3259442 0.7535001 0.6574343 0.004209624 0.7784847 0.6271729 -0.02481398 0.3382396 0.8741257 0.3485659 0.3380967 0.874146 0.3486537 0.7535243 0.6574066 0.004186642 0.2951088 0.8807913 0.3702939 0.2949648 0.8808042 0.3703777 0.8779588 0.2550638 -0.4051307 0.9006966 0.2333883 -0.3664363 0.9006971 0.2334192 -0.3664154 0.7264809 0.6863704 0.03348752 0.7265316 0.6863195 0.03342534 0.2505537 0.8854116 0.3914961 0.250636 0.8854085 0.3914506 0.8985268 0.2756703 -0.3415486 0.8985268 0.2756706 -0.3415484 0.6978493 0.7135102 0.06252515 0.6977872 0.7135648 0.0625963 0.6676029 0.7388899 0.09136818 0.2060054 0.887848 0.4114459 0.2060359 0.8878483 0.41143 0.894201 0.3171792 -0.3159144 0.8941959 0.3172335 -0.3158745 0.6674773 0.7389912 0.09146716 0.1607525 0.8881696 0.4304805 0.1605613 0.8881583 0.4305752 0.8877122 0.3580315 -0.2894484 0.8877138 0.3580215 -0.2894559 0.6354761 0.7627049 0.1202134 0.6354347 0.7627328 0.1202552 0.1150782 0.886341 0.448505 0.115023 0.8863351 0.4485307 0.879079 0.3980477 -0.2622558 0.8790992 0.3979527 -0.2623324 0.6018597 0.7846275 0.1487431 0.5671926 0.8044311 0.1765878 0.6018563 0.7846295 0.1487463 0.06906143 0.882363 0.4654742 0.06903467 0.8823588 0.465486 0.02340356 0.8763251 0.4811513 0.02332231 0.8763161 0.4811716 0.8683455 0.4370205 -0.2344979 0.8683469 0.4370155 -0.2345022 0.5671265 0.8044679 0.1766318 0.8555085 0.4749905 -0.2061293 0.8555391 0.4749011 -0.2062082 0.5305844 0.8226063 0.2044488 0.530515 0.8226361 0.2045085 0.8406215 0.5117813 -0.1773003 0.8406827 0.5116332 -0.1774378 0.4932824 0.8385264 0.2313999 0.4933399 0.8385056 0.2313529 0.4541199 0.8526911 0.2582495 0.8237039 0.5473487 -0.1480581 0.8236647 0.5474289 -0.14798 0.4541562 0.8526781 0.2582289 0.414542 0.86457 0.2840312 0.8048023 0.58161 -0.1184194 0.8048226 0.5815744 -0.118456 0.4143563 0.8646263 0.2841308 0.7840472 0.614337 -0.08865588 0.7839578 0.6144723 -0.08850928 0.3734784 0.8745077 0.3094355 0.3736289 0.8744809 0.3093294 0.7613281 0.6457191 -0.05853594 0.7611661 0.6459323 -0.05829103 0.3317134 0.882286 0.3339726 0.331542 0.8823068 0.3340878 0.7367594 0.6755653 -0.02823346 0.7366837 0.6756522 -0.0281276 0.2892088 0.8879276 0.357691 0.2457715 0.8914654 0.3806388 0.2893894 0.8879154 0.3575751 0.8530315 0.2762309 -0.442757 0.8779546 0.2551281 -0.4050993 0.7103123 0.7038831 0.002228729 0.7103634 0.7038319 0.002162298 0.2458487 0.891458 0.380606 0.8758449 0.2972286 -0.3801984 0.8758425 0.2973002 -0.3801482 0.6823213 0.7303295 0.03250189 0.6824168 0.7302455 0.03238482 0.6526279 0.7550753 0.06275516 0.2020051 0.8928298 0.4025529 0.2019556 0.8928281 0.4025815 0.8716233 0.3387523 -0.3542876 0.8716267 0.338714 -0.354316 0.6525319 0.7551515 0.06283612 0.1575711 0.8920472 0.4235836 0.1574463 0.8920366 0.4236523 0.865305 0.3793994 -0.327572 0.8653064 0.3793897 -0.3275794 0.6213378 0.7780187 0.09287733 0.6214132 0.7779684 0.09279509 0.112795 0.8891096 0.4435781 0.1127176 0.8890992 0.4436186 0.8569068 0.4191077 -0.3000991 0.8568859 0.4192103 -0.3000152 0.5884865 0.7991218 0.1228327 0.5884663 0.7991335 0.1228533 0.06772687 0.8840249 0.4625073 0.06774048 0.8840275 0.4625003 0.02295091 0.8768893 0.4801442 0.02265483 0.8768487 0.4802324 0.8464135 0.4579436 -0.2717935 0.8464203 0.4579181 -0.2718154 0.5545097 0.8181346 0.1522329 0.5544505 0.8181639 0.1522909 0.8339427 0.4954762 -0.2429876 0.8193905 0.5320216 -0.2134293 0.8339368 0.495494 -0.2429714 0.5188586 0.8353572 0.1815601 0.518781 0.8353898 0.1816321 0.8193638 0.5320794 -0.2133878 0.4822385 0.8504395 0.2102345 0.4823074 0.8504157 0.2101732 0.8029109 0.5671716 -0.1834403 0.8029734 0.5670403 -0.1835728 0.4440505 0.863623 0.2386934 0.4440759 0.863616 0.2386718 0.7844854 0.6009791 -0.1529922 0.7845131 0.6009298 -0.1530447 0.4052373 0.8745801 0.266256 0.4051478 0.8745996 0.2663282 0.7641094 0.6334268 -0.1220955 0.7641644 0.6333419 -0.1221914 0.3653222 0.8834791 0.2932648 0.3651599 0.8835047 0.2933899 0.7180745 0.6933928 -0.05979563 0.7421107 0.6640379 -0.09124332 0.7420537 0.6641142 -0.09115147 0.3244541 0.8902639 0.3196243 0.3243366 0.8902757 0.3197107 0.2827725 0.8949 0.3452443 0.7180422 0.6934294 -0.05976109 0.2825465 0.8949274 0.3453584 0.8259905 0.2966837 -0.4792895 0.8530323 0.276218 -0.4427634 0.6924906 0.720866 -0.02844262 0.6923785 0.7209798 -0.02828613 0.2403727 0.8973892 0.3700183 0.2403829 0.8973894 0.3700114 0.8509803 0.3183048 -0.4177495 0.8509812 0.3182734 -0.4177716 0.846879 0.3596616 -0.3917137 0.6360556 0.770858 0.03480276 0.6651435 0.746709 0.003127381 0.6651912 0.7466667 0.003064622 0.1540701 0.8958393 0.4168145 0.1976791 0.8977052 0.3937617 0.197465 0.8976923 0.3938988 0.8468791 0.3596606 -0.3917141 0.6361827 0.7707583 0.03468797 0.1537918 0.8958322 0.4169327 0.8407317 0.4002007 -0.3647047 0.8407252 0.4002489 -0.3646668 0.6057249 0.7929242 0.06609577 0.6055991 0.793008 0.06624284 0.110207 0.8918183 0.4387646 0.110387 0.8918478 0.4386597 0.8325579 0.439807 -0.3367744 0.8325847 0.4396679 -0.3368901 0.8223879 0.4782831 -0.3080963 0.5736246 0.8132893 0.09754594 0.5736548 0.8132721 0.09751267 0.06650361 0.8857037 0.459463 0.02217144 0.8773721 0.4792978 0.02182175 0.8773146 0.4794193 0.06624416 0.8856484 0.459607 0.8224056 0.4782297 -0.3081319 0.540445 0.8315158 0.1284555 0.5403718 0.8315513 0.1285327 0.810262 0.5155497 -0.2787185 0.8102748 0.5155095 -0.278756 0.7961097 0.5517662 -0.2485225 0.5057565 0.8478473 0.1592651 0.5058105 0.8478253 0.1592107 0.7961202 0.5517434 -0.2485395 0.4699528 0.8620899 0.1895922 0.4700537 0.8620563 0.1894953 0.7801348 0.5864348 -0.2179081 0.7622371 0.6197867 -0.1867052 0.7801833 0.5863296 -0.2180177 0.4331151 0.8742346 0.2193745 0.4328677 0.8743002 0.2196014 0.7621788 0.6198827 -0.1866249 0.394998 0.8843415 0.2488305 0.3947543 0.8843902 0.2490441 0.7424864 0.6516765 -0.1550216 0.7209883 0.681946 -0.1229856 0.7424098 0.6517978 -0.1548791 0.3559297 0.8923034 0.2776842 0.3559851 0.8922958 0.2776381 0.7209718 0.681967 -0.1229657 0.6976621 0.7106811 -0.09055331 0.3162635 0.8980731 0.3056833 0.3163154 0.898069 0.3056415 0.6977974 0.7105287 -0.0907069 0.2754221 0.9017239 0.3332216 0.2754157 0.9017241 0.3332266 0.825993 0.2966489 -0.4793068 0.6726633 0.7376807 -0.05789063 0.6728352 0.7375038 -0.05814729 0.234559 0.9031689 0.3595385 0.2343285 0.9031612 0.3597083 0.8240016 0.3387766 -0.4541495 0.8240026 0.3387192 -0.4541904 0.6462191 0.7627301 -0.02537305 0.6181093 0.7860575 0.007376463 0.646253 0.7626997 -0.02542108 0.1921829 0.9024273 0.3856045 0.1926809 0.9024711 0.3852531 0.8200352 0.3799619 -0.4279851 0.8200345 0.3799714 -0.4279781 0.6182252 0.7859675 0.007264247 0.1076061 0.8944991 0.4339266 0.1501835 0.8995663 0.4101529 0.1499135 0.8995283 0.410335 0.8140768 0.4204167 -0.4006604 0.8140811 0.4203834 -0.4006867 0.5884748 0.8075168 0.04017458 0.5884044 0.8075638 0.04026273 0.5573745 0.8270531 0.07291567 0.1076871 0.8945073 0.4338897 0.8061854 0.4596905 -0.3724913 0.8061957 0.4596334 -0.3725393 0.5250357 0.8445336 0.1053588 0.5573666 0.8270579 0.07292271 0.0648193 0.8873101 0.4565954 0.02126768 0.8778426 0.4784768 0.02147097 0.8778818 0.4783958 0.06466085 0.8872713 0.456693 0.7963293 0.497961 -0.3433575 0.79633 0.4979583 -0.3433599 0.525176 0.8444611 0.1052407 0.7845627 0.5349962 -0.3134333 0.7845263 0.5351166 -0.313319 0.4912193 0.8600715 0.1377708 0.491454 0.859978 0.137516 0.7708725 0.5708507 -0.2826396 0.7708974 0.5707833 -0.2827073 0.4567161 0.8733472 0.169337 0.4566169 0.8733792 0.1694398 0.4208319 0.8846332 0.2008098 0.7553917 0.605158 -0.251331 0.7553697 0.6052072 -0.2512783 0.4207286 0.8846652 0.2008859 0.3835381 0.8938838 0.2321 0.7381022 0.6380145 -0.2194143 0.7380255 0.6381605 -0.2192475 0.3837766 0.893825 0.2319318 0.718949 0.6694949 -0.1867859 0.7189577 0.6694807 -0.1868033 0.345894 0.900838 0.2623897 0.3458582 0.900842 0.2624226 0.6981167 0.6992631 -0.1538321 0.6981189 0.69926 -0.1538359 0.3073462 0.9056625 0.2920852 0.2676087 0.9083372 0.3214172 0.3072904 0.9056658 0.2921341 0.6756681 0.727275 -0.120597 0.6756706 0.727272 -0.1206013 0.2279026 0.9088051 0.3494763 0.2674919 0.9083462 0.3214892 0.7968915 0.3164242 -0.5146259 0.7968917 0.316433 -0.5146199 0.6513103 0.7538446 -0.08667807 0.651327 0.7538272 -0.08670528 0.2276893 0.9088104 0.3496017 0.794973 0.3585131 -0.4893733 0.794974 0.3584536 -0.4894152 0.6257485 0.7782205 -0.05302524 0.6258637 0.7781159 -0.05319918 0.1870019 0.9070836 0.3771335 0.1867195 0.9070508 0.3773521 0.145938 0.90316 0.4037376 0.7911452 0.3996376 -0.4630109 0.7911476 0.3995972 -0.4630416 0.5983595 0.8010057 -0.01885632 0.5986192 0.800803 -0.01922628 0.1046384 0.8970886 0.4292817 0.1460787 0.9031708 0.4036626 0.7854042 0.4398694 -0.435494 0.7854032 0.4398792 -0.435486 0.5698111 0.8216394 0.01496457 0.5698429 0.8216182 0.01492153 0.1045675 0.8970798 0.4293175 0.7777773 0.4790005 -0.4069656 0.7777579 0.4791144 -0.4068686 0.539695 0.8404303 0.04905501 0.5398491 0.8403428 0.04885624 0.02084985 0.8784075 0.4774574 0.06281488 0.8888339 0.4539037 0.02122706 0.8784911 0.4772867 0.06252707 0.8887539 0.4541 0.7682943 0.5169496 -0.3774745 0.7682766 0.5170283 -0.3774028 0.508509 0.8570737 0.08272358 0.5083633 0.8571429 0.08290243 0.7569266 0.5537913 -0.3469542 0.7568944 0.5539034 -0.3468456 0.7437549 0.5892345 -0.3156443 0.4756348 0.8718637 0.1167265 0.4757948 0.8718015 0.1165391 0.7437463 0.5892535 -0.3156291 0.4422454 0.8842978 0.1497873 0.4422548 0.884295 0.1497768 0.7287685 0.6232914 -0.2835563 0.7287681 0.6232924 -0.2835552 0.4072041 0.8948044 0.1830572 0.4073858 0.8947617 0.1828614 0.7121029 0.6556865 -0.2509674 0.7120207 0.655849 -0.250776 0.3715993 0.9030402 0.2154819 0.371699 0.9030239 0.2153782 0.6936254 0.6866983 -0.2175529 0.6936141 0.6867174 -0.2175286 0.3349977 0.9091323 0.2474976 0.3348889 0.9091429 0.2476058 0.6735278 0.7159705 -0.1837022 0.6735177 0.7159851 -0.1836825 0.6518615 0.7434577 -0.1494899 0.2975354 0.913048 0.2789554 0.297349 0.9130542 0.2791335 0.6518571 0.7434627 -0.1494844 0.259024 0.9147528 0.3100545 0.2593369 0.9147616 0.3097669 0.7658122 0.335472 -0.5486256 0.7328295 0.3537303 -0.5812365 0.7658121 0.3354647 -0.5486304 0.6283696 0.7694408 -0.1145097 0.6284876 0.7693142 -0.1147127 0.2204404 0.9142519 0.3399258 0.2204925 0.9142565 0.3398798 0.763972 0.377412 -0.5233612 0.7639716 0.3774534 -0.523332 0.7602885 0.4185477 -0.4967685 0.5772539 0.8153533 -0.04446116 0.6035886 0.7933102 -0.07962174 0.6038052 0.7931101 -0.07997333 0.1810847 0.9115611 0.3691408 0.1809142 0.9115362 0.3692855 0.7602767 0.4186195 -0.4967264 0.5775161 0.8151518 -0.04475211 0.14139 0.9066764 0.397425 0.1414347 0.9066855 0.3973886 0.1012427 0.8995958 0.4248262 0.7547616 0.4586919 -0.4689742 0.7547663 0.4586463 -0.469011 0.5497867 0.835252 -0.009417666 0.5497786 0.8352574 -0.009405965 0.1009931 0.8995575 0.4249668 0.7383393 0.5353048 -0.4102485 0.7474251 0.4977067 -0.4400496 0.7474458 0.4975741 -0.4401642 0.520739 0.8533222 0.02592557 0.5208398 0.8532649 0.02578543 0.0605457 0.8902529 0.4514245 0.02008933 0.8788849 0.4766107 0.06095837 0.8903822 0.4511136 0.0205525 0.8790017 0.4763755 0.738284 0.5354761 -0.4101244 0.4904348 0.8693276 0.06118206 0.4904475 0.8693216 0.06116493 0.7273994 0.5718866 -0.3792568 0.727405 0.5718666 -0.3792764 0.459116 0.883161 0.09612073 0.4590432 0.8831888 0.09621289 0.7147284 0.6070377 -0.3473738 0.714739 0.6070063 -0.3474071 0.4266684 0.894891 0.1308598 0.4265721 0.8949197 0.1309772 0.7003368 0.6407179 -0.314657 0.7003554 0.6406721 -0.3147088 0.3928622 0.9045535 0.1656571 0.3930474 0.9045126 0.1654406 0.6842451 0.672873 -0.2811591 0.6665808 0.7032723 -0.2471398 0.6842668 0.6728285 -0.2812131 0.3583179 0.9119687 0.1998037 0.3586028 0.9119267 0.1994835 0.6666034 0.7032388 -0.2471741 0.6472687 0.7320633 -0.2124303 0.3231843 0.917163 0.2331606 0.3231429 0.9171662 0.2332056 0.6472833 0.7320443 -0.2124513 0.2870579 0.9201778 0.2662156 0.2868667 0.9201797 0.2664146 0.6264337 0.7590496 -0.1772695 0.6264442 0.7590364 -0.1772899 0.2501975 0.9209746 0.2986751 0.250065 0.9209675 0.2988082 0.7328308 0.3537136 -0.581245 0.6039426 0.7843751 -0.1414534 0.6039805 0.7843332 -0.1415236 0.2126545 0.9195448 0.3304777 0.2126993 0.91955 0.3304342 0.7310708 0.3956099 -0.5559033 0.7310708 0.3956304 -0.5558885 0.5801072 0.8076812 -0.105483 0.5800455 0.8077398 -0.1053745 0.1747319 0.9159063 0.3613648 0.1745357 0.9158717 0.3615472 0.1364154 0.9100586 0.3913877 0.7275387 0.4367521 -0.5290889 0.7275408 0.4367067 -0.5291234 0.5549779 0.8289641 -0.069413 0.5548221 0.8290899 -0.06915443 0.1361611 0.9100251 0.3915539 0.7222686 0.4766473 -0.501134 0.7222644 0.4766913 -0.5010983 0.5283313 0.8484018 -0.0328701 0.5284405 0.8483271 -0.03304282 0.09758965 0.9020053 0.4205504 0.09745137 0.9019645 0.4206698 0.7152519 0.5154732 -0.4719131 0.7152632 0.515395 -0.4719814 0.500447 0.8657593 0.003672223 0.5004262 0.8657714 0.003703776 0.4713113 0.8810474 0.04026372 0.01939337 0.8793579 0.4757665 0.01965525 0.8794324 0.4756177 0.05875145 0.891809 0.448581 0.05882271 0.8918341 0.4485216 0.7065191 0.5529961 -0.4416175 0.7065027 0.5530788 -0.4415402 0.4714298 0.8809897 0.04013897 0.6960881 0.5892091 -0.4102364 0.696067 0.5892918 -0.4101535 0.4412222 0.8941274 0.07654466 0.4411845 0.8941415 0.0765968 0.6840032 0.6239514 -0.3779211 0.6839738 0.6240436 -0.3778216 0.4099241 0.9051223 0.1127642 0.3777147 0.9139093 0.1486654 0.409713 0.905183 0.1130437 0.6701998 0.6573724 -0.3445194 0.6701617 0.6574714 -0.3444045 0.3443272 0.9205422 0.1845015 0.3777662 0.9138959 0.148617 0.6548063 0.6891446 -0.3103359 0.6548355 0.6890811 -0.3104155 0.3446703 0.9204761 0.1841905 0.6378195 0.7192662 -0.2753952 0.6378875 0.719141 -0.2755642 0.3105544 0.9248812 0.219433 0.310351 0.9248925 0.2196727 0.6193984 0.7474867 -0.2400194 0.5994472 0.7739941 -0.2039512 0.6194051 0.7474762 -0.2400346 0.2758835 0.9270282 0.253982 0.2758802 0.9270282 0.2539858 0.2403157 0.9269422 0.2881435 0.59942 0.7740257 -0.2039115 0.2402439 0.9269427 0.2882014 0.2044122 0.9246287 0.3213679 0.6980276 0.3711591 -0.6123713 0.6980273 0.3711523 -0.6123756 0.5779296 0.7987818 -0.1671675 0.5779952 0.7987065 -0.1673 0.2045357 0.9246349 0.3212716 0.6963417 0.4130088 -0.5869685 0.6963423 0.4131482 -0.5868697 0.5551282 0.821515 -0.1301761 0.5551494 0.8214942 -0.1302166 0.5309247 0.842325 -0.09277676 0.1679136 0.9200721 0.3539383 0.1679293 0.9200754 0.3539224 0.1308637 0.9132711 0.3857599 0.6929874 0.4540212 -0.5600296 0.6929932 0.4538698 -0.5601453 0.5308715 0.842366 -0.09270906 0.1309771 0.9132893 0.3856783 0.09380394 0.9043254 0.416409 0.6879638 0.4938285 -0.5318263 0.6879631 0.4938369 -0.5318195 0.5056779 0.8609321 -0.05554973 0.5055399 0.8610284 -0.05531326 0.09371067 0.9043053 0.4164736 0.6812746 0.5325065 -0.5022964 0.6812755 0.5324994 -0.5023027 0.6729628 0.56981 -0.4716328 0.4790064 0.8776304 -0.01782976 0.4788896 0.8776979 -0.01763909 0.01888979 0.8799092 0.4747663 0.05644295 0.8932028 0.4460976 0.05646413 0.8932111 0.4460782 0.01888175 0.8799067 0.4747714 0.6729614 0.569815 -0.4716289 0.451106 0.8922449 0.02005904 0.4511109 0.8922426 0.02005113 0.6629984 0.605863 -0.4397306 0.6629934 0.6058846 -0.4397087 0.4222212 0.9046528 0.0577287 0.4221722 0.904671 0.05780217 0.651511 0.6402302 -0.4069874 0.6514979 0.6402745 -0.4069387 0.392154 0.9149315 0.09547549 0.3920659 0.914956 0.09560274 0.6383274 0.673425 -0.3728764 0.6383686 0.6733113 -0.3730115 0.3615021 0.9229031 0.1325365 0.3613899 0.9229249 0.1326917 0.6237302 0.7046665 -0.3382392 0.6236915 0.7047556 -0.338125 0.3297981 0.9287131 0.1694853 0.3296835 0.9287258 0.1696383 0.6075371 0.7344146 -0.3025454 0.6075186 0.7344506 -0.3024952 0.296962 0.9323069 0.2064396 0.2970526 0.9323038 0.2063229 0.589987 0.7622207 -0.2663361 0.5899907 0.7622145 -0.2663458 0.2640553 0.9336111 0.2421675 0.2640018 0.933609 0.2422342 0.5709073 0.7883503 -0.2292783 0.5709503 0.7882903 -0.2293777 0.2298979 0.9326718 0.2779751 0.2298753 0.9326693 0.2780024 0.6614849 0.3877308 -0.6419523 0.6614847 0.3877299 -0.6419529 0.5505481 0.812459 -0.1918521 0.5505815 0.8124191 -0.1919252 0.1955942 0.9295013 0.3126826 0.1957116 0.9295223 0.3125466 0.6567344 0.4703073 -0.5895007 0.6598958 0.429545 -0.6164646 0.6598973 0.4296778 -0.6163706 0.5056499 0.8550043 -0.1152641 0.5287485 0.8347364 -0.1537544 0.5287745 0.8347099 -0.153808 0.1606676 0.9240852 0.3467745 0.1606831 0.924089 0.346757 0.6519429 0.5101632 -0.5609847 0.6566997 0.4705193 -0.5893701 0.5057082 0.854959 -0.1153444 0.1254391 0.9164551 0.3799671 0.1253248 0.9164194 0.3800908 0.08966941 0.9065431 0.4124788 0.6519682 0.5100417 -0.5610659 0.4816635 0.872967 -0.07700001 0.4815438 0.8730526 -0.0767768 0.08960579 0.9065276 0.4125273 0.6455956 0.5487654 -0.5310959 0.6456053 0.5486825 -0.5311697 0.637728 0.5857926 -0.5001501 0.4561074 0.889118 -0.03788476 0.4562686 0.889023 -0.03817129 0.01809122 0.8803729 0.4739369 0.05399657 0.894552 0.4436904 0.01806778 0.8803646 0.4739533 0.05400249 0.8945546 0.4436846 0.6377468 0.5857307 -0.5001985 0.429756 0.9029447 0.0007836967 0.4296876 0.9029772 0.0009004551 0.6282893 0.6216233 -0.4678003 0.6282979 0.6215837 -0.4678413 0.6173984 0.6557365 -0.4345443 0.4020778 0.9147342 0.03993264 0.4021655 0.9147019 0.03978906 0.6049598 0.6884611 -0.4000563 0.6173987 0.655736 -0.4345449 0.373535 0.9242611 0.07882363 0.3442243 0.9315264 0.1173383 0.3736737 0.9242235 0.07860556 0.6049381 0.6885059 -0.4000117 0.3441529 0.9315428 0.1174177 0.5910448 0.7195619 -0.3645501 0.5910786 0.7194783 -0.3646601 0.5757443 0.7488331 -0.3282796 0.3140209 0.9365737 0.1556287 0.3139461 0.9365808 0.1557378 0.5591148 0.7762206 -0.2913286 0.5757687 0.7487949 -0.3283239 0.2829611 0.9393646 0.1937196 0.2830821 0.9393632 0.1935493 0.5590849 0.7762616 -0.2912766 0.54103 0.8018994 -0.2534634 0.2515093 0.939898 0.2309434 0.2189462 0.938145 0.2682283 0.2513479 0.939887 0.2311633 0.5410928 0.8018242 -0.253568 0.2192184 0.9381566 0.2679654 0.6233017 0.4033998 -0.6698982 0.6233011 0.4033901 -0.6699045 0.5216349 0.8256477 -0.2149486 0.5217636 0.8254862 -0.2152561 0.1862045 0.9341323 0.3045074 0.1863079 0.9341545 0.3043762 0.6217999 0.4451651 -0.6443546 0.621801 0.4452202 -0.6443155 0.5011318 0.8472261 -0.1762807 0.4792391 0.8669627 -0.136769 0.5010759 0.8472855 -0.1761542 0.1530791 0.9279098 0.3399268 0.1530655 0.927906 0.3399432 0.1194942 0.9194341 0.3746493 0.6188005 0.4859744 -0.6171829 0.6187986 0.4860646 -0.6171139 0.4792022 0.8669916 -0.1367146 0.1193375 0.919399 0.3747854 0.6143153 0.525608 -0.5885175 0.6143233 0.5254759 -0.5886272 0.4564842 0.8843766 -0.09746871 0.4564554 0.8843979 -0.09741018 0.08536121 0.908654 0.4087315 0.08553764 0.9087287 0.4085285 0.6083509 0.5638645 -0.5585392 0.6083317 0.5640512 -0.5583715 0.4321201 0.9000092 -0.05705728 0.4322084 0.8999559 -0.05722949 0.4072567 0.9131473 -0.01743184 0.01697332 0.8806933 0.4733829 0.05142643 0.8958242 0.441423 0.01724062 0.8807992 0.4731762 0.05144217 0.8958319 0.4414055 0.6009289 0.6008703 -0.5271046 0.6009356 0.6008248 -0.5271487 0.3810102 0.9242877 0.02288001 0.4071793 0.9131839 -0.01732899 0.5920238 0.6364599 -0.4943951 0.5920066 0.6365474 -0.494303 0.381196 0.924217 0.0226416 0.5817633 0.670316 -0.4606819 0.5817543 0.6703524 -0.4606404 0.3540945 0.9330976 0.06281667 0.3541187 0.9330912 0.06277483 0.3261336 0.9397139 0.1028329 0.5700136 0.7028288 -0.4255775 0.5700064 0.7028517 -0.4255494 0.326092 0.939723 0.1028828 0.2975044 0.9440366 0.1424294 0.5569927 0.733389 -0.3897435 0.5569623 0.733469 -0.3896358 0.2976977 0.9440095 0.1422045 0.5425259 0.7624283 -0.3526594 0.5425317 0.7624155 -0.3526782 0.2682719 0.9460794 0.1815593 0.2381864 0.9458556 0.2205096 0.2681791 0.9460782 0.1817029 0.5268015 0.789501 -0.3149103 0.5267668 0.7895657 -0.3148059 0.2382629 0.9458557 0.2204262 0.5098528 0.8146233 -0.2764763 0.5098424 0.8146397 -0.2764469 0.2077162 0.9433731 0.2586527 0.2074829 0.9433319 0.2589902 0.1764294 0.9385648 0.2965951 0.5835701 0.4179807 -0.6962313 0.5835773 0.4181061 -0.69615 0.4915172 0.8380005 -0.2369941 0.4915792 0.837918 -0.2371568 0.1765627 0.9385828 0.2964591 0.5821679 0.4598922 -0.6705071 0.5793632 0.5005735 -0.6432453 0.5821698 0.4599705 -0.6704517 0.4720655 0.8592386 -0.1971376 0.4721968 0.8590915 -0.1974634 0.1450451 0.9315429 0.3334514 0.145058 0.9315473 0.3334337 0.1130933 0.9222303 0.3697312 0.5793669 0.5005499 -0.6432602 0.5751596 0.5401043 -0.614393 0.4517284 0.8781686 -0.1573573 0.4515555 0.8783302 -0.1569511 0.1131852 0.9222542 0.3696434 0.575156 0.5401229 -0.6143801 0.430119 0.895188 -0.1167738 0.429907 0.8953516 -0.116299 0.08097196 0.9107158 0.405019 0.08106158 0.9107584 0.404905 0.5695699 0.5783036 -0.5840847 0.5695776 0.5782165 -0.5841635 0.4071712 0.9102411 -0.07531717 0.4072886 0.9101678 -0.07556835 0.01632558 0.8811991 0.4724635 0.04866929 0.8970283 0.4392855 0.01608798 0.8810948 0.4726661 0.04871548 0.8970537 0.4392284 0.5626172 0.6150529 -0.5524235 0.5542665 0.6505212 -0.5192407 0.5626216 0.6150187 -0.5524573 0.3836731 0.9228245 -0.03449371 0.3836891 0.9228167 -0.03452611 0.5543146 0.6503786 -0.5193678 0.3591878 0.9332424 0.006527836 0.3591813 0.9332449 0.006540793 0.5446863 0.68404 -0.4851867 0.5446589 0.6841605 -0.4850475 0.3336414 0.9414842 0.04786308 0.3336488 0.9414823 0.04784931 0.5336679 0.7163212 -0.449536 0.5214923 0.7465297 -0.413206 0.533673 0.7163034 -0.4495582 0.3072473 0.9474459 0.08913712 0.3072661 0.947443 0.0891029 0.5214369 0.746636 -0.4130839 0.2804367 0.95107 0.129697 0.2804888 0.9510671 0.1296051 0.5079243 0.7752419 -0.3755169 0.5079317 0.7752241 -0.3755434 0.4931692 0.8020041 -0.3370068 0.2527879 0.9524361 0.1701867 0.2526855 0.9524322 0.1703615 0.4932177 0.8019335 -0.3371038 0.224505 0.9514982 0.2103539 0.2245453 0.9515033 0.2102876 0.4602326 0.8495224 -0.2578712 0.4773194 0.8266991 -0.2978839 0.4773442 0.8266571 -0.2979608 0.1954959 0.9482474 0.2502166 0.1954558 0.9482386 0.2502808 0.5423862 0.4317236 -0.7207162 0.5423847 0.4317003 -0.7207313 0.4602501 0.849503 -0.2579038 0.1663824 0.9427577 0.2890063 0.1664519 0.9427786 0.2888986 0.5410782 0.4736648 -0.6948928 0.5410765 0.4736078 -0.694933 0.4419624 0.870384 -0.2170273 0.4420105 0.8703266 -0.2171597 0.1366785 0.934974 0.3273264 0.136631 0.934956 0.3273976 0.5384626 0.5143563 -0.6674547 0.538463 0.5141788 -0.6675912 0.4228971 0.8888668 -0.1762777 0.4229387 0.8888257 -0.176386 0.4024785 0.9055063 -0.1344222 0.1066756 0.9249427 0.3648304 0.1066537 0.9249328 0.3648621 0.5345584 0.5535746 -0.6385942 0.5345556 0.553652 -0.6385294 0.4026357 0.9053975 -0.1346839 0.07638873 0.9126708 0.4014932 0.07630888 0.912628 0.4016056 0.5293616 0.5917112 -0.6079919 0.5293623 0.5917022 -0.6080001 0.3813521 0.9197702 -0.09269969 0.3813549 0.9197685 -0.09270605 0.04578059 0.8981217 0.4373575 0.01528715 0.8815438 0.4718548 0.04586965 0.8981762 0.4372363 0.01432077 0.8819016 0.4712162 0.01537758 0.8815879 0.4717694 0.5228922 0.6283455 -0.575991 0.5229031 0.6282517 -0.5760835 0.3592384 0.9318695 -0.05066659 0.3363024 0.9417149 -0.008580579 0.3592299 0.9318737 -0.05064726 0.5061919 0.6969788 -0.5079274 0.5151698 0.6634111 -0.5426655 0.515168 0.6634226 -0.5426531 0.336105 0.9417881 -0.008281759 0.506228 0.6968837 -0.508022 0.2876555 0.9546984 0.07619246 0.3123651 0.9493603 0.03380838 0.3123672 0.9493598 0.03380391 0.4959881 0.7288971 -0.4719161 0.4959934 0.7288758 -0.4719434 0.2878515 0.9546616 0.07591296 0.2625795 0.9576808 0.1178954 0.4846655 0.7588292 -0.4350604 0.4846451 0.7588952 -0.4349681 0.2624987 0.9576893 0.1180073 0.4721009 0.7871792 -0.3968244 0.4721478 0.7870552 -0.3970146 0.2366749 0.9584011 0.1595376 0.2365583 0.9583931 0.1597584 0.2102207 0.9568065 0.2008201 0.4583347 0.8136919 -0.3575396 0.4584068 0.8135327 -0.3578096 0.1829803 0.9528567 0.2420381 0.2102248 0.9568067 0.2008147 0.443672 0.8378611 -0.3180313 0.4436394 0.8379214 -0.3179177 0.1831234 0.9528751 0.2418569 0.4998539 0.4444954 -0.7433504 0.4998495 0.4444249 -0.7433956 0.4277695 0.8603253 -0.2772247 0.4277333 0.8603811 -0.2771073 0.1279193 0.938181 0.321641 0.1558617 0.9467095 0.281866 0.1558477 0.9467046 0.28189 0.4986382 0.4864115 -0.7174704 0.4986335 0.4862836 -0.7175604 0.4108357 0.8807151 -0.2357009 0.410922 0.8806039 -0.2359661 0.1277922 0.9381465 0.3217923 0.4962399 0.5266958 -0.6901721 0.4962418 0.5269698 -0.6899616 0.3930392 0.8988155 -0.194039 0.3929246 0.8989373 -0.1937056 0.09982648 0.927447 0.3603842 0.09986171 0.9274653 0.3603272 0.07150317 0.9144794 0.3982647 0.4926402 0.5662595 -0.6607993 0.4926443 0.5660912 -0.6609404 0.374198 0.9148734 -0.1516001 0.3742103 0.9148626 -0.1516342 0.07151573 0.9144845 0.3982508 0.04283909 0.8992105 0.4354139 0.487856 0.6041079 -0.6301193 0.4878606 0.6040288 -0.6301914 0.3544387 0.9287315 -0.1087702 0.3544194 0.9287449 -0.1087194 0.04289278 0.899236 0.4353559 0.01437969 0.881947 0.4711292 0.4818901 0.6406178 -0.5978217 0.4818927 0.6405907 -0.5978487 0.3338708 0.9403225 -0.06575587 0.3338928 0.9403108 -0.06581146 0.474792 0.6754383 -0.5642301 0.4747875 0.675471 -0.5641948 0.466539 0.7087363 -0.5291826 0.3123915 0.9496897 -0.02238465 0.3124024 0.9496855 -0.02241088 0.4665094 0.708818 -0.5290995 0.290327 0.9567037 0.02069924 0.2903191 0.9567056 0.02071764 0.4571508 0.7403372 -0.4928631 0.4571123 0.7405093 -0.4926403 0.2674758 0.9614429 0.06390806 0.2675161 0.9614378 0.06381667 0.4466228 0.7703263 -0.4551104 0.446664 0.7701776 -0.4553216 0.2440564 0.9638612 0.1068084 0.2439738 0.9638622 0.1069886 0.4350832 0.7981976 -0.4166333 0.435111 0.7981149 -0.4167627 0.2198945 0.9639573 0.1497757 0.219868 0.9639546 0.1498316 0.4224305 0.8243108 -0.3769141 0.4223808 0.8244323 -0.3767037 0.1953608 0.9617372 0.1920823 0.1954024 0.9617459 0.1919969 0.1701987 0.9571818 0.2341694 0.4088814 0.8482617 -0.3365535 0.4088876 0.8482488 -0.3365781 0.1702664 0.9571928 0.2340752 0.4560767 0.4561882 -0.7641246 0.4560738 0.4561467 -0.764151 0.3942006 0.8703848 -0.2950191 0.3941921 0.870399 -0.2949882 0.1187575 0.9411565 0.3164192 0.1448358 0.9503836 0.2753065 0.1446098 0.9502918 0.2757417 0.4549829 0.4980333 -0.7382097 0.4549761 0.4978737 -0.7383215 0.4528064 0.5382528 -0.7108096 0.3786887 0.8902295 -0.2531525 0.3786118 0.8903379 -0.2528863 0.0927955 0.9297898 0.3562021 0.1190196 0.9412388 0.3160758 0.4494736 0.5777509 -0.6813056 0.4527604 0.5385605 -0.7106058 0.3622455 0.9079881 -0.2105605 0.3621143 0.9081404 -0.2101293 0.09265883 0.9297369 0.3563756 0.4495269 0.5774592 -0.6815178 0.3448735 0.9236239 -0.1672756 0.3447932 0.9236993 -0.1670247 0.06660637 0.9162415 0.3950509 0.06648776 0.9161599 0.3952599 0.4396791 0.6518536 -0.6178747 0.4451255 0.6155986 -0.650309 0.4451341 0.6153992 -0.6504917 0.3266899 0.9370042 -0.12368 0.3266571 0.9370285 -0.1235821 0.03984087 0.9002159 0.4336176 0.03987426 0.9002417 0.4335606 0.01337346 0.8822824 0.4705306 0.01334646 0.8822663 0.4705615 0.4397355 0.6516329 -0.6180673 0.3075893 0.9481947 -0.07947119 0.3076967 0.9481341 -0.07977796 0.4332156 0.6865028 -0.5839846 0.4332038 0.6866105 -0.5838669 0.287915 0.9569991 -0.03546486 0.2880548 0.9569427 -0.03584871 0.425644 0.7197635 -0.5484228 0.4256548 0.7196917 -0.5485088 0.4171164 0.750991 -0.511885 0.2675354 0.9635093 0.008642261 0.2675579 0.9635035 0.008582601 0.4171073 0.7510141 -0.5118588 0.2464322 0.9677162 0.05288366 0.2464954 0.9677088 0.05272275 0.4074952 0.7807258 -0.4737243 0.4074912 0.7807422 -0.4737009 0.3969786 0.8083388 -0.4347374 0.2249641 0.9695752 0.09651437 0.2249258 0.9695747 0.09660862 0.3854476 0.8341539 -0.3944837 0.3969948 0.8083075 -0.4347806 0.2026252 0.9691072 0.1406205 0.2026429 0.9691098 0.1405785 0.3854887 0.8340853 -0.3945886 0.3730796 0.8577901 -0.3535643 0.1799222 0.9662977 0.1841107 0.1800135 0.9663209 0.1838997 0.373012 0.8578879 -0.3533983 0.1568658 0.9611838 0.2269778 0.1568827 0.9611899 0.2269398 0.4111616 0.4668287 -0.7829542 0.4111568 0.4667608 -0.7829971 0.359722 0.8794993 -0.3115783 0.359684 0.8795718 -0.3114175 0.1334938 0.9537809 0.269224 0.1332748 0.953677 0.2696998 0.4101655 0.5084624 -0.7571198 0.4101634 0.5084203 -0.757149 0.3454721 0.8991591 -0.2686295 0.3455182 0.8990866 -0.2688127 0.1096862 0.9440265 0.3110992 0.1096306 0.9439944 0.3112163 0.4081893 0.549054 -0.7293293 0.4081852 0.5488868 -0.7294574 0.3303785 0.916612 -0.2251053 0.3305197 0.9164307 -0.2256358 0.3145643 0.9317451 -0.181385 0.08540594 0.9319029 0.3525094 0.08540282 0.9319007 0.3525158 0.4052384 0.5878804 -0.7001275 0.4052383 0.5880452 -0.6999891 0.3146317 0.9316938 -0.181531 0.06124209 0.9176999 0.3925255 0.06137482 0.917804 0.3922613 0.03669203 0.9011561 0.4319389 0.4012976 0.6256777 -0.6689451 0.401291 0.6259184 -0.6687239 0.2980844 0.9446175 -0.137272 0.298117 0.9445909 -0.1373831 0.03675396 0.9011928 0.4318573 0.01229077 0.8825815 0.4699988 0.01237273 0.8826362 0.4698938 0.3964034 0.6618295 -0.6362751 0.3963874 0.6621156 -0.6359874 0.2628514 0.9636503 -0.04782476 0.2806688 0.9553545 -0.09231944 0.2806528 0.9553642 -0.09226704 0.3905241 0.6966565 -0.6017979 0.3837179 0.7296325 -0.5660363 0.3905336 0.6965473 -0.6019181 0.2628396 0.9636548 -0.04780129 0.3760474 0.7606772 -0.529111 0.3837663 0.7294841 -0.5661946 0.2440907 0.9697492 -0.002495782 0.2440477 0.9697604 -0.002366141 0.376032 0.7607182 -0.5290632 0.2248932 0.9734561 0.0425023 0.2248491 0.9734606 0.04263042 0.2052731 0.9748161 0.08715755 0.3673736 0.7901695 -0.49058 0.3673676 0.7901983 -0.4905381 0.2052651 0.9748165 0.08717244 0.3578978 0.8175203 -0.4511872 0.3579008 0.8175084 -0.4512063 0.1641564 0.9704935 0.176621 0.1848003 0.9738209 0.1323696 0.1848682 0.9738331 0.132185 0.3475173 0.8430223 -0.4105426 0.3475129 0.8430361 -0.4105178 0.1643606 0.9705237 0.1762649 0.1431632 0.9648307 0.2204676 0.3362801 0.8665332 -0.3688305 0.336277 0.8665414 -0.3688141 0.3242989 0.8878361 -0.3264615 0.1430601 0.964806 0.220643 0.3652322 0.4762018 -0.7998984 0.3652387 0.4762913 -0.7998421 0.3242829 0.8878573 -0.3264197 0.1217966 0.9568735 0.2637399 0.1218217 0.9568874 0.2636779 0.1000137 0.9465542 0.3066471 0.3643542 0.5179008 -0.773967 0.364358 0.5179712 -0.773918 0.3114567 0.9071282 -0.2830425 0.3114728 0.9070992 -0.2831176 0.0779213 0.9338918 0.3489621 0.1000504 0.9465694 0.3065881 0.3599621 0.5973729 -0.71664 0.3625956 0.5583485 -0.7461712 0.3625933 0.5582792 -0.7462241 0.2978849 0.9241924 -0.2390254 0.2978285 0.9242744 -0.2387782 0.07800891 0.9339356 0.348825 0.3599868 0.5972261 -0.71675 0.2836731 0.9389806 -0.1945383 0.2837172 0.9389291 -0.194722 0.05587855 0.9191274 0.3899773 0.03354811 0.9020461 0.4303341 0.05582273 0.919077 0.3901041 0.3564832 0.6349093 -0.6854269 0.3564825 0.6349742 -0.685367 0.2687004 0.9515581 -0.1494567 0.2687658 0.9514988 -0.1497164 0.01128571 0.8829256 0.4693774 0.01125052 0.8828994 0.4694275 0.0334985 0.9020131 0.430407 0.3521145 0.671239 -0.6522681 0.3521196 0.671101 -0.6524073 0.2530363 0.9618553 -0.103957 0.2530293 0.9618599 -0.1039308 0.3469009 0.7057739 -0.6176916 0.3469163 0.7055321 -0.6179592 0.2369479 0.9697485 -0.05868093 0.2369231 0.9697601 -0.05859063 0.3408747 0.7383198 -0.5819693 0.3408694 0.7383763 -0.5819007 0.2200652 0.9754034 -0.01262646 0.2200178 0.9754163 -0.01246088 0.33404 0.7692417 -0.5446875 0.3340234 0.7693726 -0.5445127 0.20276 0.9786654 0.03320333 0.202765 0.9786649 0.03318623 0.3263194 0.798656 -0.5056326 0.3263101 0.7987126 -0.5055492 0.1849976 0.9795719 0.07883251 0.1850457 0.9795755 0.07867638 0.3179476 0.8256485 -0.466062 0.3179256 0.8257552 -0.4658881 0.166598 0.9781049 0.1247237 0.1666106 0.9781078 0.1246844 0.3086657 0.8511248 -0.4246317 0.308689 0.8510343 -0.4247961 0.1481452 0.9743406 0.169451 0.1480907 0.9743198 0.1696171 0.2987196 0.8742792 -0.3826256 0.2987384 0.8742195 -0.3827475 0.1291035 0.9681821 0.2143726 0.128983 0.9681191 0.2147297 0.3183823 0.4844539 -0.8148234 0.3183885 0.4845342 -0.8147733 0.288089 0.8952836 -0.3398115 0.2880763 0.8953165 -0.3397356 0.1097053 0.9596404 0.2589501 0.1097936 0.9596987 0.2586963 0.3176252 0.5262862 -0.7887566 0.3176209 0.5262141 -0.7888065 0.3160941 0.5666214 -0.7609368 0.2766849 0.9142898 -0.2958372 0.2766837 0.9142924 -0.2958302 0.09012461 0.9488519 0.302585 0.09017678 0.9488934 0.3024394 0.316101 0.5665707 -0.7609716 0.2646155 0.9310657 -0.2511878 0.2646284 0.9310438 -0.2512554 0.07026502 0.93573 0.3456476 0.07028928 0.9357525 0.3455817 0.3138076 0.605603 -0.7312796 0.3138037 0.6054396 -0.7314165 0.2520145 0.9454602 -0.2063826 0.2519814 0.9455048 -0.2062182 0.05031704 0.9203728 0.3877911 0.05044578 0.9205088 0.3874516 0.306953 0.6791354 -0.6667495 0.3107513 0.6431092 -0.6998887 0.3107512 0.6430733 -0.6999218 0.2386902 0.9577239 -0.1605985 0.2386695 0.9577456 -0.1605006 0.03021072 0.9027869 0.4290258 0.01015791 0.8831565 0.4689684 0.01018654 0.8831806 0.4689225 0.03022612 0.9028052 0.4289862 0.3069519 0.6791404 -0.6667449 0.3023894 0.7136945 -0.6318234 0.2247709 0.9676787 -0.1143512 0.2247656 0.9676827 -0.1143273 0.302433 0.7135192 -0.6320006 0.2104434 0.9752152 -0.06832985 0.2104031 0.975236 -0.06815616 0.2971683 0.7461499 -0.5957779 0.2971653 0.7461959 -0.5957218 0.1954927 0.9804645 -0.02172569 0.1954788 0.9804685 -0.02166819 0.2912037 0.7769408 -0.5581788 0.2912113 0.7768584 -0.5582892 0.1801893 0.9833246 0.02458549 0.1801209 0.9833304 0.02485874 0.2844772 0.8060833 -0.5189436 0.2771856 0.8328983 -0.4790079 0.2844679 0.8061572 -0.5188339 0.164229 0.9838241 0.0715479 0.1643127 0.9838335 0.07122502 0.2771259 0.8330389 -0.4787979 0.2690609 0.8581706 -0.4372064 0.1480762 0.9819598 0.1175946 0.1480092 0.9819399 0.1178446 0.269063 0.8581663 -0.4372134 0.1315613 0.9777282 0.1635215 0.1315572 0.9777262 0.1635365 0.1147025 0.971149 0.2090759 0.2604403 0.881032 -0.3949092 0.2604713 0.8809091 -0.395163 0.1146005 0.9711144 0.209293 0.270757 0.4915604 -0.8276829 0.2707627 0.4916313 -0.8276389 0.2511351 0.901857 -0.3515469 0.2511133 0.9019268 -0.3513831 0.2411877 0.9206045 -0.307109 0.09752574 0.9622267 0.2541819 0.09744889 0.9621656 0.254443 0.08007368 0.9509225 0.2988887 0.2701116 0.5333766 -0.8015918 0.2701101 0.5333549 -0.8016065 0.2411055 0.9207123 -0.30685 0.08006804 0.9509194 0.2989002 0.06244202 0.9373416 0.3427709 0.2688099 0.5737005 -0.7736981 0.26881 0.5737012 -0.7736977 0.21966 0.9512544 -0.2164819 0.230719 0.9370012 -0.2622928 0.230669 0.9371048 -0.2619664 0.06246838 0.9373587 0.342719 0.266856 0.6127384 -0.7438679 0.266854 0.612682 -0.7439152 0.2196075 0.9513023 -0.2163246 0.02683858 0.9035031 0.4277403 0.04474848 0.9215699 0.3856246 0.04482548 0.9216667 0.3853843 0.2642576 0.6500816 -0.7124338 0.2642597 0.650189 -0.7123349 0.2080773 0.9631692 -0.1703196 0.20809 0.9631535 -0.1703934 0.009042672 0.8834162 0.468502 0.008961025 0.883339 0.468649 0.02690908 0.903563 0.4276094 0.2610292 0.6860636 -0.6791028 0.261029 0.686011 -0.6791559 0.1959243 0.9728131 -0.1234847 0.195907 0.9728287 -0.123389 0.1834054 0.9800383 -0.0767289 0.25717 0.720343 -0.6441814 0.25717 0.7203476 -0.6441762 0.1834466 0.9800217 -0.07684378 0.2527061 0.7528991 -0.6076863 0.2527112 0.7527578 -0.6078591 0.1704226 0.9849238 -0.02968637 0.1704085 0.9849284 -0.02961457 0.2476294 0.7835093 -0.5699059 0.2476238 0.7836032 -0.5697793 0.1570564 0.9874392 0.01723892 0.1431241 0.9875779 0.06484739 0.1569977 0.9874434 0.01752508 0.2419208 0.8124995 -0.5303952 0.241923 0.8124737 -0.5304336 0.1432302 0.9875807 0.06457191 0.2356725 0.8392878 -0.4899535 0.2356687 0.8393205 -0.4898994 0.1291012 0.9853408 0.1115188 0.1290909 0.9853368 0.111566 0.114677 0.9807317 0.1581599 0.2288425 0.8641431 -0.4482051 0.2288293 0.8642326 -0.4480394 0.1147485 0.9807519 0.1579828 0.2214765 0.8869148 -0.4053766 0.2215013 0.8867826 -0.4056525 0.2135244 0.9075936 -0.3614984 0.09989426 0.973711 0.2047144 0.09991415 0.9737267 0.2046297 0.222462 0.4977041 -0.8383325 0.2219142 0.5393526 -0.8123133 0.2224511 0.4975697 -0.838415 0.2135052 0.9076262 -0.3614281 0.08491147 0.9643677 0.2505691 0.08499988 0.9644548 0.2502038 0.06976368 0.9527522 0.2956282 0.2219143 0.5393513 -0.8123142 0.2050775 0.9261443 -0.3165437 0.2051323 0.9259595 -0.3170484 0.06980506 0.9527788 0.2955333 0.2208412 0.5797518 -0.7842939 0.2208364 0.5796711 -0.7843549 0.1961727 0.942319 -0.2712032 0.1962165 0.9422017 -0.2715785 0.05448033 0.938843 0.3400086 0.05443909 0.9387871 0.3401694 0.03899212 0.922594 0.3837969 0.2192331 0.618606 -0.7544956 0.2192359 0.6186655 -0.7544459 0.186772 0.9562526 -0.2251605 0.1867976 0.9561992 -0.2253656 0.03893002 0.9225404 0.3839318 0.2171182 0.6558833 -0.7229639 0.2171243 0.6560553 -0.7228059 0.1768996 0.9679253 -0.178402 0.176949 0.9678475 -0.1787743 0.007777825 0.8834942 0.4683776 0.02351483 0.9042794 0.4262932 0.007821759 0.8835418 0.4682873 0.02345537 0.9041774 0.4265127 0.2144685 0.6918047 -0.6894995 0.2144709 0.6919116 -0.6893913 0.1666308 0.9772428 -0.1312664 0.1667172 0.9771449 -0.131883 0.2112962 0.7260566 -0.6543667 0.2076338 0.7583667 -0.617874 0.211296 0.7260332 -0.6543927 0.1560034 0.9841587 -0.08422945 0.1559457 0.9842014 -0.08383641 0.2076207 0.7584217 -0.6178107 0.1449298 0.9887696 -0.03647083 0.1449581 0.9887586 -0.03665475 0.2034414 0.7890488 -0.5796669 0.2034401 0.7891024 -0.5795945 0.1335255 0.990982 0.01120865 0.133516 0.9909825 0.01126752 0.1987631 0.8178451 -0.5400209 0.1987621 0.8178676 -0.5399874 0.1218399 0.9908113 0.05871876 0.1218245 0.9908078 0.05881121 0.1936338 0.8445521 -0.4992372 0.1936392 0.8444699 -0.499374 0.109764 0.9882352 0.1065038 0.1097952 0.9882513 0.1063232 0.1880295 0.8692223 -0.4572718 0.1880295 0.8692229 -0.4572708 0.09755976 0.9833342 0.1534148 0.09756973 0.9833419 0.153359 0.08493755 0.9759657 0.2006898 0.1819531 0.8918335 -0.414157 0.1819442 0.8919073 -0.4140021 0.08495247 0.975973 0.2006483 0.1735921 0.5024845 -0.84698 0.1735961 0.5025319 -0.8469511 0.1754302 0.9123577 -0.369902 0.1754292 0.9123645 -0.369886 0.07224276 0.9663147 0.2470159 0.07221659 0.9662815 0.2471532 0.1731745 0.5441666 -0.82091 0.1731774 0.544205 -0.820884 0.168525 0.9305729 -0.3250133 0.1685371 0.9305128 -0.3251787 0.05933844 0.9542987 0.2929046 0.0593735 0.9543512 0.2927259 0.172341 0.5845444 -0.7928471 0.172338 0.584501 -0.7928796 0.1612038 0.9465562 -0.2793652 0.1611725 0.9466757 -0.2789778 0.04630858 0.9400314 0.3379295 0.04633162 0.9400713 0.3378155 0.03310664 0.9234181 0.3823648 0.1710981 0.623215 -0.7631044 0.1711068 0.623361 -0.7629833 0.1534603 0.9603993 -0.2325583 0.1534785 0.9603454 -0.232768 0.03321237 0.9235243 0.3820993 0.02002098 0.9048061 0.4253528 0.1694452 0.6607489 -0.7312313 0.1694372 0.660593 -0.7313739 0.1673573 0.6965672 -0.6977004 0.1453272 0.9718611 -0.185381 0.1453303 0.9718544 -0.185414 0.006716044 0.8838212 0.4677766 0.01987568 0.9046424 0.4257076 0.006596724 0.8836722 0.4680597 0.1673491 0.6966153 -0.6976542 0.1648832 0.7306187 -0.6625782 0.1369401 0.9808889 -0.1382184 0.1369675 0.9808464 -0.1384929 0.1648899 0.7305833 -0.6626155 0.1280992 0.9876674 -0.09002156 0.1281289 0.9876378 -0.09030295 0.1620153 0.7629928 -0.625774 0.1620139 0.7629269 -0.6258546 0.1190988 0.9919767 -0.04239968 0.1191011 0.9919755 -0.04242035 0.1587559 0.7934633 -0.5875478 0.1587556 0.7934353 -0.5875856 0.1096984 0.9939469 0.005976806 0.1097168 0.9939458 0.005819128 0.155114 0.8221806 -0.5476849 0.151119 0.8486708 -0.5068737 0.1551144 0.8220678 -0.5478541 0.1000992 0.993517 0.05388888 0.1000835 0.9935116 0.05401862 0.1510633 0.8488528 -0.5065855 0.09017051 0.9906737 0.1021514 0.0901689 0.9906726 0.1021641 0.1467177 0.8733045 -0.4645569 0.1467204 0.8732257 -0.4647042 0.08008772 0.9854575 0.1498645 0.06977254 0.9778618 0.1972763 0.08012989 0.985503 0.1495421 0.1419639 0.8958773 -0.4210108 0.141965 0.8958574 -0.4210527 0.06982075 0.9778901 0.1971194 0.1243164 0.5062597 -0.8533736 0.124304 0.5061147 -0.8534615 0.1315105 0.9342297 -0.3315415 0.1369002 0.9161646 -0.376697 0.1369035 0.9161222 -0.3767991 0.05939683 0.9679762 0.2439139 0.05936313 0.9679176 0.2441549 0.124012 0.547827 -0.8273492 0.1240048 0.5477371 -0.8274097 0.1314867 0.9342738 -0.3314266 0.04873063 0.9555896 0.2906438 0.04874399 0.9556171 0.2905512 0.1225227 0.6267928 -0.7694926 0.1234132 0.5881054 -0.7993129 0.123414 0.5881165 -0.7993047 0.1257992 0.9500511 -0.2856176 0.1257988 0.9500534 -0.2856101 0.03812867 0.9411725 0.3357684 0.03807917 0.9410557 0.3361014 0.1225031 0.62695 -0.7693678 0.1197513 0.9636919 -0.238658 0.1197436 0.9637309 -0.2385043 0.02722155 0.924118 0.3811366 0.02727597 0.9242631 0.3807803 0.01634626 0.9050816 0.4249237 0.1213166 0.6641751 -0.7376677 0.1213245 0.6642941 -0.7375592 0.1134326 0.9750128 -0.1910054 0.1134484 0.9749544 -0.1912947 0.005522785 0.8839864 0.4674801 0.004300767 0.8841071 0.4672645 0.005512358 0.883971 0.4675092 0.01634946 0.9050858 0.4249145 0.1198386 0.7001156 -0.7039013 0.1198387 0.7001168 -0.7039001 0.1068599 0.9838606 -0.1435239 0.1068369 0.9839191 -0.1431393 0.1180784 0.7339774 -0.6688308 0.1180814 0.7340313 -0.6687711 0.1000211 0.9904007 -0.0954043 0.100012 0.9904155 -0.09526169 0.1160183 0.7664544 -0.6317338 0.1160146 0.7663815 -0.6318228 0.09293789 0.9945603 -0.04703506 0.09292739 0.9945687 -0.04688131 0.113685 0.796755 -0.5935126 0.1136855 0.7967659 -0.5934978 0.08560949 0.9963275 0.001567431 0.07808231 0.9956853 0.05013839 0.08560595 0.9963278 0.001616353 0.1110564 0.8253127 -0.5536475 0.1110615 0.8254496 -0.5534421 0.07809387 0.9956869 0.05009022 0.1082068 0.8520104 -0.5122203 0.1081978 0.8517123 -0.5127175 0.07036798 0.9926289 0.09867223 0.0625017 0.9871951 0.1467631 0.07037877 0.9926416 0.09853706 0.1050674 0.8762933 -0.4701818 0.1050716 0.8764821 -0.4698288 0.06255361 0.9872226 0.1465555 0.1016584 0.8988465 -0.4263103 0.1016579 0.898812 -0.4263831 0.0544961 0.9793798 0.194539 0.05450657 0.9794032 0.1944184 0.02493508 0.5098795 -0.8598844 0.07469601 0.5086657 -0.8577178 0.02493744 0.5098533 -0.8598999 0.07469783 0.5086867 -0.8577052 0.09805164 0.9189843 -0.3819081 0.09805149 0.9189134 -0.3820786 0.04636632 0.9692637 0.2416156 0.04636018 0.9692469 0.241684 0.03802707 0.9566472 0.2887564 0.02487874 0.5513018 -0.833935 0.07452366 0.5501566 -0.8317295 0.07416296 0.5905254 -0.8036041 0.07451807 0.5500911 -0.8317733 0.02486117 0.5514886 -0.8338119 0.02474171 0.591581 -0.8058657 0.09416723 0.9370513 -0.3362548 0.09416754 0.9370229 -0.3363339 0.03802417 0.9566439 0.2887671 0.07417309 0.5904298 -0.8036734 0.02474668 0.5916354 -0.8058257 0.09009648 0.9526809 -0.2903131 0.0900966 0.9526762 -0.2903286 0.0296955 0.9418794 0.3346361 0.029729 0.9420025 0.3342867 0.02119585 0.9247133 0.380074 0.02456674 0.6305804 -0.7757351 0.07363384 0.6293833 -0.7735986 0.07363027 0.6293401 -0.773634 0.02457068 0.6305426 -0.7757657 0.08574015 0.9662658 -0.2428562 0.08574355 0.9661966 -0.24313 0.0213073 0.9248733 0.379678 0.02433336 0.6677273 -0.7440081 0.07291751 0.6665417 -0.7418931 0.02431817 0.6678649 -0.7438852 0.0240209 0.7035278 -0.7102616 0.07202172 0.7024556 -0.7080742 0.07291755 0.6665423 -0.7418925 0.08123827 0.9773271 -0.1955304 0.08124173 0.9772841 -0.195744 0.01278279 0.9054689 0.4242201 0.004273491 0.8839685 0.4675269 0.01277627 0.9054388 0.4242844 0.07202383 0.70244 -0.7080894 0.02402912 0.7036108 -0.7101791 0.07651776 0.9861075 -0.1474349 0.07651168 0.986154 -0.1471264 0.07096182 0.7363933 -0.6728218 0.06971037 0.7687193 -0.6357761 0.02368692 0.7374502 -0.674986 0.02327344 0.7698381 -0.6378148 0.07095296 0.7362817 -0.6729451 0.0236748 0.7375469 -0.6748808 0.0716103 0.9925354 -0.09871899 0.07161998 0.9924928 -0.09913926 0.02326325 0.7697427 -0.6379302 0.06972813 0.7686094 -0.6359069 0.06832695 0.7989841 -0.5974578 0.06653997 0.9965088 -0.05042444 0.06653807 0.9965127 -0.05035142 0.02279517 0.8001305 -0.5993927 0.022782 0.800221 -0.5992722 0.06832056 0.7990202 -0.5974104 0.06132027 0.9981166 -0.00172759 0.06131594 0.9981171 -0.0015777 0.06677233 0.8276163 -0.5573085 0.06506366 0.8538214 -0.516484 0.06675749 0.8274263 -0.5575923 0.02225121 0.8285786 -0.5594304 0.02167304 0.8550873 -0.5180307 0.02226184 0.8285112 -0.5595297 0.05592133 0.9973201 0.04717449 0.05591522 0.9973112 0.04736857 0.02166714 0.8550406 -0.5181082 0.02103993 0.8793607 -0.4756913 0.06502824 0.8539835 -0.5162205 0.06313372 0.8785338 -0.4734898 0.0504192 0.994112 0.09591244 0.05042877 0.9941387 0.09563068 0.06315037 0.8784658 -0.4736136 0.0210578 0.8794927 -0.4754463 0.04475695 0.9885337 0.1442151 0.04473947 0.9884639 0.1446978 0.0589264 0.9208266 -0.3854945 0.06109761 0.9007956 -0.4299237 0.06110396 0.9008746 -0.4297572 0.02040415 0.9017311 -0.4318157 0.02037495 0.9018683 -0.4315304 0.03901836 0.9805202 0.1925038 0.0390329 0.9805942 0.1921237 0.05891261 0.9208702 -0.3853924 0.0196767 0.9218273 -0.3871009 0.01967395 0.9218388 -0.3870739 0.03315413 0.9701276 0.2403186 0.03316898 0.9702186 0.2399492 0.02720499 0.9574408 0.2873446 0.05659992 0.9388892 -0.3395343 0.01886199 0.9398348 -0.3411082 0.01890006 0.9396967 -0.3414863 0.05659032 0.9387773 -0.339845 0.02729489 0.9575639 0.2869257 0.05150869 0.9679399 -0.2458442 0.05412797 0.9544351 -0.293469 0.0541381 0.9545465 -0.2931045 0.0180415 0.9554269 -0.2946761 0.01807965 0.9553086 -0.2950568 0.01720755 0.9687521 -0.2474336 0.02128694 0.9425267 0.3334519 0.02128354 0.9424992 0.33353 0.05157145 0.9678207 -0.2462998 0.01718486 0.9686595 -0.2477972 0.04885589 0.9788679 -0.1985717 0.01523686 0.9252106 0.3791479 0.01524885 0.9253197 0.3788813 0.01627347 0.9797172 -0.1997233 0.04881901 0.9789235 -0.1983063 0.01627763 0.9797086 -0.199765 0.009158123 0.9057816 0.4236459 0.003004562 0.8839434 0.4675843 0.009153638 0.9057363 0.4237429 0.003056323 0.8840581 0.4673668 0.04300374 0.9939346 -0.1012159 0.04596811 0.9876013 -0.1501018 0.01533291 0.988372 -0.1512801 0.01435375 0.9945999 -0.102786 0.04597242 0.9876337 -0.1498872 0.01532703 0.9883811 -0.1512214 0.04303773 0.9939087 -0.1014554 0.0143586 0.9946083 -0.102704 0.01334122 0.9984636 -0.05378205 0.03998801 0.9978136 -0.05262187 0.03998605 0.9978072 -0.05274272 0.01335122 0.9984581 -0.0538811 0.01230487 0.999912 -0.00497378 0.03684563 0.9993135 -0.003864391 0.01231154 0.9999123 -0.004858831 0.03683494 0.9993142 -0.003790997 0.03358429 0.9984033 0.04541924 0.01122915 0.998953 0.04434955 0.03364023 0.9984186 0.04504097 0.01121267 0.9989657 0.04406429 0.03029416 0.9951231 0.09387266 0.01009805 0.9955777 0.09339773 0.03029896 0.9950848 0.0942772 0.02686143 0.9893383 0.1431373 0.01011247 0.9955904 0.09325887 0.008977778 0.9898021 0.1421664 0.02349168 0.9813542 0.1907668 0.02692969 0.9894009 0.142691 0.008962849 0.9898392 0.1419086 0.007808057 0.9816726 0.1904148 0.02344048 0.9812915 0.1910955 0.007824837 0.981703 0.1902578 0.01991996 0.9707749 0.2391634 0.01991916 0.9707962 0.2390774 0.006646266 0.9711199 0.2384995 0.00666357 0.9711589 0.2383403 0.005478796 0.958333 0.2856009 0.01637237 0.9580981 0.285972 0.01276213 0.9429437 0.3327076 0.01637475 0.9580178 0.2862409 0.005488707 0.9582834 0.2857669 0.01278112 0.9429838 0.3325933 0.004293563 0.9431909 0.3322237 0.004271189 0.9431213 0.3324214 0.009144049 0.9255086 0.3786161 0.005504881 0.9059603 0.423327 0.009142921 0.9255628 0.3784837 0.003062477 0.9257111 0.3782189 0.003039499 0.9256301 0.3784172 0.001825987 0.9060254 0.4232194 0.001796057 0.8840024 0.4674787 0.001873682 0.8842307 0.4670468 0.0006066989 0.8842615 0.4669916 0.00546983 0.9058667 0.4235275 0.001835526 0.9059553 0.4233693 0.0006172782 0.8841763 0.467153 0.02494215 0.488583 -0.8721609 0.02492828 0.4885812 -0.8721622 0.07471905 0.4873667 -0.8699947 0.07473452 0.4873683 -0.8699925 0.1243537 0.4849414 -0.8656604 0.1243383 0.4849402 -0.8656633 0.173644 0.4813104 -0.8591787 0.1736442 0.4813104 -0.8591787 0.2225285 0.4764805 -0.850557 0.2225284 0.4764807 -0.8505571 0.2708374 0.4704688 -0.8398251 0.2708358 0.4704688 -0.8398256 0.3184777 0.4632847 -0.8270062 0.3184932 0.4632844 -0.8270004 0.3653418 0.4549504 -0.812124 0.3653284 0.454951 -0.8121297 0.4112864 0.445483 -0.7952285 0.4112993 0.4454821 -0.7952223 0.4562138 0.4349107 -0.7763515 0.4562015 0.4349118 -0.7763581 0.5000039 0.4232561 -0.7555465 0.5000025 0.4232562 -0.7555473 0.5425477 0.4105496 -0.7328649 0.542549 0.4105495 -0.7328641 0.5837438 0.3968228 -0.7083608 0.5837427 0.396823 -0.7083616 0.6234896 0.3821085 -0.6820952 0.6234905 0.3821084 -0.6820945 0.6616839 0.3664452 -0.6541347 0.6616834 0.3664454 -0.6541352 0.6982375 0.349869 -0.6245447 0.6982375 0.349869 -0.6245448 0.7330503 0.3324251 -0.5934061 0.7330506 0.332425 -0.5934058 0.7660429 0.3141525 -0.5607911 0.7660488 0.3141502 -0.560784 0.7971313 0.2950999 -0.5267805 0.7971317 0.2950997 -0.5267801 0.8262358 0.2753153 -0.4914629 0.8262403 0.2753132 -0.4914567 0.8532941 0.2548411 -0.4549122 0.85329 0.2548433 -0.4549189 0.8782192 0.2337405 -0.4172486 0.8782228 0.2337384 -0.4172423 0.9009677 0.2120545 -0.3785368 0.9009704 0.2120526 -0.3785312 0.9214775 0.1898402 -0.3388803 0.9214751 0.1898421 -0.3388856 0.9396935 0.167156 -0.2983873 0.9396936 0.167156 -0.298387 0.9555715 0.1440594 -0.2571578 0.9555714 0.1440594 -0.2571579 0.9690772 0.1205987 -0.2152797 0.9690781 0.1205974 -0.2152762 0.9801725 0.0968409 -0.1728689 0.9801719 0.09684199 -0.1728719 0.988831 0.0728418 -0.1300286 0.988831 0.0728418 -0.1300286 0.9950308 0.04866209 -0.08686582 0.9950308 0.04866209 -0.08686581 0.9987569 0.02436137 -0.04348704 0.9987569 0.02436138 -0.04348705 1 0 0 1 -0 0 0.9987569 -0.02436137 0.04348704 0.9987569 -0.02436138 0.04348705 0.9950308 -0.0486621 0.08686582 0.9950308 -0.0486621 0.08686583 0.988831 -0.07284178 0.1300285 0.988831 -0.07284177 0.1300285 0.9801725 -0.09684092 0.172869 0.9801725 -0.09684093 0.172869 0.9690772 -0.1205992 0.2152794 0.9690772 -0.1205992 0.2152794 0.9555714 -0.1440588 0.2571582 0.9555728 -0.1440573 0.257154 0.9396936 -0.167156 0.2983872 0.9396918 -0.1671577 0.2983919 0.9214776 -0.1898402 0.3388802 0.9214776 -0.1898402 0.3388803 0.9009677 -0.2120555 0.3785364 0.9009676 -0.2120555 0.3785364 0.8782192 -0.2337407 0.4172487 0.8782227 -0.2337385 0.4172423 0.85329 -0.2548433 0.4549188 0.8532941 -0.254841 0.4549122 0.8262404 -0.2753131 0.4914565 0.8262356 -0.2753154 0.4914633 0.7971314 -0.2950998 0.5267804 0.7971371 -0.2950975 0.5267732 0.7660428 -0.3141538 0.5607903 0.7660429 -0.3141538 0.5607902 0.7330504 -0.332425 0.593406 0.7330504 -0.332425 0.593406 0.6982372 -0.349869 0.624545 0.6982375 -0.349869 0.6245447 0.6616842 -0.3664452 0.6541346 0.6616839 -0.3664452 0.6541348 0.6234897 -0.3821085 0.6820951 0.6234899 -0.3821085 0.6820949 0.5837535 -0.3968192 0.7083547 0.5837431 -0.3968211 0.7083622 0.5425374 -0.4105512 0.7328717 0.5425484 -0.4105495 0.7328645 0.5000031 -0.4232561 0.7555469 0.5000024 -0.4232563 0.7555473 0.4562139 -0.4349107 0.7763515 0.4562146 -0.4349107 0.7763511 0.4112857 -0.4454853 0.7952276 0.4112856 -0.4454853 0.7952276 0.3653426 -0.4549503 0.8121238 0.3653433 -0.4549502 0.8121234 0.3184778 -0.4632868 0.827005 0.3184777 -0.4632868 0.827005 0.2708374 -0.4704666 0.8398263 0.270851 -0.4704667 0.8398219 0.2225283 -0.4764807 0.850557 0.2225136 -0.4764803 0.8505611 0.173644 -0.4813104 0.8591787 0.173645 -0.4813105 0.8591785 0.1243537 -0.4849414 0.8656604 0.1243536 -0.4849414 0.8656604 0.07471904 -0.4873689 0.8699934 0.07471821 -0.4873689 0.8699936 0.02492747 -0.4885811 0.8721623 0.02494294 -0.4885831 0.8721608 0 -0.07628617 -0.9970859 0 -0.07628617 -0.9970859 0 -0.124006 -0.9922814 0 -0.124006 -0.9922814 0 -0.1714863 -0.9851865 0 -0.1714863 -0.9851865 0 -0.2185076 -0.9758353 -0 -0.2651999 -0.9641935 0 -0.2185076 -0.9758353 0 -0.2651999 -0.9641935 0 -0.3109151 -0.9504377 0 -0.3109151 -0.9504377 0 -0.3564368 -0.9343194 0 -0.3564368 -0.9343194 0 -0.400672 -0.9162216 -0 -0.4440859 -0.8959842 0 -0.400672 -0.9162216 0 -0.4440859 -0.8959842 0 -0.4867569 -0.8735375 0 -0.4867569 -0.8735375 0 -0.5280682 -0.8492019 0 -0.5280682 -0.8492019 0 -0.5681314 -0.8229377 -0 -0.6068439 -0.794821 0 -0.5681314 -0.8229377 0 -0.6068439 -0.794821 0 -0.6444194 -0.7646722 0 -0.6444194 -0.7646722 0 -0.6803169 -0.7329181 0 -0.6803169 -0.7329181 -0 -0.7147487 -0.6993813 0 -0.7147487 -0.6993813 0 -0.747435 -0.6643349 0 -0.747435 -0.6643349 -0 -0.7785532 -0.6275786 0 -0.7785532 -0.6275786 0 -0.8076352 -0.5896825 0 -0.8076352 -0.5896825 0 -0.834883 -0.5504274 0 -0.834883 -0.5504274 0 -0.8604885 -0.5094699 0 -0.8604885 -0.5094699 0 -0.0641432 0.9979407 0 -0.0641432 0.9979407 0 -0.01756565 0.9998457 0 -0.01756565 0.9998457 -0 0.02903763 0.9995784 0 0.02903763 0.9995784 0 -0.05233612 -0.9986295 0 -0.05233612 -0.9986295 0 0.9986294 -0.05233759 0 0.9986294 -0.05233759 0 0.05233612 0.9986295 0 0.05233612 0.9986295 -0 0.07627632 0.9970868 0 0.07627632 0.9970868 0 0.1240271 0.9922789 -0 0.1240271 0.9922789 0 0.1714849 0.9851868 -0 0.1714849 0.9851868 0 0.2185484 0.9758261 -0 0.2185484 0.9758261 0 0.311057 0.9503912 0 0.2651101 0.9642181 -0 0.2651101 0.9642181 0 0.311057 0.9503912 0 0.3562905 0.9343752 -0 0.3562905 0.9343752 0 0.4442057 0.8959248 0 0.400706 0.9162067 -0 0.400706 0.9162067 0 0.4442057 0.8959248 0 0.4866663 0.873588 -0 0.4866663 0.873588 0 0.5681432 0.8229297 0 0.5280107 0.8492377 -0 0.5280107 0.8492377 0 0.5681432 0.8229297 -0 0.6069577 0.7947341 0 0.6443945 0.7646932 0 0.6069577 0.7947341 0 0.6443945 0.7646932 -0 0.6803386 0.732898 0 0.7147141 0.6994168 0 0.6803386 0.732898 0 0.7147141 0.6994168 0 0.7474352 0.6643348 -0 0.7474352 0.6643348 0 0.7784473 0.62771 -0 0.7784473 0.62771 0 0.8076785 0.5896231 -0 0.8076785 0.5896231 0 0.8350108 0.5502337 -0 0.8350108 0.5502337 0 0.8604555 0.5095254 -0 0.8604555 0.5095254 -1.971911e-07 0.8724326 0.4887344 1.484811e-06 0.8724349 0.4887304 1.043708e-06 0.8724344 0.4887311 -8.175423e-06 0.8724232 0.4887512 2.355733e-07 0.8724331 0.4887335 2.141264e-06 0.8724346 0.4887309 2.448156e-07 0.8724332 0.4887334 7.527272e-06 0.87244 0.4887213 -1.86049e-06 0.872429 0.4887409 -8.048458e-06 0.8724256 0.4887469 -2.217104e-06 0.8724282 0.4887424 8.971096e-06 0.87244 0.4887212 5.438737e-06 0.8724469 0.4887089 -1.095522e-05 0.8724244 0.488749 -7.352112e-06 0.8724123 0.4887707 8.450571e-06 0.8724385 0.4887239 6.964149e-06 0.8724551 0.4886944 -7.897656e-06 0.8724275 0.4887435 -2.875436e-06 0.8724227 0.488752 1.177617e-05 0.8724399 0.4887215 1.900669e-06 0.8724399 0.4887214 -1.568637e-05 0.8724238 0.4887503 -5.061917e-06 0.8724126 0.48877 1.670697e-05 0.8724416 0.4887184 2.424542e-06 0.8724443 0.4887136 -3.514719e-06 0.8724311 0.4887372 4.559688e-06 0.8724539 0.4886965 4.217254e-06 0.8724349 0.4887303 -1.58658e-05 0.8724254 0.4887472 1.699393e-05 0.8724402 0.4887209 -1.925496e-05 0.8724245 0.4887487 6.583591e-06 0.8724353 0.4887296 -5.476621e-06 0.8724304 0.4887383 6.753563e-06 0.8724298 0.4887396 -8.525346e-06 0.8724349 0.4887304 1.21888e-05 0.8724293 0.4887403 -1.558436e-05 0.8724377 0.4887255 1.314804e-05 0.8724286 0.4887416 -8.19111e-06 0.8724352 0.4887299 9.747578e-06 0.8724295 0.48874 -9.532951e-06 0.8724366 0.4887275 1.106435e-05 0.8724288 0.4887411 -3.356954e-06 0.8724338 0.4887323 -6.646153e-06 0.8724356 0.4887291 -3.302079e-06 0.8724341 0.4887317 0 0.8724329 0.4887337 8.942958e-08 0.8724326 0.4887344 -2.910917e-06 0.872434 0.488732 -2.070913e-07 0.8724326 0.4887345 1.825187e-05 0.8724229 0.4887517 -1.466154e-05 0.872441 0.4887194 4.058959e-06 0.8724302 0.4887387 6.613204e-06 0.8724287 0.4887415 -2.250745e-06 0.8724343 0.4887315 2.571777e-06 0.872431 0.4887371 -1.247747e-05 0.8724415 0.4887186 1.56908e-05 0.8724213 0.4887547 -1.033062e-05 0.8724406 0.4887201 -5.552934e-06 0.872437 0.4887267 3.347353e-06 0.8724312 0.4887369 -1.684875e-05 0.8724414 0.4887188 1.513458e-05 0.872424 0.4887498 -1.171835e-05 0.8724397 0.4887218 7.878711e-06 0.8724278 0.4887431 -8.674922e-06 0.8724387 0.4887236 1.097376e-05 0.8724243 0.4887491 -9.155686e-06 0.87244 0.4887211 8.269973e-06 0.8724255 0.4887471 -7.56435e-06 0.8724402 0.4887211 -2.09451e-06 0.8724347 0.4887306 8.1849e-06 0.8724231 0.4887513 -1.542661e-06 0.8724351 0.48873 3.155057e-07 0.8724326 0.4887344 -1.05384e-06 0.8724346 0.488731 -2.512782e-07 0.8724331 0.4887336 -2.611366e-07 0.8724331 0.4887336 1.911698e-06 0.872429 0.488741 2.205119e-06 0.872428 0.4887426 -5.445095e-06 0.8724471 0.4887086 7.358926e-06 0.8724124 0.4887705 -6.964152e-06 0.8724549 0.4886946 2.911834e-06 0.8724226 0.4887522 -1.873644e-06 0.87244 0.4887213 5.033776e-06 0.8724125 0.4887703 -2.433491e-06 0.8724442 0.4887137 -4.557883e-06 0.8724539 0.4886964 4.421814e-06 0.8724109 0.4887732 1.488252e-05 0.8724207 0.4887557 -4.217254e-06 0.8724349 0.4887303 -1.730699e-05 0.8724471 0.4887085 1.58658e-05 0.8724254 0.4887472 2.054313e-05 0.8724151 0.4887656 -1.699393e-05 0.8724402 0.4887209 1.925496e-05 0.8724245 0.4887487 -6.583591e-06 0.8724353 0.4887296 5.476621e-06 0.8724304 0.4887383 -8.942958e-08 0.8724326 0.4887344 0 0.872433 0.4887338 -2.09275e-05 0.8724146 0.4887664 1.749989e-05 0.8724473 0.4887083 -1.577246e-05 0.8724201 0.4887568 6.056189e-06 0.8724369 0.4887267 1.045312e-05 0.8724402 0.4887209 -1.548009e-05 0.872422 0.4887534 1.247747e-05 0.8724416 0.4887183 -3.245517e-06 0.8724302 0.4887387 2.700897e-06 0.8724346 0.4887308 -6.146696e-06 0.8724287 0.4887414 -4.300888e-06 0.87243 0.4887391 1.438393e-05 0.8724411 0.4887193 -1.838242e-05 0.8724229 0.4887517 8.283639e-07 0.8724329 0.4887339 2.472992e-06 0.8724337 0.4887325 0 0.8724329 0.4887337 3.302079e-06 0.8724341 0.4887317 6.646153e-06 0.8724356 0.4887291 3.356954e-06 0.8724338 0.4887323 -1.106435e-05 0.8724288 0.4887411 9.532951e-06 0.8724366 0.4887275 -9.747578e-06 0.8724295 0.48874 8.19111e-06 0.8724352 0.4887299 -1.314804e-05 0.8724286 0.4887416 1.558436e-05 0.8724377 0.4887255 -1.21888e-05 0.8724293 0.4887403 8.525346e-06 0.8724349 0.4887304 -6.753563e-06 0.8724298 0.4887396 0 0.8724322 0.488735 5.401745e-06 0.8724599 0.4886856 -4.46557e-06 0.8724109 0.4887732 -5.478467e-06 0.8724597 0.4886859 0 0.07628775 0.9970858 -0 0.07628775 0.9970858 -0 0.1240148 0.9922803 0 0.1240148 0.9922803 -0 0.1715001 0.9851841 0 0.1715001 0.9851841 -0 0.2184948 0.9758381 -0 0.265149 0.9642075 0 0.2184948 0.9758381 -0 0.265149 0.9642075 -0 0.3110301 0.9504001 0 0.3110301 0.9504001 -0 0.3563372 0.9343575 0 0.3563372 0.9343575 -0 0.4007339 0.9161946 -0 0.44415 0.8959525 0 0.4007339 0.9161946 -0 0.44415 0.8959525 -0 0.4866121 0.8736181 0 0.4866121 0.8736181 -0 0.52809 0.8491884 0 0.52809 0.8491884 -0 0.5681913 0.8228964 -0 0.6068443 0.7948207 0 0.5681913 0.8228964 -0 0.6068443 0.7948207 0 0.6444805 0.7646207 -0 0.6444805 0.7646207 0 0.6802368 0.7329925 -0 0.6802368 0.7329925 -0 0.7147088 0.6994221 -0 0.7147088 0.6994221 0 0.7475613 0.6641929 -0 0.7475613 0.6641929 -0 0.7783898 0.6277813 -0 0.7783898 0.6277813 -0 0.8076912 0.5896058 0 0.8076912 0.5896058 -0 0.8349417 0.5503384 0 0.8349417 0.5503384 -0 0.8604336 0.5095626 0 0.8604336 0.5095626 0 -0.08738939 0.9961742 0 -0.08738939 0.9961742 -0 -0.9961705 -0.08743262 0 -0.9961705 -0.08743262 0 0.08738946 -0.9961742 0 0.08738946 -0.9961742 0 0.06414219 -0.9979408 0 0.06414219 -0.9979408 0 0.01758854 -0.9998453 0 0.01758854 -0.9998453 0 -0.02906028 -0.9995776 0 -0.02906028 -0.9995776 -0 -0.8724324 -0.4887347 0 -0.8724324 -0.4887347 0 -0.07627906 -0.9970865 0 -0.07627906 -0.9970865 0 -0.1240235 -0.9922792 0 -0.1240235 -0.9922792 0 -0.1714862 -0.9851865 0 -0.1714862 -0.9851865 0 -0.2185479 -0.9758263 0 -0.2185479 -0.9758263 0 -0.3110603 -0.9503902 0 -0.2651079 -0.9642187 0 -0.2651079 -0.9642187 0 -0.3110603 -0.9503902 0 -0.3562955 -0.9343733 0 -0.3562955 -0.9343733 0 -0.4441947 -0.8959302 0 -0.4007013 -0.9162087 0 -0.4007013 -0.9162087 0 -0.4441947 -0.8959302 0 -0.4866682 -0.8735869 0 -0.4866682 -0.8735869 0 -0.5681511 -0.8229243 0 -0.528013 -0.8492363 0 -0.528013 -0.8492363 0 -0.5681511 -0.8229243 0 -0.6069546 -0.7947365 0 -0.644401 -0.7646878 0 -0.6069546 -0.7947365 0 -0.644401 -0.7646878 0 -0.6803294 -0.7329065 0 -0.7147123 -0.6994186 0 -0.6803294 -0.7329065 0 -0.7147123 -0.6994186 0 -0.7474461 -0.6643225 0 -0.7474461 -0.6643225 0 -0.7784514 -0.627705 0 -0.7784514 -0.627705 0 -0.8076674 -0.5896383 0 -0.8076674 -0.5896383 0 -0.8350126 -0.5502309 0 -0.8604652 -0.5095093 0 -0.8350126 -0.5502309 0 -0.8604652 -0.5095093 1 0 -0 1 0 0 1 0 0 1 0 0 1 0 0 1 0 -0 1 0 0 1 0 -0 1 0 0 1 0 -0 1 0 0 1 0 -0 1 0 -0 1 0 0 1 0 0 1 0 -0 1 0 -0 1 0 0 1 0 0 1 0 0 1 0 -0 1 0 -0 1 0 0 1 0 -0 1 0 0 1 0 -0 1 0 0 1 0 -0 1 0 0 1 0 -0 1 0 0 1 0 -0 1 0 0 1 0 -0 1 0 0 1 0 -0 1 0 0 1 0 -0 1 0 0 1 0 -0 1 0 0 1 0 0 1 0 0 1 0 0 1 0 -0 1 0 0 1 0 0 1 0 0 1 0 0 1 0 0 1 0 0 1 0 0 1 0 0 1 0 0 1 0 0 1 0 0 1 0 0 1 0 0 1 0 0 1 0 0 1 0 -0 1 0 0 1 0 0 1 0 -0 1 0 -0 1 0 0 1 0 0 1 0 -0 1 0 -0 1 0 0 1 0 0 1 0 -0 1 0 -0 1 0 0 1 0 -0 1 0 0 1 0 -0 1 0 0 1 0 0 1 0 -0 1 0 0 1 0 -0 1 0 -0 1 0 0 1 0 -0 1 0 0 1 0 -0 1 0 0 1 0 0 1 0 -0 1 0 0 1 0 -0 1 0 -0 1 0 0 1 0 -0 1 0 0 -1 0 0 -1 0 -0 -1 0 0 -1 0 -0 -1 0 0 -1 0 0 -1 -0 0 -1 0 0 -1 0 -0 -1 -0 0 -1 -0 0 -1 0 0 -1 0 0 -1 -0 0 -1 0 0 -1 -0 0 -1 0 0 -1 -0 0 -1 -0 0 -1 -0 0 -1 0 0 -1 0 0 -1 -0 0 -1 0 0 -1 -0 0 -1 0 0 -1 0 0 -1 -0 0 -1 -0 0 -1 0 0 -1 -0 0 -1 0 0 -1 -0 0 -1 0 0 -1 -0 0 -1 0 0 -1 0 -0 -1 0 0 -1 0 -0 -1 0 0 -1 0 0 -1 0 -0 -1 0 0 -1 0 -0 -1 0 0 -1 0 -0 -1 0 0 -1 0 0 -1 0 -0 -1 0 -0 -1 0 -0 -1 0 0 -1 0 -0 -1 0 0 -1 0 -0 -1 0 0 -1 0 -0 -1 0 0 -1 0 -0 -1 0 0 -1 -0 0 -1 0 -0 -1 0 -0 -1 -0 0 -1 -0 0 -1 0 -0 -1 0 -0 -1 -0 0 -1 -0 0 -1 0 -0 -1 0 -0 -1 -0 0 -1 -0 0 -1 0 -0 -1 -0 0 -1 0 -0 -1 -0 0 -1 0 -0 -1 0 -0 -1 0 0 -1 0 -0 -1 0 0 -1 -0 0 -1 0 -0 -1 -0 0 -1 0 -0 -1 -0 0 -1 0 -0 -1 0 -0 -1 0 0 -1 0 -0 -1 0 0 -1 -0 0 -1 0 -0 -1 0 -0 -1 -0 0 -0.02494294 -0.4885809 0.8721619 -0.02492742 -0.4885833 0.8721611 -0.07471921 -0.4873688 0.8699935 -0.07471821 -0.487369 0.8699935 -0.1243536 -0.4849415 0.8656605 -0.1243536 -0.4849414 0.8656604 -0.1736443 -0.4813105 0.8591787 -0.173645 -0.4813103 0.8591785 -0.2225283 -0.4764786 0.8505582 -0.2225136 -0.4764824 0.8505599 -0.2708373 -0.4704686 0.8398252 -0.270851 -0.4704648 0.839823 -0.3184776 -0.4632868 0.827005 -0.3184777 -0.4632868 0.827005 -0.3653425 -0.4549504 0.8121237 -0.3653434 -0.4549501 0.8121235 -0.4112856 -0.4454853 0.7952276 -0.4112857 -0.4454853 0.7952276 -0.4562145 -0.4349106 0.7763512 -0.4562138 -0.4349108 0.7763514 -0.5000024 -0.4232564 0.7555472 -0.5000031 -0.423256 0.7555469 -0.5425484 -0.4105476 0.7328655 -0.5425374 -0.410553 0.7328707 -0.5837432 -0.3968228 0.7083611 -0.5837534 -0.3968175 0.7083557 -0.6234899 -0.3821084 0.6820949 -0.6234897 -0.3821086 0.6820951 -0.6616839 -0.3664453 0.6541348 -0.6616842 -0.3664451 0.6541346 -0.6982375 -0.3498689 0.6245447 -0.6982373 -0.3498691 0.6245449 -0.7330503 -0.332425 0.593406 -0.7330504 -0.3324251 0.593406 -0.7660428 -0.3141538 0.5607903 -0.7660428 -0.3141538 0.5607903 -0.7971314 -0.2951011 0.5267797 -0.7971369 -0.2950963 0.5267741 -0.8262404 -0.2753119 0.4914572 -0.8262355 -0.2753166 0.4914627 -0.8532899 -0.2548444 0.4549182 -0.8532941 -0.25484 0.4549129 -0.8782227 -0.2337374 0.4172429 -0.8782191 -0.2337417 0.4172481 -0.9009677 -0.2120555 0.3785364 -0.9009677 -0.2120555 0.3785364 -0.9214775 -0.1898402 0.3388803 -0.9214776 -0.1898402 0.3388803 -0.9396936 -0.1671553 0.2983876 -0.9396917 -0.1671584 0.2983915 -0.9555715 -0.1440594 0.2571578 -0.9555727 -0.1440566 0.2571543 -0.9690772 -0.1205992 0.2152794 -0.9690772 -0.1205992 0.2152794 -0.9801725 -0.0968409 0.1728689 -0.9801725 -0.09684093 0.172869 -0.9888309 -0.07284181 0.1300286 -0.988831 -0.07284178 0.1300285 -0.9950308 -0.0486621 0.08686582 -0.9950308 -0.0486621 0.08686583 -0.9987569 -0.02436137 0.04348705 -0.9987569 -0.02436138 0.04348705 -1 0 0 -1 0 0 -0.9987569 0.02436137 -0.04348705 -0.9987569 0.02436138 -0.04348705 -0.9950308 0.0486621 -0.08686582 -0.9950308 0.04866208 -0.08686581 -0.988831 0.0728418 -0.1300286 -0.988831 0.0728418 -0.1300286 -0.9801725 0.09684047 -0.1728692 -0.9801719 0.09684244 -0.1728717 -0.9690772 0.1205992 -0.2152794 -0.9690782 0.1205968 -0.2152765 -0.9555715 0.1440593 -0.2571577 -0.9555715 0.1440594 -0.2571579 -0.9396936 0.1671561 -0.2983872 -0.9396936 0.1671559 -0.298387 -0.9214775 0.1898394 -0.3388808 -0.9214752 0.1898429 -0.3388852 -0.9009677 0.2120554 -0.3785363 -0.9009705 0.2120516 -0.3785318 -0.8782228 0.2337374 -0.4172429 -0.8782192 0.2337416 -0.4172479 -0.8532941 0.2548399 -0.4549129 -0.8532898 0.2548445 -0.4549184 -0.8262359 0.2753163 -0.4914623 -0.8262402 0.2753121 -0.4914574 -0.7971317 0.2950997 -0.5267801 -0.7971313 0.2950999 -0.5267805 -0.7660429 0.3141525 -0.5607911 -0.766049 0.3141502 -0.560784 -0.7330506 0.3324249 -0.5934058 -0.7330502 0.3324252 -0.5934062 -0.6982375 0.349869 -0.6245447 -0.6982375 0.349869 -0.6245447 -0.6616835 0.3664455 -0.6541352 -0.6616838 0.3664452 -0.6541349 -0.6234896 0.3821085 -0.6820952 -0.6234905 0.3821084 -0.6820945 -0.5837426 0.3968231 -0.7083615 -0.5837438 0.3968225 -0.7083609 -0.542549 0.4105492 -0.7328642 -0.5425479 0.4105498 -0.7328647 -0.5000025 0.4232565 -0.7555472 -0.5000038 0.4232559 -0.7555466 -0.4562016 0.4349138 -0.776357 -0.456214 0.4349088 -0.7763525 -0.4112864 0.445483 -0.7952285 -0.4112993 0.4454821 -0.7952223 -0.3653284 0.454953 -0.8121287 -0.3653421 0.4549484 -0.8121251 -0.3184776 0.4632871 -0.827005 -0.3184932 0.4632822 -0.8270016 -0.2708373 0.4704686 -0.8398252 -0.2708358 0.4704691 -0.8398255 -0.2225285 0.4764805 -0.850557 -0.2225284 0.4764806 -0.850557 -0.1736442 0.4813104 -0.8591787 -0.1243537 0.4849414 -0.8656604 -0.1736441 0.4813104 -0.8591787 -0.1243383 0.4849402 -0.8656633 -0.07471921 0.4873688 -0.8699935 -0.07473453 0.4873662 -0.8699937 -0.02494203 0.4885811 -0.872162 -0.02492828 0.4885832 -0.8721611 -8.281706e-06 0.8724279 0.4887429 1.55043e-05 0.8724386 0.4887237 1.369015e-05 0.872437 0.4887264 4.381621e-06 0.8724327 0.4887343 5.487466e-06 0.872433 0.4887337 -2.800863e-05 0.8724233 0.488751 3.5154e-06 0.8724322 0.4887352 -4.526052e-06 0.8724295 0.4887398 -1.143545e-05 0.8724253 0.4887476 -1.48619e-06 0.8724342 0.4887315 1.588947e-06 0.8724364 0.4887277 -1.900616e-06 0.8724375 0.4887256 1.081782e-05 0.8724397 0.4887216 -1.155591e-06 0.8724317 0.4887361 -3.177873e-06 0.872431 0.4887373 -1.223243e-05 0.8724305 0.4887382 1.853784e-05 0.8724429 0.4887161 -7.126082e-06 0.8724235 0.4887508 -1.293265e-05 0.87243 0.4887391 -4.71576e-06 0.8724278 0.4887429 8.089143e-06 0.872432 0.4887356 -9.629894e-08 0.8724298 0.4887395 1.890616e-05 0.8724395 0.4887221 6.745044e-06 0.8724375 0.4887257 -8.185422e-06 0.8724302 0.4887388 -2.864915e-06 0.8724352 0.4887298 -4.730065e-06 0.8724308 0.4887378 -3.815495e-06 0.8724325 0.4887348 -1.377076e-05 0.8724291 0.4887408 -1.61765e-05 0.8724281 0.4887426 -6.48776e-06 0.8724295 0.4887399 1.46136e-05 0.8724422 0.4887173 5.994623e-06 0.8724315 0.4887363 -2.586534e-06 0.8724314 0.4887367 6.452073e-06 0.8724348 0.4887305 6.659288e-06 0.8724366 0.4887275 1.664108e-05 0.8724366 0.4887273 -4.81496e-06 0.8724312 0.4887368 5.392763e-06 0.8724328 0.4887341 2.086371e-06 0.8724298 0.4887394 -1.109834e-05 0.87242 0.4887569 2.753584e-07 0.8724399 0.4887215 -1.28112e-05 0.8724313 0.4887368 -1.733389e-06 0.8724327 0.4887343 6.644989e-07 0.8724343 0.4887315 2.797317e-05 0.8724318 0.4887359 -3.558247e-06 0.8724252 0.4887476 2.2871e-07 0.8724288 0.4887413 3.996454e-06 0.8724391 0.4887226 -2.544365e-05 0.8724266 0.4887453 7.318765e-06 0.8724344 0.4887312 6.237692e-06 0.8724312 0.4887372 1.223004e-05 0.8724338 0.4887324 2.000643e-05 0.8724354 0.4887295 6.402031e-06 0.8724318 0.488736 -9.027968e-07 0.8724229 0.4887518 1.040034e-05 0.8724334 0.488733 -2.330443e-05 0.8724326 0.4887344 -2.783384e-05 0.8724318 0.4887359 1.7863e-06 0.8724406 0.4887204 -2.159972e-06 0.8724349 0.4887304 2.3528e-05 0.8724318 0.488736 -2.01494e-06 0.8724378 0.4887252 -7.072711e-06 0.8724293 0.4887403 2.330443e-05 0.8724326 0.4887344 -1.040034e-05 0.8724334 0.488733 -2.35289e-05 0.8724318 0.488736 -6.737788e-06 0.8724229 0.4887519 -9.058186e-07 0.8724349 0.4887305 2.783027e-05 0.8724318 0.4887359 -4.715784e-07 0.872432 0.4887355 1.715343e-06 0.8724377 0.4887252 -2.032436e-05 0.8724341 0.4887317 -1.213375e-05 0.8724348 0.4887305 3.222452e-06 0.8724318 0.4887358 1.263918e-06 0.8724247 0.4887485 2.737298e-05 0.8724319 0.4887357 0 0.872429 0.4887408 -9.052113e-06 0.8724299 0.4887392 -5.044519e-06 0.8724422 0.4887173 -4.866187e-06 0.8724433 0.4887154 -2.595836e-05 0.8724362 0.4887282 -6.823616e-07 0.8724343 0.4887314 -1.36473e-06 0.8724246 0.4887488 1.280406e-05 0.8724313 0.4887368 4.81496e-06 0.8724312 0.4887368 -4.328959e-06 0.8724331 0.4887336 -4.216059e-06 0.8724295 0.4887399 -1.79629e-05 0.8724346 0.4887307 -4.333479e-06 0.8724344 0.4887312 3.006347e-06 0.8724329 0.4887337 4.769305e-06 0.8724198 0.4887572 3.858372e-06 0.8724329 0.4887338 1.377076e-05 0.8724291 0.4887408 -7.511358e-06 0.8724334 0.4887329 -3.244071e-06 0.8724287 0.4887415 -7.30601e-06 0.8724458 0.4887109 1.61765e-05 0.8724281 0.4887426 -5.717777e-06 0.8724333 0.4887332 4.814942e-08 0.8724278 0.4887429 -4.637177e-06 0.8724301 0.4887387 4.715776e-06 0.8724307 0.4887378 -8.089143e-06 0.872432 0.4887356 1.564858e-07 0.8724298 0.4887395 1.094621e-05 0.8724225 0.4887524 -1.889186e-05 0.8724394 0.4887221 2.876944e-06 0.872433 0.4887337 -9.268847e-06 0.8724359 0.4887285 -1.309718e-05 0.8724429 0.4887162 1.090342e-05 0.8724285 0.4887418 -2.648227e-07 0.872431 0.4887373 2.293572e-06 0.8724272 0.4887441 6.548361e-06 0.8724334 0.4887331 -1.483337e-05 0.8724371 0.4887265 -7.391011e-06 0.8724368 0.4887269 -5.873311e-06 0.8724348 0.4887304 -1.600984e-06 0.8724364 0.4887277 1.48619e-06 0.8724343 0.4887315 2.696369e-06 0.8724288 0.4887412 -9.288675e-07 0.8724328 0.488734 1.201332e-05 0.8724298 0.4887393 2.363579e-05 0.8724209 0.4887553 -4.333471e-06 0.8724327 0.4887343 -5.701817e-06 0.8724331 0.4887336 -1.291848e-05 0.8724375 0.4887257 -1.615432e-05 0.8724384 0.4887242 1.126063e-05 0.8724245 0.4887487 6.5724e-06 0.8724287 0.4887415 -4.634408e-06 0.8724326 0.4887346 -5.20166e-06 0.8724331 0.4887336 -1.372275e-05 0.8724378 0.488725 6.859344e-07 0.8724346 0.488731 2.624145e-06 0.8724288 0.4887412 -1.257542e-06 0.8724331 0.4887335 2.019864e-05 0.8724265 0.4887452 -3.315335e-06 0.8724313 0.4887368 1.144749e-05 0.8724253 0.4887475 1.914907e-06 0.8724375 0.4887257 -2.246198e-05 0.8724384 0.4887242 -1.486195e-05 0.8724371 0.4887265 1.038897e-05 0.8724286 0.4887415 -1.012362e-05 0.8724456 0.4887111 2.229266e-06 0.8724272 0.4887441 2.780645e-06 0.8724329 0.4887338 7.132101e-06 0.8724235 0.4887508 -6.745044e-06 0.8724375 0.4887257 4.71576e-06 0.8724278 0.488743 4.044573e-06 0.8724325 0.4887345 1.360432e-05 0.8724313 0.4887366 7.202295e-06 0.8724331 0.4887335 8.161347e-06 0.8724302 0.4887387 -2.672322e-06 0.8724377 0.4887255 -1.200392e-05 0.8724398 0.4887214 2.864915e-06 0.8724352 0.4887298 3.82264e-06 0.8724325 0.4887348 1.377075e-05 0.8724291 0.4887407 2.629405e-06 0.8724313 0.4887367 -2.872329e-06 0.8724276 0.4887433 -6.716972e-06 0.8724439 0.4887144 -6.909493e-06 0.872435 0.4887303 -6.66286e-06 0.8724365 0.4887275 -5.994624e-06 0.8724315 0.4887364 -3.767719e-06 0.8724344 0.4887312 -1.794861e-05 0.8724347 0.4887308 1.15465e-05 0.8724301 0.4887387 2.686577e-06 0.8724347 0.4887307 4.879222e-06 0.8724309 0.4887375 5.2535e-06 0.8724192 0.4887584 5.272388e-06 0.8724321 0.4887353 -3.099662e-06 0.8724396 0.4887221 9.831708e-06 0.8724329 0.4887339 -7.888244e-06 0.8724347 0.4887308 1.143555e-06 0.8724326 0.4887343 1.814633e-06 0.872429 0.4887409 -1.200381e-06 0.8724315 0.4887365 1.127135e-06 0.872425 0.488748 -6.825231e-06 0.8724344 0.4887312 -8.239675e-06 0.8724389 0.4887232 1.531915e-05 0.8724325 0.4887347 -7.773911e-06 0.8724335 0.4887326 1.718944e-05 0.8724326 0.4887344 -4.074621e-06 0.8724227 0.4887522 -5.019451e-07 0.8724321 0.4887354 -5.729816e-06 0.8724332 0.4887333 -9.268841e-07 0.8724349 0.4887305 2.011367e-06 0.8724378 0.4887252 1.870256e-06 0.8724406 0.4887202 -1.246116e-05 0.8724363 0.4887277 -1.0854e-05 0.8724334 0.4887331 1.246116e-05 0.8724363 0.4887277 7.073464e-06 0.8724293 0.4887403 1.085475e-05 0.8724334 0.4887331 7.342848e-06 0.8724347 0.4887308 -9.002771e-07 0.872423 0.4887515 7.773911e-06 0.8724335 0.4887326 5.732825e-06 0.8724332 0.4887333 -3.226024e-06 0.8724318 0.4887358 -3.136711e-06 0.8724322 0.4887352 1.336161e-06 0.8724376 0.4887255 -1.531916e-05 0.8724328 0.4887342 8.002566e-06 0.8724345 0.4887311 -1.712322e-05 0.8724324 0.4887348 -1.263918e-06 0.8724247 0.4887485 6.771063e-06 0.8724346 0.488731 4.401451e-06 0.8724423 0.4887171 5.39283e-06 0.8724432 0.4887155 -9.260085e-06 0.8724316 0.4887361 -1.637091e-06 0.8724337 0.4887325 -3.563048e-06 0.8724252 0.4887477 6.53066e-06 0.8724336 0.4887327 -5.284425e-06 0.8724321 0.4887352 -1.15465e-05 0.8724301 0.4887387 6.090936e-06 0.8724328 0.4887341 -4.769305e-06 0.8724199 0.4887573 2.114951e-06 0.8724298 0.4887393 1.657677e-05 0.8724367 0.4887271 4.935343e-06 0.8724327 0.4887342 -3.009356e-06 0.8724329 0.4887337 -2.629405e-06 0.8724313 0.4887367 6.909493e-06 0.872435 0.4887303 -5.079782e-06 0.8724303 0.4887384 1.717711e-05 0.8724439 0.4887144 -1.377075e-05 0.8724291 0.4887407 1.200392e-05 0.8724398 0.4887214 7.222449e-06 0.8724329 0.4887337 -6.802078e-06 0.8724214 0.4887544 2.800886e-06 0.8724306 0.488738 -7.202295e-06 0.8724331 0.4887335 2.660285e-06 0.8724377 0.4887255 -3.502874e-06 0.8724288 0.4887412 -1.200379e-05 0.8724301 0.4887388 -1.223242e-05 0.8724301 0.488739 -5.296471e-06 0.8724337 0.4887327 -2.286427e-06 0.8724272 0.4887441 1.686269e-05 0.8724416 0.4887182 6.066888e-06 0.8724369 0.4887268 -1.167629e-06 0.8724317 0.488736 2.648227e-07 0.872431 0.4887372 2.125826e-05 0.8724392 0.4887227 1.62338e-05 0.872436 0.4887283 3.315335e-06 0.8724313 0.4887368 8.233633e-06 0.8724365 0.4887275 9.431579e-07 0.8724328 0.4887341 4.801541e-06 0.8724353 0.4887297 -2.019864e-05 0.8724265 0.4887452 5.373141e-06 0.8724333 0.4887333 -2.672294e-06 0.8724288 0.4887412 2.515088e-06 0.8724328 0.4887341 -1.337559e-05 0.8724256 0.4887469 1.103841e-05 0.8724393 0.4887223 4.62237e-06 0.8724326 0.4887346 -4.863089e-06 0.8724278 0.4887429 -0.000628289 0.8600624 0.5101885 -0.02493744 0.5098533 -0.8598999 -0.02493508 0.5098795 -0.8598844 -0.02486117 0.5514886 -0.8338119 -0.02487874 0.5513018 -0.833935 -0.02474689 0.591581 -0.8058656 -0.02474151 0.5916355 -0.8058259 -0.02457068 0.6305426 -0.7757657 -0.02456674 0.6305804 -0.7757351 -0.02431817 0.6678649 -0.7438852 -0.02433336 0.6677273 -0.7440081 -0.0240299 0.7035277 -0.7102615 -0.02402012 0.703611 -0.7101793 -0.02368692 0.7374502 -0.674986 -0.0236748 0.7375469 -0.6748808 -0.02326191 0.7698383 -0.637815 -0.02327478 0.7697427 -0.6379298 -0.022782 0.800221 -0.5992722 -0.02279517 0.8001305 -0.5993927 -0.02225121 0.8285786 -0.5594304 -0.02226184 0.8285112 -0.5595297 -0.02166603 0.8550875 -0.5180308 -0.02167415 0.8550406 -0.518108 -0.02106151 0.8793603 -0.4756911 -0.02103623 0.8794928 -0.475447 -0.02040415 0.9017311 -0.4318157 -0.02037495 0.9018683 -0.4315304 -0.07469787 0.5086656 -0.8577176 -0.07469596 0.5086868 -0.8577052 -0.0196767 0.9218273 -0.3871009 -0.01967395 0.9218388 -0.3870739 -0.07451763 0.5501568 -0.8317299 -0.07452409 0.5500909 -0.8317729 -0.01886199 0.9398348 -0.3411082 -0.01890006 0.9396967 -0.3414863 -0.07416296 0.5905254 -0.8036041 -0.07417309 0.5904298 -0.8036734 -0.01807965 0.9553086 -0.2950568 -0.0180415 0.9554269 -0.2946761 -0.07363455 0.62934 -0.7736337 -0.07362957 0.6293835 -0.7735988 -0.01717809 0.9687526 -0.2474337 -0.0172143 0.9686592 -0.247796 -0.07291748 0.6665422 -0.7418924 -0.07291757 0.6665416 -0.7418931 -0.01627347 0.9797172 -0.1997233 -0.01627763 0.9797086 -0.199765 -0.07202171 0.7024556 -0.7080741 -0.07202384 0.70244 -0.7080895 -0.01533291 0.988372 -0.1512801 -0.01532703 0.9883811 -0.1512214 -0.07096571 0.7362812 -0.6729441 -0.07094907 0.7363939 -0.6728227 -0.01436028 0.9945999 -0.102786 -0.01435207 0.9946083 -0.1027043 -0.06971037 0.7687193 -0.6357762 -0.06972814 0.7686094 -0.6359069 -0.01335122 0.9984581 -0.0538811 -0.01334122 0.9984636 -0.05378205 -0.06832056 0.7990202 -0.5974104 -0.06832695 0.7989841 -0.5974578 -0.01230239 0.9999126 -0.004859229 -0.01231404 0.9999118 -0.004973786 -0.06674605 0.8276171 -0.5573104 -0.06678379 0.8274252 -0.5575908 -0.06505224 0.8539824 -0.5162192 -0.01120631 0.9989532 0.04434956 -0.01123549 0.9989654 0.0440653 -0.06503968 0.8538221 -0.5164858 -0.01011247 0.9955904 0.09325887 -0.01009805 0.9955777 0.09339773 -0.06315036 0.8784658 -0.4736136 -0.06313372 0.8785338 -0.4734899 -0.008956793 0.9898023 0.1421664 -0.008983812 0.9898388 0.1419096 -0.06111187 0.9007952 -0.4299226 -0.06108968 0.9008752 -0.429758 -0.007824837 0.981703 0.1902578 -0.007808057 0.9816726 0.1904148 -0.1243035 0.5062605 -0.8533751 -0.1243169 0.5061138 -0.8534601 -0.0589126 0.9208702 -0.3853924 -0.0589264 0.9208266 -0.3854945 -0.00666357 0.9711589 0.2383403 -0.006646266 0.9711199 0.2384995 -0.124013 0.5477365 -0.8274089 -0.1240038 0.5478275 -0.82735 -0.05657426 0.93889 -0.3395364 -0.056616 0.9387763 -0.3398437 -0.005492924 0.9583329 0.2856009 -0.005474599 0.9582837 0.2857663 -0.1225184 0.6269491 -0.7693661 -0.1234142 0.5881054 -0.7993129 -0.123413 0.5881166 -0.7993048 -0.05415766 0.954434 -0.2934666 -0.05410836 0.9545476 -0.2931059 -0.05153428 0.9678222 -0.2463015 -0.004293563 0.9431909 0.3322237 -0.004271189 0.9431213 0.3324214 -0.1225074 0.6267937 -0.7694944 -0.05154578 0.9679387 -0.2458411 -0.003039499 0.9256301 0.3784172 -0.003062477 0.9257111 0.3782189 -0.1213289 0.6641744 -0.7376664 -0.1213123 0.6642949 -0.7375606 -0.04885588 0.978868 -0.1985717 -0.04881901 0.9789235 -0.1983063 -0.0006066989 0.8842615 0.4669916 -0.00183964 0.9060254 0.4232194 -0.0006172782 0.8841763 0.467153 -0.001821891 0.9059556 0.4233687 -0.1198386 0.7001168 -0.7039 -0.1198388 0.7001155 -0.7039012 -0.04598515 0.9876007 -0.1501004 -0.04595533 0.9876344 -0.149888 -0.1180752 0.7340317 -0.6687717 -0.1180845 0.733977 -0.6688302 -0.04303773 0.9939087 -0.1014554 -0.04300374 0.9939346 -0.1012159 -0.1136855 0.796766 -0.5934978 -0.1160095 0.7664549 -0.6317347 -0.1160234 0.7663809 -0.6318218 -0.03999562 0.9978068 -0.05274191 -0.03997842 0.9978139 -0.05262229 -0.113685 0.796755 -0.5935126 -0.03684563 0.9993135 -0.003864396 -0.03683493 0.9993142 -0.003791014 -0.1110753 0.8253116 -0.5536452 -0.1110426 0.825451 -0.553444 -0.03364024 0.9984186 0.04504097 -0.03358429 0.9984033 0.04541923 -0.03029896 0.9950848 0.0942772 -0.1081624 0.8520128 -0.5122256 -0.1082423 0.8517094 -0.5127132 -0.03029415 0.9951231 0.09387267 -0.1050981 0.8762916 -0.4701781 -0.1050408 0.8764842 -0.4698318 -0.02686143 0.9893383 0.1431373 -0.02692969 0.9894009 0.142691 -0.1016641 0.8988117 -0.4263825 -0.1016522 0.8988469 -0.426311 -0.02349168 0.9813542 0.1907668 -0.02344047 0.9812915 0.1910955 -0.01991916 0.9707962 0.2390773 -0.1735963 0.5024841 -0.8469793 -0.1735919 0.5025322 -0.8469518 -0.09806574 0.9189125 -0.3820772 -0.09803743 0.9189851 -0.3819099 -0.01991996 0.9707749 0.2391635 -0.173178 0.5441664 -0.8209096 -0.172338 0.584501 -0.7928797 -0.1731739 0.5442052 -0.8208845 -0.09416073 0.9370518 -0.3362555 -0.09417402 0.9370226 -0.3363331 -0.01635194 0.9580184 0.2862399 -0.0163951 0.9580971 0.2859741 -0.172341 0.5845443 -0.7928471 -0.09009786 0.9526761 -0.2903284 -0.09009521 0.9526811 -0.2903132 -0.01278112 0.9429837 0.3325933 -0.00914292 0.9255627 0.3784837 -0.01276213 0.9429437 0.3327077 -0.1711124 0.6232138 -0.7631023 -0.1710925 0.6233622 -0.7629855 -0.1694452 0.6607489 -0.7312313 -0.08576546 0.9661953 -0.2431271 -0.08571817 0.9662672 -0.2428582 -0.00914405 0.9255086 0.3786161 -0.1694372 0.6605931 -0.7313739 -0.1673542 0.6966148 -0.6976535 -0.07651776 0.9861075 -0.1474349 -0.08125875 0.9772829 -0.1957424 -0.08122131 0.9773281 -0.1955326 -0.001832801 0.8842317 0.467045 -0.001836769 0.8840005 0.4674823 -0.005504881 0.9059603 0.423327 -0.005469827 0.9058667 0.4235275 -0.1673522 0.6965675 -0.6977011 -0.07651167 0.986154 -0.1471265 -0.1648832 0.7306187 -0.6625782 -0.1648899 0.7305833 -0.6626156 -0.07157709 0.9925375 -0.09872197 -0.07165305 0.9924908 -0.09913497 -0.06653997 0.9965088 -0.0504244 -0.1620218 0.7629263 -0.6258532 -0.1620075 0.7629936 -0.6257751 -0.06132027 0.9981166 -0.001727583 -0.06653807 0.9965127 -0.05035139 -0.1587523 0.7934636 -0.5875484 -0.1587592 0.793435 -0.5875852 -0.06131594 0.9981171 -0.001577678 -0.1550986 0.8221818 -0.5476875 -0.1551299 0.8220664 -0.5478518 -0.05589976 0.9973121 0.04736721 -0.05593669 0.9973191 0.04717652 -0.1510632 0.8488528 -0.5065854 -0.151119 0.8486708 -0.5068737 -0.05045135 0.9941373 0.09563262 -0.05039673 0.9941134 0.09590948 -0.1467332 0.8732246 -0.4647024 -0.146705 0.8733056 -0.464559 -0.04479579 0.9885312 0.1442203 -0.04470041 0.9884662 0.1446945 -0.0390329 0.9805942 0.1921238 -0.1419604 0.8958776 -0.4210113 -0.1419685 0.8958572 -0.421052 -0.03901835 0.9805202 0.1925038 -0.2219142 0.5393513 -0.8123141 -0.2224502 0.4977055 -0.8383347 -0.2224629 0.4975685 -0.8384128 -0.1368918 0.9161654 -0.3766985 -0.136912 0.9161213 -0.376798 -0.03319951 0.9702165 0.2399533 -0.03312343 0.9701295 0.240316 -0.2219143 0.5393527 -0.8123131 -0.1315105 0.9342297 -0.3315415 -0.1314867 0.9342738 -0.3314266 -0.02720499 0.9574408 0.2873446 -0.02729488 0.9575639 0.2869257 -0.2208336 0.5797528 -0.7842954 -0.219233 0.618606 -0.7544955 -0.2208439 0.5796704 -0.7843533 -0.1257998 0.950051 -0.2856176 -0.1257982 0.9500535 -0.2856102 -0.02129367 0.9425265 0.3334524 -0.02127684 0.9424997 0.3335291 -0.2171182 0.6558833 -0.7229639 -0.2192359 0.6186656 -0.7544459 -0.1197314 0.9637318 -0.2385064 -0.1197635 0.9636908 -0.2386563 -0.01527224 0.9253179 0.3788844 -0.01521332 0.9252119 0.3791459 -0.2171243 0.6560555 -0.7228059 -0.1134714 0.9749522 -0.1912916 -0.1134097 0.9750147 -0.1910094 -0.009166902 0.9057811 0.4236466 -0.003025249 0.8839424 0.467586 -0.003035755 0.8840598 0.4673641 -0.009144912 0.9057369 0.4237418 -0.211296 0.7260333 -0.6543928 -0.2144595 0.6919131 -0.6893936 -0.2144799 0.6918035 -0.6894972 -0.1068067 0.9839219 -0.1431434 -0.10689 0.9838582 -0.1435186 -0.2112962 0.7260565 -0.6543667 -0.1000008 0.9904164 -0.09526364 -0.1000323 0.9903998 -0.09540281 -0.2076207 0.7584217 -0.6178108 -0.2076338 0.7583667 -0.6178738 -0.0929499 0.9945593 -0.04703296 -0.09291527 0.9945696 -0.04688282 -0.2034333 0.7891029 -0.579596 -0.2034482 0.789048 -0.5796656 -0.08560212 0.9963281 0.001615923 -0.08561333 0.9963272 0.001568052 -0.1936392 0.8444699 -0.499374 -0.1987661 0.8178448 -0.5400203 -0.1987591 0.8178679 -0.539988 -0.07808233 0.9956853 0.05013834 -0.07809387 0.9956869 0.05009019 -0.1936338 0.844552 -0.4992372 -0.07038957 0.9926407 0.09853847 -0.07035727 0.9926298 0.0986703 -0.1880294 0.8692228 -0.4572708 -0.1880296 0.8692223 -0.4572719 -0.1819442 0.8919073 -0.414002 -0.06250169 0.9871951 0.1467631 -0.06255362 0.9872226 0.1465556 -0.1819531 0.8918336 -0.414157 -0.05451633 0.9794023 0.1944201 -0.05448625 0.9793806 0.1945378 -0.2707632 0.4915594 -0.8276814 -0.3183823 0.4844539 -0.8148234 -0.2707565 0.4916321 -0.8276405 -0.1754278 0.9123647 -0.3698862 -0.1754316 0.9123576 -0.3699019 -0.168525 0.9305729 -0.3250133 -0.04637195 0.9692632 0.2416166 -0.04635451 0.9692473 0.2416833 -0.03802511 0.9566438 0.2887672 -0.270112 0.5333546 -0.8016061 -0.2701096 0.5333769 -0.8015922 -0.1685371 0.9305128 -0.3251787 -0.03802614 0.9566472 0.2887561 -0.266856 0.6127384 -0.7438679 -0.26881 0.5737007 -0.7736982 -0.2688099 0.5737013 -0.7736977 -0.1534602 0.9603992 -0.2325583 -0.1612348 0.9465525 -0.2793595 -0.1611417 0.9466789 -0.2789845 -0.02966545 0.9418817 0.3346322 -0.0297588 0.9419996 0.334292 -0.266854 0.6126819 -0.7439153 -0.1534785 0.9603454 -0.232768 -0.0213073 0.9248734 0.379678 -0.0127828 0.9054689 0.4242201 -0.02119584 0.9247132 0.380074 -0.2642683 0.6500801 -0.7124312 -0.2642489 0.6501907 -0.7123374 -0.1453246 0.9718613 -0.1853814 -0.1453329 0.971854 -0.1854135 -0.004273492 0.8839686 0.4675268 -0.004300767 0.8841071 0.4672645 -0.01277627 0.9054389 0.4242844 -0.2610345 0.6860102 -0.6791545 -0.2571699 0.7203475 -0.6441763 -0.2610237 0.6860642 -0.6791043 -0.1369186 0.9808913 -0.1382223 -0.1369888 0.980844 -0.1384882 -0.25717 0.720343 -0.6441813 -0.1280774 0.9876697 -0.09002636 -0.1191011 0.9919755 -0.04242032 -0.1281509 0.9876353 -0.09029901 -0.2526896 0.7529013 -0.6076905 -0.2527278 0.7527555 -0.6078552 -0.1190988 0.9919767 -0.04239975 -0.2476411 0.7835078 -0.569903 -0.241923 0.8124736 -0.5304337 -0.2476122 0.7836049 -0.5697821 -0.1096862 0.9939483 0.005974106 -0.1097291 0.9939445 0.00582129 -0.2419208 0.8124995 -0.5303951 -0.1001094 0.993516 0.05389106 -0.1000732 0.9935128 0.05401682 -0.0901689 0.9906726 0.102164 -0.235664 0.8393211 -0.4899006 -0.2356772 0.8392872 -0.4899523 -0.2288425 0.8641431 -0.4482051 -0.09017049 0.9906737 0.1021514 -0.08008773 0.9854575 0.1498645 -0.2288293 0.8642325 -0.4480394 -0.08012988 0.9855031 0.1495422 -0.2215241 0.8867795 -0.4056465 -0.2214535 0.8869181 -0.4053819 -0.06977255 0.9778618 0.1972763 -0.06982077 0.9778901 0.1971194 -0.05939683 0.9679762 0.243914 -0.3183885 0.4845343 -0.8147732 -0.2135245 0.9075936 -0.3614984 -0.2135052 0.9076262 -0.361428 -0.05936313 0.9679175 0.2441549 -0.3176273 0.5262129 -0.7888048 -0.3176188 0.5262872 -0.7887586 -0.2051729 0.9259538 -0.317039 -0.2050371 0.9261497 -0.3165543 -0.04875167 0.9556161 0.2905529 -0.04872286 0.9555905 0.2906425 -0.3160941 0.5666212 -0.7609369 -0.316101 0.5665708 -0.7609716 -0.1962462 0.9421979 -0.2715707 -0.1961428 0.9423232 -0.27121 -0.1867976 0.9561992 -0.2253655 -0.02722154 0.9241179 0.3811366 -0.03805095 0.9410591 0.3360952 -0.03815722 0.9411696 0.3357735 -0.3137921 0.6056057 -0.731284 -0.3138191 0.605437 -0.731412 -0.186772 0.9562526 -0.2251605 -0.02727598 0.9242631 0.3807804 -0.3107547 0.6430728 -0.6999207 -0.3107478 0.6431097 -0.6998898 -0.1667172 0.977145 -0.1318831 -0.1768705 0.9679292 -0.1784085 -0.1769779 0.9678437 -0.1787665 -0.005520001 0.8839866 0.4674796 -0.01634944 0.9050858 0.4249145 -0.005515139 0.8839707 0.4675098 -0.01634627 0.9050816 0.4249236 -0.3069519 0.6791403 -0.6667451 -0.306953 0.6791354 -0.6667496 -0.1666309 0.9772428 -0.1312663 -0.302433 0.7135191 -0.6320007 -0.3023894 0.7136943 -0.6318236 -0.1559151 0.9842057 -0.08384324 -0.144958 0.9887586 -0.03665476 -0.1560337 0.9841546 -0.08422133 -0.2971601 0.7461969 -0.5957233 -0.2971736 0.7461492 -0.5957763 -0.1449298 0.9887695 -0.03647085 -0.133516 0.9909825 0.01126746 -0.2911936 0.7769424 -0.5581816 -0.2912214 0.776857 -0.5582861 -0.1335255 0.990982 0.01120864 -0.2844868 0.8060817 -0.5189409 -0.2844582 0.8061587 -0.5188368 -0.1218174 0.9908087 0.05880929 -0.1218472 0.9908104 0.05872038 -0.109764 0.9882352 0.1065038 -0.2771856 0.8328984 -0.4790079 -0.2771259 0.8330389 -0.4787979 -0.1097952 0.9882511 0.1063232 -0.269061 0.8581706 -0.4372064 -0.269063 0.8581663 -0.4372134 -0.09757412 0.9833413 0.1533603 -0.09755534 0.9833347 0.1534138 -0.2604195 0.8810354 -0.3949156 -0.2604923 0.8809056 -0.3951572 -0.08493757 0.9759657 0.2006897 -0.08495248 0.9759731 0.2006483 -0.3652312 0.4762927 -0.7998447 -0.3652398 0.4762003 -0.7998958 -0.2511483 0.9018549 -0.3515429 -0.2510999 0.9019291 -0.3513867 -0.07220546 0.9662831 0.2471502 -0.07225402 0.9663132 0.2470184 -0.05933844 0.9542987 0.2929045 -0.364352 0.5179723 -0.7739202 -0.3643603 0.5178995 -0.7739649 -0.2411877 0.9206045 -0.3071089 -0.2411055 0.9207123 -0.30685 -0.05937349 0.9543512 0.2927259 -0.04630857 0.9400315 0.3379295 -0.3625995 0.5582781 -0.7462219 -0.3599737 0.5972287 -0.7167545 -0.3625894 0.5583499 -0.7461732 -0.2306435 0.9371089 -0.2619745 -0.2307448 0.9369968 -0.2622856 -0.04633162 0.9400713 0.3378155 -0.3599753 0.5973704 -0.7166354 -0.3564825 0.6349741 -0.6853672 -0.21966 0.9512544 -0.216482 -0.2196075 0.9513023 -0.2163246 -0.01990895 0.9046382 0.4257151 -0.03310662 0.9234182 0.3823648 -0.03321237 0.9235243 0.3820992 -0.3564832 0.6349092 -0.685427 -0.2080716 0.9631702 -0.1703213 -0.2080957 0.9631525 -0.1703918 -0.006688666 0.8838246 0.4677706 -0.006623717 0.8836681 0.468067 -0.01998815 0.904811 0.4253439 -0.3469009 0.7057739 -0.6176916 -0.3521335 0.6710984 -0.6524025 -0.3521005 0.6712416 -0.6522729 -0.1958995 0.9728299 -0.1233909 -0.1959316 0.9728118 -0.1234824 -0.3469163 0.705532 -0.6179592 -0.1834467 0.9800217 -0.07684382 -0.1834054 0.9800383 -0.07672887 -0.3340399 0.7692418 -0.5446875 -0.340863 0.7383777 -0.5819027 -0.340881 0.7383186 -0.5819671 -0.1704029 0.9849293 -0.02961602 -0.1704282 0.9849229 -0.02968456 -0.32631 0.7987126 -0.5055491 -0.3340234 0.7693727 -0.5445127 -0.1569755 0.9874471 0.0175191 -0.1570783 0.9874356 0.01724574 -0.3263194 0.7986559 -0.5056327 -0.1431241 0.9875779 0.06484734 -0.1432302 0.9875807 0.06457201 -0.3179108 0.8257579 -0.4658933 -0.3179623 0.8256456 -0.4660572 -0.1291049 0.9853402 0.1115198 -0.1290872 0.9853374 0.1115648 -0.3086522 0.8511274 -0.4246363 -0.3087025 0.8510318 -0.4247912 -0.2987384 0.8742196 -0.3827474 -0.114677 0.9807317 0.1581598 -0.1147485 0.9807519 0.1579828 -0.2987196 0.8742792 -0.3826257 -0.288089 0.8952836 -0.3398115 -0.09988747 0.973712 0.2047125 -0.09992085 0.9737257 0.2046319 -0.411156 0.4668299 -0.7829563 -0.4560767 0.4561882 -0.7641246 -0.4111625 0.4667595 -0.782995 -0.2880763 0.8953165 -0.3397356 -0.08502927 0.9644498 0.2502133 -0.08488163 0.9643725 0.2505611 -0.4101618 0.5084633 -0.7571211 -0.410167 0.5084196 -0.7571476 -0.2766832 0.9142925 -0.2958305 -0.2766856 0.9142896 -0.2958371 -0.06980502 0.9527788 0.2955333 -0.06976368 0.9527522 0.2956283 -0.4081999 0.5488834 -0.7294517 -0.4081747 0.5490568 -0.7293352 -0.4052383 0.5880453 -0.6999889 -0.2519814 0.9455049 -0.2062182 -0.2646337 0.9310429 -0.2512536 -0.2646103 0.9310668 -0.2511896 -0.05442565 0.9387894 0.3401652 -0.05449402 0.9388408 0.3400122 -0.03894242 0.9225385 0.3839352 -0.4052383 0.5878805 -0.7001274 -0.2520146 0.9454602 -0.2063825 -0.03897992 0.9225961 0.3837928 -0.4012682 0.6259233 -0.6687329 -0.4013204 0.6256728 -0.6689361 -0.238662 0.9577468 -0.1605034 -0.2386977 0.9577225 -0.160596 -0.00781315 0.8835433 0.4682845 -0.02343608 0.9041808 0.4265066 -0.007786614 0.8834929 0.4683798 -0.02353449 0.9042763 0.4262986 -0.3964318 0.6618233 -0.6362639 -0.396359 0.6621221 -0.6359985 -0.2247639 0.9676829 -0.1143279 -0.2247727 0.9676782 -0.1143504 -0.390545 0.6965446 -0.6019139 -0.3905126 0.696659 -0.6018023 -0.2103899 0.9752386 -0.0681603 -0.2104565 0.9752127 -0.06832505 -0.1954927 0.9804645 -0.02172562 -0.3837664 0.729484 -0.5661947 -0.3837179 0.7296324 -0.5660363 -0.1801893 0.9833246 0.02458547 -0.1954788 0.9804685 -0.02166817 -0.376032 0.7607181 -0.5290632 -0.3760473 0.7606773 -0.529111 -0.1801209 0.9833302 0.0248588 -0.367364 0.7901992 -0.4905396 -0.367377 0.7901689 -0.4905784 -0.164204 0.9838287 0.07154005 -0.1643373 0.9838287 0.07123419 -0.3579024 0.817508 -0.4512057 -0.3578961 0.8175207 -0.4511877 -0.1479899 0.9819435 0.1178375 -0.1480957 0.981956 0.1176008 -0.336277 0.8665413 -0.3688141 -0.3475108 0.8430365 -0.4105186 -0.3475192 0.8430218 -0.4105418 -0.1315625 0.9777279 0.163522 -0.131556 0.9777265 0.163536 -0.3362801 0.8665332 -0.3688305 -0.1147025 0.971149 0.2090759 -0.1146005 0.9711144 0.2092932 -0.09752575 0.9622269 0.2541818 -0.4560739 0.4561467 -0.764151 -0.454976 0.4978737 -0.7383214 -0.3242989 0.8878361 -0.3264616 -0.324283 0.8878574 -0.3264197 -0.3114567 0.9071283 -0.2830423 -0.09744887 0.9621656 0.254443 -0.08006902 0.9509192 0.2989006 -0.4549828 0.4980334 -0.7382096 -0.3114728 0.9070993 -0.2831175 -0.08007274 0.9509227 0.2988884 -0.4528064 0.5382528 -0.7108095 -0.4527604 0.5385603 -0.7106059 -0.4495019 0.5774655 -0.6815288 -0.2978096 0.9242785 -0.238786 -0.2979039 0.924188 -0.2390183 -0.06244201 0.9373416 0.3427708 -0.06246837 0.9373588 0.342719 -0.4494986 0.5777447 -0.6812944 -0.2836592 0.9389836 -0.1945442 -0.2837313 0.9389259 -0.1947168 -0.04484593 0.9216626 0.3853919 -0.04472763 0.9215739 0.385618 -0.02689666 0.9035652 0.4276056 -0.445107 0.6156031 -0.6503173 -0.4451524 0.6153947 -0.6504833 -0.4397151 0.6516382 -0.6180762 -0.2530363 0.9618553 -0.1039571 -0.2687854 0.9514945 -0.1497082 -0.2686805 0.9515626 -0.1494639 -0.009028569 0.8834192 0.4684966 -0.02685074 0.9035006 0.427745 -0.008975433 0.8833365 0.4686535 -0.4396994 0.6518485 -0.6178657 -0.2530294 0.9618599 -0.1039308 -0.425644 0.7197635 -0.5484229 -0.4331929 0.6866133 -0.5838718 -0.4332266 0.6865003 -0.5839797 -0.2200652 0.9754034 -0.01262661 -0.2369546 0.969747 -0.05867802 -0.2369164 0.9697616 -0.05859311 -0.4171098 0.7510133 -0.5118578 -0.4256548 0.7196917 -0.5485089 -0.2200179 0.9754162 -0.01246083 -0.4171139 0.7509918 -0.5118861 -0.2027664 0.9786646 0.03318661 -0.2027587 0.9786657 0.03320279 -0.4074972 0.7807254 -0.4737234 -0.4074893 0.7807427 -0.4737017 -0.1849856 0.9795746 0.07882813 -0.1666106 0.9781078 0.1246844 -0.1850574 0.9795729 0.07868119 -0.3854796 0.8340876 -0.3945926 -0.3969949 0.8083075 -0.4347805 -0.3969785 0.8083388 -0.4347373 -0.1665981 0.9781049 0.1247236 -0.3730261 0.8578843 -0.3533922 -0.3854566 0.8341518 -0.3944796 -0.1481579 0.9743376 0.1694563 -0.1480777 0.9743227 0.1696123 -0.3730655 0.8577936 -0.3535707 -0.359722 0.8794993 -0.3115783 -0.1289551 0.9681254 0.2147178 -0.1291319 0.968176 0.2143829 -0.1097053 0.9596404 0.2589502 -0.4998484 0.4444968 -0.7433533 -0.499855 0.4444235 -0.7433928 -0.3596841 0.8795717 -0.3114176 -0.1097936 0.9596987 0.2586963 -0.09012462 0.9488519 0.3025849 -0.4986279 0.4864145 -0.7174756 -0.498644 0.4862805 -0.7175552 -0.3454582 0.8991625 -0.2686361 -0.3455322 0.8990831 -0.2688067 -0.09017678 0.9488934 0.3024394 -0.07026505 0.9357299 0.3456478 -0.4962189 0.5269761 -0.6899732 -0.4962628 0.5266893 -0.6901606 -0.3305596 0.9164209 -0.2256172 -0.3303381 0.9166224 -0.2251225 -0.07028928 0.9357525 0.3455818 -0.4926589 0.5660872 -0.660933 -0.4926256 0.5662639 -0.6608065 -0.3145644 0.931745 -0.1813851 -0.3146317 0.9316937 -0.181531 -0.298117 0.944591 -0.137383 -0.05028837 0.9203795 0.3877791 -0.05047507 0.9205026 0.3874625 -0.4878677 0.6040268 -0.6301879 -0.4878489 0.6041099 -0.6301228 -0.2980843 0.9446175 -0.1372719 -0.01016224 0.8831555 0.4689701 -0.01018199 0.8831815 0.4689207 -0.03020724 0.9027878 0.4290243 -0.03022963 0.9028045 0.4289874 -0.4818875 0.6406186 -0.5978229 -0.4818951 0.6405901 -0.5978473 -0.2806489 0.9553652 -0.09226877 -0.2806728 0.9553534 -0.09231763 -0.2628416 0.9636542 -0.04780037 -0.4747952 0.6754374 -0.5642286 -0.4747845 0.6754718 -0.5641964 -0.2628495 0.9636508 -0.04782558 -0.4665389 0.7087362 -0.5291827 -0.4665093 0.7088178 -0.5290995 -0.2248931 0.9734561 0.04250237 -0.2441003 0.9697468 -0.002491314 -0.2440379 0.9697627 -0.002370215 -0.4571698 0.7403316 -0.4928538 -0.4570934 0.7405145 -0.4926499 -0.224849 0.9734606 0.04263046 -0.4466053 0.7703314 -0.455119 -0.4466815 0.7701727 -0.4553127 -0.2052651 0.9748165 0.08717229 -0.2052731 0.9748161 0.08715767 -0.4351214 0.7981119 -0.4167572 -0.4350728 0.7982005 -0.4166386 -0.1848821 0.9738296 0.1321916 -0.1847861 0.9738244 0.1323635 -0.4224473 0.8243059 -0.3769059 -0.4223644 0.8244369 -0.3767123 -0.1643605 0.9705238 0.1762648 -0.143075 0.9648023 0.2206493 -0.1641565 0.9704935 0.1766211 -0.4088794 0.8482623 -0.3365543 -0.4088895 0.8482483 -0.336577 -0.1431488 0.9648345 0.2204608 -0.5423843 0.4317244 -0.7207173 -0.5410764 0.4736079 -0.6949329 -0.5835701 0.4179807 -0.6962313 -0.5423866 0.4316998 -0.7207302 -0.3941898 0.8703997 -0.2949894 -0.394203 0.870384 -0.295018 -0.1217917 0.9568747 0.2637378 -0.1000452 0.9465706 0.306586 -0.1218266 0.9568861 0.2636801 -0.5410782 0.4736645 -0.6948929 -0.3787085 0.8902241 -0.2531421 -0.3785917 0.8903437 -0.2528961 -0.1000188 0.9465529 0.3066495 -0.5345584 0.5535744 -0.6385942 -0.5384774 0.5141742 -0.667583 -0.5384483 0.5143607 -0.6674628 -0.362278 0.9079788 -0.2105449 -0.3620823 0.9081492 -0.2101462 -0.07792129 0.9338919 0.3489619 -0.07800895 0.9339356 0.3488251 -0.05582275 0.9190771 0.390104 -0.5345555 0.5536522 -0.6385292 -0.5293616 0.5917113 -0.6079918 -0.3447744 0.9237047 -0.1670337 -0.3448919 0.9236189 -0.1672659 -0.05587855 0.9191275 0.3899772 -0.5293623 0.5917021 -0.6080002 -0.3266972 0.9370021 -0.1236766 -0.3266498 0.9370307 -0.1235857 -0.01128086 0.8829269 0.469375 -0.03354803 0.902046 0.4303341 -0.01125547 0.8828982 0.4694296 -0.03349857 0.9020131 0.430407 -0.5228837 0.6283483 -0.5759956 -0.5229113 0.6282493 -0.5760787 -0.3077189 0.9481279 -0.0797661 -0.3075665 0.9482012 -0.07948208 -0.5151669 0.6634228 -0.5426539 -0.5151708 0.6634108 -0.5426648 -0.287887 0.9570069 -0.03547974 -0.2880833 0.9569346 -0.03583503 -0.5061921 0.6969787 -0.5079275 -0.506228 0.6968837 -0.508022 -0.2675622 0.9635023 0.00858507 -0.2675309 0.9635106 0.008640192 -0.4959859 0.7288978 -0.4719173 -0.4959958 0.728875 -0.4719422 -0.246507 0.9677055 0.05272913 -0.2464201 0.9677194 0.05287796 -0.4846375 0.7588975 -0.4349725 -0.484673 0.7588267 -0.4350563 -0.2249713 0.9695733 0.09651791 -0.2249189 0.9695767 0.09660482 -0.472163 0.7870502 -0.3970063 -0.4720861 0.7871838 -0.396833 -0.2026459 0.9691088 0.1405801 -0.202622 0.9691081 0.1406191 -0.4583139 0.8136986 -0.3575512 -0.4584277 0.8135263 -0.3577975 -0.1799057 0.9663022 0.1841029 -0.1800294 0.9663163 0.1839083 -0.4436307 0.8379242 -0.3179226 -0.4436806 0.8378583 -0.3180267 -0.1568628 0.9611846 0.2269765 -0.1568857 0.9611891 0.2269413 -0.5821697 0.4599707 -0.6704517 -0.5835773 0.4181061 -0.69615 -0.4277245 0.860384 -0.2771122 -0.4277782 0.8603227 -0.2772197 -0.1335318 0.9537705 0.2692419 -0.1332378 0.9536878 0.26968 -0.5821679 0.4598922 -0.6705071 -0.410816 0.8807212 -0.2357124 -0.4109416 0.8805977 -0.2359551 -0.1096954 0.9440239 0.3111042 -0.1096211 0.943997 0.3112117 -0.5751574 0.5401224 -0.6143792 -0.5793632 0.5005733 -0.6432453 -0.579367 0.5005499 -0.6432603 -0.3929 0.8989452 -0.193719 -0.3930637 0.8988078 -0.194025 -0.0854065 0.9319028 0.3525096 -0.08540238 0.931901 0.3525155 -0.06124212 0.9177 0.3925253 -0.5751582 0.5401047 -0.6143939 -0.3741955 0.9148741 -0.1516015 -0.3742128 0.9148618 -0.1516328 -0.06137488 0.9178041 0.3922612 -0.569585 0.578214 -0.5841587 -0.5695628 0.5783061 -0.5840893 -0.3544425 0.9287304 -0.1087682 -0.3544159 0.928746 -0.1087216 -0.01230089 0.8825785 0.4700041 -0.03669205 0.9011561 0.4319391 -0.01236221 0.8826389 0.469889 -0.03675392 0.9011929 0.4318572 -0.5626246 0.6150174 -0.5524555 -0.5626141 0.615054 -0.5524254 -0.3338668 0.9403238 -0.06575828 -0.3338968 0.9403095 -0.0658092 -0.5446588 0.6841607 -0.4850473 -0.5542664 0.6505213 -0.5192406 -0.5543147 0.6503788 -0.5193676 -0.3123898 0.9496902 -0.02238585 -0.3124042 0.9496849 -0.02240999 -0.5336677 0.7163212 -0.4495358 -0.5446863 0.6840401 -0.4851866 -0.2903178 0.956706 0.02071691 -0.2903283 0.9567032 0.0207001 -0.2674758 0.9614429 0.06390799 -0.5336729 0.7163035 -0.4495583 -0.2675162 0.9614378 0.06381665 -0.2440564 0.9638612 0.1068085 -0.5214924 0.7465298 -0.4132059 -0.5214369 0.746636 -0.4130839 -0.2439739 0.9638621 0.1069888 -0.2198945 0.9639573 0.1497756 -0.5079223 0.7752427 -0.3755181 -0.5079337 0.7752234 -0.3755422 -0.219868 0.9639546 0.1498317 -0.4931692 0.8020039 -0.3370068 -0.4932176 0.8019336 -0.3371038 -0.4773195 0.826699 -0.297884 -0.1953541 0.9617394 0.1920788 -0.1954089 0.9617438 0.1920008 -0.4602475 0.8495041 -0.2579055 -0.4773441 0.826657 -0.2979608 -0.1702665 0.9571928 0.2340751 -0.1701986 0.9571819 0.2341695 -0.6233012 0.4033998 -0.6698987 -0.6233019 0.4033898 -0.6699041 -0.4602351 0.8495215 -0.2578696 -0.1445754 0.9503024 0.2757233 -0.1448693 0.9503727 0.2753266 -0.6218041 0.4451634 -0.6443518 -0.621797 0.4452216 -0.6443183 -0.4420202 0.8703231 -0.2171538 -0.4419528 0.8703874 -0.2170335 -0.1190196 0.9412388 0.316076 -0.1187575 0.9411564 0.3164192 -0.6187919 0.4860673 -0.6171185 -0.6188073 0.4859716 -0.6171782 -0.4228894 0.8888696 -0.1762825 -0.4229463 0.8888229 -0.1763809 -0.0927954 0.9297898 0.356202 -0.0926588 0.9297369 0.3563757 -0.6143336 0.5254719 -0.58862 -0.614305 0.5256121 -0.5885247 -0.4024785 0.9055064 -0.1344222 -0.4026357 0.9053975 -0.1346839 -0.3813522 0.9197702 -0.09269965 -0.06647049 0.9161656 0.3952496 -0.06662415 0.916236 0.3950605 -0.6083167 0.5640568 -0.5583822 -0.6083662 0.5638583 -0.5585288 -0.3813547 0.9197685 -0.09270592 -0.3592384 0.9318695 -0.05066652 -0.03987909 0.9002402 0.4335634 -0.01337035 0.8822833 0.4705288 -0.0398359 0.9002173 0.4336149 -0.01334951 0.8822653 0.470563 -0.6009395 0.6008233 -0.5271462 -0.6009249 0.6008719 -0.5271073 -0.3592299 0.9318737 -0.05064738 -0.5920316 0.636457 -0.4943894 -0.5919991 0.6365503 -0.4943084 -0.336105 0.9417881 -0.008281787 -0.3363024 0.941715 -0.008580596 -0.5817509 0.6703537 -0.4606428 -0.5817666 0.6703147 -0.4606797 -0.3123676 0.9493597 0.03380419 -0.2878291 0.9546694 0.07589972 -0.3123648 0.9493604 0.03380807 -0.5700156 0.7028282 -0.4255759 -0.5700039 0.7028527 -0.425551 -0.5569926 0.7333889 -0.3897436 -0.2876774 0.9546907 0.07620687 -0.2625077 0.9576862 0.1180128 -0.5569624 0.7334691 -0.3896357 -0.2625706 0.957684 0.1178897 -0.542533 0.7624151 -0.3526773 -0.5425245 0.7624289 -0.3526603 -0.2366909 0.9583954 0.1595482 -0.2365417 0.9583989 0.1597487 -0.5268092 0.7894979 -0.3149048 -0.526759 0.7895688 -0.3148111 -0.2102207 0.9568065 0.2008201 -0.1831079 0.9528804 0.2418479 -0.2102248 0.9568067 0.2008146 -0.5098401 0.8146406 -0.2764484 -0.5098549 0.8146224 -0.2764749 -0.1829951 0.9528513 0.2420481 -0.6614847 0.387731 -0.6419522 -0.6980276 0.3711591 -0.6123713 -0.6614848 0.3877298 -0.6419528 -0.6598958 0.4295453 -0.6164644 -0.4915056 0.8380049 -0.2370023 -0.491591 0.8379133 -0.2371487 -0.1278057 0.9381419 0.3218004 -0.1558635 0.9467088 0.2818671 -0.1558458 0.9467052 0.2818888 -0.6567142 0.4705133 -0.5893587 -0.6598973 0.429678 -0.6163704 -0.4722199 0.8590827 -0.1974468 -0.4720422 0.8592477 -0.1971535 -0.1279064 0.9381858 0.3216323 -0.65672 0.4703135 -0.5895118 -0.4515271 0.8783412 -0.1569715 -0.4299068 0.8953517 -0.116299 -0.4517573 0.8781573 -0.1573378 -0.09982184 0.9274485 0.3603814 -0.07151446 0.914485 0.3982499 -0.09986626 0.9274637 0.3603303 -0.651943 0.5101631 -0.5609847 -0.6519684 0.5100414 -0.5610659 -0.6455954 0.5487656 -0.5310959 -0.430119 0.895188 -0.1167738 -0.07150459 0.914479 0.3982654 -0.6456053 0.5486827 -0.5311695 -0.4073064 0.9101608 -0.07555635 -0.4071537 0.910248 -0.07532959 -0.042839 0.8992105 0.4354139 -0.04289278 0.8992361 0.4353556 -0.01432077 0.8819016 0.4712162 -0.01437976 0.881947 0.4711294 -0.6377279 0.5857928 -0.50015 -0.6377468 0.5857308 -0.5001983 -0.3836708 0.9228254 -0.03449522 -0.3836913 0.9228159 -0.03452454 -0.6283012 0.6215822 -0.4678388 -0.6282859 0.6216249 -0.4678026 -0.3591887 0.9332421 0.006528575 -0.3591802 0.9332453 0.006540205 -0.6173988 0.6557358 -0.434545 -0.6173983 0.6557366 -0.4345443 -0.3336497 0.9414819 0.04784991 -0.3336405 0.9414846 0.04786244 -0.6049598 0.688461 -0.4000562 -0.6049381 0.6885059 -0.4000119 -0.3072449 0.9474468 0.08913565 -0.3072684 0.9474421 0.08910462 -0.5910365 0.7195654 -0.3645566 -0.591087 0.7194746 -0.3646539 -0.2804951 0.9510645 0.1296098 -0.28043 0.9510725 0.1296926 -0.5757688 0.7487949 -0.3283237 -0.5757445 0.7488329 -0.3282796 -0.5590891 0.7762596 -0.2912736 -0.2526731 0.952437 0.1703522 -0.2528009 0.9524313 0.1701952 -0.5591106 0.7762223 -0.2913319 -0.2245502 0.9515015 0.2102907 -0.2245002 0.9515001 0.2103505 -0.5410928 0.8018242 -0.2535679 -0.54103 0.8018995 -0.2534635 -0.1955008 0.9482454 0.25022 -0.1954508 0.9482405 0.2502777 -0.6980271 0.3711523 -0.6123757 -0.7328298 0.3537142 -0.5812459 -0.5216132 0.8256571 -0.2149649 -0.521785 0.8254773 -0.215239 -0.1664604 0.9427753 0.2889042 -0.1663743 0.942761 0.2890003 -0.6929931 0.4538697 -0.5601455 -0.6963511 0.4130043 -0.5869606 -0.696333 0.4131527 -0.5868776 -0.501067 0.8472892 -0.1761611 -0.5011406 0.8472223 -0.176274 -0.1366252 0.9349582 0.3273939 -0.1366839 0.9349718 0.3273303 -0.6929874 0.4540213 -0.5600296 -0.4792022 0.8669915 -0.1367148 -0.4792391 0.8669626 -0.136769 -0.106678 0.9249418 0.3648321 -0.1066514 0.9249339 0.3648602 -0.6879644 0.4938283 -0.5318258 -0.6879625 0.4938372 -0.5318198 -0.4564513 0.8843997 -0.09741325 -0.4564881 0.884375 -0.09746552 -0.07639808 0.9126673 0.4014994 -0.07629989 0.9126317 0.401599 -0.6812761 0.5324992 -0.5023023 -0.6812743 0.5325066 -0.5022969 -0.4321083 0.9000145 -0.0570661 -0.4322202 0.8999508 -0.05722003 -0.04587972 0.8981722 0.4372434 -0.04577004 0.8981256 0.4373506 -0.01529596 0.8815405 0.4718604 -0.01536931 0.8815913 0.4717633 -0.672963 0.5698099 -0.4716329 -0.6729614 0.569815 -0.4716289 -0.4072567 0.9131473 -0.01743182 -0.4071794 0.9131838 -0.01732913 -0.6630002 0.6058621 -0.4397292 -0.6629918 0.605885 -0.4397103 -0.3810102 0.9242876 0.02287995 -0.3811959 0.924217 0.0226415 -0.6514942 0.6402762 -0.4069417 -0.6515146 0.6402285 -0.4069841 -0.3541216 0.93309 0.06277715 -0.3540914 0.933099 0.06281447 -0.6383174 0.6734298 -0.3728848 -0.6383786 0.6733065 -0.3730031 -0.6236915 0.7047555 -0.3381249 -0.326092 0.939723 0.1028828 -0.3261335 0.939714 0.1028328 -0.62373 0.7046668 -0.338239 -0.2975045 0.9440365 0.1424295 -0.2976977 0.9440095 0.1422046 -0.6075149 0.7344524 -0.3024983 -0.6075405 0.7344131 -0.3025424 -0.2682819 0.946075 0.1815676 -0.2681687 0.9460826 0.1816953 -0.5899863 0.762221 -0.2663367 -0.5899916 0.762214 -0.2663452 -0.2381864 0.9458556 0.2205096 -0.2382629 0.9458557 0.2204263 -0.5709569 0.7882872 -0.2293719 -0.5709004 0.7883537 -0.229284 -0.5505813 0.8124191 -0.1919252 -0.2074574 0.9433426 0.2589715 -0.2077405 0.9433623 0.2586725 -0.7328305 0.3537297 -0.5812356 -0.550548 0.8124589 -0.191852 -0.1765628 0.9385827 0.296459 -0.1764294 0.9385648 0.2965953 -0.7310694 0.3956312 -0.5558899 -0.7310721 0.3956095 -0.5559019 -0.5287446 0.8347381 -0.1537576 -0.528778 0.8347082 -0.1538049 -0.1450436 0.9315435 0.3334505 -0.1450595 0.9315466 0.3334347 -0.7275438 0.4367051 -0.5291207 -0.7275357 0.4367537 -0.5290916 -0.5057081 0.8549591 -0.1153444 -0.5056497 0.8550044 -0.1152643 -0.4816634 0.872967 -0.07699985 -0.1131851 0.9222542 0.3696437 -0.1130933 0.9222304 0.3697311 -0.7222614 0.4766929 -0.501101 -0.715252 0.5154731 -0.4719131 -0.7222717 0.4766456 -0.5011314 -0.4815437 0.8730527 -0.07677692 -0.08096248 0.9107197 0.405012 -0.08107066 0.9107543 0.4049124 -0.7152632 0.5153949 -0.4719815 -0.4562875 0.889014 -0.03815465 -0.4560878 0.8891274 -0.03790056 -0.04866447 0.8970302 0.4392819 -0.04872029 0.8970515 0.4392323 -0.01630466 0.8812075 0.4724483 -0.01610798 0.8810856 0.4726825 -0.7064969 0.5530818 -0.4415458 -0.7065251 0.5529927 -0.4416119 -0.4297639 0.9029409 0.0007902434 -0.4020778 0.9147342 0.03993269 -0.4296798 0.9029809 0.0008935663 -0.6960943 0.5892057 -0.4102308 -0.6840032 0.6239514 -0.3779209 -0.6960608 0.5892949 -0.4101593 -0.4021656 0.9147019 0.03978912 -0.3736737 0.9242235 0.07860553 -0.6839739 0.6240437 -0.3778215 -0.3441592 0.9315398 0.1174229 -0.3735349 0.9242611 0.0788238 -0.6701536 0.6574759 -0.344412 -0.670208 0.657368 -0.3445118 -0.3442184 0.9315292 0.117333 -0.6378195 0.7192661 -0.2753952 -0.6548409 0.6890782 -0.3104104 -0.6548007 0.6891476 -0.3103412 -0.3140283 0.9365703 0.1556353 -0.3139383 0.9365844 0.1557314 -0.6378875 0.7191411 -0.2755642 -0.6194051 0.7474762 -0.2400347 -0.2830943 0.9393575 0.1935592 -0.2829495 0.9393702 0.1937091 -0.6193984 0.7474867 -0.2400192 -0.251332 0.9398946 0.2311504 -0.219196 0.9381671 0.2679473 -0.2515247 0.9398904 0.2309573 -0.5994199 0.7740257 -0.2039115 -0.5994472 0.7739941 -0.2039512 -0.5779954 0.7987064 -0.1672999 -0.2189678 0.9381346 0.2682475 -0.7658125 0.3354647 -0.54863 -0.7968915 0.3164242 -0.5146259 -0.7658119 0.335472 -0.5486261 -0.5779294 0.798782 -0.1671675 -0.5551494 0.8214943 -0.1302164 -0.1863174 0.9341497 0.3043846 -0.1861945 0.9341369 0.3044992 -0.1530791 0.9279098 0.3399269 -0.7639691 0.3774547 -0.5233346 -0.7639745 0.3774104 -0.5233586 -0.5551282 0.821515 -0.1301761 -0.1530657 0.9279059 0.3399433 -0.7602887 0.4185476 -0.4967685 -0.7602766 0.4186195 -0.4967265 -0.5309246 0.8423251 -0.09277677 -0.5308715 0.842366 -0.09270916 -0.1193374 0.919399 0.3747853 -0.1194943 0.9194341 0.3746491 -0.7547692 0.4586448 -0.4690079 -0.7474457 0.4975744 -0.4401643 -0.7547586 0.4586938 -0.4689771 -0.5056933 0.860924 -0.05553492 -0.5055243 0.8610366 -0.05532745 -0.08555451 0.9087209 0.4085422 -0.08534534 0.9086619 0.4087171 -0.747425 0.4977066 -0.4400498 -0.479019 0.8776236 -0.0178183 -0.4788774 0.8777043 -0.01765113 -0.01699476 0.8806835 0.4734003 -0.0514249 0.8958248 0.4414217 -0.01722022 0.8808094 0.4731578 -0.05144361 0.8958312 0.4414067 -0.7382838 0.5354763 -0.4101244 -0.7383394 0.5353048 -0.4102485 -0.4222212 0.9046527 0.05772868 -0.4511055 0.8922452 0.02005854 -0.4511116 0.8922423 0.02005161 -0.7274063 0.5718659 -0.3792751 -0.7273981 0.5718874 -0.3792582 -0.4221722 0.904671 0.05780205 -0.3921541 0.9149315 0.09547556 -0.714726 0.6070392 -0.3473761 -0.7147413 0.6070049 -0.3474047 -0.3920657 0.914956 0.09560256 -0.7003332 0.6407199 -0.3146607 -0.7003587 0.6406701 -0.3147053 -0.3615122 0.9228978 0.1325465 -0.361379 0.9229305 0.1326821 -0.6842418 0.672875 -0.281163 -0.6842704 0.6728265 -0.2812093 -0.3298084 0.9287077 0.1694953 -0.3296729 0.9287314 0.1696287 -0.6665808 0.7032724 -0.2471397 -0.6666036 0.7032385 -0.2471742 -0.296954 0.9323112 0.2064319 -0.2970608 0.9322997 0.2063304 -0.6472686 0.7320634 -0.2124303 -0.6472831 0.7320444 -0.2124512 -0.2639972 0.9336114 0.2422296 -0.2640601 0.9336086 0.2421719 -0.2298754 0.9326693 0.2780025 -0.6264452 0.7590358 -0.1772885 -0.6264324 0.7590504 -0.1772708 -0.2298981 0.9326718 0.2779752 -0.7968917 0.316433 -0.51462 -0.6039383 0.7843776 -0.1414579 -0.6039849 0.7843307 -0.1415188 -0.1955841 0.9295064 0.3126734 -0.1957213 0.929517 0.3125562 -0.1606831 0.9240891 0.3467569 -0.7949775 0.3584513 -0.4894113 -0.7949698 0.3585152 -0.489377 -0.5800384 0.8077438 -0.1053818 -0.5801142 0.8076772 -0.1054758 -0.1606675 0.9240852 0.3467745 -0.7911502 0.3995956 -0.4630388 -0.7911428 0.3996394 -0.4630134 -0.7854043 0.4398693 -0.435494 -0.5549942 0.8289546 -0.06939565 -0.5548053 0.8290998 -0.069171 -0.1253154 0.9164246 0.3800815 -0.08961043 0.9065252 0.4125313 -0.1254487 0.9164501 0.3799759 -0.7854031 0.4398791 -0.4354862 -0.5284516 0.8483206 -0.0330317 -0.5283203 0.8484082 -0.03288183 -0.08966497 0.9065456 0.4124745 -0.7777508 0.479119 -0.4068767 -0.7777841 0.4789961 -0.4069576 -0.5004488 0.8657583 0.003674211 -0.5004241 0.8657725 0.003701565 -0.05399598 0.8945523 0.4436899 -0.01808933 0.8803738 0.4739354 -0.01806929 0.8803636 0.4739551 -0.05400279 0.8945543 0.4436851 -0.7682995 0.5169461 -0.3774688 -0.7682714 0.5170317 -0.3774085 -0.4714299 0.8809896 0.04013905 -0.4713113 0.8810473 0.04026376 -0.7568869 0.5539082 -0.3468542 -0.7569341 0.5537864 -0.3469457 -0.7437474 0.5892529 -0.3156278 -0.4412256 0.8941255 0.07654825 -0.4411812 0.8941435 0.07659327 -0.7437537 0.5892352 -0.3156457 -0.4096947 0.9051937 0.1130253 -0.4099421 0.9051118 0.1127835 -0.7287686 0.6232914 -0.2835563 -0.7120209 0.6558488 -0.2507761 -0.728768 0.6232926 -0.2835552 -0.3777148 0.9139093 0.1486654 -0.3777663 0.9138959 0.1486169 -0.7121027 0.6556867 -0.2509674 -0.3443272 0.9205422 0.1845015 -0.3446703 0.9204761 0.1841906 -0.6936125 0.6867184 -0.2175305 -0.693627 0.6866971 -0.2175511 -0.6735279 0.7159705 -0.1837022 -0.3105702 0.9248718 0.2194503 -0.3103343 0.924902 0.2196563 -0.6518576 0.7434624 -0.1494839 -0.6735178 0.7159849 -0.1836824 -0.2758838 0.9270281 0.2539824 -0.2758801 0.9270284 0.2539854 -0.6518611 0.743458 -0.1494905 -0.2403157 0.9269422 0.2881433 -0.2402439 0.9269428 0.2882014 -0.8259929 0.2966492 -0.4793068 -0.8259905 0.2966837 -0.4792895 -0.6285002 0.7693059 -0.1146986 -0.6283574 0.7694486 -0.1145243 -0.6035885 0.7933105 -0.07962164 -0.2044123 0.9246287 0.3213678 -0.2045356 0.924635 0.3212715 -0.8240058 0.3387166 -0.4541865 -0.8239985 0.3387789 -0.4541534 -0.6038053 0.7931101 -0.0799734 -0.1679304 0.9200747 0.3539236 -0.1679125 0.9200727 0.3539372 -0.8200356 0.3799616 -0.4279845 -0.820034 0.3799717 -0.4279787 -0.577254 0.8153533 -0.0444611 -0.5775164 0.8151515 -0.04475209 -0.5497783 0.8352576 -0.009405965 -0.1308638 0.9132711 0.3857598 -0.130977 0.9132893 0.3856782 -0.09371707 0.9043018 0.4164796 -0.8140751 0.4204177 -0.4006627 -0.8140828 0.4203821 -0.4006845 -0.5207388 0.8533223 0.02592569 -0.5497866 0.835252 -0.009417719 -0.09379816 0.9043289 0.4164026 -0.806199 0.4596313 -0.3725351 -0.806182 0.4596932 -0.3724954 -0.5208397 0.8532649 0.02578542 -0.4904348 0.8693275 0.06118206 -0.01888916 0.8799094 0.4747659 -0.05644149 0.8932036 0.4460959 -0.01888222 0.8799063 0.4747719 -0.05646553 0.8932101 0.44608 -0.7963293 0.4979612 -0.3433577 -0.7963302 0.4979582 -0.3433595 -0.4904477 0.8693215 0.06116495 -0.7845702 0.5349907 -0.3134239 -0.784519 0.535122 -0.3133283 -0.4591218 0.8831573 0.0961273 -0.4265722 0.8949196 0.1309774 -0.4590377 0.8831922 0.09620622 -0.7708683 0.5708537 -0.2826451 -0.7709016 0.5707803 -0.282702 -0.4266684 0.8948909 0.1308599 -0.7553949 0.6051557 -0.2513269 -0.7553664 0.6052095 -0.2512826 -0.3930616 0.9045036 0.1654562 -0.3583179 0.9119686 0.1998036 -0.3928486 0.9045623 0.1656409 -0.7381124 0.6380072 -0.2194014 -0.7380154 0.6381677 -0.2192607 -0.3586027 0.9119268 0.1994834 -0.7189588 0.6694799 -0.1868019 -0.7189479 0.6694957 -0.1867873 -0.3231872 0.917161 0.2331643 -0.3231399 0.917168 0.2332023 -0.698119 0.6992599 -0.1538357 -0.6981164 0.6992633 -0.1538326 -0.2870717 0.9201691 0.2662308 -0.2868536 0.9201884 0.2663989 -0.6756709 0.7272719 -0.1206009 -0.6756676 0.7272754 -0.1205975 -0.6513104 0.7538446 -0.08667797 -0.2502065 0.9209687 0.298686 -0.2126994 0.91955 0.3304342 -0.2500555 0.9209735 0.2987978 -0.8530324 0.2762176 -0.4427634 -0.8530315 0.2762309 -0.442757 -0.6513272 0.7538269 -0.08670512 -0.2126544 0.9195448 0.3304777 -0.1747318 0.9159063 0.3613646 -0.846879 0.3596609 -0.3917142 -0.8509827 0.3182723 -0.4177694 -0.8509788 0.3183057 -0.4177519 -0.6257384 0.7782277 -0.05303861 -0.6258742 0.7781085 -0.05318608 -0.1745358 0.9158716 0.3615472 -0.846879 0.3596615 -0.3917135 -0.5986404 0.8007879 -0.01919786 -0.5983372 0.8010219 -0.01888379 -0.1364155 0.9100584 0.3913878 -0.1361612 0.9100252 0.3915537 -0.8407342 0.4001987 -0.3647012 -0.8407226 0.400251 -0.3646705 -0.5698086 0.8216412 0.01496119 -0.5698456 0.8216163 0.01492476 -0.09744236 0.9019706 0.4206589 -0.09759923 0.9019994 0.4205609 -0.05875162 0.891809 0.448581 -0.8325921 0.4396617 -0.3368796 -0.8325506 0.4398129 -0.3367849 -0.5396833 0.8404386 0.04903957 -0.5398613 0.8403341 0.04887091 -0.01940841 0.8793477 0.4757845 -0.05882287 0.8918341 0.4485216 -0.01963912 0.8794423 0.4756001 -0.8223879 0.478283 -0.3080964 -0.8224057 0.4782296 -0.3081319 -0.5083523 0.8571507 0.08288904 -0.5085195 0.8570662 0.08273737 -0.8102596 0.5155516 -0.2787218 -0.810277 0.5155076 -0.2787527 -0.4758063 0.8717934 0.1165533 -0.4756239 0.8718717 0.1167119 -0.7961202 0.5517434 -0.2485394 -0.7961096 0.5517663 -0.2485225 -0.4422555 0.8842945 0.1497776 -0.4422449 0.8842983 0.1497864 -0.7801284 0.58644 -0.2179171 -0.7801896 0.5863245 -0.2180084 -0.4071917 0.8948131 0.183042 -0.4073976 0.8947531 0.1828772 -0.7621787 0.6198829 -0.1866249 -0.7622373 0.6197866 -0.1867053 -0.3715926 0.903045 0.2154732 -0.3717057 0.9030191 0.2153866 -0.7424018 0.651804 -0.1548909 -0.7424946 0.6516699 -0.1550101 -0.3348821 0.9091479 0.2475966 -0.3350048 0.9091272 0.2475064 -0.7209719 0.681967 -0.1229657 -0.7209883 0.681946 -0.1229855 -0.2973369 0.9130627 0.2791189 -0.2975468 0.9130395 0.2789707 -0.6976621 0.7106811 -0.09055335 -0.6977976 0.7105285 -0.09070696 -0.2590051 0.9147668 0.3100291 -0.2593569 0.9147477 0.3097913 -0.8779547 0.2551281 -0.4050992 -0.9006966 0.2333883 -0.3664363 -0.8779588 0.2550638 -0.4051307 -0.6728494 0.7374923 -0.05812653 -0.6726484 0.7376927 -0.05791092 -0.2204956 0.9142542 0.3398839 -0.220437 0.9142542 0.3399218 -0.8758393 0.2973027 -0.3801534 -0.8758482 0.2972255 -0.3801934 -0.6462559 0.7626974 -0.02541712 -0.6462163 0.7627323 -0.025377 -0.1810947 0.9115536 0.3691541 -0.1809036 0.9115437 0.3692724 -0.8716215 0.3387539 -0.3542903 -0.8716284 0.3387122 -0.3543133 -0.8653051 0.3793992 -0.327572 -0.6182255 0.7859674 0.00726422 -0.6181095 0.7860575 0.007376397 -0.5884748 0.8075168 0.04017469 -0.1414373 0.9066836 0.397392 -0.1413873 0.9066783 0.3974217 -0.8653063 0.3793899 -0.3275793 -0.5884046 0.8075635 0.04026276 -0.1012428 0.8995958 0.4248261 -0.1009931 0.8995574 0.4249668 -0.8569117 0.4191033 -0.3000911 -0.8568811 0.4192147 -0.300023 -0.5573746 0.8270531 0.07291572 -0.5573663 0.827058 0.07292274 -0.02052861 0.8790199 0.476343 -0.02011493 0.8788674 0.4766419 -0.06052185 0.8902708 0.4513923 -0.06098391 0.8903648 0.4511447 -0.8464122 0.457945 -0.2717955 -0.8464215 0.4579172 -0.2718134 -0.8339426 0.4954762 -0.2429876 -0.5250356 0.8445337 0.1053588 -0.5251761 0.844461 0.1052405 -0.8339368 0.4954939 -0.2429715 -0.8193667 0.5320768 -0.2133834 -0.4912042 0.8600833 0.1377502 -0.4914681 0.8599665 0.1375376 -0.8193879 0.5320241 -0.2134338 -0.4567223 0.8733423 0.1693455 -0.4566112 0.8733838 0.169431 -0.784513 0.6009298 -0.1530448 -0.8029808 0.5670336 -0.1835613 -0.8029037 0.5671781 -0.183452 -0.4207287 0.884665 0.2008861 -0.4208321 0.8846331 0.2008097 -0.7844856 0.6009791 -0.1529922 -0.3835378 0.8938838 0.2321001 -0.3837766 0.893825 0.2319318 -0.7641039 0.6334318 -0.1221037 -0.7641695 0.6333373 -0.1221832 -0.3458962 0.9008362 0.2623927 -0.3458563 0.9008437 0.2624198 -0.7421157 0.6640335 -0.09123539 -0.7420488 0.6641187 -0.09115912 -0.3073492 0.90566 0.2920897 -0.3072872 0.9056681 0.2921298 -0.718042 0.6934294 -0.05976116 -0.7180745 0.6933928 -0.05979567 -0.2676088 0.9083372 0.3214172 -0.2674918 0.9083461 0.3214892 -0.9006971 0.2334193 -0.3664155 -0.6651434 0.746709 0.003127381 -0.692499 0.7208584 -0.02842935 -0.6923702 0.7209873 -0.02829953 -0.2276893 0.9088103 0.3496019 -0.2279025 0.9088051 0.3494764 -0.8985268 0.2756706 -0.3415484 -0.8985268 0.2756702 -0.3415487 -0.6651914 0.7466666 0.003064595 -0.186705 0.907063 0.37733 -0.1460716 0.9031762 0.4036533 -0.1870177 0.9070714 0.377155 -0.8877124 0.3580312 -0.2894483 -0.8942032 0.317177 -0.3159103 -0.8941935 0.317236 -0.3158785 -0.6360558 0.7708579 0.03480282 -0.6361827 0.7707582 0.034688 -0.1459446 0.9031546 0.4037475 -0.8877137 0.3580219 -0.2894558 -0.6055911 0.793015 0.06623029 -0.6057327 0.7929171 0.0661086 -0.5736548 0.8132721 0.09751273 -0.1046383 0.8970886 0.4292817 -0.1045678 0.8970798 0.4293175 -0.06252708 0.8887539 0.4541 -0.8791033 0.3979486 -0.2623249 -0.8790749 0.3980519 -0.2622635 -0.5736247 0.8132893 0.09754609 -0.02086726 0.8783928 0.4774837 -0.06281502 0.8888339 0.4539036 -0.0212081 0.8785056 0.4772611 -0.8683452 0.4370207 -0.2344983 -0.868347 0.4370153 -0.2345017 -0.5404491 0.831512 0.1284624 -0.5403674 0.8315552 0.1285261 -0.8555431 0.474897 -0.2062009 -0.8555045 0.4749945 -0.2061367 -0.4699527 0.8620901 0.1895922 -0.5057535 0.8478501 0.1592602 -0.5058135 0.8478225 0.1592154 -0.8406897 0.5116262 -0.1774249 -0.8406144 0.5117885 -0.1773131 -0.4700537 0.8620562 0.1894953 -0.4331154 0.8742345 0.2193745 -0.8236607 0.5474329 -0.1479871 -0.823708 0.5473446 -0.1480509 -0.4328676 0.8743002 0.2196013 -0.8048005 0.5816118 -0.1184227 -0.8048245 0.5815724 -0.1184528 -0.3947413 0.8844016 0.2490244 -0.3950101 0.8843304 0.2488509 -0.7839507 0.6144796 -0.08852241 -0.7613281 0.6457192 -0.058536 -0.7840545 0.6143298 -0.08864242 -0.3559878 0.8922933 0.2776425 -0.3163151 0.8980691 0.3056417 -0.3559274 0.8923058 0.2776797 -0.7611659 0.6459325 -0.05829116 -0.7366835 0.6756524 -0.02812773 -0.3162633 0.898073 0.3056833 -0.7367594 0.6755653 -0.02823349 -0.2754225 0.9017235 0.3332222 -0.2754155 0.9017243 0.3332259 -0.9211978 0.2112129 -0.3267778 -0.9212011 0.2111562 -0.3268052 -0.7103663 0.7038287 0.002168426 -0.7103091 0.7038863 0.002222652 -0.234318 0.9031711 0.3596902 -0.2345708 0.9031589 0.359556 -0.1921829 0.9024273 0.3856044 -0.9189785 0.2535131 -0.3020095 -0.9189782 0.2535157 -0.3020081 -0.6823155 0.7303354 0.03249108 -0.6824228 0.7302395 0.03239537 -0.1926809 0.9024711 0.3852533 -0.9145482 0.2951895 -0.2765225 -0.9145573 0.295133 -0.2765523 -0.6526278 0.7550755 0.06275515 -0.6525318 0.7551515 0.06283612 -0.1501968 0.8995548 0.4101731 -0.1076832 0.8945105 0.433884 -0.1499012 0.8995398 0.4103144 -0.9079172 0.3361667 -0.2503564 -0.9079249 0.3361312 -0.2503759 -0.6214175 0.7779641 0.0928024 -0.6213337 0.7780229 0.09286951 -0.1076092 0.894496 0.433932 -0.06466079 0.8872713 0.456693 -0.8881124 0.415609 -0.1962796 -0.8990941 0.376357 -0.2235738 -0.8990905 0.3763701 -0.2235662 -0.5884654 0.7991345 0.1228514 -0.5884874 0.799121 0.1228346 -0.02127604 0.8778346 0.478491 -0.02146175 0.8778896 0.4783819 -0.06481905 0.88731 0.4565955 -0.8881351 0.415529 -0.1963454 -0.5545125 0.8181316 0.1522385 -0.5544475 0.8181669 0.1522854 -0.8598177 0.4909098 -0.1404316 -0.8749667 0.4539278 -0.1684719 -0.8749777 0.4539002 -0.1684892 -0.5188626 0.8353533 0.1815669 -0.5187776 0.8353934 0.1816252 -0.8597944 0.4909648 -0.1403824 -0.4823107 0.8504122 0.2101794 -0.4822352 0.8504429 0.2102285 -0.8231369 0.5617375 -0.08304557 -0.8425003 0.5269531 -0.1118651 -0.8424085 0.5271248 -0.1117464 -0.4440492 0.8636243 0.2386912 -0.4440768 0.8636148 0.238674 -0.8230977 0.5618048 -0.08297922 -0.4052415 0.874576 0.2662634 -0.4051441 0.8746036 0.2663206 -0.8019006 0.5950004 -0.05412804 -0.801832 0.5950999 -0.05405272 -0.3651526 0.883512 0.2933771 -0.365329 0.883472 0.2932781 -0.7784848 0.6271728 -0.02481413 -0.7786121 0.6270097 -0.02494338 -0.3244593 0.8902587 0.3196335 -0.324332 0.8902808 0.3197013 -0.7535 0.6574344 0.004209679 -0.7535243 0.6574067 0.00418667 -0.2825468 0.8949274 0.3453583 -0.2827725 0.8949 0.3452444 -0.9394121 0.1884817 -0.2863205 -0.9394109 0.1885049 -0.2863094 -0.6978493 0.7135102 0.06252504 -0.7265345 0.6863161 0.03343102 -0.726478 0.6863735 0.03348148 -0.2403722 0.8973897 0.3700175 -0.2403831 0.8973889 0.3700122 -0.1976794 0.8977052 0.3937616 -0.9371457 0.2308874 -0.2616275 -0.9371552 0.2307986 -0.2616718 -0.6977872 0.7135648 0.06259638 -0.197465 0.8976921 0.3938989 -0.9326277 0.2726741 -0.2363354 -0.9326302 0.2726579 -0.236344 -0.6354759 0.7627051 0.1202134 -0.6674773 0.7389911 0.09146714 -0.6676028 0.73889 0.09136816 -0.1540701 0.8958393 0.4168145 -0.1537919 0.8958322 0.4169327 -0.9258648 0.3138163 -0.2104606 -0.9258517 0.3138772 -0.2104275 -0.6354348 0.7627328 0.1202553 -0.6018598 0.7846274 0.1487432 -0.1101996 0.891826 0.438751 -0.1103949 0.8918402 0.4386731 -0.9168941 0.3541139 -0.1841432 -0.9168625 0.3542293 -0.1840782 -0.6018565 0.7846294 0.1487463 -0.02215878 0.877386 0.4792733 -0.06623369 0.8856595 0.4595872 -0.02183601 0.8773012 0.4794433 -0.06651451 0.8856928 0.4594824 -0.905692 0.3936676 -0.157314 -0.9056563 0.393775 -0.1572509 -0.5671927 0.804431 0.1765877 -0.5671265 0.804468 0.176632 -0.8923108 0.4322651 -0.1301093 -0.892261 0.4323908 -0.1300327 -0.4932823 0.8385265 0.2313999 -0.530512 0.8226395 0.2045023 -0.5305871 0.8226029 0.2044547 -0.8767885 0.4698028 -0.1026021 -0.876717 0.4699577 -0.102504 -0.4933399 0.8385056 0.2313529 -0.8591542 0.5062146 -0.07483916 -0.859119 0.5062809 -0.07479546 -0.4541198 0.8526912 0.2582496 -0.4541562 0.8526781 0.2582288 -0.8393988 0.5414947 -0.04683285 -0.8393731 0.541537 -0.04680382 -0.373629 0.8744808 0.3093294 -0.414542 0.86457 0.2840312 -0.4143563 0.8646263 0.2841307 -0.8177658 0.5752404 -0.01890833 -0.8176814 0.5753633 -0.01882072 -0.3734785 0.8745075 0.3094355 -0.7940005 0.6078465 0.009268235 -0.7939284 0.6079397 0.009337652 -0.3317205 0.8822782 0.3339859 -0.331536 0.8823143 0.3340742 -0.7684276 0.6388485 0.0373045 -0.7683986 0.6388819 0.03733029 -0.2892017 0.8879355 0.3576771 -0.2458459 0.8914612 0.3806006 -0.289396 0.8879075 0.3575893 -0.9552844 0.1654153 -0.245091 -0.952989 0.20777 -0.2205528 -0.9552832 0.1654383 -0.2450799 -0.7408449 0.6684837 0.06540838 -0.7408428 0.6684859 0.0654102 -0.2457742 0.8914623 0.3806444 -0.952987 0.2078053 -0.2205283 -0.7115636 0.6964043 0.09326492 -0.7115802 0.6963891 0.09325195 -0.2020067 0.8928277 0.4025567 -0.2019537 0.8928301 0.4025779 -0.1575709 0.8920472 0.4235837 -0.9483934 0.2497283 -0.1954116 -0.948382 0.2498009 -0.1953745 -0.9415022 0.2911083 -0.169793 -0.6807758 0.7224761 0.1207171 -0.6807949 0.7224604 0.1207032 -0.1574464 0.8920366 0.4236524 -0.9415259 0.2909733 -0.1698927 -0.6479937 0.7470912 0.1481856 -0.6479997 0.7470868 0.1481813 -0.1127975 0.8891063 0.443584 -0.1127145 0.8891024 0.4436128 -0.06774078 0.8840275 0.4625003 -0.932349 0.3317242 -0.1438205 -0.9323888 0.3315771 -0.1439013 -0.9209675 0.3715016 -0.1174965 -0.6137569 0.7698118 0.175192 -0.613801 0.7697832 0.1751633 -0.06772658 0.884025 0.4625072 -0.02294135 0.8769009 0.4801233 -0.0226652 0.8768372 0.480253 -0.9210052 0.3713771 -0.1175944 -0.5782672 0.7905439 0.201612 -0.5784072 0.7904634 0.2015261 -0.9073908 0.4103294 -0.09094834 -0.9073489 0.410436 -0.09088589 -0.5412282 0.8094647 0.2276817 -0.5410024 0.8095788 0.2278124 -0.8915368 0.4483998 -0.06402981 -0.8915916 0.4482805 -0.06410199 -0.8736343 0.4851664 -0.03710404 -0.5029045 0.826439 0.2531513 -0.5030948 0.826355 0.2530475 -0.8735855 0.4852606 -0.03702165 -0.463096 0.8415159 0.2781962 -0.4633692 0.8414119 0.2780556 -0.853642 0.5207625 -0.01008202 -0.853579 0.5208672 -0.01001391 -0.4227341 0.8543673 0.3022459 -0.4226274 0.8544016 0.3022977 -0.8315096 0.5552487 0.01704862 -0.8315814 0.5551434 0.01697771 -0.3807063 0.8653502 0.3259321 -0.380867 0.8653072 0.3258586 -0.8073501 0.588416 0.04418483 -0.7814119 0.6199602 0.07102682 -0.8073484 0.5884182 0.04418635 -0.3380917 0.8741523 0.3486426 -0.3382439 0.8741195 0.3485774 -0.7533701 0.6502641 0.09792922 -0.7813504 0.6200294 0.07109833 -0.2951138 0.8807849 0.3703049 -0.2949604 0.8808104 0.3703665 -0.9687856 0.1419818 -0.203213 -0.9687843 0.1420117 -0.2031989 -0.9664552 0.1844135 -0.1787625 -0.7534473 0.6501871 0.09784593 -0.2506389 0.8854048 0.3914567 -0.2505508 0.8854152 0.3914898 -0.9664556 0.184406 -0.1787677 -0.7236413 0.6788635 0.1244489 -0.7235898 0.6789114 0.1244865 -0.2060042 0.8878493 0.4114437 -0.2060368 0.8878469 0.4114323 -0.9617848 0.2265139 -0.1538221 -0.9617954 0.2264463 -0.153856 -0.9548311 0.2678664 -0.1286278 -0.6921352 0.7058593 0.1507036 -0.6922818 0.7057369 0.1506034 -0.160555 0.8881663 0.4305609 -0.1607582 0.8881615 0.4304948 -0.9548232 0.2679099 -0.1285963 -0.6589471 0.7311588 0.1766227 -0.6590131 0.7311094 0.1765803 -0.1150798 0.8863387 0.448509 -0.115021 0.8863375 0.4485266 -0.06906164 0.882363 0.4654741 -0.9455277 0.3088296 -0.102964 -0.9340201 0.348772 -0.07723042 -0.9455379 0.308792 -0.1029841 -0.6242766 0.7546279 0.2020283 -0.6241735 0.7546967 0.2020903 -0.0690347 0.8823588 0.4654859 -0.02340094 0.8763283 0.4811456 -0.02332444 0.8763129 0.4811775 -0.9339767 0.3489117 -0.07712305 -0.58804 0.7763272 0.2269912 -0.5879714 0.7763678 0.2270298 -0.5503707 0.7961649 0.2514229 -0.9202393 0.3879898 -0.05122108 -0.9201732 0.3881592 -0.05112553 -0.5503852 0.7961584 0.2514121 -0.90419 0.4263963 -0.02503266 -0.9041567 0.4264696 -0.02499006 -0.5112832 0.8141243 0.2753016 -0.4711998 0.8300196 0.2983928 -0.5114095 0.8140662 0.2752389 -0.8859977 0.4636884 0.001168269 -0.8859304 0.4638167 0.00124463 -0.4712375 0.8300071 0.298368 -0.8656496 0.4999013 0.02737752 -0.865702 0.4998135 0.02732353 -0.4297225 0.8440173 0.3208949 -0.4297791 0.8439979 0.3208702 -0.8432629 0.5348328 0.05349373 -0.843244 0.5348607 0.05351138 -0.3873432 0.8559313 0.3425593 -0.387144 0.8559888 0.3426408 -0.8188229 0.5685152 0.0794955 -0.8187563 0.5686031 0.07955284 -0.7923859 0.6008598 0.1053187 -0.3441471 0.8657711 0.3633226 -0.3439518 0.8658174 0.3633971 -0.2999398 0.8735663 0.3832987 -0.7922829 0.6009758 0.1054313 -0.25478 0.8792642 0.4024694 -0.2998288 0.8735789 0.3833571 -0.9798759 0.1182561 -0.1608067 -0.9798773 0.1182214 -0.1608231 -0.7640949 0.6316907 0.130866 -0.764089 0.6316969 0.1308702 -0.2547337 0.879267 0.4024925 -0.9775203 0.1607151 -0.1364724 -0.9775168 0.1607512 -0.136455 -0.7019154 0.6888714 0.1810276 -0.7338653 0.6611048 0.1561483 -0.7339958 0.6609808 0.1560593 -0.2095094 0.8827947 0.4204513 -0.2095758 0.8827885 0.4204313 -0.9728062 0.2028702 -0.1117663 -0.9728078 0.2028594 -0.1117716 -0.6683213 0.7149405 0.2054426 -0.7018692 0.6889078 0.1810679 -0.1633477 0.8842218 0.4375719 -0.1634701 0.8842161 0.4375379 -0.1170254 0.883508 0.4535622 -0.9657373 0.2445911 -0.0867565 -0.9657566 0.2444982 -0.0868035 -0.6682678 0.7149779 0.2054864 -0.1171083 0.8835146 0.4535279 -0.9563645 0.2856087 -0.06160137 -0.9563778 0.2855584 -0.06162731 -0.6330976 0.7393045 0.229382 -0.6330725 0.7393217 0.2293959 -0.07018851 0.8806611 0.4685185 -0.07020181 0.8806617 0.4685153 -0.0237163 0.8757426 0.4821954 -0.02332676 0.8756752 0.4823369 -0.9446967 0.3259291 -0.0363097 -0.9446682 0.3260166 -0.03626327 -0.5962829 0.7619312 0.2527992 -0.5963093 0.7619151 0.2527858 -0.9307094 0.3655984 -0.0108555 -0.9307726 0.3654347 -0.01094422 -0.5582618 0.7825971 0.2754735 -0.5581598 0.7826526 0.2755224 -0.5185069 0.8015777 0.2976973 -0.9145307 0.4042541 0.01456699 -0.9145125 0.4042945 0.01458935 -0.8961425 0.4419644 0.03994932 -0.5184653 0.8015948 0.2977239 -0.4778911 0.8184468 0.3190062 -0.8961927 0.4418698 0.03987287 -0.4777327 0.8185021 0.3191017 -0.8755634 0.4786738 0.0652699 -0.8755661 0.4786693 0.06526724 -0.4358301 0.8334565 0.3397091 -0.4357946 0.8334694 0.339723 -0.3928147 0.8464265 0.3595259 -0.8528679 0.5142329 0.09044865 -0.8529 0.5141847 0.09041996 -0.3927911 0.8464321 0.3595384 -0.8282073 0.5484276 0.1153248 -0.8281975 0.5484408 0.1153327 -0.3489646 0.8573281 0.3784338 -0.3490134 0.8573154 0.3784175 -0.8014756 0.5814109 0.1399945 -0.8013533 0.5815573 0.1400856 -0.2583411 0.8730029 0.4136734 -0.3040378 0.8662134 0.3965291 -0.3040732 0.8662059 0.3965182 -0.9885329 0.09424245 -0.1179884 -0.9885333 0.0942282 -0.117995 -0.7728344 0.6129699 0.1643014 -0.7727591 0.6130509 0.1643532 -0.2587067 0.8729718 0.4135108 -0.9861522 0.1368165 -0.09372877 -0.9861559 0.1367774 -0.09374746 -0.7422855 0.6430956 0.188256 -0.7423967 0.6429878 0.1881855 -0.2125389 0.8776402 0.4296219 -0.2123284 0.8776647 0.4296759 -0.1656601 0.8802057 0.4447412 -0.9814003 0.1790468 -0.06925079 -0.981401 0.1790421 -0.06925307 -0.7099088 0.6716955 0.2117887 -0.7099599 0.6716509 0.2117588 -0.1656141 0.8802053 0.4447592 -0.9742694 0.2209396 -0.04455085 -0.9742706 0.2209337 -0.04455372 -0.6759776 0.6985502 0.2346952 -0.6759193 0.6985961 0.234727 -0.1185762 0.8806305 0.458726 -0.1187712 0.8806253 0.4586855 -0.964829 0.2621279 -0.01984641 -0.9648234 0.2621496 -0.01983552 -0.6403183 0.7238076 0.2570896 -0.6403991 0.7237507 0.2570489 -0.07160706 0.8789479 0.4715114 -0.07117924 0.8789407 0.4715897 -0.02364539 0.8751221 0.4833241 -0.02365783 0.8751239 0.4833201 -0.9530411 0.3028003 0.004978652 -0.9530203 0.3028651 0.005011837 -0.6030268 0.7473671 0.2789281 -0.6031355 0.7472986 0.2788772 -0.9389739 0.3426987 0.02976011 -0.9389312 0.3428104 0.0298182 -0.5646312 0.7689236 0.2999134 -0.5646504 0.7689127 0.2999051 -0.9226121 0.381858 0.05451104 -0.9226055 0.3818729 0.05451902 -0.904105 0.4199373 0.07903768 -0.5244023 0.7888851 0.3204099 -0.52449 0.7888411 0.3203746 -0.9039926 0.4201483 0.07920121 -0.4831596 0.8068146 0.3400103 -0.4831994 0.8067971 0.3399955 -0.8833847 0.4570868 0.1034556 -0.8833001 0.4572324 0.103535 -0.4408136 0.8227859 0.3587573 -0.4409696 0.8227256 0.3587038 -0.8604031 0.4933498 0.1277206 -0.8604203 0.4933234 0.127706 -0.3972861 0.8368072 0.3767192 -0.3970762 0.8368772 0.3767853 -0.8354097 0.5283017 0.1516181 -0.8355229 0.5281475 0.1515311 -0.3530234 0.8487617 0.3936723 -0.3529553 0.8487809 0.393692 -0.8086158 0.5617127 0.1749837 -0.8085552 0.5617867 0.1750261 -0.3076097 0.8587509 0.4097842 -0.3075128 0.8587735 0.4098096 -0.9947318 0.07003565 -0.07485828 -0.9947307 0.07006694 -0.07484371 -0.7795897 0.5941216 0.1981404 -0.7796189 0.5940893 0.1981215 -0.261489 0.8666559 0.4248894 -0.2616712 0.8666221 0.4248462 -0.9923334 0.1127228 -0.05067414 -0.9923382 0.1126703 -0.05069908 -0.7488663 0.6248967 0.2206883 -0.748843 0.6249198 0.2207021 -0.2147646 0.8724487 0.4389869 -0.2146871 0.8724595 0.4390032 -0.9875541 0.1550469 -0.02640798 -0.9875509 0.1550686 -0.0263976 -0.980381 0.1971017 -0.002025147 -0.7162311 0.6542708 0.2427814 -0.7162107 0.654289 0.2427923 -0.1675891 0.8761405 0.4519862 -0.1675095 0.8761481 0.4520013 -0.9803932 0.1970401 -0.002067686 -0.6819491 0.6819988 0.2642403 -0.6819248 0.6820185 0.2642525 -0.1199273 0.8777382 0.463889 -0.120217 0.8777235 0.463842 -0.9708652 0.2385865 0.02229887 -0.9589976 0.2795543 0.04661581 -0.9708778 0.2385374 0.02227484 -0.6460561 0.7080677 0.2850469 -0.6460418 0.708078 0.2850535 -0.0724256 0.8771937 0.4746426 -0.02393661 0.8745276 0.4843847 -0.02407419 0.8745441 0.484348 -0.07189403 0.8771977 0.4747162 -0.9590038 0.2795354 0.04660247 -0.6084009 0.732567 0.305277 -0.6083585 0.7325947 0.3052949 -0.944846 0.3197777 0.07077016 -0.94486 0.3197403 0.0707515 -0.5696192 0.7550929 0.3246054 -0.5694913 0.7551679 0.3246552 -0.9283954 0.3592977 0.09480061 -0.9096625 0.3980395 0.1186538 -0.9283985 0.3592906 0.09479705 -0.5290871 0.7760112 0.3433269 -0.529126 0.7759908 0.3433129 -0.9097439 0.3978871 0.1185408 -0.4875571 0.7949188 0.3610984 -0.4874314 0.7949772 0.3611395 -0.8888137 0.4356775 0.1421105 -0.8889191 0.4354933 0.1420158 -0.8658166 0.472278 0.1652731 -0.4448892 0.8119152 0.377978 -0.4448642 0.8119254 0.3779855 -0.8658372 0.4722482 0.1652502 -0.4008474 0.8270615 0.3940693 -0.4005867 0.8271542 0.3941398 -0.840726 0.5077652 0.1880274 -0.8406513 0.5078686 0.1880816 -0.8136808 0.5419514 0.2102676 -0.3561429 0.840111 0.409116 -0.3557439 0.8402326 0.4092131 -0.8135974 0.5420468 0.2103439 -0.3102672 0.8512225 0.4232666 -0.3103311 0.8512061 0.4232527 -0.9984566 0.04574773 -0.03148885 -0.9984568 0.04574215 -0.03149142 -0.7845073 0.5750246 0.2321529 -0.7845207 0.5750095 0.2321448 -0.2637913 0.8602384 0.4363533 -0.2638057 0.8602353 0.4363506 -0.9960523 0.08845787 -0.007424675 -0.9960502 0.08848186 -0.007413467 -0.7535165 0.6066265 0.2534112 -0.7535629 0.6065795 0.253386 -0.2166836 0.8671802 0.4483823 -0.2165866 0.867196 0.4483985 -0.99125 0.1309435 0.01664698 -0.991249 0.1309516 0.01665079 -0.7208273 0.6366601 0.2739924 -0.7207026 0.6367746 0.2740546 -0.1690675 0.8720437 0.4592994 -0.1212771 0.8747833 0.4690904 -0.1693224 0.8720135 0.4592629 -0.984064 0.1731007 0.04067222 -0.9840653 0.1730941 0.04066907 -0.6862018 0.6653399 0.2940235 -0.6861241 0.6654044 0.2940588 -0.1210359 0.874782 0.4691552 -0.9625946 0.2561173 0.08840567 -0.9744985 0.2148857 0.06462655 -0.9745016 0.2148743 0.06462112 -0.6122183 0.7176841 0.3318406 -0.6500921 0.6922764 0.3132627 -0.6500288 0.6923239 0.313289 -0.0725311 0.8754339 0.4778648 -0.02428243 0.8739667 0.4853787 -0.07290067 0.8754222 0.4778299 -0.02424358 0.8739631 0.4853872 -0.96258 0.2561615 0.08843609 -0.612424 0.7175623 0.3317246 -0.9484068 0.2966435 0.1119249 -0.9483833 0.2967073 0.1119554 -0.5324022 0.7630853 0.3663998 -0.573061 0.7412478 0.3495035 -0.5730993 0.7412245 0.3494902 -0.9318712 0.3366292 0.1352659 -0.9318605 0.336654 0.1352779 -0.5323009 0.7631323 0.3664488 -0.9131072 0.3757529 0.1582558 -0.9131498 0.375667 0.1582145 -0.4906267 0.7829992 0.3823582 -0.4906107 0.7830069 0.3823626 -0.8921444 0.4139647 0.1808636 -0.8921822 0.4138972 0.180831 -0.4476026 0.8010703 0.3974144 -0.4476755 0.8010389 0.3973959 -0.8690868 0.4510945 0.2029824 -0.8690783 0.451108 0.2029888 -0.4032148 0.8173095 0.4116102 -0.4033619 0.8172537 0.411577 -0.8438329 0.4872928 0.2247034 -0.8438742 0.4872345 0.2246751 -0.3581133 0.8314775 0.4247352 -0.312211 0.8436406 0.4368006 -0.3579799 0.8315214 0.4247619 -0.8166588 0.5221607 0.2457978 -0.8166437 0.52218 0.2458072 -0.3123594 0.8436108 0.4367521 -0.2654418 0.853802 0.4478423 -0.999699 0.02140286 0.01198939 -0.9996991 0.02139927 0.01198773 -0.7874406 0.5558722 0.266352 -0.7874584 0.5558517 0.266342 -0.2653137 0.8538218 0.4478807 -0.9972911 0.06417154 0.03594847 -0.9972918 0.06416382 0.03594488 -0.756338 0.5882306 0.2862473 -0.756438 0.5881265 0.286197 -0.2180367 0.8619044 0.4578 -0.2183593 0.8618439 0.4577602 -0.9924833 0.1067687 0.05981235 -0.9924843 0.1067608 0.05980868 -0.7235236 0.6190636 0.3054075 -0.7234377 0.6191447 0.3054467 -0.688696 0.6486451 0.3239712 -0.1217925 0.871832 0.4744212 -0.1701575 0.867915 0.4666584 -0.1703804 0.8678831 0.4666363 -0.9852892 0.1490935 0.08352399 -0.9852898 0.1490906 0.08352263 -0.6887954 0.6485697 0.3239108 -0.1217693 0.8718325 0.4744265 -0.9757121 0.1911115 0.1070625 -0.9757142 0.1911028 0.1070585 -0.6524628 0.6764528 0.3416195 -0.6523727 0.6765227 0.3416531 -0.07335636 0.8736435 0.481005 -0.07323714 0.8736502 0.4810112 -0.02439765 0.873361 0.4864621 -0.02422434 0.873349 0.4864922 -0.963788 0.23265 0.1303328 -0.9637798 0.232677 0.1303452 -0.6147156 0.7026014 0.3584355 -0.6146431 0.7026524 0.3584599 -0.9495851 0.2735138 0.1532263 -0.9495693 0.2735573 0.1532462 -0.5752458 0.7272219 0.3744869 -0.5752373 0.7272273 0.3744895 -0.9330211 0.313917 0.1758626 -0.9330135 0.313935 0.1758708 -0.9142449 0.3534731 0.1980227 -0.5344018 0.7500718 0.3896241 -0.534297 0.7501318 0.3896523 -0.9143148 0.3533418 0.1979339 -0.4924428 0.7710279 0.4037524 -0.492463 0.7710176 0.4037476 -0.8932601 0.3921971 0.2196997 -0.8932918 0.3921396 0.2196738 -0.449278 0.7901329 0.4169402 -0.4491431 0.7901946 0.4169686 -0.8701678 0.429897 0.2408248 -0.8701698 0.4298936 0.2408233 -0.4048217 0.8074235 0.4291698 -0.4047259 0.8074623 0.4291873 -0.8448854 0.4667106 0.2614381 -0.8449421 0.4666285 0.2614015 -0.359528 0.8227152 0.4403175 -0.3594535 0.8227414 0.4403291 -0.8175729 0.502374 0.2814157 -0.8176746 0.5022414 0.2813572 -0.3136103 0.8359593 0.4503562 -0.3135277 0.8359845 0.4503669 -0.9960517 0.03987464 0.07931615 -0.9984567 -0.002964051 0.05545701 -0.9984564 -0.002949435 0.05546378 -0.7885349 0.5365362 0.3005692 -0.7884215 0.5366699 0.3006276 -0.266442 0.8473198 0.4594103 -0.2663064 0.8473547 0.4594245 -0.9960511 0.03988048 0.07931998 -0.7573155 0.5697474 0.3191568 -0.7573769 0.5696817 0.3191284 -0.2187317 0.8566001 0.467325 -0.2191756 0.856506 0.4672895 -0.9912512 0.08257853 0.1029652 -0.9912502 0.08258669 0.102969 -0.9840642 0.125094 0.1263695 -0.7243391 0.6014909 0.3369595 -0.6896534 0.6317605 0.3539167 -0.7242469 0.6015804 0.3369977 -0.170848 0.8637343 0.4741035 -0.1707973 0.8637426 0.4741063 -0.1222267 0.8688518 0.479747 -0.984062 0.125104 0.1263761 -0.6897322 0.631699 0.3538725 -0.1221277 0.8688561 0.4797645 -0.9625908 0.209168 0.1722433 -0.9744937 0.1673649 0.1495025 -0.9745014 0.1673332 0.1494883 -0.6531875 0.6606093 0.3700558 -0.6532877 0.6605289 0.3700227 -0.02431404 0.872765 0.4875348 -0.02442101 0.8727697 0.4875211 -0.07367064 0.8718444 0.4842106 -0.07351218 0.8718572 0.4842118 -0.9625947 0.2091562 0.1722356 -0.6154066 0.6876632 0.3852195 -0.6153299 0.6877192 0.3852421 -0.9484065 0.2503774 0.1945161 -0.9483883 0.2504284 0.1945385 -0.5759525 0.7132015 0.3995275 -0.5759364 0.7132122 0.3995317 -0.9131751 0.3310736 0.2377003 -0.9318534 0.2912112 0.2164382 -0.9318549 0.2912073 0.2164365 -0.5350676 0.7370458 0.4128754 -0.5351542 0.7369939 0.4128558 -0.9131221 0.3311737 0.2377649 -0.4930552 0.7590197 0.4251892 -0.4497025 0.7792431 0.4365179 -0.4930124 0.7590427 0.4251976 -0.8921506 0.3704322 0.2585483 -0.8922005 0.3703392 0.2585091 -0.4495554 0.7793013 0.4365657 -0.8690057 0.408825 0.2787315 -0.8690867 0.4086906 0.2786757 -0.4053253 0.7975558 0.4467842 -0.4054015 0.7975231 0.4467736 -0.843945 0.4459624 0.2981181 -0.81656 0.4824452 0.3169802 -0.8438913 0.4460422 0.2981506 -0.360024 0.8139319 0.455958 -0.3599755 0.8139503 0.4559635 -0.7875516 0.5173315 0.3348591 -0.816591 0.4824082 0.3169564 -0.3137291 0.8283897 0.4640522 -0.3139991 0.8283007 0.4640287 -0.9923354 0.01564025 0.1225802 -0.9947312 -0.02723928 0.09883235 -0.9947315 -0.02725125 0.09882685 -0.7875345 0.5173499 0.3348709 -0.2668883 0.8407799 0.4710199 -0.266774 0.8408123 0.4710269 -0.9923355 0.01563848 0.122579 -0.7563735 0.5512888 0.3521076 -0.7563255 0.5513418 0.3521279 -0.2192262 0.8512073 0.4768502 -0.2190052 0.8512595 0.4768583 -0.1710598 0.85958 0.4815193 -0.9875526 0.05846225 0.1460207 -0.9803901 0.101161 0.16912 -0.9875509 0.05847554 0.1460267 -0.7234327 0.5838488 0.3684638 -0.6888729 0.6148972 0.3838691 -0.7233498 0.583932 0.3684948 -0.1707339 0.859616 0.4815706 -0.9803913 0.1011559 0.1691169 -0.6887696 0.6149797 0.3839222 -0.1225118 0.8658538 0.485065 -0.1222795 0.8658881 0.4850622 -0.9590036 0.1857364 0.2140418 -0.9708696 0.1436056 0.1918061 -0.9708601 0.1436467 0.191824 -0.6145654 0.672722 0.4120127 -0.6525756 0.6445292 0.3984058 -0.6524755 0.6446127 0.3984348 -0.02445199 0.8721651 0.4886002 -0.02453521 0.8721668 0.4885932 -0.0735341 0.8700733 0.4874067 -0.0737618 0.8700494 0.4874149 -0.9590182 0.1856931 0.2140146 -0.6145056 0.6727611 0.4120381 -0.9448653 0.2273073 0.2357137 -0.9448257 0.227422 0.2357619 -0.5752202 0.6991759 0.4245878 -0.5752257 0.699172 0.4245865 -0.9284157 0.2684426 0.2568717 -0.9283784 0.268535 0.2569097 -0.5344875 0.7239448 0.4361503 -0.4923985 0.7470155 0.4466673 -0.5343322 0.7240421 0.436179 -0.9097151 0.3089594 0.2774214 -0.9096825 0.3090296 0.2774497 -0.4926403 0.7469012 0.4465918 -0.8657661 0.3876715 0.3164804 -0.8888702 0.3486339 0.2972607 -0.8888493 0.348674 0.2972766 -0.4489997 0.7683576 0.4560985 -0.4048971 0.7876569 0.4643866 -0.449159 0.7682763 0.4560786 -0.8658545 0.3875394 0.3164006 -0.4046974 0.7877303 0.4644363 -0.8407932 0.4254335 0.3347731 -0.8406787 0.4256085 0.3348384 -0.8135464 0.462531 0.3524309 -0.359576 0.8051617 0.4716141 -0.3133395 0.8207451 0.4776987 -0.3596382 0.8051364 0.4716097 -0.8136883 0.462359 0.3523288 -0.3134199 0.8207232 0.4776832 -0.9885332 -0.05140904 0.1419831 -0.9798775 -0.07540929 0.1848067 -0.9885333 -0.05141619 0.1419798 -0.784459 0.4983562 0.369141 -0.784593 0.4981886 0.3690824 -0.2663631 0.8343428 0.4826207 -0.2665561 0.8342833 0.4826171 -0.9861523 -0.008472396 0.1656256 -0.9861524 -0.008473893 0.1656248 -0.7535059 0.5329425 0.3849692 -0.7536283 0.5328032 0.3849223 -0.2188502 0.8458896 0.4863901 -0.2189531 0.8458626 0.4863908 -0.1705228 0.8554566 0.488995 -0.9813987 0.03447015 0.1888612 -0.9813997 0.03446109 0.1888572 -0.7206795 0.5663083 0.3998949 -0.720735 0.5662509 0.3998765 -0.1709278 0.855402 0.4889489 -0.1223603 0.862886 0.4903629 -0.9742825 0.07733352 0.2116437 -0.9742824 0.07733421 0.2116441 -0.6862008 0.5982225 0.4138337 -0.6861386 0.5982813 0.4138517 -0.1222628 0.8628948 0.4903716 -0.9648236 0.120002 0.2339121 -0.9648202 0.1200173 0.2339185 -0.6500791 0.6287031 0.4267662 -0.650138 0.6286522 0.4267515 -0.6122141 0.6578045 0.4387335 -0.02425179 0.871586 0.4896422 -0.07360267 0.8682711 0.4905996 -0.07344308 0.8682917 0.4905868 -0.02450533 0.8715847 0.489632 -0.9530411 0.1623892 0.2556216 -0.9530356 0.162409 0.2556297 -0.6124037 0.6576761 0.4386615 -0.9389389 0.2044534 0.2767536 -0.9389258 0.2044923 0.2767692 -0.5730808 0.6851844 0.4495561 -0.5323419 0.7110482 0.4593719 -0.5731246 0.6851528 0.4495484 -0.9226288 0.2458859 0.2971465 -0.9040155 0.2869152 0.3169157 -0.9226296 0.2458839 0.2971457 -0.5322265 0.711112 0.4594068 -0.9040445 0.2868597 0.3168833 -0.4907968 0.7349061 0.468008 -0.4905755 0.735038 0.4680328 -0.8833107 0.3270752 0.3358333 -0.883293 0.32711 0.335846 -0.4474831 0.757346 0.4755901 -0.4476875 0.7572358 0.4755732 -0.8604258 0.3665478 0.3539919 -0.860456 0.3664948 0.3539732 -0.4031904 0.7778888 0.4820026 -0.4033398 0.7778164 0.4819946 -0.8355044 0.4050757 0.3712763 -0.8354427 0.4051727 0.3713093 -0.3581217 0.7964603 0.4872369 -0.358295 0.7963852 0.4872322 -0.3122493 0.8130903 0.4913092 -0.8086131 0.442585 0.3876382 -0.8085746 0.4426398 0.387656 -0.2653677 0.8278468 0.4942162 -0.3120736 0.8131419 0.4913351 -0.9687849 -0.09913246 0.2272195 -0.9798764 -0.07538632 0.1848218 -0.7795725 0.4792866 0.4031762 -0.7796065 0.4792428 0.4031627 -0.2655756 0.8277951 0.494191 -0.9775191 -0.03243202 0.2083379 -0.9775175 -0.03240719 0.208349 -0.9728067 0.01064325 0.231374 -0.7489285 0.5144876 0.4176227 -0.7487801 0.5146621 0.4176736 -0.2180084 0.8405726 0.4958932 -0.2180342 0.8405652 0.4958945 -0.9728042 0.01065821 0.2313834 -0.6818655 0.5816041 0.4436171 -0.716332 0.5486364 0.4311225 -0.7161901 0.5487888 0.4311642 -0.1700637 0.8512768 0.4963932 -0.1702861 0.8512226 0.4964099 -0.1218041 0.859903 0.4957123 -0.965755 0.05366896 0.2538444 -0.9657513 0.05369046 0.2538534 -0.9563747 0.096591 0.2757131 -0.6820262 0.581468 0.4435484 -0.1221403 0.8598641 0.495697 -0.9563656 0.09662353 0.2757328 -0.6460278 0.6129081 0.4549634 -0.6458468 0.613071 0.4550008 -0.02434934 0.8709856 0.4907048 -0.07320487 0.8664907 0.4937965 -0.02416056 0.8709912 0.4907043 -0.07332665 0.8664718 0.4938116 -0.9446952 0.1392596 0.2969138 -0.9446905 0.1392768 0.2969206 -0.6086181 0.642766 0.4652267 -0.6085847 0.6427936 0.4652324 -0.930707 0.1816995 0.3174427 -0.91455 0.2234991 0.3371147 -0.930715 0.181675 0.3174333 -0.5694265 0.6713106 0.4744425 -0.5695501 0.6712174 0.4744259 -0.9145226 0.2235596 0.3371491 -0.5291338 0.6980298 0.4824642 -0.5289155 0.6981802 0.4824861 -0.8961511 0.2648658 0.3560326 -0.8961288 0.264917 0.3560508 -0.487521 0.7231258 0.4892978 -0.4876217 0.7230626 0.4892909 -0.8755692 0.3056516 0.3741063 -0.8755592 0.305672 0.3741133 -0.4448971 0.746366 0.4949791 -0.4446453 0.7465094 0.4949892 -0.8528941 0.3456679 0.391261 -0.8281901 0.3848071 0.4074613 -0.8529242 0.3456138 0.3912435 -0.4008257 0.7680125 0.4994952 -0.4007913 0.7680303 0.4994955 -0.8014928 0.423016 0.42269 -0.8281301 0.3848906 0.4075043 -0.355888 0.787745 0.5027937 -0.3558112 0.7877805 0.5027924 -0.8014671 0.4230485 0.4227062 -0.3103787 0.8054693 0.5048608 -0.3101334 0.8055704 0.5048501 -0.9687859 -0.09915335 0.2272058 -0.7727824 0.460324 0.4369313 -0.7728483 0.4602361 0.4369076 -0.2639211 0.8213459 0.505704 -0.263916 0.8213478 0.5057037 -0.966454 -0.05612869 0.2506316 -0.9664518 -0.05608984 0.2506489 -0.7422732 0.4964358 0.4500912 -0.7422277 0.496491 0.450105 -0.2167456 0.8352534 0.5053445 -0.2166526 0.8352828 0.5053357 -0.169007 0.8471532 0.5037537 -0.9617929 -0.0129209 0.2734732 -0.961795 -0.01294051 0.2734647 -0.7099538 0.5313795 0.4621703 -0.7100599 0.5312613 0.4621434 -0.1689126 0.8471706 0.5037563 -0.9548164 0.03029911 0.2956477 -0.9548221 0.03026359 0.2956329 -0.6759249 0.5650268 0.4731493 -0.676047 0.564902 0.4731238 -0.1211343 0.8569422 0.5009758 -0.121376 0.8568875 0.5010107 -0.9455407 0.07344329 0.3171099 -0.9455484 0.07340766 0.3170956 -0.6404433 0.5971576 0.4829445 -0.6401945 0.5973907 0.4829859 -0.07275408 0.864702 0.4969883 -0.02415244 0.8703852 0.4917788 -0.02419414 0.8703829 0.4917808 -0.07274683 0.8647033 0.4969871 -0.9339885 0.1164111 0.3378078 -0.9340003 0.1163658 0.3377905 -0.6032065 0.6280691 0.4916005 -0.6032864 0.6280003 0.4915904 -0.9201969 0.1590634 0.357682 -0.9041722 0.2013943 0.3767134 -0.9201822 0.1591102 0.3576993 -0.5644086 0.6575152 0.4991159 -0.5644414 0.6574892 0.499113 -0.904188 0.2013591 0.3766943 -0.5245745 0.6851456 0.5053682 -0.4833502 0.711228 0.5104188 -0.5245038 0.6851967 0.5053723 -0.8859697 0.2432352 0.3948346 -0.8860058 0.2431498 0.3948061 -0.48306 0.711387 0.5104718 -0.8432678 0.3249424 0.4281495 -0.8656722 0.2844007 0.4119805 -0.8656582 0.2844299 0.4119897 -0.4407481 0.7357048 0.5142757 -0.4408897 0.7356197 0.5142762 -0.8432052 0.3250409 0.428198 -0.3972831 0.7583047 0.5168561 -0.3973651 0.7582599 0.5168588 -0.8187603 0.3648185 0.4433273 -0.8188742 0.3646272 0.4432742 -0.7923971 0.4036289 0.4573733 -0.3526999 0.7791511 0.5181952 -0.3527789 0.7791122 0.5182 -0.7923141 0.4037363 0.4574225 -0.3076601 0.7979378 0.5183055 -0.2616009 0.8149334 0.5171543 -0.3074426 0.798034 0.5182865 -0.9552843 -0.1226061 0.2690719 -0.9552844 -0.1226261 0.2690627 -0.7640984 0.4415056 0.470347 -0.7640908 0.4415162 0.4703496 -0.2617469 0.8148898 0.5171492 -0.9529834 -0.07948112 0.292413 -0.952985 -0.07951356 0.2923988 -0.7338525 0.4784591 0.4822211 -0.733869 0.4784383 0.4822167 -0.7019149 0.5141614 0.4929031 -0.2148452 0.8299868 0.5147461 -0.2147721 0.830012 0.5147359 -0.9483927 -0.0362234 0.3150227 -0.9483925 -0.03622147 0.3150235 -0.7020135 0.5140641 0.4928641 -0.1675087 0.8430449 0.5110928 -0.1674331 0.8430676 0.5110804 -0.1200725 0.8539988 0.5062298 -0.9415111 0.007180309 0.3369053 -0.9415109 0.007182203 0.336906 -0.6682352 0.5486857 0.5024001 -0.6682755 0.5486428 0.5023935 -0.1200063 0.8540097 0.5062272 -0.9323707 0.05052245 0.3579555 -0.9323682 0.05053576 0.3579607 -0.5963739 0.6134425 0.5177127 -0.6331623 0.5816731 0.5106485 -0.6331934 0.5816426 0.5106447 -0.0723036 0.8629094 0.5001595 -0.07212153 0.8629475 0.5001203 -0.02408727 0.8698004 0.4928153 -0.02394555 0.8698116 0.4928025 -0.9209741 0.09379578 0.3781656 -0.9209815 0.09376626 0.3781548 -0.5963867 0.6134328 0.5177096 -0.9073733 0.136792 0.3974439 -0.9073703 0.1368022 0.3974474 -0.5581173 0.6437574 0.5235279 -0.5580231 0.6438354 0.5235325 -0.8915848 0.179471 0.4157724 -0.8915786 0.1794884 0.4157782 -0.4775953 0.6996773 0.5313703 -0.5183871 0.6726093 0.5280829 -0.5186316 0.6724238 0.528079 -0.8736233 0.2217795 0.4331239 -0.873623 0.2217801 0.4331241 -0.47795 0.6994728 0.5313205 -0.4359055 0.7249512 0.5333217 -0.8536036 0.2634537 0.4493918 -0.8536066 0.2634476 0.4493899 -0.435668 0.7250753 0.5333472 -0.8314615 0.3046323 0.4646189 -0.8315294 0.3045013 0.4645834 -0.3928661 0.7486284 0.5340523 -0.3928417 0.7486426 0.5340504 -0.807382 0.34495 0.4786897 -0.8074602 0.3448138 0.478656 -0.3487895 0.7705673 0.5334527 -0.3039649 0.7905849 0.5315834 -0.3490269 0.7704426 0.5334777 -0.7812783 0.3845565 0.4916508 -0.7813472 0.3844476 0.4916265 -0.3039358 0.7905957 0.531584 -0.2587847 0.8085517 0.5284646 -0.93941 -0.1457205 0.3102813 -0.9394102 -0.1456814 0.3102993 -0.7534415 0.4230216 0.5033673 -0.7533747 0.4231176 0.5033866 -0.2584901 0.8086475 0.5284619 -0.9326329 -0.05915711 0.3559443 -0.937149 -0.1025457 0.3335208 -0.9371505 -0.1025776 0.3335069 -0.7236291 0.4606962 0.513926 -0.7236691 0.4606435 0.513917 -0.2124738 0.8247552 0.5240552 -0.2123407 0.8248051 0.5240304 -0.9326301 -0.05914022 0.3559547 -0.6922249 0.497066 0.5232114 -0.6921262 0.4971852 0.5232287 -0.1655695 0.8389992 0.5183312 -0.1656132 0.8389848 0.5183404 -0.1186476 0.8511006 0.5114201 -0.925865 -0.0155792 0.3775331 -0.9258668 -0.0155921 0.377528 -0.658928 0.5325109 0.5312684 -0.6591236 0.5322938 0.5312433 -0.1188056 0.8510704 0.5114338 -0.9056761 0.07150649 0.4178968 -0.9168735 0.02799799 0.3981947 -0.9168726 0.02800338 0.3981966 -0.6242542 0.5664356 0.5380125 -0.6243381 0.5663499 0.5380054 -0.07120582 0.8612168 0.5032249 -0.0714823 0.8611515 0.5032976 -0.02380606 0.8691983 0.4938905 -0.02382165 0.8691966 0.4938926 -0.905681 0.07149142 0.4178887 -0.5880188 0.5990497 0.5434825 -0.5880741 0.5989977 0.5434801 -0.8922909 0.1148638 0.4366042 -0.8922777 0.114909 0.4366193 -0.5503561 0.6302341 0.5476431 -0.5503399 0.6302481 0.5476432 -0.8767616 0.1579364 0.4542522 -0.8767713 0.1579084 0.4542433 -0.5111673 0.6600602 0.5504803 -0.5112804 0.6599699 0.5504835 -0.8591285 0.2006096 0.4708014 -0.8591084 0.200661 0.4708162 -0.47128 0.6878937 0.551994 -0.4295976 0.7145259 0.5521764 -0.4710716 0.6880466 0.5519813 -0.8394198 0.2428231 0.4862216 -0.8394175 0.2428282 0.4862229 -0.429813 0.7144071 0.5521624 -0.8177078 0.2844034 0.5004683 -0.81765 0.2845197 0.5004966 -0.3872789 0.7391922 0.551008 -0.3873693 0.7391367 0.5510191 -0.793962 0.3254266 0.5135385 -0.7939881 0.3253794 0.513528 -0.3440461 0.7620587 0.5485424 -0.3441611 0.7619943 0.5485598 -0.7683638 0.3655611 0.5253399 -0.7683784 0.3655372 0.5253352 -0.2998915 0.7831401 0.5447538 -0.2997011 0.7832367 0.5447196 -0.9211999 -0.1683559 0.3507806 -0.9211997 -0.1683689 0.3507746 -0.7408556 0.4048991 0.5359007 -0.7408543 0.4049012 0.5359011 -0.2548933 0.8023988 0.5396161 -0.2548518 0.8024177 0.5396076 -0.9189816 -0.125159 0.3739089 -0.9189836 -0.1252069 0.3738881 -0.7116436 0.4431506 0.5451432 -0.7116347 0.4431627 0.5451449 -0.2095188 0.819623 0.5332165 -0.1632666 0.8349968 0.5254754 -0.2095738 0.8196007 0.5332294 -0.907919 -0.037946 0.4174245 -0.9145504 -0.08165082 0.3961447 -0.9145511 -0.08165941 0.3961412 -0.6806294 0.4804573 0.5530862 -0.6807427 0.4803146 0.5530708 -0.1631505 0.8350272 0.5254633 -0.9079174 -0.03793921 0.4174285 -0.648169 0.5163673 0.55968 -0.6480307 0.5165281 0.5596918 -0.1172286 0.8481702 0.5165896 -0.1171493 0.8481948 0.5165671 -0.8990982 0.005869551 0.4377077 -0.899099 0.005864704 0.437706 -0.6138982 0.5513154 0.5649604 -0.6138768 0.5513386 0.5649611 -0.07020567 0.8594951 0.5062997 -0.0702137 0.859493 0.5063022 -0.02349568 0.8686304 0.4949032 -0.0234387 0.8686378 0.494893 -0.8881177 0.04964845 0.4569264 -0.8881216 0.04963224 0.4569208 -0.5781474 0.5849222 0.5688688 -0.578242 0.5848289 0.5688686 -0.8749825 0.09336385 0.4750673 -0.8749912 0.09333269 0.4750574 -0.8597755 0.1367467 0.492023 -0.5411708 0.6169561 0.5714012 -0.5412056 0.6169244 0.5714024 -0.859777 0.1367431 0.4920211 -0.8424743 0.1798732 0.5078214 -0.5028484 0.6475502 0.5725576 -0.5027825 0.6476057 0.5725527 -0.842446 0.1799321 0.5078475 -0.4632444 0.6766593 0.5723082 -0.4634535 0.6764973 0.5723305 -0.8231408 0.2225627 0.5224032 -0.8231355 0.222575 0.5224063 -0.801798 0.2647727 0.5357382 -0.4225863 0.7040733 0.5707027 -0.4226677 0.7040154 0.570714 -0.801852 0.2646811 0.5357025 -0.7785985 0.3062192 0.5477354 -0.3808382 0.7298218 0.5677345 -0.3807127 0.7299037 0.5677132 -0.7534811 0.3469881 0.5584491 -0.7785437 0.3063033 0.5477664 -0.3384474 0.7536721 0.5634106 -0.3383285 0.7537432 0.563387 -0.7534596 0.3470182 0.5584594 -0.2949077 0.7758912 0.5576937 -0.2947815 0.7759597 0.5576651 -0.9006971 -0.1906065 0.3904023 -0.9006974 -0.1905765 0.3904163 -0.7265537 0.3869207 0.5678136 -0.7264951 0.3870124 0.5678259 -0.2506187 0.7962586 0.5506018 -0.2508408 0.7961496 0.5506585 -0.8941989 -0.1037066 0.4354922 -0.8985286 -0.1473101 0.4134561 -0.8985291 -0.147318 0.4134525 -0.667547 0.4638886 0.5823988 -0.6979014 0.425902 0.5757962 -0.6978424 0.4259866 0.575805 -0.2058129 0.8146468 0.54221 -0.2060851 0.8145269 0.5422867 -0.8941947 -0.1036814 0.4355069 -0.6673784 0.4640729 0.5824453 -0.1604412 0.8310842 0.5325013 -0.1606153 0.8310163 0.5325549 -0.8877093 -0.05980877 0.4565033 -0.887711 -0.05982247 0.4564981 -0.6354645 0.5008765 0.5876288 -0.6355617 0.5007583 0.5876245 -0.1152736 0.8453268 0.521665 -0.1150118 0.8454167 0.5215772 -0.8790949 -0.01583314 0.4763837 -0.8790901 -0.01580656 0.4763933 -0.6019936 0.5365013 0.5914135 -0.6019978 0.5364966 0.5914137 -0.5669414 0.5709631 0.5937833 -0.0693298 0.8577112 0.5094358 -0.06903891 0.8577973 0.5093305 -0.02305071 0.8680733 0.4959008 -0.02297141 0.8680854 0.495883 -0.8683522 0.02824095 0.4951432 -0.8683478 0.02826057 0.4951499 -0.5670015 0.5709116 0.5937755 -0.5306861 0.6038991 0.5947084 -0.8555241 0.07222275 0.5127012 -0.8555203 0.07223676 0.5127054 -0.530627 0.6039462 0.5947134 -0.8406354 0.1160366 0.5290253 -0.8406398 0.1160228 0.5290213 -0.493155 0.6353781 0.594216 -0.4931076 0.6354202 0.5942105 -0.4544714 0.6653176 0.5922905 -0.8237184 0.1595773 0.5440799 -0.8237023 0.1596221 0.5440912 -0.8048201 0.202736 0.5578196 -0.4542057 0.6654961 0.592294 -0.4143819 0.6938562 0.5889407 -0.7840061 0.2453579 0.5702052 -0.8048223 0.2027319 0.557818 -0.4145345 0.6937624 0.588944 -0.7839556 0.2454456 0.5702367 -0.3733341 0.7207114 0.5841205 -0.3734443 0.7206348 0.5841445 -0.761223 0.2875361 0.5812594 -0.7612612 0.2874605 0.5812467 -0.3318839 0.7455018 0.5779967 -0.3317492 0.7455876 0.5779633 -0.7366529 0.3289317 0.5908861 -0.7366937 0.3288584 0.590876 -0.289212 0.7687595 0.570408 -0.2890678 0.7688434 0.5703681 -0.2459816 0.7901003 0.5614577 -0.8779568 -0.2122874 0.4290989 -0.8530384 -0.2334168 0.4667355 -0.8779563 -0.2123192 0.4290843 -0.7104321 0.3693432 0.5990593 -0.7103884 0.369415 0.5990666 -0.245922 0.7901247 0.5614493 -0.8716192 -0.1252006 0.4739247 -0.875845 -0.1689768 0.4520425 -0.8758438 -0.1689404 0.4520583 -0.6525319 0.4479849 0.611156 -0.6823661 0.4090802 0.6058298 -0.6823056 0.4091711 0.6058365 -0.2018205 0.8096738 0.5510869 -0.2018638 0.8096532 0.5511014 -0.8716152 -0.1251768 0.4739386 -0.6525935 0.4479148 0.6111416 -0.1575035 0.8271409 0.5394724 -0.1573884 0.8271899 0.5394309 -0.865298 -0.08117161 0.494642 -0.8569017 -0.03699413 0.5141505 -0.8653028 -0.08121224 0.4946268 -0.6213757 0.4855006 0.6149647 -0.6214194 0.4854445 0.6149648 -0.1128529 0.8426111 0.5265651 -0.1127805 0.8426383 0.5265371 -0.8568955 -0.03697002 0.5141628 -0.5885945 0.5219887 0.6173204 -0.5543794 0.5572387 0.6181816 -0.5885765 0.5220097 0.6173196 -0.06798531 0.8560483 0.5124055 -0.06799223 0.856046 0.5124083 -0.0225257 0.8675305 0.4968736 -0.02247117 0.8675404 0.4968588 -0.8464264 0.00734871 0.532455 -0.8464239 0.007360414 0.5324587 -0.5544165 0.5572054 0.6181784 -0.8339247 0.05162987 0.5494579 -0.8339192 0.05165077 0.5494642 -0.5188252 0.5911599 0.6175357 -0.5189486 0.591035 0.6175516 -0.8029213 0.1397499 0.5794716 -0.8194089 0.09580761 0.565146 -0.8194076 0.09581198 0.565147 -0.4820327 0.6236269 0.6154136 -0.4821781 0.6234906 0.6154379 -0.8029138 0.1397663 0.5794779 -0.4443046 0.6543984 0.6118466 -0.4441144 0.6545632 0.6118082 -0.405318 0.6837829 0.6067604 -0.7845013 0.1833517 0.5924019 -0.7844986 0.1833584 0.5924034 -0.405004 0.6839873 0.6067399 -0.7641891 0.226521 0.6039067 -0.7641656 0.2265749 0.6039162 -0.7420426 0.2691396 0.6139517 -0.3652787 0.711533 0.6002435 -0.3651384 0.7116368 0.6002058 -0.7420492 0.2691287 0.6139485 -0.324361 0.7375853 0.592248 -0.3242482 0.7376621 0.5922142 -0.7180833 0.3111502 0.6225287 -0.7180575 0.3111989 0.6225342 -0.2827726 0.7617853 0.5828574 -0.2827018 0.7618294 0.5828341 -0.8530332 -0.2333437 0.4667817 -0.6924333 0.3523503 0.6295915 -0.6924921 0.3522488 0.6295835 -0.2404252 0.7841987 0.5720385 -0.2404414 0.7841895 0.5720444 -0.8509809 -0.1900072 0.4896209 -0.8509815 -0.1900276 0.4896121 -0.6650996 0.3927129 0.635153 -0.6650779 0.3927471 0.6351544 -0.1538816 0.8233899 0.546214 -0.197458 0.8047371 0.5598291 -0.1973683 0.8047832 0.5597944 -0.846873 -0.1461131 0.5113286 -0.8468763 -0.1461619 0.5113092 -0.63612 0.4322083 0.639177 -0.6361643 0.4321439 0.6391765 -0.1541358 0.8233012 0.5462759 -0.8407389 -0.1019979 0.5317467 -0.8407402 -0.1020098 0.5317423 -0.6056315 0.4706174 0.6416618 -0.6056858 0.4705443 0.641664 -0.1103432 0.8398928 0.5314174 -0.1101748 0.8399622 0.5313428 -0.8325703 -0.05755891 0.5509207 -0.832571 -0.05756375 0.5509192 -0.5737181 0.5078444 0.6426054 -0.5737163 0.5078467 0.6426052 -0.06647312 0.8544109 0.5153284 -0.02197423 0.8670024 0.4978193 -0.02199052 0.8669991 0.4978243 -0.06652554 0.8543919 0.515353 -0.8223958 -0.01297995 0.5687677 -0.8223975 -0.01298927 0.568765 -0.5404216 0.5438643 0.6419938 -0.5404598 0.54382 0.6419991 -0.8102463 0.03160704 0.5852367 -0.8102477 0.03160084 0.5852349 -0.5058149 0.5785809 0.6398402 -0.5058467 0.5785469 0.6398458 -0.7961464 0.07612179 0.6002969 -0.79615 0.07610915 0.6002937 -0.4699261 0.6119589 0.6361414 -0.4698627 0.612022 0.6361276 -0.7801239 0.1204734 0.613916 -0.7801366 0.1204344 0.6139075 -0.432909 0.6438621 0.6308973 -0.4330821 0.6437027 0.630941 -0.3947814 0.6742379 0.6241401 -0.76221 0.1645584 0.6260642 -0.7622316 0.1645 0.6260533 -0.3949821 0.6740997 0.6241624 -0.7425081 0.208132 0.6366811 -0.7424968 0.2081591 0.6366853 -0.356063 0.702749 0.6159245 -0.3560134 0.702788 0.6159087 -0.7209474 0.2513644 0.6457946 -0.720979 0.2512957 0.6457861 -0.3160276 0.7298821 0.6061341 -0.3160626 0.7298568 0.6061464 -0.6977579 0.2937777 0.6533211 -0.6976997 0.2938932 0.6533314 -0.2755623 0.7550337 0.5949702 -0.2755685 0.7550296 0.5949726 -0.8259878 -0.2538079 0.5033147 -0.7968968 -0.2736068 0.5386046 -0.8259871 -0.2538316 0.5033037 -0.6727694 0.3357052 0.6593052 -0.6727076 0.3358173 0.6593113 -0.2344265 0.778385 0.5823753 -0.2343654 0.7784222 0.5823501 -0.8240028 -0.2104221 0.5260627 -0.8240035 -0.2104612 0.526046 -0.6462171 0.3767299 0.6636852 -0.6462386 0.3766939 0.6636847 -0.1502372 0.819585 0.5529097 -0.1923758 0.8000486 0.568255 -0.1924794 0.7999912 0.5683008 -0.8200302 -0.1664928 0.547568 -0.8200294 -0.1664795 0.547573 -0.6180361 0.4169444 0.6664749 -0.6180969 0.4168509 0.666477 -0.1502814 0.8195682 0.5529228 -0.814079 -0.1221319 0.5677668 -0.814083 -0.1221694 0.567753 -0.5884342 0.4560575 0.6676502 -0.5885145 0.4559433 0.6676573 -0.1073983 0.8373147 0.5360686 -0.1076154 0.8372172 0.5361776 -0.8061748 -0.07753582 0.586575 -0.8061755 -0.07754046 0.5865735 -0.5574272 0.4940569 0.6672201 -0.5574246 0.4940605 0.6672196 -0.06483776 0.8527836 0.5182242 -0.02142495 0.8664594 0.4987877 -0.06439868 0.8529583 0.5179914 -0.02155044 0.8664294 0.4988343 -0.7963265 -0.03272673 0.603981 -0.7963235 -0.03271091 0.6039858 -0.5250357 0.5309165 0.6651806 -0.5251089 0.5308272 0.6651941 -0.7845616 0.01216256 0.6199315 -0.7845628 0.01215775 0.6199303 -0.4914368 0.5664258 0.6615524 -0.4914445 0.566417 0.6615542 -0.7709036 0.05703371 0.6343933 -0.7709097 0.05701071 0.6343879 -0.4566925 0.6005481 0.6563337 -0.4565834 0.6006628 0.6563047 -0.7553925 0.1017513 0.6473244 -0.7554014 0.1017224 0.6473184 -0.4206794 0.6333944 0.6494924 -0.4206173 0.6334552 0.6494732 -0.7380759 0.1461893 0.6586902 -0.738048 0.146269 0.6587037 -0.3837679 0.6646074 0.6411079 -0.3838064 0.6645723 0.6411211 -0.7189673 0.1903219 0.6684787 -0.6980913 0.2340652 0.6766698 -0.7189364 0.1904005 0.6684895 -0.3458953 0.6942235 0.6311976 -0.3457141 0.6943758 0.6311292 -0.6981386 0.2339821 0.6766497 -0.3073314 0.722083 0.6197932 -0.3070629 0.7222915 0.6196833 -0.675591 0.2771412 0.6832053 -0.6756368 0.2770457 0.6831988 -0.2675885 0.7485189 0.6067255 -0.2677391 0.7484111 0.6067921 -0.7968979 -0.2736222 0.5385951 -0.6513885 0.3196588 0.6881216 -0.6513812 0.3196729 0.688122 -0.2276761 0.7728066 0.5923964 -0.2277656 0.7727477 0.5924388 -0.7949751 -0.2301989 0.5612692 -0.7949734 -0.2300657 0.5613263 -0.7911406 -0.1861327 0.5826244 -0.6257748 0.3611609 0.6913528 -0.6257542 0.3611968 0.6913527 -0.1869254 0.7954087 0.5765275 -0.186908 0.7954192 0.5765187 -0.7911366 -0.1861086 0.5826376 -0.5984985 0.4020452 0.6929352 -0.5984518 0.402121 0.6929315 -0.1461731 0.8158757 0.5594463 -0.1460184 0.8159599 0.5593638 -0.7854002 -0.1416227 0.6025692 -0.7854059 -0.1416823 0.6025478 -0.569845 0.4418686 0.6928412 -0.5698671 0.4418355 0.6928441 -0.1045525 0.8346246 0.5408055 -0.1043292 0.8347338 0.5406798 -0.7777761 -0.09684914 0.6210352 -0.7682739 -0.05179716 0.638022 -0.7777725 -0.09682329 0.6210436 -0.5397525 0.4806866 0.6910916 -0.5396585 0.4808179 0.6910737 -0.06256662 0.8514069 0.5207606 -0.02094981 0.8659213 0.4997413 -0.02090383 0.8659338 0.4997215 -0.0628454 0.8512853 0.5209259 -0.768277 -0.05180748 0.6380177 -0.508496 0.5181981 0.6876792 -0.508398 0.518325 0.6876559 -0.7437459 0.03856872 0.6673489 -0.7569231 -0.006626438 0.6534702 -0.756923 -0.006625348 0.6534706 -0.4759133 0.5545979 0.6825891 -0.4758714 0.5546481 0.6825773 -0.7437534 0.03854848 0.6673416 -0.4420506 0.5897848 0.6758292 -0.4422178 0.5895975 0.6758833 -0.7287841 0.0836577 0.6796139 -0.728783 0.08366171 0.6796147 -0.7120769 0.1285197 0.6902385 -0.4073382 0.6232991 0.6675131 -0.3716294 0.6553591 0.6575683 -0.4072917 0.6233475 0.6674963 -0.7120486 0.1285816 0.6902562 -0.3717597 0.6552584 0.6575951 -0.6936101 0.1731794 0.6992239 -0.6936352 0.1731115 0.6992157 -0.3347597 0.6860836 0.6459299 -0.3348795 0.685976 0.6459819 -0.6735032 0.2173465 0.7065082 -0.6735376 0.217263 0.7065012 -0.6517848 0.260957 0.7120941 -0.2973019 0.7149443 0.6328241 -0.2975842 0.7147095 0.6329565 -0.6517816 0.2609627 0.7120949 -0.2591003 0.742094 0.6181937 -0.2592977 0.7419423 0.6182932 -0.7658131 -0.2926737 0.5726014 -0.7658129 -0.2926797 0.5725986 -0.6285129 0.3039255 0.7159615 -0.6284475 0.3040583 0.7159625 -0.2204627 0.7673486 0.6021399 -0.2205088 0.767316 0.6021644 -0.7639658 -0.2490904 0.5952396 -0.7639657 -0.2490626 0.5952514 -0.5774118 0.3877109 0.7185233 -0.6036855 0.3462564 0.7181019 -0.6037273 0.3461783 0.7181044 -0.1809054 0.7909914 0.5844706 -0.1810041 0.7909272 0.5845268 -0.1415414 0.8123723 0.5657008 -0.7602904 -0.2050584 0.6163679 -0.7602884 -0.2050133 0.6163855 -0.577378 0.3877568 0.7185259 -0.1412903 0.8124853 0.5656011 -0.1010039 0.8322169 0.5451726 -0.7547774 -0.1604346 0.6360595 -0.7547792 -0.1604552 0.6360523 -0.5497726 0.4281982 0.7172143 -0.5497607 0.4282174 0.717212 -0.5206429 0.4678845 0.7141533 -0.1012429 0.8321214 0.5452742 -0.7474388 -0.1154049 0.65423 -0.7474394 -0.115411 0.6542283 -0.4905847 0.5060254 0.7094117 -0.5207051 0.4678117 0.7141558 -0.06085188 0.8497768 0.5236184 -0.02036371 0.8653806 0.5007012 -0.06072835 0.8498361 0.5235367 -0.02022717 0.8654218 0.5006356 -0.7383155 -0.07017425 0.6707949 -0.7383153 -0.07017206 0.6707954 -0.4905937 0.5060157 0.7094123 -0.7274028 -0.02471768 0.6857654 -0.7274009 -0.0247077 0.6857679 -0.4591407 0.5431978 0.702941 -0.4590987 0.5432518 0.7029267 -0.7147422 0.02078753 0.6990789 -0.7147448 0.02077643 0.6990766 -0.4264745 0.5791934 0.6947334 -0.3929509 0.6135973 0.6848999 -0.4265342 0.5791221 0.6947562 -0.7003574 0.06624527 0.7107115 -0.7003596 0.06623732 0.7107103 -0.3586665 0.6463614 0.6734801 -0.3929937 0.6135597 0.6849091 -0.6842822 0.1115602 0.7206331 -0.6842956 0.111517 0.7206272 -0.3584887 0.6465075 0.6734344 -0.666584 0.1565355 0.7288089 -0.6665766 0.1565567 0.7288111 -0.3231112 0.6779228 0.660318 -0.323079 0.6779538 0.6603019 -0.6472394 0.2012466 0.7352421 -0.6472667 0.2011756 0.7352375 -0.2868222 0.707818 0.6455437 -0.2501728 0.7357396 0.6293653 -0.2868774 0.7077687 0.6455733 -0.6263698 0.2453882 0.7398956 -0.6263734 0.24538 0.7398953 -0.2502956 0.7356601 0.6294095 -0.2127455 0.7620394 0.6115844 -0.7328311 -0.3109471 0.6052029 -0.7328306 -0.3109597 0.605197 -0.6039699 0.2889827 0.7427714 -0.6040043 0.2889083 0.7427725 -0.2124474 0.7622163 0.6114673 -0.7275458 -0.2231957 0.6487378 -0.7310638 -0.2673075 0.6277677 -0.731064 -0.2673253 0.6277599 -0.5801358 0.3318244 0.7438649 -0.5801067 0.3318824 0.7438617 -0.174836 0.7864521 0.5923897 -0.1745377 0.7866615 0.5921996 -0.1363367 0.809118 0.5716119 -0.7275501 -0.2232212 0.6487243 -0.5549431 0.373825 0.7431642 -0.5548696 0.3739603 0.7431511 -0.1362892 0.8091413 0.5715905 -0.09768488 0.8297032 0.5495911 -0.7222623 -0.1783845 0.6682187 -0.715245 -0.133231 0.6860569 -0.7222665 -0.1784398 0.6681992 -0.5282795 0.4151552 0.740653 -0.5283345 0.4150615 0.7406663 -0.0975396 0.8297665 0.5495211 -0.7152526 -0.1332631 0.6860427 -0.7065178 -0.08778564 0.7022295 -0.5005001 0.4552205 0.7363924 -0.5004063 0.455369 0.7363644 -0.01965153 0.8648966 0.5015652 -0.01969867 0.8648808 0.5015907 -0.05866186 0.8483496 0.5261766 -0.05859417 0.848385 0.5261269 -0.7065138 -0.08777151 0.7022353 -0.4712731 0.4945477 0.7302906 -0.4714503 0.4942869 0.7303528 -0.6960721 -0.04205598 0.716739 -0.6960714 -0.0420522 0.71674 -0.4411867 0.5322744 0.7225222 -0.441211 0.5322411 0.7225319 -0.6839602 0.003735964 0.7295098 -0.6839606 0.003734094 0.7295094 -0.4098898 0.5689312 0.712957 -0.4098953 0.5689242 0.7129593 -0.6701962 0.04953993 0.7405286 -0.6701983 0.04953193 0.7405275 -0.3776649 0.6041653 0.7016791 -0.3777901 0.6040159 0.7017401 -0.6548262 0.09519788 0.74976 -0.6548212 0.09521509 0.7497621 -0.3445136 0.637943 0.6887228 -0.3444776 0.6379828 0.6887038 -0.6378683 0.1406592 0.7571915 -0.6378665 0.1406647 0.7571919 -0.3104818 0.6702352 0.6740814 -0.3105138 0.6702021 0.6740997 -0.6193909 0.1857409 0.7627944 -0.5993946 0.2304385 0.7665666 -0.6193902 0.1857425 0.7627944 -0.275691 0.7009121 0.6578122 -0.2756846 0.7009182 0.6578083 -0.5993568 0.2305081 0.7665752 -0.2403572 0.7298026 0.640013 -0.2405108 0.7296655 0.6401116 -0.6980277 -0.3284004 0.6363259 -0.6614855 -0.3449662 0.6659094 -0.698028 -0.3283929 0.6363294 -0.5779529 0.2745728 0.7684922 -0.5779707 0.2745316 0.7684935 -0.2041837 0.7571501 0.6205101 -0.2045254 0.7568683 0.6207412 -0.6963439 -0.2847198 0.658817 -0.696344 -0.2847195 0.6588171 -0.5551279 0.3180471 0.7685565 -0.5551792 0.3179375 0.7685648 -0.1678133 0.7824364 0.5996934 -0.1680224 0.782277 0.5998424 -0.6929866 -0.24045 0.6796715 -0.6929896 -0.2405432 0.6796353 -0.5309953 0.360689 0.7667772 -0.5310439 0.3605933 0.7667887 -0.1311199 0.8057806 0.5775164 -0.1309728 0.8058832 0.5774066 -0.6879641 -0.1956549 0.6988738 -0.6879583 -0.1955702 0.6989032 -0.5054998 0.402588 0.7631467 -0.5055209 0.4025497 0.7631529 -0.09382034 0.8273971 0.5537254 -0.09374821 0.8274429 0.5536692 -0.6812814 -0.1502757 0.7164306 -0.6812823 -0.1502848 0.7164279 -0.4788786 0.4433761 0.7576893 -0.478935 0.4432802 0.7577096 -0.4509604 0.4832935 0.7503747 -0.05614259 0.8470761 0.5284981 -0.01891408 0.864405 0.5024402 -0.01891915 0.8644031 0.5024433 -0.05637028 0.8469452 0.5286836 -0.6729597 -0.1045855 0.7322479 -0.6729599 -0.1045866 0.7322477 -0.4510882 0.4831377 0.7503982 -0.4222171 0.5217233 0.741308 -0.663013 -0.05861942 0.7463093 -0.6630129 -0.05861843 0.7463095 -0.6514769 -0.01254224 0.7585648 -0.4221867 0.521758 0.7413008 -0.6383667 0.03358322 0.7689995 -0.6514761 -0.01253955 0.7585655 -0.392249 0.5591605 0.7303973 -0.3923255 0.5590557 0.7304366 -0.3615307 0.5950147 0.7178112 -0.6383702 0.03357402 0.768997 -0.3296382 0.6297642 0.7033745 -0.3614454 0.5950997 0.7177837 -0.6237209 0.07962993 0.7775804 -0.6075719 0.1254842 0.7842896 -0.6237258 0.07961155 0.7775784 -0.3295471 0.629849 0.7033412 -0.6075655 0.1254987 0.7842922 -0.5899712 0.171004 0.7891081 -0.297111 0.6628298 0.6873004 -0.2972115 0.6627177 0.687365 -0.5708916 0.2162393 0.7920375 -0.5899433 0.1710623 0.7891163 -0.2637798 0.6943764 0.6695234 -0.2638126 0.6943423 0.6695459 -0.5709459 0.2161335 0.7920271 -0.2300075 0.7240708 0.6502445 -0.230018 0.7240606 0.6502523 -0.661486 -0.3449731 0.6659051 -0.5505252 0.2607808 0.7930419 -0.550519 0.260796 0.7930411 -0.1956111 0.7520918 0.6293601 -0.195721 0.7519937 0.6294432 -0.6598962 -0.3012458 0.6883225 -0.6598954 -0.3013382 0.6882828 -0.5287653 0.3048234 0.7921427 -0.5288076 0.3047264 0.7921518 -0.5057662 0.3480471 0.7893438 -0.1607845 0.7782636 0.6070043 -0.1605819 0.778431 0.6068431 -0.1254835 0.8026599 0.5830874 -0.6567125 -0.2568797 0.7090426 -0.6567131 -0.2568977 0.7090358 -0.5058189 0.347964 0.7893468 -0.1253636 0.802729 0.5830182 -0.6519538 -0.2119539 0.7280328 -0.6519558 -0.2119872 0.7280213 -0.481496 0.3905568 0.784619 -0.4815131 0.3905236 0.7846251 -0.08958114 0.8252692 0.5575893 -0.08975726 0.8251468 0.5577422 -0.6456136 -0.1664216 0.74531 -0.6456162 -0.1664492 0.7453017 -0.4561341 0.4319924 0.7780259 -0.45614 0.4319814 0.7780285 -0.429665 0.4724039 0.7695599 -0.05396051 0.8455784 0.5311173 -0.0537164 0.845732 0.5308971 -0.01807982 0.8639705 0.5032178 -0.01810818 0.8639588 0.5032369 -0.6377329 -0.1205718 0.7607622 -0.6377316 -0.1205618 0.7607649 -0.4296277 0.472452 0.7695512 -0.4021354 0.5117107 0.759236 -0.6283074 -0.07436707 0.7744026 -0.6283056 -0.07435557 0.7744052 -0.4021854 0.51165 0.7592505 -0.6173714 -0.02799783 0.7861734 -0.6173736 -0.02800951 0.7861713 -0.3736881 0.5497185 0.7471057 -0.3736105 0.5498332 0.7470599 -0.6049528 0.0184236 0.7960482 -0.6049534 0.01842116 0.7960477 -0.344277 0.586498 0.7331395 -0.3443118 0.58645 0.7331616 -0.5910746 0.06480789 0.8040092 -0.5910704 0.06482451 0.8040109 -0.3139076 0.62201 0.7173324 -0.3139579 0.6219447 0.7173668 -0.5757607 0.1110736 0.8100384 -0.5757601 0.1110755 0.8100386 -0.2830123 0.6557497 0.699926 -0.2830978 0.6556464 0.6999881 -0.5410577 0.2025826 0.8162211 -0.5590677 0.1570566 0.8141108 -0.5590846 0.1570022 0.8141097 -0.251258 0.6881005 0.6807255 -0.2191014 0.7185909 0.6600164 -0.2513774 0.6879661 0.6808172 -0.5410489 0.2026007 0.8162224 -0.1863284 0.7474411 0.6376627 -0.2191088 0.718585 0.6600204 -0.6233027 -0.360609 0.6938696 -0.6233014 -0.3606338 0.6938578 -0.5217013 0.2477236 0.8163704 -0.5217 0.2477271 0.8163703 -0.1862011 0.7475355 0.6375892 -0.6218011 -0.3169632 0.7161688 -0.6187972 -0.2724253 0.7368003 -0.6218014 -0.3169399 0.7161787 -0.501065 0.292315 0.8145463 -0.5010837 0.2922683 0.8145516 -0.4793372 0.3359585 0.8107821 -0.1531434 0.7744505 0.6138189 -0.1531541 0.7744408 0.6138284 -0.1194072 0.7997444 0.5883458 -0.6188033 -0.2724656 0.73678 -0.4793476 0.3359415 0.8107831 -0.1192975 0.799813 0.5882749 -0.6143194 -0.2273889 0.7555831 -0.6143208 -0.2274162 0.755574 -0.456306 0.3790913 0.8050308 -0.4562977 0.3791085 0.8050275 -0.08561444 0.8229361 0.5616462 -0.0853408 0.8231441 0.5613828 -0.6083472 -0.1817079 0.7725905 -0.6083465 -0.1817012 0.7725926 -0.4323002 0.4210815 0.797375 -0.4071438 0.462255 0.7877526 -0.4322587 0.4211639 0.797354 -0.05144026 0.8443005 0.5333953 -0.05142754 0.8443093 0.5333826 -0.0172335 0.8635464 0.5039748 -0.01695291 0.8636733 0.5037667 -0.60092 -0.135656 0.7877136 -0.6009217 -0.1356708 0.7877097 -0.4071758 0.4622108 0.787762 -0.5920377 -0.08924057 0.8009542 -0.5920348 -0.08922005 0.8009586 -0.3810509 0.502233 0.7762489 -0.3811269 0.5021024 0.776296 -0.5817385 -0.04263642 0.8122576 -0.5817344 -0.04261097 0.8122619 -0.3540641 0.5409406 0.7629036 -0.3540507 0.540962 0.7628946 -0.5700325 0.004098984 0.821612 -0.5700325 0.00409882 0.821612 -0.3263128 0.5782537 0.7477584 -0.3262942 0.5782815 0.747745 -0.5569462 0.05084802 0.8289907 -0.55695 0.05083127 0.8289891 -0.2975678 0.6144446 0.7306923 -0.297532 0.6144948 0.7306646 -0.5425363 0.09740935 0.8343656 -0.5425275 0.09744401 0.8343672 -0.2681926 0.6490287 0.7119229 -0.2681132 0.6491328 0.711858 -0.5268127 0.143771 0.837734 -0.5268063 0.143794 0.837734 -0.2382158 0.6819978 0.6914711 -0.2076242 0.7133771 0.669317 -0.2381642 0.6820611 0.6914263 -0.5098153 0.1897925 0.8390871 -0.5098087 0.1898138 0.8390862 -0.1764502 0.7431128 0.6454832 -0.2076375 0.7133657 0.6693252 -0.5835676 -0.375301 0.7201375 -0.5835665 -0.3753204 0.7201284 -0.4915659 0.235418 0.838416 -0.4915816 0.2353717 0.8384197 -0.1765621 0.7430232 0.6455559 -0.5821652 -0.3316672 0.742348 -0.5821664 -0.331614 0.7423708 -0.4721878 0.2803343 0.835734 -0.4721444 0.2804514 0.8357193 -0.1451416 0.7708095 0.6203117 -0.1451325 0.7708184 0.6203027 -0.5793514 -0.286993 0.7628806 -0.5793521 -0.28707 0.7628512 -0.45167 0.324595 0.8310429 -0.4516076 0.3247503 0.8310161 -0.1130621 0.7969847 0.5933231 -0.1129958 0.7970452 0.5932544 -0.08114202 0.8209081 0.5652663 -0.5751548 -0.241904 0.7814597 -0.5751554 -0.2419173 0.7814552 -0.4299566 0.3683042 0.8243114 -0.429984 0.3682407 0.8243256 -0.08098937 0.8210025 0.565151 -0.5695664 -0.1961002 0.7982097 -0.569564 -0.196063 0.7982207 -0.4073612 0.4108166 0.815651 -0.4073461 0.4108494 0.815642 -0.04876558 0.843036 0.5356419 -0.04872307 0.8430684 0.5355948 -0.01606105 0.8632687 0.5044889 -0.01635093 0.8631242 0.5047271 -0.5626116 -0.1498391 0.8130292 -0.5626126 -0.1498498 0.8130265 -0.3836778 0.4525447 0.8049811 -0.3836654 0.4525693 0.8049732 -0.5542946 -0.103188 0.8258993 -0.5542982 -0.1032162 0.8258933 -0.3590489 0.4932085 0.7923568 -0.3590502 0.4932061 0.7923577 -0.5446498 -0.05633985 0.836769 -0.5446545 -0.05637061 0.8367639 -0.3336256 0.5325642 0.7778621 -0.3336281 0.5325595 0.777864 -0.5336922 -0.009348435 0.8456271 -0.533691 -0.009342004 0.845628 -0.3073669 0.5706844 0.7614754 -0.2803764 0.6073943 0.7432773 -0.3074635 0.5705261 0.7615551 -0.5214449 0.03768975 0.8524522 -0.5214425 0.03770135 0.8524531 -0.2804117 0.6073539 0.7432972 -0.50795 0.08460789 0.8572212 -0.5079442 0.08463304 0.8572223 -0.2526965 0.6426862 0.7232558 -0.2526299 0.6427816 0.7231944 -0.4932322 0.1313233 0.8599281 -0.4932227 0.1313607 0.8599278 -0.2244319 0.6764293 0.7014797 -0.2245512 0.6762691 0.7015959 -0.4773057 0.1777816 0.8605655 -0.4772887 0.1778417 0.8605625 -0.1956575 0.7084528 0.678095 -0.195534 0.7086074 0.677969 -0.5423828 -0.3890245 0.7446348 -0.5423845 -0.3889942 0.7446494 -0.4602325 0.2238157 0.8591232 -0.4602554 0.2237412 0.8591303 -0.1663793 0.7388476 0.65301 -0.1664863 0.7387229 0.6531238 -0.5384574 -0.300615 0.7872065 -0.5410774 -0.3452869 0.7668195 -0.5410752 -0.3453631 0.7667867 -0.4420774 0.2692294 0.8556186 -0.4420894 0.2691937 0.8556235 -0.1367572 0.767372 0.6264486 -0.1366245 0.7675155 0.6263016 -0.5345682 -0.2554298 0.8056007 -0.5384711 -0.3007081 0.7871616 -0.4228174 0.3140898 0.8500429 -0.4025821 0.3580962 0.8424338 -0.4228311 0.3140524 0.85005 -0.1066505 0.7942101 0.5982106 -0.1064858 0.7943751 0.5980209 -0.53456 -0.255383 0.8056209 -0.4025927 0.3580777 0.8424367 -0.0763383 0.8190952 0.5685558 -0.07626778 0.81916 0.5684716 -0.5229056 -0.1630823 0.8366445 -0.5293703 -0.209494 0.8221188 -0.5293697 -0.209482 0.8221223 -0.3813268 0.4013489 0.8327718 -0.3813883 0.4012035 0.8328137 -0.04585584 0.8419772 0.5375609 -0.04596303 0.8418867 0.5376934 -0.01539137 0.8627306 0.5054294 -0.0152332 0.8628176 0.5052858 -0.5229143 -0.1631213 0.8366315 -0.3592054 0.4435015 0.8211442 -0.3592116 0.4434879 0.8211489 -0.5062085 -0.0691453 0.8596348 -0.5151715 -0.1162056 0.8491729 -0.5151765 -0.1162527 0.8491634 -0.3362429 0.4845712 0.8075466 -0.3361646 0.4847323 0.8074824 -0.5062192 -0.06918416 0.8596253 -0.4960266 -0.02189197 0.8680313 -0.312361 0.5246918 0.7919148 -0.3123661 0.5246818 0.7919194 -0.4960268 -0.02189293 0.8680311 -0.2877933 0.5634067 0.7744339 -0.287779 0.5634323 0.7744206 -0.4846469 0.02541737 0.8743405 -0.4846449 0.02542753 0.8743412 -0.4720966 0.07268538 0.8785452 -0.2624654 0.6008652 0.7550318 -0.2625405 0.6007384 0.7551066 -0.472098 0.07268155 0.8785447 -0.4584241 0.1197281 0.8806319 -0.236678 0.6366098 0.7339696 -0.2366032 0.6367278 0.7338914 -0.4584046 0.1197793 0.8806351 -0.2100881 0.6711692 0.7109113 -0.2102252 0.6709667 0.7110618 -0.4436037 0.1666138 0.8805996 -0.4436151 0.1665694 0.8806023 -0.4277752 0.2129198 0.8784496 -0.1830712 0.7039929 0.6862063 -0.1832751 0.7037116 0.6864402 -0.4998489 -0.4016964 0.7673274 -0.499851 -0.4016606 0.7673446 -0.4277897 0.2128864 0.8784505 -0.1557062 0.7350003 0.6599471 -0.1558675 0.7347928 0.6601399 -0.4962426 -0.3133203 0.809675 -0.4986465 -0.3579669 0.7894374 -0.4986467 -0.3579601 0.7894403 -0.4108784 0.2588334 0.8741763 -0.410879 0.2588314 0.8741766 -0.1278872 0.7642807 0.6320758 -0.1278081 0.7643754 0.6319774 -0.4926463 -0.2679 0.8279669 -0.4962533 -0.3133946 0.8096398 -0.3929959 0.3041035 0.8677992 -0.3929938 0.3041098 0.8677979 -0.3741799 0.3486108 0.8593369 -0.09984198 0.7916895 0.6027099 -0.09987117 0.7916572 0.6027475 -0.4926469 -0.2679037 0.8279654 -0.3741766 0.3486172 0.8593358 -0.07156388 0.8171879 0.5719113 -0.0713983 0.8173572 0.5716899 -0.04293289 0.8408949 0.5394927 -0.4819084 -0.1753726 0.8584922 -0.4878591 -0.2218795 0.8442529 -0.4878572 -0.2218371 0.8442652 -0.3544027 0.3924069 0.8487729 -0.3544133 0.3923795 0.8487812 -0.04287729 0.8409323 0.539439 -0.01428311 0.8624657 0.505914 -0.01444356 0.8623685 0.5060751 -0.4819044 -0.1753551 0.8584979 -0.3125207 0.4766687 0.8216555 -0.333855 0.4350731 0.836213 -0.3338616 0.4350572 0.8362187 -0.4665216 -0.08104393 0.8807892 -0.4747712 -0.128267 0.8707123 -0.4747726 -0.128282 0.8707094 -0.3125094 0.4766864 0.8216495 -0.4665194 -0.08103548 0.880791 -0.457128 -0.03350956 0.8887694 -0.2903237 0.5173219 0.8050405 -0.2903178 0.5173346 0.8050344 -0.4571261 -0.03350324 0.8887706 -0.2674811 0.5566386 0.786516 -0.2675008 0.5565992 0.7865372 -0.2439392 0.594691 0.7660523 -0.4466392 0.01407596 0.8946035 -0.4466402 0.01406923 0.894603 -0.4350755 0.06162335 0.8982828 -0.2440127 0.5945928 0.7661053 -0.4350719 0.06163423 0.8982838 -0.4224578 0.1090417 0.8997996 -0.2198422 0.6312686 0.7437536 -0.2199706 0.6310436 0.7439066 -0.1952476 0.6662234 0.7197394 -0.4224623 0.1090285 0.899799 -0.195287 0.6661771 0.7197715 -0.1703484 0.6994054 0.6941279 -0.4088308 0.1561744 0.8991478 -0.4088296 0.1561799 0.8991475 -0.3942392 0.2028695 0.8963366 -0.1702944 0.6994648 0.6940812 -0.4560719 -0.4133103 0.7881452 -0.4560755 -0.4132539 0.7881728 -0.3942369 0.2028753 0.8963364 -0.1446982 0.7313319 0.6664953 -0.1187896 0.7613695 0.6373425 -0.1447334 0.7312815 0.6665429 -0.4549757 -0.3695996 0.8101811 -0.454976 -0.3695911 0.8101848 -0.3786517 0.2492161 0.8913554 -0.378654 0.2492074 0.8913568 -0.09285372 0.7893192 0.6069213 -0.1189593 0.7612076 0.6375041 -0.4527801 -0.3249678 0.8302928 -0.4527814 -0.324871 0.83033 -0.3621698 0.2948966 0.8842336 -0.3621593 0.2949326 0.8842259 -0.0927708 0.7893923 0.6068388 -0.4494956 -0.2793874 0.8484671 -0.4494962 -0.2794534 0.8484451 -0.3448213 0.33985 0.8749858 -0.3448057 0.3398991 0.8749729 -0.06640964 0.8156282 0.5747526 -0.06651632 0.8155062 0.5749132 -0.03983916 0.8399198 0.5412464 -0.4451347 -0.2332875 0.8645416 -0.445132 -0.2332063 0.8645647 -0.3266452 0.3839882 0.8636296 -0.326606 0.3841029 0.8635933 -0.03988399 0.8398866 0.5412945 -0.01340102 0.8620211 0.5066952 -0.01342353 0.8620059 0.5067202 -0.4396967 -0.1865305 0.8785631 -0.4397001 -0.1865905 0.8785487 -0.2880107 0.4693714 0.8347098 -0.3076797 0.4272554 0.8501682 -0.3077251 0.4271317 0.850214 -0.4331938 -0.1393455 0.8904639 -0.4331954 -0.139367 0.8904597 -0.2879199 0.4695288 0.8346526 -0.4256617 -0.09191143 0.9002024 -0.4256594 -0.09188683 0.900206 -0.2675615 0.5105023 0.8171893 -0.2675537 0.5105209 0.8171801 -0.2465188 0.5503333 0.7977228 -0.4170924 -0.04416449 0.9077904 -0.4170916 -0.04415732 0.9077911 -0.2464567 0.5504294 0.7976757 -0.4075229 0.003666542 0.9131877 -0.4075231 0.003665417 0.9131875 -0.2249311 0.5887338 0.776401 -0.2248641 0.588874 0.776314 -0.3854646 0.09918052 0.9173768 -0.3969706 0.05149058 0.9163858 -0.3969732 0.05147423 0.9163857 -0.2025916 0.6261151 0.7529519 -0.1799764 0.6616043 0.7279341 -0.2026061 0.6260868 0.7529715 -0.3854724 0.09915693 0.9173762 -0.1800576 0.6614999 0.728009 -0.373021 0.1466763 0.9161558 -0.3730271 0.1466457 0.9161582 -0.1568382 0.695657 0.7010442 -0.1569425 0.6954777 0.7011988 -0.4111678 -0.4238205 0.8070422 -0.4111616 -0.4239126 0.8069971 -0.3597024 0.193718 0.9127363 -0.3597088 0.1936884 0.9127401 -0.109625 0.7584202 0.6424804 -0.1334852 0.7277614 0.6727147 -0.1334008 0.7278969 0.6725849 -0.4081975 -0.335364 0.8490617 -0.4101783 -0.3801078 0.8290186 -0.4101767 -0.3801444 0.8290026 -0.3455018 0.240349 0.9071168 -0.345492 0.2403901 0.9071096 -0.1095027 0.7585481 0.6423504 -0.4081983 -0.3353696 0.8490591 -0.3146192 0.3318646 0.8893147 -0.3304492 0.2864912 0.899292 -0.3304624 0.2864405 0.8993034 -0.08548418 0.7872159 0.6107238 -0.08549035 0.7872075 0.6107339 -0.4052418 -0.2898706 0.8670375 -0.4052418 -0.2898724 0.8670369 -0.3145989 0.3319098 0.889305 -0.0611854 0.8140677 0.577538 -0.06115853 0.8141025 0.5774919 -0.396394 -0.1967221 0.8967565 -0.4013004 -0.2436058 0.8829577 -0.4012992 -0.2435456 0.8829748 -0.2980466 0.3763767 0.8772164 -0.2980339 0.3764192 0.8772025 -0.03686686 0.8388363 0.5431339 -0.03676645 0.8389555 0.5429566 -0.01237889 0.861694 0.5072773 -0.01230227 0.8617508 0.5071825 -0.3963994 -0.1967506 0.8967478 -0.2807731 0.4199605 0.8630177 -0.2807647 0.4199863 0.863008 -0.3837426 -0.1017524 0.9178171 -0.3905354 -0.1493833 0.9083869 -0.3905367 -0.1494063 0.9083826 -0.2627067 0.4628165 0.8466322 -0.2627099 0.4628073 0.8466362 -0.3837494 -0.1017832 0.9178107 -0.2441598 0.5042037 0.8283505 -0.244136 0.5042682 0.8283183 -0.3760208 -0.05382276 0.9250467 -0.3760214 -0.05383005 0.9250461 -0.2249462 0.5445669 0.807989 -0.2248976 0.5446902 0.8079194 -0.2052577 0.5834992 0.7857469 -0.3673937 -0.005779094 0.9300476 -0.367394 -0.00578217 0.9300475 -0.2051449 0.5836788 0.7856428 -0.3578833 0.04227431 0.9328089 -0.3578833 0.04227487 0.9328089 -0.1849104 0.6212738 0.7614637 -0.1848693 0.6213654 0.761399 -0.3475124 0.0902233 0.9333246 -0.3475122 0.09022409 0.9333246 -0.1642636 0.6572968 0.7355123 -0.1641667 0.6574989 0.7353534 -0.3362929 0.138006 0.9315907 -0.336289 0.1380286 0.9315888 -0.3242832 0.1853822 0.9276173 -0.1431454 0.6918855 0.7076749 -0.1430881 0.6919972 0.7075774 -0.3652262 -0.4333756 0.8238905 -0.3652315 -0.4333005 0.8239276 -0.3242807 0.18539 0.9276167 -0.121815 0.7246239 0.6782929 -0.1217996 0.7246518 0.6782658 -0.3643544 -0.3895485 0.845871 -0.3643501 -0.3896386 0.8458315 -0.311464 0.2324113 0.9213985 -0.3114781 0.232342 0.9214112 -0.09989443 0.7560305 0.6468686 -0.09991479 0.755996 0.6469057 -0.362593 -0.3447652 0.865831 -0.3625948 -0.3447041 0.8658546 -0.2836175 0.3246159 0.9023224 -0.2979284 0.2787405 0.9129854 -0.2979193 0.2787814 0.9129759 -0.05581724 0.8126808 0.5800296 -0.07801849 0.7852188 0.6142837 -0.07808752 0.7851095 0.6144146 -0.3599654 -0.2991735 0.8836968 -0.3599651 -0.2992021 0.8836873 -0.2836387 0.3245638 0.9023344 -0.03366754 0.8379851 0.5446536 -0.05588752 0.8126113 0.5801203 -0.3564688 -0.2527801 0.8994622 -0.3564694 -0.2528491 0.8994426 -0.268684 0.369511 0.8895339 -0.268672 0.369557 0.8895184 -0.0112291 0.8614652 0.5076926 -0.01126335 0.861437 0.5077396 -0.0335339 0.8381063 0.5444754 -0.3469072 -0.158369 0.9244322 -0.3521157 -0.205854 0.9130382 -0.3521163 -0.2058745 0.9130333 -0.2531177 0.413481 0.8746226 -0.2531179 0.4134801 0.8746231 -0.3469162 -0.1584161 0.9244206 -0.3408814 -0.1106175 0.9335757 -0.236855 0.4566894 0.8575164 -0.2368462 0.4567189 0.8575032 -0.3408704 -0.1105654 0.9335859 -0.2201159 0.4985458 0.8384516 -0.220094 0.498614 0.8384168 -0.3340135 -0.06247497 0.9404955 -0.3263511 -0.01423666 0.9451414 -0.3340141 -0.06248322 0.9404948 -0.2027859 0.53936 0.8172934 -0.2027886 0.5393522 0.817298 -0.3263529 -0.01424397 0.9451406 -0.1849486 0.5789251 0.7941284 -0.1849762 0.5788496 0.7941768 -0.3086923 0.08222728 0.947601 -0.3179039 0.03403885 0.9475117 -0.3179041 0.03403696 0.9475117 -0.1666993 0.6170045 0.7691013 -0.1667054 0.6169889 0.7691125 -0.3086891 0.08223896 0.9476011 -0.1480411 0.6536076 0.7422135 -0.148005 0.6536945 0.7421443 -0.2987205 0.1302897 0.945405 -0.298724 0.1302647 0.9454073 -0.1290752 0.6885681 0.7135919 -0.1290728 0.6885735 0.7135872 -0.3183819 -0.4417088 0.8387647 -0.3183876 -0.4416314 0.8388033 -0.2880503 0.1779267 0.9409406 -0.2880476 0.1779444 0.940938 -0.2766649 0.2252407 0.9341965 -0.1098042 0.7217978 0.6833381 -0.1096789 0.7220616 0.6830795 -0.3176257 -0.3980033 0.8606436 -0.3176285 -0.3979513 0.8606666 -0.276694 0.2251526 0.9342091 -0.09021768 0.7534323 0.6513069 -0.09007208 0.7537184 0.6509959 -0.3138074 -0.307385 0.8983537 -0.3160943 -0.3530273 0.8805999 -0.3160962 -0.3529741 0.8806205 -0.2519473 0.3180343 0.9139894 -0.2646307 0.2719719 0.9252037 -0.2646469 0.2718853 0.9252245 -0.07030793 0.7834618 0.6174499 -0.07039659 0.7832997 0.6176455 -0.3137926 -0.3072771 0.8983958 -0.2519693 0.3179747 0.9140041 -0.03022495 0.8373272 0.5458658 -0.05036107 0.8113106 0.5824422 -0.05036082 0.8113111 0.5824416 -0.306955 -0.2138875 0.9273785 -0.3107541 -0.260997 0.9139543 -0.3107542 -0.2609825 0.9139584 -0.2386847 0.3632819 0.9005864 -0.2386645 0.3633737 0.9005547 -0.03020361 0.8373489 0.5458338 -0.01013942 0.8611724 0.5082118 -0.01010852 0.861201 0.5081638 -0.3069555 -0.2138911 0.9273774 -0.2248074 0.4077959 0.8849657 -0.2103947 0.4512376 0.8672477 -0.2248404 0.4076558 0.8850217 -0.3024198 -0.1663314 0.93855 -0.3024194 -0.1663144 0.9385532 -0.2971539 -0.1183405 0.9474678 -0.2104257 0.4511661 0.8672774 -0.2971608 -0.1183758 0.9474612 -0.1954998 0.4935782 0.8474433 -0.1955078 0.4935488 0.8474587 -0.2911776 -0.07009625 0.9540975 -0.291178 -0.07010371 0.9540968 -0.180128 0.5346923 0.8256258 -0.1800923 0.5348154 0.8255538 -0.1643082 0.5745921 0.8017772 -0.2844976 -0.02168295 0.9584315 -0.2771332 0.02678638 0.960458 -0.2844982 -0.0216897 0.9584312 -0.1642898 0.5746279 0.8017553 -0.2771305 0.02679732 0.9604586 -0.2690983 0.07519642 0.9601727 -0.1480695 0.613166 0.7759529 -0.1314966 0.6501988 0.7482982 -0.1480923 0.613097 0.7760031 -0.269096 0.0752053 0.9601727 -0.1314952 0.6502014 0.7482961 -0.1146406 0.6855946 0.7189003 -0.2511093 0.1713741 0.9526674 -0.2604176 0.1234145 0.9575759 -0.2604112 0.1234728 0.9575701 -0.114709 0.6854825 0.7189963 -0.2707606 -0.4488872 0.8515802 -0.2707562 -0.4489459 0.8515508 -0.2701118 -0.4051687 0.8734289 -0.2511029 0.1713969 0.9526649 -0.09745592 0.7194733 0.6876486 -0.09742988 0.7195377 0.6875847 -0.08016953 0.7513627 0.6550015 -0.2687975 -0.3601568 0.893328 -0.2700996 -0.405053 0.8734862 -0.2412004 0.2188653 0.9454736 -0.2412038 0.2188408 0.9454784 -0.08004098 0.751547 0.6548057 -0.2687957 -0.360141 0.893335 -0.2306879 0.2659296 0.9359831 -0.2306874 0.2659332 0.9359823 -0.06242725 0.7818379 0.6203485 -0.06241193 0.7818711 0.6203082 -0.2668517 -0.3143518 0.9110287 -0.2642675 -0.2680064 0.9264638 -0.2668488 -0.3144486 0.9109961 -0.2196465 0.3122255 0.9242676 -0.2196362 0.312288 0.9242489 -0.02684185 0.8366562 0.5470702 -0.04481084 0.8100196 0.5846881 -0.04474389 0.8101538 0.5845072 -0.2642587 -0.2679434 0.9264846 -0.2080625 0.3578354 0.9103098 -0.2080581 0.3578601 0.910301 -0.009011816 0.8609751 0.5085672 -0.02692958 0.8365563 0.5472189 -0.008939175 0.861051 0.5084401 -0.2610337 -0.220814 0.9397354 -0.2610336 -0.2208421 0.9397288 -0.18344 0.4463664 0.8758463 -0.1960091 0.4024751 0.8942004 -0.1959724 0.4026657 0.8941225 -0.2571765 -0.1731348 0.9507284 -0.2571766 -0.1731387 0.9507278 -0.1834224 0.4464117 0.8758269 -0.2527013 -0.1250566 0.9594284 -0.2527019 -0.1250788 0.9594254 -0.247615 -0.07666285 0.9658207 -0.1704267 0.489118 0.8554053 -0.1569977 0.5307064 0.832888 -0.1704331 0.4890891 0.8554206 -0.2476192 -0.07668545 0.9658178 -0.1569733 0.5307632 0.8328565 -0.2419357 -0.02809829 0.9698853 -0.2419352 -0.02808686 0.9698858 -0.1432489 0.5708265 0.8084781 -0.1432346 0.5708827 0.8084409 -0.2288405 0.069137 0.9710057 -0.2356722 0.0205399 0.9716156 -0.2356718 0.02054564 0.9716154 -0.129113 0.6097209 0.7820296 -0.1146394 0.647203 0.7536486 -0.1291063 0.6097456 0.7820114 -0.228845 0.06911708 0.9710061 -0.1000068 0.6828679 0.7236643 -0.1146924 0.6470987 0.75373 -0.221459 0.1175422 0.9680597 -0.2214542 0.1176011 0.9680538 -0.09992532 0.6830187 0.7235333 -0.2224606 -0.454847 0.8623373 -0.222452 -0.4549574 0.8622812 -0.2135401 0.1657333 0.9627737 -0.2135471 0.1656571 0.9627852 -0.08494531 0.7172587 0.6916099 -0.08494874 0.7172483 0.6916202 -0.06978024 0.7497216 0.658064 -0.2219165 -0.4110329 0.8841974 -0.2219155 -0.4110497 0.8841899 -0.2051171 0.2134262 0.9551839 -0.2051136 0.2134593 0.9551772 -0.06974611 0.749777 0.6580045 -0.2208519 -0.366107 0.9039856 -0.2208473 -0.3661976 0.90395 -0.1867818 0.3073342 0.9330907 -0.1961804 0.2607228 0.9452708 -0.1961799 0.2607269 0.9452698 -0.05446056 0.7803398 0.6229798 -0.05441885 0.7804491 0.6228467 -0.2192521 -0.3203986 0.9215602 -0.2192532 -0.3203717 0.9215693 -0.1867972 0.3072819 0.9331049 -0.03901615 0.809113 0.5863564 -0.03906364 0.8089974 0.5865127 -0.2171216 -0.2738097 0.936956 -0.2171217 -0.2738035 0.9369578 -0.1769458 0.3531703 0.9186735 -0.1769458 0.3531702 0.9186734 -0.02348324 0.8358749 0.5484174 -0.007823123 0.860797 0.5088884 -0.02345512 0.8359383 0.548322 -0.007782519 0.8608452 0.5088074 -0.2144664 -0.2266381 0.9500734 -0.2144673 -0.2265838 0.9500861 -0.2112954 -0.1788482 0.9609202 -0.1666458 0.3983002 0.90199 -0.1666825 0.3980552 0.9020916 -0.2076188 -0.130667 0.9694435 -0.2112973 -0.1788608 0.9609174 -0.1559816 0.4422746 0.8832117 -0.1560088 0.4421069 0.8832909 -0.2034418 -0.08218361 0.9756318 -0.2076162 -0.1306505 0.9694462 -0.144928 0.4852442 0.8622841 -0.1449132 0.4853295 0.8622386 -0.2034431 -0.08219149 0.9756308 -0.1335031 0.527224 0.8391733 -0.1218325 0.5675983 0.8142415 -0.1335436 0.5270075 0.8393027 -0.1936282 0.01530663 0.9809555 -0.1987728 -0.03345755 0.9794744 -0.1987731 -0.0334684 0.9794739 -0.1217423 0.5678251 0.8140968 -0.1936273 0.01531139 0.9809557 -0.1880176 0.06403738 0.9800758 -0.109787 0.606833 0.7872106 -0.109805 0.6067487 0.787273 -0.1880119 0.0640659 0.980075 -0.09746287 0.6446863 0.7582087 -0.09750381 0.6445077 0.7583553 -0.1819454 0.1126576 0.9768337 -0.1754517 0.1609179 0.9712477 -0.1819441 0.1126827 0.9768311 -0.08502392 0.6805789 0.7277247 -0.08497827 0.6807653 0.7275558 -0.1735955 -0.459674 0.870956 -0.1735918 -0.4597195 0.8709328 -0.173178 -0.4158483 0.8927931 -0.1754505 0.1609235 0.971247 -0.07221162 0.7154161 0.694957 -0.0722311 0.7153418 0.6950314 -0.172354 -0.3709896 0.9125025 -0.1731904 -0.4159744 0.892732 -0.1685103 0.20895 0.9632986 -0.1685135 0.2089045 0.9633079 -0.05935138 0.7481078 0.6609176 -0.05932392 0.7482055 0.6608094 -0.04632548 0.7791135 0.6251689 -0.1723421 -0.3708769 0.9125506 -0.1611916 0.2562629 0.9530721 -0.1611833 0.2563671 0.9530455 -0.04636091 0.7790517 0.6252432 -0.1710917 -0.3251575 0.9300539 -0.1694287 -0.2785153 0.9453694 -0.1710935 -0.3251211 0.9300663 -0.1534595 0.3031994 0.9404894 -0.1534653 0.303134 0.9405095 -0.03320543 0.8081975 0.5879745 -0.03319318 0.8082352 0.5879235 -0.01999824 0.8353496 0.5493553 -0.1694315 -0.278539 0.9453619 -0.1453726 0.3492303 0.9256917 -0.1453715 0.349241 0.9256877 -0.01989202 0.8355083 0.5491177 -0.006650468 0.8606073 0.5092257 -0.006642011 0.8606189 0.5092064 -0.1673585 -0.2312377 0.9583946 -0.1673591 -0.2312175 0.9583994 -0.1281974 0.4386468 0.8894686 -0.1369182 0.3945999 0.9085946 -0.1369306 0.3944845 0.9086429 -0.1648884 -0.18346 0.9690997 -0.1648887 -0.183446 0.9691023 -0.1281144 0.4389295 0.8893411 -0.1620201 -0.135155 0.977488 -0.1620196 -0.1351912 0.977483 -0.1097238 0.5240436 0.8445941 -0.1190799 0.4819427 0.8680732 -0.1190586 0.4821117 0.8679823 -0.1587589 -0.08660705 0.9835115 -0.1587591 -0.08656708 0.9835149 -0.1097019 0.524111 0.844555 -0.155116 -0.03779304 0.9871731 -0.155116 -0.03778111 0.9871735 -0.1000461 0.5651242 0.8189173 -0.1000826 0.564874 0.8190854 -0.1510999 0.0111099 0.9884561 -0.1510999 0.01110438 0.9884561 -0.09019145 0.6045021 0.7914813 -0.09022126 0.6043119 0.7916232 -0.0800744 0.642522 0.762072 -0.1467195 0.05998541 0.9873577 -0.1467197 0.05997233 0.9873585 -0.06988789 0.6786958 0.7310867 -0.0801358 0.642361 0.7622011 -0.1419864 0.108706 0.9838815 -0.1419864 0.1087092 0.9838812 -0.06977051 0.6789858 0.7308285 -0.1243157 -0.4633718 0.8774008 -0.1243176 -0.463349 0.8774126 -0.1369161 0.1571259 0.9780416 -0.1369164 0.1571176 0.978043 -0.05940118 0.7135249 0.6981072 -0.05934529 0.7138148 0.6978156 -0.04878731 0.7467933 0.6632643 -0.1240162 -0.4193648 0.899307 -0.123999 -0.4195992 0.8992 -0.1315024 0.2052785 0.9698288 -0.1315019 0.2052926 0.9698259 -0.0487176 0.7469451 0.6630983 -0.1234106 -0.374481 0.9189852 -0.123402 -0.3746116 0.9189332 -0.125786 0.2527658 0.9593161 -0.1257814 0.2528706 0.959289 -0.1197444 0.2998678 0.9464356 -0.03808234 0.7780217 0.6270821 -0.03808761 0.777998 0.6271113 -0.1225143 -0.328619 0.9364827 -0.1225096 -0.3287 0.9364548 -0.1197606 0.2997929 0.9464574 -0.02720034 0.8076518 0.589032 -0.02724709 0.8074561 0.5892981 -0.1213256 -0.2820829 0.9516876 -0.1213224 -0.2821446 0.9516698 -0.1134309 0.3461673 0.9312904 -0.1134361 0.3460752 0.9313239 -0.01639677 0.8348858 0.5501791 -0.01634995 0.8350675 0.5499046 -0.005469349 0.8604603 0.509488 -0.005461023 0.8604737 0.5094655 -0.1198404 -0.2347173 0.9646481 -0.119841 -0.2347052 0.964651 -0.1068654 0.3913848 0.9140009 -0.1068572 0.3915134 0.9139468 -0.1180729 -0.186931 0.9752516 -0.1180737 -0.186909 0.9752557 -0.1000068 0.4360359 0.8943554 -0.09999863 0.4361508 0.8943001 -0.1160167 -0.1385805 0.9835322 -0.1160173 -0.1385631 0.9835346 -0.09294128 0.4793606 0.8726828 -0.09293336 0.4794626 0.8726276 -0.1136808 -0.08988722 0.9894428 -0.1136808 -0.0898888 0.9894426 -0.08561944 0.5217155 0.8488123 -0.08561807 0.5217315 0.8488025 -0.1110742 -0.04103768 0.9929644 -0.1110742 -0.0410393 0.9929644 -0.07807153 0.5629191 0.8228164 -0.07809153 0.5627015 0.8229633 -0.1081987 0.007944122 0.9940976 -0.1081985 0.0079323 0.9940977 -0.07036565 0.6025431 0.7949783 -0.07037899 0.6024089 0.7950788 -0.1050621 0.05690924 0.9928359 -0.105062 0.05690366 0.9928364 -0.06250869 0.6406198 0.7653098 -0.0624972 0.640727 0.7652209 -0.1016719 0.105736 0.9891829 -0.1016719 0.1057395 0.9891825 -0.05450352 0.6772054 0.7337726 -0.05447253 0.6774741 0.7335268 -0.02492007 -0.4670323 0.883889 -0.07469708 -0.4658183 0.881722 -0.07469876 -0.4657983 0.8817324 -0.02492065 -0.467039 0.8838854 -0.09803721 0.154308 0.9831468 -0.09803716 0.1542625 0.983154 -0.04636284 0.7122368 0.7004064 -0.04634207 0.7124044 0.7002374 -0.02486114 -0.423211 0.90569 -0.07453728 -0.4217843 0.9036273 -0.07452046 -0.4219995 0.9035282 -0.02486184 -0.4232191 0.9056862 -0.09416263 0.2025276 0.9747389 -0.09416272 0.2024996 0.9747446 -0.0380144 0.7458854 0.6649886 -0.03801413 0.7458875 0.6649864 -0.07417767 -0.3769494 0.9232588 -0.02474186 -0.3781553 0.9254115 -0.07417259 -0.3770196 0.9232306 -0.02473184 -0.3780391 0.9254591 -0.09006406 0.250244 0.9639846 -0.0900641 0.2502391 0.9639859 -0.02971474 0.7771853 0.6285699 -0.02971678 0.7771709 0.6285875 -0.02121814 0.8070607 0.5900871 -0.07363205 -0.3309758 0.940762 -0.02455355 -0.3321724 0.942899 -0.0736298 -0.3310091 0.9407505 -0.02456781 -0.3323382 0.9428403 -0.08575178 0.2973178 0.9509199 -0.08575214 0.2972879 0.9509292 -0.02129331 0.8068894 0.5903187 -0.01283346 0.8345337 0.5508074 -0.07291693 -0.2845081 0.9558966 -0.02432887 -0.2856935 0.9580122 -0.07291664 -0.2845125 0.9558953 -0.02432159 -0.2856088 0.9580376 -0.08123546 0.3437952 0.9355243 -0.08123881 0.3435962 0.9355971 -0.01272863 0.8347549 0.5504746 -0.004246498 0.8603538 0.5096797 -0.004318743 0.8602135 0.5099156 -0.02402828 -0.2382707 0.9709014 -0.02367341 -0.1903766 0.9814256 -0.07202382 -0.2370588 0.9688218 -0.02402471 -0.2382293 0.9709117 -0.07202473 -0.2370431 0.9688256 -0.07096256 -0.1892355 0.9793642 -0.07651955 0.3891501 0.9179908 -0.07651404 0.3894108 0.9178807 -0.02326348 -0.1419723 0.9895973 -0.02367615 -0.1903376 0.9814331 -0.07095733 -0.1891844 0.9793744 -0.06972318 -0.140827 0.9875761 -0.0716131 0.4339441 0.8980891 -0.07161717 0.4337841 0.8981662 -0.0232617 -0.1419982 0.9895936 -0.06972711 -0.1408645 0.9875703 -0.06832249 -0.09210663 0.9934025 -0.0665364 0.4775512 0.8760809 -0.06653739 0.4775183 0.8760989 -0.02279487 -0.0932266 0.995384 -0.02227111 -0.04429194 0.9987704 -0.06832117 -0.09209444 0.9934037 -0.02279294 -0.09320466 0.9953861 -0.06129724 0.5199971 0.8519658 -0.06129971 0.519924 0.8520102 -0.06675541 -0.04321753 0.996833 -0.02227039 -0.04430282 0.9987699 -0.06675587 -0.04320717 0.9968334 -0.06502794 0.005821312 0.9978665 -0.05590264 0.5612857 0.825732 -0.05590643 0.5611862 0.8257993 -0.02169341 0.004777623 0.9997532 -0.06314093 0.05485918 0.9964957 -0.06502599 0.005838493 0.9978665 -0.02169305 0.00478163 0.9997532 -0.05041607 0.6009384 0.7977038 -0.05041867 0.6008769 0.7977499 -0.02106577 0.05382228 0.9983283 -0.0210644 0.05383731 0.9983276 -0.0631404 0.05486368 0.9964955 -0.04476767 0.6394209 0.7675524 -0.04476961 0.6393791 0.7675872 -0.02038628 0.1027391 0.9944994 -0.01965718 0.1514758 0.9882655 -0.06110373 0.1037287 0.9927269 -0.06110464 0.1037553 0.9927241 -0.05892046 0.1523949 0.9865617 -0.0203866 0.1027356 0.9944997 -0.03903133 0.6760659 0.7358068 -0.03902122 0.6762643 0.7356249 -0.01965324 0.1514136 0.9882752 -0.05892343 0.1523713 0.9865652 -0.03316314 0.7114469 0.7019569 -0.03316388 0.7114336 0.7019703 -0.01887734 0.1997209 0.9796709 -0.05659771 0.2006625 0.9780241 -0.05659743 0.2006528 0.9780261 -0.0188762 0.1997328 0.9796686 -0.02723616 0.7450913 0.666406 -0.02724712 0.7449095 0.666609 -0.018054 0.2476086 0.9686919 -0.01805356 0.247613 0.9686908 -0.05154352 0.2956449 0.9539064 -0.05413396 0.2484865 0.9671215 -0.05413402 0.2484888 0.9671209 -0.02128598 0.7766033 0.6296302 -0.0212885 0.7765645 0.6296779 -0.0515402 0.2956687 0.9538991 -0.01719862 0.2947256 0.9554272 -0.01718798 0.2948307 0.955395 -0.01523534 0.8064432 0.5911152 -0.0152316 0.8064962 0.591043 -0.04882715 0.3420116 0.9384264 -0.01627755 0.3414159 0.9397714 -0.01629243 0.3412729 0.939823 -0.04882842 0.3420663 0.9384063 -0.009157015 0.8343532 0.5511541 -0.009146548 0.834491 0.5509456 -0.003108813 0.8601245 0.5100749 -0.003013047 0.8603567 0.5096835 -0.04598185 0.3878392 0.9205794 -0.01534465 0.3869668 0.921966 -0.01436068 0.4318087 0.9018509 -0.01533128 0.3870915 0.9219138 -0.04305536 0.4323877 0.9006593 -0.04598353 0.3879173 0.9205464 -0.0143589 0.4317815 0.9018639 -0.04304079 0.432481 0.9006152 -0.01334063 0.4755524 0.8795863 -0.01333559 0.4755964 0.8795625 -0.03998867 0.4762023 0.878426 -0.0399896 0.4762529 0.8783986 -0.03684634 0.5188012 0.8541004 -0.01228102 0.5182087 0.8551661 -0.01228611 0.5181659 0.8551918 -0.03684573 0.518765 0.8541226 -0.03361141 0.5600957 0.8277458 -0.0112165 0.559411 0.8288146 -0.01120144 0.5595326 0.8287326 -0.0336143 0.5600795 0.8277567 -0.03028977 0.5998926 0.799507 -0.01009692 0.5996625 0.8001893 -0.008973263 0.637965 0.7700131 -0.01010507 0.5995994 0.8002365 -0.03029271 0.6000919 0.7993573 -0.02689001 0.6385046 0.7691481 -0.008982945 0.638095 0.7699054 -0.0234286 0.6755017 0.7369862 -0.007833786 0.6750256 0.7377527 -0.02688471 0.6385316 0.7691258 -0.02346418 0.6753296 0.7371426 -0.007827791 0.6749483 0.7378235 -0.01993464 0.7107999 0.7031117 -0.01638026 0.744378 0.6675576 -0.006668415 0.7104054 0.703761 -0.005475462 0.744262 0.6678654 -0.006650446 0.7105253 0.7036402 -0.01993528 0.7108493 0.7030618 -0.01636639 0.7444376 0.6674914 -0.01277642 0.7761872 0.6303731 -0.005467733 0.7441717 0.6679659 -0.004286506 0.7759349 0.6307985 -0.004267834 0.7760453 0.6306628 -0.01276022 0.7762525 0.630293 -0.003062583 0.8060082 0.5918965 -0.009148965 0.8061988 0.591574 -0.00550253 0.8341745 0.5514731 -0.009147272 0.8060718 0.5917471 -0.003077868 0.8059239 0.5920113 -0.001823634 0.8342507 0.5513822 -0.001808713 0.8602977 0.5097886 -0.0006079128 0.8601586 0.5100265 -0.001841176 0.8341608 0.5515181 -0.005480967 0.8342497 0.5513596 -0.001842715 0.8601886 0.5099727 -0.02493775 0.4885814 -0.8721619 -0.02493775 0.4885813 -0.8721619 -0.07472529 0.4873669 -0.869994 -0.07472528 0.4873669 -0.869994 -0.124352 0.4849398 -0.8656616 -0.124352 0.4849399 -0.8656616 -0.1736436 0.4813088 -0.8591797 -0.1736436 0.4813088 -0.8591797 -0.2225254 0.4764793 -0.8505586 -0.2225254 0.4764792 -0.8505586 -0.2708475 0.4704657 -0.8398237 -0.2708475 0.4704657 -0.8398237 -0.318478 0.4632851 -0.8270059 -0.318477 0.4632839 -0.8270069 -0.365342 0.4549475 -0.8121257 -0.3653429 0.4549487 -0.8121245 -0.4112794 0.4454851 -0.795231 -0.4112793 0.445485 -0.795231 -0.4562132 0.4349094 -0.7763526 -0.4562132 0.4349094 -0.7763526 -0.5000048 0.4232542 -0.7555469 -0.5000048 0.4232542 -0.7555469 -0.5425517 0.4105463 -0.7328638 -0.5425521 0.4105468 -0.7328632 -0.583737 0.396823 -0.7083662 -0.583737 0.396823 -0.7083662 -0.6234894 0.3821073 -0.6820961 -0.6234891 0.3821068 -0.6820966 -0.661685 0.3664434 -0.6541346 -0.6982425 0.3498653 -0.6245412 -0.6616851 0.3664434 -0.6541346 -0.6982425 0.3498653 -0.6245412 -0.7330508 0.3324237 -0.5934063 -0.733051 0.3324231 -0.5934064 -0.7660442 0.3141514 -0.5607898 -0.7660441 0.3141514 -0.5607898 -0.797131 0.2950999 -0.526781 -0.7971309 0.2950999 -0.526781 -0.8262401 0.2753119 -0.4914577 -0.8262401 0.2753119 -0.4914577 -0.8532876 0.2548451 -0.4549224 -0.8532875 0.2548454 -0.4549224 -0.8782244 0.2337361 -0.4172404 -0.8782243 0.233736 -0.4172404 -0.9009691 0.212053 -0.3785342 -0.9009691 0.212053 -0.3785341 -0.9214771 0.1898399 -0.3388817 -0.921474 0.1898535 -0.3388823 -0.9396942 0.1671633 -0.2983809 -0.939692 0.1671575 -0.2983915 -0.9555728 0.1440565 -0.2571542 -0.9555727 0.1440565 -0.2571542 -0.9690772 0.1205986 -0.2152796 -0.9690772 0.1205986 -0.2152796 -0.9801722 0.09684138 -0.1728708 -0.9801722 0.09684138 -0.1728708 -0.9888307 0.07284207 -0.1300298 -0.9888307 0.07284205 -0.1300298 -0.9950308 0.04866206 -0.08686627 -0.9950308 0.04866204 -0.08686628 -0.9987569 0.0243611 -0.04348683 -0.9987569 0.02436111 -0.04348682 -1 0 -0 -1 0 0 -0.9987569 -0.0243616 0.04348769 -0.9987569 -0.0243616 0.04348769 -0.9950308 -0.04866207 0.08686627 -0.9950308 -0.04866202 0.08686627 -0.9888307 -0.07284203 0.1300299 -0.9888307 -0.07284204 0.1300299 -0.9801729 -0.09683943 0.1728675 -0.9690772 -0.1205985 0.2152796 -0.9801729 -0.09683943 0.1728675 -0.9555728 -0.1440566 0.2571542 -0.9690772 -0.1205987 0.2152796 -0.939692 -0.1671576 0.2983915 -0.9555728 -0.1440566 0.2571542 -0.9214771 -0.1898398 0.3388818 -0.939692 -0.1671573 0.2983915 -0.9009691 -0.2120532 0.3785342 -0.921477 -0.1898401 0.3388818 -0.8782199 -0.2337395 0.4172478 -0.9009693 -0.2120524 0.3785341 -0.8532929 -0.2548411 0.4549144 -0.8782197 -0.2337404 0.4172478 -0.853293 -0.2548411 0.4549144 -0.8262401 -0.2753124 0.4914575 -0.8262401 -0.2753124 0.4914574 -0.7971308 -0.2951005 0.526781 -0.7971308 -0.2951005 0.526781 -0.7660441 -0.3141519 0.5607895 -0.7330508 -0.3324227 0.5934069 -0.7660447 -0.3141507 0.5607896 -0.7330508 -0.3324226 0.5934069 -0.6982425 -0.3498828 0.6245313 -0.6982323 -0.3498691 0.6245505 -0.661685 -0.3664423 0.6541352 -0.6234898 -0.382106 0.6820964 -0.6616963 -0.366457 0.6541156 -0.6234891 -0.3821074 0.6820962 -0.583737 -0.3968235 0.7083659 -0.583737 -0.3968235 0.7083659 -0.5425513 -0.410547 0.7328637 -0.5425513 -0.4105471 0.7328637 -0.4999906 -0.4232581 0.7555541 -0.4999906 -0.4232582 0.7555541 -0.4562132 -0.4349094 0.7763526 -0.4562132 -0.4349094 0.7763526 -0.411296 -0.4454814 0.7952244 -0.411296 -0.4454814 0.7952244 -0.3653419 -0.4549489 0.8121248 -0.365342 -0.4549489 0.8121248 -0.318477 -0.4632839 0.8270069 -0.318478 -0.4632851 0.8270059 -0.2708475 -0.4704657 0.8398237 -0.2708464 -0.4704643 0.8398246 -0.2225254 -0.4765032 0.8505451 -0.1736436 -0.481333 0.8591661 -0.2225074 -0.4764813 0.8505622 -0.173663 -0.4813057 0.8591775 -0.1243323 -0.4849396 0.8656645 -0.1243323 -0.4849396 0.8656645 -0.07474629 -0.4873662 0.8699926 -0.07474519 -0.4873647 0.8699935 -0.02491775 -0.4885815 0.8721623 -0.02491775 -0.4885816 0.8721623 -4.555843e-06 0.8724213 0.4887547 1.254034e-05 0.8724298 0.4887395 2.465617e-05 0.8724213 0.4887547 1.172536e-05 0.8724484 0.4887064 -8.918691e-06 0.8724369 0.4887268 9.817505e-06 0.8724146 0.4887667 1.081686e-05 0.8724272 0.4887442 1.191255e-05 0.8724276 0.4887434 -8.751816e-06 0.8724357 0.4887289 2.908822e-05 0.8724263 0.4887457 1.444033e-05 0.8724315 0.4887365 -1.988779e-05 0.8724289 0.488741 1.384094e-05 0.8724377 0.4887253 6.577745e-06 0.8724179 0.4887606 2.356265e-05 0.8724377 0.4887255 -2.043492e-05 0.8724332 0.4887333 -2.116093e-05 0.8724327 0.4887342 1.763761e-05 0.8724405 0.4887203 -1.425381e-05 0.872431 0.4887373 -1.57503e-05 0.8724278 0.4887429 -1.711068e-05 0.8724239 0.4887499 -1.291746e-05 0.8724443 0.4887136 -3.927094e-06 0.872435 0.4887301 9.538126e-06 0.8724371 0.4887264 2.138895e-06 0.8724483 0.4887064 -7.926197e-06 0.8724338 0.4887323 4.488091e-06 0.8724324 0.488735 -7.193515e-07 0.8724314 0.4887367 -1.381493e-06 0.8724354 0.4887295 -1.14429e-05 0.8724229 0.4887517 -6.114975e-06 0.8724255 0.4887471 3.903133e-06 0.8724276 0.4887434 1.040401e-05 0.8724357 0.488729 4.158469e-06 0.8724262 0.488746 2.797455e-06 0.8724247 0.4887486 1.251057e-05 0.8724333 0.488733 -6.774137e-06 0.8724229 0.4887516 -1.555942e-05 0.8724371 0.4887263 1.27087e-05 0.8724414 0.4887187 1.374483e-05 0.8724351 0.4887299 -3.090539e-06 0.8724306 0.4887379 1.511919e-05 0.872429 0.4887408 2.075756e-06 0.8724396 0.4887219 -1.049725e-05 0.8724358 0.4887287 -1.491314e-05 0.8724264 0.4887456 -1.977548e-05 0.8724248 0.4887486 -9.538079e-06 0.8724324 0.4887349 -3.93403e-06 0.872418 0.4887605 6.430604e-06 0.8724339 0.488732 7.806326e-06 0.8724349 0.4887304 3.786861e-06 0.8724394 0.4887222 -1.448695e-05 0.8724326 0.4887344 2.14938e-06 0.8724344 0.4887311 -2.872113e-05 0.8724418 0.4887182 1.779755e-05 0.872444 0.4887141 -1.573627e-05 0.8724277 0.4887432 -4.755716e-06 0.8724322 0.4887351 1.806436e-05 0.8724227 0.4887522 -4.824694e-06 0.8724317 0.4887359 1.363117e-05 0.8724402 0.4887209 1.350958e-05 0.8724378 0.4887251 2.320592e-05 0.8724384 0.4887241 -9.815823e-06 0.8724219 0.4887534 -2.318844e-05 0.8724384 0.4887241 2.22038e-05 0.8724334 0.488733 2.272596e-05 0.8724235 0.4887505 9.814948e-06 0.872422 0.4887534 4.8282e-06 0.8724317 0.4887359 2.872113e-05 0.8724418 0.4887182 -1.806085e-05 0.8724227 0.4887522 2.720946e-06 0.8724455 0.4887114 -2.084784e-05 0.8724309 0.4887373 -1.987551e-05 0.8724358 0.4887288 7.012734e-08 0.8724431 0.4887157 -7.806326e-06 0.8724349 0.4887303 -1.800819e-05 0.8724199 0.4887572 -9.92439e-07 0.8724315 0.4887364 -6.430605e-06 0.872434 0.4887321 -2.636766e-06 0.872436 0.4887282 6.99379e-06 0.8724434 0.4887151 2.274898e-05 0.872431 0.4887372 6.767193e-06 0.8724263 0.4887456 8.218895e-06 0.8724408 0.4887198 8.192633e-07 0.8724345 0.488731 3.09054e-06 0.8724306 0.488738 1.555942e-05 0.8724371 0.4887263 -1.511919e-05 0.872429 0.4887408 3.218769e-05 0.8724228 0.4887519 1.640969e-05 0.872437 0.4887266 -2.17936e-05 0.8724281 0.4887426 2.284635e-05 0.8724416 0.4887183 2.077162e-05 0.8724394 0.4887224 -5.006988e-06 0.8724251 0.4887479 -1.971542e-06 0.8724257 0.4887468 2.9107e-06 0.872429 0.4887409 1.788257e-05 0.8724478 0.4887072 1.144956e-05 0.8724229 0.4887517 1.37448e-06 0.8724353 0.4887295 -2.33123e-06 0.8724307 0.4887378 -7.854164e-07 0.872433 0.4887338 -1.231428e-05 0.8724386 0.4887238 1.763766e-05 0.8724431 0.4887159 -1.426688e-05 0.8724158 0.4887645 -4.572245e-06 0.8724328 0.488734 1.293149e-05 0.8724443 0.4887136 -1.763761e-05 0.8724405 0.4887203 1.778427e-06 0.8724474 0.4887081 -1.316948e-05 0.8724149 0.4887661 1.831697e-05 0.8724297 0.4887395 1.177601e-05 0.8724291 0.4887406 -4.709051e-06 0.8724248 0.4887483 2.938344e-06 0.8724465 0.4887096 -1.384094e-05 0.8724378 0.4887253 -6.577745e-06 0.8724179 0.4887606 4.382752e-06 0.8724386 0.4887237 1.26226e-07 0.8724216 0.4887541 -1.081686e-05 0.8724272 0.4887442 -2.908822e-05 0.8724263 0.4887457 9.155142e-06 0.8724369 0.4887266 8.986737e-06 0.8724358 0.4887287 -2.392483e-05 0.8724209 0.4887552 2.833073e-06 0.8724216 0.4887542 1.370281e-05 0.8724417 0.4887182 1.339156e-05 0.8724347 0.4887309 -1.011132e-05 0.8724287 0.4887417 -9.283958e-06 0.8724143 0.4887671 3.366076e-07 0.8724338 0.4887323 2.952014e-05 0.8724337 0.4887324 -1.254034e-05 0.8724298 0.4887395 -1.172361e-05 0.8724483 0.4887064 -2.397847e-07 0.8724341 0.4887318 -2.575045e-05 0.8724335 0.4887329 8.91536e-06 0.8724369 0.4887268 8.748309e-06 0.8724357 0.4887289 -1.039057e-05 0.8724272 0.4887441 2.260865e-05 0.8724287 0.4887413 4.32947e-06 0.8724384 0.488724 1.26226e-07 0.8724216 0.4887542 -1.602408e-05 0.872443 0.4887159 -1.401413e-05 0.8724376 0.4887255 -4.709051e-06 0.8724249 0.4887483 2.94185e-06 0.8724465 0.4887096 1.58555e-05 0.8724276 0.4887433 1.416055e-05 0.8724312 0.4887369 2.116093e-05 0.8724327 0.4887342 1.711068e-05 0.8724239 0.4887499 1.549798e-06 0.872435 0.4887302 6.900408e-06 0.8724258 0.4887466 3.927094e-06 0.872435 0.4887301 -9.538126e-06 0.8724371 0.4887264 -2.883568e-05 0.872423 0.4887518 1.145629e-06 0.8724273 0.4887438 -4.488091e-06 0.8724324 0.488735 7.193515e-07 0.8724314 0.4887367 -6.00278e-06 0.8724266 0.4887453 -2.797451e-05 0.8724226 0.4887522 6.114975e-06 0.8724255 0.4887471 -3.889812e-06 0.8724276 0.4887434 -5.610068e-06 0.8724251 0.4887477 -2.544353e-06 0.8724258 0.4887465 -9.03231e-06 0.872434 0.488732 7.391246e-06 0.8724228 0.4887518 -1.369438e-05 0.8724351 0.48873 -1.249555e-05 0.8724416 0.4887182 -8.843024e-06 0.8724412 0.4887193 -6.381533e-07 0.8724371 0.4887264 -9.324895e-06 0.8724287 0.4887413 -2.075756e-06 0.8724396 0.4887219 9.125047e-06 0.872426 0.4887462 1.977548e-05 0.8724248 0.4887486 1.049725e-05 0.8724358 0.4887287 9.56472e-06 0.8724323 0.4887348 -6.430604e-06 0.8724339 0.488732 3.927017e-06 0.872418 0.4887605 1.49198e-05 0.8724263 0.4887456 -3.786861e-06 0.8724394 0.4887222 -7.806326e-06 0.8724349 0.4887303 1.448695e-05 0.8724326 0.4887344 1.541946e-05 0.8724332 0.4887334 -4.319759e-06 0.8724259 0.4887464 -1.746488e-05 0.8724266 0.4887453 1.446696e-05 0.8724327 0.4887342 5.527682e-06 0.8724272 0.4887442 -9.458047e-06 0.8724222 0.4887532 -1.317849e-05 0.8724313 0.4887367 3.46358e-06 0.8724406 0.4887201 1.167935e-05 0.8724216 0.488754 1.043468e-05 0.872421 0.488755 -1.350791e-05 0.8724378 0.4887251 -2.22038e-05 0.8724334 0.488733 -1.046274e-05 0.8724217 0.488754 1.812048e-05 0.8724223 0.4887528 -1.165102e-05 0.872421 0.488755 -2.272596e-05 0.8724235 0.4887505 -4.824694e-06 0.8724317 0.4887359 8.848641e-06 0.8724261 0.488746 -4.79568e-06 0.8724322 0.4887352 2.424301e-05 0.8724443 0.4887138 2.159899e-06 0.8724345 0.4887311 -1.333788e-05 0.872425 0.488748 2.636766e-06 0.872436 0.4887282 -2.664772e-06 0.8724214 0.4887544 2.062135e-05 0.8724301 0.488739 6.451643e-06 0.872434 0.4887321 7.806326e-06 0.8724349 0.4887303 -6.99379e-06 0.8724434 0.4887151 -1.977548e-05 0.8724247 0.4887486 -9.55806e-06 0.8724323 0.4887348 2.089782e-06 0.8724396 0.488722 -1.060382e-05 0.8724357 0.4887288 8.836012e-06 0.8724412 0.4887193 -1.722315e-05 0.8724372 0.4887262 -9.131707e-06 0.872426 0.4887462 -3.217366e-05 0.8724228 0.4887519 -3.09054e-06 0.8724306 0.488738 5.610068e-06 0.8724251 0.4887477 2.184688e-05 0.8724281 0.4887425 -2.417982e-05 0.87244 0.4887213 -1.96092e-05 0.8724411 0.4887193 2.544353e-06 0.8724259 0.4887466 9.312893e-06 0.8724421 0.4887173 -2.872089e-05 0.8724343 0.4887314 1.287502e-05 0.8724191 0.4887585 2.883568e-05 0.872423 0.4887518 2.147392e-05 0.8724297 0.4887396 -6.927087e-07 0.8724314 0.4887365 3.92708e-06 0.8724322 0.4887351 -1.132308e-06 0.8724273 0.4887438 -7.300001e-06 0.8724216 0.4887542 2.726499e-05 0.8724269 0.4887448 -6.893748e-06 0.8724259 0.4887466 -1.55681e-06 0.8724349 0.4887302 -1.879382e-05 0.8724298 0.4887394 3.767288e-05 0.8724356 0.488729 -2.838697e-05 0.8724272 0.488744 -1.138969e-05 0.8724291 0.4887407 -2.046156e-05 0.8724332 0.4887333 2.35346e-05 0.8724377 0.4887255 1.402745e-05 0.8724376 0.4887255 1.602408e-05 0.872443 0.4887159 -2.260865e-05 0.8724287 0.4887413 1.460017e-05 0.8724316 0.4887362 -2.014024e-05 0.872429 0.4887409 2.575045e-05 0.8724335 0.4887329 1.039057e-05 0.8724272 0.4887441 -1.339156e-05 0.8724346 0.4887308 -1.029461e-05 0.8724364 0.4887277 -7.93956e-06 0.8724364 0.4887275 -3.366076e-07 0.8724338 0.4887323 2.397847e-07 0.8724341 0.4887318 -1.37078e-05 0.8724417 0.4887182 -2.953346e-05 0.8724337 0.4887324 -0.02493732 0.4885814 -0.8721619 -0.02493731 0.4885814 -0.8721619 -0.07472054 0.4873671 -0.8699944 -0.1243428 0.4849404 -0.8656625 -0.07472055 0.4873671 -0.8699944 -0.1243416 0.4849391 -0.8656635 -0.1736447 0.4813329 -0.8591659 -0.1736652 0.4813055 -0.8591772 -0.2225326 0.4764785 -0.8505571 -0.2225137 0.4765046 -0.8505475 -0.2708331 0.4704676 -0.8398272 -0.2708331 0.4704676 -0.8398272 -0.3184938 0.4632825 -0.8270012 -0.3653409 0.4549491 -0.8121252 -0.3184938 0.4632826 -0.8270012 -0.3653409 0.4549491 -0.8121252 -0.4112875 0.4454819 -0.7952285 -0.4112866 0.4454834 -0.7952281 -0.4562025 0.4349121 -0.7763574 -0.4562035 0.4349105 -0.7763577 -0.4999995 0.4232556 -0.7555496 -0.4999995 0.4232556 -0.7555496 -0.5425541 0.410545 -0.7328627 -0.5425533 0.4105465 -0.7328625 -0.583748 0.3968185 -0.7083596 -0.583748 0.3968185 -0.7083596 -0.6234839 0.3821094 -0.6820998 -0.6234847 0.382108 -0.6821 -0.6616909 0.3664409 -0.6541302 -0.6616909 0.3664409 -0.6541302 -0.6982368 0.349868 -0.624546 -0.7330435 0.3324275 -0.5934131 -0.6982368 0.349868 -0.624546 -0.7330435 0.3324275 -0.5934132 -0.7660444 0.3141517 -0.5607892 -0.7660445 0.3141517 -0.5607892 -0.7971362 0.295097 -0.5267748 -0.7971362 0.295097 -0.5267748 -0.8262419 0.275311 -0.4914551 -0.8262352 0.2753305 -0.4914555 -0.8532944 0.2548536 -0.4549049 -0.8532885 0.2548446 -0.4549207 -0.878221 0.2337392 -0.4172455 -0.878221 0.2337392 -0.4172455 -0.900969 0.212053 -0.3785345 -0.900969 0.2120534 -0.3785346 -0.9214774 0.1898394 -0.3388811 -0.9214774 0.1898394 -0.3388811 -0.9396923 0.1671571 -0.2983905 -0.9396924 0.1671567 -0.2983904 -0.9555725 0.1440571 -0.257155 -0.9555725 0.1440571 -0.257155 -0.9690766 0.1205997 -0.2152817 -0.9690766 0.1205999 -0.2152817 -0.9801731 0.09683893 -0.1728666 -0.9888308 0.07284197 -0.1300298 -0.9801731 0.09683893 -0.1728666 -0.9888308 0.07284196 -0.1300298 -0.9950307 0.04866222 -0.08686654 -0.9950307 0.04866216 -0.08686653 -0.998757 0.02436119 -0.04348697 -0.998757 0.02436119 -0.04348697 -1 0 0 -1 0 -0 -0.998757 -0.02436119 0.04348697 -0.9950305 -0.04866324 0.08686836 -0.998757 -0.02436119 0.04348697 -0.9950305 -0.04866323 0.08686835 -0.9888313 -0.07284049 0.130027 -0.9888312 -0.07284048 0.130027 -0.9801723 -0.09684099 0.1728701 -0.9690766 -0.1205998 0.2152817 -0.9801723 -0.09684098 0.1728701 -0.9690766 -0.1205998 0.2152817 -0.9555743 -0.1440542 0.2571499 -0.9555743 -0.1440541 0.2571499 -0.9396923 -0.1671568 0.2983905 -0.9396923 -0.1671569 0.2983905 -0.9214742 -0.1898432 0.3388877 -0.9009689 -0.2120533 0.3785346 -0.9214742 -0.1898431 0.3388876 -0.878221 -0.2337389 0.4172456 -0.9009689 -0.2120533 0.3785346 -0.8532943 -0.2548399 0.4549126 -0.878221 -0.2337389 0.4172456 -0.8532943 -0.2548397 0.4549129 -0.8262354 -0.2753153 0.4914637 -0.8262352 -0.2753159 0.4914638 -0.7971362 -0.295097 0.5267748 -0.7971362 -0.295097 0.5267748 -0.7660445 -0.3141517 0.5607892 -0.7660443 -0.3141514 0.5607898 -0.7330533 -0.3324219 0.5934042 -0.7330533 -0.3324219 0.5934042 -0.6982368 -0.3498675 0.6245463 -0.6982368 -0.3498675 0.6245463 -0.661679 -0.3664454 0.6541395 -0.661679 -0.3664455 0.6541396 -0.6234972 -0.3821037 0.6820909 -0.6234972 -0.3821037 0.6820909 -0.5837346 -0.3968238 0.7083677 -0.5837342 -0.3968245 0.7083676 -0.5425537 -0.4105463 0.7328623 -0.5425537 -0.4105463 0.7328623 -0.499999 -0.4232558 0.7555498 -0.5 -0.4232543 0.75555 -0.4562035 -0.4349105 0.7763577 -0.4562025 -0.4349121 0.7763574 -0.4112866 -0.4454834 0.7952281 -0.4112866 -0.4454834 0.7952282 -0.3653419 -0.4549489 0.8121248 -0.365342 -0.4549489 0.8121248 -0.3184927 -0.4632827 0.8270015 -0.2708342 -0.4704674 0.8398269 -0.3184927 -0.4632827 0.8270015 -0.2708342 -0.4704674 0.8398269 -0.2225326 -0.4764785 0.8505571 -0.2225326 -0.4764785 0.8505571 -0.1736447 -0.4813087 0.8591796 -0.1243428 -0.4849404 0.8656625 -0.1736447 -0.4813087 0.8591796 -0.07472054 -0.4873656 0.8699952 -0.1243416 -0.4849391 0.8656635 -0.07474266 -0.4873923 0.8699783 -0.02493615 -0.4885814 0.8721619 -0.02491509 -0.4886076 0.8721478 0.0004953427 0.8722286 0.4890981 0.0004172421 0.8721887 0.4891693 0.0003456404 0.8722938 0.4889822 -9.637045e-06 0.8724377 0.4887255 3.573203e-05 0.8724207 0.4887557 -1.91903e-06 0.8724346 0.4887309 -0.0004937685 0.8725879 0.4884569 0.000165725 0.872293 0.4889836 0.0001881315 0.8722733 0.4890187 2.62331e-05 0.8724272 0.4887442 0.0002100321 0.872381 0.4888266 2.410482e-06 0.8724324 0.4887348 -8.58233e-05 0.8724506 0.4887023 -3.134334e-05 0.8724435 0.4887149 -5.36606e-05 0.8724451 0.4887122 2.735184e-05 0.8724079 0.4887788 0.0001015205 0.8722653 0.4890331 2.130885e-05 0.8724049 0.4887839 0.000286409 0.8724039 0.4887857 -0.0008800772 0.8725042 0.4886059 8.355008e-05 0.8721142 0.4893024 9.211697e-07 0.8724314 0.4887365 4.729744e-05 0.8722318 0.4890926 1.722683e-07 0.8724331 0.4887336 -9.564352e-06 0.8724537 0.4886968 -0.0001895947 0.8724362 0.4887279 -0.0001384374 0.8724335 0.488733 -0.0005604252 0.8724179 0.4887604 -3.82083e-05 0.8722912 0.4889867 1.688488e-05 0.8725602 0.4885066 -8.451122e-06 0.8723952 0.4888014 0.0003174572 0.8724445 0.488713 -2.735184e-05 0.8724079 0.4887788 0.0001342056 0.8727178 0.4882249 -0.0006521787 0.8723194 0.4889361 0.0001003746 0.8724461 0.4887102 0.0003294098 0.872481 0.4886481 -1.587715e-05 0.8724324 0.4887349 -0.0001709122 0.8724089 0.4887766 -4.098601e-06 0.8724328 0.4887341 -3.384295e-05 0.8724306 0.4887381 1.073209e-05 0.8724447 0.488713 6.465075e-05 0.8725075 0.4886006 0.0004722722 0.8725598 0.4885071 -0.0003762874 0.8723201 0.488935 0.0003321745 0.8726481 0.4883496 0.000166702 0.8725413 0.4885403 -3.106687e-05 0.8724071 0.4887799 -0.0002611088 0.8723251 0.4889262 -3.023295e-05 0.8724148 0.4887662 -3.019382e-07 0.8724298 0.4887395 7.56841e-06 0.8724361 0.4887282 -1.218597e-05 0.8724205 0.4887558 0.0002587931 0.8725632 0.4885012 -7.328358e-05 0.8723806 0.4888272 -7.732729e-07 0.8724328 0.488734 -6.527565e-07 0.8724329 0.488734 -2.55407e-07 0.8724326 0.4887344 4.701678e-05 0.872475 0.4886588 -6.572638e-07 0.8724329 0.488734 -4.941173e-07 0.8724335 0.4887328 -5.120569e-06 0.8724282 0.4887422 -0.0002676566 0.8722996 0.4889717 -0.0001138911 0.8723805 0.4888274 -0.0002658798 0.8723229 0.4889302 -0.0001992727 0.8722926 0.4889842 0.0005016254 0.8727949 0.4880869 1.094242e-05 0.8724372 0.4887263 -2.867694e-05 0.8724088 0.488777 -0.000195549 0.872382 0.4888247 0.00027054 0.8725137 0.4885896 0.0001383447 0.8725827 0.4884664 -0.0003040517 0.8723613 0.4888615 5.36606e-05 0.8724451 0.4887122 4.026083e-05 0.8724424 0.488717 1.219931e-05 0.8724362 0.488728 0.0001276199 0.8724568 0.4886912 8.036072e-05 0.8724496 0.4887039 0.00018348 0.872775 0.4881227 0.0008800772 0.8725042 0.4886059 1.021058e-05 0.8724801 0.4886497 -1.808702e-05 0.8723883 0.4888134 -4.614633e-05 0.8724248 0.4887485 -6.396534e-06 0.8724027 0.4887876 3.24654e-05 0.8725105 0.4885953 1.894944e-06 0.8724345 0.488731 8.913255e-06 0.8724515 0.4887006 -3.116719e-05 0.8723429 0.4888945 7.273933e-05 0.8724334 0.488733 -2.466433e-05 0.8724322 0.488735 -1.026142e-05 0.8724298 0.4887394 5.574731e-05 0.8724322 0.4887351 5.00635e-05 0.871972 0.4895557 3.804091e-06 0.8724254 0.4887474 1.869833e-06 0.8724381 0.4887248 -0.0009779049 0.8724927 0.488626 -0.0008312574 0.872543 0.4885366 -0.0001909536 0.8724552 0.4886941 -2.935181e-05 0.8724351 0.4887299 3.186203e-05 0.8723632 0.4888583 -9.011815e-05 0.8725752 0.4884797 0.0001570632 0.8721835 0.4891788 4.349758e-05 0.8724279 0.4887428 -1.376019e-06 0.872429 0.4887408 -1.131079e-05 0.8724463 0.48871 -0.0001383445 0.872583 0.4884659 8.528552e-06 0.8724329 0.488734 2.861802e-05 0.8724263 0.4887457 -0.0002371122 0.8724932 0.4886261 3.601256e-05 0.8724287 0.4887414 -4.827699e-08 0.8724325 0.4887347 5.648669e-05 0.8723852 0.4888191 -9.479171e-07 0.8724332 0.4887333 0.0001190783 0.8723255 0.4889258 0.000782045 0.8721852 0.4891751 0 0.8724319 0.4887355 0 0.8724216 0.4887542 5.015756e-07 0.8724313 0.4887366 0.0002291059 0.8722984 0.488974 -0.000557076 0.8727555 0.4881572 -7.751214e-05 0.8724635 0.4886794 -1.4566e-06 0.8724383 0.4887244 4.620189e-05 0.8724105 0.488774 1.153394e-06 0.8724298 0.4887395</float_array>
          <technique_common>
            <accessor count="9964" source="#cubenormals-array0-array" stride="3">
              <param type="float" name="X"/>
              <param type="float" name="Y"/>
              <param type="float" name="Z"/>
            </accessor>
          </technique_common>
        </source>
        <vertices id="cubeverts-array0-vertices">
          <input semantic="POSITION" source="#cubeverts-array0"/>
        </vertices>
        <triangles count="9964" material="ref_Trappe_shape">
          <input offset="0" semantic="VERTEX" source="#cubeverts-array0-vertices"/>
          <input offset="1" semantic="NORMAL" source="#cubenormals-array0"/>
          <p>0 0 1 0 2 0 3 1 0 1 2 1 4 2 2 2 5 2 4 3 3 3 2 3 6 4 5 4 7 4 6 5 4 5 5 5 8 6 7 6 9 6 8 7 6 7 7 7 10 8 9 8 11 8 10 9 8 9 9 9 12 10 11 10 13 10 12 11 10 11 11 11 14 12 13 12 15 12 14 13 12 13 13 13 16 14 15 14 17 14 16 15 14 15 15 15 18 16 17 16 19 16 18 17 16 17 17 17 20 18 19 18 21 18 20 19 18 19 19 19 22 20 21 20 23 20 22 21 20 21 21 21 24 22 23 22 25 22 24 23 25 23 26 23 24 24 22 24 23 24 27 25 26 25 28 25 27 26 24 26 26 26 29 27 28 27 30 27 29 28 27 28 28 28 31 29 29 29 30 29 32 30 30 30 33 30 32 31 31 31 30 31 34 32 33 32 35 32 34 33 32 33 33 33 36 34 35 34 37 34 36 35 34 35 35 35 38 36 36 36 37 36 38 37 37 37 39 37 40 38 38 38 39 38 40 39 39 39 41 39 42 40 40 40 41 40 42 41 41 41 43 41 44 42 42 42 43 42 44 43 43 43 45 43 46 44 45 44 47 44 46 45 44 45 45 45 48 46 47 46 49 46 48 47 49 47 50 47 48 48 46 48 47 48 51 49 48 49 50 49 52 50 50 50 53 50 52 51 53 51 54 51 52 52 51 52 50 52 55 53 54 53 56 53 55 54 52 54 54 54 57 55 55 55 56 55 58 56 56 56 59 56 58 57 57 57 56 57 60 58 59 58 61 58 60 59 58 59 59 59 62 60 61 60 63 60 62 61 60 61 61 61 64 62 63 62 65 62 64 63 62 63 63 63 66 64 65 64 67 64 66 65 64 65 65 65 68 66 67 66 69 66 68 67 69 67 70 67 68 68 66 68 67 68 71 69 70 69 72 69 71 70 68 70 70 70 73 71 72 71 74 71 73 72 71 72 72 72 75 73 73 73 74 73 76 74 74 74 77 74 76 75 75 75 74 75 78 76 77 76 79 76 78 77 76 77 77 77 80 78 79 78 81 78 80 79 81 79 82 79 80 80 78 80 79 80 83 81 80 81 82 81 84 82 82 82 85 82 84 83 85 83 86 83 84 84 83 84 82 84 87 85 84 85 86 85 88 86 87 86 86 86 88 87 86 87 89 87 90 88 88 88 89 88 90 89 89 89 91 89 92 90 90 90 91 90 92 91 91 91 93 91 94 92 92 92 93 92 94 93 93 93 95 93 96 94 94 94 95 94 96 95 95 95 97 95 96 96 97 96 98 96 99 97 96 97 98 97 99 98 98 98 100 98 101 99 99 99 100 99 101 100 100 100 102 100 103 101 101 101 102 101 104 102 103 102 102 102 104 103 102 103 105 103 104 104 105 104 106 104 107 105 104 105 106 105 108 106 107 106 106 106 108 107 106 107 109 107 108 108 109 108 110 108 111 109 108 109 110 109 112 110 110 110 113 110 112 111 111 111 110 111 112 112 113 112 114 112 115 113 112 113 114 113 116 114 115 114 114 114 116 115 114 115 117 115 116 116 117 116 118 116 119 117 118 117 120 117 119 118 116 118 118 118 121 119 119 119 120 119 122 120 120 120 123 120 122 121 121 121 120 121 124 122 123 122 125 122 124 123 122 123 123 123 126 124 125 124 127 124 126 125 124 125 125 125 128 126 129 126 130 126 130 127 129 127 131 127 129 128 132 128 131 128 131 129 132 129 133 129 132 130 134 130 133 130 133 131 134 131 135 131 134 132 136 132 135 132 135 133 136 133 137 133 136 134 138 134 137 134 137 135 138 135 139 135 138 136 140 136 139 136 139 137 140 137 141 137 140 138 142 138 141 138 141 139 142 139 143 139 142 140 144 140 143 140 143 141 144 141 145 141 144 142 146 142 145 142 145 143 146 143 147 143 146 144 148 144 147 144 147 145 148 145 149 145 148 146 150 146 149 146 149 147 150 147 151 147 151 148 152 148 153 148 153 149 152 149 154 149 150 150 152 150 151 150 152 151 155 151 154 151 154 152 156 152 157 152 155 153 156 153 154 153 157 154 158 154 159 154 156 155 158 155 157 155 159 156 160 156 161 156 161 157 160 157 162 157 158 158 160 158 159 158 160 159 163 159 162 159 163 160 164 160 162 160 162 161 164 161 165 161 164 162 166 162 165 162 165 163 166 163 167 163 167 164 166 164 168 164 166 165 169 165 168 165 169 166 170 166 168 166 168 167 170 167 171 167 170 168 172 168 171 168 171 169 172 169 173 169 173 170 172 170 174 170 172 171 175 171 174 171 175 172 176 172 174 172 174 173 176 173 177 173 177 174 176 174 178 174 176 175 179 175 178 175 178 176 179 176 180 176 179 177 181 177 180 177 180 178 181 178 182 178 181 179 183 179 182 179 182 180 183 180 184 180 183 181 185 181 184 181 185 182 186 182 184 182 184 183 186 183 187 183 186 184 188 184 187 184 187 185 188 185 189 185 188 186 190 186 189 186 189 187 190 187 191 187 190 188 192 188 191 188 191 189 192 189 193 189 193 190 192 190 194 190 192 191 195 191 194 191 195 192 196 192 194 192 194 193 196 193 197 193 196 194 198 194 197 194 197 195 198 195 199 195 199 196 200 196 201 196 198 197 200 197 199 197 201 198 202 198 203 198 200 199 202 199 201 199 203 200 204 200 205 200 202 201 204 201 203 201 205 202 206 202 207 202 204 203 206 203 205 203 207 204 208 204 209 204 206 205 208 205 207 205 209 206 210 206 211 206 208 207 210 207 209 207 211 208 212 208 213 208 210 209 212 209 211 209 212 210 214 210 213 210 213 211 214 211 215 211 214 212 216 212 215 212 215 213 216 213 217 213 216 214 218 214 217 214 217 215 218 215 219 215 219 216 220 216 221 216 218 217 220 217 219 217 221 218 222 218 223 218 220 219 222 219 221 219 223 220 224 220 225 220 222 221 224 221 223 221 225 222 226 222 227 222 227 223 226 223 228 223 224 224 226 224 225 224 226 225 229 225 228 225 228 226 230 226 231 226 231 227 230 227 232 227 229 228 230 228 228 228 230 229 233 229 232 229 232 230 233 230 234 230 234 231 235 231 236 231 233 232 235 232 234 232 236 233 237 233 238 233 235 234 237 234 236 234 238 235 239 235 240 235 237 236 239 236 238 236 239 237 241 237 240 237 240 238 242 238 243 238 243 239 242 239 244 239 241 240 242 240 240 240 242 241 245 241 244 241 244 242 246 242 247 242 247 243 246 243 248 243 245 244 246 244 244 244 246 245 249 245 248 245 248 246 250 246 251 246 249 247 250 247 248 247 251 248 252 248 253 248 250 249 252 249 251 249 253 250 254 250 255 250 252 251 254 251 253 251 256 252 257 252 258 252 256 253 258 253 259 253 260 254 261 254 257 254 260 255 257 255 256 255 262 256 261 256 260 256 262 257 263 257 261 257 264 258 263 258 262 258 264 259 265 259 263 259 266 260 265 260 264 260 266 261 267 261 265 261 268 262 267 262 266 262 268 263 269 263 267 263 270 264 269 264 268 264 270 265 271 265 269 265 272 266 273 266 271 266 272 267 271 267 270 267 274 268 273 268 272 268 274 269 275 269 273 269 276 270 275 270 274 270 276 271 277 271 275 271 278 272 277 272 276 272 278 273 279 273 277 273 280 274 279 274 278 274 280 275 281 275 279 275 282 276 283 276 281 276 282 277 281 277 280 277 284 278 259 278 285 278 284 279 256 279 259 279 286 280 287 280 283 280 286 281 283 281 282 281 288 282 260 282 256 282 288 283 256 283 284 283 289 284 290 284 287 284 289 285 287 285 286 285 291 286 260 286 288 286 291 287 262 287 260 287 292 288 290 288 289 288 292 289 293 289 290 289 294 290 264 290 262 290 294 291 262 291 291 291 295 292 296 292 293 292 295 293 293 293 292 293 297 294 266 294 264 294 297 295 264 295 294 295 298 296 296 296 295 296 298 297 299 297 296 297 300 298 266 298 297 298 300 299 268 299 266 299 301 300 299 300 298 300 301 301 302 301 299 301 303 302 268 302 300 302 303 303 270 303 268 303 304 304 302 304 301 304 304 305 305 305 302 305 306 306 270 306 303 306 306 307 272 307 270 307 307 308 308 308 305 308 307 309 305 309 304 309 309 310 274 310 272 310 309 311 272 311 306 311 310 312 308 312 307 312 310 313 311 313 308 313 312 314 276 314 274 314 312 315 274 315 309 315 313 316 311 316 310 316 313 317 314 317 311 317 315 318 278 318 276 318 315 319 276 319 312 319 316 320 314 320 313 320 316 321 317 321 314 321 318 322 278 322 315 322 318 323 280 323 278 323 319 324 317 324 316 324 319 325 320 325 317 325 321 326 282 326 280 326 321 327 280 327 318 327 322 328 320 328 319 328 322 329 323 329 320 329 324 330 284 330 285 330 324 331 285 331 325 331 326 332 286 332 282 332 326 333 282 333 321 333 327 334 328 334 323 334 327 335 323 335 322 335 329 336 284 336 324 336 329 337 288 337 284 337 330 338 286 338 326 338 330 339 289 339 286 339 331 340 328 340 327 340 331 341 332 341 328 341 333 342 291 342 288 342 333 343 288 343 329 343 334 344 292 344 289 344 334 345 289 345 330 345 335 346 332 346 331 346 335 347 336 347 332 347 337 348 291 348 333 348 337 349 294 349 291 349 338 350 292 350 334 350 338 351 295 351 292 351 339 352 336 352 335 352 339 353 340 353 336 353 341 354 297 354 294 354 341 355 294 355 337 355 342 356 298 356 295 356 342 357 295 357 338 357 343 358 344 358 340 358 343 359 345 359 344 359 343 360 346 360 345 360 343 361 340 361 339 361 347 362 300 362 297 362 347 363 297 363 341 363 347 364 303 364 300 364 348 365 298 365 342 365 348 366 301 366 298 366 349 367 303 367 347 367 350 368 304 368 301 368 350 369 301 369 348 369 351 370 303 370 349 370 351 371 306 371 303 371 352 372 304 372 350 372 352 373 307 373 304 373 353 374 309 374 306 374 353 375 306 375 351 375 354 376 310 376 307 376 354 377 307 377 352 377 355 378 309 378 353 378 355 379 312 379 309 379 356 380 310 380 354 380 356 381 313 381 310 381 357 382 312 382 355 382 357 383 315 383 312 383 358 384 313 384 356 384 358 385 316 385 313 385 359 386 318 386 315 386 359 387 315 387 357 387 360 388 322 388 319 388 360 389 319 389 316 389 360 390 316 390 358 390 361 391 326 391 321 391 361 392 321 392 318 392 361 393 318 393 359 393 362 394 322 394 360 394 363 395 324 395 325 395 363 396 325 396 364 396 365 397 326 397 361 397 366 398 322 398 362 398 366 399 327 399 322 399 366 400 331 400 327 400 367 401 324 401 363 401 367 402 333 402 329 402 367 403 329 403 324 403 368 404 326 404 365 404 368 405 330 405 326 405 369 406 331 406 366 406 370 407 333 407 367 407 371 408 334 408 330 408 371 409 330 409 368 409 372 410 335 410 331 410 372 411 331 411 369 411 373 412 341 412 337 412 373 413 337 413 333 413 373 414 333 414 370 414 374 415 334 415 371 415 374 416 338 416 334 416 375 417 335 417 372 417 375 418 339 418 335 418 376 419 341 419 373 419 377 420 338 420 374 420 377 421 348 421 342 421 377 422 342 422 338 422 378 423 343 423 339 423 378 424 339 424 375 424 378 425 346 425 343 425 378 426 379 426 346 426 380 427 341 427 376 427 380 428 347 428 341 428 380 429 349 429 347 429 381 430 348 430 377 430 382 431 349 431 380 431 383 432 348 432 381 432 383 433 350 433 348 433 384 434 353 434 351 434 384 435 351 435 349 435 384 436 349 436 382 436 385 437 352 437 350 437 385 438 350 438 383 438 386 439 353 439 384 439 387 440 352 440 385 440 387 441 354 441 352 441 387 442 356 442 354 442 388 443 353 443 386 443 388 444 355 444 353 444 389 445 356 445 387 445 389 446 358 446 356 446 390 447 359 447 357 447 390 448 355 448 388 448 390 449 357 449 355 449 391 450 358 450 389 450 392 451 359 451 390 451 393 452 360 452 358 452 393 453 362 453 360 453 393 454 358 454 391 454 394 455 361 455 359 455 394 456 359 456 392 456 395 457 362 457 393 457 396 458 364 458 397 458 396 459 363 459 364 459 398 460 365 460 361 460 398 461 361 461 394 461 398 462 368 462 365 462 399 463 366 463 362 463 399 464 362 464 395 464 400 465 363 465 396 465 400 466 367 466 363 466 401 467 368 467 398 467 402 468 366 468 399 468 402 469 369 469 366 469 403 470 367 470 400 470 403 471 370 471 367 471 404 472 371 472 368 472 404 473 368 473 401 473 405 474 372 474 369 474 405 475 369 475 402 475 406 476 373 476 370 476 406 477 370 477 403 477 407 478 374 478 371 478 407 479 371 479 404 479 408 480 375 480 372 480 408 481 372 481 405 481 409 482 376 482 373 482 409 483 373 483 406 483 410 484 377 484 374 484 410 485 374 485 407 485 411 486 375 486 408 486 411 487 379 487 378 487 411 488 378 488 375 488 411 489 412 489 379 489 413 490 380 490 376 490 413 491 376 491 409 491 414 492 377 492 410 492 414 493 383 493 381 493 414 494 381 494 377 494 415 495 382 495 380 495 415 496 380 496 413 496 416 497 383 497 414 497 417 498 382 498 415 498 417 499 384 499 382 499 418 500 385 500 383 500 418 501 383 501 416 501 419 502 384 502 417 502 419 503 386 503 384 503 420 504 385 504 418 504 420 505 389 505 387 505 420 506 387 506 385 506 421 507 386 507 419 507 421 508 388 508 386 508 422 509 389 509 420 509 423 510 390 510 388 510 423 511 388 511 421 511 424 512 389 512 422 512 424 513 391 513 389 513 425 514 392 514 390 514 425 515 390 515 423 515 426 516 391 516 424 516 426 517 395 517 393 517 426 518 393 518 391 518 427 519 392 519 425 519 427 520 394 520 392 520 427 521 398 521 394 521 428 522 395 522 426 522 429 523 397 523 430 523 429 524 396 524 397 524 429 525 400 525 396 525 431 526 398 526 427 526 432 527 395 527 428 527 432 528 399 528 395 528 433 529 400 529 429 529 434 530 398 530 431 530 434 531 401 531 398 531 435 532 399 532 432 532 435 533 405 533 402 533 435 534 402 534 399 534 436 535 400 535 433 535 436 536 403 536 400 536 437 537 401 537 434 537 437 538 404 538 401 538 438 539 405 539 435 539 439 540 406 540 403 540 439 541 403 541 436 541 440 542 407 542 404 542 440 543 404 543 437 543 441 544 408 544 405 544 441 545 405 545 438 545 442 546 409 546 406 546 442 547 406 547 439 547 443 548 410 548 407 548 443 549 407 549 440 549 444 550 411 550 408 550 444 551 412 551 411 551 444 552 408 552 441 552 444 553 445 553 412 553 446 554 409 554 442 554 446 555 413 555 409 555 447 556 414 556 410 556 447 557 410 557 443 557 448 558 415 558 413 558 448 559 413 559 446 559 449 560 416 560 414 560 449 561 414 561 447 561 450 562 417 562 415 562 450 563 415 563 448 563 451 564 418 564 416 564 451 565 416 565 449 565 452 566 419 566 417 566 452 567 417 567 450 567 453 568 420 568 418 568 453 569 418 569 451 569 454 570 419 570 452 570 454 571 421 571 419 571 455 572 422 572 420 572 455 573 420 573 453 573 456 574 423 574 421 574 456 575 421 575 454 575 457 576 422 576 455 576 457 577 424 577 422 577 458 578 423 578 456 578 458 579 425 579 423 579 459 580 424 580 457 580 459 581 426 581 424 581 459 582 428 582 426 582 460 583 427 583 425 583 460 584 425 584 458 584 461 585 428 585 459 585 462 586 430 586 463 586 462 587 433 587 429 587 462 588 429 588 430 588 464 589 431 589 427 589 464 590 427 590 460 590 465 591 428 591 461 591 465 592 432 592 428 592 466 593 433 593 462 593 467 594 434 594 431 594 467 595 431 595 464 595 467 596 437 596 434 596 468 597 432 597 465 597 468 598 435 598 432 598 468 599 438 599 435 599 469 600 433 600 466 600 469 601 436 601 433 601 470 602 437 602 467 602 471 603 438 603 468 603 472 604 439 604 436 604 472 605 442 605 439 605 472 606 436 606 469 606 473 607 440 607 437 607 473 608 437 608 470 608 474 609 441 609 438 609 474 610 438 610 471 610 474 611 444 611 441 611 475 612 442 612 472 612 476 613 440 613 473 613 476 614 443 614 440 614 477 615 445 615 444 615 477 616 444 616 474 616 477 617 478 617 445 617 479 618 446 618 442 618 479 619 442 619 475 619 479 620 448 620 446 620 480 621 447 621 443 621 480 622 443 622 476 622 481 623 448 623 479 623 482 624 449 624 447 624 482 625 447 625 480 625 483 626 450 626 448 626 483 627 452 627 450 627 483 628 448 628 481 628 484 629 451 629 449 629 484 630 449 630 482 630 485 631 452 631 483 631 486 632 453 632 451 632 486 633 451 633 484 633 487 634 454 634 452 634 487 635 452 635 485 635 488 636 455 636 453 636 488 637 453 637 486 637 489 638 456 638 454 638 489 639 454 639 487 639 489 640 458 640 456 640 490 641 455 641 488 641 490 642 457 642 455 642 491 643 458 643 489 643 491 644 460 644 458 644 492 645 459 645 457 645 492 646 457 646 490 646 493 647 464 647 460 647 493 648 460 648 491 648 494 649 459 649 492 649 494 650 461 650 459 650 495 651 463 651 496 651 495 652 462 652 463 652 497 653 464 653 493 653 497 654 467 654 464 654 498 655 461 655 494 655 498 656 465 656 461 656 499 657 462 657 495 657 499 658 466 658 462 658 500 659 467 659 497 659 501 660 465 660 498 660 501 661 468 661 465 661 502 662 472 662 469 662 502 663 466 663 499 663 502 664 469 664 466 664 503 665 470 665 467 665 503 666 467 666 500 666 504 667 468 667 501 667 504 668 471 668 468 668 505 669 472 669 502 669 506 670 470 670 503 670 506 671 473 671 470 671 507 672 471 672 504 672 507 673 474 673 471 673 508 674 475 674 472 674 508 675 472 675 505 675 509 676 480 676 476 676 509 677 473 677 506 677 509 678 476 678 473 678 510 679 511 679 478 679 510 680 477 680 474 680 510 681 474 681 507 681 510 682 478 682 477 682 512 683 479 683 475 683 512 684 481 684 479 684 512 685 475 685 508 685 513 686 482 686 480 686 513 687 480 687 509 687 514 688 481 688 512 688 515 689 482 689 513 689 515 690 484 690 482 690 516 691 483 691 481 691 516 692 481 692 514 692 517 693 484 693 515 693 517 694 486 694 484 694 518 695 487 695 485 695 518 696 485 696 483 696 518 697 483 697 516 697 519 698 488 698 486 698 519 699 486 699 517 699 520 700 487 700 518 700 521 701 488 701 519 701 522 702 489 702 487 702 522 703 487 703 520 703 523 704 492 704 490 704 523 705 490 705 488 705 523 706 488 706 521 706 524 707 489 707 522 707 524 708 491 708 489 708 525 709 492 709 523 709 526 710 491 710 524 710 526 711 493 711 491 711 527 712 492 712 525 712 527 713 494 713 492 713 527 714 498 714 494 714 528 715 496 715 529 715 528 716 495 716 496 716 530 717 493 717 526 717 530 718 497 718 493 718 531 719 498 719 527 719 532 720 499 720 495 720 532 721 502 721 499 721 532 722 495 722 528 722 533 723 500 723 497 723 533 724 497 724 530 724 534 725 501 725 498 725 534 726 498 726 531 726 535 727 502 727 532 727 535 728 505 728 502 728 536 729 500 729 533 729 536 730 503 730 500 730 536 731 506 731 503 731 537 732 501 732 534 732 537 733 504 733 501 733 538 734 505 734 535 734 539 735 506 735 536 735 540 736 504 736 537 736 540 737 507 737 504 737 540 738 510 738 507 738 541 739 512 739 508 739 541 740 505 740 538 740 541 741 508 741 505 741 542 742 506 742 539 742 542 743 509 743 506 743 543 744 544 744 511 744 543 745 511 745 510 745 543 746 510 746 540 746 545 747 512 747 541 747 546 748 513 748 509 748 546 749 509 749 542 749 547 750 514 750 512 750 547 751 516 751 514 751 547 752 512 752 545 752 548 753 513 753 546 753 548 754 517 754 515 754 548 755 515 755 513 755 549 756 518 756 516 756 549 757 516 757 547 757 550 758 519 758 517 758 550 759 517 759 548 759 551 760 518 760 549 760 552 761 519 761 550 761 552 762 521 762 519 762 553 763 520 763 518 763 553 764 518 764 551 764 554 765 521 765 552 765 555 766 522 766 520 766 555 767 520 767 553 767 556 768 523 768 521 768 556 769 525 769 523 769 556 770 521 770 554 770 557 771 522 771 555 771 557 772 524 772 522 772 557 773 526 773 524 773 558 774 525 774 556 774 559 775 526 775 557 775 560 776 525 776 558 776 560 777 531 777 527 777 560 778 527 778 525 778 561 779 562 779 563 779 561 780 529 780 562 780 561 781 528 781 529 781 564 782 526 782 559 782 564 783 533 783 530 783 564 784 530 784 526 784 565 785 531 785 560 785 566 786 528 786 561 786 566 787 532 787 528 787 567 788 533 788 564 788 568 789 531 789 565 789 568 790 534 790 531 790 569 791 532 791 566 791 569 792 535 792 532 792 570 793 533 793 567 793 570 794 536 794 533 794 571 795 534 795 568 795 571 796 537 796 534 796 572 797 538 797 535 797 572 798 535 798 569 798 573 799 536 799 570 799 573 800 539 800 536 800 574 801 537 801 571 801 574 802 540 802 537 802 575 803 538 803 572 803 575 804 541 804 538 804 576 805 539 805 573 805 576 806 542 806 539 806 576 807 546 807 542 807 577 808 578 808 544 808 577 809 544 809 543 809 577 810 540 810 574 810 577 811 543 811 540 811 579 812 545 812 541 812 579 813 541 813 575 813 580 814 546 814 576 814 581 815 545 815 579 815 581 816 547 816 545 816 582 817 550 817 548 817 582 818 546 818 580 818 582 819 548 819 546 819 583 820 549 820 547 820 583 821 547 821 581 821 584 822 550 822 582 822 585 823 549 823 583 823 585 824 551 824 549 824 586 825 552 825 550 825 586 826 554 826 552 826 586 827 550 827 584 827 587 828 553 828 551 828 587 829 551 829 585 829 588 830 554 830 586 830 589 831 555 831 553 831 589 832 553 832 587 832 590 833 556 833 554 833 590 834 554 834 588 834 591 835 555 835 589 835 591 836 557 836 555 836 592 837 556 837 590 837 592 838 558 838 556 838 593 839 557 839 591 839 593 840 559 840 557 840 593 841 564 841 559 841 594 842 558 842 592 842 594 843 560 843 558 843 594 844 565 844 560 844 595 845 561 845 563 845 595 846 566 846 561 846 596 847 564 847 593 847 597 848 565 848 594 848 598 849 566 849 595 849 599 850 564 850 596 850 599 851 567 851 564 851 600 852 568 852 565 852 600 853 565 853 597 853 601 854 566 854 598 854 601 855 572 855 569 855 601 856 569 856 566 856 602 857 570 857 567 857 602 858 567 858 599 858 603 859 568 859 600 859 603 860 571 860 568 860 604 861 575 861 572 861 604 862 572 862 601 862 605 863 570 863 602 863 605 864 573 864 570 864 606 865 571 865 603 865 606 866 574 866 571 866 607 867 575 867 604 867 608 868 573 868 605 868 608 869 576 869 573 869 609 870 610 870 578 870 609 871 574 871 606 871 609 872 578 872 577 872 609 873 577 873 574 873 611 874 575 874 607 874 611 875 579 875 575 875 612 876 576 876 608 876 612 877 580 877 576 877 613 878 579 878 611 878 613 879 581 879 579 879 614 880 580 880 612 880 614 881 582 881 580 881 615 882 583 882 581 882 615 883 581 883 613 883 615 884 585 884 583 884 616 885 584 885 582 885 616 886 582 886 614 886 617 887 587 887 585 887 617 888 585 888 615 888 618 889 584 889 616 889 618 890 586 890 584 890 619 891 587 891 617 891 620 892 588 892 586 892 620 893 586 893 618 893 621 894 589 894 587 894 621 895 587 895 619 895 621 896 591 896 589 896 622 897 590 897 588 897 622 898 588 898 620 898 623 899 591 899 621 899 624 900 590 900 622 900 624 901 592 901 590 901 624 902 594 902 592 902 625 903 596 903 593 903 625 904 593 904 591 904 625 905 591 905 623 905 626 906 594 906 624 906 627 907 563 907 628 907 627 908 595 908 563 908 627 909 598 909 595 909 629 910 596 910 625 910 630 911 594 911 626 911 630 912 600 912 597 912 630 913 597 913 594 913 631 914 598 914 627 914 632 915 596 915 629 915 632 916 599 916 596 916 633 917 600 917 630 917 634 918 601 918 598 918 634 919 604 919 601 919 634 920 598 920 631 920 635 921 599 921 632 921 635 922 605 922 602 922 635 923 602 923 599 923 636 924 600 924 633 924 636 925 603 925 600 925 637 926 604 926 634 926 638 927 605 927 635 927 639 928 606 928 603 928 639 929 603 929 636 929 639 930 609 930 606 930 640 931 604 931 637 931 640 932 607 932 604 932 641 933 608 933 605 933 641 934 605 934 638 934 641 935 612 935 608 935 642 936 643 936 610 936 642 937 609 937 639 937 642 938 610 938 609 938 644 939 607 939 640 939 644 940 611 940 607 940 645 941 612 941 641 941 646 942 611 942 644 942 646 943 613 943 611 943 647 944 612 944 645 944 647 945 614 945 612 945 647 946 616 946 614 946 648 947 613 947 646 947 648 948 615 948 613 948 649 949 616 949 647 949 650 950 615 950 648 950 650 951 617 951 615 951 651 952 616 952 649 952 651 953 618 953 616 953 651 954 620 954 618 954 652 955 619 955 617 955 652 956 617 956 650 956 653 957 622 957 620 957 653 958 620 958 651 958 654 959 619 959 652 959 654 960 621 960 619 960 655 961 622 961 653 961 656 962 623 962 621 962 656 963 621 963 654 963 657 964 624 964 622 964 657 965 622 965 655 965 658 966 623 966 656 966 658 967 625 967 623 967 659 968 626 968 624 968 659 969 624 969 657 969 660 970 627 970 628 970 660 971 628 971 661 971 662 972 629 972 625 972 662 973 625 973 658 973 663 974 630 974 626 974 663 975 626 975 659 975 664 976 627 976 660 976 664 977 631 977 627 977 665 978 629 978 662 978 665 979 632 979 629 979 666 980 630 980 663 980 666 981 633 981 630 981 667 982 634 982 631 982 667 983 637 983 634 983 667 984 631 984 664 984 668 985 635 985 632 985 668 986 632 986 665 986 669 987 633 987 666 987 669 988 636 988 633 988 670 989 637 989 667 989 671 990 638 990 635 990 671 991 635 991 668 991 672 992 636 992 669 992 672 993 639 993 636 993 673 994 640 994 637 994 673 995 637 995 670 995 674 996 638 996 671 996 674 997 641 997 638 997 675 998 676 998 643 998 675 999 643 999 642 999 675 1000 639 1000 672 1000 675 1001 642 1001 639 1001 677 1002 640 1002 673 1002 677 1003 644 1003 640 1003 678 1004 641 1004 674 1004 678 1005 645 1005 641 1005 679 1006 646 1006 644 1006 679 1007 644 1007 677 1007 680 1008 645 1008 678 1008 680 1009 647 1009 645 1009 681 1010 648 1010 646 1010 681 1011 646 1011 679 1011 682 1012 649 1012 647 1012 682 1013 647 1013 680 1013 682 1014 651 1014 649 1014 683 1015 648 1015 681 1015 683 1016 650 1016 648 1016 684 1017 651 1017 682 1017 685 1018 650 1018 683 1018 685 1019 652 1019 650 1019 686 1020 651 1020 684 1020 686 1021 653 1021 651 1021 686 1022 655 1022 653 1022 687 1023 652 1023 685 1023 687 1024 654 1024 652 1024 688 1025 655 1025 686 1025 689 1026 654 1026 687 1026 689 1027 656 1027 654 1027 690 1028 657 1028 655 1028 690 1029 659 1029 657 1029 690 1030 655 1030 688 1030 691 1031 656 1031 689 1031 691 1032 658 1032 656 1032 692 1033 659 1033 690 1033 693 1034 660 1034 661 1034 693 1035 661 1035 694 1035 693 1036 664 1036 660 1036 695 1037 662 1037 658 1037 695 1038 658 1038 691 1038 696 1039 663 1039 659 1039 696 1040 666 1040 663 1040 696 1041 659 1041 692 1041 697 1042 667 1042 664 1042 697 1043 664 1043 693 1043 698 1044 665 1044 662 1044 698 1045 662 1045 695 1045 699 1046 666 1046 696 1046 700 1047 667 1047 697 1047 701 1048 665 1048 698 1048 701 1049 668 1049 665 1049 702 1050 666 1050 699 1050 702 1051 669 1051 666 1051 703 1052 670 1052 667 1052 703 1053 673 1053 670 1053 703 1054 667 1054 700 1054 704 1055 671 1055 668 1055 704 1056 668 1056 701 1056 705 1057 672 1057 669 1057 705 1058 669 1058 702 1058 706 1059 673 1059 703 1059 707 1060 671 1060 704 1060 707 1061 678 1061 674 1061 707 1062 674 1062 671 1062 708 1063 709 1063 676 1063 708 1064 672 1064 705 1064 708 1065 676 1065 675 1065 708 1066 675 1066 672 1066 710 1067 673 1067 706 1067 710 1068 679 1068 677 1068 710 1069 677 1069 673 1069 711 1070 678 1070 707 1070 712 1071 679 1071 710 1071 713 1072 680 1072 678 1072 713 1073 682 1073 680 1073 713 1074 678 1074 711 1074 714 1075 679 1075 712 1075 714 1076 681 1076 679 1076 715 1077 682 1077 713 1077 716 1078 683 1078 681 1078 716 1079 681 1079 714 1079 716 1080 685 1080 683 1080 717 1081 682 1081 715 1081 717 1082 684 1082 682 1082 717 1083 686 1083 684 1083 718 1084 685 1084 716 1084 719 1085 686 1085 717 1085 720 1086 685 1086 718 1086 720 1087 687 1087 685 1087 720 1088 689 1088 687 1088 721 1089 686 1089 719 1089 721 1090 688 1090 686 1090 722 1091 689 1091 720 1091 723 1092 688 1092 721 1092 723 1093 690 1093 688 1093 724 1094 691 1094 689 1094 724 1095 689 1095 722 1095 725 1096 692 1096 690 1096 725 1097 696 1097 692 1097 725 1098 690 1098 723 1098 726 1099 693 1099 694 1099 726 1100 694 1100 727 1100 728 1101 698 1101 695 1101 728 1102 691 1102 724 1102 728 1103 695 1103 691 1103 729 1104 696 1104 725 1104 730 1105 697 1105 693 1105 730 1106 700 1106 697 1106 730 1107 693 1107 726 1107 731 1108 698 1108 728 1108 732 1109 702 1109 699 1109 732 1110 696 1110 729 1110 732 1111 699 1111 696 1111 733 1112 700 1112 730 1112 734 1113 698 1113 731 1113 734 1114 704 1114 701 1114 734 1115 701 1115 698 1115 735 1116 702 1116 732 1116 736 1117 703 1117 700 1117 736 1118 700 1118 733 1118 736 1119 706 1119 703 1119 737 1120 704 1120 734 1120 738 1121 702 1121 735 1121 738 1122 705 1122 702 1122 739 1123 706 1123 736 1123 740 1124 707 1124 704 1124 740 1125 704 1125 737 1125 741 1126 742 1126 709 1126 741 1127 705 1127 738 1127 741 1128 709 1128 708 1128 741 1129 708 1129 705 1129 743 1130 706 1130 739 1130 743 1131 710 1131 706 1131 743 1132 712 1132 710 1132 744 1133 711 1133 707 1133 744 1134 707 1134 740 1134 745 1135 712 1135 743 1135 746 1136 711 1136 744 1136 746 1137 713 1137 711 1137 746 1138 715 1138 713 1138 747 1139 714 1139 712 1139 747 1140 712 1140 745 1140 748 1141 715 1141 746 1141 748 1142 717 1142 715 1142 749 1143 714 1143 747 1143 749 1144 716 1144 714 1144 749 1145 718 1145 716 1145 750 1146 717 1146 748 1146 750 1147 719 1147 717 1147 751 1148 718 1148 749 1148 752 1149 719 1149 750 1149 753 1150 718 1150 751 1150 753 1151 720 1151 718 1151 753 1152 722 1152 720 1152 754 1153 719 1153 752 1153 754 1154 721 1154 719 1154 755 1155 722 1155 753 1155 755 1156 724 1156 722 1156 756 1157 721 1157 754 1157 756 1158 723 1158 721 1158 757 1159 724 1159 755 1159 757 1160 728 1160 724 1160 758 1161 725 1161 723 1161 758 1162 723 1162 756 1162 759 1163 760 1163 761 1163 759 1164 727 1164 760 1164 759 1165 726 1165 727 1165 762 1166 728 1166 757 1166 762 1167 731 1167 728 1167 763 1168 729 1168 725 1168 763 1169 725 1169 758 1169 764 1170 730 1170 726 1170 764 1171 726 1171 759 1171 765 1172 731 1172 762 1172 766 1173 732 1173 729 1173 766 1174 729 1174 763 1174 767 1175 733 1175 730 1175 767 1176 730 1176 764 1176 768 1177 731 1177 765 1177 768 1178 737 1178 734 1178 768 1179 734 1179 731 1179 769 1180 735 1180 732 1180 769 1181 732 1181 766 1181 770 1182 733 1182 767 1182 770 1183 736 1183 733 1183 771 1184 737 1184 768 1184 772 1185 738 1185 735 1185 772 1186 735 1186 769 1186 773 1187 736 1187 770 1187 773 1188 739 1188 736 1188 774 1189 740 1189 737 1189 774 1190 744 1190 740 1190 774 1191 737 1191 771 1191 775 1192 776 1192 742 1192 775 1193 738 1193 772 1193 775 1194 742 1194 741 1194 775 1195 741 1195 738 1195 777 1196 739 1196 773 1196 777 1197 743 1197 739 1197 778 1198 746 1198 744 1198 778 1199 744 1199 774 1199 779 1200 743 1200 777 1200 779 1201 745 1201 743 1201 780 1202 748 1202 746 1202 780 1203 746 1203 778 1203 781 1204 745 1204 779 1204 781 1205 747 1205 745 1205 782 1206 748 1206 780 1206 783 1207 747 1207 781 1207 783 1208 749 1208 747 1208 784 1209 748 1209 782 1209 784 1210 750 1210 748 1210 784 1211 752 1211 750 1211 785 1212 749 1212 783 1212 785 1213 751 1213 749 1213 786 1214 752 1214 784 1214 786 1215 754 1215 752 1215 787 1216 753 1216 751 1216 787 1217 751 1217 785 1217 788 1218 754 1218 786 1218 789 1219 753 1219 787 1219 789 1220 755 1220 753 1220 790 1221 754 1221 788 1221 790 1222 756 1222 754 1222 790 1223 758 1223 756 1223 791 1224 755 1224 789 1224 791 1225 757 1225 755 1225 792 1226 758 1226 790 1226 793 1227 759 1227 761 1227 794 1228 757 1228 791 1228 794 1229 762 1229 757 1229 795 1230 766 1230 763 1230 795 1231 758 1231 792 1231 795 1232 763 1232 758 1232 796 1233 759 1233 793 1233 796 1234 764 1234 759 1234 796 1235 767 1235 764 1235 797 1236 765 1236 762 1236 797 1237 762 1237 794 1237 798 1238 766 1238 795 1238 799 1239 767 1239 796 1239 800 1240 768 1240 765 1240 800 1241 765 1241 797 1241 801 1242 769 1242 766 1242 801 1243 772 1243 769 1243 801 1244 766 1244 798 1244 802 1245 770 1245 767 1245 802 1246 767 1246 799 1246 802 1247 773 1247 770 1247 803 1248 771 1248 768 1248 803 1249 768 1249 800 1249 804 1250 772 1250 801 1250 804 1251 775 1251 772 1251 805 1252 773 1252 802 1252 806 1253 774 1253 771 1253 806 1254 771 1254 803 1254 807 1255 808 1255 776 1255 807 1256 775 1256 804 1256 807 1257 776 1257 775 1257 809 1258 777 1258 773 1258 809 1259 773 1259 805 1259 810 1260 774 1260 806 1260 810 1261 778 1261 774 1261 811 1262 777 1262 809 1262 811 1263 779 1263 777 1263 811 1264 781 1264 779 1264 812 1265 780 1265 778 1265 812 1266 778 1266 810 1266 813 1267 781 1267 811 1267 814 1268 780 1268 812 1268 814 1269 782 1269 780 1269 815 1270 781 1270 813 1270 815 1271 783 1271 781 1271 816 1272 784 1272 782 1272 816 1273 782 1273 814 1273 817 1274 783 1274 815 1274 817 1275 785 1275 783 1275 817 1276 787 1276 785 1276 818 1277 786 1277 784 1277 818 1278 784 1278 816 1278 819 1279 787 1279 817 1279 820 1280 786 1280 818 1280 820 1281 788 1281 786 1281 821 1282 789 1282 787 1282 821 1283 787 1283 819 1283 821 1284 791 1284 789 1284 822 1285 788 1285 820 1285 822 1286 790 1286 788 1286 823 1287 791 1287 821 1287 823 1288 794 1288 791 1288 824 1289 790 1289 822 1289 824 1290 792 1290 790 1290 825 1291 826 1291 827 1291 825 1292 761 1292 826 1292 825 1293 793 1293 761 1293 828 1294 794 1294 823 1294 828 1295 797 1295 794 1295 829 1296 792 1296 824 1296 829 1297 795 1297 792 1297 829 1298 798 1298 795 1298 830 1299 793 1299 825 1299 830 1300 796 1300 793 1300 831 1301 797 1301 828 1301 832 1302 798 1302 829 1302 833 1303 799 1303 796 1303 833 1304 796 1304 830 1304 834 1305 800 1305 797 1305 834 1306 803 1306 800 1306 834 1307 797 1307 831 1307 835 1308 801 1308 798 1308 835 1309 804 1309 801 1309 835 1310 798 1310 832 1310 836 1311 802 1311 799 1311 836 1312 799 1312 833 1312 837 1313 803 1313 834 1313 838 1314 804 1314 835 1314 839 1315 802 1315 836 1315 839 1316 805 1316 802 1316 840 1317 806 1317 803 1317 840 1318 810 1318 806 1318 840 1319 803 1319 837 1319 841 1320 804 1320 838 1320 841 1321 842 1321 808 1321 841 1322 808 1322 807 1322 841 1323 807 1323 804 1323 843 1324 809 1324 805 1324 843 1325 805 1325 839 1325 844 1326 812 1326 810 1326 844 1327 810 1327 840 1327 845 1328 809 1328 843 1328 845 1329 811 1329 809 1329 846 1330 814 1330 812 1330 846 1331 812 1331 844 1331 847 1332 811 1332 845 1332 847 1333 813 1333 811 1333 848 1334 814 1334 846 1334 849 1335 815 1335 813 1335 849 1336 813 1336 847 1336 850 1337 816 1337 814 1337 850 1338 818 1338 816 1338 850 1339 814 1339 848 1339 851 1340 815 1340 849 1340 851 1341 817 1341 815 1341 852 1342 818 1342 850 1342 852 1343 820 1343 818 1343 853 1344 817 1344 851 1344 853 1345 819 1345 817 1345 854 1346 820 1346 852 1346 855 1347 819 1347 853 1347 855 1348 821 1348 819 1348 855 1349 823 1349 821 1349 856 1350 820 1350 854 1350 856 1351 822 1351 820 1351 857 1352 823 1352 855 1352 858 1353 822 1353 856 1353 858 1354 824 1354 822 1354 859 1355 825 1355 827 1355 860 1356 823 1356 857 1356 860 1357 828 1357 823 1357 861 1358 829 1358 824 1358 861 1359 824 1359 858 1359 862 1360 830 1360 825 1360 862 1361 825 1361 859 1361 862 1362 833 1362 830 1362 863 1363 828 1363 860 1363 863 1364 831 1364 828 1364 864 1365 829 1365 861 1365 864 1366 832 1366 829 1366 865 1367 833 1367 862 1367 866 1368 831 1368 863 1368 866 1369 834 1369 831 1369 867 1370 832 1370 864 1370 867 1371 835 1371 832 1371 868 1372 833 1372 865 1372 868 1373 836 1373 833 1373 869 1374 834 1374 866 1374 869 1375 837 1375 834 1375 870 1376 838 1376 835 1376 870 1377 835 1377 867 1377 871 1378 839 1378 836 1378 871 1379 836 1379 868 1379 872 1380 840 1380 837 1380 872 1381 837 1381 869 1381 873 1382 874 1382 842 1382 873 1383 842 1383 841 1383 873 1384 838 1384 870 1384 873 1385 841 1385 838 1385 875 1386 843 1386 839 1386 875 1387 839 1387 871 1387 876 1388 844 1388 840 1388 876 1389 840 1389 872 1389 877 1390 843 1390 875 1390 877 1391 847 1391 845 1391 877 1392 845 1392 843 1392 878 1393 846 1393 844 1393 878 1394 844 1394 876 1394 879 1395 847 1395 877 1395 880 1396 848 1396 846 1396 880 1397 846 1397 878 1397 881 1398 847 1398 879 1398 881 1399 849 1399 847 1399 882 1400 850 1400 848 1400 882 1401 848 1401 880 1401 883 1402 849 1402 881 1402 883 1403 851 1403 849 1403 884 1404 850 1404 882 1404 884 1405 852 1405 850 1405 885 1406 855 1406 853 1406 885 1407 851 1407 883 1407 885 1408 853 1408 851 1408 886 1409 854 1409 852 1409 886 1410 852 1410 884 1410 887 1411 855 1411 885 1411 888 1412 856 1412 854 1412 888 1413 858 1413 856 1413 888 1414 854 1414 886 1414 889 1415 857 1415 855 1415 889 1416 855 1416 887 1416 890 1417 858 1417 888 1417 891 1418 827 1418 892 1418 891 1419 859 1419 827 1419 893 1420 857 1420 889 1420 893 1421 860 1421 857 1421 893 1422 863 1422 860 1422 894 1423 858 1423 890 1423 894 1424 861 1424 858 1424 894 1425 864 1425 861 1425 895 1426 862 1426 859 1426 895 1427 859 1427 891 1427 896 1428 863 1428 893 1428 897 1429 864 1429 894 1429 898 1430 862 1430 895 1430 898 1431 865 1431 862 1431 899 1432 866 1432 863 1432 899 1433 863 1433 896 1433 900 1434 864 1434 897 1434 900 1435 867 1435 864 1435 900 1436 870 1436 867 1436 901 1437 868 1437 865 1437 901 1438 865 1438 898 1438 902 1439 872 1439 869 1439 902 1440 866 1440 899 1440 902 1441 869 1441 866 1441 903 1442 870 1442 900 1442 904 1443 868 1443 901 1443 904 1444 871 1444 868 1444 905 1445 872 1445 902 1445 906 1446 873 1446 870 1446 906 1447 907 1447 874 1447 906 1448 870 1448 903 1448 906 1449 874 1449 873 1449 908 1450 875 1450 871 1450 908 1451 871 1451 904 1451 909 1452 876 1452 872 1452 909 1453 872 1453 905 1453 910 1454 875 1454 908 1454 910 1455 877 1455 875 1455 911 1456 876 1456 909 1456 911 1457 880 1457 878 1457 911 1458 878 1458 876 1458 912 1459 877 1459 910 1459 912 1460 879 1460 877 1460 913 1461 880 1461 911 1461 914 1462 879 1462 912 1462 914 1463 881 1463 879 1463 915 1464 880 1464 913 1464 915 1465 882 1465 880 1465 915 1466 884 1466 882 1466 916 1467 883 1467 881 1467 916 1468 881 1468 914 1468 917 1469 884 1469 915 1469 918 1470 883 1470 916 1470 918 1471 885 1471 883 1471 919 1472 884 1472 917 1472 919 1473 886 1473 884 1473 920 1474 887 1474 885 1474 920 1475 885 1475 918 1475 921 1476 886 1476 919 1476 921 1477 888 1477 886 1477 922 1478 889 1478 887 1478 922 1479 887 1479 920 1479 923 1480 888 1480 921 1480 923 1481 890 1481 888 1481 923 1482 894 1482 890 1482 924 1483 895 1483 891 1483 924 1484 892 1484 925 1484 924 1485 891 1485 892 1485 926 1486 889 1486 922 1486 926 1487 893 1487 889 1487 927 1488 894 1488 923 1488 928 1489 895 1489 924 1489 929 1490 893 1490 926 1490 929 1491 896 1491 893 1491 930 1492 897 1492 894 1492 930 1493 894 1493 927 1493 931 1494 898 1494 895 1494 931 1495 895 1495 928 1495 931 1496 901 1496 898 1496 932 1497 896 1497 929 1497 932 1498 899 1498 896 1498 933 1499 897 1499 930 1499 933 1500 900 1500 897 1500 934 1501 901 1501 931 1501 935 1502 899 1502 932 1502 935 1503 902 1503 899 1503 936 1504 900 1504 933 1504 936 1505 903 1505 900 1505 936 1506 906 1506 903 1506 937 1507 904 1507 901 1507 937 1508 901 1508 934 1508 938 1509 905 1509 902 1509 938 1510 902 1510 935 1510 939 1511 940 1511 907 1511 939 1512 907 1512 906 1512 939 1513 906 1513 936 1513 941 1514 908 1514 904 1514 941 1515 904 1515 937 1515 942 1516 905 1516 938 1516 942 1517 909 1517 905 1517 943 1518 910 1518 908 1518 943 1519 912 1519 910 1519 943 1520 908 1520 941 1520 944 1521 911 1521 909 1521 944 1522 909 1522 942 1522 945 1523 912 1523 943 1523 946 1524 913 1524 911 1524 946 1525 911 1525 944 1525 947 1526 914 1526 912 1526 947 1527 912 1527 945 1527 948 1528 915 1528 913 1528 948 1529 913 1529 946 1529 949 1530 914 1530 947 1530 949 1531 916 1531 914 1531 950 1532 917 1532 915 1532 950 1533 915 1533 948 1533 951 1534 918 1534 916 1534 951 1535 916 1535 949 1535 952 1536 919 1536 917 1536 952 1537 917 1537 950 1537 953 1538 920 1538 918 1538 953 1539 922 1539 920 1539 953 1540 918 1540 951 1540 954 1541 921 1541 919 1541 954 1542 919 1542 952 1542 955 1543 922 1543 953 1543 956 1544 923 1544 921 1544 956 1545 921 1545 954 1545 957 1546 925 1546 958 1546 957 1547 924 1547 925 1547 959 1548 926 1548 922 1548 959 1549 929 1549 926 1549 959 1550 922 1550 955 1550 960 1551 923 1551 956 1551 960 1552 927 1552 923 1552 961 1553 928 1553 924 1553 961 1554 924 1554 957 1554 962 1555 929 1555 959 1555 963 1556 930 1556 927 1556 963 1557 927 1557 960 1557 964 1558 931 1558 928 1558 964 1559 928 1559 961 1559 965 1560 929 1560 962 1560 965 1561 932 1561 929 1561 966 1562 930 1562 963 1562 966 1563 933 1563 930 1563 967 1564 931 1564 964 1564 967 1565 934 1565 931 1565 968 1566 935 1566 932 1566 968 1567 932 1567 965 1567 969 1568 936 1568 933 1568 969 1569 933 1569 966 1569 970 1570 934 1570 967 1570 970 1571 937 1571 934 1571 971 1572 935 1572 968 1572 971 1573 938 1573 935 1573 972 1574 973 1574 940 1574 972 1575 940 1575 939 1575 972 1576 936 1576 969 1576 972 1577 939 1577 936 1577 974 1578 937 1578 970 1578 974 1579 941 1579 937 1579 975 1580 942 1580 938 1580 975 1581 938 1581 971 1581 976 1582 941 1582 974 1582 976 1583 943 1583 941 1583 977 1584 944 1584 942 1584 977 1585 942 1585 975 1585 978 1586 945 1586 943 1586 978 1587 943 1587 976 1587 979 1588 946 1588 944 1588 979 1589 944 1589 977 1589 980 1590 947 1590 945 1590 980 1591 945 1591 978 1591 981 1592 948 1592 946 1592 981 1593 946 1593 979 1593 982 1594 947 1594 980 1594 982 1595 949 1595 947 1595 983 1596 948 1596 981 1596 983 1597 950 1597 948 1597 984 1598 949 1598 982 1598 984 1599 951 1599 949 1599 985 1600 952 1600 950 1600 985 1601 950 1601 983 1601 986 1602 953 1602 951 1602 986 1603 951 1603 984 1603 987 1604 952 1604 985 1604 987 1605 954 1605 952 1605 988 1606 955 1606 953 1606 988 1607 953 1607 986 1607 989 1608 954 1608 987 1608 989 1609 956 1609 954 1609 990 1610 958 1610 991 1610 990 1611 957 1611 958 1611 992 1612 955 1612 988 1612 992 1613 959 1613 955 1613 993 1614 956 1614 989 1614 993 1615 960 1615 956 1615 993 1616 963 1616 960 1616 994 1617 964 1617 961 1617 994 1618 961 1618 957 1618 994 1619 957 1619 990 1619 995 1620 959 1620 992 1620 995 1621 962 1621 959 1621 996 1622 963 1622 993 1622 997 1623 967 1623 964 1623 997 1624 964 1624 994 1624 998 1625 965 1625 962 1625 998 1626 962 1626 995 1626 999 1627 963 1627 996 1627 999 1628 966 1628 963 1628 1000 1629 967 1629 997 1629 1001 1630 968 1630 965 1630 1001 1631 965 1631 998 1631 1002 1632 966 1632 999 1632 1002 1633 969 1633 966 1633 1002 1634 972 1634 969 1634 1003 1635 974 1635 970 1635 1003 1636 967 1636 1000 1636 1003 1637 970 1637 967 1637 1004 1638 968 1638 1001 1638 1004 1639 971 1639 968 1639 1005 1640 1006 1640 973 1640 1005 1641 972 1641 1002 1641 1005 1642 973 1642 972 1642 1007 1643 974 1643 1003 1643 1008 1644 975 1644 971 1644 1008 1645 971 1645 1004 1645 1009 1646 976 1646 974 1646 1009 1647 974 1647 1007 1647 1009 1648 978 1648 976 1648 1010 1649 975 1649 1008 1649 1010 1650 977 1650 975 1650 1011 1651 978 1651 1009 1651 1012 1652 979 1652 977 1652 1012 1653 977 1653 1010 1653 1013 1654 980 1654 978 1654 1013 1655 982 1655 980 1655 1013 1656 978 1656 1011 1656 1014 1657 981 1657 979 1657 1014 1658 979 1658 1012 1658 1015 1659 982 1659 1013 1659 1016 1660 983 1660 981 1660 1016 1661 981 1661 1014 1661 1017 1662 984 1662 982 1662 1017 1663 986 1663 984 1663 1017 1664 982 1664 1015 1664 1018 1665 983 1665 1016 1665 1018 1666 985 1666 983 1666 1019 1667 986 1667 1017 1667 1020 1668 987 1668 985 1668 1020 1669 985 1669 1018 1669 1021 1670 988 1670 986 1670 1021 1671 986 1671 1019 1671 1022 1672 987 1672 1020 1672 1022 1673 989 1673 987 1673 1023 1674 991 1674 1024 1674 1023 1675 990 1675 991 1675 1025 1676 988 1676 1021 1676 1025 1677 992 1677 988 1677 1025 1678 995 1678 992 1678 1026 1679 989 1679 1022 1679 1026 1680 993 1680 989 1680 1027 1681 994 1681 990 1681 1027 1682 997 1682 994 1682 1027 1683 990 1683 1023 1683 1028 1684 995 1684 1025 1684 1029 1685 993 1685 1026 1685 1029 1686 996 1686 993 1686 1030 1687 997 1687 1027 1687 1031 1688 995 1688 1028 1688 1031 1689 998 1689 995 1689 1031 1690 1001 1690 998 1690 1032 1691 996 1691 1029 1691 1032 1692 999 1692 996 1692 1033 1693 997 1693 1030 1693 1033 1694 1000 1694 997 1694 1034 1695 1001 1695 1031 1695 1034 1696 1004 1696 1001 1696 1035 1697 999 1697 1032 1697 1035 1698 1002 1698 999 1698 1036 1699 1000 1699 1033 1699 1036 1700 1003 1700 1000 1700 1037 1701 1004 1701 1034 1701 1038 1702 1039 1702 1006 1702 1038 1703 1006 1703 1005 1703 1038 1704 1002 1704 1035 1704 1038 1705 1005 1705 1002 1705 1040 1706 1003 1706 1036 1706 1040 1707 1007 1707 1003 1707 1041 1708 1004 1708 1037 1708 1041 1709 1008 1709 1004 1709 1042 1710 1007 1710 1040 1710 1042 1711 1009 1711 1007 1711 1043 1712 1010 1712 1008 1712 1043 1713 1008 1713 1041 1713 1043 1714 1012 1714 1010 1714 1044 1715 1011 1715 1009 1715 1044 1716 1009 1716 1042 1716 1045 1717 1012 1717 1043 1717 1045 1718 1014 1718 1012 1718 1046 1719 1015 1719 1013 1719 1046 1720 1011 1720 1044 1720 1046 1721 1013 1721 1011 1721 1047 1722 1014 1722 1045 1722 1048 1723 1015 1723 1046 1723 1049 1724 1016 1724 1014 1724 1049 1725 1018 1725 1016 1725 1049 1726 1014 1726 1047 1726 1050 1727 1015 1727 1048 1727 1050 1728 1017 1728 1015 1728 1051 1729 1018 1729 1049 1729 1052 1730 1017 1730 1050 1730 1052 1731 1019 1731 1017 1731 1053 1732 1020 1732 1018 1732 1053 1733 1018 1733 1051 1733 1054 1734 1021 1734 1019 1734 1054 1735 1019 1735 1052 1735 1055 1736 1020 1736 1053 1736 1055 1737 1026 1737 1022 1737 1055 1738 1022 1738 1020 1738 1056 1739 1024 1739 1057 1739 1056 1740 1023 1740 1024 1740 1058 1741 1025 1741 1021 1741 1058 1742 1021 1742 1054 1742 1059 1743 1026 1743 1055 1743 1060 1744 1027 1744 1023 1744 1060 1745 1023 1745 1056 1745 1061 1746 1025 1746 1058 1746 1061 1747 1028 1747 1025 1747 1062 1748 1026 1748 1059 1748 1062 1749 1029 1749 1026 1749 1063 1750 1027 1750 1060 1750 1063 1751 1030 1751 1027 1751 1064 1752 1031 1752 1028 1752 1064 1753 1028 1753 1061 1753 1065 1754 1032 1754 1029 1754 1065 1755 1029 1755 1062 1755 1066 1756 1033 1756 1030 1756 1066 1757 1030 1757 1063 1757 1067 1758 1031 1758 1064 1758 1067 1759 1034 1759 1031 1759 1068 1760 1035 1760 1032 1760 1068 1761 1032 1761 1065 1761 1069 1762 1036 1762 1033 1762 1069 1763 1033 1763 1066 1763 1070 1764 1037 1764 1034 1764 1070 1765 1034 1765 1067 1765 1071 1766 1072 1766 1039 1766 1071 1767 1035 1767 1068 1767 1071 1768 1039 1768 1038 1768 1071 1769 1038 1769 1035 1769 1073 1770 1040 1770 1036 1770 1073 1771 1036 1771 1069 1771 1074 1772 1037 1772 1070 1772 1074 1773 1041 1773 1037 1773 1075 1774 1042 1774 1040 1774 1075 1775 1040 1775 1073 1775 1076 1776 1041 1776 1074 1776 1076 1777 1043 1777 1041 1777 1077 1778 1042 1778 1075 1778 1077 1779 1044 1779 1042 1779 1078 1780 1043 1780 1076 1780 1078 1781 1045 1781 1043 1781 1078 1782 1047 1782 1045 1782 1079 1783 1044 1783 1077 1783 1079 1784 1046 1784 1044 1784 1080 1785 1047 1785 1078 1785 1080 1786 1049 1786 1047 1786 1081 1787 1048 1787 1046 1787 1081 1788 1046 1788 1079 1788 1082 1789 1049 1789 1080 1789 1083 1790 1048 1790 1081 1790 1083 1791 1050 1791 1048 1791 1084 1792 1051 1792 1049 1792 1084 1793 1049 1793 1082 1793 1085 1794 1050 1794 1083 1794 1085 1795 1052 1795 1050 1795 1086 1796 1051 1796 1084 1796 1086 1797 1053 1797 1051 1797 1087 1798 1054 1798 1052 1798 1087 1799 1052 1799 1085 1799 1088 1800 1055 1800 1053 1800 1088 1801 1059 1801 1055 1801 1088 1802 1053 1802 1086 1802 1089 1803 1057 1803 1090 1803 1089 1804 1056 1804 1057 1804 1091 1805 1061 1805 1058 1805 1091 1806 1058 1806 1054 1806 1091 1807 1054 1807 1087 1807 1092 1808 1059 1808 1088 1808 1093 1809 1060 1809 1056 1809 1093 1810 1056 1810 1089 1810 1094 1811 1061 1811 1091 1811 1095 1812 1062 1812 1059 1812 1095 1813 1059 1813 1092 1813 1096 1814 1063 1814 1060 1814 1096 1815 1060 1815 1093 1815 1097 1816 1061 1816 1094 1816 1097 1817 1064 1817 1061 1817 1098 1818 1062 1818 1095 1818 1098 1819 1065 1819 1062 1819 1099 1820 1066 1820 1063 1820 1099 1821 1063 1821 1096 1821 1100 1822 1067 1822 1064 1822 1100 1823 1064 1823 1097 1823 1101 1824 1068 1824 1065 1824 1101 1825 1065 1825 1098 1825 1101 1826 1071 1826 1068 1826 1102 1827 1066 1827 1099 1827 1102 1828 1069 1828 1066 1828 1102 1829 1073 1829 1069 1829 1103 1830 1067 1830 1100 1830 1103 1831 1070 1831 1067 1831 1104 1832 1105 1832 1072 1832 1104 1833 1071 1833 1101 1833 1104 1834 1072 1834 1071 1834 1106 1835 1073 1835 1102 1835 1107 1836 1070 1836 1103 1836 1107 1837 1074 1837 1070 1837 1108 1838 1073 1838 1106 1838 1108 1839 1075 1839 1073 1839 1109 1840 1076 1840 1074 1840 1109 1841 1074 1841 1107 1841 1110 1842 1077 1842 1075 1842 1110 1843 1075 1843 1108 1843 1111 1844 1078 1844 1076 1844 1111 1845 1076 1845 1109 1845 1112 1846 1079 1846 1077 1846 1112 1847 1077 1847 1110 1847 1113 1848 1078 1848 1111 1848 1113 1849 1080 1849 1078 1849 1114 1850 1079 1850 1112 1850 1114 1851 1081 1851 1079 1851 1115 1852 1080 1852 1113 1852 1115 1853 1082 1853 1080 1853 1116 1854 1083 1854 1081 1854 1116 1855 1081 1855 1114 1855 1116 1856 1085 1856 1083 1856 1117 1857 1082 1857 1115 1857 1117 1858 1084 1858 1082 1858 1118 1859 1085 1859 1116 1859 1119 1860 1084 1860 1117 1860 1119 1861 1086 1861 1084 1861 1120 1862 1087 1862 1085 1862 1120 1863 1085 1863 1118 1863 1121 1864 1088 1864 1086 1864 1121 1865 1086 1865 1119 1865 1122 1866 1123 1866 1124 1866 1122 1867 1090 1867 1123 1867 1122 1868 1089 1868 1090 1868 1125 1869 1091 1869 1087 1869 1125 1870 1087 1870 1120 1870 1126 1871 1092 1871 1088 1871 1126 1872 1095 1872 1092 1872 1126 1873 1088 1873 1121 1873 1127 1874 1089 1874 1122 1874 1127 1875 1093 1875 1089 1875 1128 1876 1094 1876 1091 1876 1128 1877 1091 1877 1125 1877 1129 1878 1095 1878 1126 1878 1130 1879 1093 1879 1127 1879 1130 1880 1096 1880 1093 1880 1131 1881 1094 1881 1128 1881 1131 1882 1097 1882 1094 1882 1132 1883 1095 1883 1129 1883 1132 1884 1098 1884 1095 1884 1132 1885 1101 1885 1098 1885 1133 1886 1096 1886 1130 1886 1133 1887 1099 1887 1096 1887 1134 1888 1097 1888 1131 1888 1134 1889 1100 1889 1097 1889 1134 1890 1103 1890 1100 1890 1135 1891 1101 1891 1132 1891 1135 1892 1104 1892 1101 1892 1136 1893 1102 1893 1099 1893 1136 1894 1099 1894 1133 1894 1137 1895 1103 1895 1134 1895 1138 1896 1139 1896 1105 1896 1138 1897 1105 1897 1104 1897 1138 1898 1104 1898 1135 1898 1140 1899 1102 1899 1136 1899 1140 1900 1106 1900 1102 1900 1141 1901 1107 1901 1103 1901 1141 1902 1103 1902 1137 1902 1142 1903 1108 1903 1106 1903 1142 1904 1106 1904 1140 1904 1143 1905 1109 1905 1107 1905 1143 1906 1107 1906 1141 1906 1144 1907 1108 1907 1142 1907 1144 1908 1112 1908 1110 1908 1144 1909 1110 1909 1108 1909 1145 1910 1109 1910 1143 1910 1145 1911 1111 1911 1109 1911 1145 1912 1113 1912 1111 1912 1146 1913 1112 1913 1144 1913 1147 1914 1113 1914 1145 1914 1148 1915 1112 1915 1146 1915 1148 1916 1114 1916 1112 1916 1148 1917 1116 1917 1114 1917 1149 1918 1115 1918 1113 1918 1149 1919 1113 1919 1147 1919 1150 1920 1116 1920 1148 1920 1151 1921 1115 1921 1149 1921 1151 1922 1117 1922 1115 1922 1151 1923 1119 1923 1117 1923 1152 1924 1116 1924 1150 1924 1152 1925 1118 1925 1116 1925 1153 1926 1119 1926 1151 1926 1154 1927 1118 1927 1152 1927 1154 1928 1120 1928 1118 1928 1155 1929 1119 1929 1153 1929 1155 1930 1121 1930 1119 1930 1156 1931 1122 1931 1124 1931 1157 1932 1125 1932 1120 1932 1157 1933 1120 1933 1154 1933 1158 1934 1126 1934 1121 1934 1158 1935 1129 1935 1126 1935 1158 1936 1121 1936 1155 1936 1159 1937 1122 1937 1156 1937 1159 1938 1127 1938 1122 1938 1160 1939 1125 1939 1157 1939 1160 1940 1128 1940 1125 1940 1161 1941 1129 1941 1158 1941 1162 1942 1127 1942 1159 1942 1162 1943 1133 1943 1130 1943 1162 1944 1130 1944 1127 1944 1163 1945 1131 1945 1128 1945 1163 1946 1128 1946 1160 1946 1164 1947 1132 1947 1129 1947 1164 1948 1135 1948 1132 1948 1164 1949 1129 1949 1161 1949 1165 1950 1133 1950 1162 1950 1166 1951 1131 1951 1163 1951 1166 1952 1134 1952 1131 1952 1167 1953 1135 1953 1164 1953 1168 1954 1133 1954 1165 1954 1168 1955 1136 1955 1133 1955 1168 1956 1140 1956 1136 1956 1169 1957 1134 1957 1166 1957 1169 1958 1137 1958 1134 1958 1169 1959 1141 1959 1137 1959 1170 1960 1171 1960 1139 1960 1170 1961 1135 1961 1167 1961 1170 1962 1139 1962 1138 1962 1170 1963 1138 1963 1135 1963 1172 1964 1140 1964 1168 1964 1173 1965 1141 1965 1169 1965 1174 1966 1142 1966 1140 1966 1174 1967 1140 1967 1172 1967 1175 1968 1145 1968 1143 1968 1175 1969 1143 1969 1141 1969 1175 1970 1141 1970 1173 1970 1176 1971 1146 1971 1144 1971 1176 1972 1144 1972 1142 1972 1176 1973 1142 1973 1174 1973 1177 1974 1145 1974 1175 1974 1178 1975 1146 1975 1176 1975 1179 1976 1145 1976 1177 1976 1179 1977 1147 1977 1145 1977 1180 1978 1148 1978 1146 1978 1180 1979 1146 1979 1178 1979 1181 1980 1147 1980 1179 1980 1181 1981 1149 1981 1147 1981 1182 1982 1148 1982 1180 1982 1182 1983 1150 1983 1148 1983 1182 1984 1152 1984 1150 1984 1183 1985 1149 1985 1181 1985 1183 1986 1151 1986 1149 1986 1184 1987 1152 1987 1182 1987 1184 1988 1154 1988 1152 1988 1185 1989 1151 1989 1183 1989 1185 1990 1153 1990 1151 1990 1186 1991 1157 1991 1154 1991 1186 1992 1154 1992 1184 1992 1187 1993 1153 1993 1185 1993 1187 1994 1158 1994 1155 1994 1187 1995 1155 1995 1153 1995 1188 1996 1156 1996 1124 1996 1188 1997 1124 1997 1189 1997 1190 1998 1157 1998 1186 1998 1191 1999 1158 1999 1187 1999 1192 2000 1156 2000 1188 2000 1192 2001 1159 2001 1156 2001 1193 2002 1157 2002 1190 2002 1193 2003 1160 2003 1157 2003 1194 2004 1161 2004 1158 2004 1194 2005 1158 2005 1191 2005 1195 2006 1162 2006 1159 2006 1195 2007 1159 2007 1192 2007 1196 2008 1163 2008 1160 2008 1196 2009 1166 2009 1163 2009 1196 2010 1160 2010 1193 2010 1197 2011 1164 2011 1161 2011 1197 2012 1161 2012 1194 2012 1198 2013 1165 2013 1162 2013 1198 2014 1162 2014 1195 2014 1199 2015 1166 2015 1196 2015 1200 2016 1164 2016 1197 2016 1200 2017 1167 2017 1164 2017 1201 2018 1165 2018 1198 2018 1201 2019 1168 2019 1165 2019 1202 2020 1166 2020 1199 2020 1202 2021 1169 2021 1166 2021 1202 2022 1173 2022 1169 2022 1203 2023 1167 2023 1200 2023 1203 2024 1204 2024 1171 2024 1203 2025 1171 2025 1170 2025 1203 2026 1170 2026 1167 2026 1205 2027 1172 2027 1168 2027 1205 2028 1168 2028 1201 2028 1206 2029 1173 2029 1202 2029 1207 2030 1172 2030 1205 2030 1207 2031 1174 2031 1172 2031 1208 2032 1175 2032 1173 2032 1208 2033 1173 2033 1206 2033 1209 2034 1176 2034 1174 2034 1209 2035 1174 2035 1207 2035 1210 2036 1175 2036 1208 2036 1210 2037 1177 2037 1175 2037 1210 2038 1179 2038 1177 2038 1211 2039 1178 2039 1176 2039 1211 2040 1176 2040 1209 2040 1212 2041 1179 2041 1210 2041 1213 2042 1178 2042 1211 2042 1213 2043 1180 2043 1178 2043 1214 2044 1179 2044 1212 2044 1214 2045 1181 2045 1179 2045 1214 2046 1183 2046 1181 2046 1215 2047 1180 2047 1213 2047 1215 2048 1182 2048 1180 2048 1216 2049 1183 2049 1214 2049 1217 2050 1182 2050 1215 2050 1217 2051 1184 2051 1182 2051 1218 2052 1183 2052 1216 2052 1218 2053 1185 2053 1183 2053 1219 2054 1184 2054 1217 2054 1219 2055 1186 2055 1184 2055 1220 2056 1185 2056 1218 2056 1220 2057 1187 2057 1185 2057 1220 2058 1191 2058 1187 2058 1221 2059 1189 2059 1222 2059 1221 2060 1188 2060 1189 2060 1223 2061 1186 2061 1219 2061 1223 2062 1190 2062 1186 2062 1224 2063 1191 2063 1220 2063 1225 2064 1188 2064 1221 2064 1225 2065 1192 2065 1188 2065 1226 2066 1190 2066 1223 2066 1226 2067 1193 2067 1190 2067 1227 2068 1194 2068 1191 2068 1227 2069 1191 2069 1224 2069 1227 2070 1197 2070 1194 2070 1228 2071 1195 2071 1192 2071 1228 2072 1192 2072 1225 2072 1229 2073 1196 2073 1193 2073 1229 2074 1193 2074 1226 2074 1230 2075 1200 2075 1197 2075 1230 2076 1197 2076 1227 2076 1231 2077 1198 2077 1195 2077 1231 2078 1195 2078 1228 2078 1232 2079 1199 2079 1196 2079 1232 2080 1196 2080 1229 2080 1233 2081 1200 2081 1230 2081 1234 2082 1205 2082 1201 2082 1234 2083 1198 2083 1231 2083 1234 2084 1201 2084 1198 2084 1235 2085 1202 2085 1199 2085 1235 2086 1199 2086 1232 2086 1236 2087 1200 2087 1233 2087 1236 2088 1203 2088 1200 2088 1236 2089 1237 2089 1204 2089 1236 2090 1204 2090 1203 2090 1238 2091 1205 2091 1234 2091 1239 2092 1202 2092 1235 2092 1239 2093 1206 2093 1202 2093 1240 2094 1205 2094 1238 2094 1240 2095 1207 2095 1205 2095 1241 2096 1208 2096 1206 2096 1241 2097 1206 2097 1239 2097 1242 2098 1209 2098 1207 2098 1242 2099 1211 2099 1209 2099 1242 2100 1207 2100 1240 2100 1243 2101 1208 2101 1241 2101 1243 2102 1210 2102 1208 2102 1244 2103 1211 2103 1242 2103 1245 2104 1212 2104 1210 2104 1245 2105 1210 2105 1243 2105 1246 2106 1213 2106 1211 2106 1246 2107 1211 2107 1244 2107 1247 2108 1214 2108 1212 2108 1247 2109 1212 2109 1245 2109 1248 2110 1213 2110 1246 2110 1248 2111 1215 2111 1213 2111 1248 2112 1217 2112 1215 2112 1249 2113 1216 2113 1214 2113 1249 2114 1214 2114 1247 2114 1250 2115 1219 2115 1217 2115 1250 2116 1217 2116 1248 2116 1251 2117 1216 2117 1249 2117 1251 2118 1218 2118 1216 2118 1252 2119 1219 2119 1250 2119 1252 2120 1223 2120 1219 2120 1253 2121 1218 2121 1251 2121 1253 2122 1220 2122 1218 2122 1254 2123 1222 2123 1255 2123 1254 2124 1221 2124 1222 2124 1256 2125 1223 2125 1252 2125 1257 2126 1220 2126 1253 2126 1257 2127 1224 2127 1220 2127 1258 2128 1221 2128 1254 2128 1258 2129 1225 2129 1221 2129 1259 2130 1223 2130 1256 2130 1259 2131 1226 2131 1223 2131 1260 2132 1224 2132 1257 2132 1260 2133 1227 2133 1224 2133 1261 2134 1228 2134 1225 2134 1261 2135 1225 2135 1258 2135 1261 2136 1231 2136 1228 2136 1262 2137 1232 2137 1229 2137 1262 2138 1226 2138 1259 2138 1262 2139 1229 2139 1226 2139 1263 2140 1230 2140 1227 2140 1263 2141 1227 2141 1260 2141 1264 2142 1231 2142 1261 2142 1265 2143 1232 2143 1262 2143 1266 2144 1233 2144 1230 2144 1266 2145 1230 2145 1263 2145 1267 2146 1234 2146 1231 2146 1267 2147 1231 2147 1264 2147 1268 2148 1235 2148 1232 2148 1268 2149 1232 2149 1265 2149 1268 2150 1239 2150 1235 2150 1269 2151 1236 2151 1233 2151 1269 2152 1237 2152 1236 2152 1269 2153 1270 2153 1237 2153 1269 2154 1233 2154 1266 2154 1271 2155 1238 2155 1234 2155 1271 2156 1234 2156 1267 2156 1272 2157 1239 2157 1268 2157 1273 2158 1240 2158 1238 2158 1273 2159 1238 2159 1271 2159 1274 2160 1241 2160 1239 2160 1274 2161 1239 2161 1272 2161 1275 2162 1240 2162 1273 2162 1275 2163 1242 2163 1240 2163 1276 2164 1241 2164 1274 2164 1276 2165 1243 2165 1241 2165 1276 2166 1245 2166 1243 2166 1277 2167 1242 2167 1275 2167 1277 2168 1244 2168 1242 2168 1278 2169 1245 2169 1276 2169 1279 2170 1244 2170 1277 2170 1279 2171 1246 2171 1244 2171 1280 2172 1247 2172 1245 2172 1280 2173 1245 2173 1278 2173 1280 2174 1249 2174 1247 2174 1281 2175 1248 2175 1246 2175 1281 2176 1246 2176 1279 2176 1282 2177 1249 2177 1280 2177 1283 2178 1248 2178 1281 2178 1283 2179 1250 2179 1248 2179 1283 2180 1252 2180 1250 2180 1284 2181 1249 2181 1282 2181 1284 2182 1253 2182 1251 2182 1284 2183 1251 2183 1249 2183 1285 2184 1252 2184 1283 2184 1286 2185 1253 2185 1284 2185 1286 2186 1257 2186 1253 2186 1287 2187 1254 2187 1255 2187 1287 2188 1255 2188 1288 2188 1287 2189 1258 2189 1254 2189 1289 2190 1256 2190 1252 2190 1289 2191 1252 2191 1285 2191 1290 2192 1257 2192 1286 2192 1291 2193 1258 2193 1287 2193 1292 2194 1259 2194 1256 2194 1292 2195 1256 2195 1289 2195 1292 2196 1262 2196 1259 2196 1293 2197 1257 2197 1290 2197 1293 2198 1263 2198 1260 2198 1293 2199 1260 2199 1257 2199 1294 2200 1258 2200 1291 2200 1294 2201 1261 2201 1258 2201 1295 2202 1262 2202 1292 2202 1296 2203 1266 2203 1263 2203 1296 2204 1263 2204 1293 2204 1297 2205 1261 2205 1294 2205 1297 2206 1264 2206 1261 2206 1298 2207 1262 2207 1295 2207 1298 2208 1265 2208 1262 2208 1299 2209 1266 2209 1296 2209 1300 2210 1271 2210 1267 2210 1300 2211 1264 2211 1297 2211 1300 2212 1267 2212 1264 2212 1301 2213 1265 2213 1298 2213 1301 2214 1268 2214 1265 2214 1302 2215 1269 2215 1266 2215 1302 2216 1270 2216 1269 2216 1302 2217 1303 2217 1270 2217 1302 2218 1266 2218 1299 2218 1304 2219 1271 2219 1300 2219 1305 2220 1272 2220 1268 2220 1305 2221 1268 2221 1301 2221 1306 2222 1271 2222 1304 2222 1306 2223 1273 2223 1271 2223 1307 2224 1274 2224 1272 2224 1307 2225 1272 2225 1305 2225 1308 2226 1275 2226 1273 2226 1308 2227 1277 2227 1275 2227 1308 2228 1273 2228 1306 2228 1309 2229 1276 2229 1274 2229 1309 2230 1274 2230 1307 2230 1310 2231 1277 2231 1308 2231 1311 2232 1276 2232 1309 2232 1311 2233 1278 2233 1276 2233 1312 2234 1279 2234 1277 2234 1312 2235 1277 2235 1310 2235 1313 2236 1278 2236 1311 2236 1313 2237 1280 2237 1278 2237 1314 2238 1279 2238 1312 2238 1314 2239 1281 2239 1279 2239 1314 2240 1283 2240 1281 2240 1315 2241 1282 2241 1280 2241 1315 2242 1280 2242 1313 2242 1316 2243 1283 2243 1314 2243 1317 2244 1284 2244 1282 2244 1317 2245 1282 2245 1315 2245 1318 2246 1283 2246 1316 2246 1318 2247 1285 2247 1283 2247 1319 2248 1286 2248 1284 2248 1319 2249 1284 2249 1317 2249 1320 2250 1321 2250 1322 2250 1320 2251 1288 2251 1321 2251 1320 2252 1287 2252 1288 2252 1323 2253 1289 2253 1285 2253 1323 2254 1285 2254 1318 2254 1324 2255 1286 2255 1319 2255 1324 2256 1290 2256 1286 2256 1325 2257 1287 2257 1320 2257 1325 2258 1291 2258 1287 2258 1326 2259 1292 2259 1289 2259 1326 2260 1289 2260 1323 2260 1327 2261 1293 2261 1290 2261 1327 2262 1290 2262 1324 2262 1327 2263 1296 2263 1293 2263 1328 2264 1294 2264 1291 2264 1328 2265 1297 2265 1294 2265 1328 2266 1291 2266 1325 2266 1329 2267 1298 2267 1295 2267 1329 2268 1292 2268 1326 2268 1329 2269 1295 2269 1292 2269 1330 2270 1296 2270 1327 2270 1330 2271 1299 2271 1296 2271 1331 2272 1297 2272 1328 2272 1332 2273 1298 2273 1329 2273 1333 2274 1299 2274 1330 2274 1334 2275 1297 2275 1331 2275 1334 2276 1300 2276 1297 2276 1335 2277 1298 2277 1332 2277 1335 2278 1301 2278 1298 2278 1336 2279 1303 2279 1302 2279 1336 2280 1302 2280 1299 2280 1336 2281 1337 2281 1303 2281 1336 2282 1299 2282 1333 2282 1338 2283 1300 2283 1334 2283 1338 2284 1304 2284 1300 2284 1339 2285 1305 2285 1301 2285 1339 2286 1301 2286 1335 2286 1340 2287 1304 2287 1338 2287 1340 2288 1306 2288 1304 2288 1341 2289 1307 2289 1305 2289 1341 2290 1309 2290 1307 2290 1341 2291 1305 2291 1339 2291 1342 2292 1308 2292 1306 2292 1342 2293 1306 2293 1340 2293 1343 2294 1311 2294 1309 2294 1343 2295 1309 2295 1341 2295 1344 2296 1310 2296 1308 2296 1344 2297 1308 2297 1342 2297 1345 2298 1311 2298 1343 2298 1346 2299 1310 2299 1344 2299 1346 2300 1312 2300 1310 2300 1347 2301 1313 2301 1311 2301 1347 2302 1315 2302 1313 2302 1347 2303 1311 2303 1345 2303 1348 2304 1312 2304 1346 2304 1348 2305 1314 2305 1312 2305 1349 2306 1315 2306 1347 2306 1350 2307 1314 2307 1348 2307 1350 2308 1318 2308 1316 2308 1350 2309 1316 2309 1314 2309 1351 2310 1315 2310 1349 2310 1351 2311 1317 2311 1315 2311 1352 2312 1318 2312 1350 2312 1353 2313 1319 2313 1317 2313 1353 2314 1324 2314 1319 2314 1353 2315 1317 2315 1351 2315 1354 2316 1320 2316 1322 2316 1355 2317 1323 2317 1318 2317 1355 2318 1318 2318 1352 2318 1356 2319 1324 2319 1353 2319 1357 2320 1320 2320 1354 2320 1357 2321 1325 2321 1320 2321 1358 2322 1323 2322 1355 2322 1358 2323 1326 2323 1323 2323 1359 2324 1327 2324 1324 2324 1359 2325 1324 2325 1356 2325 1360 2326 1328 2326 1325 2326 1360 2327 1331 2327 1328 2327 1360 2328 1325 2328 1357 2328 1361 2329 1326 2329 1358 2329 1361 2330 1329 2330 1326 2330 1362 2331 1327 2331 1359 2331 1362 2332 1330 2332 1327 2332 1362 2333 1333 2333 1330 2333 1363 2334 1331 2334 1360 2334 1364 2335 1329 2335 1361 2335 1364 2336 1332 2336 1329 2336 1365 2337 1333 2337 1362 2337 1366 2338 1338 2338 1334 2338 1366 2339 1331 2339 1363 2339 1366 2340 1334 2340 1331 2340 1367 2341 1332 2341 1364 2341 1367 2342 1335 2342 1332 2342 1368 2343 1369 2343 1337 2343 1368 2344 1333 2344 1365 2344 1368 2345 1337 2345 1336 2345 1368 2346 1336 2346 1333 2346 1370 2347 1338 2347 1366 2347 1371 2348 1339 2348 1335 2348 1371 2349 1335 2349 1367 2349 1372 2350 1338 2350 1370 2350 1372 2351 1340 2351 1338 2351 1373 2352 1341 2352 1339 2352 1373 2353 1339 2353 1371 2353 1374 2354 1342 2354 1340 2354 1374 2355 1344 2355 1342 2355 1374 2356 1340 2356 1372 2356 1375 2357 1343 2357 1341 2357 1375 2358 1341 2358 1373 2358 1376 2359 1344 2359 1374 2359 1377 2360 1343 2360 1375 2360 1377 2361 1345 2361 1343 2361 1378 2362 1344 2362 1376 2362 1378 2363 1346 2363 1344 2363 1379 2364 1347 2364 1345 2364 1379 2365 1345 2365 1377 2365 1380 2366 1346 2366 1378 2366 1380 2367 1348 2367 1346 2367 1380 2368 1350 2368 1348 2368 1381 2369 1347 2369 1379 2369 1381 2370 1349 2370 1347 2370 1382 2371 1352 2371 1350 2371 1382 2372 1350 2372 1380 2372 1383 2373 1351 2373 1349 2373 1383 2374 1353 2374 1351 2374 1383 2375 1349 2375 1381 2375 1384 2376 1352 2376 1382 2376 1384 2377 1355 2377 1352 2377 1385 2378 1353 2378 1383 2378 1386 2379 1322 2379 1387 2379 1386 2380 1357 2380 1354 2380 1386 2381 1354 2381 1322 2381 1388 2382 1355 2382 1384 2382 1389 2383 1356 2383 1353 2383 1389 2384 1353 2384 1385 2384 1390 2385 1357 2385 1386 2385 1391 2386 1358 2386 1355 2386 1391 2387 1355 2387 1388 2387 1392 2388 1356 2388 1389 2388 1392 2389 1359 2389 1356 2389 1393 2390 1363 2390 1360 2390 1393 2391 1357 2391 1390 2391 1393 2392 1360 2392 1357 2392 1394 2393 1361 2393 1358 2393 1394 2394 1364 2394 1361 2394 1394 2395 1358 2395 1391 2395 1395 2396 1359 2396 1392 2396 1395 2397 1362 2397 1359 2397 1396 2398 1363 2398 1393 2398 1397 2399 1364 2399 1394 2399 1398 2400 1362 2400 1395 2400 1398 2401 1365 2401 1362 2401 1399 2402 1363 2402 1396 2402 1399 2403 1366 2403 1363 2403 1399 2404 1370 2404 1366 2404 1400 2405 1364 2405 1397 2405 1400 2406 1367 2406 1364 2406 1401 2407 1402 2407 1369 2407 1401 2408 1365 2408 1398 2408 1401 2409 1369 2409 1368 2409 1401 2410 1368 2410 1365 2410 1403 2411 1370 2411 1399 2411 1404 2412 1371 2412 1367 2412 1404 2413 1367 2413 1400 2413 1404 2414 1373 2414 1371 2414 1405 2415 1370 2415 1403 2415 1405 2416 1372 2416 1370 2416 1406 2417 1373 2417 1404 2417 1407 2418 1374 2418 1372 2418 1407 2419 1372 2419 1405 2419 1407 2420 1376 2420 1374 2420 1408 2421 1377 2421 1375 2421 1408 2422 1375 2422 1373 2422 1408 2423 1373 2423 1406 2423 1409 2424 1376 2424 1407 2424 1410 2425 1377 2425 1408 2425 1411 2426 1376 2426 1409 2426 1411 2427 1378 2427 1376 2427 1412 2428 1381 2428 1379 2428 1412 2429 1379 2429 1377 2429 1412 2430 1377 2430 1410 2430 1413 2431 1380 2431 1378 2431 1413 2432 1382 2432 1380 2432 1413 2433 1378 2433 1411 2433 1414 2434 1381 2434 1412 2434 1415 2435 1382 2435 1413 2435 1415 2436 1384 2436 1382 2436 1416 2437 1381 2437 1414 2437 1416 2438 1383 2438 1381 2438 1417 2439 1384 2439 1415 2439 1418 2440 1383 2440 1416 2440 1418 2441 1385 2441 1383 2441 1418 2442 1389 2442 1385 2442 1419 2443 1420 2443 1421 2443 1419 2444 1387 2444 1420 2444 1419 2445 1386 2445 1387 2445 1422 2446 1384 2446 1417 2446 1422 2447 1388 2447 1384 2447 1423 2448 1389 2448 1418 2448 1424 2449 1386 2449 1419 2449 1424 2450 1390 2450 1386 2450 1425 2451 1391 2451 1388 2451 1425 2452 1388 2452 1422 2452 1426 2453 1395 2453 1392 2453 1426 2454 1389 2454 1423 2454 1426 2455 1392 2455 1389 2455 1427 2456 1393 2456 1390 2456 1427 2457 1390 2457 1424 2457 1428 2458 1391 2458 1425 2458 1428 2459 1394 2459 1391 2459 1428 2460 1397 2460 1394 2460 1429 2461 1395 2461 1426 2461 1430 2462 1393 2462 1427 2462 1430 2463 1396 2463 1393 2463 1431 2464 1397 2464 1428 2464 1432 2465 1395 2465 1429 2465 1432 2466 1398 2466 1395 2466 1433 2467 1399 2467 1396 2467 1433 2468 1396 2468 1430 2468 1434 2469 1397 2469 1431 2469 1434 2470 1400 2470 1397 2470 1435 2471 1436 2471 1402 2471 1435 2472 1398 2472 1432 2472 1435 2473 1402 2473 1401 2473 1435 2474 1401 2474 1398 2474 1437 2475 1399 2475 1433 2475 1437 2476 1403 2476 1399 2476 1438 2477 1400 2477 1434 2477 1438 2478 1404 2478 1400 2478 1439 2479 1405 2479 1403 2479 1439 2480 1403 2480 1437 2480 1440 2481 1404 2481 1438 2481 1440 2482 1406 2482 1404 2482 1440 2483 1408 2483 1406 2483 1441 2484 1405 2484 1439 2484 1441 2485 1407 2485 1405 2485 1442 2486 1410 2486 1408 2486 1442 2487 1408 2487 1440 2487 1443 2488 1407 2488 1441 2488 1443 2489 1409 2489 1407 2489 1444 2490 1410 2490 1442 2490 1445 2491 1409 2491 1443 2491 1445 2492 1411 2492 1409 2492 1446 2493 1414 2493 1412 2493 1446 2494 1412 2494 1410 2494 1446 2495 1410 2495 1444 2495 1447 2496 1413 2496 1411 2496 1447 2497 1411 2497 1445 2497 1448 2498 1414 2498 1446 2498 1449 2499 1413 2499 1447 2499 1449 2500 1415 2500 1413 2500 1450 2501 1414 2501 1448 2501 1450 2502 1416 2502 1414 2502 1451 2503 1417 2503 1415 2503 1451 2504 1415 2504 1449 2504 1452 2505 1418 2505 1416 2505 1452 2506 1423 2506 1418 2506 1452 2507 1416 2507 1450 2507 1453 2508 1419 2508 1421 2508 1454 2509 1422 2509 1417 2509 1454 2510 1417 2510 1451 2510 1455 2511 1423 2511 1452 2511 1455 2512 1426 2512 1423 2512 1456 2513 1419 2513 1453 2513 1456 2514 1427 2514 1424 2514 1456 2515 1424 2515 1419 2515 1457 2516 1422 2516 1454 2516 1457 2517 1425 2517 1422 2517 1458 2518 1426 2518 1455 2518 1459 2519 1427 2519 1456 2519 1460 2520 1425 2520 1457 2520 1460 2521 1428 2521 1425 2521 1461 2522 1426 2522 1458 2522 1461 2523 1429 2523 1426 2523 1462 2524 1430 2524 1427 2524 1462 2525 1427 2525 1459 2525 1463 2526 1431 2526 1428 2526 1463 2527 1428 2527 1460 2527 1464 2528 1432 2528 1429 2528 1464 2529 1429 2529 1461 2529 1465 2530 1430 2530 1462 2530 1465 2531 1437 2531 1433 2531 1465 2532 1433 2532 1430 2532 1466 2533 1434 2533 1431 2533 1466 2534 1431 2534 1463 2534 1467 2535 1468 2535 1436 2535 1467 2536 1432 2536 1464 2536 1467 2537 1436 2537 1435 2537 1467 2538 1435 2538 1432 2538 1469 2539 1437 2539 1465 2539 1470 2540 1434 2540 1466 2540 1470 2541 1438 2541 1434 2541 1471 2542 1441 2542 1439 2542 1471 2543 1437 2543 1469 2543 1471 2544 1439 2544 1437 2544 1472 2545 1440 2545 1438 2545 1472 2546 1438 2546 1470 2546 1473 2547 1441 2547 1471 2547 1474 2548 1440 2548 1472 2548 1474 2549 1442 2549 1440 2549 1475 2550 1441 2550 1473 2550 1475 2551 1443 2551 1441 2551 1475 2552 1445 2552 1443 2552 1476 2553 1442 2553 1474 2553 1476 2554 1444 2554 1442 2554 1477 2555 1445 2555 1475 2555 1478 2556 1446 2556 1444 2556 1478 2557 1444 2557 1476 2557 1479 2558 1447 2558 1445 2558 1479 2559 1445 2559 1477 2559 1479 2560 1449 2560 1447 2560 1480 2561 1448 2561 1446 2561 1480 2562 1446 2562 1478 2562 1481 2563 1449 2563 1479 2563 1481 2564 1451 2564 1449 2564 1482 2565 1450 2565 1448 2565 1482 2566 1448 2566 1480 2566 1483 2567 1454 2567 1451 2567 1483 2568 1451 2568 1481 2568 1484 2569 1452 2569 1450 2569 1484 2570 1450 2570 1482 2570 1485 2571 1486 2571 1487 2571 1485 2572 1421 2572 1486 2572 1485 2573 1453 2573 1421 2573 1488 2574 1454 2574 1483 2574 1489 2575 1452 2575 1484 2575 1489 2576 1455 2576 1452 2576 1490 2577 1456 2577 1453 2577 1490 2578 1453 2578 1485 2578 1491 2579 1454 2579 1488 2579 1491 2580 1457 2580 1454 2580 1491 2581 1460 2581 1457 2581 1492 2582 1455 2582 1489 2582 1492 2583 1458 2583 1455 2583 1493 2584 1456 2584 1490 2584 1493 2585 1459 2585 1456 2585 1494 2586 1460 2586 1491 2586 1495 2587 1458 2587 1492 2587 1495 2588 1461 2588 1458 2588 1496 2589 1459 2589 1493 2589 1496 2590 1462 2590 1459 2590 1497 2591 1463 2591 1460 2591 1497 2592 1460 2592 1494 2592 1498 2593 1461 2593 1495 2593 1498 2594 1464 2594 1461 2594 1499 2595 1462 2595 1496 2595 1499 2596 1465 2596 1462 2596 1500 2597 1463 2597 1497 2597 1500 2598 1466 2598 1463 2598 1500 2599 1470 2599 1466 2599 1501 2600 1502 2600 1468 2600 1501 2601 1464 2601 1498 2601 1501 2602 1468 2602 1467 2602 1501 2603 1467 2603 1464 2603 1503 2604 1469 2604 1465 2604 1503 2605 1465 2605 1499 2605 1504 2606 1470 2606 1500 2606 1505 2607 1469 2607 1503 2607 1505 2608 1471 2608 1469 2608 1505 2609 1473 2609 1471 2609 1506 2610 1470 2610 1504 2610 1506 2611 1472 2611 1470 2611 1507 2612 1473 2612 1505 2612 1508 2613 1474 2613 1472 2613 1508 2614 1472 2614 1506 2614 1508 2615 1476 2615 1474 2615 1509 2616 1473 2616 1507 2616 1509 2617 1475 2617 1473 2617 1510 2618 1476 2618 1508 2618 1510 2619 1478 2619 1476 2619 1511 2620 1477 2620 1475 2620 1511 2621 1475 2621 1509 2621 1512 2622 1480 2622 1478 2622 1512 2623 1478 2623 1510 2623 1513 2624 1477 2624 1511 2624 1513 2625 1479 2625 1477 2625 1514 2626 1480 2626 1512 2626 1515 2627 1483 2627 1481 2627 1515 2628 1479 2628 1513 2628 1515 2629 1481 2629 1479 2629 1516 2630 1482 2630 1480 2630 1516 2631 1484 2631 1482 2631 1516 2632 1480 2632 1514 2632 1517 2633 1483 2633 1515 2633 1518 2634 1489 2634 1484 2634 1518 2635 1484 2635 1516 2635 1519 2636 1485 2636 1487 2636 1520 2637 1488 2637 1483 2637 1520 2638 1483 2638 1517 2638 1521 2639 1489 2639 1518 2639 1522 2640 1490 2640 1485 2640 1522 2641 1485 2641 1519 2641 1523 2642 1488 2642 1520 2642 1523 2643 1491 2643 1488 2643 1523 2644 1494 2644 1491 2644 1524 2645 1492 2645 1489 2645 1524 2646 1489 2646 1521 2646 1524 2647 1495 2647 1492 2647 1525 2648 1493 2648 1490 2648 1525 2649 1490 2649 1522 2649 1525 2650 1496 2650 1493 2650 1526 2651 1494 2651 1523 2651 1527 2652 1495 2652 1524 2652 1527 2653 1498 2653 1495 2653 1528 2654 1496 2654 1525 2654 1529 2655 1494 2655 1526 2655 1529 2656 1497 2656 1494 2656 1530 2657 1498 2657 1527 2657 1531 2658 1499 2658 1496 2658 1531 2659 1496 2659 1528 2659 1532 2660 1497 2660 1529 2660 1532 2661 1500 2661 1497 2661 1533 2662 1534 2662 1502 2662 1533 2663 1498 2663 1530 2663 1533 2664 1502 2664 1501 2664 1533 2665 1501 2665 1498 2665 1535 2666 1499 2666 1531 2666 1535 2667 1503 2667 1499 2667 1536 2668 1500 2668 1532 2668 1536 2669 1504 2669 1500 2669 1537 2670 1503 2670 1535 2670 1537 2671 1505 2671 1503 2671 1538 2672 1506 2672 1504 2672 1538 2673 1504 2673 1536 2673 1539 2674 1505 2674 1537 2674 1539 2675 1507 2675 1505 2675 1540 2676 1506 2676 1538 2676 1540 2677 1508 2677 1506 2677 1541 2678 1509 2678 1507 2678 1541 2679 1507 2679 1539 2679 1542 2680 1508 2680 1540 2680 1542 2681 1510 2681 1508 2681 1543 2682 1511 2682 1509 2682 1543 2683 1509 2683 1541 2683 1544 2684 1512 2684 1510 2684 1544 2685 1510 2685 1542 2685 1545 2686 1513 2686 1511 2686 1545 2687 1511 2687 1543 2687 1546 2688 1512 2688 1544 2688 1546 2689 1514 2689 1512 2689 1547 2690 1515 2690 1513 2690 1547 2691 1513 2691 1545 2691 1548 2692 1514 2692 1546 2692 1548 2693 1516 2693 1514 2693 1549 2694 1515 2694 1547 2694 1549 2695 1517 2695 1515 2695 1550 2696 1518 2696 1516 2696 1550 2697 1516 2697 1548 2697 1551 2698 1487 2698 1552 2698 1551 2699 1519 2699 1487 2699 1553 2700 1517 2700 1549 2700 1553 2701 1520 2701 1517 2701 1554 2702 1521 2702 1518 2702 1554 2703 1518 2703 1550 2703 1555 2704 1522 2704 1519 2704 1555 2705 1525 2705 1522 2705 1555 2706 1519 2706 1551 2706 1556 2707 1520 2707 1553 2707 1556 2708 1523 2708 1520 2708 1557 2709 1524 2709 1521 2709 1557 2710 1527 2710 1524 2710 1557 2711 1521 2711 1554 2711 1558 2712 1525 2712 1555 2712 1559 2713 1523 2713 1556 2713 1559 2714 1526 2714 1523 2714 1560 2715 1527 2715 1557 2715 1561 2716 1525 2716 1558 2716 1561 2717 1528 2717 1525 2717 1562 2718 1529 2718 1526 2718 1562 2719 1526 2719 1559 2719 1563 2720 1527 2720 1560 2720 1563 2721 1530 2721 1527 2721 1564 2722 1531 2722 1528 2722 1564 2723 1535 2723 1531 2723 1564 2724 1528 2724 1561 2724 1565 2725 1532 2725 1529 2725 1565 2726 1529 2726 1562 2726 1566 2727 1530 2727 1563 2727 1566 2728 1567 2728 1534 2728 1566 2729 1534 2729 1533 2729 1566 2730 1533 2730 1530 2730 1568 2731 1535 2731 1564 2731 1569 2732 1536 2732 1532 2732 1569 2733 1532 2733 1565 2733 1570 2734 1535 2734 1568 2734 1570 2735 1539 2735 1537 2735 1570 2736 1537 2736 1535 2736 1571 2737 1536 2737 1569 2737 1571 2738 1538 2738 1536 2738 1572 2739 1539 2739 1570 2739 1572 2740 1541 2740 1539 2740 1573 2741 1540 2741 1538 2741 1573 2742 1538 2742 1571 2742 1574 2743 1541 2743 1572 2743 1575 2744 1540 2744 1573 2744 1575 2745 1542 2745 1540 2745 1576 2746 1541 2746 1574 2746 1576 2747 1543 2747 1541 2747 1576 2748 1545 2748 1543 2748 1577 2749 1544 2749 1542 2749 1577 2750 1542 2750 1575 2750 1578 2751 1545 2751 1576 2751 1578 2752 1547 2752 1545 2752 1579 2753 1544 2753 1577 2753 1579 2754 1546 2754 1544 2754 1580 2755 1549 2755 1547 2755 1580 2756 1547 2756 1578 2756 1581 2757 1548 2757 1546 2757 1581 2758 1546 2758 1579 2758 1582 2759 1549 2759 1580 2759 1583 2760 1548 2760 1581 2760 1583 2761 1550 2761 1548 2761 1584 2762 1585 2762 1586 2762 1584 2763 1552 2763 1585 2763 1584 2764 1551 2764 1552 2764 1587 2765 1553 2765 1549 2765 1587 2766 1549 2766 1582 2766 1588 2767 1554 2767 1550 2767 1588 2768 1550 2768 1583 2768 1589 2769 1555 2769 1551 2769 1589 2770 1551 2770 1584 2770 1590 2771 1553 2771 1587 2771 1590 2772 1556 2772 1553 2772 1590 2773 1559 2773 1556 2773 1591 2774 1554 2774 1588 2774 1591 2775 1557 2775 1554 2775 1592 2776 1558 2776 1555 2776 1592 2777 1555 2777 1589 2777 1593 2778 1559 2778 1590 2778 1594 2779 1560 2779 1557 2779 1594 2780 1557 2780 1591 2780 1595 2781 1558 2781 1592 2781 1595 2782 1561 2782 1558 2782 1596 2783 1559 2783 1593 2783 1596 2784 1562 2784 1559 2784 1597 2785 1563 2785 1560 2785 1597 2786 1560 2786 1594 2786 1598 2787 1564 2787 1561 2787 1598 2788 1561 2788 1595 2788 1599 2789 1562 2789 1596 2789 1599 2790 1569 2790 1565 2790 1599 2791 1565 2791 1562 2791 1600 2792 1563 2792 1597 2792 1600 2793 1566 2793 1563 2793 1600 2794 1601 2794 1567 2794 1600 2795 1567 2795 1566 2795 1602 2796 1568 2796 1564 2796 1602 2797 1564 2797 1598 2797 1603 2798 1569 2798 1599 2798 1604 2799 1570 2799 1568 2799 1604 2800 1568 2800 1602 2800 1605 2801 1569 2801 1603 2801 1605 2802 1571 2802 1569 2802 1606 2803 1570 2803 1604 2803 1606 2804 1572 2804 1570 2804 1607 2805 1571 2805 1605 2805 1607 2806 1573 2806 1571 2806 1607 2807 1575 2807 1573 2807 1608 2808 1572 2808 1606 2808 1608 2809 1574 2809 1572 2809 1609 2810 1575 2810 1607 2810 1609 2811 1577 2811 1575 2811 1610 2812 1574 2812 1608 2812 1610 2813 1576 2813 1574 2813 1611 2814 1577 2814 1609 2814 1612 2815 1578 2815 1576 2815 1612 2816 1576 2816 1610 2816 1613 2817 1579 2817 1577 2817 1613 2818 1577 2818 1611 2818 1614 2819 1578 2819 1612 2819 1614 2820 1580 2820 1578 2820 1615 2821 1579 2821 1613 2821 1615 2822 1581 2822 1579 2822 1616 2823 1582 2823 1580 2823 1616 2824 1580 2824 1614 2824 1617 2825 1581 2825 1615 2825 1617 2826 1588 2826 1583 2826 1617 2827 1583 2827 1581 2827 1618 2828 1586 2828 1619 2828 1618 2829 1584 2829 1586 2829 1620 2830 1582 2830 1616 2830 1620 2831 1587 2831 1582 2831 1621 2832 1588 2832 1617 2832 1622 2833 1584 2833 1618 2833 1622 2834 1589 2834 1584 2834 1623 2835 1590 2835 1587 2835 1623 2836 1587 2836 1620 2836 1623 2837 1593 2837 1590 2837 1624 2838 1591 2838 1588 2838 1624 2839 1588 2839 1621 2839 1625 2840 1592 2840 1589 2840 1625 2841 1589 2841 1622 2841 1626 2842 1593 2842 1623 2842 1627 2843 1591 2843 1624 2843 1627 2844 1594 2844 1591 2844 1628 2845 1592 2845 1625 2845 1628 2846 1595 2846 1592 2846 1629 2847 1596 2847 1593 2847 1629 2848 1593 2848 1626 2848 1630 2849 1597 2849 1594 2849 1630 2850 1594 2850 1627 2850 1631 2851 1598 2851 1595 2851 1631 2852 1595 2852 1628 2852 1632 2853 1596 2853 1629 2853 1632 2854 1599 2854 1596 2854 1633 2855 1600 2855 1597 2855 1633 2856 1597 2856 1630 2856 1633 2857 1601 2857 1600 2857 1633 2858 1634 2858 1601 2858 1635 2859 1598 2859 1631 2859 1635 2860 1602 2860 1598 2860 1636 2861 1603 2861 1599 2861 1636 2862 1599 2862 1632 2862 1637 2863 1602 2863 1635 2863 1637 2864 1606 2864 1604 2864 1637 2865 1604 2865 1602 2865 1638 2866 1603 2866 1636 2866 1638 2867 1605 2867 1603 2867 1639 2868 1606 2868 1637 2868 1640 2869 1605 2869 1638 2869 1640 2870 1607 2870 1605 2870 1641 2871 1608 2871 1606 2871 1641 2872 1606 2872 1639 2872 1642 2873 1609 2873 1607 2873 1642 2874 1607 2874 1640 2874 1643 2875 1610 2875 1608 2875 1643 2876 1608 2876 1641 2876 1644 2877 1609 2877 1642 2877 1644 2878 1611 2878 1609 2878 1645 2879 1610 2879 1643 2879 1645 2880 1612 2880 1610 2880 1646 2881 1613 2881 1611 2881 1646 2882 1611 2882 1644 2882 1647 2883 1616 2883 1614 2883 1647 2884 1614 2884 1612 2884 1647 2885 1612 2885 1645 2885 1648 2886 1613 2886 1646 2886 1648 2887 1615 2887 1613 2887 1648 2888 1617 2888 1615 2888 1649 2889 1616 2889 1647 2889 1650 2890 1617 2890 1648 2890 1651 2891 1619 2891 1652 2891 1651 2892 1618 2892 1619 2892 1653 2893 1616 2893 1649 2893 1653 2894 1620 2894 1616 2894 1654 2895 1621 2895 1617 2895 1654 2896 1617 2896 1650 2896 1655 2897 1618 2897 1651 2897 1655 2898 1622 2898 1618 2898 1655 2899 1625 2899 1622 2899 1656 2900 1626 2900 1623 2900 1656 2901 1620 2901 1653 2901 1656 2902 1623 2902 1620 2902 1657 2903 1627 2903 1624 2903 1657 2904 1621 2904 1654 2904 1657 2905 1624 2905 1621 2905 1658 2906 1625 2906 1655 2906 1659 2907 1626 2907 1656 2907 1660 2908 1627 2908 1657 2908 1661 2909 1628 2909 1625 2909 1661 2910 1625 2910 1658 2910 1662 2911 1629 2911 1626 2911 1662 2912 1626 2912 1659 2912 1663 2913 1630 2913 1627 2913 1663 2914 1627 2914 1660 2914 1664 2915 1631 2915 1628 2915 1664 2916 1628 2916 1661 2916 1664 2917 1635 2917 1631 2917 1665 2918 1632 2918 1629 2918 1665 2919 1629 2919 1662 2919 1666 2920 1630 2920 1663 2920 1666 2921 1634 2921 1633 2921 1666 2922 1667 2922 1634 2922 1666 2923 1633 2923 1630 2923 1668 2924 1635 2924 1664 2924 1669 2925 1636 2925 1632 2925 1669 2926 1632 2926 1665 2926 1670 2927 1635 2927 1668 2927 1670 2928 1637 2928 1635 2928 1670 2929 1639 2929 1637 2929 1671 2930 1638 2930 1636 2930 1671 2931 1636 2931 1669 2931 1672 2932 1639 2932 1670 2932 1673 2933 1638 2933 1671 2933 1673 2934 1640 2934 1638 2934 1674 2935 1639 2935 1672 2935 1674 2936 1643 2936 1641 2936 1674 2937 1641 2937 1639 2937 1675 2938 1640 2938 1673 2938 1675 2939 1642 2939 1640 2939 1676 2940 1643 2940 1674 2940 1677 2941 1644 2941 1642 2941 1677 2942 1642 2942 1675 2942 1678 2943 1643 2943 1676 2943 1678 2944 1647 2944 1645 2944 1678 2945 1645 2945 1643 2945 1679 2946 1646 2946 1644 2946 1679 2947 1644 2947 1677 2947 1680 2948 1647 2948 1678 2948 1680 2949 1649 2949 1647 2949 1681 2950 1648 2950 1646 2950 1681 2951 1646 2951 1679 2951 1682 2952 1649 2952 1680 2952 1683 2953 1648 2953 1681 2953 1683 2954 1650 2954 1648 2954 1684 2955 1651 2955 1652 2955 1685 2956 1649 2956 1682 2956 1685 2957 1653 2957 1649 2957 1686 2958 1650 2958 1683 2958 1686 2959 1654 2959 1650 2959 1687 2960 1651 2960 1684 2960 1687 2961 1655 2961 1651 2961 1688 2962 1653 2962 1685 2962 1688 2963 1659 2963 1656 2963 1688 2964 1656 2964 1653 2964 1689 2965 1654 2965 1686 2965 1689 2966 1657 2966 1654 2966 1690 2967 1655 2967 1687 2967 1690 2968 1658 2968 1655 2968 1691 2969 1659 2969 1688 2969 1692 2970 1663 2970 1660 2970 1692 2971 1657 2971 1689 2971 1692 2972 1660 2972 1657 2972 1693 2973 1661 2973 1658 2973 1693 2974 1658 2974 1690 2974 1694 2975 1659 2975 1691 2975 1694 2976 1662 2976 1659 2976 1694 2977 1665 2977 1662 2977 1695 2978 1663 2978 1692 2978 1696 2979 1661 2979 1693 2979 1696 2980 1664 2980 1661 2980 1697 2981 1669 2981 1665 2981 1697 2982 1665 2982 1694 2982 1698 2983 1666 2983 1663 2983 1698 2984 1667 2984 1666 2984 1698 2985 1699 2985 1667 2985 1698 2986 1663 2986 1695 2986 1700 2987 1668 2987 1664 2987 1700 2988 1664 2988 1696 2988 1701 2989 1669 2989 1697 2989 1702 2990 1670 2990 1668 2990 1702 2991 1668 2991 1700 2991 1703 2992 1669 2992 1701 2992 1703 2993 1671 2993 1669 2993 1704 2994 1672 2994 1670 2994 1704 2995 1670 2995 1702 2995 1705 2996 1671 2996 1703 2996 1705 2997 1673 2997 1671 2997 1705 2998 1675 2998 1673 2998 1706 2999 1674 2999 1672 2999 1706 3000 1672 3000 1704 3000 1707 3001 1675 3001 1705 3001 1707 3002 1677 3002 1675 3002 1708 3003 1674 3003 1706 3003 1708 3004 1676 3004 1674 3004 1709 3005 1677 3005 1707 3005 1710 3006 1676 3006 1708 3006 1710 3007 1678 3007 1676 3007 1711 3008 1679 3008 1677 3008 1711 3009 1677 3009 1709 3009 1712 3010 1678 3010 1710 3010 1712 3011 1680 3011 1678 3011 1713 3012 1681 3012 1679 3012 1713 3013 1683 3013 1681 3013 1713 3014 1679 3014 1711 3014 1714 3015 1680 3015 1712 3015 1714 3016 1682 3016 1680 3016 1715 3017 1686 3017 1683 3017 1715 3018 1683 3018 1713 3018 1716 3019 1652 3019 1717 3019 1716 3020 1684 3020 1652 3020 1718 3021 1682 3021 1714 3021 1718 3022 1685 3022 1682 3022 1719 3023 1686 3023 1715 3023 1720 3024 1687 3024 1684 3024 1720 3025 1684 3025 1716 3025 1721 3026 1688 3026 1685 3026 1721 3027 1685 3027 1718 3027 1722 3028 1686 3028 1719 3028 1722 3029 1689 3029 1686 3029 1722 3030 1692 3030 1689 3030 1723 3031 1687 3031 1720 3031 1723 3032 1690 3032 1687 3032 1724 3033 1688 3033 1721 3033 1724 3034 1691 3034 1688 3034 1725 3035 1695 3035 1692 3035 1725 3036 1692 3036 1722 3036 1726 3037 1690 3037 1723 3037 1726 3038 1693 3038 1690 3038 1727 3039 1694 3039 1691 3039 1727 3040 1691 3040 1724 3040 1728 3041 1695 3041 1725 3041 1729 3042 1696 3042 1693 3042 1729 3043 1693 3043 1726 3043 1730 3044 1697 3044 1694 3044 1730 3045 1694 3045 1727 3045 1731 3046 1699 3046 1698 3046 1731 3047 1698 3047 1695 3047 1731 3048 1732 3048 1699 3048 1731 3049 1695 3049 1728 3049 1733 3050 1696 3050 1729 3050 1733 3051 1700 3051 1696 3051 1734 3052 1701 3052 1697 3052 1734 3053 1697 3053 1730 3053 1735 3054 1700 3054 1733 3054 1735 3055 1702 3055 1700 3055 1735 3056 1704 3056 1702 3056 1736 3057 1703 3057 1701 3057 1736 3058 1701 3058 1734 3058 1737 3059 1704 3059 1735 3059 1738 3060 1705 3060 1703 3060 1738 3061 1703 3061 1736 3061 1739 3062 1706 3062 1704 3062 1739 3063 1704 3063 1737 3063 1740 3064 1705 3064 1738 3064 1740 3065 1707 3065 1705 3065 1741 3066 1708 3066 1706 3066 1741 3067 1706 3067 1739 3067 1742 3068 1709 3068 1707 3068 1742 3069 1707 3069 1740 3069 1743 3070 1708 3070 1741 3070 1743 3071 1710 3071 1708 3071 1744 3072 1709 3072 1742 3072 1744 3073 1711 3073 1709 3073 1745 3074 1710 3074 1743 3074 1745 3075 1712 3075 1710 3075 1745 3076 1714 3076 1712 3076 1746 3077 1713 3077 1711 3077 1746 3078 1711 3078 1744 3078 1747 3079 1714 3079 1745 3079 1748 3080 1715 3080 1713 3080 1748 3081 1713 3081 1746 3081 1749 3082 1716 3082 1717 3082 1749 3083 1750 3083 1751 3083 1749 3084 1717 3084 1750 3084 1752 3085 1718 3085 1714 3085 1752 3086 1714 3086 1747 3086 1753 3087 1715 3087 1748 3087 1753 3088 1719 3088 1715 3088 1754 3089 1716 3089 1749 3089 1754 3090 1720 3090 1716 3090 1754 3091 1723 3091 1720 3091 1755 3092 1724 3092 1721 3092 1755 3093 1718 3093 1752 3093 1755 3094 1721 3094 1718 3094 1756 3095 1722 3095 1719 3095 1756 3096 1719 3096 1753 3096 1757 3097 1723 3097 1754 3097 1758 3098 1724 3098 1755 3098 1759 3099 1722 3099 1756 3099 1759 3100 1725 3100 1722 3100 1759 3101 1728 3101 1725 3101 1760 3102 1723 3102 1757 3102 1760 3103 1726 3103 1723 3103 1761 3104 1727 3104 1724 3104 1761 3105 1724 3105 1758 3105 1762 3106 1728 3106 1759 3106 1763 3107 1733 3107 1729 3107 1763 3108 1729 3108 1726 3108 1763 3109 1726 3109 1760 3109 1764 3110 1727 3110 1761 3110 1764 3111 1730 3111 1727 3111 1765 3112 1731 3112 1728 3112 1765 3113 1766 3113 1732 3113 1765 3114 1728 3114 1762 3114 1765 3115 1732 3115 1731 3115 1767 3116 1733 3116 1763 3116 1768 3117 1730 3117 1764 3117 1768 3118 1734 3118 1730 3118 1769 3119 1735 3119 1733 3119 1769 3120 1733 3120 1767 3120 1770 3121 1734 3121 1768 3121 1770 3122 1736 3122 1734 3122 1771 3123 1737 3123 1735 3123 1771 3124 1735 3124 1769 3124 1772 3125 1738 3125 1736 3125 1772 3126 1736 3126 1770 3126 1773 3127 1739 3127 1737 3127 1773 3128 1737 3128 1771 3128 1774 3129 1740 3129 1738 3129 1774 3130 1738 3130 1772 3130 1775 3131 1741 3131 1739 3131 1775 3132 1743 3132 1741 3132 1775 3133 1739 3133 1773 3133 1776 3134 1740 3134 1774 3134 1776 3135 1742 3135 1740 3135 1777 3136 1743 3136 1775 3136 1777 3137 1745 3137 1743 3137 1778 3138 1744 3138 1742 3138 1778 3139 1742 3139 1776 3139 1779 3140 1745 3140 1777 3140 1780 3141 1744 3141 1778 3141 1780 3142 1746 3142 1744 3142 1781 3143 1745 3143 1779 3143 1781 3144 1747 3144 1745 3144 1782 3145 1748 3145 1746 3145 1782 3146 1746 3146 1780 3146 1783 3147 1749 3147 1751 3147 1784 3148 1747 3148 1781 3148 1784 3149 1752 3149 1747 3149 1785 3150 1753 3150 1748 3150 1785 3151 1748 3151 1782 3151 1786 3152 1749 3152 1783 3152 1786 3153 1754 3153 1749 3153 1787 3154 1752 3154 1784 3154 1787 3155 1755 3155 1752 3155 1788 3156 1753 3156 1785 3156 1788 3157 1756 3157 1753 3157 1788 3158 1759 3158 1756 3158 1789 3159 1757 3159 1754 3159 1789 3160 1754 3160 1786 3160 1790 3161 1758 3161 1755 3161 1790 3162 1755 3162 1787 3162 1791 3163 1759 3163 1788 3163 1792 3164 1757 3164 1789 3164 1792 3165 1760 3165 1757 3165 1793 3166 1761 3166 1758 3166 1793 3167 1758 3167 1790 3167 1794 3168 1759 3168 1791 3168 1794 3169 1762 3169 1759 3169 1795 3170 1760 3170 1792 3170 1795 3171 1763 3171 1760 3171 1796 3172 1761 3172 1793 3172 1796 3173 1764 3173 1761 3173 1796 3174 1768 3174 1764 3174 1797 3175 1766 3175 1765 3175 1797 3176 1798 3176 1766 3176 1797 3177 1762 3177 1794 3177 1797 3178 1765 3178 1762 3178 1799 3179 1763 3179 1795 3179 1799 3180 1767 3180 1763 3180 1800 3181 1768 3181 1796 3181 1801 3182 1769 3182 1767 3182 1801 3183 1767 3183 1799 3183 1802 3184 1770 3184 1768 3184 1802 3185 1768 3185 1800 3185 1803 3186 1769 3186 1801 3186 1803 3187 1771 3187 1769 3187 1804 3188 1772 3188 1770 3188 1804 3189 1774 3189 1772 3189 1804 3190 1770 3190 1802 3190 1805 3191 1773 3191 1771 3191 1805 3192 1771 3192 1803 3192 1806 3193 1776 3193 1774 3193 1806 3194 1774 3194 1804 3194 1807 3195 1775 3195 1773 3195 1807 3196 1773 3196 1805 3196 1808 3197 1776 3197 1806 3197 1809 3198 1775 3198 1807 3198 1809 3199 1777 3199 1775 3199 1810 3200 1778 3200 1776 3200 1810 3201 1776 3201 1808 3201 1811 3202 1779 3202 1777 3202 1811 3203 1781 3203 1779 3203 1811 3204 1777 3204 1809 3204 1812 3205 1778 3205 1810 3205 1812 3206 1780 3206 1778 3206 1812 3207 1782 3207 1780 3207 1813 3208 1781 3208 1811 3208 1814 3209 1782 3209 1812 3209 1814 3210 1785 3210 1782 3210 1815 3211 1751 3211 1816 3211 1815 3212 1783 3212 1751 3212 1817 3213 1784 3213 1781 3213 1817 3214 1781 3214 1813 3214 1818 3215 1785 3215 1814 3215 1819 3216 1786 3216 1783 3216 1819 3217 1783 3217 1815 3217 1820 3218 1787 3218 1784 3218 1820 3219 1784 3219 1817 3219 1820 3220 1790 3220 1787 3220 1821 3221 1785 3221 1818 3221 1821 3222 1788 3222 1785 3222 1821 3223 1791 3223 1788 3223 1822 3224 1789 3224 1786 3224 1822 3225 1786 3225 1819 3225 1823 3226 1790 3226 1820 3226 1824 3227 1791 3227 1821 3227 1824 3228 1794 3228 1791 3228 1825 3229 1789 3229 1822 3229 1825 3230 1792 3230 1789 3230 1826 3231 1793 3231 1790 3231 1826 3232 1790 3232 1823 3232 1827 3233 1794 3233 1824 3233 1828 3234 1792 3234 1825 3234 1828 3235 1795 3235 1792 3235 1828 3236 1799 3236 1795 3236 1829 3237 1793 3237 1826 3237 1829 3238 1796 3238 1793 3238 1830 3239 1831 3239 1798 3239 1830 3240 1794 3240 1827 3240 1830 3241 1797 3241 1794 3241 1830 3242 1798 3242 1797 3242 1832 3243 1799 3243 1828 3243 1833 3244 1796 3244 1829 3244 1833 3245 1800 3245 1796 3245 1834 3246 1801 3246 1799 3246 1834 3247 1799 3247 1832 3247 1835 3248 1800 3248 1833 3248 1835 3249 1802 3249 1800 3249 1836 3250 1803 3250 1801 3250 1836 3251 1801 3251 1834 3251 1837 3252 1802 3252 1835 3252 1837 3253 1804 3253 1802 3253 1838 3254 1805 3254 1803 3254 1838 3255 1803 3255 1836 3255 1839 3256 1806 3256 1804 3256 1839 3257 1804 3257 1837 3257 1840 3258 1807 3258 1805 3258 1840 3259 1805 3259 1838 3259 1841 3260 1808 3260 1806 3260 1841 3261 1806 3261 1839 3261 1842 3262 1807 3262 1840 3262 1842 3263 1809 3263 1807 3263 1843 3264 1810 3264 1808 3264 1843 3265 1808 3265 1841 3265 1844 3266 1809 3266 1842 3266 1844 3267 1811 3267 1809 3267 1845 3268 1810 3268 1843 3268 1845 3269 1812 3269 1810 3269 1846 3270 1811 3270 1844 3270 1846 3271 1813 3271 1811 3271 1847 3272 1814 3272 1812 3272 1847 3273 1812 3273 1845 3273 1848 3274 1816 3274 1849 3274 1848 3275 1815 3275 1816 3275 1850 3276 1817 3276 1813 3276 1850 3277 1813 3277 1846 3277 1851 3278 1814 3278 1847 3278 1851 3279 1818 3279 1814 3279 1852 3280 1822 3280 1819 3280 1852 3281 1815 3281 1848 3281 1852 3282 1819 3282 1815 3282 1853 3283 1823 3283 1820 3283 1853 3284 1817 3284 1850 3284 1853 3285 1820 3285 1817 3285 1854 3286 1821 3286 1818 3286 1854 3287 1818 3287 1851 3287 1855 3288 1825 3288 1822 3288 1855 3289 1822 3289 1852 3289 1856 3290 1823 3290 1853 3290 1857 3291 1821 3291 1854 3291 1857 3292 1824 3292 1821 3292 1857 3293 1827 3293 1824 3293 1858 3294 1825 3294 1855 3294 1859 3295 1823 3295 1856 3295 1859 3296 1826 3296 1823 3296 1860 3297 1827 3297 1857 3297 1861 3298 1825 3298 1858 3298 1861 3299 1828 3299 1825 3299 1861 3300 1832 3300 1828 3300 1862 3301 1826 3301 1859 3301 1862 3302 1829 3302 1826 3302 1863 3303 1864 3303 1831 3303 1863 3304 1827 3304 1860 3304 1863 3305 1831 3305 1830 3305 1863 3306 1830 3306 1827 3306 1865 3307 1832 3307 1861 3307 1866 3308 1829 3308 1862 3308 1866 3309 1833 3309 1829 3309 1867 3310 1834 3310 1832 3310 1867 3311 1832 3311 1865 3311 1867 3312 1836 3312 1834 3312 1868 3313 1833 3313 1866 3313 1868 3314 1835 3314 1833 3314 1869 3315 1838 3315 1836 3315 1869 3316 1836 3316 1867 3316 1870 3317 1837 3317 1835 3317 1870 3318 1839 3318 1837 3318 1870 3319 1835 3319 1868 3319 1871 3320 1838 3320 1869 3320 1872 3321 1839 3321 1870 3321 1873 3322 1840 3322 1838 3322 1873 3323 1838 3323 1871 3323 1873 3324 1842 3324 1840 3324 1874 3325 1841 3325 1839 3325 1874 3326 1839 3326 1872 3326 1875 3327 1844 3327 1842 3327 1875 3328 1842 3328 1873 3328 1876 3329 1843 3329 1841 3329 1876 3330 1841 3330 1874 3330 1877 3331 1844 3331 1875 3331 1877 3332 1846 3332 1844 3332 1878 3333 1845 3333 1843 3333 1878 3334 1847 3334 1845 3334 1878 3335 1843 3335 1876 3335 1879 3336 1846 3336 1877 3336 1880 3337 1847 3337 1878 3337 1881 3338 1849 3338 1882 3338 1881 3339 1848 3339 1849 3339 1883 3340 1846 3340 1879 3340 1883 3341 1850 3341 1846 3341 1884 3342 1847 3342 1880 3342 1884 3343 1851 3343 1847 3343 1885 3344 1852 3344 1848 3344 1885 3345 1848 3345 1881 3345 1886 3346 1850 3346 1883 3346 1886 3347 1856 3347 1853 3347 1886 3348 1853 3348 1850 3348 1887 3349 1851 3349 1884 3349 1887 3350 1854 3350 1851 3350 1887 3351 1857 3351 1854 3351 1888 3352 1852 3352 1885 3352 1888 3353 1855 3353 1852 3353 1889 3354 1856 3354 1886 3354 1890 3355 1857 3355 1887 3355 1891 3356 1855 3356 1888 3356 1891 3357 1858 3357 1855 3357 1892 3358 1856 3358 1889 3358 1892 3359 1859 3359 1856 3359 1893 3360 1860 3360 1857 3360 1893 3361 1857 3361 1890 3361 1894 3362 1858 3362 1891 3362 1894 3363 1861 3363 1858 3363 1895 3364 1859 3364 1892 3364 1895 3365 1862 3365 1859 3365 1895 3366 1866 3366 1862 3366 1896 3367 1897 3367 1864 3367 1896 3368 1860 3368 1893 3368 1896 3369 1864 3369 1863 3369 1896 3370 1863 3370 1860 3370 1898 3371 1861 3371 1894 3371 1898 3372 1865 3372 1861 3372 1899 3373 1868 3373 1866 3373 1899 3374 1866 3374 1895 3374 1900 3375 1867 3375 1865 3375 1900 3376 1865 3376 1898 3376 1901 3377 1868 3377 1899 3377 1902 3378 1867 3378 1900 3378 1902 3379 1869 3379 1867 3379 1903 3380 1868 3380 1901 3380 1903 3381 1870 3381 1868 3381 1903 3382 1872 3382 1870 3382 1904 3383 1871 3383 1869 3383 1904 3384 1869 3384 1902 3384 1905 3385 1872 3385 1903 3385 1905 3386 1874 3386 1872 3386 1906 3387 1871 3387 1904 3387 1906 3388 1873 3388 1871 3388 1907 3389 1874 3389 1905 3389 1908 3390 1875 3390 1873 3390 1908 3391 1873 3391 1906 3391 1909 3392 1876 3392 1874 3392 1909 3393 1878 3393 1876 3393 1909 3394 1874 3394 1907 3394 1910 3395 1877 3395 1875 3395 1910 3396 1875 3396 1908 3396 1911 3397 1878 3397 1909 3397 1912 3398 1877 3398 1910 3398 1912 3399 1879 3399 1877 3399 1913 3400 1880 3400 1878 3400 1913 3401 1878 3401 1911 3401 1913 3402 1884 3402 1880 3402 1914 3403 1882 3403 1915 3403 1914 3404 1881 3404 1882 3404 1916 3405 1883 3405 1879 3405 1916 3406 1879 3406 1912 3406 1917 3407 1884 3407 1913 3407 1918 3408 1885 3408 1881 3408 1918 3409 1888 3409 1885 3409 1918 3410 1881 3410 1914 3410 1919 3411 1883 3411 1916 3411 1919 3412 1886 3412 1883 3412 1920 3413 1884 3413 1917 3413 1920 3414 1887 3414 1884 3414 1920 3415 1890 3415 1887 3415 1921 3416 1888 3416 1918 3416 1921 3417 1891 3417 1888 3417 1922 3418 1886 3418 1919 3418 1922 3419 1889 3419 1886 3419 1923 3420 1890 3420 1920 3420 1924 3421 1891 3421 1921 3421 1925 3422 1892 3422 1889 3422 1925 3423 1889 3423 1922 3423 1926 3424 1890 3424 1923 3424 1926 3425 1893 3425 1890 3425 1927 3426 1891 3426 1924 3426 1927 3427 1894 3427 1891 3427 1928 3428 1895 3428 1892 3428 1928 3429 1892 3429 1925 3429 1929 3430 1930 3430 1897 3430 1929 3431 1893 3431 1926 3431 1929 3432 1897 3432 1896 3432 1929 3433 1896 3433 1893 3433 1931 3434 1898 3434 1894 3434 1931 3435 1900 3435 1898 3435 1931 3436 1894 3436 1927 3436 1932 3437 1895 3437 1928 3437 1932 3438 1899 3438 1895 3438 1933 3439 1900 3439 1931 3439 1934 3440 1901 3440 1899 3440 1934 3441 1899 3441 1932 3441 1935 3442 1902 3442 1900 3442 1935 3443 1900 3443 1933 3443 1936 3444 1901 3444 1934 3444 1936 3445 1903 3445 1901 3445 1937 3446 1902 3446 1935 3446 1937 3447 1906 3447 1904 3447 1937 3448 1904 3448 1902 3448 1938 3449 1903 3449 1936 3449 1938 3450 1905 3450 1903 3450 1939 3451 1906 3451 1937 3451 1940 3452 1905 3452 1938 3452 1940 3453 1907 3453 1905 3453 1941 3454 1906 3454 1939 3454 1941 3455 1908 3455 1906 3455 1941 3456 1910 3456 1908 3456 1942 3457 1907 3457 1940 3457 1942 3458 1909 3458 1907 3458 1943 3459 1910 3459 1941 3459 1944 3460 1911 3460 1909 3460 1944 3461 1909 3461 1942 3461 1945 3462 1916 3462 1912 3462 1945 3463 1910 3463 1943 3463 1945 3464 1912 3464 1910 3464 1946 3465 1913 3465 1911 3465 1946 3466 1911 3466 1944 3466 1947 3467 1915 3467 1948 3467 1947 3468 1914 3468 1915 3468 1949 3469 1916 3469 1945 3469 1950 3470 1917 3470 1913 3470 1950 3471 1913 3471 1946 3471 1951 3472 1918 3472 1914 3472 1951 3473 1914 3473 1947 3473 1952 3474 1919 3474 1916 3474 1952 3475 1916 3475 1949 3475 1953 3476 1920 3476 1917 3476 1953 3477 1917 3477 1950 3477 1954 3478 1918 3478 1951 3478 1954 3479 1921 3479 1918 3479 1955 3480 1919 3480 1952 3480 1955 3481 1922 3481 1919 3481 1955 3482 1925 3482 1922 3482 1956 3483 1920 3483 1953 3483 1956 3484 1923 3484 1920 3484 1957 3485 1921 3485 1954 3485 1957 3486 1924 3486 1921 3486 1958 3487 1925 3487 1955 3487 1959 3488 1923 3488 1956 3488 1959 3489 1926 3489 1923 3489 1960 3490 1924 3490 1957 3490 1960 3491 1927 3491 1924 3491 1961 3492 1925 3492 1958 3492 1961 3493 1928 3493 1925 3493 1962 3494 1926 3494 1959 3494 1962 3495 1963 3495 1930 3495 1962 3496 1929 3496 1926 3496 1962 3497 1964 3497 1963 3497 1962 3498 1930 3498 1929 3498 1965 3499 1927 3499 1960 3499 1965 3500 1931 3500 1927 3500 1966 3501 1928 3501 1961 3501 1966 3502 1934 3502 1932 3502 1966 3503 1932 3503 1928 3503 1967 3504 1935 3504 1933 3504 1967 3505 1931 3505 1965 3505 1967 3506 1933 3506 1931 3506 1968 3507 1934 3507 1966 3507 1969 3508 1935 3508 1967 3508 1970 3509 1938 3509 1936 3509 1970 3510 1934 3510 1968 3510 1970 3511 1936 3511 1934 3511 1971 3512 1935 3512 1969 3512 1971 3513 1937 3513 1935 3513 1972 3514 1938 3514 1970 3514 1972 3515 1940 3515 1938 3515 1973 3516 1937 3516 1971 3516 1973 3517 1939 3517 1937 3517 1974 3518 1940 3518 1972 3518 1975 3519 1941 3519 1939 3519 1975 3520 1939 3520 1973 3520 1976 3521 1942 3521 1940 3521 1976 3522 1940 3522 1974 3522 1976 3523 1944 3523 1942 3523 1977 3524 1941 3524 1975 3524 1977 3525 1943 3525 1941 3525 1978 3526 1946 3526 1944 3526 1978 3527 1944 3527 1976 3527 1979 3528 1943 3528 1977 3528 1979 3529 1945 3529 1943 3529 1980 3530 1946 3530 1978 3530 1981 3531 1948 3531 1982 3531 1981 3532 1947 3532 1948 3532 1983 3533 1949 3533 1945 3533 1983 3534 1945 3534 1979 3534 1984 3535 1953 3535 1950 3535 1984 3536 1946 3536 1980 3536 1984 3537 1950 3537 1946 3537 1985 3538 1947 3538 1981 3538 1985 3539 1951 3539 1947 3539 1986 3540 1952 3540 1949 3540 1986 3541 1949 3541 1983 3541 1987 3542 1953 3542 1984 3542 1988 3543 1951 3543 1985 3543 1988 3544 1954 3544 1951 3544 1989 3545 1955 3545 1952 3545 1989 3546 1952 3546 1986 3546 1990 3547 1953 3547 1987 3547 1990 3548 1956 3548 1953 3548 1990 3549 1959 3549 1956 3549 1991 3550 1954 3550 1988 3550 1991 3551 1957 3551 1954 3551 1992 3552 1958 3552 1955 3552 1992 3553 1955 3553 1989 3553 1993 3554 1959 3554 1990 3554 1993 3555 1962 3555 1959 3555 1994 3556 1960 3556 1957 3556 1994 3557 1957 3557 1991 3557 1995 3558 1958 3558 1992 3558 1995 3559 1961 3559 1958 3559 1996 3560 1962 3560 1993 3560 1996 3561 1964 3561 1962 3561 1997 3562 1960 3562 1994 3562 1997 3563 1965 3563 1960 3563 1998 3564 1966 3564 1961 3564 1998 3565 1961 3565 1995 3565 1999 3566 1965 3566 1997 3566 1999 3567 1967 3567 1965 3567 1999 3568 1969 3568 1967 3568 2000 3569 1968 3569 1966 3569 2000 3570 1966 3570 1998 3570 2001 3571 1969 3571 1999 3571 2002 3572 1970 3572 1968 3572 2002 3573 1968 3573 2000 3573 2003 3574 1969 3574 2001 3574 2003 3575 1971 3575 1969 3575 2004 3576 1970 3576 2002 3576 2004 3577 1972 3577 1970 3577 2005 3578 1971 3578 2003 3578 2005 3579 1973 3579 1971 3579 2006 3580 1972 3580 2004 3580 2006 3581 1974 3581 1972 3581 2007 3582 1973 3582 2005 3582 2007 3583 1975 3583 1973 3583 2008 3584 1974 3584 2006 3584 2008 3585 1976 3585 1974 3585 2009 3586 1975 3586 2007 3586 2009 3587 1977 3587 1975 3587 2010 3588 1976 3588 2008 3588 2010 3589 1978 3589 1976 3589 2010 3590 1980 3590 1978 3590 2011 3591 1977 3591 2009 3591 2011 3592 1979 3592 1977 3592 2012 3593 1980 3593 2010 3593 2013 3594 1982 3594 2014 3594 2013 3595 1981 3595 1982 3595 2015 3596 1979 3596 2011 3596 2015 3597 1983 3597 1979 3597 2016 3598 1987 3598 1984 3598 2016 3599 1984 3599 1980 3599 2016 3600 1980 3600 2012 3600 2017 3601 1985 3601 1981 3601 2017 3602 1981 3602 2013 3602 2017 3603 1988 3603 1985 3603 2018 3604 1986 3604 1983 3604 2018 3605 1983 3605 2015 3605 2019 3606 1990 3606 1987 3606 2019 3607 1987 3607 2016 3607 2020 3608 1991 3608 1988 3608 2020 3609 1988 3609 2017 3609 2021 3610 1986 3610 2018 3610 2021 3611 1989 3611 1986 3611 2022 3612 1990 3612 2019 3612 2023 3613 1991 3613 2020 3613 2024 3614 1992 3614 1989 3614 2024 3615 1989 3615 2021 3615 2025 3616 1990 3616 2022 3616 2025 3617 1993 3617 1990 3617 2026 3618 1997 3618 1994 3618 2026 3619 1991 3619 2023 3619 2026 3620 1994 3620 1991 3620 2027 3621 1992 3621 2024 3621 2027 3622 1995 3622 1992 3622 2028 3623 1993 3623 2025 3623 2028 3624 1996 3624 1993 3624 2028 3625 1964 3625 1996 3625 2028 3626 2029 3626 1964 3626 2030 3627 1997 3627 2026 3627 2031 3628 1995 3628 2027 3628 2031 3629 1998 3629 1995 3629 2032 3630 1999 3630 1997 3630 2032 3631 1997 3631 2030 3631 2033 3632 2000 3632 1998 3632 2033 3633 1998 3633 2031 3633 2034 3634 1999 3634 2032 3634 2034 3635 2001 3635 1999 3635 2034 3636 2003 3636 2001 3636 2035 3637 2000 3637 2033 3637 2035 3638 2002 3638 2000 3638 2036 3639 2003 3639 2034 3639 2037 3640 2002 3640 2035 3640 2037 3641 2004 3641 2002 3641 2038 3642 2003 3642 2036 3642 2038 3643 2005 3643 2003 3643 2038 3644 2007 3644 2005 3644 2039 3645 2004 3645 2037 3645 2039 3646 2006 3646 2004 3646 2040 3647 2009 3647 2007 3647 2040 3648 2007 3648 2038 3648 2041 3649 2006 3649 2039 3649 2041 3650 2008 3650 2006 3650 2042 3651 2009 3651 2040 3651 2042 3652 2011 3652 2009 3652 2043 3653 2008 3653 2041 3653 2043 3654 2010 3654 2008 3654 2044 3655 2011 3655 2042 3655 2045 3656 2010 3656 2043 3656 2045 3657 2012 3657 2010 3657 2046 3658 2014 3658 2047 3658 2046 3659 2013 3659 2014 3659 2048 3660 2011 3660 2044 3660 2048 3661 2015 3661 2011 3661 2049 3662 2012 3662 2045 3662 2049 3663 2016 3663 2012 3663 2050 3664 2013 3664 2046 3664 2050 3665 2017 3665 2013 3665 2051 3666 2018 3666 2015 3666 2051 3667 2015 3667 2048 3667 2052 3668 2019 3668 2016 3668 2052 3669 2016 3669 2049 3669 2053 3670 2020 3670 2017 3670 2053 3671 2017 3671 2050 3671 2054 3672 2018 3672 2051 3672 2054 3673 2021 3673 2018 3673 2054 3674 2024 3674 2021 3674 2055 3675 2022 3675 2019 3675 2055 3676 2019 3676 2052 3676 2056 3677 2023 3677 2020 3677 2056 3678 2020 3678 2053 3678 2057 3679 2024 3679 2054 3679 2058 3680 2022 3680 2055 3680 2058 3681 2025 3681 2022 3681 2058 3682 2028 3682 2025 3682 2059 3683 2023 3683 2056 3683 2059 3684 2026 3684 2023 3684 2060 3685 2027 3685 2024 3685 2060 3686 2024 3686 2057 3686 2061 3687 2028 3687 2058 3687 2061 3688 2029 3688 2028 3688 2061 3689 2062 3689 2029 3689 2063 3690 2030 3690 2026 3690 2063 3691 2026 3691 2059 3691 2064 3692 2033 3692 2031 3692 2064 3693 2027 3693 2060 3693 2064 3694 2031 3694 2027 3694 2065 3695 2032 3695 2030 3695 2065 3696 2034 3696 2032 3696 2065 3697 2030 3697 2063 3697 2066 3698 2033 3698 2064 3698 2067 3699 2036 3699 2034 3699 2067 3700 2034 3700 2065 3700 2068 3701 2035 3701 2033 3701 2068 3702 2033 3702 2066 3702 2069 3703 2036 3703 2067 3703 2070 3704 2035 3704 2068 3704 2070 3705 2037 3705 2035 3705 2070 3706 2039 3706 2037 3706 2071 3707 2038 3707 2036 3707 2071 3708 2036 3708 2069 3708 2072 3709 2039 3709 2070 3709 2073 3710 2038 3710 2071 3710 2073 3711 2040 3711 2038 3711 2074 3712 2043 3712 2041 3712 2074 3713 2039 3713 2072 3713 2074 3714 2041 3714 2039 3714 2075 3715 2042 3715 2040 3715 2075 3716 2040 3716 2073 3716 2076 3717 2043 3717 2074 3717 2076 3718 2045 3718 2043 3718 2077 3719 2044 3719 2042 3719 2077 3720 2042 3720 2075 3720 2077 3721 2048 3721 2044 3721 2078 3722 2045 3722 2076 3722 2079 3723 2047 3723 2080 3723 2079 3724 2046 3724 2047 3724 2081 3725 2048 3725 2077 3725 2082 3726 2045 3726 2078 3726 2082 3727 2049 3727 2045 3727 2082 3728 2052 3728 2049 3728 2083 3729 2050 3729 2046 3729 2083 3730 2046 3730 2079 3730 2084 3731 2048 3731 2081 3731 2084 3732 2051 3732 2048 3732 2085 3733 2055 3733 2052 3733 2085 3734 2052 3734 2082 3734 2086 3735 2056 3735 2053 3735 2086 3736 2050 3736 2083 3736 2086 3737 2053 3737 2050 3737 2087 3738 2051 3738 2084 3738 2087 3739 2054 3739 2051 3739 2088 3740 2055 3740 2085 3740 2089 3741 2056 3741 2086 3741 2090 3742 2057 3742 2054 3742 2090 3743 2054 3743 2087 3743 2091 3744 2058 3744 2055 3744 2091 3745 2061 3745 2058 3745 2091 3746 2055 3746 2088 3746 2092 3747 2059 3747 2056 3747 2092 3748 2056 3748 2089 3748 2093 3749 2057 3749 2090 3749 2093 3750 2060 3750 2057 3750 2094 3751 2062 3751 2061 3751 2094 3752 2095 3752 2062 3752 2094 3753 2061 3753 2091 3753 2096 3754 2063 3754 2059 3754 2096 3755 2059 3755 2092 3755 2097 3756 2060 3756 2093 3756 2097 3757 2064 3757 2060 3757 2098 3758 2063 3758 2096 3758 2098 3759 2065 3759 2063 3759 2099 3760 2066 3760 2064 3760 2099 3761 2064 3761 2097 3761 2100 3762 2067 3762 2065 3762 2100 3763 2065 3763 2098 3763 2101 3764 2066 3764 2099 3764 2101 3765 2068 3765 2066 3765 2102 3766 2067 3766 2100 3766 2102 3767 2069 3767 2067 3767 2103 3768 2070 3768 2068 3768 2103 3769 2068 3769 2101 3769 2104 3770 2071 3770 2069 3770 2104 3771 2069 3771 2102 3771 2105 3772 2070 3772 2103 3772 2105 3773 2072 3773 2070 3773 2106 3774 2071 3774 2104 3774 2106 3775 2073 3775 2071 3775 2107 3776 2074 3776 2072 3776 2107 3777 2072 3777 2105 3777 2108 3778 2073 3778 2106 3778 2108 3779 2075 3779 2073 3779 2109 3780 2076 3780 2074 3780 2109 3781 2074 3781 2107 3781 2110 3782 2077 3782 2075 3782 2110 3783 2075 3783 2108 3783 2111 3784 2076 3784 2109 3784 2111 3785 2078 3785 2076 3785 2112 3786 2080 3786 2113 3786 2112 3787 2079 3787 2080 3787 2114 3788 2077 3788 2110 3788 2114 3789 2081 3789 2077 3789 2115 3790 2078 3790 2111 3790 2115 3791 2082 3791 2078 3791 2116 3792 2083 3792 2079 3792 2116 3793 2079 3793 2112 3793 2116 3794 2086 3794 2083 3794 2117 3795 2081 3795 2114 3795 2117 3796 2084 3796 2081 3796 2118 3797 2082 3797 2115 3797 2118 3798 2085 3798 2082 3798 2119 3799 2086 3799 2116 3799 2120 3800 2084 3800 2117 3800 2120 3801 2087 3801 2084 3801 2121 3802 2085 3802 2118 3802 2121 3803 2088 3803 2085 3803 2122 3804 2086 3804 2119 3804 2122 3805 2089 3805 2086 3805 2123 3806 2090 3806 2087 3806 2123 3807 2087 3807 2120 3807 2124 3808 2091 3808 2088 3808 2124 3809 2088 3809 2121 3809 2125 3810 2096 3810 2092 3810 2125 3811 2092 3811 2089 3811 2125 3812 2089 3812 2122 3812 2126 3813 2090 3813 2123 3813 2126 3814 2093 3814 2090 3814 2127 3815 2094 3815 2091 3815 2127 3816 2095 3816 2094 3816 2127 3817 2128 3817 2095 3817 2127 3818 2091 3818 2124 3818 2129 3819 2096 3819 2125 3819 2129 3820 2098 3820 2096 3820 2130 3821 2097 3821 2093 3821 2130 3822 2093 3822 2126 3822 2131 3823 2098 3823 2129 3823 2132 3824 2099 3824 2097 3824 2132 3825 2097 3825 2130 3825 2133 3826 2100 3826 2098 3826 2133 3827 2098 3827 2131 3827 2134 3828 2099 3828 2132 3828 2134 3829 2101 3829 2099 3829 2135 3830 2100 3830 2133 3830 2135 3831 2102 3831 2100 3831 2136 3832 2101 3832 2134 3832 2136 3833 2103 3833 2101 3833 2137 3834 2102 3834 2135 3834 2137 3835 2106 3835 2104 3835 2137 3836 2104 3836 2102 3836 2138 3837 2103 3837 2136 3837 2138 3838 2105 3838 2103 3838 2139 3839 2106 3839 2137 3839 2139 3840 2108 3840 2106 3840 2140 3841 2105 3841 2138 3841 2140 3842 2107 3842 2105 3842 2141 3843 2108 3843 2139 3843 2142 3844 2107 3844 2140 3844 2142 3845 2109 3845 2107 3845 2142 3846 2111 3846 2109 3846 2143 3847 2110 3847 2108 3847 2143 3848 2108 3848 2141 3848 2144 3849 2111 3849 2142 3849 2145 3850 2113 3850 2146 3850 2145 3851 2112 3851 2113 3851 2147 3852 2114 3852 2110 3852 2147 3853 2110 3853 2143 3853 2147 3854 2117 3854 2114 3854 2148 3855 2111 3855 2144 3855 2148 3856 2115 3856 2111 3856 2148 3857 2118 3857 2115 3857 2149 3858 2116 3858 2112 3858 2149 3859 2112 3859 2145 3859 2150 3860 2117 3860 2147 3860 2151 3861 2118 3861 2148 3861 2151 3862 2121 3862 2118 3862 2152 3863 2119 3863 2116 3863 2152 3864 2116 3864 2149 3864 2153 3865 2123 3865 2120 3865 2153 3866 2117 3866 2150 3866 2153 3867 2120 3867 2117 3867 2154 3868 2121 3868 2151 3868 2155 3869 2119 3869 2152 3869 2155 3870 2122 3870 2119 3870 2156 3871 2123 3871 2153 3871 2157 3872 2127 3872 2124 3872 2157 3873 2121 3873 2154 3873 2157 3874 2124 3874 2121 3874 2158 3875 2125 3875 2122 3875 2158 3876 2122 3876 2155 3876 2159 3877 2126 3877 2123 3877 2159 3878 2123 3878 2156 3878 2160 3879 2128 3879 2127 3879 2160 3880 2161 3880 2128 3880 2160 3881 2127 3881 2157 3881 2162 3882 2129 3882 2125 3882 2162 3883 2125 3883 2158 3883 2163 3884 2130 3884 2126 3884 2163 3885 2126 3885 2159 3885 2163 3886 2132 3886 2130 3886 2164 3887 2131 3887 2129 3887 2164 3888 2129 3888 2162 3888 2165 3889 2132 3889 2163 3889 2166 3890 2133 3890 2131 3890 2166 3891 2131 3891 2164 3891 2167 3892 2134 3892 2132 3892 2167 3893 2132 3893 2165 3893 2168 3894 2135 3894 2133 3894 2168 3895 2133 3895 2166 3895 2169 3896 2136 3896 2134 3896 2169 3897 2138 3897 2136 3897 2169 3898 2134 3898 2167 3898 2170 3899 2137 3899 2135 3899 2170 3900 2135 3900 2168 3900 2171 3901 2138 3901 2169 3901 2172 3902 2139 3902 2137 3902 2172 3903 2137 3903 2170 3903 2173 3904 2138 3904 2171 3904 2173 3905 2140 3905 2138 3905 2173 3906 2142 3906 2140 3906 2174 3907 2139 3907 2172 3907 2174 3908 2141 3908 2139 3908 2175 3909 2142 3909 2173 3909 2176 3910 2141 3910 2174 3910 2176 3911 2143 3911 2141 3911 2176 3912 2147 3912 2143 3912 2177 3913 2142 3913 2175 3913 2177 3914 2144 3914 2142 3914 2178 3915 2146 3915 2179 3915 2178 3916 2149 3916 2145 3916 2178 3917 2145 3917 2146 3917 2180 3918 2147 3918 2176 3918 2181 3919 2144 3919 2177 3919 2181 3920 2148 3920 2144 3920 2181 3921 2151 3921 2148 3921 2182 3922 2149 3922 2178 3922 2183 3923 2150 3923 2147 3923 2183 3924 2147 3924 2180 3924 2184 3925 2151 3925 2181 3925 2185 3926 2149 3926 2182 3926 2185 3927 2152 3927 2149 3927 2186 3928 2150 3928 2183 3928 2186 3929 2153 3929 2150 3929 2187 3930 2151 3930 2184 3930 2187 3931 2154 3931 2151 3931 2187 3932 2157 3932 2154 3932 2188 3933 2152 3933 2185 3933 2188 3934 2155 3934 2152 3934 2189 3935 2156 3935 2153 3935 2189 3936 2153 3936 2186 3936 2190 3937 2157 3937 2187 3937 2191 3938 2155 3938 2188 3938 2191 3939 2158 3939 2155 3939 2192 3940 2156 3940 2189 3940 2192 3941 2159 3941 2156 3941 2193 3942 2194 3942 2161 3942 2193 3943 2157 3943 2190 3943 2193 3944 2161 3944 2160 3944 2193 3945 2160 3945 2157 3945 2195 3946 2162 3946 2158 3946 2195 3947 2158 3947 2191 3947 2196 3948 2163 3948 2159 3948 2196 3949 2159 3949 2192 3949 2197 3950 2164 3950 2162 3950 2197 3951 2166 3951 2164 3951 2197 3952 2162 3952 2195 3952 2198 3953 2165 3953 2163 3953 2198 3954 2163 3954 2196 3954 2199 3955 2166 3955 2197 3955 2200 3956 2167 3956 2165 3956 2200 3957 2165 3957 2198 3957 2201 3958 2166 3958 2199 3958 2201 3959 2168 3959 2166 3959 2202 3960 2169 3960 2167 3960 2202 3961 2167 3961 2200 3961 2203 3962 2170 3962 2168 3962 2203 3963 2168 3963 2201 3963 2204 3964 2169 3964 2202 3964 2204 3965 2171 3965 2169 3965 2205 3966 2172 3966 2170 3966 2205 3967 2170 3967 2203 3967 2206 3968 2171 3968 2204 3968 2206 3969 2173 3969 2171 3969 2207 3970 2174 3970 2172 3970 2207 3971 2172 3971 2205 3971 2208 3972 2173 3972 2206 3972 2208 3973 2175 3973 2173 3973 2208 3974 2177 3974 2175 3974 2209 3975 2176 3975 2174 3975 2209 3976 2174 3976 2207 3976 2210 3977 2177 3977 2208 3977 2211 3978 2179 3978 2212 3978 2211 3979 2178 3979 2179 3979 2213 3980 2176 3980 2209 3980 2213 3981 2180 3981 2176 3981 2214 3982 2177 3982 2210 3982 2214 3983 2181 3983 2177 3983 2215 3984 2182 3984 2178 3984 2215 3985 2178 3985 2211 3985 2216 3986 2180 3986 2213 3986 2216 3987 2183 3987 2180 3987 2217 3988 2181 3988 2214 3988 2217 3989 2184 3989 2181 3989 2218 3990 2185 3990 2182 3990 2218 3991 2182 3991 2215 3991 2219 3992 2183 3992 2216 3992 2219 3993 2186 3993 2183 3993 2220 3994 2184 3994 2217 3994 2220 3995 2187 3995 2184 3995 2220 3996 2190 3996 2187 3996 2221 3997 2185 3997 2218 3997 2221 3998 2188 3998 2185 3998 2222 3999 2186 3999 2219 3999 2222 4000 2189 4000 2186 4000 2223 4001 2190 4001 2220 4001 2223 4002 2193 4002 2190 4002 2224 4003 2188 4003 2221 4003 2224 4004 2191 4004 2188 4004 2224 4005 2195 4005 2191 4005 2225 4006 2189 4006 2222 4006 2225 4007 2192 4007 2189 4007 2226 4008 2227 4008 2194 4008 2226 4009 2193 4009 2223 4009 2226 4010 2194 4010 2193 4010 2228 4011 2195 4011 2224 4011 2228 4012 2197 4012 2195 4012 2229 4013 2192 4013 2225 4013 2229 4014 2196 4014 2192 4014 2230 4015 2197 4015 2228 4015 2231 4016 2198 4016 2196 4016 2231 4017 2196 4017 2229 4017 2232 4018 2197 4018 2230 4018 2232 4019 2199 4019 2197 4019 2233 4020 2200 4020 2198 4020 2233 4021 2198 4021 2231 4021 2234 4022 2201 4022 2199 4022 2234 4023 2199 4023 2232 4023 2235 4024 2202 4024 2200 4024 2235 4025 2200 4025 2233 4025 2236 4026 2203 4026 2201 4026 2236 4027 2205 4027 2203 4027 2236 4028 2201 4028 2234 4028 2237 4029 2204 4029 2202 4029 2237 4030 2202 4030 2235 4030 2238 4031 2205 4031 2236 4031 2239 4032 2206 4032 2204 4032 2239 4033 2204 4033 2237 4033 2240 4034 2207 4034 2205 4034 2240 4035 2205 4035 2238 4035 2241 4036 2206 4036 2239 4036 2241 4037 2210 4037 2208 4037 2241 4038 2208 4038 2206 4038 2242 4039 2207 4039 2240 4039 2242 4040 2209 4040 2207 4040 2243 4041 2210 4041 2241 4041 2244 4042 2212 4042 2245 4042 2244 4043 2211 4043 2212 4043 2246 4044 2216 4044 2213 4044 2246 4045 2213 4045 2209 4045 2246 4046 2209 4046 2242 4046 2247 4047 2210 4047 2243 4047 2247 4048 2214 4048 2210 4048 2248 4049 2215 4049 2211 4049 2248 4050 2211 4050 2244 4050 2249 4051 2216 4051 2246 4051 2250 4052 2214 4052 2247 4052 2250 4053 2217 4053 2214 4053 2251 4054 2221 4054 2218 4054 2251 4055 2218 4055 2215 4055 2251 4056 2215 4056 2248 4056 2252 4057 2216 4057 2249 4057 2252 4058 2219 4058 2216 4058 2253 4059 2217 4059 2250 4059 2253 4060 2220 4060 2217 4060 2254 4061 2221 4061 2251 4061 2255 4062 2219 4062 2252 4062 2255 4063 2222 4063 2219 4063 2256 4064 2220 4064 2253 4064 2256 4065 2223 4065 2220 4065 2256 4066 2226 4066 2223 4066 2257 4067 2221 4067 2254 4067 2257 4068 2224 4068 2221 4068 2258 4069 2225 4069 2222 4069 2258 4070 2222 4070 2255 4070 2259 4071 2260 4071 2227 4071 2259 4072 2261 4072 2260 4072 2259 4073 2227 4073 2226 4073 2259 4074 2226 4074 2256 4074 2262 4075 2228 4075 2224 4075 2262 4076 2224 4076 2257 4076 2263 4077 2229 4077 2225 4077 2263 4078 2225 4078 2258 4078 2264 4079 2228 4079 2262 4079 2264 4080 2230 4080 2228 4080 2265 4081 2229 4081 2263 4081 2265 4082 2231 4082 2229 4082 2266 4083 2230 4083 2264 4083 2266 4084 2232 4084 2230 4084 2267 4085 2233 4085 2231 4085 2267 4086 2231 4086 2265 4086 2268 4087 2234 4087 2232 4087 2268 4088 2232 4088 2266 4088 2269 4089 2235 4089 2233 4089 2269 4090 2237 4090 2235 4090 2269 4091 2233 4091 2267 4091 2270 4092 2236 4092 2234 4092 2270 4093 2234 4093 2268 4093 2271 4094 2237 4094 2269 4094 2272 4095 2238 4095 2236 4095 2272 4096 2236 4096 2270 4096 2273 4097 2239 4097 2237 4097 2273 4098 2241 4098 2239 4098 2273 4099 2237 4099 2271 4099 2274 4100 2240 4100 2238 4100 2274 4101 2238 4101 2272 4101 2275 4102 2241 4102 2273 4102 2276 4103 2242 4103 2240 4103 2276 4104 2240 4104 2274 4104 2277 4105 2241 4105 2275 4105 2277 4106 2243 4106 2241 4106 2278 4107 2279 4107 2280 4107 2278 4108 2245 4108 2279 4108 2278 4109 2280 4109 2281 4109 2278 4110 2244 4110 2245 4110 2282 4111 2246 4111 2242 4111 2282 4112 2242 4112 2276 4112 2283 4113 2247 4113 2243 4113 2283 4114 2243 4114 2277 4114 2283 4115 2250 4115 2247 4115 2284 4116 2278 4116 2281 4116 2284 4117 2248 4117 2244 4117 2284 4118 2251 4118 2248 4118 2284 4119 2244 4119 2278 4119 2284 4120 2281 4120 2285 4120 2284 4121 2285 4121 2286 4121 2287 4122 2246 4122 2282 4122 2287 4123 2249 4123 2246 4123 2288 4124 2250 4124 2283 4124 2289 4125 2251 4125 2284 4125 2289 4126 2284 4126 2286 4126 2290 4127 2252 4127 2249 4127 2290 4128 2249 4128 2287 4128 2291 4129 2250 4129 2288 4129 2291 4130 2253 4130 2250 4130 2291 4131 2256 4131 2253 4131 2292 4132 2289 4132 2286 4132 2292 4133 2251 4133 2289 4133 2292 4134 2254 4134 2251 4134 2292 4135 2286 4135 2293 4135 2294 4136 2252 4136 2290 4136 2294 4137 2255 4137 2252 4137 2295 4138 2256 4138 2291 4138 2296 4139 2292 4139 2293 4139 2296 4140 2257 4140 2254 4140 2296 4141 2293 4141 2297 4141 2296 4142 2297 4142 2298 4142 2296 4143 2262 4143 2257 4143 2296 4144 2254 4144 2292 4144 2299 4145 2258 4145 2255 4145 2299 4146 2255 4146 2294 4146 2300 4147 2256 4147 2295 4147 2300 4148 2261 4148 2259 4148 2300 4149 2259 4149 2256 4149 2301 4150 2262 4150 2296 4150 2301 4151 2296 4151 2298 4151 2302 4152 2258 4152 2299 4152 2302 4153 2263 4153 2258 4153 2303 4154 2262 4154 2301 4154 2303 4155 2266 4155 2264 4155 2303 4156 2298 4156 2304 4156 2303 4157 2304 4157 2305 4157 2303 4158 2264 4158 2262 4158 2303 4159 2301 4159 2298 4159 2306 4160 2263 4160 2302 4160 2306 4161 2265 4161 2263 4161 2307 4162 2303 4162 2305 4162 2307 4163 2266 4163 2303 4163 2307 4164 2268 4164 2266 4164 2308 4165 2265 4165 2306 4165 2308 4166 2267 4166 2265 4166 2309 4167 2307 4167 2305 4167 2309 4168 2305 4168 2310 4168 2309 4169 2268 4169 2307 4169 2311 4170 2267 4170 2308 4170 2311 4171 2269 4171 2267 4171 2312 4172 2270 4172 2268 4172 2312 4173 2272 4173 2270 4173 2312 4174 2268 4174 2309 4174 2312 4175 2310 4175 2313 4175 2312 4176 2313 4176 2314 4176 2312 4177 2309 4177 2310 4177 2315 4178 2271 4178 2269 4178 2315 4179 2269 4179 2311 4179 2316 4180 2312 4180 2314 4180 2316 4181 2314 4181 2317 4181 2316 4182 2272 4182 2312 4182 2316 4183 2274 4183 2272 4183 2318 4184 2273 4184 2271 4184 2318 4185 2271 4185 2315 4185 2319 4186 2274 4186 2316 4186 2319 4187 2316 4187 2317 4187 2320 4188 2275 4188 2273 4188 2320 4189 2273 4189 2318 4189 2321 4190 2282 4190 2276 4190 2321 4191 2276 4191 2274 4191 2321 4192 2274 4192 2319 4192 2321 4193 2317 4193 2322 4193 2321 4194 2319 4194 2317 4194 2323 4195 2277 4195 2275 4195 2323 4196 2275 4196 2320 4196 2324 4197 2282 4197 2321 4197 2324 4198 2321 4198 2322 4198 2324 4199 2322 4199 2325 4199 2326 4200 2277 4200 2323 4200 2326 4201 2283 4201 2277 4201 2326 4202 2288 4202 2283 4202 2327 4203 2287 4203 2282 4203 2327 4204 2325 4204 2328 4204 2327 4205 2324 4205 2325 4205 2327 4206 2282 4206 2324 4206 2329 4207 2288 4207 2326 4207 2330 4208 2294 4208 2290 4208 2330 4209 2290 4209 2287 4209 2330 4210 2287 4210 2327 4210 2330 4211 2327 4211 2328 4211 2330 4212 2328 4212 2331 4212 2330 4213 2331 4213 2332 4213 2333 4214 2288 4214 2329 4214 2333 4215 2291 4215 2288 4215 2334 4216 2294 4216 2330 4216 2334 4217 2330 4217 2332 4217 2334 4218 2299 4218 2294 4218 2335 4219 2291 4219 2333 4219 2335 4220 2295 4220 2291 4220 2336 4221 2334 4221 2332 4221 2336 4222 2299 4222 2334 4222 2336 4223 2332 4223 2337 4223 2338 4224 2295 4224 2335 4224 2338 4225 2339 4225 2261 4225 2338 4226 2300 4226 2295 4226 2338 4227 2261 4227 2300 4227 2340 4228 2306 4228 2302 4228 2340 4229 2302 4229 2299 4229 2340 4230 2337 4230 2341 4230 2340 4231 2341 4231 2342 4231 2340 4232 2299 4232 2336 4232 2340 4233 2336 4233 2337 4233 2343 4234 2306 4234 2340 4234 2343 4235 2340 4235 2342 4235 2344 4236 2343 4236 2342 4236 2344 4237 2306 4237 2343 4237 2344 4238 2308 4238 2306 4238 2344 4239 2342 4239 2345 4239 2344 4240 2345 4240 2346 4240 2344 4241 2311 4241 2308 4241 2347 4242 2344 4242 2346 4242 2347 4243 2311 4243 2344 4243 2347 4244 2315 4244 2311 4244 2347 4245 2346 4245 2348 4245 2349 4246 2315 4246 2347 4246 2349 4247 2347 4247 2348 4247 2350 4248 2318 4248 2315 4248 2350 4249 2349 4249 2348 4249 2350 4250 2315 4250 2349 4250 2350 4251 2320 4251 2318 4251 2350 4252 2348 4252 2351 4252 2350 4253 2351 4253 2352 4253 2353 4254 2323 4254 2320 4254 2353 4255 2320 4255 2350 4255 2353 4256 2350 4256 2352 4256 2354 4257 2353 4257 2352 4257 2354 4258 2323 4258 2353 4258 2354 4259 2352 4259 2355 4259 2356 4260 2326 4260 2323 4260 2356 4261 2323 4261 2354 4261 2356 4262 2354 4262 2355 4262 2356 4263 2355 4263 2357 4263 2356 4264 2357 4264 2358 4264 2359 4265 2329 4265 2326 4265 2359 4266 2333 4266 2329 4266 2359 4267 2326 4267 2356 4267 2359 4268 2356 4268 2358 4268 2360 4269 2333 4269 2359 4269 2360 4270 2359 4270 2358 4270 2360 4271 2358 4271 2361 4271 2362 4272 2335 4272 2333 4272 2362 4273 2338 4273 2335 4273 2362 4274 2333 4274 2360 4274 2362 4275 2360 4275 2361 4275 2362 4276 2361 4276 2363 4276 2362 4277 2363 4277 2364 4277 2365 4278 2339 4278 2338 4278 2365 4279 2366 4279 2339 4279 2365 4280 2367 4280 2366 4280 2365 4281 2338 4281 2362 4281 2365 4282 2362 4282 2364 4282 2365 4283 2364 4283 2367 4283 2368 4284 2280 4284 2279 4284 2368 4285 2369 4285 2280 4285 2370 4286 2279 4286 2245 4286 2370 4287 2368 4287 2279 4287 2371 4288 2245 4288 2212 4288 2371 4289 2370 4289 2245 4289 2372 4290 2212 4290 2179 4290 2372 4291 2371 4291 2212 4291 2373 4292 2179 4292 2146 4292 2373 4293 2372 4293 2179 4293 2374 4294 2146 4294 2113 4294 2374 4295 2373 4295 2146 4295 2375 4296 2113 4296 2080 4296 2375 4297 2374 4297 2113 4297 2376 4298 2080 4298 2047 4298 2376 4299 2375 4299 2080 4299 2377 4300 2047 4300 2014 4300 2377 4301 2376 4301 2047 4301 2378 4302 2014 4302 1982 4302 2378 4303 2377 4303 2014 4303 2379 4304 1982 4304 1948 4304 2379 4305 2378 4305 1982 4305 2380 4306 1948 4306 1915 4306 2380 4307 2379 4307 1948 4307 2381 4308 1915 4308 1882 4308 2381 4309 2380 4309 1915 4309 2382 4310 1882 4310 1849 4310 2382 4311 2381 4311 1882 4311 2383 4312 1849 4312 1816 4312 2383 4313 2382 4313 1849 4313 2384 4314 1816 4314 1751 4314 2384 4315 2383 4315 1816 4315 2385 4316 1751 4316 1750 4316 2385 4317 2384 4317 1751 4317 2386 4318 1750 4318 1717 4318 2386 4319 2385 4319 1750 4319 2387 4320 2386 4320 1717 4320 2387 4321 1717 4321 1652 4321 2388 4322 2387 4322 1652 4322 2388 4323 1652 4323 1619 4323 2389 4324 2388 4324 1619 4324 2389 4325 1619 4325 1586 4325 2390 4326 2389 4326 1586 4326 2390 4327 1586 4327 1585 4327 2391 4328 1585 4328 1552 4328 2391 4329 2390 4329 1585 4329 2392 4330 1552 4330 1487 4330 2392 4331 2391 4331 1552 4331 2393 4332 1487 4332 1486 4332 2393 4333 2392 4333 1487 4333 2394 4334 1486 4334 1421 4334 2394 4335 2393 4335 1486 4335 2395 4336 1421 4336 1420 4336 2395 4337 2394 4337 1421 4337 2396 4338 1420 4338 1387 4338 2396 4339 2395 4339 1420 4339 2397 4340 1387 4340 1322 4340 2397 4341 2396 4341 1387 4341 2398 4342 1322 4342 1321 4342 2398 4343 2397 4343 1322 4343 2399 4344 1321 4344 1288 4344 2399 4345 2398 4345 1321 4345 2400 4346 1288 4346 1255 4346 2400 4347 2399 4347 1288 4347 2401 4348 1255 4348 1222 4348 2401 4349 2400 4349 1255 4349 2402 4350 1222 4350 1189 4350 2402 4351 2401 4351 1222 4351 2403 4352 1189 4352 1124 4352 2403 4353 2402 4353 1189 4353 2404 4354 1124 4354 1123 4354 2404 4355 2403 4355 1124 4355 2405 4356 1123 4356 1090 4356 2405 4357 2404 4357 1123 4357 2406 4358 1090 4358 1057 4358 2406 4359 2405 4359 1090 4359 2407 4360 1057 4360 1024 4360 2407 4361 2406 4361 1057 4361 2408 4362 1024 4362 991 4362 2408 4363 2407 4363 1024 4363 2409 4364 991 4364 958 4364 2409 4365 2408 4365 991 4365 2410 4366 958 4366 925 4366 2410 4367 2409 4367 958 4367 2411 4368 2410 4368 925 4368 2411 4369 925 4369 892 4369 2412 4370 2411 4370 892 4370 2412 4371 892 4371 827 4371 2413 4372 2412 4372 827 4372 2413 4373 827 4373 826 4373 2414 4374 2413 4374 826 4374 2414 4375 826 4375 761 4375 2415 4376 2414 4376 761 4376 2415 4377 761 4377 760 4377 2416 4378 2415 4378 760 4378 2416 4379 760 4379 727 4379 2417 4380 2416 4380 727 4380 2417 4381 727 4381 694 4381 2418 4382 2417 4382 694 4382 2418 4383 694 4383 661 4383 2419 4384 2418 4384 661 4384 2419 4385 661 4385 628 4385 2420 4386 2419 4386 628 4386 2420 4387 628 4387 563 4387 2421 4388 2420 4388 563 4388 2421 4389 563 4389 562 4389 2422 4390 2421 4390 562 4390 2422 4391 562 4391 529 4391 2423 4392 2422 4392 529 4392 2423 4393 529 4393 496 4393 2424 4394 496 4394 463 4394 2424 4395 2423 4395 496 4395 2425 4396 463 4396 430 4396 2425 4397 2424 4397 463 4397 2426 4398 430 4398 397 4398 2426 4399 2425 4399 430 4399 2427 4400 397 4400 364 4400 2427 4401 2426 4401 397 4401 2428 4402 364 4402 325 4402 2428 4403 2427 4403 364 4403 2429 4404 325 4404 285 4404 2429 4405 2428 4405 325 4405 2430 4406 285 4406 259 4406 2430 4407 2429 4407 285 4407 2431 4408 259 4408 258 4408 2431 4409 2430 4409 259 4409 2432 4410 2433 4410 2434 4410 2434 4411 2433 4411 2435 4411 2435 4412 2436 4412 2437 4412 2433 4413 2436 4413 2435 4413 2437 4414 2438 4414 2439 4414 2436 4415 2438 4415 2437 4415 2439 4416 2440 4416 2441 4416 2441 4417 2440 4417 2442 4417 2438 4418 2440 4418 2439 4418 2440 4419 2443 4419 2442 4419 2442 4420 2444 4420 2445 4420 2443 4421 2444 4421 2442 4421 2445 4422 2446 4422 2447 4422 2444 4423 2446 4423 2445 4423 2447 4424 2448 4424 2449 4424 2449 4425 2448 4425 2450 4425 2446 4426 2448 4426 2447 4426 2448 4427 2451 4427 2450 4427 2450 4428 2452 4428 2453 4428 2451 4429 2452 4429 2450 4429 2453 4430 2454 4430 2455 4430 2452 4431 2454 4431 2453 4431 2455 4432 2456 4432 2457 4432 2457 4433 2456 4433 2458 4433 2454 4434 2456 4434 2455 4434 2456 4435 2459 4435 2458 4435 2459 4436 2460 4436 2458 4436 2458 4437 2460 4437 2461 4437 2460 4438 2462 4438 2461 4438 2461 4439 2462 4439 2463 4439 2463 4440 2462 4440 2464 4440 2462 4441 2465 4441 2464 4441 2465 4442 2466 4442 2464 4442 2464 4443 2466 4443 2467 4443 2467 4444 2466 4444 2468 4444 2466 4445 2469 4445 2468 4445 2469 4446 2470 4446 2468 4446 2468 4447 2470 4447 2471 4447 2470 4448 2472 4448 2471 4448 2471 4449 2472 4449 2473 4449 2472 4450 2474 4450 2473 4450 2473 4451 2474 4451 2475 4451 2476 4452 2477 4452 2478 4452 2479 4453 2476 4453 2478 4453 2480 4454 2478 4454 2481 4454 2480 4455 2479 4455 2478 4455 2482 4456 2481 4456 2483 4456 2482 4457 2480 4457 2481 4457 2484 4458 2485 4458 2486 4458 2487 4459 2485 4459 2484 4459 2488 4460 2487 4460 2489 4460 2488 4461 2485 4461 2487 4461 2488 4462 2489 4462 2490 4462 2488 4463 2490 4463 2491 4463 2490 4464 2492 4464 2491 4464 2491 4465 2492 4465 2493 4465 2493 4466 2494 4466 2495 4466 2492 4467 2494 4467 2493 4467 2495 4468 2496 4468 2497 4468 2494 4469 2496 4469 2495 4469 2497 4470 2498 4470 2499 4470 2496 4471 2498 4471 2497 4471 2500 4472 2501 4472 2502 4472 2499 4473 2501 4473 2500 4473 2498 4474 2501 4474 2499 4474 2501 4475 2503 4475 2502 4475 2502 4476 2504 4476 2505 4476 2503 4477 2504 4477 2502 4477 2506 4478 2507 4478 2508 4478 2505 4479 2507 4479 2506 4479 2504 4480 2507 4480 2505 4480 2507 4481 2509 4481 2508 4481 2508 4482 2510 4482 2511 4482 2509 4483 2510 4483 2508 4483 2512 4484 2513 4484 2514 4484 2511 4485 2513 4485 2512 4485 2510 4486 2513 4486 2511 4486 2513 4487 2515 4487 2514 4487 2515 4488 2516 4488 2514 4488 2517 4489 2516 4489 2518 4489 2514 4490 2516 4490 2517 4490 2516 4491 2519 4491 2518 4491 2519 4492 2520 4492 2518 4492 2521 4493 2520 4493 2522 4493 2518 4494 2520 4494 2521 4494 2520 4495 2523 4495 2522 4495 2522 4496 2524 4496 2525 4496 2523 4497 2524 4497 2522 4497 2525 4498 2526 4498 2527 4498 2524 4499 2526 4499 2525 4499 2527 4500 2528 4500 2529 4500 2526 4501 2528 4501 2527 4501 2529 4502 2530 4502 2531 4502 2528 4503 2530 4503 2529 4503 2531 4504 2532 4504 2533 4504 2530 4505 2532 4505 2531 4505 2534 4506 2532 4506 2535 4506 2536 4507 2535 4507 2532 4507 2537 4508 2532 4508 2534 4508 2538 4509 2536 4509 2532 4509 2539 4510 2532 4510 2537 4510 2540 4511 2538 4511 2532 4511 2541 4512 2532 4512 2539 4512 2542 4513 2540 4513 2532 4513 2543 4514 2532 4514 2541 4514 2544 4515 2542 4515 2532 4515 2545 4516 2532 4516 2543 4516 2546 4517 2544 4517 2532 4517 2547 4518 2532 4518 2545 4518 2548 4519 2546 4519 2532 4519 2549 4520 2532 4520 2547 4520 2550 4521 2548 4521 2532 4521 2551 4522 2532 4522 2549 4522 2552 4523 2550 4523 2532 4523 2553 4524 2532 4524 2551 4524 2554 4525 2552 4525 2532 4525 2555 4526 2532 4526 2553 4526 2556 4527 2554 4527 2532 4527 2557 4528 2532 4528 2555 4528 2558 4529 2556 4529 2532 4529 2559 4530 2532 4530 2557 4530 2560 4531 2558 4531 2532 4531 2561 4532 2532 4532 2559 4532 2562 4533 2560 4533 2532 4533 2563 4534 2562 4534 2532 4534 2564 4535 2563 4535 2532 4535 2565 4536 2564 4536 2532 4536 2566 4537 2565 4537 2532 4537 2567 4538 2566 4538 2532 4538 2568 4539 2569 4539 2567 4539 2568 4540 2570 4540 2569 4540 2568 4541 2571 4541 2570 4541 2568 4542 2572 4542 2571 4542 2568 4543 2573 4543 2572 4543 2568 4544 2574 4544 2573 4544 2568 4545 2575 4545 2574 4545 2568 4546 2576 4546 2575 4546 2568 4547 2577 4547 2576 4547 2568 4548 2578 4548 2577 4548 2568 4549 2579 4549 2578 4549 2568 4550 2580 4550 2579 4550 2568 4551 2581 4551 2580 4551 2568 4552 2567 4552 2532 4552 2582 4553 2581 4553 2568 4553 2583 4554 2582 4554 2568 4554 2584 4555 2583 4555 2568 4555 2585 4556 2584 4556 2568 4556 2586 4557 2585 4557 2568 4557 2587 4558 2586 4558 2568 4558 2588 4559 2587 4559 2568 4559 2589 4560 2588 4560 2568 4560 2590 4561 2589 4561 2568 4561 2591 4562 2590 4562 2568 4562 2592 4563 2591 4563 2568 4563 2593 4564 2592 4564 2568 4564 2533 4565 2396 4565 2397 4565 2533 4566 2395 4566 2396 4566 2533 4567 2394 4567 2395 4567 2533 4568 2393 4568 2394 4568 2533 4569 2392 4569 2393 4569 2533 4570 2391 4570 2392 4570 2533 4571 2390 4571 2391 4571 2533 4572 2389 4572 2390 4572 2533 4573 2388 4573 2389 4573 2533 4574 2387 4574 2388 4574 2533 4575 2386 4575 2387 4575 2533 4576 2385 4576 2386 4576 2533 4577 2384 4577 2385 4577 2533 4578 2383 4578 2384 4578 2533 4579 2382 4579 2383 4579 2533 4580 2381 4580 2382 4580 2533 4581 2380 4581 2381 4581 2533 4582 2379 4582 2380 4582 2533 4583 2378 4583 2379 4583 2533 4584 2377 4584 2378 4584 2533 4585 2376 4585 2377 4585 2533 4586 2375 4586 2376 4586 2533 4587 2374 4587 2375 4587 2533 4588 2373 4588 2374 4588 2533 4589 2372 4589 2373 4589 2533 4590 2371 4590 2372 4590 2533 4591 2370 4591 2371 4591 2533 4592 2368 4592 2370 4592 2594 4593 2593 4593 2568 4593 2398 4594 2533 4594 2397 4594 2595 4595 2594 4595 2568 4595 2399 4596 2533 4596 2398 4596 2431 4597 2595 4597 2568 4597 2400 4598 2533 4598 2399 4598 2401 4599 2533 4599 2400 4599 2402 4600 2533 4600 2401 4600 2403 4601 2533 4601 2402 4601 2596 4602 2533 4602 2403 4602 2596 4603 2431 4603 2568 4603 2596 4604 2430 4604 2431 4604 2596 4605 2429 4605 2430 4605 2596 4606 2428 4606 2429 4606 2596 4607 2427 4607 2428 4607 2596 4608 2426 4608 2427 4608 2596 4609 2425 4609 2426 4609 2596 4610 2424 4610 2425 4610 2596 4611 2423 4611 2424 4611 2596 4612 2422 4612 2423 4612 2596 4613 2421 4613 2422 4613 2596 4614 2420 4614 2421 4614 2596 4615 2419 4615 2420 4615 2596 4616 2418 4616 2419 4616 2596 4617 2417 4617 2418 4617 2596 4618 2416 4618 2417 4618 2596 4619 2415 4619 2416 4619 2596 4620 2414 4620 2415 4620 2596 4621 2413 4621 2414 4621 2596 4622 2412 4622 2413 4622 2596 4623 2411 4623 2412 4623 2596 4624 2410 4624 2411 4624 2596 4625 2409 4625 2410 4625 2596 4626 2408 4626 2409 4626 2596 4627 2407 4627 2408 4627 2596 4628 2406 4628 2407 4628 2596 4629 2405 4629 2406 4629 2596 4630 2404 4630 2405 4630 2596 4631 2403 4631 2404 4631 2533 4632 2532 4632 2369 4632 2369 4633 2532 4633 2597 4633 2597 4634 2532 4634 2561 4634 2533 4635 2369 4635 2368 4635 2598 4636 2482 4636 2483 4636 2598 4637 2483 4637 2599 4637 2600 4638 2599 4638 2601 4638 2600 4639 2598 4639 2599 4639 2602 4640 2601 4640 2603 4640 2602 4641 2600 4641 2601 4641 2604 4642 2603 4642 2605 4642 2604 4643 2605 4643 2606 4643 2604 4644 2602 4644 2603 4644 2607 4645 2604 4645 2606 4645 2608 4646 2606 4646 2609 4646 2608 4647 2607 4647 2606 4647 2610 4648 2609 4648 2611 4648 2610 4649 2608 4649 2609 4649 2612 4650 2611 4650 2613 4650 2612 4651 2613 4651 2614 4651 2612 4652 2610 4652 2611 4652 2615 4653 2612 4653 2614 4653 2616 4654 2614 4654 2617 4654 2616 4655 2615 4655 2614 4655 2618 4656 2617 4656 2619 4656 2618 4657 2616 4657 2617 4657 2620 4658 2619 4658 2621 4658 2620 4659 2621 4659 2622 4659 2620 4660 2618 4660 2619 4660 2623 4661 2620 4661 2622 4661 2624 4662 2623 4662 2622 4662 2624 4663 2622 4663 2625 4663 2626 4664 2624 4664 2625 4664 2626 4665 2625 4665 2627 4665 2626 4666 2627 4666 2628 4666 2629 4667 2626 4667 2628 4667 2630 4668 2629 4668 2628 4668 2630 4669 2628 4669 2631 4669 2630 4670 2631 4670 2632 4670 2633 4671 2630 4671 2632 4671 2634 4672 2632 4672 2635 4672 2634 4673 2633 4673 2632 4673 2636 4674 2635 4674 2637 4674 2636 4675 2634 4675 2635 4675 2568 4676 2637 4676 2596 4676 2568 4677 2636 4677 2637 4677 2638 4678 2476 4678 2639 4678 2638 4679 2477 4679 2476 4679 2640 4680 2639 4680 2641 4680 2640 4681 2638 4681 2639 4681 2642 4682 2640 4682 2643 4682 2643 4683 2640 4683 2641 4683 2642 4684 2643 4684 2644 4684 2643 4685 2645 4685 2644 4685 2644 4686 2646 4686 2647 4686 2645 4687 2646 4687 2644 4687 2647 4688 2432 4688 2434 4688 2646 4689 2432 4689 2647 4689 2648 4690 2475 4690 2649 4690 2649 4691 2475 4691 2474 4691 2650 4692 2484 4692 2486 4692 2650 4693 2486 4693 2651 4693 2652 4694 2651 4694 2653 4694 2652 4695 2650 4695 2651 4695 2654 4696 2653 4696 2655 4696 2654 4697 2652 4697 2653 4697 2656 4698 2655 4698 2657 4698 2656 4699 2654 4699 2655 4699 2658 4700 2659 4700 2660 4700 2658 4701 2657 4701 2659 4701 2658 4702 2656 4702 2657 4702 2661 4703 2658 4703 2660 4703 2662 4704 2660 4704 2663 4704 2662 4705 2661 4705 2660 4705 2664 4706 2665 4706 2666 4706 2664 4707 2663 4707 2665 4707 2664 4708 2662 4708 2663 4708 2667 4709 2664 4709 2666 4709 2668 4710 2666 4710 2669 4710 2668 4711 2667 4711 2666 4711 2670 4712 2671 4712 2672 4712 2670 4713 2669 4713 2671 4713 2670 4714 2668 4714 2669 4714 2673 4715 2670 4715 2672 4715 2674 4716 2673 4716 2672 4716 2674 4717 2675 4717 2676 4717 2674 4718 2672 4718 2675 4718 2677 4719 2674 4719 2676 4719 2678 4720 2677 4720 2676 4720 2678 4721 2679 4721 2680 4721 2678 4722 2676 4722 2679 4722 2681 4723 2678 4723 2680 4723 2682 4724 2681 4724 2680 4724 2682 4725 2680 4725 2683 4725 2684 4726 2682 4726 2683 4726 2684 4727 2683 4727 2685 4727 2686 4728 2685 4728 2687 4728 2686 4729 2684 4729 2685 4729 2688 4730 2686 4730 2687 4730 2688 4731 2689 4731 2648 4731 2688 4732 2687 4732 2689 4732 2649 4733 2688 4733 2648 4733 2642 4734 2478 4734 2477 4734 2642 4735 2477 4735 2638 4735 2642 4736 2638 4736 2640 4736 2644 4737 2478 4737 2642 4737 2647 4738 2478 4738 2644 4738 2647 4739 2481 4739 2478 4739 2647 4740 2483 4740 2481 4740 2434 4741 2483 4741 2647 4741 2435 4742 2483 4742 2434 4742 2435 4743 2599 4743 2483 4743 2435 4744 2601 4744 2599 4744 2437 4745 2601 4745 2435 4745 2439 4746 2601 4746 2437 4746 2439 4747 2603 4747 2601 4747 2441 4748 2605 4748 2603 4748 2441 4749 2603 4749 2439 4749 2442 4750 2605 4750 2441 4750 2442 4751 2606 4751 2605 4751 2445 4752 2609 4752 2606 4752 2445 4753 2611 4753 2609 4753 2445 4754 2606 4754 2442 4754 2447 4755 2611 4755 2445 4755 2449 4756 2613 4756 2611 4756 2449 4757 2611 4757 2447 4757 2450 4758 2614 4758 2613 4758 2450 4759 2613 4759 2449 4759 2453 4760 2617 4760 2614 4760 2453 4761 2614 4761 2450 4761 2453 4762 2619 4762 2617 4762 2455 4763 2619 4763 2453 4763 2457 4764 2621 4764 2619 4764 2457 4765 2619 4765 2455 4765 2458 4766 2622 4766 2621 4766 2458 4767 2621 4767 2457 4767 2461 4768 2625 4768 2622 4768 2461 4769 2622 4769 2458 4769 2627 4770 2625 4770 2461 4770 2463 4771 2627 4771 2461 4771 2628 4772 2627 4772 2463 4772 2464 4773 2628 4773 2463 4773 2631 4774 2464 4774 2467 4774 2631 4775 2628 4775 2464 4775 2632 4776 2467 4776 2468 4776 2632 4777 2631 4777 2467 4777 2471 4778 2632 4778 2468 4778 2635 4779 2632 4779 2471 4779 2637 4780 2471 4780 2473 4780 2637 4781 2473 4781 2475 4781 2637 4782 2635 4782 2471 4782 2596 4783 2637 4783 2475 4783 2533 4784 2596 4784 2475 4784 2533 4785 2475 4785 2648 4785 2531 4786 2533 4786 2648 4786 2531 4787 2648 4787 2689 4787 2529 4788 2531 4788 2689 4788 2529 4789 2689 4789 2687 4789 2527 4790 2529 4790 2687 4790 2527 4791 2687 4791 2685 4791 2683 4792 2527 4792 2685 4792 2525 4793 2527 4793 2683 4793 2680 4794 2522 4794 2525 4794 2680 4795 2525 4795 2683 4795 2521 4796 2522 4796 2680 4796 2679 4797 2521 4797 2680 4797 2676 4798 2518 4798 2521 4798 2676 4799 2521 4799 2679 4799 2517 4800 2518 4800 2676 4800 2675 4801 2517 4801 2676 4801 2672 4802 2514 4802 2517 4802 2672 4803 2517 4803 2675 4803 2512 4804 2514 4804 2672 4804 2671 4805 2512 4805 2672 4805 2669 4806 2511 4806 2512 4806 2669 4807 2512 4807 2671 4807 2666 4808 2508 4808 2511 4808 2666 4809 2511 4809 2669 4809 2665 4810 2506 4810 2508 4810 2665 4811 2508 4811 2666 4811 2505 4812 2506 4812 2665 4812 2663 4813 2505 4813 2665 4813 2502 4814 2505 4814 2663 4814 2660 4815 2502 4815 2663 4815 2659 4816 2500 4816 2502 4816 2659 4817 2502 4817 2660 4817 2657 4818 2499 4818 2500 4818 2657 4819 2500 4819 2659 4819 2655 4820 2497 4820 2499 4820 2655 4821 2499 4821 2657 4821 2495 4822 2497 4822 2655 4822 2653 4823 2495 4823 2655 4823 2493 4824 2495 4824 2653 4824 2651 4825 2493 4825 2653 4825 2486 4826 2491 4826 2493 4826 2486 4827 2493 4827 2651 4827 2485 4828 2488 4828 2491 4828 2485 4829 2491 4829 2486 4829 2479 4830 2643 4830 2476 4830 2476 4831 2643 4831 2639 4831 2639 4832 2643 4832 2641 4832 2479 4833 2645 4833 2643 4833 2479 4834 2646 4834 2645 4834 2480 4835 2646 4835 2479 4835 2482 4836 2646 4836 2480 4836 2482 4837 2432 4837 2646 4837 2482 4838 2433 4838 2432 4838 2598 4839 2433 4839 2482 4839 2600 4840 2433 4840 2598 4840 2600 4841 2436 4841 2433 4841 2600 4842 2438 4842 2436 4842 2602 4843 2438 4843 2600 4843 2602 4844 2440 4844 2438 4844 2604 4845 2440 4845 2602 4845 2604 4846 2443 4846 2440 4846 2607 4847 2443 4847 2604 4847 2608 4848 2444 4848 2607 4848 2610 4849 2444 4849 2608 4849 2607 4850 2444 4850 2443 4850 2610 4851 2446 4851 2444 4851 2612 4852 2448 4852 2610 4852 2610 4853 2448 4853 2446 4853 2615 4854 2451 4854 2612 4854 2612 4855 2451 4855 2448 4855 2615 4856 2452 4856 2451 4856 2616 4857 2452 4857 2615 4857 2618 4858 2452 4858 2616 4858 2618 4859 2454 4859 2452 4859 2620 4860 2456 4860 2618 4860 2618 4861 2456 4861 2454 4861 2623 4862 2459 4862 2620 4862 2620 4863 2459 4863 2456 4863 2624 4864 2460 4864 2623 4864 2623 4865 2460 4865 2459 4865 2624 4866 2626 4866 2460 4866 2626 4867 2462 4867 2460 4867 2626 4868 2629 4868 2462 4868 2629 4869 2465 4869 2462 4869 2465 4870 2630 4870 2466 4870 2629 4871 2630 4871 2465 4871 2466 4872 2633 4872 2469 4872 2630 4873 2633 4873 2466 4873 2633 4874 2470 4874 2469 4874 2633 4875 2634 4875 2470 4875 2470 4876 2636 4876 2472 4876 2472 4877 2636 4877 2474 4877 2634 4878 2636 4878 2470 4878 2636 4879 2568 4879 2474 4879 2568 4880 2532 4880 2474 4880 2474 4881 2532 4881 2649 4881 2532 4882 2530 4882 2649 4882 2649 4883 2530 4883 2688 4883 2530 4884 2528 4884 2688 4884 2688 4885 2528 4885 2686 4885 2528 4886 2526 4886 2686 4886 2686 4887 2526 4887 2684 4887 2526 4888 2682 4888 2684 4888 2526 4889 2524 4889 2682 4889 2523 4890 2681 4890 2524 4890 2524 4891 2681 4891 2682 4891 2523 4892 2520 4892 2681 4892 2520 4893 2678 4893 2681 4893 2519 4894 2677 4894 2520 4894 2520 4895 2677 4895 2678 4895 2519 4896 2516 4896 2677 4896 2516 4897 2674 4897 2677 4897 2515 4898 2673 4898 2516 4898 2516 4899 2673 4899 2674 4899 2515 4900 2513 4900 2673 4900 2513 4901 2670 4901 2673 4901 2510 4902 2668 4902 2513 4902 2513 4903 2668 4903 2670 4903 2509 4904 2667 4904 2510 4904 2510 4905 2667 4905 2668 4905 2507 4906 2664 4906 2509 4906 2509 4907 2664 4907 2667 4907 2507 4908 2504 4908 2664 4908 2504 4909 2662 4909 2664 4909 2504 4910 2503 4910 2662 4910 2503 4911 2661 4911 2662 4911 2501 4912 2658 4912 2503 4912 2503 4913 2658 4913 2661 4913 2498 4914 2656 4914 2501 4914 2501 4915 2656 4915 2658 4915 2496 4916 2654 4916 2498 4916 2498 4917 2654 4917 2656 4917 2496 4918 2494 4918 2654 4918 2494 4919 2652 4919 2654 4919 2494 4920 2492 4920 2652 4920 2492 4921 2650 4921 2652 4921 2490 4922 2484 4922 2492 4922 2492 4923 2484 4923 2650 4923 2490 4924 2489 4924 2484 4924 2489 4925 2487 4925 2484 4925 2595 4926 2431 4926 258 4926 2595 4927 258 4927 2690 4927 2594 4928 2690 4928 2691 4928 2594 4929 2595 4929 2690 4929 2593 4930 2691 4930 2692 4930 2593 4931 2594 4931 2691 4931 2592 4932 2692 4932 2693 4932 2592 4933 2593 4933 2692 4933 2591 4934 2693 4934 2694 4934 2591 4935 2592 4935 2693 4935 2590 4936 2694 4936 2695 4936 2590 4937 2591 4937 2694 4937 2589 4938 2695 4938 2696 4938 2589 4939 2590 4939 2695 4939 2588 4940 2696 4940 2697 4940 2588 4941 2589 4941 2696 4941 2587 4942 2697 4942 2698 4942 2587 4943 2588 4943 2697 4943 2586 4944 2698 4944 2699 4944 2586 4945 2587 4945 2698 4945 2585 4946 2699 4946 2700 4946 2585 4947 2586 4947 2699 4947 2584 4948 2700 4948 2701 4948 2584 4949 2585 4949 2700 4949 2583 4950 2701 4950 2702 4950 2583 4951 2584 4951 2701 4951 2582 4952 2702 4952 2703 4952 2582 4953 2583 4953 2702 4953 2581 4954 2703 4954 2704 4954 2581 4955 2582 4955 2703 4955 2580 4956 2704 4956 2705 4956 2580 4957 2581 4957 2704 4957 2579 4958 2705 4958 2706 4958 2579 4959 2580 4959 2705 4959 2578 4960 2706 4960 2707 4960 2578 4961 2579 4961 2706 4961 2577 4962 2578 4962 2707 4962 2577 4963 2707 4963 2708 4963 2576 4964 2577 4964 2708 4964 2576 4965 2708 4965 2709 4965 2575 4966 2576 4966 2709 4966 2575 4967 2709 4967 2710 4967 2574 4968 2575 4968 2710 4968 2574 4969 2710 4969 2711 4969 2573 4970 2711 4970 2712 4970 2573 4971 2574 4971 2711 4971 2572 4972 2712 4972 2713 4972 2572 4973 2573 4973 2712 4973 2571 4974 2713 4974 2714 4974 2571 4975 2572 4975 2713 4975 2570 4976 2714 4976 2715 4976 2570 4977 2571 4977 2714 4977 2569 4978 2715 4978 2716 4978 2569 4979 2570 4979 2715 4979 2567 4980 2716 4980 2717 4980 2567 4981 2569 4981 2716 4981 2566 4982 2717 4982 2718 4982 2566 4983 2567 4983 2717 4983 2565 4984 2718 4984 2719 4984 2565 4985 2566 4985 2718 4985 2564 4986 2719 4986 2720 4986 2564 4987 2565 4987 2719 4987 2563 4988 2720 4988 2721 4988 2563 4989 2564 4989 2720 4989 2562 4990 2721 4990 2722 4990 2562 4991 2563 4991 2721 4991 2560 4992 2722 4992 2723 4992 2560 4993 2562 4993 2722 4993 2558 4994 2723 4994 2724 4994 2558 4995 2560 4995 2723 4995 2556 4996 2724 4996 2725 4996 2556 4997 2558 4997 2724 4997 2554 4998 2725 4998 2726 4998 2554 4999 2556 4999 2725 4999 2552 5000 2726 5000 2727 5000 2552 5001 2554 5001 2726 5001 2550 5002 2727 5002 2728 5002 2550 5003 2552 5003 2727 5003 2548 5004 2728 5004 2729 5004 2548 5005 2550 5005 2728 5005 2546 5006 2729 5006 2730 5006 2546 5007 2548 5007 2729 5007 2544 5008 2730 5008 2731 5008 2544 5009 2546 5009 2730 5009 2542 5010 2544 5010 2731 5010 2542 5011 2731 5011 2732 5011 2540 5012 2542 5012 2732 5012 2540 5013 2732 5013 2733 5013 2540 5014 2733 5014 2734 5014 2538 5015 2540 5015 2734 5015 2538 5016 2734 5016 2735 5016 2536 5017 2538 5017 2735 5017 2535 5018 2536 5018 2735 5018 2535 5019 2735 5019 2736 5019 2534 5020 2535 5020 2736 5020 2534 5021 2736 5021 2737 5021 2537 5022 2534 5022 2737 5022 2537 5023 2737 5023 2738 5023 2537 5024 2738 5024 2739 5024 2539 5025 2537 5025 2739 5025 2541 5026 2539 5026 2739 5026 2541 5027 2739 5027 2740 5027 2543 5028 2541 5028 2740 5028 2543 5029 2740 5029 2741 5029 2545 5030 2543 5030 2741 5030 2545 5031 2741 5031 2742 5031 2547 5032 2545 5032 2742 5032 2547 5033 2742 5033 2743 5033 2547 5034 2743 5034 2744 5034 2549 5035 2547 5035 2744 5035 2551 5036 2549 5036 2744 5036 2551 5037 2744 5037 2745 5037 2553 5038 2745 5038 2746 5038 2553 5039 2551 5039 2745 5039 2555 5040 2746 5040 2747 5040 2555 5041 2553 5041 2746 5041 2557 5042 2747 5042 2748 5042 2557 5043 2555 5043 2747 5043 2559 5044 2748 5044 2749 5044 2559 5045 2749 5045 2750 5045 2559 5046 2557 5046 2748 5046 2561 5047 2559 5047 2750 5047 2597 5048 2750 5048 2751 5048 2597 5049 2561 5049 2750 5049 2369 5050 2751 5050 2280 5050 2369 5051 2597 5051 2751 5051 158 5052 2752 5052 2753 5052 158 5053 2753 5053 2754 5053 158 5054 2754 5054 160 5054 163 5055 2754 5055 2755 5055 163 5056 160 5056 2754 5056 156 5057 2752 5057 158 5057 164 5058 163 5058 2755 5058 164 5059 2755 5059 2756 5059 164 5060 2756 5060 2757 5060 155 5061 2752 5061 156 5061 155 5062 2758 5062 2752 5062 166 5063 164 5063 2757 5063 152 5064 2758 5064 155 5064 152 5065 2759 5065 2760 5065 152 5066 2760 5066 2758 5066 169 5067 166 5067 2757 5067 169 5068 2757 5068 2761 5068 169 5069 2761 5069 2762 5069 150 5070 2759 5070 152 5070 170 5071 169 5071 2762 5071 148 5072 2763 5072 2764 5072 148 5073 2764 5073 2759 5073 148 5074 2759 5074 150 5074 172 5075 170 5075 2762 5075 172 5076 2762 5076 2765 5076 172 5077 2765 5077 2766 5077 146 5078 2763 5078 148 5078 175 5079 172 5079 2766 5079 144 5080 2767 5080 2763 5080 144 5081 2763 5081 146 5081 176 5082 175 5082 2766 5082 176 5083 2766 5083 2768 5083 176 5084 2768 5084 2769 5084 142 5085 2767 5085 144 5085 142 5086 2770 5086 2767 5086 179 5087 176 5087 2769 5087 140 5088 2770 5088 142 5088 140 5089 2771 5089 2772 5089 140 5090 2772 5090 2770 5090 181 5091 179 5091 2769 5091 181 5092 2769 5092 2773 5092 181 5093 2773 5093 2774 5093 138 5094 2771 5094 140 5094 138 5095 2775 5095 2771 5095 183 5096 181 5096 2774 5096 136 5097 2775 5097 138 5097 185 5098 183 5098 2774 5098 185 5099 2774 5099 2776 5099 185 5100 2776 5100 2777 5100 134 5101 2775 5101 136 5101 134 5102 2778 5102 2775 5102 186 5103 185 5103 2777 5103 132 5104 2779 5104 2778 5104 132 5105 2778 5105 134 5105 188 5106 186 5106 2777 5106 188 5107 2777 5107 2780 5107 129 5108 2367 5108 2781 5108 129 5109 2781 5109 2779 5109 129 5110 2779 5110 132 5110 190 5111 188 5111 2780 5111 190 5112 2780 5112 2782 5112 128 5113 2367 5113 129 5113 192 5114 190 5114 2782 5114 192 5115 2782 5115 2783 5115 2784 5116 2339 5116 2366 5116 2784 5117 2366 5117 2367 5117 2784 5118 2367 5118 128 5118 195 5119 192 5119 2783 5119 195 5120 2783 5120 2785 5120 2786 5121 2339 5121 2784 5121 196 5122 195 5122 2785 5122 196 5123 2785 5123 2787 5123 2788 5124 2339 5124 2786 5124 2788 5125 2261 5125 2339 5125 198 5126 196 5126 2787 5126 198 5127 2787 5127 2789 5127 2790 5128 2261 5128 2788 5128 2790 5129 2227 5129 2260 5129 2790 5130 2260 5130 2261 5130 200 5131 198 5131 2789 5131 200 5132 2789 5132 2791 5132 2792 5133 2227 5133 2790 5133 202 5134 200 5134 2791 5134 202 5135 2791 5135 2793 5135 2794 5136 2227 5136 2792 5136 2794 5137 2194 5137 2227 5137 204 5138 2793 5138 2795 5138 204 5139 202 5139 2793 5139 2796 5140 2194 5140 2794 5140 2796 5141 2161 5141 2194 5141 206 5142 2795 5142 2797 5142 206 5143 204 5143 2795 5143 2798 5144 2161 5144 2796 5144 2798 5145 2095 5145 2128 5145 2798 5146 2128 5146 2161 5146 208 5147 2797 5147 2799 5147 208 5148 206 5148 2797 5148 2800 5149 2095 5149 2798 5149 210 5150 2799 5150 2801 5150 210 5151 2801 5151 2802 5151 210 5152 208 5152 2799 5152 2803 5153 2095 5153 2800 5153 2803 5154 2062 5154 2095 5154 2029 5155 2062 5155 2803 5155 212 5156 210 5156 2802 5156 2804 5157 2029 5157 2803 5157 1964 5158 2029 5158 2804 5158 214 5159 2802 5159 2805 5159 214 5160 212 5160 2802 5160 2806 5161 1964 5161 2804 5161 216 5162 2805 5162 2807 5162 216 5163 214 5163 2805 5163 2808 5164 1963 5164 1964 5164 2808 5165 1964 5165 2806 5165 218 5166 2807 5166 2809 5166 218 5167 216 5167 2807 5167 1930 5168 1963 5168 2808 5168 2810 5169 1930 5169 2808 5169 220 5170 2809 5170 2811 5170 220 5171 218 5171 2809 5171 1897 5172 1930 5172 2810 5172 2812 5173 1897 5173 2810 5173 2813 5174 220 5174 2811 5174 222 5175 220 5175 2813 5175 2814 5176 1897 5176 2812 5176 1864 5177 1897 5177 2814 5177 224 5178 222 5178 2813 5178 2815 5179 224 5179 2813 5179 1831 5180 1864 5180 2814 5180 1831 5181 2814 5181 2816 5181 2817 5182 224 5182 2815 5182 2817 5183 226 5183 224 5183 1798 5184 1831 5184 2816 5184 1798 5185 2816 5185 2818 5185 2819 5186 226 5186 2817 5186 2819 5187 229 5187 226 5187 1766 5188 1798 5188 2818 5188 1766 5189 2818 5189 2820 5189 2821 5190 229 5190 2819 5190 2821 5191 230 5191 229 5191 233 5192 230 5192 2821 5192 1732 5193 1766 5193 2820 5193 1732 5194 2820 5194 2822 5194 2823 5195 233 5195 2821 5195 1699 5196 1732 5196 2822 5196 1699 5197 2824 5197 2825 5197 1699 5198 2822 5198 2824 5198 2826 5199 233 5199 2823 5199 2826 5200 235 5200 233 5200 2826 5201 237 5201 235 5201 1667 5202 1699 5202 2825 5202 2827 5203 237 5203 2826 5203 2827 5204 239 5204 237 5204 1634 5205 1667 5205 2825 5205 1634 5206 2825 5206 2828 5206 2829 5207 239 5207 2827 5207 2829 5208 241 5208 239 5208 1601 5209 2828 5209 2830 5209 1601 5210 1634 5210 2828 5210 2831 5211 241 5211 2829 5211 1567 5212 2830 5212 2832 5212 1567 5213 1601 5213 2830 5213 2833 5214 241 5214 2831 5214 2833 5215 242 5215 241 5215 2833 5216 245 5216 242 5216 1534 5217 2834 5217 2835 5217 1534 5218 2832 5218 2834 5218 1534 5219 1567 5219 2832 5219 2836 5220 245 5220 2833 5220 1502 5221 1534 5221 2835 5221 2837 5222 246 5222 245 5222 2837 5223 249 5223 246 5223 2837 5224 245 5224 2836 5224 1468 5225 1502 5225 2835 5225 1468 5226 2838 5226 2839 5226 1468 5227 2835 5227 2838 5227 2840 5228 249 5228 2837 5228 1436 5229 1468 5229 2839 5229 2841 5230 250 5230 249 5230 2841 5231 252 5231 250 5231 2841 5232 249 5232 2840 5232 1402 5233 1436 5233 2839 5233 1402 5234 2839 5234 2842 5234 2843 5235 252 5235 2841 5235 1369 5236 1402 5236 2842 5236 1369 5237 2844 5237 2845 5237 1369 5238 2842 5238 2844 5238 345 5239 2846 5239 254 5239 345 5240 252 5240 2843 5240 345 5241 254 5241 252 5241 1337 5242 1369 5242 2845 5242 346 5243 2846 5243 345 5243 1303 5244 1337 5244 2845 5244 1303 5245 2845 5245 2847 5245 379 5246 2848 5246 2846 5246 379 5247 2846 5247 346 5247 1270 5248 2849 5248 2850 5248 1270 5249 2847 5249 2849 5249 1270 5250 1303 5250 2847 5250 412 5251 2851 5251 2848 5251 412 5252 2852 5252 2851 5252 412 5253 2848 5253 379 5253 1237 5254 1270 5254 2850 5254 445 5255 2852 5255 412 5255 1204 5256 2850 5256 2853 5256 1204 5257 1237 5257 2850 5257 478 5258 2854 5258 2852 5258 478 5259 2852 5259 445 5259 1171 5260 1204 5260 2853 5260 1171 5261 2853 5261 2855 5261 511 5262 2854 5262 478 5262 511 5263 2856 5263 2854 5263 1139 5264 1171 5264 2855 5264 1139 5265 2857 5265 2858 5265 1139 5266 2855 5266 2857 5266 544 5267 2859 5267 2856 5267 544 5268 2856 5268 511 5268 1105 5269 1139 5269 2858 5269 578 5270 2860 5270 2859 5270 578 5271 2859 5271 544 5271 1072 5272 1105 5272 2858 5272 1072 5273 2858 5273 2861 5273 610 5274 2860 5274 578 5274 610 5275 2862 5275 2860 5275 1039 5276 1072 5276 2861 5276 1039 5277 2863 5277 2864 5277 1039 5278 2861 5278 2863 5278 643 5279 2865 5279 2862 5279 643 5280 2862 5280 610 5280 1006 5281 1039 5281 2864 5281 676 5282 2866 5282 2865 5282 676 5283 2867 5283 2866 5283 676 5284 2865 5284 643 5284 973 5285 2868 5285 2869 5285 973 5286 2864 5286 2868 5286 973 5287 1006 5287 2864 5287 709 5288 2867 5288 676 5288 940 5289 973 5289 2869 5289 742 5290 2867 5290 709 5290 742 5291 2870 5291 2867 5291 742 5292 2871 5292 2870 5292 907 5293 940 5293 2869 5293 907 5294 2872 5294 2873 5294 907 5295 2869 5295 2872 5295 776 5296 2871 5296 742 5296 874 5297 2873 5297 2874 5297 874 5298 907 5298 2873 5298 808 5299 2875 5299 2871 5299 808 5300 2874 5300 2875 5300 808 5301 2871 5301 776 5301 842 5302 874 5302 2874 5302 842 5303 2874 5303 808 5303 345 5304 2843 5304 344 5304 2876 5305 2281 5305 2280 5305 2876 5306 2280 5306 2751 5306 2877 5307 2285 5307 2281 5307 2877 5308 2281 5308 2876 5308 2878 5309 2286 5309 2285 5309 2878 5310 2285 5310 2877 5310 2879 5311 2293 5311 2286 5311 2879 5312 2286 5312 2878 5312 2880 5313 2297 5313 2293 5313 2880 5314 2293 5314 2879 5314 2881 5315 2298 5315 2297 5315 2881 5316 2297 5316 2880 5316 2882 5317 2304 5317 2298 5317 2882 5318 2298 5318 2881 5318 2883 5319 2305 5319 2304 5319 2883 5320 2304 5320 2882 5320 2884 5321 2310 5321 2305 5321 2884 5322 2305 5322 2883 5322 2885 5323 2313 5323 2310 5323 2885 5324 2310 5324 2884 5324 2886 5325 2314 5325 2313 5325 2886 5326 2313 5326 2885 5326 2887 5327 2317 5327 2314 5327 2887 5328 2314 5328 2886 5328 2888 5329 2322 5329 2317 5329 2888 5330 2317 5330 2887 5330 2889 5331 2876 5331 2751 5331 2889 5332 2751 5332 2750 5332 2890 5333 2322 5333 2888 5333 2890 5334 2325 5334 2322 5334 2891 5335 2876 5335 2889 5335 2891 5336 2877 5336 2876 5336 2892 5337 2328 5337 2325 5337 2892 5338 2325 5338 2890 5338 2893 5339 2877 5339 2891 5339 2893 5340 2878 5340 2877 5340 2894 5341 2331 5341 2328 5341 2894 5342 2328 5342 2892 5342 2895 5343 2878 5343 2893 5343 2895 5344 2879 5344 2878 5344 2896 5345 2332 5345 2331 5345 2896 5346 2331 5346 2894 5346 2897 5347 2880 5347 2879 5347 2897 5348 2879 5348 2895 5348 2898 5349 2332 5349 2896 5349 2898 5350 2337 5350 2332 5350 2899 5351 2880 5351 2897 5351 2899 5352 2881 5352 2880 5352 2900 5353 2341 5353 2337 5353 2900 5354 2337 5354 2898 5354 2901 5355 2881 5355 2899 5355 2901 5356 2882 5356 2881 5356 2902 5357 2342 5357 2341 5357 2902 5358 2341 5358 2900 5358 2903 5359 2882 5359 2901 5359 2903 5360 2883 5360 2882 5360 2904 5361 2345 5361 2342 5361 2904 5362 2342 5362 2902 5362 2905 5363 2884 5363 2883 5363 2905 5364 2883 5364 2903 5364 2906 5365 2345 5365 2904 5365 2906 5366 2346 5366 2345 5366 2907 5367 2884 5367 2905 5367 2907 5368 2885 5368 2884 5368 2907 5369 2886 5369 2885 5369 2908 5370 2348 5370 2346 5370 2908 5371 2346 5371 2906 5371 2909 5372 2886 5372 2907 5372 2910 5373 2351 5373 2348 5373 2910 5374 2348 5374 2908 5374 2911 5375 2887 5375 2886 5375 2911 5376 2886 5376 2909 5376 2912 5377 2352 5377 2351 5377 2912 5378 2351 5378 2910 5378 2913 5379 2887 5379 2911 5379 2913 5380 2888 5380 2887 5380 2914 5381 2355 5381 2352 5381 2914 5382 2352 5382 2912 5382 2915 5383 2889 5383 2750 5383 2915 5384 2750 5384 2749 5384 2916 5385 2890 5385 2888 5385 2916 5386 2888 5386 2913 5386 2917 5387 2357 5387 2355 5387 2917 5388 2355 5388 2914 5388 2918 5389 2891 5389 2889 5389 2918 5390 2889 5390 2915 5390 2919 5391 2890 5391 2916 5391 2919 5392 2892 5392 2890 5392 2920 5393 2358 5393 2357 5393 2920 5394 2357 5394 2917 5394 2921 5395 2895 5395 2893 5395 2921 5396 2891 5396 2918 5396 2921 5397 2893 5397 2891 5397 2922 5398 2892 5398 2919 5398 2922 5399 2894 5399 2892 5399 2922 5400 2896 5400 2894 5400 2923 5401 2358 5401 2920 5401 2923 5402 2361 5402 2358 5402 2924 5403 2895 5403 2921 5403 2925 5404 2896 5404 2922 5404 2926 5405 2363 5405 2361 5405 2926 5406 2361 5406 2923 5406 2927 5407 2897 5407 2895 5407 2927 5408 2895 5408 2924 5408 2928 5409 2896 5409 2925 5409 2928 5410 2898 5410 2896 5410 2929 5411 2781 5411 2367 5411 2929 5412 2364 5412 2363 5412 2929 5413 2367 5413 2364 5413 2929 5414 2363 5414 2926 5414 2930 5415 2899 5415 2897 5415 2930 5416 2897 5416 2927 5416 2931 5417 2898 5417 2928 5417 2931 5418 2900 5418 2898 5418 2932 5419 2899 5419 2930 5419 2932 5420 2901 5420 2899 5420 2933 5421 2902 5421 2900 5421 2933 5422 2900 5422 2931 5422 2934 5423 2905 5423 2903 5423 2934 5424 2903 5424 2901 5424 2934 5425 2901 5425 2932 5425 2935 5426 2902 5426 2933 5426 2935 5427 2904 5427 2902 5427 2936 5428 2905 5428 2934 5428 2937 5429 2904 5429 2935 5429 2937 5430 2906 5430 2904 5430 2938 5431 2905 5431 2936 5431 2938 5432 2907 5432 2905 5432 2939 5433 2908 5433 2906 5433 2939 5434 2906 5434 2937 5434 2939 5435 2910 5435 2908 5435 2940 5436 2907 5436 2938 5436 2940 5437 2909 5437 2907 5437 2941 5438 2910 5438 2939 5438 2942 5439 2909 5439 2940 5439 2942 5440 2911 5440 2909 5440 2943 5441 2910 5441 2941 5441 2943 5442 2912 5442 2910 5442 2944 5443 2913 5443 2911 5443 2944 5444 2911 5444 2942 5444 2945 5445 2912 5445 2943 5445 2945 5446 2914 5446 2912 5446 2945 5447 2917 5447 2914 5447 2946 5448 2915 5448 2749 5448 2946 5449 2749 5449 2748 5449 2947 5450 2916 5450 2913 5450 2947 5451 2913 5451 2944 5451 2948 5452 2917 5452 2945 5452 2949 5453 2915 5453 2946 5453 2949 5454 2921 5454 2918 5454 2949 5455 2918 5455 2915 5455 2950 5456 2919 5456 2916 5456 2950 5457 2916 5457 2947 5457 2951 5458 2920 5458 2917 5458 2951 5459 2917 5459 2948 5459 2952 5460 2921 5460 2949 5460 2953 5461 2922 5461 2919 5461 2953 5462 2919 5462 2950 5462 2954 5463 2923 5463 2920 5463 2954 5464 2926 5464 2923 5464 2954 5465 2920 5465 2951 5465 2955 5466 2924 5466 2921 5466 2955 5467 2921 5467 2952 5467 2955 5468 2927 5468 2924 5468 2956 5469 2922 5469 2953 5469 2956 5470 2925 5470 2922 5470 2957 5471 2926 5471 2954 5471 2958 5472 2927 5472 2955 5472 2958 5473 2930 5473 2927 5473 2959 5474 2931 5474 2928 5474 2959 5475 2928 5475 2925 5475 2959 5476 2925 5476 2956 5476 2960 5477 2781 5477 2929 5477 2960 5478 2779 5478 2781 5478 2960 5479 2926 5479 2957 5479 2960 5480 2929 5480 2926 5480 2961 5481 2930 5481 2958 5481 2962 5482 2931 5482 2959 5482 2963 5483 2930 5483 2961 5483 2963 5484 2932 5484 2930 5484 2964 5485 2933 5485 2931 5485 2964 5486 2931 5486 2962 5486 2964 5487 2935 5487 2933 5487 2965 5488 2932 5488 2963 5488 2965 5489 2934 5489 2932 5489 2966 5490 2937 5490 2935 5490 2966 5491 2935 5491 2964 5491 2967 5492 2934 5492 2965 5492 2967 5493 2936 5493 2934 5493 2968 5494 2937 5494 2966 5494 2969 5495 2936 5495 2967 5495 2969 5496 2938 5496 2936 5496 2970 5497 2939 5497 2937 5497 2970 5498 2937 5498 2968 5498 2971 5499 2940 5499 2938 5499 2971 5500 2938 5500 2969 5500 2972 5501 2941 5501 2939 5501 2972 5502 2939 5502 2970 5502 2973 5503 2942 5503 2940 5503 2973 5504 2940 5504 2971 5504 2974 5505 2941 5505 2972 5505 2974 5506 2943 5506 2941 5506 2974 5507 2945 5507 2943 5507 2975 5508 2944 5508 2942 5508 2975 5509 2942 5509 2973 5509 2976 5510 2945 5510 2974 5510 2977 5511 2949 5511 2946 5511 2977 5512 2946 5512 2748 5512 2977 5513 2748 5513 2747 5513 2978 5514 2944 5514 2975 5514 2978 5515 2947 5515 2944 5515 2979 5516 2945 5516 2976 5516 2979 5517 2948 5517 2945 5517 2980 5518 2949 5518 2977 5518 2981 5519 2947 5519 2978 5519 2981 5520 2950 5520 2947 5520 2982 5521 2948 5521 2979 5521 2982 5522 2951 5522 2948 5522 2983 5523 2952 5523 2949 5523 2983 5524 2955 5524 2952 5524 2983 5525 2949 5525 2980 5525 2984 5526 2953 5526 2950 5526 2984 5527 2950 5527 2981 5527 2985 5528 2954 5528 2951 5528 2985 5529 2951 5529 2982 5529 2986 5530 2958 5530 2955 5530 2986 5531 2955 5531 2983 5531 2987 5532 2953 5532 2984 5532 2987 5533 2956 5533 2953 5533 2988 5534 2954 5534 2985 5534 2988 5535 2957 5535 2954 5535 2989 5536 2958 5536 2986 5536 2990 5537 2959 5537 2956 5537 2990 5538 2956 5538 2987 5538 2991 5539 2960 5539 2957 5539 2991 5540 2779 5540 2960 5540 2991 5541 2778 5541 2779 5541 2991 5542 2957 5542 2988 5542 2992 5543 2963 5543 2961 5543 2992 5544 2961 5544 2958 5544 2992 5545 2958 5545 2989 5545 2993 5546 2962 5546 2959 5546 2993 5547 2959 5547 2990 5547 2994 5548 2963 5548 2992 5548 2995 5549 2962 5549 2993 5549 2995 5550 2964 5550 2962 5550 2996 5551 2965 5551 2963 5551 2996 5552 2963 5552 2994 5552 2997 5553 2964 5553 2995 5553 2997 5554 2966 5554 2964 5554 2998 5555 2965 5555 2996 5555 2998 5556 2967 5556 2965 5556 2999 5557 2968 5557 2966 5557 2999 5558 2966 5558 2997 5558 3000 5559 2971 5559 2969 5559 3000 5560 2967 5560 2998 5560 3000 5561 2969 5561 2967 5561 3001 5562 2968 5562 2999 5562 3001 5563 2970 5563 2968 5563 3002 5564 2971 5564 3000 5564 3003 5565 2972 5565 2970 5565 3003 5566 2970 5566 3001 5566 3004 5567 2973 5567 2971 5567 3004 5568 2971 5568 3002 5568 3004 5569 2975 5569 2973 5569 3005 5570 2972 5570 3003 5570 3005 5571 2974 5571 2972 5571 3006 5572 2975 5572 3004 5572 3007 5573 2974 5573 3005 5573 3007 5574 2976 5574 2974 5574 3008 5575 2977 5575 2747 5575 3008 5576 2746 5576 2745 5576 3008 5577 2747 5577 2746 5577 3009 5578 2975 5578 3006 5578 3009 5579 2978 5579 2975 5579 3009 5580 2981 5580 2978 5580 3010 5581 2976 5581 3007 5581 3010 5582 2979 5582 2976 5582 3010 5583 2982 5583 2979 5583 3011 5584 2980 5584 2977 5584 3011 5585 2977 5585 3008 5585 3012 5586 2981 5586 3009 5586 3013 5587 2982 5587 3010 5587 3014 5588 2986 5588 2983 5588 3014 5589 2980 5589 3011 5589 3014 5590 2983 5590 2980 5590 3015 5591 2987 5591 2984 5591 3015 5592 2984 5592 2981 5592 3015 5593 2981 5593 3012 5593 3016 5594 2985 5594 2982 5594 3016 5595 2982 5595 3013 5595 3017 5596 2986 5596 3014 5596 3018 5597 2987 5597 3015 5597 3019 5598 2988 5598 2985 5598 3019 5599 2991 5599 2988 5599 3019 5600 2985 5600 3016 5600 3020 5601 2986 5601 3017 5601 3020 5602 2989 5602 2986 5602 3021 5603 2990 5603 2987 5603 3021 5604 2987 5604 3018 5604 3022 5605 2778 5605 2991 5605 3022 5606 2775 5606 2778 5606 3022 5607 2991 5607 3019 5607 3023 5608 2992 5608 2989 5608 3023 5609 2994 5609 2992 5609 3023 5610 2989 5610 3020 5610 3024 5611 2993 5611 2990 5611 3024 5612 2990 5612 3021 5612 3025 5613 2994 5613 3023 5613 3026 5614 2993 5614 3024 5614 3026 5615 2997 5615 2995 5615 3026 5616 2995 5616 2993 5616 3027 5617 2994 5617 3025 5617 3027 5618 2996 5618 2994 5618 3028 5619 2997 5619 3026 5619 3029 5620 2996 5620 3027 5620 3029 5621 3000 5621 2998 5621 3029 5622 2998 5622 2996 5622 3030 5623 2997 5623 3028 5623 3030 5624 2999 5624 2997 5624 3031 5625 3000 5625 3029 5625 3032 5626 2999 5626 3030 5626 3032 5627 3001 5627 2999 5627 3032 5628 3003 5628 3001 5628 3033 5629 3002 5629 3000 5629 3033 5630 3000 5630 3031 5630 3033 5631 3004 5631 3002 5631 3034 5632 3003 5632 3032 5632 3034 5633 3005 5633 3003 5633 3035 5634 3004 5634 3033 5634 3036 5635 3005 5635 3034 5635 3037 5636 3004 5636 3035 5636 3037 5637 3006 5637 3004 5637 3038 5638 3005 5638 3036 5638 3038 5639 3007 5639 3005 5639 3038 5640 3010 5640 3007 5640 3039 5641 3008 5641 2745 5641 3040 5642 3006 5642 3037 5642 3040 5643 3009 5643 3006 5643 3041 5644 3010 5644 3038 5644 3042 5645 3011 5645 3008 5645 3042 5646 3008 5646 3039 5646 3043 5647 3012 5647 3009 5647 3043 5648 3009 5648 3040 5648 3044 5649 3010 5649 3041 5649 3044 5650 3013 5650 3010 5650 3045 5651 3011 5651 3042 5651 3045 5652 3014 5652 3011 5652 3046 5653 3012 5653 3043 5653 3046 5654 3015 5654 3012 5654 3046 5655 3018 5655 3015 5655 3047 5656 3019 5656 3016 5656 3047 5657 3013 5657 3044 5657 3047 5658 3016 5658 3013 5658 3048 5659 3017 5659 3014 5659 3048 5660 3014 5660 3045 5660 3049 5661 3018 5661 3046 5661 3050 5662 3019 5662 3047 5662 3051 5663 3020 5663 3017 5663 3051 5664 3017 5664 3048 5664 3052 5665 3024 5665 3021 5665 3052 5666 3021 5666 3018 5666 3052 5667 3018 5667 3049 5667 3053 5668 2775 5668 3022 5668 3053 5669 3022 5669 3019 5669 3053 5670 2771 5670 2775 5670 3053 5671 3019 5671 3050 5671 3054 5672 3023 5672 3020 5672 3054 5673 3020 5673 3051 5673 3055 5674 3024 5674 3052 5674 3056 5675 3025 5675 3023 5675 3056 5676 3023 5676 3054 5676 3057 5677 3026 5677 3024 5677 3057 5678 3028 5678 3026 5678 3057 5679 3024 5679 3055 5679 3058 5680 3027 5680 3025 5680 3058 5681 3025 5681 3056 5681 3059 5682 3028 5682 3057 5682 3059 5683 3030 5683 3028 5683 3060 5684 3029 5684 3027 5684 3060 5685 3027 5685 3058 5685 3061 5686 3030 5686 3059 5686 3062 5687 3031 5687 3029 5687 3062 5688 3029 5688 3060 5688 3063 5689 3030 5689 3061 5689 3063 5690 3032 5690 3030 5690 3063 5691 3034 5691 3032 5691 3064 5692 3031 5692 3062 5692 3064 5693 3033 5693 3031 5693 3065 5694 3034 5694 3063 5694 3066 5695 3033 5695 3064 5695 3066 5696 3035 5696 3033 5696 3067 5697 3034 5697 3065 5697 3067 5698 3036 5698 3034 5698 3068 5699 3035 5699 3066 5699 3068 5700 3037 5700 3035 5700 3069 5701 3036 5701 3067 5701 3069 5702 3038 5702 3036 5702 3070 5703 2745 5703 2744 5703 3070 5704 3039 5704 2745 5704 3071 5705 3037 5705 3068 5705 3071 5706 3040 5706 3037 5706 3072 5707 3038 5707 3069 5707 3072 5708 3041 5708 3038 5708 3072 5709 3044 5709 3041 5709 3073 5710 3042 5710 3039 5710 3073 5711 3039 5711 3070 5711 3074 5712 3040 5712 3071 5712 3074 5713 3043 5713 3040 5713 3075 5714 3044 5714 3072 5714 3075 5715 3047 5715 3044 5715 3076 5716 3042 5716 3073 5716 3076 5717 3048 5717 3045 5717 3076 5718 3045 5718 3042 5718 3077 5719 3043 5719 3074 5719 3077 5720 3046 5720 3043 5720 3078 5721 3047 5721 3075 5721 3079 5722 3048 5722 3076 5722 3079 5723 3051 5723 3048 5723 3080 5724 3046 5724 3077 5724 3080 5725 3049 5725 3046 5725 3081 5726 3053 5726 3050 5726 3081 5727 3047 5727 3078 5727 3081 5728 3050 5728 3047 5728 3082 5729 3051 5729 3079 5729 3083 5730 3049 5730 3080 5730 3083 5731 3052 5731 3049 5731 3084 5732 2771 5732 3053 5732 3084 5733 2772 5733 2771 5733 3084 5734 3053 5734 3081 5734 3085 5735 3056 5735 3054 5735 3085 5736 3054 5736 3051 5736 3085 5737 3051 5737 3082 5737 3086 5738 3055 5738 3052 5738 3086 5739 3052 5739 3083 5739 3087 5740 3056 5740 3085 5740 3088 5741 3057 5741 3055 5741 3088 5742 3055 5742 3086 5742 3089 5743 3060 5743 3058 5743 3089 5744 3058 5744 3056 5744 3089 5745 3056 5745 3087 5745 3090 5746 3059 5746 3057 5746 3090 5747 3057 5747 3088 5747 3091 5748 3062 5748 3060 5748 3091 5749 3060 5749 3089 5749 3092 5750 3061 5750 3059 5750 3092 5751 3059 5751 3090 5751 3093 5752 3062 5752 3091 5752 3094 5753 3061 5753 3092 5753 3094 5754 3063 5754 3061 5754 3095 5755 3062 5755 3093 5755 3095 5756 3064 5756 3062 5756 3096 5757 3065 5757 3063 5757 3096 5758 3063 5758 3094 5758 3097 5759 3066 5759 3064 5759 3097 5760 3064 5760 3095 5760 3097 5761 3068 5761 3066 5761 3098 5762 3065 5762 3096 5762 3098 5763 3067 5763 3065 5763 3099 5764 3068 5764 3097 5764 3099 5765 3071 5765 3068 5765 3100 5766 3069 5766 3067 5766 3100 5767 3067 5767 3098 5767 3101 5768 3070 5768 2744 5768 3101 5769 2743 5769 2742 5769 3101 5770 2744 5770 2743 5770 3102 5771 3071 5771 3099 5771 3103 5772 3069 5772 3100 5772 3103 5773 3072 5773 3069 5773 3104 5774 3073 5774 3070 5774 3104 5775 3070 5775 3101 5775 3105 5776 3071 5776 3102 5776 3105 5777 3074 5777 3071 5777 3106 5778 3075 5778 3072 5778 3106 5779 3072 5779 3103 5779 3107 5780 3076 5780 3073 5780 3107 5781 3073 5781 3104 5781 3107 5782 3079 5782 3076 5782 3108 5783 3080 5783 3077 5783 3108 5784 3074 5784 3105 5784 3108 5785 3077 5785 3074 5785 3109 5786 3075 5786 3106 5786 3109 5787 3078 5787 3075 5787 3109 5788 3081 5788 3078 5788 3110 5789 3079 5789 3107 5789 3111 5790 3080 5790 3108 5790 3112 5791 3081 5791 3109 5791 3113 5792 3079 5792 3110 5792 3113 5793 3082 5793 3079 5793 3114 5794 3080 5794 3111 5794 3114 5795 3083 5795 3080 5795 3115 5796 2770 5796 2772 5796 3115 5797 3081 5797 3112 5797 3115 5798 2772 5798 3084 5798 3115 5799 3084 5799 3081 5799 3116 5800 3082 5800 3113 5800 3116 5801 3085 5801 3082 5801 3117 5802 3086 5802 3083 5802 3117 5803 3083 5803 3114 5803 3118 5804 3087 5804 3085 5804 3118 5805 3085 5805 3116 5805 3119 5806 3088 5806 3086 5806 3119 5807 3086 5807 3117 5807 3119 5808 3090 5808 3088 5808 3120 5809 3089 5809 3087 5809 3120 5810 3087 5810 3118 5810 3121 5811 3092 5811 3090 5811 3121 5812 3090 5812 3119 5812 3122 5813 3091 5813 3089 5813 3122 5814 3089 5814 3120 5814 3123 5815 3092 5815 3121 5815 3124 5816 3093 5816 3091 5816 3124 5817 3091 5817 3122 5817 3125 5818 3094 5818 3092 5818 3125 5819 3092 5819 3123 5819 3126 5820 3093 5820 3124 5820 3126 5821 3095 5821 3093 5821 3127 5822 3094 5822 3125 5822 3127 5823 3096 5823 3094 5823 3128 5824 3099 5824 3097 5824 3128 5825 3097 5825 3095 5825 3128 5826 3095 5826 3126 5826 3129 5827 3098 5827 3096 5827 3129 5828 3096 5828 3127 5828 3130 5829 3099 5829 3128 5829 3131 5830 3098 5830 3129 5830 3131 5831 3100 5831 3098 5831 3131 5832 3103 5832 3100 5832 3132 5833 3101 5833 2742 5833 3132 5834 3104 5834 3101 5834 3133 5835 3099 5835 3130 5835 3133 5836 3102 5836 3099 5836 3133 5837 3105 5837 3102 5837 3134 5838 3103 5838 3131 5838 3134 5839 3106 5839 3103 5839 3135 5840 3104 5840 3132 5840 3136 5841 3105 5841 3133 5841 3137 5842 3106 5842 3134 5842 3138 5843 3104 5843 3135 5843 3138 5844 3107 5844 3104 5844 3138 5845 3110 5845 3107 5845 3139 5846 3105 5846 3136 5846 3139 5847 3108 5847 3105 5847 3140 5848 3106 5848 3137 5848 3140 5849 3109 5849 3106 5849 3141 5850 3110 5850 3138 5850 3142 5851 3108 5851 3139 5851 3142 5852 3111 5852 3108 5852 3143 5853 3109 5853 3140 5853 3143 5854 3112 5854 3109 5854 3143 5855 3115 5855 3112 5855 3144 5856 3113 5856 3110 5856 3144 5857 3110 5857 3141 5857 3144 5858 3116 5858 3113 5858 3145 5859 3117 5859 3114 5859 3145 5860 3111 5860 3142 5860 3145 5861 3114 5861 3111 5861 3146 5862 2767 5862 2770 5862 3146 5863 3115 5863 3143 5863 3146 5864 2770 5864 3115 5864 3147 5865 3116 5865 3144 5865 3148 5866 3117 5866 3145 5866 3149 5867 3120 5867 3118 5867 3149 5868 3118 5868 3116 5868 3149 5869 3116 5869 3147 5869 3150 5870 3121 5870 3119 5870 3150 5871 3117 5871 3148 5871 3150 5872 3119 5872 3117 5872 3151 5873 3122 5873 3120 5873 3151 5874 3120 5874 3149 5874 3152 5875 3121 5875 3150 5875 3153 5876 3122 5876 3151 5876 3154 5877 3123 5877 3121 5877 3154 5878 3121 5878 3152 5878 3155 5879 3124 5879 3122 5879 3155 5880 3122 5880 3153 5880 3156 5881 3125 5881 3123 5881 3156 5882 3127 5882 3125 5882 3156 5883 3123 5883 3154 5883 3157 5884 3128 5884 3126 5884 3157 5885 3126 5885 3124 5885 3157 5886 3124 5886 3155 5886 3158 5887 3127 5887 3156 5887 3159 5888 3130 5888 3128 5888 3159 5889 3128 5889 3157 5889 3160 5890 3127 5890 3158 5890 3160 5891 3129 5891 3127 5891 3161 5892 3130 5892 3159 5892 3161 5893 3133 5893 3130 5893 3162 5894 3129 5894 3160 5894 3162 5895 3131 5895 3129 5895 3162 5896 3134 5896 3131 5896 3163 5897 3132 5897 2742 5897 3163 5898 2742 5898 2741 5898 3164 5899 3133 5899 3161 5899 3165 5900 3134 5900 3162 5900 3165 5901 3137 5901 3134 5901 3166 5902 3135 5902 3132 5902 3166 5903 3132 5903 3163 5903 3167 5904 3133 5904 3164 5904 3167 5905 3136 5905 3133 5905 3168 5906 3137 5906 3165 5906 3168 5907 3140 5907 3137 5907 3169 5908 3135 5908 3166 5908 3169 5909 3138 5909 3135 5909 3170 5910 3136 5910 3167 5910 3170 5911 3139 5911 3136 5911 3171 5912 3140 5912 3168 5912 3172 5913 3138 5913 3169 5913 3172 5914 3141 5914 3138 5914 3173 5915 3139 5915 3170 5915 3173 5916 3142 5916 3139 5916 3173 5917 3145 5917 3142 5917 3174 5918 3140 5918 3171 5918 3174 5919 3143 5919 3140 5919 3175 5920 3144 5920 3141 5920 3175 5921 3141 5921 3172 5921 3176 5922 3145 5922 3173 5922 3177 5923 2763 5923 2767 5923 3177 5924 2767 5924 3146 5924 3177 5925 3143 5925 3174 5925 3177 5926 3146 5926 3143 5926 3178 5927 3147 5927 3144 5927 3178 5928 3144 5928 3175 5928 3179 5929 3145 5929 3176 5929 3179 5930 3148 5930 3145 5930 3179 5931 3150 5931 3148 5931 3180 5932 3149 5932 3147 5932 3180 5933 3147 5933 3178 5933 3181 5934 3150 5934 3179 5934 3182 5935 3149 5935 3180 5935 3182 5936 3151 5936 3149 5936 3183 5937 3154 5937 3152 5937 3183 5938 3150 5938 3181 5938 3183 5939 3152 5939 3150 5939 3184 5940 3153 5940 3151 5940 3184 5941 3151 5941 3182 5941 3185 5942 3154 5942 3183 5942 3186 5943 3155 5943 3153 5943 3186 5944 3153 5944 3184 5944 3187 5945 3156 5945 3154 5945 3187 5946 3154 5946 3185 5946 3188 5947 3155 5947 3186 5947 3188 5948 3157 5948 3155 5948 3189 5949 3156 5949 3187 5949 3189 5950 3158 5950 3156 5950 3190 5951 3159 5951 3157 5951 3190 5952 3157 5952 3188 5952 3191 5953 3160 5953 3158 5953 3191 5954 3162 5954 3160 5954 3191 5955 3158 5955 3189 5955 3192 5956 3161 5956 3159 5956 3192 5957 3159 5957 3190 5957 3193 5958 3162 5958 3191 5958 3194 5959 3163 5959 2741 5959 3194 5960 3166 5960 3163 5960 3194 5961 2740 5961 2739 5961 3194 5962 2741 5962 2740 5962 3195 5963 3161 5963 3192 5963 3195 5964 3164 5964 3161 5964 3196 5965 3165 5965 3162 5965 3196 5966 3168 5966 3165 5966 3196 5967 3162 5967 3193 5967 3197 5968 3166 5968 3194 5968 3198 5969 3164 5969 3195 5969 3198 5970 3167 5970 3164 5970 3199 5971 3168 5971 3196 5971 3200 5972 3172 5972 3169 5972 3200 5973 3166 5973 3197 5973 3200 5974 3169 5974 3166 5974 3201 5975 3170 5975 3167 5975 3201 5976 3167 5976 3198 5976 3202 5977 3168 5977 3199 5977 3202 5978 3171 5978 3168 5978 3202 5979 3174 5979 3171 5979 3203 5980 3172 5980 3200 5980 3203 5981 3175 5981 3172 5981 3204 5982 3173 5982 3170 5982 3204 5983 3170 5983 3201 5983 3205 5984 3174 5984 3202 5984 3206 5985 3175 5985 3203 5985 3207 5986 3176 5986 3173 5986 3207 5987 3173 5987 3204 5987 3208 5988 2764 5988 2763 5988 3208 5989 3174 5989 3205 5989 3208 5990 2763 5990 3177 5990 3208 5991 3177 5991 3174 5991 3209 5992 3178 5992 3175 5992 3209 5993 3175 5993 3206 5993 3210 5994 3176 5994 3207 5994 3210 5995 3179 5995 3176 5995 3211 5996 3178 5996 3209 5996 3211 5997 3180 5997 3178 5997 3212 5998 3179 5998 3210 5998 3212 5999 3181 5999 3179 5999 3213 6000 3180 6000 3211 6000 3213 6001 3182 6001 3180 6001 3214 6002 3181 6002 3212 6002 3214 6003 3183 6003 3181 6003 3215 6004 3184 6004 3182 6004 3215 6005 3182 6005 3213 6005 3216 6006 3183 6006 3214 6006 3216 6007 3185 6007 3183 6007 3217 6008 3184 6008 3215 6008 3217 6009 3186 6009 3184 6009 3218 6010 3187 6010 3185 6010 3218 6011 3185 6011 3216 6011 3219 6012 3188 6012 3186 6012 3219 6013 3186 6013 3217 6013 3220 6014 3187 6014 3218 6014 3220 6015 3189 6015 3187 6015 3221 6016 3190 6016 3188 6016 3221 6017 3188 6017 3219 6017 3222 6018 3191 6018 3189 6018 3222 6019 3189 6019 3220 6019 3223 6020 3190 6020 3221 6020 3223 6021 3192 6021 3190 6021 3224 6022 3193 6022 3191 6022 3224 6023 3191 6023 3222 6023 3225 6024 3197 6024 3194 6024 3225 6025 3194 6025 2739 6025 3226 6026 3195 6026 3192 6026 3226 6027 3192 6027 3223 6027 3227 6028 3196 6028 3193 6028 3227 6029 3193 6029 3224 6029 3228 6030 3197 6030 3225 6030 3229 6031 3195 6031 3226 6031 3229 6032 3198 6032 3195 6032 3230 6033 3196 6033 3227 6033 3230 6034 3199 6034 3196 6034 3231 6035 3203 6035 3200 6035 3231 6036 3197 6036 3228 6036 3231 6037 3200 6037 3197 6037 3232 6038 3201 6038 3198 6038 3232 6039 3198 6039 3229 6039 3233 6040 3199 6040 3230 6040 3233 6041 3202 6041 3199 6041 3233 6042 3205 6042 3202 6042 3234 6043 3203 6043 3231 6043 3235 6044 3201 6044 3232 6044 3235 6045 3204 6045 3201 6045 3236 6046 3205 6046 3233 6046 3237 6047 3203 6047 3234 6047 3237 6048 3206 6048 3203 6048 3238 6049 3207 6049 3204 6049 3238 6050 3204 6050 3235 6050 3239 6051 2759 6051 2764 6051 3239 6052 3205 6052 3236 6052 3239 6053 2764 6053 3208 6053 3239 6054 3208 6054 3205 6054 3240 6055 3209 6055 3206 6055 3240 6056 3206 6056 3237 6056 3241 6057 3207 6057 3238 6057 3241 6058 3210 6058 3207 6058 3242 6059 3213 6059 3211 6059 3242 6060 3209 6060 3240 6060 3242 6061 3211 6061 3209 6061 3243 6062 3210 6062 3241 6062 3243 6063 3212 6063 3210 6063 3244 6064 3215 6064 3213 6064 3244 6065 3213 6065 3242 6065 3245 6066 3214 6066 3212 6066 3245 6067 3212 6067 3243 6067 3245 6068 3216 6068 3214 6068 3246 6069 3215 6069 3244 6069 3247 6070 3216 6070 3245 6070 3247 6071 3218 6071 3216 6071 3248 6072 3215 6072 3246 6072 3248 6073 3217 6073 3215 6073 3249 6074 3218 6074 3247 6074 3249 6075 3220 6075 3218 6075 3250 6076 3219 6076 3217 6076 3250 6077 3217 6077 3248 6077 3251 6078 3220 6078 3249 6078 3252 6079 3219 6079 3250 6079 3252 6080 3221 6080 3219 6080 3252 6081 3223 6081 3221 6081 3253 6082 3222 6082 3220 6082 3253 6083 3220 6083 3251 6083 3254 6084 3226 6084 3223 6084 3254 6085 3223 6085 3252 6085 3255 6086 3224 6086 3222 6086 3255 6087 3222 6087 3253 6087 3256 6088 3225 6088 2739 6088 3256 6089 2739 6089 2738 6089 3257 6090 3226 6090 3254 6090 3258 6091 3227 6091 3224 6091 3258 6092 3224 6092 3255 6092 3259 6093 3225 6093 3256 6093 3259 6094 3228 6094 3225 6094 3260 6095 3229 6095 3226 6095 3260 6096 3226 6096 3257 6096 3261 6097 3230 6097 3227 6097 3261 6098 3227 6098 3258 6098 3262 6099 3228 6099 3259 6099 3262 6100 3231 6100 3228 6100 3263 6101 3232 6101 3229 6101 3263 6102 3229 6102 3260 6102 3264 6103 3230 6103 3261 6103 3264 6104 3233 6104 3230 6104 3265 6105 3231 6105 3262 6105 3265 6106 3234 6106 3231 6106 3266 6107 3232 6107 3263 6107 3266 6108 3235 6108 3232 6108 3266 6109 3238 6109 3235 6109 3267 6110 3233 6110 3264 6110 3267 6111 3236 6111 3233 6111 3268 6112 3234 6112 3265 6112 3268 6113 3237 6113 3234 6113 3269 6114 3238 6114 3266 6114 3269 6115 3241 6115 3238 6115 3270 6116 3236 6116 3267 6116 3270 6117 2760 6117 2759 6117 3270 6118 3239 6118 3236 6118 3270 6119 2759 6119 3239 6119 3271 6120 3237 6120 3268 6120 3271 6121 3240 6121 3237 6121 3272 6122 3241 6122 3269 6122 3273 6123 3240 6123 3271 6123 3273 6124 3242 6124 3240 6124 3274 6125 3243 6125 3241 6125 3274 6126 3241 6126 3272 6126 3275 6127 3242 6127 3273 6127 3275 6128 3244 6128 3242 6128 3276 6129 3243 6129 3274 6129 3276 6130 3247 6130 3245 6130 3276 6131 3245 6131 3243 6131 3277 6132 3244 6132 3275 6132 3277 6133 3246 6133 3244 6133 3277 6134 3248 6134 3246 6134 3278 6135 3247 6135 3276 6135 3278 6136 3249 6136 3247 6136 3279 6137 3248 6137 3277 6137 3280 6138 3249 6138 3278 6138 3281 6139 3250 6139 3248 6139 3281 6140 3248 6140 3279 6140 3282 6141 3249 6141 3280 6141 3282 6142 3251 6142 3249 6142 3283 6143 3250 6143 3281 6143 3283 6144 3252 6144 3250 6144 3284 6145 3251 6145 3282 6145 3284 6146 3255 6146 3253 6146 3284 6147 3253 6147 3251 6147 3285 6148 3252 6148 3283 6148 3285 6149 3254 6149 3252 6149 3286 6150 3255 6150 3284 6150 3287 6151 3256 6151 2738 6151 3287 6152 2737 6152 2736 6152 3287 6153 2738 6153 2737 6153 3287 6154 3259 6154 3256 6154 3288 6155 3254 6155 3285 6155 3288 6156 3257 6156 3254 6156 3289 6157 3261 6157 3258 6157 3289 6158 3258 6158 3255 6158 3289 6159 3255 6159 3286 6159 3290 6160 3262 6160 3259 6160 3290 6161 3259 6161 3287 6161 3291 6162 3257 6162 3288 6162 3291 6163 3260 6163 3257 6163 3292 6164 3261 6164 3289 6164 3293 6165 3262 6165 3290 6165 3294 6166 3260 6166 3291 6166 3294 6167 3266 6167 3263 6167 3294 6168 3263 6168 3260 6168 3295 6169 3264 6169 3261 6169 3295 6170 3267 6170 3264 6170 3295 6171 3261 6171 3292 6171 3296 6172 3262 6172 3293 6172 3296 6173 3265 6173 3262 6173 3296 6174 3268 6174 3265 6174 3297 6175 3266 6175 3294 6175 3298 6176 3267 6176 3295 6176 3299 6177 3268 6177 3296 6177 3300 6178 3269 6178 3266 6178 3300 6179 3266 6179 3297 6179 3301 6180 3267 6180 3298 6180 3301 6181 3270 6181 3267 6181 3301 6182 2758 6182 2760 6182 3301 6183 2760 6183 3270 6183 3302 6184 3268 6184 3299 6184 3302 6185 3271 6185 3268 6185 3303 6186 3272 6186 3269 6186 3303 6187 3269 6187 3300 6187 3304 6188 3273 6188 3271 6188 3304 6189 3271 6189 3302 6189 3305 6190 3272 6190 3303 6190 3305 6191 3274 6191 3272 6191 3306 6192 3275 6192 3273 6192 3306 6193 3273 6193 3304 6193 3307 6194 3274 6194 3305 6194 3307 6195 3276 6195 3274 6195 3308 6196 3275 6196 3306 6196 3308 6197 3277 6197 3275 6197 3309 6198 3278 6198 3276 6198 3309 6199 3276 6199 3307 6199 3310 6200 3277 6200 3308 6200 3310 6201 3279 6201 3277 6201 3311 6202 3278 6202 3309 6202 3311 6203 3280 6203 3278 6203 3312 6204 3281 6204 3279 6204 3312 6205 3279 6205 3310 6205 3312 6206 3283 6206 3281 6206 3313 6207 3280 6207 3311 6207 3313 6208 3282 6208 3280 6208 3314 6209 3283 6209 3312 6209 3315 6210 3284 6210 3282 6210 3315 6211 3282 6211 3313 6211 3316 6212 3285 6212 3283 6212 3316 6213 3283 6213 3314 6213 3317 6214 3284 6214 3315 6214 3317 6215 3286 6215 3284 6215 3318 6216 3287 6216 2736 6216 3318 6217 2736 6217 2735 6217 3319 6218 3288 6218 3285 6218 3319 6219 3285 6219 3316 6219 3320 6220 3289 6220 3286 6220 3320 6221 3286 6221 3317 6221 3321 6222 3293 6222 3290 6222 3321 6223 3287 6223 3318 6223 3321 6224 3290 6224 3287 6224 3322 6225 3288 6225 3319 6225 3322 6226 3291 6226 3288 6226 3323 6227 3292 6227 3289 6227 3323 6228 3289 6228 3320 6228 3324 6229 3293 6229 3321 6229 3325 6230 3294 6230 3291 6230 3325 6231 3291 6231 3322 6231 3326 6232 3295 6232 3292 6232 3326 6233 3292 6233 3323 6233 3327 6234 3296 6234 3293 6234 3327 6235 3293 6235 3324 6235 3328 6236 3294 6236 3325 6236 3328 6237 3297 6237 3294 6237 3329 6238 3298 6238 3295 6238 3329 6239 3295 6239 3326 6239 3330 6240 3296 6240 3327 6240 3330 6241 3299 6241 3296 6241 3331 6242 3300 6242 3297 6242 3331 6243 3297 6243 3328 6243 3332 6244 3298 6244 3329 6244 3332 6245 3301 6245 3298 6245 3332 6246 2758 6246 3301 6246 3332 6247 2752 6247 2758 6247 3333 6248 3299 6248 3330 6248 3333 6249 3302 6249 3299 6249 3334 6250 3300 6250 3331 6250 3334 6251 3303 6251 3300 6251 3335 6252 3302 6252 3333 6252 3335 6253 3304 6253 3302 6253 3336 6254 3303 6254 3334 6254 3336 6255 3305 6255 3303 6255 3337 6256 3306 6256 3304 6256 3337 6257 3304 6257 3335 6257 3338 6258 3305 6258 3336 6258 3338 6259 3307 6259 3305 6259 3339 6260 3306 6260 3337 6260 3339 6261 3308 6261 3306 6261 3339 6262 3310 6262 3308 6262 3340 6263 3309 6263 3307 6263 3340 6264 3307 6264 3338 6264 3341 6265 3310 6265 3339 6265 3342 6266 3309 6266 3340 6266 3342 6267 3311 6267 3309 6267 3343 6268 3310 6268 3341 6268 3343 6269 3312 6269 3310 6269 3344 6270 3311 6270 3342 6270 3344 6271 3313 6271 3311 6271 3345 6272 3314 6272 3312 6272 3345 6273 3312 6273 3343 6273 3346 6274 3313 6274 3344 6274 3346 6275 3315 6275 3313 6275 3347 6276 3314 6276 3345 6276 3347 6277 3316 6277 3314 6277 3347 6278 3319 6278 3316 6278 3348 6279 3317 6279 3315 6279 3348 6280 3315 6280 3346 6280 3349 6281 3318 6281 2735 6281 3350 6282 3319 6282 3347 6282 3351 6283 3320 6283 3317 6283 3351 6284 3317 6284 3348 6284 3352 6285 3318 6285 3349 6285 3352 6286 3321 6286 3318 6286 3353 6287 3322 6287 3319 6287 3353 6288 3319 6288 3350 6288 3354 6289 3323 6289 3320 6289 3354 6290 3320 6290 3351 6290 3355 6291 3324 6291 3321 6291 3355 6292 3321 6292 3352 6292 3356 6293 3325 6293 3322 6293 3356 6294 3322 6294 3353 6294 3356 6295 3328 6295 3325 6295 3357 6296 3326 6296 3323 6296 3357 6297 3323 6297 3354 6297 3358 6298 3324 6298 3355 6298 3358 6299 3330 6299 3327 6299 3358 6300 3327 6300 3324 6300 3359 6301 3328 6301 3356 6301 3360 6302 3329 6302 3326 6302 3360 6303 3326 6303 3357 6303 3361 6304 3330 6304 3358 6304 3362 6305 3328 6305 3359 6305 3362 6306 3331 6306 3328 6306 3363 6307 3332 6307 3329 6307 3363 6308 3329 6308 3360 6308 3363 6309 2752 6309 3332 6309 3363 6310 2753 6310 2752 6310 3364 6311 3330 6311 3361 6311 3364 6312 3333 6312 3330 6312 3365 6313 3334 6313 3331 6313 3365 6314 3336 6314 3334 6314 3365 6315 3331 6315 3362 6315 3366 6316 3333 6316 3364 6316 3366 6317 3337 6317 3335 6317 3366 6318 3335 6318 3333 6318 3367 6319 3336 6319 3365 6319 3367 6320 3338 6320 3336 6320 3368 6321 3337 6321 3366 6321 3369 6322 3340 6322 3338 6322 3369 6323 3338 6323 3367 6323 3370 6324 3339 6324 3337 6324 3370 6325 3337 6325 3368 6325 3371 6326 3340 6326 3369 6326 3372 6327 3343 6327 3341 6327 3372 6328 3341 6328 3339 6328 3372 6329 3339 6329 3370 6329 3373 6330 3340 6330 3371 6330 3373 6331 3342 6331 3340 6331 3374 6332 3343 6332 3372 6332 3374 6333 3345 6333 3343 6333 3375 6334 3344 6334 3342 6334 3375 6335 3342 6335 3373 6335 3376 6336 3345 6336 3374 6336 3377 6337 3346 6337 3344 6337 3377 6338 3348 6338 3346 6338 3377 6339 3344 6339 3375 6339 3378 6340 3347 6340 3345 6340 3378 6341 3345 6341 3376 6341 3378 6342 3350 6342 3347 6342 3379 6343 3348 6343 3377 6343 3380 6344 3349 6344 2735 6344 3380 6345 2734 6345 2733 6345 3380 6346 2735 6346 2734 6346 3381 6347 3350 6347 3378 6347 3381 6348 3353 6348 3350 6348 3382 6349 3348 6349 3379 6349 3382 6350 3351 6350 3348 6350 3382 6351 3354 6351 3351 6351 3383 6352 3349 6352 3380 6352 3383 6353 3352 6353 3349 6353 3384 6354 3353 6354 3381 6354 3385 6355 3354 6355 3382 6355 3386 6356 3352 6356 3383 6356 3386 6357 3355 6357 3352 6357 3387 6358 3353 6358 3384 6358 3387 6359 3356 6359 3353 6359 3388 6360 3357 6360 3354 6360 3388 6361 3354 6361 3385 6361 3389 6362 3355 6362 3386 6362 3389 6363 3361 6363 3358 6363 3389 6364 3358 6364 3355 6364 3390 6365 3356 6365 3387 6365 3390 6366 3359 6366 3356 6366 3391 6367 3360 6367 3357 6367 3391 6368 3357 6368 3388 6368 3392 6369 3361 6369 3389 6369 3393 6370 3362 6370 3359 6370 3393 6371 3359 6371 3390 6371 3394 6372 2753 6372 3363 6372 3394 6373 3363 6373 3360 6373 3394 6374 2754 6374 2753 6374 3394 6375 3360 6375 3391 6375 3395 6376 3364 6376 3361 6376 3395 6377 3361 6377 3392 6377 3396 6378 3367 6378 3365 6378 3396 6379 3365 6379 3362 6379 3396 6380 3362 6380 3393 6380 3397 6381 3366 6381 3364 6381 3397 6382 3364 6382 3395 6382 3398 6383 3367 6383 3396 6383 3398 6384 3369 6384 3367 6384 3399 6385 3366 6385 3397 6385 3399 6386 3368 6386 3366 6386 3400 6387 3369 6387 3398 6387 3401 6388 3368 6388 3399 6388 3401 6389 3370 6389 3368 6389 3402 6390 3369 6390 3400 6390 3402 6391 3371 6391 3369 6391 3403 6392 3370 6392 3401 6392 3403 6393 3372 6393 3370 6393 3404 6394 3371 6394 3402 6394 3404 6395 3373 6395 3371 6395 3405 6396 3372 6396 3403 6396 3405 6397 3374 6397 3372 6397 3406 6398 3373 6398 3404 6398 3406 6399 3375 6399 3373 6399 3407 6400 3374 6400 3405 6400 3407 6401 3376 6401 3374 6401 3408 6402 3375 6402 3406 6402 3408 6403 3377 6403 3375 6403 3408 6404 3379 6404 3377 6404 3409 6405 3376 6405 3407 6405 3409 6406 3378 6406 3376 6406 3410 6407 3379 6407 3408 6407 3411 6408 3380 6408 2733 6408 3412 6409 3381 6409 3378 6409 3412 6410 3378 6410 3409 6410 3413 6411 3382 6411 3379 6411 3413 6412 3379 6412 3410 6412 3413 6413 3385 6413 3382 6413 3414 6414 3383 6414 3380 6414 3414 6415 3380 6415 3411 6415 3415 6416 3381 6416 3412 6416 3415 6417 3384 6417 3381 6417 3416 6418 3385 6418 3413 6418 3417 6419 3383 6419 3414 6419 3417 6420 3386 6420 3383 6420 3417 6421 3389 6421 3386 6421 3418 6422 3384 6422 3415 6422 3418 6423 3387 6423 3384 6423 3419 6424 3385 6424 3416 6424 3419 6425 3391 6425 3388 6425 3419 6426 3388 6426 3385 6426 3420 6427 3389 6427 3417 6427 3421 6428 3390 6428 3387 6428 3421 6429 3387 6429 3418 6429 3422 6430 3391 6430 3419 6430 3423 6431 3392 6431 3389 6431 3423 6432 3389 6432 3420 6432 3424 6433 3393 6433 3390 6433 3424 6434 3390 6434 3421 6434 3425 6435 3394 6435 3391 6435 3425 6436 2754 6436 3394 6436 3425 6437 2755 6437 2754 6437 3425 6438 3391 6438 3422 6438 3426 6439 3395 6439 3392 6439 3426 6440 3392 6440 3423 6440 3427 6441 3396 6441 3393 6441 3427 6442 3393 6442 3424 6442 3428 6443 3395 6443 3426 6443 3428 6444 3397 6444 3395 6444 3428 6445 3399 6445 3397 6445 3429 6446 3396 6446 3427 6446 3429 6447 3398 6447 3396 6447 3430 6448 3399 6448 3428 6448 3431 6449 3400 6449 3398 6449 3431 6450 3398 6450 3429 6450 3432 6451 3399 6451 3430 6451 3432 6452 3403 6452 3401 6452 3432 6453 3401 6453 3399 6453 3433 6454 3400 6454 3431 6454 3433 6455 3402 6455 3400 6455 3434 6456 3403 6456 3432 6456 3435 6457 3402 6457 3433 6457 3435 6458 3404 6458 3402 6458 3436 6459 3403 6459 3434 6459 3436 6460 3405 6460 3403 6460 3436 6461 3407 6461 3405 6461 3437 6462 3404 6462 3435 6462 3437 6463 3406 6463 3404 6463 3438 6464 3409 6464 3407 6464 3438 6465 3407 6465 3436 6465 3439 6466 3408 6466 3406 6466 3439 6467 3406 6467 3437 6467 3440 6468 3409 6468 3438 6468 3441 6469 3408 6469 3439 6469 3441 6470 3410 6470 3408 6470 3442 6471 3411 6471 2733 6471 3442 6472 2733 6472 2732 6472 3443 6473 3412 6473 3409 6473 3443 6474 3409 6474 3440 6474 3443 6475 3415 6475 3412 6475 3444 6476 3410 6476 3441 6476 3444 6477 3413 6477 3410 6477 3445 6478 3411 6478 3442 6478 3445 6479 3414 6479 3411 6479 3446 6480 3415 6480 3443 6480 3447 6481 3413 6481 3444 6481 3447 6482 3416 6482 3413 6482 3448 6483 3417 6483 3414 6483 3448 6484 3414 6484 3445 6484 3449 6485 3415 6485 3446 6485 3449 6486 3418 6486 3415 6486 3449 6487 3421 6487 3418 6487 3450 6488 3416 6488 3447 6488 3450 6489 3419 6489 3416 6489 3450 6490 3422 6490 3419 6490 3451 6491 3417 6491 3448 6491 3451 6492 3420 6492 3417 6492 3452 6493 3424 6493 3421 6493 3452 6494 3421 6494 3449 6494 3453 6495 3422 6495 3450 6495 3454 6496 3420 6496 3451 6496 3454 6497 3423 6497 3420 6497 3455 6498 3424 6498 3452 6498 3455 6499 3427 6499 3424 6499 3456 6500 2755 6500 3425 6500 3456 6501 3425 6501 3422 6501 3456 6502 2756 6502 2755 6502 3456 6503 3422 6503 3453 6503 3457 6504 3423 6504 3454 6504 3457 6505 3426 6505 3423 6505 3458 6506 3427 6506 3455 6506 3459 6507 3426 6507 3457 6507 3459 6508 3428 6508 3426 6508 3460 6509 3429 6509 3427 6509 3460 6510 3431 6510 3429 6510 3460 6511 3427 6511 3458 6511 3461 6512 3428 6512 3459 6512 3461 6513 3430 6513 3428 6513 3462 6514 3431 6514 3460 6514 3463 6515 3430 6515 3461 6515 3463 6516 3432 6516 3430 6516 3464 6517 3433 6517 3431 6517 3464 6518 3435 6518 3433 6518 3464 6519 3431 6519 3462 6519 3465 6520 3434 6520 3432 6520 3465 6521 3432 6521 3463 6521 3466 6522 3435 6522 3464 6522 3467 6523 3434 6523 3465 6523 3467 6524 3436 6524 3434 6524 3468 6525 3435 6525 3466 6525 3468 6526 3437 6526 3435 6526 3469 6527 3436 6527 3467 6527 3469 6528 3438 6528 3436 6528 3470 6529 3439 6529 3437 6529 3470 6530 3437 6530 3468 6530 3471 6531 3438 6531 3469 6531 3471 6532 3440 6532 3438 6532 3471 6533 3443 6533 3440 6533 3472 6534 3439 6534 3470 6534 3472 6535 3444 6535 3441 6535 3472 6536 3441 6536 3439 6536 3473 6537 3442 6537 2732 6537 3473 6538 2732 6538 2731 6538 3474 6539 3443 6539 3471 6539 3475 6540 3444 6540 3472 6540 3475 6541 3447 6541 3444 6541 3476 6542 3448 6542 3445 6542 3476 6543 3442 6543 3473 6543 3476 6544 3445 6544 3442 6544 3477 6545 3443 6545 3474 6545 3477 6546 3446 6546 3443 6546 3478 6547 3447 6547 3475 6547 3479 6548 3448 6548 3476 6548 3480 6549 3446 6549 3477 6549 3480 6550 3449 6550 3446 6550 3481 6551 3447 6551 3478 6551 3481 6552 3450 6552 3447 6552 3482 6553 3448 6553 3479 6553 3482 6554 3451 6554 3448 6554 3483 6555 3449 6555 3480 6555 3483 6556 3452 6556 3449 6556 3484 6557 3450 6557 3481 6557 3484 6558 3453 6558 3450 6558 3484 6559 3456 6559 3453 6559 3485 6560 3454 6560 3451 6560 3485 6561 3451 6561 3482 6561 3486 6562 3452 6562 3483 6562 3486 6563 3455 6563 3452 6563 3487 6564 2757 6564 2756 6564 3487 6565 3456 6565 3484 6565 3487 6566 2756 6566 3456 6566 3488 6567 3454 6567 3485 6567 3488 6568 3457 6568 3454 6568 3489 6569 3458 6569 3455 6569 3489 6570 3455 6570 3486 6570 3490 6571 3459 6571 3457 6571 3490 6572 3457 6572 3488 6572 3491 6573 3460 6573 3458 6573 3491 6574 3458 6574 3489 6574 3492 6575 3461 6575 3459 6575 3492 6576 3459 6576 3490 6576 3493 6577 3462 6577 3460 6577 3493 6578 3460 6578 3491 6578 3494 6579 3463 6579 3461 6579 3494 6580 3461 6580 3492 6580 3495 6581 3464 6581 3462 6581 3495 6582 3462 6582 3493 6582 3496 6583 3465 6583 3463 6583 3496 6584 3463 6584 3494 6584 3497 6585 3464 6585 3495 6585 3497 6586 3466 6586 3464 6586 3498 6587 3465 6587 3496 6587 3498 6588 3467 6588 3465 6588 3499 6589 3466 6589 3497 6589 3499 6590 3468 6590 3466 6590 3500 6591 3469 6591 3467 6591 3500 6592 3467 6592 3498 6592 3501 6593 3470 6593 3468 6593 3501 6594 3468 6594 3499 6594 3502 6595 3469 6595 3500 6595 3502 6596 3471 6596 3469 6596 3503 6597 3470 6597 3501 6597 3503 6598 3472 6598 3470 6598 3504 6599 3473 6599 2731 6599 3504 6600 2730 6600 2729 6600 3504 6601 2731 6601 2730 6601 3505 6602 3471 6602 3502 6602 3505 6603 3474 6603 3471 6603 3506 6604 3472 6604 3503 6604 3506 6605 3475 6605 3472 6605 3507 6606 3473 6606 3504 6606 3507 6607 3476 6607 3473 6607 3508 6608 3474 6608 3505 6608 3508 6609 3477 6609 3474 6609 3509 6610 3475 6610 3506 6610 3509 6611 3478 6611 3475 6611 3510 6612 3476 6612 3507 6612 3510 6613 3479 6613 3476 6613 3510 6614 3482 6614 3479 6614 3511 6615 3480 6615 3477 6615 3511 6616 3477 6616 3508 6616 3511 6617 3483 6617 3480 6617 3512 6618 3478 6618 3509 6618 3512 6619 3481 6619 3478 6619 3513 6620 3482 6620 3510 6620 3514 6621 3483 6621 3511 6621 3515 6622 3481 6622 3512 6622 3515 6623 3484 6623 3481 6623 3516 6624 3482 6624 3513 6624 3516 6625 3485 6625 3482 6625 3517 6626 3483 6626 3514 6626 3517 6627 3486 6627 3483 6627 3518 6628 2761 6628 2757 6628 3518 6629 2757 6629 3487 6629 3518 6630 3484 6630 3515 6630 3518 6631 3487 6631 3484 6631 3519 6632 3488 6632 3485 6632 3519 6633 3485 6633 3516 6633 3519 6634 3490 6634 3488 6634 3520 6635 3486 6635 3517 6635 3520 6636 3489 6636 3486 6636 3521 6637 3490 6637 3519 6637 3521 6638 3492 6638 3490 6638 3522 6639 3491 6639 3489 6639 3522 6640 3489 6640 3520 6640 3523 6641 3492 6641 3521 6641 3524 6642 3493 6642 3491 6642 3524 6643 3491 6643 3522 6643 3525 6644 3496 6644 3494 6644 3525 6645 3494 6645 3492 6645 3525 6646 3492 6646 3523 6646 3526 6647 3495 6647 3493 6647 3526 6648 3493 6648 3524 6648 3527 6649 3496 6649 3525 6649 3528 6650 3495 6650 3526 6650 3528 6651 3497 6651 3495 6651 3529 6652 3498 6652 3496 6652 3529 6653 3496 6653 3527 6653 3530 6654 3497 6654 3528 6654 3530 6655 3499 6655 3497 6655 3531 6656 3498 6656 3529 6656 3531 6657 3500 6657 3498 6657 3532 6658 3499 6658 3530 6658 3532 6659 3501 6659 3499 6659 3533 6660 3502 6660 3500 6660 3533 6661 3500 6661 3531 6661 3534 6662 3501 6662 3532 6662 3534 6663 3503 6663 3501 6663 3535 6664 3504 6664 2729 6664 3536 6665 3508 6665 3505 6665 3536 6666 3505 6666 3502 6666 3536 6667 3502 6667 3533 6667 3537 6668 3506 6668 3503 6668 3537 6669 3503 6669 3534 6669 3538 6670 3507 6670 3504 6670 3538 6671 3504 6671 3535 6671 3539 6672 3508 6672 3536 6672 3540 6673 3506 6673 3537 6673 3540 6674 3512 6674 3509 6674 3540 6675 3509 6675 3506 6675 3541 6676 3513 6676 3510 6676 3541 6677 3507 6677 3538 6677 3541 6678 3510 6678 3507 6678 3542 6679 3508 6679 3539 6679 3542 6680 3511 6680 3508 6680 3543 6681 3512 6681 3540 6681 3544 6682 3513 6682 3541 6682 3545 6683 3514 6683 3511 6683 3545 6684 3511 6684 3542 6684 3545 6685 3517 6685 3514 6685 3546 6686 3512 6686 3543 6686 3546 6687 3515 6687 3512 6687 3546 6688 3518 6688 3515 6688 3547 6689 3516 6689 3513 6689 3547 6690 3513 6690 3544 6690 3548 6691 3517 6691 3545 6691 3549 6692 2762 6692 2761 6692 3549 6693 3518 6693 3546 6693 3549 6694 2761 6694 3518 6694 3550 6695 3516 6695 3547 6695 3550 6696 3519 6696 3516 6696 3551 6697 3517 6697 3548 6697 3551 6698 3520 6698 3517 6698 3552 6699 3521 6699 3519 6699 3552 6700 3519 6700 3550 6700 3553 6701 3524 6701 3522 6701 3553 6702 3520 6702 3551 6702 3553 6703 3522 6703 3520 6703 3554 6704 3521 6704 3552 6704 3554 6705 3523 6705 3521 6705 3555 6706 3524 6706 3553 6706 3555 6707 3526 6707 3524 6707 3556 6708 3523 6708 3554 6708 3556 6709 3525 6709 3523 6709 3557 6710 3526 6710 3555 6710 3558 6711 3527 6711 3525 6711 3558 6712 3525 6712 3556 6712 3559 6713 3528 6713 3526 6713 3559 6714 3526 6714 3557 6714 3560 6715 3529 6715 3527 6715 3560 6716 3531 6716 3529 6716 3560 6717 3527 6717 3558 6717 3561 6718 3530 6718 3528 6718 3561 6719 3532 6719 3530 6719 3561 6720 3528 6720 3559 6720 3562 6721 3531 6721 3560 6721 3562 6722 3533 6722 3531 6722 3563 6723 3532 6723 3561 6723 3564 6724 3533 6724 3562 6724 3565 6725 3534 6725 3532 6725 3565 6726 3532 6726 3563 6726 3566 6727 3535 6727 2729 6727 3566 6728 2729 6728 2728 6728 3567 6729 3533 6729 3564 6729 3567 6730 3536 6730 3533 6730 3568 6731 3534 6731 3565 6731 3568 6732 3537 6732 3534 6732 3568 6733 3540 6733 3537 6733 3569 6734 3535 6734 3566 6734 3569 6735 3538 6735 3535 6735 3570 6736 3536 6736 3567 6736 3570 6737 3539 6737 3536 6737 3571 6738 3540 6738 3568 6738 3572 6739 3538 6739 3569 6739 3572 6740 3541 6740 3538 6740 3573 6741 3539 6741 3570 6741 3573 6742 3542 6742 3539 6742 3574 6743 3543 6743 3540 6743 3574 6744 3546 6744 3543 6744 3574 6745 3540 6745 3571 6745 3575 6746 3541 6746 3572 6746 3575 6747 3544 6747 3541 6747 3576 6748 3545 6748 3542 6748 3576 6749 3542 6749 3573 6749 3577 6750 3546 6750 3574 6750 3577 6751 3549 6751 3546 6751 3578 6752 3550 6752 3547 6752 3578 6753 3544 6753 3575 6753 3578 6754 3547 6754 3544 6754 3579 6755 3545 6755 3576 6755 3579 6756 3548 6756 3545 6756 3580 6757 2765 6757 2762 6757 3580 6758 2762 6758 3549 6758 3580 6759 3549 6759 3577 6759 3581 6760 3550 6760 3578 6760 3582 6761 3548 6761 3579 6761 3582 6762 3551 6762 3548 6762 3583 6763 3554 6763 3552 6763 3583 6764 3550 6764 3581 6764 3583 6765 3552 6765 3550 6765 3584 6766 3553 6766 3551 6766 3584 6767 3551 6767 3582 6767 3585 6768 3554 6768 3583 6768 3586 6769 3553 6769 3584 6769 3586 6770 3555 6770 3553 6770 3587 6771 3558 6771 3556 6771 3587 6772 3554 6772 3585 6772 3587 6773 3556 6773 3554 6773 3588 6774 3555 6774 3586 6774 3588 6775 3557 6775 3555 6775 3589 6776 3558 6776 3587 6776 3590 6777 3559 6777 3557 6777 3590 6778 3557 6778 3588 6778 3591 6779 3560 6779 3558 6779 3591 6780 3558 6780 3589 6780 3592 6781 3561 6781 3559 6781 3592 6782 3559 6782 3590 6782 3593 6783 3562 6783 3560 6783 3593 6784 3560 6784 3591 6784 3594 6785 3563 6785 3561 6785 3594 6786 3561 6786 3592 6786 3595 6787 3562 6787 3593 6787 3595 6788 3564 6788 3562 6788 3596 6789 3565 6789 3563 6789 3596 6790 3563 6790 3594 6790 3597 6791 3566 6791 2728 6791 3597 6792 2728 6792 2727 6792 3598 6793 3570 6793 3567 6793 3598 6794 3567 6794 3564 6794 3598 6795 3564 6795 3595 6795 3599 6796 3565 6796 3596 6796 3599 6797 3568 6797 3565 6797 3599 6798 3571 6798 3568 6798 3600 6799 3569 6799 3566 6799 3600 6800 3566 6800 3597 6800 3601 6801 3570 6801 3598 6801 3602 6802 3571 6802 3599 6802 3603 6803 3572 6803 3569 6803 3603 6804 3569 6804 3600 6804 3604 6805 3576 6805 3573 6805 3604 6806 3573 6806 3570 6806 3604 6807 3570 6807 3601 6807 3605 6808 3571 6808 3602 6808 3605 6809 3574 6809 3571 6809 3606 6810 3575 6810 3572 6810 3606 6811 3572 6811 3603 6811 3607 6812 3576 6812 3604 6812 3607 6813 3579 6813 3576 6813 3608 6814 3574 6814 3605 6814 3608 6815 3577 6815 3574 6815 3609 6816 3575 6816 3606 6816 3609 6817 3578 6817 3575 6817 3610 6818 3579 6818 3607 6818 3611 6819 2766 6819 2765 6819 3611 6820 3577 6820 3608 6820 3611 6821 2765 6821 3580 6821 3611 6822 3580 6822 3577 6822 3612 6823 3581 6823 3578 6823 3612 6824 3578 6824 3609 6824 3613 6825 3579 6825 3610 6825 3613 6826 3582 6826 3579 6826 3614 6827 3581 6827 3612 6827 3614 6828 3583 6828 3581 6828 3615 6829 3586 6829 3584 6829 3615 6830 3582 6830 3613 6830 3615 6831 3584 6831 3582 6831 3616 6832 3585 6832 3583 6832 3616 6833 3583 6833 3614 6833 3617 6834 3586 6834 3615 6834 3618 6835 3587 6835 3585 6835 3618 6836 3585 6836 3616 6836 3619 6837 3586 6837 3617 6837 3619 6838 3588 6838 3586 6838 3620 6839 3587 6839 3618 6839 3620 6840 3589 6840 3587 6840 3621 6841 3592 6841 3590 6841 3621 6842 3588 6842 3619 6842 3621 6843 3590 6843 3588 6843 3622 6844 3589 6844 3620 6844 3622 6845 3591 6845 3589 6845 3623 6846 3592 6846 3621 6846 3624 6847 3593 6847 3591 6847 3624 6848 3591 6848 3622 6848 3625 6849 3594 6849 3592 6849 3625 6850 3592 6850 3623 6850 3626 6851 3593 6851 3624 6851 3626 6852 3595 6852 3593 6852 3627 6853 3596 6853 3594 6853 3627 6854 3599 6854 3596 6854 3627 6855 3594 6855 3625 6855 3628 6856 3597 6856 2727 6856 3628 6857 3600 6857 3597 6857 3628 6858 2727 6858 2726 6858 3629 6859 3595 6859 3626 6859 3629 6860 3598 6860 3595 6860 3630 6861 3599 6861 3627 6861 3631 6862 3600 6862 3628 6862 3632 6863 3598 6863 3629 6863 3632 6864 3601 6864 3598 6864 3633 6865 3599 6865 3630 6865 3633 6866 3602 6866 3599 6866 3633 6867 3605 6867 3602 6867 3634 6868 3603 6868 3600 6868 3634 6869 3600 6869 3631 6869 3634 6870 3606 6870 3603 6870 3635 6871 3601 6871 3632 6871 3635 6872 3604 6872 3601 6872 3636 6873 3605 6873 3633 6873 3637 6874 3606 6874 3634 6874 3638 6875 3604 6875 3635 6875 3638 6876 3607 6876 3604 6876 3639 6877 3605 6877 3636 6877 3639 6878 3608 6878 3605 6878 3639 6879 3611 6879 3608 6879 3640 6880 3606 6880 3637 6880 3640 6881 3609 6881 3606 6881 3640 6882 3612 6882 3609 6882 3641 6883 3610 6883 3607 6883 3641 6884 3607 6884 3638 6884 3642 6885 3611 6885 3639 6885 3642 6886 2768 6886 2766 6886 3642 6887 2766 6887 3611 6887 3643 6888 3612 6888 3640 6888 3644 6889 3610 6889 3641 6889 3644 6890 3613 6890 3610 6890 3645 6891 3614 6891 3612 6891 3645 6892 3612 6892 3643 6892 3646 6893 3613 6893 3644 6893 3646 6894 3615 6894 3613 6894 3647 6895 3616 6895 3614 6895 3647 6896 3614 6896 3645 6896 3647 6897 3618 6897 3616 6897 3648 6898 3615 6898 3646 6898 3648 6899 3617 6899 3615 6899 3649 6900 3618 6900 3647 6900 3650 6901 3619 6901 3617 6901 3650 6902 3617 6902 3648 6902 3651 6903 3618 6903 3649 6903 3651 6904 3620 6904 3618 6904 3652 6905 3621 6905 3619 6905 3652 6906 3619 6906 3650 6906 3653 6907 3620 6907 3651 6907 3653 6908 3622 6908 3620 6908 3654 6909 3621 6909 3652 6909 3654 6910 3623 6910 3621 6910 3655 6911 3624 6911 3622 6911 3655 6912 3626 6912 3624 6912 3655 6913 3622 6913 3653 6913 3656 6914 3625 6914 3623 6914 3656 6915 3623 6915 3654 6915 3657 6916 3629 6916 3626 6916 3657 6917 3626 6917 3655 6917 3658 6918 3627 6918 3625 6918 3658 6919 3625 6919 3656 6919 3659 6920 3628 6920 2726 6920 3659 6921 2726 6921 2725 6921 3659 6922 3631 6922 3628 6922 3660 6923 3629 6923 3657 6923 3661 6924 3630 6924 3627 6924 3661 6925 3627 6925 3658 6925 3662 6926 3631 6926 3659 6926 3663 6927 3629 6927 3660 6927 3663 6928 3632 6928 3629 6928 3664 6929 3633 6929 3630 6929 3664 6930 3630 6930 3661 6930 3665 6931 3634 6931 3631 6931 3665 6932 3631 6932 3662 6932 3665 6933 3637 6933 3634 6933 3666 6934 3632 6934 3663 6934 3666 6935 3635 6935 3632 6935 3667 6936 3636 6936 3633 6936 3667 6937 3633 6937 3664 6937 3668 6938 3637 6938 3665 6938 3669 6939 3638 6939 3635 6939 3669 6940 3635 6940 3666 6940 3670 6941 3636 6941 3667 6941 3670 6942 3639 6942 3636 6942 3670 6943 3642 6943 3639 6943 3671 6944 3640 6944 3637 6944 3671 6945 3643 6945 3640 6945 3671 6946 3637 6946 3668 6946 3672 6947 3638 6947 3669 6947 3672 6948 3641 6948 3638 6948 3673 6949 3642 6949 3670 6949 3673 6950 2768 6950 3642 6950 3673 6951 2769 6951 2768 6951 3674 6952 3643 6952 3671 6952 3675 6953 3644 6953 3641 6953 3675 6954 3641 6954 3672 6954 3675 6955 3646 6955 3644 6955 3676 6956 3643 6956 3674 6956 3676 6957 3645 6957 3643 6957 3677 6958 3646 6958 3675 6958 3678 6959 3647 6959 3645 6959 3678 6960 3645 6960 3676 6960 3679 6961 3646 6961 3677 6961 3679 6962 3650 6962 3648 6962 3679 6963 3648 6963 3646 6963 3680 6964 3647 6964 3678 6964 3680 6965 3649 6965 3647 6965 3681 6966 3650 6966 3679 6966 3682 6967 3649 6967 3680 6967 3682 6968 3651 6968 3649 6968 3683 6969 3650 6969 3681 6969 3683 6970 3652 6970 3650 6970 3684 6971 3653 6971 3651 6971 3684 6972 3651 6972 3682 6972 3685 6973 3652 6973 3683 6973 3685 6974 3654 6974 3652 6974 3686 6975 3653 6975 3684 6975 3686 6976 3655 6976 3653 6976 3686 6977 3657 6977 3655 6977 3687 6978 3654 6978 3685 6978 3687 6979 3656 6979 3654 6979 3687 6980 3658 6980 3656 6980 3688 6981 3657 6981 3686 6981 3689 6982 3661 6982 3658 6982 3689 6983 3658 6983 3687 6983 3690 6984 3659 6984 2725 6984 3690 6985 2725 6985 2724 6985 3691 6986 3660 6986 3657 6986 3691 6987 3657 6987 3688 6987 3692 6988 3661 6988 3689 6988 3693 6989 3662 6989 3659 6989 3693 6990 3659 6990 3690 6990 3694 6991 3666 6991 3663 6991 3694 6992 3663 6992 3660 6992 3694 6993 3660 6993 3691 6993 3695 6994 3664 6994 3661 6994 3695 6995 3661 6995 3692 6995 3696 6996 3665 6996 3662 6996 3696 6997 3662 6997 3693 6997 3697 6998 3669 6998 3666 6998 3697 6999 3666 6999 3694 6999 3698 7000 3664 7000 3695 7000 3698 7001 3667 7001 3664 7001 3698 7002 3670 7002 3667 7002 3699 7003 3665 7003 3696 7003 3699 7004 3668 7004 3665 7004 3700 7005 3669 7005 3697 7005 3701 7006 3670 7006 3698 7006 3702 7007 3671 7007 3668 7007 3702 7008 3668 7008 3699 7008 3703 7009 3672 7009 3669 7009 3703 7010 3669 7010 3700 7010 3704 7011 3670 7011 3701 7011 3704 7012 3673 7012 3670 7012 3704 7013 2769 7013 3673 7013 3704 7014 2773 7014 2769 7014 3705 7015 3671 7015 3702 7015 3705 7016 3674 7016 3671 7016 3706 7017 3675 7017 3672 7017 3706 7018 3672 7018 3703 7018 3707 7019 3674 7019 3705 7019 3707 7020 3676 7020 3674 7020 3708 7021 3675 7021 3706 7021 3708 7022 3677 7022 3675 7022 3708 7023 3679 7023 3677 7023 3709 7024 3676 7024 3707 7024 3709 7025 3678 7025 3676 7025 3709 7026 3680 7026 3678 7026 3710 7027 3679 7027 3708 7027 3710 7028 3681 7028 3679 7028 3711 7029 3680 7029 3709 7029 3712 7030 3681 7030 3710 7030 3713 7031 3682 7031 3680 7031 3713 7032 3680 7032 3711 7032 3714 7033 3681 7033 3712 7033 3714 7034 3683 7034 3681 7034 3714 7035 3685 7035 3683 7035 3715 7036 3682 7036 3713 7036 3715 7037 3684 7037 3682 7037 3716 7038 3685 7038 3714 7038 3717 7039 3684 7039 3715 7039 3717 7040 3686 7040 3684 7040 3718 7041 3685 7041 3716 7041 3718 7042 3687 7042 3685 7042 3719 7043 3686 7043 3717 7043 3719 7044 3688 7044 3686 7044 3720 7045 3692 7045 3689 7045 3720 7046 3687 7046 3718 7046 3720 7047 3689 7047 3687 7047 3721 7048 2724 7048 2723 7048 3721 7049 3690 7049 2724 7049 3722 7050 3691 7050 3688 7050 3722 7051 3688 7051 3719 7051 3723 7052 3692 7052 3720 7052 3724 7053 3693 7053 3690 7053 3724 7054 3690 7054 3721 7054 3725 7055 3691 7055 3722 7055 3725 7056 3694 7056 3691 7056 3726 7057 3695 7057 3692 7057 3726 7058 3692 7058 3723 7058 3726 7059 3698 7059 3695 7059 3727 7060 3693 7060 3724 7060 3727 7061 3696 7061 3693 7061 3728 7062 3697 7062 3694 7062 3728 7063 3694 7063 3725 7063 3729 7064 3698 7064 3726 7064 3730 7065 3699 7065 3696 7065 3730 7066 3696 7066 3727 7066 3731 7067 3697 7067 3728 7067 3731 7068 3700 7068 3697 7068 3732 7069 3698 7069 3729 7069 3732 7070 3701 7070 3698 7070 3733 7071 3699 7071 3730 7071 3733 7072 3702 7072 3699 7072 3734 7073 3703 7073 3700 7073 3734 7074 3700 7074 3731 7074 3735 7075 3701 7075 3732 7075 3735 7076 3704 7076 3701 7076 3735 7077 2773 7077 3704 7077 3735 7078 2774 7078 2773 7078 3736 7079 3705 7079 3702 7079 3736 7080 3702 7080 3733 7080 3737 7081 3703 7081 3734 7081 3737 7082 3706 7082 3703 7082 3738 7083 3705 7083 3736 7083 3738 7084 3707 7084 3705 7084 3739 7085 3706 7085 3737 7085 3739 7086 3708 7086 3706 7086 3740 7087 3707 7087 3738 7087 3740 7088 3709 7088 3707 7088 3740 7089 3711 7089 3709 7089 3741 7090 3710 7090 3708 7090 3741 7091 3708 7091 3739 7091 3742 7092 3711 7092 3740 7092 3743 7093 3710 7093 3741 7093 3743 7094 3712 7094 3710 7094 3744 7095 3711 7095 3742 7095 3744 7096 3713 7096 3711 7096 3745 7097 3714 7097 3712 7097 3745 7098 3712 7098 3743 7098 3746 7099 3715 7099 3713 7099 3746 7100 3713 7100 3744 7100 3747 7101 3716 7101 3714 7101 3747 7102 3714 7102 3745 7102 3748 7103 3715 7103 3746 7103 3748 7104 3717 7104 3715 7104 3749 7105 3716 7105 3747 7105 3749 7106 3718 7106 3716 7106 3750 7107 3717 7107 3748 7107 3750 7108 3719 7108 3717 7108 3751 7109 3718 7109 3749 7109 3751 7110 3720 7110 3718 7110 3752 7111 2723 7111 2722 7111 3752 7112 3721 7112 2723 7112 3753 7113 3722 7113 3719 7113 3753 7114 3719 7114 3750 7114 3754 7115 3720 7115 3751 7115 3754 7116 3723 7116 3720 7116 3755 7117 3721 7117 3752 7117 3755 7118 3724 7118 3721 7118 3756 7119 3722 7119 3753 7119 3756 7120 3725 7120 3722 7120 3757 7121 3726 7121 3723 7121 3757 7122 3723 7122 3754 7122 3758 7123 3727 7123 3724 7123 3758 7124 3724 7124 3755 7124 3758 7125 3730 7125 3727 7125 3759 7126 3728 7126 3725 7126 3759 7127 3725 7127 3756 7127 3760 7128 3726 7128 3757 7128 3760 7129 3729 7129 3726 7129 3761 7130 3730 7130 3758 7130 3762 7131 3731 7131 3728 7131 3762 7132 3728 7132 3759 7132 3763 7133 3732 7133 3729 7133 3763 7134 3729 7134 3760 7134 3764 7135 3730 7135 3761 7135 3764 7136 3736 7136 3733 7136 3764 7137 3733 7137 3730 7137 3765 7138 3734 7138 3731 7138 3765 7139 3731 7139 3762 7139 3766 7140 3735 7140 3732 7140 3766 7141 2774 7141 3735 7141 3766 7142 2776 7142 2774 7142 3766 7143 3732 7143 3763 7143 3767 7144 3736 7144 3764 7144 3768 7145 3734 7145 3765 7145 3768 7146 3737 7146 3734 7146 3769 7147 3736 7147 3767 7147 3769 7148 3738 7148 3736 7148 3770 7149 3739 7149 3737 7149 3770 7150 3737 7150 3768 7150 3771 7151 3738 7151 3769 7151 3771 7152 3742 7152 3740 7152 3771 7153 3740 7153 3738 7153 3772 7154 3739 7154 3770 7154 3772 7155 3741 7155 3739 7155 3773 7156 3742 7156 3771 7156 3774 7157 3741 7157 3772 7157 3774 7158 3743 7158 3741 7158 3775 7159 3742 7159 3773 7159 3775 7160 3744 7160 3742 7160 3775 7161 3746 7161 3744 7161 3776 7162 3743 7162 3774 7162 3776 7163 3745 7163 3743 7163 3777 7164 3746 7164 3775 7164 3778 7165 3745 7165 3776 7165 3778 7166 3747 7166 3745 7166 3779 7167 3746 7167 3777 7167 3779 7168 3748 7168 3746 7168 3779 7169 3750 7169 3748 7169 3780 7170 3749 7170 3747 7170 3780 7171 3747 7171 3778 7171 3781 7172 3750 7172 3779 7172 3782 7173 3749 7173 3780 7173 3782 7174 3751 7174 3749 7174 3783 7175 2722 7175 2721 7175 3783 7176 3752 7176 2722 7176 3784 7177 3753 7177 3750 7177 3784 7178 3750 7178 3781 7178 3785 7179 3751 7179 3782 7179 3785 7180 3754 7180 3751 7180 3786 7181 3752 7181 3783 7181 3786 7182 3755 7182 3752 7182 3787 7183 3753 7183 3784 7183 3787 7184 3756 7184 3753 7184 3788 7185 3754 7185 3785 7185 3788 7186 3757 7186 3754 7186 3789 7187 3755 7187 3786 7187 3789 7188 3758 7188 3755 7188 3790 7189 3756 7189 3787 7189 3790 7190 3759 7190 3756 7190 3791 7191 3760 7191 3757 7191 3791 7192 3763 7192 3760 7192 3791 7193 3757 7193 3788 7193 3792 7194 3761 7194 3758 7194 3792 7195 3758 7195 3789 7195 3793 7196 3762 7196 3759 7196 3793 7197 3759 7197 3790 7197 3794 7198 3763 7198 3791 7198 3795 7199 3767 7199 3764 7199 3795 7200 3761 7200 3792 7200 3795 7201 3764 7201 3761 7201 3796 7202 3768 7202 3765 7202 3796 7203 3765 7203 3762 7203 3796 7204 3762 7204 3793 7204 3797 7205 3766 7205 3763 7205 3797 7206 2776 7206 3766 7206 3797 7207 3763 7207 3794 7207 3797 7208 2777 7208 2776 7208 3798 7209 3767 7209 3795 7209 3799 7210 3768 7210 3796 7210 3800 7211 3767 7211 3798 7211 3800 7212 3769 7212 3767 7212 3801 7213 3772 7213 3770 7213 3801 7214 3770 7214 3768 7214 3801 7215 3768 7215 3799 7215 3802 7216 3771 7216 3769 7216 3802 7217 3769 7217 3800 7217 3803 7218 3772 7218 3801 7218 3804 7219 3771 7219 3802 7219 3804 7220 3773 7220 3771 7220 3805 7221 3772 7221 3803 7221 3805 7222 3774 7222 3772 7222 3806 7223 3775 7223 3773 7223 3806 7224 3773 7224 3804 7224 3807 7225 3774 7225 3805 7225 3807 7226 3776 7226 3774 7226 3808 7227 3775 7227 3806 7227 3808 7228 3777 7228 3775 7228 3809 7229 3776 7229 3807 7229 3809 7230 3778 7230 3776 7230 3810 7231 3777 7231 3808 7231 3810 7232 3779 7232 3777 7232 3811 7233 3778 7233 3809 7233 3811 7234 3782 7234 3780 7234 3811 7235 3780 7235 3778 7235 3812 7236 3779 7236 3810 7236 3812 7237 3781 7237 3779 7237 3813 7238 3782 7238 3811 7238 3813 7239 3785 7239 3782 7239 3814 7240 2721 7240 2720 7240 3814 7241 3783 7241 2721 7241 3815 7242 3781 7242 3812 7242 3815 7243 3784 7243 3781 7243 3816 7244 3785 7244 3813 7244 3817 7245 3783 7245 3814 7245 3817 7246 3786 7246 3783 7246 3818 7247 3787 7247 3784 7247 3818 7248 3784 7248 3815 7248 3819 7249 3788 7249 3785 7249 3819 7250 3785 7250 3816 7250 3820 7251 3786 7251 3817 7251 3820 7252 3789 7252 3786 7252 3821 7253 3790 7253 3787 7253 3821 7254 3787 7254 3818 7254 3821 7255 3793 7255 3790 7255 3822 7256 3794 7256 3791 7256 3822 7257 3788 7257 3819 7257 3822 7258 3791 7258 3788 7258 3823 7259 3789 7259 3820 7259 3823 7260 3792 7260 3789 7260 3824 7261 3793 7261 3821 7261 3825 7262 3794 7262 3822 7262 3826 7263 3795 7263 3792 7263 3826 7264 3792 7264 3823 7264 3827 7265 3796 7265 3793 7265 3827 7266 3793 7266 3824 7266 3828 7267 3797 7267 3794 7267 3828 7268 3794 7268 3825 7268 3828 7269 2777 7269 3797 7269 3828 7270 2780 7270 2777 7270 3829 7271 3795 7271 3826 7271 3829 7272 3798 7272 3795 7272 3830 7273 3799 7273 3796 7273 3830 7274 3796 7274 3827 7274 3831 7275 3800 7275 3798 7275 3831 7276 3798 7276 3829 7276 3832 7277 3801 7277 3799 7277 3832 7278 3799 7278 3830 7278 3833 7279 3802 7279 3800 7279 3833 7280 3800 7280 3831 7280 3833 7281 3804 7281 3802 7281 3834 7282 3801 7282 3832 7282 3834 7283 3803 7283 3801 7283 3835 7284 3804 7284 3833 7284 3836 7285 3803 7285 3834 7285 3836 7286 3805 7286 3803 7286 3837 7287 3804 7287 3835 7287 3837 7288 3806 7288 3804 7288 3838 7289 3807 7289 3805 7289 3838 7290 3805 7290 3836 7290 3839 7291 3808 7291 3806 7291 3839 7292 3806 7292 3837 7292 3840 7293 3807 7293 3838 7293 3840 7294 3809 7294 3807 7294 3841 7295 3810 7295 3808 7295 3841 7296 3808 7296 3839 7296 3842 7297 3809 7297 3840 7297 3842 7298 3811 7298 3809 7298 3843 7299 3810 7299 3841 7299 3843 7300 3812 7300 3810 7300 3844 7301 3811 7301 3842 7301 3844 7302 3813 7302 3811 7302 3845 7303 3817 7303 3814 7303 3845 7304 2720 7304 2719 7304 3845 7305 3814 7305 2720 7305 3846 7306 3812 7306 3843 7306 3846 7307 3815 7307 3812 7307 3847 7308 3813 7308 3844 7308 3847 7309 3816 7309 3813 7309 3848 7310 3817 7310 3845 7310 3849 7311 3815 7311 3846 7311 3849 7312 3818 7312 3815 7312 3850 7313 3816 7313 3847 7313 3850 7314 3819 7314 3816 7314 3851 7315 3817 7315 3848 7315 3851 7316 3820 7316 3817 7316 3851 7317 3823 7317 3820 7317 3852 7318 3821 7318 3818 7318 3852 7319 3824 7319 3821 7319 3852 7320 3818 7320 3849 7320 3853 7321 3819 7321 3850 7321 3853 7322 3822 7322 3819 7322 3853 7323 3825 7323 3822 7323 3854 7324 3823 7324 3851 7324 3855 7325 3824 7325 3852 7325 3856 7326 3825 7326 3853 7326 3857 7327 3829 7327 3826 7327 3857 7328 3823 7328 3854 7328 3857 7329 3826 7329 3823 7329 3858 7330 3827 7330 3824 7330 3858 7331 3824 7331 3855 7331 3859 7332 2780 7332 3828 7332 3859 7333 2782 7333 2780 7333 3859 7334 3825 7334 3856 7334 3859 7335 3828 7335 3825 7335 3860 7336 3829 7336 3857 7336 3861 7337 3830 7337 3827 7337 3861 7338 3827 7338 3858 7338 3862 7339 3829 7339 3860 7339 3862 7340 3831 7340 3829 7340 3863 7341 3832 7341 3830 7341 3863 7342 3830 7342 3861 7342 3864 7343 3835 7343 3833 7343 3864 7344 3831 7344 3862 7344 3864 7345 3833 7345 3831 7345 3865 7346 3834 7346 3832 7346 3865 7347 3832 7347 3863 7347 3866 7348 3835 7348 3864 7348 3867 7349 3836 7349 3834 7349 3867 7350 3838 7350 3836 7350 3867 7351 3834 7351 3865 7351 3868 7352 3837 7352 3835 7352 3868 7353 3835 7353 3866 7353 3869 7354 3838 7354 3867 7354 3870 7355 3837 7355 3868 7355 3870 7356 3839 7356 3837 7356 3871 7357 3840 7357 3838 7357 3871 7358 3838 7358 3869 7358 3872 7359 3839 7359 3870 7359 3872 7360 3843 7360 3841 7360 3872 7361 3841 7361 3839 7361 3873 7362 3840 7362 3871 7362 3873 7363 3842 7363 3840 7363 3874 7364 3846 7364 3843 7364 3874 7365 3843 7365 3872 7365 3875 7366 3842 7366 3873 7366 3875 7367 3844 7367 3842 7367 3876 7368 3848 7368 3845 7368 3876 7369 2719 7369 2718 7369 3876 7370 3845 7370 2719 7370 3877 7371 3846 7371 3874 7371 3878 7372 3844 7372 3875 7372 3878 7373 3847 7373 3844 7373 3879 7374 3848 7374 3876 7374 3880 7375 3849 7375 3846 7375 3880 7376 3846 7376 3877 7376 3881 7377 3847 7377 3878 7377 3881 7378 3850 7378 3847 7378 3881 7379 3853 7379 3850 7379 3882 7380 3851 7380 3848 7380 3882 7381 3854 7381 3851 7381 3882 7382 3848 7382 3879 7382 3883 7383 3849 7383 3880 7383 3883 7384 3855 7384 3852 7384 3883 7385 3852 7385 3849 7385 3884 7386 3853 7386 3881 7386 3885 7387 3854 7387 3882 7387 3886 7388 3855 7388 3883 7388 3887 7389 3853 7389 3884 7389 3887 7390 3856 7390 3853 7390 3888 7391 3860 7391 3857 7391 3888 7392 3854 7392 3885 7392 3888 7393 3857 7393 3854 7393 3889 7394 3861 7394 3858 7394 3889 7395 3855 7395 3886 7395 3889 7396 3858 7396 3855 7396 3890 7397 2782 7397 3859 7397 3890 7398 2783 7398 2782 7398 3890 7399 3856 7399 3887 7399 3890 7400 3859 7400 3856 7400 3891 7401 3860 7401 3888 7401 3892 7402 3861 7402 3889 7402 3893 7403 3862 7403 3860 7403 3893 7404 3860 7404 3891 7404 3894 7405 3863 7405 3861 7405 3894 7406 3861 7406 3892 7406 3895 7407 3862 7407 3893 7407 3895 7408 3864 7408 3862 7408 3896 7409 3865 7409 3863 7409 3896 7410 3867 7410 3865 7410 3896 7411 3863 7411 3894 7411 3897 7412 3866 7412 3864 7412 3897 7413 3864 7413 3895 7413 3898 7414 3867 7414 3896 7414 3899 7415 3870 7415 3868 7415 3899 7416 3868 7416 3866 7416 3899 7417 3866 7417 3897 7417 3900 7418 3869 7418 3867 7418 3900 7419 3871 7419 3869 7419 3900 7420 3867 7420 3898 7420 3901 7421 3870 7421 3899 7421 3902 7422 3871 7422 3900 7422 3903 7423 3872 7423 3870 7423 3903 7424 3870 7424 3901 7424 3903 7425 3874 7425 3872 7425 3904 7426 3873 7426 3871 7426 3904 7427 3875 7427 3873 7427 3904 7428 3871 7428 3902 7428 3905 7429 3874 7429 3903 7429 3906 7430 3875 7430 3904 7430 3907 7431 3876 7431 2718 7431 3907 7432 2717 7432 2716 7432 3907 7433 2718 7433 2717 7433 3908 7434 3874 7434 3905 7434 3908 7435 3877 7435 3874 7435 3909 7436 3875 7436 3906 7436 3909 7437 3878 7437 3875 7437 3910 7438 3876 7438 3907 7438 3910 7439 3879 7439 3876 7439 3911 7440 3880 7440 3877 7440 3911 7441 3877 7441 3908 7441 3912 7442 3878 7442 3909 7442 3912 7443 3881 7443 3878 7443 3912 7444 3884 7444 3881 7444 3913 7445 3882 7445 3879 7445 3913 7446 3879 7446 3910 7446 3914 7447 3880 7447 3911 7447 3914 7448 3883 7448 3880 7448 3915 7449 3884 7449 3912 7449 3915 7450 3887 7450 3884 7450 3916 7451 3882 7451 3913 7451 3916 7452 3885 7452 3882 7452 3917 7453 3886 7453 3883 7453 3917 7454 3883 7454 3914 7454 3918 7455 3887 7455 3915 7455 3919 7456 3885 7456 3916 7456 3919 7457 3888 7457 3885 7457 3920 7458 3886 7458 3917 7458 3920 7459 3889 7459 3886 7459 3920 7460 3892 7460 3889 7460 3921 7461 2785 7461 2783 7461 3921 7462 3887 7462 3918 7462 3921 7463 3890 7463 3887 7463 3921 7464 2783 7464 3890 7464 3922 7465 3891 7465 3888 7465 3922 7466 3888 7466 3919 7466 3923 7467 3892 7467 3920 7467 3924 7468 3893 7468 3891 7468 3924 7469 3891 7469 3922 7469 3925 7470 3894 7470 3892 7470 3925 7471 3896 7471 3894 7471 3925 7472 3892 7472 3923 7472 3926 7473 3895 7473 3893 7473 3926 7474 3897 7474 3895 7474 3926 7475 3893 7475 3924 7475 3927 7476 3896 7476 3925 7476 3928 7477 3897 7477 3926 7477 3929 7478 3898 7478 3896 7478 3929 7479 3896 7479 3927 7479 3930 7480 3899 7480 3897 7480 3930 7481 3897 7481 3928 7481 3931 7482 3900 7482 3898 7482 3931 7483 3898 7483 3929 7483 3932 7484 3899 7484 3930 7484 3932 7485 3901 7485 3899 7485 3933 7486 3902 7486 3900 7486 3933 7487 3900 7487 3931 7487 3934 7488 3901 7488 3932 7488 3934 7489 3903 7489 3901 7489 3935 7490 3902 7490 3933 7490 3935 7491 3904 7491 3902 7491 3935 7492 3906 7492 3904 7492 3936 7493 3905 7493 3903 7493 3936 7494 3903 7494 3934 7494 3937 7495 3909 7495 3906 7495 3937 7496 3906 7496 3935 7496 3938 7497 2716 7497 2715 7497 3938 7498 3907 7498 2716 7498 3939 7499 3908 7499 3905 7499 3939 7500 3905 7500 3936 7500 3940 7501 3909 7501 3937 7501 3941 7502 3907 7502 3938 7502 3941 7503 3910 7503 3907 7503 3941 7504 3913 7504 3910 7504 3942 7505 3911 7505 3908 7505 3942 7506 3908 7506 3939 7506 3943 7507 3909 7507 3940 7507 3943 7508 3912 7508 3909 7508 3944 7509 3913 7509 3941 7509 3945 7510 3917 7510 3914 7510 3945 7511 3911 7511 3942 7511 3945 7512 3914 7512 3911 7512 3946 7513 3912 7513 3943 7513 3946 7514 3915 7514 3912 7514 3946 7515 3918 7515 3915 7515 3947 7516 3913 7516 3944 7516 3947 7517 3916 7517 3913 7517 3947 7518 3919 7518 3916 7518 3948 7519 3917 7519 3945 7519 3949 7520 3918 7520 3946 7520 3950 7521 3919 7521 3947 7521 3951 7522 3920 7522 3917 7522 3951 7523 3917 7523 3948 7523 3952 7524 2787 7524 2785 7524 3952 7525 3918 7525 3949 7525 3952 7526 2785 7526 3921 7526 3952 7527 3921 7527 3918 7527 3953 7528 3919 7528 3950 7528 3953 7529 3922 7529 3919 7529 3954 7530 3920 7530 3951 7530 3954 7531 3923 7531 3920 7531 3955 7532 3924 7532 3922 7532 3955 7533 3926 7533 3924 7533 3955 7534 3922 7534 3953 7534 3956 7535 3923 7535 3954 7535 3956 7536 3925 7536 3923 7536 3957 7537 3926 7537 3955 7537 3958 7538 3925 7538 3956 7538 3958 7539 3927 7539 3925 7539 3959 7540 3926 7540 3957 7540 3959 7541 3928 7541 3926 7541 3960 7542 3929 7542 3927 7542 3960 7543 3927 7543 3958 7543 3961 7544 3928 7544 3959 7544 3961 7545 3930 7545 3928 7545 3962 7546 3931 7546 3929 7546 3962 7547 3929 7547 3960 7547 3963 7548 3932 7548 3930 7548 3963 7549 3934 7549 3932 7549 3963 7550 3930 7550 3961 7550 3964 7551 3933 7551 3931 7551 3964 7552 3931 7552 3962 7552 3965 7553 3936 7553 3934 7553 3965 7554 3934 7554 3963 7554 3966 7555 3935 7555 3933 7555 3966 7556 3933 7556 3964 7556 3967 7557 3936 7557 3965 7557 3968 7558 3935 7558 3966 7558 3968 7559 3937 7559 3935 7559 3969 7560 3938 7560 2715 7560 3970 7561 3939 7561 3936 7561 3970 7562 3936 7562 3967 7562 3971 7563 3940 7563 3937 7563 3971 7564 3937 7564 3968 7564 3972 7565 3941 7565 3938 7565 3972 7566 3938 7566 3969 7566 3973 7567 3939 7567 3970 7567 3973 7568 3942 7568 3939 7568 3974 7569 3940 7569 3971 7569 3974 7570 3943 7570 3940 7570 3974 7571 3946 7571 3943 7571 3975 7572 3944 7572 3941 7572 3975 7573 3941 7573 3972 7573 3976 7574 3942 7574 3973 7574 3976 7575 3945 7575 3942 7575 3977 7576 3946 7576 3974 7576 3978 7577 3944 7577 3975 7577 3978 7578 3947 7578 3944 7578 3979 7579 3945 7579 3976 7579 3979 7580 3948 7580 3945 7580 3980 7581 3946 7581 3977 7581 3980 7582 3949 7582 3946 7582 3981 7583 3950 7583 3947 7583 3981 7584 3947 7584 3978 7584 3982 7585 3948 7585 3979 7585 3982 7586 3951 7586 3948 7586 3983 7587 3949 7587 3980 7587 3983 7588 2789 7588 2787 7588 3983 7589 2787 7589 3952 7589 3983 7590 3952 7590 3949 7590 3984 7591 3950 7591 3981 7591 3984 7592 3953 7592 3950 7592 3985 7593 3951 7593 3982 7593 3985 7594 3954 7594 3951 7594 3986 7595 3953 7595 3984 7595 3986 7596 3957 7596 3955 7596 3986 7597 3955 7597 3953 7597 3987 7598 3954 7598 3985 7598 3987 7599 3956 7599 3954 7599 3988 7600 3957 7600 3986 7600 3989 7601 3956 7601 3987 7601 3989 7602 3960 7602 3958 7602 3989 7603 3958 7603 3956 7603 3990 7604 3957 7604 3988 7604 3990 7605 3959 7605 3957 7605 3991 7606 3960 7606 3989 7606 3992 7607 3963 7607 3961 7607 3992 7608 3959 7608 3990 7608 3992 7609 3961 7609 3959 7609 3993 7610 3962 7610 3960 7610 3993 7611 3960 7611 3991 7611 3994 7612 3963 7612 3992 7612 3995 7613 3964 7613 3962 7613 3995 7614 3962 7614 3993 7614 3996 7615 3965 7615 3963 7615 3996 7616 3963 7616 3994 7616 3996 7617 3967 7617 3965 7617 3997 7618 3966 7618 3964 7618 3997 7619 3964 7619 3995 7619 3998 7620 3967 7620 3996 7620 3999 7621 3968 7621 3966 7621 3999 7622 3971 7622 3968 7622 3999 7623 3966 7623 3997 7623 4000 7624 3969 7624 2715 7624 4000 7625 2715 7625 2714 7625 4001 7626 3970 7626 3967 7626 4001 7627 3967 7627 3998 7627 4002 7628 3971 7628 3999 7628 4003 7629 3972 7629 3969 7629 4003 7630 3969 7630 4000 7630 4004 7631 3970 7631 4001 7631 4004 7632 3973 7632 3970 7632 4004 7633 3976 7633 3973 7633 4005 7634 3974 7634 3971 7634 4005 7635 3971 7635 4002 7635 4006 7636 3972 7636 4003 7636 4006 7637 3975 7637 3972 7637 4007 7638 3976 7638 4004 7638 4008 7639 3974 7639 4005 7639 4008 7640 3977 7640 3974 7640 4008 7641 3980 7641 3977 7641 4009 7642 3975 7642 4006 7642 4009 7643 3978 7643 3975 7643 4010 7644 3976 7644 4007 7644 4010 7645 3979 7645 3976 7645 4011 7646 3980 7646 4008 7646 4012 7647 3981 7647 3978 7647 4012 7648 3978 7648 4009 7648 4013 7649 3985 7649 3982 7649 4013 7650 3979 7650 4010 7650 4013 7651 3982 7651 3979 7651 4014 7652 3980 7652 4011 7652 4014 7653 3983 7653 3980 7653 4014 7654 2791 7654 2789 7654 4014 7655 2789 7655 3983 7655 4015 7656 3984 7656 3981 7656 4015 7657 3981 7657 4012 7657 4016 7658 3985 7658 4013 7658 4017 7659 3986 7659 3984 7659 4017 7660 3984 7660 4015 7660 4018 7661 3985 7661 4016 7661 4018 7662 3987 7662 3985 7662 4019 7663 3988 7663 3986 7663 4019 7664 3986 7664 4017 7664 4020 7665 3991 7665 3989 7665 4020 7666 3987 7666 4018 7666 4020 7667 3989 7667 3987 7667 4021 7668 3988 7668 4019 7668 4021 7669 3990 7669 3988 7669 4022 7670 3991 7670 4020 7670 4022 7671 3993 7671 3991 7671 4023 7672 3990 7672 4021 7672 4023 7673 3992 7673 3990 7673 4024 7674 3993 7674 4022 7674 4025 7675 3994 7675 3992 7675 4025 7676 3992 7676 4023 7676 4026 7677 3995 7677 3993 7677 4026 7678 3993 7678 4024 7678 4027 7679 3994 7679 4025 7679 4027 7680 3996 7680 3994 7680 4028 7681 3997 7681 3995 7681 4028 7682 3999 7682 3997 7682 4028 7683 3995 7683 4026 7683 4029 7684 3998 7684 3996 7684 4029 7685 3996 7685 4027 7685 4030 7686 3999 7686 4028 7686 4030 7687 4002 7687 3999 7687 4031 7688 4000 7688 2714 7688 4031 7689 2714 7689 2713 7689 4032 7690 4001 7690 3998 7690 4032 7691 3998 7691 4029 7691 4033 7692 4002 7692 4030 7692 4034 7693 4006 7693 4003 7693 4034 7694 4003 7694 4000 7694 4034 7695 4000 7695 4031 7695 4035 7696 4004 7696 4001 7696 4035 7697 4001 7697 4032 7697 4036 7698 4002 7698 4033 7698 4036 7699 4005 7699 4002 7699 4037 7700 4006 7700 4034 7700 4038 7701 4007 7701 4004 7701 4038 7702 4004 7702 4035 7702 4039 7703 4005 7703 4036 7703 4039 7704 4008 7704 4005 7704 4039 7705 4011 7705 4008 7705 4040 7706 4009 7706 4006 7706 4040 7707 4006 7707 4037 7707 4041 7708 4010 7708 4007 7708 4041 7709 4007 7709 4038 7709 4042 7710 4011 7710 4039 7710 4043 7711 4015 7711 4012 7711 4043 7712 4012 7712 4009 7712 4043 7713 4009 7713 4040 7713 4044 7714 4010 7714 4041 7714 4044 7715 4013 7715 4010 7715 4045 7716 4011 7716 4042 7716 4045 7717 4014 7717 4011 7717 4045 7718 2791 7718 4014 7718 4045 7719 2793 7719 2791 7719 4046 7720 4015 7720 4043 7720 4047 7721 4013 7721 4044 7721 4047 7722 4016 7722 4013 7722 4048 7723 4017 7723 4015 7723 4048 7724 4015 7724 4046 7724 4049 7725 4016 7725 4047 7725 4049 7726 4018 7726 4016 7726 4050 7727 4019 7727 4017 7727 4050 7728 4017 7728 4048 7728 4051 7729 4020 7729 4018 7729 4051 7730 4018 7730 4049 7730 4052 7731 4019 7731 4050 7731 4052 7732 4021 7732 4019 7732 4053 7733 4022 7733 4020 7733 4053 7734 4024 7734 4022 7734 4053 7735 4020 7735 4051 7735 4054 7736 4023 7736 4021 7736 4054 7737 4021 7737 4052 7737 4055 7738 4024 7738 4053 7738 4056 7739 4025 7739 4023 7739 4056 7740 4023 7740 4054 7740 4057 7741 4024 7741 4055 7741 4057 7742 4026 7742 4024 7742 4058 7743 4027 7743 4025 7743 4058 7744 4025 7744 4056 7744 4059 7745 4026 7745 4057 7745 4059 7746 4028 7746 4026 7746 4060 7747 4029 7747 4027 7747 4060 7748 4027 7748 4058 7748 4061 7749 4028 7749 4059 7749 4061 7750 4030 7750 4028 7750 4062 7751 4031 7751 2713 7751 4062 7752 2713 7752 2712 7752 4063 7753 4029 7753 4060 7753 4063 7754 4032 7754 4029 7754 4064 7755 4033 7755 4030 7755 4064 7756 4030 7756 4061 7756 4065 7757 4031 7757 4062 7757 4065 7758 4034 7758 4031 7758 4066 7759 4035 7759 4032 7759 4066 7760 4032 7760 4063 7760 4067 7761 4036 7761 4033 7761 4067 7762 4039 7762 4036 7762 4067 7763 4033 7763 4064 7763 4068 7764 4040 7764 4037 7764 4068 7765 4037 7765 4034 7765 4068 7766 4034 7766 4065 7766 4069 7767 4038 7767 4035 7767 4069 7768 4035 7768 4066 7768 4070 7769 4039 7769 4067 7769 4071 7770 4040 7770 4068 7770 4072 7771 4041 7771 4038 7771 4072 7772 4038 7772 4069 7772 4073 7773 4039 7773 4070 7773 4073 7774 4042 7774 4039 7774 4074 7775 4043 7775 4040 7775 4074 7776 4040 7776 4071 7776 4075 7777 4041 7777 4072 7777 4075 7778 4044 7778 4041 7778 4076 7779 4042 7779 4073 7779 4076 7780 4045 7780 4042 7780 4076 7781 2793 7781 4045 7781 4076 7782 2795 7782 2793 7782 4077 7783 4043 7783 4074 7783 4077 7784 4046 7784 4043 7784 4078 7785 4044 7785 4075 7785 4078 7786 4047 7786 4044 7786 4079 7787 4048 7787 4046 7787 4079 7788 4046 7788 4077 7788 4079 7789 4050 7789 4048 7789 4080 7790 4047 7790 4078 7790 4080 7791 4049 7791 4047 7791 4081 7792 4050 7792 4079 7792 4081 7793 4052 7793 4050 7793 4082 7794 4049 7794 4080 7794 4082 7795 4051 7795 4049 7795 4083 7796 4052 7796 4081 7796 4084 7797 4053 7797 4051 7797 4084 7798 4051 7798 4082 7798 4085 7799 4054 7799 4052 7799 4085 7800 4052 7800 4083 7800 4085 7801 4056 7801 4054 7801 4086 7802 4053 7802 4084 7802 4086 7803 4055 7803 4053 7803 4087 7804 4056 7804 4085 7804 4087 7805 4058 7805 4056 7805 4088 7806 4057 7806 4055 7806 4088 7807 4055 7807 4086 7807 4089 7808 4060 7808 4058 7808 4089 7809 4058 7809 4087 7809 4090 7810 4057 7810 4088 7810 4090 7811 4059 7811 4057 7811 4091 7812 4060 7812 4089 7812 4092 7813 4061 7813 4059 7813 4092 7814 4059 7814 4090 7814 4093 7815 2712 7815 2711 7815 4093 7816 4062 7816 2712 7816 4094 7817 4060 7817 4091 7817 4094 7818 4063 7818 4060 7818 4095 7819 4064 7819 4061 7819 4095 7820 4061 7820 4092 7820 4096 7821 4068 7821 4065 7821 4096 7822 4065 7822 4062 7822 4096 7823 4062 7823 4093 7823 4097 7824 4069 7824 4066 7824 4097 7825 4063 7825 4094 7825 4097 7826 4066 7826 4063 7826 4098 7827 4064 7827 4095 7827 4098 7828 4067 7828 4064 7828 4099 7829 4068 7829 4096 7829 4100 7830 4069 7830 4097 7830 4101 7831 4070 7831 4067 7831 4101 7832 4067 7832 4098 7832 4102 7833 4068 7833 4099 7833 4102 7834 4071 7834 4068 7834 4103 7835 4072 7835 4069 7835 4103 7836 4069 7836 4100 7836 4104 7837 4073 7837 4070 7837 4104 7838 4070 7838 4101 7838 4105 7839 4071 7839 4102 7839 4105 7840 4074 7840 4071 7840 4106 7841 4072 7841 4103 7841 4106 7842 4075 7842 4072 7842 4106 7843 4078 7843 4075 7843 4107 7844 4073 7844 4104 7844 4107 7845 4076 7845 4073 7845 4107 7846 2795 7846 4076 7846 4107 7847 2797 7847 2795 7847 4108 7848 4077 7848 4074 7848 4108 7849 4074 7849 4105 7849 4109 7850 4078 7850 4106 7850 4109 7851 4080 7851 4078 7851 4110 7852 4077 7852 4108 7852 4110 7853 4079 7853 4077 7853 4111 7854 4080 7854 4109 7854 4112 7855 4079 7855 4110 7855 4112 7856 4081 7856 4079 7856 4113 7857 4080 7857 4111 7857 4113 7858 4082 7858 4080 7858 4113 7859 4084 7859 4082 7859 4114 7860 4081 7860 4112 7860 4114 7861 4083 7861 4081 7861 4114 7862 4085 7862 4083 7862 4115 7863 4084 7863 4113 7863 4115 7864 4086 7864 4084 7864 4116 7865 4087 7865 4085 7865 4116 7866 4085 7866 4114 7866 4117 7867 4086 7867 4115 7867 4118 7868 4087 7868 4116 7868 4119 7869 4088 7869 4086 7869 4119 7870 4086 7870 4117 7870 4120 7871 4089 7871 4087 7871 4120 7872 4087 7872 4118 7872 4121 7873 4090 7873 4088 7873 4121 7874 4088 7874 4119 7874 4122 7875 4089 7875 4120 7875 4122 7876 4091 7876 4089 7876 4123 7877 4090 7877 4121 7877 4123 7878 4092 7878 4090 7878 4123 7879 4095 7879 4092 7879 4124 7880 4093 7880 2711 7880 4124 7881 2710 7881 2709 7881 4124 7882 2711 7882 2710 7882 4125 7883 4091 7883 4122 7883 4125 7884 4094 7884 4091 7884 4126 7885 4095 7885 4123 7885 4127 7886 4099 7886 4096 7886 4127 7887 4093 7887 4124 7887 4127 7888 4096 7888 4093 7888 4128 7889 4100 7889 4097 7889 4128 7890 4097 7890 4094 7890 4128 7891 4094 7891 4125 7891 4129 7892 4098 7892 4095 7892 4129 7893 4095 7893 4126 7893 4130 7894 4099 7894 4127 7894 4131 7895 4100 7895 4128 7895 4132 7896 4101 7896 4098 7896 4132 7897 4098 7897 4129 7897 4133 7898 4102 7898 4099 7898 4133 7899 4105 7899 4102 7899 4133 7900 4099 7900 4130 7900 4134 7901 4100 7901 4131 7901 4134 7902 4103 7902 4100 7902 4135 7903 4101 7903 4132 7903 4135 7904 4104 7904 4101 7904 4136 7905 4105 7905 4133 7905 4137 7906 4106 7906 4103 7906 4137 7907 4109 7907 4106 7907 4137 7908 4103 7908 4134 7908 4138 7909 4104 7909 4135 7909 4138 7910 4107 7910 4104 7910 4138 7911 2797 7911 4107 7911 4138 7912 2799 7912 2797 7912 4139 7913 4105 7913 4136 7913 4139 7914 4108 7914 4105 7914 4140 7915 4109 7915 4137 7915 4141 7916 4110 7916 4108 7916 4141 7917 4108 7917 4139 7917 4142 7918 4111 7918 4109 7918 4142 7919 4109 7919 4140 7919 4143 7920 4114 7920 4112 7920 4143 7921 4112 7921 4110 7921 4143 7922 4110 7922 4141 7922 4144 7923 4111 7923 4142 7923 4144 7924 4113 7924 4111 7924 4145 7925 4114 7925 4143 7925 4146 7926 4113 7926 4144 7926 4146 7927 4115 7927 4113 7927 4146 7928 4117 7928 4115 7928 4147 7929 4114 7929 4145 7929 4147 7930 4116 7930 4114 7930 4148 7931 4117 7931 4146 7931 4149 7932 4116 7932 4147 7932 4149 7933 4118 7933 4116 7933 4149 7934 4120 7934 4118 7934 4150 7935 4117 7935 4148 7935 4150 7936 4119 7936 4117 7936 4151 7937 4120 7937 4149 7937 4152 7938 4121 7938 4119 7938 4152 7939 4119 7939 4150 7939 4153 7940 4120 7940 4151 7940 4153 7941 4122 7941 4120 7941 4154 7942 4123 7942 4121 7942 4154 7943 4121 7943 4152 7943 4155 7944 4124 7944 2709 7944 4156 7945 4122 7945 4153 7945 4156 7946 4125 7946 4122 7946 4157 7947 4123 7947 4154 7947 4157 7948 4126 7948 4123 7948 4158 7949 4124 7949 4155 7949 4158 7950 4127 7950 4124 7950 4159 7951 4125 7951 4156 7951 4159 7952 4128 7952 4125 7952 4160 7953 4132 7953 4129 7953 4160 7954 4126 7954 4157 7954 4160 7955 4129 7955 4126 7955 4161 7956 4130 7956 4127 7956 4161 7957 4127 7957 4158 7957 4162 7958 4131 7958 4128 7958 4162 7959 4128 7959 4159 7959 4163 7960 4132 7960 4160 7960 4164 7961 4130 7961 4161 7961 4164 7962 4133 7962 4130 7962 4165 7963 4131 7963 4162 7963 4165 7964 4134 7964 4131 7964 4166 7965 4135 7965 4132 7965 4166 7966 4132 7966 4163 7966 4167 7967 4136 7967 4133 7967 4167 7968 4133 7968 4164 7968 4168 7969 4137 7969 4134 7969 4168 7970 4134 7970 4165 7970 4169 7971 4138 7971 4135 7971 4169 7972 2799 7972 4138 7972 4169 7973 2801 7973 2799 7973 4169 7974 4135 7974 4166 7974 4170 7975 4136 7975 4167 7975 4170 7976 4139 7976 4136 7976 4171 7977 4140 7977 4137 7977 4171 7978 4137 7978 4168 7978 4172 7979 4141 7979 4139 7979 4172 7980 4139 7980 4170 7980 4173 7981 4140 7981 4171 7981 4173 7982 4142 7982 4140 7982 4174 7983 4143 7983 4141 7983 4174 7984 4141 7984 4172 7984 4175 7985 4142 7985 4173 7985 4175 7986 4144 7986 4142 7986 4176 7987 4145 7987 4143 7987 4176 7988 4143 7988 4174 7988 4177 7989 4144 7989 4175 7989 4177 7990 4146 7990 4144 7990 4177 7991 4148 7991 4146 7991 4178 7992 4145 7992 4176 7992 4178 7993 4147 7993 4145 7993 4179 7994 4148 7994 4177 7994 4180 7995 4147 7995 4178 7995 4180 7996 4149 7996 4147 7996 4181 7997 4150 7997 4148 7997 4181 7998 4148 7998 4179 7998 4182 7999 4149 7999 4180 7999 4182 8000 4151 8000 4149 8000 4183 8001 4150 8001 4181 8001 4183 8002 4152 8002 4150 8002 4184 8003 4151 8003 4182 8003 4184 8004 4153 8004 4151 8004 4185 8005 4152 8005 4183 8005 4185 8006 4154 8006 4152 8006 4186 8007 4155 8007 2709 8007 4186 8008 2708 8008 2707 8008 4186 8009 2709 8009 2708 8009 4187 8010 4156 8010 4153 8010 4187 8011 4153 8011 4184 8011 4188 8012 4154 8012 4185 8012 4188 8013 4157 8013 4154 8013 4189 8014 4158 8014 4155 8014 4189 8015 4155 8015 4186 8015 4190 8016 4159 8016 4156 8016 4190 8017 4156 8017 4187 8017 4191 8018 4163 8018 4160 8018 4191 8019 4157 8019 4188 8019 4191 8020 4160 8020 4157 8020 4192 8021 4158 8021 4189 8021 4192 8022 4161 8022 4158 8022 4193 8023 4159 8023 4190 8023 4193 8024 4162 8024 4159 8024 4194 8025 4163 8025 4191 8025 4195 8026 4161 8026 4192 8026 4195 8027 4164 8027 4161 8027 4196 8028 4165 8028 4162 8028 4196 8029 4162 8029 4193 8029 4197 8030 4166 8030 4163 8030 4197 8031 4163 8031 4194 8031 4198 8032 4167 8032 4164 8032 4198 8033 4164 8033 4195 8033 4199 8034 4168 8034 4165 8034 4199 8035 4165 8035 4196 8035 4200 8036 4169 8036 4166 8036 4200 8037 2801 8037 4169 8037 4200 8038 4166 8038 4197 8038 4200 8039 2802 8039 2801 8039 4201 8040 4167 8040 4198 8040 4201 8041 4170 8041 4167 8041 4202 8042 4168 8042 4199 8042 4202 8043 4171 8043 4168 8043 4203 8044 4172 8044 4170 8044 4203 8045 4170 8045 4201 8045 4204 8046 4171 8046 4202 8046 4204 8047 4173 8047 4171 8047 4205 8048 4172 8048 4203 8048 4205 8049 4174 8049 4172 8049 4206 8050 4173 8050 4204 8050 4206 8051 4175 8051 4173 8051 4207 8052 4174 8052 4205 8052 4207 8053 4176 8053 4174 8053 4208 8054 4175 8054 4206 8054 4208 8055 4177 8055 4175 8055 4209 8056 4176 8056 4207 8056 4209 8057 4178 8057 4176 8057 4210 8058 4179 8058 4177 8058 4210 8059 4177 8059 4208 8059 4211 8060 4180 8060 4178 8060 4211 8061 4182 8061 4180 8061 4211 8062 4178 8062 4209 8062 4212 8063 4181 8063 4179 8063 4212 8064 4179 8064 4210 8064 4213 8065 4182 8065 4211 8065 4214 8066 4181 8066 4212 8066 4214 8067 4183 8067 4181 8067 4215 8068 4182 8068 4213 8068 4215 8069 4184 8069 4182 8069 4216 8070 4183 8070 4214 8070 4216 8071 4185 8071 4183 8071 4217 8072 4186 8072 2707 8072 4218 8073 4184 8073 4215 8073 4218 8074 4187 8074 4184 8074 4219 8075 4185 8075 4216 8075 4219 8076 4188 8076 4185 8076 4220 8077 4189 8077 4186 8077 4220 8078 4186 8078 4217 8078 4220 8079 4192 8079 4189 8079 4221 8080 4187 8080 4218 8080 4221 8081 4190 8081 4187 8081 4222 8082 4188 8082 4219 8082 4222 8083 4191 8083 4188 8083 4223 8084 4192 8084 4220 8084 4224 8085 4190 8085 4221 8085 4224 8086 4193 8086 4190 8086 4225 8087 4191 8087 4222 8087 4225 8088 4194 8088 4191 8088 4226 8089 4195 8089 4192 8089 4226 8090 4192 8090 4223 8090 4227 8091 4193 8091 4224 8091 4227 8092 4196 8092 4193 8092 4228 8093 4197 8093 4194 8093 4228 8094 4194 8094 4225 8094 4229 8095 4198 8095 4195 8095 4229 8096 4201 8096 4198 8096 4229 8097 4195 8097 4226 8097 4230 8098 4199 8098 4196 8098 4230 8099 4196 8099 4227 8099 4231 8100 4200 8100 4197 8100 4231 8101 2802 8101 4200 8101 4231 8102 2805 8102 2802 8102 4231 8103 4197 8103 4228 8103 4232 8104 4201 8104 4229 8104 4233 8105 4199 8105 4230 8105 4233 8106 4202 8106 4199 8106 4234 8107 4205 8107 4203 8107 4234 8108 4203 8108 4201 8108 4234 8109 4201 8109 4232 8109 4235 8110 4202 8110 4233 8110 4235 8111 4204 8111 4202 8111 4236 8112 4205 8112 4234 8112 4237 8113 4204 8113 4235 8113 4237 8114 4206 8114 4204 8114 4238 8115 4205 8115 4236 8115 4238 8116 4207 8116 4205 8116 4238 8117 4209 8117 4207 8117 4239 8118 4208 8118 4206 8118 4239 8119 4210 8119 4208 8119 4239 8120 4206 8120 4237 8120 4240 8121 4209 8121 4238 8121 4241 8122 4210 8122 4239 8122 4242 8123 4211 8123 4209 8123 4242 8124 4209 8124 4240 8124 4243 8125 4212 8125 4210 8125 4243 8126 4210 8126 4241 8126 4244 8127 4211 8127 4242 8127 4244 8128 4213 8128 4211 8128 4244 8129 4215 8129 4213 8129 4245 8130 4212 8130 4243 8130 4245 8131 4214 8131 4212 8131 4246 8132 4215 8132 4244 8132 4247 8133 4216 8133 4214 8133 4247 8134 4214 8134 4245 8134 4248 8135 4217 8135 2707 8135 4248 8136 2707 8136 2706 8136 4249 8137 4215 8137 4246 8137 4249 8138 4218 8138 4215 8138 4250 8139 4219 8139 4216 8139 4250 8140 4216 8140 4247 8140 4251 8141 4217 8141 4248 8141 4251 8142 4220 8142 4217 8142 4252 8143 4224 8143 4221 8143 4252 8144 4218 8144 4249 8144 4252 8145 4221 8145 4218 8145 4253 8146 4219 8146 4250 8146 4253 8147 4222 8147 4219 8147 4253 8148 4225 8148 4222 8148 4254 8149 4220 8149 4251 8149 4254 8150 4223 8150 4220 8150 4255 8151 4224 8151 4252 8151 4256 8152 4225 8152 4253 8152 4256 8153 4228 8153 4225 8153 4257 8154 4223 8154 4254 8154 4257 8155 4226 8155 4223 8155 4258 8156 4224 8156 4255 8156 4258 8157 4227 8157 4224 8157 4258 8158 4230 8158 4227 8158 4259 8159 4228 8159 4256 8159 4260 8160 4226 8160 4257 8160 4260 8161 4229 8161 4226 8161 4261 8162 4233 8162 4230 8162 4261 8163 4230 8163 4258 8163 4262 8164 4231 8164 4228 8164 4262 8165 2807 8165 2805 8165 4262 8166 4228 8166 4259 8166 4262 8167 2805 8167 4231 8167 4263 8168 4232 8168 4229 8168 4263 8169 4229 8169 4260 8169 4264 8170 4233 8170 4261 8170 4265 8171 4234 8171 4232 8171 4265 8172 4232 8172 4263 8172 4266 8173 4235 8173 4233 8173 4266 8174 4233 8174 4264 8174 4267 8175 4234 8175 4265 8175 4267 8176 4236 8176 4234 8176 4268 8177 4237 8177 4235 8177 4268 8178 4239 8178 4237 8178 4268 8179 4235 8179 4266 8179 4269 8180 4236 8180 4267 8180 4269 8181 4238 8181 4236 8181 4270 8182 4241 8182 4239 8182 4270 8183 4239 8183 4268 8183 4271 8184 4240 8184 4238 8184 4271 8185 4238 8185 4269 8185 4272 8186 4241 8186 4270 8186 4273 8187 4242 8187 4240 8187 4273 8188 4240 8188 4271 8188 4274 8189 4241 8189 4272 8189 4274 8190 4243 8190 4241 8190 4275 8191 4244 8191 4242 8191 4275 8192 4242 8192 4273 8192 4276 8193 4245 8193 4243 8193 4276 8194 4247 8194 4245 8194 4276 8195 4243 8195 4274 8195 4277 8196 4246 8196 4244 8196 4277 8197 4244 8197 4275 8197 4278 8198 4247 8198 4276 8198 4278 8199 4250 8199 4247 8199 4279 8200 4248 8200 2706 8200 4279 8201 2706 8201 2705 8201 4280 8202 4246 8202 4277 8202 4280 8203 4249 8203 4246 8203 4281 8204 4250 8204 4278 8204 4282 8205 4254 8205 4251 8205 4282 8206 4251 8206 4248 8206 4282 8207 4248 8207 4279 8207 4283 8208 4252 8208 4249 8208 4283 8209 4249 8209 4280 8209 4284 8210 4250 8210 4281 8210 4284 8211 4253 8211 4250 8211 4284 8212 4256 8212 4253 8212 4285 8213 4254 8213 4282 8213 4286 8214 4252 8214 4283 8214 4286 8215 4255 8215 4252 8215 4287 8216 4256 8216 4284 8216 4287 8217 4259 8217 4256 8217 4288 8218 4254 8218 4285 8218 4288 8219 4260 8219 4257 8219 4288 8220 4257 8220 4254 8220 4289 8221 4255 8221 4286 8221 4289 8222 4258 8222 4255 8222 4290 8223 4259 8223 4287 8223 4291 8224 4260 8224 4288 8224 4291 8225 4263 8225 4260 8225 4292 8226 4258 8226 4289 8226 4292 8227 4261 8227 4258 8227 4293 8228 2807 8228 4262 8228 4293 8229 2809 8229 2807 8229 4293 8230 4259 8230 4290 8230 4293 8231 4262 8231 4259 8231 4294 8232 4263 8232 4291 8232 4295 8233 4261 8233 4292 8233 4295 8234 4264 8234 4261 8234 4296 8235 4263 8235 4294 8235 4296 8236 4265 8236 4263 8236 4297 8237 4266 8237 4264 8237 4297 8238 4264 8238 4295 8238 4298 8239 4267 8239 4265 8239 4298 8240 4265 8240 4296 8240 4299 8241 4266 8241 4297 8241 4299 8242 4268 8242 4266 8242 4300 8243 4269 8243 4267 8243 4300 8244 4267 8244 4298 8244 4301 8245 4270 8245 4268 8245 4301 8246 4268 8246 4299 8246 4302 8247 4271 8247 4269 8247 4302 8248 4269 8248 4300 8248 4303 8249 4272 8249 4270 8249 4303 8250 4270 8250 4301 8250 4304 8251 4273 8251 4271 8251 4304 8252 4271 8252 4302 8252 4305 8253 4272 8253 4303 8253 4305 8254 4274 8254 4272 8254 4306 8255 4275 8255 4273 8255 4306 8256 4277 8256 4275 8256 4306 8257 4273 8257 4304 8257 4307 8258 4276 8258 4274 8258 4307 8259 4274 8259 4305 8259 4308 8260 4277 8260 4306 8260 4309 8261 4276 8261 4307 8261 4309 8262 4278 8262 4276 8262 4310 8263 4279 8263 2705 8263 4310 8264 2704 8264 2703 8264 4310 8265 2705 8265 2704 8265 4311 8266 4280 8266 4277 8266 4311 8267 4277 8267 4308 8267 4312 8268 4281 8268 4278 8268 4312 8269 4278 8269 4309 8269 4313 8270 4279 8270 4310 8270 4313 8271 4282 8271 4279 8271 4314 8272 4283 8272 4280 8272 4314 8273 4280 8273 4311 8273 4315 8274 4281 8274 4312 8274 4315 8275 4284 8275 4281 8275 4316 8276 4282 8276 4313 8276 4316 8277 4285 8277 4282 8277 4317 8278 4283 8278 4314 8278 4317 8279 4286 8279 4283 8279 4318 8280 4284 8280 4315 8280 4318 8281 4287 8281 4284 8281 4319 8282 4285 8282 4316 8282 4319 8283 4288 8283 4285 8283 4320 8284 4286 8284 4317 8284 4320 8285 4289 8285 4286 8285 4321 8286 4287 8286 4318 8286 4321 8287 4290 8287 4287 8287 4322 8288 4288 8288 4319 8288 4322 8289 4291 8289 4288 8289 4323 8290 4289 8290 4320 8290 4323 8291 4292 8291 4289 8291 4323 8292 4295 8292 4292 8292 4324 8293 4290 8293 4321 8293 4324 8294 2811 8294 2809 8294 4324 8295 2809 8295 4293 8295 4324 8296 4293 8296 4290 8296 4325 8297 4294 8297 4291 8297 4325 8298 4291 8298 4322 8298 4326 8299 4295 8299 4323 8299 4326 8300 4297 8300 4295 8300 4327 8301 4296 8301 4294 8301 4327 8302 4294 8302 4325 8302 4327 8303 4298 8303 4296 8303 4328 8304 4297 8304 4326 8304 4329 8305 4300 8305 4298 8305 4329 8306 4298 8306 4327 8306 4330 8307 4299 8307 4297 8307 4330 8308 4297 8308 4328 8308 4330 8309 4301 8309 4299 8309 4331 8310 4300 8310 4329 8310 4332 8311 4303 8311 4301 8311 4332 8312 4301 8312 4330 8312 4333 8313 4302 8313 4300 8313 4333 8314 4304 8314 4302 8314 4333 8315 4300 8315 4331 8315 4334 8316 4303 8316 4332 8316 4335 8317 4304 8317 4333 8317 4335 8318 4306 8318 4304 8318 4336 8319 4305 8319 4303 8319 4336 8320 4303 8320 4334 8320 4337 8321 4308 8321 4306 8321 4337 8322 4306 8322 4335 8322 4338 8323 4305 8323 4336 8323 4338 8324 4307 8324 4305 8324 4339 8325 4308 8325 4337 8325 4340 8326 4309 8326 4307 8326 4340 8327 4307 8327 4338 8327 4341 8328 4310 8328 2703 8328 4342 8329 4311 8329 4308 8329 4342 8330 4308 8330 4339 8330 4343 8331 4309 8331 4340 8331 4343 8332 4312 8332 4309 8332 4344 8333 4313 8333 4310 8333 4344 8334 4310 8334 4341 8334 4345 8335 4311 8335 4342 8335 4345 8336 4314 8336 4311 8336 4345 8337 4317 8337 4314 8337 4346 8338 4312 8338 4343 8338 4346 8339 4315 8339 4312 8339 4346 8340 4318 8340 4315 8340 4347 8341 4313 8341 4344 8341 4347 8342 4316 8342 4313 8342 4348 8343 4317 8343 4345 8343 4349 8344 4318 8344 4346 8344 4350 8345 4316 8345 4347 8345 4350 8346 4319 8346 4316 8346 4351 8347 4320 8347 4317 8347 4351 8348 4317 8348 4348 8348 4352 8349 4318 8349 4349 8349 4352 8350 4321 8350 4318 8350 4353 8351 4319 8351 4350 8351 4353 8352 4322 8352 4319 8352 4354 8353 4320 8353 4351 8353 4354 8354 4323 8354 4320 8354 4354 8355 4326 8355 4323 8355 4355 8356 4321 8356 4352 8356 4355 8357 4324 8357 4321 8357 4355 8358 2813 8358 2811 8358 4355 8359 2811 8359 4324 8359 4356 8360 4322 8360 4353 8360 4356 8361 4325 8361 4322 8361 4357 8362 4326 8362 4354 8362 4357 8363 4328 8363 4326 8363 4358 8364 4325 8364 4356 8364 4358 8365 4327 8365 4325 8365 4359 8366 4328 8366 4357 8366 4360 8367 4327 8367 4358 8367 4360 8368 4329 8368 4327 8368 4361 8369 4330 8369 4328 8369 4361 8370 4328 8370 4359 8370 4362 8371 4331 8371 4329 8371 4362 8372 4329 8372 4360 8372 4363 8373 4332 8373 4330 8373 4363 8374 4330 8374 4361 8374 4364 8375 4333 8375 4331 8375 4364 8376 4331 8376 4362 8376 4365 8377 4334 8377 4332 8377 4365 8378 4332 8378 4363 8378 4366 8379 4335 8379 4333 8379 4366 8380 4333 8380 4364 8380 4367 8381 4334 8381 4365 8381 4367 8382 4336 8382 4334 8382 4368 8383 4339 8383 4337 8383 4368 8384 4337 8384 4335 8384 4368 8385 4335 8385 4366 8385 4369 8386 4338 8386 4336 8386 4369 8387 4340 8387 4338 8387 4369 8388 4336 8388 4367 8388 4370 8389 4339 8389 4368 8389 4371 8390 4343 8390 4340 8390 4371 8391 4340 8391 4369 8391 4372 8392 2703 8392 2702 8392 4372 8393 4341 8393 2703 8393 4373 8394 4339 8394 4370 8394 4373 8395 4342 8395 4339 8395 4374 8396 4343 8396 4371 8396 4375 8397 4344 8397 4341 8397 4375 8398 4347 8398 4344 8398 4375 8399 4341 8399 4372 8399 4376 8400 4342 8400 4373 8400 4376 8401 4345 8401 4342 8401 4376 8402 4348 8402 4345 8402 4377 8403 4343 8403 4374 8403 4377 8404 4346 8404 4343 8404 4377 8405 4349 8405 4346 8405 4378 8406 4347 8406 4375 8406 4379 8407 4348 8407 4376 8407 4380 8408 4349 8408 4377 8408 4381 8409 4350 8409 4347 8409 4381 8410 4347 8410 4378 8410 4382 8411 4351 8411 4348 8411 4382 8412 4348 8412 4379 8412 4383 8413 4349 8413 4380 8413 4383 8414 4352 8414 4349 8414 4384 8415 4350 8415 4381 8415 4384 8416 4353 8416 4350 8416 4385 8417 4351 8417 4382 8417 4385 8418 4357 8418 4354 8418 4385 8419 4354 8419 4351 8419 4386 8420 4352 8420 4383 8420 4386 8421 4355 8421 4352 8421 4386 8422 2813 8422 4355 8422 4386 8423 2815 8423 2813 8423 4387 8424 4353 8424 4384 8424 4387 8425 4356 8425 4353 8425 4388 8426 4357 8426 4385 8426 4389 8427 4358 8427 4356 8427 4389 8428 4356 8428 4387 8428 4390 8429 4357 8429 4388 8429 4390 8430 4359 8430 4357 8430 4391 8431 4358 8431 4389 8431 4391 8432 4360 8432 4358 8432 4392 8433 4359 8433 4390 8433 4392 8434 4361 8434 4359 8434 4393 8435 4360 8435 4391 8435 4393 8436 4362 8436 4360 8436 4394 8437 4361 8437 4392 8437 4394 8438 4363 8438 4361 8438 4395 8439 4362 8439 4393 8439 4395 8440 4364 8440 4362 8440 4396 8441 4363 8441 4394 8441 4396 8442 4365 8442 4363 8442 4397 8443 4364 8443 4395 8443 4397 8444 4366 8444 4364 8444 4398 8445 4367 8445 4365 8445 4398 8446 4365 8446 4396 8446 4399 8447 4368 8447 4366 8447 4399 8448 4366 8448 4397 8448 4400 8449 4369 8449 4367 8449 4400 8450 4371 8450 4369 8450 4400 8451 4367 8451 4398 8451 4401 8452 4370 8452 4368 8452 4401 8453 4368 8453 4399 8453 4402 8454 4374 8454 4371 8454 4402 8455 4371 8455 4400 8455 4403 8456 2702 8456 2701 8456 4403 8457 4372 8457 2702 8457 4404 8458 4370 8458 4401 8458 4404 8459 4373 8459 4370 8459 4405 8460 4374 8460 4402 8460 4406 8461 4372 8461 4403 8461 4406 8462 4375 8462 4372 8462 4407 8463 4373 8463 4404 8463 4407 8464 4376 8464 4373 8464 4408 8465 4374 8465 4405 8465 4408 8466 4377 8466 4374 8466 4409 8467 4375 8467 4406 8467 4409 8468 4378 8468 4375 8468 4410 8469 4379 8469 4376 8469 4410 8470 4376 8470 4407 8470 4411 8471 4380 8471 4377 8471 4411 8472 4377 8472 4408 8472 4411 8473 4383 8473 4380 8473 4412 8474 4378 8474 4409 8474 4412 8475 4381 8475 4378 8475 4413 8476 4382 8476 4379 8476 4413 8477 4379 8477 4410 8477 4414 8478 4383 8478 4411 8478 4415 8479 4381 8479 4412 8479 4415 8480 4384 8480 4381 8480 4416 8481 4382 8481 4413 8481 4416 8482 4385 8482 4382 8482 4417 8483 4383 8483 4414 8483 4417 8484 4386 8484 4383 8484 4417 8485 2815 8485 4386 8485 4417 8486 2817 8486 2815 8486 4418 8487 4387 8487 4384 8487 4418 8488 4384 8488 4415 8488 4419 8489 4385 8489 4416 8489 4419 8490 4388 8490 4385 8490 4420 8491 4389 8491 4387 8491 4420 8492 4387 8492 4418 8492 4421 8493 4390 8493 4388 8493 4421 8494 4388 8494 4419 8494 4422 8495 4389 8495 4420 8495 4422 8496 4391 8496 4389 8496 4423 8497 4390 8497 4421 8497 4423 8498 4392 8498 4390 8498 4424 8499 4393 8499 4391 8499 4424 8500 4391 8500 4422 8500 4425 8501 4392 8501 4423 8501 4425 8502 4396 8502 4394 8502 4425 8503 4394 8503 4392 8503 4426 8504 4393 8504 4424 8504 4426 8505 4395 8505 4393 8505 4427 8506 4396 8506 4425 8506 4428 8507 4397 8507 4395 8507 4428 8508 4395 8508 4426 8508 4429 8509 4396 8509 4427 8509 4429 8510 4398 8510 4396 8510 4430 8511 4397 8511 4428 8511 4430 8512 4399 8512 4397 8512 4431 8513 4400 8513 4398 8513 4431 8514 4398 8514 4429 8514 4432 8515 4401 8515 4399 8515 4432 8516 4399 8516 4430 8516 4433 8517 4402 8517 4400 8517 4433 8518 4400 8518 4431 8518 4434 8519 4403 8519 2701 8519 4434 8520 2701 8520 2700 8520 4435 8521 4404 8521 4401 8521 4435 8522 4401 8522 4432 8522 4436 8523 4405 8523 4402 8523 4436 8524 4402 8524 4433 8524 4437 8525 4409 8525 4406 8525 4437 8526 4403 8526 4434 8526 4437 8527 4406 8527 4403 8527 4438 8528 4404 8528 4435 8528 4438 8529 4407 8529 4404 8529 4439 8530 4408 8530 4405 8530 4439 8531 4405 8531 4436 8531 4440 8532 4412 8532 4409 8532 4440 8533 4409 8533 4437 8533 4441 8534 4410 8534 4407 8534 4441 8535 4413 8535 4410 8535 4441 8536 4407 8536 4438 8536 4442 8537 4408 8537 4439 8537 4442 8538 4411 8538 4408 8538 4443 8539 4412 8539 4440 8539 4444 8540 4413 8540 4441 8540 4445 8541 4414 8541 4411 8541 4445 8542 4411 8542 4442 8542 4446 8543 4418 8543 4415 8543 4446 8544 4415 8544 4412 8544 4446 8545 4412 8545 4443 8545 4447 8546 4413 8546 4444 8546 4447 8547 4416 8547 4413 8547 4448 8548 4414 8548 4445 8548 4448 8549 4417 8549 4414 8549 4448 8550 2817 8550 4417 8550 4448 8551 2819 8551 2817 8551 4449 8552 4418 8552 4446 8552 4450 8553 4416 8553 4447 8553 4450 8554 4419 8554 4416 8554 4451 8555 4422 8555 4420 8555 4451 8556 4418 8556 4449 8556 4451 8557 4420 8557 4418 8557 4452 8558 4419 8558 4450 8558 4452 8559 4421 8559 4419 8559 4453 8560 4422 8560 4451 8560 4453 8561 4424 8561 4422 8561 4454 8562 4423 8562 4421 8562 4454 8563 4421 8563 4452 8563 4455 8564 4424 8564 4453 8564 4456 8565 4423 8565 4454 8565 4456 8566 4425 8566 4423 8566 4457 8567 4424 8567 4455 8567 4457 8568 4426 8568 4424 8568 4457 8569 4428 8569 4426 8569 4458 8570 4425 8570 4456 8570 4458 8571 4427 8571 4425 8571 4459 8572 4428 8572 4457 8572 4459 8573 4430 8573 4428 8573 4460 8574 4427 8574 4458 8574 4460 8575 4429 8575 4427 8575 4461 8576 4430 8576 4459 8576 4462 8577 4429 8577 4460 8577 4462 8578 4431 8578 4429 8578 4463 8579 4432 8579 4430 8579 4463 8580 4430 8580 4461 8580 4463 8581 4435 8581 4432 8581 4464 8582 4433 8582 4431 8582 4464 8583 4431 8583 4462 8583 4465 8584 4434 8584 2700 8584 4465 8585 2700 8585 2699 8585 4466 8586 4435 8586 4463 8586 4467 8587 4433 8587 4464 8587 4467 8588 4436 8588 4433 8588 4468 8589 4440 8589 4437 8589 4468 8590 4434 8590 4465 8590 4468 8591 4437 8591 4434 8591 4469 8592 4438 8592 4435 8592 4469 8593 4435 8593 4466 8593 4470 8594 4439 8594 4436 8594 4470 8595 4436 8595 4467 8595 4471 8596 4443 8596 4440 8596 4471 8597 4440 8597 4468 8597 4472 8598 4438 8598 4469 8598 4472 8599 4441 8599 4438 8599 4472 8600 4444 8600 4441 8600 4473 8601 4442 8601 4439 8601 4473 8602 4439 8602 4470 8602 4474 8603 4443 8603 4471 8603 4475 8604 4444 8604 4472 8604 4476 8605 4442 8605 4473 8605 4476 8606 4445 8606 4442 8606 4476 8607 4448 8607 4445 8607 4477 8608 4449 8608 4446 8608 4477 8609 4446 8609 4443 8609 4477 8610 4443 8610 4474 8610 4478 8611 4444 8611 4475 8611 4478 8612 4447 8612 4444 8612 4479 8613 4448 8613 4476 8613 4479 8614 2819 8614 4448 8614 4479 8615 2821 8615 2819 8615 4480 8616 4449 8616 4477 8616 4481 8617 4452 8617 4450 8617 4481 8618 4447 8618 4478 8618 4481 8619 4450 8619 4447 8619 4482 8620 4453 8620 4451 8620 4482 8621 4451 8621 4449 8621 4482 8622 4449 8622 4480 8622 4483 8623 4452 8623 4481 8623 4484 8624 4453 8624 4482 8624 4484 8625 4455 8625 4453 8625 4485 8626 4452 8626 4483 8626 4485 8627 4454 8627 4452 8627 4486 8628 4455 8628 4484 8628 4487 8629 4456 8629 4454 8629 4487 8630 4454 8630 4485 8630 4487 8631 4458 8631 4456 8631 4488 8632 4455 8632 4486 8632 4488 8633 4457 8633 4455 8633 4488 8634 4459 8634 4457 8634 4489 8635 4458 8635 4487 8635 4490 8636 4459 8636 4488 8636 4490 8637 4461 8637 4459 8637 4491 8638 4458 8638 4489 8638 4491 8639 4460 8639 4458 8639 4491 8640 4462 8640 4460 8640 4492 8641 4461 8641 4490 8641 4493 8642 4462 8642 4491 8642 4493 8643 4464 8643 4462 8643 4494 8644 4461 8644 4492 8644 4494 8645 4463 8645 4461 8645 4494 8646 4466 8646 4463 8646 4495 8647 4464 8647 4493 8647 4496 8648 4465 8648 2699 8648 4496 8649 2699 8649 2698 8649 4497 8650 4466 8650 4494 8650 4498 8651 4467 8651 4464 8651 4498 8652 4470 8652 4467 8652 4498 8653 4464 8653 4495 8653 4499 8654 4465 8654 4496 8654 4499 8655 4468 8655 4465 8655 4500 8656 4466 8656 4497 8656 4500 8657 4469 8657 4466 8657 4501 8658 4473 8658 4470 8658 4501 8659 4470 8659 4498 8659 4502 8660 4471 8660 4468 8660 4502 8661 4468 8661 4499 8661 4503 8662 4472 8662 4469 8662 4503 8663 4469 8663 4500 8663 4504 8664 4473 8664 4501 8664 4505 8665 4474 8665 4471 8665 4505 8666 4471 8666 4502 8666 4506 8667 4475 8667 4472 8667 4506 8668 4472 8668 4503 8668 4507 8669 4473 8669 4504 8669 4507 8670 4476 8670 4473 8670 4507 8671 4479 8671 4476 8671 4508 8672 4474 8672 4505 8672 4508 8673 4477 8673 4474 8673 4509 8674 4475 8674 4506 8674 4509 8675 4478 8675 4475 8675 4510 8676 4479 8676 4507 8676 4510 8677 2821 8677 4479 8677 4510 8678 2823 8678 2821 8678 4511 8679 4477 8679 4508 8679 4511 8680 4480 8680 4477 8680 4512 8681 4483 8681 4481 8681 4512 8682 4481 8682 4478 8682 4512 8683 4478 8683 4509 8683 4513 8684 4482 8684 4480 8684 4513 8685 4480 8685 4511 8685 4514 8686 4483 8686 4512 8686 4515 8687 4484 8687 4482 8687 4515 8688 4482 8688 4513 8688 4516 8689 4483 8689 4514 8689 4516 8690 4485 8690 4483 8690 4516 8691 4487 8691 4485 8691 4517 8692 4484 8692 4515 8692 4517 8693 4486 8693 4484 8693 4518 8694 4487 8694 4516 8694 4519 8695 4488 8695 4486 8695 4519 8696 4486 8696 4517 8696 4520 8697 4487 8697 4518 8697 4520 8698 4489 8698 4487 8698 4521 8699 4492 8699 4490 8699 4521 8700 4490 8700 4488 8700 4521 8701 4488 8701 4519 8701 4522 8702 4491 8702 4489 8702 4522 8703 4493 8703 4491 8703 4522 8704 4489 8704 4520 8704 4523 8705 4492 8705 4521 8705 4524 8706 4493 8706 4522 8706 4525 8707 4492 8707 4523 8707 4525 8708 4494 8708 4492 8708 4526 8709 4493 8709 4524 8709 4526 8710 4495 8710 4493 8710 4527 8711 4496 8711 2698 8711 4527 8712 2698 8712 2697 8712 4528 8713 4494 8713 4525 8713 4528 8714 4497 8714 4494 8714 4529 8715 4501 8715 4498 8715 4529 8716 4495 8716 4526 8716 4529 8717 4498 8717 4495 8717 4530 8718 4502 8718 4499 8718 4530 8719 4496 8719 4527 8719 4530 8720 4499 8720 4496 8720 4531 8721 4497 8721 4528 8721 4531 8722 4500 8722 4497 8722 4532 8723 4501 8723 4529 8723 4533 8724 4502 8724 4530 8724 4534 8725 4506 8725 4503 8725 4534 8726 4503 8726 4500 8726 4534 8727 4500 8727 4531 8727 4535 8728 4504 8728 4501 8728 4535 8729 4501 8729 4532 8729 4536 8730 4505 8730 4502 8730 4536 8731 4502 8731 4533 8731 4537 8732 4506 8732 4534 8732 4538 8733 4507 8733 4504 8733 4538 8734 4504 8734 4535 8734 4539 8735 4511 8735 4508 8735 4539 8736 4508 8736 4505 8736 4539 8737 4505 8737 4536 8737 4540 8738 4509 8738 4506 8738 4540 8739 4506 8739 4537 8739 4541 8740 4507 8740 4538 8740 4541 8741 4510 8741 4507 8741 4541 8742 2823 8742 4510 8742 4541 8743 2826 8743 2823 8743 4542 8744 4511 8744 4539 8744 4543 8745 4512 8745 4509 8745 4543 8746 4509 8746 4540 8746 4544 8747 4515 8747 4513 8747 4544 8748 4511 8748 4542 8748 4544 8749 4513 8749 4511 8749 4545 8750 4514 8750 4512 8750 4545 8751 4512 8751 4543 8751 4546 8752 4515 8752 4544 8752 4547 8753 4514 8753 4545 8753 4547 8754 4516 8754 4514 8754 4548 8755 4515 8755 4546 8755 4548 8756 4517 8756 4515 8756 4549 8757 4516 8757 4547 8757 4549 8758 4518 8758 4516 8758 4549 8759 4520 8759 4518 8759 4550 8760 4517 8760 4548 8760 4550 8761 4519 8761 4517 8761 4551 8762 4520 8762 4549 8762 4552 8763 4521 8763 4519 8763 4552 8764 4519 8764 4550 8764 4553 8765 4520 8765 4551 8765 4553 8766 4522 8766 4520 8766 4554 8767 4521 8767 4552 8767 4554 8768 4523 8768 4521 8768 4555 8769 4524 8769 4522 8769 4555 8770 4522 8770 4553 8770 4556 8771 4523 8771 4554 8771 4556 8772 4525 8772 4523 8772 4556 8773 4528 8773 4525 8773 4557 8774 4524 8774 4555 8774 4557 8775 4526 8775 4524 8775 4558 8776 4527 8776 2697 8776 4558 8777 2697 8777 2696 8777 4559 8778 4528 8778 4556 8778 4560 8779 4526 8779 4557 8779 4560 8780 4529 8780 4526 8780 4561 8781 4530 8781 4527 8781 4561 8782 4527 8782 4558 8782 4562 8783 4528 8783 4559 8783 4562 8784 4531 8784 4528 8784 4563 8785 4529 8785 4560 8785 4563 8786 4532 8786 4529 8786 4564 8787 4533 8787 4530 8787 4564 8788 4530 8788 4561 8788 4565 8789 4537 8789 4534 8789 4565 8790 4531 8790 4562 8790 4565 8791 4534 8791 4531 8791 4566 8792 4538 8792 4535 8792 4566 8793 4535 8793 4532 8793 4566 8794 4532 8794 4563 8794 4567 8795 4533 8795 4564 8795 4567 8796 4536 8796 4533 8796 4568 8797 4537 8797 4565 8797 4569 8798 4541 8798 4538 8798 4569 8799 4538 8799 4566 8799 4570 8800 4539 8800 4536 8800 4570 8801 4536 8801 4567 8801 4571 8802 4540 8802 4537 8802 4571 8803 4537 8803 4568 8803 4572 8804 2826 8804 4541 8804 4572 8805 2827 8805 2826 8805 4572 8806 4541 8806 4569 8806 4573 8807 4544 8807 4542 8807 4573 8808 4539 8808 4570 8808 4573 8809 4542 8809 4539 8809 4574 8810 4543 8810 4540 8810 4574 8811 4540 8811 4571 8811 4575 8812 4544 8812 4573 8812 4575 8813 4546 8813 4544 8813 4576 8814 4543 8814 4574 8814 4576 8815 4545 8815 4543 8815 4577 8816 4546 8816 4575 8816 4578 8817 4547 8817 4545 8817 4578 8818 4545 8818 4576 8818 4579 8819 4548 8819 4546 8819 4579 8820 4550 8820 4548 8820 4579 8821 4546 8821 4577 8821 4580 8822 4547 8822 4578 8822 4580 8823 4549 8823 4547 8823 4581 8824 4550 8824 4579 8824 4582 8825 4551 8825 4549 8825 4582 8826 4549 8826 4580 8826 4583 8827 4554 8827 4552 8827 4583 8828 4552 8828 4550 8828 4583 8829 4550 8829 4581 8829 4584 8830 4551 8830 4582 8830 4584 8831 4553 8831 4551 8831 4585 8832 4554 8832 4583 8832 4586 8833 4553 8833 4584 8833 4586 8834 4555 8834 4553 8834 4587 8835 4554 8835 4585 8835 4587 8836 4556 8836 4554 8836 4588 8837 4555 8837 4586 8837 4588 8838 4557 8838 4555 8838 4589 8839 2696 8839 2695 8839 4589 8840 4558 8840 2696 8840 4590 8841 4559 8841 4556 8841 4590 8842 4556 8842 4587 8842 4590 8843 4562 8843 4559 8843 4591 8844 4560 8844 4557 8844 4591 8845 4557 8845 4588 8845 4592 8846 4558 8846 4589 8846 4592 8847 4561 8847 4558 8847 4593 8848 4562 8848 4590 8848 4594 8849 4560 8849 4591 8849 4594 8850 4563 8850 4560 8850 4595 8851 4567 8851 4564 8851 4595 8852 4561 8852 4592 8852 4595 8853 4564 8853 4561 8853 4596 8854 4568 8854 4565 8854 4596 8855 4562 8855 4593 8855 4596 8856 4565 8856 4562 8856 4597 8857 4563 8857 4594 8857 4597 8858 4566 8858 4563 8858 4598 8859 4567 8859 4595 8859 4599 8860 4568 8860 4596 8860 4600 8861 4572 8861 4569 8861 4600 8862 4569 8862 4566 8862 4600 8863 4566 8863 4597 8863 4601 8864 4573 8864 4570 8864 4601 8865 4567 8865 4598 8865 4601 8866 4570 8866 4567 8866 4602 8867 4568 8867 4599 8867 4602 8868 4571 8868 4568 8868 4603 8869 4572 8869 4600 8869 4603 8870 2827 8870 4572 8870 4603 8871 2829 8871 2827 8871 4604 8872 4573 8872 4601 8872 4605 8873 4571 8873 4602 8873 4605 8874 4576 8874 4574 8874 4605 8875 4574 8875 4571 8875 4606 8876 4575 8876 4573 8876 4606 8877 4573 8877 4604 8877 4606 8878 4577 8878 4575 8878 4607 8879 4576 8879 4605 8879 4608 8880 4577 8880 4606 8880 4609 8881 4576 8881 4607 8881 4609 8882 4578 8882 4576 8882 4610 8883 4577 8883 4608 8883 4610 8884 4579 8884 4577 8884 4611 8885 4580 8885 4578 8885 4611 8886 4578 8886 4609 8886 4611 8887 4582 8887 4580 8887 4612 8888 4579 8888 4610 8888 4612 8889 4583 8889 4581 8889 4612 8890 4581 8890 4579 8890 4613 8891 4582 8891 4611 8891 4614 8892 4583 8892 4612 8892 4614 8893 4585 8893 4583 8893 4615 8894 4584 8894 4582 8894 4615 8895 4586 8895 4584 8895 4615 8896 4582 8896 4613 8896 4616 8897 4585 8897 4614 8897 4617 8898 4586 8898 4615 8898 4617 8899 4588 8899 4586 8899 4618 8900 4590 8900 4587 8900 4618 8901 4585 8901 4616 8901 4618 8902 4587 8902 4585 8902 4619 8903 4588 8903 4617 8903 4620 8904 4589 8904 2695 8904 4620 8905 2695 8905 2694 8905 4620 8906 4592 8906 4589 8906 4621 8907 4590 8907 4618 8907 4622 8908 4588 8908 4619 8908 4622 8909 4591 8909 4588 8909 4622 8910 4594 8910 4591 8910 4623 8911 4595 8911 4592 8911 4623 8912 4592 8912 4620 8912 4624 8913 4590 8913 4621 8913 4624 8914 4593 8914 4590 8914 4625 8915 4594 8915 4622 8915 4626 8916 4595 8916 4623 8916 4627 8917 4593 8917 4624 8917 4627 8918 4596 8918 4593 8918 4628 8919 4597 8919 4594 8919 4628 8920 4594 8920 4625 8920 4629 8921 4598 8921 4595 8921 4629 8922 4601 8922 4598 8922 4629 8923 4595 8923 4626 8923 4630 8924 4599 8924 4596 8924 4630 8925 4596 8925 4627 8925 4631 8926 4603 8926 4600 8926 4631 8927 4597 8927 4628 8927 4631 8928 4600 8928 4597 8928 4632 8929 4601 8929 4629 8929 4633 8930 4602 8930 4599 8930 4633 8931 4599 8931 4630 8931 4634 8932 2829 8932 4603 8932 4634 8933 4603 8933 4631 8933 4634 8934 2831 8934 2829 8934 4635 8935 4604 8935 4601 8935 4635 8936 4601 8936 4632 8936 4636 8937 4607 8937 4605 8937 4636 8938 4602 8938 4633 8938 4636 8939 4605 8939 4602 8939 4637 8940 4606 8940 4604 8940 4637 8941 4604 8941 4635 8941 4638 8942 4607 8942 4636 8942 4639 8943 4606 8943 4637 8943 4639 8944 4608 8944 4606 8944 4639 8945 4610 8945 4608 8945 4640 8946 4609 8946 4607 8946 4640 8947 4611 8947 4609 8947 4640 8948 4607 8948 4638 8948 4641 8949 4610 8949 4639 8949 4642 8950 4611 8950 4640 8950 4643 8951 4612 8951 4610 8951 4643 8952 4610 8952 4641 8952 4644 8953 4611 8953 4642 8953 4644 8954 4613 8954 4611 8954 4645 8955 4616 8955 4614 8955 4645 8956 4612 8956 4643 8956 4645 8957 4614 8957 4612 8957 4646 8958 4615 8958 4613 8958 4646 8959 4617 8959 4615 8959 4646 8960 4613 8960 4644 8960 4647 8961 4616 8961 4645 8961 4648 8962 4619 8962 4617 8962 4648 8963 4617 8963 4646 8963 4649 8964 4618 8964 4616 8964 4649 8965 4616 8965 4647 8965 4650 8966 4619 8966 4648 8966 4651 8967 2694 8967 2693 8967 4651 8968 4620 8968 2694 8968 4652 8969 4621 8969 4618 8969 4652 8970 4618 8970 4649 8970 4653 8971 4619 8971 4650 8971 4653 8972 4622 8972 4619 8972 4653 8973 4625 8973 4622 8973 4654 8974 4620 8974 4651 8974 4654 8975 4623 8975 4620 8975 4655 8976 4624 8976 4621 8976 4655 8977 4621 8977 4652 8977 4656 8978 4625 8978 4653 8978 4657 8979 4626 8979 4623 8979 4657 8980 4623 8980 4654 8980 4658 8981 4630 8981 4627 8981 4658 8982 4624 8982 4655 8982 4658 8983 4627 8983 4624 8983 4659 8984 4625 8984 4656 8984 4659 8985 4628 8985 4625 8985 4660 8986 4626 8986 4657 8986 4660 8987 4629 8987 4626 8987 4661 8988 4630 8988 4658 8988 4662 8989 4628 8989 4659 8989 4662 8990 4631 8990 4628 8990 4663 8991 4632 8991 4629 8991 4663 8992 4629 8992 4660 8992 4664 8993 4630 8993 4661 8993 4664 8994 4633 8994 4630 8994 4665 8995 4631 8995 4662 8995 4665 8996 2833 8996 2831 8996 4665 8997 4634 8997 4631 8997 4665 8998 2831 8998 4634 8998 4666 8999 4635 8999 4632 8999 4666 9000 4632 9000 4663 9000 4666 9001 4637 9001 4635 9001 4667 9002 4633 9002 4664 9002 4667 9003 4636 9003 4633 9003 4668 9004 4639 9004 4637 9004 4668 9005 4637 9005 4666 9005 4669 9006 4638 9006 4636 9006 4669 9007 4636 9007 4667 9007 4670 9008 4641 9008 4639 9008 4670 9009 4639 9009 4668 9009 4671 9010 4640 9010 4638 9010 4671 9011 4638 9011 4669 9011 4672 9012 4641 9012 4670 9012 4673 9013 4642 9013 4640 9013 4673 9014 4644 9014 4642 9014 4673 9015 4640 9015 4671 9015 4674 9016 4645 9016 4643 9016 4674 9017 4643 9017 4641 9017 4674 9018 4641 9018 4672 9018 4675 9019 4644 9019 4673 9019 4676 9020 4645 9020 4674 9020 4676 9021 4647 9021 4645 9021 4677 9022 4646 9022 4644 9022 4677 9023 4644 9023 4675 9023 4678 9024 4647 9024 4676 9024 4679 9025 4646 9025 4677 9025 4679 9026 4648 9026 4646 9026 4680 9027 4647 9027 4678 9027 4680 9028 4652 9028 4649 9028 4680 9029 4649 9029 4647 9029 4681 9030 4648 9030 4679 9030 4681 9031 4650 9031 4648 9031 4682 9032 4651 9032 2693 9032 4682 9033 2693 9033 2692 9033 4682 9034 4654 9034 4651 9034 4683 9035 4652 9035 4680 9035 4684 9036 4650 9036 4681 9036 4684 9037 4653 9037 4650 9037 4685 9038 4657 9038 4654 9038 4685 9039 4654 9039 4682 9039 4686 9040 4652 9040 4683 9040 4686 9041 4655 9041 4652 9041 4687 9042 4653 9042 4684 9042 4687 9043 4656 9043 4653 9043 4687 9044 4659 9044 4656 9044 4688 9045 4657 9045 4685 9045 4689 9046 4655 9046 4686 9046 4689 9047 4658 9047 4655 9047 4690 9048 4659 9048 4687 9048 4691 9049 4660 9049 4657 9049 4691 9050 4663 9050 4660 9050 4691 9051 4657 9051 4688 9051 4692 9052 4658 9052 4689 9052 4692 9053 4661 9053 4658 9053 4693 9054 4659 9054 4690 9054 4693 9055 4662 9055 4659 9055 4693 9056 4665 9056 4662 9056 4694 9057 4663 9057 4691 9057 4695 9058 4661 9058 4692 9058 4695 9059 4664 9059 4661 9059 4696 9060 4665 9060 4693 9060 4696 9061 2836 9061 2833 9061 4696 9062 2833 9062 4665 9062 4697 9063 4666 9063 4663 9063 4697 9064 4663 9064 4694 9064 4698 9065 4669 9065 4667 9065 4698 9066 4667 9066 4664 9066 4698 9067 4664 9067 4695 9067 4699 9068 4666 9068 4697 9068 4699 9069 4668 9069 4666 9069 4700 9070 4669 9070 4698 9070 4701 9071 4670 9071 4668 9071 4701 9072 4668 9072 4699 9072 4702 9073 4673 9073 4671 9073 4702 9074 4669 9074 4700 9074 4702 9075 4671 9075 4669 9075 4703 9076 4672 9076 4670 9076 4703 9077 4670 9077 4701 9077 4704 9078 4673 9078 4702 9078 4705 9079 4672 9079 4703 9079 4705 9080 4674 9080 4672 9080 4706 9081 4675 9081 4673 9081 4706 9082 4673 9082 4704 9082 4707 9083 4676 9083 4674 9083 4707 9084 4674 9084 4705 9084 4708 9085 4675 9085 4706 9085 4708 9086 4677 9086 4675 9086 4708 9087 4679 9087 4677 9087 4709 9088 4678 9088 4676 9088 4709 9089 4676 9089 4707 9089 4710 9090 4681 9090 4679 9090 4710 9091 4679 9091 4708 9091 4711 9092 4678 9092 4709 9092 4711 9093 4680 9093 4678 9093 4712 9094 4681 9094 4710 9094 4713 9095 2692 9095 2691 9095 4713 9096 4682 9096 2692 9096 4714 9097 4680 9097 4711 9097 4714 9098 4683 9098 4680 9098 4715 9099 4681 9099 4712 9099 4715 9100 4684 9100 4681 9100 4715 9101 4687 9101 4684 9101 4716 9102 4682 9102 4713 9102 4716 9103 4685 9103 4682 9103 4717 9104 4683 9104 4714 9104 4717 9105 4686 9105 4683 9105 4718 9106 4687 9106 4715 9106 4719 9107 4688 9107 4685 9107 4719 9108 4685 9108 4716 9108 4720 9109 4689 9109 4686 9109 4720 9110 4686 9110 4717 9110 4720 9111 4692 9111 4689 9111 4721 9112 4690 9112 4687 9112 4721 9113 4687 9113 4718 9113 4722 9114 4688 9114 4719 9114 4722 9115 4691 9115 4688 9115 4723 9116 4692 9116 4720 9116 4724 9117 4690 9117 4721 9117 4724 9118 4693 9118 4690 9118 4725 9119 4694 9119 4691 9119 4725 9120 4691 9120 4722 9120 4726 9121 4692 9121 4723 9121 4726 9122 4695 9122 4692 9122 4727 9123 4693 9123 4724 9123 4727 9124 4696 9124 4693 9124 4727 9125 2836 9125 4696 9125 4727 9126 2837 9126 2836 9126 4728 9127 4697 9127 4694 9127 4728 9128 4694 9128 4725 9128 4729 9129 4695 9129 4726 9129 4729 9130 4698 9130 4695 9130 4730 9131 4697 9131 4728 9131 4730 9132 4699 9132 4697 9132 4731 9133 4698 9133 4729 9133 4731 9134 4700 9134 4698 9134 4732 9135 4701 9135 4699 9135 4732 9136 4699 9136 4730 9136 4733 9137 4702 9137 4700 9137 4733 9138 4700 9138 4731 9138 4734 9139 4703 9139 4701 9139 4734 9140 4701 9140 4732 9140 4735 9141 4702 9141 4733 9141 4735 9142 4704 9142 4702 9142 4736 9143 4705 9143 4703 9143 4736 9144 4703 9144 4734 9144 4737 9145 4704 9145 4735 9145 4737 9146 4706 9146 4704 9146 4738 9147 4707 9147 4705 9147 4738 9148 4705 9148 4736 9148 4739 9149 4708 9149 4706 9149 4739 9150 4706 9150 4737 9150 4740 9151 4707 9151 4738 9151 4740 9152 4709 9152 4707 9152 4741 9153 4710 9153 4708 9153 4741 9154 4708 9154 4739 9154 4742 9155 4711 9155 4709 9155 4742 9156 4709 9156 4740 9156 4743 9157 4710 9157 4741 9157 4743 9158 4712 9158 4710 9158 4744 9159 2690 9159 258 9159 4744 9160 2691 9160 2690 9160 4744 9161 4713 9161 2691 9161 4744 9162 258 9162 257 9162 4745 9163 4711 9163 4742 9163 4745 9164 4714 9164 4711 9164 4746 9165 4715 9165 4712 9165 4746 9166 4712 9166 4743 9166 4747 9167 4744 9167 257 9167 4747 9168 4716 9168 4713 9168 4747 9169 4713 9169 4744 9169 4747 9170 257 9170 261 9170 4748 9171 4717 9171 4714 9171 4748 9172 4714 9172 4745 9172 4749 9173 4715 9173 4746 9173 4749 9174 4718 9174 4715 9174 4750 9175 4716 9175 4747 9175 4750 9176 4747 9176 261 9176 4750 9177 4719 9177 4716 9177 4750 9178 261 9178 263 9178 4751 9179 4717 9179 4748 9179 4751 9180 4720 9180 4717 9180 4752 9181 4718 9181 4749 9181 4752 9182 4721 9182 4718 9182 4752 9183 4724 9183 4721 9183 4753 9184 4719 9184 4750 9184 4753 9185 4750 9185 263 9185 4753 9186 4722 9186 4719 9186 4753 9187 263 9187 265 9187 4754 9188 4720 9188 4751 9188 4754 9189 4723 9189 4720 9189 4755 9190 4724 9190 4752 9190 4755 9191 4727 9191 4724 9191 4756 9192 4722 9192 4753 9192 4756 9193 4753 9193 265 9193 4756 9194 4725 9194 4722 9194 4756 9195 265 9195 267 9195 4757 9196 4726 9196 4723 9196 4757 9197 4723 9197 4754 9197 4758 9198 4727 9198 4755 9198 4758 9199 2837 9199 4727 9199 4758 9200 2840 9200 2837 9200 4759 9201 267 9201 269 9201 4759 9202 269 9202 271 9202 4759 9203 4725 9203 4756 9203 4759 9204 4756 9204 267 9204 4759 9205 4728 9205 4725 9205 4759 9206 4730 9206 4728 9206 4760 9207 4729 9207 4726 9207 4760 9208 4726 9208 4757 9208 4761 9209 271 9209 273 9209 4761 9210 4759 9210 271 9210 4761 9211 4730 9211 4759 9211 4761 9212 4732 9212 4730 9212 4762 9213 4731 9213 4729 9213 4762 9214 4729 9214 4760 9214 4763 9215 4761 9215 273 9215 4763 9216 4732 9216 4761 9216 4763 9217 4734 9217 4732 9217 4764 9218 4731 9218 4762 9218 4764 9219 4733 9219 4731 9219 4765 9220 273 9220 275 9220 4765 9221 275 9221 277 9221 4765 9222 4734 9222 4763 9222 4765 9223 4763 9223 273 9223 4766 9224 4733 9224 4764 9224 4766 9225 4735 9225 4733 9225 4767 9226 4734 9226 4765 9226 4767 9227 4765 9227 277 9227 4767 9228 4736 9228 4734 9228 4767 9229 4738 9229 4736 9229 4768 9230 4737 9230 4735 9230 4768 9231 4735 9231 4766 9231 4769 9232 277 9232 279 9232 4769 9233 4740 9233 4738 9233 4769 9234 4738 9234 4767 9234 4769 9235 4767 9235 277 9235 4770 9236 4739 9236 4737 9236 4770 9237 4737 9237 4768 9237 4771 9238 279 9238 281 9238 4771 9239 4769 9239 279 9239 4771 9240 4740 9240 4769 9240 4772 9241 4741 9241 4739 9241 4772 9242 4739 9242 4770 9242 4773 9243 281 9243 283 9243 4773 9244 283 9244 287 9244 4773 9245 4740 9245 4771 9245 4773 9246 4742 9246 4740 9246 4773 9247 4745 9247 4742 9247 4773 9248 4771 9248 281 9248 4774 9249 4743 9249 4741 9249 4774 9250 4741 9250 4772 9250 4775 9251 4773 9251 287 9251 4775 9252 4745 9252 4773 9252 4776 9253 4743 9253 4774 9253 4776 9254 4746 9254 4743 9254 4777 9255 287 9255 290 9255 4777 9256 4748 9256 4745 9256 4777 9257 4745 9257 4775 9257 4777 9258 4775 9258 287 9258 4778 9259 4749 9259 4746 9259 4778 9260 4746 9260 4776 9260 4779 9261 4777 9261 290 9261 4779 9262 290 9262 293 9262 4779 9263 4754 9263 4751 9263 4779 9264 4751 9264 4748 9264 4779 9265 4748 9265 4777 9265 4780 9266 4749 9266 4778 9266 4780 9267 4752 9267 4749 9267 4781 9268 4754 9268 4779 9268 4781 9269 293 9269 296 9269 4781 9270 4779 9270 293 9270 4782 9271 4755 9271 4752 9271 4782 9272 4752 9272 4780 9272 4783 9273 4757 9273 4754 9273 4783 9274 296 9274 299 9274 4783 9275 4781 9275 296 9275 4783 9276 4754 9276 4781 9276 4784 9277 4755 9277 4782 9277 4784 9278 4758 9278 4755 9278 4784 9279 2840 9279 4758 9279 4784 9280 2841 9280 2840 9280 4785 9281 4757 9281 4783 9281 4785 9282 299 9282 302 9282 4785 9283 302 9283 305 9283 4785 9284 4783 9284 299 9284 4785 9285 4762 9285 4760 9285 4785 9286 4760 9286 4757 9286 4786 9287 4785 9287 305 9287 4786 9288 4762 9288 4785 9288 4787 9289 4786 9289 305 9289 4787 9290 305 9290 308 9290 4787 9291 4762 9291 4786 9291 4787 9292 4764 9292 4762 9292 4788 9293 4766 9293 4764 9293 4788 9294 308 9294 311 9294 4788 9295 4787 9295 308 9295 4788 9296 4764 9296 4787 9296 4788 9297 4768 9297 4766 9297 4789 9298 311 9298 314 9298 4789 9299 4788 9299 311 9299 4789 9300 4768 9300 4788 9300 4790 9301 4770 9301 4768 9301 4790 9302 314 9302 317 9302 4790 9303 317 9303 320 9303 4790 9304 4789 9304 314 9304 4790 9305 4768 9305 4789 9305 4790 9306 4772 9306 4770 9306 4791 9307 4790 9307 320 9307 4791 9308 4774 9308 4772 9308 4791 9309 320 9309 323 9309 4791 9310 4772 9310 4790 9310 4792 9311 4774 9311 4791 9311 4792 9312 4791 9312 323 9312 4793 9313 4776 9313 4774 9313 4793 9314 4778 9314 4776 9314 4793 9315 323 9315 328 9315 4793 9316 328 9316 332 9316 4793 9317 4792 9317 323 9317 4793 9318 4774 9318 4792 9318 4794 9319 4778 9319 4793 9319 4794 9320 4780 9320 4778 9320 4794 9321 4793 9321 332 9321 4795 9322 332 9322 336 9322 4795 9323 4794 9323 332 9323 4795 9324 4780 9324 4794 9324 4796 9325 336 9325 340 9325 4796 9326 4782 9326 4780 9326 4796 9327 4784 9327 4782 9327 4796 9328 4780 9328 4795 9328 4796 9329 4795 9329 336 9329 4797 9330 340 9330 344 9330 4797 9331 2841 9331 4784 9331 4797 9332 344 9332 2843 9332 4797 9333 4796 9333 340 9333 4797 9334 4784 9334 4796 9334 4797 9335 2843 9335 2841 9335 254 9336 2846 9336 255 9336 255 9337 2846 9337 4798 9337 2846 9338 2848 9338 4798 9338 4798 9339 2848 9339 4799 9339 2848 9340 2851 9340 4799 9340 4799 9341 2851 9341 4800 9341 2851 9342 2852 9342 4800 9342 4800 9343 2852 9343 4801 9343 2852 9344 2854 9344 4801 9344 4801 9345 2854 9345 4802 9345 2854 9346 2856 9346 4802 9346 4802 9347 2856 9347 4803 9347 2856 9348 2859 9348 4803 9348 4803 9349 2859 9349 4804 9349 2859 9350 2860 9350 4804 9350 4804 9351 2860 9351 4805 9351 2860 9352 2862 9352 4805 9352 4805 9353 2862 9353 4806 9353 4806 9354 2865 9354 4807 9354 2862 9355 2865 9355 4806 9355 4807 9356 2865 9356 4808 9356 2865 9357 2866 9357 4808 9357 4808 9358 2867 9358 4809 9358 2866 9359 2867 9359 4808 9359 4809 9360 2870 9360 4810 9360 2867 9361 2870 9361 4809 9361 4810 9362 2871 9362 4811 9362 2870 9363 2871 9363 4810 9363 4811 9364 2875 9364 4812 9364 4812 9365 2875 9365 4813 9365 2871 9366 2875 9366 4811 9366 2875 9367 2874 9367 4813 9367 4813 9368 2874 9368 4814 9368 2874 9369 2873 9369 4814 9369 2873 9370 2872 9370 4814 9370 4814 9371 2872 9371 4815 9371 2872 9372 2869 9372 4815 9372 4815 9373 2869 9373 4816 9373 2869 9374 2868 9374 4816 9374 4816 9375 2868 9375 4817 9375 4817 9376 2868 9376 4818 9376 2868 9377 2864 9377 4818 9377 4818 9378 2864 9378 4819 9378 2864 9379 2863 9379 4819 9379 2863 9380 2861 9380 4819 9380 4819 9381 2861 9381 4820 9381 4820 9382 2861 9382 4821 9382 2861 9383 2858 9383 4821 9383 2858 9384 2857 9384 4821 9384 4821 9385 2857 9385 4822 9385 2857 9386 2855 9386 4822 9386 4822 9387 2855 9387 4823 9387 2855 9388 2853 9388 4823 9388 4823 9389 2853 9389 4824 9389 2853 9390 2850 9390 4824 9390 4824 9391 2850 9391 4825 9391 2850 9392 2849 9392 4825 9392 4825 9393 2849 9393 4826 9393 2849 9394 2847 9394 4826 9394 4826 9395 2847 9395 4827 9395 2847 9396 2845 9396 4827 9396 4827 9397 2845 9397 4828 9397 2845 9398 2844 9398 4828 9398 4828 9399 2844 9399 4829 9399 2844 9400 2842 9400 4829 9400 4829 9401 2842 9401 4830 9401 4830 9402 2842 9402 4831 9402 2842 9403 2839 9403 4831 9403 2839 9404 2838 9404 4831 9404 4831 9405 2838 9405 4832 9405 4832 9406 2838 9406 4833 9406 4833 9407 2835 9407 4834 9407 2838 9408 2835 9408 4833 9408 4834 9409 2834 9409 4835 9409 2835 9410 2834 9410 4834 9410 4835 9411 2832 9411 4836 9411 2834 9412 2832 9412 4835 9412 4836 9413 2830 9413 4837 9413 2832 9414 2830 9414 4836 9414 4837 9415 2828 9415 4838 9415 2830 9416 2828 9416 4837 9416 4838 9417 2825 9417 4839 9417 2828 9418 2825 9418 4838 9418 4839 9419 2824 9419 4840 9419 2825 9420 2824 9420 4839 9420 2824 9421 2822 9421 4840 9421 4840 9422 2822 9422 4841 9422 2822 9423 2820 9423 4841 9423 4841 9424 2820 9424 4842 9424 2820 9425 2818 9425 4842 9425 4842 9426 2818 9426 4843 9426 4843 9427 2816 9427 4844 9427 2818 9428 2816 9428 4843 9428 2816 9429 2814 9429 4844 9429 4844 9430 2812 9430 4845 9430 2814 9431 2812 9431 4844 9431 4845 9432 2810 9432 4846 9432 4846 9433 2810 9433 4847 9433 2812 9434 2810 9434 4845 9434 2810 9435 2808 9435 4847 9435 4847 9436 2806 9436 4848 9436 2808 9437 2806 9437 4847 9437 4848 9438 2804 9438 4849 9438 2806 9439 2804 9439 4848 9439 4849 9440 2803 9440 4850 9440 2804 9441 2803 9441 4849 9441 4850 9442 2800 9442 4851 9442 2803 9443 2800 9443 4850 9443 4851 9444 2798 9444 4852 9444 2800 9445 2798 9445 4851 9445 4852 9446 2796 9446 4853 9446 2798 9447 2796 9447 4852 9447 4853 9448 2794 9448 4854 9448 2796 9449 2794 9449 4853 9449 4854 9450 2792 9450 4855 9450 2794 9451 2792 9451 4854 9451 4855 9452 2790 9452 4856 9452 4856 9453 2790 9453 4857 9453 2792 9454 2790 9454 4855 9454 2790 9455 2788 9455 4857 9455 4857 9456 2786 9456 4858 9456 2788 9457 2786 9457 4857 9457 4858 9458 2784 9458 4859 9458 2786 9459 2784 9459 4858 9459 4859 9460 128 9460 130 9460 2784 9461 128 9461 4859 9461 4860 9462 159 9462 161 9462 4860 9463 161 9463 162 9463 4861 9464 159 9464 4860 9464 4862 9465 4860 9465 162 9465 4862 9466 162 9466 165 9466 4863 9467 159 9467 4861 9467 4863 9468 154 9468 157 9468 4863 9469 157 9469 159 9469 4864 9470 4862 9470 165 9470 4865 9471 154 9471 4863 9471 4866 9472 165 9472 167 9472 4866 9473 4864 9473 165 9473 4867 9474 153 9474 154 9474 4867 9475 154 9475 4865 9475 4868 9476 4866 9476 167 9476 4868 9477 167 9477 168 9477 4868 9478 168 9478 171 9478 4869 9479 149 9479 151 9479 4869 9480 151 9480 153 9480 4869 9481 153 9481 4867 9481 4870 9482 4868 9482 171 9482 4871 9483 149 9483 4869 9483 4872 9484 4870 9484 171 9484 4872 9485 171 9485 173 9485 4873 9486 149 9486 4871 9486 4873 9487 147 9487 149 9487 4874 9488 4872 9488 173 9488 4874 9489 173 9489 174 9489 4875 9490 147 9490 4873 9490 4875 9491 145 9491 147 9491 4876 9492 4874 9492 174 9492 4876 9493 174 9493 177 9493 4876 9494 177 9494 178 9494 4877 9495 145 9495 4875 9495 4877 9496 143 9496 145 9496 4878 9497 4876 9497 178 9497 4879 9498 143 9498 4877 9498 4879 9499 139 9499 141 9499 4879 9500 141 9500 143 9500 4880 9501 4878 9501 178 9501 4880 9502 178 9502 180 9502 4881 9503 139 9503 4879 9503 4882 9504 4880 9504 180 9504 4882 9505 180 9505 182 9505 4882 9506 182 9506 184 9506 4883 9507 139 9507 4881 9507 4883 9508 137 9508 139 9508 4884 9509 4882 9509 184 9509 4885 9510 137 9510 4883 9510 4885 9511 135 9511 137 9511 4886 9512 4884 9512 184 9512 4886 9513 184 9513 187 9513 4887 9514 135 9514 4885 9514 4887 9515 131 9515 133 9515 4887 9516 133 9516 135 9516 4888 9517 4886 9517 187 9517 4888 9518 187 9518 189 9518 4889 9519 131 9519 4887 9519 4890 9520 4888 9520 189 9520 4890 9521 189 9521 191 9521 4890 9522 191 9522 193 9522 127 9523 130 9523 131 9523 127 9524 131 9524 4889 9524 4859 9525 130 9525 127 9525 4891 9526 4890 9526 193 9526 194 9527 4891 9527 193 9527 125 9528 4859 9528 127 9528 4892 9529 4891 9529 194 9529 123 9530 4858 9530 4859 9530 123 9531 4859 9531 125 9531 4893 9532 4892 9532 194 9532 4893 9533 194 9533 197 9533 120 9534 4857 9534 4858 9534 120 9535 4858 9535 123 9535 4856 9536 4857 9536 120 9536 4894 9537 4893 9537 197 9537 4894 9538 197 9538 199 9538 118 9539 4856 9539 120 9539 4895 9540 4894 9540 199 9540 4895 9541 199 9541 201 9541 117 9542 4856 9542 118 9542 117 9543 4855 9543 4856 9543 4896 9544 4895 9544 201 9544 4896 9545 201 9545 203 9545 205 9546 4896 9546 203 9546 114 9547 4854 9547 4855 9547 114 9548 4855 9548 117 9548 4897 9549 4896 9549 205 9549 113 9550 4854 9550 114 9550 113 9551 4853 9551 4854 9551 4898 9552 205 9552 207 9552 4898 9553 4897 9553 205 9553 110 9554 4853 9554 113 9554 110 9555 4852 9555 4853 9555 4899 9556 207 9556 209 9556 4899 9557 4898 9557 207 9557 4851 9558 4852 9558 110 9558 109 9559 4851 9559 110 9559 4900 9560 209 9560 211 9560 4900 9561 4899 9561 209 9561 106 9562 4851 9562 109 9562 106 9563 4850 9563 4851 9563 4901 9564 211 9564 213 9564 4901 9565 4900 9565 211 9565 105 9566 4850 9566 106 9566 105 9567 4849 9567 4850 9567 4902 9568 213 9568 215 9568 4902 9569 4901 9569 213 9569 102 9570 4849 9570 105 9570 102 9571 4848 9571 4849 9571 4903 9572 215 9572 217 9572 4903 9573 4902 9573 215 9573 4847 9574 4848 9574 102 9574 100 9575 4847 9575 102 9575 4904 9576 217 9576 219 9576 4904 9577 4903 9577 217 9577 98 9578 4846 9578 4847 9578 98 9579 4847 9579 100 9579 4905 9580 219 9580 221 9580 4905 9581 4904 9581 219 9581 97 9582 4845 9582 4846 9582 97 9583 4846 9583 98 9583 4906 9584 221 9584 223 9584 4906 9585 4905 9585 221 9585 4844 9586 97 9586 95 9586 4844 9587 4845 9587 97 9587 225 9588 4907 9588 4906 9588 225 9589 4906 9589 223 9589 4843 9590 4844 9590 95 9590 4843 9591 95 9591 93 9591 227 9592 4907 9592 225 9592 227 9593 4908 9593 4907 9593 4842 9594 4843 9594 93 9594 4842 9595 93 9595 91 9595 228 9596 4908 9596 227 9596 228 9597 4909 9597 4908 9597 4841 9598 4842 9598 91 9598 4841 9599 91 9599 89 9599 4910 9600 4909 9600 228 9600 231 9601 4910 9601 228 9601 4840 9602 4841 9602 89 9602 4840 9603 89 9603 86 9603 4911 9604 4910 9604 231 9604 232 9605 4911 9605 231 9605 4839 9606 4840 9606 86 9606 4839 9607 86 9607 85 9607 4912 9608 4911 9608 232 9608 234 9609 4912 9609 232 9609 82 9610 4839 9610 85 9610 4838 9611 4839 9611 82 9611 236 9612 4913 9612 4912 9612 236 9613 4912 9613 234 9613 81 9614 4838 9614 82 9614 4837 9615 4838 9615 81 9615 238 9616 4914 9616 4913 9616 238 9617 4913 9617 236 9617 79 9618 4837 9618 81 9618 4836 9619 4837 9619 79 9619 240 9620 4915 9620 4914 9620 240 9621 4914 9621 238 9621 77 9622 4836 9622 79 9622 4916 9623 4915 9623 240 9623 4835 9624 4836 9624 77 9624 243 9625 4916 9625 240 9625 4917 9626 4916 9626 243 9626 4834 9627 77 9627 74 9627 4834 9628 4835 9628 77 9628 72 9629 4834 9629 74 9629 244 9630 4917 9630 243 9630 4918 9631 4917 9631 244 9631 4833 9632 4834 9632 72 9632 247 9633 4918 9633 244 9633 4919 9634 4918 9634 247 9634 4832 9635 72 9635 70 9635 4832 9636 4833 9636 72 9636 69 9637 4832 9637 70 9637 248 9638 4919 9638 247 9638 4831 9639 4832 9639 69 9639 251 9640 4919 9640 248 9640 251 9641 4920 9641 4919 9641 4921 9642 4920 9642 251 9642 4830 9643 4831 9643 69 9643 4830 9644 69 9644 67 9644 253 9645 4921 9645 251 9645 4829 9646 67 9646 65 9646 4829 9647 4830 9647 67 9647 255 9648 4921 9648 253 9648 255 9649 1 9649 4921 9649 4828 9650 4829 9650 65 9650 4828 9651 65 9651 63 9651 4798 9652 2 9652 1 9652 4798 9653 5 9653 2 9653 4798 9654 1 9654 255 9654 4827 9655 4828 9655 63 9655 4827 9656 63 9656 61 9656 4799 9657 5 9657 4798 9657 4826 9658 4827 9658 61 9658 4826 9659 61 9659 59 9659 4800 9660 7 9660 5 9660 4800 9661 5 9661 4799 9661 4825 9662 56 9662 54 9662 4825 9663 59 9663 56 9663 4825 9664 4826 9664 59 9664 4801 9665 9 9665 7 9665 4801 9666 7 9666 4800 9666 4824 9667 4825 9667 54 9667 4802 9668 11 9668 9 9668 4802 9669 9 9669 4801 9669 4823 9670 54 9670 53 9670 4823 9671 4824 9671 54 9671 4803 9672 13 9672 11 9672 4803 9673 15 9673 13 9673 4803 9674 11 9674 4802 9674 4822 9675 53 9675 50 9675 4822 9676 4823 9676 53 9676 4804 9677 17 9677 15 9677 4804 9678 15 9678 4803 9678 4821 9679 50 9679 49 9679 4821 9680 4822 9680 50 9680 4805 9681 17 9681 4804 9681 4820 9682 49 9682 47 9682 4820 9683 4821 9683 49 9683 4806 9684 19 9684 17 9684 4806 9685 21 9685 19 9685 4806 9686 17 9686 4805 9686 4819 9687 4820 9687 47 9687 4819 9688 47 9688 45 9688 4807 9689 21 9689 4806 9689 4818 9690 4819 9690 45 9690 4818 9691 45 9691 43 9691 4808 9692 21 9692 4807 9692 4808 9693 23 9693 21 9693 4808 9694 25 9694 23 9694 4817 9695 4818 9695 43 9695 4817 9696 43 9696 41 9696 4809 9697 25 9697 4808 9697 4816 9698 4817 9698 41 9698 4816 9699 41 9699 39 9699 4810 9700 25 9700 4809 9700 4810 9701 26 9701 25 9701 4810 9702 28 9702 26 9702 4815 9703 4816 9703 39 9703 4815 9704 39 9704 37 9704 4811 9705 30 9705 28 9705 4811 9706 28 9706 4810 9706 4814 9707 35 9707 33 9707 4814 9708 37 9708 35 9708 4814 9709 4815 9709 37 9709 4812 9710 33 9710 30 9710 4812 9711 30 9711 4811 9711 4813 9712 4814 9712 33 9712 4813 9713 33 9713 4812 9713 4922 9714 126 9714 127 9714 4922 9715 127 9715 4889 9715 4922 9716 4889 9716 4887 9716 4923 9717 4887 9717 4885 9717 4923 9718 4922 9718 4887 9718 4924 9719 4923 9719 4885 9719 4925 9720 4885 9720 4883 9720 4925 9721 4924 9721 4885 9721 4926 9722 4883 9722 4881 9722 4926 9723 4925 9723 4883 9723 4927 9724 4881 9724 4879 9724 4927 9725 4926 9725 4881 9725 4928 9726 4879 9726 4877 9726 4928 9727 4877 9727 4875 9727 4928 9728 4927 9728 4879 9728 4929 9729 4928 9729 4875 9729 4930 9730 4875 9730 4873 9730 4930 9731 4929 9731 4875 9731 4931 9732 4873 9732 4871 9732 4931 9733 4930 9733 4873 9733 4932 9734 4871 9734 4869 9734 4932 9735 4931 9735 4871 9735 4933 9736 4869 9736 4867 9736 4933 9737 4932 9737 4869 9737 4934 9738 4867 9738 4865 9738 4934 9739 4933 9739 4867 9739 4935 9740 4865 9740 4863 9740 4935 9741 4934 9741 4865 9741 4936 9742 4863 9742 4861 9742 4936 9743 4935 9743 4863 9743 4937 9744 4861 9744 4860 9744 4937 9745 4860 9745 4862 9745 4937 9746 4936 9746 4861 9746 4938 9747 4937 9747 4862 9747 4939 9748 4938 9748 4862 9748 4939 9749 4862 9749 4864 9749 4940 9750 4939 9750 4864 9750 4940 9751 4864 9751 4866 9751 4941 9752 4940 9752 4866 9752 4941 9753 4866 9753 4868 9753 4941 9754 4868 9754 4870 9754 4942 9755 4941 9755 4870 9755 4943 9756 4942 9756 4870 9756 4943 9757 4870 9757 4872 9757 4944 9758 4872 9758 4874 9758 4944 9759 4943 9759 4872 9759 4945 9760 4874 9760 4876 9760 4945 9761 4944 9761 4874 9761 4946 9762 4876 9762 4878 9762 4946 9763 4945 9763 4876 9763 4947 9764 4878 9764 4880 9764 4947 9765 4946 9765 4878 9765 4948 9766 4880 9766 4882 9766 4948 9767 4947 9767 4880 9767 4949 9768 4882 9768 4884 9768 4949 9769 4884 9769 4886 9769 4949 9770 4948 9770 4882 9770 4950 9771 4949 9771 4886 9771 4951 9772 4886 9772 4888 9772 4951 9773 4950 9773 4886 9773 4952 9774 4888 9774 4890 9774 4952 9775 4951 9775 4888 9775 4953 9776 4890 9776 4891 9776 4953 9777 4952 9777 4890 9777 4954 9778 4891 9778 4892 9778 4954 9779 4892 9779 4893 9779 4954 9780 4953 9780 4891 9780 4955 9781 4954 9781 4893 9781 4956 9782 4893 9782 4894 9782 4956 9783 4955 9783 4893 9783 4957 9784 4894 9784 4895 9784 4957 9785 4895 9785 4896 9785 4957 9786 4956 9786 4894 9786 4958 9787 4957 9787 4896 9787 4959 9788 4896 9788 4897 9788 4959 9789 4958 9789 4896 9789 4960 9790 4897 9790 4898 9790 4960 9791 4959 9791 4897 9791 4961 9792 4898 9792 4899 9792 4961 9793 4899 9793 4900 9793 4961 9794 4960 9794 4898 9794 4962 9795 4900 9795 4901 9795 4962 9796 4961 9796 4900 9796 4963 9797 4901 9797 4902 9797 4963 9798 4962 9798 4901 9798 4964 9799 4963 9799 4902 9799 4965 9800 4964 9800 4902 9800 4965 9801 4902 9801 4903 9801 4965 9802 4903 9802 4904 9802 4966 9803 4965 9803 4904 9803 4966 9804 4904 9804 4905 9804 4967 9805 4966 9805 4905 9805 4968 9806 4967 9806 4905 9806 4968 9807 4905 9807 4906 9807 4968 9808 4906 9808 4907 9808 4969 9809 4968 9809 4907 9809 4970 9810 4969 9810 4907 9810 4970 9811 4907 9811 4908 9811 4971 9812 4970 9812 4908 9812 4971 9813 4908 9813 4909 9813 4972 9814 4971 9814 4909 9814 4972 9815 4909 9815 4910 9815 4973 9816 4972 9816 4910 9816 4973 9817 4910 9817 4911 9817 4974 9818 4973 9818 4911 9818 4974 9819 4911 9819 4912 9819 4975 9820 4974 9820 4912 9820 4975 9821 4912 9821 4913 9821 4976 9822 4975 9822 4913 9822 4976 9823 4913 9823 4914 9823 4977 9824 4976 9824 4914 9824 4977 9825 4914 9825 4915 9825 4978 9826 4915 9826 4916 9826 4978 9827 4916 9827 4917 9827 4978 9828 4977 9828 4915 9828 4979 9829 4978 9829 4917 9829 4980 9830 4917 9830 4918 9830 4980 9831 4979 9831 4917 9831 4981 9832 4918 9832 4919 9832 4981 9833 4919 9833 4920 9833 4981 9834 4980 9834 4918 9834 4982 9835 4920 9835 4921 9835 4982 9836 4981 9836 4920 9836 4983 9837 4982 9837 4921 9837 0 9838 4921 9838 1 9838 0 9839 4983 9839 4921 9839 4939 9840 4937 9840 4938 9840 4934 9841 4935 9841 4936 9841 4940 9842 4937 9842 4939 9842 4942 9843 4934 9843 4936 9843 4942 9844 4937 9844 4940 9844 4942 9845 4936 9845 4937 9845 4942 9846 4940 9846 4941 9846 4930 9847 4931 9847 4932 9847 4930 9848 4932 9848 4933 9848 4944 9849 4942 9849 4943 9849 4945 9850 4942 9850 4944 9850 4947 9851 4934 9851 4942 9851 4947 9852 4942 9852 4945 9852 4947 9853 4933 9853 4934 9853 4947 9854 4945 9854 4946 9854 4925 9855 4926 9855 4927 9855 4925 9856 4927 9856 4928 9856 4925 9857 4928 9857 4929 9857 4950 9858 4947 9858 4948 9858 4950 9859 4948 9859 4949 9859 4923 9860 4924 9860 4925 9860 4922 9861 4930 9861 4933 9861 4922 9862 4923 9862 4925 9862 4922 9863 4929 9863 4930 9863 4922 9864 4925 9864 4929 9864 4952 9865 4950 9865 4951 9865 4955 9866 4952 9866 4953 9866 4955 9867 4953 9867 4954 9867 121 9868 122 9868 124 9868 121 9869 124 9869 126 9869 121 9870 126 9870 4922 9870 4956 9871 4952 9871 4955 9871 115 9872 116 9872 119 9872 115 9873 119 9873 121 9873 4960 9874 4958 9874 4959 9874 4960 9875 4956 9875 4957 9875 4960 9876 4957 9876 4958 9876 4961 9877 4952 9877 4956 9877 4961 9878 4956 9878 4960 9878 4961 9879 4947 9879 4950 9879 4961 9880 4950 9880 4952 9880 108 9881 111 9881 112 9881 108 9882 112 9882 115 9882 4964 9883 4962 9883 4963 9883 4965 9884 4962 9884 4964 9884 99 9885 101 9885 103 9885 99 9886 103 9886 104 9886 99 9887 104 9887 107 9887 4967 9888 4965 9888 4966 9888 4968 9889 4965 9889 4967 9889 94 9890 115 9890 121 9890 94 9891 108 9891 115 9891 94 9892 99 9892 107 9892 94 9893 96 9893 99 9893 94 9894 107 9894 108 9894 92 9895 4961 9895 4962 9895 92 9896 4947 9896 4961 9896 92 9897 4962 9897 4965 9897 92 9898 94 9898 121 9898 92 9899 4933 9899 4947 9899 92 9900 4922 9900 4933 9900 92 9901 121 9901 4922 9901 4970 9902 4968 9902 4969 9902 4970 9903 4965 9903 4968 9903 88 9904 90 9904 92 9904 4973 9905 4970 9905 4971 9905 4973 9906 4971 9906 4972 9906 4974 9907 4965 9907 4970 9907 4974 9908 4970 9908 4973 9908 83 9909 84 9909 87 9909 83 9910 87 9910 88 9910 4976 9911 4974 9911 4975 9911 78 9912 80 9912 83 9912 75 9913 76 9913 78 9913 73 9914 88 9914 92 9914 73 9915 83 9915 88 9915 73 9916 78 9916 83 9916 73 9917 75 9917 78 9917 4980 9918 4978 9918 4979 9918 68 9919 71 9919 73 9919 4982 9920 4980 9920 4981 9920 4982 9921 4978 9921 4980 9921 66 9922 68 9922 73 9922 4983 9923 4977 9923 4978 9923 4983 9924 4978 9924 4982 9924 0 9925 4976 9925 4977 9925 0 9926 4974 9926 4976 9926 0 9927 4977 9927 4983 9927 62 9928 64 9928 66 9928 60 9929 62 9929 66 9929 60 9930 73 9930 92 9930 60 9931 66 9931 73 9931 4 9932 0 9932 3 9932 6 9933 0 9933 4 9933 6 9934 4974 9934 0 9934 57 9935 58 9935 60 9935 51 9936 52 9936 55 9936 51 9937 55 9937 57 9937 51 9938 57 9938 60 9938 14 9939 6 9939 8 9939 14 9940 8 9940 10 9940 14 9941 10 9941 12 9941 48 9942 51 9942 60 9942 16 9943 4974 9943 6 9943 16 9944 6 9944 14 9944 20 9945 16 9945 18 9945 42 9946 60 9946 92 9946 42 9947 44 9947 46 9947 42 9948 46 9948 48 9948 42 9949 48 9949 60 9949 42 9950 92 9950 4965 9950 22 9951 16 9951 20 9951 24 9952 4974 9952 16 9952 24 9953 16 9953 22 9953 38 9954 40 9954 42 9954 38 9955 42 9955 4965 9955 36 9956 38 9956 4965 9956 36 9957 4965 9957 4974 9957 31 9958 24 9958 27 9958 31 9959 27 9959 29 9959 32 9960 34 9960 36 9960 32 9961 4974 9961 24 9961 32 9962 24 9962 31 9962 32 9963 36 9963 4974 9963</p>
        </triangles>
      </mesh>
    </geometry>
  </library_geometries>
  <library_materials>
    <material id="mat_Trappe_shape" name="Trappe_shape">
      <instance_effect url="#effect_Trappe_shape"/>
    </material>
  </library_materials>
  <library_visual_scenes>
    <visual_scene id="myscene">
      <node id="node0" name="node0">
        <instance_geometry url="#geometry0">
          <bind_material>
            <technique_common>
              <instance_material symbol="ref_Trappe_shape" target="#mat_Trappe_shape"/>
            </technique_common>
          </bind_material>
        </instance_geometry>
      </node>
    </visual_scene>
  </library_visual_scenes>
  <scene>
    <instance_visual_scene url="#myscene"/>
  </scene>
</COLLADA>
